time_utc,demand_mw
2024-12-31 23:00:00,12075.13
2024-12-31 23:15:00,12038.26
2024-12-31 23:30:00,12086.68
2024-12-31 23:45:00,11996.97
2025-01-01 00:00:00,12025.57
2025-01-01 00:15:00,12014.35
2025-01-01 00:30:00,11963.67
2025-01-01 00:45:00,11826.14
2025-01-01 01:00:00,11773.68
2025-01-01 01:15:00,11639.88
2025-01-01 01:30:00,11628.82
2025-01-01 01:45:00,11501.9
2025-01-01 02:00:00,11445.98
2025-01-01 02:15:00,11299.63
2025-01-01 02:30:00,11281.32
2025-01-01 02:45:00,11214.84
2025-01-01 03:00:00,11229.21
2025-01-01 03:15:00,11114.84
2025-01-01 03:30:00,11093.15
2025-01-01 03:45:00,11103.66
2025-01-01 04:00:00,11206.62
2025-01-01 04:15:00,11214.12
2025-01-01 04:30:00,11147.16
2025-01-01 04:45:00,11175.43
2025-01-01 05:00:00,11324.25
2025-01-01 05:15:00,11400.43
2025-01-01 05:30:00,11335.3
2025-01-01 05:45:00,11481.39
2025-01-01 06:00:00,11577.45
2025-01-01 06:15:00,11679.5
2025-01-01 06:30:00,11737.15
2025-01-01 06:45:00,11787.41
2025-01-01 07:00:00,11940.14
2025-01-01 07:15:00,12002.46
2025-01-01 07:30:00,12082.63
2025-01-01 07:45:00,12140.86
2025-01-01 08:00:00,12268.88
2025-01-01 08:15:00,12394.0
2025-01-01 08:30:00,12545.6
2025-01-01 08:45:00,12734.02
2025-01-01 09:00:00,12883.74
2025-01-01 09:15:00,13071.32
2025-01-01 09:30:00,13164.2
2025-01-01 09:45:00,13207.07
2025-01-01 10:00:00,13426.77
2025-01-01 10:15:00,13563.35
2025-01-01 10:30:00,13630.74
2025-01-01 10:45:00,13714.71
2025-01-01 11:00:00,13835.84
2025-01-01 11:15:00,13901.55
2025-01-01 11:30:00,13927.4
2025-01-01 11:45:00,13967.37
2025-01-01 12:00:00,14061.04
2025-01-01 12:15:00,14137.56
2025-01-01 12:30:00,14164.59
2025-01-01 12:45:00,14198.77
2025-01-01 13:00:00,14320.71
2025-01-01 13:15:00,14293.82
2025-01-01 13:30:00,14321.46
2025-01-01 13:45:00,14401.26
2025-01-01 14:00:00,14288.05
2025-01-01 14:15:00,14175.2
2025-01-01 14:30:00,14446.75
2025-01-01 14:45:00,14408.29
2025-01-01 15:00:00,14565.25
2025-01-01 15:15:00,14633.99
2025-01-01 15:30:00,14885.34
2025-01-01 15:45:00,14991.72
2025-01-01 16:00:00,15145.22
2025-01-01 16:15:00,15126.74
2025-01-01 16:30:00,15234.72
2025-01-01 16:45:00,15269.52
2025-01-01 17:00:00,15130.28
2025-01-01 17:15:00,15046.8
2025-01-01 17:30:00,14934.05
2025-01-01 17:45:00,14824.61
2025-01-01 18:00:00,14701.62
2025-01-01 18:15:00,14572.71
2025-01-01 18:30:00,14510.97
2025-01-01 18:45:00,14484.23
2025-01-01 19:00:00,14498.97
2025-01-01 19:15:00,14427.55
2025-01-01 19:30:00,14365.08
2025-01-01 19:45:00,14213.32
2025-01-01 20:00:00,14197.51
2025-01-01 20:15:00,14004.44
2025-01-01 20:30:00,13905.67
2025-01-01 20:45:00,13718.83
2025-01-01 21:00:00,13605.14
2025-01-01 21:15:00,13385.21
2025-01-01 21:30:00,13236.14
2025-01-01 21:45:00,13001.14
2025-01-01 22:00:00,12996.87
2025-01-01 22:15:00,12880.53
2025-01-01 22:30:00,12630.78
2025-01-01 22:45:00,12421.17
2025-01-01 23:00:00,12224.11
2025-01-01 23:15:00,12076.11
2025-01-01 23:30:00,11962.46
2025-01-01 23:45:00,11815.22
2025-01-02 00:00:00,11655.01
2025-01-02 00:15:00,11481.14
2025-01-02 00:30:00,11341.95
2025-01-02 00:45:00,11158.0
2025-01-02 01:00:00,11113.05
2025-01-02 01:15:00,11063.64
2025-01-02 01:30:00,11030.91
2025-01-02 01:45:00,11030.81
2025-01-02 02:00:00,10939.87
2025-01-02 02:15:00,10924.1
2025-01-02 02:30:00,10894.07
2025-01-02 02:45:00,10936.72
2025-01-02 03:00:00,10946.86
2025-01-02 03:15:00,11040.31
2025-01-02 03:30:00,11108.44
2025-01-02 03:45:00,11112.41
2025-01-02 04:00:00,11254.81
2025-01-02 04:15:00,11315.52
2025-01-02 04:30:00,11431.91
2025-01-02 04:45:00,11679.18
2025-01-02 05:00:00,12049.76
2025-01-02 05:15:00,12260.91
2025-01-02 05:30:00,12519.69
2025-01-02 05:45:00,12863.16
2025-01-02 06:00:00,13344.91
2025-01-02 06:15:00,13681.2
2025-01-02 06:30:00,13928.74
2025-01-02 06:45:00,14257.82
2025-01-02 07:00:00,14804.19
2025-01-02 07:15:00,15157.36
2025-01-02 07:30:00,15345.73
2025-01-02 07:45:00,15517.59
2025-01-02 08:00:00,15674.73
2025-01-02 08:15:00,15718.24
2025-01-02 08:30:00,15672.22
2025-01-02 08:45:00,15557.07
2025-01-02 09:00:00,15408.42
2025-01-02 09:15:00,15023.61
2025-01-02 09:30:00,15154.43
2025-01-02 09:45:00,15093.54
2025-01-02 10:00:00,14915.79
2025-01-02 10:15:00,14916.34
2025-01-02 10:30:00,14890.12
2025-01-02 10:45:00,14803.16
2025-01-02 11:00:00,14732.05
2025-01-02 11:15:00,14672.86
2025-01-02 11:30:00,14735.81
2025-01-02 11:45:00,14748.87
2025-01-02 12:00:00,14840.29
2025-01-02 12:15:00,14914.98
2025-01-02 12:30:00,14940.23
2025-01-02 12:45:00,14973.15
2025-01-02 13:00:00,15080.96
2025-01-02 13:15:00,15122.58
2025-01-02 13:30:00,15214.8
2025-01-02 13:45:00,15285.04
2025-01-02 14:00:00,15448.98
2025-01-02 14:15:00,15678.81
2025-01-02 14:30:00,15888.7
2025-01-02 14:45:00,16132.74
2025-01-02 15:00:00,16286.94
2025-01-02 15:15:00,16592.14
2025-01-02 15:30:00,16795.13
2025-01-02 15:45:00,17212.66
2025-01-02 16:00:00,17455.62
2025-01-02 16:15:00,17823.5
2025-01-02 16:30:00,17933.68
2025-01-02 16:45:00,17914.3
2025-01-02 17:00:00,17581.45
2025-01-02 17:15:00,17401.23
2025-01-02 17:30:00,17229.69
2025-01-02 17:45:00,17074.9
2025-01-02 18:00:00,16879.55
2025-01-02 18:15:00,16681.37
2025-01-02 18:30:00,16562.66
2025-01-02 18:45:00,16430.38
2025-01-02 19:00:00,16173.83
2025-01-02 19:15:00,15954.7
2025-01-02 19:30:00,15811.66
2025-01-02 19:45:00,15626.15
2025-01-02 20:00:00,15404.12
2025-01-02 20:15:00,15191.15
2025-01-02 20:30:00,15013.75
2025-01-02 20:45:00,14892.42
2025-01-02 21:00:00,14621.36
2025-01-02 21:15:00,14371.77
2025-01-02 21:30:00,14163.79
2025-01-02 21:45:00,13921.68
2025-01-02 22:00:00,13633.83
2025-01-02 22:15:00,13404.47
2025-01-02 22:30:00,13116.19
2025-01-02 22:45:00,12973.66
2025-01-02 23:00:00,12812.07
2025-01-02 23:15:00,12844.74
2025-01-02 23:30:00,12611.87
2025-01-02 23:45:00,12456.98
2025-01-03 00:00:00,12427.33
2025-01-03 00:15:00,12362.85
2025-01-03 00:30:00,12303.24
2025-01-03 00:45:00,12333.97
2025-01-03 01:00:00,12236.1
2025-01-03 01:15:00,12019.99
2025-01-03 01:30:00,11943.94
2025-01-03 01:45:00,11803.22
2025-01-03 02:00:00,11837.37
2025-01-03 02:15:00,11836.1
2025-01-03 02:30:00,11818.83
2025-01-03 02:45:00,11907.48
2025-01-03 03:00:00,12106.14
2025-01-03 03:15:00,12045.52
2025-01-03 03:30:00,12100.23
2025-01-03 03:45:00,12056.21
2025-01-03 04:00:00,12110.22
2025-01-03 04:15:00,12194.02
2025-01-03 04:30:00,12412.29
2025-01-03 04:45:00,12679.74
2025-01-03 05:00:00,12972.97
2025-01-03 05:15:00,13414.64
2025-01-03 05:30:00,13552.4
2025-01-03 05:45:00,13765.72
2025-01-03 06:00:00,14309.29
2025-01-03 06:15:00,14574.67
2025-01-03 06:30:00,14945.02
2025-01-03 06:45:00,15181.75
2025-01-03 07:00:00,15744.06
2025-01-03 07:15:00,15944.38
2025-01-03 07:30:00,16193.11
2025-01-03 07:45:00,16304.95
2025-01-03 08:00:00,16407.18
2025-01-03 08:15:00,16408.56
2025-01-03 08:30:00,16358.08
2025-01-03 08:45:00,16345.0
2025-01-03 09:00:00,16254.95
2025-01-03 09:15:00,16287.16
2025-01-03 09:30:00,16138.52
2025-01-03 09:45:00,16277.43
2025-01-03 10:00:00,16061.8
2025-01-03 10:15:00,16163.46
2025-01-03 10:30:00,16123.15
2025-01-03 10:45:00,16236.44
2025-01-03 11:00:00,16279.01
2025-01-03 11:15:00,16298.19
2025-01-03 11:30:00,16277.59
2025-01-03 11:45:00,16298.34
2025-01-03 12:00:00,16344.94
2025-01-03 12:15:00,16385.78
2025-01-03 12:30:00,16362.37
2025-01-03 12:45:00,16388.32
2025-01-03 13:00:00,16383.25
2025-01-03 13:15:00,16363.87
2025-01-03 13:30:00,16300.87
2025-01-03 13:45:00,16461.83
2025-01-03 14:00:00,16485.89
2025-01-03 14:15:00,16538.91
2025-01-03 14:30:00,16600.76
2025-01-03 14:45:00,16751.56
2025-01-03 15:00:00,17066.23
2025-01-03 15:15:00,17143.69
2025-01-03 15:30:00,17483.96
2025-01-03 15:45:00,17677.85
2025-01-03 16:00:00,17895.32
2025-01-03 16:15:00,18083.07
2025-01-03 16:30:00,18146.36
2025-01-03 16:45:00,18065.26
2025-01-03 17:00:00,17715.53
2025-01-03 17:15:00,17462.92
2025-01-03 17:30:00,17279.37
2025-01-03 17:45:00,17169.08
2025-01-03 18:00:00,16966.02
2025-01-03 18:15:00,16737.59
2025-01-03 18:30:00,16541.62
2025-01-03 18:45:00,16426.41
2025-01-03 19:00:00,16243.13
2025-01-03 19:15:00,16155.98
2025-01-03 19:30:00,15931.71
2025-01-03 19:45:00,15748.36
2025-01-03 20:00:00,15310.79
2025-01-03 20:15:00,15190.17
2025-01-03 20:30:00,14969.3
2025-01-03 20:45:00,14890.35
2025-01-03 21:00:00,14654.64
2025-01-03 21:15:00,14431.02
2025-01-03 21:30:00,14144.88
2025-01-03 21:45:00,14053.03
2025-01-03 22:00:00,13868.72
2025-01-03 22:15:00,13538.65
2025-01-03 22:30:00,13458.93
2025-01-03 22:45:00,13292.62
2025-01-03 23:00:00,13141.24
2025-01-03 23:15:00,12903.36
2025-01-03 23:30:00,12766.33
2025-01-03 23:45:00,12614.63
2025-01-04 00:00:00,12473.28
2025-01-04 00:15:00,12357.22
2025-01-04 00:30:00,12201.65
2025-01-04 00:45:00,12072.94
2025-01-04 01:00:00,12006.68
2025-01-04 01:15:00,11988.4
2025-01-04 01:30:00,11922.04
2025-01-04 01:45:00,11858.87
2025-01-04 02:00:00,11883.74
2025-01-04 02:15:00,11824.05
2025-01-04 02:30:00,11720.42
2025-01-04 02:45:00,11713.07
2025-01-04 03:00:00,11734.37
2025-01-04 03:15:00,11755.02
2025-01-04 03:30:00,11746.29
2025-01-04 03:45:00,11710.81
2025-01-04 04:00:00,11715.09
2025-01-04 04:15:00,11714.24
2025-01-04 04:30:00,11763.16
2025-01-04 04:45:00,11883.03
2025-01-04 05:00:00,12098.3
2025-01-04 05:15:00,12106.46
2025-01-04 05:30:00,12218.54
2025-01-04 05:45:00,12364.12
2025-01-04 06:00:00,12670.13
2025-01-04 06:15:00,12843.61
2025-01-04 06:30:00,13067.42
2025-01-04 06:45:00,13234.99
2025-01-04 07:00:00,13570.67
2025-01-04 07:15:00,13746.63
2025-01-04 07:30:00,13942.38
2025-01-04 07:45:00,14173.77
2025-01-04 08:00:00,14407.68
2025-01-04 08:15:00,14640.72
2025-01-04 08:30:00,14780.6
2025-01-04 08:45:00,14842.51
2025-01-04 09:00:00,14930.53
2025-01-04 09:15:00,14994.07
2025-01-04 09:30:00,14959.59
2025-01-04 09:45:00,14960.08
2025-01-04 10:00:00,15047.95
2025-01-04 10:15:00,15080.89
2025-01-04 10:30:00,15078.67
2025-01-04 10:45:00,15067.67
2025-01-04 11:00:00,15015.87
2025-01-04 11:15:00,15026.48
2025-01-04 11:30:00,15030.47
2025-01-04 11:45:00,14954.65
2025-01-04 12:00:00,14908.17
2025-01-04 12:15:00,14824.2
2025-01-04 12:30:00,14853.82
2025-01-04 12:45:00,14815.55
2025-01-04 13:00:00,14711.86
2025-01-04 13:15:00,14712.73
2025-01-04 13:30:00,14646.09
2025-01-04 13:45:00,14613.09
2025-01-04 14:00:00,14672.46
2025-01-04 14:15:00,14809.74
2025-01-04 14:30:00,14959.45
2025-01-04 14:45:00,15099.71
2025-01-04 15:00:00,15379.16
2025-01-04 15:15:00,15635.32
2025-01-04 15:30:00,15821.03
2025-01-04 15:45:00,16125.95
2025-01-04 16:00:00,16365.41
2025-01-04 16:15:00,16674.79
2025-01-04 16:30:00,16857.82
2025-01-04 16:45:00,16831.69
2025-01-04 17:00:00,16594.74
2025-01-04 17:15:00,16448.79
2025-01-04 17:30:00,16258.35
2025-01-04 17:45:00,16182.11
2025-01-04 18:00:00,15959.56
2025-01-04 18:15:00,15762.45
2025-01-04 18:30:00,15614.73
2025-01-04 18:45:00,15526.46
2025-01-04 19:00:00,15330.99
2025-01-04 19:15:00,15140.95
2025-01-04 19:30:00,14947.23
2025-01-04 19:45:00,14798.72
2025-01-04 20:00:00,14683.24
2025-01-04 20:15:00,14498.53
2025-01-04 20:30:00,14307.6
2025-01-04 20:45:00,14228.86
2025-01-04 21:00:00,14048.57
2025-01-04 21:15:00,13912.62
2025-01-04 21:30:00,13684.16
2025-01-04 21:45:00,13549.15
2025-01-04 22:00:00,13358.07
2025-01-04 22:15:00,13178.54
2025-01-04 22:30:00,13016.05
2025-01-04 22:45:00,12905.5
2025-01-04 23:00:00,12978.19
2025-01-04 23:15:00,12843.4
2025-01-04 23:30:00,12554.83
2025-01-04 23:45:00,12301.33
2025-01-05 00:00:00,12243.36
2025-01-05 00:15:00,12166.89
2025-01-05 00:30:00,11999.17
2025-01-05 00:45:00,11863.78
2025-01-05 01:00:00,11773.82
2025-01-05 01:15:00,11688.4
2025-01-05 01:30:00,11637.52
2025-01-05 01:45:00,11607.23
2025-01-05 02:00:00,11581.01
2025-01-05 02:15:00,11563.5
2025-01-05 02:30:00,11538.79
2025-01-05 02:45:00,11605.37
2025-01-05 03:00:00,11588.2
2025-01-05 03:15:00,11532.1
2025-01-05 03:30:00,11544.74
2025-01-05 03:45:00,11594.09
2025-01-05 04:00:00,11625.09
2025-01-05 04:15:00,11605.56
2025-01-05 04:30:00,11631.76
2025-01-05 04:45:00,11725.53
2025-01-05 05:00:00,11928.56
2025-01-05 05:15:00,12030.19
2025-01-05 05:30:00,12114.14
2025-01-05 05:45:00,12172.38
2025-01-05 06:00:00,12433.8
2025-01-05 06:15:00,12634.33
2025-01-05 06:30:00,12919.23
2025-01-05 06:45:00,12939.32
2025-01-05 07:00:00,13269.42
2025-01-05 07:15:00,13560.6
2025-01-05 07:30:00,13624.25
2025-01-05 07:45:00,13731.91
2025-01-05 08:00:00,14192.54
2025-01-05 08:15:00,14295.84
2025-01-05 08:30:00,14526.3
2025-01-05 08:45:00,14641.17
2025-01-05 09:00:00,14870.46
2025-01-05 09:15:00,15005.4
2025-01-05 09:30:00,15134.74
2025-01-05 09:45:00,15269.37
2025-01-05 10:00:00,15476.63
2025-01-05 10:15:00,15661.55
2025-01-05 10:30:00,15763.79
2025-01-05 10:45:00,15891.23
2025-01-05 11:00:00,15995.3
2025-01-05 11:15:00,16080.87
2025-01-05 11:30:00,16157.94
2025-01-05 11:45:00,16258.73
2025-01-05 12:00:00,16272.39
2025-01-05 12:15:00,16228.91
2025-01-05 12:30:00,16230.52
2025-01-05 12:45:00,16178.63
2025-01-05 13:00:00,16120.79
2025-01-05 13:15:00,16108.04
2025-01-05 13:30:00,16045.79
2025-01-05 13:45:00,16086.0
2025-01-05 14:00:00,16012.26
2025-01-05 14:15:00,15913.24
2025-01-05 14:30:00,15941.65
2025-01-05 14:45:00,15991.38
2025-01-05 15:00:00,15812.15
2025-01-05 15:15:00,15861.53
2025-01-05 15:30:00,15998.23
2025-01-05 15:45:00,16324.09
2025-01-05 16:00:00,16513.75
2025-01-05 16:15:00,16687.76
2025-01-05 16:30:00,16773.29
2025-01-05 16:45:00,16754.76
2025-01-05 17:00:00,16509.0
2025-01-05 17:15:00,16389.46
2025-01-05 17:30:00,16149.8
2025-01-05 17:45:00,16097.52
2025-01-05 18:00:00,15785.85
2025-01-05 18:15:00,15657.86
2025-01-05 18:30:00,15564.07
2025-01-05 18:45:00,15625.04
2025-01-05 19:00:00,15273.31
2025-01-05 19:15:00,15100.28
2025-01-05 19:30:00,14970.32
2025-01-05 19:45:00,14868.49
2025-01-05 20:00:00,14631.28
2025-01-05 20:15:00,14438.91
2025-01-05 20:30:00,14390.42
2025-01-05 20:45:00,14293.83
2025-01-05 21:00:00,13905.89
2025-01-05 21:15:00,13819.89
2025-01-05 21:30:00,13583.03
2025-01-05 21:45:00,13515.28
2025-01-05 22:00:00,13152.77
2025-01-05 22:15:00,12917.42
2025-01-05 22:30:00,12825.75
2025-01-05 22:45:00,12642.74
2025-01-05 23:00:00,12664.56
2025-01-05 23:15:00,12594.9
2025-01-05 23:30:00,12471.42
2025-01-05 23:45:00,12342.89
2025-01-06 00:00:00,12182.11
2025-01-06 00:15:00,12128.23
2025-01-06 00:30:00,12007.82
2025-01-06 00:45:00,11884.65
2025-01-06 01:00:00,11841.84
2025-01-06 01:15:00,11793.42
2025-01-06 01:30:00,11790.25
2025-01-06 01:45:00,11728.97
2025-01-06 02:00:00,11700.35
2025-01-06 02:15:00,11702.43
2025-01-06 02:30:00,11655.19
2025-01-06 02:45:00,11658.75
2025-01-06 03:00:00,11690.84
2025-01-06 03:15:00,11711.97
2025-01-06 03:30:00,11707.58
2025-01-06 03:45:00,11803.31
2025-01-06 04:00:00,11998.02
2025-01-06 04:15:00,12063.72
2025-01-06 04:30:00,12231.21
2025-01-06 04:45:00,12460.21
2025-01-06 05:00:00,12973.71
2025-01-06 05:15:00,13287.7
2025-01-06 05:30:00,13636.8
2025-01-06 05:45:00,14041.32
2025-01-06 06:00:00,14665.24
2025-01-06 06:15:00,15149.09
2025-01-06 06:30:00,15623.2
2025-01-06 06:45:00,16097.57
2025-01-06 07:00:00,16487.05
2025-01-06 07:15:00,16779.55
2025-01-06 07:30:00,16945.78
2025-01-06 07:45:00,17183.37
2025-01-06 08:00:00,17310.21
2025-01-06 08:15:00,17467.64
2025-01-06 08:30:00,17357.25
2025-01-06 08:45:00,17406.26
2025-01-06 09:00:00,17395.72
2025-01-06 09:15:00,17474.82
2025-01-06 09:30:00,17315.32
2025-01-06 09:45:00,17376.86
2025-01-06 10:00:00,17227.15
2025-01-06 10:15:00,17086.4
2025-01-06 10:30:00,16993.37
2025-01-06 10:45:00,17036.8
2025-01-06 11:00:00,17096.32
2025-01-06 11:15:00,17047.33
2025-01-06 11:30:00,17004.72
2025-01-06 11:45:00,17015.54
2025-01-06 12:00:00,17277.63
2025-01-06 12:15:00,17401.49
2025-01-06 12:30:00,17366.56
2025-01-06 12:45:00,17285.4
2025-01-06 13:00:00,17353.39
2025-01-06 13:15:00,17226.26
2025-01-06 13:30:00,17204.22
2025-01-06 13:45:00,17236.8
2025-01-06 14:00:00,17281.95
2025-01-06 14:15:00,17374.16
2025-01-06 14:30:00,17454.68
2025-01-06 14:45:00,17563.08
2025-01-06 15:00:00,17595.41
2025-01-06 15:15:00,17761.59
2025-01-06 15:30:00,17946.29
2025-01-06 15:45:00,18286.47
2025-01-06 16:00:00,18424.48
2025-01-06 16:15:00,18683.3
2025-01-06 16:30:00,18754.32
2025-01-06 16:45:00,18634.29
2025-01-06 17:00:00,18219.02
2025-01-06 17:15:00,18007.9
2025-01-06 17:30:00,17884.18
2025-01-06 17:45:00,17770.34
2025-01-06 18:00:00,17491.44
2025-01-06 18:15:00,17332.36
2025-01-06 18:30:00,17278.73
2025-01-06 18:45:00,16994.01
2025-01-06 19:00:00,16771.02
2025-01-06 19:15:00,16575.38
2025-01-06 19:30:00,16395.66
2025-01-06 19:45:00,16176.97
2025-01-06 20:00:00,15964.39
2025-01-06 20:15:00,15695.24
2025-01-06 20:30:00,15586.96
2025-01-06 20:45:00,15269.7
2025-01-06 21:00:00,15122.19
2025-01-06 21:15:00,14817.5
2025-01-06 21:30:00,14687.5
2025-01-06 21:45:00,14473.43
2025-01-06 22:00:00,14204.88
2025-01-06 22:15:00,13871.55
2025-01-06 22:30:00,13825.76
2025-01-06 22:45:00,13577.52
2025-01-06 23:00:00,13602.23
2025-01-06 23:15:00,13479.53
2025-01-06 23:30:00,13237.43
2025-01-06 23:45:00,13170.93
2025-01-07 00:00:00,13001.06
2025-01-07 00:15:00,12839.52
2025-01-07 00:30:00,12858.36
2025-01-07 00:45:00,12676.96
2025-01-07 01:00:00,12706.8
2025-01-07 01:15:00,12554.18
2025-01-07 01:30:00,12498.86
2025-01-07 01:45:00,12486.09
2025-01-07 02:00:00,12498.02
2025-01-07 02:15:00,12443.48
2025-01-07 02:30:00,12442.14
2025-01-07 02:45:00,12381.83
2025-01-07 03:00:00,12584.61
2025-01-07 03:15:00,12658.86
2025-01-07 03:30:00,12538.34
2025-01-07 03:45:00,12660.6
2025-01-07 04:00:00,12811.61
2025-01-07 04:15:00,12832.49
2025-01-07 04:30:00,13011.81
2025-01-07 04:45:00,13209.3
2025-01-07 05:00:00,13634.51
2025-01-07 05:15:00,14034.74
2025-01-07 05:30:00,14261.55
2025-01-07 05:45:00,14577.58
2025-01-07 06:00:00,15225.65
2025-01-07 06:15:00,15855.87
2025-01-07 06:30:00,16287.66
2025-01-07 06:45:00,16645.82
2025-01-07 07:00:00,17112.05
2025-01-07 07:15:00,17331.03
2025-01-07 07:30:00,17535.09
2025-01-07 07:45:00,17669.76
2025-01-07 08:00:00,17638.8
2025-01-07 08:15:00,17730.83
2025-01-07 08:30:00,17716.88
2025-01-07 08:45:00,17915.55
2025-01-07 09:00:00,17694.86
2025-01-07 09:15:00,17778.8
2025-01-07 09:30:00,17498.63
2025-01-07 09:45:00,17592.59
2025-01-07 10:00:00,17227.03
2025-01-07 10:15:00,17222.91
2025-01-07 10:30:00,16965.86
2025-01-07 10:45:00,16950.43
2025-01-07 11:00:00,16691.47
2025-01-07 11:15:00,16626.05
2025-01-07 11:30:00,16589.03
2025-01-07 11:45:00,16488.07
2025-01-07 12:00:00,16379.82
2025-01-07 12:15:00,16629.0
2025-01-07 12:30:00,16549.72
2025-01-07 12:45:00,16691.37
2025-01-07 13:00:00,16632.59
2025-01-07 13:15:00,16784.06
2025-01-07 13:30:00,16745.47
2025-01-07 13:45:00,16839.51
2025-01-07 14:00:00,17070.79
2025-01-07 14:15:00,17254.46
2025-01-07 14:30:00,17313.67
2025-01-07 14:45:00,17625.47
2025-01-07 15:00:00,17860.6
2025-01-07 15:15:00,18063.08
2025-01-07 15:30:00,18375.99
2025-01-07 15:45:00,18658.8
2025-01-07 16:00:00,18873.61
2025-01-07 16:15:00,19044.01
2025-01-07 16:30:00,19128.49
2025-01-07 16:45:00,19058.73
2025-01-07 17:00:00,18647.47
2025-01-07 17:15:00,18401.1
2025-01-07 17:30:00,18239.52
2025-01-07 17:45:00,18074.43
2025-01-07 18:00:00,17847.05
2025-01-07 18:15:00,17621.15
2025-01-07 18:30:00,17480.7
2025-01-07 18:45:00,17351.49
2025-01-07 19:00:00,17110.38
2025-01-07 19:15:00,16899.81
2025-01-07 19:30:00,16747.32
2025-01-07 19:45:00,16529.49
2025-01-07 20:00:00,16293.76
2025-01-07 20:15:00,16123.79
2025-01-07 20:30:00,15874.84
2025-01-07 20:45:00,15635.06
2025-01-07 21:00:00,15362.48
2025-01-07 21:15:00,15119.2
2025-01-07 21:30:00,14864.29
2025-01-07 21:45:00,14789.51
2025-01-07 22:00:00,14320.72
2025-01-07 22:15:00,14150.17
2025-01-07 22:30:00,13860.44
2025-01-07 22:45:00,13803.14
2025-01-07 23:00:00,13566.34
2025-01-07 23:15:00,13403.98
2025-01-07 23:30:00,13420.2
2025-01-07 23:45:00,13224.77
2025-01-08 00:00:00,13241.38
2025-01-08 00:15:00,13050.66
2025-01-08 00:30:00,13004.09
2025-01-08 00:45:00,13022.49
2025-01-08 01:00:00,12862.8
2025-01-08 01:15:00,12778.6
2025-01-08 01:30:00,12758.56
2025-01-08 01:45:00,12675.09
2025-01-08 02:00:00,12627.71
2025-01-08 02:15:00,12694.45
2025-01-08 02:30:00,12685.15
2025-01-08 02:45:00,12639.61
2025-01-08 03:00:00,12580.41
2025-01-08 03:15:00,12606.31
2025-01-08 03:30:00,12486.45
2025-01-08 03:45:00,12604.99
2025-01-08 04:00:00,12682.7
2025-01-08 04:15:00,12850.56
2025-01-08 04:30:00,12867.51
2025-01-08 04:45:00,13112.18
2025-01-08 05:00:00,13734.27
2025-01-08 05:15:00,14042.55
2025-01-08 05:30:00,14388.85
2025-01-08 05:45:00,14792.27
2025-01-08 06:00:00,15431.92
2025-01-08 06:15:00,15983.95
2025-01-08 06:30:00,16496.87
2025-01-08 06:45:00,16858.38
2025-01-08 07:00:00,17198.62
2025-01-08 07:15:00,17551.21
2025-01-08 07:30:00,17662.08
2025-01-08 07:45:00,17935.09
2025-01-08 08:00:00,18025.52
2025-01-08 08:15:00,18002.38
2025-01-08 08:30:00,17840.29
2025-01-08 08:45:00,17630.1
2025-01-08 09:00:00,17448.5
2025-01-08 09:15:00,17207.35
2025-01-08 09:30:00,17117.15
2025-01-08 09:45:00,17008.26
2025-01-08 10:00:00,16814.76
2025-01-08 10:15:00,16721.92
2025-01-08 10:30:00,16637.72
2025-01-08 10:45:00,16628.01
2025-01-08 11:00:00,16515.25
2025-01-08 11:15:00,16436.77
2025-01-08 11:30:00,16430.87
2025-01-08 11:45:00,16466.79
2025-01-08 12:00:00,16622.48
2025-01-08 12:15:00,16583.86
2025-01-08 12:30:00,16539.45
2025-01-08 12:45:00,16520.39
2025-01-08 13:00:00,16677.93
2025-01-08 13:15:00,16829.07
2025-01-08 13:30:00,16689.46
2025-01-08 13:45:00,16747.4
2025-01-08 14:00:00,16958.92
2025-01-08 14:15:00,17151.08
2025-01-08 14:30:00,17357.49
2025-01-08 14:45:00,17539.87
2025-01-08 15:00:00,17785.93
2025-01-08 15:15:00,18082.53
2025-01-08 15:30:00,18259.78
2025-01-08 15:45:00,18668.5
2025-01-08 16:00:00,16342.05
2025-01-08 16:15:00,19150.39
2025-01-08 16:30:00,19193.08
2025-01-08 16:45:00,19069.03
2025-01-08 17:00:00,18632.23
2025-01-08 17:15:00,18349.52
2025-01-08 17:30:00,18094.83
2025-01-08 17:45:00,17939.86
2025-01-08 18:00:00,17732.27
2025-01-08 18:15:00,17522.84
2025-01-08 18:30:00,17395.05
2025-01-08 18:45:00,17299.95
2025-01-08 19:00:00,17053.62
2025-01-08 19:15:00,16828.79
2025-01-08 19:30:00,16641.86
2025-01-08 19:45:00,16471.2
2025-01-08 20:00:00,16216.8
2025-01-08 20:15:00,16035.68
2025-01-08 20:30:00,15771.38
2025-01-08 20:45:00,15554.22
2025-01-08 21:00:00,15212.29
2025-01-08 21:15:00,15023.68
2025-01-08 21:30:00,14726.87
2025-01-08 21:45:00,14541.35
2025-01-08 22:00:00,14248.64
2025-01-08 22:15:00,13985.63
2025-01-08 22:30:00,13790.09
2025-01-08 22:45:00,13606.67
2025-01-08 23:00:00,13336.68
2025-01-08 23:15:00,13087.94
2025-01-08 23:30:00,12910.2
2025-01-08 23:45:00,12768.26
2025-01-09 00:00:00,12683.05
2025-01-09 00:15:00,12599.28
2025-01-09 00:30:00,12496.24
2025-01-09 00:45:00,12413.21
2025-01-09 01:00:00,12402.84
2025-01-09 01:15:00,12347.97
2025-01-09 01:30:00,12322.42
2025-01-09 01:45:00,12308.8
2025-01-09 02:00:00,12380.74
2025-01-09 02:15:00,12355.16
2025-01-09 02:30:00,12281.04
2025-01-09 02:45:00,12269.75
2025-01-09 03:00:00,12362.94
2025-01-09 03:15:00,12315.64
2025-01-09 03:30:00,12395.1
2025-01-09 03:45:00,12387.3
2025-01-09 04:00:00,12414.04
2025-01-09 04:15:00,12550.69
2025-01-09 04:30:00,12698.97
2025-01-09 04:45:00,12877.31
2025-01-09 05:00:00,13358.39
2025-01-09 05:15:00,13673.08
2025-01-09 05:30:00,14117.24
2025-01-09 05:45:00,14577.49
2025-01-09 06:00:00,15307.73
2025-01-09 06:15:00,15853.89
2025-01-09 06:30:00,16298.41
2025-01-09 06:45:00,16646.5
2025-01-09 07:00:00,16983.8
2025-01-09 07:15:00,17347.0
2025-01-09 07:30:00,17472.39
2025-01-09 07:45:00,17704.71
2025-01-09 08:00:00,17870.76
2025-01-09 08:15:00,18086.6
2025-01-09 08:30:00,18229.0
2025-01-09 08:45:00,18284.29
2025-01-09 09:00:00,18321.34
2025-01-09 09:15:00,18307.95
2025-01-09 09:30:00,18204.69
2025-01-09 09:45:00,18019.24
2025-01-09 10:00:00,17973.46
2025-01-09 10:15:00,17839.94
2025-01-09 10:30:00,17616.96
2025-01-09 10:45:00,17483.77
2025-01-09 11:00:00,17173.94
2025-01-09 11:15:00,17002.68
2025-01-09 11:30:00,17007.55
2025-01-09 11:45:00,16873.13
2025-01-09 12:00:00,16810.47
2025-01-09 12:15:00,16741.93
2025-01-09 12:30:00,16620.32
2025-01-09 12:45:00,16534.4
2025-01-09 13:00:00,16491.97
2025-01-09 13:15:00,16479.33
2025-01-09 13:30:00,16449.72
2025-01-09 13:45:00,16527.55
2025-01-09 14:00:00,16649.52
2025-01-09 14:15:00,16872.63
2025-01-09 14:30:00,17064.21
2025-01-09 14:45:00,17281.76
2025-01-09 15:00:00,17445.24
2025-01-09 15:15:00,17717.77
2025-01-09 15:30:00,18059.02
2025-01-09 15:45:00,18453.76
2025-01-09 16:00:00,18764.72
2025-01-09 16:15:00,18972.44
2025-01-09 16:30:00,19061.75
2025-01-09 16:45:00,18984.88
2025-01-09 17:00:00,18653.29
2025-01-09 17:15:00,18497.99
2025-01-09 17:30:00,18324.51
2025-01-09 17:45:00,18158.94
2025-01-09 18:00:00,18022.14
2025-01-09 18:15:00,17915.7
2025-01-09 18:30:00,17778.99
2025-01-09 18:45:00,17613.02
2025-01-09 19:00:00,17365.16
2025-01-09 19:15:00,17150.02
2025-01-09 19:30:00,16991.72
2025-01-09 19:45:00,16813.19
2025-01-09 20:00:00,16625.09
2025-01-09 20:15:00,16355.72
2025-01-09 20:30:00,16108.81
2025-01-09 20:45:00,15921.04
2025-01-09 21:00:00,15617.62
2025-01-09 21:15:00,15377.52
2025-01-09 21:30:00,15067.92
2025-01-09 21:45:00,14982.16
2025-01-09 22:00:00,14846.21
2025-01-09 22:15:00,14532.76
2025-01-09 22:30:00,14187.31
2025-01-09 22:45:00,13940.64
2025-01-09 23:00:00,13741.42
2025-01-09 23:15:00,13746.05
2025-01-09 23:30:00,13525.9
2025-01-09 23:45:00,13295.41
2025-01-10 00:00:00,13212.52
2025-01-10 00:15:00,13141.26
2025-01-10 00:30:00,13021.91
2025-01-10 00:45:00,12904.55
2025-01-10 01:00:00,12886.42
2025-01-10 01:15:00,12872.89
2025-01-10 01:30:00,12805.17
2025-01-10 01:45:00,12764.77
2025-01-10 02:00:00,12754.46
2025-01-10 02:15:00,12665.32
2025-01-10 02:30:00,12668.92
2025-01-10 02:45:00,12766.09
2025-01-10 03:00:00,12823.62
2025-01-10 03:15:00,12729.23
2025-01-10 03:30:00,12775.44
2025-01-10 03:45:00,12724.82
2025-01-10 04:00:00,12821.78
2025-01-10 04:15:00,12926.24
2025-01-10 04:30:00,13074.23
2025-01-10 04:45:00,13379.65
2025-01-10 05:00:00,13787.41
2025-01-10 05:15:00,14159.53
2025-01-10 05:30:00,14587.9
2025-01-10 05:45:00,14959.22
2025-01-10 06:00:00,15569.04
2025-01-10 06:15:00,16020.88
2025-01-10 06:30:00,16519.02
2025-01-10 06:45:00,16950.78
2025-01-10 07:00:00,17405.95
2025-01-10 07:15:00,17665.68
2025-01-10 07:30:00,17925.82
2025-01-10 07:45:00,18130.36
2025-01-10 08:00:00,18234.58
2025-01-10 08:15:00,18157.18
2025-01-10 08:30:00,17972.89
2025-01-10 08:45:00,17834.55
2025-01-10 09:00:00,17655.23
2025-01-10 09:15:00,17462.78
2025-01-10 09:30:00,17321.32
2025-01-10 09:45:00,17099.06
2025-01-10 10:00:00,16927.48
2025-01-10 10:15:00,16776.85
2025-01-10 10:30:00,16735.73
2025-01-10 10:45:00,16605.72
2025-01-10 11:00:00,16528.9
2025-01-10 11:15:00,16444.94
2025-01-10 11:30:00,16393.31
2025-01-10 11:45:00,16355.59
2025-01-10 12:00:00,16310.0
2025-01-10 12:15:00,16398.29
2025-01-10 12:30:00,16348.12
2025-01-10 12:45:00,16366.25
2025-01-10 13:00:00,16405.85
2025-01-10 13:15:00,16376.1
2025-01-10 13:30:00,16361.52
2025-01-10 13:45:00,16479.61
2025-01-10 14:00:00,16697.8
2025-01-10 14:15:00,16803.46
2025-01-10 14:30:00,16888.6
2025-01-10 14:45:00,17064.19
2025-01-10 15:00:00,17237.52
2025-01-10 15:15:00,17501.21
2025-01-10 15:30:00,17817.07
2025-01-10 15:45:00,18083.33
2025-01-10 16:00:00,18358.68
2025-01-10 16:15:00,18628.51
2025-01-10 16:30:00,18719.42
2025-01-10 16:45:00,18720.36
2025-01-10 17:00:00,18371.78
2025-01-10 17:15:00,18116.2
2025-01-10 17:30:00,17894.87
2025-01-10 17:45:00,17722.75
2025-01-10 18:00:00,17436.55
2025-01-10 18:15:00,17192.48
2025-01-10 18:30:00,17002.92
2025-01-10 18:45:00,16931.08
2025-01-10 19:00:00,16662.26
2025-01-10 19:15:00,16397.62
2025-01-10 19:30:00,16213.66
2025-01-10 19:45:00,16062.32
2025-01-10 20:00:00,15859.01
2025-01-10 20:15:00,15701.42
2025-01-10 20:30:00,15520.01
2025-01-10 20:45:00,15321.34
2025-01-10 21:00:00,15141.58
2025-01-10 21:15:00,14892.74
2025-01-10 21:30:00,14636.46
2025-01-10 21:45:00,14411.24
2025-01-10 22:00:00,14241.3
2025-01-10 22:15:00,14057.94
2025-01-10 22:30:00,13864.58
2025-01-10 22:45:00,13696.3
2025-01-10 23:00:00,13537.32
2025-01-10 23:15:00,13336.67
2025-01-10 23:30:00,13238.8
2025-01-10 23:45:00,13080.48
2025-01-11 00:00:00,13039.99
2025-01-11 00:15:00,12948.33
2025-01-11 00:30:00,12863.82
2025-01-11 00:45:00,12779.99
2025-01-11 01:00:00,12745.36
2025-01-11 01:15:00,12676.29
2025-01-11 01:30:00,12646.67
2025-01-11 01:45:00,12566.97
2025-01-11 02:00:00,12467.32
2025-01-11 02:15:00,12400.23
2025-01-11 02:30:00,12372.5
2025-01-11 02:45:00,12323.85
2025-01-11 03:00:00,12353.74
2025-01-11 03:15:00,12345.22
2025-01-11 03:30:00,12337.74
2025-01-11 03:45:00,12295.62
2025-01-11 04:00:00,12297.45
2025-01-11 04:15:00,12334.91
2025-01-11 04:30:00,12409.26
2025-01-11 04:45:00,12499.14
2025-01-11 05:00:00,12695.41
2025-01-11 05:15:00,12751.81
2025-01-11 05:30:00,12890.76
2025-01-11 05:45:00,13082.2
2025-01-11 06:00:00,13529.39
2025-01-11 06:15:00,13747.22
2025-01-11 06:30:00,13859.51
2025-01-11 06:45:00,14064.06
2025-01-11 07:00:00,14463.98
2025-01-11 07:15:00,14626.54
2025-01-11 07:30:00,14858.69
2025-01-11 07:45:00,15064.05
2025-01-11 08:00:00,15199.45
2025-01-11 08:15:00,15260.2
2025-01-11 08:30:00,15258.01
2025-01-11 08:45:00,15251.19
2025-01-11 09:00:00,15190.2
2025-01-11 09:15:00,15209.26
2025-01-11 09:30:00,15145.77
2025-01-11 09:45:00,15171.62
2025-01-11 10:00:00,15049.05
2025-01-11 10:15:00,14920.78
2025-01-11 10:30:00,14834.83
2025-01-11 10:45:00,14877.7
2025-01-11 11:00:00,14772.99
2025-01-11 11:15:00,14730.5
2025-01-11 11:30:00,14675.8
2025-01-11 11:45:00,14620.84
2025-01-11 12:00:00,14613.9
2025-01-11 12:15:00,14581.78
2025-01-11 12:30:00,14534.37
2025-01-11 12:45:00,14563.19
2025-01-11 13:00:00,14613.64
2025-01-11 13:15:00,14644.65
2025-01-11 13:30:00,14769.67
2025-01-11 13:45:00,14775.47
2025-01-11 14:00:00,14844.09
2025-01-11 14:15:00,14910.17
2025-01-11 14:30:00,15069.02
2025-01-11 14:45:00,15323.82
2025-01-11 15:00:00,15516.24
2025-01-11 15:15:00,15752.96
2025-01-11 15:30:00,16066.31
2025-01-11 15:45:00,16422.46
2025-01-11 16:00:00,16835.47
2025-01-11 16:15:00,17077.61
2025-01-11 16:30:00,17296.9
2025-01-11 16:45:00,17340.0
2025-01-11 17:00:00,17058.98
2025-01-11 17:15:00,16870.43
2025-01-11 17:30:00,16687.89
2025-01-11 17:45:00,16520.92
2025-01-11 18:00:00,16297.13
2025-01-11 18:15:00,16104.31
2025-01-11 18:30:00,15915.22
2025-01-11 18:45:00,15825.86
2025-01-11 19:00:00,15678.02
2025-01-11 19:15:00,15468.32
2025-01-11 19:30:00,15311.59
2025-01-11 19:45:00,15136.85
2025-01-11 20:00:00,14952.03
2025-01-11 20:15:00,14761.58
2025-01-11 20:30:00,14611.39
2025-01-11 20:45:00,14472.89
2025-01-11 21:00:00,14281.68
2025-01-11 21:15:00,14126.7
2025-01-11 21:30:00,13961.2
2025-01-11 21:45:00,13773.5
2025-01-11 22:00:00,13609.55
2025-01-11 22:15:00,13444.28
2025-01-11 22:30:00,13238.33
2025-01-11 22:45:00,13114.34
2025-01-11 23:00:00,12906.39
2025-01-11 23:15:00,12761.55
2025-01-11 23:30:00,12604.82
2025-01-11 23:45:00,12395.28
2025-01-12 00:00:00,12415.81
2025-01-12 00:15:00,12300.75
2025-01-12 00:30:00,12152.45
2025-01-12 00:45:00,12045.41
2025-01-12 01:00:00,12071.13
2025-01-12 01:15:00,12030.66
2025-01-12 01:30:00,11980.07
2025-01-12 01:45:00,11924.76
2025-01-12 02:00:00,11951.45
2025-01-12 02:15:00,11838.16
2025-01-12 02:30:00,11857.39
2025-01-12 02:45:00,11817.74
2025-01-12 03:00:00,11830.32
2025-01-12 03:15:00,11761.57
2025-01-12 03:30:00,11857.88
2025-01-12 03:45:00,11827.15
2025-01-12 04:00:00,11833.16
2025-01-12 04:15:00,11843.82
2025-01-12 04:30:00,11855.0
2025-01-12 04:45:00,11860.38
2025-01-12 05:00:00,12013.67
2025-01-12 05:15:00,12047.44
2025-01-12 05:30:00,12050.92
2025-01-12 05:45:00,12139.14
2025-01-12 06:00:00,12292.36
2025-01-12 06:15:00,12420.27
2025-01-12 06:30:00,12626.14
2025-01-12 06:45:00,12813.81
2025-01-12 07:00:00,13102.14
2025-01-12 07:15:00,13366.78
2025-01-12 07:30:00,13481.4
2025-01-12 07:45:00,13655.33
2025-01-12 08:00:00,13827.06
2025-01-12 08:15:00,13968.07
2025-01-12 08:30:00,14022.37
2025-01-12 08:45:00,14076.46
2025-01-12 09:00:00,14081.69
2025-01-12 09:15:00,14117.37
2025-01-12 09:30:00,14156.34
2025-01-12 09:45:00,14226.17
2025-01-12 10:00:00,14109.03
2025-01-12 10:15:00,14027.78
2025-01-12 10:30:00,14065.05
2025-01-12 10:45:00,14151.19
2025-01-12 11:00:00,14100.91
2025-01-12 11:15:00,14071.36
2025-01-12 11:30:00,14095.33
2025-01-12 11:45:00,14017.17
2025-01-12 12:00:00,14027.31
2025-01-12 12:15:00,14047.24
2025-01-12 12:30:00,13967.68
2025-01-12 12:45:00,13882.48
2025-01-12 13:00:00,13865.65
2025-01-12 13:15:00,13862.38
2025-01-12 13:30:00,13852.86
2025-01-12 13:45:00,13874.79
2025-01-12 14:00:00,13990.85
2025-01-12 14:15:00,14135.16
2025-01-12 14:30:00,14273.48
2025-01-12 14:45:00,14355.53
2025-01-12 15:00:00,14579.52
2025-01-12 15:15:00,14830.92
2025-01-12 15:30:00,15111.06
2025-01-12 15:45:00,15481.04
2025-01-12 16:00:00,15914.28
2025-01-12 16:15:00,16226.34
2025-01-12 16:30:00,16444.47
2025-01-12 16:45:00,16499.11
2025-01-12 17:00:00,16394.25
2025-01-12 17:15:00,16276.96
2025-01-12 17:30:00,16083.12
2025-01-12 17:45:00,16045.77
2025-01-12 18:00:00,15975.49
2025-01-12 18:15:00,15948.68
2025-01-12 18:30:00,15867.29
2025-01-12 18:45:00,15726.06
2025-01-12 19:00:00,15491.81
2025-01-12 19:15:00,15263.54
2025-01-12 19:30:00,15044.83
2025-01-12 19:45:00,14890.28
2025-01-12 20:00:00,14758.34
2025-01-12 20:15:00,14601.2
2025-01-12 20:30:00,14405.96
2025-01-12 20:45:00,14313.64
2025-01-12 21:00:00,14096.21
2025-01-12 21:15:00,13952.62
2025-01-12 21:30:00,13667.18
2025-01-12 21:45:00,13500.75
2025-01-12 22:00:00,13298.98
2025-01-12 22:15:00,13126.15
2025-01-12 22:30:00,12907.22
2025-01-12 22:45:00,12761.23
2025-01-12 23:00:00,12659.68
2025-01-12 23:15:00,12543.88
2025-01-12 23:30:00,12471.97
2025-01-12 23:45:00,12328.89
2025-01-13 00:00:00,12223.0
2025-01-13 00:15:00,12157.05
2025-01-13 00:30:00,12057.96
2025-01-13 00:45:00,11935.61
2025-01-13 01:00:00,11957.5
2025-01-13 01:15:00,11924.57
2025-01-13 01:30:00,11940.83
2025-01-13 01:45:00,11900.37
2025-01-13 02:00:00,11936.91
2025-01-13 02:15:00,11992.73
2025-01-13 02:30:00,11933.93
2025-01-13 02:45:00,11972.69
2025-01-13 03:00:00,12096.8
2025-01-13 03:15:00,12050.98
2025-01-13 03:30:00,12095.34
2025-01-13 03:45:00,12131.0
2025-01-13 04:00:00,12257.22
2025-01-13 04:15:00,12404.55
2025-01-13 04:30:00,12585.02
2025-01-13 04:45:00,12885.82
2025-01-13 05:00:00,13432.84
2025-01-13 05:15:00,13784.35
2025-01-13 05:30:00,14217.42
2025-01-13 05:45:00,14705.26
2025-01-13 06:00:00,15411.21
2025-01-13 06:15:00,15953.75
2025-01-13 06:30:00,16480.15
2025-01-13 06:45:00,16874.56
2025-01-13 07:00:00,17372.89
2025-01-13 07:15:00,17690.53
2025-01-13 07:30:00,17907.45
2025-01-13 07:45:00,18097.66
2025-01-13 08:00:00,18151.77
2025-01-13 08:15:00,18107.43
2025-01-13 08:30:00,17879.07
2025-01-13 08:45:00,17771.16
2025-01-13 09:00:00,17425.32
2025-01-13 09:15:00,17189.46
2025-01-13 09:30:00,17059.69
2025-01-13 09:45:00,16953.23
2025-01-13 10:00:00,16646.56
2025-01-13 10:15:00,16453.9
2025-01-13 10:30:00,16412.26
2025-01-13 10:45:00,16414.48
2025-01-13 11:00:00,16159.07
2025-01-13 11:15:00,15977.18
2025-01-13 11:30:00,15824.52
2025-01-13 11:45:00,15787.56
2025-01-13 12:00:00,15815.35
2025-01-13 12:15:00,15841.7
2025-01-13 12:30:00,15824.79
2025-01-13 12:45:00,15783.28
2025-01-13 13:00:00,15761.71
2025-01-13 13:15:00,15781.68
2025-01-13 13:30:00,15767.91
2025-01-13 13:45:00,15849.9
2025-01-13 14:00:00,16017.33
2025-01-13 14:15:00,16194.79
2025-01-13 14:30:00,16395.39
2025-01-13 14:45:00,16682.67
2025-01-13 15:00:00,17031.51
2025-01-13 15:15:00,17348.15
2025-01-13 15:30:00,17656.78
2025-01-13 15:45:00,18204.22
2025-01-13 16:00:00,18604.48
2025-01-13 16:15:00,19004.31
2025-01-13 16:30:00,19175.06
2025-01-13 16:45:00,19202.74
2025-01-13 17:00:00,18928.42
2025-01-13 17:15:00,18691.96
2025-01-13 17:30:00,18571.47
2025-01-13 17:45:00,18402.19
2025-01-13 18:00:00,18164.7
2025-01-13 18:15:00,17955.73
2025-01-13 18:30:00,17841.56
2025-01-13 18:45:00,17661.95
2025-01-13 19:00:00,17457.38
2025-01-13 19:15:00,17274.43
2025-01-13 19:30:00,17090.73
2025-01-13 19:45:00,16873.31
2025-01-13 20:00:00,16601.74
2025-01-13 20:15:00,16395.76
2025-01-13 20:30:00,16141.97
2025-01-13 20:45:00,15940.72
2025-01-13 21:00:00,15634.11
2025-01-13 21:15:00,15398.81
2025-01-13 21:30:00,15187.71
2025-01-13 21:45:00,14910.85
2025-01-13 22:00:00,14762.85
2025-01-13 22:15:00,14493.32
2025-01-13 22:30:00,14339.23
2025-01-13 22:45:00,14047.33
2025-01-13 23:00:00,13905.01
2025-01-13 23:15:00,13701.29
2025-01-13 23:30:00,13526.99
2025-01-13 23:45:00,13377.09
2025-01-14 00:00:00,13269.89
2025-01-14 00:15:00,13157.75
2025-01-14 00:30:00,13046.6
2025-01-14 00:45:00,13016.15
2025-01-14 01:00:00,13024.22
2025-01-14 01:15:00,12944.22
2025-01-14 01:30:00,12848.44
2025-01-14 01:45:00,12784.36
2025-01-14 02:00:00,12786.95
2025-01-14 02:15:00,12745.42
2025-01-14 02:30:00,12738.49
2025-01-14 02:45:00,12698.69
2025-01-14 03:00:00,12669.91
2025-01-14 03:15:00,12653.79
2025-01-14 03:30:00,12672.38
2025-01-14 03:45:00,12699.29
2025-01-14 04:00:00,12872.66
2025-01-14 04:15:00,12984.2
2025-01-14 04:30:00,13154.18
2025-01-14 04:45:00,13419.49
2025-01-14 05:00:00,13918.39
2025-01-14 05:15:00,14356.81
2025-01-14 05:30:00,14728.97
2025-01-14 05:45:00,15190.01
2025-01-14 06:00:00,15850.3
2025-01-14 06:15:00,16318.48
2025-01-14 06:30:00,16887.58
2025-01-14 06:45:00,17315.6
2025-01-14 07:00:00,17743.31
2025-01-14 07:15:00,18103.28
2025-01-14 07:30:00,18222.64
2025-01-14 07:45:00,18330.38
2025-01-14 08:00:00,18417.99
2025-01-14 08:15:00,18405.54
2025-01-14 08:30:00,18351.52
2025-01-14 08:45:00,18383.48
2025-01-14 09:00:00,18239.36
2025-01-14 09:15:00,18167.52
2025-01-14 09:30:00,18111.59
2025-01-14 09:45:00,18008.42
2025-01-14 10:00:00,17871.19
2025-01-14 10:15:00,17679.18
2025-01-14 10:30:00,17610.26
2025-01-14 10:45:00,17561.03
2025-01-14 11:00:00,17446.07
2025-01-14 11:15:00,17278.71
2025-01-14 11:30:00,17231.15
2025-01-14 11:45:00,17133.6
2025-01-14 12:00:00,17124.67
2025-01-14 12:15:00,17141.28
2025-01-14 12:30:00,16920.71
2025-01-14 12:45:00,16901.73
2025-01-14 13:00:00,16962.09
2025-01-14 13:15:00,17010.27
2025-01-14 13:30:00,17101.0
2025-01-14 13:45:00,17223.84
2025-01-14 14:00:00,17327.94
2025-01-14 14:15:00,17477.63
2025-01-14 14:30:00,17660.16
2025-01-14 14:45:00,17751.2
2025-01-14 15:00:00,17830.16
2025-01-14 15:15:00,17973.58
2025-01-14 15:30:00,18130.98
2025-01-14 15:45:00,18471.02
2025-01-14 16:00:00,18734.57
2025-01-14 16:15:00,19025.64
2025-01-14 16:30:00,19036.55
2025-01-14 16:45:00,18982.16
2025-01-14 17:00:00,18608.35
2025-01-14 17:15:00,18320.42
2025-01-14 17:30:00,18174.35
2025-01-14 17:45:00,18060.82
2025-01-14 18:00:00,17849.94
2025-01-14 18:15:00,17659.13
2025-01-14 18:30:00,17505.13
2025-01-14 18:45:00,17322.29
2025-01-14 19:00:00,17050.45
2025-01-14 19:15:00,16844.06
2025-01-14 19:30:00,16597.74
2025-01-14 19:45:00,16361.64
2025-01-14 20:00:00,16132.03
2025-01-14 20:15:00,15850.88
2025-01-14 20:30:00,15631.5
2025-01-14 20:45:00,15498.55
2025-01-14 21:00:00,15128.21
2025-01-14 21:15:00,14880.75
2025-01-14 21:30:00,14614.56
2025-01-14 21:45:00,14394.04
2025-01-14 22:00:00,14057.69
2025-01-14 22:15:00,13781.23
2025-01-14 22:30:00,13562.49
2025-01-14 22:45:00,13372.06
2025-01-14 23:00:00,13222.29
2025-01-14 23:15:00,13064.41
2025-01-14 23:30:00,12832.3
2025-01-14 23:45:00,12700.41
2025-01-15 00:00:00,12615.79
2025-01-15 00:15:00,12452.56
2025-01-15 00:30:00,12353.88
2025-01-15 00:45:00,12313.13
2025-01-15 01:00:00,12210.31
2025-01-15 01:15:00,12176.44
2025-01-15 01:30:00,12075.99
2025-01-15 01:45:00,12007.54
2025-01-15 02:00:00,11930.4
2025-01-15 02:15:00,11834.91
2025-01-15 02:30:00,11770.35
2025-01-15 02:45:00,11797.23
2025-01-15 03:00:00,11871.36
2025-01-15 03:15:00,11835.97
2025-01-15 03:30:00,11912.51
2025-01-15 03:45:00,11928.13
2025-01-15 04:00:00,12074.43
2025-01-15 04:15:00,12184.89
2025-01-15 04:30:00,12393.59
2025-01-15 04:45:00,12590.87
2025-01-15 05:00:00,13080.38
2025-01-15 05:15:00,13468.21
2025-01-15 05:30:00,13832.83
2025-01-15 05:45:00,14243.84
2025-01-15 06:00:00,14885.6
2025-01-15 06:15:00,15439.55
2025-01-15 06:30:00,15941.37
2025-01-15 06:45:00,16371.37
2025-01-15 07:00:00,16783.57
2025-01-15 07:15:00,17086.32
2025-01-15 07:30:00,17258.48
2025-01-15 07:45:00,17377.79
2025-01-15 08:00:00,17490.5
2025-01-15 08:15:00,17535.86
2025-01-15 08:30:00,17455.26
2025-01-15 08:45:00,17409.29
2025-01-15 09:00:00,17380.16
2025-01-15 09:15:00,17340.29
2025-01-15 09:30:00,17273.31
2025-01-15 09:45:00,17229.1
2025-01-15 10:00:00,17125.96
2025-01-15 10:15:00,17050.19
2025-01-15 10:30:00,16963.47
2025-01-15 10:45:00,16951.28
2025-01-15 11:00:00,16950.98
2025-01-15 11:15:00,16876.06
2025-01-15 11:30:00,16818.87
2025-01-15 11:45:00,16776.05
2025-01-15 12:00:00,16865.89
2025-01-15 12:15:00,16942.68
2025-01-15 12:30:00,16904.53
2025-01-15 12:45:00,16953.46
2025-01-15 13:00:00,16912.16
2025-01-15 13:15:00,16895.31
2025-01-15 13:30:00,16929.61
2025-01-15 13:45:00,16981.68
2025-01-15 14:00:00,17079.57
2025-01-15 14:15:00,17161.53
2025-01-15 14:30:00,17232.45
2025-01-15 14:45:00,17320.86
2025-01-15 15:00:00,17392.36
2025-01-15 15:15:00,17526.61
2025-01-15 15:30:00,17609.23
2025-01-15 15:45:00,17907.04
2025-01-15 16:00:00,18127.24
2025-01-15 16:15:00,18439.75
2025-01-15 16:30:00,18494.14
2025-01-15 16:45:00,18445.94
2025-01-15 17:00:00,18121.87
2025-01-15 17:15:00,17922.04
2025-01-15 17:30:00,17722.98
2025-01-15 17:45:00,17513.97
2025-01-15 18:00:00,17245.53
2025-01-15 18:15:00,17078.98
2025-01-15 18:30:00,16950.49
2025-01-15 18:45:00,16829.29
2025-01-15 19:00:00,16524.45
2025-01-15 19:15:00,16350.33
2025-01-15 19:30:00,16183.52
2025-01-15 19:45:00,15997.25
2025-01-15 20:00:00,15776.31
2025-01-15 20:15:00,15558.02
2025-01-15 20:30:00,15339.59
2025-01-15 20:45:00,15137.74
2025-01-15 21:00:00,14815.43
2025-01-15 21:15:00,14594.68
2025-01-15 21:30:00,14337.37
2025-01-15 21:45:00,14154.41
2025-01-15 22:00:00,13870.98
2025-01-15 22:15:00,13623.18
2025-01-15 22:30:00,13416.88
2025-01-15 22:45:00,13222.36
2025-01-15 23:00:00,12939.66
2025-01-15 23:15:00,12745.73
2025-01-15 23:30:00,12630.93
2025-01-15 23:45:00,12500.98
2025-01-16 00:00:00,12442.94
2025-01-16 00:15:00,12317.46
2025-01-16 00:30:00,12228.06
2025-01-16 00:45:00,12161.0
2025-01-16 01:00:00,12204.06
2025-01-16 01:15:00,12140.51
2025-01-16 01:30:00,12117.91
2025-01-16 01:45:00,12038.31
2025-01-16 02:00:00,12028.46
2025-01-16 02:15:00,11951.09
2025-01-16 02:30:00,11900.07
2025-01-16 02:45:00,11931.12
2025-01-16 03:00:00,11920.65
2025-01-16 03:15:00,11927.66
2025-01-16 03:30:00,11954.81
2025-01-16 03:45:00,12013.72
2025-01-16 04:00:00,12114.71
2025-01-16 04:15:00,12238.14
2025-01-16 04:30:00,12441.29
2025-01-16 04:45:00,12660.47
2025-01-16 05:00:00,13103.99
2025-01-16 05:15:00,13423.0
2025-01-16 05:30:00,13813.24
2025-01-16 05:45:00,14231.86
2025-01-16 06:00:00,14898.28
2025-01-16 06:15:00,15416.49
2025-01-16 06:30:00,15906.42
2025-01-16 06:45:00,16361.88
2025-01-16 07:00:00,16769.55
2025-01-16 07:15:00,17064.92
2025-01-16 07:30:00,17297.43
2025-01-16 07:45:00,17454.66
2025-01-16 08:00:00,17585.34
2025-01-16 08:15:00,17684.25
2025-01-16 08:30:00,17690.58
2025-01-16 08:45:00,17756.8
2025-01-16 09:00:00,17742.65
2025-01-16 09:15:00,17668.93
2025-01-16 09:30:00,17691.76
2025-01-16 09:45:00,17705.62
2025-01-16 10:00:00,17573.75
2025-01-16 10:15:00,17547.85
2025-01-16 10:30:00,17542.26
2025-01-16 10:45:00,17559.5
2025-01-16 11:00:00,17495.32
2025-01-16 11:15:00,17226.97
2025-01-16 11:30:00,17349.38
2025-01-16 11:45:00,17322.08
2025-01-16 12:00:00,17434.83
2025-01-16 12:15:00,17479.23
2025-01-16 12:30:00,17479.16
2025-01-16 12:45:00,17486.33
2025-01-16 13:00:00,17499.25
2025-01-16 13:15:00,17422.3
2025-01-16 13:30:00,17491.45
2025-01-16 13:45:00,17571.03
2025-01-16 14:00:00,17581.57
2025-01-16 14:15:00,17679.96
2025-01-16 14:30:00,17808.46
2025-01-16 14:45:00,17920.86
2025-01-16 15:00:00,17956.58
2025-01-16 15:15:00,18099.12
2025-01-16 15:30:00,18251.28
2025-01-16 15:45:00,18484.74
2025-01-16 16:00:00,18686.0
2025-01-16 16:15:00,18994.78
2025-01-16 16:30:00,19012.23
2025-01-16 16:45:00,18916.29
2025-01-16 17:00:00,18593.67
2025-01-16 17:15:00,18418.49
2025-01-16 17:30:00,18212.09
2025-01-16 17:45:00,18135.64
2025-01-16 18:00:00,17911.07
2025-01-16 18:15:00,17712.05
2025-01-16 18:30:00,17523.0
2025-01-16 18:45:00,17429.4
2025-01-16 19:00:00,17146.08
2025-01-16 19:15:00,16895.31
2025-01-16 19:30:00,16710.53
2025-01-16 19:45:00,16569.45
2025-01-16 20:00:00,16350.96
2025-01-16 20:15:00,16123.79
2025-01-16 20:30:00,15914.88
2025-01-16 20:45:00,15718.46
2025-01-16 21:00:00,15364.07
2025-01-16 21:15:00,15102.2
2025-01-16 21:30:00,14848.24
2025-01-16 21:45:00,14628.57
2025-01-16 22:00:00,14346.35
2025-01-16 22:15:00,14168.9
2025-01-16 22:30:00,13946.42
2025-01-16 22:45:00,13722.89
2025-01-16 23:00:00,13627.02
2025-01-16 23:15:00,13469.04
2025-01-16 23:30:00,13323.73
2025-01-16 23:45:00,13214.46
2025-01-17 00:00:00,13082.26
2025-01-17 00:15:00,12934.32
2025-01-17 00:30:00,12806.66
2025-01-17 00:45:00,12674.08
2025-01-17 01:00:00,12716.73
2025-01-17 01:15:00,12660.61
2025-01-17 01:30:00,12578.12
2025-01-17 01:45:00,12543.88
2025-01-17 02:00:00,12597.21
2025-01-17 02:15:00,12519.22
2025-01-17 02:30:00,12485.93
2025-01-17 02:45:00,12448.47
2025-01-17 03:00:00,12493.84
2025-01-17 03:15:00,12506.63
2025-01-17 03:30:00,12513.0
2025-01-17 03:45:00,12552.3
2025-01-17 04:00:00,12652.75
2025-01-17 04:15:00,12776.56
2025-01-17 04:30:00,12973.59
2025-01-17 04:45:00,13124.21
2025-01-17 05:00:00,13583.36
2025-01-17 05:15:00,13937.16
2025-01-17 05:30:00,14321.11
2025-01-17 05:45:00,14738.1
2025-01-17 06:00:00,15359.44
2025-01-17 06:15:00,15879.6
2025-01-17 06:30:00,16314.65
2025-01-17 06:45:00,16769.28
2025-01-17 07:00:00,17235.06
2025-01-17 07:15:00,17608.36
2025-01-17 07:30:00,17794.56
2025-01-17 07:45:00,18072.02
2025-01-17 08:00:00,18279.67
2025-01-17 08:15:00,18436.0
2025-01-17 08:30:00,18450.9
2025-01-17 08:45:00,18542.04
2025-01-17 09:00:00,18603.61
2025-01-17 09:15:00,18527.42
2025-01-17 09:30:00,18506.55
2025-01-17 09:45:00,18446.47
2025-01-17 10:00:00,18420.41
2025-01-17 10:15:00,18327.28
2025-01-17 10:30:00,18297.84
2025-01-17 10:45:00,18305.74
2025-01-17 11:00:00,18197.83
2025-01-17 11:15:00,18092.8
2025-01-17 11:30:00,18005.7
2025-01-17 11:45:00,17988.42
2025-01-17 12:00:00,18005.39
2025-01-17 12:15:00,18007.75
2025-01-17 12:30:00,17950.42
2025-01-17 12:45:00,17943.95
2025-01-17 13:00:00,17929.14
2025-01-17 13:15:00,17970.67
2025-01-17 13:30:00,17993.61
2025-01-17 13:45:00,18022.38
2025-01-17 14:00:00,18001.82
2025-01-17 14:15:00,18106.89
2025-01-17 14:30:00,18151.84
2025-01-17 14:45:00,18180.78
2025-01-17 15:00:00,18205.19
2025-01-17 15:15:00,18287.3
2025-01-17 15:30:00,18357.17
2025-01-17 15:45:00,18528.62
2025-01-17 16:00:00,18736.27
2025-01-17 16:15:00,18962.72
2025-01-17 16:30:00,19016.72
2025-01-17 16:45:00,18981.91
2025-01-17 17:00:00,18652.19
2025-01-17 17:15:00,18372.23
2025-01-17 17:30:00,18118.68
2025-01-17 17:45:00,18008.93
2025-01-17 18:00:00,17740.64
2025-01-17 18:15:00,17493.2
2025-01-17 18:30:00,17337.11
2025-01-17 18:45:00,17240.82
2025-01-17 19:00:00,16971.99
2025-01-17 19:15:00,16791.23
2025-01-17 19:30:00,16573.95
2025-01-17 19:45:00,16399.56
2025-01-17 20:00:00,16164.84
2025-01-17 20:15:00,16005.48
2025-01-17 20:30:00,15788.4
2025-01-17 20:45:00,15609.88
2025-01-17 21:00:00,15289.82
2025-01-17 21:15:00,15064.12
2025-01-17 21:30:00,14818.58
2025-01-17 21:45:00,14681.94
2025-01-17 22:00:00,14418.97
2025-01-17 22:15:00,14229.79
2025-01-17 22:30:00,14039.67
2025-01-17 22:45:00,13852.09
2025-01-17 23:00:00,13663.62
2025-01-17 23:15:00,13460.14
2025-01-17 23:30:00,13290.64
2025-01-17 23:45:00,13148.5
2025-01-18 00:00:00,13051.32
2025-01-18 00:15:00,12959.99
2025-01-18 00:30:00,12854.98
2025-01-18 00:45:00,12793.77
2025-01-18 01:00:00,12762.51
2025-01-18 01:15:00,12708.04
2025-01-18 01:30:00,12565.88
2025-01-18 01:45:00,12454.61
2025-01-18 02:00:00,12502.26
2025-01-18 02:15:00,12422.57
2025-01-18 02:30:00,12382.48
2025-01-18 02:45:00,12372.43
2025-01-18 03:00:00,12339.88
2025-01-18 03:15:00,12344.17
2025-01-18 03:30:00,12332.79
2025-01-18 03:45:00,12312.78
2025-01-18 04:00:00,12407.31
2025-01-18 04:15:00,12421.13
2025-01-18 04:30:00,12527.31
2025-01-18 04:45:00,12517.38
2025-01-18 05:00:00,12736.12
2025-01-18 05:15:00,12862.85
2025-01-18 05:30:00,13097.68
2025-01-18 05:45:00,13253.28
2025-01-18 06:00:00,13594.78
2025-01-18 06:15:00,13745.04
2025-01-18 06:30:00,13925.14
2025-01-18 06:45:00,14206.86
2025-01-18 07:00:00,14578.58
2025-01-18 07:15:00,14782.27
2025-01-18 07:30:00,15016.12
2025-01-18 07:45:00,15248.28
2025-01-18 08:00:00,15548.03
2025-01-18 08:15:00,15770.74
2025-01-18 08:30:00,15913.64
2025-01-18 08:45:00,16054.37
2025-01-18 09:00:00,16090.07
2025-01-18 09:15:00,16113.03
2025-01-18 09:30:00,16076.68
2025-01-18 09:45:00,16060.56
2025-01-18 10:00:00,16061.27
2025-01-18 10:15:00,16040.32
2025-01-18 10:30:00,15988.68
2025-01-18 10:45:00,16004.89
2025-01-18 11:00:00,15875.36
2025-01-18 11:15:00,15788.37
2025-01-18 11:30:00,15799.46
2025-01-18 11:45:00,15766.6
2025-01-18 12:00:00,15670.57
2025-01-18 12:15:00,15703.34
2025-01-18 12:30:00,15682.73
2025-01-18 12:45:00,15632.57
2025-01-18 13:00:00,15731.63
2025-01-18 13:15:00,15789.99
2025-01-18 13:30:00,15768.41
2025-01-18 13:45:00,15730.77
2025-01-18 14:00:00,15842.99
2025-01-18 14:15:00,16023.3
2025-01-18 14:30:00,16131.89
2025-01-18 14:45:00,16177.5
2025-01-18 15:00:00,16344.68
2025-01-18 15:15:00,16465.66
2025-01-18 15:30:00,16599.74
2025-01-18 15:45:00,16798.13
2025-01-18 16:00:00,17048.26
2025-01-18 16:15:00,17320.23
2025-01-18 16:30:00,17390.86
2025-01-18 16:45:00,17408.66
2025-01-18 17:00:00,17244.44
2025-01-18 17:15:00,17042.69
2025-01-18 17:30:00,16897.53
2025-01-18 17:45:00,16798.87
2025-01-18 18:00:00,16572.68
2025-01-18 18:15:00,16399.03
2025-01-18 18:30:00,16259.22
2025-01-18 18:45:00,16164.5
2025-01-18 19:00:00,15977.89
2025-01-18 19:15:00,15817.62
2025-01-18 19:30:00,15650.43
2025-01-18 19:45:00,15499.6
2025-01-18 20:00:00,15296.72
2025-01-18 20:15:00,15138.99
2025-01-18 20:30:00,15015.58
2025-01-18 20:45:00,14878.0
2025-01-18 21:00:00,14643.71
2025-01-18 21:15:00,14426.85
2025-01-18 21:30:00,14264.28
2025-01-18 21:45:00,14103.54
2025-01-18 22:00:00,13920.88
2025-01-18 22:15:00,13741.54
2025-01-18 22:30:00,13579.6
2025-01-18 22:45:00,13440.1
2025-01-18 23:00:00,13288.07
2025-01-18 23:15:00,13059.76
2025-01-18 23:30:00,12883.51
2025-01-18 23:45:00,12781.77
2025-01-19 00:00:00,12772.89
2025-01-19 00:15:00,12637.88
2025-01-19 00:30:00,12580.44
2025-01-19 00:45:00,12527.4
2025-01-19 01:00:00,12431.83
2025-01-19 01:15:00,12299.05
2025-01-19 01:30:00,12209.82
2025-01-19 01:45:00,12213.58
2025-01-19 02:00:00,12152.4
2025-01-19 02:15:00,12095.98
2025-01-19 02:30:00,12081.45
2025-01-19 02:45:00,12016.61
2025-01-19 03:00:00,12081.3
2025-01-19 03:15:00,12065.92
2025-01-19 03:30:00,12030.18
2025-01-19 03:45:00,12054.26
2025-01-19 04:00:00,12043.62
2025-01-19 04:15:00,12096.24
2025-01-19 04:30:00,12116.13
2025-01-19 04:45:00,12119.74
2025-01-19 05:00:00,12251.83
2025-01-19 05:15:00,12314.29
2025-01-19 05:30:00,12380.23
2025-01-19 05:45:00,12508.76
2025-01-19 06:00:00,12715.99
2025-01-19 06:15:00,12772.41
2025-01-19 06:30:00,12940.33
2025-01-19 06:45:00,13152.97
2025-01-19 07:00:00,13412.04
2025-01-19 07:15:00,13678.68
2025-01-19 07:30:00,13847.22
2025-01-19 07:45:00,14104.68
2025-01-19 08:00:00,14391.1
2025-01-19 08:15:00,14570.15
2025-01-19 08:30:00,14816.22
2025-01-19 08:45:00,14960.69
2025-01-19 09:00:00,15032.19
2025-01-19 09:15:00,15098.29
2025-01-19 09:30:00,15152.59
2025-01-19 09:45:00,15207.82
2025-01-19 10:00:00,15232.24
2025-01-19 10:15:00,15245.03
2025-01-19 10:30:00,15300.22
2025-01-19 10:45:00,15405.08
2025-01-19 11:00:00,15529.79
2025-01-19 11:15:00,15595.08
2025-01-19 11:30:00,15579.07
2025-01-19 11:45:00,15599.5
2025-01-19 12:00:00,15662.39
2025-01-19 12:15:00,15647.1
2025-01-19 12:30:00,15688.88
2025-01-19 12:45:00,15578.38
2025-01-19 13:00:00,15669.05
2025-01-19 13:15:00,15651.51
2025-01-19 13:30:00,15703.72
2025-01-19 13:45:00,15735.8
2025-01-19 14:00:00,15814.41
2025-01-19 14:15:00,15918.26
2025-01-19 14:30:00,15917.61
2025-01-19 14:45:00,15935.87
2025-01-19 15:00:00,15987.53
2025-01-19 15:15:00,16095.98
2025-01-19 15:30:00,16336.05
2025-01-19 15:45:00,16593.52
2025-01-19 16:00:00,16877.65
2025-01-19 16:15:00,17249.51
2025-01-19 16:30:00,17414.84
2025-01-19 16:45:00,17448.42
2025-01-19 17:00:00,17245.77
2025-01-19 17:15:00,17063.37
2025-01-19 17:30:00,16906.27
2025-01-19 17:45:00,16773.52
2025-01-19 18:00:00,16651.48
2025-01-19 18:15:00,16499.19
2025-01-19 18:30:00,16339.04
2025-01-19 18:45:00,16275.19
2025-01-19 19:00:00,16066.89
2025-01-19 19:15:00,15939.92
2025-01-19 19:30:00,15802.52
2025-01-19 19:45:00,15636.47
2025-01-19 20:00:00,15482.23
2025-01-19 20:15:00,15303.45
2025-01-19 20:30:00,15156.2
2025-01-19 20:45:00,14995.15
2025-01-19 21:00:00,14770.87
2025-01-19 21:15:00,14527.96
2025-01-19 21:30:00,14286.8
2025-01-19 21:45:00,14131.4
2025-01-19 22:00:00,13809.76
2025-01-19 22:15:00,13619.89
2025-01-19 22:30:00,13425.78
2025-01-19 22:45:00,13293.72
2025-01-19 23:00:00,13137.0
2025-01-19 23:15:00,13012.61
2025-01-19 23:30:00,12893.95
2025-01-19 23:45:00,12810.34
2025-01-20 00:00:00,12664.58
2025-01-20 00:15:00,12564.43
2025-01-20 00:30:00,12472.45
2025-01-20 00:45:00,12448.8
2025-01-20 01:00:00,12387.41
2025-01-20 01:15:00,12359.37
2025-01-20 01:30:00,12324.23
2025-01-20 01:45:00,12276.49
2025-01-20 02:00:00,12331.7
2025-01-20 02:15:00,12355.7
2025-01-20 02:30:00,12269.91
2025-01-20 02:45:00,12262.35
2025-01-20 03:00:00,12356.86
2025-01-20 03:15:00,12366.66
2025-01-20 03:30:00,12330.02
2025-01-20 03:45:00,12369.43
2025-01-20 04:00:00,12600.85
2025-01-20 04:15:00,12718.9
2025-01-20 04:30:00,12914.17
2025-01-20 04:45:00,13137.32
2025-01-20 05:00:00,13651.3
2025-01-20 05:15:00,13982.77
2025-01-20 05:30:00,14415.46
2025-01-20 05:45:00,14864.56
2025-01-20 06:00:00,15596.79
2025-01-20 06:15:00,16151.2
2025-01-20 06:30:00,16641.99
2025-01-20 06:45:00,17106.51
2025-01-20 07:00:00,17540.36
2025-01-20 07:15:00,17802.18
2025-01-20 07:30:00,18008.2
2025-01-20 07:45:00,18191.57
2025-01-20 08:00:00,18391.4
2025-01-20 08:15:00,18602.8
2025-01-20 08:30:00,18631.81
2025-01-20 08:45:00,18687.37
2025-01-20 09:00:00,18721.67
2025-01-20 09:15:00,18744.22
2025-01-20 09:30:00,18751.15
2025-01-20 09:45:00,18782.0
2025-01-20 10:00:00,18699.33
2025-01-20 10:15:00,18611.27
2025-01-20 10:30:00,18565.31
2025-01-20 10:45:00,18635.65
2025-01-20 11:00:00,18586.99
2025-01-20 11:15:00,18417.01
2025-01-20 11:30:00,18296.72
2025-01-20 11:45:00,18284.19
2025-01-20 12:00:00,18443.23
2025-01-20 12:15:00,18379.51
2025-01-20 12:30:00,18337.24
2025-01-20 12:45:00,18257.51
2025-01-20 13:00:00,18345.82
2025-01-20 13:15:00,18352.67
2025-01-20 13:30:00,18305.76
2025-01-20 13:45:00,18442.02
2025-01-20 14:00:00,18434.05
2025-01-20 14:15:00,18620.61
2025-01-20 14:30:00,18509.37
2025-01-20 14:45:00,18561.38
2025-01-20 15:00:00,18614.09
2025-01-20 15:15:00,18787.75
2025-01-20 15:30:00,18946.94
2025-01-20 15:45:00,19052.82
2025-01-20 16:00:00,19350.48
2025-01-20 16:15:00,19600.96
2025-01-20 16:30:00,19546.49
2025-01-20 16:45:00,19435.72
2025-01-20 17:00:00,19119.69
2025-01-20 17:15:00,18834.1
2025-01-20 17:30:00,18669.44
2025-01-20 17:45:00,18630.96
2025-01-20 18:00:00,18383.04
2025-01-20 18:15:00,18154.73
2025-01-20 18:30:00,17970.6
2025-01-20 18:45:00,17897.17
2025-01-20 19:00:00,17638.19
2025-01-20 19:15:00,17403.23
2025-01-20 19:30:00,17280.98
2025-01-20 19:45:00,17111.48
2025-01-20 20:00:00,16754.9
2025-01-20 20:15:00,16587.12
2025-01-20 20:30:00,16355.88
2025-01-20 20:45:00,16147.27
2025-01-20 21:00:00,15802.3
2025-01-20 21:15:00,15532.7
2025-01-20 21:30:00,15162.21
2025-01-20 21:45:00,14894.95
2025-01-20 22:00:00,14608.77
2025-01-20 22:15:00,14357.06
2025-01-20 22:30:00,14228.08
2025-01-20 22:45:00,14035.91
2025-01-20 23:00:00,13853.66
2025-01-20 23:15:00,13666.47
2025-01-20 23:30:00,13506.29
2025-01-20 23:45:00,13309.8
2025-01-21 00:00:00,13295.66
2025-01-21 00:15:00,13205.58
2025-01-21 00:30:00,13106.49
2025-01-21 00:45:00,13019.73
2025-01-21 01:00:00,13023.69
2025-01-21 01:15:00,12954.43
2025-01-21 01:30:00,12890.56
2025-01-21 01:45:00,12834.6
2025-01-21 02:00:00,12800.01
2025-01-21 02:15:00,12757.2
2025-01-21 02:30:00,12699.48
2025-01-21 02:45:00,12701.81
2025-01-21 03:00:00,12763.65
2025-01-21 03:15:00,12705.11
2025-01-21 03:30:00,12724.49
2025-01-21 03:45:00,12759.74
2025-01-21 04:00:00,12909.69
2025-01-21 04:15:00,13051.31
2025-01-21 04:30:00,13222.88
2025-01-21 04:45:00,13446.58
2025-01-21 05:00:00,13962.04
2025-01-21 05:15:00,14363.0
2025-01-21 05:30:00,14708.9
2025-01-21 05:45:00,15101.78
2025-01-21 06:00:00,15940.81
2025-01-21 06:15:00,16461.1
2025-01-21 06:30:00,16902.3
2025-01-21 06:45:00,17301.65
2025-01-21 07:00:00,17784.02
2025-01-21 07:15:00,18055.68
2025-01-21 07:30:00,18187.91
2025-01-21 07:45:00,18399.19
2025-01-21 08:00:00,18517.24
2025-01-21 08:15:00,18580.19
2025-01-21 08:30:00,18622.54
2025-01-21 08:45:00,18661.17
2025-01-21 09:00:00,18532.87
2025-01-21 09:15:00,18449.57
2025-01-21 09:30:00,18374.98
2025-01-21 09:45:00,18407.74
2025-01-21 10:00:00,18266.21
2025-01-21 10:15:00,18138.4
2025-01-21 10:30:00,18091.04
2025-01-21 10:45:00,18072.2
2025-01-21 11:00:00,17992.67
2025-01-21 11:15:00,17852.71
2025-01-21 11:30:00,17820.1
2025-01-21 11:45:00,17759.3
2025-01-21 12:00:00,17687.8
2025-01-21 12:15:00,17655.91
2025-01-21 12:30:00,17650.9
2025-01-21 12:45:00,17587.46
2025-01-21 13:00:00,17615.5
2025-01-21 13:15:00,17593.33
2025-01-21 13:30:00,17644.26
2025-01-21 13:45:00,17699.39
2025-01-21 14:00:00,17814.74
2025-01-21 14:15:00,17874.21
2025-01-21 14:30:00,17929.45
2025-01-21 14:45:00,18075.31
2025-01-21 15:00:00,18195.69
2025-01-21 15:15:00,18396.9
2025-01-21 15:30:00,18552.36
2025-01-21 15:45:00,18789.61
2025-01-21 16:00:00,19106.55
2025-01-21 16:15:00,19478.89
2025-01-21 16:30:00,19542.63
2025-01-21 16:45:00,19517.95
2025-01-21 17:00:00,19161.26
2025-01-21 17:15:00,18950.23
2025-01-21 17:30:00,18832.74
2025-01-21 17:45:00,18643.75
2025-01-21 18:00:00,18368.8
2025-01-21 18:15:00,18184.46
2025-01-21 18:30:00,18011.9
2025-01-21 18:45:00,17896.15
2025-01-21 19:00:00,17603.8
2025-01-21 19:15:00,17425.04
2025-01-21 19:30:00,17247.26
2025-01-21 19:45:00,17055.97
2025-01-21 20:00:00,16787.08
2025-01-21 20:15:00,16598.72
2025-01-21 20:30:00,16359.17
2025-01-21 20:45:00,16181.37
2025-01-21 21:00:00,15798.19
2025-01-21 21:15:00,15555.11
2025-01-21 21:30:00,15259.21
2025-01-21 21:45:00,15032.91
2025-01-21 22:00:00,14725.32
2025-01-21 22:15:00,14520.87
2025-01-21 22:30:00,14279.99
2025-01-21 22:45:00,14168.67
2025-01-21 23:00:00,13988.73
2025-01-21 23:15:00,13767.18
2025-01-21 23:30:00,13550.17
2025-01-21 23:45:00,13442.94
2025-01-22 00:00:00,13372.17
2025-01-22 00:15:00,13246.63
2025-01-22 00:30:00,13094.82
2025-01-22 00:45:00,12974.72
2025-01-22 01:00:00,12955.91
2025-01-22 01:15:00,12886.97
2025-01-22 01:30:00,12883.99
2025-01-22 01:45:00,12834.3
2025-01-22 02:00:00,12820.97
2025-01-22 02:15:00,12813.38
2025-01-22 02:30:00,12787.25
2025-01-22 02:45:00,12727.46
2025-01-22 03:00:00,12686.65
2025-01-22 03:15:00,12698.94
2025-01-22 03:30:00,12723.31
2025-01-22 03:45:00,12732.46
2025-01-22 04:00:00,12848.76
2025-01-22 04:15:00,12978.54
2025-01-22 04:30:00,13119.38
2025-01-22 04:45:00,13336.7
2025-01-22 05:00:00,13845.66
2025-01-22 05:15:00,14206.26
2025-01-22 05:30:00,14574.93
2025-01-22 05:45:00,14954.26
2025-01-22 06:00:00,15660.6
2025-01-22 06:15:00,16189.57
2025-01-22 06:30:00,16657.02
2025-01-22 06:45:00,17081.09
2025-01-22 07:00:00,17533.06
2025-01-22 07:15:00,17803.03
2025-01-22 07:30:00,18009.06
2025-01-22 07:45:00,18286.44
2025-01-22 08:00:00,18396.26
2025-01-22 08:15:00,18402.8
2025-01-22 08:30:00,18340.06
2025-01-22 08:45:00,18247.78
2025-01-22 09:00:00,18033.15
2025-01-22 09:15:00,17935.34
2025-01-22 09:30:00,17895.94
2025-01-22 09:45:00,17821.96
2025-01-22 10:00:00,17729.04
2025-01-22 10:15:00,17704.09
2025-01-22 10:30:00,17686.17
2025-01-22 10:45:00,17714.67
2025-01-22 11:00:00,17680.56
2025-01-22 11:15:00,17544.73
2025-01-22 11:30:00,17401.54
2025-01-22 11:45:00,17432.97
2025-01-22 12:00:00,17517.87
2025-01-22 12:15:00,17582.03
2025-01-22 12:30:00,17590.19
2025-01-22 12:45:00,17636.2
2025-01-22 13:00:00,17707.72
2025-01-22 13:15:00,17758.1
2025-01-22 13:30:00,17748.88
2025-01-22 13:45:00,17803.91
2025-01-22 14:00:00,17831.78
2025-01-22 14:15:00,17898.47
2025-01-22 14:30:00,17956.17
2025-01-22 14:45:00,18010.23
2025-01-22 15:00:00,18127.09
2025-01-22 15:15:00,18213.25
2025-01-22 15:30:00,18345.29
2025-01-22 15:45:00,18580.23
2025-01-22 16:00:00,18735.97
2025-01-22 16:15:00,19022.95
2025-01-22 16:30:00,19090.68
2025-01-22 16:45:00,19057.34
2025-01-22 17:00:00,18698.45
2025-01-22 17:15:00,18410.39
2025-01-22 17:30:00,18213.68
2025-01-22 17:45:00,18065.79
2025-01-22 18:00:00,17798.51
2025-01-22 18:15:00,17648.96
2025-01-22 18:30:00,17480.5
2025-01-22 18:45:00,17341.38
2025-01-22 19:00:00,17136.59
2025-01-22 19:15:00,16893.29
2025-01-22 19:30:00,16762.73
2025-01-22 19:45:00,16561.65
2025-01-22 20:00:00,16373.35
2025-01-22 20:15:00,16198.89
2025-01-22 20:30:00,15970.59
2025-01-22 20:45:00,15765.25
2025-01-22 21:00:00,15454.91
2025-01-22 21:15:00,15195.55
2025-01-22 21:30:00,14917.56
2025-01-22 21:45:00,14690.19
2025-01-22 22:00:00,14386.59
2025-01-22 22:15:00,14190.54
2025-01-22 22:30:00,13911.91
2025-01-22 22:45:00,13748.37
2025-01-22 23:00:00,13509.63
2025-01-22 23:15:00,13331.8
2025-01-22 23:30:00,13101.88
2025-01-22 23:45:00,13012.84
2025-01-23 00:00:00,12918.36
2025-01-23 00:15:00,12876.41
2025-01-23 00:30:00,12858.98
2025-01-23 00:45:00,12793.95
2025-01-23 01:00:00,12741.07
2025-01-23 01:15:00,12645.21
2025-01-23 01:30:00,12535.25
2025-01-23 01:45:00,12467.5
2025-01-23 02:00:00,12302.78
2025-01-23 02:15:00,12168.13
2025-01-23 02:30:00,12182.6
2025-01-23 02:45:00,12198.57
2025-01-23 03:00:00,12288.63
2025-01-23 03:15:00,12301.97
2025-01-23 03:30:00,12310.32
2025-01-23 03:45:00,12396.68
2025-01-23 04:00:00,12613.78
2025-01-23 04:15:00,12754.77
2025-01-23 04:30:00,12944.76
2025-01-23 04:45:00,13150.54
2025-01-23 05:00:00,13633.1
2025-01-23 05:15:00,13921.7
2025-01-23 05:30:00,14273.39
2025-01-23 05:45:00,14742.29
2025-01-23 06:00:00,15411.7
2025-01-23 06:15:00,15938.28
2025-01-23 06:30:00,16436.5
2025-01-23 06:45:00,16857.69
2025-01-23 07:00:00,17259.87
2025-01-23 07:15:00,17507.16
2025-01-23 07:30:00,17655.99
2025-01-23 07:45:00,17783.97
2025-01-23 08:00:00,17787.42
2025-01-23 08:15:00,17704.41
2025-01-23 08:30:00,17588.18
2025-01-23 08:45:00,17546.39
2025-01-23 09:00:00,17581.69
2025-01-23 09:15:00,17470.29
2025-01-23 09:30:00,17306.2
2025-01-23 09:45:00,17220.28
2025-01-23 10:00:00,17083.16
2025-01-23 10:15:00,17079.41
2025-01-23 10:30:00,17076.93
2025-01-23 10:45:00,16880.99
2025-01-23 11:00:00,16643.41
2025-01-23 11:15:00,16403.18
2025-01-23 11:30:00,16630.69
2025-01-23 11:45:00,16653.75
2025-01-23 12:00:00,16815.35
2025-01-23 12:15:00,16904.54
2025-01-23 12:30:00,16940.34
2025-01-23 12:45:00,16975.74
2025-01-23 13:00:00,17061.02
2025-01-23 13:15:00,17110.36
2025-01-23 13:30:00,17243.41
2025-01-23 13:45:00,17286.54
2025-01-23 14:00:00,17381.63
2025-01-23 14:15:00,17539.79
2025-01-23 14:30:00,17653.44
2025-01-23 14:45:00,17738.24
2025-01-23 15:00:00,17843.58
2025-01-23 15:15:00,17989.04
2025-01-23 15:30:00,18207.55
2025-01-23 15:45:00,18407.58
2025-01-23 16:00:00,18595.82
2025-01-23 16:15:00,18930.39
2025-01-23 16:30:00,19064.6
2025-01-23 16:45:00,19027.93
2025-01-23 17:00:00,18769.33
2025-01-23 17:15:00,18591.84
2025-01-23 17:30:00,18418.62
2025-01-23 17:45:00,18328.0
2025-01-23 18:00:00,18058.2
2025-01-23 18:15:00,17839.08
2025-01-23 18:30:00,17719.86
2025-01-23 18:45:00,17597.04
2025-01-23 19:00:00,17307.3
2025-01-23 19:15:00,17086.61
2025-01-23 19:30:00,16857.31
2025-01-23 19:45:00,16738.02
2025-01-23 20:00:00,16453.22
2025-01-23 20:15:00,16281.71
2025-01-23 20:30:00,16072.04
2025-01-23 20:45:00,15876.72
2025-01-23 21:00:00,15482.24
2025-01-23 21:15:00,15212.8
2025-01-23 21:30:00,14992.02
2025-01-23 21:45:00,14856.85
2025-01-23 22:00:00,14446.59
2025-01-23 22:15:00,14236.39
2025-01-23 22:30:00,14142.29
2025-01-23 22:45:00,13940.17
2025-01-23 23:00:00,13721.4
2025-01-23 23:15:00,13532.01
2025-01-23 23:30:00,13300.34
2025-01-23 23:45:00,13130.38
2025-01-24 00:00:00,13196.93
2025-01-24 00:15:00,13101.78
2025-01-24 00:30:00,12982.84
2025-01-24 00:45:00,12847.92
2025-01-24 01:00:00,12863.27
2025-01-24 01:15:00,12746.99
2025-01-24 01:30:00,12746.49
2025-01-24 01:45:00,12715.22
2025-01-24 02:00:00,12760.29
2025-01-24 02:15:00,12688.34
2025-01-24 02:30:00,12737.76
2025-01-24 02:45:00,12674.42
2025-01-24 03:00:00,12759.18
2025-01-24 03:15:00,12769.65
2025-01-24 03:30:00,12686.05
2025-01-24 03:45:00,12763.79
2025-01-24 04:00:00,12769.82
2025-01-24 04:15:00,12849.87
2025-01-24 04:30:00,13019.65
2025-01-24 04:45:00,13220.04
2025-01-24 05:00:00,13636.87
2025-01-24 05:15:00,13881.25
2025-01-24 05:30:00,14227.44
2025-01-24 05:45:00,14622.84
2025-01-24 06:00:00,15336.47
2025-01-24 06:15:00,15730.52
2025-01-24 06:30:00,16223.16
2025-01-24 06:45:00,16658.21
2025-01-24 07:00:00,17096.04
2025-01-24 07:15:00,17400.23
2025-01-24 07:30:00,17621.52
2025-01-24 07:45:00,17823.56
2025-01-24 08:00:00,18088.87
2025-01-24 08:15:00,18213.43
2025-01-24 08:30:00,18205.83
2025-01-24 08:45:00,18248.19
2025-01-24 09:00:00,18277.64
2025-01-24 09:15:00,18310.01
2025-01-24 09:30:00,18343.42
2025-01-24 09:45:00,18350.71
2025-01-24 10:00:00,18424.07
2025-01-24 10:15:00,18399.13
2025-01-24 10:30:00,18382.42
2025-01-24 10:45:00,18401.9
2025-01-24 11:00:00,18429.12
2025-01-24 11:15:00,18399.36
2025-01-24 11:30:00,18282.83
2025-01-24 11:45:00,18256.64
2025-01-24 12:00:00,18293.4
2025-01-24 12:15:00,18276.87
2025-01-24 12:30:00,18288.63
2025-01-24 12:45:00,18209.43
2025-01-24 13:00:00,18139.94
2025-01-24 13:15:00,18219.92
2025-01-24 13:30:00,18079.7
2025-01-24 13:45:00,18137.53
2025-01-24 14:00:00,18011.33
2025-01-24 14:15:00,18004.1
2025-01-24 14:30:00,17917.16
2025-01-24 14:45:00,17910.53
2025-01-24 15:00:00,17934.46
2025-01-24 15:15:00,18016.97
2025-01-24 15:30:00,18106.09
2025-01-24 15:45:00,18289.27
2025-01-24 16:00:00,18328.98
2025-01-24 16:15:00,18539.02
2025-01-24 16:30:00,18684.05
2025-01-24 16:45:00,18647.11
2025-01-24 17:00:00,18269.24
2025-01-24 17:15:00,18058.84
2025-01-24 17:30:00,17788.55
2025-01-24 17:45:00,17661.65
2025-01-24 18:00:00,17363.99
2025-01-24 18:15:00,17158.98
2025-01-24 18:30:00,16946.86
2025-01-24 18:45:00,16728.56
2025-01-24 19:00:00,16414.93
2025-01-24 19:15:00,16241.77
2025-01-24 19:30:00,15958.75
2025-01-24 19:45:00,15729.21
2025-01-24 20:00:00,15593.45
2025-01-24 20:15:00,15299.14
2025-01-24 20:30:00,15155.99
2025-01-24 20:45:00,14872.07
2025-01-24 21:00:00,14510.12
2025-01-24 21:15:00,14258.24
2025-01-24 21:30:00,14061.72
2025-01-24 21:45:00,13806.09
2025-01-24 22:00:00,13727.09
2025-01-24 22:15:00,13493.07
2025-01-24 22:30:00,13328.16
2025-01-24 22:45:00,13113.74
2025-01-24 23:00:00,13187.42
2025-01-24 23:15:00,12953.8
2025-01-24 23:30:00,12879.31
2025-01-24 23:45:00,12867.55
2025-01-25 00:00:00,12594.62
2025-01-25 00:15:00,12465.63
2025-01-25 00:30:00,12382.06
2025-01-25 00:45:00,12219.01
2025-01-25 01:00:00,12194.34
2025-01-25 01:15:00,12177.03
2025-01-25 01:30:00,12054.1
2025-01-25 01:45:00,11903.71
2025-01-25 02:00:00,11832.83
2025-01-25 02:15:00,11759.69
2025-01-25 02:30:00,11649.6
2025-01-25 02:45:00,11600.48
2025-01-25 03:00:00,11942.86
2025-01-25 03:15:00,11985.79
2025-01-25 03:30:00,11977.85
2025-01-25 03:45:00,11953.21
2025-01-25 04:00:00,11954.5
2025-01-25 04:15:00,11933.07
2025-01-25 04:30:00,11984.99
2025-01-25 04:45:00,12061.74
2025-01-25 05:00:00,12139.16
2025-01-25 05:15:00,12260.12
2025-01-25 05:30:00,12419.93
2025-01-25 05:45:00,12642.52
2025-01-25 06:00:00,12961.12
2025-01-25 06:15:00,13044.58
2025-01-25 06:30:00,13257.0
2025-01-25 06:45:00,13547.65
2025-01-25 07:00:00,14031.88
2025-01-25 07:15:00,14158.43
2025-01-25 07:30:00,14349.04
2025-01-25 07:45:00,14606.9
2025-01-25 08:00:00,14844.04
2025-01-25 08:15:00,14954.18
2025-01-25 08:30:00,15030.51
2025-01-25 08:45:00,15206.37
2025-01-25 09:00:00,15312.72
2025-01-25 09:15:00,15318.78
2025-01-25 09:30:00,15212.74
2025-01-25 09:45:00,15098.85
2025-01-25 10:00:00,15043.69
2025-01-25 10:15:00,14909.59
2025-01-25 10:30:00,14938.3
2025-01-25 10:45:00,14986.46
2025-01-25 11:00:00,14957.15
2025-01-25 11:15:00,14835.76
2025-01-25 11:30:00,14857.65
2025-01-25 11:45:00,14769.45
2025-01-25 12:00:00,14747.6
2025-01-25 12:15:00,14643.28
2025-01-25 12:30:00,14677.73
2025-01-25 12:45:00,14512.79
2025-01-25 13:00:00,14353.39
2025-01-25 13:15:00,14345.19
2025-01-25 13:30:00,14286.93
2025-01-25 13:45:00,14214.86
2025-01-25 14:00:00,14183.0
2025-01-25 14:15:00,14249.68
2025-01-25 14:30:00,14362.24
2025-01-25 14:45:00,14548.06
2025-01-25 15:00:00,14773.61
2025-01-25 15:15:00,14999.52
2025-01-25 15:30:00,15309.2
2025-01-25 15:45:00,15634.03
2025-01-25 16:00:00,15707.56
2025-01-25 16:15:00,16024.87
2025-01-25 16:30:00,16285.57
2025-01-25 16:45:00,16435.11
2025-01-25 17:00:00,16316.15
2025-01-25 17:15:00,16112.06
2025-01-25 17:30:00,15970.94
2025-01-25 17:45:00,15833.99
2025-01-25 18:00:00,15626.95
2025-01-25 18:15:00,15512.56
2025-01-25 18:30:00,15347.51
2025-01-25 18:45:00,15297.05
2025-01-25 19:00:00,15079.08
2025-01-25 19:15:00,14947.34
2025-01-25 19:30:00,14806.0
2025-01-25 19:45:00,14714.04
2025-01-25 20:00:00,14483.86
2025-01-25 20:15:00,14328.82
2025-01-25 20:30:00,14211.89
2025-01-25 20:45:00,14110.55
2025-01-25 21:00:00,13929.97
2025-01-25 21:15:00,13734.5
2025-01-25 21:30:00,13578.65
2025-01-25 21:45:00,13401.37
2025-01-25 22:00:00,13211.79
2025-01-25 22:15:00,13051.97
2025-01-25 22:30:00,12908.41
2025-01-25 22:45:00,12738.35
2025-01-25 23:00:00,12664.39
2025-01-25 23:15:00,12527.62
2025-01-25 23:30:00,12389.83
2025-01-25 23:45:00,12291.73
2025-01-26 00:00:00,12198.8
2025-01-26 00:15:00,12091.68
2025-01-26 00:30:00,11991.15
2025-01-26 00:45:00,11873.95
2025-01-26 01:00:00,11849.51
2025-01-26 01:15:00,11784.23
2025-01-26 01:30:00,11719.77
2025-01-26 01:45:00,11682.42
2025-01-26 02:00:00,11579.87
2025-01-26 02:15:00,11523.33
2025-01-26 02:30:00,11477.38
2025-01-26 02:45:00,11416.61
2025-01-26 03:00:00,11501.0
2025-01-26 03:15:00,11474.78
2025-01-26 03:30:00,11474.49
2025-01-26 03:45:00,11476.49
2025-01-26 04:00:00,11458.66
2025-01-26 04:15:00,11499.23
2025-01-26 04:30:00,11644.52
2025-01-26 04:45:00,11653.93
2025-01-26 05:00:00,11760.88
2025-01-26 05:15:00,11798.62
2025-01-26 05:30:00,11905.8
2025-01-26 05:45:00,12011.79
2025-01-26 06:00:00,12173.07
2025-01-26 06:15:00,12343.18
2025-01-26 06:30:00,12583.18
2025-01-26 06:45:00,12780.38
2025-01-26 07:00:00,13038.83
2025-01-26 07:15:00,13150.14
2025-01-26 07:30:00,13290.69
2025-01-26 07:45:00,13386.52
2025-01-26 08:00:00,13504.1
2025-01-26 08:15:00,13526.66
2025-01-26 08:30:00,13556.7
2025-01-26 08:45:00,13642.4
2025-01-26 09:00:00,13499.0
2025-01-26 09:15:00,13405.24
2025-01-26 09:30:00,13417.61
2025-01-26 09:45:00,13397.1
2025-01-26 10:00:00,13178.77
2025-01-26 10:15:00,13117.67
2025-01-26 10:30:00,13067.86
2025-01-26 10:45:00,13124.11
2025-01-26 11:00:00,13051.97
2025-01-26 11:15:00,13047.99
2025-01-26 11:30:00,13047.44
2025-01-26 11:45:00,13126.85
2025-01-26 12:00:00,13215.59
2025-01-26 12:15:00,13190.15
2025-01-26 12:30:00,13272.44
2025-01-26 12:45:00,13317.18
2025-01-26 13:00:00,13484.58
2025-01-26 13:15:00,13617.69
2025-01-26 13:30:00,13812.84
2025-01-26 13:45:00,13867.38
2025-01-26 14:00:00,13893.04
2025-01-26 14:15:00,14158.87
2025-01-26 14:30:00,14422.41
2025-01-26 14:45:00,14560.22
2025-01-26 15:00:00,14771.19
2025-01-26 15:15:00,14991.43
2025-01-26 15:30:00,15219.81
2025-01-26 15:45:00,15601.27
2025-01-26 16:00:00,15924.28
2025-01-26 16:15:00,16320.48
2025-01-26 16:30:00,16645.5
2025-01-26 16:45:00,16814.63
2025-01-26 17:00:00,16711.94
2025-01-26 17:15:00,16649.71
2025-01-26 17:30:00,16480.51
2025-01-26 17:45:00,16378.63
2025-01-26 18:00:00,16289.86
2025-01-26 18:15:00,16052.13
2025-01-26 18:30:00,16021.64
2025-01-26 18:45:00,15916.48
2025-01-26 19:00:00,15744.45
2025-01-26 19:15:00,15566.13
2025-01-26 19:30:00,15357.89
2025-01-26 19:45:00,15272.62
2025-01-26 20:00:00,15172.43
2025-01-26 20:15:00,15029.37
2025-01-26 20:30:00,14904.62
2025-01-26 20:45:00,14817.93
2025-01-26 21:00:00,14570.93
2025-01-26 21:15:00,14308.88
2025-01-26 21:30:00,14109.09
2025-01-26 21:45:00,13939.11
2025-01-26 22:00:00,13678.94
2025-01-26 22:15:00,13398.73
2025-01-26 22:30:00,13182.24
2025-01-26 22:45:00,13100.79
2025-01-26 23:00:00,12941.14
2025-01-26 23:15:00,12750.63
2025-01-26 23:30:00,12677.42
2025-01-26 23:45:00,12566.6
2025-01-27 00:00:00,12575.13
2025-01-27 00:15:00,12414.67
2025-01-27 00:30:00,12430.1
2025-01-27 00:45:00,12353.03
2025-01-27 01:00:00,12276.34
2025-01-27 01:15:00,12290.26
2025-01-27 01:30:00,12237.43
2025-01-27 01:45:00,12125.27
2025-01-27 02:00:00,12136.75
2025-01-27 02:15:00,12148.49
2025-01-27 02:30:00,12096.85
2025-01-27 02:45:00,12143.98
2025-01-27 03:00:00,12176.01
2025-01-27 03:15:00,12264.39
2025-01-27 03:30:00,12198.41
2025-01-27 03:45:00,12341.12
2025-01-27 04:00:00,12490.85
2025-01-27 04:15:00,12555.75
2025-01-27 04:30:00,12776.95
2025-01-27 04:45:00,12900.38
2025-01-27 05:00:00,13534.65
2025-01-27 05:15:00,13839.99
2025-01-27 05:30:00,14185.84
2025-01-27 05:45:00,14592.84
2025-01-27 06:00:00,15316.63
2025-01-27 06:15:00,15738.91
2025-01-27 06:30:00,16301.96
2025-01-27 06:45:00,16543.75
2025-01-27 07:00:00,17056.35
2025-01-27 07:15:00,17191.27
2025-01-27 07:30:00,17429.17
2025-01-27 07:45:00,17527.34
2025-01-27 08:00:00,17438.24
2025-01-27 08:15:00,17267.04
2025-01-27 08:30:00,17098.04
2025-01-27 08:45:00,16868.47
2025-01-27 09:00:00,16657.13
2025-01-27 09:15:00,16391.25
2025-01-27 09:30:00,16142.27
2025-01-27 09:45:00,15941.6
2025-01-27 10:00:00,15927.19
2025-01-27 10:15:00,15961.54
2025-01-27 10:30:00,15980.14
2025-01-27 10:45:00,15991.21
2025-01-27 11:00:00,15759.91
2025-01-27 11:15:00,15688.8
2025-01-27 11:30:00,15475.8
2025-01-27 11:45:00,15397.66
2025-01-27 12:00:00,15262.55
2025-01-27 12:15:00,15357.01
2025-01-27 12:30:00,15302.36
2025-01-27 12:45:00,15277.58
2025-01-27 13:00:00,15307.46
2025-01-27 13:15:00,15303.35
2025-01-27 13:30:00,15224.2
2025-01-27 13:45:00,15331.85
2025-01-27 14:00:00,15334.05
2025-01-27 14:15:00,15433.84
2025-01-27 14:30:00,15588.97
2025-01-27 14:45:00,15651.21
2025-01-27 15:00:00,15939.27
2025-01-27 15:15:00,16088.77
2025-01-27 15:30:00,16453.32
2025-01-27 15:45:00,16911.91
2025-01-27 16:00:00,17327.38
2025-01-27 16:15:00,17758.83
2025-01-27 16:30:00,18051.03
2025-01-27 16:45:00,18191.19
2025-01-27 17:00:00,17912.34
2025-01-27 17:15:00,17679.41
2025-01-27 17:30:00,17563.07
2025-01-27 17:45:00,17400.75
2025-01-27 18:00:00,17283.89
2025-01-27 18:15:00,17088.93
2025-01-27 18:30:00,16866.14
2025-01-27 18:45:00,16723.38
2025-01-27 19:00:00,16414.9
2025-01-27 19:15:00,16278.09
2025-01-27 19:30:00,16035.77
2025-01-27 19:45:00,15848.35
2025-01-27 20:00:00,15674.56
2025-01-27 20:15:00,15390.32
2025-01-27 20:30:00,15302.81
2025-01-27 20:45:00,15011.77
2025-01-27 21:00:00,14643.39
2025-01-27 21:15:00,14415.04
2025-01-27 21:30:00,14171.62
2025-01-27 21:45:00,14071.41
2025-01-27 22:00:00,13749.31
2025-01-27 22:15:00,13491.06
2025-01-27 22:30:00,13428.25
2025-01-27 22:45:00,13235.98
2025-01-27 23:00:00,13115.07
2025-01-27 23:15:00,13083.68
2025-01-27 23:30:00,12963.59
2025-01-27 23:45:00,12788.92
2025-01-28 00:00:00,12717.95
2025-01-28 00:15:00,12610.81
2025-01-28 00:30:00,12573.25
2025-01-28 00:45:00,12413.03
2025-01-28 01:00:00,12393.75
2025-01-28 01:15:00,12290.01
2025-01-28 01:30:00,12262.32
2025-01-28 01:45:00,12194.5
2025-01-28 02:00:00,12150.91
2025-01-28 02:15:00,12126.94
2025-01-28 02:30:00,12080.92
2025-01-28 02:45:00,12021.95
2025-01-28 03:00:00,12199.74
2025-01-28 03:15:00,12236.86
2025-01-28 03:30:00,12288.09
2025-01-28 03:45:00,12293.01
2025-01-28 04:00:00,12377.81
2025-01-28 04:15:00,12515.05
2025-01-28 04:30:00,12781.26
2025-01-28 04:45:00,12979.34
2025-01-28 05:00:00,13507.0
2025-01-28 05:15:00,13814.97
2025-01-28 05:30:00,14309.51
2025-01-28 05:45:00,14697.76
2025-01-28 06:00:00,15276.93
2025-01-28 06:15:00,15698.12
2025-01-28 06:30:00,16101.54
2025-01-28 06:45:00,16454.48
2025-01-28 07:00:00,16809.17
2025-01-28 07:15:00,17054.42
2025-01-28 07:30:00,17224.19
2025-01-28 07:45:00,17295.19
2025-01-28 08:00:00,17309.46
2025-01-28 08:15:00,17190.78
2025-01-28 08:30:00,17152.98
2025-01-28 08:45:00,17132.42
2025-01-28 09:00:00,16990.71
2025-01-28 09:15:00,16876.49
2025-01-28 09:30:00,16708.01
2025-01-28 09:45:00,16605.24
2025-01-28 10:00:00,16486.15
2025-01-28 10:15:00,16485.66
2025-01-28 10:30:00,16441.28
2025-01-28 10:45:00,16457.76
2025-01-28 11:00:00,16380.39
2025-01-28 11:15:00,16389.54
2025-01-28 11:30:00,16318.39
2025-01-28 11:45:00,16280.34
2025-01-28 12:00:00,16440.18
2025-01-28 12:15:00,16563.37
2025-01-28 12:30:00,16516.81
2025-01-28 12:45:00,16509.41
2025-01-28 13:00:00,16628.23
2025-01-28 13:15:00,16658.72
2025-01-28 13:30:00,16674.43
2025-01-28 13:45:00,16717.54
2025-01-28 14:00:00,16745.58
2025-01-28 14:15:00,16812.0
2025-01-28 14:30:00,16906.53
2025-01-28 14:45:00,17044.86
2025-01-28 15:00:00,17203.19
2025-01-28 15:15:00,17356.25
2025-01-28 15:30:00,17541.21
2025-01-28 15:45:00,17786.69
2025-01-28 16:00:00,17958.3
2025-01-28 16:15:00,18150.77
2025-01-28 16:30:00,18322.5
2025-01-28 16:45:00,18377.98
2025-01-28 17:00:00,18092.26
2025-01-28 17:15:00,17862.84
2025-01-28 17:30:00,17623.56
2025-01-28 17:45:00,17472.13
2025-01-28 18:00:00,17293.03
2025-01-28 18:15:00,17165.35
2025-01-28 18:30:00,17014.56
2025-01-28 18:45:00,16869.27
2025-01-28 19:00:00,16612.99
2025-01-28 19:15:00,16467.94
2025-01-28 19:30:00,16231.13
2025-01-28 19:45:00,16158.68
2025-01-28 20:00:00,15841.87
2025-01-28 20:15:00,15633.83
2025-01-28 20:30:00,15462.69
2025-01-28 20:45:00,15326.06
2025-01-28 21:00:00,15030.76
2025-01-28 21:15:00,14722.39
2025-01-28 21:30:00,14502.1
2025-01-28 21:45:00,14313.52
2025-01-28 22:00:00,14058.69
2025-01-28 22:15:00,13891.47
2025-01-28 22:30:00,13674.26
2025-01-28 22:45:00,13545.84
2025-01-28 23:00:00,13191.06
2025-01-28 23:15:00,13081.15
2025-01-28 23:30:00,12910.17
2025-01-28 23:45:00,12791.15
2025-01-29 00:00:00,12604.96
2025-01-29 00:15:00,12529.88
2025-01-29 00:30:00,12427.72
2025-01-29 00:45:00,12383.84
2025-01-29 01:00:00,12317.18
2025-01-29 01:15:00,12234.98
2025-01-29 01:30:00,12240.28
2025-01-29 01:45:00,12237.15
2025-01-29 02:00:00,12225.9
2025-01-29 02:15:00,12220.8
2025-01-29 02:30:00,12163.53
2025-01-29 02:45:00,12142.78
2025-01-29 03:00:00,12151.59
2025-01-29 03:15:00,12134.88
2025-01-29 03:30:00,12079.56
2025-01-29 03:45:00,12152.24
2025-01-29 04:00:00,12353.94
2025-01-29 04:15:00,12399.85
2025-01-29 04:30:00,12584.03
2025-01-29 04:45:00,12788.83
2025-01-29 05:00:00,13308.25
2025-01-29 05:15:00,13610.1
2025-01-29 05:30:00,13999.02
2025-01-29 05:45:00,14429.78
2025-01-29 06:00:00,15047.93
2025-01-29 06:15:00,15432.12
2025-01-29 06:30:00,16019.43
2025-01-29 06:45:00,16465.75
2025-01-29 07:00:00,16869.62
2025-01-29 07:15:00,17075.46
2025-01-29 07:30:00,17268.9
2025-01-29 07:45:00,17435.88
2025-01-29 08:00:00,17469.26
2025-01-29 08:15:00,17532.67
2025-01-29 08:30:00,17370.52
2025-01-29 08:45:00,17245.64
2025-01-29 09:00:00,17089.37
2025-01-29 09:15:00,16904.34
2025-01-29 09:30:00,16819.72
2025-01-29 09:45:00,16704.3
2025-01-29 10:00:00,16579.62
2025-01-29 10:15:00,16559.27
2025-01-29 10:30:00,16469.07
2025-01-29 10:45:00,16382.21
2025-01-29 11:00:00,16521.66
2025-01-29 11:15:00,16524.15
2025-01-29 11:30:00,16449.68
2025-01-29 11:45:00,16389.09
2025-01-29 12:00:00,16394.41
2025-01-29 12:15:00,16434.55
2025-01-29 12:30:00,16398.8
2025-01-29 12:45:00,16355.99
2025-01-29 13:00:00,16379.67
2025-01-29 13:15:00,16377.97
2025-01-29 13:30:00,16289.83
2025-01-29 13:45:00,16306.45
2025-01-29 14:00:00,16389.49
2025-01-29 14:15:00,16532.4
2025-01-29 14:30:00,16459.26
2025-01-29 14:45:00,16572.57
2025-01-29 15:00:00,16751.24
2025-01-29 15:15:00,16916.76
2025-01-29 15:30:00,17137.44
2025-01-29 15:45:00,17400.98
2025-01-29 16:00:00,17760.63
2025-01-29 16:15:00,18086.72
2025-01-29 16:30:00,18381.92
2025-01-29 16:45:00,18416.54
2025-01-29 17:00:00,18097.2
2025-01-29 17:15:00,17906.58
2025-01-29 17:30:00,17774.52
2025-01-29 17:45:00,17648.13
2025-01-29 18:00:00,17325.53
2025-01-29 18:15:00,17178.78
2025-01-29 18:30:00,17017.71
2025-01-29 18:45:00,16866.58
2025-01-29 19:00:00,16583.88
2025-01-29 19:15:00,16384.83
2025-01-29 19:30:00,16191.42
2025-01-29 19:45:00,15954.09
2025-01-29 20:00:00,15813.37
2025-01-29 20:15:00,15570.53
2025-01-29 20:30:00,15337.23
2025-01-29 20:45:00,15138.0
2025-01-29 21:00:00,14834.59
2025-01-29 21:15:00,14586.95
2025-01-29 21:30:00,14342.02
2025-01-29 21:45:00,14169.05
2025-01-29 22:00:00,13945.1
2025-01-29 22:15:00,13770.3
2025-01-29 22:30:00,13536.5
2025-01-29 22:45:00,13384.64
2025-01-29 23:00:00,13110.24
2025-01-29 23:15:00,12909.34
2025-01-29 23:30:00,12785.35
2025-01-29 23:45:00,12624.46
2025-01-30 00:00:00,12542.88
2025-01-30 00:15:00,12396.6
2025-01-30 00:30:00,12325.12
2025-01-30 00:45:00,12223.67
2025-01-30 01:00:00,12190.45
2025-01-30 01:15:00,12111.82
2025-01-30 01:30:00,12075.38
2025-01-30 01:45:00,12010.25
2025-01-30 02:00:00,12031.27
2025-01-30 02:15:00,11994.01
2025-01-30 02:30:00,11975.92
2025-01-30 02:45:00,11917.13
2025-01-30 03:00:00,11964.69
2025-01-30 03:15:00,11939.5
2025-01-30 03:30:00,11967.92
2025-01-30 03:45:00,12003.35
2025-01-30 04:00:00,12082.47
2025-01-30 04:15:00,12186.84
2025-01-30 04:30:00,12380.81
2025-01-30 04:45:00,12585.84
2025-01-30 05:00:00,13126.57
2025-01-30 05:15:00,13450.02
2025-01-30 05:30:00,13828.32
2025-01-30 05:45:00,14325.08
2025-01-30 06:00:00,15021.84
2025-01-30 06:15:00,15549.66
2025-01-30 06:30:00,16050.72
2025-01-30 06:45:00,16472.8
2025-01-30 07:00:00,16776.71
2025-01-30 07:15:00,16935.2
2025-01-30 07:30:00,17135.37
2025-01-30 07:45:00,17272.57
2025-01-30 08:00:00,17411.11
2025-01-30 08:15:00,17489.44
2025-01-30 08:30:00,17434.51
2025-01-30 08:45:00,17394.95
2025-01-30 09:00:00,17301.96
2025-01-30 09:15:00,17136.05
2025-01-30 09:30:00,16994.29
2025-01-30 09:45:00,16953.42
2025-01-30 10:00:00,16827.03
2025-01-30 10:15:00,16811.74
2025-01-30 10:30:00,16789.6
2025-01-30 10:45:00,16818.75
2025-01-30 11:00:00,16808.39
2025-01-30 11:15:00,16742.7
2025-01-30 11:30:00,16687.58
2025-01-30 11:45:00,16727.65
2025-01-30 12:00:00,16834.53
2025-01-30 12:15:00,16872.58
2025-01-30 12:30:00,16807.27
2025-01-30 12:45:00,16739.97
2025-01-30 13:00:00,16587.06
2025-01-30 13:15:00,16500.16
2025-01-30 13:30:00,16410.66
2025-01-30 13:45:00,16346.26
2025-01-30 14:00:00,16375.67
2025-01-30 14:15:00,16371.78
2025-01-30 14:30:00,16442.54
2025-01-30 14:45:00,16483.59
2025-01-30 15:00:00,16511.17
2025-01-30 15:15:00,16628.29
2025-01-30 15:30:00,16797.47
2025-01-30 15:45:00,17094.6
2025-01-30 16:00:00,17361.18
2025-01-30 16:15:00,17761.85
2025-01-30 16:30:00,18108.58
2025-01-30 16:45:00,18289.13
2025-01-30 17:00:00,18111.24
2025-01-30 17:15:00,17990.52
2025-01-30 17:30:00,17843.56
2025-01-30 17:45:00,17796.46
2025-01-30 18:00:00,17570.92
2025-01-30 18:15:00,17412.08
2025-01-30 18:30:00,17263.29
2025-01-30 18:45:00,17163.61
2025-01-30 19:00:00,16900.94
2025-01-30 19:15:00,16676.46
2025-01-30 19:30:00,16490.72
2025-01-30 19:45:00,16266.41
2025-01-30 20:00:00,16059.71
2025-01-30 20:15:00,15938.25
2025-01-30 20:30:00,15639.59
2025-01-30 20:45:00,15408.99
2025-01-30 21:00:00,15155.0
2025-01-30 21:15:00,14907.65
2025-01-30 21:30:00,14580.74
2025-01-30 21:45:00,14341.44
2025-01-30 22:00:00,14131.26
2025-01-30 22:15:00,13985.98
2025-01-30 22:30:00,13787.21
2025-01-30 22:45:00,13612.35
2025-01-30 23:00:00,13505.21
2025-01-30 23:15:00,13356.31
2025-01-30 23:30:00,13182.71
2025-01-30 23:45:00,13042.99
2025-01-31 00:00:00,12996.5
2025-01-31 00:15:00,12925.21
2025-01-31 00:30:00,12816.27
2025-01-31 00:45:00,12794.12
2025-01-31 01:00:00,12824.02
2025-01-31 01:15:00,12682.81
2025-01-31 01:30:00,12610.17
2025-01-31 01:45:00,12557.29
2025-01-31 02:00:00,12622.61
2025-01-31 02:15:00,12503.89
2025-01-31 02:30:00,12473.55
2025-01-31 02:45:00,12399.8
2025-01-31 03:00:00,12334.21
2025-01-31 03:15:00,12312.91
2025-01-31 03:30:00,12363.22
2025-01-31 03:45:00,12464.97
2025-01-31 04:00:00,12645.65
2025-01-31 04:15:00,12741.66
2025-01-31 04:30:00,12899.94
2025-01-31 04:45:00,13180.3
2025-01-31 05:00:00,13748.03
2025-01-31 05:15:00,13975.72
2025-01-31 05:30:00,14309.08
2025-01-31 05:45:00,14757.6
2025-01-31 06:00:00,15344.84
2025-01-31 06:15:00,15951.97
2025-01-31 06:30:00,16421.78
2025-01-31 06:45:00,16840.58
2025-01-31 07:00:00,17237.99
2025-01-31 07:15:00,17449.24
2025-01-31 07:30:00,17623.42
2025-01-31 07:45:00,17667.76
2025-01-31 08:00:00,17561.04
2025-01-31 08:15:00,17405.21
2025-01-31 08:30:00,17221.86
2025-01-31 08:45:00,17114.65
2025-01-31 09:00:00,16915.8
2025-01-31 09:15:00,16742.76
2025-01-31 09:30:00,16625.26
2025-01-31 09:45:00,16558.19
2025-01-31 10:00:00,16325.08
2025-01-31 10:15:00,16123.83
2025-01-31 10:30:00,15999.71
2025-01-31 10:45:00,15980.66
2025-01-31 11:00:00,15864.31
2025-01-31 11:15:00,15717.68
2025-01-31 11:30:00,15568.92
2025-01-31 11:45:00,15483.18
2025-01-31 12:00:00,15443.14
2025-01-31 12:15:00,15393.53
2025-01-31 12:30:00,15361.39
2025-01-31 12:45:00,15299.21
2025-01-31 13:00:00,15367.69
2025-01-31 13:15:00,15313.93
2025-01-31 13:30:00,15312.03
2025-01-31 13:45:00,15323.76
2025-01-31 14:00:00,15452.67
2025-01-31 14:15:00,15492.92
2025-01-31 14:30:00,15630.73
2025-01-31 14:45:00,15746.9
2025-01-31 15:00:00,15912.49
2025-01-31 15:15:00,16170.66
2025-01-31 15:30:00,16476.06
2025-01-31 15:45:00,16873.97
2025-01-31 16:00:00,17202.51
2025-01-31 16:15:00,17563.56
2025-01-31 16:30:00,17845.06
2025-01-31 16:45:00,17998.39
2025-01-31 17:00:00,17780.17
2025-01-31 17:15:00,17632.63
2025-01-31 17:30:00,17475.28
2025-01-31 17:45:00,17325.51
2025-01-31 18:00:00,17103.52
2025-01-31 18:15:00,16917.3
2025-01-31 18:30:00,16652.65
2025-01-31 18:45:00,16575.04
2025-01-31 19:00:00,16376.8
2025-01-31 19:15:00,16161.28
2025-01-31 19:30:00,15967.05
2025-01-31 19:45:00,15860.77
2025-01-31 20:00:00,15673.29
2025-01-31 20:15:00,15404.15
2025-01-31 20:30:00,15218.88
2025-01-31 20:45:00,15088.79
2025-01-31 21:00:00,14845.47
2025-01-31 21:15:00,14645.49
2025-01-31 21:30:00,14351.15
2025-01-31 21:45:00,14136.4
2025-01-31 22:00:00,13982.24
2025-01-31 22:15:00,13784.69
2025-01-31 22:30:00,13708.05
2025-01-31 22:45:00,13573.22
2025-01-31 23:00:00,13425.77
2025-01-31 23:15:00,13259.46
2025-01-31 23:30:00,13095.23
2025-01-31 23:45:00,12945.31
2025-02-01 00:00:00,12824.25
2025-02-01 00:15:00,12755.75
2025-02-01 00:30:00,12678.02
2025-02-01 00:45:00,12663.82
2025-02-01 01:00:00,12512.97
2025-02-01 01:15:00,12378.41
2025-02-01 01:30:00,12306.34
2025-02-01 01:45:00,12286.68
2025-02-01 02:00:00,12237.42
2025-02-01 02:15:00,12182.38
2025-02-01 02:30:00,12204.58
2025-02-01 02:45:00,12147.48
2025-02-01 03:00:00,12234.0
2025-02-01 03:15:00,12198.13
2025-02-01 03:30:00,12259.05
2025-02-01 03:45:00,12227.78
2025-02-01 04:00:00,12251.46
2025-02-01 04:15:00,12296.22
2025-02-01 04:30:00,12349.76
2025-02-01 04:45:00,12388.28
2025-02-01 05:00:00,12616.64
2025-02-01 05:15:00,12790.83
2025-02-01 05:30:00,12913.47
2025-02-01 05:45:00,13075.55
2025-02-01 06:00:00,13428.04
2025-02-01 06:15:00,13590.73
2025-02-01 06:30:00,13828.69
2025-02-01 06:45:00,14051.58
2025-02-01 07:00:00,14362.13
2025-02-01 07:15:00,14486.46
2025-02-01 07:30:00,14617.44
2025-02-01 07:45:00,14745.59
2025-02-01 08:00:00,14739.39
2025-02-01 08:15:00,14733.71
2025-02-01 08:30:00,14681.75
2025-02-01 08:45:00,14696.83
2025-02-01 09:00:00,14548.15
2025-02-01 09:15:00,14309.13
2025-02-01 09:30:00,14167.87
2025-02-01 09:45:00,14030.21
2025-02-01 10:00:00,13751.7
2025-02-01 10:15:00,13557.62
2025-02-01 10:30:00,13411.7
2025-02-01 10:45:00,13408.36
2025-02-01 11:00:00,13265.84
2025-02-01 11:15:00,13158.95
2025-02-01 11:30:00,13057.48
2025-02-01 11:45:00,13054.89
2025-02-01 12:00:00,13072.04
2025-02-01 12:15:00,13013.07
2025-02-01 12:30:00,12882.56
2025-02-01 12:45:00,12809.68
2025-02-01 13:00:00,12918.74
2025-02-01 13:15:00,12844.19
2025-02-01 13:30:00,12820.6
2025-02-01 13:45:00,12847.16
2025-02-01 14:00:00,13067.16
2025-02-01 14:15:00,13118.39
2025-02-01 14:30:00,13208.64
2025-02-01 14:45:00,13345.43
2025-02-01 15:00:00,13546.34
2025-02-01 15:15:00,13884.36
2025-02-01 15:30:00,14241.01
2025-02-01 15:45:00,14666.14
2025-02-01 16:00:00,15096.57
2025-02-01 16:15:00,15594.35
2025-02-01 16:30:00,16034.43
2025-02-01 16:45:00,16313.73
2025-02-01 17:00:00,16328.15
2025-02-01 17:15:00,16270.81
2025-02-01 17:30:00,16152.93
2025-02-01 17:45:00,16056.35
2025-02-01 18:00:00,15897.32
2025-02-01 18:15:00,15768.87
2025-02-01 18:30:00,15655.39
2025-02-01 18:45:00,15540.96
2025-02-01 19:00:00,15300.4
2025-02-01 19:15:00,15118.02
2025-02-01 19:30:00,14940.83
2025-02-01 19:45:00,14882.83
2025-02-01 20:00:00,14711.02
2025-02-01 20:15:00,14591.51
2025-02-01 20:30:00,14452.62
2025-02-01 20:45:00,14343.03
2025-02-01 21:00:00,14188.84
2025-02-01 21:15:00,14074.43
2025-02-01 21:30:00,13902.54
2025-02-01 21:45:00,13734.75
2025-02-01 22:00:00,13513.2
2025-02-01 22:15:00,13361.82
2025-02-01 22:30:00,13224.9
2025-02-01 22:45:00,13094.4
2025-02-01 23:00:00,12988.46
2025-02-01 23:15:00,12857.22
2025-02-01 23:30:00,12750.24
2025-02-01 23:45:00,12627.31
2025-02-02 00:00:00,12577.96
2025-02-02 00:15:00,12501.93
2025-02-02 00:30:00,12418.02
2025-02-02 00:45:00,12324.15
2025-02-02 01:00:00,12289.6
2025-02-02 01:15:00,12221.27
2025-02-02 01:30:00,12174.25
2025-02-02 01:45:00,12052.55
2025-02-02 02:00:00,12027.66
2025-02-02 02:15:00,11934.46
2025-02-02 02:30:00,11889.02
2025-02-02 02:45:00,11881.93
2025-02-02 03:00:00,11935.17
2025-02-02 03:15:00,11868.7
2025-02-02 03:30:00,11872.11
2025-02-02 03:45:00,11863.55
2025-02-02 04:00:00,11904.76
2025-02-02 04:15:00,11875.66
2025-02-02 04:30:00,11956.02
2025-02-02 04:45:00,12033.04
2025-02-02 05:00:00,12196.02
2025-02-02 05:15:00,12299.27
2025-02-02 05:30:00,12403.0
2025-02-02 05:45:00,12488.39
2025-02-02 06:00:00,12690.06
2025-02-02 06:15:00,12839.16
2025-02-02 06:30:00,12981.11
2025-02-02 06:45:00,13115.33
2025-02-02 07:00:00,13360.78
2025-02-02 07:15:00,13453.36
2025-02-02 07:30:00,13533.66
2025-02-02 07:45:00,13609.11
2025-02-02 08:00:00,13698.59
2025-02-02 08:15:00,13603.62
2025-02-02 08:30:00,13547.48
2025-02-02 08:45:00,13540.43
2025-02-02 09:00:00,13274.23
2025-02-02 09:15:00,13112.46
2025-02-02 09:30:00,13052.12
2025-02-02 09:45:00,13033.16
2025-02-02 10:00:00,12864.51
2025-02-02 10:15:00,12832.84
2025-02-02 10:30:00,12742.62
2025-02-02 10:45:00,12754.45
2025-02-02 11:00:00,12682.86
2025-02-02 11:15:00,12629.26
2025-02-02 11:30:00,12562.83
2025-02-02 11:45:00,12570.5
2025-02-02 12:00:00,12531.05
2025-02-02 12:15:00,12562.63
2025-02-02 12:30:00,12465.41
2025-02-02 12:45:00,12412.62
2025-02-02 13:00:00,12448.53
2025-02-02 13:15:00,12432.75
2025-02-02 13:30:00,12432.66
2025-02-02 13:45:00,12517.65
2025-02-02 14:00:00,12707.48
2025-02-02 14:15:00,12807.33
2025-02-02 14:30:00,12886.24
2025-02-02 14:45:00,13019.97
2025-02-02 15:00:00,13217.89
2025-02-02 15:15:00,13476.5
2025-02-02 15:30:00,13858.83
2025-02-02 15:45:00,14382.54
2025-02-02 16:00:00,14865.56
2025-02-02 16:15:00,15484.0
2025-02-02 16:30:00,16016.88
2025-02-02 16:45:00,16430.19
2025-02-02 17:00:00,16515.22
2025-02-02 17:15:00,16325.0
2025-02-02 17:30:00,16250.42
2025-02-02 17:45:00,16206.17
2025-02-02 18:00:00,16062.88
2025-02-02 18:15:00,15910.91
2025-02-02 18:30:00,15825.24
2025-02-02 18:45:00,15738.69
2025-02-02 19:00:00,15525.64
2025-02-02 19:15:00,15411.45
2025-02-02 19:30:00,15234.29
2025-02-02 19:45:00,15161.51
2025-02-02 20:00:00,14988.86
2025-02-02 20:15:00,14867.3
2025-02-02 20:30:00,14653.78
2025-02-02 20:45:00,14559.55
2025-02-02 21:00:00,14292.6
2025-02-02 21:15:00,14077.52
2025-02-02 21:30:00,13875.64
2025-02-02 21:45:00,13750.83
2025-02-02 22:00:00,13520.8
2025-02-02 22:15:00,13295.8
2025-02-02 22:30:00,13091.84
2025-02-02 22:45:00,12950.79
2025-02-02 23:00:00,12799.94
2025-02-02 23:15:00,12669.95
2025-02-02 23:30:00,12617.52
2025-02-02 23:45:00,12625.98
2025-02-03 00:00:00,12526.41
2025-02-03 00:15:00,12442.79
2025-02-03 00:30:00,12388.63
2025-02-03 00:45:00,12339.94
2025-02-03 01:00:00,12281.21
2025-02-03 01:15:00,12312.93
2025-02-03 01:30:00,12353.72
2025-02-03 01:45:00,12370.56
2025-02-03 02:00:00,12316.98
2025-02-03 02:15:00,12262.2
2025-02-03 02:30:00,12259.88
2025-02-03 02:45:00,12249.92
2025-02-03 03:00:00,12316.66
2025-02-03 03:15:00,12339.99
2025-02-03 03:30:00,12383.61
2025-02-03 03:45:00,12404.85
2025-02-03 04:00:00,12595.82
2025-02-03 04:15:00,12741.44
2025-02-03 04:30:00,12921.1
2025-02-03 04:45:00,13130.82
2025-02-03 05:00:00,13677.17
2025-02-03 05:15:00,14063.2
2025-02-03 05:30:00,14483.1
2025-02-03 05:45:00,14913.81
2025-02-03 06:00:00,15718.36
2025-02-03 06:15:00,16216.42
2025-02-03 06:30:00,16754.55
2025-02-03 06:45:00,17170.39
2025-02-03 07:00:00,17509.94
2025-02-03 07:15:00,17653.62
2025-02-03 07:30:00,17789.03
2025-02-03 07:45:00,17850.71
2025-02-03 08:00:00,17665.01
2025-02-03 08:15:00,17583.69
2025-02-03 08:30:00,17473.56
2025-02-03 08:45:00,17362.45
2025-02-03 09:00:00,16925.72
2025-02-03 09:15:00,16511.71
2025-02-03 09:30:00,16372.5
2025-02-03 09:45:00,16316.83
2025-02-03 10:00:00,15956.16
2025-02-03 10:15:00,15708.79
2025-02-03 10:30:00,15576.05
2025-02-03 10:45:00,15606.46
2025-02-03 11:00:00,15386.92
2025-02-03 11:15:00,15182.18
2025-02-03 11:30:00,15103.87
2025-02-03 11:45:00,15094.59
2025-02-03 12:00:00,15128.92
2025-02-03 12:15:00,15032.18
2025-02-03 12:30:00,14943.45
2025-02-03 12:45:00,14933.39
2025-02-03 13:00:00,15043.82
2025-02-03 13:15:00,14944.81
2025-02-03 13:30:00,14966.53
2025-02-03 13:45:00,15076.67
2025-02-03 14:00:00,15282.55
2025-02-03 14:15:00,15395.55
2025-02-03 14:30:00,15546.5
2025-02-03 14:45:00,15702.4
2025-02-03 15:00:00,16027.95
2025-02-03 15:15:00,16283.49
2025-02-03 15:30:00,16589.95
2025-02-03 15:45:00,17052.51
2025-02-03 16:00:00,17569.11
2025-02-03 16:15:00,18056.7
2025-02-03 16:30:00,18413.04
2025-02-03 16:45:00,18680.39
2025-02-03 17:00:00,18484.16
2025-02-03 17:15:00,18281.25
2025-02-03 17:30:00,18174.36
2025-02-03 17:45:00,18061.17
2025-02-03 18:00:00,17860.62
2025-02-03 18:15:00,17684.73
2025-02-03 18:30:00,17485.06
2025-02-03 18:45:00,17415.38
2025-02-03 19:00:00,17143.34
2025-02-03 19:15:00,16949.62
2025-02-03 19:30:00,16757.93
2025-02-03 19:45:00,16566.51
2025-02-03 20:00:00,16329.99
2025-02-03 20:15:00,16146.19
2025-02-03 20:30:00,15929.25
2025-02-03 20:45:00,15715.85
2025-02-03 21:00:00,15380.58
2025-02-03 21:15:00,15102.52
2025-02-03 21:30:00,14806.79
2025-02-03 21:45:00,14575.96
2025-02-03 22:00:00,14210.35
2025-02-03 22:15:00,14042.49
2025-02-03 22:30:00,13821.81
2025-02-03 22:45:00,13659.42
2025-02-03 23:00:00,13465.57
2025-02-03 23:15:00,13337.09
2025-02-03 23:30:00,13221.11
2025-02-03 23:45:00,13053.86
2025-02-04 00:00:00,12929.56
2025-02-04 00:15:00,12798.72
2025-02-04 00:30:00,12769.47
2025-02-04 00:45:00,12722.97
2025-02-04 01:00:00,12709.29
2025-02-04 01:15:00,12660.05
2025-02-04 01:30:00,12613.46
2025-02-04 01:45:00,12594.12
2025-02-04 02:00:00,12568.68
2025-02-04 02:15:00,12534.99
2025-02-04 02:30:00,12510.45
2025-02-04 02:45:00,12489.56
2025-02-04 03:00:00,12514.6
2025-02-04 03:15:00,12508.52
2025-02-04 03:30:00,12505.41
2025-02-04 03:45:00,12587.47
2025-02-04 04:00:00,12690.58
2025-02-04 04:15:00,12807.4
2025-02-04 04:30:00,13011.03
2025-02-04 04:45:00,13260.8
2025-02-04 05:00:00,13829.84
2025-02-04 05:15:00,14157.65
2025-02-04 05:30:00,14547.08
2025-02-04 05:45:00,14991.46
2025-02-04 06:00:00,15809.4
2025-02-04 06:15:00,16369.46
2025-02-04 06:30:00,16843.06
2025-02-04 06:45:00,17197.22
2025-02-04 07:00:00,17511.02
2025-02-04 07:15:00,17653.39
2025-02-04 07:30:00,17905.17
2025-02-04 07:45:00,18145.09
2025-02-04 08:00:00,18222.81
2025-02-04 08:15:00,18268.65
2025-02-04 08:30:00,18220.78
2025-02-04 08:45:00,18189.5
2025-02-04 09:00:00,18099.66
2025-02-04 09:15:00,17957.86
2025-02-04 09:30:00,17864.88
2025-02-04 09:45:00,17764.78
2025-02-04 10:00:00,17639.63
2025-02-04 10:15:00,17588.97
2025-02-04 10:30:00,17507.17
2025-02-04 10:45:00,17521.97
2025-02-04 11:00:00,17461.44
2025-02-04 11:15:00,17382.08
2025-02-04 11:30:00,17292.74
2025-02-04 11:45:00,17244.25
2025-02-04 12:00:00,17161.0
2025-02-04 12:15:00,17008.09
2025-02-04 12:30:00,16882.49
2025-02-04 12:45:00,16930.78
2025-02-04 13:00:00,16863.9
2025-02-04 13:15:00,16750.78
2025-02-04 13:30:00,16750.15
2025-02-04 13:45:00,16782.13
2025-02-04 14:00:00,16878.99
2025-02-04 14:15:00,17103.15
2025-02-04 14:30:00,17082.26
2025-02-04 14:45:00,17158.04
2025-02-04 15:00:00,17322.75
2025-02-04 15:15:00,17556.56
2025-02-04 15:30:00,17763.23
2025-02-04 15:45:00,18104.97
2025-02-04 16:00:00,18398.05
2025-02-04 16:15:00,18774.84
2025-02-04 16:30:00,19027.45
2025-02-04 16:45:00,19234.2
2025-02-04 17:00:00,18987.09
2025-02-04 17:15:00,18760.82
2025-02-04 17:30:00,18557.75
2025-02-04 17:45:00,18432.35
2025-02-04 18:00:00,18237.08
2025-02-04 18:15:00,18070.35
2025-02-04 18:30:00,17942.6
2025-02-04 18:45:00,17833.62
2025-02-04 19:00:00,17666.36
2025-02-04 19:15:00,17463.58
2025-02-04 19:30:00,17221.08
2025-02-04 19:45:00,17041.44
2025-02-04 20:00:00,16772.49
2025-02-04 20:15:00,16498.03
2025-02-04 20:30:00,16271.1
2025-02-04 20:45:00,16016.98
2025-02-04 21:00:00,15765.54
2025-02-04 21:15:00,15534.16
2025-02-04 21:30:00,15192.3
2025-02-04 21:45:00,14968.98
2025-02-04 22:00:00,14633.47
2025-02-04 22:15:00,14418.14
2025-02-04 22:30:00,14186.97
2025-02-04 22:45:00,13982.61
2025-02-04 23:00:00,13845.76
2025-02-04 23:15:00,13575.77
2025-02-04 23:30:00,13399.18
2025-02-04 23:45:00,13272.57
2025-02-05 00:00:00,13249.83
2025-02-05 00:15:00,13146.75
2025-02-05 00:30:00,13046.86
2025-02-05 00:45:00,13013.43
2025-02-05 01:00:00,12967.47
2025-02-05 01:15:00,12823.01
2025-02-05 01:30:00,12792.76
2025-02-05 01:45:00,12706.87
2025-02-05 02:00:00,12749.17
2025-02-05 02:15:00,12641.37
2025-02-05 02:30:00,12620.15
2025-02-05 02:45:00,12583.29
2025-02-05 03:00:00,12573.53
2025-02-05 03:15:00,12576.11
2025-02-05 03:30:00,12606.91
2025-02-05 03:45:00,12601.04
2025-02-05 04:00:00,12740.82
2025-02-05 04:15:00,12798.3
2025-02-05 04:30:00,12916.77
2025-02-05 04:45:00,13144.19
2025-02-05 05:00:00,13653.6
2025-02-05 05:15:00,13928.23
2025-02-05 05:30:00,14365.88
2025-02-05 05:45:00,14828.76
2025-02-05 06:00:00,15502.39
2025-02-05 06:15:00,16037.22
2025-02-05 06:30:00,16444.22
2025-02-05 06:45:00,16825.02
2025-02-05 07:00:00,17154.12
2025-02-05 07:15:00,17271.58
2025-02-05 07:30:00,17444.95
2025-02-05 07:45:00,17557.7
2025-02-05 08:00:00,17603.28
2025-02-05 08:15:00,17555.15
2025-02-05 08:30:00,17325.25
2025-02-05 08:45:00,17287.82
2025-02-05 09:00:00,17014.39
2025-02-05 09:15:00,16888.95
2025-02-05 09:30:00,16805.41
2025-02-05 09:45:00,16753.64
2025-02-05 10:00:00,16529.17
2025-02-05 10:15:00,16471.23
2025-02-05 10:30:00,16443.18
2025-02-05 10:45:00,16511.98
2025-02-05 11:00:00,16366.36
2025-02-05 11:15:00,16144.83
2025-02-05 11:30:00,16094.93
2025-02-05 11:45:00,16084.65
2025-02-05 12:00:00,15970.19
2025-02-05 12:15:00,16009.74
2025-02-05 12:30:00,15967.04
2025-02-05 12:45:00,15957.78
2025-02-05 13:00:00,16037.58
2025-02-05 13:15:00,15986.42
2025-02-05 13:30:00,15981.46
2025-02-05 13:45:00,16007.76
2025-02-05 14:00:00,16058.91
2025-02-05 14:15:00,16030.44
2025-02-05 14:30:00,16136.55
2025-02-05 14:45:00,16266.13
2025-02-05 15:00:00,16366.13
2025-02-05 15:15:00,16522.55
2025-02-05 15:30:00,16806.77
2025-02-05 15:45:00,17141.47
2025-02-05 16:00:00,17556.42
2025-02-05 16:15:00,18000.43
2025-02-05 16:30:00,18305.8
2025-02-05 16:45:00,18463.41
2025-02-05 17:00:00,18318.84
2025-02-05 17:15:00,18232.04
2025-02-05 17:30:00,18079.24
2025-02-05 17:45:00,17930.86
2025-02-05 18:00:00,17639.98
2025-02-05 18:15:00,17475.47
2025-02-05 18:30:00,17340.28
2025-02-05 18:45:00,17222.59
2025-02-05 19:00:00,16935.0
2025-02-05 19:15:00,16694.25
2025-02-05 19:30:00,16500.4
2025-02-05 19:45:00,16338.86
2025-02-05 20:00:00,16094.89
2025-02-05 20:15:00,15807.25
2025-02-05 20:30:00,15569.74
2025-02-05 20:45:00,15377.13
2025-02-05 21:00:00,15144.32
2025-02-05 21:15:00,14960.88
2025-02-05 21:30:00,14712.35
2025-02-05 21:45:00,14485.65
2025-02-05 22:00:00,14177.57
2025-02-05 22:15:00,13904.68
2025-02-05 22:30:00,13749.94
2025-02-05 22:45:00,13631.02
2025-02-05 23:00:00,13407.62
2025-02-05 23:15:00,13226.21
2025-02-05 23:30:00,13119.56
2025-02-05 23:45:00,12958.91
2025-02-06 00:00:00,12861.32
2025-02-06 00:15:00,12738.63
2025-02-06 00:30:00,12648.18
2025-02-06 00:45:00,12598.49
2025-02-06 01:00:00,12539.26
2025-02-06 01:15:00,12421.41
2025-02-06 01:30:00,12483.59
2025-02-06 01:45:00,12414.89
2025-02-06 02:00:00,12307.6
2025-02-06 02:15:00,12228.79
2025-02-06 02:30:00,12180.17
2025-02-06 02:45:00,12145.41
2025-02-06 03:00:00,12205.69
2025-02-06 03:15:00,12218.02
2025-02-06 03:30:00,12283.11
2025-02-06 03:45:00,12342.28
2025-02-06 04:00:00,12542.04
2025-02-06 04:15:00,12684.51
2025-02-06 04:30:00,12897.38
2025-02-06 04:45:00,13156.08
2025-02-06 05:00:00,13646.17
2025-02-06 05:15:00,14007.9
2025-02-06 05:30:00,14363.17
2025-02-06 05:45:00,14753.61
2025-02-06 06:00:00,15488.34
2025-02-06 06:15:00,15961.24
2025-02-06 06:30:00,16416.04
2025-02-06 06:45:00,16851.37
2025-02-06 07:00:00,17165.89
2025-02-06 07:15:00,17365.46
2025-02-06 07:30:00,17545.47
2025-02-06 07:45:00,17680.58
2025-02-06 08:00:00,17738.3
2025-02-06 08:15:00,17653.22
2025-02-06 08:30:00,17546.16
2025-02-06 08:45:00,17535.6
2025-02-06 09:00:00,17354.09
2025-02-06 09:15:00,17182.83
2025-02-06 09:30:00,17072.67
2025-02-06 09:45:00,17047.28
2025-02-06 10:00:00,16755.92
2025-02-06 10:15:00,16464.06
2025-02-06 10:30:00,16407.39
2025-02-06 10:45:00,16381.98
2025-02-06 11:00:00,16233.56
2025-02-06 11:15:00,15990.63
2025-02-06 11:30:00,15850.26
2025-02-06 11:45:00,15784.1
2025-02-06 12:00:00,15619.01
2025-02-06 12:15:00,15515.04
2025-02-06 12:30:00,15497.43
2025-02-06 12:45:00,15480.51
2025-02-06 13:00:00,15408.39
2025-02-06 13:15:00,15421.97
2025-02-06 13:30:00,15458.44
2025-02-06 13:45:00,15537.15
2025-02-06 14:00:00,15674.84
2025-02-06 14:15:00,15890.9
2025-02-06 14:30:00,16140.67
2025-02-06 14:45:00,16228.89
2025-02-06 15:00:00,16426.46
2025-02-06 15:15:00,16716.48
2025-02-06 15:30:00,16969.16
2025-02-06 15:45:00,17330.4
2025-02-06 16:00:00,17665.84
2025-02-06 16:15:00,18092.56
2025-02-06 16:30:00,18373.21
2025-02-06 16:45:00,18634.88
2025-02-06 17:00:00,18436.83
2025-02-06 17:15:00,18362.44
2025-02-06 17:30:00,18215.1
2025-02-06 17:45:00,18107.55
2025-02-06 18:00:00,17967.3
2025-02-06 18:15:00,17780.39
2025-02-06 18:30:00,17682.3
2025-02-06 18:45:00,17555.62
2025-02-06 19:00:00,17323.52
2025-02-06 19:15:00,17119.19
2025-02-06 19:30:00,16873.05
2025-02-06 19:45:00,16665.85
2025-02-06 20:00:00,16409.43
2025-02-06 20:15:00,16177.2
2025-02-06 20:30:00,15922.09
2025-02-06 20:45:00,15735.08
2025-02-06 21:00:00,15452.43
2025-02-06 21:15:00,15150.36
2025-02-06 21:30:00,14825.12
2025-02-06 21:45:00,14626.46
2025-02-06 22:00:00,14381.96
2025-02-06 22:15:00,14191.25
2025-02-06 22:30:00,13970.88
2025-02-06 22:45:00,13808.09
2025-02-06 23:00:00,13563.06
2025-02-06 23:15:00,13435.52
2025-02-06 23:30:00,13309.89
2025-02-06 23:45:00,13199.59
2025-02-07 00:00:00,13132.9
2025-02-07 00:15:00,13059.91
2025-02-07 00:30:00,12977.32
2025-02-07 00:45:00,12919.02
2025-02-07 01:00:00,12880.46
2025-02-07 01:15:00,12816.15
2025-02-07 01:30:00,12892.01
2025-02-07 01:45:00,12820.19
2025-02-07 02:00:00,12804.04
2025-02-07 02:15:00,12762.74
2025-02-07 02:30:00,12783.17
2025-02-07 02:45:00,12781.77
2025-02-07 03:00:00,12795.7
2025-02-07 03:15:00,12763.84
2025-02-07 03:30:00,12819.62
2025-02-07 03:45:00,12822.23
2025-02-07 04:00:00,12901.6
2025-02-07 04:15:00,13028.88
2025-02-07 04:30:00,13243.94
2025-02-07 04:45:00,13428.34
2025-02-07 05:00:00,14033.38
2025-02-07 05:15:00,14378.77
2025-02-07 05:30:00,14731.89
2025-02-07 05:45:00,15136.88
2025-02-07 06:00:00,15906.58
2025-02-07 06:15:00,16365.04
2025-02-07 06:30:00,16873.71
2025-02-07 06:45:00,17327.33
2025-02-07 07:00:00,17646.56
2025-02-07 07:15:00,17867.06
2025-02-07 07:30:00,18021.0
2025-02-07 07:45:00,18219.74
2025-02-07 08:00:00,18234.53
2025-02-07 08:15:00,18198.36
2025-02-07 08:30:00,18175.05
2025-02-07 08:45:00,18154.06
2025-02-07 09:00:00,18070.88
2025-02-07 09:15:00,17956.2
2025-02-07 09:30:00,17913.89
2025-02-07 09:45:00,17921.02
2025-02-07 10:00:00,17722.71
2025-02-07 10:15:00,17556.71
2025-02-07 10:30:00,17579.39
2025-02-07 10:45:00,17554.19
2025-02-07 11:00:00,17572.17
2025-02-07 11:15:00,17451.09
2025-02-07 11:30:00,17338.75
2025-02-07 11:45:00,17271.22
2025-02-07 12:00:00,17331.54
2025-02-07 12:15:00,17390.3
2025-02-07 12:30:00,17388.27
2025-02-07 12:45:00,17339.49
2025-02-07 13:00:00,17439.41
2025-02-07 13:15:00,17485.19
2025-02-07 13:30:00,17429.31
2025-02-07 13:45:00,17443.34
2025-02-07 14:00:00,17497.01
2025-02-07 14:15:00,17659.19
2025-02-07 14:30:00,17618.96
2025-02-07 14:45:00,17704.04
2025-02-07 15:00:00,17772.06
2025-02-07 15:15:00,17896.1
2025-02-07 15:30:00,17995.34
2025-02-07 15:45:00,18281.07
2025-02-07 16:00:00,18402.47
2025-02-07 16:15:00,18571.2
2025-02-07 16:30:00,18745.14
2025-02-07 16:45:00,18898.1
2025-02-07 17:00:00,18704.82
2025-02-07 17:15:00,18516.84
2025-02-07 17:30:00,18268.84
2025-02-07 17:45:00,18085.35
2025-02-07 18:00:00,17856.41
2025-02-07 18:15:00,17721.01
2025-02-07 18:30:00,17495.29
2025-02-07 18:45:00,17352.71
2025-02-07 19:00:00,17125.92
2025-02-07 19:15:00,16963.13
2025-02-07 19:30:00,16791.98
2025-02-07 19:45:00,16565.08
2025-02-07 20:00:00,16327.83
2025-02-07 20:15:00,16188.57
2025-02-07 20:30:00,16010.55
2025-02-07 20:45:00,15861.29
2025-02-07 21:00:00,15489.9
2025-02-07 21:15:00,15253.63
2025-02-07 21:30:00,15044.89
2025-02-07 21:45:00,14878.78
2025-02-07 22:00:00,14587.77
2025-02-07 22:15:00,14353.99
2025-02-07 22:30:00,14222.63
2025-02-07 22:45:00,14081.89
2025-02-07 23:00:00,14007.69
2025-02-07 23:15:00,13799.03
2025-02-07 23:30:00,13636.78
2025-02-07 23:45:00,13449.95
2025-02-08 00:00:00,13532.96
2025-02-08 00:15:00,13365.29
2025-02-08 00:30:00,13228.26
2025-02-08 00:45:00,13050.59
2025-02-08 01:00:00,12972.5
2025-02-08 01:15:00,12835.17
2025-02-08 01:30:00,12701.99
2025-02-08 01:45:00,12554.44
2025-02-08 02:00:00,12490.09
2025-02-08 02:15:00,12412.46
2025-02-08 02:30:00,12384.8
2025-02-08 02:45:00,12386.97
2025-02-08 03:00:00,12490.97
2025-02-08 03:15:00,12484.0
2025-02-08 03:30:00,12437.03
2025-02-08 03:45:00,12438.1
2025-02-08 04:00:00,12461.18
2025-02-08 04:15:00,12426.99
2025-02-08 04:30:00,12490.26
2025-02-08 04:45:00,12558.29
2025-02-08 05:00:00,12804.98
2025-02-08 05:15:00,12902.3
2025-02-08 05:30:00,13038.44
2025-02-08 05:45:00,13220.39
2025-02-08 06:00:00,13492.04
2025-02-08 06:15:00,13659.19
2025-02-08 06:30:00,13875.64
2025-02-08 06:45:00,14058.12
2025-02-08 07:00:00,14401.29
2025-02-08 07:15:00,14552.52
2025-02-08 07:30:00,14682.64
2025-02-08 07:45:00,14869.52
2025-02-08 08:00:00,15179.95
2025-02-08 08:15:00,15331.74
2025-02-08 08:30:00,15382.78
2025-02-08 08:45:00,15426.04
2025-02-08 09:00:00,15433.3
2025-02-08 09:15:00,15417.55
2025-02-08 09:30:00,15452.58
2025-02-08 09:45:00,15410.86
2025-02-08 10:00:00,15450.13
2025-02-08 10:15:00,15357.53
2025-02-08 10:30:00,15252.85
2025-02-08 10:45:00,15191.67
2025-02-08 11:00:00,14886.43
2025-02-08 11:15:00,14655.29
2025-02-08 11:30:00,14582.69
2025-02-08 11:45:00,14467.92
2025-02-08 12:00:00,14335.71
2025-02-08 12:15:00,14267.05
2025-02-08 12:30:00,14232.39
2025-02-08 12:45:00,14110.37
2025-02-08 13:00:00,14233.6
2025-02-08 13:15:00,14366.71
2025-02-08 13:30:00,14176.95
2025-02-08 13:45:00,14110.44
2025-02-08 14:00:00,14147.09
2025-02-08 14:15:00,14106.5
2025-02-08 14:30:00,14134.8
2025-02-08 14:45:00,14188.73
2025-02-08 15:00:00,14261.9
2025-02-08 15:15:00,14305.75
2025-02-08 15:30:00,14525.43
2025-02-08 15:45:00,14807.41
2025-02-08 16:00:00,15222.66
2025-02-08 16:15:00,15713.95
2025-02-08 16:30:00,16159.23
2025-02-08 16:45:00,16426.78
2025-02-08 17:00:00,16477.65
2025-02-08 17:15:00,16371.69
2025-02-08 17:30:00,16228.61
2025-02-08 17:45:00,16103.72
2025-02-08 18:00:00,15875.87
2025-02-08 18:15:00,15722.3
2025-02-08 18:30:00,15532.78
2025-02-08 18:45:00,15426.97
2025-02-08 19:00:00,15237.34
2025-02-08 19:15:00,15051.9
2025-02-08 19:30:00,14846.07
2025-02-08 19:45:00,14717.3
2025-02-08 20:00:00,14570.53
2025-02-08 20:15:00,14401.63
2025-02-08 20:30:00,14355.72
2025-02-08 20:45:00,14202.97
2025-02-08 21:00:00,14021.07
2025-02-08 21:15:00,13923.36
2025-02-08 21:30:00,13747.1
2025-02-08 21:45:00,13556.37
2025-02-08 22:00:00,13356.48
2025-02-08 22:15:00,13169.5
2025-02-08 22:30:00,12991.88
2025-02-08 22:45:00,12814.6
2025-02-08 23:00:00,12755.17
2025-02-08 23:15:00,12629.13
2025-02-08 23:30:00,12406.52
2025-02-08 23:45:00,12318.73
2025-02-09 00:00:00,12209.61
2025-02-09 00:15:00,12115.29
2025-02-09 00:30:00,12034.9
2025-02-09 00:45:00,11898.6
2025-02-09 01:00:00,11892.75
2025-02-09 01:15:00,11859.86
2025-02-09 01:30:00,11871.19
2025-02-09 01:45:00,11774.52
2025-02-09 02:00:00,11792.25
2025-02-09 02:15:00,11809.19
2025-02-09 02:30:00,11779.7
2025-02-09 02:45:00,11687.42
2025-02-09 03:00:00,11782.61
2025-02-09 03:15:00,11768.83
2025-02-09 03:30:00,11693.31
2025-02-09 03:45:00,11678.17
2025-02-09 04:00:00,11786.89
2025-02-09 04:15:00,11724.72
2025-02-09 04:30:00,11729.24
2025-02-09 04:45:00,11758.91
2025-02-09 05:00:00,11900.84
2025-02-09 05:15:00,11858.7
2025-02-09 05:30:00,12010.9
2025-02-09 05:45:00,12101.01
2025-02-09 06:00:00,12275.99
2025-02-09 06:15:00,12475.46
2025-02-09 06:30:00,12612.09
2025-02-09 06:45:00,12791.24
2025-02-09 07:00:00,13017.25
2025-02-09 07:15:00,13208.91
2025-02-09 07:30:00,13317.7
2025-02-09 07:45:00,13352.1
2025-02-09 08:00:00,13429.9
2025-02-09 08:15:00,13493.02
2025-02-09 08:30:00,13484.97
2025-02-09 08:45:00,13553.37
2025-02-09 09:00:00,13489.37
2025-02-09 09:15:00,13462.12
2025-02-09 09:30:00,13558.97
2025-02-09 09:45:00,13671.5
2025-02-09 10:00:00,13560.98
2025-02-09 10:15:00,13461.37
2025-02-09 10:30:00,13560.83
2025-02-09 10:45:00,13660.95
2025-02-09 11:00:00,13618.15
2025-02-09 11:15:00,13562.76
2025-02-09 11:30:00,13613.52
2025-02-09 11:45:00,13655.02
2025-02-09 12:00:00,13593.14
2025-02-09 12:15:00,13561.33
2025-02-09 12:30:00,13524.83
2025-02-09 12:45:00,13452.08
2025-02-09 13:00:00,13621.27
2025-02-09 13:15:00,13445.39
2025-02-09 13:30:00,13446.58
2025-02-09 13:45:00,13539.69
2025-02-09 14:00:00,13809.48
2025-02-09 14:15:00,13769.76
2025-02-09 14:30:00,13754.67
2025-02-09 14:45:00,13954.79
2025-02-09 15:00:00,14170.04
2025-02-09 15:15:00,14309.57
2025-02-09 15:30:00,14592.59
2025-02-09 15:45:00,14995.09
2025-02-09 16:00:00,15466.48
2025-02-09 16:15:00,15850.21
2025-02-09 16:30:00,16370.12
2025-02-09 16:45:00,16700.08
2025-02-09 17:00:00,16714.95
2025-02-09 17:15:00,16618.17
2025-02-09 17:30:00,16462.92
2025-02-09 17:45:00,16370.05
2025-02-09 18:00:00,16209.05
2025-02-09 18:15:00,16074.22
2025-02-09 18:30:00,15957.78
2025-02-09 18:45:00,15899.91
2025-02-09 19:00:00,15699.9
2025-02-09 19:15:00,15557.44
2025-02-09 19:30:00,15344.17
2025-02-09 19:45:00,15243.22
2025-02-09 20:00:00,15012.72
2025-02-09 20:15:00,14861.62
2025-02-09 20:30:00,14680.75
2025-02-09 20:45:00,14498.3
2025-02-09 21:00:00,14251.31
2025-02-09 21:15:00,14168.88
2025-02-09 21:30:00,13989.35
2025-02-09 21:45:00,13837.39
2025-02-09 22:00:00,13638.53
2025-02-09 22:15:00,13472.13
2025-02-09 22:30:00,13187.67
2025-02-09 22:45:00,13062.17
2025-02-09 23:00:00,13093.96
2025-02-09 23:15:00,12906.48
2025-02-09 23:30:00,12729.93
2025-02-09 23:45:00,12588.81
2025-02-10 00:00:00,12730.92
2025-02-10 00:15:00,12598.85
2025-02-10 00:30:00,12601.46
2025-02-10 00:45:00,12483.12
2025-02-10 01:00:00,12532.12
2025-02-10 01:15:00,12433.54
2025-02-10 01:30:00,12439.98
2025-02-10 01:45:00,12368.66
2025-02-10 02:00:00,12333.51
2025-02-10 02:15:00,12285.17
2025-02-10 02:30:00,12378.08
2025-02-10 02:45:00,12353.09
2025-02-10 03:00:00,12384.56
2025-02-10 03:15:00,12360.0
2025-02-10 03:30:00,12515.62
2025-02-10 03:45:00,12575.58
2025-02-10 04:00:00,12666.39
2025-02-10 04:15:00,12768.36
2025-02-10 04:30:00,13022.24
2025-02-10 04:45:00,13300.61
2025-02-10 05:00:00,13794.8
2025-02-10 05:15:00,14148.85
2025-02-10 05:30:00,14579.25
2025-02-10 05:45:00,14995.02
2025-02-10 06:00:00,15772.12
2025-02-10 06:15:00,16330.4
2025-02-10 06:30:00,16874.4
2025-02-10 06:45:00,17229.98
2025-02-10 07:00:00,17618.5
2025-02-10 07:15:00,17867.98
2025-02-10 07:30:00,18018.64
2025-02-10 07:45:00,18129.12
2025-02-10 08:00:00,18157.08
2025-02-10 08:15:00,18140.8
2025-02-10 08:30:00,18077.05
2025-02-10 08:45:00,18096.11
2025-02-10 09:00:00,18114.44
2025-02-10 09:15:00,17926.92
2025-02-10 09:30:00,17932.52
2025-02-10 09:45:00,17870.75
2025-02-10 10:00:00,17815.15
2025-02-10 10:15:00,17843.89
2025-02-10 10:30:00,17665.68
2025-02-10 10:45:00,17749.23
2025-02-10 11:00:00,17609.41
2025-02-10 11:15:00,17545.02
2025-02-10 11:30:00,17325.89
2025-02-10 11:45:00,17362.41
2025-02-10 12:00:00,17313.91
2025-02-10 12:15:00,17396.1
2025-02-10 12:30:00,17349.51
2025-02-10 12:45:00,17367.75
2025-02-10 13:00:00,17346.82
2025-02-10 13:15:00,17358.56
2025-02-10 13:30:00,17446.98
2025-02-10 13:45:00,17552.77
2025-02-10 14:00:00,17757.75
2025-02-10 14:15:00,17848.86
2025-02-10 14:30:00,17882.5
2025-02-10 14:45:00,18010.42
2025-02-10 15:00:00,18154.2
2025-02-10 15:15:00,18339.04
2025-02-10 15:30:00,18435.52
2025-02-10 15:45:00,18697.64
2025-02-10 16:00:00,19004.37
2025-02-10 16:15:00,19277.26
2025-02-10 16:30:00,19379.89
2025-02-10 16:45:00,19499.01
2025-02-10 17:00:00,19185.13
2025-02-10 17:15:00,19006.52
2025-02-10 17:30:00,18836.64
2025-02-10 17:45:00,18745.88
2025-02-10 18:00:00,18519.29
2025-02-10 18:15:00,18345.1
2025-02-10 18:30:00,18181.9
2025-02-10 18:45:00,18083.63
2025-02-10 19:00:00,17877.36
2025-02-10 19:15:00,17604.92
2025-02-10 19:30:00,17439.13
2025-02-10 19:45:00,17183.0
2025-02-10 20:00:00,16838.44
2025-02-10 20:15:00,16659.85
2025-02-10 20:30:00,16379.33
2025-02-10 20:45:00,16208.98
2025-02-10 21:00:00,15825.25
2025-02-10 21:15:00,15676.43
2025-02-10 21:30:00,15399.51
2025-02-10 21:45:00,15126.18
2025-02-10 22:00:00,14720.36
2025-02-10 22:15:00,14523.25
2025-02-10 22:30:00,14325.33
2025-02-10 22:45:00,14173.73
2025-02-10 23:00:00,14116.49
2025-02-10 23:15:00,13901.05
2025-02-10 23:30:00,13813.62
2025-02-10 23:45:00,13657.09
2025-02-11 00:00:00,13552.18
2025-02-11 00:15:00,13424.67
2025-02-11 00:30:00,13287.83
2025-02-11 00:45:00,13161.55
2025-02-11 01:00:00,13190.68
2025-02-11 01:15:00,13146.48
2025-02-11 01:30:00,13077.2
2025-02-11 01:45:00,12999.61
2025-02-11 02:00:00,12964.68
2025-02-11 02:15:00,12990.89
2025-02-11 02:30:00,12930.94
2025-02-11 02:45:00,12817.58
2025-02-11 03:00:00,12875.08
2025-02-11 03:15:00,12961.89
2025-02-11 03:30:00,12903.2
2025-02-11 03:45:00,12990.97
2025-02-11 04:00:00,12996.24
2025-02-11 04:15:00,13081.52
2025-02-11 04:30:00,13197.33
2025-02-11 04:45:00,13365.56
2025-02-11 05:00:00,14063.92
2025-02-11 05:15:00,14103.84
2025-02-11 05:30:00,14676.84
2025-02-11 05:45:00,15134.21
2025-02-11 06:00:00,15916.23
2025-02-11 06:15:00,16379.01
2025-02-11 06:30:00,16990.0
2025-02-11 06:45:00,17385.65
2025-02-11 07:00:00,17711.31
2025-02-11 07:15:00,17903.35
2025-02-11 07:30:00,18144.31
2025-02-11 07:45:00,18336.37
2025-02-11 08:00:00,18563.49
2025-02-11 08:15:00,18635.1
2025-02-11 08:30:00,18682.7
2025-02-11 08:45:00,18689.52
2025-02-11 09:00:00,18671.79
2025-02-11 09:15:00,18574.79
2025-02-11 09:30:00,18583.17
2025-02-11 09:45:00,18546.99
2025-02-11 10:00:00,18479.66
2025-02-11 10:15:00,18473.62
2025-02-11 10:30:00,18444.38
2025-02-11 10:45:00,18360.27
2025-02-11 11:00:00,18316.27
2025-02-11 11:15:00,18233.64
2025-02-11 11:30:00,18164.2
2025-02-11 11:45:00,18133.31
2025-02-11 12:00:00,18182.23
2025-02-11 12:15:00,18232.47
2025-02-11 12:30:00,18165.16
2025-02-11 12:45:00,18079.84
2025-02-11 13:00:00,18099.09
2025-02-11 13:15:00,18068.09
2025-02-11 13:30:00,18054.19
2025-02-11 13:45:00,18058.45
2025-02-11 14:00:00,17997.22
2025-02-11 14:15:00,18019.81
2025-02-11 14:30:00,18086.3
2025-02-11 14:45:00,18136.08
2025-02-11 15:00:00,18230.08
2025-02-11 15:15:00,18274.33
2025-02-11 15:30:00,18371.39
2025-02-11 15:45:00,18628.71
2025-02-11 16:00:00,18676.1
2025-02-11 16:15:00,18955.99
2025-02-11 16:30:00,19026.62
2025-02-11 16:45:00,19093.61
2025-02-11 17:00:00,18929.46
2025-02-11 17:15:00,18664.0
2025-02-11 17:30:00,18494.51
2025-02-11 17:45:00,18360.16
2025-02-11 18:00:00,18163.37
2025-02-11 18:15:00,17912.91
2025-02-11 18:30:00,17754.14
2025-02-11 18:45:00,17594.26
2025-02-11 19:00:00,17296.03
2025-02-11 19:15:00,17110.16
2025-02-11 19:30:00,16959.04
2025-02-11 19:45:00,16819.79
2025-02-11 20:00:00,16514.55
2025-02-11 20:15:00,16258.29
2025-02-11 20:30:00,15994.22
2025-02-11 20:45:00,15794.24
2025-02-11 21:00:00,15468.22
2025-02-11 21:15:00,15185.54
2025-02-11 21:30:00,14941.81
2025-02-11 21:45:00,14743.12
2025-02-11 22:00:00,14415.65
2025-02-11 22:15:00,14120.56
2025-02-11 22:30:00,13915.57
2025-02-11 22:45:00,13719.53
2025-02-11 23:00:00,13517.96
2025-02-11 23:15:00,13308.43
2025-02-11 23:30:00,13120.65
2025-02-11 23:45:00,13022.12
2025-02-12 00:00:00,12913.78
2025-02-12 00:15:00,12758.39
2025-02-12 00:30:00,12662.33
2025-02-12 00:45:00,12562.17
2025-02-12 01:00:00,12541.41
2025-02-12 01:15:00,12486.81
2025-02-12 01:30:00,12450.1
2025-02-12 01:45:00,12387.66
2025-02-12 02:00:00,12350.72
2025-02-12 02:15:00,12345.97
2025-02-12 02:30:00,12306.91
2025-02-12 02:45:00,12280.63
2025-02-12 03:00:00,12308.84
2025-02-12 03:15:00,12327.39
2025-02-12 03:30:00,12356.36
2025-02-12 03:45:00,12364.8
2025-02-12 04:00:00,12518.83
2025-02-12 04:15:00,12644.44
2025-02-12 04:30:00,12834.89
2025-02-12 04:45:00,13077.16
2025-02-12 05:00:00,13520.48
2025-02-12 05:15:00,13812.18
2025-02-12 05:30:00,14243.21
2025-02-12 05:45:00,14717.34
2025-02-12 06:00:00,15398.11
2025-02-12 06:15:00,15754.1
2025-02-12 06:30:00,16325.02
2025-02-12 06:45:00,16680.26
2025-02-12 07:00:00,17006.75
2025-02-12 07:15:00,17396.42
2025-02-12 07:30:00,17662.76
2025-02-12 07:45:00,17793.55
2025-02-12 08:00:00,17999.13
2025-02-12 08:15:00,18142.58
2025-02-12 08:30:00,18118.53
2025-02-12 08:45:00,18115.45
2025-02-12 09:00:00,17856.49
2025-02-12 09:15:00,17750.86
2025-02-12 09:30:00,17760.35
2025-02-12 09:45:00,17720.45
2025-02-12 10:00:00,17606.44
2025-02-12 10:15:00,17526.2
2025-02-12 10:30:00,17517.53
2025-02-12 10:45:00,17511.24
2025-02-12 11:00:00,17310.75
2025-02-12 11:15:00,17171.81
2025-02-12 11:30:00,17201.6
2025-02-12 11:45:00,17158.75
2025-02-12 12:00:00,17028.68
2025-02-12 12:15:00,17000.66
2025-02-12 12:30:00,17003.49
2025-02-12 12:45:00,16971.72
2025-02-12 13:00:00,16988.59
2025-02-12 13:15:00,17000.43
2025-02-12 13:30:00,17021.75
2025-02-12 13:45:00,17062.7
2025-02-12 14:00:00,16954.56
2025-02-12 14:15:00,17053.16
2025-02-12 14:30:00,17171.93
2025-02-12 14:45:00,17264.41
2025-02-12 15:00:00,17255.33
2025-02-12 15:15:00,17445.34
2025-02-12 15:30:00,17639.09
2025-02-12 15:45:00,17943.78
2025-02-12 16:00:00,18308.98
2025-02-12 16:15:00,18633.03
2025-02-12 16:30:00,18730.62
2025-02-12 16:45:00,18823.88
2025-02-12 17:00:00,18606.42
2025-02-12 17:15:00,18443.02
2025-02-12 17:30:00,18221.75
2025-02-12 17:45:00,18088.29
2025-02-12 18:00:00,17871.1
2025-02-12 18:15:00,17663.74
2025-02-12 18:30:00,17430.3
2025-02-12 18:45:00,17290.56
2025-02-12 19:00:00,17083.2
2025-02-12 19:15:00,16858.67
2025-02-12 19:30:00,16678.78
2025-02-12 19:45:00,16502.04
2025-02-12 20:00:00,16273.98
2025-02-12 20:15:00,16046.07
2025-02-12 20:30:00,15799.96
2025-02-12 20:45:00,15618.61
2025-02-12 21:00:00,15331.14
2025-02-12 21:15:00,15207.92
2025-02-12 21:30:00,14919.2
2025-02-12 21:45:00,14737.18
2025-02-12 22:00:00,14413.08
2025-02-12 22:15:00,14123.0
2025-02-12 22:30:00,13881.98
2025-02-12 22:45:00,13650.88
2025-02-12 23:00:00,13417.99
2025-02-12 23:15:00,13323.1
2025-02-12 23:30:00,13146.39
2025-02-12 23:45:00,13011.73
2025-02-13 00:00:00,12901.63
2025-02-13 00:15:00,12826.08
2025-02-13 00:30:00,12731.92
2025-02-13 00:45:00,12639.98
2025-02-13 01:00:00,12596.68
2025-02-13 01:15:00,12506.16
2025-02-13 01:30:00,12433.73
2025-02-13 01:45:00,12449.11
2025-02-13 02:00:00,12480.29
2025-02-13 02:15:00,12401.0
2025-02-13 02:30:00,12425.37
2025-02-13 02:45:00,12496.73
2025-02-13 03:00:00,12462.98
2025-02-13 03:15:00,12466.52
2025-02-13 03:30:00,12474.68
2025-02-13 03:45:00,12490.08
2025-02-13 04:00:00,12728.97
2025-02-13 04:15:00,12819.51
2025-02-13 04:30:00,13005.93
2025-02-13 04:45:00,13250.71
2025-02-13 05:00:00,13844.18
2025-02-13 05:15:00,14226.2
2025-02-13 05:30:00,14707.46
2025-02-13 05:45:00,15190.6
2025-02-13 06:00:00,15801.23
2025-02-13 06:15:00,16376.51
2025-02-13 06:30:00,16906.0
2025-02-13 06:45:00,17318.31
2025-02-13 07:00:00,17610.39
2025-02-13 07:15:00,17934.56
2025-02-13 07:30:00,18179.96
2025-02-13 07:45:00,18361.82
2025-02-13 08:00:00,18462.17
2025-02-13 08:15:00,18495.5
2025-02-13 08:30:00,18444.42
2025-02-13 08:45:00,18509.78
2025-02-13 09:00:00,18307.15
2025-02-13 09:15:00,18188.53
2025-02-13 09:30:00,18107.17
2025-02-13 09:45:00,17989.9
2025-02-13 10:00:00,17989.45
2025-02-13 10:15:00,18127.55
2025-02-13 10:30:00,18040.91
2025-02-13 10:45:00,17806.87
2025-02-13 11:00:00,17621.34
2025-02-13 11:15:00,17491.0
2025-02-13 11:30:00,17350.5
2025-02-13 11:45:00,17292.68
2025-02-13 12:00:00,17287.6
2025-02-13 12:15:00,17272.13
2025-02-13 12:30:00,17185.98
2025-02-13 12:45:00,17126.34
2025-02-13 13:00:00,17062.34
2025-02-13 13:15:00,17009.68
2025-02-13 13:30:00,16957.26
2025-02-13 13:45:00,17045.03
2025-02-13 14:00:00,17162.25
2025-02-13 14:15:00,17190.16
2025-02-13 14:30:00,17271.87
2025-02-13 14:45:00,17380.63
2025-02-13 15:00:00,17573.86
2025-02-13 15:15:00,17760.42
2025-02-13 15:30:00,17936.17
2025-02-13 15:45:00,18190.34
2025-02-13 16:00:00,18536.87
2025-02-13 16:15:00,18965.82
2025-02-13 16:30:00,19173.64
2025-02-13 16:45:00,19308.35
2025-02-13 17:00:00,19151.09
2025-02-13 17:15:00,18956.86
2025-02-13 17:30:00,18811.04
2025-02-13 17:45:00,18686.13
2025-02-13 18:00:00,18479.34
2025-02-13 18:15:00,18246.19
2025-02-13 18:30:00,18097.47
2025-02-13 18:45:00,17984.14
2025-02-13 19:00:00,17740.09
2025-02-13 19:15:00,17461.32
2025-02-13 19:30:00,17239.48
2025-02-13 19:45:00,17110.42
2025-02-13 20:00:00,16822.38
2025-02-13 20:15:00,16587.51
2025-02-13 20:30:00,16410.53
2025-02-13 20:45:00,16223.76
2025-02-13 21:00:00,15820.85
2025-02-13 21:15:00,15552.87
2025-02-13 21:30:00,15337.0
2025-02-13 21:45:00,15171.15
2025-02-13 22:00:00,14838.96
2025-02-13 22:15:00,14574.07
2025-02-13 22:30:00,14349.09
2025-02-13 22:45:00,14177.15
2025-02-13 23:00:00,13974.37
2025-02-13 23:15:00,13767.94
2025-02-13 23:30:00,13633.27
2025-02-13 23:45:00,13488.03
2025-02-14 00:00:00,13336.22
2025-02-14 00:15:00,13197.77
2025-02-14 00:30:00,13152.15
2025-02-14 00:45:00,13050.04
2025-02-14 01:00:00,13038.32
2025-02-14 01:15:00,12971.28
2025-02-14 01:30:00,12911.84
2025-02-14 01:45:00,12885.22
2025-02-14 02:00:00,12947.79
2025-02-14 02:15:00,12949.08
2025-02-14 02:30:00,12889.69
2025-02-14 02:45:00,12825.13
2025-02-14 03:00:00,12849.76
2025-02-14 03:15:00,12851.24
2025-02-14 03:30:00,12945.08
2025-02-14 03:45:00,12898.42
2025-02-14 04:00:00,13066.52
2025-02-14 04:15:00,13156.67
2025-02-14 04:30:00,13311.65
2025-02-14 04:45:00,13498.73
2025-02-14 05:00:00,14028.92
2025-02-14 05:15:00,14345.4
2025-02-14 05:30:00,14689.86
2025-02-14 05:45:00,15030.62
2025-02-14 06:00:00,15738.4
2025-02-14 06:15:00,16298.86
2025-02-14 06:30:00,16754.81
2025-02-14 06:45:00,17092.16
2025-02-14 07:00:00,17369.68
2025-02-14 07:15:00,17567.79
2025-02-14 07:30:00,17705.09
2025-02-14 07:45:00,17770.68
2025-02-14 08:00:00,17799.12
2025-02-14 08:15:00,17721.28
2025-02-14 08:30:00,17548.45
2025-02-14 08:45:00,17418.9
2025-02-14 09:00:00,17241.97
2025-02-14 09:15:00,16986.41
2025-02-14 09:30:00,16781.62
2025-02-14 09:45:00,16748.34
2025-02-14 10:00:00,16458.8
2025-02-14 10:15:00,16306.43
2025-02-14 10:30:00,16328.77
2025-02-14 10:45:00,16336.83
2025-02-14 11:00:00,16142.91
2025-02-14 11:15:00,16044.84
2025-02-14 11:30:00,15917.97
2025-02-14 11:45:00,15901.72
2025-02-14 12:00:00,16101.18
2025-02-14 12:15:00,16216.49
2025-02-14 12:30:00,16142.2
2025-02-14 12:45:00,16191.62
2025-02-14 13:00:00,16245.18
2025-02-14 13:15:00,16248.52
2025-02-14 13:30:00,16291.65
2025-02-14 13:45:00,16257.76
2025-02-14 14:00:00,16345.31
2025-02-14 14:15:00,16430.02
2025-02-14 14:30:00,16528.36
2025-02-14 14:45:00,16666.55
2025-02-14 15:00:00,16810.5
2025-02-14 15:15:00,17033.97
2025-02-14 15:30:00,17229.14
2025-02-14 15:45:00,17517.71
2025-02-14 16:00:00,17831.89
2025-02-14 16:15:00,18050.33
2025-02-14 16:30:00,18234.27
2025-02-14 16:45:00,18374.52
2025-02-14 17:00:00,18350.43
2025-02-14 17:15:00,18256.64
2025-02-14 17:30:00,18128.89
2025-02-14 17:45:00,17936.87
2025-02-14 18:00:00,17678.1
2025-02-14 18:15:00,17483.19
2025-02-14 18:30:00,17295.0
2025-02-14 18:45:00,17163.03
2025-02-14 19:00:00,16887.14
2025-02-14 19:15:00,16667.4
2025-02-14 19:30:00,16468.22
2025-02-14 19:45:00,16270.13
2025-02-14 20:00:00,16011.78
2025-02-14 20:15:00,15770.94
2025-02-14 20:30:00,15612.02
2025-02-14 20:45:00,15397.58
2025-02-14 21:00:00,15135.69
2025-02-14 21:15:00,14933.87
2025-02-14 21:30:00,14652.38
2025-02-14 21:45:00,14523.42
2025-02-14 22:00:00,14330.38
2025-02-14 22:15:00,14169.06
2025-02-14 22:30:00,13948.24
2025-02-14 22:45:00,13756.12
2025-02-14 23:00:00,13547.07
2025-02-14 23:15:00,13356.61
2025-02-14 23:30:00,13157.67
2025-02-14 23:45:00,13043.64
2025-02-15 00:00:00,12935.45
2025-02-15 00:15:00,12830.3
2025-02-15 00:30:00,12705.82
2025-02-15 00:45:00,12589.96
2025-02-15 01:00:00,12616.87
2025-02-15 01:15:00,12527.27
2025-02-15 01:30:00,12445.57
2025-02-15 01:45:00,12444.24
2025-02-15 02:00:00,12409.0
2025-02-15 02:15:00,12382.68
2025-02-15 02:30:00,12345.82
2025-02-15 02:45:00,12255.31
2025-02-15 03:00:00,12263.46
2025-02-15 03:15:00,12254.58
2025-02-15 03:30:00,12265.06
2025-02-15 03:45:00,12229.27
2025-02-15 04:00:00,12280.59
2025-02-15 04:15:00,12272.85
2025-02-15 04:30:00,12272.95
2025-02-15 04:45:00,12375.72
2025-02-15 05:00:00,12579.91
2025-02-15 05:15:00,12745.01
2025-02-15 05:30:00,12904.24
2025-02-15 05:45:00,13043.74
2025-02-15 06:00:00,13309.81
2025-02-15 06:15:00,13499.4
2025-02-15 06:30:00,13727.45
2025-02-15 06:45:00,13900.04
2025-02-15 07:00:00,14162.97
2025-02-15 07:15:00,14369.92
2025-02-15 07:30:00,14484.77
2025-02-15 07:45:00,14649.47
2025-02-15 08:00:00,14775.36
2025-02-15 08:15:00,14777.71
2025-02-15 08:30:00,14770.38
2025-02-15 08:45:00,14846.54
2025-02-15 09:00:00,14775.29
2025-02-15 09:15:00,14745.48
2025-02-15 09:30:00,14698.54
2025-02-15 09:45:00,14792.67
2025-02-15 10:00:00,14667.5
2025-02-15 10:15:00,14639.85
2025-02-15 10:30:00,14572.78
2025-02-15 10:45:00,14549.05
2025-02-15 11:00:00,14473.14
2025-02-15 11:15:00,14450.12
2025-02-15 11:30:00,14416.2
2025-02-15 11:45:00,14456.72
2025-02-15 12:00:00,14485.28
2025-02-15 12:15:00,14416.62
2025-02-15 12:30:00,14382.49
2025-02-15 12:45:00,14375.28
2025-02-15 13:00:00,14467.56
2025-02-15 13:15:00,14401.73
2025-02-15 13:30:00,14408.04
2025-02-15 13:45:00,14415.71
2025-02-15 14:00:00,14499.62
2025-02-15 14:15:00,14554.03
2025-02-15 14:30:00,14659.95
2025-02-15 14:45:00,14821.99
2025-02-15 15:00:00,14961.89
2025-02-15 15:15:00,15176.77
2025-02-15 15:30:00,15434.49
2025-02-15 15:45:00,15679.9
2025-02-15 16:00:00,16113.34
2025-02-15 16:15:00,16406.45
2025-02-15 16:30:00,16659.34
2025-02-15 16:45:00,16922.79
2025-02-15 17:00:00,16936.15
2025-02-15 17:15:00,16827.7
2025-02-15 17:30:00,16736.61
2025-02-15 17:45:00,16570.07
2025-02-15 18:00:00,16250.61
2025-02-15 18:15:00,16047.93
2025-02-15 18:30:00,15868.72
2025-02-15 18:45:00,15780.02
2025-02-15 19:00:00,15591.24
2025-02-15 19:15:00,15448.19
2025-02-15 19:30:00,15198.28
2025-02-15 19:45:00,15069.4
2025-02-15 20:00:00,14919.61
2025-02-15 20:15:00,14799.89
2025-02-15 20:30:00,14629.98
2025-02-15 20:45:00,14544.36
2025-02-15 21:00:00,14360.53
2025-02-15 21:15:00,14206.16
2025-02-15 21:30:00,14048.33
2025-02-15 21:45:00,13922.8
2025-02-15 22:00:00,13717.82
2025-02-15 22:15:00,13579.8
2025-02-15 22:30:00,13396.91
2025-02-15 22:45:00,13219.51
2025-02-15 23:00:00,13061.95
2025-02-15 23:15:00,12978.26
2025-02-15 23:30:00,12839.45
2025-02-15 23:45:00,12713.97
2025-02-16 00:00:00,12617.96
2025-02-16 00:15:00,12480.07
2025-02-16 00:30:00,12398.8
2025-02-16 00:45:00,12370.29
2025-02-16 01:00:00,12320.9
2025-02-16 01:15:00,12262.5
2025-02-16 01:30:00,12205.9
2025-02-16 01:45:00,12191.92
2025-02-16 02:00:00,12144.95
2025-02-16 02:15:00,12082.81
2025-02-16 02:30:00,12028.72
2025-02-16 02:45:00,12025.08
2025-02-16 03:00:00,12095.86
2025-02-16 03:15:00,12057.05
2025-02-16 03:30:00,12072.56
2025-02-16 03:45:00,12065.09
2025-02-16 04:00:00,12153.49
2025-02-16 04:15:00,12139.46
2025-02-16 04:30:00,12159.44
2025-02-16 04:45:00,12260.24
2025-02-16 05:00:00,12466.15
2025-02-16 05:15:00,12497.89
2025-02-16 05:30:00,12544.72
2025-02-16 05:45:00,12648.78
2025-02-16 06:00:00,12892.51
2025-02-16 06:15:00,13013.0
2025-02-16 06:30:00,13156.58
2025-02-16 06:45:00,13272.29
2025-02-16 07:00:00,13460.02
2025-02-16 07:15:00,13550.06
2025-02-16 07:30:00,13581.0
2025-02-16 07:45:00,13621.26
2025-02-16 08:00:00,13622.33
2025-02-16 08:15:00,13625.9
2025-02-16 08:30:00,13655.35
2025-02-16 08:45:00,13667.63
2025-02-16 09:00:00,13467.31
2025-02-16 09:15:00,13289.44
2025-02-16 09:30:00,13193.86
2025-02-16 09:45:00,13174.89
2025-02-16 10:00:00,13034.07
2025-02-16 10:15:00,12924.19
2025-02-16 10:30:00,12932.36
2025-02-16 10:45:00,12982.8
2025-02-16 11:00:00,12901.6
2025-02-16 11:15:00,12907.47
2025-02-16 11:30:00,12799.81
2025-02-16 11:45:00,12798.13
2025-02-16 12:00:00,12726.39
2025-02-16 12:15:00,12804.69
2025-02-16 12:30:00,12708.74
2025-02-16 12:45:00,12721.16
2025-02-16 13:00:00,12661.48
2025-02-16 13:15:00,12669.6
2025-02-16 13:30:00,12622.83
2025-02-16 13:45:00,12651.16
2025-02-16 14:00:00,12814.39
2025-02-16 14:15:00,12885.17
2025-02-16 14:30:00,12894.41
2025-02-16 14:45:00,12988.24
2025-02-16 15:00:00,13254.63
2025-02-16 15:15:00,13445.91
2025-02-16 15:30:00,13718.43
2025-02-16 15:45:00,14083.27
2025-02-16 16:00:00,14682.93
2025-02-16 16:15:00,15251.62
2025-02-16 16:30:00,15780.01
2025-02-16 16:45:00,16187.51
2025-02-16 17:00:00,16468.41
2025-02-16 17:15:00,16534.57
2025-02-16 17:30:00,16510.45
2025-02-16 17:45:00,16469.66
2025-02-16 18:00:00,16330.68
2025-02-16 18:15:00,16192.09
2025-02-16 18:30:00,16136.22
2025-02-16 18:45:00,16159.58
2025-02-16 19:00:00,16002.65
2025-02-16 19:15:00,15831.22
2025-02-16 19:30:00,15643.18
2025-02-16 19:45:00,15496.41
2025-02-16 20:00:00,15322.23
2025-02-16 20:15:00,15119.74
2025-02-16 20:30:00,14929.28
2025-02-16 20:45:00,14801.44
2025-02-16 21:00:00,14583.5
2025-02-16 21:15:00,14420.4
2025-02-16 21:30:00,14175.5
2025-02-16 21:45:00,13965.41
2025-02-16 22:00:00,13738.08
2025-02-16 22:15:00,13583.61
2025-02-16 22:30:00,13419.23
2025-02-16 22:45:00,13264.87
2025-02-16 23:00:00,13209.59
2025-02-16 23:15:00,13167.76
2025-02-16 23:30:00,12983.21
2025-02-16 23:45:00,12841.35
2025-02-17 00:00:00,12793.1
2025-02-17 00:15:00,12698.36
2025-02-17 00:30:00,12627.16
2025-02-17 00:45:00,12570.1
2025-02-17 01:00:00,12575.4
2025-02-17 01:15:00,12526.46
2025-02-17 01:30:00,12562.83
2025-02-17 01:45:00,12496.58
2025-02-17 02:00:00,12478.99
2025-02-17 02:15:00,12456.25
2025-02-17 02:30:00,12453.22
2025-02-17 02:45:00,12452.3
2025-02-17 03:00:00,12451.96
2025-02-17 03:15:00,12459.54
2025-02-17 03:30:00,12492.13
2025-02-17 03:45:00,12477.28
2025-02-17 04:00:00,12704.47
2025-02-17 04:15:00,12879.92
2025-02-17 04:30:00,13134.75
2025-02-17 04:45:00,13435.88
2025-02-17 05:00:00,14018.42
2025-02-17 05:15:00,14283.47
2025-02-17 05:30:00,14651.7
2025-02-17 05:45:00,15003.55
2025-02-17 06:00:00,15759.45
2025-02-17 06:15:00,16255.42
2025-02-17 06:30:00,16688.17
2025-02-17 06:45:00,17025.92
2025-02-17 07:00:00,17284.8
2025-02-17 07:15:00,17464.63
2025-02-17 07:30:00,17468.1
2025-02-17 07:45:00,17486.02
2025-02-17 08:00:00,17337.36
2025-02-17 08:15:00,17134.97
2025-02-17 08:30:00,16785.9
2025-02-17 08:45:00,16549.16
2025-02-17 09:00:00,16170.72
2025-02-17 09:15:00,15951.84
2025-02-17 09:30:00,15761.79
2025-02-17 09:45:00,15575.09
2025-02-17 10:00:00,15488.94
2025-02-17 10:15:00,15272.89
2025-02-17 10:30:00,15188.66
2025-02-17 10:45:00,15176.9
2025-02-17 11:00:00,15066.75
2025-02-17 11:15:00,14958.97
2025-02-17 11:30:00,14940.22
2025-02-17 11:45:00,14857.65
2025-02-17 12:00:00,14794.56
2025-02-17 12:15:00,14728.2
2025-02-17 12:30:00,14704.72
2025-02-17 12:45:00,14653.1
2025-02-17 13:00:00,14670.79
2025-02-17 13:15:00,14616.69
2025-02-17 13:30:00,14609.13
2025-02-17 13:45:00,14581.87
2025-02-17 14:00:00,14747.38
2025-02-17 14:15:00,14886.31
2025-02-17 14:30:00,15054.9
2025-02-17 14:45:00,15237.45
2025-02-17 15:00:00,15482.38
2025-02-17 15:15:00,15765.89
2025-02-17 15:30:00,15961.09
2025-02-17 15:45:00,16333.63
2025-02-17 16:00:00,16973.17
2025-02-17 16:15:00,17763.28
2025-02-17 16:30:00,18261.16
2025-02-17 16:45:00,18425.82
2025-02-17 17:00:00,18387.79
2025-02-17 17:15:00,18392.41
2025-02-17 17:30:00,18391.28
2025-02-17 17:45:00,18345.31
2025-02-17 18:00:00,18130.88
2025-02-17 18:15:00,17922.52
2025-02-17 18:30:00,17849.49
2025-02-17 18:45:00,17757.21
2025-02-17 19:00:00,17471.97
2025-02-17 19:15:00,17309.03
2025-02-17 19:30:00,17099.42
2025-02-17 19:45:00,16981.24
2025-02-17 20:00:00,16722.82
2025-02-17 20:15:00,16538.51
2025-02-17 20:30:00,16422.74
2025-02-17 20:45:00,16149.88
2025-02-17 21:00:00,15781.91
2025-02-17 21:15:00,15541.28
2025-02-17 21:30:00,15311.39
2025-02-17 21:45:00,15168.68
2025-02-17 22:00:00,14835.8
2025-02-17 22:15:00,14597.72
2025-02-17 22:30:00,14384.41
2025-02-17 22:45:00,14118.56
2025-02-17 23:00:00,13945.44
2025-02-17 23:15:00,13725.27
2025-02-17 23:30:00,13604.81
2025-02-17 23:45:00,13501.69
2025-02-18 00:00:00,13325.68
2025-02-18 00:15:00,13208.74
2025-02-18 00:30:00,13121.36
2025-02-18 00:45:00,13021.67
2025-02-18 01:00:00,12999.54
2025-02-18 01:15:00,12961.83
2025-02-18 01:30:00,12917.14
2025-02-18 01:45:00,12888.64
2025-02-18 02:00:00,12885.59
2025-02-18 02:15:00,12877.12
2025-02-18 02:30:00,12871.26
2025-02-18 02:45:00,12830.68
2025-02-18 03:00:00,12895.58
2025-02-18 03:15:00,12932.92
2025-02-18 03:30:00,12959.66
2025-02-18 03:45:00,13013.15
2025-02-18 04:00:00,13230.09
2025-02-18 04:15:00,13332.56
2025-02-18 04:30:00,13515.07
2025-02-18 04:45:00,13788.48
2025-02-18 05:00:00,14359.36
2025-02-18 05:15:00,14741.83
2025-02-18 05:30:00,15136.55
2025-02-18 05:45:00,15566.26
2025-02-18 06:00:00,16290.14
2025-02-18 06:15:00,16791.98
2025-02-18 06:30:00,17179.35
2025-02-18 06:45:00,17482.86
2025-02-18 07:00:00,17578.84
2025-02-18 07:15:00,17435.37
2025-02-18 07:30:00,17418.28
2025-02-18 07:45:00,17354.99
2025-02-18 08:00:00,17065.97
2025-02-18 08:15:00,16838.94
2025-02-18 08:30:00,16672.29
2025-02-18 08:45:00,16468.58
2025-02-18 09:00:00,16125.1
2025-02-18 09:15:00,15814.18
2025-02-18 09:30:00,15714.85
2025-02-18 09:45:00,15554.04
2025-02-18 10:00:00,15373.12
2025-02-18 10:15:00,15198.57
2025-02-18 10:30:00,15109.65
2025-02-18 10:45:00,15123.42
2025-02-18 11:00:00,15012.26
2025-02-18 11:15:00,14853.36
2025-02-18 11:30:00,14719.37
2025-02-18 11:45:00,14778.29
2025-02-18 12:00:00,14751.25
2025-02-18 12:15:00,14763.6
2025-02-18 12:30:00,14750.41
2025-02-18 12:45:00,14713.14
2025-02-18 13:00:00,14886.0
2025-02-18 13:15:00,14841.07
2025-02-18 13:30:00,14836.47
2025-02-18 13:45:00,14927.43
2025-02-18 14:00:00,15030.21
2025-02-18 14:15:00,15134.1
2025-02-18 14:30:00,15227.43
2025-02-18 14:45:00,15334.75
2025-02-18 15:00:00,15700.1
2025-02-18 15:15:00,15911.66
2025-02-18 15:30:00,16125.47
2025-02-18 15:45:00,16643.38
2025-02-18 16:00:00,17180.99
2025-02-18 16:15:00,17837.56
2025-02-18 16:30:00,18330.28
2025-02-18 16:45:00,18677.24
2025-02-18 17:00:00,18715.44
2025-02-18 17:15:00,18673.93
2025-02-18 17:30:00,18637.43
2025-02-18 17:45:00,18622.11
2025-02-18 18:00:00,18386.82
2025-02-18 18:15:00,18223.79
2025-02-18 18:30:00,18090.68
2025-02-18 18:45:00,17963.34
2025-02-18 19:00:00,17702.79
2025-02-18 19:15:00,17481.88
2025-02-18 19:30:00,17264.08
2025-02-18 19:45:00,17069.83
2025-02-18 20:00:00,16836.37
2025-02-18 20:15:00,16645.53
2025-02-18 20:30:00,16420.38
2025-02-18 20:45:00,16178.6
2025-02-18 21:00:00,15966.21
2025-02-18 21:15:00,15646.75
2025-02-18 21:30:00,15320.24
2025-02-18 21:45:00,15116.98
2025-02-18 22:00:00,14890.65
2025-02-18 22:15:00,14603.55
2025-02-18 22:30:00,14386.33
2025-02-18 22:45:00,14183.77
2025-02-18 23:00:00,13982.78
2025-02-18 23:15:00,13812.18
2025-02-18 23:30:00,13634.94
2025-02-18 23:45:00,13561.02
2025-02-19 00:00:00,13448.89
2025-02-19 00:15:00,13310.57
2025-02-19 00:30:00,13263.3
2025-02-19 00:45:00,13172.21
2025-02-19 01:00:00,13058.49
2025-02-19 01:15:00,13003.89
2025-02-19 01:30:00,12981.53
2025-02-19 01:45:00,13033.79
2025-02-19 02:00:00,12948.44
2025-02-19 02:15:00,12896.01
2025-02-19 02:30:00,12842.68
2025-02-19 02:45:00,12847.63
2025-02-19 03:00:00,12886.92
2025-02-19 03:15:00,12907.16
2025-02-19 03:30:00,12924.94
2025-02-19 03:45:00,12946.96
2025-02-19 04:00:00,13159.43
2025-02-19 04:15:00,13311.72
2025-02-19 04:30:00,13498.2
2025-02-19 04:45:00,13754.31
2025-02-19 05:00:00,14272.26
2025-02-19 05:15:00,14634.14
2025-02-19 05:30:00,14990.46
2025-02-19 05:45:00,15441.93
2025-02-19 06:00:00,16139.52
2025-02-19 06:15:00,16636.89
2025-02-19 06:30:00,17048.29
2025-02-19 06:45:00,17340.09
2025-02-19 07:00:00,17458.99
2025-02-19 07:15:00,17378.25
2025-02-19 07:30:00,17385.07
2025-02-19 07:45:00,17431.1
2025-02-19 08:00:00,17415.01
2025-02-19 08:15:00,17213.97
2025-02-19 08:30:00,17067.58
2025-02-19 08:45:00,16924.41
2025-02-19 09:00:00,16588.2
2025-02-19 09:15:00,16376.31
2025-02-19 09:30:00,16236.31
2025-02-19 09:45:00,16246.07
2025-02-19 10:00:00,15862.24
2025-02-19 10:15:00,15737.73
2025-02-19 10:30:00,15659.56
2025-02-19 10:45:00,15643.97
2025-02-19 11:00:00,15560.11
2025-02-19 11:15:00,15574.35
2025-02-19 11:30:00,15527.79
2025-02-19 11:45:00,15478.95
2025-02-19 12:00:00,15509.77
2025-02-19 12:15:00,15367.9
2025-02-19 12:30:00,15295.12
2025-02-19 12:45:00,15235.18
2025-02-19 13:00:00,15148.74
2025-02-19 13:15:00,15085.35
2025-02-19 13:30:00,15046.86
2025-02-19 13:45:00,15051.07
2025-02-19 14:00:00,15257.59
2025-02-19 14:15:00,15431.13
2025-02-19 14:30:00,15477.57
2025-02-19 14:45:00,15583.83
2025-02-19 15:00:00,15926.95
2025-02-19 15:15:00,16076.56
2025-02-19 15:30:00,16426.56
2025-02-19 15:45:00,16961.53
2025-02-19 16:00:00,17486.77
2025-02-19 16:15:00,18029.53
2025-02-19 16:30:00,18284.06
2025-02-19 16:45:00,18485.26
2025-02-19 17:00:00,18623.2
2025-02-19 17:15:00,18647.32
2025-02-19 17:30:00,18581.86
2025-02-19 17:45:00,18441.1
2025-02-19 18:00:00,18108.03
2025-02-19 18:15:00,17955.11
2025-02-19 18:30:00,17829.58
2025-02-19 18:45:00,17661.15
2025-02-19 19:00:00,17391.69
2025-02-19 19:15:00,17145.03
2025-02-19 19:30:00,16999.19
2025-02-19 19:45:00,16768.02
2025-02-19 20:00:00,16520.46
2025-02-19 20:15:00,16292.59
2025-02-19 20:30:00,16133.06
2025-02-19 20:45:00,15945.61
2025-02-19 21:00:00,15564.78
2025-02-19 21:15:00,15301.28
2025-02-19 21:30:00,15166.02
2025-02-19 21:45:00,14918.73
2025-02-19 22:00:00,14689.95
2025-02-19 22:15:00,14297.12
2025-02-19 22:30:00,14070.77
2025-02-19 22:45:00,13864.78
2025-02-19 23:00:00,13713.84
2025-02-19 23:15:00,13359.99
2025-02-19 23:30:00,13232.36
2025-02-19 23:45:00,13096.19
2025-02-20 00:00:00,12972.56
2025-02-20 00:15:00,12895.44
2025-02-20 00:30:00,12775.74
2025-02-20 00:45:00,12672.18
2025-02-20 01:00:00,12717.75
2025-02-20 01:15:00,12787.13
2025-02-20 01:30:00,12646.57
2025-02-20 01:45:00,12633.53
2025-02-20 02:00:00,12642.93
2025-02-20 02:15:00,12634.89
2025-02-20 02:30:00,12667.43
2025-02-20 02:45:00,12698.37
2025-02-20 03:00:00,12567.3
2025-02-20 03:15:00,12510.29
2025-02-20 03:30:00,12566.34
2025-02-20 03:45:00,12659.32
2025-02-20 04:00:00,12795.3
2025-02-20 04:15:00,12860.73
2025-02-20 04:30:00,13108.72
2025-02-20 04:45:00,13298.22
2025-02-20 05:00:00,13878.73
2025-02-20 05:15:00,14176.75
2025-02-20 05:30:00,14486.96
2025-02-20 05:45:00,14879.79
2025-02-20 06:00:00,15504.66
2025-02-20 06:15:00,15953.8
2025-02-20 06:30:00,16354.5
2025-02-20 06:45:00,16637.49
2025-02-20 07:00:00,16934.41
2025-02-20 07:15:00,17017.29
2025-02-20 07:30:00,17127.04
2025-02-20 07:45:00,17173.08
2025-02-20 08:00:00,17129.94
2025-02-20 08:15:00,17114.38
2025-02-20 08:30:00,17046.36
2025-02-20 08:45:00,16999.28
2025-02-20 09:00:00,16887.89
2025-02-20 09:15:00,16744.95
2025-02-20 09:30:00,16701.82
2025-02-20 09:45:00,16517.18
2025-02-20 10:00:00,16446.0
2025-02-20 10:15:00,16279.6
2025-02-20 10:30:00,16118.47
2025-02-20 10:45:00,16111.76
2025-02-20 11:00:00,15945.0
2025-02-20 11:15:00,15902.31
2025-02-20 11:30:00,15754.99
2025-02-20 11:45:00,15699.22
2025-02-20 12:00:00,15849.23
2025-02-20 12:15:00,15874.74
2025-02-20 12:30:00,15901.97
2025-02-20 12:45:00,15851.76
2025-02-20 13:00:00,16024.39
2025-02-20 13:15:00,16000.87
2025-02-20 13:30:00,16028.24
2025-02-20 13:45:00,16084.7
2025-02-20 14:00:00,16236.4
2025-02-20 14:15:00,16425.52
2025-02-20 14:30:00,16399.56
2025-02-20 14:45:00,16551.54
2025-02-20 15:00:00,16640.06
2025-02-20 15:15:00,16722.37
2025-02-20 15:30:00,16851.37
2025-02-20 15:45:00,17115.21
2025-02-20 16:00:00,17357.81
2025-02-20 16:15:00,17492.07
2025-02-20 16:30:00,17734.82
2025-02-20 16:45:00,17883.95
2025-02-20 17:00:00,17751.74
2025-02-20 17:15:00,17649.27
2025-02-20 17:30:00,17589.15
2025-02-20 17:45:00,17474.87
2025-02-20 18:00:00,17226.05
2025-02-20 18:15:00,17052.78
2025-02-20 18:30:00,16913.7
2025-02-20 18:45:00,16825.01
2025-02-20 19:00:00,16493.94
2025-02-20 19:15:00,16332.32
2025-02-20 19:30:00,16126.19
2025-02-20 19:45:00,16011.17
2025-02-20 20:00:00,15692.36
2025-02-20 20:15:00,15467.74
2025-02-20 20:30:00,15244.9
2025-02-20 20:45:00,15040.19
2025-02-20 21:00:00,14745.3
2025-02-20 21:15:00,14542.11
2025-02-20 21:30:00,14235.99
2025-02-20 21:45:00,14081.97
2025-02-20 22:00:00,13822.83
2025-02-20 22:15:00,13620.22
2025-02-20 22:30:00,13424.47
2025-02-20 22:45:00,13240.53
2025-02-20 23:00:00,13198.05
2025-02-20 23:15:00,13015.6
2025-02-20 23:30:00,12743.75
2025-02-20 23:45:00,12513.57
2025-02-21 00:00:00,12548.38
2025-02-21 00:15:00,12407.71
2025-02-21 00:30:00,12230.99
2025-02-21 00:45:00,12103.09
2025-02-21 01:00:00,12072.53
2025-02-21 01:15:00,11967.38
2025-02-21 01:30:00,11884.88
2025-02-21 01:45:00,11845.44
2025-02-21 02:00:00,11788.76
2025-02-21 02:15:00,11719.6
2025-02-21 02:30:00,11722.63
2025-02-21 02:45:00,11682.36
2025-02-21 03:00:00,11769.12
2025-02-21 03:15:00,11843.02
2025-02-21 03:30:00,11903.55
2025-02-21 03:45:00,11920.37
2025-02-21 04:00:00,12027.98
2025-02-21 04:15:00,12124.47
2025-02-21 04:30:00,12273.89
2025-02-21 04:45:00,12430.77
2025-02-21 05:00:00,12950.85
2025-02-21 05:15:00,13139.4
2025-02-21 05:30:00,13450.16
2025-02-21 05:45:00,13852.16
2025-02-21 06:00:00,14503.02
2025-02-21 06:15:00,14883.79
2025-02-21 06:30:00,15258.1
2025-02-21 06:45:00,15629.02
2025-02-21 07:00:00,15792.66
2025-02-21 07:15:00,15913.18
2025-02-21 07:30:00,16003.34
2025-02-21 07:45:00,15997.96
2025-02-21 08:00:00,15829.55
2025-02-21 08:15:00,15644.64
2025-02-21 08:30:00,15550.6
2025-02-21 08:45:00,15535.82
2025-02-21 09:00:00,15070.83
2025-02-21 09:15:00,14812.22
2025-02-21 09:30:00,14697.16
2025-02-21 09:45:00,14856.14
2025-02-21 10:00:00,14590.46
2025-02-21 10:15:00,14466.49
2025-02-21 10:30:00,14420.93
2025-02-21 10:45:00,14459.74
2025-02-21 11:00:00,14280.79
2025-02-21 11:15:00,14096.02
2025-02-21 11:30:00,13968.83
2025-02-21 11:45:00,14053.83
2025-02-21 12:00:00,14033.2
2025-02-21 12:15:00,14009.11
2025-02-21 12:30:00,13912.35
2025-02-21 12:45:00,13872.97
2025-02-21 13:00:00,13997.89
2025-02-21 13:15:00,14011.67
2025-02-21 13:30:00,14055.71
2025-02-21 13:45:00,14046.64
2025-02-21 14:00:00,14272.85
2025-02-21 14:15:00,14259.46
2025-02-21 14:30:00,14285.8
2025-02-21 14:45:00,14373.75
2025-02-21 15:00:00,14588.54
2025-02-21 15:15:00,14773.66
2025-02-21 15:30:00,14979.28
2025-02-21 15:45:00,15285.29
2025-02-21 16:00:00,15737.86
2025-02-21 16:15:00,16175.21
2025-02-21 16:30:00,16424.97
2025-02-21 16:45:00,16656.41
2025-02-21 17:00:00,16536.12
2025-02-21 17:15:00,16507.33
2025-02-21 17:30:00,16474.95
2025-02-21 17:45:00,16347.42
2025-02-21 18:00:00,16127.82
2025-02-21 18:15:00,15995.07
2025-02-21 18:30:00,15809.74
2025-02-21 18:45:00,15750.3
2025-02-21 19:00:00,15363.4
2025-02-21 19:15:00,15120.44
2025-02-21 19:30:00,14999.13
2025-02-21 19:45:00,14773.11
2025-02-21 20:00:00,14636.05
2025-02-21 20:15:00,14401.79
2025-02-21 20:30:00,14260.07
2025-02-21 20:45:00,13938.51
2025-02-21 21:00:00,13810.48
2025-02-21 21:15:00,13530.0
2025-02-21 21:30:00,13301.25
2025-02-21 21:45:00,13195.07
2025-02-21 22:00:00,13033.3
2025-02-21 22:15:00,12847.46
2025-02-21 22:30:00,12569.07
2025-02-21 22:45:00,12448.34
2025-02-21 23:00:00,12416.37
2025-02-21 23:15:00,12256.81
2025-02-21 23:30:00,12140.7
2025-02-21 23:45:00,12018.85
2025-02-22 00:00:00,11922.47
2025-02-22 00:15:00,11850.29
2025-02-22 00:30:00,11767.56
2025-02-22 00:45:00,11647.01
2025-02-22 01:00:00,11616.4
2025-02-22 01:15:00,11550.06
2025-02-22 01:30:00,11627.58
2025-02-22 01:45:00,11617.42
2025-02-22 02:00:00,11615.78
2025-02-22 02:15:00,11524.15
2025-02-22 02:30:00,11411.31
2025-02-22 02:45:00,11504.42
2025-02-22 03:00:00,11432.2
2025-02-22 03:15:00,11333.56
2025-02-22 03:30:00,11294.43
2025-02-22 03:45:00,11243.12
2025-02-22 04:00:00,11241.55
2025-02-22 04:15:00,11244.35
2025-02-22 04:30:00,11287.37
2025-02-22 04:45:00,11369.09
2025-02-22 05:00:00,11589.18
2025-02-22 05:15:00,11732.33
2025-02-22 05:30:00,11872.1
2025-02-22 05:45:00,12024.55
2025-02-22 06:00:00,12378.27
2025-02-22 06:15:00,12573.76
2025-02-22 06:30:00,12854.23
2025-02-22 06:45:00,13031.89
2025-02-22 07:00:00,13312.85
2025-02-22 07:15:00,13306.51
2025-02-22 07:30:00,13509.49
2025-02-22 07:45:00,13716.97
2025-02-22 08:00:00,13901.9
2025-02-22 08:15:00,14080.33
2025-02-22 08:30:00,14195.63
2025-02-22 08:45:00,14215.65
2025-02-22 09:00:00,14283.37
2025-02-22 09:15:00,14225.87
2025-02-22 09:30:00,14225.34
2025-02-22 09:45:00,14198.37
2025-02-22 10:00:00,14238.84
2025-02-22 10:15:00,14220.03
2025-02-22 10:30:00,14168.22
2025-02-22 10:45:00,14202.57
2025-02-22 11:00:00,14354.45
2025-02-22 11:15:00,14196.57
2025-02-22 11:30:00,14129.71
2025-02-22 11:45:00,14001.4
2025-02-22 12:00:00,14019.86
2025-02-22 12:15:00,14023.33
2025-02-22 12:30:00,14002.92
2025-02-22 12:45:00,14004.93
2025-02-22 13:00:00,14066.47
2025-02-22 13:15:00,13967.72
2025-02-22 13:30:00,13880.64
2025-02-22 13:45:00,13870.74
2025-02-22 14:00:00,13917.56
2025-02-22 14:15:00,13945.21
2025-02-22 14:30:00,13942.96
2025-02-22 14:45:00,14004.71
2025-02-22 15:00:00,14102.1
2025-02-22 15:15:00,14299.17
2025-02-22 15:30:00,14561.05
2025-02-22 15:45:00,14673.29
2025-02-22 16:00:00,14759.44
2025-02-22 16:15:00,14995.75
2025-02-22 16:30:00,15106.53
2025-02-22 16:45:00,15282.12
2025-02-22 17:00:00,15326.72
2025-02-22 17:15:00,15358.72
2025-02-22 17:30:00,15305.87
2025-02-22 17:45:00,15189.62
2025-02-22 18:00:00,14937.63
2025-02-22 18:15:00,14785.3
2025-02-22 18:30:00,14625.56
2025-02-22 18:45:00,14584.54
2025-02-22 19:00:00,14404.23
2025-02-22 19:15:00,14232.94
2025-02-22 19:30:00,14096.94
2025-02-22 19:45:00,13864.29
2025-02-22 20:00:00,13688.05
2025-02-22 20:15:00,13567.94
2025-02-22 20:30:00,13425.54
2025-02-22 20:45:00,13321.71
2025-02-22 21:00:00,13165.64
2025-02-22 21:15:00,12968.64
2025-02-22 21:30:00,12881.15
2025-02-22 21:45:00,12690.21
2025-02-22 22:00:00,12489.85
2025-02-22 22:15:00,12306.25
2025-02-22 22:30:00,12250.28
2025-02-22 22:45:00,12160.33
2025-02-22 23:00:00,12070.09
2025-02-22 23:15:00,11932.44
2025-02-22 23:30:00,11897.3
2025-02-22 23:45:00,11736.19
2025-02-23 00:00:00,11563.51
2025-02-23 00:15:00,11468.48
2025-02-23 00:30:00,11394.28
2025-02-23 00:45:00,11316.79
2025-02-23 01:00:00,11290.79
2025-02-23 01:15:00,11284.3
2025-02-23 01:30:00,11155.06
2025-02-23 01:45:00,11132.98
2025-02-23 02:00:00,11181.26
2025-02-23 02:15:00,11171.64
2025-02-23 02:30:00,11128.28
2025-02-23 02:45:00,11051.72
2025-02-23 03:00:00,10983.44
2025-02-23 03:15:00,10946.43
2025-02-23 03:30:00,10860.48
2025-02-23 03:45:00,10830.22
2025-02-23 04:00:00,10842.54
2025-02-23 04:15:00,10832.47
2025-02-23 04:30:00,10835.01
2025-02-23 04:45:00,10899.83
2025-02-23 05:00:00,11126.12
2025-02-23 05:15:00,11149.94
2025-02-23 05:30:00,11259.43
2025-02-23 05:45:00,11345.44
2025-02-23 06:00:00,11442.57
2025-02-23 06:15:00,11539.92
2025-02-23 06:30:00,11711.65
2025-02-23 06:45:00,11884.49
2025-02-23 07:00:00,12059.87
2025-02-23 07:15:00,12163.75
2025-02-23 07:30:00,12264.42
2025-02-23 07:45:00,12451.4
2025-02-23 08:00:00,12489.62
2025-02-23 08:15:00,12591.41
2025-02-23 08:30:00,12838.27
2025-02-23 08:45:00,12957.22
2025-02-23 09:00:00,12719.02
2025-02-23 09:15:00,12637.78
2025-02-23 09:30:00,12772.06
2025-02-23 09:45:00,12775.94
2025-02-23 10:00:00,12382.73
2025-02-23 10:15:00,12382.58
2025-02-23 10:30:00,12339.78
2025-02-23 10:45:00,12396.64
2025-02-23 11:00:00,12234.26
2025-02-23 11:15:00,12245.84
2025-02-23 11:30:00,12079.82
2025-02-23 11:45:00,12076.51
2025-02-23 12:00:00,12085.03
2025-02-23 12:15:00,12032.38
2025-02-23 12:30:00,11965.62
2025-02-23 12:45:00,11876.57
2025-02-23 13:00:00,11978.55
2025-02-23 13:15:00,11885.1
2025-02-23 13:30:00,11972.1
2025-02-23 13:45:00,11905.09
2025-02-23 14:00:00,12063.48
2025-02-23 14:15:00,12019.19
2025-02-23 14:30:00,12048.32
2025-02-23 14:45:00,12102.09
2025-02-23 15:00:00,12377.3
2025-02-23 15:15:00,12601.34
2025-02-23 15:30:00,12773.52
2025-02-23 15:45:00,12970.29
2025-02-23 16:00:00,13309.52
2025-02-23 16:15:00,13920.93
2025-02-23 16:30:00,14349.3
2025-02-23 16:45:00,14764.75
2025-02-23 17:00:00,14936.06
2025-02-23 17:15:00,15138.73
2025-02-23 17:30:00,15160.18
2025-02-23 17:45:00,15128.92
2025-02-23 18:00:00,15008.82
2025-02-23 18:15:00,14827.88
2025-02-23 18:30:00,14817.13
2025-02-23 18:45:00,14725.21
2025-02-23 19:00:00,14616.71
2025-02-23 19:15:00,14495.3
2025-02-23 19:30:00,14334.72
2025-02-23 19:45:00,14197.95
2025-02-23 20:00:00,14057.41
2025-02-23 20:15:00,13877.59
2025-02-23 20:30:00,13684.52
2025-02-23 20:45:00,13588.81
2025-02-23 21:00:00,13345.72
2025-02-23 21:15:00,13184.34
2025-02-23 21:30:00,12997.98
2025-02-23 21:45:00,12865.82
2025-02-23 22:00:00,12584.52
2025-02-23 22:15:00,12441.02
2025-02-23 22:30:00,12297.9
2025-02-23 22:45:00,12181.34
2025-02-23 23:00:00,12114.28
2025-02-23 23:15:00,12017.74
2025-02-23 23:30:00,11921.03
2025-02-23 23:45:00,11822.87
2025-02-24 00:00:00,11753.94
2025-02-24 00:15:00,11654.22
2025-02-24 00:30:00,11750.49
2025-02-24 00:45:00,11581.38
2025-02-24 01:00:00,11555.87
2025-02-24 01:15:00,11511.31
2025-02-24 01:30:00,11468.44
2025-02-24 01:45:00,11420.94
2025-02-24 02:00:00,11405.84
2025-02-24 02:15:00,11413.81
2025-02-24 02:30:00,11390.26
2025-02-24 02:45:00,11419.03
2025-02-24 03:00:00,11514.54
2025-02-24 03:15:00,11509.05
2025-02-24 03:30:00,11552.57
2025-02-24 03:45:00,11588.93
2025-02-24 04:00:00,11869.34
2025-02-24 04:15:00,11929.5
2025-02-24 04:30:00,12071.24
2025-02-24 04:45:00,12297.43
2025-02-24 05:00:00,12772.87
2025-02-24 05:15:00,13079.52
2025-02-24 05:30:00,13412.93
2025-02-24 05:45:00,13797.41
2025-02-24 06:00:00,14482.73
2025-02-24 06:15:00,14854.11
2025-02-24 06:30:00,15172.94
2025-02-24 06:45:00,15535.27
2025-02-24 07:00:00,15921.43
2025-02-24 07:15:00,16190.61
2025-02-24 07:30:00,16369.08
2025-02-24 07:45:00,16505.13
2025-02-24 08:00:00,16594.97
2025-02-24 08:15:00,16665.45
2025-02-24 08:30:00,16506.24
2025-02-24 08:45:00,16602.32
2025-02-24 09:00:00,16641.78
2025-02-24 09:15:00,16557.12
2025-02-24 09:30:00,16410.74
2025-02-24 09:45:00,16337.24
2025-02-24 10:00:00,16308.03
2025-02-24 10:15:00,16298.49
2025-02-24 10:30:00,16283.76
2025-02-24 10:45:00,16308.26
2025-02-24 11:00:00,16342.33
2025-02-24 11:15:00,16219.79
2025-02-24 11:30:00,16116.33
2025-02-24 11:45:00,16130.31
2025-02-24 12:00:00,16427.04
2025-02-24 12:15:00,16463.13
2025-02-24 12:30:00,16577.53
2025-02-24 12:45:00,16520.53
2025-02-24 13:00:00,16523.75
2025-02-24 13:15:00,16544.03
2025-02-24 13:30:00,16360.51
2025-02-24 13:45:00,16440.65
2025-02-24 14:00:00,16270.14
2025-02-24 14:15:00,16494.32
2025-02-24 14:30:00,16293.9
2025-02-24 14:45:00,16464.77
2025-02-24 15:00:00,16515.33
2025-02-24 15:15:00,16535.87
2025-02-24 15:30:00,16632.95
2025-02-24 15:45:00,16823.51
2025-02-24 16:00:00,16820.99
2025-02-24 16:15:00,16977.42
2025-02-24 16:30:00,17208.76
2025-02-24 16:45:00,17354.23
2025-02-24 17:00:00,17282.59
2025-02-24 17:15:00,17270.02
2025-02-24 17:30:00,17205.34
2025-02-24 17:45:00,17119.04
2025-02-24 18:00:00,16893.93
2025-02-24 18:15:00,16702.57
2025-02-24 18:30:00,16534.92
2025-02-24 18:45:00,16322.98
2025-02-24 19:00:00,16084.24
2025-02-24 19:15:00,15899.66
2025-02-24 19:30:00,15701.95
2025-02-24 19:45:00,15488.37
2025-02-24 20:00:00,15269.3
2025-02-24 20:15:00,15085.15
2025-02-24 20:30:00,14856.88
2025-02-24 20:45:00,14612.52
2025-02-24 21:00:00,14371.32
2025-02-24 21:15:00,14125.0
2025-02-24 21:30:00,13840.4
2025-02-24 21:45:00,13628.56
2025-02-24 22:00:00,13379.23
2025-02-24 22:15:00,13173.38
2025-02-24 22:30:00,12918.51
2025-02-24 22:45:00,12771.97
2025-02-24 23:00:00,12628.28
2025-02-24 23:15:00,12477.7
2025-02-24 23:30:00,12343.35
2025-02-24 23:45:00,12133.91
2025-02-25 00:00:00,12063.65
2025-02-25 00:15:00,11920.38
2025-02-25 00:30:00,11831.62
2025-02-25 00:45:00,11763.81
2025-02-25 01:00:00,11731.55
2025-02-25 01:15:00,11649.34
2025-02-25 01:30:00,11626.36
2025-02-25 01:45:00,10044.09
2025-02-25 02:00:00,11514.22
2025-02-25 02:15:00,11453.56
2025-02-25 02:30:00,11454.65
2025-02-25 02:45:00,11408.82
2025-02-25 03:00:00,11456.63
2025-02-25 03:15:00,11404.52
2025-02-25 03:30:00,11439.76
2025-02-25 03:45:00,11445.33
2025-02-25 04:00:00,11613.74
2025-02-25 04:15:00,11747.71
2025-02-25 04:30:00,11973.82
2025-02-25 04:45:00,12197.8
2025-02-25 05:00:00,12679.6
2025-02-25 05:15:00,12994.82
2025-02-25 05:30:00,13432.86
2025-02-25 05:45:00,13871.09
2025-02-25 06:00:00,14431.75
2025-02-25 06:15:00,14696.68
2025-02-25 06:30:00,15012.4
2025-02-25 06:45:00,15191.36
2025-02-25 07:00:00,15633.54
2025-02-25 07:15:00,15898.73
2025-02-25 07:30:00,16000.85
2025-02-25 07:45:00,16076.99
2025-02-25 08:00:00,15933.77
2025-02-25 08:15:00,15944.66
2025-02-25 08:30:00,15821.21
2025-02-25 08:45:00,15691.11
2025-02-25 09:00:00,15448.1
2025-02-25 09:15:00,15304.16
2025-02-25 09:30:00,15218.8
2025-02-25 09:45:00,15184.01
2025-02-25 10:00:00,15019.86
2025-02-25 10:15:00,14938.22
2025-02-25 10:30:00,14918.04
2025-02-25 10:45:00,14892.83
2025-02-25 11:00:00,14831.03
2025-02-25 11:15:00,14814.87
2025-02-25 11:30:00,14706.84
2025-02-25 11:45:00,14671.7
2025-02-25 12:00:00,14750.65
2025-02-25 12:15:00,14756.62
2025-02-25 12:30:00,14659.38
2025-02-25 12:45:00,14589.48
2025-02-25 13:00:00,14618.8
2025-02-25 13:15:00,14469.62
2025-02-25 13:30:00,14447.59
2025-02-25 13:45:00,14497.66
2025-02-25 14:00:00,14524.03
2025-02-25 14:15:00,14654.03
2025-02-25 14:30:00,14770.44
2025-02-25 14:45:00,14936.36
2025-02-25 15:00:00,15212.85
2025-02-25 15:15:00,15351.7
2025-02-25 15:30:00,15620.5
2025-02-25 15:45:00,16005.23
2025-02-25 16:00:00,16250.59
2025-02-25 16:15:00,16617.69
2025-02-25 16:30:00,16855.89
2025-02-25 16:45:00,16969.13
2025-02-25 17:00:00,16909.0
2025-02-25 17:15:00,16864.03
2025-02-25 17:30:00,16824.39
2025-02-25 17:45:00,16732.16
2025-02-25 18:00:00,16612.29
2025-02-25 18:15:00,16468.74
2025-02-25 18:30:00,16311.55
2025-02-25 18:45:00,16242.18
2025-02-25 19:00:00,15927.15
2025-02-25 19:15:00,15744.09
2025-02-25 19:30:00,15561.83
2025-02-25 19:45:00,15389.09
2025-02-25 20:00:00,15123.05
2025-02-25 20:15:00,14924.33
2025-02-25 20:30:00,14783.34
2025-02-25 20:45:00,14647.44
2025-02-25 21:00:00,14286.35
2025-02-25 21:15:00,13969.23
2025-02-25 21:30:00,13715.61
2025-02-25 21:45:00,13553.21
2025-02-25 22:00:00,13268.86
2025-02-25 22:15:00,13088.61
2025-02-25 22:30:00,12890.07
2025-02-25 22:45:00,12707.01
2025-02-25 23:00:00,12523.47
2025-02-25 23:15:00,12386.26
2025-02-25 23:30:00,12230.56
2025-02-25 23:45:00,12077.86
2025-02-26 00:00:00,11948.34
2025-02-26 00:15:00,11858.37
2025-02-26 00:30:00,11807.11
2025-02-26 00:45:00,11732.3
2025-02-26 01:00:00,11742.7
2025-02-26 01:15:00,11738.29
2025-02-26 01:30:00,11655.39
2025-02-26 01:45:00,11611.47
2025-02-26 02:00:00,11635.33
2025-02-26 02:15:00,11580.97
2025-02-26 02:30:00,11567.23
2025-02-26 02:45:00,11540.67
2025-02-26 03:00:00,11630.8
2025-02-26 03:15:00,11659.41
2025-02-26 03:30:00,11648.75
2025-02-26 03:45:00,11673.09
2025-02-26 04:00:00,11842.78
2025-02-26 04:15:00,11947.58
2025-02-26 04:30:00,12109.45
2025-02-26 04:45:00,12325.48
2025-02-26 05:00:00,12920.0
2025-02-26 05:15:00,13203.48
2025-02-26 05:30:00,13579.74
2025-02-26 05:45:00,14007.52
2025-02-26 06:00:00,14669.35
2025-02-26 06:15:00,15015.38
2025-02-26 06:30:00,15419.12
2025-02-26 06:45:00,15744.92
2025-02-26 07:00:00,15858.76
2025-02-26 07:15:00,15759.7
2025-02-26 07:30:00,15740.16
2025-02-26 07:45:00,15701.15
2025-02-26 08:00:00,15543.01
2025-02-26 08:15:00,15329.08
2025-02-26 08:30:00,15091.75
2025-02-26 08:45:00,14985.37
2025-02-26 09:00:00,14600.74
2025-02-26 09:15:00,14338.42
2025-02-26 09:30:00,14202.93
2025-02-26 09:45:00,14195.96
2025-02-26 10:00:00,14087.18
2025-02-26 10:15:00,13916.29
2025-02-26 10:30:00,13934.72
2025-02-26 10:45:00,13992.21
2025-02-26 11:00:00,13814.6
2025-02-26 11:15:00,13796.94
2025-02-26 11:30:00,13765.33
2025-02-26 11:45:00,13807.08
2025-02-26 12:00:00,13937.96
2025-02-26 12:15:00,13993.93
2025-02-26 12:30:00,13958.68
2025-02-26 12:45:00,13915.58
2025-02-26 13:00:00,14069.05
2025-02-26 13:15:00,14033.4
2025-02-26 13:30:00,14007.95
2025-02-26 13:45:00,14069.58
2025-02-26 14:00:00,14273.01
2025-02-26 14:15:00,14309.01
2025-02-26 14:30:00,14438.84
2025-02-26 14:45:00,14570.33
2025-02-26 15:00:00,14826.85
2025-02-26 15:15:00,15096.53
2025-02-26 15:30:00,15351.29
2025-02-26 15:45:00,15850.35
2025-02-26 16:00:00,16241.72
2025-02-26 16:15:00,16668.99
2025-02-26 16:30:00,16987.28
2025-02-26 16:45:00,17193.79
2025-02-26 17:00:00,17047.96
2025-02-26 17:15:00,17046.46
2025-02-26 17:30:00,16989.68
2025-02-26 17:45:00,16903.72
2025-02-26 18:00:00,16719.82
2025-02-26 18:15:00,16586.75
2025-02-26 18:30:00,16480.13
2025-02-26 18:45:00,16513.99
2025-02-26 19:00:00,16280.56
2025-02-26 19:15:00,16105.85
2025-02-26 19:30:00,15917.85
2025-02-26 19:45:00,15669.2
2025-02-26 20:00:00,15421.86
2025-02-26 20:15:00,15172.52
2025-02-26 20:30:00,14931.95
2025-02-26 20:45:00,14761.25
2025-02-26 21:00:00,14490.84
2025-02-26 21:15:00,14260.04
2025-02-26 21:30:00,14002.39
2025-02-26 21:45:00,13772.84
2025-02-26 22:00:00,13457.35
2025-02-26 22:15:00,13267.74
2025-02-26 22:30:00,13167.16
2025-02-26 22:45:00,13042.58
2025-02-26 23:00:00,12898.12
2025-02-26 23:15:00,12777.51
2025-02-26 23:30:00,12554.44
2025-02-26 23:45:00,12398.34
2025-02-27 00:00:00,12262.58
2025-02-27 00:15:00,12192.04
2025-02-27 00:30:00,12059.68
2025-02-27 00:45:00,11962.37
2025-02-27 01:00:00,11955.9
2025-02-27 01:15:00,11912.58
2025-02-27 01:30:00,11859.51
2025-02-27 01:45:00,11805.28
2025-02-27 02:00:00,11802.93
2025-02-27 02:15:00,11790.84
2025-02-27 02:30:00,11757.7
2025-02-27 02:45:00,11746.19
2025-02-27 03:00:00,11719.89
2025-02-27 03:15:00,11715.29
2025-02-27 03:30:00,11761.84
2025-02-27 03:45:00,11780.98
2025-02-27 04:00:00,11940.07
2025-02-27 04:15:00,12059.71
2025-02-27 04:30:00,12243.38
2025-02-27 04:45:00,12473.82
2025-02-27 05:00:00,13012.12
2025-02-27 05:15:00,13333.2
2025-02-27 05:30:00,13691.11
2025-02-27 05:45:00,14132.49
2025-02-27 06:00:00,14694.79
2025-02-27 06:15:00,15070.39
2025-02-27 06:30:00,15407.14
2025-02-27 06:45:00,15714.68
2025-02-27 07:00:00,15905.58
2025-02-27 07:15:00,15956.35
2025-02-27 07:30:00,16000.37
2025-02-27 07:45:00,15987.74
2025-02-27 08:00:00,15929.02
2025-02-27 08:15:00,15904.59
2025-02-27 08:30:00,15767.3
2025-02-27 08:45:00,15768.59
2025-02-27 09:00:00,15629.18
2025-02-27 09:15:00,15527.75
2025-02-27 09:30:00,15467.21
2025-02-27 09:45:00,15419.71
2025-02-27 10:00:00,15248.47
2025-02-27 10:15:00,15178.62
2025-02-27 10:30:00,15090.2
2025-02-27 10:45:00,15105.59
2025-02-27 11:00:00,15079.46
2025-02-27 11:15:00,15032.03
2025-02-27 11:30:00,15019.17
2025-02-27 11:45:00,14982.43
2025-02-27 12:00:00,15052.94
2025-02-27 12:15:00,15054.19
2025-02-27 12:30:00,15060.57
2025-02-27 12:45:00,15085.71
2025-02-27 13:00:00,15005.63
2025-02-27 13:15:00,15028.06
2025-02-27 13:30:00,15010.24
2025-02-27 13:45:00,15007.76
2025-02-27 14:00:00,15137.98
2025-02-27 14:15:00,15268.7
2025-02-27 14:30:00,15510.28
2025-02-27 14:45:00,15681.27
2025-02-27 15:00:00,15852.95
2025-02-27 15:15:00,16000.35
2025-02-27 15:30:00,16195.93
2025-02-27 15:45:00,16578.46
2025-02-27 16:00:00,16774.15
2025-02-27 16:15:00,17147.27
2025-02-27 16:30:00,17399.5
2025-02-27 16:45:00,17539.25
2025-02-27 17:00:00,17503.3
2025-02-27 17:15:00,17487.98
2025-02-27 17:30:00,17491.39
2025-02-27 17:45:00,17399.12
2025-02-27 18:00:00,17196.99
2025-02-27 18:15:00,16997.42
2025-02-27 18:30:00,16827.18
2025-02-27 18:45:00,16734.13
2025-02-27 19:00:00,16504.83
2025-02-27 19:15:00,16369.71
2025-02-27 19:30:00,16179.78
2025-02-27 19:45:00,16023.2
2025-02-27 20:00:00,15858.08
2025-02-27 20:15:00,15615.3
2025-02-27 20:30:00,15436.27
2025-02-27 20:45:00,15306.96
2025-02-27 21:00:00,14974.35
2025-02-27 21:15:00,14656.86
2025-02-27 21:30:00,14305.41
2025-02-27 21:45:00,14129.26
2025-02-27 22:00:00,13828.28
2025-02-27 22:15:00,13665.97
2025-02-27 22:30:00,13473.75
2025-02-27 22:45:00,13289.77
2025-02-27 23:00:00,13042.12
2025-02-27 23:15:00,12906.45
2025-02-27 23:30:00,12807.11
2025-02-27 23:45:00,12558.15
2025-02-28 00:00:00,12378.1
2025-02-28 00:15:00,12270.81
2025-02-28 00:30:00,12209.46
2025-02-28 00:45:00,12096.44
2025-02-28 01:00:00,12121.61
2025-02-28 01:15:00,12043.11
2025-02-28 01:30:00,12036.96
2025-02-28 01:45:00,11977.92
2025-02-28 02:00:00,11900.49
2025-02-28 02:15:00,11864.94
2025-02-28 02:30:00,11820.44
2025-02-28 02:45:00,11790.13
2025-02-28 03:00:00,11807.95
2025-02-28 03:15:00,11846.01
2025-02-28 03:30:00,11832.33
2025-02-28 03:45:00,11904.49
2025-02-28 04:00:00,12028.98
2025-02-28 04:15:00,12087.02
2025-02-28 04:30:00,12299.71
2025-02-28 04:45:00,12579.14
2025-02-28 05:00:00,13236.94
2025-02-28 05:15:00,13523.34
2025-02-28 05:30:00,13872.6
2025-02-28 05:45:00,14223.67
2025-02-28 06:00:00,14807.28
2025-02-28 06:15:00,15165.36
2025-02-28 06:30:00,15499.95
2025-02-28 06:45:00,15818.68
2025-02-28 07:00:00,15971.33
2025-02-28 07:15:00,16026.68
2025-02-28 07:30:00,16113.43
2025-02-28 07:45:00,16052.1
2025-02-28 08:00:00,15964.47
2025-02-28 08:15:00,15898.82
2025-02-28 08:30:00,15801.08
2025-02-28 08:45:00,15841.09
2025-02-28 09:00:00,15681.8
2025-02-28 09:15:00,15617.04
2025-02-28 09:30:00,15503.74
2025-02-28 09:45:00,15367.86
2025-02-28 10:00:00,15128.23
2025-02-28 10:15:00,14966.21
2025-02-28 10:30:00,14896.35
2025-02-28 10:45:00,14900.44
2025-02-28 11:00:00,14792.16
2025-02-28 11:15:00,14671.51
2025-02-28 11:30:00,14533.72
2025-02-28 11:45:00,14470.4
2025-02-28 12:00:00,14435.64
2025-02-28 12:15:00,14431.42
2025-02-28 12:30:00,14435.17
2025-02-28 12:45:00,14398.45
2025-02-28 13:00:00,14400.65
2025-02-28 13:15:00,14344.01
2025-02-28 13:30:00,14322.72
2025-02-28 13:45:00,14298.95
2025-02-28 14:00:00,14428.3
2025-02-28 14:15:00,14378.38
2025-02-28 14:30:00,14403.42
2025-02-28 14:45:00,14463.76
2025-02-28 15:00:00,14667.62
2025-02-28 15:15:00,14836.01
2025-02-28 15:30:00,14970.21
2025-02-28 15:45:00,15272.68
2025-02-28 16:00:00,15658.9
2025-02-28 16:15:00,16004.67
2025-02-28 16:30:00,16281.39
2025-02-28 16:45:00,16571.88
2025-02-28 17:00:00,16642.04
2025-02-28 17:15:00,16660.36
2025-02-28 17:30:00,16718.1
2025-02-28 17:45:00,16679.17
2025-02-28 18:00:00,16543.98
2025-02-28 18:15:00,16417.02
2025-02-28 18:30:00,16260.63
2025-02-28 18:45:00,16163.63
2025-02-28 19:00:00,15908.85
2025-02-28 19:15:00,15727.5
2025-02-28 19:30:00,15550.89
2025-02-28 19:45:00,15389.65
2025-02-28 20:00:00,15137.65
2025-02-28 20:15:00,14922.92
2025-02-28 20:30:00,14746.1
2025-02-28 20:45:00,14599.5
2025-02-28 21:00:00,14307.19
2025-02-28 21:15:00,14137.6
2025-02-28 21:30:00,13887.38
2025-02-28 21:45:00,13703.66
2025-02-28 22:00:00,13521.91
2025-02-28 22:15:00,13356.05
2025-02-28 22:30:00,13130.68
2025-02-28 22:45:00,12960.14
2025-02-28 23:00:00,12784.78
2025-02-28 23:15:00,12582.84
2025-02-28 23:30:00,12432.54
2025-02-28 23:45:00,12330.38
2025-03-01 00:00:00,12235.01
2025-03-01 00:15:00,12158.0
2025-03-01 00:30:00,12055.0
2025-03-01 00:45:00,11974.56
2025-03-01 01:00:00,11898.41
2025-03-01 01:15:00,11793.54
2025-03-01 01:30:00,11768.04
2025-03-01 01:45:00,11715.22
2025-03-01 02:00:00,11678.68
2025-03-01 02:15:00,11633.61
2025-03-01 02:30:00,11581.73
2025-03-01 02:45:00,11593.84
2025-03-01 03:00:00,11567.54
2025-03-01 03:15:00,11521.82
2025-03-01 03:30:00,11492.09
2025-03-01 03:45:00,11534.49
2025-03-01 04:00:00,11618.73
2025-03-01 04:15:00,11621.66
2025-03-01 04:30:00,11630.58
2025-03-01 04:45:00,11709.25
2025-03-01 05:00:00,11936.89
2025-03-01 05:15:00,12061.05
2025-03-01 05:30:00,12161.56
2025-03-01 05:45:00,12316.43
2025-03-01 06:00:00,12617.8
2025-03-01 06:15:00,12679.86
2025-03-01 06:30:00,12837.73
2025-03-01 06:45:00,12954.97
2025-03-01 07:00:00,13054.33
2025-03-01 07:15:00,13151.6
2025-03-01 07:30:00,13227.63
2025-03-01 07:45:00,13337.55
2025-03-01 08:00:00,13361.01
2025-03-01 08:15:00,13416.19
2025-03-01 08:30:00,13487.62
2025-03-01 08:45:00,13575.0
2025-03-01 09:00:00,13541.59
2025-03-01 09:15:00,13475.15
2025-03-01 09:30:00,13418.6
2025-03-01 09:45:00,13413.14
2025-03-01 10:00:00,13349.74
2025-03-01 10:15:00,13264.65
2025-03-01 10:30:00,13196.82
2025-03-01 10:45:00,13241.08
2025-03-01 11:00:00,13130.46
2025-03-01 11:15:00,13045.84
2025-03-01 11:30:00,12976.17
2025-03-01 11:45:00,12931.25
2025-03-01 12:00:00,12887.74
2025-03-01 12:15:00,12862.02
2025-03-01 12:30:00,12883.76
2025-03-01 12:45:00,12907.86
2025-03-01 13:00:00,12781.43
2025-03-01 13:15:00,12728.68
2025-03-01 13:30:00,12660.47
2025-03-01 13:45:00,12637.82
2025-03-01 14:00:00,12729.95
2025-03-01 14:15:00,12696.47
2025-03-01 14:30:00,12664.87
2025-03-01 14:45:00,12728.4
2025-03-01 15:00:00,12897.86
2025-03-01 15:15:00,13009.44
2025-03-01 15:30:00,13252.44
2025-03-01 15:45:00,13476.07
2025-03-01 16:00:00,13928.33
2025-03-01 16:15:00,14295.87
2025-03-01 16:30:00,14691.35
2025-03-01 16:45:00,15042.09
2025-03-01 17:00:00,15234.53
2025-03-01 17:15:00,15408.43
2025-03-01 17:30:00,15399.71
2025-03-01 17:45:00,15316.93
2025-03-01 18:00:00,15245.62
2025-03-01 18:15:00,15137.78
2025-03-01 18:30:00,15039.18
2025-03-01 18:45:00,14930.03
2025-03-01 19:00:00,14837.73
2025-03-01 19:15:00,14783.21
2025-03-01 19:30:00,14616.56
2025-03-01 19:45:00,14527.83
2025-03-01 20:00:00,14324.74
2025-03-01 20:15:00,14191.03
2025-03-01 20:30:00,14093.99
2025-03-01 20:45:00,13955.64
2025-03-01 21:00:00,13762.24
2025-03-01 21:15:00,13601.46
2025-03-01 21:30:00,13393.16
2025-03-01 21:45:00,13192.16
2025-03-01 22:00:00,13014.63
2025-03-01 22:15:00,12834.78
2025-03-01 22:30:00,12733.01
2025-03-01 22:45:00,12637.46
2025-03-01 23:00:00,12513.31
2025-03-01 23:15:00,12344.97
2025-03-01 23:30:00,12226.88
2025-03-01 23:45:00,12173.99
2025-03-02 00:00:00,12042.2
2025-03-02 00:15:00,11900.54
2025-03-02 00:30:00,11848.03
2025-03-02 00:45:00,11776.68
2025-03-02 01:00:00,11733.25
2025-03-02 01:15:00,11749.32
2025-03-02 01:30:00,11734.93
2025-03-02 01:45:00,11754.14
2025-03-02 02:00:00,11760.84
2025-03-02 02:15:00,11642.56
2025-03-02 02:30:00,11613.51
2025-03-02 02:45:00,11541.24
2025-03-02 03:00:00,11529.36
2025-03-02 03:15:00,11554.83
2025-03-02 03:30:00,11567.11
2025-03-02 03:45:00,11647.03
2025-03-02 04:00:00,11684.26
2025-03-02 04:15:00,11639.75
2025-03-02 04:30:00,11713.48
2025-03-02 04:45:00,11731.49
2025-03-02 05:00:00,11884.7
2025-03-02 05:15:00,11959.6
2025-03-02 05:30:00,12084.39
2025-03-02 05:45:00,12160.74
2025-03-02 06:00:00,12310.72
2025-03-02 06:15:00,12316.7
2025-03-02 06:30:00,12436.01
2025-03-02 06:45:00,12452.04
2025-03-02 07:00:00,12391.09
2025-03-02 07:15:00,12330.3
2025-03-02 07:30:00,12406.12
2025-03-02 07:45:00,12483.61
2025-03-02 08:00:00,12573.16
2025-03-02 08:15:00,12403.32
2025-03-02 08:30:00,12415.57
2025-03-02 08:45:00,12342.01
2025-03-02 09:00:00,12101.28
2025-03-02 09:15:00,11987.85
2025-03-02 09:30:00,11872.31
2025-03-02 09:45:00,11952.22
2025-03-02 10:00:00,11864.61
2025-03-02 10:15:00,11835.14
2025-03-02 10:30:00,11884.65
2025-03-02 10:45:00,11994.82
2025-03-02 11:00:00,11928.22
2025-03-02 11:15:00,11890.25
2025-03-02 11:30:00,11895.93
2025-03-02 11:45:00,11931.54
2025-03-02 12:00:00,12059.2
2025-03-02 12:15:00,12009.05
2025-03-02 12:30:00,11887.09
2025-03-02 12:45:00,11790.26
2025-03-02 13:00:00,11864.21
2025-03-02 13:15:00,11723.16
2025-03-02 13:30:00,11698.44
2025-03-02 13:45:00,11646.26
2025-03-02 14:00:00,11515.02
2025-03-02 14:15:00,11498.07
2025-03-02 14:30:00,11507.17
2025-03-02 14:45:00,11524.37
2025-03-02 15:00:00,11784.09
2025-03-02 15:15:00,11918.0
2025-03-02 15:30:00,12153.11
2025-03-02 15:45:00,12457.07
2025-03-02 16:00:00,12870.54
2025-03-02 16:15:00,13340.51
2025-03-02 16:30:00,13848.95
2025-03-02 16:45:00,14391.81
2025-03-02 17:00:00,14797.8
2025-03-02 17:15:00,15070.14
2025-03-02 17:30:00,15072.11
2025-03-02 17:45:00,15114.42
2025-03-02 18:00:00,15075.13
2025-03-02 18:15:00,15017.88
2025-03-02 18:30:00,14926.16
2025-03-02 18:45:00,14855.49
2025-03-02 19:00:00,14668.26
2025-03-02 19:15:00,14573.17
2025-03-02 19:30:00,14382.25
2025-03-02 19:45:00,14274.44
2025-03-02 20:00:00,14104.09
2025-03-02 20:15:00,13949.92
2025-03-02 20:30:00,13860.5
2025-03-02 20:45:00,13688.32
2025-03-02 21:00:00,13491.14
2025-03-02 21:15:00,13373.22
2025-03-02 21:30:00,13124.38
2025-03-02 21:45:00,12982.96
2025-03-02 22:00:00,12778.51
2025-03-02 22:15:00,12613.54
2025-03-02 22:30:00,12455.89
2025-03-02 22:45:00,12427.85
2025-03-02 23:00:00,12362.3
2025-03-02 23:15:00,12266.07
2025-03-02 23:30:00,12114.57
2025-03-02 23:45:00,12024.95
2025-03-03 00:00:00,11937.56
2025-03-03 00:15:00,11871.64
2025-03-03 00:30:00,11794.61
2025-03-03 00:45:00,11723.42
2025-03-03 01:00:00,11728.23
2025-03-03 01:15:00,11719.08
2025-03-03 01:30:00,11706.57
2025-03-03 01:45:00,11674.07
2025-03-03 02:00:00,11722.14
2025-03-03 02:15:00,11722.13
2025-03-03 02:30:00,11752.56
2025-03-03 02:45:00,11731.23
2025-03-03 03:00:00,11773.56
2025-03-03 03:15:00,11840.65
2025-03-03 03:30:00,11875.22
2025-03-03 03:45:00,11952.67
2025-03-03 04:00:00,12116.91
2025-03-03 04:15:00,12283.9
2025-03-03 04:30:00,12506.42
2025-03-03 04:45:00,12817.07
2025-03-03 05:00:00,13305.54
2025-03-03 05:15:00,13664.92
2025-03-03 05:30:00,13995.81
2025-03-03 05:45:00,14401.12
2025-03-03 06:00:00,14984.05
2025-03-03 06:15:00,15339.57
2025-03-03 06:30:00,15604.34
2025-03-03 06:45:00,15721.07
2025-03-03 07:00:00,15815.04
2025-03-03 07:15:00,15827.93
2025-03-03 07:30:00,15851.73
2025-03-03 07:45:00,15836.77
2025-03-03 08:00:00,15598.2
2025-03-03 08:15:00,15245.49
2025-03-03 08:30:00,15338.11
2025-03-03 08:45:00,14958.59
2025-03-03 09:00:00,14659.41
2025-03-03 09:15:00,14248.01
2025-03-03 09:30:00,14246.4
2025-03-03 09:45:00,14316.95
2025-03-03 10:00:00,14212.4
2025-03-03 10:15:00,14076.51
2025-03-03 10:30:00,14000.94
2025-03-03 10:45:00,14097.87
2025-03-03 11:00:00,14011.82
2025-03-03 11:15:00,13885.44
2025-03-03 11:30:00,13855.12
2025-03-03 11:45:00,13681.82
2025-03-03 12:00:00,13617.54
2025-03-03 12:15:00,13668.81
2025-03-03 12:30:00,13572.0
2025-03-03 12:45:00,13536.63
2025-03-03 13:00:00,13439.28
2025-03-03 13:15:00,13295.33
2025-03-03 13:30:00,13186.52
2025-03-03 13:45:00,13179.79
2025-03-03 14:00:00,13366.65
2025-03-03 14:15:00,13385.97
2025-03-03 14:30:00,13348.92
2025-03-03 14:45:00,13440.55
2025-03-03 15:00:00,13665.68
2025-03-03 15:15:00,13828.47
2025-03-03 15:30:00,13999.11
2025-03-03 15:45:00,14322.38
2025-03-03 16:00:00,14849.59
2025-03-03 16:15:00,15401.88
2025-03-03 16:30:00,15789.16
2025-03-03 16:45:00,16241.52
2025-03-03 17:00:00,16485.08
2025-03-03 17:15:00,16646.51
2025-03-03 17:30:00,16689.33
2025-03-03 17:45:00,16724.67
2025-03-03 18:00:00,16567.48
2025-03-03 18:15:00,16478.49
2025-03-03 18:30:00,16364.49
2025-03-03 18:45:00,16279.81
2025-03-03 19:00:00,16064.84
2025-03-03 19:15:00,15835.22
2025-03-03 19:30:00,15647.2
2025-03-03 19:45:00,15501.9
2025-03-03 20:00:00,15280.71
2025-03-03 20:15:00,15079.43
2025-03-03 20:30:00,14889.33
2025-03-03 20:45:00,14657.57
2025-03-03 21:00:00,14368.52
2025-03-03 21:15:00,14148.1
2025-03-03 21:30:00,13930.33
2025-03-03 21:45:00,13635.33
2025-03-03 22:00:00,13428.15
2025-03-03 22:15:00,13252.61
2025-03-03 22:30:00,13019.12
2025-03-03 22:45:00,12800.99
2025-03-03 23:00:00,12652.34
2025-03-03 23:15:00,12512.38
2025-03-03 23:30:00,12393.89
2025-03-03 23:45:00,12275.62
2025-03-04 00:00:00,12206.07
2025-03-04 00:15:00,12106.57
2025-03-04 00:30:00,12042.1
2025-03-04 00:45:00,11991.01
2025-03-04 01:00:00,12032.21
2025-03-04 01:15:00,11938.71
2025-03-04 01:30:00,11849.85
2025-03-04 01:45:00,11845.89
2025-03-04 02:00:00,11818.22
2025-03-04 02:15:00,11823.44
2025-03-04 02:30:00,11869.44
2025-03-04 02:45:00,11764.65
2025-03-04 03:00:00,11825.68
2025-03-04 03:15:00,11883.84
2025-03-04 03:30:00,11939.25
2025-03-04 03:45:00,12073.12
2025-03-04 04:00:00,12292.66
2025-03-04 04:15:00,12434.02
2025-03-04 04:30:00,12617.02
2025-03-04 04:45:00,12898.67
2025-03-04 05:00:00,13539.84
2025-03-04 05:15:00,13839.19
2025-03-04 05:30:00,14205.42
2025-03-04 05:45:00,14667.18
2025-03-04 06:00:00,15202.57
2025-03-04 06:15:00,15587.56
2025-03-04 06:30:00,15836.0
2025-03-04 06:45:00,15971.36
2025-03-04 07:00:00,15939.66
2025-03-04 07:15:00,15832.77
2025-03-04 07:30:00,15868.23
2025-03-04 07:45:00,15807.17
2025-03-04 08:00:00,15418.65
2025-03-04 08:15:00,15210.48
2025-03-04 08:30:00,15036.2
2025-03-04 08:45:00,14864.37
2025-03-04 09:00:00,14747.29
2025-03-04 09:15:00,14548.38
2025-03-04 09:30:00,14509.91
2025-03-04 09:45:00,14469.79
2025-03-04 10:00:00,14157.19
2025-03-04 10:15:00,14099.3
2025-03-04 10:30:00,14044.32
2025-03-04 10:45:00,14140.44
2025-03-04 11:00:00,13899.59
2025-03-04 11:15:00,13867.81
2025-03-04 11:30:00,13814.18
2025-03-04 11:45:00,13845.56
2025-03-04 12:00:00,13669.55
2025-03-04 12:15:00,13786.18
2025-03-04 12:30:00,13647.26
2025-03-04 12:45:00,13583.62
2025-03-04 13:00:00,13567.66
2025-03-04 13:15:00,13481.36
2025-03-04 13:30:00,13413.3
2025-03-04 13:45:00,13427.19
2025-03-04 14:00:00,13388.66
2025-03-04 14:15:00,13346.47
2025-03-04 14:30:00,13352.24
2025-03-04 14:45:00,13426.89
2025-03-04 15:00:00,13681.2
2025-03-04 15:15:00,13758.8
2025-03-04 15:30:00,13878.87
2025-03-04 15:45:00,14273.03
2025-03-04 16:00:00,14798.24
2025-03-04 16:15:00,15282.83
2025-03-04 16:30:00,15784.04
2025-03-04 16:45:00,16215.25
2025-03-04 17:00:00,16519.82
2025-03-04 17:15:00,16615.35
2025-03-04 17:30:00,16651.18
2025-03-04 17:45:00,16684.94
2025-03-04 18:00:00,16605.62
2025-03-04 18:15:00,16468.76
2025-03-04 18:30:00,16348.85
2025-03-04 18:45:00,16253.98
2025-03-04 19:00:00,16033.83
2025-03-04 19:15:00,15869.39
2025-03-04 19:30:00,15680.63
2025-03-04 19:45:00,15465.33
2025-03-04 20:00:00,15237.07
2025-03-04 20:15:00,14991.86
2025-03-04 20:30:00,14789.0
2025-03-04 20:45:00,14618.82
2025-03-04 21:00:00,14325.68
2025-03-04 21:15:00,14161.74
2025-03-04 21:30:00,13922.62
2025-03-04 21:45:00,13781.93
2025-03-04 22:00:00,13457.99
2025-03-04 22:15:00,13306.73
2025-03-04 22:30:00,13062.89
2025-03-04 22:45:00,13003.09
2025-03-04 23:00:00,12810.88
2025-03-04 23:15:00,12643.43
2025-03-04 23:30:00,12603.26
2025-03-04 23:45:00,12431.78
2025-03-05 00:00:00,12283.75
2025-03-05 00:15:00,12194.25
2025-03-05 00:30:00,12059.21
2025-03-05 00:45:00,12042.92
2025-03-05 01:00:00,11909.91
2025-03-05 01:15:00,11891.28
2025-03-05 01:30:00,11839.86
2025-03-05 01:45:00,11805.79
2025-03-05 02:00:00,11805.39
2025-03-05 02:15:00,11779.97
2025-03-05 02:30:00,11781.47
2025-03-05 02:45:00,11830.9
2025-03-05 03:00:00,11964.34
2025-03-05 03:15:00,11980.48
2025-03-05 03:30:00,12082.62
2025-03-05 03:45:00,12165.89
2025-03-05 04:00:00,12283.63
2025-03-05 04:15:00,12356.85
2025-03-05 04:30:00,12554.87
2025-03-05 04:45:00,12777.73
2025-03-05 05:00:00,13224.16
2025-03-05 05:15:00,13583.51
2025-03-05 05:30:00,13935.75
2025-03-05 05:45:00,14338.61
2025-03-05 06:00:00,14999.78
2025-03-05 06:15:00,15321.48
2025-03-05 06:30:00,15478.92
2025-03-05 06:45:00,15550.57
2025-03-05 07:00:00,15508.97
2025-03-05 07:15:00,15434.26
2025-03-05 07:30:00,15441.62
2025-03-05 07:45:00,15294.77
2025-03-05 08:00:00,15285.06
2025-03-05 08:15:00,14922.28
2025-03-05 08:30:00,14700.48
2025-03-05 08:45:00,14697.41
2025-03-05 09:00:00,14359.13
2025-03-05 09:15:00,14281.33
2025-03-05 09:30:00,14090.97
2025-03-05 09:45:00,14122.23
2025-03-05 10:00:00,13925.09
2025-03-05 10:15:00,13942.85
2025-03-05 10:30:00,13838.54
2025-03-05 10:45:00,13907.82
2025-03-05 11:00:00,13762.97
2025-03-05 11:15:00,13599.43
2025-03-05 11:30:00,13496.26
2025-03-05 11:45:00,13516.81
2025-03-05 12:00:00,13511.57
2025-03-05 12:15:00,13474.66
2025-03-05 12:30:00,13402.43
2025-03-05 12:45:00,13378.95
2025-03-05 13:00:00,13412.0
2025-03-05 13:15:00,13357.66
2025-03-05 13:30:00,13325.54
2025-03-05 13:45:00,13248.21
2025-03-05 14:00:00,13297.8
2025-03-05 14:15:00,13269.78
2025-03-05 14:30:00,13275.81
2025-03-05 14:45:00,13305.74
2025-03-05 15:00:00,13625.82
2025-03-05 15:15:00,13714.93
2025-03-05 15:30:00,13819.62
2025-03-05 15:45:00,14121.78
2025-03-05 16:00:00,14653.12
2025-03-05 16:15:00,15178.13
2025-03-05 16:30:00,15598.6
2025-03-05 16:45:00,15975.8
2025-03-05 17:00:00,16150.37
2025-03-05 17:15:00,16346.58
2025-03-05 17:30:00,16349.72
2025-03-05 17:45:00,16392.24
2025-03-05 18:00:00,16270.0
2025-03-05 18:15:00,16107.26
2025-03-05 18:30:00,16010.24
2025-03-05 18:45:00,15901.22
2025-03-05 19:00:00,15666.57
2025-03-05 19:15:00,15472.61
2025-03-05 19:30:00,15288.37
2025-03-05 19:45:00,15132.86
2025-03-05 20:00:00,14992.12
2025-03-05 20:15:00,14811.84
2025-03-05 20:30:00,14640.78
2025-03-05 20:45:00,14434.9
2025-03-05 21:00:00,14075.05
2025-03-05 21:15:00,13781.84
2025-03-05 21:30:00,13499.01
2025-03-05 21:45:00,13382.01
2025-03-05 22:00:00,13093.14
2025-03-05 22:15:00,12872.15
2025-03-05 22:30:00,12685.77
2025-03-05 22:45:00,12557.3
2025-03-05 23:00:00,12362.28
2025-03-05 23:15:00,12229.46
2025-03-05 23:30:00,12063.83
2025-03-05 23:45:00,11953.62
2025-03-06 00:00:00,11814.37
2025-03-06 00:15:00,11746.63
2025-03-06 00:30:00,11686.44
2025-03-06 00:45:00,11664.67
2025-03-06 01:00:00,11554.92
2025-03-06 01:15:00,11470.8
2025-03-06 01:30:00,11483.08
2025-03-06 01:45:00,11408.31
2025-03-06 02:00:00,11448.96
2025-03-06 02:15:00,11444.31
2025-03-06 02:30:00,11450.14
2025-03-06 02:45:00,11462.42
2025-03-06 03:00:00,11442.01
2025-03-06 03:15:00,11423.77
2025-03-06 03:30:00,11483.16
2025-03-06 03:45:00,11480.1
2025-03-06 04:00:00,11625.47
2025-03-06 04:15:00,11785.72
2025-03-06 04:30:00,11947.28
2025-03-06 04:45:00,12240.05
2025-03-06 05:00:00,12762.36
2025-03-06 05:15:00,13060.74
2025-03-06 05:30:00,13445.93
2025-03-06 05:45:00,13876.72
2025-03-06 06:00:00,14420.49
2025-03-06 06:15:00,14750.15
2025-03-06 06:30:00,14983.12
2025-03-06 06:45:00,15047.58
2025-03-06 07:00:00,15109.39
2025-03-06 07:15:00,14944.51
2025-03-06 07:30:00,14918.08
2025-03-06 07:45:00,14877.49
2025-03-06 08:00:00,14558.57
2025-03-06 08:15:00,14386.72
2025-03-06 08:30:00,14176.27
2025-03-06 08:45:00,14111.11
2025-03-06 09:00:00,13822.12
2025-03-06 09:15:00,13650.58
2025-03-06 09:30:00,13662.14
2025-03-06 09:45:00,13764.76
2025-03-06 10:00:00,13609.72
2025-03-06 10:15:00,13530.85
2025-03-06 10:30:00,13621.46
2025-03-06 10:45:00,13772.41
2025-03-06 11:00:00,13616.95
2025-03-06 11:15:00,13562.86
2025-03-06 11:30:00,13516.03
2025-03-06 11:45:00,13588.74
2025-03-06 12:00:00,13543.57
2025-03-06 12:15:00,13510.36
2025-03-06 12:30:00,13464.49
2025-03-06 12:45:00,13386.48
2025-03-06 13:00:00,13217.3
2025-03-06 13:15:00,13215.49
2025-03-06 13:30:00,13044.2
2025-03-06 13:45:00,12985.27
2025-03-06 14:00:00,13081.17
2025-03-06 14:15:00,13014.06
2025-03-06 14:30:00,13023.85
2025-03-06 14:45:00,13095.14
2025-03-06 15:00:00,13318.12
2025-03-06 15:15:00,13394.01
2025-03-06 15:30:00,13505.07
2025-03-06 15:45:00,13813.15
2025-03-06 16:00:00,14272.61
2025-03-06 16:15:00,14731.09
2025-03-06 16:30:00,15083.79
2025-03-06 16:45:00,15499.74
2025-03-06 17:00:00,15667.35
2025-03-06 17:15:00,15908.82
2025-03-06 17:30:00,15947.6
2025-03-06 17:45:00,15962.72
2025-03-06 18:00:00,15946.84
2025-03-06 18:15:00,15808.54
2025-03-06 18:30:00,15769.37
2025-03-06 18:45:00,15637.17
2025-03-06 19:00:00,15399.11
2025-03-06 19:15:00,15265.19
2025-03-06 19:30:00,15102.55
2025-03-06 19:45:00,14979.61
2025-03-06 20:00:00,14680.58
2025-03-06 20:15:00,14461.36
2025-03-06 20:30:00,14239.21
2025-03-06 20:45:00,14021.09
2025-03-06 21:00:00,13741.41
2025-03-06 21:15:00,13502.0
2025-03-06 21:30:00,13397.06
2025-03-06 21:45:00,13364.48
2025-03-06 22:00:00,13125.18
2025-03-06 22:15:00,12833.14
2025-03-06 22:30:00,12642.34
2025-03-06 22:45:00,12446.79
2025-03-06 23:00:00,12189.77
2025-03-06 23:15:00,12012.48
2025-03-06 23:30:00,11844.88
2025-03-06 23:45:00,11758.21
2025-03-07 00:00:00,11625.16
2025-03-07 00:15:00,11451.35
2025-03-07 00:30:00,11327.55
2025-03-07 00:45:00,11230.07
2025-03-07 01:00:00,11150.19
2025-03-07 01:15:00,11095.17
2025-03-07 01:30:00,11010.71
2025-03-07 01:45:00,10957.75
2025-03-07 02:00:00,11046.06
2025-03-07 02:15:00,11021.09
2025-03-07 02:30:00,10973.34
2025-03-07 02:45:00,10958.64
2025-03-07 03:00:00,11011.3
2025-03-07 03:15:00,11071.94
2025-03-07 03:30:00,11072.52
2025-03-07 03:45:00,11114.3
2025-03-07 04:00:00,11379.37
2025-03-07 04:15:00,11405.01
2025-03-07 04:30:00,11518.68
2025-03-07 04:45:00,11740.88
2025-03-07 05:00:00,12319.3
2025-03-07 05:15:00,12670.08
2025-03-07 05:30:00,13015.46
2025-03-07 05:45:00,13300.81
2025-03-07 06:00:00,13866.82
2025-03-07 06:15:00,14047.25
2025-03-07 06:30:00,14204.98
2025-03-07 06:45:00,14226.85
2025-03-07 07:00:00,14359.39
2025-03-07 07:15:00,14484.18
2025-03-07 07:30:00,14457.33
2025-03-07 07:45:00,14486.4
2025-03-07 08:00:00,14344.42
2025-03-07 08:15:00,13952.77
2025-03-07 08:30:00,13691.34
2025-03-07 08:45:00,13575.51
2025-03-07 09:00:00,13453.8
2025-03-07 09:15:00,13325.64
2025-03-07 09:30:00,13346.67
2025-03-07 09:45:00,13437.1
2025-03-07 10:00:00,13084.27
2025-03-07 10:15:00,13175.74
2025-03-07 10:30:00,13131.5
2025-03-07 10:45:00,13085.51
2025-03-07 11:00:00,13182.23
2025-03-07 11:15:00,13021.43
2025-03-07 11:30:00,13080.09
2025-03-07 11:45:00,12945.91
2025-03-07 12:00:00,13115.16
2025-03-07 12:15:00,13027.99
2025-03-07 12:30:00,13028.01
2025-03-07 12:45:00,13046.86
2025-03-07 13:00:00,13028.68
2025-03-07 13:15:00,12800.46
2025-03-07 13:30:00,12698.43
2025-03-07 13:45:00,12633.8
2025-03-07 14:00:00,12736.63
2025-03-07 14:15:00,12672.09
2025-03-07 14:30:00,12709.89
2025-03-07 14:45:00,12785.71
2025-03-07 15:00:00,12935.0
2025-03-07 15:15:00,12948.23
2025-03-07 15:30:00,13171.88
2025-03-07 15:45:00,13406.55
2025-03-07 16:00:00,13818.52
2025-03-07 16:15:00,14169.97
2025-03-07 16:30:00,14460.03
2025-03-07 16:45:00,14807.6
2025-03-07 17:00:00,14989.02
2025-03-07 17:15:00,15158.99
2025-03-07 17:30:00,15224.66
2025-03-07 17:45:00,15254.01
2025-03-07 18:00:00,15226.05
2025-03-07 18:15:00,15114.4
2025-03-07 18:30:00,15037.46
2025-03-07 18:45:00,15022.26
2025-03-07 19:00:00,14679.95
2025-03-07 19:15:00,14525.13
2025-03-07 19:30:00,14375.8
2025-03-07 19:45:00,14255.54
2025-03-07 20:00:00,13839.15
2025-03-07 20:15:00,13605.82
2025-03-07 20:30:00,13435.12
2025-03-07 20:45:00,13299.06
2025-03-07 21:00:00,13140.64
2025-03-07 21:15:00,12933.39
2025-03-07 21:30:00,12715.01
2025-03-07 21:45:00,12553.66
2025-03-07 22:00:00,12380.68
2025-03-07 22:15:00,12229.18
2025-03-07 22:30:00,12085.27
2025-03-07 22:45:00,12008.2
2025-03-07 23:00:00,11793.1
2025-03-07 23:15:00,11645.88
2025-03-07 23:30:00,11487.08
2025-03-07 23:45:00,11410.71
2025-03-08 00:00:00,11206.11
2025-03-08 00:15:00,11198.66
2025-03-08 00:30:00,11082.34
2025-03-08 00:45:00,11018.05
2025-03-08 01:00:00,10879.29
2025-03-08 01:15:00,10824.59
2025-03-08 01:30:00,10785.05
2025-03-08 01:45:00,10740.72
2025-03-08 02:00:00,10706.77
2025-03-08 02:15:00,10660.66
2025-03-08 02:30:00,10693.07
2025-03-08 02:45:00,10627.07
2025-03-08 03:00:00,10662.37
2025-03-08 03:15:00,10654.06
2025-03-08 03:30:00,10630.76
2025-03-08 03:45:00,10627.4
2025-03-08 04:00:00,10718.51
2025-03-08 04:15:00,10774.68
2025-03-08 04:30:00,10911.0
2025-03-08 04:45:00,10908.49
2025-03-08 05:00:00,11216.41
2025-03-08 05:15:00,11333.09
2025-03-08 05:30:00,11374.18
2025-03-08 05:45:00,11567.13
2025-03-08 06:00:00,11727.99
2025-03-08 06:15:00,11744.36
2025-03-08 06:30:00,11811.88
2025-03-08 06:45:00,11909.67
2025-03-08 07:00:00,12050.89
2025-03-08 07:15:00,11862.16
2025-03-08 07:30:00,11848.27
2025-03-08 07:45:00,11804.87
2025-03-08 08:00:00,11631.71
2025-03-08 08:15:00,11632.76
2025-03-08 08:30:00,11609.32
2025-03-08 08:45:00,11581.79
2025-03-08 09:00:00,11383.55
2025-03-08 09:15:00,11324.29
2025-03-08 09:30:00,11398.64
2025-03-08 09:45:00,11504.34
2025-03-08 10:00:00,11305.44
2025-03-08 10:15:00,11382.59
2025-03-08 10:30:00,11439.39
2025-03-08 10:45:00,11423.15
2025-03-08 11:00:00,11402.66
2025-03-08 11:15:00,11419.06
2025-03-08 11:30:00,11401.67
2025-03-08 11:45:00,11438.68
2025-03-08 12:00:00,11286.05
2025-03-08 12:15:00,11211.64
2025-03-08 12:30:00,11157.84
2025-03-08 12:45:00,11096.95
2025-03-08 13:00:00,11067.3
2025-03-08 13:15:00,11021.81
2025-03-08 13:30:00,10937.62
2025-03-08 13:45:00,10962.46
2025-03-08 14:00:00,11079.5
2025-03-08 14:15:00,10961.63
2025-03-08 14:30:00,11006.33
2025-03-08 14:45:00,11057.95
2025-03-08 15:00:00,11220.18
2025-03-08 15:15:00,11338.69
2025-03-08 15:30:00,11480.81
2025-03-08 15:45:00,11780.83
2025-03-08 16:00:00,12116.72
2025-03-08 16:15:00,12472.04
2025-03-08 16:30:00,12880.41
2025-03-08 16:45:00,13245.32
2025-03-08 17:00:00,13684.06
2025-03-08 17:15:00,13955.44
2025-03-08 17:30:00,14051.95
2025-03-08 17:45:00,14105.28
2025-03-08 18:00:00,14012.44
2025-03-08 18:15:00,13951.34
2025-03-08 18:30:00,13878.43
2025-03-08 18:45:00,13853.23
2025-03-08 19:00:00,13673.11
2025-03-08 19:15:00,13640.0
2025-03-08 19:30:00,13493.84
2025-03-08 19:45:00,13356.97
2025-03-08 20:00:00,13175.2
2025-03-08 20:15:00,13053.75
2025-03-08 20:30:00,12926.63
2025-03-08 20:45:00,12823.84
2025-03-08 21:00:00,12627.03
2025-03-08 21:15:00,12522.8
2025-03-08 21:30:00,12293.19
2025-03-08 21:45:00,12213.92
2025-03-08 22:00:00,11989.25
2025-03-08 22:15:00,11860.16
2025-03-08 22:30:00,11652.09
2025-03-08 22:45:00,11509.75
2025-03-08 23:00:00,11340.88
2025-03-08 23:15:00,11206.75
2025-03-08 23:30:00,11059.57
2025-03-08 23:45:00,10962.27
2025-03-09 00:00:00,10814.15
2025-03-09 00:15:00,10720.0
2025-03-09 00:30:00,10643.97
2025-03-09 00:45:00,10588.3
2025-03-09 01:00:00,10534.11
2025-03-09 01:15:00,10505.64
2025-03-09 01:30:00,10405.52
2025-03-09 01:45:00,10350.22
2025-03-09 02:00:00,10332.61
2025-03-09 02:15:00,10310.95
2025-03-09 02:30:00,10265.23
2025-03-09 02:45:00,10242.57
2025-03-09 03:00:00,10283.37
2025-03-09 03:15:00,10288.8
2025-03-09 03:30:00,10277.56
2025-03-09 03:45:00,10295.48
2025-03-09 04:00:00,10347.55
2025-03-09 04:15:00,10384.3
2025-03-09 04:30:00,10392.99
2025-03-09 04:45:00,10444.82
2025-03-09 05:00:00,10564.83
2025-03-09 05:15:00,10624.75
2025-03-09 05:30:00,10782.09
2025-03-09 05:45:00,10825.35
2025-03-09 06:00:00,10907.75
2025-03-09 06:15:00,10845.46
2025-03-09 06:30:00,10824.33
2025-03-09 06:45:00,10889.75
2025-03-09 07:00:00,10889.54
2025-03-09 07:15:00,10977.88
2025-03-09 07:30:00,11038.31
2025-03-09 07:45:00,11179.24
2025-03-09 08:00:00,10989.73
2025-03-09 08:15:00,10868.6
2025-03-09 08:30:00,10855.92
2025-03-09 08:45:00,10903.56
2025-03-09 09:00:00,10748.44
2025-03-09 09:15:00,10685.42
2025-03-09 09:30:00,10727.94
2025-03-09 09:45:00,10875.66
2025-03-09 10:00:00,10832.42
2025-03-09 10:15:00,10797.75
2025-03-09 10:30:00,10837.21
2025-03-09 10:45:00,10914.1
2025-03-09 11:00:00,10870.34
2025-03-09 11:15:00,10866.69
2025-03-09 11:30:00,10867.83
2025-03-09 11:45:00,10933.1
2025-03-09 12:00:00,10928.39
2025-03-09 12:15:00,10937.29
2025-03-09 12:30:00,10903.02
2025-03-09 12:45:00,10851.02
2025-03-09 13:00:00,10775.13
2025-03-09 13:15:00,10705.82
2025-03-09 13:30:00,10629.99
2025-03-09 13:45:00,10616.94
2025-03-09 14:00:00,10769.37
2025-03-09 14:15:00,10809.43
2025-03-09 14:30:00,10739.51
2025-03-09 14:45:00,10766.85
2025-03-09 15:00:00,10941.92
2025-03-09 15:15:00,10999.86
2025-03-09 15:30:00,11166.39
2025-03-09 15:45:00,11456.92
2025-03-09 16:00:00,11830.08
2025-03-09 16:15:00,12242.44
2025-03-09 16:30:00,12664.77
2025-03-09 16:45:00,13141.24
2025-03-09 17:00:00,13593.12
2025-03-09 17:15:00,13897.4
2025-03-09 17:30:00,14025.03
2025-03-09 17:45:00,14064.31
2025-03-09 18:00:00,14080.15
2025-03-09 18:15:00,13993.97
2025-03-09 18:30:00,13918.64
2025-03-09 18:45:00,13925.88
2025-03-09 19:00:00,13738.6
2025-03-09 19:15:00,13620.25
2025-03-09 19:30:00,13396.41
2025-03-09 19:45:00,13293.51
2025-03-09 20:00:00,13055.42
2025-03-09 20:15:00,12909.24
2025-03-09 20:30:00,12756.52
2025-03-09 20:45:00,12624.36
2025-03-09 21:00:00,12521.06
2025-03-09 21:15:00,12339.29
2025-03-09 21:30:00,12138.11
2025-03-09 21:45:00,12007.74
2025-03-09 22:00:00,11745.55
2025-03-09 22:15:00,11564.72
2025-03-09 22:30:00,11378.56
2025-03-09 22:45:00,11243.88
2025-03-09 23:00:00,11093.7
2025-03-09 23:15:00,11001.52
2025-03-09 23:30:00,10851.01
2025-03-09 23:45:00,10800.88
2025-03-10 00:00:00,10695.19
2025-03-10 00:15:00,10591.49
2025-03-10 00:30:00,10556.94
2025-03-10 00:45:00,10526.49
2025-03-10 01:00:00,10439.74
2025-03-10 01:15:00,10466.74
2025-03-10 01:30:00,10448.86
2025-03-10 01:45:00,10416.64
2025-03-10 02:00:00,10462.19
2025-03-10 02:15:00,10464.27
2025-03-10 02:30:00,10484.0
2025-03-10 02:45:00,10435.99
2025-03-10 03:00:00,10577.23
2025-03-10 03:15:00,10583.28
2025-03-10 03:30:00,10640.28
2025-03-10 03:45:00,10701.73
2025-03-10 04:00:00,10964.53
2025-03-10 04:15:00,11103.37
2025-03-10 04:30:00,11334.6
2025-03-10 04:45:00,11535.14
2025-03-10 05:00:00,12230.09
2025-03-10 05:15:00,12593.48
2025-03-10 05:30:00,12976.22
2025-03-10 05:45:00,13388.57
2025-03-10 06:00:00,13874.06
2025-03-10 06:15:00,14153.57
2025-03-10 06:30:00,14327.33
2025-03-10 06:45:00,14384.1
2025-03-10 07:00:00,14371.95
2025-03-10 07:15:00,14313.78
2025-03-10 07:30:00,14396.97
2025-03-10 07:45:00,14359.33
2025-03-10 08:00:00,14243.86
2025-03-10 08:15:00,13999.35
2025-03-10 08:30:00,13764.72
2025-03-10 08:45:00,13611.73
2025-03-10 09:00:00,13470.3
2025-03-10 09:15:00,13410.09
2025-03-10 09:30:00,13313.69
2025-03-10 09:45:00,13245.88
2025-03-10 10:00:00,13049.08
2025-03-10 10:15:00,12982.33
2025-03-10 10:30:00,12961.95
2025-03-10 10:45:00,13017.96
2025-03-10 11:00:00,12947.97
2025-03-10 11:15:00,12884.91
2025-03-10 11:30:00,12741.34
2025-03-10 11:45:00,12743.41
2025-03-10 12:00:00,12687.59
2025-03-10 12:15:00,12733.94
2025-03-10 12:30:00,12658.84
2025-03-10 12:45:00,12656.04
2025-03-10 13:00:00,12685.73
2025-03-10 13:15:00,12621.8
2025-03-10 13:30:00,12601.34
2025-03-10 13:45:00,12653.99
2025-03-10 14:00:00,12754.53
2025-03-10 14:15:00,12750.18
2025-03-10 14:30:00,12848.66
2025-03-10 14:45:00,12885.31
2025-03-10 15:00:00,13218.69
2025-03-10 15:15:00,13360.88
2025-03-10 15:30:00,13481.43
2025-03-10 15:45:00,13836.44
2025-03-10 16:00:00,14340.42
2025-03-10 16:15:00,14782.89
2025-03-10 16:30:00,15101.52
2025-03-10 16:45:00,15459.43
2025-03-10 17:00:00,15641.13
2025-03-10 17:15:00,15776.75
2025-03-10 17:30:00,15898.95
2025-03-10 17:45:00,15951.29
2025-03-10 18:00:00,15909.67
2025-03-10 18:15:00,15785.48
2025-03-10 18:30:00,15671.77
2025-03-10 18:45:00,15557.38
2025-03-10 19:00:00,15341.72
2025-03-10 19:15:00,15156.52
2025-03-10 19:30:00,14913.26
2025-03-10 19:45:00,14724.07
2025-03-10 20:00:00,14527.5
2025-03-10 20:15:00,14328.42
2025-03-10 20:30:00,14105.06
2025-03-10 20:45:00,13942.39
2025-03-10 21:00:00,13633.55
2025-03-10 21:15:00,13434.78
2025-03-10 21:30:00,13199.74
2025-03-10 21:45:00,12988.54
2025-03-10 22:00:00,12709.99
2025-03-10 22:15:00,12499.11
2025-03-10 22:30:00,12246.39
2025-03-10 22:45:00,12075.99
2025-03-10 23:00:00,11888.91
2025-03-10 23:15:00,11787.26
2025-03-10 23:30:00,11610.51
2025-03-10 23:45:00,11486.86
2025-03-11 00:00:00,11422.33
2025-03-11 00:15:00,11319.72
2025-03-11 00:30:00,11252.24
2025-03-11 00:45:00,11147.66
2025-03-11 01:00:00,11128.97
2025-03-11 01:15:00,11095.82
2025-03-11 01:30:00,11019.34
2025-03-11 01:45:00,10969.77
2025-03-11 02:00:00,10983.79
2025-03-11 02:15:00,11033.89
2025-03-11 02:30:00,10953.61
2025-03-11 02:45:00,10993.07
2025-03-11 03:00:00,11072.45
2025-03-11 03:15:00,11136.83
2025-03-11 03:30:00,11168.0
2025-03-11 03:45:00,11188.23
2025-03-11 04:00:00,11312.46
2025-03-11 04:15:00,11419.37
2025-03-11 04:30:00,11602.87
2025-03-11 04:45:00,11866.2
2025-03-11 05:00:00,12410.44
2025-03-11 05:15:00,12828.16
2025-03-11 05:30:00,13219.86
2025-03-11 05:45:00,13655.05
2025-03-11 06:00:00,14239.89
2025-03-11 06:15:00,14617.69
2025-03-11 06:30:00,15027.37
2025-03-11 06:45:00,15285.61
2025-03-11 07:00:00,15498.32
2025-03-11 07:15:00,15600.56
2025-03-11 07:30:00,15631.15
2025-03-11 07:45:00,15690.31
2025-03-11 08:00:00,15709.77
2025-03-11 08:15:00,15626.29
2025-03-11 08:30:00,15451.0
2025-03-11 08:45:00,15440.43
2025-03-11 09:00:00,15356.48
2025-03-11 09:15:00,15304.46
2025-03-11 09:30:00,15146.92
2025-03-11 09:45:00,15119.91
2025-03-11 10:00:00,15013.65
2025-03-11 10:15:00,14916.05
2025-03-11 10:30:00,14875.31
2025-03-11 10:45:00,14871.17
2025-03-11 11:00:00,14746.68
2025-03-11 11:15:00,14621.01
2025-03-11 11:30:00,14475.85
2025-03-11 11:45:00,14428.56
2025-03-11 12:00:00,14398.31
2025-03-11 12:15:00,14401.46
2025-03-11 12:30:00,14349.32
2025-03-11 12:45:00,14332.1
2025-03-11 13:00:00,14238.07
2025-03-11 13:15:00,14247.38
2025-03-11 13:30:00,14170.45
2025-03-11 13:45:00,14198.9
2025-03-11 14:00:00,14319.98
2025-03-11 14:15:00,14266.48
2025-03-11 14:30:00,14226.86
2025-03-11 14:45:00,14339.98
2025-03-11 15:00:00,14630.96
2025-03-11 15:15:00,14703.35
2025-03-11 15:30:00,14827.81
2025-03-11 15:45:00,15109.34
2025-03-11 16:00:00,15475.19
2025-03-11 16:15:00,15929.52
2025-03-11 16:30:00,16278.91
2025-03-11 16:45:00,16560.89
2025-03-11 17:00:00,16686.36
2025-03-11 17:15:00,16832.63
2025-03-11 17:30:00,16877.89
2025-03-11 17:45:00,16800.92
2025-03-11 18:00:00,16712.08
2025-03-11 18:15:00,16587.87
2025-03-11 18:30:00,16518.13
2025-03-11 18:45:00,16384.01
2025-03-11 19:00:00,16121.39
2025-03-11 19:15:00,15929.98
2025-03-11 19:30:00,15725.78
2025-03-11 19:45:00,15519.31
2025-03-11 20:00:00,15290.13
2025-03-11 20:15:00,15037.99
2025-03-11 20:30:00,14811.46
2025-03-11 20:45:00,14560.46
2025-03-11 21:00:00,14311.38
2025-03-11 21:15:00,14115.8
2025-03-11 21:30:00,13819.88
2025-03-11 21:45:00,13621.28
2025-03-11 22:00:00,13331.38
2025-03-11 22:15:00,13168.49
2025-03-11 22:30:00,12932.44
2025-03-11 22:45:00,12804.25
2025-03-11 23:00:00,12576.72
2025-03-11 23:15:00,12391.0
2025-03-11 23:30:00,12197.82
2025-03-11 23:45:00,12110.27
2025-03-12 00:00:00,11972.08
2025-03-12 00:15:00,11848.7
2025-03-12 00:30:00,11766.43
2025-03-12 00:45:00,11673.44
2025-03-12 01:00:00,11652.78
2025-03-12 01:15:00,11629.54
2025-03-12 01:30:00,11586.73
2025-03-12 01:45:00,11530.87
2025-03-12 02:00:00,11565.36
2025-03-12 02:15:00,11552.11
2025-03-12 02:30:00,11511.09
2025-03-12 02:45:00,11527.94
2025-03-12 03:00:00,11503.57
2025-03-12 03:15:00,11529.63
2025-03-12 03:30:00,11519.94
2025-03-12 03:45:00,11561.26
2025-03-12 04:00:00,11718.04
2025-03-12 04:15:00,11821.44
2025-03-12 04:30:00,12009.67
2025-03-12 04:45:00,12237.08
2025-03-12 05:00:00,12792.88
2025-03-12 05:15:00,13136.97
2025-03-12 05:30:00,13498.05
2025-03-12 05:45:00,13831.75
2025-03-12 06:00:00,14371.9
2025-03-12 06:15:00,14733.85
2025-03-12 06:30:00,14901.52
2025-03-12 06:45:00,15009.07
2025-03-12 07:00:00,15050.55
2025-03-12 07:15:00,14958.08
2025-03-12 07:30:00,15011.92
2025-03-12 07:45:00,15100.97
2025-03-12 08:00:00,14991.78
2025-03-12 08:15:00,14823.51
2025-03-12 08:30:00,14679.51
2025-03-12 08:45:00,14618.48
2025-03-12 09:00:00,14459.98
2025-03-12 09:15:00,14402.56
2025-03-12 09:30:00,14371.16
2025-03-12 09:45:00,14346.7
2025-03-12 10:00:00,14201.73
2025-03-12 10:15:00,14144.16
2025-03-12 10:30:00,14114.99
2025-03-12 10:45:00,14076.1
2025-03-12 11:00:00,14170.76
2025-03-12 11:15:00,14100.19
2025-03-12 11:30:00,14107.69
2025-03-12 11:45:00,14061.66
2025-03-12 12:00:00,14146.55
2025-03-12 12:15:00,14053.51
2025-03-12 12:30:00,13912.91
2025-03-12 12:45:00,13980.79
2025-03-12 13:00:00,13953.03
2025-03-12 13:15:00,13904.29
2025-03-12 13:30:00,13899.52
2025-03-12 13:45:00,13895.87
2025-03-12 14:00:00,14082.86
2025-03-12 14:15:00,14059.45
2025-03-12 14:30:00,14103.17
2025-03-12 14:45:00,14220.23
2025-03-12 15:00:00,14353.29
2025-03-12 15:15:00,14591.79
2025-03-12 15:30:00,14676.93
2025-03-12 15:45:00,15017.58
2025-03-12 16:00:00,15378.33
2025-03-12 16:15:00,15701.9
2025-03-12 16:30:00,15951.58
2025-03-12 16:45:00,16149.68
2025-03-12 17:00:00,16342.63
2025-03-12 17:15:00,16524.26
2025-03-12 17:30:00,16600.87
2025-03-12 17:45:00,16587.35
2025-03-12 18:00:00,16591.44
2025-03-12 18:15:00,16507.03
2025-03-12 18:30:00,16384.84
2025-03-12 18:45:00,16341.34
2025-03-12 19:00:00,16052.22
2025-03-12 19:15:00,15814.2
2025-03-12 19:30:00,15666.44
2025-03-12 19:45:00,15509.42
2025-03-12 20:00:00,15337.36
2025-03-12 20:15:00,15123.71
2025-03-12 20:30:00,14862.89
2025-03-12 20:45:00,14638.78
2025-03-12 21:00:00,14411.0
2025-03-12 21:15:00,14205.94
2025-03-12 21:30:00,13985.68
2025-03-12 21:45:00,13768.86
2025-03-12 22:00:00,13517.02
2025-03-12 22:15:00,13288.19
2025-03-12 22:30:00,13077.77
2025-03-12 22:45:00,12861.8
2025-03-12 23:00:00,12643.83
2025-03-12 23:15:00,12408.02
2025-03-12 23:30:00,12286.79
2025-03-12 23:45:00,12128.01
2025-03-13 00:00:00,12113.85
2025-03-13 00:15:00,11931.25
2025-03-13 00:30:00,11923.83
2025-03-13 00:45:00,11887.39
2025-03-13 01:00:00,11796.3
2025-03-13 01:15:00,11701.05
2025-03-13 01:30:00,11631.02
2025-03-13 01:45:00,11574.31
2025-03-13 02:00:00,11688.9
2025-03-13 02:15:00,11663.39
2025-03-13 02:30:00,11608.82
2025-03-13 02:45:00,11539.49
2025-03-13 03:00:00,11565.45
2025-03-13 03:15:00,11600.3
2025-03-13 03:30:00,11607.72
2025-03-13 03:45:00,11631.27
2025-03-13 04:00:00,11824.8
2025-03-13 04:15:00,11996.51
2025-03-13 04:30:00,12160.11
2025-03-13 04:45:00,12402.42
2025-03-13 05:00:00,12905.92
2025-03-13 05:15:00,13215.84
2025-03-13 05:30:00,13666.57
2025-03-13 05:45:00,13965.04
2025-03-13 06:00:00,14458.0
2025-03-13 06:15:00,14802.28
2025-03-13 06:30:00,14963.58
2025-03-13 06:45:00,15045.77
2025-03-13 07:00:00,15077.23
2025-03-13 07:15:00,15019.37
2025-03-13 07:30:00,15044.87
2025-03-13 07:45:00,15068.45
2025-03-13 08:00:00,14884.91
2025-03-13 08:15:00,14782.88
2025-03-13 08:30:00,14670.73
2025-03-13 08:45:00,14696.92
2025-03-13 09:00:00,14471.54
2025-03-13 09:15:00,14452.62
2025-03-13 09:30:00,14464.23
2025-03-13 09:45:00,14383.98
2025-03-13 10:00:00,14407.74
2025-03-13 10:15:00,14390.63
2025-03-13 10:30:00,14415.74
2025-03-13 10:45:00,14445.66
2025-03-13 11:00:00,14467.45
2025-03-13 11:15:00,14383.25
2025-03-13 11:30:00,14338.75
2025-03-13 11:45:00,14329.38
2025-03-13 12:00:00,14392.76
2025-03-13 12:15:00,14400.42
2025-03-13 12:30:00,14408.74
2025-03-13 12:45:00,14420.7
2025-03-13 13:00:00,14393.26
2025-03-13 13:15:00,14390.55
2025-03-13 13:30:00,14349.54
2025-03-13 13:45:00,14351.95
2025-03-13 14:00:00,14373.8
2025-03-13 14:15:00,14444.88
2025-03-13 14:30:00,14544.01
2025-03-13 14:45:00,14630.72
2025-03-13 15:00:00,14901.36
2025-03-13 15:15:00,15043.9
2025-03-13 15:30:00,15285.19
2025-03-13 15:45:00,15570.94
2025-03-13 16:00:00,15872.3
2025-03-13 16:15:00,16138.96
2025-03-13 16:30:00,16400.69
2025-03-13 16:45:00,16648.86
2025-03-13 17:00:00,16699.86
2025-03-13 17:15:00,16813.6
2025-03-13 17:30:00,16852.18
2025-03-13 17:45:00,16834.15
2025-03-13 18:00:00,16772.08
2025-03-13 18:15:00,16719.96
2025-03-13 18:30:00,16666.7
2025-03-13 18:45:00,16489.26
2025-03-13 19:00:00,16223.58
2025-03-13 19:15:00,16063.63
2025-03-13 19:30:00,15921.31
2025-03-13 19:45:00,15845.75
2025-03-13 20:00:00,15519.74
2025-03-13 20:15:00,15226.12
2025-03-13 20:30:00,15008.37
2025-03-13 20:45:00,14849.02
2025-03-13 21:00:00,14566.46
2025-03-13 21:15:00,14277.53
2025-03-13 21:30:00,13977.36
2025-03-13 21:45:00,13755.63
2025-03-13 22:00:00,13558.85
2025-03-13 22:15:00,13384.85
2025-03-13 22:30:00,13215.23
2025-03-13 22:45:00,13123.29
2025-03-13 23:00:00,12845.01
2025-03-13 23:15:00,12602.32
2025-03-13 23:30:00,12467.73
2025-03-13 23:45:00,12364.04
2025-03-14 00:00:00,12278.6
2025-03-14 00:15:00,12184.43
2025-03-14 00:30:00,12125.02
2025-03-14 00:45:00,12091.46
2025-03-14 01:00:00,12091.08
2025-03-14 01:15:00,11910.81
2025-03-14 01:30:00,11846.66
2025-03-14 01:45:00,11842.91
2025-03-14 02:00:00,11893.98
2025-03-14 02:15:00,11917.94
2025-03-14 02:30:00,11862.88
2025-03-14 02:45:00,11871.11
2025-03-14 03:00:00,11898.21
2025-03-14 03:15:00,11916.39
2025-03-14 03:30:00,11927.72
2025-03-14 03:45:00,11951.16
2025-03-14 04:00:00,12128.21
2025-03-14 04:15:00,12260.45
2025-03-14 04:30:00,12364.11
2025-03-14 04:45:00,12560.42
2025-03-14 05:00:00,13153.75
2025-03-14 05:15:00,13436.61
2025-03-14 05:30:00,13779.25
2025-03-14 05:45:00,14070.47
2025-03-14 06:00:00,14583.66
2025-03-14 06:15:00,14821.67
2025-03-14 06:30:00,14968.97
2025-03-14 06:45:00,15058.16
2025-03-14 07:00:00,15053.0
2025-03-14 07:15:00,15009.06
2025-03-14 07:30:00,15142.92
2025-03-14 07:45:00,15162.51
2025-03-14 08:00:00,14845.09
2025-03-14 08:15:00,14757.41
2025-03-14 08:30:00,14698.03
2025-03-14 08:45:00,14734.61
2025-03-14 09:00:00,14401.46
2025-03-14 09:15:00,14358.25
2025-03-14 09:30:00,14309.93
2025-03-14 09:45:00,14240.78
2025-03-14 10:00:00,14263.36
2025-03-14 10:15:00,14261.73
2025-03-14 10:30:00,14256.26
2025-03-14 10:45:00,14353.84
2025-03-14 11:00:00,14326.23
2025-03-14 11:15:00,14237.56
2025-03-14 11:30:00,14176.18
2025-03-14 11:45:00,14152.69
2025-03-14 12:00:00,14202.13
2025-03-14 12:15:00,14222.16
2025-03-14 12:30:00,14245.78
2025-03-14 12:45:00,14264.1
2025-03-14 13:00:00,14397.89
2025-03-14 13:15:00,14306.85
2025-03-14 13:30:00,14295.05
2025-03-14 13:45:00,14280.81
2025-03-14 14:00:00,14386.73
2025-03-14 14:15:00,14336.88
2025-03-14 14:30:00,14444.94
2025-03-14 14:45:00,14502.51
2025-03-14 15:00:00,14716.4
2025-03-14 15:15:00,14880.41
2025-03-14 15:30:00,15004.18
2025-03-14 15:45:00,15126.53
2025-03-14 16:00:00,15426.46
2025-03-14 16:15:00,15722.04
2025-03-14 16:30:00,15917.69
2025-03-14 16:45:00,16175.69
2025-03-14 17:00:00,16280.1
2025-03-14 17:15:00,16505.16
2025-03-14 17:30:00,16646.03
2025-03-14 17:45:00,16682.49
2025-03-14 18:00:00,16685.34
2025-03-14 18:15:00,16587.04
2025-03-14 18:30:00,16473.38
2025-03-14 18:45:00,16316.07
2025-03-14 19:00:00,15990.8
2025-03-14 19:15:00,15764.38
2025-03-14 19:30:00,15592.6
2025-03-14 19:45:00,15453.32
2025-03-14 20:00:00,15223.33
2025-03-14 20:15:00,14941.29
2025-03-14 20:30:00,14739.43
2025-03-14 20:45:00,14578.72
2025-03-14 21:00:00,14367.54
2025-03-14 21:15:00,14186.21
2025-03-14 21:30:00,13932.33
2025-03-14 21:45:00,13738.5
2025-03-14 22:00:00,13545.08
2025-03-14 22:15:00,13334.74
2025-03-14 22:30:00,13163.46
2025-03-14 22:45:00,12949.87
2025-03-14 23:00:00,12852.71
2025-03-14 23:15:00,12635.78
2025-03-14 23:30:00,12476.75
2025-03-14 23:45:00,12278.52
2025-03-15 00:00:00,12119.37
2025-03-15 00:15:00,11971.47
2025-03-15 00:30:00,11851.36
2025-03-15 00:45:00,11780.04
2025-03-15 01:00:00,11740.58
2025-03-15 01:15:00,11694.84
2025-03-15 01:30:00,11644.37
2025-03-15 01:45:00,11610.86
2025-03-15 02:00:00,11655.64
2025-03-15 02:15:00,11661.77
2025-03-15 02:30:00,11624.42
2025-03-15 02:45:00,11631.0
2025-03-15 03:00:00,11643.91
2025-03-15 03:15:00,11641.53
2025-03-15 03:30:00,11593.69
2025-03-15 03:45:00,11611.96
2025-03-15 04:00:00,11621.76
2025-03-15 04:15:00,11597.13
2025-03-15 04:30:00,11649.13
2025-03-15 04:45:00,11767.91
2025-03-15 05:00:00,12007.52
2025-03-15 05:15:00,12105.27
2025-03-15 05:30:00,12274.96
2025-03-15 05:45:00,12345.21
2025-03-15 06:00:00,12471.29
2025-03-15 06:15:00,12482.44
2025-03-15 06:30:00,12438.29
2025-03-15 06:45:00,12432.0
2025-03-15 07:00:00,12443.67
2025-03-15 07:15:00,12437.47
2025-03-15 07:30:00,12618.51
2025-03-15 07:45:00,12595.2
2025-03-15 08:00:00,12493.57
2025-03-15 08:15:00,12423.57
2025-03-15 08:30:00,12532.53
2025-03-15 08:45:00,12503.7
2025-03-15 09:00:00,12306.57
2025-03-15 09:15:00,12170.65
2025-03-15 09:30:00,12136.53
2025-03-15 09:45:00,12259.61
2025-03-15 10:00:00,12142.62
2025-03-15 10:15:00,12095.93
2025-03-15 10:30:00,12121.51
2025-03-15 10:45:00,12144.62
2025-03-15 11:00:00,12193.99
2025-03-15 11:15:00,12122.44
2025-03-15 11:30:00,12070.1
2025-03-15 11:45:00,12035.72
2025-03-15 12:00:00,12140.42
2025-03-15 12:15:00,12190.59
2025-03-15 12:30:00,12066.58
2025-03-15 12:45:00,12062.99
2025-03-15 13:00:00,12040.59
2025-03-15 13:15:00,11922.86
2025-03-15 13:30:00,11857.2
2025-03-15 13:45:00,11845.83
2025-03-15 14:00:00,12023.75
2025-03-15 14:15:00,12056.25
2025-03-15 14:30:00,12040.12
2025-03-15 14:45:00,12175.5
2025-03-15 15:00:00,12279.91
2025-03-15 15:15:00,12408.63
2025-03-15 15:30:00,12595.89
2025-03-15 15:45:00,12902.8
2025-03-15 16:00:00,13310.04
2025-03-15 16:15:00,13646.49
2025-03-15 16:30:00,14012.99
2025-03-15 16:45:00,14391.83
2025-03-15 17:00:00,14613.86
2025-03-15 17:15:00,14825.22
2025-03-15 17:30:00,15004.07
2025-03-15 17:45:00,15117.0
2025-03-15 18:00:00,15174.58
2025-03-15 18:15:00,15094.16
2025-03-15 18:30:00,15017.62
2025-03-15 18:45:00,14926.86
2025-03-15 19:00:00,14832.81
2025-03-15 19:15:00,14623.19
2025-03-15 19:30:00,14482.79
2025-03-15 19:45:00,14284.47
2025-03-15 20:00:00,14095.82
2025-03-15 20:15:00,13924.03
2025-03-15 20:30:00,13834.5
2025-03-15 20:45:00,13679.24
2025-03-15 21:00:00,13489.5
2025-03-15 21:15:00,13328.15
2025-03-15 21:30:00,13181.26
2025-03-15 21:45:00,13039.73
2025-03-15 22:00:00,12833.65
2025-03-15 22:15:00,12639.8
2025-03-15 22:30:00,12503.78
2025-03-15 22:45:00,12304.87
2025-03-15 23:00:00,12144.49
2025-03-15 23:15:00,11982.71
2025-03-15 23:30:00,11881.5
2025-03-15 23:45:00,11703.02
2025-03-16 00:00:00,11644.68
2025-03-16 00:15:00,11543.81
2025-03-16 00:30:00,11549.36
2025-03-16 00:45:00,11441.98
2025-03-16 01:00:00,11370.36
2025-03-16 01:15:00,11319.38
2025-03-16 01:30:00,11305.01
2025-03-16 01:45:00,11275.36
2025-03-16 02:00:00,11280.61
2025-03-16 02:15:00,11269.18
2025-03-16 02:30:00,11201.73
2025-03-16 02:45:00,11186.32
2025-03-16 03:00:00,11187.16
2025-03-16 03:15:00,11187.52
2025-03-16 03:30:00,11214.73
2025-03-16 03:45:00,11239.27
2025-03-16 04:00:00,11281.82
2025-03-16 04:15:00,11305.31
2025-03-16 04:30:00,11342.86
2025-03-16 04:45:00,11404.15
2025-03-16 05:00:00,11549.31
2025-03-16 05:15:00,11606.45
2025-03-16 05:30:00,11650.6
2025-03-16 05:45:00,11712.28
2025-03-16 06:00:00,11727.14
2025-03-16 06:15:00,11655.07
2025-03-16 06:30:00,11580.85
2025-03-16 06:45:00,11497.62
2025-03-16 07:00:00,11384.85
2025-03-16 07:15:00,11280.6
2025-03-16 07:30:00,11236.8
2025-03-16 07:45:00,11327.92
2025-03-16 08:00:00,11259.58
2025-03-16 08:15:00,11179.69
2025-03-16 08:30:00,11192.66
2025-03-16 08:45:00,11279.37
2025-03-16 09:00:00,11154.65
2025-03-16 09:15:00,11074.23
2025-03-16 09:30:00,11060.47
2025-03-16 09:45:00,11242.44
2025-03-16 10:00:00,11115.51
2025-03-16 10:15:00,11126.64
2025-03-16 10:30:00,11201.67
2025-03-16 10:45:00,11284.09
2025-03-16 11:00:00,11536.7
2025-03-16 11:15:00,11505.04
2025-03-16 11:30:00,11584.06
2025-03-16 11:45:00,11457.94
2025-03-16 12:00:00,11372.05
2025-03-16 12:15:00,11364.14
2025-03-16 12:30:00,11344.58
2025-03-16 12:45:00,11290.12
2025-03-16 13:00:00,11430.76
2025-03-16 13:15:00,11300.88
2025-03-16 13:30:00,11276.8
2025-03-16 13:45:00,11269.77
2025-03-16 14:00:00,11329.74
2025-03-16 14:15:00,11361.3
2025-03-16 14:30:00,11275.25
2025-03-16 14:45:00,11404.72
2025-03-16 15:00:00,11522.66
2025-03-16 15:15:00,11689.09
2025-03-16 15:30:00,11899.12
2025-03-16 15:45:00,12189.2
2025-03-16 16:00:00,12625.52
2025-03-16 16:15:00,12960.96
2025-03-16 16:30:00,13460.65
2025-03-16 16:45:00,13925.13
2025-03-16 17:00:00,14231.63
2025-03-16 17:15:00,14511.27
2025-03-16 17:30:00,14641.31
2025-03-16 17:45:00,14710.87
2025-03-16 18:00:00,14736.7
2025-03-16 18:15:00,14601.96
2025-03-16 18:30:00,14479.13
2025-03-16 18:45:00,14517.14
2025-03-16 19:00:00,14453.7
2025-03-16 19:15:00,14273.01
2025-03-16 19:30:00,14095.79
2025-03-16 19:45:00,13948.7
2025-03-16 20:00:00,13968.66
2025-03-16 20:15:00,13610.19
2025-03-16 20:30:00,13567.4
2025-03-16 20:45:00,13291.27
2025-03-16 21:00:00,13108.08
2025-03-16 21:15:00,12784.77
2025-03-16 21:30:00,12593.37
2025-03-16 21:45:00,12493.09
2025-03-16 22:00:00,12330.12
2025-03-16 22:15:00,12151.4
2025-03-16 22:30:00,11983.84
2025-03-16 22:45:00,12001.96
2025-03-16 23:00:00,11789.43
2025-03-16 23:15:00,11666.08
2025-03-16 23:30:00,11523.88
2025-03-16 23:45:00,11404.24
2025-03-17 00:00:00,11310.85
2025-03-17 00:15:00,11171.29
2025-03-17 00:30:00,11121.41
2025-03-17 00:45:00,11019.83
2025-03-17 01:00:00,11016.99
2025-03-17 01:15:00,10961.51
2025-03-17 01:30:00,10919.74
2025-03-17 01:45:00,10861.34
2025-03-17 02:00:00,10925.4
2025-03-17 02:15:00,10996.44
2025-03-17 02:30:00,10994.37
2025-03-17 02:45:00,11113.15
2025-03-17 03:00:00,11106.32
2025-03-17 03:15:00,11060.72
2025-03-17 03:30:00,11184.06
2025-03-17 03:45:00,11224.72
2025-03-17 04:00:00,11391.7
2025-03-17 04:15:00,11470.54
2025-03-17 04:30:00,11780.51
2025-03-17 04:45:00,12075.45
2025-03-17 05:00:00,12601.39
2025-03-17 05:15:00,12867.08
2025-03-17 05:30:00,13233.77
2025-03-17 05:45:00,13545.44
2025-03-17 06:00:00,13967.65
2025-03-17 06:15:00,14264.55
2025-03-17 06:30:00,14545.63
2025-03-17 06:45:00,14657.67
2025-03-17 07:00:00,14739.53
2025-03-17 07:15:00,14845.66
2025-03-17 07:30:00,14876.35
2025-03-17 07:45:00,14828.52
2025-03-17 08:00:00,14578.06
2025-03-17 08:15:00,14480.63
2025-03-17 08:30:00,14358.61
2025-03-17 08:45:00,14267.42
2025-03-17 09:00:00,13969.9
2025-03-17 09:15:00,13968.36
2025-03-17 09:30:00,13850.93
2025-03-17 09:45:00,13863.07
2025-03-17 10:00:00,13489.2
2025-03-17 10:15:00,13493.1
2025-03-17 10:30:00,13447.66
2025-03-17 10:45:00,13498.39
2025-03-17 11:00:00,13473.8
2025-03-17 11:15:00,13382.64
2025-03-17 11:30:00,13296.12
2025-03-17 11:45:00,13314.82
2025-03-17 12:00:00,13475.43
2025-03-17 12:15:00,13541.42
2025-03-17 12:30:00,13573.88
2025-03-17 12:45:00,13365.23
2025-03-17 13:00:00,13384.8
2025-03-17 13:15:00,13219.21
2025-03-17 13:30:00,13145.97
2025-03-17 13:45:00,13046.87
2025-03-17 14:00:00,13009.87
2025-03-17 14:15:00,13004.09
2025-03-17 14:30:00,13084.56
2025-03-17 14:45:00,13122.84
2025-03-17 15:00:00,13202.88
2025-03-17 15:15:00,13325.05
2025-03-17 15:30:00,13546.1
2025-03-17 15:45:00,13945.81
2025-03-17 16:00:00,14359.59
2025-03-17 16:15:00,14802.17
2025-03-17 16:30:00,15169.67
2025-03-17 16:45:00,15473.39
2025-03-17 17:00:00,15695.38
2025-03-17 17:15:00,15995.83
2025-03-17 17:30:00,16229.06
2025-03-17 17:45:00,16342.06
2025-03-17 18:00:00,16372.41
2025-03-17 18:15:00,16373.3
2025-03-17 18:30:00,16233.02
2025-03-17 18:45:00,16228.44
2025-03-17 19:00:00,15989.35
2025-03-17 19:15:00,15775.79
2025-03-17 19:30:00,15707.65
2025-03-17 19:45:00,15579.08
2025-03-17 20:00:00,15265.78
2025-03-17 20:15:00,15113.35
2025-03-17 20:30:00,14904.65
2025-03-17 20:45:00,14708.64
2025-03-17 21:00:00,14328.54
2025-03-17 21:15:00,13987.55
2025-03-17 21:30:00,13749.24
2025-03-17 21:45:00,13560.22
2025-03-17 22:00:00,13386.86
2025-03-17 22:15:00,13110.74
2025-03-17 22:30:00,12893.06
2025-03-17 22:45:00,12712.65
2025-03-17 23:00:00,12563.94
2025-03-17 23:15:00,12302.77
2025-03-17 23:30:00,12235.96
2025-03-17 23:45:00,12047.7
2025-03-18 00:00:00,12032.76
2025-03-18 00:15:00,11798.8
2025-03-18 00:30:00,11743.63
2025-03-18 00:45:00,11645.79
2025-03-18 01:00:00,11572.32
2025-03-18 01:15:00,11505.34
2025-03-18 01:30:00,11457.04
2025-03-18 01:45:00,11445.72
2025-03-18 02:00:00,11555.49
2025-03-18 02:15:00,11476.5
2025-03-18 02:30:00,11472.47
2025-03-18 02:45:00,11487.68
2025-03-18 03:00:00,11524.97
2025-03-18 03:15:00,11567.38
2025-03-18 03:30:00,11564.75
2025-03-18 03:45:00,11636.97
2025-03-18 04:00:00,11915.32
2025-03-18 04:15:00,12047.86
2025-03-18 04:30:00,12265.18
2025-03-18 04:45:00,12529.34
2025-03-18 05:00:00,13107.9
2025-03-18 05:15:00,13530.16
2025-03-18 05:30:00,13842.42
2025-03-18 05:45:00,14094.23
2025-03-18 06:00:00,14493.05
2025-03-18 06:15:00,14737.67
2025-03-18 06:30:00,14893.22
2025-03-18 06:45:00,14913.83
2025-03-18 07:00:00,14805.98
2025-03-18 07:15:00,14656.8
2025-03-18 07:30:00,14675.44
2025-03-18 07:45:00,14619.83
2025-03-18 08:00:00,14370.28
2025-03-18 08:15:00,14102.84
2025-03-18 08:30:00,14087.66
2025-03-18 08:45:00,14007.37
2025-03-18 09:00:00,13690.85
2025-03-18 09:15:00,13608.18
2025-03-18 09:30:00,13652.18
2025-03-18 09:45:00,13610.92
2025-03-18 10:00:00,13442.28
2025-03-18 10:15:00,13565.79
2025-03-18 10:30:00,13606.45
2025-03-18 10:45:00,13629.68
2025-03-18 11:00:00,13519.01
2025-03-18 11:15:00,13531.02
2025-03-18 11:30:00,13358.81
2025-03-18 11:45:00,13300.19
2025-03-18 12:00:00,13316.94
2025-03-18 12:15:00,13285.78
2025-03-18 12:30:00,13184.72
2025-03-18 12:45:00,13124.32
2025-03-18 13:00:00,13125.97
2025-03-18 13:15:00,13052.04
2025-03-18 13:30:00,13002.04
2025-03-18 13:45:00,13024.7
2025-03-18 14:00:00,13011.06
2025-03-18 14:15:00,12987.86
2025-03-18 14:30:00,13074.51
2025-03-18 14:45:00,13041.06
2025-03-18 15:00:00,13176.32
2025-03-18 15:15:00,13270.34
2025-03-18 15:30:00,13443.49
2025-03-18 15:45:00,13765.19
2025-03-18 16:00:00,14186.96
2025-03-18 16:15:00,14731.05
2025-03-18 16:30:00,15064.96
2025-03-18 16:45:00,15337.46
2025-03-18 17:00:00,15707.3
2025-03-18 17:15:00,15951.59
2025-03-18 17:30:00,16161.66
2025-03-18 17:45:00,16358.91
2025-03-18 18:00:00,16342.27
2025-03-18 18:15:00,16320.42
2025-03-18 18:30:00,16214.81
2025-03-18 18:45:00,16256.82
2025-03-18 19:00:00,16034.27
2025-03-18 19:15:00,15860.36
2025-03-18 19:30:00,15640.27
2025-03-18 19:45:00,15453.12
2025-03-18 20:00:00,15207.09
2025-03-18 20:15:00,14968.32
2025-03-18 20:30:00,14804.26
2025-03-18 20:45:00,14590.69
2025-03-18 21:00:00,14249.98
2025-03-18 21:15:00,13988.65
2025-03-18 21:30:00,13704.03
2025-03-18 21:45:00,13457.23
2025-03-18 22:00:00,13229.2
2025-03-18 22:15:00,12961.64
2025-03-18 22:30:00,12704.07
2025-03-18 22:45:00,12551.5
2025-03-18 23:00:00,12315.07
2025-03-18 23:15:00,12138.78
2025-03-18 23:30:00,11975.56
2025-03-18 23:45:00,11824.61
2025-03-19 00:00:00,11743.27
2025-03-19 00:15:00,11649.49
2025-03-19 00:30:00,11540.43
2025-03-19 00:45:00,11443.86
2025-03-19 01:00:00,11378.89
2025-03-19 01:15:00,11357.95
2025-03-19 01:30:00,11307.28
2025-03-19 01:45:00,11290.21
2025-03-19 02:00:00,11313.97
2025-03-19 02:15:00,11324.52
2025-03-19 02:30:00,11274.92
2025-03-19 02:45:00,11327.84
2025-03-19 03:00:00,11418.98
2025-03-19 03:15:00,11417.08
2025-03-19 03:30:00,11507.65
2025-03-19 03:45:00,11544.27
2025-03-19 04:00:00,11716.93
2025-03-19 04:15:00,11802.1
2025-03-19 04:30:00,12004.54
2025-03-19 04:45:00,12212.54
2025-03-19 05:00:00,12825.94
2025-03-19 05:15:00,13188.51
2025-03-19 05:30:00,13404.8
2025-03-19 05:45:00,13743.89
2025-03-19 06:00:00,14067.45
2025-03-19 06:15:00,14238.71
2025-03-19 06:30:00,14487.99
2025-03-19 06:45:00,14580.45
2025-03-19 07:00:00,14436.76
2025-03-19 07:15:00,14338.14
2025-03-19 07:30:00,14271.4
2025-03-19 07:45:00,14192.64
2025-03-19 08:00:00,13936.45
2025-03-19 08:15:00,13754.09
2025-03-19 08:30:00,13592.35
2025-03-19 08:45:00,13640.9
2025-03-19 09:00:00,13448.35
2025-03-19 09:15:00,13304.05
2025-03-19 09:30:00,13300.69
2025-03-19 09:45:00,13415.42
2025-03-19 10:00:00,13113.6
2025-03-19 10:15:00,13108.76
2025-03-19 10:30:00,13002.86
2025-03-19 10:45:00,13106.13
2025-03-19 11:00:00,13041.76
2025-03-19 11:15:00,12955.24
2025-03-19 11:30:00,12956.76
2025-03-19 11:45:00,12926.4
2025-03-19 12:00:00,12977.75
2025-03-19 12:15:00,12932.97
2025-03-19 12:30:00,12860.34
2025-03-19 12:45:00,12820.71
2025-03-19 13:00:00,12815.53
2025-03-19 13:15:00,12687.93
2025-03-19 13:30:00,12670.34
2025-03-19 13:45:00,12596.9
2025-03-19 14:00:00,12607.57
2025-03-19 14:15:00,12602.7
2025-03-19 14:30:00,12644.41
2025-03-19 14:45:00,12675.41
2025-03-19 15:00:00,12836.31
2025-03-19 15:15:00,12951.39
2025-03-19 15:30:00,13150.13
2025-03-19 15:45:00,13408.91
2025-03-19 16:00:00,13901.28
2025-03-19 16:15:00,14286.74
2025-03-19 16:30:00,14471.44
2025-03-19 16:45:00,14828.64
2025-03-19 17:00:00,15001.73
2025-03-19 17:15:00,15221.07
2025-03-19 17:30:00,15444.34
2025-03-19 17:45:00,15594.16
2025-03-19 18:00:00,15595.6
2025-03-19 18:15:00,15606.65
2025-03-19 18:30:00,15490.67
2025-03-19 18:45:00,15444.65
2025-03-19 19:00:00,15286.67
2025-03-19 19:15:00,15112.84
2025-03-19 19:30:00,14942.05
2025-03-19 19:45:00,14747.9
2025-03-19 20:00:00,14409.95
2025-03-19 20:15:00,14193.04
2025-03-19 20:30:00,13960.48
2025-03-19 20:45:00,13727.2
2025-03-19 21:00:00,13491.52
2025-03-19 21:15:00,13275.32
2025-03-19 21:30:00,13117.3
2025-03-19 21:45:00,13047.02
2025-03-19 22:00:00,12754.96
2025-03-19 22:15:00,12522.09
2025-03-19 22:30:00,12336.81
2025-03-19 22:45:00,12134.51
2025-03-19 23:00:00,11799.58
2025-03-19 23:15:00,11614.32
2025-03-19 23:30:00,11477.37
2025-03-19 23:45:00,11372.83
2025-03-20 00:00:00,11219.11
2025-03-20 00:15:00,11115.35
2025-03-20 00:30:00,11067.62
2025-03-20 00:45:00,11050.53
2025-03-20 01:00:00,10993.07
2025-03-20 01:15:00,10926.84
2025-03-20 01:30:00,10844.77
2025-03-20 01:45:00,10822.3
2025-03-20 02:00:00,10884.58
2025-03-20 02:15:00,10769.81
2025-03-20 02:30:00,10719.95
2025-03-20 02:45:00,10751.76
2025-03-20 03:00:00,10855.76
2025-03-20 03:15:00,10962.97
2025-03-20 03:30:00,10905.36
2025-03-20 03:45:00,10973.33
2025-03-20 04:00:00,11090.9
2025-03-20 04:15:00,11196.48
2025-03-20 04:30:00,11406.19
2025-03-20 04:45:00,11673.8
2025-03-20 05:00:00,12194.67
2025-03-20 05:15:00,12512.22
2025-03-20 05:30:00,12817.63
2025-03-20 05:45:00,13141.27
2025-03-20 06:00:00,13480.39
2025-03-20 06:15:00,13635.72
2025-03-20 06:30:00,13820.32
2025-03-20 06:45:00,13878.51
2025-03-20 07:00:00,13905.92
2025-03-20 07:15:00,13729.94
2025-03-20 07:30:00,13724.07
2025-03-20 07:45:00,13631.81
2025-03-20 08:00:00,13478.68
2025-03-20 08:15:00,13487.68
2025-03-20 08:30:00,13525.95
2025-03-20 08:45:00,13411.38
2025-03-20 09:00:00,13010.96
2025-03-20 09:15:00,12871.35
2025-03-20 09:30:00,12949.58
2025-03-20 09:45:00,13159.51
2025-03-20 10:00:00,12872.51
2025-03-20 10:15:00,12858.5
2025-03-20 10:30:00,12867.42
2025-03-20 10:45:00,12907.02
2025-03-20 11:00:00,12858.71
2025-03-20 11:15:00,12791.84
2025-03-20 11:30:00,12687.53
2025-03-20 11:45:00,12713.75
2025-03-20 12:00:00,12798.9
2025-03-20 12:15:00,12768.3
2025-03-20 12:30:00,12714.42
2025-03-20 12:45:00,12655.45
2025-03-20 13:00:00,12675.49
2025-03-20 13:15:00,3426.08
2025-03-20 13:30:00,12507.65
2025-03-20 13:45:00,12516.2
2025-03-20 14:00:00,12544.05
2025-03-20 14:15:00,12608.69
2025-03-20 14:30:00,12599.61
2025-03-20 14:45:00,12643.26
2025-03-20 15:00:00,12827.41
2025-03-20 15:15:00,12919.28
2025-03-20 15:30:00,13019.75
2025-03-20 15:45:00,13270.6
2025-03-20 16:00:00,13724.93
2025-03-20 16:15:00,14045.26
2025-03-20 16:30:00,14363.99
2025-03-20 16:45:00,14633.51
2025-03-20 17:00:00,14786.79
2025-03-20 17:15:00,15024.63
2025-03-20 17:30:00,15225.34
2025-03-20 17:45:00,15436.39
2025-03-20 18:00:00,15492.09
2025-03-20 18:15:00,15506.3
2025-03-20 18:30:00,15455.53
2025-03-20 18:45:00,15385.62
2025-03-20 19:00:00,15077.97
2025-03-20 19:15:00,14920.68
2025-03-20 19:30:00,14752.83
2025-03-20 19:45:00,14637.56
2025-03-20 20:00:00,14317.72
2025-03-20 20:15:00,14080.82
2025-03-20 20:30:00,13963.04
2025-03-20 20:45:00,13752.05
2025-03-20 21:00:00,13415.73
2025-03-20 21:15:00,13292.27
2025-03-20 21:30:00,13063.09
2025-03-20 21:45:00,12814.12
2025-03-20 22:00:00,12700.38
2025-03-20 22:15:00,12456.25
2025-03-20 22:30:00,12248.54
2025-03-20 22:45:00,12126.59
2025-03-20 23:00:00,11850.39
2025-03-20 23:15:00,11684.88
2025-03-20 23:30:00,11543.3
2025-03-20 23:45:00,11372.78
2025-03-21 00:00:00,11180.7
2025-03-21 00:15:00,11099.36
2025-03-21 00:30:00,10984.73
2025-03-21 00:45:00,10903.35
2025-03-21 01:00:00,10874.26
2025-03-21 01:15:00,10823.47
2025-03-21 01:30:00,10761.79
2025-03-21 01:45:00,10735.38
2025-03-21 02:00:00,10728.97
2025-03-21 02:15:00,10647.89
2025-03-21 02:30:00,10649.23
2025-03-21 02:45:00,10745.88
2025-03-21 03:00:00,10901.41
2025-03-21 03:15:00,10945.03
2025-03-21 03:30:00,10916.93
2025-03-21 03:45:00,10877.17
2025-03-21 04:00:00,11015.7
2025-03-21 04:15:00,11210.55
2025-03-21 04:30:00,11379.97
2025-03-21 04:45:00,11605.19
2025-03-21 05:00:00,12100.63
2025-03-21 05:15:00,12308.04
2025-03-21 05:30:00,12658.19
2025-03-21 05:45:00,12888.51
2025-03-21 06:00:00,13258.1
2025-03-21 06:15:00,13430.97
2025-03-21 06:30:00,13584.71
2025-03-21 06:45:00,13727.75
2025-03-21 07:00:00,13617.57
2025-03-21 07:15:00,13602.73
2025-03-21 07:30:00,13628.41
2025-03-21 07:45:00,13570.78
2025-03-21 08:00:00,13392.18
2025-03-21 08:15:00,13230.32
2025-03-21 08:30:00,13187.69
2025-03-21 08:45:00,13151.51
2025-03-21 09:00:00,12949.35
2025-03-21 09:15:00,12855.0
2025-03-21 09:30:00,12823.11
2025-03-21 09:45:00,13045.75
2025-03-21 10:00:00,12994.34
2025-03-21 10:15:00,12853.66
2025-03-21 10:30:00,12921.73
2025-03-21 10:45:00,12964.66
2025-03-21 11:00:00,12875.34
2025-03-21 11:15:00,12889.79
2025-03-21 11:30:00,12888.44
2025-03-21 11:45:00,12863.84
2025-03-21 12:00:00,12801.53
2025-03-21 12:15:00,12870.64
2025-03-21 12:30:00,12868.28
2025-03-21 12:45:00,12825.82
2025-03-21 13:00:00,12822.44
2025-03-21 13:15:00,12785.97
2025-03-21 13:30:00,12714.56
2025-03-21 13:45:00,12683.09
2025-03-21 14:00:00,12794.83
2025-03-21 14:15:00,12861.33
2025-03-21 14:30:00,12809.63
2025-03-21 14:45:00,12886.18
2025-03-21 15:00:00,13019.07
2025-03-21 15:15:00,13223.61
2025-03-21 15:30:00,13193.46
2025-03-21 15:45:00,13431.61
2025-03-21 16:00:00,13787.66
2025-03-21 16:15:00,14176.87
2025-03-21 16:30:00,14382.01
2025-03-21 16:45:00,14544.06
2025-03-21 17:00:00,14689.04
2025-03-21 17:15:00,14901.25
2025-03-21 17:30:00,15032.54
2025-03-21 17:45:00,15150.37
2025-03-21 18:00:00,15176.67
2025-03-21 18:15:00,15061.52
2025-03-21 18:30:00,15043.74
2025-03-21 18:45:00,14878.68
2025-03-21 19:00:00,14557.87
2025-03-21 19:15:00,14399.0
2025-03-21 19:30:00,14240.98
2025-03-21 19:45:00,14111.37
2025-03-21 20:00:00,13811.08
2025-03-21 20:15:00,13549.09
2025-03-21 20:30:00,13404.59
2025-03-21 20:45:00,13318.98
2025-03-21 21:00:00,12965.17
2025-03-21 21:15:00,12773.21
2025-03-21 21:30:00,12665.93
2025-03-21 21:45:00,12527.71
2025-03-21 22:00:00,12335.24
2025-03-21 22:15:00,12188.14
2025-03-21 22:30:00,12148.83
2025-03-21 22:45:00,11994.99
2025-03-21 23:00:00,11611.26
2025-03-21 23:15:00,11481.85
2025-03-21 23:30:00,11306.6
2025-03-21 23:45:00,11160.3
2025-03-22 00:00:00,11015.84
2025-03-22 00:15:00,10856.83
2025-03-22 00:30:00,10754.9
2025-03-22 00:45:00,10633.04
2025-03-22 01:00:00,10647.83
2025-03-22 01:15:00,10630.91
2025-03-22 01:30:00,10526.05
2025-03-22 01:45:00,10410.72
2025-03-22 02:00:00,10460.47
2025-03-22 02:15:00,10603.55
2025-03-22 02:30:00,10611.45
2025-03-22 02:45:00,10639.1
2025-03-22 03:00:00,10519.58
2025-03-22 03:15:00,10494.0
2025-03-22 03:30:00,10539.87
2025-03-22 03:45:00,10367.99
2025-03-22 04:00:00,10487.43
2025-03-22 04:15:00,10543.12
2025-03-22 04:30:00,10576.58
2025-03-22 04:45:00,10601.31
2025-03-22 05:00:00,10937.8
2025-03-22 05:15:00,11056.22
2025-03-22 05:30:00,11026.13
2025-03-22 05:45:00,10943.8
2025-03-22 06:00:00,10892.48
2025-03-22 06:15:00,10974.01
2025-03-22 06:30:00,11093.28
2025-03-22 06:45:00,11238.69
2025-03-22 07:00:00,11347.58
2025-03-22 07:15:00,11397.45
2025-03-22 07:30:00,11532.85
2025-03-22 07:45:00,11676.74
2025-03-22 08:00:00,11676.95
2025-03-22 08:15:00,11698.1
2025-03-22 08:30:00,11679.2
2025-03-22 08:45:00,11864.96
2025-03-22 09:00:00,11598.68
2025-03-22 09:15:00,11563.93
2025-03-22 09:30:00,11460.43
2025-03-22 09:45:00,11619.31
2025-03-22 10:00:00,11603.27
2025-03-22 10:15:00,11630.56
2025-03-22 10:30:00,11608.75
2025-03-22 10:45:00,11685.74
2025-03-22 11:00:00,11649.57
2025-03-22 11:15:00,11634.77
2025-03-22 11:30:00,11558.52
2025-03-22 11:45:00,11599.3
2025-03-22 12:00:00,11447.66
2025-03-22 12:15:00,11580.8
2025-03-22 12:30:00,11369.79
2025-03-22 12:45:00,11397.67
2025-03-22 13:00:00,11322.5
2025-03-22 13:15:00,11395.03
2025-03-22 13:30:00,11504.66
2025-03-22 13:45:00,11528.31
2025-03-22 14:00:00,11653.02
2025-03-22 14:15:00,11680.54
2025-03-22 14:30:00,11723.73
2025-03-22 14:45:00,11729.47
2025-03-22 15:00:00,11945.37
2025-03-22 15:15:00,12097.09
2025-03-22 15:30:00,12053.4
2025-03-22 15:45:00,12208.48
2025-03-22 16:00:00,12665.9
2025-03-22 16:15:00,12828.66
2025-03-22 16:30:00,13169.94
2025-03-22 16:45:00,13347.0
2025-03-22 17:00:00,13639.96
2025-03-22 17:15:00,13611.82
2025-03-22 17:30:00,13795.1
2025-03-22 17:45:00,13802.52
2025-03-22 18:00:00,13679.37
2025-03-22 18:15:00,13575.03
2025-03-22 18:30:00,13591.7
2025-03-22 18:45:00,13487.27
2025-03-22 19:00:00,13304.87
2025-03-22 19:15:00,13162.3
2025-03-22 19:30:00,12999.28
2025-03-22 19:45:00,12899.55
2025-03-22 20:00:00,12656.39
2025-03-22 20:15:00,12531.77
2025-03-22 20:30:00,12379.89
2025-03-22 20:45:00,12283.28
2025-03-22 21:00:00,12112.68
2025-03-22 21:15:00,11968.44
2025-03-22 21:30:00,11840.9
2025-03-22 21:45:00,11786.19
2025-03-22 22:00:00,11668.61
2025-03-22 22:15:00,11468.99
2025-03-22 22:30:00,11358.05
2025-03-22 22:45:00,11188.55
2025-03-22 23:00:00,11216.8
2025-03-22 23:15:00,11092.59
2025-03-22 23:30:00,10947.25
2025-03-22 23:45:00,10763.98
2025-03-23 00:00:00,10784.03
2025-03-23 00:15:00,10664.2
2025-03-23 00:30:00,10516.59
2025-03-23 00:45:00,10397.49
2025-03-23 01:00:00,10271.72
2025-03-23 01:15:00,10228.71
2025-03-23 01:30:00,10194.23
2025-03-23 01:45:00,10144.25
2025-03-23 02:00:00,10091.21
2025-03-23 02:15:00,10087.66
2025-03-23 02:30:00,10069.83
2025-03-23 02:45:00,9993.59
2025-03-23 03:00:00,10040.67
2025-03-23 03:15:00,9969.65
2025-03-23 03:30:00,9952.56
2025-03-23 03:45:00,9886.85
2025-03-23 04:00:00,9922.02
2025-03-23 04:15:00,9955.92
2025-03-23 04:30:00,9896.18
2025-03-23 04:45:00,9996.82
2025-03-23 05:00:00,10065.72
2025-03-23 05:15:00,10095.4
2025-03-23 05:30:00,10074.6
2025-03-23 05:45:00,10114.01
2025-03-23 06:00:00,10252.04
2025-03-23 06:15:00,10292.28
2025-03-23 06:30:00,10379.42
2025-03-23 06:45:00,10561.33
2025-03-23 07:00:00,10435.32
2025-03-23 07:15:00,10562.49
2025-03-23 07:30:00,10676.32
2025-03-23 07:45:00,10828.93
2025-03-23 08:00:00,10800.44
2025-03-23 08:15:00,10714.48
2025-03-23 08:30:00,10926.13
2025-03-23 08:45:00,11005.68
2025-03-23 09:00:00,10962.97
2025-03-23 09:15:00,11032.73
2025-03-23 09:30:00,10914.39
2025-03-23 09:45:00,10988.79
2025-03-23 10:00:00,11103.49
2025-03-23 10:15:00,11015.64
2025-03-23 10:30:00,10964.95
2025-03-23 10:45:00,11003.83
2025-03-23 11:00:00,10984.2
2025-03-23 11:15:00,10959.33
2025-03-23 11:30:00,10933.27
2025-03-23 11:45:00,10895.49
2025-03-23 12:00:00,10971.62
2025-03-23 12:15:00,10854.77
2025-03-23 12:30:00,10795.69
2025-03-23 12:45:00,10868.88
2025-03-23 13:00:00,10915.16
2025-03-23 13:15:00,10794.3
2025-03-23 13:30:00,10773.5
2025-03-23 13:45:00,10771.07
2025-03-23 14:00:00,10830.02
2025-03-23 14:15:00,10824.65
2025-03-23 14:30:00,10854.6
2025-03-23 14:45:00,10902.54
2025-03-23 15:00:00,11085.49
2025-03-23 15:15:00,11202.19
2025-03-23 15:30:00,11411.87
2025-03-23 15:45:00,11720.57
2025-03-23 16:00:00,12150.23
2025-03-23 16:15:00,12502.73
2025-03-23 16:30:00,12834.22
2025-03-23 16:45:00,13146.79
2025-03-23 17:00:00,13309.87
2025-03-23 17:15:00,13464.56
2025-03-23 17:30:00,13560.52
2025-03-23 17:45:00,13641.99
2025-03-23 18:00:00,13590.61
2025-03-23 18:15:00,13578.12
2025-03-23 18:30:00,13453.38
2025-03-23 18:45:00,13398.39
2025-03-23 19:00:00,13342.53
2025-03-23 19:15:00,13303.47
2025-03-23 19:30:00,13144.82
2025-03-23 19:45:00,13008.01
2025-03-23 20:00:00,12833.55
2025-03-23 20:15:00,12662.97
2025-03-23 20:30:00,12499.06
2025-03-23 20:45:00,12302.29
2025-03-23 21:00:00,12155.63
2025-03-23 21:15:00,11904.7
2025-03-23 21:30:00,11784.74
2025-03-23 21:45:00,11623.35
2025-03-23 22:00:00,11488.0
2025-03-23 22:15:00,11271.56
2025-03-23 22:30:00,11200.43
2025-03-23 22:45:00,11014.64
2025-03-23 23:00:00,10856.84
2025-03-23 23:15:00,10786.56
2025-03-23 23:30:00,10657.84
2025-03-23 23:45:00,10576.18
2025-03-24 00:00:00,10527.3
2025-03-24 00:15:00,10405.85
2025-03-24 00:30:00,10346.5
2025-03-24 00:45:00,10269.11
2025-03-24 01:00:00,10243.52
2025-03-24 01:15:00,10167.98
2025-03-24 01:30:00,10136.47
2025-03-24 01:45:00,10145.52
2025-03-24 02:00:00,10187.84
2025-03-24 02:15:00,10154.23
2025-03-24 02:30:00,10101.4
2025-03-24 02:45:00,10075.01
2025-03-24 03:00:00,10210.51
2025-03-24 03:15:00,10188.08
2025-03-24 03:30:00,10295.66
2025-03-24 03:45:00,10427.75
2025-03-24 04:00:00,10633.01
2025-03-24 04:15:00,10707.69
2025-03-24 04:30:00,10900.94
2025-03-24 04:45:00,11090.03
2025-03-24 05:00:00,11508.44
2025-03-24 05:15:00,11809.88
2025-03-24 05:30:00,12078.07
2025-03-24 05:45:00,12386.92
2025-03-24 06:00:00,12788.6
2025-03-24 06:15:00,13086.56
2025-03-24 06:30:00,13355.28
2025-03-24 06:45:00,13618.16
2025-03-24 07:00:00,13680.22
2025-03-24 07:15:00,13762.53
2025-03-24 07:30:00,13782.99
2025-03-24 07:45:00,13891.91
2025-03-24 08:00:00,13818.97
2025-03-24 08:15:00,13800.96
2025-03-24 08:30:00,13636.04
2025-03-24 08:45:00,13547.78
2025-03-24 09:00:00,13450.82
2025-03-24 09:15:00,13299.17
2025-03-24 09:30:00,13241.15
2025-03-24 09:45:00,13309.79
2025-03-24 10:00:00,13040.48
2025-03-24 10:15:00,13123.67
2025-03-24 10:30:00,12995.41
2025-03-24 10:45:00,12974.83
2025-03-24 11:00:00,12951.07
2025-03-24 11:15:00,12852.39
2025-03-24 11:30:00,12798.86
2025-03-24 11:45:00,12763.04
2025-03-24 12:00:00,12767.47
2025-03-24 12:15:00,12729.58
2025-03-24 12:30:00,12745.02
2025-03-24 12:45:00,12695.12
2025-03-24 13:00:00,12722.01
2025-03-24 13:15:00,12686.8
2025-03-24 13:30:00,12625.71
2025-03-24 13:45:00,12669.04
2025-03-24 14:00:00,12742.62
2025-03-24 14:15:00,12804.39
2025-03-24 14:30:00,12871.34
2025-03-24 14:45:00,13020.13
2025-03-24 15:00:00,13232.78
2025-03-24 15:15:00,13376.68
2025-03-24 15:30:00,13462.26
2025-03-24 15:45:00,13800.87
2025-03-24 16:00:00,14069.28
2025-03-24 16:15:00,14470.96
2025-03-24 16:30:00,14755.95
2025-03-24 16:45:00,15020.43
2025-03-24 17:00:00,15032.47
2025-03-24 17:15:00,15183.21
2025-03-24 17:30:00,15324.47
2025-03-24 17:45:00,15512.45
2025-03-24 18:00:00,15525.55
2025-03-24 18:15:00,15489.2
2025-03-24 18:30:00,15364.4
2025-03-24 18:45:00,15258.7
2025-03-24 19:00:00,15084.48
2025-03-24 19:15:00,14839.67
2025-03-24 19:30:00,14726.27
2025-03-24 19:45:00,14601.92
2025-03-24 20:00:00,14302.96
2025-03-24 20:15:00,14148.5
2025-03-24 20:30:00,13894.26
2025-03-24 20:45:00,13681.15
2025-03-24 21:00:00,13407.91
2025-03-24 21:15:00,13180.04
2025-03-24 21:30:00,12925.38
2025-03-24 21:45:00,12786.91
2025-03-24 22:00:00,12487.8
2025-03-24 22:15:00,12296.5
2025-03-24 22:30:00,12072.95
2025-03-24 22:45:00,11981.08
2025-03-24 23:00:00,11808.55
2025-03-24 23:15:00,11580.18
2025-03-24 23:30:00,11440.25
2025-03-24 23:45:00,11333.63
2025-03-25 00:00:00,11189.9
2025-03-25 00:15:00,11056.66
2025-03-25 00:30:00,10986.69
2025-03-25 00:45:00,10869.32
2025-03-25 01:00:00,10840.46
2025-03-25 01:15:00,10786.68
2025-03-25 01:30:00,10729.42
2025-03-25 01:45:00,10750.93
2025-03-25 02:00:00,10718.1
2025-03-25 02:15:00,10745.06
2025-03-25 02:30:00,10789.45
2025-03-25 02:45:00,10731.51
2025-03-25 03:00:00,10734.4
2025-03-25 03:15:00,10765.14
2025-03-25 03:30:00,10754.5
2025-03-25 03:45:00,10803.87
2025-03-25 04:00:00,10973.03
2025-03-25 04:15:00,11074.88
2025-03-25 04:30:00,11315.3
2025-03-25 04:45:00,11491.88
2025-03-25 05:00:00,11980.68
2025-03-25 05:15:00,12282.84
2025-03-25 05:30:00,12565.97
2025-03-25 05:45:00,12913.19
2025-03-25 06:00:00,13362.26
2025-03-25 06:15:00,13621.58
2025-03-25 06:30:00,13850.91
2025-03-25 06:45:00,14128.54
2025-03-25 07:00:00,14144.95
2025-03-25 07:15:00,14209.38
2025-03-25 07:30:00,14319.21
2025-03-25 07:45:00,14369.96
2025-03-25 08:00:00,14280.76
2025-03-25 08:15:00,14214.05
2025-03-25 08:30:00,14068.33
2025-03-25 08:45:00,13983.16
2025-03-25 09:00:00,13810.71
2025-03-25 09:15:00,13814.54
2025-03-25 09:30:00,13669.08
2025-03-25 09:45:00,13667.53
2025-03-25 10:00:00,13512.33
2025-03-25 10:15:00,13316.42
2025-03-25 10:30:00,13361.01
2025-03-25 10:45:00,13224.55
2025-03-25 11:00:00,13289.33
2025-03-25 11:15:00,13125.13
2025-03-25 11:30:00,13007.3
2025-03-25 11:45:00,12943.72
2025-03-25 12:00:00,12931.5
2025-03-25 12:15:00,12957.91
2025-03-25 12:30:00,12968.63
2025-03-25 12:45:00,12906.86
2025-03-25 13:00:00,13066.88
2025-03-25 13:15:00,12989.91
2025-03-25 13:30:00,13034.86
2025-03-25 13:45:00,13142.91
2025-03-25 14:00:00,13301.4
2025-03-25 14:15:00,13417.03
2025-03-25 14:30:00,13599.11
2025-03-25 14:45:00,13750.67
2025-03-25 15:00:00,13980.21
2025-03-25 15:15:00,14103.12
2025-03-25 15:30:00,14310.87
2025-03-25 15:45:00,14626.91
2025-03-25 16:00:00,15008.41
2025-03-25 16:15:00,15362.68
2025-03-25 16:30:00,15636.23
2025-03-25 16:45:00,15849.28
2025-03-25 17:00:00,15753.75
2025-03-25 17:15:00,15769.38
2025-03-25 17:30:00,15871.53
2025-03-25 17:45:00,15967.26
2025-03-25 18:00:00,15922.67
2025-03-25 18:15:00,15744.37
2025-03-25 18:30:00,15631.98
2025-03-25 18:45:00,15553.67
2025-03-25 19:00:00,15370.43
2025-03-25 19:15:00,15143.38
2025-03-25 19:30:00,14941.53
2025-03-25 19:45:00,14737.31
2025-03-25 20:00:00,14524.33
2025-03-25 20:15:00,14346.75
2025-03-25 20:30:00,14099.96
2025-03-25 20:45:00,13781.0
2025-03-25 21:00:00,13593.72
2025-03-25 21:15:00,13385.62
2025-03-25 21:30:00,13121.17
2025-03-25 21:45:00,12892.15
2025-03-25 22:00:00,12769.34
2025-03-25 22:15:00,12510.05
2025-03-25 22:30:00,12259.7
2025-03-25 22:45:00,12037.38
2025-03-25 23:00:00,11837.15
2025-03-25 23:15:00,11681.49
2025-03-25 23:30:00,11515.65
2025-03-25 23:45:00,11322.4
2025-03-26 00:00:00,11235.0
2025-03-26 00:15:00,11059.26
2025-03-26 00:30:00,11017.2
2025-03-26 00:45:00,10961.05
2025-03-26 01:00:00,10935.16
2025-03-26 01:15:00,10958.17
2025-03-26 01:30:00,10851.35
2025-03-26 01:45:00,10771.59
2025-03-26 02:00:00,10736.08
2025-03-26 02:15:00,10788.13
2025-03-26 02:30:00,10718.58
2025-03-26 02:45:00,10672.12
2025-03-26 03:00:00,10756.4
2025-03-26 03:15:00,10768.25
2025-03-26 03:30:00,10820.78
2025-03-26 03:45:00,10843.51
2025-03-26 04:00:00,11090.23
2025-03-26 04:15:00,11146.14
2025-03-26 04:30:00,11294.74
2025-03-26 04:45:00,11493.51
2025-03-26 05:00:00,12010.71
2025-03-26 05:15:00,12301.28
2025-03-26 05:30:00,12588.32
2025-03-26 05:45:00,12897.49
2025-03-26 06:00:00,13336.62
2025-03-26 06:15:00,13663.97
2025-03-26 06:30:00,13874.23
2025-03-26 06:45:00,13991.63
2025-03-26 07:00:00,14210.39
2025-03-26 07:15:00,14316.78
2025-03-26 07:30:00,14303.85
2025-03-26 07:45:00,14419.32
2025-03-26 08:00:00,14385.66
2025-03-26 08:15:00,14466.52
2025-03-26 08:30:00,14376.95
2025-03-26 08:45:00,14312.92
2025-03-26 09:00:00,14107.83
2025-03-26 09:15:00,14045.73
2025-03-26 09:30:00,13937.31
2025-03-26 09:45:00,13954.13
2025-03-26 10:00:00,13925.21
2025-03-26 10:15:00,13834.92
2025-03-26 10:30:00,13798.58
2025-03-26 10:45:00,13809.62
2025-03-26 11:00:00,13844.56
2025-03-26 11:15:00,13849.99
2025-03-26 11:30:00,13702.07
2025-03-26 11:45:00,13701.17
2025-03-26 12:00:00,13730.71
2025-03-26 12:15:00,13701.64
2025-03-26 12:30:00,13703.25
2025-03-26 12:45:00,13609.26
2025-03-26 13:00:00,13620.46
2025-03-26 13:15:00,13587.24
2025-03-26 13:30:00,13468.58
2025-03-26 13:45:00,13472.63
2025-03-26 14:00:00,13525.92
2025-03-26 14:15:00,13507.49
2025-03-26 14:30:00,13490.02
2025-03-26 14:45:00,13598.91
2025-03-26 15:00:00,13817.18
2025-03-26 15:15:00,13903.97
2025-03-26 15:30:00,13975.29
2025-03-26 15:45:00,14239.58
2025-03-26 16:00:00,14561.91
2025-03-26 16:15:00,14779.97
2025-03-26 16:30:00,14948.8
2025-03-26 16:45:00,15099.55
2025-03-26 17:00:00,15142.48
2025-03-26 17:15:00,15269.7
2025-03-26 17:30:00,15402.25
2025-03-26 17:45:00,15640.18
2025-03-26 18:00:00,15755.71
2025-03-26 18:15:00,15717.8
2025-03-26 18:30:00,15662.27
2025-03-26 18:45:00,15628.16
2025-03-26 19:00:00,15402.28
2025-03-26 19:15:00,15231.36
2025-03-26 19:30:00,15040.49
2025-03-26 19:45:00,14912.82
2025-03-26 20:00:00,14685.08
2025-03-26 20:15:00,14449.27
2025-03-26 20:30:00,14274.16
2025-03-26 20:45:00,14127.88
2025-03-26 21:00:00,13860.11
2025-03-26 21:15:00,13621.41
2025-03-26 21:30:00,13359.91
2025-03-26 21:45:00,13160.68
2025-03-26 22:00:00,12910.3
2025-03-26 22:15:00,12627.59
2025-03-26 22:30:00,12445.3
2025-03-26 22:45:00,12285.05
2025-03-26 23:00:00,12079.95
2025-03-26 23:15:00,11972.42
2025-03-26 23:30:00,11809.69
2025-03-26 23:45:00,11695.57
2025-03-27 00:00:00,11584.59
2025-03-27 00:15:00,11459.31
2025-03-27 00:30:00,11339.6
2025-03-27 00:45:00,11252.37
2025-03-27 01:00:00,11240.97
2025-03-27 01:15:00,11235.7
2025-03-27 01:30:00,11176.2
2025-03-27 01:45:00,11143.04
2025-03-27 02:00:00,11148.75
2025-03-27 02:15:00,11146.26
2025-03-27 02:30:00,11184.58
2025-03-27 02:45:00,11163.27
2025-03-27 03:00:00,11263.86
2025-03-27 03:15:00,11248.19
2025-03-27 03:30:00,11282.0
2025-03-27 03:45:00,11308.39
2025-03-27 04:00:00,11488.54
2025-03-27 04:15:00,11576.17
2025-03-27 04:30:00,11854.31
2025-03-27 04:45:00,12018.54
2025-03-27 05:00:00,12588.19
2025-03-27 05:15:00,12772.1
2025-03-27 05:30:00,13033.42
2025-03-27 05:45:00,13273.85
2025-03-27 06:00:00,13510.45
2025-03-27 06:15:00,13724.07
2025-03-27 06:30:00,13840.83
2025-03-27 06:45:00,14072.96
2025-03-27 07:00:00,13992.82
2025-03-27 07:15:00,13821.8
2025-03-27 07:30:00,13815.45
2025-03-27 07:45:00,13818.96
2025-03-27 08:00:00,13583.73
2025-03-27 08:15:00,13421.82
2025-03-27 08:30:00,13305.99
2025-03-27 08:45:00,13228.31
2025-03-27 09:00:00,12992.0
2025-03-27 09:15:00,12918.99
2025-03-27 09:30:00,12946.91
2025-03-27 09:45:00,13076.36
2025-03-27 10:00:00,12883.56
2025-03-27 10:15:00,12805.11
2025-03-27 10:30:00,12745.41
2025-03-27 10:45:00,12783.81
2025-03-27 11:00:00,12775.72
2025-03-27 11:15:00,12685.79
2025-03-27 11:30:00,12621.56
2025-03-27 11:45:00,12657.02
2025-03-27 12:00:00,12755.34
2025-03-27 12:15:00,12753.09
2025-03-27 12:30:00,12677.34
2025-03-27 12:45:00,12592.35
2025-03-27 13:00:00,12648.86
2025-03-27 13:15:00,12641.81
2025-03-27 13:30:00,12483.66
2025-03-27 13:45:00,12451.39
2025-03-27 14:00:00,12698.1
2025-03-27 14:15:00,12663.73
2025-03-27 14:30:00,12602.22
2025-03-27 14:45:00,12640.94
2025-03-27 15:00:00,12854.2
2025-03-27 15:15:00,12928.36
2025-03-27 15:30:00,12993.62
2025-03-27 15:45:00,13249.71
2025-03-27 16:00:00,13460.8
2025-03-27 16:15:00,13844.71
2025-03-27 16:30:00,14122.44
2025-03-27 16:45:00,14372.78
2025-03-27 17:00:00,14527.21
2025-03-27 17:15:00,14701.69
2025-03-27 17:30:00,14898.39
2025-03-27 17:45:00,15202.92
2025-03-27 18:00:00,15424.89
2025-03-27 18:15:00,15454.73
2025-03-27 18:30:00,15386.15
2025-03-27 18:45:00,15382.17
2025-03-27 19:00:00,15240.53
2025-03-27 19:15:00,15078.55
2025-03-27 19:30:00,14966.97
2025-03-27 19:45:00,14834.62
2025-03-27 20:00:00,14583.22
2025-03-27 20:15:00,14337.89
2025-03-27 20:30:00,14106.33
2025-03-27 20:45:00,13913.87
2025-03-27 21:00:00,13658.96
2025-03-27 21:15:00,13446.01
2025-03-27 21:30:00,13199.99
2025-03-27 21:45:00,13001.83
2025-03-27 22:00:00,12862.43
2025-03-27 22:15:00,12544.88
2025-03-27 22:30:00,12311.18
2025-03-27 22:45:00,12130.94
2025-03-27 23:00:00,11916.46
2025-03-27 23:15:00,11808.44
2025-03-27 23:30:00,11732.89
2025-03-27 23:45:00,11652.65
2025-03-28 00:00:00,11516.16
2025-03-28 00:15:00,11383.3
2025-03-28 00:30:00,11312.83
2025-03-28 00:45:00,11278.31
2025-03-28 01:00:00,11282.41
2025-03-28 01:15:00,11217.68
2025-03-28 01:30:00,11228.91
2025-03-28 01:45:00,11005.5
2025-03-28 02:00:00,11123.79
2025-03-28 02:15:00,11055.17
2025-03-28 02:30:00,11107.36
2025-03-28 02:45:00,11042.59
2025-03-28 03:00:00,11017.65
2025-03-28 03:15:00,11004.11
2025-03-28 03:30:00,11058.76
2025-03-28 03:45:00,11124.63
2025-03-28 04:00:00,11281.45
2025-03-28 04:15:00,11426.35
2025-03-28 04:30:00,11588.63
2025-03-28 04:45:00,11827.2
2025-03-28 05:00:00,12414.15
2025-03-28 05:15:00,12563.49
2025-03-28 05:30:00,12739.66
2025-03-28 05:45:00,12881.76
2025-03-28 06:00:00,13207.63
2025-03-28 06:15:00,13379.58
2025-03-28 06:30:00,13631.45
2025-03-28 06:45:00,13926.26
2025-03-28 07:00:00,13904.58
2025-03-28 07:15:00,14069.07
2025-03-28 07:30:00,14172.48
2025-03-28 07:45:00,14250.15
2025-03-28 08:00:00,14070.5
2025-03-28 08:15:00,14077.55
2025-03-28 08:30:00,14040.64
2025-03-28 08:45:00,14023.16
2025-03-28 09:00:00,13877.09
2025-03-28 09:15:00,13797.34
2025-03-28 09:30:00,13788.59
2025-03-28 09:45:00,13847.44
2025-03-28 10:00:00,14108.54
2025-03-28 10:15:00,14099.41
2025-03-28 10:30:00,14189.41
2025-03-28 10:45:00,14172.65
2025-03-28 11:00:00,14092.78
2025-03-28 11:15:00,14035.53
2025-03-28 11:30:00,13864.89
2025-03-28 11:45:00,13877.0
2025-03-28 12:00:00,13901.1
2025-03-28 12:15:00,13855.09
2025-03-28 12:30:00,13869.62
2025-03-28 12:45:00,13780.04
2025-03-28 13:00:00,13839.24
2025-03-28 13:15:00,13751.98
2025-03-28 13:30:00,13759.6
2025-03-28 13:45:00,13765.45
2025-03-28 14:00:00,13832.09
2025-03-28 14:15:00,13847.61
2025-03-28 14:30:00,13920.47
2025-03-28 14:45:00,13930.81
2025-03-28 15:00:00,14005.7
2025-03-28 15:15:00,14173.91
2025-03-28 15:30:00,14279.98
2025-03-28 15:45:00,14487.94
2025-03-28 16:00:00,14728.51
2025-03-28 16:15:00,15012.71
2025-03-28 16:30:00,15300.96
2025-03-28 16:45:00,15462.66
2025-03-28 17:00:00,15471.19
2025-03-28 17:15:00,15550.06
2025-03-28 17:30:00,15497.11
2025-03-28 17:45:00,15604.85
2025-03-28 18:00:00,15508.48
2025-03-28 18:15:00,15396.86
2025-03-28 18:30:00,15278.79
2025-03-28 18:45:00,15155.74
2025-03-28 19:00:00,14814.78
2025-03-28 19:15:00,14682.66
2025-03-28 19:30:00,14525.47
2025-03-28 19:45:00,14401.46
2025-03-28 20:00:00,14153.97
2025-03-28 20:15:00,13940.43
2025-03-28 20:30:00,13751.89
2025-03-28 20:45:00,13565.29
2025-03-28 21:00:00,13348.21
2025-03-28 21:15:00,13092.73
2025-03-28 21:30:00,12837.76
2025-03-28 21:45:00,12697.89
2025-03-28 22:00:00,12506.96
2025-03-28 22:15:00,12320.43
2025-03-28 22:30:00,12030.79
2025-03-28 22:45:00,11959.33
2025-03-28 23:00:00,11729.65
2025-03-28 23:15:00,11553.57
2025-03-28 23:30:00,11450.06
2025-03-28 23:45:00,11350.43
2025-03-29 00:00:00,11199.36
2025-03-29 00:15:00,11089.52
2025-03-29 00:30:00,10970.68
2025-03-29 00:45:00,10851.1
2025-03-29 01:00:00,10785.06
2025-03-29 01:15:00,10732.19
2025-03-29 01:30:00,10700.72
2025-03-29 01:45:00,10656.11
2025-03-29 02:00:00,10610.02
2025-03-29 02:15:00,10602.56
2025-03-29 02:30:00,10613.05
2025-03-29 02:45:00,10592.9
2025-03-29 03:00:00,10591.1
2025-03-29 03:15:00,10566.11
2025-03-29 03:30:00,10625.3
2025-03-29 03:45:00,10605.7
2025-03-29 04:00:00,10692.33
2025-03-29 04:15:00,10728.58
2025-03-29 04:30:00,10785.63
2025-03-29 04:45:00,10807.15
2025-03-29 05:00:00,10913.2
2025-03-29 05:15:00,10979.08
2025-03-29 05:30:00,10982.11
2025-03-29 05:45:00,10951.52
2025-03-29 06:00:00,11020.71
2025-03-29 06:15:00,10943.42
2025-03-29 06:30:00,10929.39
2025-03-29 06:45:00,11035.64
2025-03-29 07:00:00,11010.95
2025-03-29 07:15:00,10996.53
2025-03-29 07:30:00,11110.78
2025-03-29 07:45:00,11291.85
2025-03-29 08:00:00,11141.84
2025-03-29 08:15:00,11168.51
2025-03-29 08:30:00,11226.24
2025-03-29 08:45:00,11313.58
2025-03-29 09:00:00,11186.9
2025-03-29 09:15:00,11198.45
2025-03-29 09:30:00,11242.95
2025-03-29 09:45:00,11330.86
2025-03-29 10:00:00,11478.45
2025-03-29 10:15:00,11482.48
2025-03-29 10:30:00,11542.19
2025-03-29 10:45:00,11507.76
2025-03-29 11:00:00,11527.83
2025-03-29 11:15:00,11562.38
2025-03-29 11:30:00,11530.73
2025-03-29 11:45:00,11606.66
2025-03-29 12:00:00,11486.56
2025-03-29 12:15:00,11358.55
2025-03-29 12:30:00,11311.31
2025-03-29 12:45:00,11283.78
2025-03-29 13:00:00,11368.51
2025-03-29 13:15:00,11227.63
2025-03-29 13:30:00,11143.18
2025-03-29 13:45:00,11140.28
2025-03-29 14:00:00,11149.32
2025-03-29 14:15:00,11043.08
2025-03-29 14:30:00,11023.95
2025-03-29 14:45:00,11054.69
2025-03-29 15:00:00,11184.25
2025-03-29 15:15:00,11274.29
2025-03-29 15:30:00,11441.1
2025-03-29 15:45:00,11614.25
2025-03-29 16:00:00,11815.88
2025-03-29 16:15:00,12062.28
2025-03-29 16:30:00,12368.08
2025-03-29 16:45:00,12711.43
2025-03-29 17:00:00,12986.17
2025-03-29 17:15:00,13211.43
2025-03-29 17:30:00,13481.57
2025-03-29 17:45:00,13757.45
2025-03-29 18:00:00,13908.57
2025-03-29 18:15:00,13937.28
2025-03-29 18:30:00,13928.03
2025-03-29 18:45:00,13946.85
2025-03-29 19:00:00,13739.19
2025-03-29 19:15:00,13675.22
2025-03-29 19:30:00,13577.07
2025-03-29 19:45:00,13438.03
2025-03-29 20:00:00,13296.26
2025-03-29 20:15:00,13142.11
2025-03-29 20:30:00,13058.01
2025-03-29 20:45:00,12927.45
2025-03-29 21:00:00,12757.46
2025-03-29 21:15:00,12606.57
2025-03-29 21:30:00,12521.39
2025-03-29 21:45:00,12425.87
2025-03-29 22:00:00,12253.56
2025-03-29 22:15:00,12108.18
2025-03-29 22:30:00,12000.54
2025-03-29 22:45:00,11863.13
2025-03-29 23:00:00,11678.88
2025-03-29 23:15:00,11532.32
2025-03-29 23:30:00,11416.42
2025-03-29 23:45:00,11280.01
2025-03-30 00:00:00,11101.6
2025-03-30 00:15:00,11024.62
2025-03-30 00:30:00,10926.64
2025-03-30 00:45:00,10847.83
2025-03-30 01:00:00,10789.0
2025-03-30 01:15:00,10738.09
2025-03-30 01:30:00,10715.3
2025-03-30 01:45:00,10722.13
2025-03-30 02:00:00,10777.07
2025-03-30 02:15:00,10748.92
2025-03-30 02:30:00,10691.15
2025-03-30 02:45:00,10677.85
2025-03-30 03:00:00,10722.23
2025-03-30 03:15:00,10733.07
2025-03-30 03:30:00,10721.74
2025-03-30 03:45:00,10772.81
2025-03-30 04:00:00,10897.17
2025-03-30 04:15:00,10717.9
2025-03-30 04:30:00,10841.0
2025-03-30 04:45:00,10906.18
2025-03-30 05:00:00,10915.84
2025-03-30 05:15:00,10964.27
2025-03-30 05:30:00,10972.0
2025-03-30 05:45:00,11049.51
2025-03-30 06:00:00,11113.67
2025-03-30 06:15:00,11138.1
2025-03-30 06:30:00,11319.87
2025-03-30 06:45:00,11311.55
2025-03-30 07:00:00,11373.44
2025-03-30 07:15:00,11423.51
2025-03-30 07:30:00,11478.81
2025-03-30 07:45:00,11534.86
2025-03-30 08:00:00,11288.65
2025-03-30 08:15:00,11223.1
2025-03-30 08:30:00,11279.44
2025-03-30 08:45:00,11275.02
2025-03-30 09:00:00,11376.66
2025-03-30 09:15:00,11196.1
2025-03-30 09:30:00,11284.86
2025-03-30 09:45:00,11298.52
2025-03-30 10:00:00,11400.59
2025-03-30 10:15:00,11393.86
2025-03-30 10:30:00,11365.3
2025-03-30 10:45:00,11415.89
2025-03-30 11:00:00,11413.78
2025-03-30 11:15:00,11283.94
2025-03-30 11:30:00,11217.91
2025-03-30 11:45:00,11244.65
2025-03-30 12:00:00,11089.32
2025-03-30 12:15:00,11077.94
2025-03-30 12:30:00,11112.51
2025-03-30 12:45:00,11062.82
2025-03-30 13:00:00,10924.18
2025-03-30 13:15:00,10869.67
2025-03-30 13:30:00,10940.45
2025-03-30 13:45:00,11009.7
2025-03-30 14:00:00,11144.62
2025-03-30 14:15:00,11100.76
2025-03-30 14:30:00,11173.09
2025-03-30 14:45:00,11338.83
2025-03-30 15:00:00,11733.64
2025-03-30 15:15:00,12018.07
2025-03-30 15:30:00,12173.32
2025-03-30 15:45:00,12299.86
2025-03-30 16:00:00,12665.78
2025-03-30 16:15:00,12884.27
2025-03-30 16:30:00,12958.8
2025-03-30 16:45:00,13013.4
2025-03-30 17:00:00,13283.68
2025-03-30 17:15:00,13412.71
2025-03-30 17:30:00,13463.6
2025-03-30 17:45:00,13585.48
2025-03-30 18:00:00,13721.4
2025-03-30 18:15:00,13740.83
2025-03-30 18:30:00,13696.95
2025-03-30 18:45:00,13570.18
2025-03-30 19:00:00,13462.26
2025-03-30 19:15:00,13360.81
2025-03-30 19:30:00,13342.25
2025-03-30 19:45:00,13214.27
2025-03-30 20:00:00,13071.63
2025-03-30 20:15:00,12974.5
2025-03-30 20:30:00,12663.08
2025-03-30 20:45:00,12512.56
2025-03-30 21:00:00,12226.12
2025-03-30 21:15:00,12077.22
2025-03-30 21:30:00,11812.29
2025-03-30 21:45:00,11802.63
2025-03-30 22:00:00,11695.42
2025-03-30 22:15:00,11425.94
2025-03-30 22:30:00,11295.14
2025-03-30 22:45:00,11087.49
2025-03-30 23:00:00,11032.68
2025-03-30 23:15:00,11026.16
2025-03-30 23:30:00,10839.69
2025-03-30 23:45:00,10722.68
2025-03-31 00:00:00,10665.53
2025-03-31 00:15:00,10616.48
2025-03-31 00:30:00,10600.41
2025-03-31 00:45:00,10560.34
2025-03-31 01:00:00,10518.31
2025-03-31 01:15:00,10535.62
2025-03-31 01:30:00,10654.05
2025-03-31 01:45:00,10654.94
2025-03-31 02:00:00,10666.43
2025-03-31 02:15:00,10742.55
2025-03-31 02:30:00,10783.02
2025-03-31 02:45:00,10750.92
2025-03-31 03:00:00,10822.05
2025-03-31 03:15:00,10931.19
2025-03-31 03:30:00,11158.02
2025-03-31 03:45:00,11296.76
2025-03-31 04:00:00,11753.18
2025-03-31 04:15:00,12041.48
2025-03-31 04:30:00,12430.81
2025-03-31 04:45:00,12834.3
2025-03-31 05:00:00,13432.65
2025-03-31 05:15:00,13815.61
2025-03-31 05:30:00,14168.66
2025-03-31 05:45:00,14358.77
2025-03-31 06:00:00,14497.62
2025-03-31 06:15:00,14483.29
2025-03-31 06:30:00,14497.35
2025-03-31 06:45:00,14600.5
2025-03-31 07:00:00,14437.52
2025-03-31 07:15:00,14425.24
2025-03-31 07:30:00,14273.29
2025-03-31 07:45:00,14169.22
2025-03-31 08:00:00,13891.3
2025-03-31 08:15:00,13653.31
2025-03-31 08:30:00,13525.68
2025-03-31 08:45:00,13387.52
2025-03-31 09:00:00,13319.5
2025-03-31 09:15:00,13245.55
2025-03-31 09:30:00,13213.39
2025-03-31 09:45:00,13236.9
2025-03-31 10:00:00,13323.1
2025-03-31 10:15:00,13233.06
2025-03-31 10:30:00,13166.09
2025-03-31 10:45:00,13088.56
2025-03-31 11:00:00,13043.77
2025-03-31 11:15:00,13041.47
2025-03-31 11:30:00,12951.85
2025-03-31 11:45:00,13084.34
2025-03-31 12:00:00,12852.28
2025-03-31 12:15:00,12793.8
2025-03-31 12:30:00,12838.86
2025-03-31 12:45:00,12746.76
2025-03-31 13:00:00,12717.24
2025-03-31 13:15:00,12669.12
2025-03-31 13:30:00,12657.04
2025-03-31 13:45:00,12599.14
2025-03-31 14:00:00,12689.36
2025-03-31 14:15:00,12665.35
2025-03-31 14:30:00,12717.06
2025-03-31 14:45:00,12798.88
2025-03-31 15:00:00,13040.44
2025-03-31 15:15:00,13151.56
2025-03-31 15:30:00,13294.79
2025-03-31 15:45:00,13358.46
2025-03-31 16:00:00,13467.8
2025-03-31 16:15:00,13494.47
2025-03-31 16:30:00,13477.05
2025-03-31 16:45:00,13630.77
2025-03-31 17:00:00,13745.87
2025-03-31 17:15:00,13915.57
2025-03-31 17:30:00,14135.63
2025-03-31 17:45:00,14408.52
2025-03-31 18:00:00,14540.56
2025-03-31 18:15:00,14630.79
2025-03-31 18:30:00,14659.39
2025-03-31 18:45:00,14627.63
2025-03-31 19:00:00,14507.83
2025-03-31 19:15:00,14360.15
2025-03-31 19:30:00,14204.12
2025-03-31 19:45:00,13953.26
2025-03-31 20:00:00,13668.88
2025-03-31 20:15:00,13436.61
2025-03-31 20:30:00,13204.94
2025-03-31 20:45:00,12990.03
2025-03-31 21:00:00,12711.0
2025-03-31 21:15:00,12435.9
2025-03-31 21:30:00,12260.73
2025-03-31 21:45:00,12059.68
2025-03-31 22:00:00,11928.98
2025-03-31 22:15:00,11825.76
2025-03-31 22:30:00,11660.63
2025-03-31 22:45:00,11533.78
2025-03-31 23:00:00,11326.87
2025-03-31 23:15:00,11246.91
2025-03-31 23:30:00,11184.04
2025-03-31 23:45:00,11104.03
2025-04-01 00:00:00,10991.64
2025-04-01 00:15:00,10955.75
2025-04-01 00:30:00,10880.78
2025-04-01 00:45:00,10826.74
2025-04-01 01:00:00,10870.28
2025-04-01 01:15:00,10851.23
2025-04-01 01:30:00,10838.41
2025-04-01 01:45:00,10858.3
2025-04-01 02:00:00,10886.48
2025-04-01 02:15:00,10877.21
2025-04-01 02:30:00,10910.54
2025-04-01 02:45:00,10976.01
2025-04-01 03:00:00,11118.7
2025-04-01 03:15:00,11235.94
2025-04-01 03:30:00,11437.46
2025-04-01 03:45:00,11649.14
2025-04-01 04:00:00,12181.74
2025-04-01 04:15:00,12586.13
2025-04-01 04:30:00,12967.23
2025-04-01 04:45:00,13374.37
2025-04-01 05:00:00,13915.39
2025-04-01 05:15:00,14280.67
2025-04-01 05:30:00,14553.95
2025-04-01 05:45:00,14747.46
2025-04-01 06:00:00,14765.24
2025-04-01 06:15:00,14656.63
2025-04-01 06:30:00,14681.03
2025-04-01 06:45:00,14715.62
2025-04-01 07:00:00,14466.99
2025-04-01 07:15:00,14280.62
2025-04-01 07:30:00,14120.41
2025-04-01 07:45:00,13958.38
2025-04-01 08:00:00,13672.37
2025-04-01 08:15:00,13462.69
2025-04-01 08:30:00,13446.21
2025-04-01 08:45:00,13373.42
2025-04-01 09:00:00,13171.45
2025-04-01 09:15:00,13041.75
2025-04-01 09:30:00,13204.66
2025-04-01 09:45:00,13313.04
2025-04-01 10:00:00,13042.97
2025-04-01 10:15:00,12993.14
2025-04-01 10:30:00,12992.33
2025-04-01 10:45:00,12997.72
2025-04-01 11:00:00,12914.43
2025-04-01 11:15:00,13041.48
2025-04-01 11:30:00,12939.37
2025-04-01 11:45:00,12988.38
2025-04-01 12:00:00,12835.25
2025-04-01 12:15:00,12900.49
2025-04-01 12:30:00,12748.89
2025-04-01 12:45:00,12758.27
2025-04-01 13:00:00,12723.9
2025-04-01 13:15:00,12706.89
2025-04-01 13:30:00,12709.51
2025-04-01 13:45:00,12677.06
2025-04-01 14:00:00,12787.21
2025-04-01 14:15:00,12825.71
2025-04-01 14:30:00,12816.28
2025-04-01 14:45:00,12991.65
2025-04-01 15:00:00,13027.38
2025-04-01 15:15:00,13301.93
2025-04-01 15:30:00,13515.05
2025-04-01 15:45:00,13577.2
2025-04-01 16:00:00,13559.88
2025-04-01 16:15:00,13576.87
2025-04-01 16:30:00,13636.85
2025-04-01 16:45:00,13778.82
2025-04-01 17:00:00,13888.56
2025-04-01 17:15:00,14003.76
2025-04-01 17:30:00,14221.97
2025-04-01 17:45:00,14524.15
2025-04-01 18:00:00,14618.28
2025-04-01 18:15:00,14716.6
2025-04-01 18:30:00,14802.88
2025-04-01 18:45:00,14782.58
2025-04-01 19:00:00,14618.94
2025-04-01 19:15:00,14431.82
2025-04-01 19:30:00,14300.23
2025-04-01 19:45:00,14141.37
2025-04-01 20:00:00,13926.8
2025-04-01 20:15:00,13626.69
2025-04-01 20:30:00,13329.17
2025-04-01 20:45:00,13131.77
2025-04-01 21:00:00,12907.9
2025-04-01 21:15:00,12811.04
2025-04-01 21:30:00,12562.7
2025-04-01 21:45:00,12346.12
2025-04-01 22:00:00,12167.75
2025-04-01 22:15:00,12009.11
2025-04-01 22:30:00,11787.46
2025-04-01 22:45:00,11630.41
2025-04-01 23:00:00,11578.31
2025-04-01 23:15:00,11385.78
2025-04-01 23:30:00,11345.52
2025-04-01 23:45:00,11302.41
2025-04-02 00:00:00,11214.7
2025-04-02 00:15:00,11117.69
2025-04-02 00:30:00,11008.44
2025-04-02 00:45:00,10990.5
2025-04-02 01:00:00,11014.82
2025-04-02 01:15:00,10960.47
2025-04-02 01:30:00,10956.67
2025-04-02 01:45:00,10931.5
2025-04-02 02:00:00,10969.0
2025-04-02 02:15:00,10982.9
2025-04-02 02:30:00,11004.56
2025-04-02 02:45:00,11045.98
2025-04-02 03:00:00,11170.02
2025-04-02 03:15:00,11268.18
2025-04-02 03:30:00,11452.88
2025-04-02 03:45:00,11770.24
2025-04-02 04:00:00,12184.99
2025-04-02 04:15:00,12519.68
2025-04-02 04:30:00,12883.32
2025-04-02 04:45:00,13251.46
2025-04-02 05:00:00,13746.73
2025-04-02 05:15:00,13996.55
2025-04-02 05:30:00,14210.66
2025-04-02 05:45:00,14329.8
2025-04-02 06:00:00,14330.22
2025-04-02 06:15:00,14261.86
2025-04-02 06:30:00,14292.31
2025-04-02 06:45:00,14315.64
2025-04-02 07:00:00,14168.47
2025-04-02 07:15:00,14055.05
2025-04-02 07:30:00,13914.61
2025-04-02 07:45:00,13915.18
2025-04-02 08:00:00,13652.08
2025-04-02 08:15:00,13476.83
2025-04-02 08:30:00,13480.93
2025-04-02 08:45:00,13392.89
2025-04-02 09:00:00,13303.08
2025-04-02 09:15:00,13188.92
2025-04-02 09:30:00,13355.07
2025-04-02 09:45:00,13357.55
2025-04-02 10:00:00,13242.9
2025-04-02 10:15:00,13115.17
2025-04-02 10:30:00,13198.34
2025-04-02 10:45:00,13199.25
2025-04-02 11:00:00,13117.48
2025-04-02 11:15:00,13179.93
2025-04-02 11:30:00,13216.35
2025-04-02 11:45:00,13190.16
2025-04-02 12:00:00,13031.97
2025-04-02 12:15:00,13149.73
2025-04-02 12:30:00,13033.25
2025-04-02 12:45:00,12977.65
2025-04-02 13:00:00,13084.39
2025-04-02 13:15:00,13048.57
2025-04-02 13:30:00,12927.86
2025-04-02 13:45:00,12929.71
2025-04-02 14:00:00,13119.81
2025-04-02 14:15:00,12992.73
2025-04-02 14:30:00,12962.01
2025-04-02 14:45:00,13103.07
2025-04-02 15:00:00,13404.95
2025-04-02 15:15:00,13608.93
2025-04-02 15:30:00,13695.43
2025-04-02 15:45:00,13773.23
2025-04-02 16:00:00,13791.82
2025-04-02 16:15:00,13758.31
2025-04-02 16:30:00,13707.08
2025-04-02 16:45:00,13807.74
2025-04-02 17:00:00,13947.42
2025-04-02 17:15:00,14108.5
2025-04-02 17:30:00,14279.56
2025-04-02 17:45:00,14474.67
2025-04-02 18:00:00,14620.57
2025-04-02 18:15:00,14724.73
2025-04-02 18:30:00,14778.6
2025-04-02 18:45:00,14743.24
2025-04-02 19:00:00,14553.12
2025-04-02 19:15:00,14391.27
2025-04-02 19:30:00,14188.83
2025-04-02 19:45:00,14065.56
2025-04-02 20:00:00,13743.93
2025-04-02 20:15:00,13548.84
2025-04-02 20:30:00,13359.76
2025-04-02 20:45:00,13094.55
2025-04-02 21:00:00,12819.53
2025-04-02 21:15:00,12547.7
2025-04-02 21:30:00,12358.53
2025-04-02 21:45:00,12164.5
2025-04-02 22:00:00,11946.52
2025-04-02 22:15:00,11750.58
2025-04-02 22:30:00,11638.15
2025-04-02 22:45:00,11506.57
2025-04-02 23:00:00,11351.7
2025-04-02 23:15:00,11319.86
2025-04-02 23:30:00,11163.77
2025-04-02 23:45:00,11108.39
2025-04-03 00:00:00,10985.91
2025-04-03 00:15:00,10979.69
2025-04-03 00:30:00,10815.29
2025-04-03 00:45:00,10845.98
2025-04-03 01:00:00,10751.13
2025-04-03 01:15:00,10646.47
2025-04-03 01:30:00,10622.72
2025-04-03 01:45:00,10597.47
2025-04-03 02:00:00,10674.95
2025-04-03 02:15:00,10681.17
2025-04-03 02:30:00,10663.04
2025-04-03 02:45:00,10658.21
2025-04-03 03:00:00,10932.76
2025-04-03 03:15:00,10974.09
2025-04-03 03:30:00,11103.56
2025-04-03 03:45:00,11416.23
2025-04-03 04:00:00,11915.41
2025-04-03 04:15:00,12208.39
2025-04-03 04:30:00,12567.03
2025-04-03 04:45:00,12895.29
2025-04-03 05:00:00,13424.36
2025-04-03 05:15:00,13677.53
2025-04-03 05:30:00,13876.84
2025-04-03 05:45:00,14090.85
2025-04-03 06:00:00,14130.5
2025-04-03 06:15:00,14062.76
2025-04-03 06:30:00,14076.02
2025-04-03 06:45:00,14117.72
2025-04-03 07:00:00,13802.7
2025-04-03 07:15:00,13601.33
2025-04-03 07:30:00,13523.4
2025-04-03 07:45:00,13556.35
2025-04-03 08:00:00,13325.29
2025-04-03 08:15:00,13110.53
2025-04-03 08:30:00,13133.84
2025-04-03 08:45:00,13210.29
2025-04-03 09:00:00,13012.84
2025-04-03 09:15:00,12906.56
2025-04-03 09:30:00,13087.58
2025-04-03 09:45:00,13090.06
2025-04-03 10:00:00,12882.25
2025-04-03 10:15:00,12884.71
2025-04-03 10:30:00,12723.22
2025-04-03 10:45:00,12968.07
2025-04-03 11:00:00,12972.03
2025-04-03 11:15:00,12984.07
2025-04-03 11:30:00,13025.49
2025-04-03 11:45:00,12985.01
2025-04-03 12:00:00,12829.48
2025-04-03 12:15:00,12779.75
2025-04-03 12:30:00,12732.09
2025-04-03 12:45:00,12738.43
2025-04-03 13:00:00,12785.67
2025-04-03 13:15:00,12777.89
2025-04-03 13:30:00,12715.08
2025-04-03 13:45:00,12729.49
2025-04-03 14:00:00,12841.0
2025-04-03 14:15:00,12813.89
2025-04-03 14:30:00,12815.94
2025-04-03 14:45:00,12878.25
2025-04-03 15:00:00,12942.16
2025-04-03 15:15:00,13086.14
2025-04-03 15:30:00,13333.17
2025-04-03 15:45:00,13416.77
2025-04-03 16:00:00,13412.24
2025-04-03 16:15:00,13463.31
2025-04-03 16:30:00,13421.26
2025-04-03 16:45:00,13510.31
2025-04-03 17:00:00,13698.22
2025-04-03 17:15:00,13785.23
2025-04-03 17:30:00,13939.15
2025-04-03 17:45:00,14209.2
2025-04-03 18:00:00,14346.12
2025-04-03 18:15:00,14426.84
2025-04-03 18:30:00,14511.26
2025-04-03 18:45:00,14490.44
2025-04-03 19:00:00,14207.46
2025-04-03 19:15:00,14107.2
2025-04-03 19:30:00,13965.97
2025-04-03 19:45:00,13830.58
2025-04-03 20:00:00,13440.89
2025-04-03 20:15:00,13284.08
2025-04-03 20:30:00,13016.46
2025-04-03 20:45:00,12826.22
2025-04-03 21:00:00,12560.45
2025-04-03 21:15:00,12350.98
2025-04-03 21:30:00,12115.7
2025-04-03 21:45:00,11909.62
2025-04-03 22:00:00,11718.24
2025-04-03 22:15:00,11602.67
2025-04-03 22:30:00,11390.65
2025-04-03 22:45:00,11241.74
2025-04-03 23:00:00,11134.72
2025-04-03 23:15:00,10989.46
2025-04-03 23:30:00,10854.08
2025-04-03 23:45:00,10780.18
2025-04-04 00:00:00,10701.07
2025-04-04 00:15:00,10600.27
2025-04-04 00:30:00,10596.07
2025-04-04 00:45:00,10521.5
2025-04-04 01:00:00,10459.95
2025-04-04 01:15:00,10395.46
2025-04-04 01:30:00,10302.77
2025-04-04 01:45:00,10279.55
2025-04-04 02:00:00,10338.78
2025-04-04 02:15:00,10343.22
2025-04-04 02:30:00,10388.44
2025-04-04 02:45:00,10378.1
2025-04-04 03:00:00,10705.14
2025-04-04 03:15:00,10690.06
2025-04-04 03:30:00,10900.88
2025-04-04 03:45:00,11070.69
2025-04-04 04:00:00,11658.77
2025-04-04 04:15:00,11848.09
2025-04-04 04:30:00,12146.7
2025-04-04 04:45:00,12463.99
2025-04-04 05:00:00,12904.1
2025-04-04 05:15:00,13202.0
2025-04-04 05:30:00,13405.09
2025-04-04 05:45:00,13695.93
2025-04-04 06:00:00,13575.46
2025-04-04 06:15:00,13550.22
2025-04-04 06:30:00,13630.5
2025-04-04 06:45:00,13718.53
2025-04-04 07:00:00,13426.65
2025-04-04 07:15:00,13381.6
2025-04-04 07:30:00,13150.58
2025-04-04 07:45:00,13177.93
2025-04-04 08:00:00,12907.5
2025-04-04 08:15:00,12912.75
2025-04-04 08:30:00,13079.66
2025-04-04 08:45:00,13051.6
2025-04-04 09:00:00,12896.53
2025-04-04 09:15:00,12717.85
2025-04-04 09:30:00,12888.43
2025-04-04 09:45:00,13115.43
2025-04-04 10:00:00,12947.1
2025-04-04 10:15:00,12901.61
2025-04-04 10:30:00,12887.16
2025-04-04 10:45:00,12973.58
2025-04-04 11:00:00,12837.98
2025-04-04 11:15:00,12827.85
2025-04-04 11:30:00,12821.39
2025-04-04 11:45:00,12670.68
2025-04-04 12:00:00,12681.28
2025-04-04 12:15:00,12633.25
2025-04-04 12:30:00,12573.16
2025-04-04 12:45:00,12549.79
2025-04-04 13:00:00,12684.17
2025-04-04 13:15:00,12621.24
2025-04-04 13:30:00,12585.07
2025-04-04 13:45:00,12511.99
2025-04-04 14:00:00,12626.04
2025-04-04 14:15:00,12599.27
2025-04-04 14:30:00,12514.33
2025-04-04 14:45:00,12585.0
2025-04-04 15:00:00,12767.44
2025-04-04 15:15:00,12764.43
2025-04-04 15:30:00,12931.24
2025-04-04 15:45:00,13132.93
2025-04-04 16:00:00,13097.43
2025-04-04 16:15:00,13175.13
2025-04-04 16:30:00,13258.26
2025-04-04 16:45:00,13319.58
2025-04-04 17:00:00,13438.02
2025-04-04 17:15:00,13466.62
2025-04-04 17:30:00,13604.1
2025-04-04 17:45:00,13793.19
2025-04-04 18:00:00,13891.7
2025-04-04 18:15:00,13971.79
2025-04-04 18:30:00,14068.67
2025-04-04 18:45:00,14056.89
2025-04-04 19:00:00,13797.06
2025-04-04 19:15:00,13617.63
2025-04-04 19:30:00,13460.65
2025-04-04 19:45:00,13306.8
2025-04-04 20:00:00,13057.82
2025-04-04 20:15:00,12822.39
2025-04-04 20:30:00,12568.69
2025-04-04 20:45:00,12361.87
2025-04-04 21:00:00,12341.98
2025-04-04 21:15:00,12217.36
2025-04-04 21:30:00,12037.96
2025-04-04 21:45:00,11877.96
2025-04-04 22:00:00,11589.17
2025-04-04 22:15:00,11453.01
2025-04-04 22:30:00,11251.06
2025-04-04 22:45:00,11149.1
2025-04-04 23:00:00,11029.97
2025-04-04 23:15:00,10999.34
2025-04-04 23:30:00,10826.16
2025-04-04 23:45:00,10718.33
2025-04-05 00:00:00,10594.9
2025-04-05 00:15:00,10483.91
2025-04-05 00:30:00,10400.67
2025-04-05 00:45:00,10368.59
2025-04-05 01:00:00,10305.01
2025-04-05 01:15:00,10268.96
2025-04-05 01:30:00,10252.45
2025-04-05 01:45:00,10234.75
2025-04-05 02:00:00,10361.33
2025-04-05 02:15:00,10404.16
2025-04-05 02:30:00,10354.46
2025-04-05 02:45:00,10349.57
2025-04-05 03:00:00,10395.78
2025-04-05 03:15:00,10360.15
2025-04-05 03:30:00,10433.47
2025-04-05 03:45:00,10461.3
2025-04-05 04:00:00,10697.47
2025-04-05 04:15:00,10771.12
2025-04-05 04:30:00,10935.8
2025-04-05 04:45:00,11024.56
2025-04-05 05:00:00,11193.24
2025-04-05 05:15:00,11233.48
2025-04-05 05:30:00,11245.84
2025-04-05 05:45:00,11391.9
2025-04-05 06:00:00,11323.18
2025-04-05 06:15:00,11381.09
2025-04-05 06:30:00,11375.31
2025-04-05 06:45:00,11452.51
2025-04-05 07:00:00,11351.61
2025-04-05 07:15:00,11346.55
2025-04-05 07:30:00,11328.36
2025-04-05 07:45:00,11482.75
2025-04-05 08:00:00,11285.53
2025-04-05 08:15:00,11241.72
2025-04-05 08:30:00,11335.1
2025-04-05 08:45:00,11406.03
2025-04-05 09:00:00,11291.61
2025-04-05 09:15:00,11138.72
2025-04-05 09:30:00,11174.6
2025-04-05 09:45:00,11209.72
2025-04-05 10:00:00,11117.0
2025-04-05 10:15:00,11134.63
2025-04-05 10:30:00,11212.79
2025-04-05 10:45:00,11280.73
2025-04-05 11:00:00,11237.78
2025-04-05 11:15:00,11167.88
2025-04-05 11:30:00,11249.93
2025-04-05 11:45:00,11202.19
2025-04-05 12:00:00,11159.82
2025-04-05 12:15:00,11013.65
2025-04-05 12:30:00,10877.64
2025-04-05 12:45:00,10885.57
2025-04-05 13:00:00,11035.01
2025-04-05 13:15:00,10903.45
2025-04-05 13:30:00,10851.34
2025-04-05 13:45:00,10853.33
2025-04-05 14:00:00,11020.88
2025-04-05 14:15:00,10995.26
2025-04-05 14:30:00,10920.97
2025-04-05 14:45:00,11137.25
2025-04-05 15:00:00,11472.14
2025-04-05 15:15:00,11696.52
2025-04-05 15:30:00,11868.43
2025-04-05 15:45:00,11920.27
2025-04-05 16:00:00,12029.5
2025-04-05 16:15:00,12130.15
2025-04-05 16:30:00,12173.39
2025-04-05 16:45:00,12238.34
2025-04-05 17:00:00,12361.51
2025-04-05 17:15:00,12389.56
2025-04-05 17:30:00,12553.36
2025-04-05 17:45:00,12759.16
2025-04-05 18:00:00,12986.05
2025-04-05 18:15:00,13145.87
2025-04-05 18:30:00,13238.27
2025-04-05 18:45:00,13241.36
2025-04-05 19:00:00,13152.97
2025-04-05 19:15:00,12966.58
2025-04-05 19:30:00,12830.2
2025-04-05 19:45:00,12713.78
2025-04-05 20:00:00,12576.18
2025-04-05 20:15:00,12348.81
2025-04-05 20:30:00,12290.93
2025-04-05 20:45:00,12101.46
2025-04-05 21:00:00,12017.61
2025-04-05 21:15:00,11807.88
2025-04-05 21:30:00,11686.82
2025-04-05 21:45:00,11532.9
2025-04-05 22:00:00,11485.87
2025-04-05 22:15:00,11322.92
2025-04-05 22:30:00,11204.24
2025-04-05 22:45:00,11016.32
2025-04-05 23:00:00,10952.29
2025-04-05 23:15:00,10927.7
2025-04-05 23:30:00,10812.06
2025-04-05 23:45:00,10703.42
2025-04-06 00:00:00,10699.54
2025-04-06 00:15:00,10602.96
2025-04-06 00:30:00,10516.85
2025-04-06 00:45:00,10458.82
2025-04-06 01:00:00,10383.96
2025-04-06 01:15:00,10312.79
2025-04-06 01:30:00,10289.38
2025-04-06 01:45:00,10250.1
2025-04-06 02:00:00,10254.59
2025-04-06 02:15:00,10260.94
2025-04-06 02:30:00,10259.83
2025-04-06 02:45:00,10259.75
2025-04-06 03:00:00,10372.05
2025-04-06 03:15:00,10368.75
2025-04-06 03:30:00,10362.4
2025-04-06 03:45:00,10473.23
2025-04-06 04:00:00,10626.1
2025-04-06 04:15:00,10710.9
2025-04-06 04:30:00,10769.4
2025-04-06 04:45:00,10851.41
2025-04-06 05:00:00,10874.69
2025-04-06 05:15:00,10839.99
2025-04-06 05:30:00,10796.27
2025-04-06 05:45:00,10834.84
2025-04-06 06:00:00,10818.09
2025-04-06 06:15:00,10725.66
2025-04-06 06:30:00,10879.38
2025-04-06 06:45:00,10976.5
2025-04-06 07:00:00,10808.07
2025-04-06 07:15:00,10824.07
2025-04-06 07:30:00,10864.98
2025-04-06 07:45:00,10911.97
2025-04-06 08:00:00,10695.93
2025-04-06 08:15:00,10670.53
2025-04-06 08:30:00,10675.39
2025-04-06 08:45:00,10729.55
2025-04-06 09:00:00,10688.27
2025-04-06 09:15:00,10689.18
2025-04-06 09:30:00,10740.97
2025-04-06 09:45:00,10857.75
2025-04-06 10:00:00,10817.02
2025-04-06 10:15:00,10923.77
2025-04-06 10:30:00,10865.45
2025-04-06 10:45:00,11031.21
2025-04-06 11:00:00,11090.25
2025-04-06 11:15:00,11136.08
2025-04-06 11:30:00,11209.71
2025-04-06 11:45:00,11148.13
2025-04-06 12:00:00,11104.46
2025-04-06 12:15:00,11064.74
2025-04-06 12:30:00,11082.61
2025-04-06 12:45:00,11022.31
2025-04-06 13:00:00,11034.98
2025-04-06 13:15:00,10969.93
2025-04-06 13:30:00,10836.31
2025-04-06 13:45:00,10661.97
2025-04-06 14:00:00,10723.91
2025-04-06 14:15:00,10879.46
2025-04-06 14:30:00,10872.27
2025-04-06 14:45:00,10950.1
2025-04-06 15:00:00,11386.31
2025-04-06 15:15:00,11507.99
2025-04-06 15:30:00,11615.94
2025-04-06 15:45:00,11704.38
2025-04-06 16:00:00,11902.21
2025-04-06 16:15:00,11816.16
2025-04-06 16:30:00,11986.94
2025-04-06 16:45:00,12041.22
2025-04-06 17:00:00,12216.33
2025-04-06 17:15:00,12311.16
2025-04-06 17:30:00,12514.97
2025-04-06 17:45:00,12788.58
2025-04-06 18:00:00,13110.08
2025-04-06 18:15:00,13180.51
2025-04-06 18:30:00,13254.76
2025-04-06 18:45:00,13204.73
2025-04-06 19:00:00,13106.16
2025-04-06 19:15:00,13013.88
2025-04-06 19:30:00,12929.98
2025-04-06 19:45:00,12802.18
2025-04-06 20:00:00,12565.66
2025-04-06 20:15:00,12387.34
2025-04-06 20:30:00,12191.78
2025-04-06 20:45:00,12051.54
2025-04-06 21:00:00,11968.1
2025-04-06 21:15:00,11824.03
2025-04-06 21:30:00,11558.64
2025-04-06 21:45:00,11355.08
2025-04-06 22:00:00,11211.4
2025-04-06 22:15:00,11074.0
2025-04-06 22:30:00,10918.0
2025-04-06 22:45:00,10794.04
2025-04-06 23:00:00,10725.86
2025-04-06 23:15:00,10628.05
2025-04-06 23:30:00,10539.42
2025-04-06 23:45:00,10515.19
2025-04-07 00:00:00,10488.27
2025-04-07 00:15:00,10460.51
2025-04-07 00:30:00,10432.61
2025-04-07 00:45:00,10374.1
2025-04-07 01:00:00,10418.31
2025-04-07 01:15:00,10386.58
2025-04-07 01:30:00,10420.73
2025-04-07 01:45:00,10414.81
2025-04-07 02:00:00,10472.17
2025-04-07 02:15:00,10535.19
2025-04-07 02:30:00,10550.69
2025-04-07 02:45:00,10621.43
2025-04-07 03:00:00,10813.96
2025-04-07 03:15:00,10967.85
2025-04-07 03:30:00,11181.65
2025-04-07 03:45:00,11420.98
2025-04-07 04:00:00,11953.79
2025-04-07 04:15:00,12347.36
2025-04-07 04:30:00,12740.84
2025-04-07 04:45:00,13077.04
2025-04-07 05:00:00,13572.54
2025-04-07 05:15:00,13845.61
2025-04-07 05:30:00,14076.83
2025-04-07 05:45:00,14176.73
2025-04-07 06:00:00,14078.74
2025-04-07 06:15:00,14051.33
2025-04-07 06:30:00,14100.14
2025-04-07 06:45:00,14017.51
2025-04-07 07:00:00,13864.0
2025-04-07 07:15:00,13698.89
2025-04-07 07:30:00,13579.49
2025-04-07 07:45:00,13469.73
2025-04-07 08:00:00,13246.97
2025-04-07 08:15:00,13085.64
2025-04-07 08:30:00,13028.24
2025-04-07 08:45:00,12960.46
2025-04-07 09:00:00,12803.7
2025-04-07 09:15:00,12800.27
2025-04-07 09:30:00,12855.9
2025-04-07 09:45:00,12869.78
2025-04-07 10:00:00,12807.36
2025-04-07 10:15:00,12703.56
2025-04-07 10:30:00,12726.16
2025-04-07 10:45:00,12802.14
2025-04-07 11:00:00,12662.45
2025-04-07 11:15:00,12745.32
2025-04-07 11:30:00,12705.87
2025-04-07 11:45:00,12661.44
2025-04-07 12:00:00,12547.24
2025-04-07 12:15:00,12442.63
2025-04-07 12:30:00,12366.03
2025-04-07 12:45:00,12452.84
2025-04-07 13:00:00,12525.11
2025-04-07 13:15:00,12468.52
2025-04-07 13:30:00,12399.87
2025-04-07 13:45:00,12427.54
2025-04-07 14:00:00,12490.54
2025-04-07 14:15:00,12505.55
2025-04-07 14:30:00,12547.59
2025-04-07 14:45:00,12664.07
2025-04-07 15:00:00,12877.23
2025-04-07 15:15:00,13043.33
2025-04-07 15:30:00,13179.79
2025-04-07 15:45:00,13294.57
2025-04-07 16:00:00,13369.36
2025-04-07 16:15:00,13400.19
2025-04-07 16:30:00,13437.49
2025-04-07 16:45:00,13523.03
2025-04-07 17:00:00,13766.44
2025-04-07 17:15:00,13842.94
2025-04-07 17:30:00,13993.76
2025-04-07 17:45:00,14217.79
2025-04-07 18:00:00,14416.86
2025-04-07 18:15:00,14532.87
2025-04-07 18:30:00,14611.93
2025-04-07 18:45:00,14614.39
2025-04-07 19:00:00,14407.94
2025-04-07 19:15:00,14272.01
2025-04-07 19:30:00,14071.61
2025-04-07 19:45:00,13930.09
2025-04-07 20:00:00,13601.11
2025-04-07 20:15:00,13400.28
2025-04-07 20:30:00,13142.26
2025-04-07 20:45:00,12920.12
2025-04-07 21:00:00,12595.46
2025-04-07 21:15:00,12425.78
2025-04-07 21:30:00,12204.02
2025-04-07 21:45:00,12019.78
2025-04-07 22:00:00,11914.17
2025-04-07 22:15:00,11728.75
2025-04-07 22:30:00,11529.2
2025-04-07 22:45:00,11388.44
2025-04-07 23:00:00,11203.94
2025-04-07 23:15:00,11112.72
2025-04-07 23:30:00,11014.27
2025-04-07 23:45:00,10865.28
2025-04-08 00:00:00,10830.95
2025-04-08 00:15:00,10781.77
2025-04-08 00:30:00,10738.39
2025-04-08 00:45:00,10652.07
2025-04-08 01:00:00,10692.28
2025-04-08 01:15:00,10695.44
2025-04-08 01:30:00,10680.12
2025-04-08 01:45:00,10621.05
2025-04-08 02:00:00,10662.48
2025-04-08 02:15:00,10649.9
2025-04-08 02:30:00,10688.68
2025-04-08 02:45:00,10772.77
2025-04-08 03:00:00,11001.43
2025-04-08 03:15:00,11132.22
2025-04-08 03:30:00,11334.89
2025-04-08 03:45:00,11569.4
2025-04-08 04:00:00,12075.38
2025-04-08 04:15:00,12439.8
2025-04-08 04:30:00,12794.66
2025-04-08 04:45:00,13129.46
2025-04-08 05:00:00,13618.29
2025-04-08 05:15:00,13882.27
2025-04-08 05:30:00,14066.19
2025-04-08 05:45:00,14195.17
2025-04-08 06:00:00,14105.42
2025-04-08 06:15:00,14042.98
2025-04-08 06:30:00,13971.02
2025-04-08 06:45:00,13946.37
2025-04-08 07:00:00,13738.28
2025-04-08 07:15:00,13535.61
2025-04-08 07:30:00,13472.6
2025-04-08 07:45:00,13400.91
2025-04-08 08:00:00,13311.98
2025-04-08 08:15:00,13046.1
2025-04-08 08:30:00,12998.25
2025-04-08 08:45:00,13002.47
2025-04-08 09:00:00,12814.15
2025-04-08 09:15:00,12878.66
2025-04-08 09:30:00,12751.16
2025-04-08 09:45:00,12779.58
2025-04-08 10:00:00,12744.95
2025-04-08 10:15:00,12753.49
2025-04-08 10:30:00,12666.68
2025-04-08 10:45:00,12630.41
2025-04-08 11:00:00,12647.69
2025-04-08 11:15:00,12676.4
2025-04-08 11:30:00,12527.1
2025-04-08 11:45:00,12330.38
2025-04-08 12:00:00,12435.17
2025-04-08 12:15:00,12348.95
2025-04-08 12:30:00,12274.15
2025-04-08 12:45:00,12281.74
2025-04-08 13:00:00,12410.7
2025-04-08 13:15:00,12453.08
2025-04-08 13:30:00,12420.4
2025-04-08 13:45:00,12337.8
2025-04-08 14:00:00,12325.48
2025-04-08 14:15:00,12338.71
2025-04-08 14:30:00,12419.29
2025-04-08 14:45:00,12578.46
2025-04-08 15:00:00,12846.09
2025-04-08 15:15:00,12972.78
2025-04-08 15:30:00,13069.96
2025-04-08 15:45:00,13222.82
2025-04-08 16:00:00,13387.73
2025-04-08 16:15:00,13371.32
2025-04-08 16:30:00,13384.51
2025-04-08 16:45:00,13522.85
2025-04-08 17:00:00,13779.36
2025-04-08 17:15:00,13811.93
2025-04-08 17:30:00,13946.34
2025-04-08 17:45:00,14142.55
2025-04-08 18:00:00,14297.39
2025-04-08 18:15:00,14468.55
2025-04-08 18:30:00,14542.86
2025-04-08 18:45:00,14618.09
2025-04-08 19:00:00,14435.63
2025-04-08 19:15:00,14272.52
2025-04-08 19:30:00,14078.61
2025-04-08 19:45:00,13953.07
2025-04-08 20:00:00,13551.12
2025-04-08 20:15:00,13271.31
2025-04-08 20:30:00,13084.88
2025-04-08 20:45:00,12897.1
2025-04-08 21:00:00,12566.45
2025-04-08 21:15:00,12319.95
2025-04-08 21:30:00,12109.03
2025-04-08 21:45:00,11938.46
2025-04-08 22:00:00,11708.57
2025-04-08 22:15:00,11544.9
2025-04-08 22:30:00,11378.56
2025-04-08 22:45:00,11254.49
2025-04-08 23:00:00,11091.99
2025-04-08 23:15:00,11045.52
2025-04-08 23:30:00,10949.66
2025-04-08 23:45:00,10862.86
2025-04-09 00:00:00,10694.47
2025-04-09 00:15:00,10643.73
2025-04-09 00:30:00,10611.09
2025-04-09 00:45:00,10621.82
2025-04-09 01:00:00,10629.44
2025-04-09 01:15:00,10560.59
2025-04-09 01:30:00,10504.9
2025-04-09 01:45:00,10485.57
2025-04-09 02:00:00,10564.36
2025-04-09 02:15:00,10615.67
2025-04-09 02:30:00,10674.82
2025-04-09 02:45:00,10721.12
2025-04-09 03:00:00,10831.62
2025-04-09 03:15:00,10921.9
2025-04-09 03:30:00,11104.46
2025-04-09 03:45:00,11305.38
2025-04-09 04:00:00,11940.29
2025-04-09 04:15:00,12293.31
2025-04-09 04:30:00,12583.34
2025-04-09 04:45:00,12927.27
2025-04-09 05:00:00,13431.17
2025-04-09 05:15:00,13749.41
2025-04-09 05:30:00,14056.75
2025-04-09 05:45:00,14278.54
2025-04-09 06:00:00,14352.29
2025-04-09 06:15:00,14398.28
2025-04-09 06:30:00,14435.11
2025-04-09 06:45:00,14531.47
2025-04-09 07:00:00,14381.75
2025-04-09 07:15:00,14241.64
2025-04-09 07:30:00,14179.22
2025-04-09 07:45:00,14049.05
2025-04-09 08:00:00,13837.41
2025-04-09 08:15:00,13724.19
2025-04-09 08:30:00,13726.71
2025-04-09 08:45:00,13623.2
2025-04-09 09:00:00,13378.86
2025-04-09 09:15:00,13320.68
2025-04-09 09:30:00,13362.22
2025-04-09 09:45:00,13241.17
2025-04-09 10:00:00,12975.77
2025-04-09 10:15:00,12890.4
2025-04-09 10:30:00,12864.68
2025-04-09 10:45:00,12953.79
2025-04-09 11:00:00,12931.45
2025-04-09 11:15:00,12930.74
2025-04-09 11:30:00,12871.8
2025-04-09 11:45:00,12906.77
2025-04-09 12:00:00,12846.55
2025-04-09 12:15:00,12773.42
2025-04-09 12:30:00,12723.78
2025-04-09 12:45:00,12756.57
2025-04-09 13:00:00,12725.32
2025-04-09 13:15:00,12756.41
2025-04-09 13:30:00,12604.93
2025-04-09 13:45:00,12610.36
2025-04-09 14:00:00,12678.36
2025-04-09 14:15:00,12652.53
2025-04-09 14:30:00,12706.98
2025-04-09 14:45:00,12848.21
2025-04-09 15:00:00,13143.82
2025-04-09 15:15:00,13250.96
2025-04-09 15:30:00,13358.17
2025-04-09 15:45:00,13529.04
2025-04-09 16:00:00,13619.24
2025-04-09 16:15:00,13652.73
2025-04-09 16:30:00,13651.29
2025-04-09 16:45:00,13781.84
2025-04-09 17:00:00,14055.48
2025-04-09 17:15:00,14138.03
2025-04-09 17:30:00,14256.98
2025-04-09 17:45:00,14452.18
2025-04-09 18:00:00,14626.56
2025-04-09 18:15:00,14690.71
2025-04-09 18:30:00,14769.64
2025-04-09 18:45:00,14794.79
2025-04-09 19:00:00,14606.06
2025-04-09 19:15:00,14399.97
2025-04-09 19:30:00,14170.24
2025-04-09 19:45:00,13933.78
2025-04-09 20:00:00,13687.95
2025-04-09 20:15:00,13447.28
2025-04-09 20:30:00,13183.82
2025-04-09 20:45:00,12964.98
2025-04-09 21:00:00,12759.01
2025-04-09 21:15:00,12495.54
2025-04-09 21:30:00,12295.61
2025-04-09 21:45:00,12149.5
2025-04-09 22:00:00,11969.04
2025-04-09 22:15:00,11744.74
2025-04-09 22:30:00,11556.42
2025-04-09 22:45:00,11397.28
2025-04-09 23:00:00,11254.29
2025-04-09 23:15:00,11150.87
2025-04-09 23:30:00,11037.7
2025-04-09 23:45:00,10938.03
2025-04-10 00:00:00,10904.85
2025-04-10 00:15:00,10820.25
2025-04-10 00:30:00,10754.6
2025-04-10 00:45:00,10694.79
2025-04-10 01:00:00,10698.24
2025-04-10 01:15:00,10659.41
2025-04-10 01:30:00,10642.28
2025-04-10 01:45:00,10603.97
2025-04-10 02:00:00,10636.18
2025-04-10 02:15:00,10656.35
2025-04-10 02:30:00,10646.11
2025-04-10 02:45:00,10691.97
2025-04-10 03:00:00,10849.17
2025-04-10 03:15:00,10926.23
2025-04-10 03:30:00,11162.12
2025-04-10 03:45:00,11448.26
2025-04-10 04:00:00,11923.48
2025-04-10 04:15:00,12216.61
2025-04-10 04:30:00,12587.74
2025-04-10 04:45:00,12901.09
2025-04-10 05:00:00,13382.47
2025-04-10 05:15:00,13723.11
2025-04-10 05:30:00,14038.45
2025-04-10 05:45:00,14304.96
2025-04-10 06:00:00,14539.13
2025-04-10 06:15:00,14836.06
2025-04-10 06:30:00,14788.75
2025-04-10 06:45:00,14890.38
2025-04-10 07:00:00,14833.23
2025-04-10 07:15:00,14938.43
2025-04-10 07:30:00,14790.19
2025-04-10 07:45:00,14904.51
2025-04-10 08:00:00,14618.95
2025-04-10 08:15:00,14440.81
2025-04-10 08:30:00,14299.19
2025-04-10 08:45:00,14183.28
2025-04-10 09:00:00,14033.05
2025-04-10 09:15:00,13851.42
2025-04-10 09:30:00,13819.42
2025-04-10 09:45:00,13735.79
2025-04-10 10:00:00,13457.06
2025-04-10 10:15:00,13471.91
2025-04-10 10:30:00,13278.8
2025-04-10 10:45:00,13155.59
2025-04-10 11:00:00,13017.3
2025-04-10 11:15:00,12993.1
2025-04-10 11:30:00,13026.81
2025-04-10 11:45:00,13124.88
2025-04-10 12:00:00,13008.04
2025-04-10 12:15:00,13010.47
2025-04-10 12:30:00,12981.02
2025-04-10 12:45:00,12940.17
2025-04-10 13:00:00,12805.26
2025-04-10 13:15:00,12781.74
2025-04-10 13:30:00,12794.6
2025-04-10 13:45:00,12699.56
2025-04-10 14:00:00,12672.44
2025-04-10 14:15:00,12715.79
2025-04-10 14:30:00,12697.42
2025-04-10 14:45:00,12761.56
2025-04-10 15:00:00,13002.54
2025-04-10 15:15:00,13191.03
2025-04-10 15:30:00,13218.4
2025-04-10 15:45:00,13289.02
2025-04-10 16:00:00,13354.6
2025-04-10 16:15:00,13368.22
2025-04-10 16:30:00,13385.74
2025-04-10 16:45:00,13524.87
2025-04-10 17:00:00,13747.9
2025-04-10 17:15:00,13798.91
2025-04-10 17:30:00,13954.57
2025-04-10 17:45:00,14145.81
2025-04-10 18:00:00,14386.9
2025-04-10 18:15:00,14607.65
2025-04-10 18:30:00,14682.3
2025-04-10 18:45:00,14738.19
2025-04-10 19:00:00,14636.68
2025-04-10 19:15:00,14471.55
2025-04-10 19:30:00,14273.64
2025-04-10 19:45:00,14042.36
2025-04-10 20:00:00,13793.51
2025-04-10 20:15:00,13558.89
2025-04-10 20:30:00,13271.65
2025-04-10 20:45:00,13115.92
2025-04-10 21:00:00,12934.78
2025-04-10 21:15:00,12767.93
2025-04-10 21:30:00,12558.65
2025-04-10 21:45:00,12373.85
2025-04-10 22:00:00,11998.92
2025-04-10 22:15:00,11862.11
2025-04-10 22:30:00,11813.67
2025-04-10 22:45:00,11626.49
2025-04-10 23:00:00,11425.51
2025-04-10 23:15:00,11328.33
2025-04-10 23:30:00,11221.63
2025-04-10 23:45:00,11134.78
2025-04-11 00:00:00,11131.28
2025-04-11 00:15:00,11045.88
2025-04-11 00:30:00,11009.19
2025-04-11 00:45:00,10910.82
2025-04-11 01:00:00,10891.92
2025-04-11 01:15:00,10872.05
2025-04-11 01:30:00,10808.99
2025-04-11 01:45:00,10781.77
2025-04-11 02:00:00,10802.36
2025-04-11 02:15:00,10828.51
2025-04-11 02:30:00,10889.33
2025-04-11 02:45:00,10894.04
2025-04-11 03:00:00,11013.77
2025-04-11 03:15:00,11072.98
2025-04-11 03:30:00,11224.04
2025-04-11 03:45:00,11410.39
2025-04-11 04:00:00,11986.85
2025-04-11 04:15:00,12289.98
2025-04-11 04:30:00,12518.3
2025-04-11 04:45:00,12813.65
2025-04-11 05:00:00,13358.42
2025-04-11 05:15:00,13688.42
2025-04-11 05:30:00,13892.07
2025-04-11 05:45:00,14047.03
2025-04-11 06:00:00,14064.07
2025-04-11 06:15:00,14137.47
2025-04-11 06:30:00,14284.0
2025-04-11 06:45:00,14246.49
2025-04-11 07:00:00,13942.66
2025-04-11 07:15:00,13837.03
2025-04-11 07:30:00,13677.05
2025-04-11 07:45:00,13609.0
2025-04-11 08:00:00,13528.9
2025-04-11 08:15:00,13135.61
2025-04-11 08:30:00,13286.01
2025-04-11 08:45:00,13309.93
2025-04-11 09:00:00,13225.2
2025-04-11 09:15:00,13054.55
2025-04-11 09:30:00,12957.24
2025-04-11 09:45:00,13092.41
2025-04-11 10:00:00,12964.59
2025-04-11 10:15:00,12787.41
2025-04-11 10:30:00,12729.63
2025-04-11 10:45:00,12828.12
2025-04-11 11:00:00,12774.95
2025-04-11 11:15:00,12790.97
2025-04-11 11:30:00,12786.68
2025-04-11 11:45:00,12668.08
2025-04-11 12:00:00,12610.97
2025-04-11 12:15:00,12533.64
2025-04-11 12:30:00,12474.67
2025-04-11 12:45:00,12474.11
2025-04-11 13:00:00,12422.76
2025-04-11 13:15:00,12423.02
2025-04-11 13:30:00,12389.07
2025-04-11 13:45:00,12361.8
2025-04-11 14:00:00,12452.19
2025-04-11 14:15:00,12391.39
2025-04-11 14:30:00,12388.32
2025-04-11 14:45:00,12504.0
2025-04-11 15:00:00,12726.65
2025-04-11 15:15:00,12858.22
2025-04-11 15:30:00,12958.97
2025-04-11 15:45:00,13026.5
2025-04-11 16:00:00,13156.41
2025-04-11 16:15:00,13032.44
2025-04-11 16:30:00,13055.79
2025-04-11 16:45:00,13066.11
2025-04-11 17:00:00,13187.09
2025-04-11 17:15:00,13222.43
2025-04-11 17:30:00,13299.99
2025-04-11 17:45:00,13415.2
2025-04-11 18:00:00,13662.09
2025-04-11 18:15:00,13907.04
2025-04-11 18:30:00,13929.96
2025-04-11 18:45:00,13944.7
2025-04-11 19:00:00,13803.9
2025-04-11 19:15:00,13696.0
2025-04-11 19:30:00,13545.35
2025-04-11 19:45:00,13425.62
2025-04-11 20:00:00,13122.0
2025-04-11 20:15:00,12940.75
2025-04-11 20:30:00,12734.34
2025-04-11 20:45:00,12578.66
2025-04-11 21:00:00,12355.52
2025-04-11 21:15:00,12170.91
2025-04-11 21:30:00,11948.82
2025-04-11 21:45:00,11777.69
2025-04-11 22:00:00,11606.24
2025-04-11 22:15:00,11423.69
2025-04-11 22:30:00,11241.34
2025-04-11 22:45:00,11099.26
2025-04-11 23:00:00,10987.15
2025-04-11 23:15:00,10871.47
2025-04-11 23:30:00,10733.95
2025-04-11 23:45:00,10639.02
2025-04-12 00:00:00,10540.01
2025-04-12 00:15:00,10492.9
2025-04-12 00:30:00,10423.64
2025-04-12 00:45:00,10335.7
2025-04-12 01:00:00,10307.52
2025-04-12 01:15:00,10300.31
2025-04-12 01:30:00,10258.67
2025-04-12 01:45:00,10263.65
2025-04-12 02:00:00,10271.24
2025-04-12 02:15:00,10232.4
2025-04-12 02:30:00,10214.8
2025-04-12 02:45:00,10174.87
2025-04-12 03:00:00,10224.46
2025-04-12 03:15:00,10235.45
2025-04-12 03:30:00,10302.11
2025-04-12 03:45:00,10408.46
2025-04-12 04:00:00,10663.14
2025-04-12 04:15:00,10764.32
2025-04-12 04:30:00,10872.57
2025-04-12 04:45:00,10990.71
2025-04-12 05:00:00,10990.77
2025-04-12 05:15:00,11008.61
2025-04-12 05:30:00,11010.01
2025-04-12 05:45:00,11037.48
2025-04-12 06:00:00,11073.54
2025-04-12 06:15:00,11042.82
2025-04-12 06:30:00,11116.67
2025-04-12 06:45:00,11259.59
2025-04-12 07:00:00,11192.92
2025-04-12 07:15:00,11144.8
2025-04-12 07:30:00,11160.95
2025-04-12 07:45:00,11252.59
2025-04-12 08:00:00,11170.44
2025-04-12 08:15:00,11173.54
2025-04-12 08:30:00,11245.94
2025-04-12 08:45:00,11382.59
2025-04-12 09:00:00,11228.6
2025-04-12 09:15:00,11209.21
2025-04-12 09:30:00,11218.86
2025-04-12 09:45:00,11226.36
2025-04-12 10:00:00,11151.15
2025-04-12 10:15:00,11221.28
2025-04-12 10:30:00,11212.3
2025-04-12 10:45:00,11275.16
2025-04-12 11:00:00,11198.98
2025-04-12 11:15:00,11224.69
2025-04-12 11:30:00,11294.86
2025-04-12 11:45:00,11166.38
2025-04-12 12:00:00,11175.24
2025-04-12 12:15:00,11139.03
2025-04-12 12:30:00,11122.84
2025-04-12 12:45:00,10995.95
2025-04-12 13:00:00,10972.58
2025-04-12 13:15:00,10971.96
2025-04-12 13:30:00,10960.92
2025-04-12 13:45:00,10921.67
2025-04-12 14:00:00,10948.45
2025-04-12 14:15:00,11057.86
2025-04-12 14:30:00,11057.98
2025-04-12 14:45:00,11187.7
2025-04-12 15:00:00,11437.82
2025-04-12 15:15:00,11517.83
2025-04-12 15:30:00,11630.29
2025-04-12 15:45:00,11725.86
2025-04-12 16:00:00,11843.71
2025-04-12 16:15:00,11795.05
2025-04-12 16:30:00,11882.46
2025-04-12 16:45:00,11906.13
2025-04-12 17:00:00,12109.48
2025-04-12 17:15:00,12125.58
2025-04-12 17:30:00,12188.45
2025-04-12 17:45:00,12355.81
2025-04-12 18:00:00,12528.42
2025-04-12 18:15:00,12633.93
2025-04-12 18:30:00,12814.24
2025-04-12 18:45:00,12912.83
2025-04-12 19:00:00,12961.53
2025-04-12 19:15:00,12887.73
2025-04-12 19:30:00,12780.14
2025-04-12 19:45:00,12579.3
2025-04-12 20:00:00,12537.49
2025-04-12 20:15:00,12328.57
2025-04-12 20:30:00,12114.89
2025-04-12 20:45:00,11995.97
2025-04-12 21:00:00,11936.42
2025-04-12 21:15:00,11757.31
2025-04-12 21:30:00,11556.9
2025-04-12 21:45:00,11415.52
2025-04-12 22:00:00,11281.54
2025-04-12 22:15:00,11010.43
2025-04-12 22:30:00,10888.38
2025-04-12 22:45:00,10762.46
2025-04-12 23:00:00,10706.36
2025-04-12 23:15:00,10580.91
2025-04-12 23:30:00,10554.58
2025-04-12 23:45:00,10345.38
2025-04-13 00:00:00,10292.13
2025-04-13 00:15:00,10202.71
2025-04-13 00:30:00,10104.27
2025-04-13 00:45:00,10140.68
2025-04-13 01:00:00,10117.99
2025-04-13 01:15:00,9908.26
2025-04-13 01:30:00,9852.1
2025-04-13 01:45:00,9807.81
2025-04-13 02:00:00,9979.08
2025-04-13 02:15:00,9995.73
2025-04-13 02:30:00,9986.47
2025-04-13 02:45:00,9956.12
2025-04-13 03:00:00,9969.72
2025-04-13 03:15:00,10098.1
2025-04-13 03:30:00,10027.54
2025-04-13 03:45:00,9999.57
2025-04-13 04:00:00,10055.23
2025-04-13 04:15:00,10061.46
2025-04-13 04:30:00,10142.01
2025-04-13 04:45:00,10181.46
2025-04-13 05:00:00,10377.37
2025-04-13 05:15:00,10375.06
2025-04-13 05:30:00,10482.52
2025-04-13 05:45:00,10547.25
2025-04-13 06:00:00,10678.78
2025-04-13 06:15:00,10714.16
2025-04-13 06:30:00,10880.03
2025-04-13 06:45:00,10889.7
2025-04-13 07:00:00,10858.02
2025-04-13 07:15:00,10935.54
2025-04-13 07:30:00,11035.82
2025-04-13 07:45:00,11293.45
2025-04-13 08:00:00,11182.22
2025-04-13 08:15:00,11144.45
2025-04-13 08:30:00,11169.53
2025-04-13 08:45:00,11289.91
2025-04-13 09:00:00,11148.43
2025-04-13 09:15:00,11133.14
2025-04-13 09:30:00,11212.32
2025-04-13 09:45:00,11283.68
2025-04-13 10:00:00,11433.03
2025-04-13 10:15:00,11223.97
2025-04-13 10:30:00,11321.08
2025-04-13 10:45:00,11357.04
2025-04-13 11:00:00,11222.73
2025-04-13 11:15:00,11257.89
2025-04-13 11:30:00,11138.34
2025-04-13 11:45:00,11149.42
2025-04-13 12:00:00,11122.12
2025-04-13 12:15:00,11098.76
2025-04-13 12:30:00,11062.17
2025-04-13 12:45:00,11035.04
2025-04-13 13:00:00,10997.68
2025-04-13 13:15:00,10898.16
2025-04-13 13:30:00,10827.09
2025-04-13 13:45:00,10820.47
2025-04-13 14:00:00,10897.4
2025-04-13 14:15:00,10916.78
2025-04-13 14:30:00,10979.1
2025-04-13 14:45:00,11149.61
2025-04-13 15:00:00,11417.82
2025-04-13 15:15:00,11628.07
2025-04-13 15:30:00,11763.28
2025-04-13 15:45:00,11961.61
2025-04-13 16:00:00,12039.39
2025-04-13 16:15:00,12107.57
2025-04-13 16:30:00,12123.53
2025-04-13 16:45:00,12306.83
2025-04-13 17:00:00,12437.64
2025-04-13 17:15:00,12487.28
2025-04-13 17:30:00,12530.42
2025-04-13 17:45:00,12719.62
2025-04-13 18:00:00,12910.8
2025-04-13 18:15:00,12985.69
2025-04-13 18:30:00,12981.1
2025-04-13 18:45:00,12937.61
2025-04-13 19:00:00,12889.85
2025-04-13 19:15:00,12747.35
2025-04-13 19:30:00,12577.02
2025-04-13 19:45:00,12449.4
2025-04-13 20:00:00,12271.57
2025-04-13 20:15:00,12114.8
2025-04-13 20:30:00,11927.12
2025-04-13 20:45:00,11781.11
2025-04-13 21:00:00,11557.04
2025-04-13 21:15:00,11411.6
2025-04-13 21:30:00,11232.93
2025-04-13 21:45:00,11090.1
2025-04-13 22:00:00,10963.06
2025-04-13 22:15:00,10852.97
2025-04-13 22:30:00,10752.56
2025-04-13 22:45:00,10614.76
2025-04-13 23:00:00,10570.26
2025-04-13 23:15:00,10450.7
2025-04-13 23:30:00,10325.86
2025-04-13 23:45:00,10210.71
2025-04-14 00:00:00,10156.14
2025-04-14 00:15:00,10114.63
2025-04-14 00:30:00,10029.33
2025-04-14 00:45:00,10036.83
2025-04-14 01:00:00,10045.98
2025-04-14 01:15:00,9973.45
2025-04-14 01:30:00,9939.03
2025-04-14 01:45:00,9939.21
2025-04-14 02:00:00,10021.11
2025-04-14 02:15:00,10049.87
2025-04-14 02:30:00,10085.36
2025-04-14 02:45:00,10194.88
2025-04-14 03:00:00,10341.32
2025-04-14 03:15:00,10446.66
2025-04-14 03:30:00,10719.39
2025-04-14 03:45:00,10956.91
2025-04-14 04:00:00,11407.26
2025-04-14 04:15:00,11734.47
2025-04-14 04:30:00,12054.89
2025-04-14 04:45:00,12368.88
2025-04-14 05:00:00,12725.99
2025-04-14 05:15:00,13054.65
2025-04-14 05:30:00,13340.5
2025-04-14 05:45:00,13527.39
2025-04-14 06:00:00,13671.21
2025-04-14 06:15:00,13690.03
2025-04-14 06:30:00,13728.46
2025-04-14 06:45:00,13835.18
2025-04-14 07:00:00,13727.22
2025-04-14 07:15:00,13640.02
2025-04-14 07:30:00,13506.37
2025-04-14 07:45:00,13374.98
2025-04-14 08:00:00,13178.33
2025-04-14 08:15:00,13160.46
2025-04-14 08:30:00,13192.22
2025-04-14 08:45:00,13116.6
2025-04-14 09:00:00,12878.76
2025-04-14 09:15:00,12801.88
2025-04-14 09:30:00,12827.8
2025-04-14 09:45:00,12821.8
2025-04-14 10:00:00,12680.08
2025-04-14 10:15:00,12631.39
2025-04-14 10:30:00,12592.43
2025-04-14 10:45:00,12561.52
2025-04-14 11:00:00,12574.13
2025-04-14 11:15:00,12527.5
2025-04-14 11:30:00,12523.13
2025-04-14 11:45:00,12551.54
2025-04-14 12:00:00,12495.95
2025-04-14 12:15:00,12425.11
2025-04-14 12:30:00,12462.68
2025-04-14 12:45:00,12406.88
2025-04-14 13:00:00,12348.61
2025-04-14 13:15:00,12450.65
2025-04-14 13:30:00,12444.65
2025-04-14 13:45:00,12530.52
2025-04-14 14:00:00,12555.74
2025-04-14 14:15:00,12605.76
2025-04-14 14:30:00,12627.2
2025-04-14 14:45:00,12825.88
2025-04-14 15:00:00,13000.06
2025-04-14 15:15:00,13190.21
2025-04-14 15:30:00,13278.32
2025-04-14 15:45:00,13384.52
2025-04-14 16:00:00,13402.64
2025-04-14 16:15:00,13314.33
2025-04-14 16:30:00,13295.09
2025-04-14 16:45:00,13342.83
2025-04-14 17:00:00,13425.21
2025-04-14 17:15:00,13448.33
2025-04-14 17:30:00,13534.88
2025-04-14 17:45:00,13760.47
2025-04-14 18:00:00,13943.55
2025-04-14 18:15:00,14087.5
2025-04-14 18:30:00,14162.75
2025-04-14 18:45:00,14228.64
2025-04-14 19:00:00,14098.05
2025-04-14 19:15:00,13984.73
2025-04-14 19:30:00,13887.27
2025-04-14 19:45:00,13735.09
2025-04-14 20:00:00,13551.02
2025-04-14 20:15:00,13199.45
2025-04-14 20:30:00,12957.27
2025-04-14 20:45:00,12781.69
2025-04-14 21:00:00,12435.4
2025-04-14 21:15:00,12281.12
2025-04-14 21:30:00,12156.57
2025-04-14 21:45:00,12003.94
2025-04-14 22:00:00,11969.64
2025-04-14 22:15:00,11708.72
2025-04-14 22:30:00,11417.54
2025-04-14 22:45:00,11163.38
2025-04-14 23:00:00,11157.86
2025-04-14 23:15:00,11052.27
2025-04-14 23:30:00,11027.23
2025-04-14 23:45:00,10859.44
2025-04-15 00:00:00,10837.19
2025-04-15 00:15:00,10794.05
2025-04-15 00:30:00,10683.2
2025-04-15 00:45:00,10664.21
2025-04-15 01:00:00,10557.26
2025-04-15 01:15:00,10593.79
2025-04-15 01:30:00,10542.77
2025-04-15 01:45:00,10454.47
2025-04-15 02:00:00,10437.11
2025-04-15 02:15:00,10489.7
2025-04-15 02:30:00,10573.47
2025-04-15 02:45:00,10609.35
2025-04-15 03:00:00,10611.85
2025-04-15 03:15:00,10871.56
2025-04-15 03:30:00,10967.19
2025-04-15 03:45:00,11184.91
2025-04-15 04:00:00,11722.03
2025-04-15 04:15:00,11994.08
2025-04-15 04:30:00,12264.86
2025-04-15 04:45:00,12506.64
2025-04-15 05:00:00,12890.89
2025-04-15 05:15:00,13080.67
2025-04-15 05:30:00,13366.38
2025-04-15 05:45:00,13494.67
2025-04-15 06:00:00,13635.61
2025-04-15 06:15:00,13554.21
2025-04-15 06:30:00,13505.69
2025-04-15 06:45:00,13597.88
2025-04-15 07:00:00,13624.96
2025-04-15 07:15:00,13467.24
2025-04-15 07:30:00,13503.29
2025-04-15 07:45:00,13452.22
2025-04-15 08:00:00,13379.67
2025-04-15 08:15:00,13342.82
2025-04-15 08:30:00,13344.62
2025-04-15 08:45:00,13363.54
2025-04-15 09:00:00,13388.85
2025-04-15 09:15:00,13345.31
2025-04-15 09:30:00,13366.48
2025-04-15 09:45:00,13404.31
2025-04-15 10:00:00,13337.22
2025-04-15 10:15:00,13260.76
2025-04-15 10:30:00,13213.69
2025-04-15 10:45:00,13311.71
2025-04-15 11:00:00,13502.95
2025-04-15 11:15:00,13448.02
2025-04-15 11:30:00,13631.12
2025-04-15 11:45:00,13497.87
2025-04-15 12:00:00,13534.33
2025-04-15 12:15:00,13453.47
2025-04-15 12:30:00,13351.66
2025-04-15 12:45:00,13440.93
2025-04-15 13:00:00,13571.17
2025-04-15 13:15:00,13511.28
2025-04-15 13:30:00,13588.09
2025-04-15 13:45:00,13669.57
2025-04-15 14:00:00,13774.82
2025-04-15 14:15:00,13958.93
2025-04-15 14:30:00,14236.5
2025-04-15 14:45:00,14486.38
2025-04-15 15:00:00,14491.09
2025-04-15 15:15:00,14779.66
2025-04-15 15:30:00,14961.25
2025-04-15 15:45:00,14997.88
2025-04-15 16:00:00,14804.3
2025-04-15 16:15:00,14693.28
2025-04-15 16:30:00,14603.42
2025-04-15 16:45:00,14518.51
2025-04-15 17:00:00,14460.24
2025-04-15 17:15:00,14319.73
2025-04-15 17:30:00,14230.56
2025-04-15 17:45:00,14335.26
2025-04-15 18:00:00,14327.48
2025-04-15 18:15:00,14278.03
2025-04-15 18:30:00,14267.24
2025-04-15 18:45:00,14231.63
2025-04-15 19:00:00,14090.81
2025-04-15 19:15:00,13915.75
2025-04-15 19:30:00,13782.87
2025-04-15 19:45:00,13597.92
2025-04-15 20:00:00,13395.61
2025-04-15 20:15:00,13159.55
2025-04-15 20:30:00,12937.82
2025-04-15 20:45:00,12716.0
2025-04-15 21:00:00,12493.17
2025-04-15 21:15:00,12292.84
2025-04-15 21:30:00,12107.47
2025-04-15 21:45:00,11959.18
2025-04-15 22:00:00,11745.74
2025-04-15 22:15:00,11550.04
2025-04-15 22:30:00,11332.35
2025-04-15 22:45:00,11196.25
2025-04-15 23:00:00,11039.06
2025-04-15 23:15:00,11010.24
2025-04-15 23:30:00,11016.31
2025-04-15 23:45:00,11011.7
2025-04-16 00:00:00,10970.17
2025-04-16 00:15:00,10883.1
2025-04-16 00:30:00,10791.38
2025-04-16 00:45:00,10699.46
2025-04-16 01:00:00,10624.21
2025-04-16 01:15:00,10517.39
2025-04-16 01:30:00,10498.93
2025-04-16 01:45:00,10520.58
2025-04-16 02:00:00,10557.1
2025-04-16 02:15:00,10539.84
2025-04-16 02:30:00,10561.95
2025-04-16 02:45:00,10584.11
2025-04-16 03:00:00,10717.19
2025-04-16 03:15:00,10835.85
2025-04-16 03:30:00,10968.95
2025-04-16 03:45:00,11178.24
2025-04-16 04:00:00,11635.07
2025-04-16 04:15:00,11908.85
2025-04-16 04:30:00,12213.51
2025-04-16 04:45:00,12461.32
2025-04-16 05:00:00,12910.14
2025-04-16 05:15:00,13268.75
2025-04-16 05:30:00,13463.12
2025-04-16 05:45:00,13730.04
2025-04-16 06:00:00,14005.94
2025-04-16 06:15:00,14220.24
2025-04-16 06:30:00,14382.42
2025-04-16 06:45:00,14506.48
2025-04-16 07:00:00,14623.81
2025-04-16 07:15:00,14669.6
2025-04-16 07:30:00,14554.05
2025-04-16 07:45:00,14485.54
2025-04-16 08:00:00,14578.71
2025-04-16 08:15:00,14639.35
2025-04-16 08:30:00,14659.97
2025-04-16 08:45:00,14731.36
2025-04-16 09:00:00,14679.58
2025-04-16 09:15:00,14609.86
2025-04-16 09:30:00,14502.25
2025-04-16 09:45:00,14520.88
2025-04-16 10:00:00,14408.05
2025-04-16 10:15:00,14257.38
2025-04-16 10:30:00,14055.3
2025-04-16 10:45:00,14030.66
2025-04-16 11:00:00,14042.28
2025-04-16 11:15:00,14067.14
2025-04-16 11:30:00,13995.21
2025-04-16 11:45:00,14015.66
2025-04-16 12:00:00,14051.33
2025-04-16 12:15:00,13947.97
2025-04-16 12:30:00,13869.64
2025-04-16 12:45:00,13867.47
2025-04-16 13:00:00,13803.4
2025-04-16 13:15:00,13831.6
2025-04-16 13:30:00,13908.25
2025-04-16 13:45:00,13837.3
2025-04-16 14:00:00,13909.34
2025-04-16 14:15:00,13891.99
2025-04-16 14:30:00,13965.35
2025-04-16 14:45:00,14259.6
2025-04-16 15:00:00,14397.72
2025-04-16 15:15:00,14746.66
2025-04-16 15:30:00,14933.04
2025-04-16 15:45:00,15096.59
2025-04-16 16:00:00,15039.82
2025-04-16 16:15:00,14942.66
2025-04-16 16:30:00,14808.68
2025-04-16 16:45:00,14824.13
2025-04-16 17:00:00,14888.48
2025-04-16 17:15:00,14875.52
2025-04-16 17:30:00,14844.55
2025-04-16 17:45:00,14852.77
2025-04-16 18:00:00,14720.3
2025-04-16 18:15:00,14683.81
2025-04-16 18:30:00,14620.32
2025-04-16 18:45:00,14573.04
2025-04-16 19:00:00,14411.76
2025-04-16 19:15:00,14302.66
2025-04-16 19:30:00,14145.65
2025-04-16 19:45:00,13892.23
2025-04-16 20:00:00,13591.98
2025-04-16 20:15:00,13348.32
2025-04-16 20:30:00,13164.79
2025-04-16 20:45:00,12956.01
2025-04-16 21:00:00,12695.12
2025-04-16 21:15:00,12463.25
2025-04-16 21:30:00,12236.57
2025-04-16 21:45:00,12011.22
2025-04-16 22:00:00,11875.0
2025-04-16 22:15:00,11729.02
2025-04-16 22:30:00,11551.53
2025-04-16 22:45:00,11420.03
2025-04-16 23:00:00,11274.44
2025-04-16 23:15:00,11220.19
2025-04-16 23:30:00,11067.38
2025-04-16 23:45:00,10929.28
2025-04-17 00:00:00,10836.13
2025-04-17 00:15:00,10854.42
2025-04-17 00:30:00,10768.78
2025-04-17 00:45:00,10684.8
2025-04-17 01:00:00,10745.74
2025-04-17 01:15:00,10754.75
2025-04-17 01:30:00,10787.63
2025-04-17 01:45:00,10706.14
2025-04-17 02:00:00,10669.33
2025-04-17 02:15:00,10623.96
2025-04-17 02:30:00,10669.02
2025-04-17 02:45:00,10687.62
2025-04-17 03:00:00,10820.01
2025-04-17 03:15:00,10892.89
2025-04-17 03:30:00,11100.81
2025-04-17 03:45:00,11358.04
2025-04-17 04:00:00,11847.67
2025-04-17 04:15:00,12130.06
2025-04-17 04:30:00,12434.88
2025-04-17 04:45:00,12796.29
2025-04-17 05:00:00,13355.57
2025-04-17 05:15:00,13765.97
2025-04-17 05:30:00,14107.38
2025-04-17 05:45:00,14323.63
2025-04-17 06:00:00,14575.05
2025-04-17 06:15:00,14688.83
2025-04-17 06:30:00,14822.92
2025-04-17 06:45:00,14938.76
2025-04-17 07:00:00,14987.25
2025-04-17 07:15:00,15060.1
2025-04-17 07:30:00,14938.94
2025-04-17 07:45:00,14922.27
2025-04-17 08:00:00,14796.6
2025-04-17 08:15:00,14676.68
2025-04-17 08:30:00,14622.67
2025-04-17 08:45:00,14509.12
2025-04-17 09:00:00,14418.57
2025-04-17 09:15:00,14358.97
2025-04-17 09:30:00,14345.94
2025-04-17 09:45:00,14344.91
2025-04-17 10:00:00,14383.54
2025-04-17 10:15:00,14261.64
2025-04-17 10:30:00,14050.34
2025-04-17 10:45:00,14073.3
2025-04-17 11:00:00,14036.4
2025-04-17 11:15:00,13905.3
2025-04-17 11:30:00,13942.9
2025-04-17 11:45:00,13901.81
2025-04-17 12:00:00,13812.4
2025-04-17 12:15:00,13676.24
2025-04-17 12:30:00,13701.68
2025-04-17 12:45:00,13768.37
2025-04-17 13:00:00,13808.23
2025-04-17 13:15:00,13898.75
2025-04-17 13:30:00,13981.2
2025-04-17 13:45:00,13999.19
2025-04-17 14:00:00,14066.63
2025-04-17 14:15:00,14125.5
2025-04-17 14:30:00,14208.28
2025-04-17 14:45:00,14438.66
2025-04-17 15:00:00,14679.67
2025-04-17 15:15:00,14848.0
2025-04-17 15:30:00,14996.83
2025-04-17 15:45:00,15075.26
2025-04-17 16:00:00,15017.42
2025-04-17 16:15:00,15048.45
2025-04-17 16:30:00,14935.7
2025-04-17 16:45:00,14949.54
2025-04-17 17:00:00,14951.74
2025-04-17 17:15:00,14962.42
2025-04-17 17:30:00,14934.21
2025-04-17 17:45:00,14987.22
2025-04-17 18:00:00,14925.0
2025-04-17 18:15:00,14875.59
2025-04-17 18:30:00,14764.6
2025-04-17 18:45:00,14812.97
2025-04-17 19:00:00,14684.19
2025-04-17 19:15:00,14485.97
2025-04-17 19:30:00,14347.97
2025-04-17 19:45:00,14208.39
2025-04-17 20:00:00,13837.28
2025-04-17 20:15:00,13636.51
2025-04-17 20:30:00,13359.76
2025-04-17 20:45:00,13195.67
2025-04-17 21:00:00,12848.66
2025-04-17 21:15:00,12629.66
2025-04-17 21:30:00,12481.9
2025-04-17 21:45:00,12258.9
2025-04-17 22:00:00,12056.67
2025-04-17 22:15:00,11897.27
2025-04-17 22:30:00,11805.89
2025-04-17 22:45:00,11669.03
2025-04-17 23:00:00,11511.61
2025-04-17 23:15:00,11393.48
2025-04-17 23:30:00,11326.13
2025-04-17 23:45:00,11259.08
2025-04-18 00:00:00,11094.93
2025-04-18 00:15:00,10976.21
2025-04-18 00:30:00,10878.17
2025-04-18 00:45:00,10867.9
2025-04-18 01:00:00,10884.58
2025-04-18 01:15:00,10860.16
2025-04-18 01:30:00,10758.31
2025-04-18 01:45:00,10745.17
2025-04-18 02:00:00,10716.68
2025-04-18 02:15:00,10734.74
2025-04-18 02:30:00,10792.3
2025-04-18 02:45:00,10800.86
2025-04-18 03:00:00,10989.7
2025-04-18 03:15:00,11042.71
2025-04-18 03:30:00,11201.14
2025-04-18 03:45:00,11423.84
2025-04-18 04:00:00,11855.39
2025-04-18 04:15:00,12112.85
2025-04-18 04:30:00,12286.73
2025-04-18 04:45:00,12501.09
2025-04-18 05:00:00,12979.02
2025-04-18 05:15:00,13268.7
2025-04-18 05:30:00,13477.72
2025-04-18 05:45:00,13707.93
2025-04-18 06:00:00,13921.78
2025-04-18 06:15:00,14028.98
2025-04-18 06:30:00,14154.98
2025-04-18 06:45:00,14238.88
2025-04-18 07:00:00,14260.98
2025-04-18 07:15:00,14321.22
2025-04-18 07:30:00,14304.71
2025-04-18 07:45:00,14181.28
2025-04-18 08:00:00,14030.27
2025-04-18 08:15:00,13892.4
2025-04-18 08:30:00,13722.4
2025-04-18 08:45:00,13713.63
2025-04-18 09:00:00,13531.99
2025-04-18 09:15:00,13417.07
2025-04-18 09:30:00,13325.28
2025-04-18 09:45:00,13239.99
2025-04-18 10:00:00,13093.62
2025-04-18 10:15:00,13012.9
2025-04-18 10:30:00,12954.98
2025-04-18 10:45:00,13090.14
2025-04-18 11:00:00,12957.14
2025-04-18 11:15:00,12944.33
2025-04-18 11:30:00,12759.0
2025-04-18 11:45:00,12657.69
2025-04-18 12:00:00,12529.13
2025-04-18 12:15:00,12420.24
2025-04-18 12:30:00,12343.4
2025-04-18 12:45:00,12368.59
2025-04-18 13:00:00,12220.69
2025-04-18 13:15:00,12165.94
2025-04-18 13:30:00,12240.57
2025-04-18 13:45:00,12234.9
2025-04-18 14:00:00,12327.39
2025-04-18 14:15:00,12275.34
2025-04-18 14:30:00,12315.49
2025-04-18 14:45:00,12369.82
2025-04-18 15:00:00,12469.27
2025-04-18 15:15:00,12697.04
2025-04-18 15:30:00,12727.25
2025-04-18 15:45:00,12820.1
2025-04-18 16:00:00,12795.31
2025-04-18 16:15:00,12793.71
2025-04-18 16:30:00,12804.86
2025-04-18 16:45:00,12887.0
2025-04-18 17:00:00,12990.53
2025-04-18 17:15:00,13058.39
2025-04-18 17:30:00,13127.84
2025-04-18 17:45:00,13289.08
2025-04-18 18:00:00,13407.55
2025-04-18 18:15:00,13536.12
2025-04-18 18:30:00,13653.07
2025-04-18 18:45:00,13701.01
2025-04-18 19:00:00,13670.52
2025-04-18 19:15:00,13607.59
2025-04-18 19:30:00,13462.52
2025-04-18 19:45:00,13363.36
2025-04-18 20:00:00,13181.53
2025-04-18 20:15:00,13019.54
2025-04-18 20:30:00,12792.64
2025-04-18 20:45:00,12594.09
2025-04-18 21:00:00,12375.51
2025-04-18 21:15:00,12230.89
2025-04-18 21:30:00,12063.72
2025-04-18 21:45:00,11811.49
2025-04-18 22:00:00,11628.49
2025-04-18 22:15:00,11424.46
2025-04-18 22:30:00,11237.76
2025-04-18 22:45:00,11102.18
2025-04-18 23:00:00,11003.57
2025-04-18 23:15:00,10919.22
2025-04-18 23:30:00,10844.33
2025-04-18 23:45:00,10858.71
2025-04-19 00:00:00,10846.74
2025-04-19 00:15:00,10803.69
2025-04-19 00:30:00,10686.63
2025-04-19 00:45:00,10565.41
2025-04-19 01:00:00,10519.52
2025-04-19 01:15:00,10453.98
2025-04-19 01:30:00,10385.31
2025-04-19 01:45:00,10377.95
2025-04-19 02:00:00,10368.09
2025-04-19 02:15:00,10336.61
2025-04-19 02:30:00,10340.49
2025-04-19 02:45:00,10319.46
2025-04-19 03:00:00,10401.7
2025-04-19 03:15:00,10413.29
2025-04-19 03:30:00,10480.55
2025-04-19 03:45:00,10571.63
2025-04-19 04:00:00,10766.8
2025-04-19 04:15:00,10785.02
2025-04-19 04:30:00,10841.65
2025-04-19 04:45:00,10869.33
2025-04-19 05:00:00,10923.13
2025-04-19 05:15:00,10935.87
2025-04-19 05:30:00,10998.57
2025-04-19 05:45:00,11080.03
2025-04-19 06:00:00,10955.09
2025-04-19 06:15:00,10992.79
2025-04-19 06:30:00,11127.99
2025-04-19 06:45:00,11149.86
2025-04-19 07:00:00,11130.63
2025-04-19 07:15:00,11058.94
2025-04-19 07:30:00,11085.54
2025-04-19 07:45:00,11215.06
2025-04-19 08:00:00,11180.52
2025-04-19 08:15:00,11176.87
2025-04-19 08:30:00,11178.86
2025-04-19 08:45:00,11193.44
2025-04-19 09:00:00,11129.81
2025-04-19 09:15:00,11110.81
2025-04-19 09:30:00,11109.79
2025-04-19 09:45:00,11212.64
2025-04-19 10:00:00,11166.14
2025-04-19 10:15:00,11104.55
2025-04-19 10:30:00,11125.75
2025-04-19 10:45:00,11125.35
2025-04-19 11:00:00,11066.37
2025-04-19 11:15:00,11108.13
2025-04-19 11:30:00,11114.52
2025-04-19 11:45:00,11078.33
2025-04-19 12:00:00,11159.32
2025-04-19 12:15:00,11114.6
2025-04-19 12:30:00,11095.44
2025-04-19 12:45:00,11041.33
2025-04-19 13:00:00,10886.26
2025-04-19 13:15:00,10831.51
2025-04-19 13:30:00,10853.86
2025-04-19 13:45:00,10815.79
2025-04-19 14:00:00,11017.55
2025-04-19 14:15:00,10935.2
2025-04-19 14:30:00,10873.01
2025-04-19 14:45:00,10980.83
2025-04-19 15:00:00,11172.68
2025-04-19 15:15:00,11288.91
2025-04-19 15:30:00,11442.21
2025-04-19 15:45:00,11549.25
2025-04-19 16:00:00,11632.29
2025-04-19 16:15:00,11656.81
2025-04-19 16:30:00,11746.45
2025-04-19 16:45:00,11817.13
2025-04-19 17:00:00,11973.61
2025-04-19 17:15:00,12055.34
2025-04-19 17:30:00,12118.77
2025-04-19 17:45:00,12263.88
2025-04-19 18:00:00,12416.08
2025-04-19 18:15:00,12692.34
2025-04-19 18:30:00,12779.75
2025-04-19 18:45:00,12853.37
2025-04-19 19:00:00,12851.03
2025-04-19 19:15:00,12789.51
2025-04-19 19:30:00,12674.8
2025-04-19 19:45:00,12592.5
2025-04-19 20:00:00,12346.32
2025-04-19 20:15:00,12189.3
2025-04-19 20:30:00,12023.69
2025-04-19 20:45:00,11897.75
2025-04-19 21:00:00,11675.27
2025-04-19 21:15:00,11563.01
2025-04-19 21:30:00,11387.9
2025-04-19 21:45:00,11288.04
2025-04-19 22:00:00,11110.2
2025-04-19 22:15:00,10988.32
2025-04-19 22:30:00,10890.8
2025-04-19 22:45:00,10766.46
2025-04-19 23:00:00,10679.4
2025-04-19 23:15:00,10572.29
2025-04-19 23:30:00,10429.43
2025-04-19 23:45:00,10381.65
2025-04-20 00:00:00,10271.09
2025-04-20 00:15:00,10236.44
2025-04-20 00:30:00,10199.62
2025-04-20 00:45:00,10091.97
2025-04-20 01:00:00,10079.79
2025-04-20 01:15:00,10039.94
2025-04-20 01:30:00,10011.2
2025-04-20 01:45:00,10002.03
2025-04-20 02:00:00,10012.58
2025-04-20 02:15:00,9986.09
2025-04-20 02:30:00,9968.93
2025-04-20 02:45:00,9959.06
2025-04-20 03:00:00,10057.56
2025-04-20 03:15:00,10042.27
2025-04-20 03:30:00,10059.54
2025-04-20 03:45:00,10077.69
2025-04-20 04:00:00,10156.85
2025-04-20 04:15:00,10152.68
2025-04-20 04:30:00,10098.81
2025-04-20 04:45:00,10052.8
2025-04-20 05:00:00,10050.49
2025-04-20 05:15:00,9991.43
2025-04-20 05:30:00,10042.45
2025-04-20 05:45:00,10068.72
2025-04-20 06:00:00,10071.67
2025-04-20 06:15:00,10152.64
2025-04-20 06:30:00,10252.16
2025-04-20 06:45:00,10335.48
2025-04-20 07:00:00,10347.32
2025-04-20 07:15:00,10438.95
2025-04-20 07:30:00,10628.11
2025-04-20 07:45:00,10730.25
2025-04-20 08:00:00,10533.93
2025-04-20 08:15:00,10518.54
2025-04-20 08:30:00,10652.79
2025-04-20 08:45:00,10602.81
2025-04-20 09:00:00,10416.58
2025-04-20 09:15:00,10437.64
2025-04-20 09:30:00,10409.23
2025-04-20 09:45:00,10489.73
2025-04-20 10:00:00,10492.16
2025-04-20 10:15:00,10499.61
2025-04-20 10:30:00,10538.16
2025-04-20 10:45:00,10574.59
2025-04-20 11:00:00,10587.28
2025-04-20 11:15:00,10564.95
2025-04-20 11:30:00,10529.84
2025-04-20 11:45:00,10459.82
2025-04-20 12:00:00,10279.12
2025-04-20 12:15:00,10180.68
2025-04-20 12:30:00,10098.43
2025-04-20 12:45:00,10080.84
2025-04-20 13:00:00,10265.81
2025-04-20 13:15:00,10070.38
2025-04-20 13:30:00,10098.18
2025-04-20 13:45:00,10043.18
2025-04-20 14:00:00,10219.21
2025-04-20 14:15:00,10345.18
2025-04-20 14:30:00,10393.03
2025-04-20 14:45:00,10525.75
2025-04-20 15:00:00,10850.61
2025-04-20 15:15:00,11083.68
2025-04-20 15:30:00,11233.82
2025-04-20 15:45:00,11385.42
2025-04-20 16:00:00,11498.82
2025-04-20 16:15:00,11557.74
2025-04-20 16:30:00,11581.42
2025-04-20 16:45:00,11626.53
2025-04-20 17:00:00,11700.98
2025-04-20 17:15:00,11771.54
2025-04-20 17:30:00,11846.49
2025-04-20 17:45:00,11925.75
2025-04-20 18:00:00,12070.22
2025-04-20 18:15:00,12153.87
2025-04-20 18:30:00,12186.7
2025-04-20 18:45:00,12295.18
2025-04-20 19:00:00,12304.41
2025-04-20 19:15:00,12228.8
2025-04-20 19:30:00,12139.65
2025-04-20 19:45:00,12081.33
2025-04-20 20:00:00,11949.0
2025-04-20 20:15:00,11863.46
2025-04-20 20:30:00,11695.25
2025-04-20 20:45:00,11549.93
2025-04-20 21:00:00,11346.48
2025-04-20 21:15:00,11187.28
2025-04-20 21:30:00,11071.42
2025-04-20 21:45:00,10899.3
2025-04-20 22:00:00,10839.61
2025-04-20 22:15:00,10704.62
2025-04-20 22:30:00,10634.99
2025-04-20 22:45:00,10457.7
2025-04-20 23:00:00,10359.54
2025-04-20 23:15:00,10282.74
2025-04-20 23:30:00,10133.27
2025-04-20 23:45:00,10093.91
2025-04-21 00:00:00,10005.82
2025-04-21 00:15:00,9939.99
2025-04-21 00:30:00,9926.01
2025-04-21 00:45:00,9880.65
2025-04-21 01:00:00,9905.51
2025-04-21 01:15:00,9879.93
2025-04-21 01:30:00,9862.74
2025-04-21 01:45:00,9848.11
2025-04-21 02:00:00,9903.31
2025-04-21 02:15:00,9885.61
2025-04-21 02:30:00,9852.66
2025-04-21 02:45:00,9875.24
2025-04-21 03:00:00,9895.32
2025-04-21 03:15:00,10000.14
2025-04-21 03:30:00,10029.57
2025-04-21 03:45:00,10089.46
2025-04-21 04:00:00,10285.36
2025-04-21 04:15:00,10348.42
2025-04-21 04:30:00,10395.98
2025-04-21 04:45:00,10431.66
2025-04-21 05:00:00,10517.74
2025-04-21 05:15:00,10626.73
2025-04-21 05:30:00,10739.84
2025-04-21 05:45:00,10906.4
2025-04-21 06:00:00,10955.22
2025-04-21 06:15:00,10988.55
2025-04-21 06:30:00,11188.23
2025-04-21 06:45:00,11291.2
2025-04-21 07:00:00,11267.78
2025-04-21 07:15:00,11326.21
2025-04-21 07:30:00,11494.16
2025-04-21 07:45:00,11513.01
2025-04-21 08:00:00,11558.43
2025-04-21 08:15:00,11592.89
2025-04-21 08:30:00,11687.29
2025-04-21 08:45:00,11659.04
2025-04-21 09:00:00,11591.29
2025-04-21 09:15:00,11612.04
2025-04-21 09:30:00,11657.23
2025-04-21 09:45:00,11775.08
2025-04-21 10:00:00,11682.01
2025-04-21 10:15:00,11690.41
2025-04-21 10:30:00,11679.33
2025-04-21 10:45:00,11557.06
2025-04-21 11:00:00,11509.81
2025-04-21 11:15:00,11473.76
2025-04-21 11:30:00,11425.2
2025-04-21 11:45:00,11393.3
2025-04-21 12:00:00,11387.87
2025-04-21 12:15:00,11397.78
2025-04-21 12:30:00,11373.53
2025-04-21 12:45:00,11322.95
2025-04-21 13:00:00,11379.43
2025-04-21 13:15:00,11522.49
2025-04-21 13:30:00,11420.63
2025-04-21 13:45:00,11440.87
2025-04-21 14:00:00,11505.5
2025-04-21 14:15:00,11602.88
2025-04-21 14:30:00,11762.5
2025-04-21 14:45:00,12054.93
2025-04-21 15:00:00,12204.97
2025-04-21 15:15:00,12368.71
2025-04-21 15:30:00,12506.08
2025-04-21 15:45:00,12604.75
2025-04-21 16:00:00,12594.87
2025-04-21 16:15:00,12515.25
2025-04-21 16:30:00,12452.38
2025-04-21 16:45:00,12415.59
2025-04-21 17:00:00,12466.34
2025-04-21 17:15:00,12577.07
2025-04-21 17:30:00,12614.79
2025-04-21 17:45:00,12640.83
2025-04-21 18:00:00,12739.41
2025-04-21 18:15:00,12836.04
2025-04-21 18:30:00,12882.75
2025-04-21 18:45:00,12857.55
2025-04-21 19:00:00,12847.67
2025-04-21 19:15:00,12861.91
2025-04-21 19:30:00,12729.41
2025-04-21 19:45:00,12628.58
2025-04-21 20:00:00,12411.98
2025-04-21 20:15:00,12239.62
2025-04-21 20:30:00,12016.97
2025-04-21 20:45:00,11879.39
2025-04-21 21:00:00,11670.39
2025-04-21 21:15:00,11588.66
2025-04-21 21:30:00,11489.37
2025-04-21 21:45:00,11339.2
2025-04-21 22:00:00,11206.12
2025-04-21 22:15:00,11048.35
2025-04-21 22:30:00,10878.54
2025-04-21 22:45:00,10676.35
2025-04-21 23:00:00,10562.07
2025-04-21 23:15:00,10455.21
2025-04-21 23:30:00,10369.26
2025-04-21 23:45:00,10296.95
2025-04-22 00:00:00,10299.18
2025-04-22 00:15:00,10263.36
2025-04-22 00:30:00,10179.64
2025-04-22 00:45:00,10118.44
2025-04-22 01:00:00,10135.54
2025-04-22 01:15:00,10063.68
2025-04-22 01:30:00,10058.45
2025-04-22 01:45:00,10064.01
2025-04-22 02:00:00,10162.55
2025-04-22 02:15:00,10159.74
2025-04-22 02:30:00,10191.71
2025-04-22 02:45:00,10229.17
2025-04-22 03:00:00,10327.52
2025-04-22 03:15:00,10505.21
2025-04-22 03:30:00,10671.25
2025-04-22 03:45:00,10879.44
2025-04-22 04:00:00,11339.33
2025-04-22 04:15:00,11567.55
2025-04-22 04:30:00,11832.28
2025-04-22 04:45:00,12133.24
2025-04-22 05:00:00,12547.71
2025-04-22 05:15:00,12848.56
2025-04-22 05:30:00,13152.34
2025-04-22 05:45:00,13465.66
2025-04-22 06:00:00,13635.43
2025-04-22 06:15:00,13831.4
2025-04-22 06:30:00,13966.35
2025-04-22 06:45:00,14093.67
2025-04-22 07:00:00,14073.35
2025-04-22 07:15:00,13901.37
2025-04-22 07:30:00,13830.49
2025-04-22 07:45:00,13909.26
2025-04-22 08:00:00,13885.88
2025-04-22 08:15:00,13846.42
2025-04-22 08:30:00,13654.55
2025-04-22 08:45:00,13565.98
2025-04-22 09:00:00,13568.68
2025-04-22 09:15:00,13579.11
2025-04-22 09:30:00,13520.26
2025-04-22 09:45:00,13511.3
2025-04-22 10:00:00,13347.94
2025-04-22 10:15:00,13221.62
2025-04-22 10:30:00,13107.72
2025-04-22 10:45:00,13030.25
2025-04-22 11:00:00,12975.32
2025-04-22 11:15:00,12956.37
2025-04-22 11:30:00,12942.62
2025-04-22 11:45:00,12841.78
2025-04-22 12:00:00,12732.93
2025-04-22 12:15:00,12710.09
2025-04-22 12:30:00,12640.4
2025-04-22 12:45:00,12554.4
2025-04-22 13:00:00,12551.45
2025-04-22 13:15:00,12564.48
2025-04-22 13:30:00,12551.59
2025-04-22 13:45:00,12543.59
2025-04-22 14:00:00,12546.1
2025-04-22 14:15:00,12534.71
2025-04-22 14:30:00,12574.86
2025-04-22 14:45:00,12734.07
2025-04-22 15:00:00,12867.21
2025-04-22 15:15:00,12990.94
2025-04-22 15:30:00,13151.08
2025-04-22 15:45:00,13286.12
2025-04-22 16:00:00,13223.51
2025-04-22 16:15:00,13207.56
2025-04-22 16:30:00,13179.56
2025-04-22 16:45:00,13227.67
2025-04-22 17:00:00,13315.55
2025-04-22 17:15:00,13425.93
2025-04-22 17:30:00,13424.2
2025-04-22 17:45:00,13581.07
2025-04-22 18:00:00,13757.66
2025-04-22 18:15:00,13875.23
2025-04-22 18:30:00,13917.57
2025-04-22 18:45:00,13997.62
2025-04-22 19:00:00,13949.89
2025-04-22 19:15:00,13910.69
2025-04-22 19:30:00,13768.42
2025-04-22 19:45:00,13595.36
2025-04-22 20:00:00,13353.75
2025-04-22 20:15:00,13058.42
2025-04-22 20:30:00,12844.24
2025-04-22 20:45:00,12656.21
2025-04-22 21:00:00,12526.51
2025-04-22 21:15:00,12355.06
2025-04-22 21:30:00,12123.79
2025-04-22 21:45:00,11881.3
2025-04-22 22:00:00,11686.83
2025-04-22 22:15:00,11534.35
2025-04-22 22:30:00,11413.14
2025-04-22 22:45:00,11243.86
2025-04-22 23:00:00,11084.67
2025-04-22 23:15:00,10962.2
2025-04-22 23:30:00,10828.67
2025-04-22 23:45:00,10808.63
2025-04-23 00:00:00,10762.91
2025-04-23 00:15:00,10698.84
2025-04-23 00:30:00,10625.83
2025-04-23 00:45:00,10600.89
2025-04-23 01:00:00,10601.5
2025-04-23 01:15:00,10548.27
2025-04-23 01:30:00,10508.82
2025-04-23 01:45:00,10499.96
2025-04-23 02:00:00,10493.08
2025-04-23 02:15:00,10548.02
2025-04-23 02:30:00,10568.01
2025-04-23 02:45:00,10560.05
2025-04-23 03:00:00,10714.57
2025-04-23 03:15:00,10828.66
2025-04-23 03:30:00,10977.08
2025-04-23 03:45:00,11186.88
2025-04-23 04:00:00,11636.47
2025-04-23 04:15:00,11821.99
2025-04-23 04:30:00,12085.77
2025-04-23 04:45:00,12337.88
2025-04-23 05:00:00,12749.68
2025-04-23 05:15:00,12970.39
2025-04-23 05:30:00,13185.92
2025-04-23 05:45:00,13400.13
2025-04-23 06:00:00,13624.33
2025-04-23 06:15:00,13788.77
2025-04-23 06:30:00,13882.15
2025-04-23 06:45:00,13984.42
2025-04-23 07:00:00,13895.28
2025-04-23 07:15:00,13919.45
2025-04-23 07:30:00,13965.21
2025-04-23 07:45:00,13937.83
2025-04-23 08:00:00,13949.57
2025-04-23 08:15:00,13943.5
2025-04-23 08:30:00,13756.42
2025-04-23 08:45:00,13847.91
2025-04-23 09:00:00,13782.51
2025-04-23 09:15:00,13732.8
2025-04-23 09:30:00,13708.64
2025-04-23 09:45:00,13757.04
2025-04-23 10:00:00,13814.76
2025-04-23 10:15:00,13852.74
2025-04-23 10:30:00,13834.21
2025-04-23 10:45:00,13893.77
2025-04-23 11:00:00,13806.49
2025-04-23 11:15:00,13735.17
2025-04-23 11:30:00,13725.76
2025-04-23 11:45:00,13681.47
2025-04-23 12:00:00,13639.89
2025-04-23 12:15:00,13615.8
2025-04-23 12:30:00,13622.44
2025-04-23 12:45:00,13632.0
2025-04-23 13:00:00,13593.44
2025-04-23 13:15:00,13572.14
2025-04-23 13:30:00,13614.24
2025-04-23 13:45:00,13607.05
2025-04-23 14:00:00,13674.61
2025-04-23 14:15:00,13692.44
2025-04-23 14:30:00,13781.71
2025-04-23 14:45:00,13909.94
2025-04-23 15:00:00,14168.61
2025-04-23 15:15:00,14418.05
2025-04-23 15:30:00,14565.47
2025-04-23 15:45:00,14698.0
2025-04-23 16:00:00,14532.12
2025-04-23 16:15:00,14402.26
2025-04-23 16:30:00,14292.84
2025-04-23 16:45:00,14250.38
2025-04-23 17:00:00,14191.2
2025-04-23 17:15:00,14191.37
2025-04-23 17:30:00,14233.1
2025-04-23 17:45:00,14314.44
2025-04-23 18:00:00,14314.15
2025-04-23 18:15:00,14346.6
2025-04-23 18:30:00,14343.18
2025-04-23 18:45:00,14310.73
2025-04-23 19:00:00,14214.28
2025-04-23 19:15:00,14180.5
2025-04-23 19:30:00,13998.71
2025-04-23 19:45:00,13875.55
2025-04-23 20:00:00,13534.7
2025-04-23 20:15:00,13289.12
2025-04-23 20:30:00,13158.91
2025-04-23 20:45:00,12956.66
2025-04-23 21:00:00,12767.22
2025-04-23 21:15:00,12545.31
2025-04-23 21:30:00,12447.63
2025-04-23 21:45:00,12267.98
2025-04-23 22:00:00,11845.62
2025-04-23 22:15:00,11719.47
2025-04-23 22:30:00,11575.37
2025-04-23 22:45:00,11383.3
2025-04-23 23:00:00,11219.04
2025-04-23 23:15:00,11106.55
2025-04-23 23:30:00,10997.13
2025-04-23 23:45:00,10968.25
2025-04-24 00:00:00,10926.14
2025-04-24 00:15:00,10826.27
2025-04-24 00:30:00,10774.55
2025-04-24 00:45:00,10691.55
2025-04-24 01:00:00,10701.32
2025-04-24 01:15:00,10679.56
2025-04-24 01:30:00,10651.69
2025-04-24 01:45:00,10670.6
2025-04-24 02:00:00,10646.85
2025-04-24 02:15:00,10651.64
2025-04-24 02:30:00,10671.44
2025-04-24 02:45:00,10631.71
2025-04-24 03:00:00,10791.83
2025-04-24 03:15:00,10956.58
2025-04-24 03:30:00,11096.83
2025-04-24 03:45:00,11336.69
2025-04-24 04:00:00,11802.77
2025-04-24 04:15:00,12099.47
2025-04-24 04:30:00,12366.94
2025-04-24 04:45:00,12676.81
2025-04-24 05:00:00,13186.92
2025-04-24 05:15:00,13573.08
2025-04-24 05:30:00,13836.63
2025-04-24 05:45:00,14055.43
2025-04-24 06:00:00,14380.66
2025-04-24 06:15:00,14629.96
2025-04-24 06:30:00,14738.46
2025-04-24 06:45:00,14728.09
2025-04-24 07:00:00,14834.36
2025-04-24 07:15:00,14888.57
2025-04-24 07:30:00,14785.48
2025-04-24 07:45:00,14740.39
2025-04-24 08:00:00,14821.74
2025-04-24 08:15:00,14806.98
2025-04-24 08:30:00,14755.8
2025-04-24 08:45:00,14653.73
2025-04-24 09:00:00,14755.2
2025-04-24 09:15:00,14714.65
2025-04-24 09:30:00,14660.1
2025-04-24 09:45:00,14613.78
2025-04-24 10:00:00,14576.0
2025-04-24 10:15:00,14448.32
2025-04-24 10:30:00,14442.55
2025-04-24 10:45:00,14429.0
2025-04-24 11:00:00,14449.27
2025-04-24 11:15:00,14428.14
2025-04-24 11:30:00,14437.81
2025-04-24 11:45:00,14418.55
2025-04-24 12:00:00,14345.27
2025-04-24 12:15:00,14211.4
2025-04-24 12:30:00,14154.63
2025-04-24 12:45:00,14172.39
2025-04-24 13:00:00,14114.19
2025-04-24 13:15:00,14091.15
2025-04-24 13:30:00,14121.95
2025-04-24 13:45:00,14149.84
2025-04-24 14:00:00,14246.84
2025-04-24 14:15:00,14247.3
2025-04-24 14:30:00,14295.05
2025-04-24 14:45:00,14438.64
2025-04-24 15:00:00,14660.87
2025-04-24 15:15:00,14889.05
2025-04-24 15:30:00,15000.26
2025-04-24 15:45:00,15079.72
2025-04-24 16:00:00,14990.74
2025-04-24 16:15:00,14996.64
2025-04-24 16:30:00,14913.37
2025-04-24 16:45:00,14912.32
2025-04-24 17:00:00,14841.15
2025-04-24 17:15:00,14760.3
2025-04-24 17:30:00,14688.78
2025-04-24 17:45:00,14677.63
2025-04-24 18:00:00,14642.31
2025-04-24 18:15:00,14630.98
2025-04-24 18:30:00,14588.56
2025-04-24 18:45:00,14579.7
2025-04-24 19:00:00,14510.9
2025-04-24 19:15:00,14405.94
2025-04-24 19:30:00,14218.39
2025-04-24 19:45:00,14083.22
2025-04-24 20:00:00,13744.28
2025-04-24 20:15:00,13517.19
2025-04-24 20:30:00,13313.26
2025-04-24 20:45:00,13065.83
2025-04-24 21:00:00,12792.75
2025-04-24 21:15:00,12575.62
2025-04-24 21:30:00,12390.0
2025-04-24 21:45:00,12213.81
2025-04-24 22:00:00,12024.64
2025-04-24 22:15:00,11781.62
2025-04-24 22:30:00,11573.77
2025-04-24 22:45:00,11385.9
2025-04-24 23:00:00,11348.48
2025-04-24 23:15:00,11208.43
2025-04-24 23:30:00,11120.03
2025-04-24 23:45:00,11057.98
2025-04-25 00:00:00,11038.89
2025-04-25 00:15:00,10944.76
2025-04-25 00:30:00,10880.75
2025-04-25 00:45:00,10778.86
2025-04-25 01:00:00,10805.81
2025-04-25 01:15:00,10763.84
2025-04-25 01:30:00,10707.48
2025-04-25 01:45:00,10695.09
2025-04-25 02:00:00,10723.01
2025-04-25 02:15:00,10755.63
2025-04-25 02:30:00,10767.49
2025-04-25 02:45:00,10696.39
2025-04-25 03:00:00,10933.77
2025-04-25 03:15:00,11052.97
2025-04-25 03:30:00,11290.96
2025-04-25 03:45:00,11543.43
2025-04-25 04:00:00,11965.76
2025-04-25 04:15:00,12134.21
2025-04-25 04:30:00,12347.88
2025-04-25 04:45:00,12513.46
2025-04-25 05:00:00,12884.08
2025-04-25 05:15:00,13132.83
2025-04-25 05:30:00,13378.46
2025-04-25 05:45:00,13589.98
2025-04-25 06:00:00,13872.3
2025-04-25 06:15:00,14081.04
2025-04-25 06:30:00,14116.29
2025-04-25 06:45:00,14194.19
2025-04-25 07:00:00,14139.08
2025-04-25 07:15:00,14139.21
2025-04-25 07:30:00,14007.16
2025-04-25 07:45:00,13980.7
2025-04-25 08:00:00,13947.19
2025-04-25 08:15:00,13815.69
2025-04-25 08:30:00,13673.82
2025-04-25 08:45:00,13613.36
2025-04-25 09:00:00,13539.96
2025-04-25 09:15:00,13410.4
2025-04-25 09:30:00,13351.98
2025-04-25 09:45:00,13356.31
2025-04-25 10:00:00,13253.96
2025-04-25 10:15:00,13084.26
2025-04-25 10:30:00,12969.41
2025-04-25 10:45:00,13031.55
2025-04-25 11:00:00,12962.4
2025-04-25 11:15:00,12923.79
2025-04-25 11:30:00,12907.19
2025-04-25 11:45:00,13000.08
2025-04-25 12:00:00,12861.92
2025-04-25 12:15:00,12771.51
2025-04-25 12:30:00,12660.49
2025-04-25 12:45:00,12619.12
2025-04-25 13:00:00,12608.06
2025-04-25 13:15:00,12722.44
2025-04-25 13:30:00,12673.21
2025-04-25 13:45:00,12617.89
2025-04-25 14:00:00,12664.37
2025-04-25 14:15:00,12765.95
2025-04-25 14:30:00,12778.21
2025-04-25 14:45:00,12806.38
2025-04-25 15:00:00,12985.06
2025-04-25 15:15:00,13107.92
2025-04-25 15:30:00,13105.03
2025-04-25 15:45:00,13122.64
2025-04-25 16:00:00,13065.8
2025-04-25 16:15:00,13060.26
2025-04-25 16:30:00,12920.0
2025-04-25 16:45:00,12945.49
2025-04-25 17:00:00,13098.45
2025-04-25 17:15:00,13173.54
2025-04-25 17:30:00,13118.56
2025-04-25 17:45:00,13218.06
2025-04-25 18:00:00,13298.73
2025-04-25 18:15:00,13458.53
2025-04-25 18:30:00,13585.79
2025-04-25 18:45:00,13670.79
2025-04-25 19:00:00,13634.87
2025-04-25 19:15:00,13619.22
2025-04-25 19:30:00,13477.22
2025-04-25 19:45:00,13300.49
2025-04-25 20:00:00,13065.64
2025-04-25 20:15:00,12895.16
2025-04-25 20:30:00,12612.3
2025-04-25 20:45:00,12456.99
2025-04-25 21:00:00,12305.91
2025-04-25 21:15:00,12165.62
2025-04-25 21:30:00,11981.08
2025-04-25 21:45:00,11811.81
2025-04-25 22:00:00,11621.64
2025-04-25 22:15:00,11432.93
2025-04-25 22:30:00,11213.28
2025-04-25 22:45:00,11129.22
2025-04-25 23:00:00,11010.46
2025-04-25 23:15:00,10917.26
2025-04-25 23:30:00,10796.76
2025-04-25 23:45:00,10709.23
2025-04-26 00:00:00,10666.29
2025-04-26 00:15:00,10624.83
2025-04-26 00:30:00,10587.35
2025-04-26 00:45:00,10566.97
2025-04-26 01:00:00,10542.05
2025-04-26 01:15:00,10522.88
2025-04-26 01:30:00,10481.55
2025-04-26 01:45:00,10523.48
2025-04-26 02:00:00,10418.02
2025-04-26 02:15:00,10316.88
2025-04-26 02:30:00,10288.98
2025-04-26 02:45:00,10291.2
2025-04-26 03:00:00,10307.97
2025-04-26 03:15:00,10381.88
2025-04-26 03:30:00,10419.3
2025-04-26 03:45:00,10453.11
2025-04-26 04:00:00,10554.67
2025-04-26 04:15:00,10579.33
2025-04-26 04:30:00,10580.4
2025-04-26 04:45:00,10521.74
2025-04-26 05:00:00,10506.09
2025-04-26 05:15:00,10443.95
2025-04-26 05:30:00,10477.73
2025-04-26 05:45:00,10548.86
2025-04-26 06:00:00,10499.91
2025-04-26 06:15:00,10547.82
2025-04-26 06:30:00,10599.32
2025-04-26 06:45:00,10712.04
2025-04-26 07:00:00,10700.86
2025-04-26 07:15:00,10722.48
2025-04-26 07:30:00,10883.9
2025-04-26 07:45:00,11098.2
2025-04-26 08:00:00,10786.11
2025-04-26 08:15:00,10776.79
2025-04-26 08:30:00,10986.01
2025-04-26 08:45:00,11113.16
2025-04-26 09:00:00,10794.25
2025-04-26 09:15:00,10845.95
2025-04-26 09:30:00,10927.82
2025-04-26 09:45:00,10892.13
2025-04-26 10:00:00,11041.36
2025-04-26 10:15:00,10947.61
2025-04-26 10:30:00,10972.34
2025-04-26 10:45:00,10817.22
2025-04-26 11:00:00,10871.01
2025-04-26 11:15:00,10773.1
2025-04-26 11:30:00,10720.76
2025-04-26 11:45:00,10681.97
2025-04-26 12:00:00,10594.4
2025-04-26 12:15:00,10589.32
2025-04-26 12:30:00,10500.94
2025-04-26 12:45:00,10457.2
2025-04-26 13:00:00,10433.56
2025-04-26 13:15:00,10302.65
2025-04-26 13:30:00,10247.41
2025-04-26 13:45:00,10203.05
2025-04-26 14:00:00,10326.4
2025-04-26 14:15:00,10384.02
2025-04-26 14:30:00,10358.48
2025-04-26 14:45:00,10468.25
2025-04-26 15:00:00,10686.78
2025-04-26 15:15:00,10824.6
2025-04-26 15:30:00,10892.21
2025-04-26 15:45:00,10988.92
2025-04-26 16:00:00,11047.68
2025-04-26 16:15:00,11022.06
2025-04-26 16:30:00,11035.43
2025-04-26 16:45:00,11128.58
2025-04-26 17:00:00,11230.16
2025-04-26 17:15:00,11247.39
2025-04-26 17:30:00,11286.81
2025-04-26 17:45:00,11462.3
2025-04-26 18:00:00,11592.55
2025-04-26 18:15:00,11759.65
2025-04-26 18:30:00,11937.47
2025-04-26 18:45:00,12078.8
2025-04-26 19:00:00,12176.71
2025-04-26 19:15:00,12244.06
2025-04-26 19:30:00,12237.69
2025-04-26 19:45:00,12229.36
2025-04-26 20:00:00,11996.35
2025-04-26 20:15:00,11808.03
2025-04-26 20:30:00,11732.15
2025-04-26 20:45:00,11598.53
2025-04-26 21:00:00,11455.95
2025-04-26 21:15:00,11352.17
2025-04-26 21:30:00,11157.4
2025-04-26 21:45:00,11074.97
2025-04-26 22:00:00,10930.35
2025-04-26 22:15:00,10813.2
2025-04-26 22:30:00,10696.82
2025-04-26 22:45:00,10629.98
2025-04-26 23:00:00,10490.85
2025-04-26 23:15:00,10357.17
2025-04-26 23:30:00,10278.99
2025-04-26 23:45:00,10169.78
2025-04-27 00:00:00,10136.86
2025-04-27 00:15:00,10022.99
2025-04-27 00:30:00,9924.47
2025-04-27 00:45:00,9894.46
2025-04-27 01:00:00,9894.33
2025-04-27 01:15:00,9824.05
2025-04-27 01:30:00,9786.36
2025-04-27 01:45:00,9811.82
2025-04-27 02:00:00,9939.46
2025-04-27 02:15:00,9943.19
2025-04-27 02:30:00,9902.91
2025-04-27 02:45:00,9890.01
2025-04-27 03:00:00,9919.13
2025-04-27 03:15:00,9943.28
2025-04-27 03:30:00,9984.22
2025-04-27 03:45:00,10009.23
2025-04-27 04:00:00,10032.33
2025-04-27 04:15:00,9993.32
2025-04-27 04:30:00,9894.15
2025-04-27 04:45:00,9806.99
2025-04-27 05:00:00,9798.79
2025-04-27 05:15:00,9793.27
2025-04-27 05:30:00,9836.9
2025-04-27 05:45:00,9905.28
2025-04-27 06:00:00,9878.17
2025-04-27 06:15:00,9877.08
2025-04-27 06:30:00,9929.39
2025-04-27 06:45:00,10106.84
2025-04-27 07:00:00,10024.21
2025-04-27 07:15:00,10037.03
2025-04-27 07:30:00,10157.47
2025-04-27 07:45:00,10394.27
2025-04-27 08:00:00,10281.05
2025-04-27 08:15:00,10258.2
2025-04-27 08:30:00,10331.13
2025-04-27 08:45:00,10396.31
2025-04-27 09:00:00,10471.06
2025-04-27 09:15:00,10482.61
2025-04-27 09:30:00,10547.33
2025-04-27 09:45:00,10674.05
2025-04-27 10:00:00,10895.79
2025-04-27 10:15:00,10815.56
2025-04-27 10:30:00,10849.98
2025-04-27 10:45:00,10877.38
2025-04-27 11:00:00,11063.26
2025-04-27 11:15:00,11079.76
2025-04-27 11:30:00,11078.94
2025-04-27 11:45:00,11016.98
2025-04-27 12:00:00,10816.59
2025-04-27 12:15:00,10785.93
2025-04-27 12:30:00,10748.88
2025-04-27 12:45:00,10721.13
2025-04-27 13:00:00,10488.07
2025-04-27 13:15:00,10430.51
2025-04-27 13:30:00,10392.59
2025-04-27 13:45:00,10368.83
2025-04-27 14:00:00,10469.58
2025-04-27 14:15:00,10622.33
2025-04-27 14:30:00,10586.55
2025-04-27 14:45:00,10633.2
2025-04-27 15:00:00,10867.41
2025-04-27 15:15:00,11102.75
2025-04-27 15:30:00,11078.13
2025-04-27 15:45:00,11188.49
2025-04-27 16:00:00,11230.75
2025-04-27 16:15:00,11303.3
2025-04-27 16:30:00,11256.2
2025-04-27 16:45:00,11326.55
2025-04-27 17:00:00,11449.43
2025-04-27 17:15:00,11477.2
2025-04-27 17:30:00,11548.38
2025-04-27 17:45:00,11735.42
2025-04-27 18:00:00,11869.28
2025-04-27 18:15:00,12045.03
2025-04-27 18:30:00,12211.88
2025-04-27 18:45:00,12300.41
2025-04-27 19:00:00,12365.99
2025-04-27 19:15:00,12460.82
2025-04-27 19:30:00,12422.95
2025-04-27 19:45:00,12353.62
2025-04-27 20:00:00,12207.72
2025-04-27 20:15:00,12012.78
2025-04-27 20:30:00,11856.87
2025-04-27 20:45:00,11662.74
2025-04-27 21:00:00,11561.91
2025-04-27 21:15:00,11331.88
2025-04-27 21:30:00,11194.94
2025-04-27 21:45:00,10992.75
2025-04-27 22:00:00,10850.44
2025-04-27 22:15:00,10736.24
2025-04-27 22:30:00,10610.98
2025-04-27 22:45:00,10554.1
2025-04-27 23:00:00,10407.9
2025-04-27 23:15:00,10314.96
2025-04-27 23:30:00,10223.32
2025-04-27 23:45:00,10168.41
2025-04-28 00:00:00,10167.91
2025-04-28 00:15:00,10111.91
2025-04-28 00:30:00,10130.45
2025-04-28 00:45:00,10102.36
2025-04-28 01:00:00,10122.68
2025-04-28 01:15:00,10115.23
2025-04-28 01:30:00,10110.95
2025-04-28 01:45:00,10130.46
2025-04-28 02:00:00,10177.7
2025-04-28 02:15:00,10224.63
2025-04-28 02:30:00,10235.09
2025-04-28 02:45:00,10272.1
2025-04-28 03:00:00,10395.58
2025-04-28 03:15:00,10470.68
2025-04-28 03:30:00,10639.62
2025-04-28 03:45:00,10869.04
2025-04-28 04:00:00,11246.73
2025-04-28 04:15:00,11335.98
2025-04-28 04:30:00,11498.97
2025-04-28 04:45:00,11671.93
2025-04-28 05:00:00,11921.61
2025-04-28 05:15:00,12212.73
2025-04-28 05:30:00,12398.53
2025-04-28 05:45:00,12669.48
2025-04-28 06:00:00,12633.46
2025-04-28 06:15:00,12707.07
2025-04-28 06:30:00,12772.88
2025-04-28 06:45:00,12791.21
2025-04-28 07:00:00,12804.93
2025-04-28 07:15:00,12683.21
2025-04-28 07:30:00,12675.27
2025-04-28 07:45:00,12797.15
2025-04-28 08:00:00,12634.21
2025-04-28 08:15:00,12638.07
2025-04-28 08:30:00,12830.18
2025-04-28 08:45:00,12899.58
2025-04-28 09:00:00,12666.39
2025-04-28 09:15:00,12615.53
2025-04-28 09:30:00,12623.37
2025-04-28 09:45:00,12693.26
2025-04-28 10:00:00,12605.61
2025-04-28 10:15:00,12562.19
2025-04-28 10:30:00,12567.09
2025-04-28 10:45:00,12605.74
2025-04-28 11:00:00,12651.07
2025-04-28 11:15:00,12787.77
2025-04-28 11:30:00,12749.55
2025-04-28 11:45:00,12784.94
2025-04-28 12:00:00,12554.95
2025-04-28 12:15:00,12549.23
2025-04-28 12:30:00,12574.11
2025-04-28 12:45:00,12492.38
2025-04-28 13:00:00,12482.87
2025-04-28 13:15:00,12502.36
2025-04-28 13:30:00,12407.04
2025-04-28 13:45:00,12412.13
2025-04-28 14:00:00,12447.73
2025-04-28 14:15:00,12434.32
2025-04-28 14:30:00,12396.12
2025-04-28 14:45:00,12485.28
2025-04-28 15:00:00,12657.87
2025-04-28 15:15:00,12817.54
2025-04-28 15:30:00,12947.86
2025-04-28 15:45:00,13013.84
2025-04-28 16:00:00,13016.26
2025-04-28 16:15:00,12909.6
2025-04-28 16:30:00,12897.49
2025-04-28 16:45:00,12894.66
2025-04-28 17:00:00,12934.6
2025-04-28 17:15:00,12950.39
2025-04-28 17:30:00,12985.23
2025-04-28 17:45:00,13084.18
2025-04-28 18:00:00,13157.03
2025-04-28 18:15:00,13253.76
2025-04-28 18:30:00,13371.52
2025-04-28 18:45:00,13436.49
2025-04-28 19:00:00,13553.13
2025-04-28 19:15:00,13659.88
2025-04-28 19:30:00,13652.09
2025-04-28 19:45:00,13570.19
2025-04-28 20:00:00,13234.76
2025-04-28 20:15:00,13085.26
2025-04-28 20:30:00,12796.47
2025-04-28 20:45:00,12597.67
2025-04-28 21:00:00,12451.43
2025-04-28 21:15:00,12202.39
2025-04-28 21:30:00,11997.93
2025-04-28 21:45:00,11754.71
2025-04-28 22:00:00,11486.08
2025-04-28 22:15:00,11335.63
2025-04-28 22:30:00,11190.2
2025-04-28 22:45:00,11064.99
2025-04-28 23:00:00,10970.05
2025-04-28 23:15:00,10791.11
2025-04-28 23:30:00,10682.6
2025-04-28 23:45:00,10636.23
2025-04-29 00:00:00,10579.61
2025-04-29 00:15:00,10529.2
2025-04-29 00:30:00,10429.99
2025-04-29 00:45:00,10403.59
2025-04-29 01:00:00,10374.19
2025-04-29 01:15:00,10321.46
2025-04-29 01:30:00,10335.65
2025-04-29 01:45:00,10286.28
2025-04-29 02:00:00,10341.37
2025-04-29 02:15:00,10362.38
2025-04-29 02:30:00,10372.92
2025-04-29 02:45:00,10400.22
2025-04-29 03:00:00,10545.62
2025-04-29 03:15:00,10719.41
2025-04-29 03:30:00,10847.63
2025-04-29 03:45:00,10934.91
2025-04-29 04:00:00,11342.25
2025-04-29 04:15:00,11416.72
2025-04-29 04:30:00,11621.72
2025-04-29 04:45:00,11791.55
2025-04-29 05:00:00,12053.89
2025-04-29 05:15:00,12166.94
2025-04-29 05:30:00,12362.01
2025-04-29 05:45:00,12504.53
2025-04-29 06:00:00,12735.08
2025-04-29 06:15:00,12636.2
2025-04-29 06:30:00,12672.44
2025-04-29 06:45:00,12745.11
2025-04-29 07:00:00,12717.56
2025-04-29 07:15:00,12697.51
2025-04-29 07:30:00,12634.61
2025-04-29 07:45:00,12676.27
2025-04-29 08:00:00,12668.85
2025-04-29 08:15:00,12755.14
2025-04-29 08:30:00,12745.0
2025-04-29 08:45:00,12910.83
2025-04-29 09:00:00,12846.96
2025-04-29 09:15:00,12904.26
2025-04-29 09:30:00,12878.25
2025-04-29 09:45:00,12830.0
2025-04-29 10:00:00,12624.08
2025-04-29 10:15:00,12572.35
2025-04-29 10:30:00,12539.49
2025-04-29 10:45:00,12550.55
2025-04-29 11:00:00,12551.73
2025-04-29 11:15:00,12580.06
2025-04-29 11:30:00,12588.0
2025-04-29 11:45:00,12642.42
2025-04-29 12:00:00,12635.51
2025-04-29 12:15:00,12622.11
2025-04-29 12:30:00,12541.25
2025-04-29 12:45:00,12477.9
2025-04-29 13:00:00,12534.32
2025-04-29 13:15:00,12564.12
2025-04-29 13:30:00,12489.35
2025-04-29 13:45:00,12486.67
2025-04-29 14:00:00,12530.75
2025-04-29 14:15:00,12536.11
2025-04-29 14:30:00,12534.08
2025-04-29 14:45:00,12641.83
2025-04-29 15:00:00,12727.9
2025-04-29 15:15:00,12879.5
2025-04-29 15:30:00,12976.12
2025-04-29 15:45:00,13026.94
2025-04-29 16:00:00,12976.54
2025-04-29 16:15:00,12906.88
2025-04-29 16:30:00,12874.01
2025-04-29 16:45:00,12965.11
2025-04-29 17:00:00,12980.44
2025-04-29 17:15:00,13051.94
2025-04-29 17:30:00,13120.24
2025-04-29 17:45:00,13216.44
2025-04-29 18:00:00,13262.96
2025-04-29 18:15:00,13376.97
2025-04-29 18:30:00,13488.13
2025-04-29 18:45:00,13583.19
2025-04-29 19:00:00,13670.33
2025-04-29 19:15:00,13714.55
2025-04-29 19:30:00,13622.35
2025-04-29 19:45:00,13524.79
2025-04-29 20:00:00,13455.47
2025-04-29 20:15:00,13225.52
2025-04-29 20:30:00,12991.86
2025-04-29 20:45:00,12846.82
2025-04-29 21:00:00,12571.59
2025-04-29 21:15:00,12323.91
2025-04-29 21:30:00,12095.39
2025-04-29 21:45:00,11929.0
2025-04-29 22:00:00,11759.51
2025-04-29 22:15:00,11520.5
2025-04-29 22:30:00,11349.23
2025-04-29 22:45:00,11191.4
2025-04-29 23:00:00,11048.48
2025-04-29 23:15:00,10936.34
2025-04-29 23:30:00,10856.78
2025-04-29 23:45:00,10762.55
2025-04-30 00:00:00,10717.94
2025-04-30 00:15:00,10648.0
2025-04-30 00:30:00,10616.71
2025-04-30 00:45:00,10548.34
2025-04-30 01:00:00,10537.72
2025-04-30 01:15:00,10469.66
2025-04-30 01:30:00,10422.3
2025-04-30 01:45:00,10426.19
2025-04-30 02:00:00,10452.67
2025-04-30 02:15:00,10413.01
2025-04-30 02:30:00,10435.24
2025-04-30 02:45:00,10463.59
2025-04-30 03:00:00,10612.39
2025-04-30 03:15:00,10659.87
2025-04-30 03:30:00,10861.52
2025-04-30 03:45:00,10996.08
2025-04-30 04:00:00,11278.32
2025-04-30 04:15:00,11377.48
2025-04-30 04:30:00,11427.77
2025-04-30 04:45:00,11556.4
2025-04-30 05:00:00,11834.15
2025-04-30 05:15:00,12079.96
2025-04-30 05:30:00,12313.86
2025-04-30 05:45:00,12473.19
2025-04-30 06:00:00,12618.48
2025-04-30 06:15:00,12717.45
2025-04-30 06:30:00,12751.38
2025-04-30 06:45:00,12778.05
2025-04-30 07:00:00,12766.39
2025-04-30 07:15:00,12714.12
2025-04-30 07:30:00,12668.44
2025-04-30 07:45:00,12770.2
2025-04-30 08:00:00,12810.85
2025-04-30 08:15:00,12871.92
2025-04-30 08:30:00,12929.37
2025-04-30 08:45:00,12920.41
2025-04-30 09:00:00,12868.35
2025-04-30 09:15:00,12868.52
2025-04-30 09:30:00,13030.91
2025-04-30 09:45:00,13103.66
2025-04-30 10:00:00,12909.12
2025-04-30 10:15:00,12905.15
2025-04-30 10:30:00,12863.7
2025-04-30 10:45:00,12941.57
2025-04-30 11:00:00,13068.49
2025-04-30 11:15:00,12980.16
2025-04-30 11:30:00,13053.69
2025-04-30 11:45:00,13019.67
2025-04-30 12:00:00,13041.8
2025-04-30 12:15:00,12958.48
2025-04-30 12:30:00,12850.56
2025-04-30 12:45:00,12836.46
2025-04-30 13:00:00,12872.06
2025-04-30 13:15:00,12828.36
2025-04-30 13:30:00,12827.63
2025-04-30 13:45:00,12837.22
2025-04-30 14:00:00,12915.26
2025-04-30 14:15:00,12933.36
2025-04-30 14:30:00,12914.14
2025-04-30 14:45:00,12924.21
2025-04-30 15:00:00,13042.28
2025-04-30 15:15:00,13175.06
2025-04-30 15:30:00,13240.56
2025-04-30 15:45:00,13303.5
2025-04-30 16:00:00,13212.16
2025-04-30 16:15:00,13126.64
2025-04-30 16:30:00,13113.16
2025-04-30 16:45:00,13157.64
2025-04-30 17:00:00,13190.16
2025-04-30 17:15:00,13262.02
2025-04-30 17:30:00,13357.51
2025-04-30 17:45:00,13457.54
2025-04-30 18:00:00,13525.36
2025-04-30 18:15:00,13600.31
2025-04-30 18:30:00,13698.23
2025-04-30 18:45:00,13790.01
2025-04-30 19:00:00,13792.24
2025-04-30 19:15:00,13814.98
2025-04-30 19:30:00,13771.86
2025-04-30 19:45:00,13604.6
2025-04-30 20:00:00,13425.88
2025-04-30 20:15:00,13324.86
2025-04-30 20:30:00,13079.3
2025-04-30 20:45:00,12853.78
2025-04-30 21:00:00,12668.8
2025-04-30 21:15:00,12410.57
2025-04-30 21:30:00,12164.88
2025-04-30 21:45:00,12022.7
2025-04-30 22:00:00,11767.47
2025-04-30 22:15:00,11609.22
2025-04-30 22:30:00,11426.74
2025-04-30 22:45:00,11266.97
2025-04-30 23:00:00,11161.89
2025-04-30 23:15:00,11077.99
2025-04-30 23:30:00,10948.86
2025-04-30 23:45:00,10895.21
2025-05-01 00:00:00,10833.76
2025-05-01 00:15:00,10758.9
2025-05-01 00:30:00,10681.43
2025-05-01 00:45:00,10603.94
2025-05-01 01:00:00,10567.17
2025-05-01 01:15:00,10510.56
2025-05-01 01:30:00,10507.03
2025-05-01 01:45:00,10465.13
2025-05-01 02:00:00,10486.62
2025-05-01 02:15:00,10530.09
2025-05-01 02:30:00,10529.55
2025-05-01 02:45:00,10554.77
2025-05-01 03:00:00,10712.27
2025-05-01 03:15:00,10761.3
2025-05-01 03:30:00,10924.15
2025-05-01 03:45:00,11113.98
2025-05-01 04:00:00,11369.9
2025-05-01 04:15:00,11538.73
2025-05-01 04:30:00,11639.34
2025-05-01 04:45:00,11802.84
2025-05-01 05:00:00,12006.31
2025-05-01 05:15:00,12153.18
2025-05-01 05:30:00,12379.23
2025-05-01 05:45:00,12535.59
2025-05-01 06:00:00,12647.3
2025-05-01 06:15:00,12759.32
2025-05-01 06:30:00,12859.05
2025-05-01 06:45:00,12902.24
2025-05-01 07:00:00,12984.52
2025-05-01 07:15:00,12985.19
2025-05-01 07:30:00,12994.44
2025-05-01 07:45:00,13001.51
2025-05-01 08:00:00,12959.38
2025-05-01 08:15:00,12962.82
2025-05-01 08:30:00,13110.42
2025-05-01 08:45:00,13197.4
2025-05-01 09:00:00,13067.56
2025-05-01 09:15:00,13020.97
2025-05-01 09:30:00,13064.07
2025-05-01 09:45:00,13135.97
2025-05-01 10:00:00,13274.51
2025-05-01 10:15:00,13282.79
2025-05-01 10:30:00,13231.56
2025-05-01 10:45:00,13300.73
2025-05-01 11:00:00,13296.42
2025-05-01 11:15:00,13391.4
2025-05-01 11:30:00,13452.96
2025-05-01 11:45:00,13424.39
2025-05-01 12:00:00,13293.81
2025-05-01 12:15:00,13255.92
2025-05-01 12:30:00,13267.42
2025-05-01 12:45:00,13215.02
2025-05-01 13:00:00,13144.01
2025-05-01 13:15:00,13167.45
2025-05-01 13:30:00,13197.25
2025-05-01 13:45:00,13136.15
2025-05-01 14:00:00,13158.62
2025-05-01 14:15:00,13135.66
2025-05-01 14:30:00,13176.38
2025-05-01 14:45:00,13266.26
2025-05-01 15:00:00,13393.76
2025-05-01 15:15:00,13556.39
2025-05-01 15:30:00,13524.21
2025-05-01 15:45:00,13574.27
2025-05-01 16:00:00,13603.94
2025-05-01 16:15:00,13585.64
2025-05-01 16:30:00,13504.28
2025-05-01 16:45:00,13496.27
2025-05-01 17:00:00,13576.84
2025-05-01 17:15:00,13670.89
2025-05-01 17:30:00,13715.35
2025-05-01 17:45:00,13808.73
2025-05-01 18:00:00,13840.92
2025-05-01 18:15:00,13905.78
2025-05-01 18:30:00,13982.55
2025-05-01 18:45:00,14043.74
2025-05-01 19:00:00,14100.08
2025-05-01 19:15:00,14095.14
2025-05-01 19:30:00,14078.23
2025-05-01 19:45:00,13933.11
2025-05-01 20:00:00,13669.05
2025-05-01 20:15:00,13528.62
2025-05-01 20:30:00,13358.05
2025-05-01 20:45:00,13129.72
2025-05-01 21:00:00,13007.83
2025-05-01 21:15:00,12805.61
2025-05-01 21:30:00,12563.72
2025-05-01 21:45:00,12305.08
2025-05-01 22:00:00,12100.07
2025-05-01 22:15:00,11946.8
2025-05-01 22:30:00,11795.35
2025-05-01 22:45:00,11619.26
2025-05-01 23:00:00,11540.47
2025-05-01 23:15:00,11449.64
2025-05-01 23:30:00,11332.8
2025-05-01 23:45:00,11291.07
2025-05-02 00:00:00,11176.94
2025-05-02 00:15:00,11103.78
2025-05-02 00:30:00,11087.34
2025-05-02 00:45:00,10987.3
2025-05-02 01:00:00,10958.5
2025-05-02 01:15:00,10955.41
2025-05-02 01:30:00,10902.43
2025-05-02 01:45:00,10830.09
2025-05-02 02:00:00,10789.93
2025-05-02 02:15:00,10795.74
2025-05-02 02:30:00,10769.23
2025-05-02 02:45:00,10818.03
2025-05-02 03:00:00,10915.21
2025-05-02 03:15:00,10988.42
2025-05-02 03:30:00,11146.97
2025-05-02 03:45:00,11320.83
2025-05-02 04:00:00,11601.91
2025-05-02 04:15:00,11668.42
2025-05-02 04:30:00,11699.0
2025-05-02 04:45:00,11772.17
2025-05-02 05:00:00,11999.79
2025-05-02 05:15:00,12177.53
2025-05-02 05:30:00,12412.39
2025-05-02 05:45:00,12609.39
2025-05-02 06:00:00,12726.02
2025-05-02 06:15:00,12816.37
2025-05-02 06:30:00,13010.19
2025-05-02 06:45:00,13049.32
2025-05-02 07:00:00,13040.12
2025-05-02 07:15:00,13118.46
2025-05-02 07:30:00,13167.5
2025-05-02 07:45:00,13351.25
2025-05-02 08:00:00,13309.61
2025-05-02 08:15:00,13338.46
2025-05-02 08:30:00,13521.56
2025-05-02 08:45:00,13456.72
2025-05-02 09:00:00,13339.0
2025-05-02 09:15:00,13369.78
2025-05-02 09:30:00,13522.55
2025-05-02 09:45:00,13392.14
2025-05-02 10:00:00,13390.67
2025-05-02 10:15:00,13351.1
2025-05-02 10:30:00,13312.76
2025-05-02 10:45:00,13304.01
2025-05-02 11:00:00,13467.26
2025-05-02 11:15:00,13432.39
2025-05-02 11:30:00,13436.17
2025-05-02 11:45:00,13447.34
2025-05-02 12:00:00,13396.1
2025-05-02 12:15:00,13348.9
2025-05-02 12:30:00,13249.1
2025-05-02 12:45:00,13260.2
2025-05-02 13:00:00,13102.55
2025-05-02 13:15:00,12987.34
2025-05-02 13:30:00,12875.52
2025-05-02 13:45:00,12827.7
2025-05-02 14:00:00,12905.34
2025-05-02 14:15:00,12807.94
2025-05-02 14:30:00,12782.26
2025-05-02 14:45:00,12873.84
2025-05-02 15:00:00,12849.3
2025-05-02 15:15:00,12930.86
2025-05-02 15:30:00,12934.81
2025-05-02 15:45:00,13091.06
2025-05-02 16:00:00,13006.7
2025-05-02 16:15:00,13004.54
2025-05-02 16:30:00,12919.0
2025-05-02 16:45:00,13006.9
2025-05-02 17:00:00,13073.82
2025-05-02 17:15:00,13100.84
2025-05-02 17:30:00,13122.84
2025-05-02 17:45:00,13141.72
2025-05-02 18:00:00,13150.7
2025-05-02 18:15:00,13227.23
2025-05-02 18:30:00,13338.26
2025-05-02 18:45:00,13379.29
2025-05-02 19:00:00,13375.55
2025-05-02 19:15:00,13383.95
2025-05-02 19:30:00,13353.37
2025-05-02 19:45:00,13240.87
2025-05-02 20:00:00,13114.39
2025-05-02 20:15:00,13039.67
2025-05-02 20:30:00,12813.7
2025-05-02 20:45:00,12607.31
2025-05-02 21:00:00,12445.32
2025-05-02 21:15:00,12346.5
2025-05-02 21:30:00,12240.21
2025-05-02 21:45:00,12145.7
2025-05-02 22:00:00,11847.22
2025-05-02 22:15:00,11647.9
2025-05-02 22:30:00,11455.6
2025-05-02 22:45:00,11350.63
2025-05-02 23:00:00,11205.49
2025-05-02 23:15:00,11089.71
2025-05-02 23:30:00,10999.04
2025-05-02 23:45:00,10900.46
2025-05-03 00:00:00,10753.3
2025-05-03 00:15:00,10683.07
2025-05-03 00:30:00,10626.02
2025-05-03 00:45:00,10561.28
2025-05-03 01:00:00,10498.35
2025-05-03 01:15:00,10447.57
2025-05-03 01:30:00,10394.17
2025-05-03 01:45:00,10359.43
2025-05-03 02:00:00,10375.12
2025-05-03 02:15:00,10318.22
2025-05-03 02:30:00,10303.91
2025-05-03 02:45:00,10309.7
2025-05-03 03:00:00,10309.7
2025-05-03 03:15:00,10352.09
2025-05-03 03:30:00,10393.2
2025-05-03 03:45:00,10372.55
2025-05-03 04:00:00,10370.22
2025-05-03 04:15:00,10324.12
2025-05-03 04:30:00,10304.96
2025-05-03 04:45:00,10261.97
2025-05-03 05:00:00,10264.61
2025-05-03 05:15:00,10265.32
2025-05-03 05:30:00,10349.27
2025-05-03 05:45:00,10459.17
2025-05-03 06:00:00,10505.41
2025-05-03 06:15:00,10577.35
2025-05-03 06:30:00,10676.08
2025-05-03 06:45:00,10843.47
2025-05-03 07:00:00,10919.09
2025-05-03 07:15:00,10905.3
2025-05-03 07:30:00,10955.82
2025-05-03 07:45:00,11253.9
2025-05-03 08:00:00,11196.76
2025-05-03 08:15:00,11191.21
2025-05-03 08:30:00,11345.63
2025-05-03 08:45:00,11304.84
2025-05-03 09:00:00,11195.18
2025-05-03 09:15:00,11210.59
2025-05-03 09:30:00,11223.87
2025-05-03 09:45:00,11226.47
2025-05-03 10:00:00,11266.62
2025-05-03 10:15:00,11238.73
2025-05-03 10:30:00,11162.6
2025-05-03 10:45:00,11189.11
2025-05-03 11:00:00,11185.56
2025-05-03 11:15:00,11253.5
2025-05-03 11:30:00,11244.03
2025-05-03 11:45:00,11202.29
2025-05-03 12:00:00,11250.57
2025-05-03 12:15:00,11128.54
2025-05-03 12:30:00,11041.97
2025-05-03 12:45:00,11059.82
2025-05-03 13:00:00,10950.97
2025-05-03 13:15:00,10845.72
2025-05-03 13:30:00,10846.05
2025-05-03 13:45:00,10936.39
2025-05-03 14:00:00,11179.09
2025-05-03 14:15:00,11351.48
2025-05-03 14:30:00,11451.47
2025-05-03 14:45:00,11567.47
2025-05-03 15:00:00,11632.7
2025-05-03 15:15:00,11745.65
2025-05-03 15:30:00,11836.3
2025-05-03 15:45:00,12024.09
2025-05-03 16:00:00,12034.54
2025-05-03 16:15:00,11979.65
2025-05-03 16:30:00,12057.82
2025-05-03 16:45:00,12039.38
2025-05-03 17:00:00,12130.58
2025-05-03 17:15:00,12157.09
2025-05-03 17:30:00,12275.7
2025-05-03 17:45:00,12370.44
2025-05-03 18:00:00,12391.44
2025-05-03 18:15:00,12435.08
2025-05-03 18:30:00,12486.71
2025-05-03 18:45:00,12568.2
2025-05-03 19:00:00,12634.94
2025-05-03 19:15:00,12695.59
2025-05-03 19:30:00,12701.76
2025-05-03 19:45:00,12670.64
2025-05-03 20:00:00,12490.15
2025-05-03 20:15:00,12367.29
2025-05-03 20:30:00,12172.67
2025-05-03 20:45:00,11991.02
2025-05-03 21:00:00,11917.35
2025-05-03 21:15:00,11800.14
2025-05-03 21:30:00,11648.03
2025-05-03 21:45:00,11406.36
2025-05-03 22:00:00,11263.28
2025-05-03 22:15:00,11142.16
2025-05-03 22:30:00,10985.74
2025-05-03 22:45:00,10856.46
2025-05-03 23:00:00,10784.09
2025-05-03 23:15:00,10684.79
2025-05-03 23:30:00,10577.76
2025-05-03 23:45:00,10531.92
2025-05-04 00:00:00,10461.42
2025-05-04 00:15:00,10423.13
2025-05-04 00:30:00,10389.21
2025-05-04 00:45:00,10468.27
2025-05-04 01:00:00,10558.66
2025-05-04 01:15:00,10499.38
2025-05-04 01:30:00,10502.97
2025-05-04 01:45:00,10332.01
2025-05-04 02:00:00,10361.82
2025-05-04 02:15:00,10252.16
2025-05-04 02:30:00,10276.42
2025-05-04 02:45:00,10181.24
2025-05-04 03:00:00,10224.5
2025-05-04 03:15:00,10190.9
2025-05-04 03:30:00,10157.74
2025-05-04 03:45:00,10122.54
2025-05-04 04:00:00,10175.15
2025-05-04 04:15:00,10168.44
2025-05-04 04:30:00,10144.54
2025-05-04 04:45:00,9935.56
2025-05-04 05:00:00,9865.85
2025-05-04 05:15:00,9866.11
2025-05-04 05:30:00,9857.31
2025-05-04 05:45:00,10035.9
2025-05-04 06:00:00,10174.73
2025-05-04 06:15:00,10247.13
2025-05-04 06:30:00,10314.48
2025-05-04 06:45:00,10523.34
2025-05-04 07:00:00,10660.57
2025-05-04 07:15:00,10614.88
2025-05-04 07:30:00,10679.49
2025-05-04 07:45:00,10858.18
2025-05-04 08:00:00,10788.92
2025-05-04 08:15:00,10748.78
2025-05-04 08:30:00,10820.97
2025-05-04 08:45:00,10840.05
2025-05-04 09:00:00,10929.93
2025-05-04 09:15:00,10974.31
2025-05-04 09:30:00,11019.97
2025-05-04 09:45:00,11062.61
2025-05-04 10:00:00,11143.09
2025-05-04 10:15:00,11153.98
2025-05-04 10:30:00,11141.71
2025-05-04 10:45:00,11212.39
2025-05-04 11:00:00,11143.38
2025-05-04 11:15:00,11057.58
2025-05-04 11:30:00,11021.04
2025-05-04 11:45:00,10891.61
2025-05-04 12:00:00,10898.44
2025-05-04 12:15:00,10914.4
2025-05-04 12:30:00,10904.62
2025-05-04 12:45:00,10854.35
2025-05-04 13:00:00,10812.69
2025-05-04 13:15:00,10922.03
2025-05-04 13:30:00,10853.65
2025-05-04 13:45:00,10849.15
2025-05-04 14:00:00,10901.16
2025-05-04 14:15:00,11007.55
2025-05-04 14:30:00,11047.77
2025-05-04 14:45:00,11158.0
2025-05-04 15:00:00,11586.7
2025-05-04 15:15:00,11646.51
2025-05-04 15:30:00,11755.24
2025-05-04 15:45:00,11905.24
2025-05-04 16:00:00,11970.15
2025-05-04 16:15:00,11870.45
2025-05-04 16:30:00,11862.19
2025-05-04 16:45:00,11836.88
2025-05-04 17:00:00,11815.76
2025-05-04 17:15:00,11861.1
2025-05-04 17:30:00,11895.06
2025-05-04 17:45:00,11954.27
2025-05-04 18:00:00,11928.53
2025-05-04 18:15:00,12018.05
2025-05-04 18:30:00,12119.32
2025-05-04 18:45:00,12319.02
2025-05-04 19:00:00,12484.18
2025-05-04 19:15:00,12493.73
2025-05-04 19:30:00,12582.49
2025-05-04 19:45:00,12520.38
2025-05-04 20:00:00,12428.21
2025-05-04 20:15:00,12290.96
2025-05-04 20:30:00,12127.53
2025-05-04 20:45:00,11980.02
2025-05-04 21:00:00,11796.3
2025-05-04 21:15:00,11698.98
2025-05-04 21:30:00,11536.88
2025-05-04 21:45:00,11407.84
2025-05-04 22:00:00,11292.88
2025-05-04 22:15:00,11172.38
2025-05-04 22:30:00,11048.14
2025-05-04 22:45:00,10910.69
2025-05-04 23:00:00,10790.84
2025-05-04 23:15:00,10709.47
2025-05-04 23:30:00,10606.49
2025-05-04 23:45:00,10521.73
2025-05-05 00:00:00,10411.38
2025-05-05 00:15:00,10316.05
2025-05-05 00:30:00,10284.03
2025-05-05 00:45:00,10246.2
2025-05-05 01:00:00,10221.85
2025-05-05 01:15:00,10222.74
2025-05-05 01:30:00,10232.49
2025-05-05 01:45:00,10218.17
2025-05-05 02:00:00,10257.3
2025-05-05 02:15:00,10235.97
2025-05-05 02:30:00,10258.82
2025-05-05 02:45:00,10245.56
2025-05-05 03:00:00,10312.79
2025-05-05 03:15:00,10417.91
2025-05-05 03:30:00,10468.65
2025-05-05 03:45:00,10456.85
2025-05-05 04:00:00,10586.31
2025-05-05 04:15:00,10634.68
2025-05-05 04:30:00,10586.85
2025-05-05 04:45:00,10638.91
2025-05-05 05:00:00,10726.73
2025-05-05 05:15:00,10791.85
2025-05-05 05:30:00,10894.29
2025-05-05 05:45:00,10994.75
2025-05-05 06:00:00,11085.77
2025-05-05 06:15:00,11043.04
2025-05-05 06:30:00,11287.84
2025-05-05 06:45:00,11340.51
2025-05-05 07:00:00,11458.18
2025-05-05 07:15:00,11492.97
2025-05-05 07:30:00,11503.05
2025-05-05 07:45:00,11575.43
2025-05-05 08:00:00,11602.25
2025-05-05 08:15:00,11659.57
2025-05-05 08:30:00,11775.64
2025-05-05 08:45:00,11797.27
2025-05-05 09:00:00,11865.23
2025-05-05 09:15:00,11881.05
2025-05-05 09:30:00,11809.61
2025-05-05 09:45:00,11864.77
2025-05-05 10:00:00,11879.75
2025-05-05 10:15:00,11831.67
2025-05-05 10:30:00,11735.91
2025-05-05 10:45:00,11788.89
2025-05-05 11:00:00,11754.31
2025-05-05 11:15:00,11793.68
2025-05-05 11:30:00,11758.02
2025-05-05 11:45:00,11782.68
2025-05-05 12:00:00,11761.44
2025-05-05 12:15:00,11749.12
2025-05-05 12:30:00,11711.71
2025-05-05 12:45:00,11632.44
2025-05-05 13:00:00,11636.4
2025-05-05 13:15:00,11587.1
2025-05-05 13:30:00,11590.77
2025-05-05 13:45:00,11546.84
2025-05-05 14:00:00,11649.66
2025-05-05 14:15:00,11669.63
2025-05-05 14:30:00,11698.11
2025-05-05 14:45:00,11815.04
2025-05-05 15:00:00,12025.92
2025-05-05 15:15:00,12150.11
2025-05-05 15:30:00,12278.64
2025-05-05 15:45:00,12394.96
2025-05-05 16:00:00,12356.29
2025-05-05 16:15:00,12324.13
2025-05-05 16:30:00,12322.54
2025-05-05 16:45:00,12295.61
2025-05-05 17:00:00,12391.1
2025-05-05 17:15:00,12387.53
2025-05-05 17:30:00,12422.39
2025-05-05 17:45:00,12495.37
2025-05-05 18:00:00,12675.56
2025-05-05 18:15:00,12789.47
2025-05-05 18:30:00,12845.27
2025-05-05 18:45:00,12984.37
2025-05-05 19:00:00,13089.36
2025-05-05 19:15:00,13162.41
2025-05-05 19:30:00,13158.14
2025-05-05 19:45:00,13111.76
2025-05-05 20:00:00,12966.4
2025-05-05 20:15:00,12800.38
2025-05-05 20:30:00,12557.79
2025-05-05 20:45:00,12351.76
2025-05-05 21:00:00,12164.05
2025-05-05 21:15:00,12048.63
2025-05-05 21:30:00,11906.94
2025-05-05 21:45:00,11742.91
2025-05-05 22:00:00,11502.91
2025-05-05 22:15:00,11394.35
2025-05-05 22:30:00,11301.47
2025-05-05 22:45:00,11128.59
2025-05-05 23:00:00,10985.79
2025-05-05 23:15:00,10850.35
2025-05-05 23:30:00,10705.24
2025-05-05 23:45:00,10689.53
2025-05-06 00:00:00,10706.13
2025-05-06 00:15:00,10659.96
2025-05-06 00:30:00,10649.44
2025-05-06 00:45:00,10515.58
2025-05-06 01:00:00,10513.81
2025-05-06 01:15:00,10543.68
2025-05-06 01:30:00,10539.22
2025-05-06 01:45:00,10528.44
2025-05-06 02:00:00,10549.01
2025-05-06 02:15:00,10540.04
2025-05-06 02:30:00,10553.34
2025-05-06 02:45:00,10535.81
2025-05-06 03:00:00,10682.98
2025-05-06 03:15:00,10807.78
2025-05-06 03:30:00,10987.12
2025-05-06 03:45:00,11131.9
2025-05-06 04:00:00,11579.5
2025-05-06 04:15:00,11777.49
2025-05-06 04:30:00,11865.34
2025-05-06 04:45:00,12027.41
2025-05-06 05:00:00,12333.56
2025-05-06 05:15:00,12547.92
2025-05-06 05:30:00,12711.22
2025-05-06 05:45:00,12866.41
2025-05-06 06:00:00,13004.4
2025-05-06 06:15:00,13102.1
2025-05-06 06:30:00,13205.63
2025-05-06 06:45:00,13404.25
2025-05-06 07:00:00,13502.52
2025-05-06 07:15:00,13415.45
2025-05-06 07:30:00,13383.82
2025-05-06 07:45:00,13230.57
2025-05-06 08:00:00,13225.61
2025-05-06 08:15:00,13239.01
2025-05-06 08:30:00,13301.19
2025-05-06 08:45:00,13306.73
2025-05-06 09:00:00,13320.18
2025-05-06 09:15:00,13285.71
2025-05-06 09:30:00,13323.76
2025-05-06 09:45:00,13421.9
2025-05-06 10:00:00,13412.98
2025-05-06 10:15:00,13375.65
2025-05-06 10:30:00,13287.64
2025-05-06 10:45:00,13299.9
2025-05-06 11:00:00,13402.61
2025-05-06 11:15:00,13432.85
2025-05-06 11:30:00,13396.33
2025-05-06 11:45:00,13323.41
2025-05-06 12:00:00,13324.56
2025-05-06 12:15:00,13424.19
2025-05-06 12:30:00,13341.97
2025-05-06 12:45:00,13314.36
2025-05-06 13:00:00,13312.37
2025-05-06 13:15:00,13274.98
2025-05-06 13:30:00,13298.82
2025-05-06 13:45:00,13289.29
2025-05-06 14:00:00,13242.71
2025-05-06 14:15:00,13319.78
2025-05-06 14:30:00,13401.64
2025-05-06 14:45:00,13664.23
2025-05-06 15:00:00,13837.54
2025-05-06 15:15:00,14176.37
2025-05-06 15:30:00,14330.39
2025-05-06 15:45:00,14410.66
2025-05-06 16:00:00,14416.67
2025-05-06 16:15:00,14348.78
2025-05-06 16:30:00,14252.11
2025-05-06 16:45:00,14224.09
2025-05-06 17:00:00,14271.98
2025-05-06 17:15:00,14239.38
2025-05-06 17:30:00,14196.18
2025-05-06 17:45:00,14272.08
2025-05-06 18:00:00,14269.54
2025-05-06 18:15:00,14207.05
2025-05-06 18:30:00,14240.88
2025-05-06 18:45:00,14193.12
2025-05-06 19:00:00,14165.65
2025-05-06 19:15:00,14162.15
2025-05-06 19:30:00,14069.29
2025-05-06 19:45:00,14026.06
2025-05-06 20:00:00,13755.99
2025-05-06 20:15:00,13450.54
2025-05-06 20:30:00,13206.62
2025-05-06 20:45:00,13047.44
2025-05-06 21:00:00,12853.25
2025-05-06 21:15:00,12614.22
2025-05-06 21:30:00,12469.1
2025-05-06 21:45:00,12173.69
2025-05-06 22:00:00,11918.4
2025-05-06 22:15:00,11716.47
2025-05-06 22:30:00,11632.24
2025-05-06 22:45:00,11476.61
2025-05-06 23:00:00,11317.13
2025-05-06 23:15:00,11216.65
2025-05-06 23:30:00,11158.43
2025-05-06 23:45:00,11009.71
2025-05-07 00:00:00,10891.89
2025-05-07 00:15:00,10802.5
2025-05-07 00:30:00,10731.75
2025-05-07 00:45:00,10683.59
2025-05-07 01:00:00,10828.3
2025-05-07 01:15:00,10943.14
2025-05-07 01:30:00,10794.26
2025-05-07 01:45:00,10807.89
2025-05-07 02:00:00,10795.74
2025-05-07 02:15:00,10829.1
2025-05-07 02:30:00,10825.45
2025-05-07 02:45:00,10847.15
2025-05-07 03:00:00,10910.88
2025-05-07 03:15:00,10981.2
2025-05-07 03:30:00,11105.1
2025-05-07 03:45:00,11261.94
2025-05-07 04:00:00,11551.0
2025-05-07 04:15:00,11782.16
2025-05-07 04:30:00,11969.56
2025-05-07 04:45:00,12206.02
2025-05-07 05:00:00,12491.7
2025-05-07 05:15:00,12725.93
2025-05-07 05:30:00,12961.77
2025-05-07 05:45:00,13140.85
2025-05-07 06:00:00,13243.54
2025-05-07 06:15:00,13289.34
2025-05-07 06:30:00,13397.14
2025-05-07 06:45:00,13533.95
2025-05-07 07:00:00,13644.99
2025-05-07 07:15:00,13639.78
2025-05-07 07:30:00,13658.86
2025-05-07 07:45:00,13552.26
2025-05-07 08:00:00,13692.01
2025-05-07 08:15:00,13639.26
2025-05-07 08:30:00,13589.49
2025-05-07 08:45:00,13562.71
2025-05-07 09:00:00,13480.71
2025-05-07 09:15:00,13496.99
2025-05-07 09:30:00,13578.6
2025-05-07 09:45:00,13524.19
2025-05-07 10:00:00,13295.16
2025-05-07 10:15:00,13137.91
2025-05-07 10:30:00,13112.1
2025-05-07 10:45:00,13151.03
2025-05-07 11:00:00,13126.12
2025-05-07 11:15:00,13297.82
2025-05-07 11:30:00,13220.44
2025-05-07 11:45:00,13270.54
2025-05-07 12:00:00,13107.12
2025-05-07 12:15:00,13005.71
2025-05-07 12:30:00,12965.32
2025-05-07 12:45:00,12920.24
2025-05-07 13:00:00,12803.55
2025-05-07 13:15:00,12825.79
2025-05-07 13:30:00,12869.15
2025-05-07 13:45:00,12851.43
2025-05-07 14:00:00,12815.0
2025-05-07 14:15:00,12894.13
2025-05-07 14:30:00,12963.04
2025-05-07 14:45:00,13094.53
2025-05-07 15:00:00,13314.34
2025-05-07 15:15:00,13401.33
2025-05-07 15:30:00,13542.92
2025-05-07 15:45:00,13595.67
2025-05-07 16:00:00,13584.26
2025-05-07 16:15:00,13480.37
2025-05-07 16:30:00,13484.43
2025-05-07 16:45:00,13458.41
2025-05-07 17:00:00,13504.08
2025-05-07 17:15:00,13496.2
2025-05-07 17:30:00,13509.28
2025-05-07 17:45:00,13582.68
2025-05-07 18:00:00,13620.93
2025-05-07 18:15:00,13660.21
2025-05-07 18:30:00,13706.42
2025-05-07 18:45:00,13840.66
2025-05-07 19:00:00,13882.83
2025-05-07 19:15:00,13945.49
2025-05-07 19:30:00,14007.14
2025-05-07 19:45:00,14028.06
2025-05-07 20:00:00,13657.78
2025-05-07 20:15:00,13489.66
2025-05-07 20:30:00,13290.9
2025-05-07 20:45:00,13099.26
2025-05-07 21:00:00,12942.42
2025-05-07 21:15:00,12713.37
2025-05-07 21:30:00,12472.03
2025-05-07 21:45:00,12237.75
2025-05-07 22:00:00,12002.44
2025-05-07 22:15:00,11771.51
2025-05-07 22:30:00,11615.89
2025-05-07 22:45:00,11461.22
2025-05-07 23:00:00,11330.69
2025-05-07 23:15:00,11243.68
2025-05-07 23:30:00,11221.23
2025-05-07 23:45:00,11022.5
2025-05-08 00:00:00,10997.78
2025-05-08 00:15:00,10915.42
2025-05-08 00:30:00,10863.96
2025-05-08 00:45:00,10817.29
2025-05-08 01:00:00,10792.39
2025-05-08 01:15:00,10697.2
2025-05-08 01:30:00,10658.77
2025-05-08 01:45:00,10640.95
2025-05-08 02:00:00,10728.66
2025-05-08 02:15:00,10666.52
2025-05-08 02:30:00,10672.38
2025-05-08 02:45:00,10668.35
2025-05-08 03:00:00,10847.75
2025-05-08 03:15:00,10940.38
2025-05-08 03:30:00,11103.67
2025-05-08 03:45:00,11226.18
2025-05-08 04:00:00,11588.05
2025-05-08 04:15:00,11798.46
2025-05-08 04:30:00,11912.76
2025-05-08 04:45:00,12115.08
2025-05-08 05:00:00,12493.64
2025-05-08 05:15:00,12753.2
2025-05-08 05:30:00,12957.31
2025-05-08 05:45:00,13101.05
2025-05-08 06:00:00,13184.81
2025-05-08 06:15:00,13284.23
2025-05-08 06:30:00,13287.5
2025-05-08 06:45:00,13503.25
2025-05-08 07:00:00,13395.66
2025-05-08 07:15:00,13130.17
2025-05-08 07:30:00,13118.1
2025-05-08 07:45:00,13180.73
2025-05-08 08:00:00,13114.31
2025-05-08 08:15:00,13067.86
2025-05-08 08:30:00,13015.51
2025-05-08 08:45:00,13018.38
2025-05-08 09:00:00,12967.7
2025-05-08 09:15:00,12990.97
2025-05-08 09:30:00,12947.23
2025-05-08 09:45:00,12999.62
2025-05-08 10:00:00,12987.45
2025-05-08 10:15:00,12983.43
2025-05-08 10:30:00,12971.71
2025-05-08 10:45:00,12870.68
2025-05-08 11:00:00,12894.14
2025-05-08 11:15:00,12986.44
2025-05-08 11:30:00,12907.5
2025-05-08 11:45:00,12899.7
2025-05-08 12:00:00,13048.91
2025-05-08 12:15:00,13001.52
2025-05-08 12:30:00,12952.56
2025-05-08 12:45:00,12846.8
2025-05-08 13:00:00,12865.13
2025-05-08 13:15:00,12932.24
2025-05-08 13:30:00,12991.09
2025-05-08 13:45:00,13008.01
2025-05-08 14:00:00,13056.0
2025-05-08 14:15:00,13023.23
2025-05-08 14:30:00,13073.94
2025-05-08 14:45:00,13202.14
2025-05-08 15:00:00,13429.83
2025-05-08 15:15:00,13562.09
2025-05-08 15:30:00,13699.11
2025-05-08 15:45:00,13752.58
2025-05-08 16:00:00,13720.54
2025-05-08 16:15:00,13627.91
2025-05-08 16:30:00,13516.43
2025-05-08 16:45:00,13519.21
2025-05-08 17:00:00,13610.83
2025-05-08 17:15:00,13651.85
2025-05-08 17:30:00,13594.52
2025-05-08 17:45:00,13629.62
2025-05-08 18:00:00,13582.56
2025-05-08 18:15:00,13653.83
2025-05-08 18:30:00,13763.89
2025-05-08 18:45:00,13817.17
2025-05-08 19:00:00,13938.93
2025-05-08 19:15:00,13922.01
2025-05-08 19:30:00,13943.31
2025-05-08 19:45:00,13956.72
2025-05-08 20:00:00,13579.8
2025-05-08 20:15:00,13304.26
2025-05-08 20:30:00,13154.57
2025-05-08 20:45:00,12971.32
2025-05-08 21:00:00,12750.38
2025-05-08 21:15:00,12595.26
2025-05-08 21:30:00,12526.6
2025-05-08 21:45:00,12333.6
2025-05-08 22:00:00,11968.35
2025-05-08 22:15:00,11782.26
2025-05-08 22:30:00,11622.62
2025-05-08 22:45:00,11454.78
2025-05-08 23:00:00,11331.63
2025-05-08 23:15:00,11120.69
2025-05-08 23:30:00,10978.61
2025-05-08 23:45:00,10989.14
2025-05-09 00:00:00,10995.81
2025-05-09 00:15:00,10995.43
2025-05-09 00:30:00,10910.89
2025-05-09 00:45:00,10775.08
2025-05-09 01:00:00,10924.21
2025-05-09 01:15:00,10899.09
2025-05-09 01:30:00,10832.48
2025-05-09 01:45:00,10771.42
2025-05-09 02:00:00,10803.22
2025-05-09 02:15:00,10825.76
2025-05-09 02:30:00,10736.3
2025-05-09 02:45:00,10720.17
2025-05-09 03:00:00,10800.55
2025-05-09 03:15:00,10873.48
2025-05-09 03:30:00,11043.95
2025-05-09 03:45:00,11159.99
2025-05-09 04:00:00,11490.82
2025-05-09 04:15:00,11561.88
2025-05-09 04:30:00,11678.6
2025-05-09 04:45:00,11928.74
2025-05-09 05:00:00,12166.42
2025-05-09 05:15:00,12347.47
2025-05-09 05:30:00,12651.02
2025-05-09 05:45:00,12853.26
2025-05-09 06:00:00,12860.66
2025-05-09 06:15:00,12894.7
2025-05-09 06:30:00,12939.95
2025-05-09 06:45:00,13032.98
2025-05-09 07:00:00,13004.36
2025-05-09 07:15:00,12929.41
2025-05-09 07:30:00,12913.87
2025-05-09 07:45:00,12956.92
2025-05-09 08:00:00,13036.2
2025-05-09 08:15:00,12984.98
2025-05-09 08:30:00,12967.5
2025-05-09 08:45:00,13092.12
2025-05-09 09:00:00,13061.53
2025-05-09 09:15:00,13069.62
2025-05-09 09:30:00,13206.62
2025-05-09 09:45:00,13222.54
2025-05-09 10:00:00,13058.21
2025-05-09 10:15:00,13056.96
2025-05-09 10:30:00,13002.31
2025-05-09 10:45:00,13047.97
2025-05-09 11:00:00,13044.99
2025-05-09 11:15:00,13086.15
2025-05-09 11:30:00,13071.14
2025-05-09 11:45:00,12983.76
2025-05-09 12:00:00,12849.07
2025-05-09 12:15:00,12792.27
2025-05-09 12:30:00,12780.96
2025-05-09 12:45:00,12770.08
2025-05-09 13:00:00,12858.48
2025-05-09 13:15:00,12786.26
2025-05-09 13:30:00,12815.66
2025-05-09 13:45:00,12665.7
2025-05-09 14:00:00,12659.86
2025-05-09 14:15:00,12686.15
2025-05-09 14:30:00,12739.55
2025-05-09 14:45:00,12794.15
2025-05-09 15:00:00,12793.34
2025-05-09 15:15:00,12999.22
2025-05-09 15:30:00,13053.32
2025-05-09 15:45:00,13142.6
2025-05-09 16:00:00,13087.9
2025-05-09 16:15:00,13019.76
2025-05-09 16:30:00,12962.24
2025-05-09 16:45:00,12978.9
2025-05-09 17:00:00,13068.87
2025-05-09 17:15:00,13071.92
2025-05-09 17:30:00,13138.29
2025-05-09 17:45:00,13123.89
2025-05-09 18:00:00,13204.8
2025-05-09 18:15:00,13224.69
2025-05-09 18:30:00,13296.7
2025-05-09 18:45:00,13398.53
2025-05-09 19:00:00,13479.33
2025-05-09 19:15:00,13429.36
2025-05-09 19:30:00,13490.78
2025-05-09 19:45:00,13427.77
2025-05-09 20:00:00,13179.32
2025-05-09 20:15:00,12998.95
2025-05-09 20:30:00,12835.92
2025-05-09 20:45:00,12702.38
2025-05-09 21:00:00,12556.03
2025-05-09 21:15:00,12445.98
2025-05-09 21:30:00,12372.41
2025-05-09 21:45:00,12204.05
2025-05-09 22:00:00,11912.93
2025-05-09 22:15:00,11841.41
2025-05-09 22:30:00,11594.24
2025-05-09 22:45:00,11490.35
2025-05-09 23:00:00,11292.64
2025-05-09 23:15:00,11096.58
2025-05-09 23:30:00,10983.58
2025-05-09 23:45:00,10883.62
2025-05-10 00:00:00,10745.54
2025-05-10 00:15:00,10632.93
2025-05-10 00:30:00,10546.56
2025-05-10 00:45:00,10411.76
2025-05-10 01:00:00,10393.15
2025-05-10 01:15:00,10359.91
2025-05-10 01:30:00,10371.82
2025-05-10 01:45:00,10320.09
2025-05-10 02:00:00,10308.56
2025-05-10 02:15:00,10248.12
2025-05-10 02:30:00,10275.14
2025-05-10 02:45:00,10212.49
2025-05-10 03:00:00,10350.0
2025-05-10 03:15:00,10345.16
2025-05-10 03:30:00,10320.1
2025-05-10 03:45:00,10348.44
2025-05-10 04:00:00,10345.93
2025-05-10 04:15:00,10243.89
2025-05-10 04:30:00,10253.99
2025-05-10 04:45:00,10349.16
2025-05-10 05:00:00,10286.41
2025-05-10 05:15:00,10260.06
2025-05-10 05:30:00,10331.01
2025-05-10 05:45:00,10476.43
2025-05-10 06:00:00,10482.13
2025-05-10 06:15:00,10501.58
2025-05-10 06:30:00,10608.94
2025-05-10 06:45:00,10738.32
2025-05-10 07:00:00,10751.3
2025-05-10 07:15:00,10820.77
2025-05-10 07:30:00,10982.03
2025-05-10 07:45:00,11113.92
2025-05-10 08:00:00,11005.38
2025-05-10 08:15:00,11072.41
2025-05-10 08:30:00,11136.8
2025-05-10 08:45:00,11235.69
2025-05-10 09:00:00,11179.89
2025-05-10 09:15:00,11258.12
2025-05-10 09:30:00,11297.63
2025-05-10 09:45:00,11335.74
2025-05-10 10:00:00,11306.97
2025-05-10 10:15:00,11319.78
2025-05-10 10:30:00,11316.8
2025-05-10 10:45:00,11337.37
2025-05-10 11:00:00,11412.34
2025-05-10 11:15:00,11379.35
2025-05-10 11:30:00,11560.75
2025-05-10 11:45:00,11512.3
2025-05-10 12:00:00,11424.27
2025-05-10 12:15:00,11354.61
2025-05-10 12:30:00,11301.95
2025-05-10 12:45:00,11141.09
2025-05-10 13:00:00,11062.48
2025-05-10 13:15:00,11007.09
2025-05-10 13:30:00,10966.39
2025-05-10 13:45:00,10951.77
2025-05-10 14:00:00,11001.66
2025-05-10 14:15:00,11058.9
2025-05-10 14:30:00,11075.49
2025-05-10 14:45:00,11170.1
2025-05-10 15:00:00,11390.31
2025-05-10 15:15:00,11469.91
2025-05-10 15:30:00,11606.76
2025-05-10 15:45:00,11693.94
2025-05-10 16:00:00,11687.7
2025-05-10 16:15:00,11711.37
2025-05-10 16:30:00,11727.89
2025-05-10 16:45:00,11758.2
2025-05-10 17:00:00,11881.51
2025-05-10 17:15:00,11958.82
2025-05-10 17:30:00,11906.56
2025-05-10 17:45:00,12044.09
2025-05-10 18:00:00,12107.51
2025-05-10 18:15:00,12271.13
2025-05-10 18:30:00,12346.32
2025-05-10 18:45:00,12393.22
2025-05-10 19:00:00,12487.72
2025-05-10 19:15:00,12573.66
2025-05-10 19:30:00,12599.94
2025-05-10 19:45:00,12629.95
2025-05-10 20:00:00,12358.91
2025-05-10 20:15:00,12262.21
2025-05-10 20:30:00,12145.19
2025-05-10 20:45:00,12075.1
2025-05-10 21:00:00,11951.53
2025-05-10 21:15:00,11837.1
2025-05-10 21:30:00,11642.5
2025-05-10 21:45:00,11555.78
2025-05-10 22:00:00,11348.93
2025-05-10 22:15:00,11183.87
2025-05-10 22:30:00,11072.91
2025-05-10 22:45:00,11013.96
2025-05-10 23:00:00,10924.85
2025-05-10 23:15:00,10738.54
2025-05-10 23:30:00,10608.58
2025-05-10 23:45:00,10542.49
2025-05-11 00:00:00,10463.74
2025-05-11 00:15:00,10327.87
2025-05-11 00:30:00,10297.56
2025-05-11 00:45:00,10247.85
2025-05-11 01:00:00,10175.78
2025-05-11 01:15:00,10124.4
2025-05-11 01:30:00,10074.7
2025-05-11 01:45:00,10036.02
2025-05-11 02:00:00,10016.32
2025-05-11 02:15:00,10000.37
2025-05-11 02:30:00,9982.68
2025-05-11 02:45:00,9923.08
2025-05-11 03:00:00,9973.9
2025-05-11 03:15:00,9977.31
2025-05-11 03:30:00,9913.23
2025-05-11 03:45:00,9840.21
2025-05-11 04:00:00,9752.68
2025-05-11 04:15:00,9700.39
2025-05-11 04:30:00,9614.8
2025-05-11 04:45:00,9579.41
2025-05-11 05:00:00,9541.9
2025-05-11 05:15:00,9558.6
2025-05-11 05:30:00,9635.23
2025-05-11 05:45:00,9683.64
2025-05-11 06:00:00,9754.76
2025-05-11 06:15:00,9828.89
2025-05-11 06:30:00,10121.82
2025-05-11 06:45:00,10252.29
2025-05-11 07:00:00,10135.02
2025-05-11 07:15:00,10251.65
2025-05-11 07:30:00,10338.46
2025-05-11 07:45:00,10454.25
2025-05-11 08:00:00,10462.75
2025-05-11 08:15:00,10568.25
2025-05-11 08:30:00,10588.21
2025-05-11 08:45:00,10667.56
2025-05-11 09:00:00,10673.18
2025-05-11 09:15:00,10721.56
2025-05-11 09:30:00,10816.1
2025-05-11 09:45:00,10875.33
2025-05-11 10:00:00,11043.68
2025-05-11 10:15:00,11080.75
2025-05-11 10:30:00,11243.97
2025-05-11 10:45:00,11339.58
2025-05-11 11:00:00,11267.07
2025-05-11 11:15:00,11373.48
2025-05-11 11:30:00,11376.68
2025-05-11 11:45:00,11413.23
2025-05-11 12:00:00,11311.72
2025-05-11 12:15:00,11241.79
2025-05-11 12:30:00,11151.52
2025-05-11 12:45:00,11057.18
2025-05-11 13:00:00,10983.81
2025-05-11 13:15:00,10896.41
2025-05-11 13:30:00,10816.06
2025-05-11 13:45:00,10822.15
2025-05-11 14:00:00,10774.97
2025-05-11 14:15:00,10782.18
2025-05-11 14:30:00,10852.25
2025-05-11 14:45:00,10950.19
2025-05-11 15:00:00,11080.55
2025-05-11 15:15:00,11219.11
2025-05-11 15:30:00,11346.82
2025-05-11 15:45:00,11476.23
2025-05-11 16:00:00,11506.75
2025-05-11 16:15:00,11547.43
2025-05-11 16:30:00,11508.85
2025-05-11 16:45:00,11606.43
2025-05-11 17:00:00,11646.23
2025-05-11 17:15:00,11749.61
2025-05-11 17:30:00,11842.75
2025-05-11 17:45:00,11996.37
2025-05-11 18:00:00,12147.07
2025-05-11 18:15:00,12276.87
2025-05-11 18:30:00,12373.02
2025-05-11 18:45:00,12513.6
2025-05-11 19:00:00,12694.2
2025-05-11 19:15:00,12827.4
2025-05-11 19:30:00,12919.66
2025-05-11 19:45:00,12973.14
2025-05-11 20:00:00,12805.81
2025-05-11 20:15:00,12676.24
2025-05-11 20:30:00,12533.01
2025-05-11 20:45:00,12380.7
2025-05-11 21:00:00,12119.45
2025-05-11 21:15:00,11979.32
2025-05-11 21:30:00,11780.29
2025-05-11 21:45:00,11622.42
2025-05-11 22:00:00,11639.15
2025-05-11 22:15:00,11461.99
2025-05-11 22:30:00,11308.47
2025-05-11 22:45:00,11196.21
2025-05-11 23:00:00,11056.88
2025-05-11 23:15:00,10829.33
2025-05-11 23:30:00,10710.35
2025-05-11 23:45:00,10693.91
2025-05-12 00:00:00,10594.84
2025-05-12 00:15:00,10518.92
2025-05-12 00:30:00,10460.54
2025-05-12 00:45:00,10361.63
2025-05-12 01:00:00,10316.48
2025-05-12 01:15:00,10258.12
2025-05-12 01:30:00,10251.99
2025-05-12 01:45:00,10206.58
2025-05-12 02:00:00,10221.7
2025-05-12 02:15:00,10253.37
2025-05-12 02:30:00,10207.9
2025-05-12 02:45:00,10241.92
2025-05-12 03:00:00,10372.41
2025-05-12 03:15:00,10477.21
2025-05-12 03:30:00,10557.07
2025-05-12 03:45:00,10669.4
2025-05-12 04:00:00,10978.93
2025-05-12 04:15:00,11033.69
2025-05-12 04:30:00,11194.22
2025-05-12 04:45:00,11453.08
2025-05-12 05:00:00,11698.02
2025-05-12 05:15:00,11941.79
2025-05-12 05:30:00,12152.77
2025-05-12 05:45:00,12397.17
2025-05-12 06:00:00,12611.66
2025-05-12 06:15:00,12748.3
2025-05-12 06:30:00,12871.54
2025-05-12 06:45:00,12955.66
2025-05-12 07:00:00,12951.75
2025-05-12 07:15:00,12963.63
2025-05-12 07:30:00,12913.71
2025-05-12 07:45:00,13021.64
2025-05-12 08:00:00,13028.74
2025-05-12 08:15:00,13011.37
2025-05-12 08:30:00,13019.77
2025-05-12 08:45:00,13010.09
2025-05-12 09:00:00,13047.58
2025-05-12 09:15:00,13069.17
2025-05-12 09:30:00,13056.21
2025-05-12 09:45:00,13042.6
2025-05-12 10:00:00,13054.78
2025-05-12 10:15:00,12958.7
2025-05-12 10:30:00,12943.35
2025-05-12 10:45:00,13069.63
2025-05-12 11:00:00,13113.09
2025-05-12 11:15:00,13080.18
2025-05-12 11:30:00,13077.64
2025-05-12 11:45:00,13068.92
2025-05-12 12:00:00,13055.11
2025-05-12 12:15:00,12965.57
2025-05-12 12:30:00,12902.81
2025-05-12 12:45:00,12883.74
2025-05-12 13:00:00,12842.25
2025-05-12 13:15:00,12852.5
2025-05-12 13:30:00,12907.08
2025-05-12 13:45:00,12900.55
2025-05-12 14:00:00,12855.98
2025-05-12 14:15:00,12933.03
2025-05-12 14:30:00,12943.22
2025-05-12 14:45:00,13044.43
2025-05-12 15:00:00,13241.63
2025-05-12 15:15:00,13320.38
2025-05-12 15:30:00,13405.87
2025-05-12 15:45:00,13492.69
2025-05-12 16:00:00,13413.8
2025-05-12 16:15:00,13323.61
2025-05-12 16:30:00,13288.89
2025-05-12 16:45:00,13329.59
2025-05-12 17:00:00,13402.74
2025-05-12 17:15:00,13450.26
2025-05-12 17:30:00,13443.6
2025-05-12 17:45:00,13486.22
2025-05-12 18:00:00,13568.26
2025-05-12 18:15:00,13611.83
2025-05-12 18:30:00,13632.89
2025-05-12 18:45:00,13701.73
2025-05-12 19:00:00,13696.82
2025-05-12 19:15:00,13728.2
2025-05-12 19:30:00,13725.82
2025-05-12 19:45:00,13704.84
2025-05-12 20:00:00,13513.05
2025-05-12 20:15:00,13349.49
2025-05-12 20:30:00,13222.85
2025-05-12 20:45:00,12957.16
2025-05-12 21:00:00,12977.0
2025-05-12 21:15:00,12669.06
2025-05-12 21:30:00,12435.73
2025-05-12 21:45:00,12272.38
2025-05-12 22:00:00,12025.86
2025-05-12 22:15:00,11823.5
2025-05-12 22:30:00,11662.9
2025-05-12 22:45:00,11465.67
2025-05-12 23:00:00,11285.83
2025-05-12 23:15:00,11118.25
2025-05-12 23:30:00,10978.42
2025-05-12 23:45:00,10865.13
2025-05-13 00:00:00,10854.82
2025-05-13 00:15:00,10797.7
2025-05-13 00:30:00,10708.74
2025-05-13 00:45:00,10661.87
2025-05-13 01:00:00,10647.6
2025-05-13 01:15:00,10640.3
2025-05-13 01:30:00,10635.96
2025-05-13 01:45:00,10560.31
2025-05-13 02:00:00,10708.7
2025-05-13 02:15:00,10680.99
2025-05-13 02:30:00,10670.89
2025-05-13 02:45:00,10649.57
2025-05-13 03:00:00,10774.14
2025-05-13 03:15:00,10788.4
2025-05-13 03:30:00,10830.76
2025-05-13 03:45:00,10861.94
2025-05-13 04:00:00,11118.39
2025-05-13 04:15:00,11269.67
2025-05-13 04:30:00,11408.74
2025-05-13 04:45:00,11615.13
2025-05-13 05:00:00,11972.1
2025-05-13 05:15:00,12220.28
2025-05-13 05:30:00,12362.72
2025-05-13 05:45:00,12547.98
2025-05-13 06:00:00,12631.46
2025-05-13 06:15:00,12661.6
2025-05-13 06:30:00,12718.48
2025-05-13 06:45:00,12873.63
2025-05-13 07:00:00,12836.46
2025-05-13 07:15:00,12872.81
2025-05-13 07:30:00,12874.14
2025-05-13 07:45:00,12927.99
2025-05-13 08:00:00,12885.81
2025-05-13 08:15:00,12918.13
2025-05-13 08:30:00,12948.62
2025-05-13 08:45:00,13030.89
2025-05-13 09:00:00,12939.52
2025-05-13 09:15:00,12877.84
2025-05-13 09:30:00,12875.96
2025-05-13 09:45:00,12926.52
2025-05-13 10:00:00,12943.25
2025-05-13 10:15:00,13041.78
2025-05-13 10:30:00,12897.94
2025-05-13 10:45:00,13027.6
2025-05-13 11:00:00,13042.73
2025-05-13 11:15:00,13074.29
2025-05-13 11:30:00,13093.87
2025-05-13 11:45:00,13027.69
2025-05-13 12:00:00,12899.12
2025-05-13 12:15:00,12863.15
2025-05-13 12:30:00,12894.55
2025-05-13 12:45:00,12838.84
2025-05-13 13:00:00,12956.63
2025-05-13 13:15:00,12962.21
2025-05-13 13:30:00,12846.06
2025-05-13 13:45:00,12842.06
2025-05-13 14:00:00,12866.92
2025-05-13 14:15:00,12848.66
2025-05-13 14:30:00,12893.49
2025-05-13 14:45:00,13019.48
2025-05-13 15:00:00,13150.84
2025-05-13 15:15:00,13249.6
2025-05-13 15:30:00,13350.86
2025-05-13 15:45:00,13411.64
2025-05-13 16:00:00,13321.62
2025-05-13 16:15:00,13318.79
2025-05-13 16:30:00,13278.9
2025-05-13 16:45:00,13308.11
2025-05-13 17:00:00,13454.63
2025-05-13 17:15:00,13453.39
2025-05-13 17:30:00,13482.0
2025-05-13 17:45:00,13560.79
2025-05-13 18:00:00,13614.97
2025-05-13 18:15:00,13625.34
2025-05-13 18:30:00,13703.57
2025-05-13 18:45:00,13836.68
2025-05-13 19:00:00,13915.38
2025-05-13 19:15:00,13940.34
2025-05-13 19:30:00,13941.14
2025-05-13 19:45:00,13893.56
2025-05-13 20:00:00,13683.42
2025-05-13 20:15:00,13478.41
2025-05-13 20:30:00,13236.73
2025-05-13 20:45:00,13026.32
2025-05-13 21:00:00,12881.6
2025-05-13 21:15:00,12627.98
2025-05-13 21:30:00,12409.17
2025-05-13 21:45:00,12178.67
2025-05-13 22:00:00,11941.09
2025-05-13 22:15:00,11787.92
2025-05-13 22:30:00,11627.81
2025-05-13 22:45:00,11442.43
2025-05-13 23:00:00,11292.18
2025-05-13 23:15:00,11167.55
2025-05-13 23:30:00,11029.12
2025-05-13 23:45:00,10935.26
2025-05-14 00:00:00,10898.5
2025-05-14 00:15:00,10824.93
2025-05-14 00:30:00,10779.06
2025-05-14 00:45:00,10672.94
2025-05-14 01:00:00,10623.47
2025-05-14 01:15:00,10578.8
2025-05-14 01:30:00,10536.44
2025-05-14 01:45:00,10513.1
2025-05-14 02:00:00,10539.19
2025-05-14 02:15:00,10537.33
2025-05-14 02:30:00,10549.57
2025-05-14 02:45:00,10535.9
2025-05-14 03:00:00,10672.86
2025-05-14 03:15:00,10754.85
2025-05-14 03:30:00,10814.08
2025-05-14 03:45:00,10930.27
2025-05-14 04:00:00,11151.14
2025-05-14 04:15:00,11287.25
2025-05-14 04:30:00,11460.39
2025-05-14 04:45:00,11653.51
2025-05-14 05:00:00,11896.69
2025-05-14 05:15:00,12110.5
2025-05-14 05:30:00,12341.35
2025-05-14 05:45:00,12549.54
2025-05-14 06:00:00,12688.35
2025-05-14 06:15:00,12807.77
2025-05-14 06:30:00,12863.67
2025-05-14 06:45:00,13000.25
2025-05-14 07:00:00,13095.05
2025-05-14 07:15:00,12998.08
2025-05-14 07:30:00,13010.58
2025-05-14 07:45:00,13254.39
2025-05-14 08:00:00,13009.26
2025-05-14 08:15:00,13042.62
2025-05-14 08:30:00,13086.3
2025-05-14 08:45:00,13254.26
2025-05-14 09:00:00,13029.12
2025-05-14 09:15:00,13000.84
2025-05-14 09:30:00,13150.81
2025-05-14 09:45:00,13080.48
2025-05-14 10:00:00,13024.28
2025-05-14 10:15:00,12912.59
2025-05-14 10:30:00,12890.18
2025-05-14 10:45:00,12955.05
2025-05-14 11:00:00,13038.96
2025-05-14 11:15:00,13133.45
2025-05-14 11:30:00,13060.88
2025-05-14 11:45:00,13080.33
2025-05-14 12:00:00,12982.44
2025-05-14 12:15:00,12927.78
2025-05-14 12:30:00,12845.14
2025-05-14 12:45:00,12944.22
2025-05-14 13:00:00,12963.89
2025-05-14 13:15:00,12950.07
2025-05-14 13:30:00,12982.56
2025-05-14 13:45:00,13009.77
2025-05-14 14:00:00,12977.03
2025-05-14 14:15:00,12912.11
2025-05-14 14:30:00,12963.86
2025-05-14 14:45:00,13102.31
2025-05-14 15:00:00,13247.66
2025-05-14 15:15:00,13461.6
2025-05-14 15:30:00,13491.95
2025-05-14 15:45:00,13463.52
2025-05-14 16:00:00,13319.2
2025-05-14 16:15:00,13311.0
2025-05-14 16:30:00,13286.78
2025-05-14 16:45:00,13232.45
2025-05-14 17:00:00,13205.0
2025-05-14 17:15:00,13295.0
2025-05-14 17:30:00,13329.49
2025-05-14 17:45:00,13462.25
2025-05-14 18:00:00,13482.75
2025-05-14 18:15:00,13561.27
2025-05-14 18:30:00,13666.03
2025-05-14 18:45:00,13771.67
2025-05-14 19:00:00,13797.45
2025-05-14 19:15:00,13821.56
2025-05-14 19:30:00,13823.54
2025-05-14 19:45:00,13799.53
2025-05-14 20:00:00,13570.59
2025-05-14 20:15:00,13435.38
2025-05-14 20:30:00,13232.59
2025-05-14 20:45:00,12994.07
2025-05-14 21:00:00,12842.72
2025-05-14 21:15:00,12652.42
2025-05-14 21:30:00,12414.99
2025-05-14 21:45:00,12145.98
2025-05-14 22:00:00,11970.43
2025-05-14 22:15:00,11805.2
2025-05-14 22:30:00,11690.93
2025-05-14 22:45:00,11555.06
2025-05-14 23:00:00,11430.26
2025-05-14 23:15:00,11281.12
2025-05-14 23:30:00,11135.31
2025-05-14 23:45:00,11011.71
2025-05-15 00:00:00,10917.73
2025-05-15 00:15:00,10819.71
2025-05-15 00:30:00,10722.86
2025-05-15 00:45:00,10663.92
2025-05-15 01:00:00,10730.57
2025-05-15 01:15:00,10685.49
2025-05-15 01:30:00,10653.25
2025-05-15 01:45:00,10624.39
2025-05-15 02:00:00,10632.13
2025-05-15 02:15:00,10642.4
2025-05-15 02:30:00,10621.21
2025-05-15 02:45:00,10634.27
2025-05-15 03:00:00,10759.62
2025-05-15 03:15:00,10844.81
2025-05-15 03:30:00,10901.41
2025-05-15 03:45:00,10988.93
2025-05-15 04:00:00,11279.28
2025-05-15 04:15:00,11463.93
2025-05-15 04:30:00,11680.01
2025-05-15 04:45:00,11927.13
2025-05-15 05:00:00,12272.8
2025-05-15 05:15:00,12623.36
2025-05-15 05:30:00,12828.45
2025-05-15 05:45:00,13054.24
2025-05-15 06:00:00,13144.7
2025-05-15 06:15:00,13233.37
2025-05-15 06:30:00,13338.77
2025-05-15 06:45:00,13354.85
2025-05-15 07:00:00,13358.48
2025-05-15 07:15:00,13345.14
2025-05-15 07:30:00,13253.53
2025-05-15 07:45:00,13239.51
2025-05-15 08:00:00,13214.98
2025-05-15 08:15:00,13254.3
2025-05-15 08:30:00,13235.31
2025-05-15 08:45:00,13487.32
2025-05-15 09:00:00,13102.82
2025-05-15 09:15:00,13107.54
2025-05-15 09:30:00,13146.34
2025-05-15 09:45:00,13242.67
2025-05-15 10:00:00,13087.68
2025-05-15 10:15:00,13082.48
2025-05-15 10:30:00,12895.43
2025-05-15 10:45:00,12954.72
2025-05-15 11:00:00,12893.92
2025-05-15 11:15:00,12888.38
2025-05-15 11:30:00,12907.93
2025-05-15 11:45:00,12893.96
2025-05-15 12:00:00,12909.87
2025-05-15 12:15:00,12860.91
2025-05-15 12:30:00,12789.58
2025-05-15 12:45:00,12780.33
2025-05-15 13:00:00,12836.31
2025-05-15 13:15:00,12841.85
2025-05-15 13:30:00,12811.64
2025-05-15 13:45:00,12787.97
2025-05-15 14:00:00,12734.94
2025-05-15 14:15:00,12806.59
2025-05-15 14:30:00,12793.74
2025-05-15 14:45:00,12899.5
2025-05-15 15:00:00,13156.86
2025-05-15 15:15:00,13280.99
2025-05-15 15:30:00,13351.47
2025-05-15 15:45:00,13357.98
2025-05-15 16:00:00,13338.64
2025-05-15 16:15:00,13211.47
2025-05-15 16:30:00,13179.07
2025-05-15 16:45:00,13222.49
2025-05-15 17:00:00,13275.45
2025-05-15 17:15:00,13259.93
2025-05-15 17:30:00,13320.43
2025-05-15 17:45:00,13433.94
2025-05-15 18:00:00,13500.56
2025-05-15 18:15:00,13482.34
2025-05-15 18:30:00,13577.51
2025-05-15 18:45:00,13624.0
2025-05-15 19:00:00,13693.28
2025-05-15 19:15:00,13742.05
2025-05-15 19:30:00,13709.98
2025-05-15 19:45:00,13690.8
2025-05-15 20:00:00,13625.18
2025-05-15 20:15:00,13484.22
2025-05-15 20:30:00,13231.78
2025-05-15 20:45:00,13098.97
2025-05-15 21:00:00,12999.59
2025-05-15 21:15:00,12789.67
2025-05-15 21:30:00,12482.84
2025-05-15 21:45:00,12314.85
2025-05-15 22:00:00,12120.31
2025-05-15 22:15:00,11863.26
2025-05-15 22:30:00,11660.54
2025-05-15 22:45:00,11465.24
2025-05-15 23:00:00,11359.34
2025-05-15 23:15:00,11211.25
2025-05-15 23:30:00,11088.73
2025-05-15 23:45:00,10940.18
2025-05-16 00:00:00,10905.02
2025-05-16 00:15:00,10857.21
2025-05-16 00:30:00,10801.1
2025-05-16 00:45:00,10718.98
2025-05-16 01:00:00,10789.85
2025-05-16 01:15:00,10715.75
2025-05-16 01:30:00,10680.85
2025-05-16 01:45:00,10691.45
2025-05-16 02:00:00,10688.99
2025-05-16 02:15:00,10698.04
2025-05-16 02:30:00,10681.39
2025-05-16 02:45:00,10743.1
2025-05-16 03:00:00,10912.55
2025-05-16 03:15:00,10873.4
2025-05-16 03:30:00,10904.43
2025-05-16 03:45:00,10982.39
2025-05-16 04:00:00,11184.98
2025-05-16 04:15:00,11312.23
2025-05-16 04:30:00,11428.45
2025-05-16 04:45:00,11574.19
2025-05-16 05:00:00,11936.74
2025-05-16 05:15:00,12180.52
2025-05-16 05:30:00,12362.25
2025-05-16 05:45:00,12561.08
2025-05-16 06:00:00,12671.33
2025-05-16 06:15:00,12782.53
2025-05-16 06:30:00,12906.36
2025-05-16 06:45:00,12982.92
2025-05-16 07:00:00,13273.66
2025-05-16 07:15:00,13053.37
2025-05-16 07:30:00,13051.2
2025-05-16 07:45:00,13105.63
2025-05-16 08:00:00,13314.36
2025-05-16 08:15:00,13133.3
2025-05-16 08:30:00,13231.89
2025-05-16 08:45:00,13140.76
2025-05-16 09:00:00,13019.64
2025-05-16 09:15:00,12984.76
2025-05-16 09:30:00,12993.51
2025-05-16 09:45:00,13042.07
2025-05-16 10:00:00,13137.2
2025-05-16 10:15:00,12964.77
2025-05-16 10:30:00,13071.31
2025-05-16 10:45:00,12967.06
2025-05-16 11:00:00,13057.58
2025-05-16 11:15:00,13017.61
2025-05-16 11:30:00,13008.78
2025-05-16 11:45:00,12933.45
2025-05-16 12:00:00,12969.11
2025-05-16 12:15:00,12874.73
2025-05-16 12:30:00,12810.54
2025-05-16 12:45:00,12779.18
2025-05-16 13:00:00,12731.26
2025-05-16 13:15:00,12730.3
2025-05-16 13:30:00,12718.43
2025-05-16 13:45:00,12716.58
2025-05-16 14:00:00,12831.59
2025-05-16 14:15:00,12894.94
2025-05-16 14:30:00,12868.95
2025-05-16 14:45:00,12983.0
2025-05-16 15:00:00,13191.43
2025-05-16 15:15:00,13325.72
2025-05-16 15:30:00,13449.58
2025-05-16 15:45:00,13528.41
2025-05-16 16:00:00,13402.99
2025-05-16 16:15:00,13451.42
2025-05-16 16:30:00,13391.83
2025-05-16 16:45:00,13388.4
2025-05-16 17:00:00,13382.74
2025-05-16 17:15:00,13337.16
2025-05-16 17:30:00,13374.26
2025-05-16 17:45:00,13431.64
2025-05-16 18:00:00,13445.53
2025-05-16 18:15:00,13490.58
2025-05-16 18:30:00,13498.19
2025-05-16 18:45:00,13490.8
2025-05-16 19:00:00,13366.06
2025-05-16 19:15:00,13244.14
2025-05-16 19:30:00,13251.53
2025-05-16 19:45:00,13302.47
2025-05-16 20:00:00,13104.73
2025-05-16 20:15:00,13001.42
2025-05-16 20:30:00,12826.98
2025-05-16 20:45:00,12694.66
2025-05-16 21:00:00,12709.08
2025-05-16 21:15:00,12561.12
2025-05-16 21:30:00,12362.08
2025-05-16 21:45:00,12021.08
2025-05-16 22:00:00,11875.56
2025-05-16 22:15:00,11653.16
2025-05-16 22:30:00,11477.17
2025-05-16 22:45:00,11318.97
2025-05-16 23:00:00,11139.0
2025-05-16 23:15:00,11023.18
2025-05-16 23:30:00,10868.33
2025-05-16 23:45:00,10795.88
2025-05-17 00:00:00,10695.72
2025-05-17 00:15:00,10661.38
2025-05-17 00:30:00,10583.94
2025-05-17 00:45:00,10508.07
2025-05-17 01:00:00,10425.04
2025-05-17 01:15:00,10347.11
2025-05-17 01:30:00,10358.66
2025-05-17 01:45:00,10338.2
2025-05-17 02:00:00,10276.95
2025-05-17 02:15:00,10306.86
2025-05-17 02:30:00,10313.67
2025-05-17 02:45:00,10317.79
2025-05-17 03:00:00,10376.83
2025-05-17 03:15:00,10353.13
2025-05-17 03:30:00,10275.47
2025-05-17 03:45:00,10267.2
2025-05-17 04:00:00,10269.37
2025-05-17 04:15:00,10176.23
2025-05-17 04:30:00,10203.29
2025-05-17 04:45:00,10212.84
2025-05-17 05:00:00,10207.01
2025-05-17 05:15:00,10204.22
2025-05-17 05:30:00,10239.19
2025-05-17 05:45:00,10388.17
2025-05-17 06:00:00,10419.09
2025-05-17 06:15:00,10530.91
2025-05-17 06:30:00,10743.95
2025-05-17 06:45:00,11021.1
2025-05-17 07:00:00,11058.78
2025-05-17 07:15:00,11066.32
2025-05-17 07:30:00,11106.18
2025-05-17 07:45:00,11144.13
2025-05-17 08:00:00,11144.65
2025-05-17 08:15:00,11175.68
2025-05-17 08:30:00,11271.09
2025-05-17 08:45:00,11283.77
2025-05-17 09:00:00,11305.77
2025-05-17 09:15:00,11359.41
2025-05-17 09:30:00,11410.05
2025-05-17 09:45:00,11395.75
2025-05-17 10:00:00,11387.57
2025-05-17 10:15:00,11354.67
2025-05-17 10:30:00,11323.02
2025-05-17 10:45:00,11450.78
2025-05-17 11:00:00,11318.39
2025-05-17 11:15:00,11228.33
2025-05-17 11:30:00,11252.87
2025-05-17 11:45:00,11177.72
2025-05-17 12:00:00,11136.29
2025-05-17 12:15:00,11132.32
2025-05-17 12:30:00,11053.31
2025-05-17 12:45:00,11155.96
2025-05-17 13:00:00,11265.79
2025-05-17 13:15:00,11177.16
2025-05-17 13:30:00,11074.8
2025-05-17 13:45:00,11033.43
2025-05-17 14:00:00,11137.96
2025-05-17 14:15:00,11097.54
2025-05-17 14:30:00,11103.03
2025-05-17 14:45:00,11208.63
2025-05-17 15:00:00,11542.2
2025-05-17 15:15:00,11454.86
2025-05-17 15:30:00,11652.64
2025-05-17 15:45:00,11722.98
2025-05-17 16:00:00,11711.55
2025-05-17 16:15:00,11797.34
2025-05-17 16:30:00,11798.63
2025-05-17 16:45:00,11772.76
2025-05-17 17:00:00,11822.33
2025-05-17 17:15:00,11792.87
2025-05-17 17:30:00,11876.61
2025-05-17 17:45:00,11971.68
2025-05-17 18:00:00,12129.18
2025-05-17 18:15:00,12252.92
2025-05-17 18:30:00,12258.83
2025-05-17 18:45:00,12338.18
2025-05-17 19:00:00,12395.68
2025-05-17 19:15:00,12405.94
2025-05-17 19:30:00,12372.37
2025-05-17 19:45:00,12411.1
2025-05-17 20:00:00,12281.41
2025-05-17 20:15:00,12167.76
2025-05-17 20:30:00,12072.41
2025-05-17 20:45:00,11929.09
2025-05-17 21:00:00,11771.82
2025-05-17 21:15:00,11703.74
2025-05-17 21:30:00,11614.99
2025-05-17 21:45:00,11423.41
2025-05-17 22:00:00,11298.81
2025-05-17 22:15:00,11205.97
2025-05-17 22:30:00,11101.94
2025-05-17 22:45:00,10918.93
2025-05-17 23:00:00,10750.32
2025-05-17 23:15:00,10643.29
2025-05-17 23:30:00,10582.06
2025-05-17 23:45:00,10511.0
2025-05-18 00:00:00,10406.66
2025-05-18 00:15:00,10237.53
2025-05-18 00:30:00,10134.48
2025-05-18 00:45:00,10173.7
2025-05-18 01:00:00,10152.12
2025-05-18 01:15:00,10113.94
2025-05-18 01:30:00,10065.12
2025-05-18 01:45:00,10034.63
2025-05-18 02:00:00,10091.06
2025-05-18 02:15:00,10071.71
2025-05-18 02:30:00,10041.82
2025-05-18 02:45:00,9988.58
2025-05-18 03:00:00,9998.37
2025-05-18 03:15:00,9975.31
2025-05-18 03:30:00,9944.6
2025-05-18 03:45:00,9874.51
2025-05-18 04:00:00,9840.31
2025-05-18 04:15:00,9828.98
2025-05-18 04:30:00,9794.37
2025-05-18 04:45:00,9823.02
2025-05-18 05:00:00,9816.75
2025-05-18 05:15:00,9868.54
2025-05-18 05:30:00,9885.23
2025-05-18 05:45:00,9966.92
2025-05-18 06:00:00,9938.06
2025-05-18 06:15:00,10005.63
2025-05-18 06:30:00,10267.96
2025-05-18 06:45:00,10393.78
2025-05-18 07:00:00,10488.81
2025-05-18 07:15:00,10576.43
2025-05-18 07:30:00,10805.69
2025-05-18 07:45:00,10948.12
2025-05-18 08:00:00,10838.04
2025-05-18 08:15:00,10915.05
2025-05-18 08:30:00,10996.22
2025-05-18 08:45:00,11177.51
2025-05-18 09:00:00,10991.9
2025-05-18 09:15:00,11056.67
2025-05-18 09:30:00,11095.55
2025-05-18 09:45:00,11199.02
2025-05-18 10:00:00,11172.81
2025-05-18 10:15:00,11175.94
2025-05-18 10:30:00,11219.4
2025-05-18 10:45:00,11305.14
2025-05-18 11:00:00,11262.03
2025-05-18 11:15:00,11324.15
2025-05-18 11:30:00,11252.58
2025-05-18 11:45:00,11202.56
2025-05-18 12:00:00,11109.81
2025-05-18 12:15:00,11109.32
2025-05-18 12:30:00,11136.97
2025-05-18 12:45:00,11172.2
2025-05-18 13:00:00,11085.1
2025-05-18 13:15:00,11114.68
2025-05-18 13:30:00,11033.36
2025-05-18 13:45:00,11025.54
2025-05-18 14:00:00,11008.6
2025-05-18 14:15:00,10992.38
2025-05-18 14:30:00,11112.08
2025-05-18 14:45:00,11266.95
2025-05-18 15:00:00,11470.89
2025-05-18 15:15:00,11809.7
2025-05-18 15:30:00,11833.33
2025-05-18 15:45:00,11862.85
2025-05-18 16:00:00,11828.41
2025-05-18 16:15:00,11716.36
2025-05-18 16:30:00,11768.8
2025-05-18 16:45:00,11816.76
2025-05-18 17:00:00,11912.08
2025-05-18 17:15:00,11872.08
2025-05-18 17:30:00,11875.16
2025-05-18 17:45:00,11972.02
2025-05-18 18:00:00,12065.67
2025-05-18 18:15:00,12156.36
2025-05-18 18:30:00,12219.82
2025-05-18 18:45:00,12311.14
2025-05-18 19:00:00,12386.61
2025-05-18 19:15:00,12423.86
2025-05-18 19:30:00,12398.58
2025-05-18 19:45:00,12449.83
2025-05-18 20:00:00,12344.21
2025-05-18 20:15:00,12215.23
2025-05-18 20:30:00,12110.86
2025-05-18 20:45:00,11911.56
2025-05-18 21:00:00,11734.21
2025-05-18 21:15:00,11558.35
2025-05-18 21:30:00,11422.91
2025-05-18 21:45:00,11216.27
2025-05-18 22:00:00,11175.91
2025-05-18 22:15:00,11025.21
2025-05-18 22:30:00,10844.06
2025-05-18 22:45:00,10788.85
2025-05-18 23:00:00,10692.73
2025-05-18 23:15:00,10557.22
2025-05-18 23:30:00,10474.49
2025-05-18 23:45:00,10478.19
2025-05-19 00:00:00,10459.08
2025-05-19 00:15:00,10400.07
2025-05-19 00:30:00,10420.36
2025-05-19 00:45:00,10358.42
2025-05-19 01:00:00,10400.71
2025-05-19 01:15:00,10339.14
2025-05-19 01:30:00,10281.85
2025-05-19 01:45:00,10202.24
2025-05-19 02:00:00,10221.25
2025-05-19 02:15:00,10218.45
2025-05-19 02:30:00,10213.51
2025-05-19 02:45:00,10260.42
2025-05-19 03:00:00,10433.59
2025-05-19 03:15:00,10456.62
2025-05-19 03:30:00,10526.6
2025-05-19 03:45:00,10611.8
2025-05-19 04:00:00,10958.06
2025-05-19 04:15:00,11072.41
2025-05-19 04:30:00,11242.26
2025-05-19 04:45:00,11466.77
2025-05-19 05:00:00,11810.34
2025-05-19 05:15:00,12019.33
2025-05-19 05:30:00,12252.89
2025-05-19 05:45:00,12467.94
2025-05-19 06:00:00,12560.98
2025-05-19 06:15:00,12644.59
2025-05-19 06:30:00,12750.04
2025-05-19 06:45:00,12850.2
2025-05-19 07:00:00,12901.15
2025-05-19 07:15:00,12747.49
2025-05-19 07:30:00,12787.95
2025-05-19 07:45:00,12940.56
2025-05-19 08:00:00,12772.58
2025-05-19 08:15:00,12741.35
2025-05-19 08:30:00,12839.73
2025-05-19 08:45:00,12903.63
2025-05-19 09:00:00,12841.88
2025-05-19 09:15:00,12850.25
2025-05-19 09:30:00,12767.35
2025-05-19 09:45:00,12828.02
2025-05-19 10:00:00,12955.52
2025-05-19 10:15:00,13024.49
2025-05-19 10:30:00,12786.26
2025-05-19 10:45:00,12956.48
2025-05-19 11:00:00,12947.41
2025-05-19 11:15:00,12941.43
2025-05-19 11:30:00,12931.19
2025-05-19 11:45:00,12952.93
2025-05-19 12:00:00,12905.97
2025-05-19 12:15:00,12906.44
2025-05-19 12:30:00,12875.8
2025-05-19 12:45:00,12861.07
2025-05-19 13:00:00,12916.02
2025-05-19 13:15:00,12903.5
2025-05-19 13:30:00,13046.61
2025-05-19 13:45:00,12936.27
2025-05-19 14:00:00,12841.8
2025-05-19 14:15:00,12847.87
2025-05-19 14:30:00,12876.02
2025-05-19 14:45:00,12989.58
2025-05-19 15:00:00,13088.35
2025-05-19 15:15:00,13240.64
2025-05-19 15:30:00,13193.56
2025-05-19 15:45:00,13255.31
2025-05-19 16:00:00,13273.65
2025-05-19 16:15:00,13106.14
2025-05-19 16:30:00,13000.69
2025-05-19 16:45:00,13016.34
2025-05-19 17:00:00,13297.56
2025-05-19 17:15:00,13265.0
2025-05-19 17:30:00,13168.83
2025-05-19 17:45:00,13250.39
2025-05-19 18:00:00,13410.3
2025-05-19 18:15:00,13414.62
2025-05-19 18:30:00,13321.38
2025-05-19 18:45:00,13440.28
2025-05-19 19:00:00,13482.68
2025-05-19 19:15:00,13501.65
2025-05-19 19:30:00,13493.33
2025-05-19 19:45:00,13544.73
2025-05-19 20:00:00,13378.14
2025-05-19 20:15:00,13210.36
2025-05-19 20:30:00,13036.19
2025-05-19 20:45:00,12800.07
2025-05-19 21:00:00,12721.58
2025-05-19 21:15:00,12522.48
2025-05-19 21:30:00,12229.8
2025-05-19 21:45:00,12091.39
2025-05-19 22:00:00,11953.43
2025-05-19 22:15:00,11780.49
2025-05-19 22:30:00,11553.15
2025-05-19 22:45:00,11354.29
2025-05-19 23:00:00,11239.3
2025-05-19 23:15:00,11092.01
2025-05-19 23:30:00,11047.65
2025-05-19 23:45:00,10970.99
2025-05-20 00:00:00,10897.99
2025-05-20 00:15:00,10858.26
2025-05-20 00:30:00,10818.45
2025-05-20 00:45:00,10741.62
2025-05-20 01:00:00,10631.5
2025-05-20 01:15:00,10603.91
2025-05-20 01:30:00,10621.79
2025-05-20 01:45:00,10505.99
2025-05-20 02:00:00,10563.33
2025-05-20 02:15:00,10576.59
2025-05-20 02:30:00,10581.87
2025-05-20 02:45:00,10577.29
2025-05-20 03:00:00,10753.21
2025-05-20 03:15:00,10761.21
2025-05-20 03:30:00,10802.63
2025-05-20 03:45:00,10812.51
2025-05-20 04:00:00,11061.49
2025-05-20 04:15:00,11201.56
2025-05-20 04:30:00,11341.81
2025-05-20 04:45:00,11501.25
2025-05-20 05:00:00,11820.32
2025-05-20 05:15:00,12066.69
2025-05-20 05:30:00,12299.34
2025-05-20 05:45:00,12489.78
2025-05-20 06:00:00,12690.6
2025-05-20 06:15:00,12681.67
2025-05-20 06:30:00,12749.8
2025-05-20 06:45:00,12875.62
2025-05-20 07:00:00,12872.8
2025-05-20 07:15:00,12890.42
2025-05-20 07:30:00,12899.41
2025-05-20 07:45:00,12970.95
2025-05-20 08:00:00,12936.49
2025-05-20 08:15:00,12915.74
2025-05-20 08:30:00,13059.25
2025-05-20 08:45:00,13108.34
2025-05-20 09:00:00,13020.38
2025-05-20 09:15:00,13086.49
2025-05-20 09:30:00,13119.87
2025-05-20 09:45:00,13085.51
2025-05-20 10:00:00,13018.97
2025-05-20 10:15:00,12945.35
2025-05-20 10:30:00,12919.67
2025-05-20 10:45:00,12962.42
2025-05-20 11:00:00,13023.48
2025-05-20 11:15:00,13065.8
2025-05-20 11:30:00,13113.62
2025-05-20 11:45:00,13059.64
2025-05-20 12:00:00,13014.97
2025-05-20 12:15:00,12914.65
2025-05-20 12:30:00,12863.07
2025-05-20 12:45:00,12838.21
2025-05-20 13:00:00,12803.33
2025-05-20 13:15:00,12766.81
2025-05-20 13:30:00,12801.17
2025-05-20 13:45:00,12812.1
2025-05-20 14:00:00,12862.11
2025-05-20 14:15:00,12840.23
2025-05-20 14:30:00,12817.17
2025-05-20 14:45:00,12876.49
2025-05-20 15:00:00,12954.12
2025-05-20 15:15:00,13046.97
2025-05-20 15:30:00,13149.22
2025-05-20 15:45:00,13343.98
2025-05-20 16:00:00,13211.7
2025-05-20 16:15:00,13022.33
2025-05-20 16:30:00,12985.44
2025-05-20 16:45:00,12996.19
2025-05-20 17:00:00,13055.36
2025-05-20 17:15:00,13074.92
2025-05-20 17:30:00,13102.82
2025-05-20 17:45:00,13207.21
2025-05-20 18:00:00,13203.71
2025-05-20 18:15:00,13268.87
2025-05-20 18:30:00,13335.01
2025-05-20 18:45:00,13428.19
2025-05-20 19:00:00,13474.23
2025-05-20 19:15:00,13501.01
2025-05-20 19:30:00,13527.68
2025-05-20 19:45:00,13516.64
2025-05-20 20:00:00,13483.74
2025-05-20 20:15:00,13373.97
2025-05-20 20:30:00,13143.97
2025-05-20 20:45:00,12887.13
2025-05-20 21:00:00,12768.65
2025-05-20 21:15:00,12521.15
2025-05-20 21:30:00,12272.62
2025-05-20 21:45:00,12113.31
2025-05-20 22:00:00,11880.04
2025-05-20 22:15:00,11693.28
2025-05-20 22:30:00,11579.69
2025-05-20 22:45:00,11399.88
2025-05-20 23:00:00,11305.24
2025-05-20 23:15:00,11127.1
2025-05-20 23:30:00,11005.18
2025-05-20 23:45:00,10960.88
2025-05-21 00:00:00,10932.48
2025-05-21 00:15:00,10871.07
2025-05-21 00:30:00,10831.38
2025-05-21 00:45:00,10725.09
2025-05-21 01:00:00,10644.18
2025-05-21 01:15:00,10648.8
2025-05-21 01:30:00,10628.8
2025-05-21 01:45:00,10610.68
2025-05-21 02:00:00,10613.58
2025-05-21 02:15:00,10660.03
2025-05-21 02:30:00,10632.03
2025-05-21 02:45:00,10662.32
2025-05-21 03:00:00,10838.53
2025-05-21 03:15:00,10834.53
2025-05-21 03:30:00,10903.64
2025-05-21 03:45:00,10964.96
2025-05-21 04:00:00,11206.53
2025-05-21 04:15:00,11335.72
2025-05-21 04:30:00,11381.71
2025-05-21 04:45:00,11649.97
2025-05-21 05:00:00,11916.5
2025-05-21 05:15:00,12132.52
2025-05-21 05:30:00,12320.24
2025-05-21 05:45:00,12588.12
2025-05-21 06:00:00,12804.48
2025-05-21 06:15:00,13019.16
2025-05-21 06:30:00,13119.71
2025-05-21 06:45:00,13128.73
2025-05-21 07:00:00,13134.26
2025-05-21 07:15:00,13138.44
2025-05-21 07:30:00,13222.36
2025-05-21 07:45:00,13185.85
2025-05-21 08:00:00,13153.93
2025-05-21 08:15:00,13206.6
2025-05-21 08:30:00,13201.95
2025-05-21 08:45:00,13215.8
2025-05-21 09:00:00,13167.15
2025-05-21 09:15:00,13136.68
2025-05-21 09:30:00,13164.01
2025-05-21 09:45:00,13148.44
2025-05-21 10:00:00,13095.6
2025-05-21 10:15:00,13084.6
2025-05-21 10:30:00,13045.06
2025-05-21 10:45:00,13102.87
2025-05-21 11:00:00,13169.86
2025-05-21 11:15:00,13226.22
2025-05-21 11:30:00,13280.62
2025-05-21 11:45:00,13233.13
2025-05-21 12:00:00,13158.04
2025-05-21 12:15:00,13211.35
2025-05-21 12:30:00,13106.68
2025-05-21 12:45:00,13083.11
2025-05-21 13:00:00,12951.49
2025-05-21 13:15:00,13030.06
2025-05-21 13:30:00,12988.47
2025-05-21 13:45:00,13006.04
2025-05-21 14:00:00,13033.62
2025-05-21 14:15:00,13046.06
2025-05-21 14:30:00,13164.55
2025-05-21 14:45:00,13292.79
2025-05-21 15:00:00,13465.98
2025-05-21 15:15:00,13481.53
2025-05-21 15:30:00,13587.22
2025-05-21 15:45:00,13487.43
2025-05-21 16:00:00,13360.64
2025-05-21 16:15:00,13268.92
2025-05-21 16:30:00,13179.97
2025-05-21 16:45:00,13261.44
2025-05-21 17:00:00,13201.51
2025-05-21 17:15:00,13159.49
2025-05-21 17:30:00,13196.63
2025-05-21 17:45:00,13221.81
2025-05-21 18:00:00,13268.86
2025-05-21 18:15:00,13268.55
2025-05-21 18:30:00,13326.6
2025-05-21 18:45:00,13415.62
2025-05-21 19:00:00,13550.78
2025-05-21 19:15:00,13623.5
2025-05-21 19:30:00,13505.7
2025-05-21 19:45:00,13431.24
2025-05-21 20:00:00,13283.3
2025-05-21 20:15:00,13165.06
2025-05-21 20:30:00,12951.32
2025-05-21 20:45:00,12765.31
2025-05-21 21:00:00,12587.58
2025-05-21 21:15:00,12376.5
2025-05-21 21:30:00,12174.43
2025-05-21 21:45:00,11961.57
2025-05-21 22:00:00,11817.33
2025-05-21 22:15:00,11610.11
2025-05-21 22:30:00,11536.06
2025-05-21 22:45:00,11366.47
2025-05-21 23:00:00,11369.31
2025-05-21 23:15:00,11211.14
2025-05-21 23:30:00,11168.48
2025-05-21 23:45:00,11071.06
2025-05-22 00:00:00,10921.22
2025-05-22 00:15:00,10771.77
2025-05-22 00:30:00,10684.54
2025-05-22 00:45:00,10602.99
2025-05-22 01:00:00,10586.0
2025-05-22 01:15:00,10571.15
2025-05-22 01:30:00,10524.36
2025-05-22 01:45:00,10509.93
2025-05-22 02:00:00,10494.75
2025-05-22 02:15:00,10510.05
2025-05-22 02:30:00,10550.6
2025-05-22 02:45:00,10576.1
2025-05-22 03:00:00,10686.03
2025-05-22 03:15:00,10736.6
2025-05-22 03:30:00,10799.03
2025-05-22 03:45:00,10876.17
2025-05-22 04:00:00,11164.59
2025-05-22 04:15:00,11356.86
2025-05-22 04:30:00,11548.9
2025-05-22 04:45:00,11770.36
2025-05-22 05:00:00,12068.73
2025-05-22 05:15:00,12289.38
2025-05-22 05:30:00,12622.63
2025-05-22 05:45:00,12904.98
2025-05-22 06:00:00,13049.78
2025-05-22 06:15:00,13136.56
2025-05-22 06:30:00,13278.82
2025-05-22 06:45:00,13447.16
2025-05-22 07:00:00,13375.83
2025-05-22 07:15:00,13385.38
2025-05-22 07:30:00,13408.2
2025-05-22 07:45:00,13426.84
2025-05-22 08:00:00,13320.68
2025-05-22 08:15:00,13269.64
2025-05-22 08:30:00,13195.29
2025-05-22 08:45:00,13205.8
2025-05-22 09:00:00,13112.47
2025-05-22 09:15:00,13162.55
2025-05-22 09:30:00,13106.61
2025-05-22 09:45:00,13170.23
2025-05-22 10:00:00,12978.0
2025-05-22 10:15:00,12919.84
2025-05-22 10:30:00,12886.67
2025-05-22 10:45:00,12822.42
2025-05-22 11:00:00,12904.05
2025-05-22 11:15:00,12883.66
2025-05-22 11:30:00,12916.93
2025-05-22 11:45:00,12953.81
2025-05-22 12:00:00,12872.07
2025-05-22 12:15:00,12864.92
2025-05-22 12:30:00,12872.56
2025-05-22 12:45:00,12822.55
2025-05-22 13:00:00,12786.61
2025-05-22 13:15:00,12912.24
2025-05-22 13:30:00,12920.28
2025-05-22 13:45:00,12835.72
2025-05-22 14:00:00,12840.17
2025-05-22 14:15:00,12879.96
2025-05-22 14:30:00,12853.4
2025-05-22 14:45:00,12969.76
2025-05-22 15:00:00,13171.25
2025-05-22 15:15:00,13306.3
2025-05-22 15:30:00,13396.28
2025-05-22 15:45:00,13395.54
2025-05-22 16:00:00,13330.76
2025-05-22 16:15:00,13314.08
2025-05-22 16:30:00,13150.86
2025-05-22 16:45:00,13182.91
2025-05-22 17:00:00,13155.0
2025-05-22 17:15:00,13194.37
2025-05-22 17:30:00,13172.33
2025-05-22 17:45:00,13235.76
2025-05-22 18:00:00,13342.9
2025-05-22 18:15:00,13339.05
2025-05-22 18:30:00,13392.85
2025-05-22 18:45:00,13453.28
2025-05-22 19:00:00,13438.81
2025-05-22 19:15:00,13537.33
2025-05-22 19:30:00,13475.03
2025-05-22 19:45:00,13524.53
2025-05-22 20:00:00,13462.56
2025-05-22 20:15:00,13317.23
2025-05-22 20:30:00,13191.46
2025-05-22 20:45:00,13037.29
2025-05-22 21:00:00,12790.99
2025-05-22 21:15:00,12666.63
2025-05-22 21:30:00,12418.54
2025-05-22 21:45:00,12224.06
2025-05-22 22:00:00,12036.62
2025-05-22 22:15:00,11845.56
2025-05-22 22:30:00,11633.93
2025-05-22 22:45:00,11504.47
2025-05-22 23:00:00,11426.45
2025-05-22 23:15:00,11315.47
2025-05-22 23:30:00,11149.43
2025-05-22 23:45:00,11064.2
2025-05-23 00:00:00,10987.88
2025-05-23 00:15:00,10914.4
2025-05-23 00:30:00,10829.06
2025-05-23 00:45:00,10758.86
2025-05-23 01:00:00,10775.77
2025-05-23 01:15:00,10724.14
2025-05-23 01:30:00,10644.78
2025-05-23 01:45:00,10641.29
2025-05-23 02:00:00,10683.4
2025-05-23 02:15:00,10774.39
2025-05-23 02:30:00,10753.89
2025-05-23 02:45:00,10766.3
2025-05-23 03:00:00,10939.72
2025-05-23 03:15:00,11078.7
2025-05-23 03:30:00,11050.86
2025-05-23 03:45:00,11046.82
2025-05-23 04:00:00,11371.96
2025-05-23 04:15:00,11485.24
2025-05-23 04:30:00,11643.92
2025-05-23 04:45:00,11873.71
2025-05-23 05:00:00,12148.91
2025-05-23 05:15:00,12322.66
2025-05-23 05:30:00,12554.64
2025-05-23 05:45:00,12777.74
2025-05-23 06:00:00,12961.62
2025-05-23 06:15:00,12981.26
2025-05-23 06:30:00,13058.73
2025-05-23 06:45:00,13267.3
2025-05-23 07:00:00,13285.73
2025-05-23 07:15:00,13304.84
2025-05-23 07:30:00,13377.16
2025-05-23 07:45:00,13372.62
2025-05-23 08:00:00,13376.88
2025-05-23 08:15:00,13280.2
2025-05-23 08:30:00,13237.42
2025-05-23 08:45:00,13291.57
2025-05-23 09:00:00,13391.68
2025-05-23 09:15:00,13379.53
2025-05-23 09:30:00,13310.17
2025-05-23 09:45:00,13335.69
2025-05-23 10:00:00,13298.85
2025-05-23 10:15:00,13243.93
2025-05-23 10:30:00,13198.8
2025-05-23 10:45:00,13193.76
2025-05-23 11:00:00,13357.36
2025-05-23 11:15:00,13283.08
2025-05-23 11:30:00,13251.98
2025-05-23 11:45:00,13168.72
2025-05-23 12:00:00,13052.17
2025-05-23 12:15:00,13032.5
2025-05-23 12:30:00,13105.38
2025-05-23 12:45:00,12955.39
2025-05-23 13:00:00,12909.84
2025-05-23 13:15:00,12894.5
2025-05-23 13:30:00,12857.31
2025-05-23 13:45:00,12823.33
2025-05-23 14:00:00,12833.71
2025-05-23 14:15:00,12844.2
2025-05-23 14:30:00,12784.47
2025-05-23 14:45:00,12891.18
2025-05-23 15:00:00,13004.26
2025-05-23 15:15:00,13124.95
2025-05-23 15:30:00,13235.78
2025-05-23 15:45:00,13134.73
2025-05-23 16:00:00,13118.28
2025-05-23 16:15:00,12966.8
2025-05-23 16:30:00,12850.2
2025-05-23 16:45:00,12797.87
2025-05-23 17:00:00,12746.31
2025-05-23 17:15:00,12684.58
2025-05-23 17:30:00,12695.21
2025-05-23 17:45:00,12797.55
2025-05-23 18:00:00,12828.41
2025-05-23 18:15:00,12777.77
2025-05-23 18:30:00,12823.47
2025-05-23 18:45:00,12909.65
2025-05-23 19:00:00,13004.44
2025-05-23 19:15:00,13102.42
2025-05-23 19:30:00,13146.48
2025-05-23 19:45:00,13170.99
2025-05-23 20:00:00,13047.84
2025-05-23 20:15:00,12944.53
2025-05-23 20:30:00,12771.34
2025-05-23 20:45:00,12612.5
2025-05-23 21:00:00,12420.07
2025-05-23 21:15:00,12207.75
2025-05-23 21:30:00,12037.6
2025-05-23 21:45:00,11931.21
2025-05-23 22:00:00,11712.9
2025-05-23 22:15:00,11595.76
2025-05-23 22:30:00,11490.27
2025-05-23 22:45:00,11302.14
2025-05-23 23:00:00,11139.13
2025-05-23 23:15:00,11087.91
2025-05-23 23:30:00,11009.71
2025-05-23 23:45:00,10980.48
2025-05-24 00:00:00,10815.27
2025-05-24 00:15:00,10744.04
2025-05-24 00:30:00,10691.58
2025-05-24 00:45:00,10607.17
2025-05-24 01:00:00,10597.82
2025-05-24 01:15:00,10459.1
2025-05-24 01:30:00,10449.69
2025-05-24 01:45:00,10374.24
2025-05-24 02:00:00,10360.36
2025-05-24 02:15:00,10364.4
2025-05-24 02:30:00,10362.73
2025-05-24 02:45:00,10362.62
2025-05-24 03:00:00,10378.24
2025-05-24 03:15:00,10294.53
2025-05-24 03:30:00,10337.68
2025-05-24 03:45:00,10176.01
2025-05-24 04:00:00,10321.48
2025-05-24 04:15:00,10239.61
2025-05-24 04:30:00,10204.77
2025-05-24 04:45:00,10214.29
2025-05-24 05:00:00,10293.57
2025-05-24 05:15:00,10378.95
2025-05-24 05:30:00,10505.38
2025-05-24 05:45:00,10658.53
2025-05-24 06:00:00,10821.96
2025-05-24 06:15:00,10967.68
2025-05-24 06:30:00,11122.2
2025-05-24 06:45:00,11244.91
2025-05-24 07:00:00,11314.3
2025-05-24 07:15:00,11350.0
2025-05-24 07:30:00,11506.93
2025-05-24 07:45:00,11645.16
2025-05-24 08:00:00,11643.56
2025-05-24 08:15:00,11776.42
2025-05-24 08:30:00,11975.06
2025-05-24 08:45:00,11927.0
2025-05-24 09:00:00,11852.03
2025-05-24 09:15:00,11825.91
2025-05-24 09:30:00,11888.69
2025-05-24 09:45:00,11844.31
2025-05-24 10:00:00,12037.18
2025-05-24 10:15:00,12128.55
2025-05-24 10:30:00,12097.1
2025-05-24 10:45:00,12147.0
2025-05-24 11:00:00,12170.89
2025-05-24 11:15:00,12200.66
2025-05-24 11:30:00,12221.77
2025-05-24 11:45:00,12203.69
2025-05-24 12:00:00,12193.09
2025-05-24 12:15:00,12176.66
2025-05-24 12:30:00,12139.76
2025-05-24 12:45:00,12201.34
2025-05-24 13:00:00,12249.47
2025-05-24 13:15:00,12300.19
2025-05-24 13:30:00,12326.19
2025-05-24 13:45:00,12415.91
2025-05-24 14:00:00,12447.18
2025-05-24 14:15:00,12507.95
2025-05-24 14:30:00,12624.68
2025-05-24 14:45:00,12786.41
2025-05-24 15:00:00,12964.59
2025-05-24 15:15:00,13124.98
2025-05-24 15:30:00,13206.87
2025-05-24 15:45:00,13331.11
2025-05-24 16:00:00,13324.89
2025-05-24 16:15:00,13228.63
2025-05-24 16:30:00,13134.1
2025-05-24 16:45:00,13110.44
2025-05-24 17:00:00,13031.23
2025-05-24 17:15:00,12969.0
2025-05-24 17:30:00,12882.43
2025-05-24 17:45:00,12890.28
2025-05-24 18:00:00,12877.04
2025-05-24 18:15:00,12860.65
2025-05-24 18:30:00,12670.13
2025-05-24 18:45:00,12658.31
2025-05-24 19:00:00,12645.27
2025-05-24 19:15:00,12574.14
2025-05-24 19:30:00,12609.22
2025-05-24 19:45:00,12604.73
2025-05-24 20:00:00,12446.57
2025-05-24 20:15:00,12311.1
2025-05-24 20:30:00,12147.29
2025-05-24 20:45:00,12088.81
2025-05-24 21:00:00,11930.38
2025-05-24 21:15:00,11818.59
2025-05-24 21:30:00,11729.83
2025-05-24 21:45:00,11561.69
2025-05-24 22:00:00,11421.79
2025-05-24 22:15:00,11243.17
2025-05-24 22:30:00,11175.17
2025-05-24 22:45:00,11070.99
2025-05-24 23:00:00,10892.1
2025-05-24 23:15:00,10799.68
2025-05-24 23:30:00,10706.06
2025-05-24 23:45:00,10578.16
2025-05-25 00:00:00,10586.39
2025-05-25 00:15:00,10571.72
2025-05-25 00:30:00,10490.74
2025-05-25 00:45:00,10369.78
2025-05-25 01:00:00,10329.92
2025-05-25 01:15:00,10288.58
2025-05-25 01:30:00,10224.12
2025-05-25 01:45:00,10187.02
2025-05-25 02:00:00,10162.72
2025-05-25 02:15:00,10161.24
2025-05-25 02:30:00,10184.1
2025-05-25 02:45:00,10118.53
2025-05-25 03:00:00,10154.2
2025-05-25 03:15:00,10092.87
2025-05-25 03:30:00,10034.58
2025-05-25 03:45:00,10080.89
2025-05-25 04:00:00,10162.35
2025-05-25 04:15:00,10103.42
2025-05-25 04:30:00,10116.57
2025-05-25 04:45:00,10126.33
2025-05-25 05:00:00,10230.98
2025-05-25 05:15:00,10310.51
2025-05-25 05:30:00,10390.48
2025-05-25 05:45:00,10488.33
2025-05-25 06:00:00,10691.73
2025-05-25 06:15:00,10806.06
2025-05-25 06:30:00,10909.09
2025-05-25 06:45:00,11032.23
2025-05-25 07:00:00,11112.23
2025-05-25 07:15:00,11185.12
2025-05-25 07:30:00,11229.45
2025-05-25 07:45:00,11296.62
2025-05-25 08:00:00,11325.13
2025-05-25 08:15:00,11375.26
2025-05-25 08:30:00,11377.22
2025-05-25 08:45:00,11408.82
2025-05-25 09:00:00,11536.9
2025-05-25 09:15:00,11511.59
2025-05-25 09:30:00,11546.62
2025-05-25 09:45:00,11568.15
2025-05-25 10:00:00,11435.11
2025-05-25 10:15:00,11441.82
2025-05-25 10:30:00,11319.13
2025-05-25 10:45:00,11444.74
2025-05-25 11:00:00,11339.32
2025-05-25 11:15:00,11241.88
2025-05-25 11:30:00,11321.46
2025-05-25 11:45:00,11204.14
2025-05-25 12:00:00,11297.31
2025-05-25 12:15:00,11310.2
2025-05-25 12:30:00,11228.3
2025-05-25 12:45:00,11242.04
2025-05-25 13:00:00,11226.1
2025-05-25 13:15:00,11265.18
2025-05-25 13:30:00,11116.91
2025-05-25 13:45:00,11101.69
2025-05-25 14:00:00,11146.68
2025-05-25 14:15:00,11233.73
2025-05-25 14:30:00,11333.19
2025-05-25 14:45:00,11436.25
2025-05-25 15:00:00,11809.37
2025-05-25 15:15:00,12018.63
2025-05-25 15:30:00,12031.13
2025-05-25 15:45:00,12082.0
2025-05-25 16:00:00,12091.3
2025-05-25 16:15:00,11980.66
2025-05-25 16:30:00,11929.59
2025-05-25 16:45:00,11903.5
2025-05-25 17:00:00,11905.03
2025-05-25 17:15:00,11798.88
2025-05-25 17:30:00,11751.4
2025-05-25 17:45:00,11836.18
2025-05-25 18:00:00,11957.41
2025-05-25 18:15:00,11977.96
2025-05-25 18:30:00,12003.86
2025-05-25 18:45:00,12082.29
2025-05-25 19:00:00,12147.57
2025-05-25 19:15:00,12242.64
2025-05-25 19:30:00,12275.85
2025-05-25 19:45:00,12389.66
2025-05-25 20:00:00,12416.97
2025-05-25 20:15:00,12295.81
2025-05-25 20:30:00,12154.44
2025-05-25 20:45:00,12014.21
2025-05-25 21:00:00,11812.61
2025-05-25 21:15:00,11672.42
2025-05-25 21:30:00,11499.84
2025-05-25 21:45:00,11326.9
2025-05-25 22:00:00,11216.84
2025-05-25 22:15:00,11037.43
2025-05-25 22:30:00,10945.04
2025-05-25 22:45:00,10908.31
2025-05-25 23:00:00,10780.79
2025-05-25 23:15:00,10636.6
2025-05-25 23:30:00,10583.73
2025-05-25 23:45:00,10529.6
2025-05-26 00:00:00,10430.13
2025-05-26 00:15:00,10373.88
2025-05-26 00:30:00,10333.49
2025-05-26 00:45:00,10309.11
2025-05-26 01:00:00,10334.69
2025-05-26 01:15:00,10291.36
2025-05-26 01:30:00,10319.39
2025-05-26 01:45:00,10290.65
2025-05-26 02:00:00,10287.6
2025-05-26 02:15:00,10277.02
2025-05-26 02:30:00,10257.03
2025-05-26 02:45:00,10289.96
2025-05-26 03:00:00,10503.98
2025-05-26 03:15:00,10487.38
2025-05-26 03:30:00,10533.87
2025-05-26 03:45:00,10561.46
2025-05-26 04:00:00,10882.81
2025-05-26 04:15:00,11006.88
2025-05-26 04:30:00,11197.89
2025-05-26 04:45:00,11384.37
2025-05-26 05:00:00,11739.99
2025-05-26 05:15:00,11949.28
2025-05-26 05:30:00,12226.06
2025-05-26 05:45:00,12463.35
2025-05-26 06:00:00,12685.0
2025-05-26 06:15:00,12819.93
2025-05-26 06:30:00,13051.6
2025-05-26 06:45:00,13179.33
2025-05-26 07:00:00,13096.56
2025-05-26 07:15:00,13025.93
2025-05-26 07:30:00,13061.5
2025-05-26 07:45:00,13082.84
2025-05-26 08:00:00,13055.77
2025-05-26 08:15:00,13080.64
2025-05-26 08:30:00,13103.79
2025-05-26 08:45:00,13149.48
2025-05-26 09:00:00,13094.18
2025-05-26 09:15:00,13039.51
2025-05-26 09:30:00,13038.09
2025-05-26 09:45:00,13059.47
2025-05-26 10:00:00,13215.43
2025-05-26 10:15:00,13242.39
2025-05-26 10:30:00,13111.65
2025-05-26 10:45:00,13018.77
2025-05-26 11:00:00,13016.2
2025-05-26 11:15:00,12991.48
2025-05-26 11:30:00,13034.94
2025-05-26 11:45:00,12975.21
2025-05-26 12:00:00,12892.15
2025-05-26 12:15:00,12906.9
2025-05-26 12:30:00,12850.4
2025-05-26 12:45:00,12840.72
2025-05-26 13:00:00,12852.29
2025-05-26 13:15:00,12910.2
2025-05-26 13:30:00,12924.62
2025-05-26 13:45:00,12927.3
2025-05-26 14:00:00,12887.55
2025-05-26 14:15:00,13004.11
2025-05-26 14:30:00,12968.53
2025-05-26 14:45:00,13148.2
2025-05-26 15:00:00,13471.94
2025-05-26 15:15:00,13602.77
2025-05-26 15:30:00,13684.78
2025-05-26 15:45:00,13660.97
2025-05-26 16:00:00,13485.94
2025-05-26 16:15:00,13348.76
2025-05-26 16:30:00,13235.48
2025-05-26 16:45:00,13256.87
2025-05-26 17:00:00,13245.3
2025-05-26 17:15:00,13244.5
2025-05-26 17:30:00,13306.35
2025-05-26 17:45:00,13410.58
2025-05-26 18:00:00,13464.9
2025-05-26 18:15:00,13566.47
2025-05-26 18:30:00,13572.32
2025-05-26 18:45:00,13620.05
2025-05-26 19:00:00,13569.98
2025-05-26 19:15:00,13598.94
2025-05-26 19:30:00,13532.97
2025-05-26 19:45:00,13515.88
2025-05-26 20:00:00,13356.17
2025-05-26 20:15:00,13233.25
2025-05-26 20:30:00,13033.38
2025-05-26 20:45:00,12879.33
2025-05-26 21:00:00,12706.56
2025-05-26 21:15:00,12385.96
2025-05-26 21:30:00,12182.49
2025-05-26 21:45:00,12084.4
2025-05-26 22:00:00,11908.95
2025-05-26 22:15:00,11661.73
2025-05-26 22:30:00,11566.83
2025-05-26 22:45:00,11421.98
2025-05-26 23:00:00,11392.36
2025-05-26 23:15:00,11220.84
2025-05-26 23:30:00,11131.98
2025-05-26 23:45:00,11108.61
2025-05-27 00:00:00,10998.2
2025-05-27 00:15:00,10942.89
2025-05-27 00:30:00,10896.8
2025-05-27 00:45:00,10841.58
2025-05-27 01:00:00,10916.19
2025-05-27 01:15:00,10929.81
2025-05-27 01:30:00,10912.51
2025-05-27 01:45:00,10840.0
2025-05-27 02:00:00,10883.22
2025-05-27 02:15:00,10920.5
2025-05-27 02:30:00,10914.19
2025-05-27 02:45:00,10898.33
2025-05-27 03:00:00,10923.13
2025-05-27 03:15:00,11045.56
2025-05-27 03:30:00,11092.12
2025-05-27 03:45:00,11266.61
2025-05-27 04:00:00,11656.28
2025-05-27 04:15:00,11827.07
2025-05-27 04:30:00,12079.37
2025-05-27 04:45:00,12313.81
2025-05-27 05:00:00,12754.33
2025-05-27 05:15:00,12975.85
2025-05-27 05:30:00,13369.06
2025-05-27 05:45:00,13604.18
2025-05-27 06:00:00,13888.52
2025-05-27 06:15:00,14131.23
2025-05-27 06:30:00,14220.11
2025-05-27 06:45:00,14435.4
2025-05-27 07:00:00,14547.08
2025-05-27 07:15:00,14489.13
2025-05-27 07:30:00,14481.62
2025-05-27 07:45:00,14570.04
2025-05-27 08:00:00,14512.05
2025-05-27 08:15:00,14448.76
2025-05-27 08:30:00,14397.7
2025-05-27 08:45:00,14300.91
2025-05-27 09:00:00,14095.15
2025-05-27 09:15:00,14039.9
2025-05-27 09:30:00,13979.38
2025-05-27 09:45:00,13911.69
2025-05-27 10:00:00,13930.09
2025-05-27 10:15:00,13805.26
2025-05-27 10:30:00,13760.43
2025-05-27 10:45:00,13694.79
2025-05-27 11:00:00,13886.19
2025-05-27 11:15:00,13874.93
2025-05-27 11:30:00,13679.01
2025-05-27 11:45:00,13515.93
2025-05-27 12:00:00,13463.36
2025-05-27 12:15:00,13446.69
2025-05-27 12:30:00,13430.45
2025-05-27 12:45:00,13467.83
2025-05-27 13:00:00,13535.85
2025-05-27 13:15:00,13580.64
2025-05-27 13:30:00,13742.07
2025-05-27 13:45:00,13768.08
2025-05-27 14:00:00,13877.12
2025-05-27 14:15:00,14059.0
2025-05-27 14:30:00,14168.39
2025-05-27 14:45:00,14347.1
2025-05-27 15:00:00,14755.04
2025-05-27 15:15:00,15042.93
2025-05-27 15:30:00,15053.9
2025-05-27 15:45:00,15061.87
2025-05-27 16:00:00,14981.59
2025-05-27 16:15:00,14932.6
2025-05-27 16:30:00,14936.41
2025-05-27 16:45:00,14889.27
2025-05-27 17:00:00,14969.09
2025-05-27 17:15:00,14910.67
2025-05-27 17:30:00,14872.43
2025-05-27 17:45:00,14725.97
2025-05-27 18:00:00,14518.1
2025-05-27 18:15:00,14376.47
2025-05-27 18:30:00,14301.76
2025-05-27 18:45:00,14266.72
2025-05-27 19:00:00,14090.47
2025-05-27 19:15:00,13938.32
2025-05-27 19:30:00,13929.73
2025-05-27 19:45:00,13943.65
2025-05-27 20:00:00,13918.24
2025-05-27 20:15:00,13745.43
2025-05-27 20:30:00,13597.25
2025-05-27 20:45:00,13300.62
2025-05-27 21:00:00,13093.38
2025-05-27 21:15:00,12847.2
2025-05-27 21:30:00,12653.25
2025-05-27 21:45:00,12373.57
2025-05-27 22:00:00,12195.3
2025-05-27 22:15:00,11979.8
2025-05-27 22:30:00,11859.68
2025-05-27 22:45:00,11683.7
2025-05-27 23:00:00,11562.49
2025-05-27 23:15:00,11446.3
2025-05-27 23:30:00,11303.48
2025-05-27 23:45:00,11264.82
2025-05-28 00:00:00,11199.92
2025-05-28 00:15:00,11192.11
2025-05-28 00:30:00,11146.98
2025-05-28 00:45:00,11020.71
2025-05-28 01:00:00,11031.79
2025-05-28 01:15:00,10946.34
2025-05-28 01:30:00,10920.21
2025-05-28 01:45:00,10913.87
2025-05-28 02:00:00,10920.19
2025-05-28 02:15:00,10924.61
2025-05-28 02:30:00,10846.9
2025-05-28 02:45:00,10878.08
2025-05-28 03:00:00,11124.47
2025-05-28 03:15:00,11118.9
2025-05-28 03:30:00,11188.34
2025-05-28 03:45:00,11277.78
2025-05-28 04:00:00,11637.48
2025-05-28 04:15:00,11834.02
2025-05-28 04:30:00,11987.02
2025-05-28 04:45:00,12176.01
2025-05-28 05:00:00,12521.98
2025-05-28 05:15:00,12821.24
2025-05-28 05:30:00,13068.16
2025-05-28 05:45:00,13368.31
2025-05-28 06:00:00,13578.93
2025-05-28 06:15:00,13697.15
2025-05-28 06:30:00,13817.95
2025-05-28 06:45:00,13902.21
2025-05-28 07:00:00,13974.51
2025-05-28 07:15:00,13939.31
2025-05-28 07:30:00,13854.04
2025-05-28 07:45:00,13838.34
2025-05-28 08:00:00,13913.45
2025-05-28 08:15:00,13907.2
2025-05-28 08:30:00,13929.46
2025-05-28 08:45:00,13987.57
2025-05-28 09:00:00,13932.24
2025-05-28 09:15:00,13791.03
2025-05-28 09:30:00,13774.14
2025-05-28 09:45:00,13780.86
2025-05-28 10:00:00,13723.66
2025-05-28 10:15:00,13637.01
2025-05-28 10:30:00,13559.86
2025-05-28 10:45:00,13456.96
2025-05-28 11:00:00,13491.13
2025-05-28 11:15:00,13428.68
2025-05-28 11:30:00,13446.95
2025-05-28 11:45:00,13407.2
2025-05-28 12:00:00,13349.49
2025-05-28 12:15:00,13148.98
2025-05-28 12:30:00,13107.15
2025-05-28 12:45:00,13094.13
2025-05-28 13:00:00,13079.48
2025-05-28 13:15:00,13172.7
2025-05-28 13:30:00,13191.32
2025-05-28 13:45:00,13187.44
2025-05-28 14:00:00,13022.37
2025-05-28 14:15:00,12902.44
2025-05-28 14:30:00,12899.85
2025-05-28 14:45:00,12988.59
2025-05-28 15:00:00,13156.75
2025-05-28 15:15:00,13167.55
2025-05-28 15:30:00,13140.48
2025-05-28 15:45:00,13158.02
2025-05-28 16:00:00,13139.32
2025-05-28 16:15:00,13004.03
2025-05-28 16:30:00,12936.99
2025-05-28 16:45:00,12916.63
2025-05-28 17:00:00,12819.14
2025-05-28 17:15:00,12810.43
2025-05-28 17:30:00,12839.38
2025-05-28 17:45:00,12895.62
2025-05-28 18:00:00,12901.94
2025-05-28 18:15:00,12894.91
2025-05-28 18:30:00,12957.62
2025-05-28 18:45:00,12979.65
2025-05-28 19:00:00,13114.32
2025-05-28 19:15:00,13159.17
2025-05-28 19:30:00,13170.87
2025-05-28 19:45:00,13122.55
2025-05-28 20:00:00,12982.71
2025-05-28 20:15:00,12984.61
2025-05-28 20:30:00,12811.28
2025-05-28 20:45:00,12603.01
2025-05-28 21:00:00,12442.84
2025-05-28 21:15:00,12259.02
2025-05-28 21:30:00,11979.2
2025-05-28 21:45:00,11788.93
2025-05-28 22:00:00,11640.6
2025-05-28 22:15:00,11468.69
2025-05-28 22:30:00,11289.34
2025-05-28 22:45:00,11168.6
2025-05-28 23:00:00,10993.76
2025-05-28 23:15:00,10919.37
2025-05-28 23:30:00,10812.84
2025-05-28 23:45:00,10724.22
2025-05-29 00:00:00,10563.3
2025-05-29 00:15:00,10493.76
2025-05-29 00:30:00,10441.44
2025-05-29 00:45:00,10377.07
2025-05-29 01:00:00,10346.39
2025-05-29 01:15:00,10305.37
2025-05-29 01:30:00,10291.1
2025-05-29 01:45:00,10264.58
2025-05-29 02:00:00,10267.49
2025-05-29 02:15:00,10236.65
2025-05-29 02:30:00,10225.8
2025-05-29 02:45:00,10236.53
2025-05-29 03:00:00,10261.34
2025-05-29 03:15:00,10196.75
2025-05-29 03:30:00,10182.42
2025-05-29 03:45:00,10122.68
2025-05-29 04:00:00,10134.84
2025-05-29 04:15:00,10055.09
2025-05-29 04:30:00,9931.52
2025-05-29 04:45:00,9930.92
2025-05-29 05:00:00,10030.92
2025-05-29 05:15:00,10178.93
2025-05-29 05:30:00,10284.45
2025-05-29 05:45:00,10378.47
2025-05-29 06:00:00,10550.4
2025-05-29 06:15:00,10669.76
2025-05-29 06:30:00,10825.33
2025-05-29 06:45:00,11156.03
2025-05-29 07:00:00,11330.82
2025-05-29 07:15:00,11464.52
2025-05-29 07:30:00,11505.23
2025-05-29 07:45:00,11675.86
2025-05-29 08:00:00,11775.55
2025-05-29 08:15:00,11915.69
2025-05-29 08:30:00,12048.77
2025-05-29 08:45:00,12118.64
2025-05-29 09:00:00,12128.99
2025-05-29 09:15:00,12102.82
2025-05-29 09:30:00,12200.92
2025-05-29 09:45:00,12271.5
2025-05-29 10:00:00,12251.08
2025-05-29 10:15:00,12296.38
2025-05-29 10:30:00,12311.66
2025-05-29 10:45:00,12279.01
2025-05-29 11:00:00,12217.52
2025-05-29 11:15:00,12198.55
2025-05-29 11:30:00,12186.47
2025-05-29 11:45:00,12118.36
2025-05-29 12:00:00,12032.93
2025-05-29 12:15:00,11995.62
2025-05-29 12:30:00,11963.95
2025-05-29 12:45:00,11997.24
2025-05-29 13:00:00,11999.73
2025-05-29 13:15:00,12021.74
2025-05-29 13:30:00,11929.12
2025-05-29 13:45:00,11886.07
2025-05-29 14:00:00,11915.43
2025-05-29 14:15:00,11900.66
2025-05-29 14:30:00,11959.09
2025-05-29 14:45:00,12117.83
2025-05-29 15:00:00,12344.94
2025-05-29 15:15:00,12470.09
2025-05-29 15:30:00,12523.33
2025-05-29 15:45:00,12536.97
2025-05-29 16:00:00,12560.39
2025-05-29 16:15:00,12519.05
2025-05-29 16:30:00,12364.2
2025-05-29 16:45:00,12360.22
2025-05-29 17:00:00,12336.06
2025-05-29 17:15:00,12270.11
2025-05-29 17:30:00,12274.17
2025-05-29 17:45:00,12305.95
2025-05-29 18:00:00,12282.58
2025-05-29 18:15:00,12298.4
2025-05-29 18:30:00,12311.43
2025-05-29 18:45:00,12380.86
2025-05-29 19:00:00,12440.48
2025-05-29 19:15:00,12542.2
2025-05-29 19:30:00,12526.72
2025-05-29 19:45:00,12550.59
2025-05-29 20:00:00,12507.96
2025-05-29 20:15:00,12467.32
2025-05-29 20:30:00,12352.62
2025-05-29 20:45:00,12223.44
2025-05-29 21:00:00,12090.9
2025-05-29 21:15:00,11969.01
2025-05-29 21:30:00,11817.95
2025-05-29 21:45:00,11751.82
2025-05-29 22:00:00,11720.9
2025-05-29 22:15:00,11481.8
2025-05-29 22:30:00,11286.54
2025-05-29 22:45:00,11213.35
2025-05-29 23:00:00,11054.88
2025-05-29 23:15:00,10922.78
2025-05-29 23:30:00,10843.2
2025-05-29 23:45:00,10756.95
2025-05-30 00:00:00,10724.94
2025-05-30 00:15:00,10655.64
2025-05-30 00:30:00,10539.17
2025-05-30 00:45:00,10520.22
2025-05-30 01:00:00,10518.18
2025-05-30 01:15:00,10428.08
2025-05-30 01:30:00,10362.41
2025-05-30 01:45:00,10323.01
2025-05-30 02:00:00,10335.97
2025-05-30 02:15:00,10384.66
2025-05-30 02:30:00,10349.36
2025-05-30 02:45:00,10360.51
2025-05-30 03:00:00,10459.92
2025-05-30 03:15:00,10434.09
2025-05-30 03:30:00,10445.85
2025-05-30 03:45:00,10493.55
2025-05-30 04:00:00,10606.38
2025-05-30 04:15:00,10605.67
2025-05-30 04:30:00,10659.92
2025-05-30 04:45:00,10731.35
2025-05-30 05:00:00,10967.7
2025-05-30 05:15:00,11074.17
2025-05-30 05:30:00,11213.59
2025-05-30 05:45:00,11406.41
2025-05-30 06:00:00,11525.59
2025-05-30 06:15:00,11639.03
2025-05-30 06:30:00,11834.4
2025-05-30 06:45:00,12198.28
2025-05-30 07:00:00,12347.62
2025-05-30 07:15:00,12468.3
2025-05-30 07:30:00,12372.21
2025-05-30 07:45:00,12477.73
2025-05-30 08:00:00,12534.38
2025-05-30 08:15:00,12517.02
2025-05-30 08:30:00,12518.17
2025-05-30 08:45:00,12535.42
2025-05-30 09:00:00,12384.81
2025-05-30 09:15:00,12428.55
2025-05-30 09:30:00,12425.96
2025-05-30 09:45:00,12397.24
2025-05-30 10:00:00,12388.22
2025-05-30 10:15:00,12328.41
2025-05-30 10:30:00,12342.33
2025-05-30 10:45:00,12362.46
2025-05-30 11:00:00,12299.71
2025-05-30 11:15:00,12220.39
2025-05-30 11:30:00,12184.95
2025-05-30 11:45:00,12239.29
2025-05-30 12:00:00,12213.42
2025-05-30 12:15:00,12175.54
2025-05-30 12:30:00,12146.3
2025-05-30 12:45:00,12095.88
2025-05-30 13:00:00,12105.14
2025-05-30 13:15:00,12049.74
2025-05-30 13:30:00,12073.43
2025-05-30 13:45:00,12044.15
2025-05-30 14:00:00,12059.03
2025-05-30 14:15:00,12112.99
2025-05-30 14:30:00,12188.88
2025-05-30 14:45:00,12246.28
2025-05-30 15:00:00,12382.04
2025-05-30 15:15:00,12589.06
2025-05-30 15:30:00,12564.98
2025-05-30 15:45:00,12613.65
2025-05-30 16:00:00,12560.29
2025-05-30 16:15:00,12443.09
2025-05-30 16:30:00,12385.02
2025-05-30 16:45:00,12406.17
2025-05-30 17:00:00,12383.93
2025-05-30 17:15:00,12366.11
2025-05-30 17:30:00,12357.03
2025-05-30 17:45:00,12324.84
2025-05-30 18:00:00,12427.75
2025-05-30 18:15:00,12514.99
2025-05-30 18:30:00,12546.42
2025-05-30 18:45:00,12513.57
2025-05-30 19:00:00,12542.05
2025-05-30 19:15:00,12636.24
2025-05-30 19:30:00,12632.55
2025-05-30 19:45:00,12655.96
2025-05-30 20:00:00,12608.8
2025-05-30 20:15:00,12567.82
2025-05-30 20:30:00,12430.91
2025-05-30 20:45:00,12288.38
2025-05-30 21:00:00,12120.4
2025-05-30 21:15:00,12040.14
2025-05-30 21:30:00,11847.34
2025-05-30 21:45:00,11616.17
2025-05-30 22:00:00,11413.19
2025-05-30 22:15:00,11204.53
2025-05-30 22:30:00,11105.68
2025-05-30 22:45:00,11006.15
2025-05-30 23:00:00,10856.85
2025-05-30 23:15:00,10751.57
2025-05-30 23:30:00,10638.61
2025-05-30 23:45:00,10536.69
2025-05-31 00:00:00,10457.68
2025-05-31 00:15:00,10372.45
2025-05-31 00:30:00,10292.08
2025-05-31 00:45:00,10229.73
2025-05-31 01:00:00,10239.39
2025-05-31 01:15:00,10210.14
2025-05-31 01:30:00,10180.98
2025-05-31 01:45:00,10094.5
2025-05-31 02:00:00,10089.58
2025-05-31 02:15:00,10065.74
2025-05-31 02:30:00,10022.89
2025-05-31 02:45:00,10039.93
2025-05-31 03:00:00,10021.27
2025-05-31 03:15:00,9992.84
2025-05-31 03:30:00,9935.6
2025-05-31 03:45:00,9879.86
2025-05-31 04:00:00,9808.26
2025-05-31 04:15:00,9769.76
2025-05-31 04:30:00,9715.12
2025-05-31 04:45:00,9809.5
2025-05-31 05:00:00,9804.4
2025-05-31 05:15:00,9918.71
2025-05-31 05:30:00,10055.77
2025-05-31 05:45:00,10197.36
2025-05-31 06:00:00,10281.23
2025-05-31 06:15:00,10396.58
2025-05-31 06:30:00,10675.17
2025-05-31 06:45:00,10838.63
2025-05-31 07:00:00,10863.88
2025-05-31 07:15:00,10880.6
2025-05-31 07:30:00,11086.11
2025-05-31 07:45:00,11303.34
2025-05-31 08:00:00,11173.38
2025-05-31 08:15:00,11142.92
2025-05-31 08:30:00,11238.03
2025-05-31 08:45:00,11304.37
2025-05-31 09:00:00,11392.77
2025-05-31 09:15:00,11409.02
2025-05-31 09:30:00,11441.87
2025-05-31 09:45:00,11420.11
2025-05-31 10:00:00,11451.96
2025-05-31 10:15:00,11477.53
2025-05-31 10:30:00,11450.89
2025-05-31 10:45:00,11438.26
2025-05-31 11:00:00,11410.18
2025-05-31 11:15:00,11388.49
2025-05-31 11:30:00,11353.63
2025-05-31 11:45:00,11377.71
2025-05-31 12:00:00,11310.96
2025-05-31 12:15:00,11260.52
2025-05-31 12:30:00,11183.55
2025-05-31 12:45:00,11221.25
2025-05-31 13:00:00,11181.53
2025-05-31 13:15:00,11194.9
2025-05-31 13:30:00,11150.68
2025-05-31 13:45:00,11383.59
2025-05-31 14:00:00,11277.28
2025-05-31 14:15:00,11418.87
2025-05-31 14:30:00,11340.7
2025-05-31 14:45:00,11409.96
2025-05-31 15:00:00,11488.86
2025-05-31 15:15:00,11607.59
2025-05-31 15:30:00,11661.86
2025-05-31 15:45:00,11697.39
2025-05-31 16:00:00,11718.72
2025-05-31 16:15:00,11783.06
2025-05-31 16:30:00,11818.77
2025-05-31 16:45:00,11919.14
2025-05-31 17:00:00,12014.05
2025-05-31 17:15:00,12073.17
2025-05-31 17:30:00,12118.73
2025-05-31 17:45:00,12190.13
2025-05-31 18:00:00,12221.29
2025-05-31 18:15:00,12249.31
2025-05-31 18:30:00,12306.35
2025-05-31 18:45:00,12475.88
2025-05-31 19:00:00,12412.05
2025-05-31 19:15:00,12444.39
2025-05-31 19:30:00,12504.93
2025-05-31 19:45:00,12534.33
2025-05-31 20:00:00,12491.8
2025-05-31 20:15:00,12468.17
2025-05-31 20:30:00,12378.28
2025-05-31 20:45:00,12233.92
2025-05-31 21:00:00,12035.25
2025-05-31 21:15:00,11823.46
2025-05-31 21:30:00,11663.5
2025-05-31 21:45:00,11525.96
2025-05-31 22:00:00,11394.34
2025-05-31 22:15:00,11221.48
2025-05-31 22:30:00,11154.97
2025-05-31 22:45:00,11115.11
2025-05-31 23:00:00,11051.95
2025-05-31 23:15:00,11065.12
2025-05-31 23:30:00,10933.73
2025-05-31 23:45:00,10718.62
2025-06-01 00:00:00,10548.93
2025-06-01 00:15:00,10471.53
2025-06-01 00:30:00,10434.42
2025-06-01 00:45:00,10503.74
2025-06-01 01:00:00,10390.07
2025-06-01 01:15:00,10286.86
2025-06-01 01:30:00,10288.2
2025-06-01 01:45:00,10209.94
2025-06-01 02:00:00,10209.47
2025-06-01 02:15:00,10164.98
2025-06-01 02:30:00,10211.89
2025-06-01 02:45:00,10192.62
2025-06-01 03:00:00,10234.33
2025-06-01 03:15:00,10088.49
2025-06-01 03:30:00,10088.15
2025-06-01 03:45:00,9864.16
2025-06-01 04:00:00,9721.74
2025-06-01 04:15:00,9610.06
2025-06-01 04:30:00,9511.25
2025-06-01 04:45:00,9523.8
2025-06-01 05:00:00,9496.31
2025-06-01 05:15:00,9610.11
2025-06-01 05:30:00,9634.94
2025-06-01 05:45:00,9705.42
2025-06-01 06:00:00,9780.02
2025-06-01 06:15:00,9872.35
2025-06-01 06:30:00,10019.97
2025-06-01 06:45:00,10110.98
2025-06-01 07:00:00,10172.4
2025-06-01 07:15:00,10328.82
2025-06-01 07:30:00,10373.65
2025-06-01 07:45:00,10510.84
2025-06-01 08:00:00,10570.9
2025-06-01 08:15:00,10660.65
2025-06-01 08:30:00,10717.27
2025-06-01 08:45:00,10852.44
2025-06-01 09:00:00,10851.97
2025-06-01 09:15:00,10885.44
2025-06-01 09:30:00,10977.2
2025-06-01 09:45:00,10985.42
2025-06-01 10:00:00,11009.18
2025-06-01 10:15:00,11016.23
2025-06-01 10:30:00,11089.46
2025-06-01 10:45:00,11165.11
2025-06-01 11:00:00,11143.1
2025-06-01 11:15:00,11083.57
2025-06-01 11:30:00,11055.24
2025-06-01 11:45:00,11106.95
2025-06-01 12:00:00,11061.9
2025-06-01 12:15:00,11115.39
2025-06-01 12:30:00,11104.58
2025-06-01 12:45:00,11120.07
2025-06-01 13:00:00,11079.77
2025-06-01 13:15:00,11052.22
2025-06-01 13:30:00,10969.76
2025-06-01 13:45:00,10986.82
2025-06-01 14:00:00,11011.75
2025-06-01 14:15:00,11074.73
2025-06-01 14:30:00,11146.44
2025-06-01 14:45:00,11221.77
2025-06-01 15:00:00,11528.35
2025-06-01 15:15:00,11587.39
2025-06-01 15:30:00,11653.46
2025-06-01 15:45:00,11729.41
2025-06-01 16:00:00,11797.45
2025-06-01 16:15:00,11815.01
2025-06-01 16:30:00,11683.72
2025-06-01 16:45:00,11813.08
2025-06-01 17:00:00,11692.15
2025-06-01 17:15:00,11800.9
2025-06-01 17:30:00,11695.65
2025-06-01 17:45:00,11699.89
2025-06-01 18:00:00,11772.21
2025-06-01 18:15:00,11873.53
2025-06-01 18:30:00,11840.74
2025-06-01 18:45:00,11965.23
2025-06-01 19:00:00,12005.15
2025-06-01 19:15:00,12050.86
2025-06-01 19:30:00,12103.96
2025-06-01 19:45:00,12168.05
2025-06-01 20:00:00,12251.09
2025-06-01 20:15:00,12278.86
2025-06-01 20:30:00,12179.08
2025-06-01 20:45:00,12052.27
2025-06-01 21:00:00,11879.21
2025-06-01 21:15:00,11724.73
2025-06-01 21:30:00,11515.58
2025-06-01 21:45:00,11365.82
2025-06-01 22:00:00,11222.77
2025-06-01 22:15:00,11083.27
2025-06-01 22:30:00,10965.24
2025-06-01 22:45:00,10832.49
2025-06-01 23:00:00,10795.13
2025-06-01 23:15:00,10832.34
2025-06-01 23:30:00,10747.07
2025-06-01 23:45:00,10623.72
2025-06-02 00:00:00,10554.51
2025-06-02 00:15:00,10570.86
2025-06-02 00:30:00,10505.63
2025-06-02 00:45:00,10415.66
2025-06-02 01:00:00,10332.43
2025-06-02 01:15:00,10259.11
2025-06-02 01:30:00,10210.71
2025-06-02 01:45:00,10151.0
2025-06-02 02:00:00,10179.49
2025-06-02 02:15:00,10198.75
2025-06-02 02:30:00,10201.01
2025-06-02 02:45:00,10233.18
2025-06-02 03:00:00,10347.67
2025-06-02 03:15:00,10388.27
2025-06-02 03:30:00,10427.86
2025-06-02 03:45:00,10532.47
2025-06-02 04:00:00,10704.69
2025-06-02 04:15:00,10869.18
2025-06-02 04:30:00,11034.91
2025-06-02 04:45:00,11192.72
2025-06-02 05:00:00,11583.72
2025-06-02 05:15:00,11896.51
2025-06-02 05:30:00,12123.18
2025-06-02 05:45:00,12266.27
2025-06-02 06:00:00,12469.07
2025-06-02 06:15:00,12638.64
2025-06-02 06:30:00,12903.82
2025-06-02 06:45:00,13040.25
2025-06-02 07:00:00,13103.44
2025-06-02 07:15:00,13116.71
2025-06-02 07:30:00,13058.48
2025-06-02 07:45:00,13050.52
2025-06-02 08:00:00,12983.59
2025-06-02 08:15:00,13072.93
2025-06-02 08:30:00,13178.54
2025-06-02 08:45:00,13264.63
2025-06-02 09:00:00,13077.26
2025-06-02 09:15:00,13021.92
2025-06-02 09:30:00,12919.82
2025-06-02 09:45:00,12924.01
2025-06-02 10:00:00,12891.31
2025-06-02 10:15:00,12915.06
2025-06-02 10:30:00,12943.5
2025-06-02 10:45:00,12984.31
2025-06-02 11:00:00,13128.23
2025-06-02 11:15:00,13200.66
2025-06-02 11:30:00,13092.24
2025-06-02 11:45:00,13035.2
2025-06-02 12:00:00,13048.25
2025-06-02 12:15:00,13024.64
2025-06-02 12:30:00,12968.67
2025-06-02 12:45:00,12913.54
2025-06-02 13:00:00,13016.13
2025-06-02 13:15:00,12909.47
2025-06-02 13:30:00,12990.04
2025-06-02 13:45:00,12939.23
2025-06-02 14:00:00,13013.53
2025-06-02 14:15:00,12910.8
2025-06-02 14:30:00,12834.53
2025-06-02 14:45:00,12920.72
2025-06-02 15:00:00,12903.75
2025-06-02 15:15:00,12998.85
2025-06-02 15:30:00,13027.02
2025-06-02 15:45:00,13039.76
2025-06-02 16:00:00,12916.85
2025-06-02 16:15:00,12852.03
2025-06-02 16:30:00,12761.91
2025-06-02 16:45:00,12778.02
2025-06-02 17:00:00,12857.37
2025-06-02 17:15:00,12853.22
2025-06-02 17:30:00,12897.89
2025-06-02 17:45:00,12842.4
2025-06-02 18:00:00,12922.72
2025-06-02 18:15:00,12943.44
2025-06-02 18:30:00,12984.85
2025-06-02 18:45:00,12990.18
2025-06-02 19:00:00,13100.36
2025-06-02 19:15:00,13143.82
2025-06-02 19:30:00,13196.95
2025-06-02 19:45:00,13204.16
2025-06-02 20:00:00,13169.02
2025-06-02 20:15:00,13074.21
2025-06-02 20:30:00,12947.38
2025-06-02 20:45:00,12770.6
2025-06-02 21:00:00,12549.01
2025-06-02 21:15:00,12343.77
2025-06-02 21:30:00,12160.97
2025-06-02 21:45:00,11988.66
2025-06-02 22:00:00,11800.11
2025-06-02 22:15:00,11651.38
2025-06-02 22:30:00,11457.6
2025-06-02 22:45:00,11342.48
2025-06-02 23:00:00,11176.46
2025-06-02 23:15:00,11046.04
2025-06-02 23:30:00,10967.12
2025-06-02 23:45:00,10861.56
2025-06-03 00:00:00,10812.16
2025-06-03 00:15:00,10744.55
2025-06-03 00:30:00,10684.07
2025-06-03 00:45:00,10662.62
2025-06-03 01:00:00,10580.75
2025-06-03 01:15:00,10551.54
2025-06-03 01:30:00,10543.33
2025-06-03 01:45:00,10666.37
2025-06-03 02:00:00,10628.19
2025-06-03 02:15:00,10566.3
2025-06-03 02:30:00,10599.87
2025-06-03 02:45:00,10595.54
2025-06-03 03:00:00,10656.41
2025-06-03 03:15:00,10640.72
2025-06-03 03:30:00,10741.49
2025-06-03 03:45:00,10953.26
2025-06-03 04:00:00,10966.39
2025-06-03 04:15:00,11022.02
2025-06-03 04:30:00,11201.23
2025-06-03 04:45:00,11376.02
2025-06-03 05:00:00,11754.54
2025-06-03 05:15:00,11972.44
2025-06-03 05:30:00,12184.44
2025-06-03 05:45:00,12344.14
2025-06-03 06:00:00,12533.66
2025-06-03 06:15:00,12650.49
2025-06-03 06:30:00,12810.46
2025-06-03 06:45:00,12912.18
2025-06-03 07:00:00,13111.97
2025-06-03 07:15:00,13137.03
2025-06-03 07:30:00,13135.54
2025-06-03 07:45:00,13295.4
2025-06-03 08:00:00,13238.46
2025-06-03 08:15:00,13183.91
2025-06-03 08:30:00,13230.52
2025-06-03 08:45:00,13191.78
2025-06-03 09:00:00,13188.61
2025-06-03 09:15:00,13133.1
2025-06-03 09:30:00,13151.08
2025-06-03 09:45:00,13192.3
2025-06-03 10:00:00,13167.18
2025-06-03 10:15:00,13179.59
2025-06-03 10:30:00,13093.41
2025-06-03 10:45:00,13161.08
2025-06-03 11:00:00,13249.33
2025-06-03 11:15:00,13254.02
2025-06-03 11:30:00,13197.99
2025-06-03 11:45:00,13194.21
2025-06-03 12:00:00,13234.55
2025-06-03 12:15:00,13181.65
2025-06-03 12:30:00,13094.02
2025-06-03 12:45:00,13116.69
2025-06-03 13:00:00,13029.58
2025-06-03 13:15:00,13003.88
2025-06-03 13:30:00,13011.68
2025-06-03 13:45:00,13056.74
2025-06-03 14:00:00,13114.24
2025-06-03 14:15:00,13149.01
2025-06-03 14:30:00,13183.2
2025-06-03 14:45:00,13392.08
2025-06-03 15:00:00,13578.38
2025-06-03 15:15:00,13741.06
2025-06-03 15:30:00,13861.91
2025-06-03 15:45:00,13899.98
2025-06-03 16:00:00,13681.53
2025-06-03 16:15:00,13559.45
2025-06-03 16:30:00,13457.36
2025-06-03 16:45:00,13461.99
2025-06-03 17:00:00,13420.0
2025-06-03 17:15:00,13412.28
2025-06-03 17:30:00,13331.14
2025-06-03 17:45:00,13392.98
2025-06-03 18:00:00,13450.96
2025-06-03 18:15:00,13488.88
2025-06-03 18:30:00,13521.81
2025-06-03 18:45:00,13505.29
2025-06-03 19:00:00,13527.7
2025-06-03 19:15:00,13525.94
2025-06-03 19:30:00,13560.73
2025-06-03 19:45:00,13574.38
2025-06-03 20:00:00,13438.28
2025-06-03 20:15:00,13273.66
2025-06-03 20:30:00,13127.8
2025-06-03 20:45:00,12903.25
2025-06-03 21:00:00,12628.9
2025-06-03 21:15:00,12463.66
2025-06-03 21:30:00,12232.35
2025-06-03 21:45:00,12045.1
2025-06-03 22:00:00,11936.43
2025-06-03 22:15:00,11847.06
2025-06-03 22:30:00,11598.33
2025-06-03 22:45:00,11414.21
2025-06-03 23:00:00,11235.18
2025-06-03 23:15:00,11123.77
2025-06-03 23:30:00,11002.69
2025-06-03 23:45:00,10920.67
2025-06-04 00:00:00,10934.42
2025-06-04 00:15:00,10914.85
2025-06-04 00:30:00,10760.61
2025-06-04 00:45:00,10668.26
2025-06-04 01:00:00,10629.64
2025-06-04 01:15:00,10641.05
2025-06-04 01:30:00,10574.74
2025-06-04 01:45:00,10548.38
2025-06-04 02:00:00,10585.63
2025-06-04 02:15:00,10613.19
2025-06-04 02:30:00,10580.19
2025-06-04 02:45:00,10555.01
2025-06-04 03:00:00,10659.09
2025-06-04 03:15:00,10767.81
2025-06-04 03:30:00,10790.37
2025-06-04 03:45:00,10856.22
2025-06-04 04:00:00,11114.45
2025-06-04 04:15:00,11290.64
2025-06-04 04:30:00,11431.17
2025-06-04 04:45:00,11684.71
2025-06-04 05:00:00,12074.12
2025-06-04 05:15:00,12330.51
2025-06-04 05:30:00,12560.78
2025-06-04 05:45:00,12826.24
2025-06-04 06:00:00,13025.28
2025-06-04 06:15:00,13146.03
2025-06-04 06:30:00,13270.87
2025-06-04 06:45:00,13388.45
2025-06-04 07:00:00,13470.35
2025-06-04 07:15:00,13530.61
2025-06-04 07:30:00,13439.41
2025-06-04 07:45:00,13571.94
2025-06-04 08:00:00,13648.52
2025-06-04 08:15:00,13547.84
2025-06-04 08:30:00,13567.61
2025-06-04 08:45:00,13574.89
2025-06-04 09:00:00,13529.84
2025-06-04 09:15:00,13523.88
2025-06-04 09:30:00,13473.77
2025-06-04 09:45:00,13467.61
2025-06-04 10:00:00,13373.02
2025-06-04 10:15:00,13269.63
2025-06-04 10:30:00,13248.51
2025-06-04 10:45:00,13291.31
2025-06-04 11:00:00,13268.58
2025-06-04 11:15:00,13263.59
2025-06-04 11:30:00,13244.89
2025-06-04 11:45:00,13207.08
2025-06-04 12:00:00,13228.25
2025-06-04 12:15:00,13181.67
2025-06-04 12:30:00,13208.22
2025-06-04 12:45:00,13120.88
2025-06-04 13:00:00,13112.11
2025-06-04 13:15:00,13055.11
2025-06-04 13:30:00,13052.78
2025-06-04 13:45:00,13077.18
2025-06-04 14:00:00,12996.08
2025-06-04 14:15:00,13023.27
2025-06-04 14:30:00,13064.02
2025-06-04 14:45:00,13186.14
2025-06-04 15:00:00,13261.02
2025-06-04 15:15:00,13432.89
2025-06-04 15:30:00,13500.47
2025-06-04 15:45:00,13538.84
2025-06-04 16:00:00,13455.48
2025-06-04 16:15:00,13310.28
2025-06-04 16:30:00,13274.81
2025-06-04 16:45:00,13233.55
2025-06-04 17:00:00,13215.49
2025-06-04 17:15:00,13233.28
2025-06-04 17:30:00,13181.29
2025-06-04 17:45:00,13166.8
2025-06-04 18:00:00,13151.82
2025-06-04 18:15:00,13200.19
2025-06-04 18:30:00,13193.49
2025-06-04 18:45:00,13244.96
2025-06-04 19:00:00,13264.15
2025-06-04 19:15:00,13374.13
2025-06-04 19:30:00,13300.18
2025-06-04 19:45:00,13241.56
2025-06-04 20:00:00,13214.98
2025-06-04 20:15:00,13165.77
2025-06-04 20:30:00,12960.82
2025-06-04 20:45:00,12763.98
2025-06-04 21:00:00,12553.33
2025-06-04 21:15:00,12372.84
2025-06-04 21:30:00,12193.84
2025-06-04 21:45:00,12023.7
2025-06-04 22:00:00,11859.22
2025-06-04 22:15:00,11682.73
2025-06-04 22:30:00,11532.24
2025-06-04 22:45:00,11406.68
2025-06-04 23:00:00,11235.14
2025-06-04 23:15:00,11098.09
2025-06-04 23:30:00,10988.93
2025-06-04 23:45:00,10969.94
2025-06-05 00:00:00,10894.55
2025-06-05 00:15:00,10770.89
2025-06-05 00:30:00,10672.88
2025-06-05 00:45:00,10595.43
2025-06-05 01:00:00,10572.82
2025-06-05 01:15:00,10542.12
2025-06-05 01:30:00,10517.2
2025-06-05 01:45:00,10535.02
2025-06-05 02:00:00,10564.56
2025-06-05 02:15:00,10545.14
2025-06-05 02:30:00,10568.39
2025-06-05 02:45:00,10621.16
2025-06-05 03:00:00,10720.8
2025-06-05 03:15:00,10788.03
2025-06-05 03:30:00,10851.07
2025-06-05 03:45:00,10864.56
2025-06-05 04:00:00,11080.92
2025-06-05 04:15:00,11277.39
2025-06-05 04:30:00,11441.28
2025-06-05 04:45:00,11651.42
2025-06-05 05:00:00,11968.82
2025-06-05 05:15:00,12215.23
2025-06-05 05:30:00,12456.12
2025-06-05 05:45:00,12661.76
2025-06-05 06:00:00,12861.42
2025-06-05 06:15:00,13018.63
2025-06-05 06:30:00,13135.38
2025-06-05 06:45:00,13194.23
2025-06-05 07:00:00,13353.17
2025-06-05 07:15:00,13342.81
2025-06-05 07:30:00,13375.09
2025-06-05 07:45:00,13404.97
2025-06-05 08:00:00,13436.93
2025-06-05 08:15:00,13480.21
2025-06-05 08:30:00,13566.74
2025-06-05 08:45:00,13569.53
2025-06-05 09:00:00,13717.68
2025-06-05 09:15:00,13711.67
2025-06-05 09:30:00,13671.22
2025-06-05 09:45:00,13783.99
2025-06-05 10:00:00,13824.61
2025-06-05 10:15:00,13877.76
2025-06-05 10:30:00,13806.22
2025-06-05 10:45:00,13860.92
2025-06-05 11:00:00,13967.28
2025-06-05 11:15:00,13973.45
2025-06-05 11:30:00,14006.87
2025-06-05 11:45:00,13857.92
2025-06-05 12:00:00,13688.13
2025-06-05 12:15:00,13506.64
2025-06-05 12:30:00,13390.95
2025-06-05 12:45:00,13280.45
2025-06-05 13:00:00,13170.04
2025-06-05 13:15:00,13222.76
2025-06-05 13:30:00,13271.3
2025-06-05 13:45:00,13335.83
2025-06-05 14:00:00,13320.1
2025-06-05 14:15:00,13349.6
2025-06-05 14:30:00,13306.21
2025-06-05 14:45:00,13373.01
2025-06-05 15:00:00,13500.64
2025-06-05 15:15:00,13659.99
2025-06-05 15:30:00,13750.54
2025-06-05 15:45:00,13759.87
2025-06-05 16:00:00,13651.69
2025-06-05 16:15:00,13725.17
2025-06-05 16:30:00,13811.13
2025-06-05 16:45:00,13840.71
2025-06-05 17:00:00,13796.59
2025-06-05 17:15:00,13730.95
2025-06-05 17:30:00,13781.14
2025-06-05 17:45:00,13835.39
2025-06-05 18:00:00,13806.93
2025-06-05 18:15:00,13834.37
2025-06-05 18:30:00,13821.89
2025-06-05 18:45:00,13853.91
2025-06-05 19:00:00,13807.22
2025-06-05 19:15:00,13760.04
2025-06-05 19:30:00,13763.08
2025-06-05 19:45:00,13741.05
2025-06-05 20:00:00,13530.89
2025-06-05 20:15:00,13340.03
2025-06-05 20:30:00,13200.86
2025-06-05 20:45:00,13066.99
2025-06-05 21:00:00,12934.08
2025-06-05 21:15:00,12701.47
2025-06-05 21:30:00,12440.57
2025-06-05 21:45:00,12206.56
2025-06-05 22:00:00,11991.51
2025-06-05 22:15:00,11786.13
2025-06-05 22:30:00,11669.17
2025-06-05 22:45:00,11523.49
2025-06-05 23:00:00,11462.52
2025-06-05 23:15:00,11396.11
2025-06-05 23:30:00,11373.63
2025-06-05 23:45:00,11356.88
2025-06-06 00:00:00,11323.17
2025-06-06 00:15:00,11175.36
2025-06-06 00:30:00,11095.41
2025-06-06 00:45:00,11068.77
2025-06-06 01:00:00,10940.78
2025-06-06 01:15:00,10912.47
2025-06-06 01:30:00,10920.57
2025-06-06 01:45:00,10969.84
2025-06-06 02:00:00,11049.01
2025-06-06 02:15:00,10880.2
2025-06-06 02:30:00,10881.56
2025-06-06 02:45:00,10951.41
2025-06-06 03:00:00,11029.37
2025-06-06 03:15:00,10966.5
2025-06-06 03:30:00,10989.71
2025-06-06 03:45:00,11049.86
2025-06-06 04:00:00,11275.95
2025-06-06 04:15:00,11293.36
2025-06-06 04:30:00,11386.18
2025-06-06 04:45:00,11557.56
2025-06-06 05:00:00,11819.8
2025-06-06 05:15:00,12016.65
2025-06-06 05:30:00,12309.12
2025-06-06 05:45:00,12633.22
2025-06-06 06:00:00,12813.58
2025-06-06 06:15:00,12864.43
2025-06-06 06:30:00,12991.86
2025-06-06 06:45:00,13148.14
2025-06-06 07:00:00,13159.68
2025-06-06 07:15:00,13242.0
2025-06-06 07:30:00,13244.26
2025-06-06 07:45:00,13250.96
2025-06-06 08:00:00,13063.81
2025-06-06 08:15:00,13009.43
2025-06-06 08:30:00,13112.05
2025-06-06 08:45:00,13060.35
2025-06-06 09:00:00,13023.08
2025-06-06 09:15:00,13068.18
2025-06-06 09:30:00,13064.02
2025-06-06 09:45:00,13075.86
2025-06-06 10:00:00,13018.54
2025-06-06 10:15:00,13002.23
2025-06-06 10:30:00,12942.46
2025-06-06 10:45:00,12888.78
2025-06-06 11:00:00,13038.03
2025-06-06 11:15:00,13150.68
2025-06-06 11:30:00,13059.82
2025-06-06 11:45:00,13006.02
2025-06-06 12:00:00,12907.35
2025-06-06 12:15:00,12899.93
2025-06-06 12:30:00,12763.37
2025-06-06 12:45:00,12685.82
2025-06-06 13:00:00,12746.28
2025-06-06 13:15:00,12800.6
2025-06-06 13:30:00,12804.6
2025-06-06 13:45:00,12786.31
2025-06-06 14:00:00,12893.5
2025-06-06 14:15:00,12949.36
2025-06-06 14:30:00,12950.82
2025-06-06 14:45:00,13047.36
2025-06-06 15:00:00,13288.5
2025-06-06 15:15:00,13419.76
2025-06-06 15:30:00,13588.21
2025-06-06 15:45:00,13466.49
2025-06-06 16:00:00,13272.41
2025-06-06 16:15:00,13149.67
2025-06-06 16:30:00,13017.71
2025-06-06 16:45:00,12903.31
2025-06-06 17:00:00,12815.77
2025-06-06 17:15:00,12710.2
2025-06-06 17:30:00,12730.37
2025-06-06 17:45:00,12710.51
2025-06-06 18:00:00,12700.69
2025-06-06 18:15:00,12663.2
2025-06-06 18:30:00,12659.16
2025-06-06 18:45:00,12674.0
2025-06-06 19:00:00,12675.79
2025-06-06 19:15:00,12662.82
2025-06-06 19:30:00,12710.69
2025-06-06 19:45:00,12699.12
2025-06-06 20:00:00,12613.02
2025-06-06 20:15:00,12591.86
2025-06-06 20:30:00,12518.39
2025-06-06 20:45:00,12442.44
2025-06-06 21:00:00,12272.02
2025-06-06 21:15:00,12100.74
2025-06-06 21:30:00,11941.68
2025-06-06 21:45:00,11790.82
2025-06-06 22:00:00,11538.99
2025-06-06 22:15:00,11448.45
2025-06-06 22:30:00,11341.83
2025-06-06 22:45:00,11211.07
2025-06-06 23:00:00,11072.94
2025-06-06 23:15:00,10923.0
2025-06-06 23:30:00,10733.36
2025-06-06 23:45:00,10627.7
2025-06-07 00:00:00,10554.7
2025-06-07 00:15:00,10470.61
2025-06-07 00:30:00,10364.69
2025-06-07 00:45:00,10379.3
2025-06-07 01:00:00,10357.89
2025-06-07 01:15:00,10306.73
2025-06-07 01:30:00,10268.12
2025-06-07 01:45:00,10192.65
2025-06-07 02:00:00,10227.51
2025-06-07 02:15:00,10250.74
2025-06-07 02:30:00,10196.01
2025-06-07 02:45:00,10171.38
2025-06-07 03:00:00,10202.05
2025-06-07 03:15:00,10137.78
2025-06-07 03:30:00,10105.98
2025-06-07 03:45:00,10131.4
2025-06-07 04:00:00,10181.73
2025-06-07 04:15:00,10113.69
2025-06-07 04:30:00,10112.71
2025-06-07 04:45:00,10108.22
2025-06-07 05:00:00,10230.74
2025-06-07 05:15:00,10435.65
2025-06-07 05:30:00,10613.81
2025-06-07 05:45:00,10766.86
2025-06-07 06:00:00,11069.89
2025-06-07 06:15:00,11112.65
2025-06-07 06:30:00,11157.86
2025-06-07 06:45:00,11413.67
2025-06-07 07:00:00,11593.32
2025-06-07 07:15:00,11695.48
2025-06-07 07:30:00,11867.88
2025-06-07 07:45:00,11865.53
2025-06-07 08:00:00,12035.82
2025-06-07 08:15:00,12036.49
2025-06-07 08:30:00,12082.96
2025-06-07 08:45:00,12031.68
2025-06-07 09:00:00,12099.25
2025-06-07 09:15:00,12109.52
2025-06-07 09:30:00,12143.63
2025-06-07 09:45:00,12223.07
2025-06-07 10:00:00,12031.38
2025-06-07 10:15:00,11998.89
2025-06-07 10:30:00,11894.98
2025-06-07 10:45:00,11962.91
2025-06-07 11:00:00,11878.94
2025-06-07 11:15:00,11872.57
2025-06-07 11:30:00,11869.02
2025-06-07 11:45:00,11856.86
2025-06-07 12:00:00,11775.83
2025-06-07 12:15:00,11719.8
2025-06-07 12:30:00,11571.4
2025-06-07 12:45:00,11518.47
2025-06-07 13:00:00,11542.0
2025-06-07 13:15:00,11507.25
2025-06-07 13:30:00,11477.8
2025-06-07 13:45:00,11467.49
2025-06-07 14:00:00,11411.6
2025-06-07 14:15:00,11428.63
2025-06-07 14:30:00,11534.81
2025-06-07 14:45:00,11694.89
2025-06-07 15:00:00,11864.56
2025-06-07 15:15:00,11794.48
2025-06-07 15:30:00,11848.01
2025-06-07 15:45:00,11938.06
2025-06-07 16:00:00,11866.13
2025-06-07 16:15:00,11835.5
2025-06-07 16:30:00,11785.33
2025-06-07 16:45:00,11890.9
2025-06-07 17:00:00,11870.08
2025-06-07 17:15:00,11851.02
2025-06-07 17:30:00,11794.73
2025-06-07 17:45:00,11866.26
2025-06-07 18:00:00,11910.93
2025-06-07 18:15:00,12017.18
2025-06-07 18:30:00,12079.27
2025-06-07 18:45:00,12108.56
2025-06-07 19:00:00,12122.8
2025-06-07 19:15:00,12176.06
2025-06-07 19:30:00,12136.69
2025-06-07 19:45:00,12151.82
2025-06-07 20:00:00,12012.02
2025-06-07 20:15:00,12050.53
2025-06-07 20:30:00,11974.62
2025-06-07 20:45:00,11955.62
2025-06-07 21:00:00,11899.54
2025-06-07 21:15:00,11649.53
2025-06-07 21:30:00,11514.37
2025-06-07 21:45:00,11323.4
2025-06-07 22:00:00,11255.34
2025-06-07 22:15:00,11193.11
2025-06-07 22:30:00,11063.93
2025-06-07 22:45:00,11119.81
2025-06-07 23:00:00,10978.13
2025-06-07 23:15:00,10835.02
2025-06-07 23:30:00,10683.46
2025-06-07 23:45:00,10579.51
2025-06-08 00:00:00,10502.15
2025-06-08 00:15:00,10526.88
2025-06-08 00:30:00,10493.92
2025-06-08 00:45:00,10524.06
2025-06-08 01:00:00,10532.05
2025-06-08 01:15:00,10490.84
2025-06-08 01:30:00,10392.83
2025-06-08 01:45:00,10321.09
2025-06-08 02:00:00,10287.91
2025-06-08 02:15:00,10261.55
2025-06-08 02:30:00,10248.65
2025-06-08 02:45:00,10188.69
2025-06-08 03:00:00,10295.8
2025-06-08 03:15:00,10169.67
2025-06-08 03:30:00,10066.78
2025-06-08 03:45:00,10005.28
2025-06-08 04:00:00,10007.48
2025-06-08 04:15:00,9943.41
2025-06-08 04:30:00,9871.97
2025-06-08 04:45:00,9828.05
2025-06-08 05:00:00,9838.3
2025-06-08 05:15:00,9845.53
2025-06-08 05:30:00,9871.9
2025-06-08 05:45:00,9897.86
2025-06-08 06:00:00,9964.54
2025-06-08 06:15:00,10056.24
2025-06-08 06:30:00,10147.07
2025-06-08 06:45:00,10303.14
2025-06-08 07:00:00,10374.36
2025-06-08 07:15:00,10379.27
2025-06-08 07:30:00,10471.73
2025-06-08 07:45:00,10573.17
2025-06-08 08:00:00,10671.05
2025-06-08 08:15:00,10716.85
2025-06-08 08:30:00,10810.54
2025-06-08 08:45:00,10882.1
2025-06-08 09:00:00,11066.26
2025-06-08 09:15:00,10993.01
2025-06-08 09:30:00,11099.95
2025-06-08 09:45:00,11272.09
2025-06-08 10:00:00,11303.19
2025-06-08 10:15:00,11294.67
2025-06-08 10:30:00,11220.71
2025-06-08 10:45:00,11216.82
2025-06-08 11:00:00,11221.54
2025-06-08 11:15:00,11147.68
2025-06-08 11:30:00,11112.44
2025-06-08 11:45:00,11160.4
2025-06-08 12:00:00,11080.84
2025-06-08 12:15:00,10944.31
2025-06-08 12:30:00,11047.13
2025-06-08 12:45:00,11034.25
2025-06-08 13:00:00,11041.25
2025-06-08 13:15:00,11072.3
2025-06-08 13:30:00,11082.06
2025-06-08 13:45:00,11020.17
2025-06-08 14:00:00,11109.04
2025-06-08 14:15:00,11029.85
2025-06-08 14:30:00,11063.18
2025-06-08 14:45:00,11161.11
2025-06-08 15:00:00,11305.07
2025-06-08 15:15:00,11432.93
2025-06-08 15:30:00,11523.07
2025-06-08 15:45:00,11589.35
2025-06-08 16:00:00,11645.1
2025-06-08 16:15:00,11666.68
2025-06-08 16:30:00,11586.5
2025-06-08 16:45:00,11419.53
2025-06-08 17:00:00,11549.74
2025-06-08 17:15:00,11549.59
2025-06-08 17:30:00,11535.86
2025-06-08 17:45:00,11550.68
2025-06-08 18:00:00,11578.02
2025-06-08 18:15:00,11631.09
2025-06-08 18:30:00,11670.08
2025-06-08 18:45:00,11739.24
2025-06-08 19:00:00,11867.06
2025-06-08 19:15:00,11938.65
2025-06-08 19:30:00,11996.03
2025-06-08 19:45:00,12047.49
2025-06-08 20:00:00,12060.66
2025-06-08 20:15:00,12100.15
2025-06-08 20:30:00,12026.52
2025-06-08 20:45:00,11890.91
2025-06-08 21:00:00,11755.41
2025-06-08 21:15:00,11646.44
2025-06-08 21:30:00,11499.91
2025-06-08 21:45:00,11349.11
2025-06-08 22:00:00,11184.24
2025-06-08 22:15:00,11002.07
2025-06-08 22:30:00,10850.7
2025-06-08 22:45:00,10761.68
2025-06-08 23:00:00,10514.62
2025-06-08 23:15:00,10448.16
2025-06-08 23:30:00,10408.82
2025-06-08 23:45:00,10237.27
2025-06-09 00:00:00,10220.0
2025-06-09 00:15:00,8633.43
2025-06-09 00:30:00,10029.93
2025-06-09 00:45:00,9983.59
2025-06-09 01:00:00,10075.42
2025-06-09 01:15:00,10049.93
2025-06-09 01:30:00,9981.62
2025-06-09 01:45:00,9940.7
2025-06-09 02:00:00,9995.83
2025-06-09 02:15:00,10004.11
2025-06-09 02:30:00,10009.65
2025-06-09 02:45:00,9980.98
2025-06-09 03:00:00,10018.98
2025-06-09 03:15:00,9973.63
2025-06-09 03:30:00,9908.78
2025-06-09 03:45:00,9866.86
2025-06-09 04:00:00,9791.22
2025-06-09 04:15:00,9681.39
2025-06-09 04:30:00,9633.58
2025-06-09 04:45:00,9585.49
2025-06-09 05:00:00,9571.63
2025-06-09 05:15:00,9601.99
2025-06-09 05:30:00,9728.02
2025-06-09 05:45:00,9772.37
2025-06-09 06:00:00,9927.74
2025-06-09 06:15:00,10136.69
2025-06-09 06:30:00,10317.82
2025-06-09 06:45:00,10413.07
2025-06-09 07:00:00,10345.28
2025-06-09 07:15:00,10408.78
2025-06-09 07:30:00,10569.45
2025-06-09 07:45:00,10839.42
2025-06-09 08:00:00,10745.65
2025-06-09 08:15:00,10700.38
2025-06-09 08:30:00,10754.94
2025-06-09 08:45:00,10904.94
2025-06-09 09:00:00,10873.55
2025-06-09 09:15:00,10892.76
2025-06-09 09:30:00,10969.59
2025-06-09 09:45:00,11063.1
2025-06-09 10:00:00,11050.57
2025-06-09 10:15:00,11109.93
2025-06-09 10:30:00,11124.53
2025-06-09 10:45:00,11136.65
2025-06-09 11:00:00,11204.65
2025-06-09 11:15:00,11175.98
2025-06-09 11:30:00,11151.55
2025-06-09 11:45:00,11148.42
2025-06-09 12:00:00,11183.08
2025-06-09 12:15:00,11146.78
2025-06-09 12:30:00,11095.18
2025-06-09 12:45:00,11147.9
2025-06-09 13:00:00,11031.73
2025-06-09 13:15:00,10980.63
2025-06-09 13:30:00,10980.3
2025-06-09 13:45:00,11000.81
2025-06-09 14:00:00,10967.09
2025-06-09 14:15:00,11007.2
2025-06-09 14:30:00,11138.54
2025-06-09 14:45:00,11320.41
2025-06-09 15:00:00,11648.55
2025-06-09 15:15:00,11760.45
2025-06-09 15:30:00,11717.03
2025-06-09 15:45:00,11812.08
2025-06-09 16:00:00,11868.92
2025-06-09 16:15:00,11803.16
2025-06-09 16:30:00,11664.88
2025-06-09 16:45:00,11627.58
2025-06-09 17:00:00,11605.8
2025-06-09 17:15:00,11644.16
2025-06-09 17:30:00,11672.12
2025-06-09 17:45:00,11767.51
2025-06-09 18:00:00,11793.94
2025-06-09 18:15:00,11906.5
2025-06-09 18:30:00,11948.87
2025-06-09 18:45:00,12072.42
2025-06-09 19:00:00,12153.8
2025-06-09 19:15:00,12254.72
2025-06-09 19:30:00,12328.68
2025-06-09 19:45:00,12356.06
2025-06-09 20:00:00,12364.87
2025-06-09 20:15:00,12341.42
2025-06-09 20:30:00,12234.6
2025-06-09 20:45:00,12127.27
2025-06-09 21:00:00,11979.53
2025-06-09 21:15:00,11826.29
2025-06-09 21:30:00,11668.41
2025-06-09 21:45:00,11572.56
2025-06-09 22:00:00,11384.87
2025-06-09 22:15:00,11222.23
2025-06-09 22:30:00,11108.32
2025-06-09 22:45:00,10978.56
2025-06-09 23:00:00,10838.09
2025-06-09 23:15:00,10687.41
2025-06-09 23:30:00,10658.43
2025-06-09 23:45:00,10674.61
2025-06-10 00:00:00,10676.86
2025-06-10 00:15:00,10672.07
2025-06-10 00:30:00,10586.55
2025-06-10 00:45:00,10480.2
2025-06-10 01:00:00,10457.52
2025-06-10 01:15:00,10418.89
2025-06-10 01:30:00,10386.35
2025-06-10 01:45:00,10402.31
2025-06-10 02:00:00,10428.13
2025-06-10 02:15:00,10430.99
2025-06-10 02:30:00,10417.02
2025-06-10 02:45:00,10418.95
2025-06-10 03:00:00,10483.24
2025-06-10 03:15:00,10516.64
2025-06-10 03:30:00,10620.81
2025-06-10 03:45:00,10700.53
2025-06-10 04:00:00,11080.47
2025-06-10 04:15:00,11277.83
2025-06-10 04:30:00,11457.95
2025-06-10 04:45:00,11653.7
2025-06-10 05:00:00,12002.75
2025-06-10 05:15:00,12266.32
2025-06-10 05:30:00,12548.97
2025-06-10 05:45:00,12786.52
2025-06-10 06:00:00,13049.8
2025-06-10 06:15:00,13189.7
2025-06-10 06:30:00,13433.67
2025-06-10 06:45:00,13661.14
2025-06-10 07:00:00,13781.03
2025-06-10 07:15:00,13837.67
2025-06-10 07:30:00,13869.99
2025-06-10 07:45:00,14017.43
2025-06-10 08:00:00,14077.68
2025-06-10 08:15:00,14153.24
2025-06-10 08:30:00,14123.88
2025-06-10 08:45:00,14167.39
2025-06-10 09:00:00,14333.54
2025-06-10 09:15:00,14347.25
2025-06-10 09:30:00,14260.72
2025-06-10 09:45:00,14340.52
2025-06-10 10:00:00,14274.32
2025-06-10 10:15:00,14177.68
2025-06-10 10:30:00,14182.98
2025-06-10 10:45:00,14048.63
2025-06-10 11:00:00,13947.81
2025-06-10 11:15:00,13952.35
2025-06-10 11:30:00,13889.54
2025-06-10 11:45:00,13784.11
2025-06-10 12:00:00,13742.19
2025-06-10 12:15:00,13634.02
2025-06-10 12:30:00,13705.1
2025-06-10 12:45:00,13527.43
2025-06-10 13:00:00,13560.4
2025-06-10 13:15:00,13590.3
2025-06-10 13:30:00,13591.98
2025-06-10 13:45:00,13551.44
2025-06-10 14:00:00,13451.43
2025-06-10 14:15:00,13370.49
2025-06-10 14:30:00,13329.13
2025-06-10 14:45:00,13430.63
2025-06-10 15:00:00,13517.19
2025-06-10 15:15:00,13561.48
2025-06-10 15:30:00,13532.33
2025-06-10 15:45:00,13615.67
2025-06-10 16:00:00,13328.19
2025-06-10 16:15:00,13125.67
2025-06-10 16:30:00,13019.37
2025-06-10 16:45:00,13017.52
2025-06-10 17:00:00,12939.41
2025-06-10 17:15:00,12856.34
2025-06-10 17:30:00,12859.81
2025-06-10 17:45:00,12906.27
2025-06-10 18:00:00,12929.57
2025-06-10 18:15:00,12971.23
2025-06-10 18:30:00,13020.05
2025-06-10 18:45:00,13012.23
2025-06-10 19:00:00,13084.87
2025-06-10 19:15:00,13114.9
2025-06-10 19:30:00,13138.76
2025-06-10 19:45:00,13126.88
2025-06-10 20:00:00,13092.33
2025-06-10 20:15:00,13063.97
2025-06-10 20:30:00,12929.59
2025-06-10 20:45:00,12763.56
2025-06-10 21:00:00,12565.12
2025-06-10 21:15:00,12395.98
2025-06-10 21:30:00,12177.99
2025-06-10 21:45:00,11988.41
2025-06-10 22:00:00,11771.05
2025-06-10 22:15:00,11595.16
2025-06-10 22:30:00,11453.26
2025-06-10 22:45:00,11344.64
2025-06-10 23:00:00,11176.4
2025-06-10 23:15:00,11068.0
2025-06-10 23:30:00,10965.62
2025-06-10 23:45:00,10867.88
2025-06-11 00:00:00,10854.75
2025-06-11 00:15:00,10772.93
2025-06-11 00:30:00,10725.9
2025-06-11 00:45:00,10683.97
2025-06-11 01:00:00,10608.35
2025-06-11 01:15:00,10546.55
2025-06-11 01:30:00,10490.97
2025-06-11 01:45:00,10492.61
2025-06-11 02:00:00,10517.77
2025-06-11 02:15:00,10513.4
2025-06-11 02:30:00,10541.45
2025-06-11 02:45:00,10531.99
2025-06-11 03:00:00,10598.11
2025-06-11 03:15:00,10665.6
2025-06-11 03:30:00,10716.85
2025-06-11 03:45:00,10707.68
2025-06-11 04:00:00,10974.85
2025-06-11 04:15:00,11120.73
2025-06-11 04:30:00,11271.54
2025-06-11 04:45:00,11470.38
2025-06-11 05:00:00,11760.9
2025-06-11 05:15:00,11995.23
2025-06-11 05:30:00,12275.48
2025-06-11 05:45:00,12525.02
2025-06-11 06:00:00,12634.04
2025-06-11 06:15:00,12714.04
2025-06-11 06:30:00,12864.34
2025-06-11 06:45:00,12971.8
2025-06-11 07:00:00,12996.12
2025-06-11 07:15:00,12913.44
2025-06-11 07:30:00,12880.92
2025-06-11 07:45:00,12999.69
2025-06-11 08:00:00,13016.17
2025-06-11 08:15:00,12993.09
2025-06-11 08:30:00,13030.51
2025-06-11 08:45:00,13202.48
2025-06-11 09:00:00,13082.54
2025-06-11 09:15:00,13131.0
2025-06-11 09:30:00,13125.54
2025-06-11 09:45:00,13056.66
2025-06-11 10:00:00,12910.59
2025-06-11 10:15:00,12932.34
2025-06-11 10:30:00,12908.78
2025-06-11 10:45:00,12887.38
2025-06-11 11:00:00,13002.33
2025-06-11 11:15:00,13074.85
2025-06-11 11:30:00,13045.84
2025-06-11 11:45:00,13097.94
2025-06-11 12:00:00,13018.76
2025-06-11 12:15:00,12963.43
2025-06-11 12:30:00,12929.08
2025-06-11 12:45:00,12960.63
2025-06-11 13:00:00,12991.12
2025-06-11 13:15:00,12972.52
2025-06-11 13:30:00,12875.35
2025-06-11 13:45:00,12855.53
2025-06-11 14:00:00,12921.28
2025-06-11 14:15:00,12922.1
2025-06-11 14:30:00,12878.7
2025-06-11 14:45:00,12915.51
2025-06-11 15:00:00,13037.09
2025-06-11 15:15:00,13171.23
2025-06-11 15:30:00,13177.19
2025-06-11 15:45:00,13209.78
2025-06-11 16:00:00,13088.54
2025-06-11 16:15:00,13034.0
2025-06-11 16:30:00,12920.54
2025-06-11 16:45:00,12933.93
2025-06-11 17:00:00,12982.76
2025-06-11 17:15:00,12998.64
2025-06-11 17:30:00,12954.12
2025-06-11 17:45:00,13003.15
2025-06-11 18:00:00,13059.27
2025-06-11 18:15:00,13040.36
2025-06-11 18:30:00,13055.28
2025-06-11 18:45:00,13176.58
2025-06-11 19:00:00,13238.76
2025-06-11 19:15:00,13319.33
2025-06-11 19:30:00,13366.68
2025-06-11 19:45:00,13416.35
2025-06-11 20:00:00,13324.13
2025-06-11 20:15:00,13419.93
2025-06-11 20:30:00,13429.69
2025-06-11 20:45:00,13303.75
2025-06-11 21:00:00,13041.33
2025-06-11 21:15:00,12904.17
2025-06-11 21:30:00,12683.86
2025-06-11 21:45:00,12499.42
2025-06-11 22:00:00,12172.77
2025-06-11 22:15:00,11933.04
2025-06-11 22:30:00,11774.26
2025-06-11 22:45:00,11650.7
2025-06-11 23:00:00,11429.8
2025-06-11 23:15:00,11310.54
2025-06-11 23:30:00,11206.48
2025-06-11 23:45:00,11153.42
2025-06-12 00:00:00,11073.89
2025-06-12 00:15:00,11003.65
2025-06-12 00:30:00,10963.67
2025-06-12 00:45:00,10922.46
2025-06-12 01:00:00,10878.77
2025-06-12 01:15:00,10798.65
2025-06-12 01:30:00,10749.41
2025-06-12 01:45:00,10644.2
2025-06-12 02:00:00,10660.82
2025-06-12 02:15:00,10681.23
2025-06-12 02:30:00,10701.13
2025-06-12 02:45:00,10640.53
2025-06-12 03:00:00,10646.28
2025-06-12 03:15:00,10659.68
2025-06-12 03:30:00,10746.79
2025-06-12 03:45:00,10766.63
2025-06-12 04:00:00,10874.66
2025-06-12 04:15:00,11043.08
2025-06-12 04:30:00,11257.02
2025-06-12 04:45:00,11466.57
2025-06-12 05:00:00,11861.76
2025-06-12 05:15:00,12061.56
2025-06-12 05:30:00,12290.59
2025-06-12 05:45:00,12478.07
2025-06-12 06:00:00,12569.0
2025-06-12 06:15:00,12678.57
2025-06-12 06:30:00,12819.03
2025-06-12 06:45:00,12948.66
2025-06-12 07:00:00,12947.2
2025-06-12 07:15:00,12979.44
2025-06-12 07:30:00,13026.44
2025-06-12 07:45:00,13135.5
2025-06-12 08:00:00,13070.25
2025-06-12 08:15:00,13008.56
2025-06-12 08:30:00,13156.86
2025-06-12 08:45:00,13206.6
2025-06-12 09:00:00,13117.68
2025-06-12 09:15:00,13083.37
2025-06-12 09:30:00,13101.08
2025-06-12 09:45:00,13108.61
2025-06-12 10:00:00,13157.09
2025-06-12 10:15:00,13185.31
2025-06-12 10:30:00,13150.22
2025-06-12 10:45:00,13116.01
2025-06-12 11:00:00,13318.61
2025-06-12 11:15:00,13339.23
2025-06-12 11:30:00,13359.89
2025-06-12 11:45:00,13289.31
2025-06-12 12:00:00,13343.27
2025-06-12 12:15:00,13296.89
2025-06-12 12:30:00,13285.85
2025-06-12 12:45:00,13245.26
2025-06-12 13:00:00,13281.15
2025-06-12 13:15:00,13192.92
2025-06-12 13:30:00,13289.76
2025-06-12 13:45:00,13293.41
2025-06-12 14:00:00,13272.21
2025-06-12 14:15:00,13205.66
2025-06-12 14:30:00,13186.09
2025-06-12 14:45:00,13359.98
2025-06-12 15:00:00,13590.49
2025-06-12 15:15:00,13738.94
2025-06-12 15:30:00,13769.38
2025-06-12 15:45:00,13732.09
2025-06-12 16:00:00,13702.21
2025-06-12 16:15:00,13541.51
2025-06-12 16:30:00,13480.24
2025-06-12 16:45:00,13493.15
2025-06-12 17:00:00,13610.07
2025-06-12 17:15:00,13525.6
2025-06-12 17:30:00,13497.91
2025-06-12 17:45:00,13562.38
2025-06-12 18:00:00,13527.72
2025-06-12 18:15:00,13566.67
2025-06-12 18:30:00,13592.26
2025-06-12 18:45:00,13638.92
2025-06-12 19:00:00,13677.35
2025-06-12 19:15:00,13785.34
2025-06-12 19:30:00,13819.45
2025-06-12 19:45:00,13888.57
2025-06-12 20:00:00,13878.39
2025-06-12 20:15:00,13868.7
2025-06-12 20:30:00,13705.02
2025-06-12 20:45:00,13547.11
2025-06-12 21:00:00,13402.83
2025-06-12 21:15:00,13116.23
2025-06-12 21:30:00,12931.02
2025-06-12 21:45:00,12719.47
2025-06-12 22:00:00,12523.42
2025-06-12 22:15:00,12291.97
2025-06-12 22:30:00,12103.08
2025-06-12 22:45:00,11944.83
2025-06-12 23:00:00,11819.37
2025-06-12 23:15:00,11725.45
2025-06-12 23:30:00,11538.86
2025-06-12 23:45:00,11449.4
2025-06-13 00:00:00,11425.87
2025-06-13 00:15:00,11385.4
2025-06-13 00:30:00,11278.29
2025-06-13 00:45:00,11149.21
2025-06-13 01:00:00,11099.64
2025-06-13 01:15:00,11034.66
2025-06-13 01:30:00,10981.87
2025-06-13 01:45:00,10969.76
2025-06-13 02:00:00,10911.2
2025-06-13 02:15:00,10971.88
2025-06-13 02:30:00,10947.27
2025-06-13 02:45:00,10930.8
2025-06-13 03:00:00,10975.02
2025-06-13 03:15:00,10992.0
2025-06-13 03:30:00,11029.65
2025-06-13 03:45:00,11028.04
2025-06-13 04:00:00,11213.92
2025-06-13 04:15:00,11337.41
2025-06-13 04:30:00,11516.4
2025-06-13 04:45:00,11659.21
2025-06-13 05:00:00,11983.99
2025-06-13 05:15:00,12238.89
2025-06-13 05:30:00,12434.4
2025-06-13 05:45:00,12635.9
2025-06-13 06:00:00,12719.57
2025-06-13 06:15:00,12924.87
2025-06-13 06:30:00,13092.4
2025-06-13 06:45:00,13262.0
2025-06-13 07:00:00,13301.6
2025-06-13 07:15:00,13402.04
2025-06-13 07:30:00,13522.93
2025-06-13 07:45:00,13598.62
2025-06-13 08:00:00,13500.17
2025-06-13 08:15:00,13572.27
2025-06-13 08:30:00,13736.36
2025-06-13 08:45:00,13809.27
2025-06-13 09:00:00,13754.72
2025-06-13 09:15:00,13758.79
2025-06-13 09:30:00,13789.47
2025-06-13 09:45:00,13746.15
2025-06-13 10:00:00,13630.63
2025-06-13 10:15:00,13605.47
2025-06-13 10:30:00,13636.94
2025-06-13 10:45:00,13684.4
2025-06-13 11:00:00,13807.9
2025-06-13 11:15:00,13761.89
2025-06-13 11:30:00,13730.55
2025-06-13 11:45:00,13689.31
2025-06-13 12:00:00,13591.82
2025-06-13 12:15:00,13577.69
2025-06-13 12:30:00,13551.45
2025-06-13 12:45:00,13609.5
2025-06-13 13:00:00,13601.07
2025-06-13 13:15:00,13596.61
2025-06-13 13:30:00,13540.95
2025-06-13 13:45:00,13494.21
2025-06-13 14:00:00,13596.7
2025-06-13 14:15:00,13620.46
2025-06-13 14:30:00,13604.49
2025-06-13 14:45:00,13595.58
2025-06-13 15:00:00,13594.6
2025-06-13 15:15:00,13668.47
2025-06-13 15:30:00,13742.24
2025-06-13 15:45:00,13788.08
2025-06-13 16:00:00,13661.66
2025-06-13 16:15:00,13552.35
2025-06-13 16:30:00,13553.44
2025-06-13 16:45:00,13644.7
2025-06-13 17:00:00,13667.71
2025-06-13 17:15:00,13629.65
2025-06-13 17:30:00,13608.0
2025-06-13 17:45:00,13648.92
2025-06-13 18:00:00,13729.84
2025-06-13 18:15:00,13663.36
2025-06-13 18:30:00,13691.04
2025-06-13 18:45:00,13758.37
2025-06-13 19:00:00,13761.58
2025-06-13 19:15:00,13820.27
2025-06-13 19:30:00,13823.81
2025-06-13 19:45:00,13851.17
2025-06-13 20:00:00,13769.2
2025-06-13 20:15:00,13900.49
2025-06-13 20:30:00,13900.22
2025-06-13 20:45:00,13864.28
2025-06-13 21:00:00,13732.54
2025-06-13 21:15:00,13446.46
2025-06-13 21:30:00,13276.1
2025-06-13 21:45:00,13109.43
2025-06-13 22:00:00,12920.07
2025-06-13 22:15:00,12712.06
2025-06-13 22:30:00,12605.45
2025-06-13 22:45:00,12383.57
2025-06-13 23:00:00,12320.98
2025-06-13 23:15:00,12226.69
2025-06-13 23:30:00,12056.89
2025-06-13 23:45:00,11651.01
2025-06-14 00:00:00,11707.7
2025-06-14 00:15:00,11635.94
2025-06-14 00:30:00,11295.06
2025-06-14 00:45:00,11217.4
2025-06-14 01:00:00,11185.97
2025-06-14 01:15:00,11023.4
2025-06-14 01:30:00,11028.72
2025-06-14 01:45:00,10864.16
2025-06-14 02:00:00,10857.76
2025-06-14 02:15:00,10752.85
2025-06-14 02:30:00,10792.99
2025-06-14 02:45:00,10620.72
2025-06-14 03:00:00,10540.13
2025-06-14 03:15:00,10516.93
2025-06-14 03:30:00,10422.98
2025-06-14 03:45:00,10461.56
2025-06-14 04:00:00,10634.67
2025-06-14 04:15:00,10460.21
2025-06-14 04:30:00,10480.5
2025-06-14 04:45:00,10401.11
2025-06-14 05:00:00,10551.18
2025-06-14 05:15:00,10677.9
2025-06-14 05:30:00,10799.59
2025-06-14 05:45:00,10899.06
2025-06-14 06:00:00,10749.69
2025-06-14 06:15:00,10968.58
2025-06-14 06:30:00,11152.25
2025-06-14 06:45:00,11439.31
2025-06-14 07:00:00,11406.13
2025-06-14 07:15:00,11675.44
2025-06-14 07:30:00,11675.47
2025-06-14 07:45:00,11945.86
2025-06-14 08:00:00,11788.67
2025-06-14 08:15:00,11747.39
2025-06-14 08:30:00,11808.11
2025-06-14 08:45:00,11898.81
2025-06-14 09:00:00,11969.29
2025-06-14 09:15:00,12024.85
2025-06-14 09:30:00,12079.45
2025-06-14 09:45:00,12151.2
2025-06-14 10:00:00,12376.5
2025-06-14 10:15:00,12374.68
2025-06-14 10:30:00,12356.22
2025-06-14 10:45:00,12287.42
2025-06-14 11:00:00,12400.35
2025-06-14 11:15:00,12324.44
2025-06-14 11:30:00,12329.63
2025-06-14 11:45:00,12332.89
2025-06-14 12:00:00,12367.85
2025-06-14 12:15:00,12380.12
2025-06-14 12:30:00,12370.02
2025-06-14 12:45:00,12432.81
2025-06-14 13:00:00,12468.03
2025-06-14 13:15:00,12387.14
2025-06-14 13:30:00,12340.22
2025-06-14 13:45:00,12307.82
2025-06-14 14:00:00,12261.84
2025-06-14 14:15:00,12336.73
2025-06-14 14:30:00,12293.2
2025-06-14 14:45:00,12338.62
2025-06-14 15:00:00,12524.22
2025-06-14 15:15:00,12668.26
2025-06-14 15:30:00,12546.04
2025-06-14 15:45:00,12575.76
2025-06-14 16:00:00,12614.17
2025-06-14 16:15:00,12474.12
2025-06-14 16:30:00,12412.4
2025-06-14 16:45:00,12386.71
2025-06-14 17:00:00,12503.99
2025-06-14 17:15:00,12419.22
2025-06-14 17:30:00,12384.33
2025-06-14 17:45:00,12425.45
2025-06-14 18:00:00,12425.63
2025-06-14 18:15:00,12426.3
2025-06-14 18:30:00,12488.05
2025-06-14 18:45:00,12487.64
2025-06-14 19:00:00,12548.89
2025-06-14 19:15:00,12564.9
2025-06-14 19:30:00,12541.91
2025-06-14 19:45:00,12545.6
2025-06-14 20:00:00,12526.51
2025-06-14 20:15:00,12475.15
2025-06-14 20:30:00,12388.9
2025-06-14 20:45:00,12301.47
2025-06-14 21:00:00,12237.28
2025-06-14 21:15:00,12174.95
2025-06-14 21:30:00,12044.14
2025-06-14 21:45:00,11861.18
2025-06-14 22:00:00,11595.25
2025-06-14 22:15:00,11483.21
2025-06-14 22:30:00,11481.48
2025-06-14 22:45:00,11468.35
2025-06-14 23:00:00,11286.83
2025-06-14 23:15:00,11127.29
2025-06-14 23:30:00,10969.22
2025-06-14 23:45:00,10824.32
2025-06-15 00:00:00,10758.19
2025-06-15 00:15:00,10647.7
2025-06-15 00:30:00,10536.72
2025-06-15 00:45:00,10454.48
2025-06-15 01:00:00,10391.56
2025-06-15 01:15:00,10374.75
2025-06-15 01:30:00,10321.09
2025-06-15 01:45:00,10306.61
2025-06-15 02:00:00,10378.86
2025-06-15 02:15:00,10362.48
2025-06-15 02:30:00,10307.9
2025-06-15 02:45:00,10332.23
2025-06-15 03:00:00,10316.04
2025-06-15 03:15:00,10295.9
2025-06-15 03:30:00,10282.88
2025-06-15 03:45:00,10065.02
2025-06-15 04:00:00,9955.01
2025-06-15 04:15:00,9878.98
2025-06-15 04:30:00,9863.7
2025-06-15 04:45:00,9830.85
2025-06-15 05:00:00,9773.88
2025-06-15 05:15:00,9781.45
2025-06-15 05:30:00,9815.91
2025-06-15 05:45:00,9856.96
2025-06-15 06:00:00,9873.48
2025-06-15 06:15:00,9972.89
2025-06-15 06:30:00,10110.62
2025-06-15 06:45:00,10332.97
2025-06-15 07:00:00,10422.87
2025-06-15 07:15:00,10537.06
2025-06-15 07:30:00,10482.88
2025-06-15 07:45:00,10528.67
2025-06-15 08:00:00,10601.02
2025-06-15 08:15:00,10625.51
2025-06-15 08:30:00,10644.76
2025-06-15 08:45:00,10765.5
2025-06-15 09:00:00,10799.0
2025-06-15 09:15:00,10854.38
2025-06-15 09:30:00,10996.03
2025-06-15 09:45:00,10997.99
2025-06-15 10:00:00,10955.91
2025-06-15 10:15:00,11017.83
2025-06-15 10:30:00,10971.5
2025-06-15 10:45:00,10988.75
2025-06-15 11:00:00,10955.05
2025-06-15 11:15:00,11059.05
2025-06-15 11:30:00,11068.59
2025-06-15 11:45:00,11160.93
2025-06-15 12:00:00,11150.33
2025-06-15 12:15:00,11068.69
2025-06-15 12:30:00,10978.49
2025-06-15 12:45:00,10923.15
2025-06-15 13:00:00,10877.17
2025-06-15 13:15:00,10832.88
2025-06-15 13:30:00,10812.4
2025-06-15 13:45:00,10808.84
2025-06-15 14:00:00,10876.22
2025-06-15 14:15:00,10924.86
2025-06-15 14:30:00,10982.09
2025-06-15 14:45:00,10978.85
2025-06-15 15:00:00,11300.02
2025-06-15 15:15:00,11391.54
2025-06-15 15:30:00,11355.9
2025-06-15 15:45:00,11499.9
2025-06-15 16:00:00,11559.56
2025-06-15 16:15:00,11526.68
2025-06-15 16:30:00,11492.3
2025-06-15 16:45:00,11462.56
2025-06-15 17:00:00,11507.08
2025-06-15 17:15:00,11552.88
2025-06-15 17:30:00,11594.4
2025-06-15 17:45:00,11699.99
2025-06-15 18:00:00,11843.54
2025-06-15 18:15:00,11883.51
2025-06-15 18:30:00,11917.03
2025-06-15 18:45:00,12002.28
2025-06-15 19:00:00,12120.96
2025-06-15 19:15:00,12223.48
2025-06-15 19:30:00,12247.68
2025-06-15 19:45:00,12280.14
2025-06-15 20:00:00,12344.12
2025-06-15 20:15:00,12374.71
2025-06-15 20:30:00,12293.13
2025-06-15 20:45:00,12137.96
2025-06-15 21:00:00,12022.88
2025-06-15 21:15:00,11872.79
2025-06-15 21:30:00,11754.69
2025-06-15 21:45:00,11591.9
2025-06-15 22:00:00,11446.26
2025-06-15 22:15:00,11305.48
2025-06-15 22:30:00,11186.55
2025-06-15 22:45:00,11097.75
2025-06-15 23:00:00,10910.05
2025-06-15 23:15:00,10792.01
2025-06-15 23:30:00,10693.65
2025-06-15 23:45:00,10596.45
2025-06-16 00:00:00,10575.6
2025-06-16 00:15:00,10555.67
2025-06-16 00:30:00,10486.56
2025-06-16 00:45:00,10411.15
2025-06-16 01:00:00,10433.56
2025-06-16 01:15:00,10396.12
2025-06-16 01:30:00,10350.02
2025-06-16 01:45:00,10352.44
2025-06-16 02:00:00,10384.85
2025-06-16 02:15:00,10387.63
2025-06-16 02:30:00,10379.63
2025-06-16 02:45:00,10384.48
2025-06-16 03:00:00,10433.05
2025-06-16 03:15:00,10475.26
2025-06-16 03:30:00,10497.94
2025-06-16 03:45:00,10530.59
2025-06-16 04:00:00,10733.49
2025-06-16 04:15:00,10888.42
2025-06-16 04:30:00,11098.46
2025-06-16 04:45:00,11284.99
2025-06-16 05:00:00,11613.36
2025-06-16 05:15:00,11840.28
2025-06-16 05:30:00,12056.07
2025-06-16 05:45:00,12298.68
2025-06-16 06:00:00,12443.65
2025-06-16 06:15:00,12565.76
2025-06-16 06:30:00,12767.08
2025-06-16 06:45:00,12921.19
2025-06-16 07:00:00,13073.54
2025-06-16 07:15:00,13093.47
2025-06-16 07:30:00,13193.41
2025-06-16 07:45:00,13247.48
2025-06-16 08:00:00,13153.09
2025-06-16 08:15:00,13131.65
2025-06-16 08:30:00,13119.4
2025-06-16 08:45:00,13125.46
2025-06-16 09:00:00,13120.31
2025-06-16 09:15:00,13148.21
2025-06-16 09:30:00,13303.01
2025-06-16 09:45:00,13476.27
2025-06-16 10:00:00,13325.72
2025-06-16 10:15:00,13261.51
2025-06-16 10:30:00,13171.52
2025-06-16 10:45:00,13170.34
2025-06-16 11:00:00,13226.09
2025-06-16 11:15:00,13363.83
2025-06-16 11:30:00,13334.15
2025-06-16 11:45:00,13333.01
2025-06-16 12:00:00,13448.48
2025-06-16 12:15:00,13344.04
2025-06-16 12:30:00,13215.6
2025-06-16 12:45:00,13282.93
2025-06-16 13:00:00,13328.96
2025-06-16 13:15:00,13246.03
2025-06-16 13:30:00,13284.41
2025-06-16 13:45:00,13229.96
2025-06-16 14:00:00,13227.77
2025-06-16 14:15:00,13280.44
2025-06-16 14:30:00,13287.89
2025-06-16 14:45:00,13347.59
2025-06-16 15:00:00,13359.95
2025-06-16 15:15:00,13373.1
2025-06-16 15:30:00,13407.44
2025-06-16 15:45:00,13447.52
2025-06-16 16:00:00,13355.46
2025-06-16 16:15:00,13350.38
2025-06-16 16:30:00,13194.16
2025-06-16 16:45:00,13168.07
2025-06-16 17:00:00,13212.5
2025-06-16 17:15:00,13207.9
2025-06-16 17:30:00,13238.01
2025-06-16 17:45:00,13287.56
2025-06-16 18:00:00,13283.94
2025-06-16 18:15:00,13258.72
2025-06-16 18:30:00,13297.94
2025-06-16 18:45:00,13398.34
2025-06-16 19:00:00,13428.9
2025-06-16 19:15:00,13468.76
2025-06-16 19:30:00,13449.38
2025-06-16 19:45:00,13471.22
2025-06-16 20:00:00,13477.23
2025-06-16 20:15:00,13447.55
2025-06-16 20:30:00,13366.69
2025-06-16 20:45:00,13235.81
2025-06-16 21:00:00,13009.13
2025-06-16 21:15:00,12816.57
2025-06-16 21:30:00,12614.05
2025-06-16 21:45:00,12418.1
2025-06-16 22:00:00,12196.86
2025-06-16 22:15:00,12031.37
2025-06-16 22:30:00,11815.66
2025-06-16 22:45:00,11717.3
2025-06-16 23:00:00,11536.48
2025-06-16 23:15:00,11398.28
2025-06-16 23:30:00,11307.26
2025-06-16 23:45:00,11229.0
2025-06-17 00:00:00,11160.04
2025-06-17 00:15:00,11082.99
2025-06-17 00:30:00,11010.79
2025-06-17 00:45:00,10985.9
2025-06-17 01:00:00,10970.01
2025-06-17 01:15:00,10930.52
2025-06-17 01:30:00,10913.07
2025-06-17 01:45:00,10870.93
2025-06-17 02:00:00,10842.46
2025-06-17 02:15:00,10784.41
2025-06-17 02:30:00,10771.39
2025-06-17 02:45:00,10768.54
2025-06-17 03:00:00,10754.79
2025-06-17 03:15:00,10783.15
2025-06-17 03:30:00,10813.53
2025-06-17 03:45:00,10923.19
2025-06-17 04:00:00,11121.68
2025-06-17 04:15:00,11165.94
2025-06-17 04:30:00,11318.0
2025-06-17 04:45:00,11570.1
2025-06-17 05:00:00,11757.16
2025-06-17 05:15:00,11990.01
2025-06-17 05:30:00,12231.5
2025-06-17 05:45:00,12464.83
2025-06-17 06:00:00,12575.38
2025-06-17 06:15:00,12654.26
2025-06-17 06:30:00,12812.25
2025-06-17 06:45:00,13022.8
2025-06-17 07:00:00,13054.27
2025-06-17 07:15:00,13065.34
2025-06-17 07:30:00,13146.1
2025-06-17 07:45:00,13276.53
2025-06-17 08:00:00,13284.21
2025-06-17 08:15:00,13262.02
2025-06-17 08:30:00,13407.9
2025-06-17 08:45:00,13398.32
2025-06-17 09:00:00,13284.6
2025-06-17 09:15:00,13298.46
2025-06-17 09:30:00,13393.27
2025-06-17 09:45:00,13407.64
2025-06-17 10:00:00,13374.73
2025-06-17 10:15:00,13300.57
2025-06-17 10:30:00,13302.39
2025-06-17 10:45:00,13342.75
2025-06-17 11:00:00,13368.58
2025-06-17 11:15:00,13398.09
2025-06-17 11:30:00,13425.03
2025-06-17 11:45:00,13424.03
2025-06-17 12:00:00,13446.86
2025-06-17 12:15:00,13497.45
2025-06-17 12:30:00,13359.07
2025-06-17 12:45:00,13355.27
2025-06-17 13:00:00,13433.88
2025-06-17 13:15:00,13424.36
2025-06-17 13:30:00,13298.08
2025-06-17 13:45:00,13346.08
2025-06-17 14:00:00,13381.95
2025-06-17 14:15:00,13431.5
2025-06-17 14:30:00,13420.45
2025-06-17 14:45:00,13519.78
2025-06-17 15:00:00,13634.02
2025-06-17 15:15:00,13710.42
2025-06-17 15:30:00,13764.22
2025-06-17 15:45:00,13782.09
2025-06-17 16:00:00,13621.78
2025-06-17 16:15:00,13605.05
2025-06-17 16:30:00,13486.92
2025-06-17 16:45:00,13432.41
2025-06-17 17:00:00,13403.42
2025-06-17 17:15:00,13396.22
2025-06-17 17:30:00,13396.67
2025-06-17 17:45:00,13404.48
2025-06-17 18:00:00,13393.55
2025-06-17 18:15:00,13373.01
2025-06-17 18:30:00,13334.52
2025-06-17 18:45:00,13432.99
2025-06-17 19:00:00,13424.57
2025-06-17 19:15:00,13458.22
2025-06-17 19:30:00,13590.61
2025-06-17 19:45:00,13702.15
2025-06-17 20:00:00,13632.16
2025-06-17 20:15:00,13574.68
2025-06-17 20:30:00,13501.47
2025-06-17 20:45:00,13387.59
2025-06-17 21:00:00,13263.4
2025-06-17 21:15:00,13049.83
2025-06-17 21:30:00,12813.14
2025-06-17 21:45:00,12665.17
2025-06-17 22:00:00,12377.2
2025-06-17 22:15:00,12108.73
2025-06-17 22:30:00,11936.69
2025-06-17 22:45:00,11816.9
2025-06-17 23:00:00,11687.59
2025-06-17 23:15:00,11599.32
2025-06-17 23:30:00,11495.88
2025-06-17 23:45:00,11366.76
2025-06-18 00:00:00,11325.81
2025-06-18 00:15:00,11216.63
2025-06-18 00:30:00,11181.59
2025-06-18 00:45:00,11090.01
2025-06-18 01:00:00,11040.13
2025-06-18 01:15:00,11048.43
2025-06-18 01:30:00,11029.98
2025-06-18 01:45:00,11002.0
2025-06-18 02:00:00,11010.54
2025-06-18 02:15:00,10956.22
2025-06-18 02:30:00,10973.86
2025-06-18 02:45:00,10968.27
2025-06-18 03:00:00,10925.91
2025-06-18 03:15:00,10901.97
2025-06-18 03:30:00,10887.47
2025-06-18 03:45:00,10897.31
2025-06-18 04:00:00,11068.58
2025-06-18 04:15:00,11236.1
2025-06-18 04:30:00,11306.44
2025-06-18 04:45:00,11458.32
2025-06-18 05:00:00,11840.22
2025-06-18 05:15:00,12075.47
2025-06-18 05:30:00,12426.64
2025-06-18 05:45:00,12742.83
2025-06-18 06:00:00,12825.57
2025-06-18 06:15:00,12940.86
2025-06-18 06:30:00,13097.61
2025-06-18 06:45:00,13193.62
2025-06-18 07:00:00,13300.48
2025-06-18 07:15:00,13291.42
2025-06-18 07:30:00,13313.63
2025-06-18 07:45:00,13342.4
2025-06-18 08:00:00,13348.01
2025-06-18 08:15:00,13389.98
2025-06-18 08:30:00,13508.71
2025-06-18 08:45:00,13731.86
2025-06-18 09:00:00,13676.78
2025-06-18 09:15:00,13665.03
2025-06-18 09:30:00,13532.88
2025-06-18 09:45:00,13560.75
2025-06-18 10:00:00,13456.15
2025-06-18 10:15:00,13439.29
2025-06-18 10:30:00,13415.25
2025-06-18 10:45:00,13475.62
2025-06-18 11:00:00,13535.69
2025-06-18 11:15:00,13593.31
2025-06-18 11:30:00,13562.94
2025-06-18 11:45:00,13578.41
2025-06-18 12:00:00,13556.4
2025-06-18 12:15:00,13628.55
2025-06-18 12:30:00,13640.1
2025-06-18 12:45:00,13627.98
2025-06-18 13:00:00,13669.55
2025-06-18 13:15:00,13608.2
2025-06-18 13:30:00,13583.86
2025-06-18 13:45:00,13539.19
2025-06-18 14:00:00,13660.7
2025-06-18 14:15:00,13605.96
2025-06-18 14:30:00,13509.69
2025-06-18 14:45:00,13617.51
2025-06-18 15:00:00,13723.92
2025-06-18 15:15:00,13806.54
2025-06-18 15:30:00,13841.12
2025-06-18 15:45:00,13838.26
2025-06-18 16:00:00,13720.13
2025-06-18 16:15:00,13708.06
2025-06-18 16:30:00,13604.28
2025-06-18 16:45:00,13561.64
2025-06-18 17:00:00,13531.87
2025-06-18 17:15:00,13542.93
2025-06-18 17:30:00,13543.05
2025-06-18 17:45:00,13585.03
2025-06-18 18:00:00,13585.4
2025-06-18 18:15:00,13639.92
2025-06-18 18:30:00,13669.66
2025-06-18 18:45:00,13741.74
2025-06-18 19:00:00,13753.05
2025-06-18 19:15:00,13820.63
2025-06-18 19:30:00,13859.4
2025-06-18 19:45:00,13808.28
2025-06-18 20:00:00,13805.89
2025-06-18 20:15:00,13805.22
2025-06-18 20:30:00,13738.05
2025-06-18 20:45:00,13534.77
2025-06-18 21:00:00,13353.0
2025-06-18 21:15:00,13171.35
2025-06-18 21:30:00,12930.5
2025-06-18 21:45:00,12701.6
2025-06-18 22:00:00,12501.38
2025-06-18 22:15:00,12320.15
2025-06-18 22:30:00,12211.82
2025-06-18 22:45:00,12061.83
2025-06-18 23:00:00,11857.87
2025-06-18 23:15:00,11683.13
2025-06-18 23:30:00,11636.98
2025-06-18 23:45:00,11575.49
2025-06-19 00:00:00,11436.56
2025-06-19 00:15:00,11330.18
2025-06-19 00:30:00,11221.42
2025-06-19 00:45:00,11215.36
2025-06-19 01:00:00,11165.38
2025-06-19 01:15:00,11152.62
2025-06-19 01:30:00,11129.04
2025-06-19 01:45:00,11109.68
2025-06-19 02:00:00,11060.25
2025-06-19 02:15:00,11107.87
2025-06-19 02:30:00,11128.27
2025-06-19 02:45:00,11052.18
2025-06-19 03:00:00,10978.78
2025-06-19 03:15:00,10993.82
2025-06-19 03:30:00,11055.94
2025-06-19 03:45:00,11069.89
2025-06-19 04:00:00,11247.89
2025-06-19 04:15:00,11351.99
2025-06-19 04:30:00,11548.32
2025-06-19 04:45:00,11780.73
2025-06-19 05:00:00,12030.65
2025-06-19 05:15:00,12248.22
2025-06-19 05:30:00,12486.24
2025-06-19 05:45:00,12700.64
2025-06-19 06:00:00,12920.26
2025-06-19 06:15:00,13021.36
2025-06-19 06:30:00,13165.52
2025-06-19 06:45:00,13452.59
2025-06-19 07:00:00,13448.67
2025-06-19 07:15:00,13514.21
2025-06-19 07:30:00,13761.97
2025-06-19 07:45:00,13762.11
2025-06-19 08:00:00,13494.43
2025-06-19 08:15:00,13466.56
2025-06-19 08:30:00,13474.31
2025-06-19 08:45:00,13648.95
2025-06-19 09:00:00,13461.11
2025-06-19 09:15:00,13492.05
2025-06-19 09:30:00,13458.62
2025-06-19 09:45:00,13467.2
2025-06-19 10:00:00,13423.22
2025-06-19 10:15:00,13382.26
2025-06-19 10:30:00,13336.0
2025-06-19 10:45:00,13335.13
2025-06-19 11:00:00,13406.87
2025-06-19 11:15:00,13433.5
2025-06-19 11:30:00,13463.7
2025-06-19 11:45:00,13396.18
2025-06-19 12:00:00,13468.74
2025-06-19 12:15:00,13471.2
2025-06-19 12:30:00,13438.57
2025-06-19 12:45:00,13485.4
2025-06-19 13:00:00,13435.4
2025-06-19 13:15:00,13536.92
2025-06-19 13:30:00,13503.55
2025-06-19 13:45:00,13523.86
2025-06-19 14:00:00,13542.39
2025-06-19 14:15:00,13680.57
2025-06-19 14:30:00,13511.76
2025-06-19 14:45:00,13575.29
2025-06-19 15:00:00,13721.7
2025-06-19 15:15:00,13767.37
2025-06-19 15:30:00,13769.41
2025-06-19 15:45:00,13783.93
2025-06-19 16:00:00,13715.17
2025-06-19 16:15:00,13685.9
2025-06-19 16:30:00,13520.17
2025-06-19 16:45:00,13544.54
2025-06-19 17:00:00,13625.44
2025-06-19 17:15:00,13636.35
2025-06-19 17:30:00,13572.7
2025-06-19 17:45:00,13647.36
2025-06-19 18:00:00,13699.56
2025-06-19 18:15:00,13718.39
2025-06-19 18:30:00,13752.56
2025-06-19 18:45:00,13830.71
2025-06-19 19:00:00,13845.79
2025-06-19 19:15:00,13885.44
2025-06-19 19:30:00,13891.48
2025-06-19 19:45:00,13920.53
2025-06-19 20:00:00,13802.84
2025-06-19 20:15:00,13734.52
2025-06-19 20:30:00,13665.75
2025-06-19 20:45:00,13542.89
2025-06-19 21:00:00,13306.64
2025-06-19 21:15:00,13142.96
2025-06-19 21:30:00,12967.67
2025-06-19 21:45:00,12743.99
2025-06-19 22:00:00,12455.99
2025-06-19 22:15:00,12251.72
2025-06-19 22:30:00,12071.33
2025-06-19 22:45:00,11898.62
2025-06-19 23:00:00,11779.44
2025-06-19 23:15:00,11656.01
2025-06-19 23:30:00,11549.98
2025-06-19 23:45:00,11451.39
2025-06-20 00:00:00,11368.12
2025-06-20 00:15:00,11297.13
2025-06-20 00:30:00,11196.19
2025-06-20 00:45:00,11204.36
2025-06-20 01:00:00,11128.13
2025-06-20 01:15:00,11105.01
2025-06-20 01:30:00,11062.7
2025-06-20 01:45:00,11010.1
2025-06-20 02:00:00,11039.77
2025-06-20 02:15:00,11071.45
2025-06-20 02:30:00,11001.3
2025-06-20 02:45:00,10989.86
2025-06-20 03:00:00,10982.07
2025-06-20 03:15:00,10968.33
2025-06-20 03:30:00,11003.72
2025-06-20 03:45:00,11008.39
2025-06-20 04:00:00,11204.26
2025-06-20 04:15:00,11265.83
2025-06-20 04:30:00,11425.38
2025-06-20 04:45:00,11586.48
2025-06-20 05:00:00,11796.11
2025-06-20 05:15:00,12022.35
2025-06-20 05:30:00,12257.35
2025-06-20 05:45:00,12486.49
2025-06-20 06:00:00,12565.38
2025-06-20 06:15:00,12683.15
2025-06-20 06:30:00,12762.34
2025-06-20 06:45:00,12912.98
2025-06-20 07:00:00,12945.25
2025-06-20 07:15:00,13005.09
2025-06-20 07:30:00,13024.65
2025-06-20 07:45:00,13169.86
2025-06-20 08:00:00,13097.16
2025-06-20 08:15:00,13166.32
2025-06-20 08:30:00,13320.66
2025-06-20 08:45:00,13436.24
2025-06-20 09:00:00,13333.34
2025-06-20 09:15:00,13358.02
2025-06-20 09:30:00,13357.96
2025-06-20 09:45:00,13355.68
2025-06-20 10:00:00,13288.83
2025-06-20 10:15:00,13253.4
2025-06-20 10:30:00,13188.48
2025-06-20 10:45:00,13179.11
2025-06-20 11:00:00,13223.03
2025-06-20 11:15:00,13216.77
2025-06-20 11:30:00,13250.43
2025-06-20 11:45:00,13220.06
2025-06-20 12:00:00,13217.76
2025-06-20 12:15:00,13193.42
2025-06-20 12:30:00,13182.77
2025-06-20 12:45:00,13164.38
2025-06-20 13:00:00,13154.72
2025-06-20 13:15:00,13121.46
2025-06-20 13:30:00,13059.86
2025-06-20 13:45:00,13011.77
2025-06-20 14:00:00,13064.58
2025-06-20 14:15:00,12973.14
2025-06-20 14:30:00,12945.65
2025-06-20 14:45:00,13030.15
2025-06-20 15:00:00,13135.43
2025-06-20 15:15:00,13232.86
2025-06-20 15:30:00,13299.39
2025-06-20 15:45:00,13342.42
2025-06-20 16:00:00,13305.39
2025-06-20 16:15:00,13254.36
2025-06-20 16:30:00,13175.76
2025-06-20 16:45:00,13188.35
2025-06-20 17:00:00,13153.45
2025-06-20 17:15:00,13162.54
2025-06-20 17:30:00,13189.99
2025-06-20 17:45:00,13230.03
2025-06-20 18:00:00,13231.35
2025-06-20 18:15:00,13296.75
2025-06-20 18:30:00,13289.76
2025-06-20 18:45:00,13307.03
2025-06-20 19:00:00,13330.03
2025-06-20 19:15:00,13364.57
2025-06-20 19:30:00,13389.47
2025-06-20 19:45:00,13406.26
2025-06-20 20:00:00,13360.41
2025-06-20 20:15:00,13377.59
2025-06-20 20:30:00,13281.74
2025-06-20 20:45:00,13163.41
2025-06-20 21:00:00,12996.66
2025-06-20 21:15:00,12847.71
2025-06-20 21:30:00,12640.35
2025-06-20 21:45:00,12448.83
2025-06-20 22:00:00,12194.61
2025-06-20 22:15:00,12006.56
2025-06-20 22:30:00,11820.37
2025-06-20 22:45:00,11709.28
2025-06-20 23:00:00,11551.43
2025-06-20 23:15:00,11424.06
2025-06-20 23:30:00,11322.02
2025-06-20 23:45:00,11226.19
2025-06-21 00:00:00,11134.82
2025-06-21 00:15:00,11104.78
2025-06-21 00:30:00,11027.44
2025-06-21 00:45:00,10926.23
2025-06-21 01:00:00,10857.41
2025-06-21 01:15:00,10774.87
2025-06-21 01:30:00,10708.21
2025-06-21 01:45:00,10638.07
2025-06-21 02:00:00,10608.36
2025-06-21 02:15:00,10633.5
2025-06-21 02:30:00,10587.45
2025-06-21 02:45:00,10517.96
2025-06-21 03:00:00,10512.41
2025-06-21 03:15:00,10421.15
2025-06-21 03:30:00,10347.24
2025-06-21 03:45:00,10214.84
2025-06-21 04:00:00,10125.61
2025-06-21 04:15:00,10063.0
2025-06-21 04:30:00,10034.52
2025-06-21 04:45:00,10102.0
2025-06-21 05:00:00,10109.23
2025-06-21 05:15:00,10180.53
2025-06-21 05:30:00,10368.41
2025-06-21 05:45:00,10478.79
2025-06-21 06:00:00,10497.9
2025-06-21 06:15:00,10569.97
2025-06-21 06:30:00,10654.32
2025-06-21 06:45:00,10875.5
2025-06-21 07:00:00,10929.31
2025-06-21 07:15:00,11043.4
2025-06-21 07:30:00,11255.62
2025-06-21 07:45:00,11387.98
2025-06-21 08:00:00,11377.46
2025-06-21 08:15:00,11411.68
2025-06-21 08:30:00,11458.86
2025-06-21 08:45:00,11569.51
2025-06-21 09:00:00,11617.14
2025-06-21 09:15:00,11670.22
2025-06-21 09:30:00,11715.25
2025-06-21 09:45:00,11748.07
2025-06-21 10:00:00,11833.5
2025-06-21 10:15:00,11855.64
2025-06-21 10:30:00,11934.36
2025-06-21 10:45:00,11937.29
2025-06-21 11:00:00,12013.55
2025-06-21 11:15:00,12045.19
2025-06-21 11:30:00,12017.47
2025-06-21 11:45:00,11942.98
2025-06-21 12:00:00,11928.71
2025-06-21 12:15:00,11908.45
2025-06-21 12:30:00,11877.13
2025-06-21 12:45:00,11940.83
2025-06-21 13:00:00,11716.96
2025-06-21 13:15:00,11727.36
2025-06-21 13:30:00,11734.86
2025-06-21 13:45:00,11693.21
2025-06-21 14:00:00,11681.21
2025-06-21 14:15:00,11761.32
2025-06-21 14:30:00,11722.12
2025-06-21 14:45:00,11735.9
2025-06-21 15:00:00,11860.55
2025-06-21 15:15:00,11951.77
2025-06-21 15:30:00,11950.61
2025-06-21 15:45:00,12064.22
2025-06-21 16:00:00,12070.74
2025-06-21 16:15:00,12056.33
2025-06-21 16:30:00,12048.36
2025-06-21 16:45:00,12127.86
2025-06-21 17:00:00,12256.22
2025-06-21 17:15:00,12335.3
2025-06-21 17:30:00,12370.64
2025-06-21 17:45:00,12447.86
2025-06-21 18:00:00,12575.16
2025-06-21 18:15:00,12619.35
2025-06-21 18:30:00,12704.16
2025-06-21 18:45:00,12789.34
2025-06-21 19:00:00,12862.69
2025-06-21 19:15:00,12908.22
2025-06-21 19:30:00,12984.15
2025-06-21 19:45:00,12959.78
2025-06-21 20:00:00,12887.54
2025-06-21 20:15:00,12908.68
2025-06-21 20:30:00,12857.68
2025-06-21 20:45:00,12751.34
2025-06-21 21:00:00,12687.36
2025-06-21 21:15:00,12576.7
2025-06-21 21:30:00,12535.45
2025-06-21 21:45:00,12391.06
2025-06-21 22:00:00,12062.47
2025-06-21 22:15:00,11921.74
2025-06-21 22:30:00,11790.23
2025-06-21 22:45:00,11729.64
2025-06-21 23:00:00,11564.0
2025-06-21 23:15:00,11370.38
2025-06-21 23:30:00,11357.38
2025-06-21 23:45:00,11265.33
2025-06-22 00:00:00,11105.23
2025-06-22 00:15:00,11016.36
2025-06-22 00:30:00,10930.63
2025-06-22 00:45:00,10881.89
2025-06-22 01:00:00,10812.41
2025-06-22 01:15:00,10734.25
2025-06-22 01:30:00,10672.72
2025-06-22 01:45:00,10665.52
2025-06-22 02:00:00,10791.66
2025-06-22 02:15:00,10771.76
2025-06-22 02:30:00,10715.06
2025-06-22 02:45:00,10672.7
2025-06-22 03:00:00,10541.86
2025-06-22 03:15:00,10407.81
2025-06-22 03:30:00,10266.1
2025-06-22 03:45:00,10106.93
2025-06-22 04:00:00,9995.94
2025-06-22 04:15:00,9886.44
2025-06-22 04:30:00,9811.84
2025-06-22 04:45:00,9846.73
2025-06-22 05:00:00,9987.06
2025-06-22 05:15:00,10035.53
2025-06-22 05:30:00,10077.29
2025-06-22 05:45:00,10117.53
2025-06-22 06:00:00,10221.28
2025-06-22 06:15:00,10279.63
2025-06-22 06:30:00,10410.79
2025-06-22 06:45:00,10585.2
2025-06-22 07:00:00,10606.5
2025-06-22 07:15:00,10678.86
2025-06-22 07:30:00,10898.71
2025-06-22 07:45:00,11012.75
2025-06-22 08:00:00,11224.62
2025-06-22 08:15:00,11279.29
2025-06-22 08:30:00,11422.6
2025-06-22 08:45:00,11607.42
2025-06-22 09:00:00,11692.63
2025-06-22 09:15:00,11804.19
2025-06-22 09:30:00,12030.59
2025-06-22 09:45:00,12248.57
2025-06-22 10:00:00,12281.86
2025-06-22 10:15:00,12262.49
2025-06-22 10:30:00,12213.07
2025-06-22 10:45:00,12137.66
2025-06-22 11:00:00,12231.64
2025-06-22 11:15:00,12230.81
2025-06-22 11:30:00,12161.53
2025-06-22 11:45:00,12102.11
2025-06-22 12:00:00,12163.66
2025-06-22 12:15:00,12259.07
2025-06-22 12:30:00,12320.77
2025-06-22 12:45:00,12428.87
2025-06-22 13:00:00,12166.75
2025-06-22 13:15:00,12091.95
2025-06-22 13:30:00,12013.13
2025-06-22 13:45:00,11876.56
2025-06-22 14:00:00,12009.74
2025-06-22 14:15:00,11952.94
2025-06-22 14:30:00,11901.3
2025-06-22 14:45:00,12017.49
2025-06-22 15:00:00,11947.92
2025-06-22 15:15:00,11999.02
2025-06-22 15:30:00,12065.14
2025-06-22 15:45:00,12153.53
2025-06-22 16:00:00,12309.19
2025-06-22 16:15:00,12281.36
2025-06-22 16:30:00,12242.36
2025-06-22 16:45:00,12328.39
2025-06-22 17:00:00,12349.92
2025-06-22 17:15:00,12354.81
2025-06-22 17:30:00,12377.15
2025-06-22 17:45:00,12502.6
2025-06-22 18:00:00,12555.23
2025-06-22 18:15:00,12642.08
2025-06-22 18:30:00,12649.23
2025-06-22 18:45:00,12685.79
2025-06-22 19:00:00,12739.98
2025-06-22 19:15:00,12807.91
2025-06-22 19:30:00,12860.64
2025-06-22 19:45:00,12905.38
2025-06-22 20:00:00,12925.21
2025-06-22 20:15:00,12929.78
2025-06-22 20:30:00,12836.06
2025-06-22 20:45:00,12734.7
2025-06-22 21:00:00,12616.86
2025-06-22 21:15:00,12528.6
2025-06-22 21:30:00,12465.0
2025-06-22 21:45:00,12254.24
2025-06-22 22:00:00,12000.05
2025-06-22 22:15:00,11858.25
2025-06-22 22:30:00,11703.67
2025-06-22 22:45:00,11618.27
2025-06-22 23:00:00,11417.69
2025-06-22 23:15:00,11323.31
2025-06-22 23:30:00,11277.1
2025-06-22 23:45:00,11260.01
2025-06-23 00:00:00,11348.21
2025-06-23 00:15:00,11355.76
2025-06-23 00:30:00,11253.9
2025-06-23 00:45:00,11227.48
2025-06-23 01:00:00,11091.73
2025-06-23 01:15:00,10980.64
2025-06-23 01:30:00,10970.47
2025-06-23 01:45:00,10971.04
2025-06-23 02:00:00,10957.56
2025-06-23 02:15:00,10991.94
2025-06-23 02:30:00,10991.59
2025-06-23 02:45:00,11014.31
2025-06-23 03:00:00,11027.77
2025-06-23 03:15:00,11056.79
2025-06-23 03:30:00,11140.14
2025-06-23 03:45:00,11155.14
2025-06-23 04:00:00,11328.43
2025-06-23 04:15:00,11573.74
2025-06-23 04:30:00,11779.28
2025-06-23 04:45:00,12031.39
2025-06-23 05:00:00,12559.08
2025-06-23 05:15:00,12792.1
2025-06-23 05:30:00,13045.93
2025-06-23 05:45:00,13382.31
2025-06-23 06:00:00,13556.24
2025-06-23 06:15:00,13657.18
2025-06-23 06:30:00,13837.57
2025-06-23 06:45:00,14015.13
2025-06-23 07:00:00,13968.62
2025-06-23 07:15:00,14093.67
2025-06-23 07:30:00,14092.33
2025-06-23 07:45:00,14176.91
2025-06-23 08:00:00,14122.6
2025-06-23 08:15:00,13941.86
2025-06-23 08:30:00,13905.01
2025-06-23 08:45:00,13890.34
2025-06-23 09:00:00,13811.37
2025-06-23 09:15:00,13729.99
2025-06-23 09:30:00,13673.12
2025-06-23 09:45:00,13652.6
2025-06-23 10:00:00,13506.17
2025-06-23 10:15:00,13381.11
2025-06-23 10:30:00,13277.17
2025-06-23 10:45:00,13249.45
2025-06-23 11:00:00,13246.27
2025-06-23 11:15:00,13212.05
2025-06-23 11:30:00,13173.4
2025-06-23 11:45:00,13135.27
2025-06-23 12:00:00,13074.62
2025-06-23 12:15:00,13063.64
2025-06-23 12:30:00,13033.3
2025-06-23 12:45:00,13033.12
2025-06-23 13:00:00,13093.93
2025-06-23 13:15:00,13108.75
2025-06-23 13:30:00,13078.15
2025-06-23 13:45:00,13067.43
2025-06-23 14:00:00,13082.59
2025-06-23 14:15:00,13032.61
2025-06-23 14:30:00,13073.82
2025-06-23 14:45:00,13165.84
2025-06-23 15:00:00,13296.06
2025-06-23 15:15:00,13366.29
2025-06-23 15:30:00,13527.48
2025-06-23 15:45:00,13491.66
2025-06-23 16:00:00,13438.53
2025-06-23 16:15:00,13379.44
2025-06-23 16:30:00,13320.99
2025-06-23 16:45:00,13232.79
2025-06-23 17:00:00,13257.69
2025-06-23 17:15:00,13202.07
2025-06-23 17:30:00,13261.25
2025-06-23 17:45:00,13193.76
2025-06-23 18:00:00,13178.78
2025-06-23 18:15:00,13193.88
2025-06-23 18:30:00,13234.97
2025-06-23 18:45:00,13316.97
2025-06-23 19:00:00,13390.02
2025-06-23 19:15:00,13513.75
2025-06-23 19:30:00,13406.08
2025-06-23 19:45:00,13389.48
2025-06-23 20:00:00,13315.09
2025-06-23 20:15:00,13318.66
2025-06-23 20:30:00,13172.99
2025-06-23 20:45:00,13004.38
2025-06-23 21:00:00,12837.34
2025-06-23 21:15:00,12684.25
2025-06-23 21:30:00,12496.33
2025-06-23 21:45:00,12263.63
2025-06-23 22:00:00,12119.46
2025-06-23 22:15:00,12058.36
2025-06-23 22:30:00,11895.9
2025-06-23 22:45:00,11695.02
2025-06-23 23:00:00,11578.48
2025-06-23 23:15:00,11492.77
2025-06-23 23:30:00,11383.48
2025-06-23 23:45:00,11279.2
2025-06-24 00:00:00,11269.35
2025-06-24 00:15:00,11240.39
2025-06-24 00:30:00,11175.68
2025-06-24 00:45:00,11151.07
2025-06-24 01:00:00,11252.64
2025-06-24 01:15:00,11105.25
2025-06-24 01:30:00,11144.08
2025-06-24 01:45:00,11022.81
2025-06-24 02:00:00,10991.73
2025-06-24 02:15:00,10941.83
2025-06-24 02:30:00,10956.63
2025-06-24 02:45:00,10933.24
2025-06-24 03:00:00,10966.44
2025-06-24 03:15:00,10989.93
2025-06-24 03:30:00,10990.56
2025-06-24 03:45:00,11129.92
2025-06-24 04:00:00,11249.34
2025-06-24 04:15:00,11340.84
2025-06-24 04:30:00,11505.01
2025-06-24 04:45:00,11684.31
2025-06-24 05:00:00,11961.45
2025-06-24 05:15:00,12228.49
2025-06-24 05:30:00,12533.89
2025-06-24 05:45:00,12793.76
2025-06-24 06:00:00,12930.8
2025-06-24 06:15:00,13083.7
2025-06-24 06:30:00,13290.0
2025-06-24 06:45:00,13509.43
2025-06-24 07:00:00,13566.79
2025-06-24 07:15:00,13700.3
2025-06-24 07:30:00,13765.47
2025-06-24 07:45:00,13796.63
2025-06-24 08:00:00,13764.87
2025-06-24 08:15:00,13795.71
2025-06-24 08:30:00,13719.07
2025-06-24 08:45:00,13821.07
2025-06-24 09:00:00,13677.5
2025-06-24 09:15:00,13648.59
2025-06-24 09:30:00,13691.25
2025-06-24 09:45:00,13691.71
2025-06-24 10:00:00,13725.53
2025-06-24 10:15:00,13758.75
2025-06-24 10:30:00,13727.71
2025-06-24 10:45:00,13810.51
2025-06-24 11:00:00,14033.68
2025-06-24 11:15:00,14158.94
2025-06-24 11:30:00,14115.89
2025-06-24 11:45:00,14115.36
2025-06-24 12:00:00,14132.12
2025-06-24 12:15:00,14111.62
2025-06-24 12:30:00,14117.81
2025-06-24 12:45:00,14073.62
2025-06-24 13:00:00,14078.66
2025-06-24 13:15:00,14065.33
2025-06-24 13:30:00,14112.56
2025-06-24 13:45:00,14145.11
2025-06-24 14:00:00,14152.49
2025-06-24 14:15:00,14192.97
2025-06-24 14:30:00,14228.56
2025-06-24 14:45:00,14305.83
2025-06-24 15:00:00,14455.84
2025-06-24 15:15:00,14536.29
2025-06-24 15:30:00,14500.31
2025-06-24 15:45:00,14378.11
2025-06-24 16:00:00,14021.3
2025-06-24 16:15:00,13819.98
2025-06-24 16:30:00,13728.11
2025-06-24 16:45:00,13598.92
2025-06-24 17:00:00,13503.72
2025-06-24 17:15:00,13404.82
2025-06-24 17:30:00,13388.38
2025-06-24 17:45:00,13441.62
2025-06-24 18:00:00,13443.29
2025-06-24 18:15:00,13514.36
2025-06-24 18:30:00,13531.52
2025-06-24 18:45:00,13619.17
2025-06-24 19:00:00,13704.93
2025-06-24 19:15:00,13766.56
2025-06-24 19:30:00,13713.57
2025-06-24 19:45:00,13699.9
2025-06-24 20:00:00,13694.61
2025-06-24 20:15:00,13654.26
2025-06-24 20:30:00,13554.85
2025-06-24 20:45:00,13457.41
2025-06-24 21:00:00,13215.16
2025-06-24 21:15:00,13026.35
2025-06-24 21:30:00,12810.96
2025-06-24 21:45:00,12582.64
2025-06-24 22:00:00,12472.85
2025-06-24 22:15:00,12288.37
2025-06-24 22:30:00,12147.95
2025-06-24 22:45:00,11957.26
2025-06-24 23:00:00,11826.45
2025-06-24 23:15:00,11686.0
2025-06-24 23:30:00,11620.69
2025-06-24 23:45:00,11487.62
2025-06-25 00:00:00,11423.04
2025-06-25 00:15:00,11316.15
2025-06-25 00:30:00,11315.73
2025-06-25 00:45:00,11233.06
2025-06-25 01:00:00,11185.48
2025-06-25 01:15:00,11261.63
2025-06-25 01:30:00,11155.17
2025-06-25 01:45:00,11144.11
2025-06-25 02:00:00,11296.7
2025-06-25 02:15:00,11285.78
2025-06-25 02:30:00,11193.23
2025-06-25 02:45:00,11112.2
2025-06-25 03:00:00,11276.8
2025-06-25 03:15:00,11252.11
2025-06-25 03:30:00,11252.04
2025-06-25 03:45:00,11224.84
2025-06-25 04:00:00,11409.43
2025-06-25 04:15:00,11527.7
2025-06-25 04:30:00,11611.34
2025-06-25 04:45:00,11764.05
2025-06-25 05:00:00,12082.92
2025-06-25 05:15:00,12313.56
2025-06-25 05:30:00,12534.87
2025-06-25 05:45:00,12746.69
2025-06-25 06:00:00,12925.02
2025-06-25 06:15:00,13085.91
2025-06-25 06:30:00,13289.03
2025-06-25 06:45:00,13443.04
2025-06-25 07:00:00,13537.93
2025-06-25 07:15:00,13611.07
2025-06-25 07:30:00,13665.2
2025-06-25 07:45:00,13719.69
2025-06-25 08:00:00,13740.06
2025-06-25 08:15:00,13761.59
2025-06-25 08:30:00,13887.26
2025-06-25 08:45:00,13950.92
2025-06-25 09:00:00,13886.26
2025-06-25 09:15:00,13841.26
2025-06-25 09:30:00,13862.65
2025-06-25 09:45:00,13777.61
2025-06-25 10:00:00,13847.73
2025-06-25 10:15:00,13893.84
2025-06-25 10:30:00,13801.08
2025-06-25 10:45:00,13888.11
2025-06-25 11:00:00,13940.77
2025-06-25 11:15:00,13920.91
2025-06-25 11:30:00,13853.76
2025-06-25 11:45:00,13803.71
2025-06-25 12:00:00,13777.45
2025-06-25 12:15:00,13697.76
2025-06-25 12:30:00,13675.71
2025-06-25 12:45:00,13583.79
2025-06-25 13:00:00,13568.07
2025-06-25 13:15:00,13651.88
2025-06-25 13:30:00,13741.21
2025-06-25 13:45:00,13662.04
2025-06-25 14:00:00,13707.19
2025-06-25 14:15:00,13732.96
2025-06-25 14:30:00,13640.78
2025-06-25 14:45:00,13662.88
2025-06-25 15:00:00,13965.62
2025-06-25 15:15:00,13963.13
2025-06-25 15:30:00,14015.59
2025-06-25 15:45:00,14079.13
2025-06-25 16:00:00,13970.11
2025-06-25 16:15:00,13887.06
2025-06-25 16:30:00,13834.22
2025-06-25 16:45:00,13857.19
2025-06-25 17:00:00,13923.25
2025-06-25 17:15:00,13909.49
2025-06-25 17:30:00,13880.22
2025-06-25 17:45:00,13799.32
2025-06-25 18:00:00,13774.66
2025-06-25 18:15:00,13800.37
2025-06-25 18:30:00,13866.77
2025-06-25 18:45:00,13931.86
2025-06-25 19:00:00,13953.71
2025-06-25 19:15:00,14052.35
2025-06-25 19:30:00,14082.74
2025-06-25 19:45:00,14103.7
2025-06-25 20:00:00,14050.2
2025-06-25 20:15:00,13976.82
2025-06-25 20:30:00,13867.55
2025-06-25 20:45:00,13793.51
2025-06-25 21:00:00,13505.36
2025-06-25 21:15:00,13297.74
2025-06-25 21:30:00,13124.46
2025-06-25 21:45:00,12957.02
2025-06-25 22:00:00,12657.18
2025-06-25 22:15:00,12476.05
2025-06-25 22:30:00,12317.89
2025-06-25 22:45:00,12157.22
2025-06-25 23:00:00,11936.1
2025-06-25 23:15:00,11867.73
2025-06-25 23:30:00,11746.13
2025-06-25 23:45:00,11696.8
2025-06-26 00:00:00,11599.18
2025-06-26 00:15:00,11411.46
2025-06-26 00:30:00,11379.33
2025-06-26 00:45:00,11319.52
2025-06-26 01:00:00,11305.06
2025-06-26 01:15:00,11272.05
2025-06-26 01:30:00,11113.23
2025-06-26 01:45:00,11122.31
2025-06-26 02:00:00,11256.98
2025-06-26 02:15:00,11300.02
2025-06-26 02:30:00,11257.46
2025-06-26 02:45:00,11271.97
2025-06-26 03:00:00,11346.16
2025-06-26 03:15:00,11342.52
2025-06-26 03:30:00,11454.87
2025-06-26 03:45:00,11629.16
2025-06-26 04:00:00,11946.68
2025-06-26 04:15:00,12134.11
2025-06-26 04:30:00,12391.28
2025-06-26 04:45:00,12687.26
2025-06-26 05:00:00,13063.35
2025-06-26 05:15:00,13341.01
2025-06-26 05:30:00,13703.81
2025-06-26 05:45:00,14011.71
2025-06-26 06:00:00,14303.9
2025-06-26 06:15:00,14550.33
2025-06-26 06:30:00,14764.06
2025-06-26 06:45:00,14978.04
2025-06-26 07:00:00,15271.37
2025-06-26 07:15:00,15078.32
2025-06-26 07:30:00,14930.01
2025-06-26 07:45:00,14896.93
2025-06-26 08:00:00,14824.43
2025-06-26 08:15:00,14643.0
2025-06-26 08:30:00,14552.88
2025-06-26 08:45:00,14536.53
2025-06-26 09:00:00,14550.03
2025-06-26 09:15:00,14610.33
2025-06-26 09:30:00,14607.08
2025-06-26 09:45:00,14571.56
2025-06-26 10:00:00,14426.8
2025-06-26 10:15:00,14388.78
2025-06-26 10:30:00,14343.9
2025-06-26 10:45:00,14205.0
2025-06-26 11:00:00,14213.54
2025-06-26 11:15:00,14246.99
2025-06-26 11:30:00,14191.15
2025-06-26 11:45:00,14019.25
2025-06-26 12:00:00,13905.39
2025-06-26 12:15:00,13939.11
2025-06-26 12:30:00,13940.52
2025-06-26 12:45:00,14027.13
2025-06-26 13:00:00,13952.22
2025-06-26 13:15:00,14019.34
2025-06-26 13:30:00,14013.95
2025-06-26 13:45:00,14006.11
2025-06-26 14:00:00,14098.72
2025-06-26 14:15:00,14050.83
2025-06-26 14:30:00,14035.24
2025-06-26 14:45:00,14155.73
2025-06-26 15:00:00,14315.45
2025-06-26 15:15:00,14446.32
2025-06-26 15:30:00,14509.14
2025-06-26 15:45:00,14505.7
2025-06-26 16:00:00,14447.12
2025-06-26 16:15:00,14414.3
2025-06-26 16:30:00,14344.18
2025-06-26 16:45:00,14379.27
2025-06-26 17:00:00,14320.97
2025-06-26 17:15:00,14219.53
2025-06-26 17:30:00,14226.96
2025-06-26 17:45:00,14238.69
2025-06-26 18:00:00,14114.87
2025-06-26 18:15:00,14062.86
2025-06-26 18:30:00,14077.5
2025-06-26 18:45:00,14188.66
2025-06-26 19:00:00,14183.93
2025-06-26 19:15:00,14135.56
2025-06-26 19:30:00,14043.66
2025-06-26 19:45:00,13930.15
2025-06-26 20:00:00,13807.19
2025-06-26 20:15:00,13750.94
2025-06-26 20:30:00,13551.28
2025-06-26 20:45:00,13369.11
2025-06-26 21:00:00,13313.75
2025-06-26 21:15:00,13145.8
2025-06-26 21:30:00,12944.72
2025-06-26 21:45:00,12686.16
2025-06-26 22:00:00,12753.83
2025-06-26 22:15:00,12609.43
2025-06-26 22:30:00,12350.66
2025-06-26 22:45:00,12167.52
2025-06-26 23:00:00,12051.59
2025-06-26 23:15:00,11959.04
2025-06-26 23:30:00,11748.83
2025-06-26 23:45:00,11586.41
2025-06-27 00:00:00,11586.57
2025-06-27 00:15:00,11553.92
2025-06-27 00:30:00,11407.55
2025-06-27 00:45:00,11389.0
2025-06-27 01:00:00,11435.53
2025-06-27 01:15:00,11380.28
2025-06-27 01:30:00,11268.67
2025-06-27 01:45:00,11242.54
2025-06-27 02:00:00,11225.04
2025-06-27 02:15:00,11214.92
2025-06-27 02:30:00,11232.56
2025-06-27 02:45:00,11286.51
2025-06-27 03:00:00,11265.51
2025-06-27 03:15:00,11268.8
2025-06-27 03:30:00,11373.51
2025-06-27 03:45:00,11565.77
2025-06-27 04:00:00,11759.67
2025-06-27 04:15:00,11938.73
2025-06-27 04:30:00,12152.79
2025-06-27 04:45:00,12372.76
2025-06-27 05:00:00,12727.85
2025-06-27 05:15:00,12997.91
2025-06-27 05:30:00,13161.05
2025-06-27 05:45:00,13302.29
2025-06-27 06:00:00,13440.85
2025-06-27 06:15:00,13441.05
2025-06-27 06:30:00,13539.29
2025-06-27 06:45:00,13646.47
2025-06-27 07:00:00,13722.37
2025-06-27 07:15:00,13741.85
2025-06-27 07:30:00,13656.79
2025-06-27 07:45:00,13673.33
2025-06-27 08:00:00,13576.11
2025-06-27 08:15:00,13657.42
2025-06-27 08:30:00,13716.82
2025-06-27 08:45:00,13643.49
2025-06-27 09:00:00,13434.76
2025-06-27 09:15:00,13401.5
2025-06-27 09:30:00,13437.43
2025-06-27 09:45:00,13416.5
2025-06-27 10:00:00,13365.79
2025-06-27 10:15:00,13298.94
2025-06-27 10:30:00,13320.66
2025-06-27 10:45:00,13338.76
2025-06-27 11:00:00,13376.73
2025-06-27 11:15:00,13403.08
2025-06-27 11:30:00,13409.54
2025-06-27 11:45:00,13328.26
2025-06-27 12:00:00,13405.23
2025-06-27 12:15:00,13425.81
2025-06-27 12:30:00,13415.65
2025-06-27 12:45:00,13374.97
2025-06-27 13:00:00,13345.11
2025-06-27 13:15:00,13262.87
2025-06-27 13:30:00,13206.06
2025-06-27 13:45:00,13192.18
2025-06-27 14:00:00,13024.88
2025-06-27 14:15:00,13082.81
2025-06-27 14:30:00,13122.18
2025-06-27 14:45:00,13160.36
2025-06-27 15:00:00,13161.76
2025-06-27 15:15:00,13169.55
2025-06-27 15:30:00,13282.2
2025-06-27 15:45:00,13306.67
2025-06-27 16:00:00,13189.03
2025-06-27 16:15:00,13169.74
2025-06-27 16:30:00,13183.78
2025-06-27 16:45:00,13163.09
2025-06-27 17:00:00,13143.02
2025-06-27 17:15:00,13168.38
2025-06-27 17:30:00,13156.69
2025-06-27 17:45:00,13172.4
2025-06-27 18:00:00,13199.06
2025-06-27 18:15:00,13183.58
2025-06-27 18:30:00,13261.64
2025-06-27 18:45:00,13337.1
2025-06-27 19:00:00,13362.99
2025-06-27 19:15:00,13371.27
2025-06-27 19:30:00,13340.75
2025-06-27 19:45:00,13406.9
2025-06-27 20:00:00,13299.92
2025-06-27 20:15:00,13396.95
2025-06-27 20:30:00,13273.07
2025-06-27 20:45:00,13243.73
2025-06-27 21:00:00,13124.08
2025-06-27 21:15:00,12997.58
2025-06-27 21:30:00,12795.56
2025-06-27 21:45:00,12609.47
2025-06-27 22:00:00,12381.21
2025-06-27 22:15:00,12226.3
2025-06-27 22:30:00,12155.49
2025-06-27 22:45:00,12028.96
2025-06-27 23:00:00,11776.83
2025-06-27 23:15:00,11633.89
2025-06-27 23:30:00,11477.52
2025-06-27 23:45:00,11432.31
2025-06-28 00:00:00,11341.21
2025-06-28 00:15:00,11258.86
2025-06-28 00:30:00,11250.23
2025-06-28 00:45:00,11148.87
2025-06-28 01:00:00,11101.72
2025-06-28 01:15:00,11033.68
2025-06-28 01:30:00,11008.69
2025-06-28 01:45:00,11031.93
2025-06-28 02:00:00,11004.53
2025-06-28 02:15:00,10952.85
2025-06-28 02:30:00,10898.64
2025-06-28 02:45:00,10842.63
2025-06-28 03:00:00,10704.94
2025-06-28 03:15:00,10612.63
2025-06-28 03:30:00,10530.65
2025-06-28 03:45:00,10448.16
2025-06-28 04:00:00,10441.42
2025-06-28 04:15:00,10401.93
2025-06-28 04:30:00,10419.45
2025-06-28 04:45:00,10530.85
2025-06-28 05:00:00,10528.5
2025-06-28 05:15:00,10572.15
2025-06-28 05:30:00,10764.46
2025-06-28 05:45:00,10887.74
2025-06-28 06:00:00,11114.36
2025-06-28 06:15:00,11264.9
2025-06-28 06:30:00,11410.2
2025-06-28 06:45:00,11527.81
2025-06-28 07:00:00,11618.55
2025-06-28 07:15:00,11736.53
2025-06-28 07:30:00,11877.56
2025-06-28 07:45:00,11880.99
2025-06-28 08:00:00,11938.22
2025-06-28 08:15:00,11970.69
2025-06-28 08:30:00,11989.55
2025-06-28 08:45:00,12053.6
2025-06-28 09:00:00,12127.15
2025-06-28 09:15:00,12114.06
2025-06-28 09:30:00,12132.34
2025-06-28 09:45:00,12204.3
2025-06-28 10:00:00,12274.34
2025-06-28 10:15:00,12317.83
2025-06-28 10:30:00,12226.59
2025-06-28 10:45:00,12241.75
2025-06-28 11:00:00,12221.21
2025-06-28 11:15:00,12128.1
2025-06-28 11:30:00,12106.64
2025-06-28 11:45:00,12088.77
2025-06-28 12:00:00,12007.48
2025-06-28 12:15:00,12012.74
2025-06-28 12:30:00,11976.36
2025-06-28 12:45:00,11935.97
2025-06-28 13:00:00,11962.42
2025-06-28 13:15:00,11875.74
2025-06-28 13:30:00,11941.28
2025-06-28 13:45:00,11930.55
2025-06-28 14:00:00,11972.41
2025-06-28 14:15:00,12042.63
2025-06-28 14:30:00,12041.45
2025-06-28 14:45:00,12133.58
2025-06-28 15:00:00,12295.07
2025-06-28 15:15:00,12384.55
2025-06-28 15:30:00,12493.39
2025-06-28 15:45:00,12574.03
2025-06-28 16:00:00,12579.67
2025-06-28 16:15:00,12497.59
2025-06-28 16:30:00,12454.14
2025-06-28 16:45:00,12444.29
2025-06-28 17:00:00,12440.23
2025-06-28 17:15:00,12420.49
2025-06-28 17:30:00,12385.83
2025-06-28 17:45:00,12435.09
2025-06-28 18:00:00,12554.75
2025-06-28 18:15:00,12650.94
2025-06-28 18:30:00,12704.28
2025-06-28 18:45:00,12763.15
2025-06-28 19:00:00,12898.29
2025-06-28 19:15:00,12922.63
2025-06-28 19:30:00,12943.28
2025-06-28 19:45:00,12959.23
2025-06-28 20:00:00,12972.18
2025-06-28 20:15:00,13002.37
2025-06-28 20:30:00,12950.26
2025-06-28 20:45:00,12864.99
2025-06-28 21:00:00,12774.89
2025-06-28 21:15:00,12717.93
2025-06-28 21:30:00,12580.62
2025-06-28 21:45:00,12386.58
2025-06-28 22:00:00,12185.3
2025-06-28 22:15:00,12087.15
2025-06-28 22:30:00,12002.63
2025-06-28 22:45:00,11858.2
2025-06-28 23:00:00,11649.02
2025-06-28 23:15:00,11469.74
2025-06-28 23:30:00,11384.13
2025-06-28 23:45:00,11308.9
2025-06-29 00:00:00,11206.72
2025-06-29 00:15:00,11123.53
2025-06-29 00:30:00,11049.81
2025-06-29 00:45:00,10945.73
2025-06-29 01:00:00,10895.19
2025-06-29 01:15:00,10851.24
2025-06-29 01:30:00,10800.51
2025-06-29 01:45:00,10735.65
2025-06-29 02:00:00,10677.03
2025-06-29 02:15:00,10633.9
2025-06-29 02:30:00,10624.91
2025-06-29 02:45:00,10569.55
2025-06-29 03:00:00,10539.7
2025-06-29 03:15:00,10470.15
2025-06-29 03:30:00,10383.87
2025-06-29 03:45:00,10268.79
2025-06-29 04:00:00,10129.73
2025-06-29 04:15:00,10028.13
2025-06-29 04:30:00,9938.97
2025-06-29 04:45:00,9926.1
2025-06-29 05:00:00,9804.55
2025-06-29 05:15:00,9842.09
2025-06-29 05:30:00,9906.78
2025-06-29 05:45:00,10067.63
2025-06-29 06:00:00,10142.54
2025-06-29 06:15:00,10298.55
2025-06-29 06:30:00,10441.09
2025-06-29 06:45:00,10574.61
2025-06-29 07:00:00,10611.9
2025-06-29 07:15:00,10677.3
2025-06-29 07:30:00,10892.83
2025-06-29 07:45:00,10973.44
2025-06-29 08:00:00,11000.97
2025-06-29 08:15:00,11093.81
2025-06-29 08:30:00,11192.32
2025-06-29 08:45:00,11239.39
2025-06-29 09:00:00,11251.77
2025-06-29 09:15:00,11268.09
2025-06-29 09:30:00,11238.03
2025-06-29 09:45:00,11395.8
2025-06-29 10:00:00,11579.21
2025-06-29 10:15:00,11537.27
2025-06-29 10:30:00,11586.38
2025-06-29 10:45:00,11644.25
2025-06-29 11:00:00,11691.78
2025-06-29 11:15:00,11708.43
2025-06-29 11:30:00,11669.25
2025-06-29 11:45:00,11684.63
2025-06-29 12:00:00,11716.68
2025-06-29 12:15:00,11604.92
2025-06-29 12:30:00,11580.87
2025-06-29 12:45:00,11639.77
2025-06-29 13:00:00,11558.14
2025-06-29 13:15:00,11576.21
2025-06-29 13:30:00,11492.86
2025-06-29 13:45:00,11480.42
2025-06-29 14:00:00,11511.47
2025-06-29 14:15:00,11601.26
2025-06-29 14:30:00,11616.74
2025-06-29 14:45:00,11652.07
2025-06-29 15:00:00,11944.97
2025-06-29 15:15:00,12090.96
2025-06-29 15:30:00,12124.13
2025-06-29 15:45:00,12198.16
2025-06-29 16:00:00,12224.72
2025-06-29 16:15:00,12252.0
2025-06-29 16:30:00,12188.5
2025-06-29 16:45:00,12274.08
2025-06-29 17:00:00,12317.44
2025-06-29 17:15:00,12372.15
2025-06-29 17:30:00,12439.62
2025-06-29 17:45:00,12514.58
2025-06-29 18:00:00,12722.31
2025-06-29 18:15:00,12812.54
2025-06-29 18:30:00,12854.45
2025-06-29 18:45:00,12963.78
2025-06-29 19:00:00,13117.13
2025-06-29 19:15:00,13184.54
2025-06-29 19:30:00,13227.12
2025-06-29 19:45:00,13253.7
2025-06-29 20:00:00,13274.62
2025-06-29 20:15:00,13278.12
2025-06-29 20:30:00,13194.78
2025-06-29 20:45:00,13067.46
2025-06-29 21:00:00,12922.43
2025-06-29 21:15:00,12749.86
2025-06-29 21:30:00,12510.73
2025-06-29 21:45:00,12289.16
2025-06-29 22:00:00,12100.1
2025-06-29 22:15:00,11968.23
2025-06-29 22:30:00,11823.04
2025-06-29 22:45:00,11657.19
2025-06-29 23:00:00,11556.41
2025-06-29 23:15:00,11480.51
2025-06-29 23:30:00,11376.06
2025-06-29 23:45:00,11303.09
2025-06-30 00:00:00,11199.77
2025-06-30 00:15:00,11129.28
2025-06-30 00:30:00,11053.67
2025-06-30 00:45:00,11008.64
2025-06-30 01:00:00,10964.84
2025-06-30 01:15:00,10906.18
2025-06-30 01:30:00,10872.84
2025-06-30 01:45:00,10828.84
2025-06-30 02:00:00,10931.55
2025-06-30 02:15:00,10929.84
2025-06-30 02:30:00,10903.58
2025-06-30 02:45:00,10901.03
2025-06-30 03:00:00,10960.25
2025-06-30 03:15:00,10972.06
2025-06-30 03:30:00,10965.92
2025-06-30 03:45:00,10995.99
2025-06-30 04:00:00,11265.08
2025-06-30 04:15:00,11391.21
2025-06-30 04:30:00,11534.74
2025-06-30 04:45:00,11740.47
2025-06-30 05:00:00,12089.37
2025-06-30 05:15:00,12295.25
2025-06-30 05:30:00,12535.05
2025-06-30 05:45:00,12768.2
2025-06-30 06:00:00,12866.4
2025-06-30 06:15:00,12992.9
2025-06-30 06:30:00,13129.9
2025-06-30 06:45:00,13342.33
2025-06-30 07:00:00,13353.71
2025-06-30 07:15:00,13373.88
2025-06-30 07:30:00,13372.09
2025-06-30 07:45:00,13492.2
2025-06-30 08:00:00,13412.51
2025-06-30 08:15:00,13435.61
2025-06-30 08:30:00,13534.56
2025-06-30 08:45:00,13653.8
2025-06-30 09:00:00,13743.3
2025-06-30 09:15:00,13688.56
2025-06-30 09:30:00,13709.77
2025-06-30 09:45:00,13785.68
2025-06-30 10:00:00,13767.1
2025-06-30 10:15:00,13733.2
2025-06-30 10:30:00,13693.9
2025-06-30 10:45:00,13775.02
2025-06-30 11:00:00,13855.4
2025-06-30 11:15:00,13967.44
2025-06-30 11:30:00,13940.05
2025-06-30 11:45:00,13966.05
2025-06-30 12:00:00,13888.33
2025-06-30 12:15:00,13857.49
2025-06-30 12:30:00,13824.6
2025-06-30 12:45:00,13759.58
2025-06-30 13:00:00,13779.03
2025-06-30 13:15:00,13723.43
2025-06-30 13:30:00,13726.17
2025-06-30 13:45:00,13726.15
2025-06-30 14:00:00,13804.59
2025-06-30 14:15:00,13762.16
2025-06-30 14:30:00,13789.26
2025-06-30 14:45:00,13907.82
2025-06-30 15:00:00,14052.31
2025-06-30 15:15:00,14144.07
2025-06-30 15:30:00,14215.58
2025-06-30 15:45:00,14246.97
2025-06-30 16:00:00,14200.22
2025-06-30 16:15:00,14180.17
2025-06-30 16:30:00,14153.56
2025-06-30 16:45:00,14195.44
2025-06-30 17:00:00,14255.86
2025-06-30 17:15:00,14280.32
2025-06-30 17:30:00,14353.12
2025-06-30 17:45:00,14451.02
2025-06-30 18:00:00,14492.24
2025-06-30 18:15:00,14516.91
2025-06-30 18:30:00,14574.51
2025-06-30 18:45:00,14654.49
2025-06-30 19:00:00,14649.49
2025-06-30 19:15:00,14717.84
2025-06-30 19:30:00,14838.79
2025-06-30 19:45:00,14984.58
2025-06-30 20:00:00,14847.68
2025-06-30 20:15:00,14772.4
2025-06-30 20:30:00,14702.96
2025-06-30 20:45:00,14638.28
2025-06-30 21:00:00,14214.78
2025-06-30 21:15:00,13870.22
2025-06-30 21:30:00,13664.08
2025-06-30 21:45:00,13530.03
2025-06-30 22:00:00,13191.94
2025-06-30 22:15:00,13007.82
2025-06-30 22:30:00,12871.22
2025-06-30 22:45:00,12789.88
2025-06-30 23:00:00,12703.4
2025-06-30 23:15:00,12502.96
2025-06-30 23:30:00,12384.92
2025-06-30 23:45:00,12264.12
2025-07-01 00:00:00,12187.95
2025-07-01 00:15:00,12032.29
2025-07-01 00:30:00,11889.16
2025-07-01 00:45:00,11780.04
2025-07-01 01:00:00,11728.59
2025-07-01 01:15:00,11668.26
2025-07-01 01:30:00,11589.56
2025-07-01 01:45:00,11511.4
2025-07-01 02:00:00,11554.39
2025-07-01 02:15:00,11501.85
2025-07-01 02:30:00,11517.21
2025-07-01 02:45:00,11510.14
2025-07-01 03:00:00,11532.63
2025-07-01 03:15:00,11539.82
2025-07-01 03:30:00,11529.7
2025-07-01 03:45:00,11615.4
2025-07-01 04:00:00,11900.8
2025-07-01 04:15:00,12045.86
2025-07-01 04:30:00,12186.06
2025-07-01 04:45:00,12382.87
2025-07-01 05:00:00,12721.36
2025-07-01 05:15:00,12915.13
2025-07-01 05:30:00,13119.78
2025-07-01 05:45:00,13326.07
2025-07-01 06:00:00,13461.34
2025-07-01 06:15:00,13541.16
2025-07-01 06:30:00,13689.53
2025-07-01 06:45:00,13846.47
2025-07-01 07:00:00,13944.93
2025-07-01 07:15:00,14006.74
2025-07-01 07:30:00,14003.97
2025-07-01 07:45:00,14084.0
2025-07-01 08:00:00,14177.39
2025-07-01 08:15:00,14282.81
2025-07-01 08:30:00,14357.22
2025-07-01 08:45:00,14365.93
2025-07-01 09:00:00,14339.96
2025-07-01 09:15:00,14366.65
2025-07-01 09:30:00,14383.31
2025-07-01 09:45:00,14476.83
2025-07-01 10:00:00,14529.51
2025-07-01 10:15:00,14490.46
2025-07-01 10:30:00,14502.16
2025-07-01 10:45:00,14658.19
2025-07-01 11:00:00,14585.47
2025-07-01 11:15:00,14613.58
2025-07-01 11:30:00,14616.17
2025-07-01 11:45:00,14546.66
2025-07-01 12:00:00,14524.16
2025-07-01 12:15:00,14478.92
2025-07-01 12:30:00,14409.48
2025-07-01 12:45:00,14429.07
2025-07-01 13:00:00,14351.36
2025-07-01 13:15:00,14361.53
2025-07-01 13:30:00,14348.95
2025-07-01 13:45:00,14350.04
2025-07-01 14:00:00,14350.97
2025-07-01 14:15:00,14395.65
2025-07-01 14:30:00,14440.6
2025-07-01 14:45:00,14566.11
2025-07-01 15:00:00,14767.8
2025-07-01 15:15:00,14864.08
2025-07-01 15:30:00,14866.56
2025-07-01 15:45:00,14918.56
2025-07-01 16:00:00,14825.3
2025-07-01 16:15:00,14817.04
2025-07-01 16:30:00,14876.56
2025-07-01 16:45:00,14941.58
2025-07-01 17:00:00,14978.36
2025-07-01 17:15:00,15023.76
2025-07-01 17:30:00,15084.94
2025-07-01 17:45:00,15161.37
2025-07-01 18:00:00,15235.21
2025-07-01 18:15:00,15208.96
2025-07-01 18:30:00,15421.45
2025-07-01 18:45:00,15500.77
2025-07-01 19:00:00,15593.33
2025-07-01 19:15:00,15752.44
2025-07-01 19:30:00,15751.88
2025-07-01 19:45:00,15717.46
2025-07-01 20:00:00,15502.26
2025-07-01 20:15:00,15380.49
2025-07-01 20:30:00,15262.83
2025-07-01 20:45:00,15101.63
2025-07-01 21:00:00,14835.32
2025-07-01 21:15:00,14654.57
2025-07-01 21:30:00,14414.71
2025-07-01 21:45:00,14090.76
2025-07-01 22:00:00,13749.37
2025-07-01 22:15:00,13490.55
2025-07-01 22:30:00,13290.84
2025-07-01 22:45:00,13146.51
2025-07-01 23:00:00,12967.64
2025-07-01 23:15:00,12833.69
2025-07-01 23:30:00,12721.61
2025-07-01 23:45:00,12636.35
2025-07-02 00:00:00,12526.29
2025-07-02 00:15:00,12426.04
2025-07-02 00:30:00,12347.75
2025-07-02 00:45:00,12285.16
2025-07-02 01:00:00,12232.38
2025-07-02 01:15:00,12080.69
2025-07-02 01:30:00,12110.27
2025-07-02 01:45:00,12055.33
2025-07-02 02:00:00,12006.62
2025-07-02 02:15:00,11984.68
2025-07-02 02:30:00,11998.04
2025-07-02 02:45:00,12035.2
2025-07-02 03:00:00,12066.48
2025-07-02 03:15:00,12107.62
2025-07-02 03:30:00,12183.34
2025-07-02 03:45:00,12207.07
2025-07-02 04:00:00,12374.33
2025-07-02 04:15:00,12516.33
2025-07-02 04:30:00,12681.5
2025-07-02 04:45:00,12899.02
2025-07-02 05:00:00,13180.2
2025-07-02 05:15:00,13457.34
2025-07-02 05:30:00,13703.7
2025-07-02 05:45:00,13949.67
2025-07-02 06:00:00,14084.76
2025-07-02 06:15:00,14141.17
2025-07-02 06:30:00,14289.3
2025-07-02 06:45:00,14429.15
2025-07-02 07:00:00,14502.75
2025-07-02 07:15:00,14520.85
2025-07-02 07:30:00,14560.8
2025-07-02 07:45:00,14619.16
2025-07-02 08:00:00,14537.29
2025-07-02 08:15:00,14543.07
2025-07-02 08:30:00,14535.61
2025-07-02 08:45:00,14580.81
2025-07-02 09:00:00,14542.85
2025-07-02 09:15:00,14579.94
2025-07-02 09:30:00,14591.66
2025-07-02 09:45:00,14635.15
2025-07-02 10:00:00,14620.97
2025-07-02 10:15:00,14602.39
2025-07-02 10:30:00,14584.75
2025-07-02 10:45:00,14615.45
2025-07-02 11:00:00,14857.0
2025-07-02 11:15:00,14967.05
2025-07-02 11:30:00,14790.58
2025-07-02 11:45:00,14759.11
2025-07-02 12:00:00,15076.13
2025-07-02 12:15:00,14891.46
2025-07-02 12:30:00,14835.34
2025-07-02 12:45:00,14789.27
2025-07-02 13:00:00,14700.22
2025-07-02 13:15:00,14711.3
2025-07-02 13:30:00,14710.47
2025-07-02 13:45:00,14763.78
2025-07-02 14:00:00,14884.97
2025-07-02 14:15:00,15015.04
2025-07-02 14:30:00,15034.24
2025-07-02 14:45:00,15144.3
2025-07-02 15:00:00,15509.77
2025-07-02 15:15:00,15741.32
2025-07-02 15:30:00,15723.62
2025-07-02 15:45:00,15830.36
2025-07-02 16:00:00,15935.28
2025-07-02 16:15:00,15799.41
2025-07-02 16:30:00,15788.91
2025-07-02 16:45:00,15728.65
2025-07-02 17:00:00,15539.26
2025-07-02 17:15:00,15173.12
2025-07-02 17:30:00,15021.09
2025-07-02 17:45:00,15020.1
2025-07-02 18:00:00,14925.84
2025-07-02 18:15:00,14873.81
2025-07-02 18:30:00,14757.03
2025-07-02 18:45:00,14610.84
2025-07-02 19:00:00,14410.41
2025-07-02 19:15:00,14320.33
2025-07-02 19:30:00,14339.35
2025-07-02 19:45:00,14298.66
2025-07-02 20:00:00,14266.53
2025-07-02 20:15:00,14198.91
2025-07-02 20:30:00,14049.51
2025-07-02 20:45:00,13835.76
2025-07-02 21:00:00,13644.79
2025-07-02 21:15:00,13432.01
2025-07-02 21:30:00,13269.79
2025-07-02 21:45:00,13142.15
2025-07-02 22:00:00,12928.75
2025-07-02 22:15:00,12750.39
2025-07-02 22:30:00,12567.51
2025-07-02 22:45:00,12516.98
2025-07-02 23:00:00,12323.86
2025-07-02 23:15:00,12171.79
2025-07-02 23:30:00,12044.65
2025-07-02 23:45:00,11890.82
2025-07-03 00:00:00,11764.05
2025-07-03 00:15:00,11685.55
2025-07-03 00:30:00,11606.04
2025-07-03 00:45:00,11509.61
2025-07-03 01:00:00,11443.78
2025-07-03 01:15:00,11381.82
2025-07-03 01:30:00,11361.43
2025-07-03 01:45:00,11247.03
2025-07-03 02:00:00,11247.43
2025-07-03 02:15:00,11213.21
2025-07-03 02:30:00,11207.36
2025-07-03 02:45:00,11244.49
2025-07-03 03:00:00,11296.31
2025-07-03 03:15:00,11267.32
2025-07-03 03:30:00,11293.97
2025-07-03 03:45:00,11314.25
2025-07-03 04:00:00,11493.34
2025-07-03 04:15:00,11593.57
2025-07-03 04:30:00,11734.91
2025-07-03 04:45:00,11918.12
2025-07-03 05:00:00,12207.82
2025-07-03 05:15:00,12426.02
2025-07-03 05:30:00,12642.37
2025-07-03 05:45:00,12847.88
2025-07-03 06:00:00,12991.52
2025-07-03 06:15:00,13136.65
2025-07-03 06:30:00,13223.59
2025-07-03 06:45:00,13281.93
2025-07-03 07:00:00,13327.29
2025-07-03 07:15:00,13370.3
2025-07-03 07:30:00,13365.23
2025-07-03 07:45:00,13438.91
2025-07-03 08:00:00,13486.92
2025-07-03 08:15:00,13392.04
2025-07-03 08:30:00,13357.58
2025-07-03 08:45:00,13356.18
2025-07-03 09:00:00,13377.71
2025-07-03 09:15:00,13361.85
2025-07-03 09:30:00,13370.64
2025-07-03 09:45:00,13420.9
2025-07-03 10:00:00,13448.32
2025-07-03 10:15:00,13375.64
2025-07-03 10:30:00,13284.42
2025-07-03 10:45:00,13333.5
2025-07-03 11:00:00,13359.53
2025-07-03 11:15:00,13381.83
2025-07-03 11:30:00,13376.37
2025-07-03 11:45:00,13404.85
2025-07-03 12:00:00,13423.35
2025-07-03 12:15:00,13449.46
2025-07-03 12:30:00,13353.63
2025-07-03 12:45:00,13346.86
2025-07-03 13:00:00,13331.27
2025-07-03 13:15:00,13369.32
2025-07-03 13:30:00,13272.7
2025-07-03 13:45:00,13230.54
2025-07-03 14:00:00,13269.63
2025-07-03 14:15:00,13232.93
2025-07-03 14:30:00,13233.15
2025-07-03 14:45:00,13280.57
2025-07-03 15:00:00,13422.33
2025-07-03 15:15:00,13416.5
2025-07-03 15:30:00,13464.75
2025-07-03 15:45:00,13529.73
2025-07-03 16:00:00,13500.67
2025-07-03 16:15:00,13427.52
2025-07-03 16:30:00,13347.24
2025-07-03 16:45:00,13363.99
2025-07-03 17:00:00,13390.5
2025-07-03 17:15:00,13407.11
2025-07-03 17:30:00,13424.84
2025-07-03 17:45:00,13507.23
2025-07-03 18:00:00,13502.77
2025-07-03 18:15:00,13560.43
2025-07-03 18:30:00,13640.03
2025-07-03 18:45:00,13765.58
2025-07-03 19:00:00,13806.32
2025-07-03 19:15:00,13806.46
2025-07-03 19:30:00,13793.58
2025-07-03 19:45:00,13747.2
2025-07-03 20:00:00,13725.21
2025-07-03 20:15:00,13734.09
2025-07-03 20:30:00,13590.36
2025-07-03 20:45:00,13441.85
2025-07-03 21:00:00,13315.58
2025-07-03 21:15:00,13084.91
2025-07-03 21:30:00,12848.26
2025-07-03 21:45:00,12697.77
2025-07-03 22:00:00,12455.41
2025-07-03 22:15:00,12274.08
2025-07-03 22:30:00,12090.73
2025-07-03 22:45:00,11971.87
2025-07-03 23:00:00,11771.41
2025-07-03 23:15:00,11632.48
2025-07-03 23:30:00,11505.89
2025-07-03 23:45:00,11430.35
2025-07-04 00:00:00,11311.16
2025-07-04 00:15:00,11211.1
2025-07-04 00:30:00,11114.83
2025-07-04 00:45:00,11058.45
2025-07-04 01:00:00,11050.94
2025-07-04 01:15:00,11027.22
2025-07-04 01:30:00,10984.31
2025-07-04 01:45:00,10924.17
2025-07-04 02:00:00,10916.56
2025-07-04 02:15:00,10917.88
2025-07-04 02:30:00,10928.01
2025-07-04 02:45:00,10910.88
2025-07-04 03:00:00,10986.52
2025-07-04 03:15:00,10946.17
2025-07-04 03:30:00,10982.33
2025-07-04 03:45:00,11015.98
2025-07-04 04:00:00,11208.24
2025-07-04 04:15:00,11293.36
2025-07-04 04:30:00,11387.97
2025-07-04 04:45:00,11584.41
2025-07-04 05:00:00,11899.64
2025-07-04 05:15:00,12074.13
2025-07-04 05:30:00,12347.15
2025-07-04 05:45:00,12605.06
2025-07-04 06:00:00,12671.49
2025-07-04 06:15:00,12760.26
2025-07-04 06:30:00,12947.46
2025-07-04 06:45:00,13144.94
2025-07-04 07:00:00,13077.96
2025-07-04 07:15:00,13097.5
2025-07-04 07:30:00,13117.52
2025-07-04 07:45:00,13287.55
2025-07-04 08:00:00,13153.65
2025-07-04 08:15:00,13209.91
2025-07-04 08:30:00,13300.24
2025-07-04 08:45:00,13347.83
2025-07-04 09:00:00,13329.61
2025-07-04 09:15:00,13305.98
2025-07-04 09:30:00,13379.37
2025-07-04 09:45:00,13440.59
2025-07-04 10:00:00,13388.47
2025-07-04 10:15:00,13348.88
2025-07-04 10:30:00,13291.4
2025-07-04 10:45:00,13274.13
2025-07-04 11:00:00,13454.85
2025-07-04 11:15:00,13393.7
2025-07-04 11:30:00,13353.28
2025-07-04 11:45:00,13303.99
2025-07-04 12:00:00,13226.28
2025-07-04 12:15:00,13221.53
2025-07-04 12:30:00,13201.66
2025-07-04 12:45:00,13155.9
2025-07-04 13:00:00,13286.15
2025-07-04 13:15:00,13181.13
2025-07-04 13:30:00,13121.24
2025-07-04 13:45:00,13115.22
2025-07-04 14:00:00,13166.38
2025-07-04 14:15:00,13128.89
2025-07-04 14:30:00,13096.98
2025-07-04 14:45:00,13177.64
2025-07-04 15:00:00,13209.25
2025-07-04 15:15:00,13220.7
2025-07-04 15:30:00,13276.92
2025-07-04 15:45:00,13333.74
2025-07-04 16:00:00,13181.18
2025-07-04 16:15:00,13146.7
2025-07-04 16:30:00,13163.5
2025-07-04 16:45:00,13164.71
2025-07-04 17:00:00,13102.9
2025-07-04 17:15:00,13126.4
2025-07-04 17:30:00,13144.34
2025-07-04 17:45:00,13201.82
2025-07-04 18:00:00,13197.75
2025-07-04 18:15:00,13248.65
2025-07-04 18:30:00,13326.02
2025-07-04 18:45:00,13385.5
2025-07-04 19:00:00,13462.23
2025-07-04 19:15:00,13530.27
2025-07-04 19:30:00,13522.35
2025-07-04 19:45:00,13539.6
2025-07-04 20:00:00,13462.5
2025-07-04 20:15:00,13418.49
2025-07-04 20:30:00,13355.8
2025-07-04 20:45:00,13214.66
2025-07-04 21:00:00,13089.03
2025-07-04 21:15:00,12912.46
2025-07-04 21:30:00,12761.85
2025-07-04 21:45:00,12559.3
2025-07-04 22:00:00,12369.56
2025-07-04 22:15:00,12183.95
2025-07-04 22:30:00,12021.28
2025-07-04 22:45:00,11906.58
2025-07-04 23:00:00,11784.27
2025-07-04 23:15:00,11647.16
2025-07-04 23:30:00,11536.81
2025-07-04 23:45:00,11421.23
2025-07-05 00:00:00,11321.72
2025-07-05 00:15:00,11215.31
2025-07-05 00:30:00,11115.73
2025-07-05 00:45:00,10966.12
2025-07-05 01:00:00,10998.19
2025-07-05 01:15:00,10914.05
2025-07-05 01:30:00,10889.32
2025-07-05 01:45:00,10824.5
2025-07-05 02:00:00,10873.42
2025-07-05 02:15:00,10788.7
2025-07-05 02:30:00,10794.23
2025-07-05 02:45:00,10751.54
2025-07-05 03:00:00,10854.52
2025-07-05 03:15:00,10771.51
2025-07-05 03:30:00,10729.78
2025-07-05 03:45:00,10675.94
2025-07-05 04:00:00,10624.97
2025-07-05 04:15:00,10540.76
2025-07-05 04:30:00,10544.19
2025-07-05 04:45:00,10640.46
2025-07-05 05:00:00,10614.31
2025-07-05 05:15:00,10665.97
2025-07-05 05:30:00,10750.2
2025-07-05 05:45:00,10840.06
2025-07-05 06:00:00,11017.55
2025-07-05 06:15:00,11112.05
2025-07-05 06:30:00,11259.3
2025-07-05 06:45:00,11338.35
2025-07-05 07:00:00,11529.7
2025-07-05 07:15:00,11682.37
2025-07-05 07:30:00,11756.39
2025-07-05 07:45:00,11802.15
2025-07-05 08:00:00,11904.37
2025-07-05 08:15:00,11894.43
2025-07-05 08:30:00,11937.05
2025-07-05 08:45:00,12009.63
2025-07-05 09:00:00,11914.94
2025-07-05 09:15:00,11938.1
2025-07-05 09:30:00,11909.6
2025-07-05 09:45:00,11976.99
2025-07-05 10:00:00,12064.61
2025-07-05 10:15:00,12075.74
2025-07-05 10:30:00,12023.72
2025-07-05 10:45:00,11988.59
2025-07-05 11:00:00,12029.45
2025-07-05 11:15:00,12048.69
2025-07-05 11:30:00,12044.82
2025-07-05 11:45:00,11995.91
2025-07-05 12:00:00,11973.58
2025-07-05 12:15:00,11925.1
2025-07-05 12:30:00,11877.29
2025-07-05 12:45:00,11847.19
2025-07-05 13:00:00,11846.17
2025-07-05 13:15:00,11799.68
2025-07-05 13:30:00,11809.64
2025-07-05 13:45:00,11840.47
2025-07-05 14:00:00,11904.42
2025-07-05 14:15:00,11946.61
2025-07-05 14:30:00,12037.8
2025-07-05 14:45:00,12220.29
2025-07-05 15:00:00,12292.24
2025-07-05 15:15:00,12412.06
2025-07-05 15:30:00,12620.81
2025-07-05 15:45:00,12724.84
2025-07-05 16:00:00,12746.24
2025-07-05 16:15:00,12795.86
2025-07-05 16:30:00,12867.07
2025-07-05 16:45:00,12885.33
2025-07-05 17:00:00,12783.54
2025-07-05 17:15:00,12788.31
2025-07-05 17:30:00,12766.21
2025-07-05 17:45:00,12795.98
2025-07-05 18:00:00,12758.17
2025-07-05 18:15:00,12726.05
2025-07-05 18:30:00,12668.44
2025-07-05 18:45:00,12722.83
2025-07-05 19:00:00,12715.12
2025-07-05 19:15:00,12684.8
2025-07-05 19:30:00,12621.86
2025-07-05 19:45:00,12596.13
2025-07-05 20:00:00,12584.07
2025-07-05 20:15:00,12547.41
2025-07-05 20:30:00,12480.0
2025-07-05 20:45:00,12330.58
2025-07-05 21:00:00,12202.47
2025-07-05 21:15:00,12103.14
2025-07-05 21:30:00,11955.05
2025-07-05 21:45:00,11815.76
2025-07-05 22:00:00,11628.84
2025-07-05 22:15:00,11538.89
2025-07-05 22:30:00,11401.94
2025-07-05 22:45:00,11302.32
2025-07-05 23:00:00,11241.37
2025-07-05 23:15:00,11212.8
2025-07-05 23:30:00,11115.59
2025-07-05 23:45:00,11003.73
2025-07-06 00:00:00,10897.34
2025-07-06 00:15:00,10790.83
2025-07-06 00:30:00,10717.72
2025-07-06 00:45:00,10611.82
2025-07-06 01:00:00,10628.69
2025-07-06 01:15:00,10554.35
2025-07-06 01:30:00,10446.6
2025-07-06 01:45:00,10369.57
2025-07-06 02:00:00,10430.31
2025-07-06 02:15:00,10424.19
2025-07-06 02:30:00,10361.25
2025-07-06 02:45:00,10293.35
2025-07-06 03:00:00,10335.83
2025-07-06 03:15:00,10285.43
2025-07-06 03:30:00,10190.21
2025-07-06 03:45:00,10073.95
2025-07-06 04:00:00,10101.51
2025-07-06 04:15:00,10047.57
2025-07-06 04:30:00,10052.47
2025-07-06 04:45:00,10090.13
2025-07-06 05:00:00,10188.6
2025-07-06 05:15:00,10004.53
2025-07-06 05:30:00,10029.38
2025-07-06 05:45:00,10213.09
2025-07-06 06:00:00,10433.37
2025-07-06 06:15:00,10584.33
2025-07-06 06:30:00,10618.8
2025-07-06 06:45:00,10849.55
2025-07-06 07:00:00,11037.96
2025-07-06 07:15:00,11201.87
2025-07-06 07:30:00,11250.53
2025-07-06 07:45:00,11393.12
2025-07-06 08:00:00,11500.22
2025-07-06 08:15:00,11627.42
2025-07-06 08:30:00,11679.58
2025-07-06 08:45:00,11813.44
2025-07-06 09:00:00,11912.6
2025-07-06 09:15:00,11986.63
2025-07-06 09:30:00,12107.1
2025-07-06 09:45:00,12212.97
2025-07-06 10:00:00,12367.0
2025-07-06 10:15:00,12427.05
2025-07-06 10:30:00,12464.02
2025-07-06 10:45:00,12467.24
2025-07-06 11:00:00,12528.01
2025-07-06 11:15:00,12417.99
2025-07-06 11:30:00,12380.65
2025-07-06 11:45:00,12278.39
2025-07-06 12:00:00,12386.88
2025-07-06 12:15:00,12426.07
2025-07-06 12:30:00,12366.39
2025-07-06 12:45:00,12261.15
2025-07-06 13:00:00,12162.71
2025-07-06 13:15:00,12073.66
2025-07-06 13:30:00,12085.5
2025-07-06 13:45:00,12018.98
2025-07-06 14:00:00,11962.88
2025-07-06 14:15:00,11943.68
2025-07-06 14:30:00,11982.45
2025-07-06 14:45:00,12167.84
2025-07-06 15:00:00,12178.93
2025-07-06 15:15:00,12252.79
2025-07-06 15:30:00,12354.91
2025-07-06 15:45:00,12541.63
2025-07-06 16:00:00,12544.65
2025-07-06 16:15:00,12475.47
2025-07-06 16:30:00,12410.04
2025-07-06 16:45:00,12422.22
2025-07-06 17:00:00,12409.06
2025-07-06 17:15:00,12400.9
2025-07-06 17:30:00,12315.04
2025-07-06 17:45:00,12261.8
2025-07-06 18:00:00,12277.28
2025-07-06 18:15:00,12317.39
2025-07-06 18:30:00,12316.78
2025-07-06 18:45:00,12326.24
2025-07-06 19:00:00,12300.62
2025-07-06 19:15:00,12329.72
2025-07-06 19:30:00,12363.73
2025-07-06 19:45:00,12416.01
2025-07-06 20:00:00,12448.68
2025-07-06 20:15:00,12456.52
2025-07-06 20:30:00,12360.9
2025-07-06 20:45:00,12253.03
2025-07-06 21:00:00,12076.43
2025-07-06 21:15:00,11941.62
2025-07-06 21:30:00,11743.6
2025-07-06 21:45:00,11642.96
2025-07-06 22:00:00,11743.7
2025-07-06 22:15:00,11668.58
2025-07-06 22:30:00,11579.5
2025-07-06 22:45:00,11407.08
2025-07-06 23:00:00,11232.07
2025-07-06 23:15:00,11100.1
2025-07-06 23:30:00,10990.75
2025-07-06 23:45:00,10881.44
2025-07-07 00:00:00,10802.82
2025-07-07 00:15:00,10670.23
2025-07-07 00:30:00,10626.78
2025-07-07 00:45:00,10588.18
2025-07-07 01:00:00,10621.68
2025-07-07 01:15:00,10614.09
2025-07-07 01:30:00,10619.67
2025-07-07 01:45:00,10620.61
2025-07-07 02:00:00,10805.62
2025-07-07 02:15:00,10704.83
2025-07-07 02:30:00,10689.64
2025-07-07 02:45:00,10701.62
2025-07-07 03:00:00,10797.88
2025-07-07 03:15:00,10809.3
2025-07-07 03:30:00,10855.61
2025-07-07 03:45:00,11019.87
2025-07-07 04:00:00,11203.3
2025-07-07 04:15:00,11331.8
2025-07-07 04:30:00,11518.36
2025-07-07 04:45:00,11675.85
2025-07-07 05:00:00,12085.58
2025-07-07 05:15:00,12404.24
2025-07-07 05:30:00,12691.46
2025-07-07 05:45:00,13019.78
2025-07-07 06:00:00,13199.81
2025-07-07 06:15:00,13315.35
2025-07-07 06:30:00,13458.77
2025-07-07 06:45:00,13625.66
2025-07-07 07:00:00,13575.94
2025-07-07 07:15:00,13592.73
2025-07-07 07:30:00,13565.67
2025-07-07 07:45:00,13601.75
2025-07-07 08:00:00,13653.4
2025-07-07 08:15:00,13737.34
2025-07-07 08:30:00,13670.96
2025-07-07 08:45:00,13649.15
2025-07-07 09:00:00,13678.53
2025-07-07 09:15:00,13674.62
2025-07-07 09:30:00,13611.39
2025-07-07 09:45:00,13604.82
2025-07-07 10:00:00,13640.96
2025-07-07 10:15:00,13609.47
2025-07-07 10:30:00,13494.55
2025-07-07 10:45:00,13451.39
2025-07-07 11:00:00,13432.64
2025-07-07 11:15:00,13446.24
2025-07-07 11:30:00,13392.39
2025-07-07 11:45:00,13406.21
2025-07-07 12:00:00,13331.57
2025-07-07 12:15:00,13342.76
2025-07-07 12:30:00,13263.52
2025-07-07 12:45:00,13308.59
2025-07-07 13:00:00,13228.5
2025-07-07 13:15:00,13294.16
2025-07-07 13:30:00,13306.04
2025-07-07 13:45:00,13220.71
2025-07-07 14:00:00,13229.77
2025-07-07 14:15:00,13304.66
2025-07-07 14:30:00,13268.64
2025-07-07 14:45:00,13350.55
2025-07-07 15:00:00,13478.28
2025-07-07 15:15:00,13580.11
2025-07-07 15:30:00,13693.72
2025-07-07 15:45:00,13693.56
2025-07-07 16:00:00,13533.68
2025-07-07 16:15:00,13425.49
2025-07-07 16:30:00,13364.17
2025-07-07 16:45:00,13356.9
2025-07-07 17:00:00,13342.37
2025-07-07 17:15:00,13331.23
2025-07-07 17:30:00,13328.31
2025-07-07 17:45:00,13373.85
2025-07-07 18:00:00,13398.97
2025-07-07 18:15:00,13337.87
2025-07-07 18:30:00,13297.58
2025-07-07 18:45:00,13337.12
2025-07-07 19:00:00,13326.64
2025-07-07 19:15:00,13413.31
2025-07-07 19:30:00,13342.72
2025-07-07 19:45:00,13280.53
2025-07-07 20:00:00,13235.63
2025-07-07 20:15:00,13207.48
2025-07-07 20:30:00,13042.65
2025-07-07 20:45:00,12831.44
2025-07-07 21:00:00,12739.52
2025-07-07 21:15:00,12618.09
2025-07-07 21:30:00,12368.54
2025-07-07 21:45:00,12166.83
2025-07-07 22:00:00,11969.61
2025-07-07 22:15:00,11805.07
2025-07-07 22:30:00,11671.48
2025-07-07 22:45:00,11505.74
2025-07-07 23:00:00,11327.57
2025-07-07 23:15:00,11247.12
2025-07-07 23:30:00,11325.83
2025-07-07 23:45:00,11291.44
2025-07-08 00:00:00,11327.39
2025-07-08 00:15:00,11375.55
2025-07-08 00:30:00,11253.48
2025-07-08 00:45:00,11051.98
2025-07-08 01:00:00,10956.53
2025-07-08 01:15:00,10836.28
2025-07-08 01:30:00,10745.86
2025-07-08 01:45:00,10638.43
2025-07-08 02:00:00,10632.31
2025-07-08 02:15:00,10712.0
2025-07-08 02:30:00,10751.32
2025-07-08 02:45:00,10876.05
2025-07-08 03:00:00,10971.19
2025-07-08 03:15:00,10962.34
2025-07-08 03:30:00,11087.13
2025-07-08 03:45:00,11217.77
2025-07-08 04:00:00,11439.2
2025-07-08 04:15:00,11537.6
2025-07-08 04:30:00,11759.13
2025-07-08 04:45:00,11963.61
2025-07-08 05:00:00,12203.3
2025-07-08 05:15:00,12389.37
2025-07-08 05:30:00,12571.41
2025-07-08 05:45:00,12729.32
2025-07-08 06:00:00,12865.24
2025-07-08 06:15:00,12937.94
2025-07-08 06:30:00,13026.78
2025-07-08 06:45:00,13151.34
2025-07-08 07:00:00,13290.66
2025-07-08 07:15:00,13299.21
2025-07-08 07:30:00,13301.29
2025-07-08 07:45:00,13263.59
2025-07-08 08:00:00,13168.44
2025-07-08 08:15:00,13183.52
2025-07-08 08:30:00,13278.76
2025-07-08 08:45:00,13398.76
2025-07-08 09:00:00,13311.43
2025-07-08 09:15:00,13301.51
2025-07-08 09:30:00,13273.5
2025-07-08 09:45:00,13248.52
2025-07-08 10:00:00,13250.04
2025-07-08 10:15:00,13236.78
2025-07-08 10:30:00,13230.35
2025-07-08 10:45:00,13234.04
2025-07-08 11:00:00,13281.74
2025-07-08 11:15:00,13246.38
2025-07-08 11:30:00,13225.3
2025-07-08 11:45:00,13194.26
2025-07-08 12:00:00,13196.76
2025-07-08 12:15:00,13121.65
2025-07-08 12:30:00,13126.55
2025-07-08 12:45:00,13124.82
2025-07-08 13:00:00,13152.91
2025-07-08 13:15:00,13279.49
2025-07-08 13:30:00,13267.1
2025-07-08 13:45:00,13210.92
2025-07-08 14:00:00,13246.37
2025-07-08 14:15:00,13344.89
2025-07-08 14:30:00,13371.26
2025-07-08 14:45:00,13520.1
2025-07-08 15:00:00,13642.93
2025-07-08 15:15:00,13777.22
2025-07-08 15:30:00,13906.41
2025-07-08 15:45:00,13920.71
2025-07-08 16:00:00,13730.6
2025-07-08 16:15:00,13618.54
2025-07-08 16:30:00,13522.22
2025-07-08 16:45:00,13494.24
2025-07-08 17:00:00,13498.82
2025-07-08 17:15:00,13421.87
2025-07-08 17:30:00,13428.75
2025-07-08 17:45:00,13425.7
2025-07-08 18:00:00,13409.29
2025-07-08 18:15:00,13350.87
2025-07-08 18:30:00,13371.65
2025-07-08 18:45:00,13406.61
2025-07-08 19:00:00,13361.66
2025-07-08 19:15:00,13384.16
2025-07-08 19:30:00,13364.57
2025-07-08 19:45:00,13337.09
2025-07-08 20:00:00,13326.06
2025-07-08 20:15:00,13285.21
2025-07-08 20:30:00,13107.42
2025-07-08 20:45:00,12958.71
2025-07-08 21:00:00,12801.69
2025-07-08 21:15:00,12625.71
2025-07-08 21:30:00,12426.61
2025-07-08 21:45:00,12213.76
2025-07-08 22:00:00,12050.18
2025-07-08 22:15:00,11904.95
2025-07-08 22:30:00,11742.0
2025-07-08 22:45:00,11610.93
2025-07-08 23:00:00,11457.08
2025-07-08 23:15:00,11365.48
2025-07-08 23:30:00,11230.37
2025-07-08 23:45:00,11113.33
2025-07-09 00:00:00,11041.94
2025-07-09 00:15:00,10947.33
2025-07-09 00:30:00,10874.05
2025-07-09 00:45:00,10766.78
2025-07-09 01:00:00,10769.91
2025-07-09 01:15:00,10731.63
2025-07-09 01:30:00,10691.4
2025-07-09 01:45:00,10677.75
2025-07-09 02:00:00,10708.8
2025-07-09 02:15:00,10695.75
2025-07-09 02:30:00,10670.08
2025-07-09 02:45:00,10688.81
2025-07-09 03:00:00,10796.2
2025-07-09 03:15:00,10807.88
2025-07-09 03:30:00,10843.29
2025-07-09 03:45:00,10934.22
2025-07-09 04:00:00,11205.5
2025-07-09 04:15:00,11292.89
2025-07-09 04:30:00,11463.61
2025-07-09 04:45:00,11642.43
2025-07-09 05:00:00,12029.93
2025-07-09 05:15:00,12243.0
2025-07-09 05:30:00,12443.62
2025-07-09 05:45:00,12649.86
2025-07-09 06:00:00,12786.42
2025-07-09 06:15:00,12980.09
2025-07-09 06:30:00,13190.65
2025-07-09 06:45:00,13256.93
2025-07-09 07:00:00,13069.2
2025-07-09 07:15:00,13091.09
2025-07-09 07:30:00,13075.59
2025-07-09 07:45:00,13100.39
2025-07-09 08:00:00,13096.91
2025-07-09 08:15:00,13115.32
2025-07-09 08:30:00,13092.38
2025-07-09 08:45:00,13084.69
2025-07-09 09:00:00,13201.44
2025-07-09 09:15:00,13097.93
2025-07-09 09:30:00,13049.44
2025-07-09 09:45:00,13081.8
2025-07-09 10:00:00,13002.55
2025-07-09 10:15:00,12930.07
2025-07-09 10:30:00,12829.19
2025-07-09 10:45:00,12925.78
2025-07-09 11:00:00,12923.82
2025-07-09 11:15:00,13000.69
2025-07-09 11:30:00,13107.4
2025-07-09 11:45:00,13140.58
2025-07-09 12:00:00,13048.51
2025-07-09 12:15:00,13016.7
2025-07-09 12:30:00,12960.17
2025-07-09 12:45:00,12883.05
2025-07-09 13:00:00,12922.0
2025-07-09 13:15:00,12891.2
2025-07-09 13:30:00,12867.98
2025-07-09 13:45:00,12903.88
2025-07-09 14:00:00,12913.76
2025-07-09 14:15:00,12836.18
2025-07-09 14:30:00,12878.44
2025-07-09 14:45:00,13040.88
2025-07-09 15:00:00,13133.42
2025-07-09 15:15:00,13271.03
2025-07-09 15:30:00,13324.41
2025-07-09 15:45:00,13397.27
2025-07-09 16:00:00,13272.15
2025-07-09 16:15:00,13140.84
2025-07-09 16:30:00,13027.79
2025-07-09 16:45:00,13059.02
2025-07-09 17:00:00,13062.21
2025-07-09 17:15:00,13099.08
2025-07-09 17:30:00,13177.36
2025-07-09 17:45:00,13219.29
2025-07-09 18:00:00,13238.49
2025-07-09 18:15:00,13248.33
2025-07-09 18:30:00,13279.04
2025-07-09 18:45:00,13387.66
2025-07-09 19:00:00,13404.29
2025-07-09 19:15:00,13467.27
2025-07-09 19:30:00,13498.34
2025-07-09 19:45:00,13499.54
2025-07-09 20:00:00,13492.17
2025-07-09 20:15:00,13496.38
2025-07-09 20:30:00,13371.51
2025-07-09 20:45:00,13209.12
2025-07-09 21:00:00,13070.78
2025-07-09 21:15:00,12907.72
2025-07-09 21:30:00,12663.01
2025-07-09 21:45:00,12496.82
2025-07-09 22:00:00,12300.77
2025-07-09 22:15:00,12131.34
2025-07-09 22:30:00,11950.92
2025-07-09 22:45:00,11785.1
2025-07-09 23:00:00,11643.49
2025-07-09 23:15:00,11504.94
2025-07-09 23:30:00,11420.75
2025-07-09 23:45:00,11335.6
2025-07-10 00:00:00,11298.22
2025-07-10 00:15:00,11287.55
2025-07-10 00:30:00,11199.2
2025-07-10 00:45:00,11098.03
2025-07-10 01:00:00,11047.9
2025-07-10 01:15:00,10967.54
2025-07-10 01:30:00,10936.68
2025-07-10 01:45:00,10921.72
2025-07-10 02:00:00,10893.91
2025-07-10 02:15:00,10859.83
2025-07-10 02:30:00,10887.0
2025-07-10 02:45:00,10912.25
2025-07-10 03:00:00,11010.57
2025-07-10 03:15:00,11013.21
2025-07-10 03:30:00,11074.01
2025-07-10 03:45:00,11159.7
2025-07-10 04:00:00,11351.14
2025-07-10 04:15:00,11434.38
2025-07-10 04:30:00,11581.37
2025-07-10 04:45:00,11744.65
2025-07-10 05:00:00,12071.95
2025-07-10 05:15:00,12318.59
2025-07-10 05:30:00,12533.07
2025-07-10 05:45:00,12767.3
2025-07-10 06:00:00,12951.0
2025-07-10 06:15:00,12999.26
2025-07-10 06:30:00,13139.66
2025-07-10 06:45:00,13275.22
2025-07-10 07:00:00,13402.59
2025-07-10 07:15:00,13402.64
2025-07-10 07:30:00,13332.49
2025-07-10 07:45:00,13366.84
2025-07-10 08:00:00,13368.11
2025-07-10 08:15:00,13384.45
2025-07-10 08:30:00,13408.13
2025-07-10 08:45:00,13475.95
2025-07-10 09:00:00,13484.86
2025-07-10 09:15:00,13470.58
2025-07-10 09:30:00,13489.17
2025-07-10 09:45:00,13492.41
2025-07-10 10:00:00,13473.2
2025-07-10 10:15:00,13499.94
2025-07-10 10:30:00,13563.66
2025-07-10 10:45:00,13548.2
2025-07-10 11:00:00,13510.93
2025-07-10 11:15:00,13468.99
2025-07-10 11:30:00,13453.54
2025-07-10 11:45:00,13476.76
2025-07-10 12:00:00,13486.05
2025-07-10 12:15:00,13454.05
2025-07-10 12:30:00,13467.27
2025-07-10 12:45:00,13512.86
2025-07-10 13:00:00,13577.17
2025-07-10 13:15:00,13557.58
2025-07-10 13:30:00,13516.93
2025-07-10 13:45:00,13449.96
2025-07-10 14:00:00,13381.24
2025-07-10 14:15:00,13359.41
2025-07-10 14:30:00,13368.15
2025-07-10 14:45:00,13464.86
2025-07-10 15:00:00,13566.27
2025-07-10 15:15:00,13650.61
2025-07-10 15:30:00,13707.05
2025-07-10 15:45:00,13713.66
2025-07-10 16:00:00,13554.25
2025-07-10 16:15:00,13450.91
2025-07-10 16:30:00,13422.05
2025-07-10 16:45:00,13456.57
2025-07-10 17:00:00,13462.64
2025-07-10 17:15:00,13474.66
2025-07-10 17:30:00,13533.62
2025-07-10 17:45:00,13565.2
2025-07-10 18:00:00,13589.33
2025-07-10 18:15:00,13657.16
2025-07-10 18:30:00,13696.67
2025-07-10 18:45:00,13745.9
2025-07-10 19:00:00,13781.78
2025-07-10 19:15:00,13813.41
2025-07-10 19:30:00,13813.76
2025-07-10 19:45:00,13807.1
2025-07-10 20:00:00,13796.95
2025-07-10 20:15:00,13826.04
2025-07-10 20:30:00,13640.35
2025-07-10 20:45:00,13538.09
2025-07-10 21:00:00,13314.44
2025-07-10 21:15:00,13124.26
2025-07-10 21:30:00,12922.53
2025-07-10 21:45:00,12673.17
2025-07-10 22:00:00,12461.02
2025-07-10 22:15:00,12292.03
2025-07-10 22:30:00,12096.9
2025-07-10 22:45:00,11912.55
2025-07-10 23:00:00,11809.64
2025-07-10 23:15:00,11700.19
2025-07-10 23:30:00,11641.65
2025-07-10 23:45:00,11596.85
2025-07-11 00:00:00,11498.34
2025-07-11 00:15:00,11436.81
2025-07-11 00:30:00,11385.28
2025-07-11 00:45:00,11275.86
2025-07-11 01:00:00,11288.27
2025-07-11 01:15:00,11187.23
2025-07-11 01:30:00,11206.14
2025-07-11 01:45:00,11146.29
2025-07-11 02:00:00,11118.63
2025-07-11 02:15:00,11059.76
2025-07-11 02:30:00,11078.86
2025-07-11 02:45:00,11102.5
2025-07-11 03:00:00,11159.72
2025-07-11 03:15:00,11154.96
2025-07-11 03:30:00,11198.46
2025-07-11 03:45:00,11289.91
2025-07-11 04:00:00,11378.6
2025-07-11 04:15:00,11484.02
2025-07-11 04:30:00,11573.07
2025-07-11 04:45:00,11755.76
2025-07-11 05:00:00,12076.27
2025-07-11 05:15:00,12271.27
2025-07-11 05:30:00,12547.1
2025-07-11 05:45:00,12727.05
2025-07-11 06:00:00,12937.9
2025-07-11 06:15:00,13045.18
2025-07-11 06:30:00,13238.69
2025-07-11 06:45:00,13426.46
2025-07-11 07:00:00,13409.52
2025-07-11 07:15:00,13419.54
2025-07-11 07:30:00,13467.67
2025-07-11 07:45:00,13540.3
2025-07-11 08:00:00,13656.53
2025-07-11 08:15:00,13690.57
2025-07-11 08:30:00,13774.25
2025-07-11 08:45:00,13765.18
2025-07-11 09:00:00,13617.12
2025-07-11 09:15:00,13626.42
2025-07-11 09:30:00,13607.65
2025-07-11 09:45:00,13535.18
2025-07-11 10:00:00,13530.77
2025-07-11 10:15:00,13486.11
2025-07-11 10:30:00,13445.7
2025-07-11 10:45:00,13445.46
2025-07-11 11:00:00,13470.71
2025-07-11 11:15:00,13561.79
2025-07-11 11:30:00,13584.2
2025-07-11 11:45:00,13577.03
2025-07-11 12:00:00,13576.22
2025-07-11 12:15:00,13522.55
2025-07-11 12:30:00,13473.47
2025-07-11 12:45:00,13498.77
2025-07-11 13:00:00,13395.71
2025-07-11 13:15:00,13353.11
2025-07-11 13:30:00,13264.0
2025-07-11 13:45:00,13230.29
2025-07-11 14:00:00,13178.55
2025-07-11 14:15:00,13184.06
2025-07-11 14:30:00,13152.36
2025-07-11 14:45:00,13225.12
2025-07-11 15:00:00,13300.3
2025-07-11 15:15:00,13404.84
2025-07-11 15:30:00,13436.0
2025-07-11 15:45:00,13475.2
2025-07-11 16:00:00,13480.83
2025-07-11 16:15:00,13317.98
2025-07-11 16:30:00,13135.52
2025-07-11 16:45:00,13054.34
2025-07-11 17:00:00,13109.6
2025-07-11 17:15:00,13132.76
2025-07-11 17:30:00,13165.64
2025-07-11 17:45:00,13187.15
2025-07-11 18:00:00,13174.46
2025-07-11 18:15:00,13191.95
2025-07-11 18:30:00,13186.7
2025-07-11 18:45:00,13250.7
2025-07-11 19:00:00,13254.03
2025-07-11 19:15:00,13323.69
2025-07-11 19:30:00,13318.65
2025-07-11 19:45:00,13274.34
2025-07-11 20:00:00,13272.29
2025-07-11 20:15:00,13240.91
2025-07-11 20:30:00,13161.6
2025-07-11 20:45:00,13000.74
2025-07-11 21:00:00,12939.06
2025-07-11 21:15:00,12781.35
2025-07-11 21:30:00,12626.45
2025-07-11 21:45:00,12517.08
2025-07-11 22:00:00,12325.91
2025-07-11 22:15:00,12162.67
2025-07-11 22:30:00,11933.28
2025-07-11 22:45:00,11824.35
2025-07-11 23:00:00,11687.97
2025-07-11 23:15:00,11580.58
2025-07-11 23:30:00,11426.51
2025-07-11 23:45:00,11276.9
2025-07-12 00:00:00,11191.39
2025-07-12 00:15:00,11078.02
2025-07-12 00:30:00,11002.68
2025-07-12 00:45:00,10947.75
2025-07-12 01:00:00,10919.02
2025-07-12 01:15:00,10838.85
2025-07-12 01:30:00,10773.59
2025-07-12 01:45:00,10722.37
2025-07-12 02:00:00,10710.85
2025-07-12 02:15:00,10705.3
2025-07-12 02:30:00,10682.2
2025-07-12 02:45:00,10714.16
2025-07-12 03:00:00,10665.01
2025-07-12 03:15:00,10601.98
2025-07-12 03:30:00,10543.05
2025-07-12 03:45:00,10498.42
2025-07-12 04:00:00,10536.84
2025-07-12 04:15:00,10471.75
2025-07-12 04:30:00,10437.77
2025-07-12 04:45:00,10492.14
2025-07-12 05:00:00,10487.54
2025-07-12 05:15:00,10469.09
2025-07-12 05:30:00,10563.89
2025-07-12 05:45:00,10716.76
2025-07-12 06:00:00,10744.45
2025-07-12 06:15:00,10867.86
2025-07-12 06:30:00,10972.03
2025-07-12 06:45:00,11112.66
2025-07-12 07:00:00,11115.94
2025-07-12 07:15:00,11204.66
2025-07-12 07:30:00,11313.83
2025-07-12 07:45:00,11483.78
2025-07-12 08:00:00,11591.88
2025-07-12 08:15:00,11578.37
2025-07-12 08:30:00,11614.57
2025-07-12 08:45:00,11681.89
2025-07-12 09:00:00,11666.65
2025-07-12 09:15:00,11611.71
2025-07-12 09:30:00,11611.09
2025-07-12 09:45:00,11671.06
2025-07-12 10:00:00,11589.13
2025-07-12 10:15:00,11528.05
2025-07-12 10:30:00,11560.38
2025-07-12 10:45:00,11611.55
2025-07-12 11:00:00,11552.32
2025-07-12 11:15:00,11553.57
2025-07-12 11:30:00,11594.5
2025-07-12 11:45:00,11580.05
2025-07-12 12:00:00,11599.87
2025-07-12 12:15:00,11465.43
2025-07-12 12:30:00,11508.18
2025-07-12 12:45:00,11451.58
2025-07-12 13:00:00,11420.22
2025-07-12 13:15:00,11390.52
2025-07-12 13:30:00,11402.68
2025-07-12 13:45:00,11381.25
2025-07-12 14:00:00,11358.38
2025-07-12 14:15:00,11342.7
2025-07-12 14:30:00,11361.63
2025-07-12 14:45:00,11495.84
2025-07-12 15:00:00,11709.44
2025-07-12 15:15:00,11771.11
2025-07-12 15:30:00,11793.83
2025-07-12 15:45:00,11845.08
2025-07-12 16:00:00,11955.15
2025-07-12 16:15:00,11943.45
2025-07-12 16:30:00,11902.39
2025-07-12 16:45:00,11891.44
2025-07-12 17:00:00,12016.52
2025-07-12 17:15:00,12052.98
2025-07-12 17:30:00,12024.84
2025-07-12 17:45:00,12101.96
2025-07-12 18:00:00,12159.09
2025-07-12 18:15:00,12182.46
2025-07-12 18:30:00,12214.73
2025-07-12 18:45:00,12289.24
2025-07-12 19:00:00,12368.17
2025-07-12 19:15:00,12495.16
2025-07-12 19:30:00,12505.99
2025-07-12 19:45:00,12567.76
2025-07-12 20:00:00,12556.32
2025-07-12 20:15:00,12605.51
2025-07-12 20:30:00,12539.25
2025-07-12 20:45:00,12458.48
2025-07-12 21:00:00,12318.95
2025-07-12 21:15:00,12204.45
2025-07-12 21:30:00,12106.59
2025-07-12 21:45:00,11946.98
2025-07-12 22:00:00,11757.52
2025-07-12 22:15:00,11645.01
2025-07-12 22:30:00,11474.45
2025-07-12 22:45:00,11419.28
2025-07-12 23:00:00,11211.41
2025-07-12 23:15:00,11123.71
2025-07-12 23:30:00,11028.3
2025-07-12 23:45:00,10987.79
2025-07-13 00:00:00,10856.14
2025-07-13 00:15:00,10772.41
2025-07-13 00:30:00,10692.19
2025-07-13 00:45:00,10620.59
2025-07-13 01:00:00,10624.02
2025-07-13 01:15:00,10549.82
2025-07-13 01:30:00,10517.44
2025-07-13 01:45:00,10489.85
2025-07-13 02:00:00,10464.01
2025-07-13 02:15:00,10444.76
2025-07-13 02:30:00,10408.68
2025-07-13 02:45:00,10386.02
2025-07-13 03:00:00,10393.36
2025-07-13 03:15:00,10338.11
2025-07-13 03:30:00,10264.25
2025-07-13 03:45:00,10197.81
2025-07-13 04:00:00,10124.37
2025-07-13 04:15:00,10032.93
2025-07-13 04:30:00,9982.62
2025-07-13 04:45:00,9942.38
2025-07-13 05:00:00,9919.32
2025-07-13 05:15:00,9907.36
2025-07-13 05:30:00,9993.99
2025-07-13 05:45:00,10077.18
2025-07-13 06:00:00,10138.15
2025-07-13 06:15:00,10223.24
2025-07-13 06:30:00,10359.52
2025-07-13 06:45:00,10505.88
2025-07-13 07:00:00,10627.04
2025-07-13 07:15:00,10762.85
2025-07-13 07:30:00,10887.24
2025-07-13 07:45:00,10979.82
2025-07-13 08:00:00,11043.37
2025-07-13 08:15:00,11128.11
2025-07-13 08:30:00,11202.7
2025-07-13 08:45:00,11363.01
2025-07-13 09:00:00,11351.19
2025-07-13 09:15:00,11331.17
2025-07-13 09:30:00,11468.95
2025-07-13 09:45:00,11643.22
2025-07-13 10:00:00,11686.29
2025-07-13 10:15:00,11677.41
2025-07-13 10:30:00,11847.85
2025-07-13 10:45:00,11834.01
2025-07-13 11:00:00,11698.28
2025-07-13 11:15:00,11626.05
2025-07-13 11:30:00,11641.27
2025-07-13 11:45:00,11561.42
2025-07-13 12:00:00,11585.78
2025-07-13 12:15:00,11492.22
2025-07-13 12:30:00,11450.94
2025-07-13 12:45:00,11417.49
2025-07-13 13:00:00,11459.89
2025-07-13 13:15:00,11551.56
2025-07-13 13:30:00,11606.09
2025-07-13 13:45:00,11486.87
2025-07-13 14:00:00,11429.35
2025-07-13 14:15:00,11521.91
2025-07-13 14:30:00,11559.65
2025-07-13 14:45:00,11680.37
2025-07-13 15:00:00,11857.56
2025-07-13 15:15:00,11966.24
2025-07-13 15:30:00,12070.28
2025-07-13 15:45:00,12118.73
2025-07-13 16:00:00,12106.79
2025-07-13 16:15:00,12091.2
2025-07-13 16:30:00,12073.03
2025-07-13 16:45:00,12097.1
2025-07-13 17:00:00,12127.88
2025-07-13 17:15:00,12252.19
2025-07-13 17:30:00,12176.86
2025-07-13 17:45:00,12201.29
2025-07-13 18:00:00,12309.58
2025-07-13 18:15:00,12406.79
2025-07-13 18:30:00,12441.52
2025-07-13 18:45:00,12540.1
2025-07-13 19:00:00,12622.92
2025-07-13 19:15:00,12679.68
2025-07-13 19:30:00,12697.5
2025-07-13 19:45:00,12762.66
2025-07-13 20:00:00,12796.31
2025-07-13 20:15:00,12783.14
2025-07-13 20:30:00,12658.97
2025-07-13 20:45:00,12571.01
2025-07-13 21:00:00,12389.72
2025-07-13 21:15:00,12250.69
2025-07-13 21:30:00,12081.42
2025-07-13 21:45:00,11936.29
2025-07-13 22:00:00,11779.39
2025-07-13 22:15:00,11642.1
2025-07-13 22:30:00,11578.84
2025-07-13 22:45:00,11440.91
2025-07-13 23:00:00,11298.93
2025-07-13 23:15:00,11239.51
2025-07-13 23:30:00,11181.38
2025-07-13 23:45:00,11080.11
2025-07-14 00:00:00,11009.41
2025-07-14 00:15:00,10964.84
2025-07-14 00:30:00,10885.32
2025-07-14 00:45:00,10859.99
2025-07-14 01:00:00,10838.9
2025-07-14 01:15:00,10848.14
2025-07-14 01:30:00,10819.41
2025-07-14 01:45:00,10816.8
2025-07-14 02:00:00,10827.46
2025-07-14 02:15:00,10832.15
2025-07-14 02:30:00,10870.29
2025-07-14 02:45:00,10872.14
2025-07-14 03:00:00,10967.46
2025-07-14 03:15:00,11031.72
2025-07-14 03:30:00,11038.47
2025-07-14 03:45:00,11066.24
2025-07-14 04:00:00,11241.66
2025-07-14 04:15:00,11257.75
2025-07-14 04:30:00,11444.63
2025-07-14 04:45:00,11596.29
2025-07-14 05:00:00,11944.97
2025-07-14 05:15:00,12183.47
2025-07-14 05:30:00,12479.57
2025-07-14 05:45:00,12746.41
2025-07-14 06:00:00,12927.33
2025-07-14 06:15:00,13100.25
2025-07-14 06:30:00,13242.62
2025-07-14 06:45:00,13387.43
2025-07-14 07:00:00,13406.45
2025-07-14 07:15:00,13426.25
2025-07-14 07:30:00,13443.73
2025-07-14 07:45:00,13530.23
2025-07-14 08:00:00,13547.06
2025-07-14 08:15:00,13548.51
2025-07-14 08:30:00,13640.2
2025-07-14 08:45:00,13671.91
2025-07-14 09:00:00,13609.48
2025-07-14 09:15:00,13579.46
2025-07-14 09:30:00,13607.71
2025-07-14 09:45:00,13683.68
2025-07-14 10:00:00,13665.06
2025-07-14 10:15:00,13621.98
2025-07-14 10:30:00,13656.6
2025-07-14 10:45:00,13645.58
2025-07-14 11:00:00,13833.2
2025-07-14 11:15:00,13913.94
2025-07-14 11:30:00,13863.56
2025-07-14 11:45:00,13929.43
2025-07-14 12:00:00,13862.56
2025-07-14 12:15:00,14060.7
2025-07-14 12:30:00,14029.91
2025-07-14 12:45:00,14036.39
2025-07-14 13:00:00,13964.73
2025-07-14 13:15:00,13942.62
2025-07-14 13:30:00,13872.85
2025-07-14 13:45:00,13883.94
2025-07-14 14:00:00,13782.02
2025-07-14 14:15:00,13832.79
2025-07-14 14:30:00,13753.74
2025-07-14 14:45:00,13879.16
2025-07-14 15:00:00,14026.39
2025-07-14 15:15:00,14033.68
2025-07-14 15:30:00,14120.2
2025-07-14 15:45:00,14113.72
2025-07-14 16:00:00,13943.69
2025-07-14 16:15:00,13759.01
2025-07-14 16:30:00,13701.93
2025-07-14 16:45:00,13610.55
2025-07-14 17:00:00,13659.33
2025-07-14 17:15:00,13666.7
2025-07-14 17:30:00,13666.78
2025-07-14 17:45:00,13776.53
2025-07-14 18:00:00,13826.35
2025-07-14 18:15:00,13854.44
2025-07-14 18:30:00,13875.27
2025-07-14 18:45:00,13941.35
2025-07-14 19:00:00,13954.1
2025-07-14 19:15:00,13988.81
2025-07-14 19:30:00,13955.41
2025-07-14 19:45:00,13934.16
2025-07-14 20:00:00,13902.7
2025-07-14 20:15:00,13846.57
2025-07-14 20:30:00,13659.35
2025-07-14 20:45:00,13511.42
2025-07-14 21:00:00,13281.14
2025-07-14 21:15:00,13096.96
2025-07-14 21:30:00,12915.33
2025-07-14 21:45:00,12676.88
2025-07-14 22:00:00,12482.43
2025-07-14 22:15:00,12279.77
2025-07-14 22:30:00,12148.31
2025-07-14 22:45:00,12028.17
2025-07-14 23:00:00,11861.25
2025-07-14 23:15:00,11740.02
2025-07-14 23:30:00,11604.93
2025-07-14 23:45:00,11524.93
2025-07-15 00:00:00,11453.97
2025-07-15 00:15:00,11412.98
2025-07-15 00:30:00,11395.71
2025-07-15 00:45:00,11309.67
2025-07-15 01:00:00,11300.59
2025-07-15 01:15:00,11241.06
2025-07-15 01:30:00,11179.77
2025-07-15 01:45:00,11179.2
2025-07-15 02:00:00,11135.9
2025-07-15 02:15:00,11121.96
2025-07-15 02:30:00,11113.77
2025-07-15 02:45:00,11065.0
2025-07-15 03:00:00,11171.27
2025-07-15 03:15:00,11188.64
2025-07-15 03:30:00,11249.43
2025-07-15 03:45:00,11336.01
2025-07-15 04:00:00,11581.83
2025-07-15 04:15:00,11717.19
2025-07-15 04:30:00,11837.1
2025-07-15 04:45:00,11949.79
2025-07-15 05:00:00,12217.19
2025-07-15 05:15:00,12394.88
2025-07-15 05:30:00,12626.55
2025-07-15 05:45:00,12779.41
2025-07-15 06:00:00,12903.81
2025-07-15 06:15:00,12962.74
2025-07-15 06:30:00,13135.07
2025-07-15 06:45:00,13311.15
2025-07-15 07:00:00,13266.54
2025-07-15 07:15:00,13346.48
2025-07-15 07:30:00,13297.97
2025-07-15 07:45:00,13335.5
2025-07-15 08:00:00,13313.84
2025-07-15 08:15:00,13392.38
2025-07-15 08:30:00,13336.39
2025-07-15 08:45:00,13413.26
2025-07-15 09:00:00,13536.42
2025-07-15 09:15:00,13480.2
2025-07-15 09:30:00,13422.92
2025-07-15 09:45:00,13524.81
2025-07-15 10:00:00,13552.05
2025-07-15 10:15:00,13482.05
2025-07-15 10:30:00,13333.02
2025-07-15 10:45:00,13368.69
2025-07-15 11:00:00,13437.41
2025-07-15 11:15:00,13524.81
2025-07-15 11:30:00,13415.62
2025-07-15 11:45:00,13510.36
2025-07-15 12:00:00,13585.52
2025-07-15 12:15:00,13486.19
2025-07-15 12:30:00,13589.69
2025-07-15 12:45:00,13524.04
2025-07-15 13:00:00,13594.87
2025-07-15 13:15:00,13556.29
2025-07-15 13:30:00,13549.62
2025-07-15 13:45:00,13537.39
2025-07-15 14:00:00,13515.26
2025-07-15 14:15:00,13454.34
2025-07-15 14:30:00,13465.86
2025-07-15 14:45:00,13604.21
2025-07-15 15:00:00,13932.29
2025-07-15 15:15:00,14105.78
2025-07-15 15:30:00,14091.37
2025-07-15 15:45:00,14088.93
2025-07-15 16:00:00,13877.51
2025-07-15 16:15:00,13679.85
2025-07-15 16:30:00,13618.19
2025-07-15 16:45:00,13581.88
2025-07-15 17:00:00,13474.57
2025-07-15 17:15:00,13435.73
2025-07-15 17:30:00,13455.85
2025-07-15 17:45:00,13520.84
2025-07-15 18:00:00,13465.47
2025-07-15 18:15:00,13505.09
2025-07-15 18:30:00,13557.28
2025-07-15 18:45:00,13619.54
2025-07-15 19:00:00,13635.71
2025-07-15 19:15:00,13690.75
2025-07-15 19:30:00,13664.85
2025-07-15 19:45:00,13666.27
2025-07-15 20:00:00,13610.8
2025-07-15 20:15:00,13556.0
2025-07-15 20:30:00,13385.84
2025-07-15 20:45:00,13263.28
2025-07-15 21:00:00,13098.93
2025-07-15 21:15:00,12896.25
2025-07-15 21:30:00,12688.72
2025-07-15 21:45:00,12488.59
2025-07-15 22:00:00,12289.24
2025-07-15 22:15:00,12154.16
2025-07-15 22:30:00,12078.39
2025-07-15 22:45:00,11962.95
2025-07-15 23:00:00,11728.94
2025-07-15 23:15:00,11658.29
2025-07-15 23:30:00,11624.89
2025-07-15 23:45:00,11496.9
2025-07-16 00:00:00,11393.43
2025-07-16 00:15:00,11297.42
2025-07-16 00:30:00,11179.49
2025-07-16 00:45:00,11121.35
2025-07-16 01:00:00,11077.97
2025-07-16 01:15:00,11015.96
2025-07-16 01:30:00,11006.32
2025-07-16 01:45:00,11011.03
2025-07-16 02:00:00,11026.31
2025-07-16 02:15:00,11078.38
2025-07-16 02:30:00,11103.28
2025-07-16 02:45:00,11089.15
2025-07-16 03:00:00,11232.41
2025-07-16 03:15:00,11271.32
2025-07-16 03:30:00,11335.23
2025-07-16 03:45:00,11408.5
2025-07-16 04:00:00,11730.07
2025-07-16 04:15:00,11837.52
2025-07-16 04:30:00,11944.91
2025-07-16 04:45:00,12052.34
2025-07-16 05:00:00,12279.85
2025-07-16 05:15:00,12479.25
2025-07-16 05:30:00,12674.27
2025-07-16 05:45:00,12860.99
2025-07-16 06:00:00,13073.03
2025-07-16 06:15:00,13213.84
2025-07-16 06:30:00,13291.46
2025-07-16 06:45:00,13460.18
2025-07-16 07:00:00,13543.98
2025-07-16 07:15:00,13491.32
2025-07-16 07:30:00,13536.31
2025-07-16 07:45:00,13603.68
2025-07-16 08:00:00,13697.52
2025-07-16 08:15:00,13742.12
2025-07-16 08:30:00,13785.55
2025-07-16 08:45:00,13856.34
2025-07-16 09:00:00,13841.78
2025-07-16 09:15:00,13800.64
2025-07-16 09:30:00,13784.33
2025-07-16 09:45:00,13800.03
2025-07-16 10:00:00,13690.24
2025-07-16 10:15:00,13556.66
2025-07-16 10:30:00,13588.62
2025-07-16 10:45:00,13562.46
2025-07-16 11:00:00,13626.53
2025-07-16 11:15:00,13662.16
2025-07-16 11:30:00,13639.22
2025-07-16 11:45:00,13644.62
2025-07-16 12:00:00,13639.11
2025-07-16 12:15:00,13596.13
2025-07-16 12:30:00,13457.3
2025-07-16 12:45:00,13555.91
2025-07-16 13:00:00,13516.09
2025-07-16 13:15:00,13570.61
2025-07-16 13:30:00,13515.03
2025-07-16 13:45:00,13508.59
2025-07-16 14:00:00,13504.98
2025-07-16 14:15:00,13352.05
2025-07-16 14:30:00,13343.87
2025-07-16 14:45:00,13440.04
2025-07-16 15:00:00,13521.17
2025-07-16 15:15:00,13640.77
2025-07-16 15:30:00,13615.09
2025-07-16 15:45:00,13698.28
2025-07-16 16:00:00,13537.86
2025-07-16 16:15:00,13355.63
2025-07-16 16:30:00,13226.03
2025-07-16 16:45:00,13192.58
2025-07-16 17:00:00,13188.17
2025-07-16 17:15:00,13154.52
2025-07-16 17:30:00,13081.34
2025-07-16 17:45:00,13129.99
2025-07-16 18:00:00,13161.53
2025-07-16 18:15:00,13171.28
2025-07-16 18:30:00,13178.16
2025-07-16 18:45:00,13280.91
2025-07-16 19:00:00,13293.11
2025-07-16 19:15:00,13361.67
2025-07-16 19:30:00,13422.11
2025-07-16 19:45:00,13440.89
2025-07-16 20:00:00,13366.11
2025-07-16 20:15:00,13357.75
2025-07-16 20:30:00,13221.18
2025-07-16 20:45:00,13111.61
2025-07-16 21:00:00,12912.0
2025-07-16 21:15:00,12740.62
2025-07-16 21:30:00,12529.21
2025-07-16 21:45:00,12405.07
2025-07-16 22:00:00,12213.5
2025-07-16 22:15:00,12032.13
2025-07-16 22:30:00,11823.9
2025-07-16 22:45:00,11657.35
2025-07-16 23:00:00,11523.1
2025-07-16 23:15:00,11408.81
2025-07-16 23:30:00,11304.59
2025-07-16 23:45:00,11204.5
2025-07-17 00:00:00,11196.94
2025-07-17 00:15:00,11132.52
2025-07-17 00:30:00,11067.43
2025-07-17 00:45:00,10993.99
2025-07-17 01:00:00,10937.04
2025-07-17 01:15:00,10892.21
2025-07-17 01:30:00,10851.39
2025-07-17 01:45:00,10828.21
2025-07-17 02:00:00,10886.91
2025-07-17 02:15:00,10883.95
2025-07-17 02:30:00,10854.02
2025-07-17 02:45:00,10856.84
2025-07-17 03:00:00,10982.27
2025-07-17 03:15:00,10985.29
2025-07-17 03:30:00,11022.52
2025-07-17 03:45:00,11099.6
2025-07-17 04:00:00,11287.36
2025-07-17 04:15:00,11395.79
2025-07-17 04:30:00,11498.27
2025-07-17 04:45:00,11644.02
2025-07-17 05:00:00,11940.25
2025-07-17 05:15:00,12145.25
2025-07-17 05:30:00,12336.32
2025-07-17 05:45:00,12553.88
2025-07-17 06:00:00,12757.42
2025-07-17 06:15:00,12889.78
2025-07-17 06:30:00,12984.1
2025-07-17 06:45:00,13077.67
2025-07-17 07:00:00,13111.69
2025-07-17 07:15:00,13147.25
2025-07-17 07:30:00,13146.32
2025-07-17 07:45:00,13182.05
2025-07-17 08:00:00,13218.54
2025-07-17 08:15:00,13289.09
2025-07-17 08:30:00,13326.47
2025-07-17 08:45:00,13353.33
2025-07-17 09:00:00,13364.35
2025-07-17 09:15:00,13419.4
2025-07-17 09:30:00,13421.64
2025-07-17 09:45:00,13338.03
2025-07-17 10:00:00,13221.34
2025-07-17 10:15:00,13206.32
2025-07-17 10:30:00,13151.81
2025-07-17 10:45:00,13221.91
2025-07-17 11:00:00,13203.73
2025-07-17 11:15:00,13282.85
2025-07-17 11:30:00,13197.95
2025-07-17 11:45:00,13182.87
2025-07-17 12:00:00,13183.24
2025-07-17 12:15:00,13151.2
2025-07-17 12:30:00,13138.69
2025-07-17 12:45:00,13125.44
2025-07-17 13:00:00,13087.22
2025-07-17 13:15:00,13117.2
2025-07-17 13:30:00,13129.9
2025-07-17 13:45:00,13154.8
2025-07-17 14:00:00,13170.21
2025-07-17 14:15:00,13072.4
2025-07-17 14:30:00,13097.35
2025-07-17 14:45:00,13190.22
2025-07-17 15:00:00,13308.71
2025-07-17 15:15:00,13401.85
2025-07-17 15:30:00,13401.51
2025-07-17 15:45:00,13412.04
2025-07-17 16:00:00,13308.24
2025-07-17 16:15:00,13258.96
2025-07-17 16:30:00,13216.04
2025-07-17 16:45:00,13233.25
2025-07-17 17:00:00,13282.13
2025-07-17 17:15:00,13302.11
2025-07-17 17:30:00,13352.55
2025-07-17 17:45:00,13415.67
2025-07-17 18:00:00,13486.03
2025-07-17 18:15:00,13529.39
2025-07-17 18:30:00,13612.38
2025-07-17 18:45:00,13663.27
2025-07-17 19:00:00,13755.78
2025-07-17 19:15:00,13743.1
2025-07-17 19:30:00,13704.2
2025-07-17 19:45:00,13632.03
2025-07-17 20:00:00,13592.27
2025-07-17 20:15:00,13563.1
2025-07-17 20:30:00,13382.65
2025-07-17 20:45:00,13187.92
2025-07-17 21:00:00,13026.97
2025-07-17 21:15:00,12847.91
2025-07-17 21:30:00,12644.31
2025-07-17 21:45:00,12454.44
2025-07-17 22:00:00,12264.08
2025-07-17 22:15:00,12090.86
2025-07-17 22:30:00,11932.85
2025-07-17 22:45:00,11776.92
2025-07-17 23:00:00,11680.33
2025-07-17 23:15:00,11581.43
2025-07-17 23:30:00,11516.41
2025-07-17 23:45:00,11425.36
2025-07-18 00:00:00,11392.97
2025-07-18 00:15:00,11296.97
2025-07-18 00:30:00,11193.64
2025-07-18 00:45:00,11142.12
2025-07-18 01:00:00,11160.86
2025-07-18 01:15:00,11025.22
2025-07-18 01:30:00,10993.38
2025-07-18 01:45:00,10918.76
2025-07-18 02:00:00,10938.84
2025-07-18 02:15:00,11015.6
2025-07-18 02:30:00,10947.07
2025-07-18 02:45:00,10950.13
2025-07-18 03:00:00,11043.58
2025-07-18 03:15:00,11066.46
2025-07-18 03:30:00,11083.13
2025-07-18 03:45:00,11133.97
2025-07-18 04:00:00,11294.24
2025-07-18 04:15:00,11421.02
2025-07-18 04:30:00,11559.94
2025-07-18 04:45:00,11688.22
2025-07-18 05:00:00,11949.23
2025-07-18 05:15:00,12145.0
2025-07-18 05:30:00,12357.55
2025-07-18 05:45:00,12577.19
2025-07-18 06:00:00,12712.19
2025-07-18 06:15:00,12800.03
2025-07-18 06:30:00,12957.52
2025-07-18 06:45:00,13109.27
2025-07-18 07:00:00,13113.05
2025-07-18 07:15:00,13148.74
2025-07-18 07:30:00,13234.07
2025-07-18 07:45:00,13269.79
2025-07-18 08:00:00,13246.1
2025-07-18 08:15:00,13222.23
2025-07-18 08:30:00,13239.76
2025-07-18 08:45:00,13224.05
2025-07-18 09:00:00,13210.9
2025-07-18 09:15:00,13327.18
2025-07-18 09:30:00,13341.67
2025-07-18 09:45:00,13368.23
2025-07-18 10:00:00,13267.7
2025-07-18 10:15:00,13221.46
2025-07-18 10:30:00,13191.9
2025-07-18 10:45:00,13165.64
2025-07-18 11:00:00,13168.79
2025-07-18 11:15:00,13162.08
2025-07-18 11:30:00,13157.32
2025-07-18 11:45:00,13188.92
2025-07-18 12:00:00,13236.87
2025-07-18 12:15:00,13220.88
2025-07-18 12:30:00,13161.23
2025-07-18 12:45:00,13138.29
2025-07-18 13:00:00,13115.24
2025-07-18 13:15:00,13110.19
2025-07-18 13:30:00,13088.48
2025-07-18 13:45:00,13087.56
2025-07-18 14:00:00,13152.98
2025-07-18 14:15:00,13273.3
2025-07-18 14:30:00,13179.06
2025-07-18 14:45:00,13208.16
2025-07-18 15:00:00,13341.65
2025-07-18 15:15:00,13390.5
2025-07-18 15:30:00,13389.57
2025-07-18 15:45:00,13454.13
2025-07-18 16:00:00,13325.3
2025-07-18 16:15:00,13190.0
2025-07-18 16:30:00,13182.56
2025-07-18 16:45:00,13118.78
2025-07-18 17:00:00,13133.61
2025-07-18 17:15:00,13136.7
2025-07-18 17:30:00,13195.41
2025-07-18 17:45:00,13274.48
2025-07-18 18:00:00,13265.23
2025-07-18 18:15:00,13356.13
2025-07-18 18:30:00,13404.95
2025-07-18 18:45:00,13454.69
2025-07-18 19:00:00,13482.76
2025-07-18 19:15:00,13525.84
2025-07-18 19:30:00,13541.67
2025-07-18 19:45:00,13539.33
2025-07-18 20:00:00,13494.58
2025-07-18 20:15:00,13430.32
2025-07-18 20:30:00,13299.37
2025-07-18 20:45:00,13122.37
2025-07-18 21:00:00,12975.13
2025-07-18 21:15:00,12832.37
2025-07-18 21:30:00,12628.55
2025-07-18 21:45:00,12495.46
2025-07-18 22:00:00,12291.24
2025-07-18 22:15:00,12171.39
2025-07-18 22:30:00,12021.23
2025-07-18 22:45:00,11871.27
2025-07-18 23:00:00,11722.43
2025-07-18 23:15:00,11618.08
2025-07-18 23:30:00,11521.02
2025-07-18 23:45:00,11386.38
2025-07-19 00:00:00,11298.23
2025-07-19 00:15:00,11201.78
2025-07-19 00:30:00,11105.25
2025-07-19 00:45:00,11058.2
2025-07-19 01:00:00,10956.79
2025-07-19 01:15:00,10939.49
2025-07-19 01:30:00,10879.78
2025-07-19 01:45:00,10827.2
2025-07-19 02:00:00,10862.2
2025-07-19 02:15:00,10831.98
2025-07-19 02:30:00,10808.33
2025-07-19 02:45:00,10790.73
2025-07-19 03:00:00,10761.46
2025-07-19 03:15:00,10735.51
2025-07-19 03:30:00,10664.27
2025-07-19 03:45:00,10601.57
2025-07-19 04:00:00,10562.88
2025-07-19 04:15:00,10454.02
2025-07-19 04:30:00,10346.76
2025-07-19 04:45:00,10369.53
2025-07-19 05:00:00,10380.7
2025-07-19 05:15:00,10369.78
2025-07-19 05:30:00,10435.96
2025-07-19 05:45:00,10606.39
2025-07-19 06:00:00,10739.23
2025-07-19 06:15:00,10717.16
2025-07-19 06:30:00,10791.08
2025-07-19 06:45:00,11006.86
2025-07-19 07:00:00,11172.72
2025-07-19 07:15:00,11233.11
2025-07-19 07:30:00,11301.57
2025-07-19 07:45:00,11462.33
2025-07-19 08:00:00,11494.23
2025-07-19 08:15:00,11545.3
2025-07-19 08:30:00,11642.37
2025-07-19 08:45:00,11804.6
2025-07-19 09:00:00,11731.98
2025-07-19 09:15:00,11801.72
2025-07-19 09:30:00,11797.29
2025-07-19 09:45:00,11899.36
2025-07-19 10:00:00,11889.29
2025-07-19 10:15:00,11930.03
2025-07-19 10:30:00,11969.02
2025-07-19 10:45:00,11964.71
2025-07-19 11:00:00,12147.28
2025-07-19 11:15:00,12185.6
2025-07-19 11:30:00,12151.56
2025-07-19 11:45:00,12076.72
2025-07-19 12:00:00,12117.29
2025-07-19 12:15:00,12106.59
2025-07-19 12:30:00,12046.15
2025-07-19 12:45:00,11950.9
2025-07-19 13:00:00,11984.27
2025-07-19 13:15:00,11973.77
2025-07-19 13:30:00,12032.95
2025-07-19 13:45:00,12099.47
2025-07-19 14:00:00,12192.56
2025-07-19 14:15:00,12334.33
2025-07-19 14:30:00,12419.66
2025-07-19 14:45:00,12488.45
2025-07-19 15:00:00,12600.83
2025-07-19 15:15:00,12723.61
2025-07-19 15:30:00,12787.28
2025-07-19 15:45:00,12963.0
2025-07-19 16:00:00,13087.77
2025-07-19 16:15:00,13001.8
2025-07-19 16:30:00,13090.61
2025-07-19 16:45:00,13032.16
2025-07-19 17:00:00,13132.72
2025-07-19 17:15:00,13217.48
2025-07-19 17:30:00,13222.23
2025-07-19 17:45:00,13297.16
2025-07-19 18:00:00,13283.4
2025-07-19 18:15:00,13198.96
2025-07-19 18:30:00,13197.93
2025-07-19 18:45:00,13160.47
2025-07-19 19:00:00,13114.52
2025-07-19 19:15:00,13070.16
2025-07-19 19:30:00,12990.02
2025-07-19 19:45:00,12955.9
2025-07-19 20:00:00,12903.92
2025-07-19 20:15:00,12919.4
2025-07-19 20:30:00,12806.87
2025-07-19 20:45:00,12823.17
2025-07-19 21:00:00,12825.56
2025-07-19 21:15:00,12665.95
2025-07-19 21:30:00,12525.67
2025-07-19 21:45:00,12443.25
2025-07-19 22:00:00,12170.63
2025-07-19 22:15:00,11996.5
2025-07-19 22:30:00,11849.39
2025-07-19 22:45:00,11694.98
2025-07-19 23:00:00,11493.99
2025-07-19 23:15:00,11367.03
2025-07-19 23:30:00,11254.32
2025-07-19 23:45:00,11172.51
2025-07-20 00:00:00,11087.95
2025-07-20 00:15:00,10980.45
2025-07-20 00:30:00,10907.6
2025-07-20 00:45:00,10861.26
2025-07-20 01:00:00,10819.52
2025-07-20 01:15:00,10780.08
2025-07-20 01:30:00,10731.4
2025-07-20 01:45:00,10651.72
2025-07-20 02:00:00,10652.59
2025-07-20 02:15:00,10598.31
2025-07-20 02:30:00,10587.12
2025-07-20 02:45:00,10560.88
2025-07-20 03:00:00,10631.79
2025-07-20 03:15:00,10603.43
2025-07-20 03:30:00,10549.41
2025-07-20 03:45:00,10420.64
2025-07-20 04:00:00,10372.22
2025-07-20 04:15:00,10360.28
2025-07-20 04:30:00,10355.71
2025-07-20 04:45:00,10371.05
2025-07-20 05:00:00,10279.31
2025-07-20 05:15:00,10221.09
2025-07-20 05:30:00,10255.25
2025-07-20 05:45:00,10335.56
2025-07-20 06:00:00,10544.23
2025-07-20 06:15:00,10581.38
2025-07-20 06:30:00,10727.33
2025-07-20 06:45:00,10831.92
2025-07-20 07:00:00,10951.49
2025-07-20 07:15:00,10962.0
2025-07-20 07:30:00,11089.98
2025-07-20 07:45:00,11239.69
2025-07-20 08:00:00,11232.77
2025-07-20 08:15:00,11344.23
2025-07-20 08:30:00,11403.16
2025-07-20 08:45:00,11567.92
2025-07-20 09:00:00,11492.14
2025-07-20 09:15:00,11446.31
2025-07-20 09:30:00,11514.08
2025-07-20 09:45:00,11605.09
2025-07-20 10:00:00,11685.93
2025-07-20 10:15:00,11762.01
2025-07-20 10:30:00,11788.18
2025-07-20 10:45:00,11786.9
2025-07-20 11:00:00,11853.78
2025-07-20 11:15:00,11871.96
2025-07-20 11:30:00,11860.02
2025-07-20 11:45:00,11931.26
2025-07-20 12:00:00,12106.76
2025-07-20 12:15:00,12056.26
2025-07-20 12:30:00,12073.99
2025-07-20 12:45:00,12046.72
2025-07-20 13:00:00,12037.87
2025-07-20 13:15:00,12148.0
2025-07-20 13:30:00,12103.31
2025-07-20 13:45:00,12121.55
2025-07-20 14:00:00,12204.98
2025-07-20 14:15:00,12248.55
2025-07-20 14:30:00,12390.42
2025-07-20 14:45:00,12522.66
2025-07-20 15:00:00,12649.1
2025-07-20 15:15:00,12652.79
2025-07-20 15:30:00,12517.46
2025-07-20 15:45:00,12496.18
2025-07-20 16:00:00,12450.98
2025-07-20 16:15:00,12356.86
2025-07-20 16:30:00,12370.36
2025-07-20 16:45:00,12390.23
2025-07-20 17:00:00,12413.54
2025-07-20 17:15:00,12478.02
2025-07-20 17:30:00,12424.62
2025-07-20 17:45:00,12378.7
2025-07-20 18:00:00,12399.55
2025-07-20 18:15:00,12370.14
2025-07-20 18:30:00,12439.81
2025-07-20 18:45:00,12502.92
2025-07-20 19:00:00,12610.02
2025-07-20 19:15:00,12682.43
2025-07-20 19:30:00,12624.71
2025-07-20 19:45:00,12663.84
2025-07-20 20:00:00,12653.91
2025-07-20 20:15:00,12615.93
2025-07-20 20:30:00,12506.61
2025-07-20 20:45:00,12415.88
2025-07-20 21:00:00,12289.02
2025-07-20 21:15:00,12128.56
2025-07-20 21:30:00,11978.04
2025-07-20 21:45:00,11856.98
2025-07-20 22:00:00,11673.76
2025-07-20 22:15:00,11593.95
2025-07-20 22:30:00,11473.57
2025-07-20 22:45:00,11335.32
2025-07-20 23:00:00,11252.52
2025-07-20 23:15:00,11114.94
2025-07-20 23:30:00,11030.12
2025-07-20 23:45:00,10943.0
2025-07-21 00:00:00,10898.91
2025-07-21 00:15:00,10855.02
2025-07-21 00:30:00,10817.77
2025-07-21 00:45:00,10793.42
2025-07-21 01:00:00,10781.87
2025-07-21 01:15:00,10742.24
2025-07-21 01:30:00,10722.38
2025-07-21 01:45:00,10726.54
2025-07-21 02:00:00,10870.72
2025-07-21 02:15:00,10872.46
2025-07-21 02:30:00,10815.84
2025-07-21 02:45:00,10807.12
2025-07-21 03:00:00,10867.8
2025-07-21 03:15:00,10916.01
2025-07-21 03:30:00,10963.69
2025-07-21 03:45:00,11058.46
2025-07-21 04:00:00,11316.95
2025-07-21 04:15:00,11414.65
2025-07-21 04:30:00,11580.92
2025-07-21 04:45:00,11685.93
2025-07-21 05:00:00,11873.32
2025-07-21 05:15:00,12053.53
2025-07-21 05:30:00,12221.63
2025-07-21 05:45:00,12443.05
2025-07-21 06:00:00,12574.31
2025-07-21 06:15:00,12666.88
2025-07-21 06:30:00,12771.31
2025-07-21 06:45:00,13022.57
2025-07-21 07:00:00,12861.41
2025-07-21 07:15:00,12872.71
2025-07-21 07:30:00,12945.22
2025-07-21 07:45:00,13016.45
2025-07-21 08:00:00,13132.12
2025-07-21 08:15:00,13157.46
2025-07-21 08:30:00,13158.33
2025-07-21 08:45:00,13325.75
2025-07-21 09:00:00,13558.24
2025-07-21 09:15:00,13533.42
2025-07-21 09:30:00,13437.31
2025-07-21 09:45:00,13484.01
2025-07-21 10:00:00,13481.87
2025-07-21 10:15:00,13456.52
2025-07-21 10:30:00,13481.29
2025-07-21 10:45:00,13498.02
2025-07-21 11:00:00,13640.77
2025-07-21 11:15:00,13621.81
2025-07-21 11:30:00,13587.06
2025-07-21 11:45:00,13512.38
2025-07-21 12:00:00,13523.49
2025-07-21 12:15:00,13545.8
2025-07-21 12:30:00,13560.18
2025-07-21 12:45:00,13576.33
2025-07-21 13:00:00,13588.74
2025-07-21 13:15:00,13493.24
2025-07-21 13:30:00,13587.24
2025-07-21 13:45:00,13634.93
2025-07-21 14:00:00,13646.85
2025-07-21 14:15:00,13578.25
2025-07-21 14:30:00,13588.36
2025-07-21 14:45:00,13715.45
2025-07-21 15:00:00,13743.39
2025-07-21 15:15:00,13899.27
2025-07-21 15:30:00,13912.33
2025-07-21 15:45:00,13884.55
2025-07-21 16:00:00,13735.82
2025-07-21 16:15:00,13512.57
2025-07-21 16:30:00,13461.76
2025-07-21 16:45:00,13462.49
2025-07-21 17:00:00,13346.07
2025-07-21 17:15:00,13329.43
2025-07-21 17:30:00,13361.85
2025-07-21 17:45:00,13391.97
2025-07-21 18:00:00,13426.25
2025-07-21 18:15:00,13491.51
2025-07-21 18:30:00,13520.99
2025-07-21 18:45:00,13462.88
2025-07-21 19:00:00,13460.65
2025-07-21 19:15:00,13440.3
2025-07-21 19:30:00,13392.2
2025-07-21 19:45:00,13372.71
2025-07-21 20:00:00,13332.94
2025-07-21 20:15:00,13214.93
2025-07-21 20:30:00,13042.51
2025-07-21 20:45:00,12976.57
2025-07-21 21:00:00,12770.78
2025-07-21 21:15:00,12575.46
2025-07-21 21:30:00,12414.23
2025-07-21 21:45:00,12194.33
2025-07-21 22:00:00,11999.7
2025-07-21 22:15:00,11862.85
2025-07-21 22:30:00,11725.15
2025-07-21 22:45:00,11683.12
2025-07-21 23:00:00,11464.87
2025-07-21 23:15:00,11351.79
2025-07-21 23:30:00,11227.35
2025-07-21 23:45:00,11234.41
2025-07-22 00:00:00,11192.9
2025-07-22 00:15:00,11182.29
2025-07-22 00:30:00,11141.49
2025-07-22 00:45:00,11001.86
2025-07-22 01:00:00,10979.02
2025-07-22 01:15:00,10931.74
2025-07-22 01:30:00,10882.34
2025-07-22 01:45:00,10858.32
2025-07-22 02:00:00,10861.98
2025-07-22 02:15:00,10850.56
2025-07-22 02:30:00,10847.76
2025-07-22 02:45:00,10810.27
2025-07-22 03:00:00,10925.91
2025-07-22 03:15:00,10945.25
2025-07-22 03:30:00,11018.97
2025-07-22 03:45:00,11122.88
2025-07-22 04:00:00,11414.89
2025-07-22 04:15:00,11556.34
2025-07-22 04:30:00,11731.16
2025-07-22 04:45:00,11864.23
2025-07-22 05:00:00,12170.96
2025-07-22 05:15:00,12389.09
2025-07-22 05:30:00,12598.61
2025-07-22 05:45:00,12825.49
2025-07-22 06:00:00,12989.73
2025-07-22 06:15:00,13141.04
2025-07-22 06:30:00,13168.26
2025-07-22 06:45:00,13313.04
2025-07-22 07:00:00,13294.95
2025-07-22 07:15:00,13291.16
2025-07-22 07:30:00,13331.82
2025-07-22 07:45:00,13443.87
2025-07-22 08:00:00,13254.53
2025-07-22 08:15:00,13234.97
2025-07-22 08:30:00,13297.4
2025-07-22 08:45:00,13383.33
2025-07-22 09:00:00,13310.2
2025-07-22 09:15:00,13319.45
2025-07-22 09:30:00,13266.22
2025-07-22 09:45:00,13383.62
2025-07-22 10:00:00,13303.81
2025-07-22 10:15:00,13191.89
2025-07-22 10:30:00,13218.86
2025-07-22 10:45:00,13294.06
2025-07-22 11:00:00,13442.47
2025-07-22 11:15:00,13416.32
2025-07-22 11:30:00,13408.1
2025-07-22 11:45:00,13463.82
2025-07-22 12:00:00,13378.95
2025-07-22 12:15:00,13415.84
2025-07-22 12:30:00,13372.44
2025-07-22 12:45:00,13352.84
2025-07-22 13:00:00,13236.67
2025-07-22 13:15:00,13317.4
2025-07-22 13:30:00,13375.1
2025-07-22 13:45:00,13218.44
2025-07-22 14:00:00,13275.03
2025-07-22 14:15:00,13290.84
2025-07-22 14:30:00,13248.77
2025-07-22 14:45:00,13366.9
2025-07-22 15:00:00,13382.96
2025-07-22 15:15:00,13507.0
2025-07-22 15:30:00,13515.77
2025-07-22 15:45:00,13571.43
2025-07-22 16:00:00,13411.1
2025-07-22 16:15:00,13283.72
2025-07-22 16:30:00,13235.72
2025-07-22 16:45:00,13132.65
2025-07-22 17:00:00,13133.51
2025-07-22 17:15:00,13144.18
2025-07-22 17:30:00,13132.88
2025-07-22 17:45:00,13196.04
2025-07-22 18:00:00,13229.31
2025-07-22 18:15:00,13249.91
2025-07-22 18:30:00,13292.49
2025-07-22 18:45:00,13365.92
2025-07-22 19:00:00,13450.58
2025-07-22 19:15:00,13509.29
2025-07-22 19:30:00,13491.37
2025-07-22 19:45:00,13538.1
2025-07-22 20:00:00,13494.56
2025-07-22 20:15:00,13449.2
2025-07-22 20:30:00,13267.85
2025-07-22 20:45:00,13089.56
2025-07-22 21:00:00,12945.98
2025-07-22 21:15:00,12738.01
2025-07-22 21:30:00,12545.54
2025-07-22 21:45:00,12341.79
2025-07-22 22:00:00,12195.92
2025-07-22 22:15:00,12029.58
2025-07-22 22:30:00,11865.58
2025-07-22 22:45:00,11743.63
2025-07-22 23:00:00,11649.42
2025-07-22 23:15:00,11535.87
2025-07-22 23:30:00,11459.61
2025-07-22 23:45:00,11387.51
2025-07-23 00:00:00,11319.04
2025-07-23 00:15:00,11281.05
2025-07-23 00:30:00,11172.67
2025-07-23 00:45:00,11093.74
2025-07-23 01:00:00,11034.57
2025-07-23 01:15:00,11010.58
2025-07-23 01:30:00,10995.21
2025-07-23 01:45:00,10990.21
2025-07-23 02:00:00,10968.26
2025-07-23 02:15:00,10978.44
2025-07-23 02:30:00,10936.35
2025-07-23 02:45:00,10938.18
2025-07-23 03:00:00,11025.67
2025-07-23 03:15:00,11097.35
2025-07-23 03:30:00,11162.23
2025-07-23 03:45:00,11230.77
2025-07-23 04:00:00,11454.77
2025-07-23 04:15:00,11553.82
2025-07-23 04:30:00,11674.93
2025-07-23 04:45:00,11878.34
2025-07-23 05:00:00,12186.05
2025-07-23 05:15:00,12400.39
2025-07-23 05:30:00,12576.29
2025-07-23 05:45:00,12757.88
2025-07-23 06:00:00,12933.61
2025-07-23 06:15:00,13102.78
2025-07-23 06:30:00,13262.12
2025-07-23 06:45:00,13334.49
2025-07-23 07:00:00,13391.62
2025-07-23 07:15:00,13408.67
2025-07-23 07:30:00,13422.29
2025-07-23 07:45:00,13466.76
2025-07-23 08:00:00,13539.03
2025-07-23 08:15:00,13527.2
2025-07-23 08:30:00,13558.28
2025-07-23 08:45:00,13627.47
2025-07-23 09:00:00,13510.85
2025-07-23 09:15:00,13488.4
2025-07-23 09:30:00,13463.37
2025-07-23 09:45:00,13440.82
2025-07-23 10:00:00,13339.93
2025-07-23 10:15:00,13216.64
2025-07-23 10:30:00,13318.74
2025-07-23 10:45:00,13339.49
2025-07-23 11:00:00,13403.04
2025-07-23 11:15:00,13371.96
2025-07-23 11:30:00,13356.97
2025-07-23 11:45:00,13358.68
2025-07-23 12:00:00,13310.59
2025-07-23 12:15:00,13256.22
2025-07-23 12:30:00,13171.3
2025-07-23 12:45:00,13279.99
2025-07-23 13:00:00,13467.88
2025-07-23 13:15:00,13494.3
2025-07-23 13:30:00,13363.28
2025-07-23 13:45:00,13297.22
2025-07-23 14:00:00,13279.38
2025-07-23 14:15:00,13263.31
2025-07-23 14:30:00,13325.3
2025-07-23 14:45:00,13391.29
2025-07-23 15:00:00,13439.72
2025-07-23 15:15:00,13585.82
2025-07-23 15:30:00,13613.86
2025-07-23 15:45:00,13635.01
2025-07-23 16:00:00,13474.27
2025-07-23 16:15:00,13478.01
2025-07-23 16:30:00,13385.19
2025-07-23 16:45:00,13275.31
2025-07-23 17:00:00,13310.99
2025-07-23 17:15:00,13257.4
2025-07-23 17:30:00,13208.93
2025-07-23 17:45:00,13229.1
2025-07-23 18:00:00,13307.69
2025-07-23 18:15:00,13308.7
2025-07-23 18:30:00,13222.14
2025-07-23 18:45:00,13128.0
2025-07-23 19:00:00,13352.86
2025-07-23 19:15:00,13380.44
2025-07-23 19:30:00,13345.9
2025-07-23 19:45:00,13367.13
2025-07-23 20:00:00,13439.05
2025-07-23 20:15:00,13271.71
2025-07-23 20:30:00,13109.43
2025-07-23 20:45:00,12990.95
2025-07-23 21:00:00,12814.25
2025-07-23 21:15:00,12626.24
2025-07-23 21:30:00,12468.33
2025-07-23 21:45:00,12420.79
2025-07-23 22:00:00,12120.11
2025-07-23 22:15:00,11906.33
2025-07-23 22:30:00,11755.99
2025-07-23 22:45:00,11622.43
2025-07-23 23:00:00,11494.29
2025-07-23 23:15:00,11378.37
2025-07-23 23:30:00,11249.24
2025-07-23 23:45:00,11165.46
2025-07-24 00:00:00,11081.73
2025-07-24 00:15:00,11017.86
2025-07-24 00:30:00,10936.89
2025-07-24 00:45:00,10847.0
2025-07-24 01:00:00,10856.5
2025-07-24 01:15:00,10780.16
2025-07-24 01:30:00,10773.15
2025-07-24 01:45:00,10844.37
2025-07-24 02:00:00,10954.6
2025-07-24 02:15:00,10858.94
2025-07-24 02:30:00,10758.22
2025-07-24 02:45:00,10734.99
2025-07-24 03:00:00,10843.03
2025-07-24 03:15:00,10898.16
2025-07-24 03:30:00,10909.17
2025-07-24 03:45:00,10980.22
2025-07-24 04:00:00,11264.47
2025-07-24 04:15:00,11338.54
2025-07-24 04:30:00,11463.19
2025-07-24 04:45:00,11591.02
2025-07-24 05:00:00,11844.74
2025-07-24 05:15:00,12042.64
2025-07-24 05:30:00,12174.89
2025-07-24 05:45:00,12402.25
2025-07-24 06:00:00,12549.19
2025-07-24 06:15:00,12673.28
2025-07-24 06:30:00,12802.68
2025-07-24 06:45:00,12892.7
2025-07-24 07:00:00,12948.61
2025-07-24 07:15:00,13016.38
2025-07-24 07:30:00,12998.64
2025-07-24 07:45:00,13077.36
2025-07-24 08:00:00,13121.3
2025-07-24 08:15:00,13112.86
2025-07-24 08:30:00,13106.7
2025-07-24 08:45:00,13144.84
2025-07-24 09:00:00,13135.22
2025-07-24 09:15:00,13160.24
2025-07-24 09:30:00,13241.21
2025-07-24 09:45:00,13248.46
2025-07-24 10:00:00,13207.46
2025-07-24 10:15:00,13185.66
2025-07-24 10:30:00,13097.12
2025-07-24 10:45:00,13097.07
2025-07-24 11:00:00,13090.12
2025-07-24 11:15:00,13112.2
2025-07-24 11:30:00,13075.49
2025-07-24 11:45:00,13119.61
2025-07-24 12:00:00,13052.76
2025-07-24 12:15:00,13062.09
2025-07-24 12:30:00,12995.58
2025-07-24 12:45:00,13071.46
2025-07-24 13:00:00,13044.47
2025-07-24 13:15:00,13039.1
2025-07-24 13:30:00,13056.38
2025-07-24 13:45:00,13136.9
2025-07-24 14:00:00,13041.37
2025-07-24 14:15:00,13064.38
2025-07-24 14:30:00,13070.28
2025-07-24 14:45:00,13147.48
2025-07-24 15:00:00,13093.6
2025-07-24 15:15:00,13221.66
2025-07-24 15:30:00,13310.98
2025-07-24 15:45:00,13358.73
2025-07-24 16:00:00,13302.28
2025-07-24 16:15:00,13240.22
2025-07-24 16:30:00,13152.22
2025-07-24 16:45:00,13170.75
2025-07-24 17:00:00,13183.21
2025-07-24 17:15:00,13133.76
2025-07-24 17:30:00,13182.83
2025-07-24 17:45:00,13278.48
2025-07-24 18:00:00,13278.16
2025-07-24 18:15:00,13304.98
2025-07-24 18:30:00,13326.31
2025-07-24 18:45:00,13450.7
2025-07-24 19:00:00,13428.13
2025-07-24 19:15:00,13418.35
2025-07-24 19:30:00,13423.13
2025-07-24 19:45:00,13395.88
2025-07-24 20:00:00,13431.75
2025-07-24 20:15:00,13349.13
2025-07-24 20:30:00,13175.27
2025-07-24 20:45:00,13044.29
2025-07-24 21:00:00,12844.66
2025-07-24 21:15:00,12690.53
2025-07-24 21:30:00,12487.09
2025-07-24 21:45:00,12307.89
2025-07-24 22:00:00,12103.86
2025-07-24 22:15:00,11955.65
2025-07-24 22:30:00,11815.74
2025-07-24 22:45:00,11670.57
2025-07-24 23:00:00,11530.51
2025-07-24 23:15:00,11411.16
2025-07-24 23:30:00,11311.85
2025-07-24 23:45:00,11262.27
2025-07-25 00:00:00,11198.55
2025-07-25 00:15:00,11092.37
2025-07-25 00:30:00,11041.99
2025-07-25 00:45:00,11010.13
2025-07-25 01:00:00,11086.7
2025-07-25 01:15:00,11025.46
2025-07-25 01:30:00,10879.11
2025-07-25 01:45:00,10861.22
2025-07-25 02:00:00,10891.12
2025-07-25 02:15:00,10966.83
2025-07-25 02:30:00,10957.12
2025-07-25 02:45:00,10922.02
2025-07-25 03:00:00,10969.39
2025-07-25 03:15:00,11044.06
2025-07-25 03:30:00,11052.09
2025-07-25 03:45:00,11130.75
2025-07-25 04:00:00,11420.9
2025-07-25 04:15:00,11542.49
2025-07-25 04:30:00,11670.45
2025-07-25 04:45:00,11834.89
2025-07-25 05:00:00,12121.52
2025-07-25 05:15:00,12299.22
2025-07-25 05:30:00,12522.36
2025-07-25 05:45:00,12750.85
2025-07-25 06:00:00,12993.11
2025-07-25 06:15:00,13164.64
2025-07-25 06:30:00,13293.4
2025-07-25 06:45:00,13428.57
2025-07-25 07:00:00,13456.6
2025-07-25 07:15:00,13460.61
2025-07-25 07:30:00,13506.1
2025-07-25 07:45:00,13482.46
2025-07-25 08:00:00,13502.72
2025-07-25 08:15:00,13490.62
2025-07-25 08:30:00,13456.27
2025-07-25 08:45:00,13443.13
2025-07-25 09:00:00,13406.98
2025-07-25 09:15:00,13434.15
2025-07-25 09:30:00,13459.75
2025-07-25 09:45:00,13443.76
2025-07-25 10:00:00,13418.18
2025-07-25 10:15:00,13312.4
2025-07-25 10:30:00,13223.14
2025-07-25 10:45:00,13181.07
2025-07-25 11:00:00,13229.99
2025-07-25 11:15:00,13255.52
2025-07-25 11:30:00,13278.52
2025-07-25 11:45:00,13318.99
2025-07-25 12:00:00,13120.96
2025-07-25 12:15:00,13020.99
2025-07-25 12:30:00,12915.53
2025-07-25 12:45:00,12844.32
2025-07-25 13:00:00,12757.99
2025-07-25 13:15:00,12701.68
2025-07-25 13:30:00,12603.17
2025-07-25 13:45:00,12588.13
2025-07-25 14:00:00,12576.96
2025-07-25 14:15:00,12576.99
2025-07-25 14:30:00,12625.37
2025-07-25 14:45:00,12673.0
2025-07-25 15:00:00,12746.66
2025-07-25 15:15:00,12855.39
2025-07-25 15:30:00,12878.27
2025-07-25 15:45:00,12894.94
2025-07-25 16:00:00,12819.07
2025-07-25 16:15:00,12709.66
2025-07-25 16:30:00,12623.09
2025-07-25 16:45:00,12636.18
2025-07-25 17:00:00,12689.28
2025-07-25 17:15:00,12724.59
2025-07-25 17:30:00,12636.13
2025-07-25 17:45:00,12624.81
2025-07-25 18:00:00,12682.19
2025-07-25 18:15:00,12716.66
2025-07-25 18:30:00,12673.69
2025-07-25 18:45:00,12750.48
2025-07-25 19:00:00,12764.32
2025-07-25 19:15:00,12848.69
2025-07-25 19:30:00,12885.15
2025-07-25 19:45:00,12926.57
2025-07-25 20:00:00,12880.88
2025-07-25 20:15:00,12801.02
2025-07-25 20:30:00,12665.32
2025-07-25 20:45:00,12520.4
2025-07-25 21:00:00,12375.8
2025-07-25 21:15:00,12287.4
2025-07-25 21:30:00,12195.36
2025-07-25 21:45:00,12058.14
2025-07-25 22:00:00,11802.72
2025-07-25 22:15:00,11603.17
2025-07-25 22:30:00,11527.54
2025-07-25 22:45:00,11354.66
2025-07-25 23:00:00,11165.89
2025-07-25 23:15:00,11060.17
2025-07-25 23:30:00,10979.18
2025-07-25 23:45:00,10952.26
2025-07-26 00:00:00,10773.26
2025-07-26 00:15:00,10690.85
2025-07-26 00:30:00,10613.33
2025-07-26 00:45:00,10578.5
2025-07-26 01:00:00,10521.73
2025-07-26 01:15:00,10454.02
2025-07-26 01:30:00,10381.07
2025-07-26 01:45:00,10357.41
2025-07-26 02:00:00,10344.26
2025-07-26 02:15:00,10308.28
2025-07-26 02:30:00,10278.86
2025-07-26 02:45:00,10296.63
2025-07-26 03:00:00,10324.56
2025-07-26 03:15:00,10360.2
2025-07-26 03:30:00,10304.69
2025-07-26 03:45:00,10298.43
2025-07-26 04:00:00,10273.17
2025-07-26 04:15:00,10153.41
2025-07-26 04:30:00,10077.75
2025-07-26 04:45:00,10091.17
2025-07-26 05:00:00,10059.87
2025-07-26 05:15:00,10038.45
2025-07-26 05:30:00,10175.72
2025-07-26 05:45:00,10250.63
2025-07-26 06:00:00,10279.14
2025-07-26 06:15:00,10384.48
2025-07-26 06:30:00,10515.69
2025-07-26 06:45:00,10692.46
2025-07-26 07:00:00,10885.73
2025-07-26 07:15:00,10931.71
2025-07-26 07:30:00,10910.86
2025-07-26 07:45:00,11097.14
2025-07-26 08:00:00,11166.46
2025-07-26 08:15:00,11285.64
2025-07-26 08:30:00,11357.46
2025-07-26 08:45:00,11438.15
2025-07-26 09:00:00,11303.2
2025-07-26 09:15:00,11208.58
2025-07-26 09:30:00,11264.18
2025-07-26 09:45:00,11330.09
2025-07-26 10:00:00,11390.26
2025-07-26 10:15:00,11396.05
2025-07-26 10:30:00,11383.55
2025-07-26 10:45:00,11399.35
2025-07-26 11:00:00,11373.91
2025-07-26 11:15:00,11365.16
2025-07-26 11:30:00,11367.18
2025-07-26 11:45:00,11425.94
2025-07-26 12:00:00,11510.14
2025-07-26 12:15:00,11465.37
2025-07-26 12:30:00,11461.83
2025-07-26 12:45:00,11433.3
2025-07-26 13:00:00,11391.39
2025-07-26 13:15:00,11382.86
2025-07-26 13:30:00,11381.91
2025-07-26 13:45:00,11401.87
2025-07-26 14:00:00,11482.07
2025-07-26 14:15:00,11527.97
2025-07-26 14:30:00,11595.14
2025-07-26 14:45:00,11703.77
2025-07-26 15:00:00,11781.09
2025-07-26 15:15:00,11947.02
2025-07-26 15:30:00,12049.03
2025-07-26 15:45:00,12201.57
2025-07-26 16:00:00,12217.75
2025-07-26 16:15:00,12146.62
2025-07-26 16:30:00,12045.05
2025-07-26 16:45:00,12041.57
2025-07-26 17:00:00,12178.53
2025-07-26 17:15:00,12128.97
2025-07-26 17:30:00,12142.67
2025-07-26 17:45:00,12151.43
2025-07-26 18:00:00,12130.35
2025-07-26 18:15:00,12142.15
2025-07-26 18:30:00,12135.64
2025-07-26 18:45:00,12211.96
2025-07-26 19:00:00,12226.58
2025-07-26 19:15:00,12281.39
2025-07-26 19:30:00,12317.58
2025-07-26 19:45:00,12368.69
2025-07-26 20:00:00,12336.34
2025-07-26 20:15:00,12264.04
2025-07-26 20:30:00,12149.95
2025-07-26 20:45:00,12029.51
2025-07-26 21:00:00,11884.89
2025-07-26 21:15:00,11787.36
2025-07-26 21:30:00,11654.16
2025-07-26 21:45:00,11561.25
2025-07-26 22:00:00,11374.85
2025-07-26 22:15:00,11282.43
2025-07-26 22:30:00,11136.0
2025-07-26 22:45:00,11045.15
2025-07-26 23:00:00,10945.41
2025-07-26 23:15:00,10870.17
2025-07-26 23:30:00,10775.27
2025-07-26 23:45:00,10718.86
2025-07-27 00:00:00,10585.3
2025-07-27 00:15:00,10568.24
2025-07-27 00:30:00,10468.19
2025-07-27 00:45:00,10408.57
2025-07-27 01:00:00,10402.22
2025-07-27 01:15:00,10324.69
2025-07-27 01:30:00,10283.41
2025-07-27 01:45:00,10287.93
2025-07-27 02:00:00,10257.64
2025-07-27 02:15:00,10251.09
2025-07-27 02:30:00,10241.37
2025-07-27 02:45:00,10172.02
2025-07-27 03:00:00,10207.11
2025-07-27 03:15:00,10193.51
2025-07-27 03:30:00,10159.25
2025-07-27 03:45:00,10118.33
2025-07-27 04:00:00,10040.7
2025-07-27 04:15:00,9984.44
2025-07-27 04:30:00,9920.25
2025-07-27 04:45:00,9789.39
2025-07-27 05:00:00,9711.37
2025-07-27 05:15:00,9701.5
2025-07-27 05:30:00,9724.28
2025-07-27 05:45:00,9789.94
2025-07-27 06:00:00,9895.01
2025-07-27 06:15:00,10037.11
2025-07-27 06:30:00,10139.71
2025-07-27 06:45:00,10173.33
2025-07-27 07:00:00,10177.13
2025-07-27 07:15:00,10194.36
2025-07-27 07:30:00,10313.88
2025-07-27 07:45:00,10450.58
2025-07-27 08:00:00,10503.15
2025-07-27 08:15:00,10548.46
2025-07-27 08:30:00,10642.06
2025-07-27 08:45:00,10786.54
2025-07-27 09:00:00,10776.91
2025-07-27 09:15:00,10727.58
2025-07-27 09:30:00,10830.38
2025-07-27 09:45:00,10901.66
2025-07-27 10:00:00,10924.93
2025-07-27 10:15:00,10978.83
2025-07-27 10:30:00,11002.26
2025-07-27 10:45:00,11016.84
2025-07-27 11:00:00,11035.11
2025-07-27 11:15:00,11066.31
2025-07-27 11:30:00,11042.24
2025-07-27 11:45:00,11075.3
2025-07-27 12:00:00,11036.41
2025-07-27 12:15:00,11058.18
2025-07-27 12:30:00,11041.83
2025-07-27 12:45:00,11063.27
2025-07-27 13:00:00,11018.78
2025-07-27 13:15:00,10956.33
2025-07-27 13:30:00,10919.25
2025-07-27 13:45:00,10924.57
2025-07-27 14:00:00,10948.92
2025-07-27 14:15:00,11017.47
2025-07-27 14:30:00,11092.77
2025-07-27 14:45:00,11258.64
2025-07-27 15:00:00,11469.47
2025-07-27 15:15:00,11533.81
2025-07-27 15:30:00,11621.42
2025-07-27 15:45:00,11749.53
2025-07-27 16:00:00,11770.52
2025-07-27 16:15:00,11766.67
2025-07-27 16:30:00,11702.43
2025-07-27 16:45:00,11718.59
2025-07-27 17:00:00,11709.89
2025-07-27 17:15:00,11640.4
2025-07-27 17:30:00,11592.97
2025-07-27 17:45:00,11683.61
2025-07-27 18:00:00,11755.76
2025-07-27 18:15:00,11832.21
2025-07-27 18:30:00,11874.74
2025-07-27 18:45:00,11920.78
2025-07-27 19:00:00,12082.72
2025-07-27 19:15:00,12161.73
2025-07-27 19:30:00,12194.24
2025-07-27 19:45:00,12139.81
2025-07-27 20:00:00,12282.47
2025-07-27 20:15:00,12172.83
2025-07-27 20:30:00,12058.82
2025-07-27 20:45:00,11802.7
2025-07-27 21:00:00,11683.09
2025-07-27 21:15:00,11525.17
2025-07-27 21:30:00,11400.42
2025-07-27 21:45:00,11273.04
2025-07-27 22:00:00,11170.32
2025-07-27 22:15:00,11052.32
2025-07-27 22:30:00,10951.21
2025-07-27 22:45:00,10795.29
2025-07-27 23:00:00,10658.89
2025-07-27 23:15:00,10578.0
2025-07-27 23:30:00,10560.21
2025-07-27 23:45:00,10563.62
2025-07-28 00:00:00,10543.24
2025-07-28 00:15:00,10519.83
2025-07-28 00:30:00,10506.27
2025-07-28 00:45:00,10439.68
2025-07-28 01:00:00,10381.89
2025-07-28 01:15:00,10327.98
2025-07-28 01:30:00,10303.05
2025-07-28 01:45:00,10250.45
2025-07-28 02:00:00,10298.64
2025-07-28 02:15:00,10285.82
2025-07-28 02:30:00,10313.89
2025-07-28 02:45:00,10339.94
2025-07-28 03:00:00,10467.86
2025-07-28 03:15:00,10555.85
2025-07-28 03:30:00,10621.61
2025-07-28 03:45:00,10744.35
2025-07-28 04:00:00,10947.02
2025-07-28 04:15:00,11008.54
2025-07-28 04:30:00,11099.69
2025-07-28 04:45:00,11170.05
2025-07-28 05:00:00,11419.62
2025-07-28 05:15:00,11538.03
2025-07-28 05:30:00,11652.54
2025-07-28 05:45:00,11856.29
2025-07-28 06:00:00,11994.85
2025-07-28 06:15:00,12139.8
2025-07-28 06:30:00,12263.64
2025-07-28 06:45:00,12430.14
2025-07-28 07:00:00,12410.72
2025-07-28 07:15:00,12521.36
2025-07-28 07:30:00,12537.7
2025-07-28 07:45:00,12608.12
2025-07-28 08:00:00,12611.57
2025-07-28 08:15:00,12576.68
2025-07-28 08:30:00,12654.49
2025-07-28 08:45:00,12630.38
2025-07-28 09:00:00,12730.78
2025-07-28 09:15:00,12717.78
2025-07-28 09:30:00,12766.52
2025-07-28 09:45:00,12760.34
2025-07-28 10:00:00,12693.32
2025-07-28 10:15:00,12556.5
2025-07-28 10:30:00,12474.65
2025-07-28 10:45:00,12458.35
2025-07-28 11:00:00,12558.67
2025-07-28 11:15:00,12613.45
2025-07-28 11:30:00,12530.77
2025-07-28 11:45:00,12559.75
2025-07-28 12:00:00,12526.04
2025-07-28 12:15:00,12587.11
2025-07-28 12:30:00,12498.03
2025-07-28 12:45:00,12528.74
2025-07-28 13:00:00,12496.43
2025-07-28 13:15:00,12482.56
2025-07-28 13:30:00,12447.68
2025-07-28 13:45:00,12532.87
2025-07-28 14:00:00,12505.12
2025-07-28 14:15:00,12574.75
2025-07-28 14:30:00,12563.54
2025-07-28 14:45:00,12635.02
2025-07-28 15:00:00,12702.48
2025-07-28 15:15:00,12780.8
2025-07-28 15:30:00,12898.64
2025-07-28 15:45:00,12985.9
2025-07-28 16:00:00,12860.91
2025-07-28 16:15:00,12748.56
2025-07-28 16:30:00,12675.31
2025-07-28 16:45:00,12585.62
2025-07-28 17:00:00,12580.86
2025-07-28 17:15:00,12581.16
2025-07-28 17:30:00,12556.31
2025-07-28 17:45:00,12631.33
2025-07-28 18:00:00,12669.5
2025-07-28 18:15:00,12701.89
2025-07-28 18:30:00,12755.99
2025-07-28 18:45:00,12873.6
2025-07-28 19:00:00,12930.16
2025-07-28 19:15:00,12971.78
2025-07-28 19:30:00,12959.05
2025-07-28 19:45:00,12967.58
2025-07-28 20:00:00,12904.59
2025-07-28 20:15:00,12797.99
2025-07-28 20:30:00,12633.22
2025-07-28 20:45:00,12510.51
2025-07-28 21:00:00,12355.29
2025-07-28 21:15:00,12152.86
2025-07-28 21:30:00,12012.52
2025-07-28 21:45:00,11842.03
2025-07-28 22:00:00,11725.9
2025-07-28 22:15:00,11618.87
2025-07-28 22:30:00,11503.07
2025-07-28 22:45:00,11352.95
2025-07-28 23:00:00,11189.94
2025-07-28 23:15:00,11091.02
2025-07-28 23:30:00,10964.96
2025-07-28 23:45:00,10855.69
2025-07-29 00:00:00,10795.06
2025-07-29 00:15:00,10735.17
2025-07-29 00:30:00,10662.16
2025-07-29 00:45:00,10620.5
2025-07-29 01:00:00,10605.89
2025-07-29 01:15:00,10617.26
2025-07-29 01:30:00,10598.87
2025-07-29 01:45:00,10552.62
2025-07-29 02:00:00,10543.85
2025-07-29 02:15:00,10498.34
2025-07-29 02:30:00,10496.33
2025-07-29 02:45:00,10483.66
2025-07-29 03:00:00,10614.54
2025-07-29 03:15:00,10688.6
2025-07-29 03:30:00,10810.69
2025-07-29 03:45:00,10886.33
2025-07-29 04:00:00,11132.39
2025-07-29 04:15:00,11231.88
2025-07-29 04:30:00,11298.27
2025-07-29 04:45:00,11361.14
2025-07-29 05:00:00,11581.19
2025-07-29 05:15:00,11667.17
2025-07-29 05:30:00,11848.46
2025-07-29 05:45:00,12020.66
2025-07-29 06:00:00,12139.18
2025-07-29 06:15:00,12295.21
2025-07-29 06:30:00,12400.1
2025-07-29 06:45:00,12489.3
2025-07-29 07:00:00,12563.61
2025-07-29 07:15:00,12554.56
2025-07-29 07:30:00,12574.7
2025-07-29 07:45:00,12675.29
2025-07-29 08:00:00,12622.74
2025-07-29 08:15:00,12589.35
2025-07-29 08:30:00,12594.6
2025-07-29 08:45:00,12694.83
2025-07-29 09:00:00,12673.26
2025-07-29 09:15:00,12615.62
2025-07-29 09:30:00,12567.36
2025-07-29 09:45:00,12667.1
2025-07-29 10:00:00,12693.35
2025-07-29 10:15:00,12676.73
2025-07-29 10:30:00,12653.65
2025-07-29 10:45:00,12605.89
2025-07-29 11:00:00,12597.3
2025-07-29 11:15:00,12596.11
2025-07-29 11:30:00,12577.75
2025-07-29 11:45:00,12620.28
2025-07-29 12:00:00,12629.93
2025-07-29 12:15:00,12570.59
2025-07-29 12:30:00,12550.12
2025-07-29 12:45:00,12494.78
2025-07-29 13:00:00,12464.58
2025-07-29 13:15:00,12452.41
2025-07-29 13:30:00,12516.58
2025-07-29 13:45:00,12515.68
2025-07-29 14:00:00,12478.97
2025-07-29 14:15:00,12468.58
2025-07-29 14:30:00,12471.34
2025-07-29 14:45:00,12590.16
2025-07-29 15:00:00,12733.2
2025-07-29 15:15:00,12834.37
2025-07-29 15:30:00,12883.98
2025-07-29 15:45:00,12943.95
2025-07-29 16:00:00,12908.52
2025-07-29 16:15:00,12774.3
2025-07-29 16:30:00,12734.37
2025-07-29 16:45:00,12760.08
2025-07-29 17:00:00,12692.56
2025-07-29 17:15:00,12691.63
2025-07-29 17:30:00,12677.18
2025-07-29 17:45:00,12677.44
2025-07-29 18:00:00,12755.75
2025-07-29 18:15:00,12740.33
2025-07-29 18:30:00,12826.34
2025-07-29 18:45:00,12926.7
2025-07-29 19:00:00,13002.24
2025-07-29 19:15:00,12990.1
2025-07-29 19:30:00,13013.5
2025-07-29 19:45:00,12994.57
2025-07-29 20:00:00,12878.69
2025-07-29 20:15:00,12719.87
2025-07-29 20:30:00,12590.56
2025-07-29 20:45:00,12442.25
2025-07-29 21:00:00,12315.24
2025-07-29 21:15:00,12093.54
2025-07-29 21:30:00,11937.26
2025-07-29 21:45:00,11810.48
2025-07-29 22:00:00,11681.69
2025-07-29 22:15:00,11505.2
2025-07-29 22:30:00,11394.02
2025-07-29 22:45:00,11289.51
2025-07-29 23:00:00,11160.59
2025-07-29 23:15:00,11093.28
2025-07-29 23:30:00,10972.48
2025-07-29 23:45:00,10883.38
2025-07-30 00:00:00,10855.92
2025-07-30 00:15:00,10886.82
2025-07-30 00:30:00,10799.55
2025-07-30 00:45:00,10783.23
2025-07-30 01:00:00,10776.03
2025-07-30 01:15:00,10725.67
2025-07-30 01:30:00,10702.42
2025-07-30 01:45:00,10707.54
2025-07-30 02:00:00,10681.64
2025-07-30 02:15:00,10619.53
2025-07-30 02:30:00,10589.86
2025-07-30 02:45:00,10597.71
2025-07-30 03:00:00,10694.91
2025-07-30 03:15:00,10759.1
2025-07-30 03:30:00,10820.38
2025-07-30 03:45:00,10891.52
2025-07-30 04:00:00,11081.37
2025-07-30 04:15:00,11154.42
2025-07-30 04:30:00,11192.98
2025-07-30 04:45:00,11295.66
2025-07-30 05:00:00,11551.79
2025-07-30 05:15:00,11687.46
2025-07-30 05:30:00,11802.12
2025-07-30 05:45:00,11899.9
2025-07-30 06:00:00,12035.54
2025-07-30 06:15:00,12178.03
2025-07-30 06:30:00,12380.9
2025-07-30 06:45:00,12452.37
2025-07-30 07:00:00,12686.33
2025-07-30 07:15:00,12667.77
2025-07-30 07:30:00,12589.08
2025-07-30 07:45:00,12548.65
2025-07-30 08:00:00,12590.11
2025-07-30 08:15:00,12605.45
2025-07-30 08:30:00,12621.35
2025-07-30 08:45:00,12694.88
2025-07-30 09:00:00,12674.36
2025-07-30 09:15:00,12804.14
2025-07-30 09:30:00,12788.57
2025-07-30 09:45:00,12758.58
2025-07-30 10:00:00,12703.32
2025-07-30 10:15:00,12720.53
2025-07-30 10:30:00,12643.29
2025-07-30 10:45:00,12600.26
2025-07-30 11:00:00,3511.19
2025-07-30 11:15:00,3262.38
2025-07-30 11:30:00,3028.98
2025-07-30 11:45:00,2965.32
2025-07-30 12:00:00,3019.49
2025-07-30 12:15:00,2995.29
2025-07-30 12:30:00,2942.16
2025-07-30 12:45:00,2865.66
2025-07-30 13:00:00,2849.15
2025-07-30 13:15:00,3145.18
2025-07-30 13:30:00,3489.02
2025-07-30 13:45:00,3718.83
2025-07-30 14:00:00,3746.63
2025-07-30 14:15:00,3745.98
2025-07-30 14:30:00,3807.56
2025-07-30 14:45:00,3951.55
2025-07-30 15:00:00,4156.04
2025-07-30 15:15:00,4533.66
2025-07-30 15:30:00,4909.1
2025-07-30 15:45:00,5438.1
2025-07-30 16:00:00,5826.45
2025-07-30 16:15:00,6097.83
2025-07-30 16:30:00,6553.7
2025-07-30 16:45:00,7070.98
2025-07-30 17:00:00,7600.2
2025-07-30 17:15:00,8290.42
2025-07-30 17:30:00,8873.05
2025-07-30 17:45:00,9225.58
2025-07-30 18:00:00,9620.57
2025-07-30 18:15:00,10044.2
2025-07-30 18:30:00,10201.23
2025-07-30 18:45:00,10392.81
2025-07-30 19:00:00,10568.11
2025-07-30 19:15:00,10609.07
2025-07-30 19:30:00,10722.3
2025-07-30 19:45:00,10859.41
2025-07-30 20:00:00,10920.02
2025-07-30 20:15:00,10857.2
2025-07-30 20:30:00,10870.17
2025-07-30 20:45:00,10816.95
2025-07-30 21:00:00,10737.02
2025-07-30 21:15:00,10669.67
2025-07-30 21:30:00,10442.61
2025-07-30 21:45:00,10249.38
2025-07-30 22:00:00,10194.12
2025-07-30 22:15:00,10233.5
2025-07-30 22:30:00,10182.05
2025-07-30 22:45:00,10050.63
2025-07-30 23:00:00,9941.57
2025-07-30 23:15:00,9891.54
2025-07-30 23:30:00,9849.61
2025-07-30 23:45:00,9820.6
2025-07-31 00:00:00,9767.5
2025-07-31 00:15:00,9706.0
2025-07-31 00:30:00,9656.49
2025-07-31 00:45:00,9580.56
2025-07-31 01:00:00,9602.41
2025-07-31 01:15:00,9688.73
2025-07-31 01:30:00,9740.09
2025-07-31 01:45:00,9727.13
2025-07-31 02:00:00,9671.12
2025-07-31 02:15:00,9562.32
2025-07-31 02:30:00,9529.22
2025-07-31 02:45:00,9549.55
2025-07-31 03:00:00,9623.05
2025-07-31 03:15:00,9826.69
2025-07-31 03:30:00,9879.25
2025-07-31 03:45:00,9921.43
2025-07-31 04:00:00,9851.22
2025-07-31 04:15:00,9815.16
2025-07-31 04:30:00,9822.87
2025-07-31 04:45:00,9913.0
2025-07-31 05:00:00,9944.25
2025-07-31 05:15:00,9886.29
2025-07-31 05:30:00,9766.98
2025-07-31 05:45:00,9670.1
2025-07-31 06:00:00,9534.44
2025-07-31 06:15:00,9300.65
2025-07-31 06:30:00,9111.05
2025-07-31 06:45:00,8803.32
2025-07-31 07:00:00,8518.38
2025-07-31 07:15:00,8325.95
2025-07-31 07:30:00,7964.24
2025-07-31 07:45:00,7569.79
2025-07-31 08:00:00,7241.73
2025-07-31 08:15:00,6974.78
2025-07-31 08:30:00,6607.44
2025-07-31 08:45:00,6337.47
2025-07-31 09:00:00,6311.33
2025-07-31 09:15:00,5827.49
2025-07-31 09:30:00,5588.84
2025-07-31 09:45:00,5483.32
2025-07-31 10:00:00,5291.26
2025-07-31 10:15:00,5052.1
2025-07-31 10:30:00,4964.33
2025-07-31 10:45:00,4910.69
2025-07-31 11:00:00,4947.07
2025-07-31 11:15:00,5121.73
2025-07-31 11:30:00,5237.09
2025-07-31 11:45:00,5468.06
2025-07-31 12:00:00,5786.43
2025-07-31 12:15:00,6151.37
2025-07-31 12:30:00,6348.26
2025-07-31 12:45:00,6525.7
2025-07-31 13:00:00,6685.22
2025-07-31 13:15:00,7037.01
2025-07-31 13:30:00,7253.81
2025-07-31 13:45:00,7483.19
2025-07-31 14:00:00,7782.76
2025-07-31 14:15:00,8191.73
2025-07-31 14:30:00,8244.78
2025-07-31 14:45:00,8235.16
2025-07-31 15:00:00,8288.96
2025-07-31 15:15:00,8602.71
2025-07-31 15:30:00,8994.79
2025-07-31 15:45:00,9176.29
2025-07-31 16:00:00,9196.21
2025-07-31 16:15:00,9198.0
2025-07-31 16:30:00,9417.41
2025-07-31 16:45:00,9535.08
2025-07-31 17:00:00,9616.28
2025-07-31 17:15:00,9839.32
2025-07-31 17:30:00,10037.57
2025-07-31 17:45:00,10215.94
2025-07-31 18:00:00,10422.38
2025-07-31 18:15:00,10577.94
2025-07-31 18:30:00,10724.35
2025-07-31 18:45:00,10847.16
2025-07-31 19:00:00,10948.76
2025-07-31 19:15:00,10936.45
2025-07-31 19:30:00,10976.44
2025-07-31 19:45:00,11047.33
2025-07-31 20:00:00,11113.96
2025-07-31 20:15:00,11091.6
2025-07-31 20:30:00,11052.9
2025-07-31 20:45:00,11035.19
2025-07-31 21:00:00,11064.61
2025-07-31 21:15:00,11108.88
2025-07-31 21:30:00,11130.3
2025-07-31 21:45:00,11031.92
2025-07-31 22:00:00,10870.49
2025-07-31 22:15:00,10724.25
2025-07-31 22:30:00,10630.78
2025-07-31 22:45:00,10589.16
2025-07-31 23:00:00,10603.43
2025-07-31 23:15:00,10660.1
2025-07-31 23:30:00,10666.98
2025-07-31 23:45:00,10627.73
2025-08-01 00:00:00,10595.94
2025-08-01 00:15:00,10611.21
2025-08-01 00:30:00,10569.51
2025-08-01 00:45:00,10529.95
2025-08-01 01:00:00,10480.99
2025-08-01 01:15:00,10447.95
2025-08-01 01:30:00,10434.11
2025-08-01 01:45:00,10433.33
2025-08-01 02:00:00,10394.77
2025-08-01 02:15:00,10343.07
2025-08-01 02:30:00,10330.97
2025-08-01 02:45:00,10291.32
2025-08-01 03:00:00,10293.08
2025-08-01 03:15:00,10330.88
2025-08-01 03:30:00,10378.08
2025-08-01 03:45:00,10412.24
2025-08-01 04:00:00,10362.08
2025-08-01 04:15:00,10275.2
2025-08-01 04:30:00,10258.95
2025-08-01 04:45:00,10206.8
2025-08-01 05:00:00,10182.71
2025-08-01 05:15:00,10199.41
2025-08-01 05:30:00,10116.62
2025-08-01 05:45:00,9953.42
2025-08-01 06:00:00,9775.4
2025-08-01 06:15:00,9597.94
2025-08-01 06:30:00,9384.94
2025-08-01 06:45:00,9215.25
2025-08-01 07:00:00,9001.12
2025-08-01 07:15:00,8758.85
2025-08-01 07:30:00,8573.97
2025-08-01 07:45:00,8380.36
2025-08-01 08:00:00,8162.72
2025-08-01 08:15:00,7595.38
2025-08-01 08:30:00,7048.88
2025-08-01 08:45:00,6880.62
2025-08-01 09:00:00,6651.3
2025-08-01 09:15:00,6210.71
2025-08-01 09:30:00,6033.19
2025-08-01 09:45:00,5453.36
2025-08-01 10:00:00,5146.63
2025-08-01 10:15:00,4958.27
2025-08-01 10:30:00,4864.72
2025-08-01 10:45:00,4889.36
2025-08-01 11:00:00,4953.31
2025-08-01 11:15:00,4759.44
2025-08-01 11:30:00,4530.51
2025-08-01 11:45:00,4489.5
2025-08-01 12:00:00,4453.36
2025-08-01 12:15:00,4367.48
2025-08-01 12:30:00,4421.45
2025-08-01 12:45:00,4358.51
2025-08-01 13:00:00,4364.06
2025-08-01 13:15:00,4640.47
2025-08-01 13:30:00,4868.38
2025-08-01 13:45:00,5089.13
2025-08-01 14:00:00,4890.52
2025-08-01 14:15:00,5016.59
2025-08-01 14:30:00,5146.15
2025-08-01 14:45:00,4999.12
2025-08-01 15:00:00,5298.2
2025-08-01 15:15:00,5711.91
2025-08-01 15:30:00,5810.16
2025-08-01 15:45:00,5977.7
2025-08-01 16:00:00,6355.0
2025-08-01 16:15:00,6637.85
2025-08-01 16:30:00,6920.24
2025-08-01 16:45:00,7306.53
2025-08-01 17:00:00,7467.65
2025-08-01 17:15:00,7690.7
2025-08-01 17:30:00,8120.67
2025-08-01 17:45:00,8536.47
2025-08-01 18:00:00,8859.77
2025-08-01 18:15:00,9060.54
2025-08-01 18:30:00,9249.01
2025-08-01 18:45:00,9448.35
2025-08-01 19:00:00,9514.46
2025-08-01 19:15:00,9477.71
2025-08-01 19:30:00,9557.77
2025-08-01 19:45:00,9626.08
2025-08-01 20:00:00,9685.78
2025-08-01 20:15:00,9707.49
2025-08-01 20:30:00,9700.53
2025-08-01 20:45:00,9686.27
2025-08-01 21:00:00,9796.24
2025-08-01 21:15:00,10000.3
2025-08-01 21:30:00,10045.82
2025-08-01 21:45:00,9941.27
2025-08-01 22:00:00,9859.93
2025-08-01 22:15:00,9908.62
2025-08-01 22:30:00,9887.7
2025-08-01 22:45:00,9881.76
2025-08-01 23:00:00,9827.94
2025-08-01 23:15:00,9784.78
2025-08-01 23:30:00,9749.79
2025-08-01 23:45:00,9685.03
2025-08-02 00:00:00,9618.62
2025-08-02 00:15:00,9556.36
2025-08-02 00:30:00,9532.44
2025-08-02 00:45:00,9493.46
2025-08-02 01:00:00,9471.72
2025-08-02 01:15:00,9441.91
2025-08-02 01:30:00,9373.99
2025-08-02 01:45:00,9314.58
2025-08-02 02:00:00,9237.81
2025-08-02 02:15:00,9226.05
2025-08-02 02:30:00,9195.56
2025-08-02 02:45:00,9193.47
2025-08-02 03:00:00,9148.75
2025-08-02 03:15:00,9096.58
2025-08-02 03:30:00,9158.35
2025-08-02 03:45:00,9263.4
2025-08-02 04:00:00,9254.58
2025-08-02 04:15:00,9172.74
2025-08-02 04:30:00,9156.93
2025-08-02 04:45:00,9062.48
2025-08-02 05:00:00,8929.31
2025-08-02 05:15:00,8767.36
2025-08-02 05:30:00,8617.18
2025-08-02 05:45:00,8501.77
2025-08-02 06:00:00,8354.27
2025-08-02 06:15:00,8193.13
2025-08-02 06:30:00,8108.09
2025-08-02 06:45:00,8061.65
2025-08-02 07:00:00,8019.66
2025-08-02 07:15:00,7760.35
2025-08-02 07:30:00,7529.07
2025-08-02 07:45:00,7287.99
2025-08-02 08:00:00,6919.16
2025-08-02 08:15:00,6451.24
2025-08-02 08:30:00,6072.85
2025-08-02 08:45:00,5854.67
2025-08-02 09:00:00,5538.63
2025-08-02 09:15:00,5067.37
2025-08-02 09:30:00,4722.53
2025-08-02 09:45:00,4635.77
2025-08-02 10:00:00,4486.24
2025-08-02 10:15:00,4135.24
2025-08-02 10:30:00,3964.75
2025-08-02 10:45:00,3724.86
2025-08-02 11:00:00,3484.35
2025-08-02 11:15:00,3299.12
2025-08-02 11:30:00,3122.35
2025-08-02 11:45:00,3139.12
2025-08-02 12:00:00,3227.95
2025-08-02 12:15:00,3142.76
2025-08-02 12:30:00,3052.66
2025-08-02 12:45:00,2954.85
2025-08-02 13:00:00,2980.8
2025-08-02 13:15:00,3308.61
2025-08-02 13:30:00,3743.34
2025-08-02 13:45:00,4088.81
2025-08-02 14:00:00,4310.05
2025-08-02 14:15:00,4546.38
2025-08-02 14:30:00,4804.22
2025-08-02 14:45:00,5151.78
2025-08-02 15:00:00,5659.33
2025-08-02 15:15:00,6174.59
2025-08-02 15:30:00,6480.02
2025-08-02 15:45:00,6671.58
2025-08-02 16:00:00,7023.92
2025-08-02 16:15:00,7238.15
2025-08-02 16:30:00,7311.49
2025-08-02 16:45:00,7425.39
2025-08-02 17:00:00,7548.56
2025-08-02 17:15:00,7736.66
2025-08-02 17:30:00,8034.54
2025-08-02 17:45:00,8312.21
2025-08-02 18:00:00,8549.3
2025-08-02 18:15:00,8833.98
2025-08-02 18:30:00,8982.28
2025-08-02 18:45:00,9067.57
2025-08-02 19:00:00,9209.38
2025-08-02 19:15:00,9455.48
2025-08-02 19:30:00,9516.65
2025-08-02 19:45:00,9552.17
2025-08-02 20:00:00,9681.54
2025-08-02 20:15:00,9815.42
2025-08-02 20:30:00,9913.47
2025-08-02 20:45:00,9932.72
2025-08-02 21:00:00,9919.4
2025-08-02 21:15:00,9907.97
2025-08-02 21:30:00,9894.38
2025-08-02 21:45:00,9834.53
2025-08-02 22:00:00,9811.94
2025-08-02 22:15:00,9919.88
2025-08-02 22:30:00,9854.64
2025-08-02 22:45:00,9726.65
2025-08-02 23:00:00,9593.91
2025-08-02 23:15:00,9380.14
2025-08-02 23:30:00,9236.5
2025-08-02 23:45:00,9078.47
2025-08-03 00:00:00,8988.63
2025-08-03 00:15:00,8934.29
2025-08-03 00:30:00,8863.39
2025-08-03 00:45:00,8852.42
2025-08-03 01:00:00,8799.93
2025-08-03 01:15:00,8773.32
2025-08-03 01:30:00,8776.19
2025-08-03 01:45:00,8732.94
2025-08-03 02:00:00,8666.02
2025-08-03 02:15:00,8690.96
2025-08-03 02:30:00,8691.44
2025-08-03 02:45:00,8695.46
2025-08-03 03:00:00,8773.36
2025-08-03 03:15:00,8879.22
2025-08-03 03:30:00,8928.54
2025-08-03 03:45:00,8981.62
2025-08-03 04:00:00,8953.87
2025-08-03 04:15:00,8959.49
2025-08-03 04:30:00,8905.2
2025-08-03 04:45:00,8761.31
2025-08-03 05:00:00,8607.53
2025-08-03 05:15:00,8409.65
2025-08-03 05:30:00,8201.04
2025-08-03 05:45:00,7956.0
2025-08-03 06:00:00,7574.42
2025-08-03 06:15:00,7059.0
2025-08-03 06:30:00,6504.65
2025-08-03 06:45:00,6041.03
2025-08-03 07:00:00,5610.83
2025-08-03 07:15:00,4967.58
2025-08-03 07:30:00,4418.57
2025-08-03 07:45:00,3972.63
2025-08-03 08:00:00,3649.02
2025-08-03 08:15:00,3127.45
2025-08-03 08:30:00,2481.66
2025-08-03 08:45:00,2075.59
2025-08-03 09:00:00,1885.01
2025-08-03 09:15:00,1760.33
2025-08-03 09:30:00,1692.7
2025-08-03 09:45:00,1688.53
2025-08-03 10:00:00,1735.48
2025-08-03 10:15:00,1664.04
2025-08-03 10:30:00,1622.52
2025-08-03 10:45:00,1602.39
2025-08-03 11:00:00,1715.9
2025-08-03 11:15:00,1626.55
2025-08-03 11:30:00,1651.64
2025-08-03 11:45:00,1756.49
2025-08-03 12:00:00,1813.02
2025-08-03 12:15:00,1710.8
2025-08-03 12:30:00,1752.89
2025-08-03 12:45:00,2015.69
2025-08-03 13:00:00,2211.22
2025-08-03 13:15:00,2248.26
2025-08-03 13:30:00,2373.25
2025-08-03 13:45:00,2665.42
2025-08-03 14:00:00,2887.03
2025-08-03 14:15:00,3404.55
2025-08-03 14:30:00,3951.08
2025-08-03 14:45:00,4317.1
2025-08-03 15:00:00,4691.01
2025-08-03 15:15:00,4872.34
2025-08-03 15:30:00,4784.55
2025-08-03 15:45:00,5008.33
2025-08-03 16:00:00,5909.32
2025-08-03 16:15:00,6771.61
2025-08-03 16:30:00,7403.9
2025-08-03 16:45:00,7916.64
2025-08-03 17:00:00,8382.36
2025-08-03 17:15:00,8607.96
2025-08-03 17:30:00,8651.56
2025-08-03 17:45:00,8686.82
2025-08-03 18:00:00,8782.34
2025-08-03 18:15:00,8892.49
2025-08-03 18:30:00,8939.18
2025-08-03 18:45:00,9028.66
2025-08-03 19:00:00,9109.05
2025-08-03 19:15:00,9266.16
2025-08-03 19:30:00,9401.66
2025-08-03 19:45:00,9465.43
2025-08-03 20:00:00,9442.4
2025-08-03 20:15:00,9416.37
2025-08-03 20:30:00,9403.74
2025-08-03 20:45:00,9341.93
2025-08-03 21:00:00,9297.72
2025-08-03 21:15:00,9266.7
2025-08-03 21:30:00,9226.41
2025-08-03 21:45:00,9164.98
2025-08-03 22:00:00,9181.76
2025-08-03 22:15:00,9325.29
2025-08-03 22:30:00,9354.52
2025-08-03 22:45:00,9339.06
2025-08-03 23:00:00,9301.63
2025-08-03 23:15:00,9252.44
2025-08-03 23:30:00,9194.15
2025-08-03 23:45:00,9198.27
2025-08-04 00:00:00,9225.46
2025-08-04 00:15:00,9305.7
2025-08-04 00:30:00,9302.78
2025-08-04 00:45:00,9287.96
2025-08-04 01:00:00,9246.17
2025-08-04 01:15:00,9210.08
2025-08-04 01:30:00,9207.14
2025-08-04 01:45:00,9190.74
2025-08-04 02:00:00,9210.15
2025-08-04 02:15:00,9271.4
2025-08-04 02:30:00,9332.0
2025-08-04 02:45:00,9306.21
2025-08-04 03:00:00,9334.43
2025-08-04 03:15:00,9485.0
2025-08-04 03:30:00,9597.45
2025-08-04 03:45:00,9662.67
2025-08-04 04:00:00,9692.01
2025-08-04 04:15:00,9756.98
2025-08-04 04:30:00,9718.75
2025-08-04 04:45:00,9630.88
2025-08-04 05:00:00,9526.88
2025-08-04 05:15:00,9426.3
2025-08-04 05:30:00,9338.42
2025-08-04 05:45:00,9208.39
2025-08-04 06:00:00,9043.16
2025-08-04 06:15:00,8727.46
2025-08-04 06:30:00,8381.63
2025-08-04 06:45:00,8081.83
2025-08-04 07:00:00,7759.16
2025-08-04 07:15:00,7463.07
2025-08-04 07:30:00,7148.53
2025-08-04 07:45:00,6976.19
2025-08-04 08:00:00,6857.22
2025-08-04 08:15:00,6448.98
2025-08-04 08:30:00,6146.78
2025-08-04 08:45:00,6088.22
2025-08-04 09:00:00,5752.01
2025-08-04 09:15:00,5252.86
2025-08-04 09:30:00,5076.03
2025-08-04 09:45:00,5097.42
2025-08-04 10:00:00,5199.51
2025-08-04 10:15:00,4869.68
2025-08-04 10:30:00,4700.29
2025-08-04 10:45:00,4658.23
2025-08-04 11:00:00,4520.98
2025-08-04 11:15:00,4546.73
2025-08-04 11:30:00,4843.01
2025-08-04 11:45:00,4609.28
2025-08-04 12:00:00,4594.34
2025-08-04 12:15:00,4648.71
2025-08-04 12:30:00,4679.29
2025-08-04 12:45:00,4889.69
2025-08-04 13:00:00,5115.66
2025-08-04 13:15:00,5225.24
2025-08-04 13:30:00,5373.65
2025-08-04 13:45:00,5862.53
2025-08-04 14:00:00,6448.8
2025-08-04 14:15:00,6675.49
2025-08-04 14:30:00,6801.0
2025-08-04 14:45:00,7059.73
2025-08-04 15:00:00,7369.71
2025-08-04 15:15:00,7899.66
2025-08-04 15:30:00,8074.15
2025-08-04 15:45:00,8385.73
2025-08-04 16:00:00,8624.73
2025-08-04 16:15:00,8901.12
2025-08-04 16:30:00,9516.4
2025-08-04 16:45:00,9928.98
2025-08-04 17:00:00,9970.13
2025-08-04 17:15:00,9936.09
2025-08-04 17:30:00,9933.57
2025-08-04 17:45:00,9915.63
2025-08-04 18:00:00,9859.75
2025-08-04 18:15:00,9931.67
2025-08-04 18:30:00,10100.85
2025-08-04 18:45:00,10245.73
2025-08-04 19:00:00,10308.4
2025-08-04 19:15:00,10229.22
2025-08-04 19:30:00,10179.56
2025-08-04 19:45:00,10115.86
2025-08-04 20:00:00,10083.83
2025-08-04 20:15:00,10034.82
2025-08-04 20:30:00,9907.7
2025-08-04 20:45:00,9652.73
2025-08-04 21:00:00,9499.42
2025-08-04 21:15:00,9605.11
2025-08-04 21:30:00,9574.54
2025-08-04 21:45:00,9510.45
2025-08-04 22:00:00,9607.93
2025-08-04 22:15:00,9976.08
2025-08-04 22:30:00,10109.17
2025-08-04 22:45:00,10112.16
2025-08-04 23:00:00,10017.87
2025-08-04 23:15:00,9891.46
2025-08-04 23:30:00,9829.87
2025-08-04 23:45:00,9770.29
2025-08-05 00:00:00,9690.91
2025-08-05 00:15:00,9615.01
2025-08-05 00:30:00,9569.54
2025-08-05 00:45:00,9505.11
2025-08-05 01:00:00,9540.16
2025-08-05 01:15:00,9639.04
2025-08-05 01:30:00,9665.84
2025-08-05 01:45:00,9563.86
2025-08-05 02:00:00,9522.08
2025-08-05 02:15:00,9519.38
2025-08-05 02:30:00,9469.26
2025-08-05 02:45:00,9429.66
2025-08-05 03:00:00,9369.77
2025-08-05 03:15:00,9350.09
2025-08-05 03:30:00,9357.67
2025-08-05 03:45:00,9415.89
2025-08-05 04:00:00,9444.19
2025-08-05 04:15:00,9501.89
2025-08-05 04:30:00,9497.97
2025-08-05 04:45:00,9517.17
2025-08-05 05:00:00,9495.7
2025-08-05 05:15:00,9482.79
2025-08-05 05:30:00,9336.41
2025-08-05 05:45:00,9064.53
2025-08-05 06:00:00,8686.44
2025-08-05 06:15:00,8144.61
2025-08-05 06:30:00,7624.19
2025-08-05 06:45:00,7136.51
2025-08-05 07:00:00,6689.93
2025-08-05 07:15:00,6169.02
2025-08-05 07:30:00,5791.29
2025-08-05 07:45:00,5247.97
2025-08-05 08:00:00,4835.05
2025-08-05 08:15:00,4635.02
2025-08-05 08:30:00,4355.31
2025-08-05 08:45:00,4200.21
2025-08-05 09:00:00,3810.12
2025-08-05 09:15:00,3317.78
2025-08-05 09:30:00,3436.55
2025-08-05 09:45:00,3495.81
2025-08-05 10:00:00,3501.25
2025-08-05 10:15:00,3612.25
2025-08-05 10:30:00,3535.28
2025-08-05 10:45:00,3303.74
2025-08-05 11:00:00,3304.6
2025-08-05 11:15:00,3583.09
2025-08-05 11:30:00,3983.85
2025-08-05 11:45:00,4143.67
2025-08-05 12:00:00,4359.44
2025-08-05 12:15:00,4523.3
2025-08-05 12:30:00,4591.55
2025-08-05 12:45:00,4576.86
2025-08-05 13:00:00,4774.8
2025-08-05 13:15:00,5022.84
2025-08-05 13:30:00,5275.09
2025-08-05 13:45:00,5369.63
2025-08-05 14:00:00,5240.12
2025-08-05 14:15:00,5188.57
2025-08-05 14:30:00,5270.88
2025-08-05 14:45:00,5339.67
2025-08-05 15:00:00,5722.9
2025-08-05 15:15:00,6619.58
2025-08-05 15:30:00,7090.54
2025-08-05 15:45:00,7377.18
2025-08-05 16:00:00,7339.72
2025-08-05 16:15:00,7323.13
2025-08-05 16:30:00,7583.63
2025-08-05 16:45:00,7712.62
2025-08-05 17:00:00,7803.96
2025-08-05 17:15:00,8115.46
2025-08-05 17:30:00,8632.5
2025-08-05 17:45:00,8929.04
2025-08-05 18:00:00,9230.22
2025-08-05 18:15:00,9670.18
2025-08-05 18:30:00,10031.42
2025-08-05 18:45:00,10246.08
2025-08-05 19:00:00,10340.24
2025-08-05 19:15:00,10379.71
2025-08-05 19:30:00,10409.87
2025-08-05 19:45:00,10477.72
2025-08-05 20:00:00,10570.15
2025-08-05 20:15:00,10620.22
2025-08-05 20:30:00,10581.19
2025-08-05 20:45:00,10485.77
2025-08-05 21:00:00,10448.09
2025-08-05 21:15:00,10402.13
2025-08-05 21:30:00,10259.06
2025-08-05 21:45:00,10032.88
2025-08-05 22:00:00,9879.23
2025-08-05 22:15:00,9859.53
2025-08-05 22:30:00,9754.42
2025-08-05 22:45:00,9614.49
2025-08-05 23:00:00,9575.52
2025-08-05 23:15:00,9529.54
2025-08-05 23:30:00,9450.67
2025-08-05 23:45:00,9342.9
2025-08-06 00:00:00,9338.68
2025-08-06 00:15:00,9369.05
2025-08-06 00:30:00,9393.02
2025-08-06 00:45:00,9426.64
2025-08-06 01:00:00,9482.83
2025-08-06 01:15:00,9563.73
2025-08-06 01:30:00,9565.16
2025-08-06 01:45:00,9517.34
2025-08-06 02:00:00,9454.1
2025-08-06 02:15:00,9398.4
2025-08-06 02:30:00,9310.43
2025-08-06 02:45:00,9281.96
2025-08-06 03:00:00,9369.82
2025-08-06 03:15:00,9473.4
2025-08-06 03:30:00,9509.0
2025-08-06 03:45:00,9460.02
2025-08-06 04:00:00,9344.01
2025-08-06 04:15:00,9199.14
2025-08-06 04:30:00,9041.36
2025-08-06 04:45:00,8981.95
2025-08-06 05:00:00,8881.84
2025-08-06 05:15:00,8799.67
2025-08-06 05:30:00,8652.78
2025-08-06 05:45:00,8468.86
2025-08-06 06:00:00,8089.67
2025-08-06 06:15:00,7596.55
2025-08-06 06:30:00,7349.79
2025-08-06 06:45:00,7053.14
2025-08-06 07:00:00,6714.46
2025-08-06 07:15:00,6235.01
2025-08-06 07:30:00,5713.01
2025-08-06 07:45:00,5430.9
2025-08-06 08:00:00,5166.83
2025-08-06 08:15:00,4761.64
2025-08-06 08:30:00,4771.7
2025-08-06 08:45:00,4824.47
2025-08-06 09:00:00,4574.65
2025-08-06 09:15:00,4321.95
2025-08-06 09:30:00,4411.03
2025-08-06 09:45:00,4643.76
2025-08-06 10:00:00,4879.5
2025-08-06 10:15:00,4615.86
2025-08-06 10:30:00,4460.19
2025-08-06 10:45:00,4285.67
2025-08-06 11:00:00,4391.11
2025-08-06 11:15:00,4622.31
2025-08-06 11:30:00,4536.05
2025-08-06 11:45:00,4493.24
2025-08-06 12:00:00,4356.27
2025-08-06 12:15:00,4151.26
2025-08-06 12:30:00,4202.13
2025-08-06 12:45:00,3966.42
2025-08-06 13:00:00,3975.78
2025-08-06 13:15:00,4325.13
2025-08-06 13:30:00,4414.09
2025-08-06 13:45:00,4230.47
2025-08-06 14:00:00,4137.56
2025-08-06 14:15:00,4119.65
2025-08-06 14:30:00,4458.14
2025-08-06 14:45:00,4574.77
2025-08-06 15:00:00,4865.8
2025-08-06 15:15:00,5300.14
2025-08-06 15:30:00,5808.65
2025-08-06 15:45:00,6081.43
2025-08-06 16:00:00,6244.13
2025-08-06 16:15:00,6648.49
2025-08-06 16:30:00,7004.04
2025-08-06 16:45:00,7367.28
2025-08-06 17:00:00,7877.88
2025-08-06 17:15:00,8546.04
2025-08-06 17:30:00,9008.3
2025-08-06 17:45:00,9351.83
2025-08-06 18:00:00,9719.53
2025-08-06 18:15:00,9980.34
2025-08-06 18:30:00,10064.44
2025-08-06 18:45:00,10146.66
2025-08-06 19:00:00,10266.74
2025-08-06 19:15:00,10451.5
2025-08-06 19:30:00,10595.69
2025-08-06 19:45:00,10754.18
2025-08-06 20:00:00,10771.7
2025-08-06 20:15:00,10610.23
2025-08-06 20:30:00,10541.45
2025-08-06 20:45:00,10416.52
2025-08-06 21:00:00,10343.48
2025-08-06 21:15:00,10295.55
2025-08-06 21:30:00,10250.39
2025-08-06 21:45:00,10169.7
2025-08-06 22:00:00,10096.42
2025-08-06 22:15:00,10007.67
2025-08-06 22:30:00,9889.48
2025-08-06 22:45:00,9844.18
2025-08-06 23:00:00,9830.44
2025-08-06 23:15:00,9809.95
2025-08-06 23:30:00,9792.6
2025-08-06 23:45:00,9785.84
2025-08-07 00:00:00,9692.42
2025-08-07 00:15:00,9645.9
2025-08-07 00:30:00,9620.23
2025-08-07 00:45:00,9632.59
2025-08-07 01:00:00,9672.54
2025-08-07 01:15:00,9674.72
2025-08-07 01:30:00,9617.22
2025-08-07 01:45:00,9559.79
2025-08-07 02:00:00,9543.89
2025-08-07 02:15:00,9495.59
2025-08-07 02:30:00,9427.86
2025-08-07 02:45:00,9415.19
2025-08-07 03:00:00,9480.71
2025-08-07 03:15:00,9592.83
2025-08-07 03:30:00,9624.67
2025-08-07 03:45:00,9627.02
2025-08-07 04:00:00,9572.92
2025-08-07 04:15:00,9512.97
2025-08-07 04:30:00,9495.8
2025-08-07 04:45:00,9429.35
2025-08-07 05:00:00,9238.98
2025-08-07 05:15:00,9065.68
2025-08-07 05:30:00,8913.25
2025-08-07 05:45:00,8775.3
2025-08-07 06:00:00,8596.97
2025-08-07 06:15:00,8504.5
2025-08-07 06:30:00,8526.16
2025-08-07 06:45:00,8290.96
2025-08-07 07:00:00,7827.39
2025-08-07 07:15:00,7598.79
2025-08-07 07:30:00,7347.59
2025-08-07 07:45:00,6811.18
2025-08-07 08:00:00,6278.13
2025-08-07 08:15:00,5611.23
2025-08-07 08:30:00,5044.8
2025-08-07 08:45:00,4821.57
2025-08-07 09:00:00,4675.33
2025-08-07 09:15:00,4306.87
2025-08-07 09:30:00,4259.33
2025-08-07 09:45:00,4284.77
2025-08-07 10:00:00,4082.56
2025-08-07 10:15:00,3449.36
2025-08-07 10:30:00,3244.83
2025-08-07 10:45:00,2986.9
2025-08-07 11:00:00,2792.87
2025-08-07 11:15:00,2802.7
2025-08-07 11:30:00,3065.17
2025-08-07 11:45:00,3448.04
2025-08-07 12:00:00,3729.85
2025-08-07 12:15:00,3718.31
2025-08-07 12:30:00,3622.7
2025-08-07 12:45:00,3793.94
2025-08-07 13:00:00,4090.22
2025-08-07 13:15:00,4471.95
2025-08-07 13:30:00,4760.36
2025-08-07 13:45:00,5162.51
2025-08-07 14:00:00,5478.28
2025-08-07 14:15:00,6115.97
2025-08-07 14:30:00,6455.36
2025-08-07 14:45:00,6685.91
2025-08-07 15:00:00,7148.62
2025-08-07 15:15:00,7581.46
2025-08-07 15:30:00,7877.33
2025-08-07 15:45:00,8091.87
2025-08-07 16:00:00,8259.26
2025-08-07 16:15:00,8537.42
2025-08-07 16:30:00,8839.52
2025-08-07 16:45:00,9092.2
2025-08-07 17:00:00,9458.86
2025-08-07 17:15:00,9934.62
2025-08-07 17:30:00,10178.54
2025-08-07 17:45:00,10182.1
2025-08-07 18:00:00,10242.59
2025-08-07 18:15:00,10433.39
2025-08-07 18:30:00,10628.11
2025-08-07 18:45:00,10721.63
2025-08-07 19:00:00,10790.92
2025-08-07 19:15:00,10843.37
2025-08-07 19:30:00,10926.73
2025-08-07 19:45:00,10937.94
2025-08-07 20:00:00,10940.84
2025-08-07 20:15:00,10662.97
2025-08-07 20:30:00,10506.7
2025-08-07 20:45:00,10426.53
2025-08-07 21:00:00,10421.04
2025-08-07 21:15:00,10376.13
2025-08-07 21:30:00,10288.66
2025-08-07 21:45:00,10216.48
2025-08-07 22:00:00,10221.47
2025-08-07 22:15:00,10326.57
2025-08-07 22:30:00,10318.46
2025-08-07 22:45:00,10229.76
2025-08-07 23:00:00,10109.27
2025-08-07 23:15:00,9949.6
2025-08-07 23:30:00,9930.24
2025-08-07 23:45:00,9895.45
2025-08-08 00:00:00,9738.11
2025-08-08 00:15:00,9669.1
2025-08-08 00:30:00,9636.91
2025-08-08 00:45:00,9612.26
2025-08-08 01:00:00,9609.32
2025-08-08 01:15:00,9558.82
2025-08-08 01:30:00,9488.27
2025-08-08 01:45:00,9392.45
2025-08-08 02:00:00,9376.0
2025-08-08 02:15:00,9423.4
2025-08-08 02:30:00,9414.43
2025-08-08 02:45:00,9381.16
2025-08-08 03:00:00,9358.47
2025-08-08 03:15:00,9447.86
2025-08-08 03:30:00,9550.45
2025-08-08 03:45:00,9678.53
2025-08-08 04:00:00,9706.08
2025-08-08 04:15:00,9692.87
2025-08-08 04:30:00,9644.18
2025-08-08 04:45:00,9563.77
2025-08-08 05:00:00,9535.5
2025-08-08 05:15:00,9543.36
2025-08-08 05:30:00,9496.69
2025-08-08 05:45:00,9504.64
2025-08-08 06:00:00,9397.9
2025-08-08 06:15:00,9166.71
2025-08-08 06:30:00,8946.6
2025-08-08 06:45:00,8803.81
2025-08-08 07:00:00,8610.21
2025-08-08 07:15:00,8349.66
2025-08-08 07:30:00,8129.14
2025-08-08 07:45:00,8028.03
2025-08-08 08:00:00,7889.62
2025-08-08 08:15:00,7623.53
2025-08-08 08:30:00,7254.18
2025-08-08 08:45:00,6878.22
2025-08-08 09:00:00,6504.93
2025-08-08 09:15:00,6009.3
2025-08-08 09:30:00,5563.57
2025-08-08 09:45:00,5368.22
2025-08-08 10:00:00,5467.08
2025-08-08 10:15:00,5439.97
2025-08-08 10:30:00,5136.97
2025-08-08 10:45:00,4834.89
2025-08-08 11:00:00,4575.96
2025-08-08 11:15:00,4240.65
2025-08-08 11:30:00,4011.69
2025-08-08 11:45:00,4006.16
2025-08-08 12:00:00,3967.46
2025-08-08 12:15:00,4110.96
2025-08-08 12:30:00,4174.05
2025-08-08 12:45:00,4219.74
2025-08-08 13:00:00,4354.02
2025-08-08 13:15:00,4554.12
2025-08-08 13:30:00,4825.65
2025-08-08 13:45:00,4904.65
2025-08-08 14:00:00,5059.91
2025-08-08 14:15:00,5484.14
2025-08-08 14:30:00,5793.45
2025-08-08 14:45:00,6139.46
2025-08-08 15:00:00,6569.53
2025-08-08 15:15:00,6833.22
2025-08-08 15:30:00,7177.41
2025-08-08 15:45:00,7613.55
2025-08-08 16:00:00,7982.02
2025-08-08 16:15:00,8336.45
2025-08-08 16:30:00,8786.97
2025-08-08 16:45:00,9379.21
2025-08-08 17:00:00,10015.88
2025-08-08 17:15:00,10446.78
2025-08-08 17:30:00,10709.17
2025-08-08 17:45:00,10978.01
2025-08-08 18:00:00,11328.94
2025-08-08 18:15:00,11666.94
2025-08-08 18:30:00,11857.12
2025-08-08 18:45:00,12103.26
2025-08-08 19:00:00,12248.0
2025-08-08 19:15:00,12177.07
2025-08-08 19:30:00,12208.75
2025-08-08 19:45:00,12296.1
2025-08-08 20:00:00,12252.61
2025-08-08 20:15:00,12086.4
2025-08-08 20:30:00,11998.49
2025-08-08 20:45:00,11960.93
2025-08-08 21:00:00,11923.7
2025-08-08 21:15:00,11905.77
2025-08-08 21:30:00,11815.52
2025-08-08 21:45:00,11706.44
2025-08-08 22:00:00,11691.13
2025-08-08 22:15:00,11781.68
2025-08-08 22:30:00,11800.58
2025-08-08 22:45:00,11730.32
2025-08-08 23:00:00,11626.52
2025-08-08 23:15:00,11531.66
2025-08-08 23:30:00,11431.74
2025-08-08 23:45:00,11302.64
2025-08-09 00:00:00,11199.92
2025-08-09 00:15:00,11174.18
2025-08-09 00:30:00,11075.44
2025-08-09 00:45:00,10763.05
2025-08-09 01:00:00,10325.61
2025-08-09 01:15:00,10048.17
2025-08-09 01:30:00,9944.55
2025-08-09 01:45:00,9902.57
2025-08-09 02:00:00,9858.18
2025-08-09 02:15:00,9835.22
2025-08-09 02:30:00,9824.73
2025-08-09 02:45:00,9807.67
2025-08-09 03:00:00,9790.97
2025-08-09 03:15:00,9795.65
2025-08-09 03:30:00,9767.03
2025-08-09 03:45:00,9746.84
2025-08-09 04:00:00,9695.42
2025-08-09 04:15:00,9613.33
2025-08-09 04:30:00,9510.22
2025-08-09 04:45:00,9350.46
2025-08-09 05:00:00,9122.18
2025-08-09 05:15:00,8901.17
2025-08-09 05:30:00,8723.67
2025-08-09 05:45:00,8549.68
2025-08-09 06:00:00,8317.94
2025-08-09 06:15:00,8038.05
2025-08-09 06:30:00,7747.47
2025-08-09 06:45:00,7191.1
2025-08-09 07:00:00,6812.08
2025-08-09 07:15:00,6447.98
2025-08-09 07:30:00,5855.2
2025-08-09 07:45:00,5165.04
2025-08-09 08:00:00,4768.05
2025-08-09 08:15:00,4247.09
2025-08-09 08:30:00,3689.07
2025-08-09 08:45:00,3510.17
2025-08-09 09:00:00,3303.06
2025-08-09 09:15:00,2903.53
2025-08-09 09:30:00,2454.48
2025-08-09 09:45:00,2252.27
2025-08-09 10:00:00,1982.7
2025-08-09 10:15:00,1681.51
2025-08-09 10:30:00,1739.43
2025-08-09 10:45:00,1567.58
2025-08-09 11:00:00,1615.49
2025-08-09 11:15:00,1778.22
2025-08-09 11:30:00,1844.48
2025-08-09 11:45:00,1664.9
2025-08-09 12:00:00,1698.39
2025-08-09 12:15:00,1856.85
2025-08-09 12:30:00,1887.85
2025-08-09 12:45:00,1843.38
2025-08-09 13:00:00,1940.49
2025-08-09 13:15:00,1990.44
2025-08-09 13:30:00,2162.28
2025-08-09 13:45:00,2348.66
2025-08-09 14:00:00,2445.07
2025-08-09 14:15:00,2722.11
2025-08-09 14:30:00,3022.73
2025-08-09 14:45:00,3444.0
2025-08-09 15:00:00,3876.2
2025-08-09 15:15:00,4207.81
2025-08-09 15:30:00,4797.02
2025-08-09 15:45:00,4947.33
2025-08-09 16:00:00,5387.52
2025-08-09 16:15:00,5850.81
2025-08-09 16:30:00,6326.02
2025-08-09 16:45:00,6863.31
2025-08-09 17:00:00,7281.36
2025-08-09 17:15:00,7708.93
2025-08-09 17:30:00,8234.12
2025-08-09 17:45:00,8605.16
2025-08-09 18:00:00,8895.19
2025-08-09 18:15:00,9222.18
2025-08-09 18:30:00,9507.71
2025-08-09 18:45:00,9772.1
2025-08-09 19:00:00,9878.58
2025-08-09 19:15:00,9836.48
2025-08-09 19:30:00,9859.41
2025-08-09 19:45:00,9865.91
2025-08-09 20:00:00,9835.33
2025-08-09 20:15:00,9755.69
2025-08-09 20:30:00,9782.55
2025-08-09 20:45:00,9761.42
2025-08-09 21:00:00,9693.45
2025-08-09 21:15:00,9665.89
2025-08-09 21:30:00,9630.72
2025-08-09 21:45:00,9555.94
2025-08-09 22:00:00,9570.86
2025-08-09 22:15:00,9563.18
2025-08-09 22:30:00,9395.33
2025-08-09 22:45:00,9362.06
2025-08-09 23:00:00,9416.44
2025-08-09 23:15:00,9467.65
2025-08-09 23:30:00,9477.52
2025-08-09 23:45:00,9427.26
2025-08-10 00:00:00,9366.18
2025-08-10 00:15:00,9341.29
2025-08-10 00:30:00,9347.1
2025-08-10 00:45:00,9313.89
2025-08-10 01:00:00,9262.99
2025-08-10 01:15:00,9233.83
2025-08-10 01:30:00,9229.86
2025-08-10 01:45:00,9244.69
2025-08-10 02:00:00,9235.23
2025-08-10 02:15:00,9185.24
2025-08-10 02:30:00,9214.36
2025-08-10 02:45:00,9238.77
2025-08-10 03:00:00,9254.96
2025-08-10 03:15:00,9274.46
2025-08-10 03:30:00,9280.83
2025-08-10 03:45:00,9299.94
2025-08-10 04:00:00,9281.22
2025-08-10 04:15:00,9222.09
2025-08-10 04:30:00,9139.81
2025-08-10 04:45:00,9027.16
2025-08-10 05:00:00,8814.87
2025-08-10 05:15:00,8502.62
2025-08-10 05:30:00,8159.77
2025-08-10 05:45:00,7776.75
2025-08-10 06:00:00,7360.0
2025-08-10 06:15:00,6916.79
2025-08-10 06:30:00,6543.14
2025-08-10 06:45:00,6168.7
2025-08-10 07:00:00,5694.87
2025-08-10 07:15:00,5239.94
2025-08-10 07:30:00,4933.83
2025-08-10 07:45:00,4745.35
2025-08-10 08:00:00,4491.95
2025-08-10 08:15:00,3785.51
2025-08-10 08:30:00,3481.75
2025-08-10 08:45:00,3254.7
2025-08-10 09:00:00,3037.06
2025-08-10 09:15:00,2664.22
2025-08-10 09:30:00,2371.67
2025-08-10 09:45:00,2442.01
2025-08-10 10:00:00,2339.3
2025-08-10 10:15:00,2163.37
2025-08-10 10:30:00,2188.42
2025-08-10 10:45:00,2244.8
2025-08-10 11:00:00,2243.66
2025-08-10 11:15:00,2350.2
2025-08-10 11:30:00,2388.24
2025-08-10 11:45:00,2464.06
2025-08-10 12:00:00,2496.74
2025-08-10 12:15:00,2461.08
2025-08-10 12:30:00,2571.26
2025-08-10 12:45:00,2502.29
2025-08-10 13:00:00,2401.14
2025-08-10 13:15:00,2540.5
2025-08-10 13:30:00,2602.07
2025-08-10 13:45:00,2636.43
2025-08-10 14:00:00,2677.61
2025-08-10 14:15:00,2844.35
2025-08-10 14:30:00,3275.33
2025-08-10 14:45:00,3596.35
2025-08-10 15:00:00,3802.69
2025-08-10 15:15:00,4050.84
2025-08-10 15:30:00,4665.33
2025-08-10 15:45:00,5099.15
2025-08-10 16:00:00,5514.74
2025-08-10 16:15:00,5991.68
2025-08-10 16:30:00,6453.05
2025-08-10 16:45:00,6924.33
2025-08-10 17:00:00,7399.22
2025-08-10 17:15:00,7933.19
2025-08-10 17:30:00,8412.4
2025-08-10 17:45:00,8789.38
2025-08-10 18:00:00,9192.84
2025-08-10 18:15:00,9643.36
2025-08-10 18:30:00,9997.45
2025-08-10 18:45:00,10212.71
2025-08-10 19:00:00,10353.92
2025-08-10 19:15:00,10460.35
2025-08-10 19:30:00,10576.58
2025-08-10 19:45:00,10583.12
2025-08-10 20:00:00,10533.81
2025-08-10 20:15:00,10516.49
2025-08-10 20:30:00,10592.9
2025-08-10 20:45:00,10539.89
2025-08-10 21:00:00,10518.06
2025-08-10 21:15:00,10528.49
2025-08-10 21:30:00,10497.25
2025-08-10 21:45:00,10370.31
2025-08-10 22:00:00,10310.42
2025-08-10 22:15:00,10270.48
2025-08-10 22:30:00,10221.46
2025-08-10 22:45:00,10170.7
2025-08-10 23:00:00,10137.25
2025-08-10 23:15:00,10071.19
2025-08-10 23:30:00,10069.64
2025-08-10 23:45:00,10041.97
2025-08-11 00:00:00,9994.26
2025-08-11 00:15:00,9944.23
2025-08-11 00:30:00,9907.96
2025-08-11 00:45:00,9875.51
2025-08-11 01:00:00,9865.07
2025-08-11 01:15:00,9857.24
2025-08-11 01:30:00,9898.73
2025-08-11 01:45:00,9894.15
2025-08-11 02:00:00,9878.04
2025-08-11 02:15:00,9858.45
2025-08-11 02:30:00,9872.03
2025-08-11 02:45:00,9843.55
2025-08-11 03:00:00,9832.74
2025-08-11 03:15:00,9863.3
2025-08-11 03:30:00,9902.71
2025-08-11 03:45:00,9932.75
2025-08-11 04:00:00,9928.54
2025-08-11 04:15:00,9960.94
2025-08-11 04:30:00,9982.66
2025-08-11 04:45:00,9988.51
2025-08-11 05:00:00,9875.48
2025-08-11 05:15:00,9660.22
2025-08-11 05:30:00,9555.83
2025-08-11 05:45:00,9320.13
2025-08-11 06:00:00,8972.2
2025-08-11 06:15:00,8480.9
2025-08-11 06:30:00,8050.85
2025-08-11 06:45:00,7614.54
2025-08-11 07:00:00,7133.94
2025-08-11 07:15:00,6574.83
2025-08-11 07:30:00,6079.86
2025-08-11 07:45:00,5687.67
2025-08-11 08:00:00,5222.6
2025-08-11 08:15:00,4761.36
2025-08-11 08:30:00,4326.18
2025-08-11 08:45:00,3980.57
2025-08-11 09:00:00,3588.45
2025-08-11 09:15:00,3204.44
2025-08-11 09:30:00,2931.5
2025-08-11 09:45:00,2809.72
2025-08-11 10:00:00,2745.86
2025-08-11 10:15:00,2558.98
2025-08-11 10:30:00,2534.43
2025-08-11 10:45:00,2342.82
2025-08-11 11:00:00,2173.81
2025-08-11 11:15:00,2035.69
2025-08-11 11:30:00,1952.91
2025-08-11 11:45:00,1941.5
2025-08-11 12:00:00,1984.68
2025-08-11 12:15:00,2110.99
2025-08-11 12:30:00,2056.15
2025-08-11 12:45:00,1988.63
2025-08-11 13:00:00,2069.59
2025-08-11 13:15:00,2341.49
2025-08-11 13:30:00,2607.1
2025-08-11 13:45:00,2784.05
2025-08-11 14:00:00,3048.61
2025-08-11 14:15:00,3453.8
2025-08-11 14:30:00,3895.56
2025-08-11 14:45:00,4326.53
2025-08-11 15:00:00,4829.82
2025-08-11 15:15:00,5375.82
2025-08-11 15:30:00,5965.52
2025-08-11 15:45:00,6644.34
2025-08-11 16:00:00,7507.87
2025-08-11 16:15:00,8507.88
2025-08-11 16:30:00,9380.94
2025-08-11 16:45:00,9861.19
2025-08-11 17:00:00,10268.86
2025-08-11 17:15:00,10721.54
2025-08-11 17:30:00,11080.45
2025-08-11 17:45:00,11264.42
2025-08-11 18:00:00,11561.48
2025-08-11 18:15:00,11858.4
2025-08-11 18:30:00,12119.88
2025-08-11 18:45:00,12342.51
2025-08-11 19:00:00,12571.17
2025-08-11 19:15:00,12643.82
2025-08-11 19:30:00,12635.16
2025-08-11 19:45:00,12794.31
2025-08-11 20:00:00,12863.47
2025-08-11 20:15:00,12835.89
2025-08-11 20:30:00,12720.87
2025-08-11 20:45:00,12515.34
2025-08-11 21:00:00,12368.94
2025-08-11 21:15:00,12185.07
2025-08-11 21:30:00,11874.26
2025-08-11 21:45:00,11799.99
2025-08-11 22:00:00,11655.46
2025-08-11 22:15:00,11438.71
2025-08-11 22:30:00,11353.33
2025-08-11 22:45:00,11264.31
2025-08-11 23:00:00,11182.72
2025-08-11 23:15:00,11117.3
2025-08-11 23:30:00,11066.83
2025-08-11 23:45:00,11008.23
2025-08-12 00:00:00,11011.38
2025-08-12 00:15:00,11020.2
2025-08-12 00:30:00,10983.56
2025-08-12 00:45:00,10891.05
2025-08-12 01:00:00,10787.93
2025-08-12 01:15:00,10789.54
2025-08-12 01:30:00,10813.07
2025-08-12 01:45:00,10757.87
2025-08-12 02:00:00,10737.06
2025-08-12 02:15:00,10758.47
2025-08-12 02:30:00,10634.1
2025-08-12 02:45:00,10233.79
2025-08-12 03:00:00,9966.33
2025-08-12 03:15:00,10089.61
2025-08-12 03:30:00,10205.67
2025-08-12 03:45:00,10295.86
2025-08-12 04:00:00,10250.88
2025-08-12 04:15:00,10190.97
2025-08-12 04:30:00,10146.08
2025-08-12 04:45:00,10032.1
2025-08-12 05:00:00,9915.22
2025-08-12 05:15:00,9875.37
2025-08-12 05:30:00,9836.06
2025-08-12 05:45:00,9779.49
2025-08-12 06:00:00,9648.48
2025-08-12 06:15:00,9495.21
2025-08-12 06:30:00,9399.61
2025-08-12 06:45:00,9266.31
2025-08-12 07:00:00,9023.82
2025-08-12 07:15:00,8731.06
2025-08-12 07:30:00,8356.82
2025-08-12 07:45:00,8004.46
2025-08-12 08:00:00,7877.96
2025-08-12 08:15:00,7605.39
2025-08-12 08:30:00,7241.4
2025-08-12 08:45:00,6785.26
2025-08-12 09:00:00,6459.62
2025-08-12 09:15:00,6220.23
2025-08-12 09:30:00,5930.99
2025-08-12 09:45:00,5623.15
2025-08-12 10:00:00,5267.79
2025-08-12 10:15:00,4906.59
2025-08-12 10:30:00,4490.6
2025-08-12 10:45:00,4097.62
2025-08-12 11:00:00,3717.8
2025-08-12 11:15:00,3461.64
2025-08-12 11:30:00,3443.86
2025-08-12 11:45:00,3332.21
2025-08-12 12:00:00,3253.23
2025-08-12 12:15:00,3222.85
2025-08-12 12:30:00,3375.53
2025-08-12 12:45:00,3447.94
2025-08-12 13:00:00,3345.86
2025-08-12 13:15:00,3432.9
2025-08-12 13:30:00,3493.66
2025-08-12 13:45:00,3682.59
2025-08-12 14:00:00,3840.29
2025-08-12 14:15:00,4187.76
2025-08-12 14:30:00,4510.69
2025-08-12 14:45:00,4968.05
2025-08-12 15:00:00,5591.5
2025-08-12 15:15:00,6266.92
2025-08-12 15:30:00,6957.61
2025-08-12 15:45:00,7827.45
2025-08-12 16:00:00,8635.32
2025-08-12 16:15:00,9133.13
2025-08-12 16:30:00,9892.9
2025-08-12 16:45:00,10541.39
2025-08-12 17:00:00,10823.25
2025-08-12 17:15:00,11164.52
2025-08-12 17:30:00,11451.99
2025-08-12 17:45:00,11740.9
2025-08-12 18:00:00,12065.71
2025-08-12 18:15:00,12559.15
2025-08-12 18:30:00,12915.53
2025-08-12 18:45:00,13100.7
2025-08-12 19:00:00,13170.4
2025-08-12 19:15:00,13190.15
2025-08-12 19:30:00,13306.12
2025-08-12 19:45:00,13324.13
2025-08-12 20:00:00,13170.18
2025-08-12 20:15:00,12911.29
2025-08-12 20:30:00,12806.64
2025-08-12 20:45:00,12753.94
2025-08-12 21:00:00,12684.11
2025-08-12 21:15:00,12643.5
2025-08-12 21:30:00,12480.41
2025-08-12 21:45:00,12209.59
2025-08-12 22:00:00,11716.73
2025-08-12 22:15:00,11328.32
2025-08-12 22:30:00,11021.82
2025-08-12 22:45:00,10853.74
2025-08-12 23:00:00,10762.46
2025-08-12 23:15:00,10732.59
2025-08-12 23:30:00,10718.7
2025-08-12 23:45:00,10673.67
2025-08-13 00:00:00,10677.11
2025-08-13 00:15:00,10657.99
2025-08-13 00:30:00,10645.67
2025-08-13 00:45:00,10652.93
2025-08-13 01:00:00,10637.48
2025-08-13 01:15:00,10637.89
2025-08-13 01:30:00,10662.89
2025-08-13 01:45:00,10658.52
2025-08-13 02:00:00,10667.43
2025-08-13 02:15:00,10707.77
2025-08-13 02:30:00,10698.35
2025-08-13 02:45:00,10698.24
2025-08-13 03:00:00,10746.87
2025-08-13 03:15:00,10806.39
2025-08-13 03:30:00,10866.71
2025-08-13 03:45:00,10910.73
2025-08-13 04:00:00,10900.41
2025-08-13 04:15:00,10926.61
2025-08-13 04:30:00,10938.56
2025-08-13 04:45:00,10957.53
2025-08-13 05:00:00,10966.13
2025-08-13 05:15:00,11014.24
2025-08-13 05:30:00,10839.01
2025-08-13 05:45:00,10608.36
2025-08-13 06:00:00,10199.09
2025-08-13 06:15:00,9677.14
2025-08-13 06:30:00,9305.76
2025-08-13 06:45:00,8939.69
2025-08-13 07:00:00,8557.41
2025-08-13 07:15:00,8043.48
2025-08-13 07:30:00,7599.71
2025-08-13 07:45:00,7076.17
2025-08-13 08:00:00,6524.58
2025-08-13 08:15:00,6037.84
2025-08-13 08:30:00,5651.06
2025-08-13 08:45:00,5262.22
2025-08-13 09:00:00,4864.82
2025-08-13 09:15:00,4576.61
2025-08-13 09:30:00,4343.09
2025-08-13 09:45:00,4075.0
2025-08-13 10:00:00,3807.8
2025-08-13 10:15:00,3569.75
2025-08-13 10:30:00,3481.79
2025-08-13 10:45:00,3414.99
2025-08-13 11:00:00,3354.78
2025-08-13 11:15:00,3519.4
2025-08-13 11:30:00,3695.92
2025-08-13 11:45:00,3786.74
2025-08-13 12:00:00,3723.4
2025-08-13 12:15:00,3672.31
2025-08-13 12:30:00,3732.22
2025-08-13 12:45:00,3957.08
2025-08-13 13:00:00,4173.94
2025-08-13 13:15:00,4341.19
2025-08-13 13:30:00,4525.0
2025-08-13 13:45:00,4772.81
2025-08-13 14:00:00,5246.46
2025-08-13 14:15:00,5930.14
2025-08-13 14:30:00,6527.04
2025-08-13 14:45:00,7183.86
2025-08-13 15:00:00,8052.45
2025-08-13 15:15:00,8853.87
2025-08-13 15:30:00,9371.98
2025-08-13 15:45:00,9902.32
2025-08-13 16:00:00,10527.34
2025-08-13 16:15:00,11043.69
2025-08-13 16:30:00,11584.58
2025-08-13 16:45:00,12052.37
2025-08-13 17:00:00,12345.15
2025-08-13 17:15:00,12693.94
2025-08-13 17:30:00,12986.29
2025-08-13 17:45:00,13139.37
2025-08-13 18:00:00,13204.48
2025-08-13 18:15:00,13300.67
2025-08-13 18:30:00,13502.93
2025-08-13 18:45:00,13700.73
2025-08-13 19:00:00,13735.98
2025-08-13 19:15:00,13637.6
2025-08-13 19:30:00,13708.17
2025-08-13 19:45:00,13797.94
2025-08-13 20:00:00,13787.11
2025-08-13 20:15:00,13701.61
2025-08-13 20:30:00,13617.13
2025-08-13 20:45:00,13513.18
2025-08-13 21:00:00,13416.91
2025-08-13 21:15:00,13341.95
2025-08-13 21:30:00,13287.71
2025-08-13 21:45:00,13202.82
2025-08-13 22:00:00,13097.53
2025-08-13 22:15:00,12972.98
2025-08-13 22:30:00,12860.94
2025-08-13 22:45:00,12779.04
2025-08-13 23:00:00,12711.83
2025-08-13 23:15:00,12640.2
2025-08-13 23:30:00,12558.28
2025-08-13 23:45:00,12425.81
2025-08-14 00:00:00,12316.98
2025-08-14 00:15:00,12249.25
2025-08-14 00:30:00,12171.54
2025-08-14 00:45:00,12132.48
2025-08-14 01:00:00,12117.77
2025-08-14 01:15:00,12048.36
2025-08-14 01:30:00,12091.71
2025-08-14 01:45:00,12125.3
2025-08-14 02:00:00,12065.9
2025-08-14 02:15:00,12000.85
2025-08-14 02:30:00,11893.53
2025-08-14 02:45:00,11878.03
2025-08-14 03:00:00,11838.66
2025-08-14 03:15:00,11845.3
2025-08-14 03:30:00,11972.73
2025-08-14 03:45:00,12114.52
2025-08-14 04:00:00,12237.36
2025-08-14 04:15:00,12448.45
2025-08-14 04:30:00,12519.66
2025-08-14 04:45:00,12549.7
2025-08-14 05:00:00,12560.69
2025-08-14 05:15:00,12613.69
2025-08-14 05:30:00,12699.03
2025-08-14 05:45:00,12747.42
2025-08-14 06:00:00,12615.1
2025-08-14 06:15:00,12310.24
2025-08-14 06:30:00,12158.7
2025-08-14 06:45:00,12001.1
2025-08-14 07:00:00,11711.57
2025-08-14 07:15:00,11149.21
2025-08-14 07:30:00,10405.44
2025-08-14 07:45:00,9716.97
2025-08-14 08:00:00,9186.11
2025-08-14 08:15:00,8865.87
2025-08-14 08:30:00,8364.88
2025-08-14 08:45:00,7885.19
2025-08-14 09:00:00,7295.58
2025-08-14 09:15:00,6621.39
2025-08-14 09:30:00,6093.33
2025-08-14 09:45:00,5604.61
2025-08-14 10:00:00,5308.2
2025-08-14 10:15:00,5136.39
2025-08-14 10:30:00,5011.24
2025-08-14 10:45:00,5010.81
2025-08-14 11:00:00,5040.82
2025-08-14 11:15:00,5122.59
2025-08-14 11:30:00,5221.25
2025-08-14 11:45:00,5179.11
2025-08-14 12:00:00,5088.29
2025-08-14 12:15:00,4899.8
2025-08-14 12:30:00,4809.52
2025-08-14 12:45:00,4798.83
2025-08-14 13:00:00,4757.68
2025-08-14 13:15:00,4756.47
2025-08-14 13:30:00,4804.48
2025-08-14 13:45:00,4839.31
2025-08-14 14:00:00,4651.39
2025-08-14 14:15:00,5471.49
2025-08-14 14:30:00,5835.06
2025-08-14 14:45:00,6340.34
2025-08-14 15:00:00,6790.18
2025-08-14 15:15:00,7460.21
2025-08-14 15:30:00,8283.15
2025-08-14 15:45:00,8987.24
2025-08-14 16:00:00,9671.53
2025-08-14 16:15:00,10335.49
2025-08-14 16:30:00,10967.17
2025-08-14 16:45:00,11288.21
2025-08-14 17:00:00,11573.38
2025-08-14 17:15:00,12043.52
2025-08-14 17:30:00,12356.09
2025-08-14 17:45:00,12609.37
2025-08-14 18:00:00,12907.54
2025-08-14 18:15:00,13316.64
2025-08-14 18:30:00,13388.96
2025-08-14 18:45:00,13391.19
2025-08-14 19:00:00,13445.01
2025-08-14 19:15:00,13548.55
2025-08-14 19:30:00,13568.61
2025-08-14 19:45:00,13553.06
2025-08-14 20:00:00,13431.27
2025-08-14 20:15:00,13374.97
2025-08-14 20:30:00,13304.09
2025-08-14 20:45:00,13175.39
2025-08-14 21:00:00,13217.87
2025-08-14 21:15:00,13248.61
2025-08-14 21:30:00,13183.85
2025-08-14 21:45:00,13089.74
2025-08-14 22:00:00,12963.2
2025-08-14 22:15:00,12759.3
2025-08-14 22:30:00,12618.4
2025-08-14 22:45:00,12592.55
2025-08-14 23:00:00,12574.3
2025-08-14 23:15:00,12538.86
2025-08-14 23:30:00,12522.81
2025-08-14 23:45:00,12451.1
2025-08-15 00:00:00,12430.97
2025-08-15 00:15:00,12418.28
2025-08-15 00:30:00,12389.98
2025-08-15 00:45:00,12353.89
2025-08-15 01:00:00,12308.0
2025-08-15 01:15:00,12256.15
2025-08-15 01:30:00,12207.07
2025-08-15 01:45:00,12138.83
2025-08-15 02:00:00,12082.74
2025-08-15 02:15:00,12081.77
2025-08-15 02:30:00,12079.68
2025-08-15 02:45:00,12083.09
2025-08-15 03:00:00,12065.26
2025-08-15 03:15:00,12078.0
2025-08-15 03:30:00,12091.98
2025-08-15 03:45:00,12112.41
2025-08-15 04:00:00,12163.44
2025-08-15 04:15:00,12243.99
2025-08-15 04:30:00,12344.03
2025-08-15 04:45:00,12415.12
2025-08-15 05:00:00,12370.32
2025-08-15 05:15:00,12231.58
2025-08-15 05:30:00,12030.32
2025-08-15 05:45:00,11798.89
2025-08-15 06:00:00,11444.38
2025-08-15 06:15:00,10896.97
2025-08-15 06:30:00,10309.95
2025-08-15 06:45:00,9621.21
2025-08-15 07:00:00,8797.43
2025-08-15 07:15:00,7904.28
2025-08-15 07:30:00,7194.74
2025-08-15 07:45:00,6715.21
2025-08-15 08:00:00,6379.78
2025-08-15 08:15:00,5960.85
2025-08-15 08:30:00,5529.88
2025-08-15 08:45:00,5186.28
2025-08-15 09:00:00,4946.87
2025-08-15 09:15:00,4621.28
2025-08-15 09:30:00,4368.37
2025-08-15 09:45:00,4261.31
2025-08-15 10:00:00,4166.02
2025-08-15 10:15:00,3737.14
2025-08-15 10:30:00,3899.94
2025-08-15 10:45:00,3864.96
2025-08-15 11:00:00,3872.28
2025-08-15 11:15:00,3829.94
2025-08-15 11:30:00,3901.99
2025-08-15 11:45:00,3957.35
2025-08-15 12:00:00,3983.0
2025-08-15 12:15:00,4060.03
2025-08-15 12:30:00,4065.28
2025-08-15 12:45:00,4089.55
2025-08-15 13:00:00,4261.89
2025-08-15 13:15:00,4432.05
2025-08-15 13:30:00,4449.06
2025-08-15 13:45:00,4574.48
2025-08-15 14:00:00,4699.01
2025-08-15 14:15:00,4913.43
2025-08-15 14:30:00,5123.15
2025-08-15 14:45:00,5535.47
2025-08-15 15:00:00,6052.44
2025-08-15 15:15:00,6507.86
2025-08-15 15:30:00,6840.83
2025-08-15 15:45:00,7178.42
2025-08-15 16:00:00,7884.64
2025-08-15 16:15:00,8594.51
2025-08-15 16:30:00,9247.97
2025-08-15 16:45:00,9703.09
2025-08-15 17:00:00,9960.71
2025-08-15 17:15:00,10321.81
2025-08-15 17:30:00,10656.37
2025-08-15 17:45:00,10865.77
2025-08-15 18:00:00,11117.96
2025-08-15 18:15:00,11545.85
2025-08-15 18:30:00,11727.67
2025-08-15 18:45:00,11765.63
2025-08-15 19:00:00,11795.52
2025-08-15 19:15:00,11906.49
2025-08-15 19:30:00,11994.27
2025-08-15 19:45:00,11990.17
2025-08-15 20:00:00,11983.75
2025-08-15 20:15:00,11991.62
2025-08-15 20:30:00,12006.55
2025-08-15 20:45:00,12031.46
2025-08-15 21:00:00,11987.2
2025-08-15 21:15:00,11948.78
2025-08-15 21:30:00,11888.44
2025-08-15 21:45:00,11751.92
2025-08-15 22:00:00,11586.87
2025-08-15 22:15:00,11412.28
2025-08-15 22:30:00,11067.73
2025-08-15 22:45:00,10939.5
2025-08-15 23:00:00,10856.41
2025-08-15 23:15:00,10684.86
2025-08-15 23:30:00,10631.45
2025-08-15 23:45:00,10560.82
2025-08-16 00:00:00,10520.16
2025-08-16 00:15:00,10576.98
2025-08-16 00:30:00,10532.54
2025-08-16 00:45:00,10481.3
2025-08-16 01:00:00,10468.37
2025-08-16 01:15:00,10477.12
2025-08-16 01:30:00,10523.58
2025-08-16 01:45:00,10557.18
2025-08-16 02:00:00,10509.9
2025-08-16 02:15:00,10440.57
2025-08-16 02:30:00,10420.77
2025-08-16 02:45:00,10436.12
2025-08-16 03:00:00,10435.42
2025-08-16 03:15:00,10421.81
2025-08-16 03:30:00,10398.4
2025-08-16 03:45:00,10420.91
2025-08-16 04:00:00,10436.38
2025-08-16 04:15:00,10420.06
2025-08-16 04:30:00,10402.01
2025-08-16 04:45:00,10371.14
2025-08-16 05:00:00,10318.26
2025-08-16 05:15:00,10209.03
2025-08-16 05:30:00,10147.43
2025-08-16 05:45:00,10104.25
2025-08-16 06:00:00,10032.38
2025-08-16 06:15:00,9968.73
2025-08-16 06:30:00,9933.93
2025-08-16 06:45:00,9879.93
2025-08-16 07:00:00,9825.34
2025-08-16 07:15:00,9714.7
2025-08-16 07:30:00,9516.08
2025-08-16 07:45:00,9353.01
2025-08-16 08:00:00,9165.37
2025-08-16 08:15:00,8951.53
2025-08-16 08:30:00,8700.52
2025-08-16 08:45:00,8404.55
2025-08-16 09:00:00,8168.85
2025-08-16 09:15:00,7845.14
2025-08-16 09:30:00,7596.53
2025-08-16 09:45:00,7430.84
2025-08-16 10:00:00,7235.84
2025-08-16 10:15:00,7078.28
2025-08-16 10:30:00,6938.75
2025-08-16 10:45:00,6715.89
2025-08-16 11:00:00,6477.51
2025-08-16 11:15:00,6136.47
2025-08-16 11:30:00,5953.78
2025-08-16 11:45:00,5842.59
2025-08-16 12:00:00,5654.84
2025-08-16 12:15:00,5351.11
2025-08-16 12:30:00,5208.77
2025-08-16 12:45:00,5195.22
2025-08-16 13:00:00,5054.3
2025-08-16 13:15:00,4853.97
2025-08-16 13:30:00,4881.2
2025-08-16 13:45:00,4989.63
2025-08-16 14:00:00,5013.2
2025-08-16 14:15:00,5204.01
2025-08-16 14:30:00,5540.52
2025-08-16 14:45:00,5781.55
2025-08-16 15:00:00,5857.76
2025-08-16 15:15:00,6051.22
2025-08-16 15:30:00,6322.62
2025-08-16 15:45:00,6591.85
2025-08-16 16:00:00,6845.33
2025-08-16 16:15:00,7123.29
2025-08-16 16:30:00,7431.02
2025-08-16 16:45:00,7748.75
2025-08-16 17:00:00,8060.64
2025-08-16 17:15:00,8489.69
2025-08-16 17:30:00,8963.61
2025-08-16 17:45:00,9359.92
2025-08-16 18:00:00,9684.0
2025-08-16 18:15:00,9905.58
2025-08-16 18:30:00,10124.43
2025-08-16 18:45:00,10224.83
2025-08-16 19:00:00,10198.84
2025-08-16 19:15:00,10131.9
2025-08-16 19:30:00,10091.28
2025-08-16 19:45:00,10108.69
2025-08-16 20:00:00,10277.97
2025-08-16 20:15:00,10549.69
2025-08-16 20:30:00,10648.71
2025-08-16 20:45:00,10571.73
2025-08-16 21:00:00,10458.31
2025-08-16 21:15:00,10522.53
2025-08-16 21:30:00,10533.37
2025-08-16 21:45:00,10572.76
2025-08-16 22:00:00,10568.69
2025-08-16 22:15:00,10492.71
2025-08-16 22:30:00,10397.95
2025-08-16 22:45:00,10293.38
2025-08-16 23:00:00,10246.14
2025-08-16 23:15:00,10185.94
2025-08-16 23:30:00,10128.57
2025-08-16 23:45:00,10064.59
2025-08-17 00:00:00,10023.41
2025-08-17 00:15:00,9992.3
2025-08-17 00:30:00,9970.38
2025-08-17 00:45:00,9973.57
2025-08-17 01:00:00,9955.0
2025-08-17 01:15:00,9911.81
2025-08-17 01:30:00,9882.35
2025-08-17 01:45:00,9856.38
2025-08-17 02:00:00,9804.15
2025-08-17 02:15:00,9771.28
2025-08-17 02:30:00,9734.74
2025-08-17 02:45:00,9715.18
2025-08-17 03:00:00,9712.59
2025-08-17 03:15:00,9725.21
2025-08-17 03:30:00,9730.71
2025-08-17 03:45:00,9717.5
2025-08-17 04:00:00,9705.08
2025-08-17 04:15:00,9670.47
2025-08-17 04:30:00,9642.57
2025-08-17 04:45:00,9597.24
2025-08-17 05:00:00,9442.54
2025-08-17 05:15:00,9193.94
2025-08-17 05:30:00,8996.82
2025-08-17 05:45:00,8841.26
2025-08-17 06:00:00,8524.75
2025-08-17 06:15:00,8036.63
2025-08-17 06:30:00,7677.13
2025-08-17 06:45:00,7555.19
2025-08-17 07:00:00,7424.17
2025-08-17 07:15:00,7358.65
2025-08-17 07:30:00,7250.5
2025-08-17 07:45:00,7009.73
2025-08-17 08:00:00,6846.41
2025-08-17 08:15:00,6743.44
2025-08-17 08:30:00,6574.95
2025-08-17 08:45:00,6384.39
2025-08-17 09:00:00,6377.1
2025-08-17 09:15:00,6290.4
2025-08-17 09:30:00,6258.2
2025-08-17 09:45:00,6275.97
2025-08-17 10:00:00,6335.84
2025-08-17 10:15:00,6245.35
2025-08-17 10:30:00,6173.02
2025-08-17 10:45:00,6159.17
2025-08-17 11:00:00,6216.01
2025-08-17 11:15:00,6367.33
2025-08-17 11:30:00,6628.81
2025-08-17 11:45:00,6658.05
2025-08-17 12:00:00,6739.78
2025-08-17 12:15:00,6801.44
2025-08-17 12:30:00,6702.89
2025-08-17 12:45:00,6863.04
2025-08-17 13:00:00,7132.82
2025-08-17 13:15:00,7306.78
2025-08-17 13:30:00,7484.52
2025-08-17 13:45:00,7616.65
2025-08-17 14:00:00,7698.3
2025-08-17 14:15:00,7890.33
2025-08-17 14:30:00,8043.89
2025-08-17 14:45:00,8134.03
2025-08-17 15:00:00,8267.5
2025-08-17 15:15:00,8500.32
2025-08-17 15:30:00,8732.12
2025-08-17 15:45:00,8963.28
2025-08-17 16:00:00,9193.13
2025-08-17 16:15:00,9391.85
2025-08-17 16:30:00,9614.49
2025-08-17 16:45:00,9740.84
2025-08-17 17:00:00,9833.6
2025-08-17 17:15:00,10025.51
2025-08-17 17:30:00,10206.65
2025-08-17 17:45:00,10350.41
2025-08-17 18:00:00,10527.95
2025-08-17 18:15:00,10615.49
2025-08-17 18:30:00,10767.99
2025-08-17 18:45:00,10804.74
2025-08-17 19:00:00,10820.26
2025-08-17 19:15:00,10910.94
2025-08-17 19:30:00,11000.6
2025-08-17 19:45:00,11056.81
2025-08-17 20:00:00,11020.65
2025-08-17 20:15:00,10959.27
2025-08-17 20:30:00,10949.53
2025-08-17 20:45:00,10905.44
2025-08-17 21:00:00,10823.06
2025-08-17 21:15:00,10721.55
2025-08-17 21:30:00,10696.65
2025-08-17 21:45:00,10650.25
2025-08-17 22:00:00,10639.45
2025-08-17 22:15:00,10746.4
2025-08-17 22:30:00,10741.85
2025-08-17 22:45:00,10673.92
2025-08-17 23:00:00,10610.48
2025-08-17 23:15:00,10541.22
2025-08-17 23:30:00,10470.49
2025-08-17 23:45:00,10458.87
2025-08-18 00:00:00,10453.87
2025-08-18 00:15:00,10410.39
2025-08-18 00:30:00,10438.53
2025-08-18 00:45:00,10452.83
2025-08-18 01:00:00,10412.31
2025-08-18 01:15:00,10415.84
2025-08-18 01:30:00,10389.58
2025-08-18 01:45:00,10377.92
2025-08-18 02:00:00,10407.93
2025-08-18 02:15:00,10432.52
2025-08-18 02:30:00,10481.21
2025-08-18 02:45:00,10449.74
2025-08-18 03:00:00,10440.3
2025-08-18 03:15:00,10532.0
2025-08-18 03:30:00,10596.15
2025-08-18 03:45:00,10698.67
2025-08-18 04:00:00,10690.16
2025-08-18 04:15:00,10623.01
2025-08-18 04:30:00,10564.31
2025-08-18 04:45:00,10466.19
2025-08-18 05:00:00,10426.79
2025-08-18 05:15:00,10476.81
2025-08-18 05:30:00,10615.15
2025-08-18 05:45:00,10557.86
2025-08-18 06:00:00,10384.71
2025-08-18 06:15:00,10105.58
2025-08-18 06:30:00,9867.52
2025-08-18 06:45:00,9557.01
2025-08-18 07:00:00,9148.95
2025-08-18 07:15:00,8574.21
2025-08-18 07:30:00,8069.89
2025-08-18 07:45:00,7475.36
2025-08-18 08:00:00,6930.84
2025-08-18 08:15:00,6432.03
2025-08-18 08:30:00,6028.33
2025-08-18 08:45:00,5629.82
2025-08-18 09:00:00,5334.48
2025-08-18 09:15:00,5008.66
2025-08-18 09:30:00,4731.46
2025-08-18 09:45:00,4522.86
2025-08-18 10:00:00,4468.01
2025-08-18 10:15:00,4447.86
2025-08-18 10:30:00,4451.2
2025-08-18 10:45:00,4483.22
2025-08-18 11:00:00,4516.0
2025-08-18 11:15:00,4587.34
2025-08-18 11:30:00,4651.82
2025-08-18 11:45:00,4551.26
2025-08-18 12:00:00,4445.74
2025-08-18 12:15:00,4381.59
2025-08-18 12:30:00,4183.5
2025-08-18 12:45:00,4123.94
2025-08-18 13:00:00,4022.57
2025-08-18 13:15:00,3825.48
2025-08-18 13:30:00,3820.74
2025-08-18 13:45:00,3959.43
2025-08-18 14:00:00,4137.44
2025-08-18 14:15:00,4312.57
2025-08-18 14:30:00,4470.45
2025-08-18 14:45:00,4858.12
2025-08-18 15:00:00,5376.36
2025-08-18 15:15:00,5944.59
2025-08-18 15:30:00,6585.28
2025-08-18 15:45:00,7169.68
2025-08-18 16:00:00,7665.29
2025-08-18 16:15:00,8196.58
2025-08-18 16:30:00,8738.63
2025-08-18 16:45:00,9179.86
2025-08-18 17:00:00,9600.87
2025-08-18 17:15:00,10011.43
2025-08-18 17:30:00,10369.45
2025-08-18 17:45:00,10618.3
2025-08-18 18:00:00,11064.75
2025-08-18 18:15:00,11557.78
2025-08-18 18:30:00,11814.74
2025-08-18 18:45:00,11982.02
2025-08-18 19:00:00,11960.8
2025-08-18 19:15:00,11931.59
2025-08-18 19:30:00,11942.41
2025-08-18 19:45:00,11886.81
2025-08-18 20:00:00,11890.39
2025-08-18 20:15:00,11845.21
2025-08-18 20:30:00,11769.04
2025-08-18 20:45:00,11701.89
2025-08-18 21:00:00,11662.66
2025-08-18 21:15:00,11646.39
2025-08-18 21:30:00,11621.28
2025-08-18 21:45:00,11496.77
2025-08-18 22:00:00,11364.74
2025-08-18 22:15:00,11325.39
2025-08-18 22:30:00,11277.0
2025-08-18 22:45:00,11129.98
2025-08-18 23:00:00,10931.91
2025-08-18 23:15:00,10803.23
2025-08-18 23:30:00,10753.2
2025-08-18 23:45:00,10689.39
2025-08-19 00:00:00,10690.68
2025-08-19 00:15:00,10723.99
2025-08-19 00:30:00,10701.83
2025-08-19 00:45:00,10687.47
2025-08-19 01:00:00,10672.24
2025-08-19 01:15:00,10644.92
2025-08-19 01:30:00,10600.23
2025-08-19 01:45:00,10564.83
2025-08-19 02:00:00,10557.89
2025-08-19 02:15:00,10603.09
2025-08-19 02:30:00,10591.7
2025-08-19 02:45:00,10594.91
2025-08-19 03:00:00,10632.53
2025-08-19 03:15:00,10707.78
2025-08-19 03:30:00,10766.58
2025-08-19 03:45:00,10815.93
2025-08-19 04:00:00,10856.13
2025-08-19 04:15:00,10891.01
2025-08-19 04:30:00,10920.45
2025-08-19 04:45:00,11012.87
2025-08-19 05:00:00,10990.46
2025-08-19 05:15:00,10825.98
2025-08-19 05:30:00,10729.5
2025-08-19 05:45:00,10579.94
2025-08-19 06:00:00,10311.94
2025-08-19 06:15:00,9870.99
2025-08-19 06:30:00,9500.41
2025-08-19 06:45:00,9071.95
2025-08-19 07:00:00,8516.33
2025-08-19 07:15:00,7844.79
2025-08-19 07:30:00,7180.08
2025-08-19 07:45:00,6590.45
2025-08-19 08:00:00,6031.36
2025-08-19 08:15:00,5417.51
2025-08-19 08:30:00,4858.49
2025-08-19 08:45:00,4356.76
2025-08-19 09:00:00,3904.81
2025-08-19 09:15:00,3443.86
2025-08-19 09:30:00,3101.73
2025-08-19 09:45:00,2865.38
2025-08-19 10:00:00,2791.45
2025-08-19 10:15:00,2699.56
2025-08-19 10:30:00,2534.33
2025-08-19 10:45:00,2398.69
2025-08-19 11:00:00,2413.64
2025-08-19 11:15:00,2300.79
2025-08-19 11:30:00,2298.68
2025-08-19 11:45:00,2377.13
2025-08-19 12:00:00,2464.05
2025-08-19 12:15:00,2729.61
2025-08-19 12:30:00,2855.14
2025-08-19 12:45:00,2982.5
2025-08-19 13:00:00,3114.71
2025-08-19 13:15:00,3231.39
2025-08-19 13:30:00,3238.14
2025-08-19 13:45:00,3301.81
2025-08-19 14:00:00,3517.33
2025-08-19 14:15:00,3867.0
2025-08-19 14:30:00,4080.07
2025-08-19 14:45:00,4401.25
2025-08-19 15:00:00,4967.93
2025-08-19 15:15:00,5576.04
2025-08-19 15:30:00,6187.45
2025-08-19 15:45:00,6730.69
2025-08-19 16:00:00,7311.57
2025-08-19 16:15:00,7943.32
2025-08-19 16:30:00,8387.56
2025-08-19 16:45:00,8728.55
2025-08-19 17:00:00,9091.88
2025-08-19 17:15:00,9648.83
2025-08-19 17:30:00,9963.2
2025-08-19 17:45:00,10179.77
2025-08-19 18:00:00,10407.19
2025-08-19 18:15:00,10703.05
2025-08-19 18:30:00,10848.81
2025-08-19 18:45:00,11002.47
2025-08-19 19:00:00,11211.41
2025-08-19 19:15:00,11430.97
2025-08-19 19:30:00,11572.8
2025-08-19 19:45:00,11598.56
2025-08-19 20:00:00,11526.89
2025-08-19 20:15:00,11306.48
2025-08-19 20:30:00,11152.13
2025-08-19 20:45:00,11066.81
2025-08-19 21:00:00,10984.75
2025-08-19 21:15:00,10959.03
2025-08-19 21:30:00,10906.94
2025-08-19 21:45:00,10841.9
2025-08-19 22:00:00,10799.92
2025-08-19 22:15:00,10869.15
2025-08-19 22:30:00,10876.11
2025-08-19 22:45:00,10809.58
2025-08-19 23:00:00,10768.39
2025-08-19 23:15:00,10745.57
2025-08-19 23:30:00,10765.74
2025-08-19 23:45:00,10718.85
2025-08-20 00:00:00,10695.5
2025-08-20 00:15:00,10679.32
2025-08-20 00:30:00,10641.9
2025-08-20 00:45:00,10703.08
2025-08-20 01:00:00,10784.76
2025-08-20 01:15:00,10836.41
2025-08-20 01:30:00,10812.58
2025-08-20 01:45:00,10762.93
2025-08-20 02:00:00,10730.52
2025-08-20 02:15:00,10713.69
2025-08-20 02:30:00,10720.04
2025-08-20 02:45:00,10682.26
2025-08-20 03:00:00,10702.37
2025-08-20 03:15:00,10753.44
2025-08-20 03:30:00,10753.53
2025-08-20 03:45:00,10758.53
2025-08-20 04:00:00,10776.49
2025-08-20 04:15:00,10853.1
2025-08-20 04:30:00,10896.7
2025-08-20 04:45:00,10998.77
2025-08-20 05:00:00,11073.68
2025-08-20 05:15:00,11111.62
2025-08-20 05:30:00,11135.4
2025-08-20 05:45:00,11115.24
2025-08-20 06:00:00,10977.14
2025-08-20 06:15:00,10641.84
2025-08-20 06:30:00,10426.39
2025-08-20 06:45:00,10193.88
2025-08-20 07:00:00,9807.51
2025-08-20 07:15:00,9419.67
2025-08-20 07:30:00,9179.89
2025-08-20 07:45:00,8895.59
2025-08-20 08:00:00,8514.29
2025-08-20 08:15:00,7985.59
2025-08-20 08:30:00,7349.2
2025-08-20 08:45:00,6709.03
2025-08-20 09:00:00,6182.83
2025-08-20 09:15:00,5725.69
2025-08-20 09:30:00,5394.2
2025-08-20 09:45:00,5068.26
2025-08-20 10:00:00,4630.31
2025-08-20 10:15:00,4215.68
2025-08-20 10:30:00,3809.49
2025-08-20 10:45:00,3525.73
2025-08-20 11:00:00,3337.48
2025-08-20 11:15:00,3033.84
2025-08-20 11:30:00,2787.53
2025-08-20 11:45:00,3072.95
2025-08-20 12:00:00,3416.95
2025-08-20 12:15:00,2712.11
2025-08-20 12:30:00,2405.19
2025-08-20 12:45:00,2344.79
2025-08-20 13:00:00,2310.44
2025-08-20 13:15:00,2379.47
2025-08-20 13:30:00,2632.95
2025-08-20 13:45:00,2824.27
2025-08-20 14:00:00,3187.37
2025-08-20 14:15:00,3690.0
2025-08-20 14:30:00,4092.35
2025-08-20 14:45:00,4573.04
2025-08-20 15:00:00,5174.9
2025-08-20 15:15:00,5989.04
2025-08-20 15:30:00,6710.72
2025-08-20 15:45:00,7299.38
2025-08-20 16:00:00,7846.84
2025-08-20 16:15:00,8414.81
2025-08-20 16:30:00,8857.67
2025-08-20 16:45:00,9327.82
2025-08-20 17:00:00,9673.66
2025-08-20 17:15:00,10133.17
2025-08-20 17:30:00,10520.1
2025-08-20 17:45:00,10944.5
2025-08-20 18:00:00,11354.98
2025-08-20 18:15:00,11594.19
2025-08-20 18:30:00,11855.07
2025-08-20 18:45:00,12065.46
2025-08-20 19:00:00,12105.74
2025-08-20 19:15:00,12018.14
2025-08-20 19:30:00,12034.67
2025-08-20 19:45:00,11953.32
2025-08-20 20:00:00,11872.35
2025-08-20 20:15:00,11813.64
2025-08-20 20:30:00,11785.48
2025-08-20 20:45:00,11686.3
2025-08-20 21:00:00,11616.69
2025-08-20 21:15:00,11603.96
2025-08-20 21:30:00,11530.15
2025-08-20 21:45:00,11439.31
2025-08-20 22:00:00,11430.56
2025-08-20 22:15:00,11481.42
2025-08-20 22:30:00,11400.81
2025-08-20 22:45:00,11227.52
2025-08-20 23:00:00,11150.89
2025-08-20 23:15:00,11084.38
2025-08-20 23:30:00,11023.13
2025-08-20 23:45:00,10995.18
2025-08-21 00:00:00,10955.85
2025-08-21 00:15:00,10907.3
2025-08-21 00:30:00,10861.7
2025-08-21 00:45:00,10832.87
2025-08-21 01:00:00,10819.29
2025-08-21 01:15:00,10868.54
2025-08-21 01:30:00,10816.13
2025-08-21 01:45:00,10806.22
2025-08-21 02:00:00,10806.04
2025-08-21 02:15:00,10838.96
2025-08-21 02:30:00,10823.65
2025-08-21 02:45:00,10771.29
2025-08-21 03:00:00,10757.0
2025-08-21 03:15:00,10819.26
2025-08-21 03:30:00,10856.59
2025-08-21 03:45:00,10893.5
2025-08-21 04:00:00,10961.92
2025-08-21 04:15:00,11107.82
2025-08-21 04:30:00,11257.82
2025-08-21 04:45:00,11363.61
2025-08-21 05:00:00,11344.87
2025-08-21 05:15:00,11243.95
2025-08-21 05:30:00,11016.71
2025-08-21 05:45:00,10665.12
2025-08-21 06:00:00,10228.1
2025-08-21 06:15:00,9647.74
2025-08-21 06:30:00,9161.09
2025-08-21 06:45:00,8694.57
2025-08-21 07:00:00,8158.97
2025-08-21 07:15:00,7557.23
2025-08-21 07:30:00,6944.99
2025-08-21 07:45:00,6369.04
2025-08-21 08:00:00,5842.26
2025-08-21 08:15:00,5399.95
2025-08-21 08:30:00,4888.47
2025-08-21 08:45:00,4677.48
2025-08-21 09:00:00,4513.58
2025-08-21 09:15:00,4247.86
2025-08-21 09:30:00,4074.02
2025-08-21 09:45:00,3783.18
2025-08-21 10:00:00,3511.09
2025-08-21 10:15:00,3289.18
2025-08-21 10:30:00,3269.15
2025-08-21 10:45:00,3325.43
2025-08-21 11:00:00,3406.99
2025-08-21 11:15:00,3321.53
2025-08-21 11:30:00,3294.46
2025-08-21 11:45:00,3325.8
2025-08-21 12:00:00,3424.89
2025-08-21 12:15:00,3577.21
2025-08-21 12:30:00,3671.05
2025-08-21 12:45:00,3637.97
2025-08-21 13:00:00,3715.51
2025-08-21 13:15:00,3919.89
2025-08-21 13:30:00,3974.69
2025-08-21 13:45:00,4055.04
2025-08-21 14:00:00,4341.87
2025-08-21 14:15:00,4673.11
2025-08-21 14:30:00,4819.13
2025-08-21 14:45:00,5023.18
2025-08-21 15:00:00,5561.46
2025-08-21 15:15:00,6230.64
2025-08-21 15:30:00,6619.34
2025-08-21 15:45:00,7113.06
2025-08-21 16:00:00,7724.71
2025-08-21 16:15:00,8243.09
2025-08-21 16:30:00,8745.51
2025-08-21 16:45:00,9254.4
2025-08-21 17:00:00,9555.63
2025-08-21 17:15:00,9899.67
2025-08-21 17:30:00,10423.32
2025-08-21 17:45:00,10808.3
2025-08-21 18:00:00,11106.06
2025-08-21 18:15:00,11473.55
2025-08-21 18:30:00,11703.56
2025-08-21 18:45:00,11779.79
2025-08-21 19:00:00,11894.58
2025-08-21 19:15:00,12111.59
2025-08-21 19:30:00,12284.94
2025-08-21 19:45:00,12280.57
2025-08-21 20:00:00,12259.45
2025-08-21 20:15:00,12254.96
2025-08-21 20:30:00,12192.74
2025-08-21 20:45:00,12085.54
2025-08-21 21:00:00,12032.67
2025-08-21 21:15:00,11896.12
2025-08-21 21:30:00,11613.61
2025-08-21 21:45:00,11553.76
2025-08-21 22:00:00,11550.19
2025-08-21 22:15:00,11654.81
2025-08-21 22:30:00,11619.77
2025-08-21 22:45:00,11454.2
2025-08-21 23:00:00,11267.73
2025-08-21 23:15:00,11102.97
2025-08-21 23:30:00,11016.8
2025-08-21 23:45:00,11007.55
2025-08-22 00:00:00,11001.11
2025-08-22 00:15:00,11013.31
2025-08-22 00:30:00,11024.12
2025-08-22 00:45:00,10992.7
2025-08-22 01:00:00,10965.99
2025-08-22 01:15:00,10978.14
2025-08-22 01:30:00,10980.08
2025-08-22 01:45:00,10955.56
2025-08-22 02:00:00,10955.5
2025-08-22 02:15:00,11015.01
2025-08-22 02:30:00,11017.97
2025-08-22 02:45:00,10931.48
2025-08-22 03:00:00,10795.82
2025-08-22 03:15:00,10800.34
2025-08-22 03:30:00,10888.08
2025-08-22 03:45:00,10936.53
2025-08-22 04:00:00,10936.24
2025-08-22 04:15:00,11057.81
2025-08-22 04:30:00,11094.59
2025-08-22 04:45:00,11065.46
2025-08-22 05:00:00,11143.75
2025-08-22 05:15:00,11181.69
2025-08-22 05:30:00,11135.63
2025-08-22 05:45:00,11224.83
2025-08-22 06:00:00,11269.07
2025-08-22 06:15:00,11303.15
2025-08-22 06:30:00,11274.74
2025-08-22 06:45:00,11224.64
2025-08-22 07:00:00,11192.14
2025-08-22 07:15:00,11178.14
2025-08-22 07:30:00,11010.15
2025-08-22 07:45:00,10815.72
2025-08-22 08:00:00,10544.71
2025-08-22 08:15:00,10247.46
2025-08-22 08:30:00,9840.41
2025-08-22 08:45:00,9469.75
2025-08-22 09:00:00,9208.67
2025-08-22 09:15:00,8978.41
2025-08-22 09:30:00,8839.34
2025-08-22 09:45:00,8668.9
2025-08-22 10:00:00,8345.93
2025-08-22 10:15:00,8050.87
2025-08-22 10:30:00,7853.7
2025-08-22 10:45:00,7866.11
2025-08-22 11:00:00,7836.83
2025-08-22 11:15:00,7718.57
2025-08-22 11:30:00,7578.39
2025-08-22 11:45:00,7498.42
2025-08-22 12:00:00,7627.64
2025-08-22 12:15:00,7999.46
2025-08-22 12:30:00,8173.09
2025-08-22 12:45:00,8217.51
2025-08-22 13:00:00,8256.42
2025-08-22 13:15:00,8290.39
2025-08-22 13:30:00,8297.5
2025-08-22 13:45:00,8305.74
2025-08-22 14:00:00,8203.74
2025-08-22 14:15:00,8155.96
2025-08-22 14:30:00,8219.8
2025-08-22 14:45:00,8487.09
2025-08-22 15:00:00,9020.08
2025-08-22 15:15:00,9648.41
2025-08-22 15:30:00,10076.39
2025-08-22 15:45:00,10381.58
2025-08-22 16:00:00,10516.38
2025-08-22 16:15:00,10365.18
2025-08-22 16:30:00,10530.66
2025-08-22 16:45:00,10745.46
2025-08-22 17:00:00,10916.48
2025-08-22 17:15:00,11185.35
2025-08-22 17:30:00,11339.39
2025-08-22 17:45:00,11482.38
2025-08-22 18:00:00,11632.07
2025-08-22 18:15:00,11837.34
2025-08-22 18:30:00,11978.83
2025-08-22 18:45:00,12017.81
2025-08-22 19:00:00,12008.72
2025-08-22 19:15:00,11959.04
2025-08-22 19:30:00,11805.62
2025-08-22 19:45:00,11755.74
2025-08-22 20:00:00,11806.51
2025-08-22 20:15:00,11830.75
2025-08-22 20:30:00,11774.65
2025-08-22 20:45:00,11652.65
2025-08-22 21:00:00,11600.29
2025-08-22 21:15:00,11661.0
2025-08-22 21:30:00,11703.81
2025-08-22 21:45:00,11618.43
2025-08-22 22:00:00,11473.16
2025-08-22 22:15:00,11407.29
2025-08-22 22:30:00,11327.98
2025-08-22 22:45:00,11235.44
2025-08-22 23:00:00,11081.75
2025-08-22 23:15:00,10954.7
2025-08-22 23:30:00,10812.07
2025-08-22 23:45:00,10712.58
2025-08-23 00:00:00,10608.23
2025-08-23 00:15:00,10556.64
2025-08-23 00:30:00,10470.55
2025-08-23 00:45:00,10392.05
2025-08-23 01:00:00,10326.5
2025-08-23 01:15:00,10182.87
2025-08-23 01:30:00,9984.73
2025-08-23 01:45:00,9931.8
2025-08-23 02:00:00,9851.31
2025-08-23 02:15:00,9874.53
2025-08-23 02:30:00,9919.0
2025-08-23 02:45:00,9921.59
2025-08-23 03:00:00,9886.39
2025-08-23 03:15:00,9957.44
2025-08-23 03:30:00,9987.11
2025-08-23 03:45:00,9948.92
2025-08-23 04:00:00,9981.12
2025-08-23 04:15:00,10165.42
2025-08-23 04:30:00,10296.67
2025-08-23 04:45:00,10316.41
2025-08-23 05:00:00,10236.69
2025-08-23 05:15:00,10074.48
2025-08-23 05:30:00,9917.26
2025-08-23 05:45:00,9828.52
2025-08-23 06:00:00,9689.59
2025-08-23 06:15:00,9337.79
2025-08-23 06:30:00,8895.02
2025-08-23 06:45:00,8484.28
2025-08-23 07:00:00,8118.58
2025-08-23 07:15:00,7695.04
2025-08-23 07:30:00,7321.48
2025-08-23 07:45:00,7088.12
2025-08-23 08:00:00,6882.01
2025-08-23 08:15:00,6530.12
2025-08-23 08:30:00,6042.46
2025-08-23 08:45:00,5872.25
2025-08-23 09:00:00,5683.75
2025-08-23 09:15:00,5287.39
2025-08-23 09:30:00,5129.55
2025-08-23 09:45:00,5120.1
2025-08-23 10:00:00,5168.39
2025-08-23 10:15:00,5124.92
2025-08-23 10:30:00,5059.31
2025-08-23 10:45:00,4876.96
2025-08-23 11:00:00,4619.42
2025-08-23 11:15:00,4388.13
2025-08-23 11:30:00,4375.13
2025-08-23 11:45:00,4305.42
2025-08-23 12:00:00,4294.54
2025-08-23 12:15:00,4401.56
2025-08-23 12:30:00,4390.32
2025-08-23 12:45:00,4455.16
2025-08-23 13:00:00,4258.12
2025-08-23 13:15:00,4045.85
2025-08-23 13:30:00,4110.54
2025-08-23 13:45:00,4334.77
2025-08-23 14:00:00,4445.31
2025-08-23 14:15:00,4580.52
2025-08-23 14:30:00,4828.16
2025-08-23 14:45:00,5210.42
2025-08-23 15:00:00,5632.75
2025-08-23 15:15:00,6000.24
2025-08-23 15:30:00,6390.83
2025-08-23 15:45:00,6719.88
2025-08-23 16:00:00,6903.43
2025-08-23 16:15:00,7090.02
2025-08-23 16:30:00,7346.62
2025-08-23 16:45:00,7689.75
2025-08-23 17:00:00,7982.88
2025-08-23 17:15:00,8443.12
2025-08-23 17:30:00,8836.33
2025-08-23 17:45:00,9150.18
2025-08-23 18:00:00,9538.68
2025-08-23 18:15:00,10035.18
2025-08-23 18:30:00,10252.18
2025-08-23 18:45:00,10341.19
2025-08-23 19:00:00,10456.2
2025-08-23 19:15:00,10568.69
2025-08-23 19:30:00,10587.35
2025-08-23 19:45:00,10549.65
2025-08-23 20:00:00,10475.27
2025-08-23 20:15:00,10423.91
2025-08-23 20:30:00,10425.88
2025-08-23 20:45:00,10356.91
2025-08-23 21:00:00,10324.01
2025-08-23 21:15:00,10313.93
2025-08-23 21:30:00,10267.42
2025-08-23 21:45:00,10190.54
2025-08-23 22:00:00,10118.51
2025-08-23 22:15:00,10118.84
2025-08-23 22:30:00,10122.02
2025-08-23 22:45:00,10038.2
2025-08-23 23:00:00,9900.5
2025-08-23 23:15:00,9818.1
2025-08-23 23:30:00,9819.74
2025-08-23 23:45:00,9758.45
2025-08-24 00:00:00,9706.94
2025-08-24 00:15:00,9749.68
2025-08-24 00:30:00,9705.57
2025-08-24 00:45:00,9651.18
2025-08-24 01:00:00,9567.98
2025-08-24 01:15:00,9503.69
2025-08-24 01:30:00,9523.33
2025-08-24 01:45:00,9493.98
2025-08-24 02:00:00,9412.61
2025-08-24 02:15:00,9347.45
2025-08-24 02:30:00,9316.22
2025-08-24 02:45:00,9323.27
2025-08-24 03:00:00,9352.48
2025-08-24 03:15:00,9359.99
2025-08-24 03:30:00,9331.69
2025-08-24 03:45:00,9309.77
2025-08-24 04:00:00,9290.59
2025-08-24 04:15:00,9246.77
2025-08-24 04:30:00,9218.24
2025-08-24 04:45:00,9135.32
2025-08-24 05:00:00,8941.73
2025-08-24 05:15:00,8672.04
2025-08-24 05:30:00,8495.73
2025-08-24 05:45:00,8296.13
2025-08-24 06:00:00,7961.3
2025-08-24 06:15:00,7449.63
2025-08-24 06:30:00,7029.48
2025-08-24 06:45:00,6688.05
2025-08-24 07:00:00,6322.63
2025-08-24 07:15:00,6028.36
2025-08-24 07:30:00,5824.15
2025-08-24 07:45:00,5742.84
2025-08-24 08:00:00,5513.34
2025-08-24 08:15:00,4986.38
2025-08-24 08:30:00,4761.58
2025-08-24 08:45:00,4428.24
2025-08-24 09:00:00,4079.81
2025-08-24 09:15:00,3787.53
2025-08-24 09:30:00,3647.24
2025-08-24 09:45:00,3401.61
2025-08-24 10:00:00,3446.21
2025-08-24 10:15:00,3750.08
2025-08-24 10:30:00,3665.16
2025-08-24 10:45:00,3669.62
2025-08-24 11:00:00,3729.83
2025-08-24 11:15:00,3560.97
2025-08-24 11:30:00,3455.34
2025-08-24 11:45:00,3374.65
2025-08-24 12:00:00,3389.57
2025-08-24 12:15:00,3259.97
2025-08-24 12:30:00,3132.16
2025-08-24 12:45:00,3195.92
2025-08-24 13:00:00,3242.98
2025-08-24 13:15:00,3302.1
2025-08-24 13:30:00,3357.45
2025-08-24 13:45:00,3433.98
2025-08-24 14:00:00,3467.74
2025-08-24 14:15:00,3589.66
2025-08-24 14:30:00,3783.65
2025-08-24 14:45:00,3985.26
2025-08-24 15:00:00,4539.06
2025-08-24 15:15:00,5193.96
2025-08-24 15:30:00,5460.68
2025-08-24 15:45:00,5687.8
2025-08-24 16:00:00,6031.05
2025-08-24 16:15:00,6482.41
2025-08-24 16:30:00,6915.99
2025-08-24 16:45:00,7217.83
2025-08-24 17:00:00,7684.75
2025-08-24 17:15:00,8451.55
2025-08-24 17:30:00,9038.8
2025-08-24 17:45:00,9440.44
2025-08-24 18:00:00,9886.35
2025-08-24 18:15:00,10258.29
2025-08-24 18:30:00,10376.47
2025-08-24 18:45:00,10463.84
2025-08-24 19:00:00,10546.65
2025-08-24 19:15:00,10575.97
2025-08-24 19:30:00,10576.32
2025-08-24 19:45:00,10524.5
2025-08-24 20:00:00,10518.26
2025-08-24 20:15:00,10512.1
2025-08-24 20:30:00,10469.73
2025-08-24 20:45:00,10365.23
2025-08-24 21:00:00,10311.37
2025-08-24 21:15:00,10255.92
2025-08-24 21:30:00,10187.98
2025-08-24 21:45:00,10165.46
2025-08-24 22:00:00,10194.57
2025-08-24 22:15:00,10288.32
2025-08-24 22:30:00,10268.11
2025-08-24 22:45:00,10177.8
2025-08-24 23:00:00,10118.03
2025-08-24 23:15:00,10064.02
2025-08-24 23:30:00,10017.82
2025-08-24 23:45:00,9983.82
2025-08-25 00:00:00,9993.52
2025-08-25 00:15:00,9995.3
2025-08-25 00:30:00,9963.8
2025-08-25 00:45:00,9918.76
2025-08-25 01:00:00,9908.17
2025-08-25 01:15:00,9931.6
2025-08-25 01:30:00,9982.32
2025-08-25 01:45:00,9983.31
2025-08-25 02:00:00,10010.39
2025-08-25 02:15:00,10077.51
2025-08-25 02:30:00,10041.99
2025-08-25 02:45:00,9945.95
2025-08-25 03:00:00,9888.4
2025-08-25 03:15:00,9907.97
2025-08-25 03:30:00,9978.2
2025-08-25 03:45:00,10065.22
2025-08-25 04:00:00,10136.14
2025-08-25 04:15:00,10297.27
2025-08-25 04:30:00,10366.17
2025-08-25 04:45:00,10378.13
2025-08-25 05:00:00,10331.25
2025-08-25 05:15:00,10283.49
2025-08-25 05:30:00,10309.19
2025-08-25 05:45:00,10234.56
2025-08-25 06:00:00,9918.28
2025-08-25 06:15:00,9549.94
2025-08-25 06:30:00,9259.91
2025-08-25 06:45:00,8895.95
2025-08-25 07:00:00,8441.53
2025-08-25 07:15:00,7809.9
2025-08-25 07:30:00,7225.12
2025-08-25 07:45:00,6729.89
2025-08-25 08:00:00,6456.96
2025-08-25 08:15:00,6235.41
2025-08-25 08:30:00,5824.62
2025-08-25 08:45:00,5387.01
2025-08-25 09:00:00,4929.57
2025-08-25 09:15:00,4506.25
2025-08-25 09:30:00,4199.71
2025-08-25 09:45:00,4007.28
2025-08-25 10:00:00,3839.97
2025-08-25 10:15:00,3708.82
2025-08-25 10:30:00,3668.97
2025-08-25 10:45:00,3539.38
2025-08-25 11:00:00,3475.52
2025-08-25 11:15:00,3523.19
2025-08-25 11:30:00,3644.22
2025-08-25 11:45:00,3723.03
2025-08-25 12:00:00,3703.81
2025-08-25 12:15:00,3686.72
2025-08-25 12:30:00,3762.53
2025-08-25 12:45:00,3870.76
2025-08-25 13:00:00,3990.62
2025-08-25 13:15:00,4181.02
2025-08-25 13:30:00,4384.89
2025-08-25 13:45:00,4523.49
2025-08-25 14:00:00,4753.51
2025-08-25 14:15:00,5023.81
2025-08-25 14:30:00,5305.22
2025-08-25 14:45:00,5752.92
2025-08-25 15:00:00,6357.68
2025-08-25 15:15:00,7171.4
2025-08-25 15:30:00,7687.52
2025-08-25 15:45:00,8118.66
2025-08-25 16:00:00,8555.65
2025-08-25 16:15:00,8980.43
2025-08-25 16:30:00,9537.14
2025-08-25 16:45:00,10020.5
2025-08-25 17:00:00,10430.61
2025-08-25 17:15:00,10739.15
2025-08-25 17:30:00,11073.37
2025-08-25 17:45:00,11388.78
2025-08-25 18:00:00,11756.26
2025-08-25 18:15:00,12102.8
2025-08-25 18:30:00,12291.74
2025-08-25 18:45:00,12336.96
2025-08-25 19:00:00,12302.07
2025-08-25 19:15:00,12169.88
2025-08-25 19:30:00,12074.23
2025-08-25 19:45:00,12025.57
2025-08-25 20:00:00,11912.75
2025-08-25 20:15:00,11748.12
2025-08-25 20:30:00,11712.52
2025-08-25 20:45:00,11690.89
2025-08-25 21:00:00,11621.41
2025-08-25 21:15:00,11543.56
2025-08-25 21:30:00,11468.73
2025-08-25 21:45:00,11412.44
2025-08-25 22:00:00,11391.77
2025-08-25 22:15:00,11360.9
2025-08-25 22:30:00,11304.03
2025-08-25 22:45:00,11202.22
2025-08-25 23:00:00,11078.03
2025-08-25 23:15:00,11005.55
2025-08-25 23:30:00,10959.36
2025-08-25 23:45:00,10912.58
2025-08-26 00:00:00,10855.56
2025-08-26 00:15:00,10807.26
2025-08-26 00:30:00,10769.23
2025-08-26 00:45:00,10727.26
2025-08-26 01:00:00,10685.28
2025-08-26 01:15:00,10617.93
2025-08-26 01:30:00,10582.46
2025-08-26 01:45:00,10550.56
2025-08-26 02:00:00,10499.19
2025-08-26 02:15:00,10473.8
2025-08-26 02:30:00,10489.68
2025-08-26 02:45:00,10486.38
2025-08-26 03:00:00,10457.83
2025-08-26 03:15:00,10462.55
2025-08-26 03:30:00,10544.32
2025-08-26 03:45:00,10611.29
2025-08-26 04:00:00,10669.5
2025-08-26 04:15:00,10775.82
2025-08-26 04:30:00,10834.38
2025-08-26 04:45:00,10862.18
2025-08-26 05:00:00,10892.18
2025-08-26 05:15:00,10853.81
2025-08-26 05:30:00,10786.74
2025-08-26 05:45:00,10645.88
2025-08-26 06:00:00,10403.08
2025-08-26 06:15:00,10015.94
2025-08-26 06:30:00,9804.7
2025-08-26 06:45:00,9579.64
2025-08-26 07:00:00,9176.82
2025-08-26 07:15:00,8722.37
2025-08-26 07:30:00,8306.91
2025-08-26 07:45:00,7716.44
2025-08-26 08:00:00,7083.17
2025-08-26 08:15:00,6480.22
2025-08-26 08:30:00,5869.82
2025-08-26 08:45:00,5455.4
2025-08-26 09:00:00,5158.59
2025-08-26 09:15:00,4930.16
2025-08-26 09:30:00,4667.61
2025-08-26 09:45:00,4354.67
2025-08-26 10:00:00,4271.85
2025-08-26 10:15:00,4214.23
2025-08-26 10:30:00,4137.91
2025-08-26 10:45:00,4129.1
2025-08-26 11:00:00,4231.55
2025-08-26 11:15:00,4473.46
2025-08-26 11:30:00,4931.13
2025-08-26 11:45:00,5306.76
2025-08-26 12:00:00,5547.16
2025-08-26 12:15:00,5847.35
2025-08-26 12:30:00,6101.58
2025-08-26 12:45:00,6294.33
2025-08-26 13:00:00,6721.55
2025-08-26 13:15:00,7276.07
2025-08-26 13:30:00,7593.03
2025-08-26 13:45:00,7650.9
2025-08-26 14:00:00,7884.37
2025-08-26 14:15:00,8268.89
2025-08-26 14:30:00,8639.12
2025-08-26 14:45:00,9010.17
2025-08-26 15:00:00,9216.95
2025-08-26 15:15:00,9504.64
2025-08-26 15:30:00,9854.35
2025-08-26 15:45:00,10139.03
2025-08-26 16:00:00,10251.64
2025-08-26 16:15:00,10347.72
2025-08-26 16:30:00,10474.94
2025-08-26 16:45:00,10623.52
2025-08-26 17:00:00,10879.77
2025-08-26 17:15:00,11190.18
2025-08-26 17:30:00,11499.75
2025-08-26 17:45:00,11680.6
2025-08-26 18:00:00,11943.16
2025-08-26 18:15:00,12078.93
2025-08-26 18:30:00,12107.13
2025-08-26 18:45:00,12182.29
2025-08-26 19:00:00,12162.48
2025-08-26 19:15:00,11890.45
2025-08-26 19:30:00,11773.32
2025-08-26 19:45:00,11709.75
2025-08-26 20:00:00,11658.9
2025-08-26 20:15:00,11669.88
2025-08-26 20:30:00,11708.14
2025-08-26 20:45:00,11692.4
2025-08-26 21:00:00,11639.6
2025-08-26 21:15:00,11560.02
2025-08-26 21:30:00,11535.93
2025-08-26 21:45:00,11486.28
2025-08-26 22:00:00,11403.42
2025-08-26 22:15:00,11246.53
2025-08-26 22:30:00,11077.34
2025-08-26 22:45:00,10917.13
2025-08-26 23:00:00,10872.29
2025-08-26 23:15:00,10840.97
2025-08-26 23:30:00,10771.58
2025-08-26 23:45:00,10762.33
2025-08-27 00:00:00,10780.97
2025-08-27 00:15:00,10802.34
2025-08-27 00:30:00,10726.62
2025-08-27 00:45:00,10586.86
2025-08-27 01:00:00,10559.57
2025-08-27 01:15:00,10538.97
2025-08-27 01:30:00,10514.5
2025-08-27 01:45:00,10436.68
2025-08-27 02:00:00,10363.5
2025-08-27 02:15:00,10376.27
2025-08-27 02:30:00,10339.2
2025-08-27 02:45:00,10309.44
2025-08-27 03:00:00,10284.33
2025-08-27 03:15:00,10284.76
2025-08-27 03:30:00,10331.68
2025-08-27 03:45:00,10421.71
2025-08-27 04:00:00,10441.85
2025-08-27 04:15:00,10448.41
2025-08-27 04:30:00,10506.57
2025-08-27 04:45:00,10562.18
2025-08-27 05:00:00,10620.11
2025-08-27 05:15:00,10708.88
2025-08-27 05:30:00,10665.26
2025-08-27 05:45:00,10663.46
2025-08-27 06:00:00,10519.13
2025-08-27 06:15:00,10258.14
2025-08-27 06:30:00,9965.53
2025-08-27 06:45:00,9763.65
2025-08-27 07:00:00,9572.79
2025-08-27 07:15:00,9278.43
2025-08-27 07:30:00,8975.22
2025-08-27 07:45:00,8595.65
2025-08-27 08:00:00,8253.03
2025-08-27 08:15:00,7959.58
2025-08-27 08:30:00,7613.9
2025-08-27 08:45:00,7103.51
2025-08-27 09:00:00,6711.97
2025-08-27 09:15:00,6295.15
2025-08-27 09:30:00,6044.24
2025-08-27 09:45:00,5889.66
2025-08-27 10:00:00,5609.68
2025-08-27 10:15:00,5217.22
2025-08-27 10:30:00,4959.01
2025-08-27 10:45:00,4703.9
