time_utc,solar_production_mw,wind_offshore_production_mw,wind_onshore_production_mw
2024-12-31 23:00:00,0.0,3453.249,6519.52
2024-12-31 23:15:00,0.0,3453.249,6519.52
2024-12-31 23:30:00,0.0,3453.249,6519.52
2024-12-31 23:45:00,0.0,3453.249,6519.52
2025-01-01 00:00:00,0.0,3110.75,5917.659
2025-01-01 00:15:00,0.0,3110.75,5917.659
2025-01-01 00:30:00,0.0,3110.75,5917.659
2025-01-01 00:45:00,0.0,3110.75,5917.659
2025-01-01 01:00:00,0.0,3376.75,4994.553
2025-01-01 01:15:00,0.0,3376.75,4994.553
2025-01-01 01:30:00,0.0,3376.75,4994.553
2025-01-01 01:45:00,0.0,3376.75,4994.553
2025-01-01 02:00:00,0.0,3414.75,4990.896
2025-01-01 02:15:00,0.0,3414.75,4990.896
2025-01-01 02:30:00,0.0,3414.75,4990.896
2025-01-01 02:45:00,0.0,3414.75,4990.896
2025-01-01 03:00:00,0.0,3155.25,4988.425
2025-01-01 03:15:00,0.0,3155.25,4988.425
2025-01-01 03:30:00,0.0,3155.25,4988.425
2025-01-01 03:45:00,0.0,3155.25,4988.425
2025-01-01 04:00:00,0.0,2714.499,4995.848
2025-01-01 04:15:00,0.0,2714.499,4995.848
2025-01-01 04:30:00,0.0,2714.499,4995.848
2025-01-01 04:45:00,0.0,2714.499,4995.848
2025-01-01 05:00:00,0.0,2826.0,5000.998
2025-01-01 05:15:00,0.0,2826.0,5000.998
2025-01-01 05:30:00,0.0,2826.0,5000.998
2025-01-01 05:45:00,0.0,2826.0,5000.998
2025-01-01 06:00:00,0.0,2691.5,5545.243
2025-01-01 06:15:00,0.0,2691.5,5545.243
2025-01-01 06:30:00,0.0,2691.5,5545.243
2025-01-01 06:45:00,0.0,2691.5,5545.243
2025-01-01 07:00:00,1.217,2566.501,5000.109
2025-01-01 07:15:00,1.217,2566.501,5000.109
2025-01-01 07:30:00,1.217,2566.501,5000.109
2025-01-01 07:45:00,1.217,2566.501,5000.109
2025-01-01 08:00:00,109.13,2249.75,5006.276
2025-01-01 08:15:00,109.13,2249.75,5006.276
2025-01-01 08:30:00,109.13,2249.75,5006.276
2025-01-01 08:45:00,109.13,2249.75,5006.276
2025-01-01 09:00:00,510.609,2035.25,5008.423
2025-01-01 09:15:00,510.609,2035.25,5008.423
2025-01-01 09:30:00,510.609,2035.25,5008.423
2025-01-01 09:45:00,510.609,2035.25,5008.423
2025-01-01 10:00:00,756.11,1573.501,5008.986
2025-01-01 10:15:00,756.11,1573.501,5008.986
2025-01-01 10:30:00,756.11,1573.501,5008.986
2025-01-01 10:45:00,756.11,1573.501,5008.986
2025-01-01 11:00:00,872.914,1518.0,4859.352
2025-01-01 11:15:00,872.914,1518.0,4859.352
2025-01-01 11:30:00,872.914,1518.0,4859.352
2025-01-01 11:45:00,872.914,1518.0,4859.352
2025-01-01 12:00:00,889.36,1817.25,4557.821
2025-01-01 12:15:00,889.36,1817.25,4557.821
2025-01-01 12:30:00,889.36,1817.25,4557.821
2025-01-01 12:45:00,889.36,1817.25,4557.821
2025-01-01 13:00:00,642.642,1998.75,4968.952
2025-01-01 13:15:00,642.642,1998.75,4968.952
2025-01-01 13:30:00,642.642,1998.75,4968.952
2025-01-01 13:45:00,642.642,1998.75,4968.952
2025-01-01 14:00:00,290.661,2567.25,5521.656
2025-01-01 14:15:00,290.661,2567.25,5521.656
2025-01-01 14:30:00,290.661,2567.25,5521.656
2025-01-01 14:45:00,290.661,2567.25,5521.656
2025-01-01 15:00:00,47.725,3314.0,6551.295
2025-01-01 15:15:00,47.725,3314.0,6551.295
2025-01-01 15:30:00,47.725,3314.0,6551.295
2025-01-01 15:45:00,47.725,3314.0,6551.295
2025-01-01 16:00:00,0.0,3651.249,6371.756
2025-01-01 16:15:00,0.0,3651.249,6371.756
2025-01-01 16:30:00,0.0,3651.249,6371.756
2025-01-01 16:45:00,0.0,3651.249,6371.756
2025-01-01 17:00:00,0.0,3621.251,5262.636
2025-01-01 17:15:00,0.0,3621.251,5262.636
2025-01-01 17:30:00,0.0,3621.251,5262.636
2025-01-01 17:45:00,0.0,3621.251,5262.636
2025-01-01 18:00:00,0.0,3423.001,5026.362
2025-01-01 18:15:00,0.0,3423.001,5026.362
2025-01-01 18:30:00,0.0,3423.001,5026.362
2025-01-01 18:45:00,0.0,3423.001,5026.362
2025-01-01 19:00:00,0.0,3645.0,4969.39
2025-01-01 19:15:00,0.0,3645.0,4969.39
2025-01-01 19:30:00,0.0,3645.0,4969.39
2025-01-01 19:45:00,0.0,3645.0,4969.39
2025-01-01 20:00:00,0.0,3433.001,5463.986
2025-01-01 20:15:00,0.0,3433.001,5463.986
2025-01-01 20:30:00,0.0,3433.001,5463.986
2025-01-01 20:45:00,0.0,3433.001,5463.986
2025-01-01 21:00:00,0.0,3283.75,5849.626
2025-01-01 21:15:00,0.0,3283.75,5849.626
2025-01-01 21:30:00,0.0,3283.75,5849.626
2025-01-01 21:45:00,0.0,3283.75,5849.626
2025-01-01 22:00:00,0.0,3208.0,5931.133
2025-01-01 22:15:00,0.0,3208.0,5931.133
2025-01-01 22:30:00,0.0,3208.0,5931.133
2025-01-01 22:45:00,0.0,3208.0,5931.133
2025-01-01 23:00:00,0.0,2405.0,5857.03
2025-01-01 23:15:00,0.0,2405.0,5857.03
2025-01-01 23:30:00,0.0,2405.0,5857.03
2025-01-01 23:45:00,0.0,2405.0,5857.03
2025-01-02 00:00:00,0.0,1860.75,4657.518
2025-01-02 00:15:00,0.0,1860.75,4657.518
2025-01-02 00:30:00,0.0,1860.75,4657.518
2025-01-02 00:45:00,0.0,1860.75,4657.518
2025-01-02 01:00:00,0.0,1584.75,2180.4
2025-01-02 01:15:00,0.0,1584.75,2180.4
2025-01-02 01:30:00,0.0,1584.75,2180.4
2025-01-02 01:45:00,0.0,1584.75,2180.4
2025-01-02 02:00:00,0.0,1469.249,1290.672
2025-01-02 02:15:00,0.0,1469.249,1290.672
2025-01-02 02:30:00,0.0,1469.249,1290.672
2025-01-02 02:45:00,0.0,1469.249,1290.672
2025-01-02 03:00:00,0.0,1377.0,1003.721
2025-01-02 03:15:00,0.0,1377.0,1003.721
2025-01-02 03:30:00,0.0,1377.0,1003.721
2025-01-02 03:45:00,0.0,1377.0,1003.721
2025-01-02 04:00:00,0.0,1430.751,756.568
2025-01-02 04:15:00,0.0,1430.751,756.568
2025-01-02 04:30:00,0.0,1430.751,756.568
2025-01-02 04:45:00,0.0,1430.751,756.568
2025-01-02 05:00:00,0.0,1360.5,588.753
2025-01-02 05:15:00,0.0,1360.5,588.753
2025-01-02 05:30:00,0.0,1360.5,588.753
2025-01-02 05:45:00,0.0,1360.5,588.753
2025-01-02 06:00:00,0.0,1153.749,551.794
2025-01-02 06:15:00,0.0,1153.749,551.794
2025-01-02 06:30:00,0.0,1153.749,551.794
2025-01-02 06:45:00,0.0,1153.749,551.794
2025-01-02 07:00:00,1.476,1305.001,402.255
2025-01-02 07:15:00,1.476,1305.001,402.255
2025-01-02 07:30:00,1.476,1305.001,402.255
2025-01-02 07:45:00,1.476,1305.001,402.255
2025-01-02 08:00:00,527.664,1113.749,408.922
2025-01-02 08:15:00,527.664,1113.749,408.922
2025-01-02 08:30:00,527.664,1113.749,408.922
2025-01-02 08:45:00,527.664,1113.749,408.922
2025-01-02 09:00:00,2925.525,925.0,475.339
2025-01-02 09:15:00,2925.525,925.0,475.339
2025-01-02 09:30:00,2925.525,925.0,475.339
2025-01-02 09:45:00,2925.525,925.0,475.339
2025-01-02 10:00:00,5408.625,1451.499,622.846
2025-01-02 10:15:00,5408.625,1451.499,622.846
2025-01-02 10:30:00,5408.625,1451.499,622.846
2025-01-02 10:45:00,5408.625,1451.499,622.846
2025-01-02 11:00:00,7194.923,1697.502,1071.732
2025-01-02 11:15:00,7194.923,1697.502,1071.732
2025-01-02 11:30:00,7194.923,1697.502,1071.732
2025-01-02 11:45:00,7194.923,1697.502,1071.732
2025-01-02 12:00:00,6167.02,2377.998,1741.282
2025-01-02 12:15:00,6167.02,2377.998,1741.282
2025-01-02 12:30:00,6167.02,2377.998,1741.282
2025-01-02 12:45:00,6167.02,2377.998,1741.282
2025-01-02 13:00:00,4203.266,2788.5,2118.461
2025-01-02 13:15:00,4203.266,2788.5,2118.461
2025-01-02 13:30:00,4203.266,2788.5,2118.461
2025-01-02 13:45:00,4203.266,2788.5,2118.461
2025-01-02 14:00:00,2107.258,2867.001,1658.415
2025-01-02 14:15:00,2107.258,2867.001,1658.415
2025-01-02 14:30:00,2107.258,2867.001,1658.415
2025-01-02 14:45:00,2107.258,2867.001,1658.415
2025-01-02 15:00:00,421.057,2964.75,1477.348
2025-01-02 15:15:00,421.057,2964.75,1477.348
2025-01-02 15:30:00,421.057,2964.75,1477.348
2025-01-02 15:45:00,421.057,2964.75,1477.348
2025-01-02 16:00:00,0.0,3126.5,1333.784
2025-01-02 16:15:00,0.0,3126.5,1333.784
2025-01-02 16:30:00,0.0,3126.5,1333.784
2025-01-02 16:45:00,0.0,3126.5,1333.784
2025-01-02 17:00:00,0.0,3434.5,1431.043
2025-01-02 17:15:00,0.0,3434.5,1431.043
2025-01-02 17:30:00,0.0,3434.5,1431.043
2025-01-02 17:45:00,0.0,3434.5,1431.043
2025-01-02 18:00:00,0.0,3284.001,1630.252
2025-01-02 18:15:00,0.0,3284.001,1630.252
2025-01-02 18:30:00,0.0,3284.001,1630.252
2025-01-02 18:45:00,0.0,3284.001,1630.252
2025-01-02 19:00:00,0.0,3289.0,1806.529
2025-01-02 19:15:00,0.0,3289.0,1806.529
2025-01-02 19:30:00,0.0,3289.0,1806.529
2025-01-02 19:45:00,0.0,3289.0,1806.529
2025-01-02 20:00:00,0.0,3244.75,1921.037
2025-01-02 20:15:00,0.0,3244.75,1921.037
2025-01-02 20:30:00,0.0,3244.75,1921.037
2025-01-02 20:45:00,0.0,3244.75,1921.037
2025-01-02 21:00:00,0.0,3004.5,1752.961
2025-01-02 21:15:00,0.0,3004.5,1752.961
2025-01-02 21:30:00,0.0,3004.5,1752.961
2025-01-02 21:45:00,0.0,3004.5,1752.961
2025-01-02 22:00:00,0.0,2411.75,1547.859
2025-01-02 22:15:00,0.0,2411.75,1547.859
2025-01-02 22:30:00,0.0,2411.75,1547.859
2025-01-02 22:45:00,0.0,2411.75,1547.859
2025-01-02 23:00:00,0.0,2539.5,1645.914
2025-01-02 23:15:00,0.0,2539.5,1645.914
2025-01-02 23:30:00,0.0,2539.5,1645.914
2025-01-02 23:45:00,0.0,2539.5,1645.914
2025-01-03 00:00:00,0.0,2805.499,1618.077
2025-01-03 00:15:00,0.0,2805.499,1618.077
2025-01-03 00:30:00,0.0,2805.499,1618.077
2025-01-03 00:45:00,0.0,2805.499,1618.077
2025-01-03 01:00:00,0.0,2857.749,1937.499
2025-01-03 01:15:00,0.0,2857.749,1937.499
2025-01-03 01:30:00,0.0,2857.749,1937.499
2025-01-03 01:45:00,0.0,2857.749,1937.499
2025-01-03 02:00:00,0.0,3126.25,2047.739
2025-01-03 02:15:00,0.0,3126.25,2047.739
2025-01-03 02:30:00,0.0,3126.25,2047.739
2025-01-03 02:45:00,0.0,3126.25,2047.739
2025-01-03 03:00:00,0.0,3400.75,2245.754
2025-01-03 03:15:00,0.0,3400.75,2245.754
2025-01-03 03:30:00,0.0,3400.75,2245.754
2025-01-03 03:45:00,0.0,3400.75,2245.754
2025-01-03 04:00:00,0.0,3597.249,2721.226
2025-01-03 04:15:00,0.0,3597.249,2721.226
2025-01-03 04:30:00,0.0,3597.249,2721.226
2025-01-03 04:45:00,0.0,3597.249,2721.226
2025-01-03 05:00:00,0.0,3657.0,3513.913
2025-01-03 05:15:00,0.0,3657.0,3513.913
2025-01-03 05:30:00,0.0,3657.0,3513.913
2025-01-03 05:45:00,0.0,3657.0,3513.913
2025-01-03 06:00:00,0.0,3608.25,4324.637
2025-01-03 06:15:00,0.0,3608.25,4324.637
2025-01-03 06:30:00,0.0,3608.25,4324.637
2025-01-03 06:45:00,0.0,3608.25,4324.637
2025-01-03 07:00:00,2.61,3650.25,4378.53
2025-01-03 07:15:00,2.61,3650.25,4378.53
2025-01-03 07:30:00,2.61,3650.25,4378.53
2025-01-03 07:45:00,2.61,3650.25,4378.53
2025-01-03 08:00:00,551.752,3537.0,4821.699
2025-01-03 08:15:00,551.752,3537.0,4821.699
2025-01-03 08:30:00,551.752,3537.0,4821.699
2025-01-03 08:45:00,551.752,3537.0,4821.699
2025-01-03 09:00:00,2772.148,3459.75,5248.739
2025-01-03 09:15:00,2772.148,3459.75,5248.739
2025-01-03 09:30:00,2772.148,3459.75,5248.739
2025-01-03 09:45:00,2772.148,3459.75,5248.739
2025-01-03 10:00:00,4336.232,3474.25,5479.588
2025-01-03 10:15:00,4336.232,3474.25,5479.588
2025-01-03 10:30:00,4336.232,3474.25,5479.588
2025-01-03 10:45:00,4336.232,3474.25,5479.588
2025-01-03 11:00:00,3981.92,3640.001,5174.549
2025-01-03 11:15:00,3981.92,3640.001,5174.549
2025-01-03 11:30:00,3981.92,3640.001,5174.549
2025-01-03 11:45:00,3981.92,3640.001,5174.549
2025-01-03 12:00:00,3272.974,3508.501,4219.156
2025-01-03 12:15:00,3272.974,3508.501,4219.156
2025-01-03 12:30:00,3272.974,3508.501,4219.156
2025-01-03 12:45:00,3272.974,3508.501,4219.156
2025-01-03 13:00:00,2841.286,3450.25,3975.338
2025-01-03 13:15:00,2841.286,3450.25,3975.338
2025-01-03 13:30:00,2841.286,3450.25,3975.338
2025-01-03 13:45:00,2841.286,3450.25,3975.338
2025-01-03 14:00:00,1928.79,3198.751,3610.91
2025-01-03 14:15:00,1928.79,3198.751,3610.91
2025-01-03 14:30:00,1928.79,3198.751,3610.91
2025-01-03 14:45:00,1928.79,3198.751,3610.91
2025-01-03 15:00:00,447.963,3172.251,2845.564
2025-01-03 15:15:00,447.963,3172.251,2845.564
2025-01-03 15:30:00,447.963,3172.251,2845.564
2025-01-03 15:45:00,447.963,3172.251,2845.564
2025-01-03 16:00:00,0.0,3081.25,1924.284
2025-01-03 16:15:00,0.0,3081.25,1924.284
2025-01-03 16:30:00,0.0,3081.25,1924.284
2025-01-03 16:45:00,0.0,3081.25,1924.284
2025-01-03 17:00:00,0.0,2850.25,1576.54
2025-01-03 17:15:00,0.0,2850.25,1576.54
2025-01-03 17:30:00,0.0,2850.25,1576.54
2025-01-03 17:45:00,0.0,2850.25,1576.54
2025-01-03 18:00:00,0.0,2428.75,1292.627
2025-01-03 18:15:00,0.0,2428.75,1292.627
2025-01-03 18:30:00,0.0,2428.75,1292.627
2025-01-03 18:45:00,0.0,2428.75,1292.627
2025-01-03 19:00:00,0.0,2179.749,999.302
2025-01-03 19:15:00,0.0,2179.749,999.302
2025-01-03 19:30:00,0.0,2179.749,999.302
2025-01-03 19:45:00,0.0,2179.749,999.302
2025-01-03 20:00:00,0.0,1614.0,938.809
2025-01-03 20:15:00,0.0,1614.0,938.809
2025-01-03 20:30:00,0.0,1614.0,938.809
2025-01-03 20:45:00,0.0,1614.0,938.809
2025-01-03 21:00:00,0.0,1395.25,699.466
2025-01-03 21:15:00,0.0,1395.25,699.466
2025-01-03 21:30:00,0.0,1395.25,699.466
2025-01-03 21:45:00,0.0,1395.25,699.466
2025-01-03 22:00:00,0.0,1189.0,509.739
2025-01-03 22:15:00,0.0,1189.0,509.739
2025-01-03 22:30:00,0.0,1189.0,509.739
2025-01-03 22:45:00,0.0,1189.0,509.739
2025-01-03 23:00:00,0.0,887.75,668.89
2025-01-03 23:15:00,0.0,887.75,668.89
2025-01-03 23:30:00,0.0,887.75,668.89
2025-01-03 23:45:00,0.0,887.75,668.89
2025-01-04 00:00:00,0.0,1015.0,500.591
2025-01-04 00:15:00,0.0,1015.0,500.591
2025-01-04 00:30:00,0.0,1015.0,500.591
2025-01-04 00:45:00,0.0,1015.0,500.591
2025-01-04 01:00:00,0.0,655.25,526.096
2025-01-04 01:15:00,0.0,655.25,526.096
2025-01-04 01:30:00,0.0,655.25,526.096
2025-01-04 01:45:00,0.0,655.25,526.096
2025-01-04 02:00:00,0.0,371.5,449.856
2025-01-04 02:15:00,0.0,371.5,449.856
2025-01-04 02:30:00,0.0,371.5,449.856
2025-01-04 02:45:00,0.0,371.5,449.856
2025-01-04 03:00:00,0.0,413.5,375.287
2025-01-04 03:15:00,0.0,413.5,375.287
2025-01-04 03:30:00,0.0,413.5,375.287
2025-01-04 03:45:00,0.0,413.5,375.287
2025-01-04 04:00:00,0.0,491.25,291.461
2025-01-04 04:15:00,0.0,491.25,291.461
2025-01-04 04:30:00,0.0,491.25,291.461
2025-01-04 04:45:00,0.0,491.25,291.461
2025-01-04 05:00:00,0.0,519.999,311.288
2025-01-04 05:15:00,0.0,519.999,311.288
2025-01-04 05:30:00,0.0,519.999,311.288
2025-01-04 05:45:00,0.0,519.999,311.288
2025-01-04 06:00:00,0.0,733.75,263.398
2025-01-04 06:15:00,0.0,733.75,263.398
2025-01-04 06:30:00,0.0,733.75,263.398
2025-01-04 06:45:00,0.0,733.75,263.398
2025-01-04 07:00:00,1.895,1103.501,354.454
2025-01-04 07:15:00,1.895,1103.501,354.454
2025-01-04 07:30:00,1.895,1103.501,354.454
2025-01-04 07:45:00,1.895,1103.501,354.454
2025-01-04 08:00:00,279.065,1285.249,731.209
2025-01-04 08:15:00,279.065,1285.249,731.209
2025-01-04 08:30:00,279.065,1285.249,731.209
2025-01-04 08:45:00,279.065,1285.249,731.209
2025-01-04 09:00:00,1367.146,1586.25,900.076
2025-01-04 09:15:00,1367.146,1586.25,900.076
2025-01-04 09:30:00,1367.146,1586.25,900.076
2025-01-04 09:45:00,1367.146,1586.25,900.076
2025-01-04 10:00:00,2289.229,1516.999,1285.577
2025-01-04 10:15:00,2289.229,1516.999,1285.577
2025-01-04 10:30:00,2289.229,1516.999,1285.577
2025-01-04 10:45:00,2289.229,1516.999,1285.577
2025-01-04 11:00:00,3064.074,1645.5,1661.747
2025-01-04 11:15:00,3064.074,1645.5,1661.747
2025-01-04 11:30:00,3064.074,1645.5,1661.747
2025-01-04 11:45:00,3064.074,1645.5,1661.747
2025-01-04 12:00:00,3208.755,1550.75,2017.953
2025-01-04 12:15:00,3208.755,1550.75,2017.953
2025-01-04 12:30:00,3208.755,1550.75,2017.953
2025-01-04 12:45:00,3208.755,1550.75,2017.953
2025-01-04 13:00:00,2963.184,964.5,1660.262
2025-01-04 13:15:00,2963.184,964.5,1660.262
2025-01-04 13:30:00,2963.184,964.5,1660.262
2025-01-04 13:45:00,2963.184,964.5,1660.262
2025-01-04 14:00:00,1949.751,815.0,1529.951
2025-01-04 14:15:00,1949.751,815.0,1529.951
2025-01-04 14:30:00,1949.751,815.0,1529.951
2025-01-04 14:45:00,1949.751,815.0,1529.951
2025-01-04 15:00:00,348.262,567.251,1485.938
2025-01-04 15:15:00,348.262,567.251,1485.938
2025-01-04 15:30:00,348.262,567.251,1485.938
2025-01-04 15:45:00,348.262,567.251,1485.938
2025-01-04 16:00:00,0.0,567.75,1184.864
2025-01-04 16:15:00,0.0,567.75,1184.864
2025-01-04 16:30:00,0.0,567.75,1184.864
2025-01-04 16:45:00,0.0,567.75,1184.864
2025-01-04 17:00:00,0.0,688.5,1099.801
2025-01-04 17:15:00,0.0,688.5,1099.801
2025-01-04 17:30:00,0.0,688.5,1099.801
2025-01-04 17:45:00,0.0,688.5,1099.801
2025-01-04 18:00:00,0.0,778.75,910.815
2025-01-04 18:15:00,0.0,778.75,910.815
2025-01-04 18:30:00,0.0,778.75,910.815
2025-01-04 18:45:00,0.0,778.75,910.815
2025-01-04 19:00:00,0.0,848.499,909.323
2025-01-04 19:15:00,0.0,848.499,909.323
2025-01-04 19:30:00,0.0,848.499,909.323
2025-01-04 19:45:00,0.0,848.499,909.323
2025-01-04 20:00:00,0.0,954.252,780.742
2025-01-04 20:15:00,0.0,954.252,780.742
2025-01-04 20:30:00,0.0,954.252,780.742
2025-01-04 20:45:00,0.0,954.252,780.742
2025-01-04 21:00:00,0.0,1429.25,851.942
2025-01-04 21:15:00,0.0,1429.25,851.942
2025-01-04 21:30:00,0.0,1429.25,851.942
2025-01-04 21:45:00,0.0,1429.25,851.942
2025-01-04 22:00:00,0.0,1811.0,854.213
2025-01-04 22:15:00,0.0,1811.0,854.213
2025-01-04 22:30:00,0.0,1811.0,854.213
2025-01-04 22:45:00,0.0,1811.0,854.213
2025-01-04 23:00:00,0.0,2143.001,698.735
2025-01-04 23:15:00,0.0,2143.001,698.735
2025-01-04 23:30:00,0.0,2143.001,698.735
2025-01-04 23:45:00,0.0,2143.001,698.735
2025-01-05 00:00:00,0.0,2131.25,797.628
2025-01-05 00:15:00,0.0,2131.25,797.628
2025-01-05 00:30:00,0.0,2131.25,797.628
2025-01-05 00:45:00,0.0,2131.25,797.628
2025-01-05 01:00:00,0.0,2075.0,908.483
2025-01-05 01:15:00,0.0,2075.0,908.483
2025-01-05 01:30:00,0.0,2075.0,908.483
2025-01-05 01:45:00,0.0,2075.0,908.483
2025-01-05 02:00:00,0.0,2511.5,1260.471
2025-01-05 02:15:00,0.0,2511.5,1260.471
2025-01-05 02:30:00,0.0,2511.5,1260.471
2025-01-05 02:45:00,0.0,2511.5,1260.471
2025-01-05 03:00:00,0.0,2775.0,1823.41
2025-01-05 03:15:00,0.0,2775.0,1823.41
2025-01-05 03:30:00,0.0,2775.0,1823.41
2025-01-05 03:45:00,0.0,2775.0,1823.41
2025-01-05 04:00:00,0.0,2967.251,2207.106
2025-01-05 04:15:00,0.0,2967.251,2207.106
2025-01-05 04:30:00,0.0,2967.251,2207.106
2025-01-05 04:45:00,0.0,2967.251,2207.106
2025-01-05 05:00:00,0.0,3522.75,2853.148
2025-01-05 05:15:00,0.0,3522.75,2853.148
2025-01-05 05:30:00,0.0,3522.75,2853.148
2025-01-05 05:45:00,0.0,3522.75,2853.148
2025-01-05 06:00:00,0.0,3618.749,3652.59
2025-01-05 06:15:00,0.0,3618.749,3652.59
2025-01-05 06:30:00,0.0,3618.749,3652.59
2025-01-05 06:45:00,0.0,3618.749,3652.59
2025-01-05 07:00:00,2.106,3748.75,4249.094
2025-01-05 07:15:00,2.106,3748.75,4249.094
2025-01-05 07:30:00,2.106,3748.75,4249.094
2025-01-05 07:45:00,2.106,3748.75,4249.094
2025-01-05 08:00:00,148.859,3460.25,4513.89
2025-01-05 08:15:00,148.859,3460.25,4513.89
2025-01-05 08:30:00,148.859,3460.25,4513.89
2025-01-05 08:45:00,148.859,3460.25,4513.89
2025-01-05 09:00:00,664.545,3205.75,4595.959
2025-01-05 09:15:00,664.545,3205.75,4595.959
2025-01-05 09:30:00,664.545,3205.75,4595.959
2025-01-05 09:45:00,664.545,3205.75,4595.959
2025-01-05 10:00:00,917.174,3778.499,4598.546
2025-01-05 10:15:00,917.174,3778.499,4598.546
2025-01-05 10:30:00,917.174,3778.499,4598.546
2025-01-05 10:45:00,917.174,3778.499,4598.546
2025-01-05 11:00:00,928.801,3825.25,4581.535
2025-01-05 11:15:00,928.801,3825.25,4581.535
2025-01-05 11:30:00,928.801,3825.25,4581.535
2025-01-05 11:45:00,928.801,3825.25,4581.535
2025-01-05 12:00:00,853.547,3822.249,4156.812
2025-01-05 12:15:00,853.547,3822.249,4156.812
2025-01-05 12:30:00,853.547,3822.249,4156.812
2025-01-05 12:45:00,853.547,3822.249,4156.812
2025-01-05 13:00:00,713.95,3910.248,4104.715
2025-01-05 13:15:00,713.95,3910.248,4104.715
2025-01-05 13:30:00,713.95,3910.248,4104.715
2025-01-05 13:45:00,713.95,3910.248,4104.715
2025-01-05 14:00:00,449.055,3925.25,4058.809
2025-01-05 14:15:00,449.055,3925.25,4058.809
2025-01-05 14:30:00,449.055,3925.25,4058.809
2025-01-05 14:45:00,449.055,3925.25,4058.809
2025-01-05 15:00:00,101.581,3912.0,4027.458
2025-01-05 15:15:00,101.581,3912.0,4027.458
2025-01-05 15:30:00,101.581,3912.0,4027.458
2025-01-05 15:45:00,101.581,3912.0,4027.458
2025-01-05 16:00:00,0.0,3905.001,4438.989
2025-01-05 16:15:00,0.0,3905.001,4438.989
2025-01-05 16:30:00,0.0,3905.001,4438.989
2025-01-05 16:45:00,0.0,3905.001,4438.989
2025-01-05 17:00:00,0.0,3851.5,4807.524
2025-01-05 17:15:00,0.0,3851.5,4807.524
2025-01-05 17:30:00,0.0,3851.5,4807.524
2025-01-05 17:45:00,0.0,3851.5,4807.524
2025-01-05 18:00:00,0.0,3700.0,5003.044
2025-01-05 18:15:00,0.0,3700.0,5003.044
2025-01-05 18:30:00,0.0,3700.0,5003.044
2025-01-05 18:45:00,0.0,3700.0,5003.044
2025-01-05 19:00:00,0.0,3537.499,5363.208
2025-01-05 19:15:00,0.0,3537.499,5363.208
2025-01-05 19:30:00,0.0,3537.499,5363.208
2025-01-05 19:45:00,0.0,3537.499,5363.208
2025-01-05 20:00:00,0.0,3584.5,5946.143
2025-01-05 20:15:00,0.0,3584.5,5946.143
2025-01-05 20:30:00,0.0,3584.5,5946.143
2025-01-05 20:45:00,0.0,3584.5,5946.143
2025-01-05 21:00:00,0.0,3757.501,6258.428
2025-01-05 21:15:00,0.0,3757.501,6258.428
2025-01-05 21:30:00,0.0,3757.501,6258.428
2025-01-05 21:45:00,0.0,3757.501,6258.428
2025-01-05 22:00:00,0.0,3785.499,6327.987
2025-01-05 22:15:00,0.0,3785.499,6327.987
2025-01-05 22:30:00,0.0,3785.499,6327.987
2025-01-05 22:45:00,0.0,3785.499,6327.987
2025-01-05 23:00:00,0.0,3731.75,6346.329
2025-01-05 23:15:00,0.0,3731.75,6346.329
2025-01-05 23:30:00,0.0,3731.75,6346.329
2025-01-05 23:45:00,0.0,3731.75,6346.329
2025-01-06 00:00:00,0.0,3760.0,6349.757
2025-01-06 00:15:00,0.0,3760.0,6349.757
2025-01-06 00:30:00,0.0,3760.0,6349.757
2025-01-06 00:45:00,0.0,3760.0,6349.757
2025-01-06 01:00:00,0.0,3762.25,6365.786
2025-01-06 01:15:00,0.0,3762.25,6365.786
2025-01-06 01:30:00,0.0,3762.25,6365.786
2025-01-06 01:45:00,0.0,3762.25,6365.786
2025-01-06 02:00:00,0.0,3738.5,6358.798
2025-01-06 02:15:00,0.0,3738.5,6358.798
2025-01-06 02:30:00,0.0,3738.5,6358.798
2025-01-06 02:45:00,0.0,3738.5,6358.798
2025-01-06 03:00:00,0.0,3733.0,6348.957
2025-01-06 03:15:00,0.0,3733.0,6348.957
2025-01-06 03:30:00,0.0,3733.0,6348.957
2025-01-06 03:45:00,0.0,3733.0,6348.957
2025-01-06 04:00:00,0.0,3741.75,6405.595
2025-01-06 04:15:00,0.0,3741.75,6405.595
2025-01-06 04:30:00,0.0,3741.75,6405.595
2025-01-06 04:45:00,0.0,3741.75,6405.595
2025-01-06 05:00:00,0.0,3776.502,6445.041
2025-01-06 05:15:00,0.0,3776.502,6445.041
2025-01-06 05:30:00,0.0,3776.502,6445.041
2025-01-06 05:45:00,0.0,3776.502,6445.041
2025-01-06 06:00:00,0.0,3833.499,6456.073
2025-01-06 06:15:00,0.0,3833.499,6456.073
2025-01-06 06:30:00,0.0,3833.499,6456.073
2025-01-06 06:45:00,0.0,3833.499,6456.073
2025-01-06 07:00:00,1.555,3869.499,6475.489
2025-01-06 07:15:00,1.555,3869.499,6475.489
2025-01-06 07:30:00,1.555,3869.499,6475.489
2025-01-06 07:45:00,1.555,3869.499,6475.489
2025-01-06 08:00:00,236.002,3854.5,6498.396
2025-01-06 08:15:00,236.002,3854.5,6498.396
2025-01-06 08:30:00,236.002,3854.5,6498.396
2025-01-06 08:45:00,236.002,3854.5,6498.396
2025-01-06 09:00:00,975.612,3779.25,6524.789
2025-01-06 09:15:00,975.612,3779.25,6524.789
2025-01-06 09:30:00,975.612,3779.25,6524.789
2025-01-06 09:45:00,975.612,3779.25,6524.789
2025-01-06 10:00:00,1871.497,3844.75,6546.048
2025-01-06 10:15:00,1871.497,3844.75,6546.048
2025-01-06 10:30:00,1871.497,3844.75,6546.048
2025-01-06 10:45:00,1871.497,3844.75,6546.048
2025-01-06 11:00:00,2530.05,3767.5,6547.623
2025-01-06 11:15:00,2530.05,3767.5,6547.623
2025-01-06 11:30:00,2530.05,3767.5,6547.623
2025-01-06 11:45:00,2530.05,3767.5,6547.623
2025-01-06 12:00:00,1717.381,3647.75,6433.046
2025-01-06 12:15:00,1717.381,3647.75,6433.046
2025-01-06 12:30:00,1717.381,3647.75,6433.046
2025-01-06 12:45:00,1717.381,3647.75,6433.046
2025-01-06 13:00:00,1260.507,3465.75,5001.074
2025-01-06 13:15:00,1260.507,3465.75,5001.074
2025-01-06 13:30:00,1260.507,3465.75,5001.074
2025-01-06 13:45:00,1260.507,3465.75,5001.074
2025-01-06 14:00:00,990.392,3590.5,3691.47
2025-01-06 14:15:00,990.392,3590.5,3691.47
2025-01-06 14:30:00,990.392,3590.5,3691.47
2025-01-06 14:45:00,990.392,3590.5,3691.47
2025-01-06 15:00:00,243.732,3484.75,4437.669
2025-01-06 15:15:00,243.732,3484.75,4437.669
2025-01-06 15:30:00,243.732,3484.75,4437.669
2025-01-06 15:45:00,243.732,3484.75,4437.669
2025-01-06 16:00:00,0.0,3594.5,4749.8
2025-01-06 16:15:00,0.0,3594.5,4749.8
2025-01-06 16:30:00,0.0,3594.5,4749.8
2025-01-06 16:45:00,0.0,3594.5,4749.8
2025-01-06 17:00:00,0.0,3576.251,5684.138
2025-01-06 17:15:00,0.0,3576.251,5684.138
2025-01-06 17:30:00,0.0,3576.251,5684.138
2025-01-06 17:45:00,0.0,3576.251,5684.138
2025-01-06 18:00:00,0.0,3650.5,5812.151
2025-01-06 18:15:00,0.0,3650.5,5812.151
2025-01-06 18:30:00,0.0,3650.5,5812.151
2025-01-06 18:45:00,0.0,3650.5,5812.151
2025-01-06 19:00:00,0.0,3694.501,5740.483
2025-01-06 19:15:00,0.0,3694.501,5740.483
2025-01-06 19:30:00,0.0,3694.501,5740.483
2025-01-06 19:45:00,0.0,3694.501,5740.483
2025-01-06 20:00:00,0.0,3530.0,5976.773
2025-01-06 20:15:00,0.0,3530.0,5976.773
2025-01-06 20:30:00,0.0,3530.0,5976.773
2025-01-06 20:45:00,0.0,3530.0,5976.773
2025-01-06 21:00:00,0.0,3357.498,6129.268
2025-01-06 21:15:00,0.0,3357.498,6129.268
2025-01-06 21:30:00,0.0,3357.498,6129.268
2025-01-06 21:45:00,0.0,3357.498,6129.268
2025-01-06 22:00:00,0.0,3332.5,6052.075
2025-01-06 22:15:00,0.0,3332.5,6052.075
2025-01-06 22:30:00,0.0,3332.5,6052.075
2025-01-06 22:45:00,0.0,3332.5,6052.075
2025-01-06 23:00:00,0.0,3240.25,6026.778
2025-01-06 23:15:00,0.0,3240.25,6026.778
2025-01-06 23:30:00,0.0,3240.25,6026.778
2025-01-06 23:45:00,0.0,3240.25,6026.778
2025-01-07 00:00:00,0.0,3233.0,6004.008
2025-01-07 00:15:00,0.0,3233.0,6004.008
2025-01-07 00:30:00,0.0,3233.0,6004.008
2025-01-07 00:45:00,0.0,3233.0,6004.008
2025-01-07 01:00:00,0.0,3124.751,5783.646
2025-01-07 01:15:00,0.0,3124.751,5783.646
2025-01-07 01:30:00,0.0,3124.751,5783.646
2025-01-07 01:45:00,0.0,3124.751,5783.646
2025-01-07 02:00:00,0.0,3021.251,5687.045
2025-01-07 02:15:00,0.0,3021.251,5687.045
2025-01-07 02:30:00,0.0,3021.251,5687.045
2025-01-07 02:45:00,0.0,3021.251,5687.045
2025-01-07 03:00:00,0.0,2964.75,5665.789
2025-01-07 03:15:00,0.0,2964.75,5665.789
2025-01-07 03:30:00,0.0,2964.75,5665.789
2025-01-07 03:45:00,0.0,2964.75,5665.789
2025-01-07 04:00:00,0.0,3040.25,5557.268
2025-01-07 04:15:00,0.0,3040.25,5557.268
2025-01-07 04:30:00,0.0,3040.25,5557.268
2025-01-07 04:45:00,0.0,3040.25,5557.268
2025-01-07 05:00:00,0.0,3189.25,5279.018
2025-01-07 05:15:00,0.0,3189.25,5279.018
2025-01-07 05:30:00,0.0,3189.25,5279.018
2025-01-07 05:45:00,0.0,3189.25,5279.018
2025-01-07 06:00:00,0.0,3456.751,5219.674
2025-01-07 06:15:00,0.0,3456.751,5219.674
2025-01-07 06:30:00,0.0,3456.751,5219.674
2025-01-07 06:45:00,0.0,3456.751,5219.674
2025-01-07 07:00:00,2.569,3572.75,5066.869
2025-01-07 07:15:00,2.569,3572.75,5066.869
2025-01-07 07:30:00,2.569,3572.75,5066.869
2025-01-07 07:45:00,2.569,3572.75,5066.869
2025-01-07 08:00:00,355.062,3468.751,4650.32
2025-01-07 08:15:00,355.062,3468.751,4650.32
2025-01-07 08:30:00,355.062,3468.751,4650.32
2025-01-07 08:45:00,355.062,3468.751,4650.32
2025-01-07 09:00:00,1369.849,3493.75,4635.297
2025-01-07 09:15:00,1369.849,3493.75,4635.297
2025-01-07 09:30:00,1369.849,3493.75,4635.297
2025-01-07 09:45:00,1369.849,3493.75,4635.297
2025-01-07 10:00:00,3467.107,3240.0,4956.586
2025-01-07 10:15:00,3467.107,3240.0,4956.586
2025-01-07 10:30:00,3467.107,3240.0,4956.586
2025-01-07 10:45:00,3467.107,3240.0,4956.586
2025-01-07 11:00:00,5013.038,2896.75,5603.184
2025-01-07 11:15:00,5013.038,2896.75,5603.184
2025-01-07 11:30:00,5013.038,2896.75,5603.184
2025-01-07 11:45:00,5013.038,2896.75,5603.184
2025-01-07 12:00:00,5544.866,2725.251,5814.922
2025-01-07 12:15:00,5544.866,2725.251,5814.922
2025-01-07 12:30:00,5544.866,2725.251,5814.922
2025-01-07 12:45:00,5544.866,2725.251,5814.922
2025-01-07 13:00:00,3632.37,2785.25,6067.79
2025-01-07 13:15:00,3632.37,2785.25,6067.79
2025-01-07 13:30:00,3632.37,2785.25,6067.79
2025-01-07 13:45:00,3632.37,2785.25,6067.79
2025-01-07 14:00:00,1825.572,2878.5,5812.082
2025-01-07 14:15:00,1825.572,2878.5,5812.082
2025-01-07 14:30:00,1825.572,2878.5,5812.082
2025-01-07 14:45:00,1825.572,2878.5,5812.082
2025-01-07 15:00:00,425.265,3112.751,5486.997
2025-01-07 15:15:00,425.265,3112.751,5486.997
2025-01-07 15:30:00,425.265,3112.751,5486.997
2025-01-07 15:45:00,425.265,3112.751,5486.997
2025-01-07 16:00:00,0.0,3435.252,4988.443
2025-01-07 16:15:00,0.0,3435.252,4988.443
2025-01-07 16:30:00,0.0,3435.252,4988.443
2025-01-07 16:45:00,0.0,3435.252,4988.443
2025-01-07 17:00:00,0.0,3522.25,4825.666
2025-01-07 17:15:00,0.0,3522.25,4825.666
2025-01-07 17:30:00,0.0,3522.25,4825.666
2025-01-07 17:45:00,0.0,3522.25,4825.666
2025-01-07 18:00:00,0.0,3527.749,4828.031
2025-01-07 18:15:00,0.0,3527.749,4828.031
2025-01-07 18:30:00,0.0,3527.749,4828.031
2025-01-07 18:45:00,0.0,3527.749,4828.031
2025-01-07 19:00:00,0.0,3664.0,4567.779
2025-01-07 19:15:00,0.0,3664.0,4567.779
2025-01-07 19:30:00,0.0,3664.0,4567.779
2025-01-07 19:45:00,0.0,3664.0,4567.779
2025-01-07 20:00:00,0.0,3783.999,4512.405
2025-01-07 20:15:00,0.0,3783.999,4512.405
2025-01-07 20:30:00,0.0,3783.999,4512.405
2025-01-07 20:45:00,0.0,3783.999,4512.405
2025-01-07 21:00:00,0.0,3741.0,4503.442
2025-01-07 21:15:00,0.0,3741.0,4503.442
2025-01-07 21:30:00,0.0,3741.0,4503.442
2025-01-07 21:45:00,0.0,3741.0,4503.442
2025-01-07 22:00:00,0.0,3743.25,4333.062
2025-01-07 22:15:00,0.0,3743.25,4333.062
2025-01-07 22:30:00,0.0,3743.25,4333.062
2025-01-07 22:45:00,0.0,3743.25,4333.062
2025-01-07 23:00:00,0.0,3805.25,4162.538
2025-01-07 23:15:00,0.0,3805.25,4162.538
2025-01-07 23:30:00,0.0,3805.25,4162.538
2025-01-07 23:45:00,0.0,3805.25,4162.538
2025-01-08 00:00:00,0.0,3812.5,3913.67
2025-01-08 00:15:00,0.0,3812.5,3913.67
2025-01-08 00:30:00,0.0,3812.5,3913.67
2025-01-08 00:45:00,0.0,3812.5,3913.67
2025-01-08 01:00:00,0.0,3635.749,3901.464
2025-01-08 01:15:00,0.0,3635.749,3901.464
2025-01-08 01:30:00,0.0,3635.749,3901.464
2025-01-08 01:45:00,0.0,3635.749,3901.464
2025-01-08 02:00:00,0.0,3579.25,4035.384
2025-01-08 02:15:00,0.0,3579.25,4035.384
2025-01-08 02:30:00,0.0,3579.25,4035.384
2025-01-08 02:45:00,0.0,3579.25,4035.384
2025-01-08 03:00:00,0.0,3472.5,3608.714
2025-01-08 03:15:00,0.0,3472.5,3608.714
2025-01-08 03:30:00,0.0,3472.5,3608.714
2025-01-08 03:45:00,0.0,3472.5,3608.714
2025-01-08 04:00:00,0.0,3199.251,3467.757
2025-01-08 04:15:00,0.0,3199.251,3467.757
2025-01-08 04:30:00,0.0,3199.251,3467.757
2025-01-08 04:45:00,0.0,3199.251,3467.757
2025-01-08 05:00:00,0.0,2763.25,3159.862
2025-01-08 05:15:00,0.0,2763.25,3159.862
2025-01-08 05:30:00,0.0,2763.25,3159.862
2025-01-08 05:45:00,0.0,2763.25,3159.862
2025-01-08 06:00:00,0.0,2556.249,3265.306
2025-01-08 06:15:00,0.0,2556.249,3265.306
2025-01-08 06:30:00,0.0,2556.249,3265.306
2025-01-08 06:45:00,0.0,2556.249,3265.306
2025-01-08 07:00:00,3.335,2358.75,3197.115
2025-01-08 07:15:00,3.335,2358.75,3197.115
2025-01-08 07:30:00,3.335,2358.75,3197.115
2025-01-08 07:45:00,3.335,2358.75,3197.115
2025-01-08 08:00:00,677.399,2085.0,3031.454
2025-01-08 08:15:00,677.399,2085.0,3031.454
2025-01-08 08:30:00,677.399,2085.0,3031.454
2025-01-08 08:45:00,677.399,2085.0,3031.454
2025-01-08 09:00:00,3420.043,1771.752,3036.16
2025-01-08 09:15:00,3420.043,1771.752,3036.16
2025-01-08 09:30:00,3420.043,1771.752,3036.16
2025-01-08 09:45:00,3420.043,1771.752,3036.16
2025-01-08 10:00:00,5418.741,1395.25,3199.095
2025-01-08 10:15:00,5418.741,1395.25,3199.095
2025-01-08 10:30:00,5418.741,1395.25,3199.095
2025-01-08 10:45:00,5418.741,1395.25,3199.095
2025-01-08 11:00:00,6078.779,1118.75,3221.424
2025-01-08 11:15:00,6078.779,1118.75,3221.424
2025-01-08 11:30:00,6078.779,1118.75,3221.424
2025-01-08 11:45:00,6078.779,1118.75,3221.424
2025-01-08 12:00:00,5576.265,925.249,2933.894
2025-01-08 12:15:00,5576.265,925.249,2933.894
2025-01-08 12:30:00,5576.265,925.249,2933.894
2025-01-08 12:45:00,5576.265,925.249,2933.894
2025-01-08 13:00:00,3572.605,708.251,2117.953
2025-01-08 13:15:00,3572.605,708.251,2117.953
2025-01-08 13:30:00,3572.605,708.251,2117.953
2025-01-08 13:45:00,3572.605,708.251,2117.953
2025-01-08 14:00:00,1604.255,450.751,1365.022
2025-01-08 14:15:00,1604.255,450.751,1365.022
2025-01-08 14:30:00,1604.255,450.751,1365.022
2025-01-08 14:45:00,1604.255,450.751,1365.022
2025-01-08 15:00:00,376.322,372.499,701.353
2025-01-08 15:15:00,376.322,372.499,701.353
2025-01-08 15:30:00,376.322,372.499,701.353
2025-01-08 15:45:00,376.322,372.499,701.353
2025-01-08 16:00:00,0.0,375.0,342.68
2025-01-08 16:15:00,0.0,375.0,342.68
2025-01-08 16:30:00,0.0,375.0,342.68
2025-01-08 16:45:00,0.0,375.0,342.68
2025-01-08 17:00:00,0.0,402.499,290.069
2025-01-08 17:15:00,0.0,402.499,290.069
2025-01-08 17:30:00,0.0,402.499,290.069
2025-01-08 17:45:00,0.0,402.499,290.069
2025-01-08 18:00:00,0.0,610.75,351.27
2025-01-08 18:15:00,0.0,610.75,351.27
2025-01-08 18:30:00,0.0,610.75,351.27
2025-01-08 18:45:00,0.0,610.75,351.27
2025-01-08 19:00:00,0.0,893.25,258.835
2025-01-08 19:15:00,0.0,893.25,258.835
2025-01-08 19:30:00,0.0,893.25,258.835
2025-01-08 19:45:00,0.0,893.25,258.835
2025-01-08 20:00:00,0.0,753.25,302.753
2025-01-08 20:15:00,0.0,753.25,302.753
2025-01-08 20:30:00,0.0,753.25,302.753
2025-01-08 20:45:00,0.0,753.25,302.753
2025-01-08 21:00:00,0.0,629.749,507.391
2025-01-08 21:15:00,0.0,629.749,507.391
2025-01-08 21:30:00,0.0,629.749,507.391
2025-01-08 21:45:00,0.0,629.749,507.391
2025-01-08 22:00:00,0.0,348.75,561.753
2025-01-08 22:15:00,0.0,348.75,561.753
2025-01-08 22:30:00,0.0,348.75,561.753
2025-01-08 22:45:00,0.0,348.75,561.753
2025-01-08 23:00:00,0.0,220.248,294.009
2025-01-08 23:15:00,0.0,220.248,294.009
2025-01-08 23:30:00,0.0,220.248,294.009
2025-01-08 23:45:00,0.0,220.248,294.009
2025-01-09 00:00:00,0.0,260.25,96.604
2025-01-09 00:15:00,0.0,260.25,96.604
2025-01-09 00:30:00,0.0,260.25,96.604
2025-01-09 00:45:00,0.0,260.25,96.604
2025-01-09 01:00:00,0.0,238.5,62.817
2025-01-09 01:15:00,0.0,238.5,62.817
2025-01-09 01:30:00,0.0,238.5,62.817
2025-01-09 01:45:00,0.0,238.5,62.817
2025-01-09 02:00:00,0.0,238.0,71.975
2025-01-09 02:15:00,0.0,238.0,71.975
2025-01-09 02:30:00,0.0,238.0,71.975
2025-01-09 02:45:00,0.0,238.0,71.975
2025-01-09 03:00:00,0.0,226.25,78.334
2025-01-09 03:15:00,0.0,226.25,78.334
2025-01-09 03:30:00,0.0,226.25,78.334
2025-01-09 03:45:00,0.0,226.25,78.334
2025-01-09 04:00:00,0.0,84.251,82.704
2025-01-09 04:15:00,0.0,84.251,82.704
2025-01-09 04:30:00,0.0,84.251,82.704
2025-01-09 04:45:00,0.0,84.251,82.704
2025-01-09 05:00:00,0.0,355.5,149.678
2025-01-09 05:15:00,0.0,355.5,149.678
2025-01-09 05:30:00,0.0,355.5,149.678
2025-01-09 05:45:00,0.0,355.5,149.678
2025-01-09 06:00:00,0.0,978.751,178.145
2025-01-09 06:15:00,0.0,978.751,178.145
2025-01-09 06:30:00,0.0,978.751,178.145
2025-01-09 06:45:00,0.0,978.751,178.145
2025-01-09 07:00:00,1.188,643.75,255.851
2025-01-09 07:15:00,1.188,643.75,255.851
2025-01-09 07:30:00,1.188,643.75,255.851
2025-01-09 07:45:00,1.188,643.75,255.851
2025-01-09 08:00:00,116.12,545.999,171.877
2025-01-09 08:15:00,116.12,545.999,171.877
2025-01-09 08:30:00,116.12,545.999,171.877
2025-01-09 08:45:00,116.12,545.999,171.877
2025-01-09 09:00:00,790.652,865.25,182.61
2025-01-09 09:15:00,790.652,865.25,182.61
2025-01-09 09:30:00,790.652,865.25,182.61
2025-01-09 09:45:00,790.652,865.25,182.61
2025-01-09 10:00:00,2823.82,1110.5,265.352
2025-01-09 10:15:00,2823.82,1110.5,265.352
2025-01-09 10:30:00,2823.82,1110.5,265.352
2025-01-09 10:45:00,2823.82,1110.5,265.352
2025-01-09 11:00:00,4928.489,1964.75,579.822
2025-01-09 11:15:00,4928.489,1964.75,579.822
2025-01-09 11:30:00,4928.489,1964.75,579.822
2025-01-09 11:45:00,4928.489,1964.75,579.822
2025-01-09 12:00:00,6017.005,2593.5,1528.482
2025-01-09 12:15:00,6017.005,2593.5,1528.482
2025-01-09 12:30:00,6017.005,2593.5,1528.482
2025-01-09 12:45:00,6017.005,2593.5,1528.482
2025-01-09 13:00:00,5157.461,3163.25,1895.302
2025-01-09 13:15:00,5157.461,3163.25,1895.302
2025-01-09 13:30:00,5157.461,3163.25,1895.302
2025-01-09 13:45:00,5157.461,3163.25,1895.302
2025-01-09 14:00:00,2996.136,3383.25,2520.761
2025-01-09 14:15:00,2996.136,3383.25,2520.761
2025-01-09 14:30:00,2996.136,3383.25,2520.761
2025-01-09 14:45:00,2996.136,3383.25,2520.761
2025-01-09 15:00:00,713.848,3592.75,2561.683
2025-01-09 15:15:00,713.848,3592.75,2561.683
2025-01-09 15:30:00,713.848,3592.75,2561.683
2025-01-09 15:45:00,713.848,3592.75,2561.683
2025-01-09 16:00:00,0.0,3646.249,3023.265
2025-01-09 16:15:00,0.0,3646.249,3023.265
2025-01-09 16:30:00,0.0,3646.249,3023.265
2025-01-09 16:45:00,0.0,3646.249,3023.265
2025-01-09 17:00:00,0.0,3667.25,2883.448
2025-01-09 17:15:00,0.0,3667.25,2883.448
2025-01-09 17:30:00,0.0,3667.25,2883.448
2025-01-09 17:45:00,0.0,3667.25,2883.448
2025-01-09 18:00:00,0.0,3761.0,2822.429
2025-01-09 18:15:00,0.0,3761.0,2822.429
2025-01-09 18:30:00,0.0,3761.0,2822.429
2025-01-09 18:45:00,0.0,3761.0,2822.429
2025-01-09 19:00:00,0.0,3803.251,2829.206
2025-01-09 19:15:00,0.0,3803.251,2829.206
2025-01-09 19:30:00,0.0,3803.251,2829.206
2025-01-09 19:45:00,0.0,3803.251,2829.206
2025-01-09 20:00:00,0.0,3748.0,3107.718
2025-01-09 20:15:00,0.0,3748.0,3107.718
2025-01-09 20:30:00,0.0,3748.0,3107.718
2025-01-09 20:45:00,0.0,3748.0,3107.718
2025-01-09 21:00:00,0.0,3666.251,3250.167
2025-01-09 21:15:00,0.0,3666.251,3250.167
2025-01-09 21:30:00,0.0,3666.251,3250.167
2025-01-09 21:45:00,0.0,3666.251,3250.167
2025-01-09 22:00:00,0.0,3482.5,3298.65
2025-01-09 22:15:00,0.0,3482.5,3298.65
2025-01-09 22:30:00,0.0,3482.5,3298.65
2025-01-09 22:45:00,0.0,3482.5,3298.65
2025-01-09 23:00:00,0.0,3327.999,3673.279
2025-01-09 23:15:00,0.0,3327.999,3673.279
2025-01-09 23:30:00,0.0,3327.999,3673.279
2025-01-09 23:45:00,0.0,3327.999,3673.279
2025-01-10 00:00:00,0.0,3087.0,3357.041
2025-01-10 00:15:00,0.0,3087.0,3357.041
2025-01-10 00:30:00,0.0,3087.0,3357.041
2025-01-10 00:45:00,0.0,3087.0,3357.041
2025-01-10 01:00:00,0.0,2898.0,2945.924
2025-01-10 01:15:00,0.0,2898.0,2945.924
2025-01-10 01:30:00,0.0,2898.0,2945.924
2025-01-10 01:45:00,0.0,2898.0,2945.924
2025-01-10 02:00:00,0.0,2732.5,2534.099
2025-01-10 02:15:00,0.0,2732.5,2534.099
2025-01-10 02:30:00,0.0,2732.5,2534.099
2025-01-10 02:45:00,0.0,2732.5,2534.099
2025-01-10 03:00:00,0.0,2580.25,2342.454
2025-01-10 03:15:00,0.0,2580.25,2342.454
2025-01-10 03:30:00,0.0,2580.25,2342.454
2025-01-10 03:45:00,0.0,2580.25,2342.454
2025-01-10 04:00:00,0.0,2390.25,2303.97
2025-01-10 04:15:00,0.0,2390.25,2303.97
2025-01-10 04:30:00,0.0,2390.25,2303.97
2025-01-10 04:45:00,0.0,2390.25,2303.97
2025-01-10 05:00:00,0.0,2117.25,2461.205
2025-01-10 05:15:00,0.0,2117.25,2461.205
2025-01-10 05:30:00,0.0,2117.25,2461.205
2025-01-10 05:45:00,0.0,2117.25,2461.205
2025-01-10 06:00:00,0.0,1885.752,2345.871
2025-01-10 06:15:00,0.0,1885.752,2345.871
2025-01-10 06:30:00,0.0,1885.752,2345.871
2025-01-10 06:45:00,0.0,1885.752,2345.871
2025-01-10 07:00:00,4.204,1713.5,2388.928
2025-01-10 07:15:00,4.204,1713.5,2388.928
2025-01-10 07:30:00,4.204,1713.5,2388.928
2025-01-10 07:45:00,4.204,1713.5,2388.928
2025-01-10 08:00:00,798.962,1604.999,2217.573
2025-01-10 08:15:00,798.962,1604.999,2217.573
2025-01-10 08:30:00,798.962,1604.999,2217.573
2025-01-10 08:45:00,798.962,1604.999,2217.573
2025-01-10 09:00:00,3621.026,1646.25,2558.794
2025-01-10 09:15:00,3621.026,1646.25,2558.794
2025-01-10 09:30:00,3621.026,1646.25,2558.794
2025-01-10 09:45:00,3621.026,1646.25,2558.794
2025-01-10 10:00:00,5964.138,1632.5,2798.903
2025-01-10 10:15:00,5964.138,1632.5,2798.903
2025-01-10 10:30:00,5964.138,1632.5,2798.903
2025-01-10 10:45:00,5964.138,1632.5,2798.903
2025-01-10 11:00:00,6819.406,1477.25,2832.629
2025-01-10 11:15:00,6819.406,1477.25,2832.629
2025-01-10 11:30:00,6819.406,1477.25,2832.629
2025-01-10 11:45:00,6819.406,1477.25,2832.629
2025-01-10 12:00:00,7130.792,1455.999,2919.363
2025-01-10 12:15:00,7130.792,1455.999,2919.363
2025-01-10 12:30:00,7130.792,1455.999,2919.363
2025-01-10 12:45:00,7130.792,1455.999,2919.363
2025-01-10 13:00:00,5475.597,1195.5,2247.983
2025-01-10 13:15:00,5475.597,1195.5,2247.983
2025-01-10 13:30:00,5475.597,1195.5,2247.983
2025-01-10 13:45:00,5475.597,1195.5,2247.983
2025-01-10 14:00:00,3150.371,1301.5,1523.61
2025-01-10 14:15:00,3150.371,1301.5,1523.61
2025-01-10 14:30:00,3150.371,1301.5,1523.61
2025-01-10 14:45:00,3150.371,1301.5,1523.61
2025-01-10 15:00:00,689.534,976.001,848.401
2025-01-10 15:15:00,689.534,976.001,848.401
2025-01-10 15:30:00,689.534,976.001,848.401
2025-01-10 15:45:00,689.534,976.001,848.401
2025-01-10 16:00:00,0.0,936.75,575.902
2025-01-10 16:15:00,0.0,936.75,575.902
2025-01-10 16:30:00,0.0,936.75,575.902
2025-01-10 16:45:00,0.0,936.75,575.902
2025-01-10 17:00:00,0.0,921.75,364.326
2025-01-10 17:15:00,0.0,921.75,364.326
2025-01-10 17:30:00,0.0,921.75,364.326
2025-01-10 17:45:00,0.0,921.75,364.326
2025-01-10 18:00:00,0.0,714.249,144.2
2025-01-10 18:15:00,0.0,714.249,144.2
2025-01-10 18:30:00,0.0,714.249,144.2
2025-01-10 18:45:00,0.0,714.249,144.2
2025-01-10 19:00:00,0.0,530.75,99.405
2025-01-10 19:15:00,0.0,530.75,99.405
2025-01-10 19:30:00,0.0,530.75,99.405
2025-01-10 19:45:00,0.0,530.75,99.405
2025-01-10 20:00:00,0.0,257.499,114.052
2025-01-10 20:15:00,0.0,257.499,114.052
2025-01-10 20:30:00,0.0,257.499,114.052
2025-01-10 20:45:00,0.0,257.499,114.052
2025-01-10 21:00:00,0.0,205.25,71.701
2025-01-10 21:15:00,0.0,205.25,71.701
2025-01-10 21:30:00,0.0,205.25,71.701
2025-01-10 21:45:00,0.0,205.25,71.701
2025-01-10 22:00:00,0.0,156.249,28.37
2025-01-10 22:15:00,0.0,156.249,28.37
2025-01-10 22:30:00,0.0,156.249,28.37
2025-01-10 22:45:00,0.0,156.249,28.37
2025-01-10 23:00:00,0.0,149.5,25.746
2025-01-10 23:15:00,0.0,149.5,25.746
2025-01-10 23:30:00,0.0,149.5,25.746
2025-01-10 23:45:00,0.0,149.5,25.746
2025-01-11 00:00:00,0.0,170.25,10.003
2025-01-11 00:15:00,0.0,170.25,10.003
2025-01-11 00:30:00,0.0,170.25,10.003
2025-01-11 00:45:00,0.0,170.25,10.003
2025-01-11 01:00:00,0.0,172.251,17.671
2025-01-11 01:15:00,0.0,172.251,17.671
2025-01-11 01:30:00,0.0,172.251,17.671
2025-01-11 01:45:00,0.0,172.251,17.671
2025-01-11 02:00:00,0.0,248.75,23.581
2025-01-11 02:15:00,0.0,248.75,23.581
2025-01-11 02:30:00,0.0,248.75,23.581
2025-01-11 02:45:00,0.0,248.75,23.581
2025-01-11 03:00:00,0.0,384.0,6.064
2025-01-11 03:15:00,0.0,384.0,6.064
2025-01-11 03:30:00,0.0,384.0,6.064
2025-01-11 03:45:00,0.0,384.0,6.064
2025-01-11 04:00:00,0.0,275.25,3.191
2025-01-11 04:15:00,0.0,275.25,3.191
2025-01-11 04:30:00,0.0,275.25,3.191
2025-01-11 04:45:00,0.0,275.25,3.191
2025-01-11 05:00:00,0.0,404.0,45.145
2025-01-11 05:15:00,0.0,404.0,45.145
2025-01-11 05:30:00,0.0,404.0,45.145
2025-01-11 05:45:00,0.0,404.0,45.145
2025-01-11 06:00:00,0.0,567.5,83.826
2025-01-11 06:15:00,0.0,567.5,83.826
2025-01-11 06:30:00,0.0,567.5,83.826
2025-01-11 06:45:00,0.0,567.5,83.826
2025-01-11 07:00:00,4.792,292.001,142.724
2025-01-11 07:15:00,4.792,292.001,142.724
2025-01-11 07:30:00,4.792,292.001,142.724
2025-01-11 07:45:00,4.792,292.001,142.724
2025-01-11 08:00:00,948.157,409.0,166.665
2025-01-11 08:15:00,948.157,409.0,166.665
2025-01-11 08:30:00,948.157,409.0,166.665
2025-01-11 08:45:00,948.157,409.0,166.665
2025-01-11 09:00:00,4093.638,411.751,230.152
2025-01-11 09:15:00,4093.638,411.751,230.152
2025-01-11 09:30:00,4093.638,411.751,230.152
2025-01-11 09:45:00,4093.638,411.751,230.152
2025-01-11 10:00:00,6048.324,550.249,264.551
2025-01-11 10:15:00,6048.324,550.249,264.551
2025-01-11 10:30:00,6048.324,550.249,264.551
2025-01-11 10:45:00,6048.324,550.249,264.551
2025-01-11 11:00:00,6173.202,685.5,425.002
2025-01-11 11:15:00,6173.202,685.5,425.002
2025-01-11 11:30:00,6173.202,685.5,425.002
2025-01-11 11:45:00,6173.202,685.5,425.002
2025-01-11 12:00:00,6168.499,772.499,862.665
2025-01-11 12:15:00,6168.499,772.499,862.665
2025-01-11 12:30:00,6168.499,772.499,862.665
2025-01-11 12:45:00,6168.499,772.499,862.665
2025-01-11 13:00:00,4788.246,953.749,1086.246
2025-01-11 13:15:00,4788.246,953.749,1086.246
2025-01-11 13:30:00,4788.246,953.749,1086.246
2025-01-11 13:45:00,4788.246,953.749,1086.246
2025-01-11 14:00:00,2962.021,1289.75,1103.041
2025-01-11 14:15:00,2962.021,1289.75,1103.041
2025-01-11 14:30:00,2962.021,1289.75,1103.041
2025-01-11 14:45:00,2962.021,1289.75,1103.041
2025-01-11 15:00:00,791.282,1389.501,924.495
2025-01-11 15:15:00,791.282,1389.501,924.495
2025-01-11 15:30:00,791.282,1389.501,924.495
2025-01-11 15:45:00,791.282,1389.501,924.495
2025-01-11 16:00:00,0.0,1676.001,754.124
2025-01-11 16:15:00,0.0,1676.001,754.124
2025-01-11 16:30:00,0.0,1676.001,754.124
2025-01-11 16:45:00,0.0,1676.001,754.124
2025-01-11 17:00:00,0.0,1935.0,636.451
2025-01-11 17:15:00,0.0,1935.0,636.451
2025-01-11 17:30:00,0.0,1935.0,636.451
2025-01-11 17:45:00,0.0,1935.0,636.451
2025-01-11 18:00:00,0.0,1847.0,600.363
2025-01-11 18:15:00,0.0,1847.0,600.363
2025-01-11 18:30:00,0.0,1847.0,600.363
2025-01-11 18:45:00,0.0,1847.0,600.363
2025-01-11 19:00:00,0.0,1651.249,426.975
2025-01-11 19:15:00,0.0,1651.249,426.975
2025-01-11 19:30:00,0.0,1651.249,426.975
2025-01-11 19:45:00,0.0,1651.249,426.975
2025-01-11 20:00:00,0.0,1498.5,276.458
2025-01-11 20:15:00,0.0,1498.5,276.458
2025-01-11 20:30:00,0.0,1498.5,276.458
2025-01-11 20:45:00,0.0,1498.5,276.458
2025-01-11 21:00:00,0.0,1116.0,174.639
2025-01-11 21:15:00,0.0,1116.0,174.639
2025-01-11 21:30:00,0.0,1116.0,174.639
2025-01-11 21:45:00,0.0,1116.0,174.639
2025-01-11 22:00:00,0.0,822.75,102.696
2025-01-11 22:15:00,0.0,822.75,102.696
2025-01-11 22:30:00,0.0,822.75,102.696
2025-01-11 22:45:00,0.0,822.75,102.696
2025-01-11 23:00:00,0.0,526.5,50.627
2025-01-11 23:15:00,0.0,526.5,50.627
2025-01-11 23:30:00,0.0,526.5,50.627
2025-01-11 23:45:00,0.0,526.5,50.627
2025-01-12 00:00:00,0.0,332.25,46.337
2025-01-12 00:15:00,0.0,332.25,46.337
2025-01-12 00:30:00,0.0,332.25,46.337
2025-01-12 00:45:00,0.0,332.25,46.337
2025-01-12 01:00:00,0.0,526.0,76.045
2025-01-12 01:15:00,0.0,526.0,76.045
2025-01-12 01:30:00,0.0,526.0,76.045
2025-01-12 01:45:00,0.0,526.0,76.045
2025-01-12 02:00:00,0.0,632.5,124.959
2025-01-12 02:15:00,0.0,632.5,124.959
2025-01-12 02:30:00,0.0,632.5,124.959
2025-01-12 02:45:00,0.0,632.5,124.959
2025-01-12 03:00:00,0.0,925.749,223.727
2025-01-12 03:15:00,0.0,925.749,223.727
2025-01-12 03:30:00,0.0,925.749,223.727
2025-01-12 03:45:00,0.0,925.749,223.727
2025-01-12 04:00:00,0.0,1004.751,197.932
2025-01-12 04:15:00,0.0,1004.751,197.932
2025-01-12 04:30:00,0.0,1004.751,197.932
2025-01-12 04:45:00,0.0,1004.751,197.932
2025-01-12 05:00:00,0.0,743.0,107.216
2025-01-12 05:15:00,0.0,743.0,107.216
2025-01-12 05:30:00,0.0,743.0,107.216
2025-01-12 05:45:00,0.0,743.0,107.216
2025-01-12 06:00:00,0.0,451.751,40.497
2025-01-12 06:15:00,0.0,451.751,40.497
2025-01-12 06:30:00,0.0,451.751,40.497
2025-01-12 06:45:00,0.0,451.751,40.497
2025-01-12 07:00:00,5.494,425.75,71.793
2025-01-12 07:15:00,5.494,425.75,71.793
2025-01-12 07:30:00,5.494,425.75,71.793
2025-01-12 07:45:00,5.494,425.75,71.793
2025-01-12 08:00:00,428.568,334.5,124.176
2025-01-12 08:15:00,428.568,334.5,124.176
2025-01-12 08:30:00,428.568,334.5,124.176
2025-01-12 08:45:00,428.568,334.5,124.176
2025-01-12 09:00:00,1965.137,224.0,96.703
2025-01-12 09:15:00,1965.137,224.0,96.703
2025-01-12 09:30:00,1965.137,224.0,96.703
2025-01-12 09:45:00,1965.137,224.0,96.703
2025-01-12 10:00:00,3740.949,173.25,89.381
2025-01-12 10:15:00,3740.949,173.25,89.381
2025-01-12 10:30:00,3740.949,173.25,89.381
2025-01-12 10:45:00,3740.949,173.25,89.381
2025-01-12 11:00:00,5155.162,158.25,124.243
2025-01-12 11:15:00,5155.162,158.25,124.243
2025-01-12 11:30:00,5155.162,158.25,124.243
2025-01-12 11:45:00,5155.162,158.25,124.243
2025-01-12 12:00:00,5381.615,97.751,98.172
2025-01-12 12:15:00,5381.615,97.751,98.172
2025-01-12 12:30:00,5381.615,97.751,98.172
2025-01-12 12:45:00,5381.615,97.751,98.172
2025-01-12 13:00:00,5078.095,27.75,34.593
2025-01-12 13:15:00,5078.095,27.75,34.593
2025-01-12 13:30:00,5078.095,27.75,34.593
2025-01-12 13:45:00,5078.095,27.75,34.593
2025-01-12 14:00:00,3083.518,7.5,50.791
2025-01-12 14:15:00,3083.518,7.5,50.791
2025-01-12 14:30:00,3083.518,7.5,50.791
2025-01-12 14:45:00,3083.518,7.5,50.791
2025-01-12 15:00:00,756.905,11.75,27.298
2025-01-12 15:15:00,756.905,11.75,27.298
2025-01-12 15:30:00,756.905,11.75,27.298
2025-01-12 15:45:00,756.905,11.75,27.298
2025-01-12 16:00:00,0.0,25.75,25.271
2025-01-12 16:15:00,0.0,25.75,25.271
2025-01-12 16:30:00,0.0,25.75,25.271
2025-01-12 16:45:00,0.0,25.75,25.271
2025-01-12 17:00:00,0.0,22.5,23.768
2025-01-12 17:15:00,0.0,22.5,23.768
2025-01-12 17:30:00,0.0,22.5,23.768
2025-01-12 17:45:00,0.0,22.5,23.768
2025-01-12 18:00:00,0.0,5.25,19.868
2025-01-12 18:15:00,0.0,5.25,19.868
2025-01-12 18:30:00,0.0,5.25,19.868
2025-01-12 18:45:00,0.0,5.25,19.868
2025-01-12 19:00:00,0.0,14.249,3.268
2025-01-12 19:15:00,0.0,14.249,3.268
2025-01-12 19:30:00,0.0,14.249,3.268
2025-01-12 19:45:00,0.0,14.249,3.268
2025-01-12 20:00:00,0.0,3.75,0.0
2025-01-12 20:15:00,0.0,3.75,0.0
2025-01-12 20:30:00,0.0,3.75,0.0
2025-01-12 20:45:00,0.0,3.75,0.0
2025-01-12 21:00:00,0.0,7.0,0.0
2025-01-12 21:15:00,0.0,7.0,0.0
2025-01-12 21:30:00,0.0,7.0,0.0
2025-01-12 21:45:00,0.0,7.0,0.0
2025-01-12 22:00:00,0.0,82.75,0.0
2025-01-12 22:15:00,0.0,82.75,0.0
2025-01-12 22:30:00,0.0,82.75,0.0
2025-01-12 22:45:00,0.0,82.75,0.0
2025-01-12 23:00:00,0.0,160.0,7.076
2025-01-12 23:15:00,0.0,160.0,7.076
2025-01-12 23:30:00,0.0,160.0,7.076
2025-01-12 23:45:00,0.0,160.0,7.076
2025-01-13 00:00:00,0.0,188.499,23.984
2025-01-13 00:15:00,0.0,188.499,23.984
2025-01-13 00:30:00,0.0,188.499,23.984
2025-01-13 00:45:00,0.0,188.499,23.984
2025-01-13 01:00:00,0.0,314.0,38.902
2025-01-13 01:15:00,0.0,314.0,38.902
2025-01-13 01:30:00,0.0,314.0,38.902
2025-01-13 01:45:00,0.0,314.0,38.902
2025-01-13 02:00:00,0.0,464.75,62.367
2025-01-13 02:15:00,0.0,464.75,62.367
2025-01-13 02:30:00,0.0,464.75,62.367
2025-01-13 02:45:00,0.0,464.75,62.367
2025-01-13 03:00:00,0.0,521.751,88.597
2025-01-13 03:15:00,0.0,521.751,88.597
2025-01-13 03:30:00,0.0,521.751,88.597
2025-01-13 03:45:00,0.0,521.751,88.597
2025-01-13 04:00:00,0.0,609.749,87.404
2025-01-13 04:15:00,0.0,609.749,87.404
2025-01-13 04:30:00,0.0,609.749,87.404
2025-01-13 04:45:00,0.0,609.749,87.404
2025-01-13 05:00:00,0.0,803.501,159.178
2025-01-13 05:15:00,0.0,803.501,159.178
2025-01-13 05:30:00,0.0,803.501,159.178
2025-01-13 05:45:00,0.0,803.501,159.178
2025-01-13 06:00:00,0.0,1045.75,217.366
2025-01-13 06:15:00,0.0,1045.75,217.366
2025-01-13 06:30:00,0.0,1045.75,217.366
2025-01-13 06:45:00,0.0,1045.75,217.366
2025-01-13 07:00:00,6.757,1292.0,320.416
2025-01-13 07:15:00,6.757,1292.0,320.416
2025-01-13 07:30:00,6.757,1292.0,320.416
2025-01-13 07:45:00,6.757,1292.0,320.416
2025-01-13 08:00:00,1130.07,1447.75,420.55
2025-01-13 08:15:00,1130.07,1447.75,420.55
2025-01-13 08:30:00,1130.07,1447.75,420.55
2025-01-13 08:45:00,1130.07,1447.75,420.55
2025-01-13 09:00:00,5237.87,1532.75,676.544
2025-01-13 09:15:00,5237.87,1532.75,676.544
2025-01-13 09:30:00,5237.87,1532.75,676.544
2025-01-13 09:45:00,5237.87,1532.75,676.544
2025-01-13 10:00:00,7768.441,1676.001,983.615
2025-01-13 10:15:00,7768.441,1676.001,983.615
2025-01-13 10:30:00,7768.441,1676.001,983.615
2025-01-13 10:45:00,7768.441,1676.001,983.615
2025-01-13 11:00:00,8988.94,1818.999,1370.683
2025-01-13 11:15:00,8988.94,1818.999,1370.683
2025-01-13 11:30:00,8988.94,1818.999,1370.683
2025-01-13 11:45:00,8988.94,1818.999,1370.683
2025-01-13 12:00:00,8928.557,1924.25,1814.808
2025-01-13 12:15:00,8928.557,1924.25,1814.808
2025-01-13 12:30:00,8928.557,1924.25,1814.808
2025-01-13 12:45:00,8928.557,1924.25,1814.808
2025-01-13 13:00:00,7411.798,1870.0,2135.731
2025-01-13 13:15:00,7411.798,1870.0,2135.731
2025-01-13 13:30:00,7411.798,1870.0,2135.731
2025-01-13 13:45:00,7411.798,1870.0,2135.731
2025-01-13 14:00:00,4643.437,1835.5,1849.604
2025-01-13 14:15:00,4643.437,1835.5,1849.604
2025-01-13 14:30:00,4643.437,1835.5,1849.604
2025-01-13 14:45:00,4643.437,1835.5,1849.604
2025-01-13 15:00:00,1066.704,1838.25,1267.51
2025-01-13 15:15:00,1066.704,1838.25,1267.51
2025-01-13 15:30:00,1066.704,1838.25,1267.51
2025-01-13 15:45:00,1066.704,1838.25,1267.51
2025-01-13 16:00:00,0.0,1856.75,1033.647
2025-01-13 16:15:00,0.0,1856.75,1033.647
2025-01-13 16:30:00,0.0,1856.75,1033.647
2025-01-13 16:45:00,0.0,1856.75,1033.647
2025-01-13 17:00:00,0.0,2002.75,1007.587
2025-01-13 17:15:00,0.0,2002.75,1007.587
2025-01-13 17:30:00,0.0,2002.75,1007.587
2025-01-13 17:45:00,0.0,2002.75,1007.587
2025-01-13 18:00:00,0.0,2058.0,1278.034
2025-01-13 18:15:00,0.0,2058.0,1278.034
2025-01-13 18:30:00,0.0,2058.0,1278.034
2025-01-13 18:45:00,0.0,2058.0,1278.034
2025-01-13 19:00:00,0.0,2025.5,1510.667
2025-01-13 19:15:00,0.0,2025.5,1510.667
2025-01-13 19:30:00,0.0,2025.5,1510.667
2025-01-13 19:45:00,0.0,2025.5,1510.667
2025-01-13 20:00:00,0.0,2011.999,1416.98
2025-01-13 20:15:00,0.0,2011.999,1416.98
2025-01-13 20:30:00,0.0,2011.999,1416.98
2025-01-13 20:45:00,0.0,2011.999,1416.98
2025-01-13 21:00:00,0.0,2010.75,1382.153
2025-01-13 21:15:00,0.0,2010.75,1382.153
2025-01-13 21:30:00,0.0,2010.75,1382.153
2025-01-13 21:45:00,0.0,2010.75,1382.153
2025-01-13 22:00:00,0.0,2005.251,1708.575
2025-01-13 22:15:00,0.0,2005.251,1708.575
2025-01-13 22:30:00,0.0,2005.251,1708.575
2025-01-13 22:45:00,0.0,2005.251,1708.575
2025-01-13 23:00:00,0.0,2057.25,1984.971
2025-01-13 23:15:00,0.0,2057.25,1984.971
2025-01-13 23:30:00,0.0,2057.25,1984.971
2025-01-13 23:45:00,0.0,2057.25,1984.971
2025-01-14 00:00:00,0.0,2209.0,1939.678
2025-01-14 00:15:00,0.0,2209.0,1939.678
2025-01-14 00:30:00,0.0,2209.0,1939.678
2025-01-14 00:45:00,0.0,2209.0,1939.678
2025-01-14 01:00:00,0.0,2259.749,2024.777
2025-01-14 01:15:00,0.0,2259.749,2024.777
2025-01-14 01:30:00,0.0,2259.749,2024.777
2025-01-14 01:45:00,0.0,2259.749,2024.777
2025-01-14 02:00:00,0.0,2330.25,2641.325
2025-01-14 02:15:00,0.0,2330.25,2641.325
2025-01-14 02:30:00,0.0,2330.25,2641.325
2025-01-14 02:45:00,0.0,2330.25,2641.325
2025-01-14 03:00:00,0.0,2271.0,2795.403
2025-01-14 03:15:00,0.0,2271.0,2795.403
2025-01-14 03:30:00,0.0,2271.0,2795.403
2025-01-14 03:45:00,0.0,2271.0,2795.403
2025-01-14 04:00:00,0.0,2425.499,2659.732
2025-01-14 04:15:00,0.0,2425.499,2659.732
2025-01-14 04:30:00,0.0,2425.499,2659.732
2025-01-14 04:45:00,0.0,2425.499,2659.732
2025-01-14 05:00:00,0.0,2506.499,2630.826
2025-01-14 05:15:00,0.0,2506.499,2630.826
2025-01-14 05:30:00,0.0,2506.499,2630.826
2025-01-14 05:45:00,0.0,2506.499,2630.826
2025-01-14 06:00:00,0.0,2498.0,2976.779
2025-01-14 06:15:00,0.0,2498.0,2976.779
2025-01-14 06:30:00,0.0,2498.0,2976.779
2025-01-14 06:45:00,0.0,2498.0,2976.779
2025-01-14 07:00:00,13.73,2608.5,3093.18
2025-01-14 07:15:00,13.73,2608.5,3093.18
2025-01-14 07:30:00,13.73,2608.5,3093.18
2025-01-14 07:45:00,13.73,2608.5,3093.18
2025-01-14 08:00:00,610.903,2367.25,2777.499
2025-01-14 08:15:00,610.903,2367.25,2777.499
2025-01-14 08:30:00,610.903,2367.25,2777.499
2025-01-14 08:45:00,610.903,2367.25,2777.499
2025-01-14 09:00:00,2276.903,2188.0,2714.749
2025-01-14 09:15:00,2276.903,2188.0,2714.749
2025-01-14 09:30:00,2276.903,2188.0,2714.749
2025-01-14 09:45:00,2276.903,2188.0,2714.749
2025-01-14 10:00:00,3200.93,2543.251,2820.396
2025-01-14 10:15:00,3200.93,2543.251,2820.396
2025-01-14 10:30:00,3200.93,2543.251,2820.396
2025-01-14 10:45:00,3200.93,2543.251,2820.396
2025-01-14 11:00:00,4425.419,2736.25,3037.526
2025-01-14 11:15:00,4425.419,2736.25,3037.526
2025-01-14 11:30:00,4425.419,2736.25,3037.526
2025-01-14 11:45:00,4425.419,2736.25,3037.526
2025-01-14 12:00:00,4897.623,2542.0,2841.651
2025-01-14 12:15:00,4897.623,2542.0,2841.651
2025-01-14 12:30:00,4897.623,2542.0,2841.651
2025-01-14 12:45:00,4897.623,2542.0,2841.651
2025-01-14 13:00:00,3868.19,2483.499,2918.926
2025-01-14 13:15:00,3868.19,2483.499,2918.926
2025-01-14 13:30:00,3868.19,2483.499,2918.926
2025-01-14 13:45:00,3868.19,2483.499,2918.926
2025-01-14 14:00:00,1711.655,2176.75,2295.001
2025-01-14 14:15:00,1711.655,2176.75,2295.001
2025-01-14 14:30:00,1711.655,2176.75,2295.001
2025-01-14 14:45:00,1711.655,2176.75,2295.001
2025-01-14 15:00:00,398.374,1625.25,1935.399
2025-01-14 15:15:00,398.374,1625.25,1935.399
2025-01-14 15:30:00,398.374,1625.25,1935.399
2025-01-14 15:45:00,398.374,1625.25,1935.399
2025-01-14 16:00:00,0.0,1295.5,1479.543
2025-01-14 16:15:00,0.0,1295.5,1479.543
2025-01-14 16:30:00,0.0,1295.5,1479.543
2025-01-14 16:45:00,0.0,1295.5,1479.543
2025-01-14 17:00:00,0.0,1118.251,1099.269
2025-01-14 17:15:00,0.0,1118.251,1099.269
2025-01-14 17:30:00,0.0,1118.251,1099.269
2025-01-14 17:45:00,0.0,1118.251,1099.269
2025-01-14 18:00:00,0.0,1067.001,1031.704
2025-01-14 18:15:00,0.0,1067.001,1031.704
2025-01-14 18:30:00,0.0,1067.001,1031.704
2025-01-14 18:45:00,0.0,1067.001,1031.704
2025-01-14 19:00:00,0.0,817.749,996.306
2025-01-14 19:15:00,0.0,817.749,996.306
2025-01-14 19:30:00,0.0,817.749,996.306
2025-01-14 19:45:00,0.0,817.749,996.306
2025-01-14 20:00:00,0.0,950.5,807.898
2025-01-14 20:15:00,0.0,950.5,807.898
2025-01-14 20:30:00,0.0,950.5,807.898
2025-01-14 20:45:00,0.0,950.5,807.898
2025-01-14 21:00:00,0.0,1073.251,505.684
2025-01-14 21:15:00,0.0,1073.251,505.684
2025-01-14 21:30:00,0.0,1073.251,505.684
2025-01-14 21:45:00,0.0,1073.251,505.684
2025-01-14 22:00:00,0.0,742.5,324.216
2025-01-14 22:15:00,0.0,742.5,324.216
2025-01-14 22:30:00,0.0,742.5,324.216
2025-01-14 22:45:00,0.0,742.5,324.216
2025-01-14 23:00:00,0.0,383.751,242.015
2025-01-14 23:15:00,0.0,383.751,242.015
2025-01-14 23:30:00,0.0,383.751,242.015
2025-01-14 23:45:00,0.0,383.751,242.015
2025-01-15 00:00:00,0.0,223.75,167.176
2025-01-15 00:15:00,0.0,223.75,167.176
2025-01-15 00:30:00,0.0,223.75,167.176
2025-01-15 00:45:00,0.0,223.75,167.176
2025-01-15 01:00:00,0.0,282.749,204.501
2025-01-15 01:15:00,0.0,282.749,204.501
2025-01-15 01:30:00,0.0,282.749,204.501
2025-01-15 01:45:00,0.0,282.749,204.501
2025-01-15 02:00:00,0.0,204.25,182.344
2025-01-15 02:15:00,0.0,204.25,182.344
2025-01-15 02:30:00,0.0,204.25,182.344
2025-01-15 02:45:00,0.0,204.25,182.344
2025-01-15 03:00:00,0.0,194.5,208.706
2025-01-15 03:15:00,0.0,194.5,208.706
2025-01-15 03:30:00,0.0,194.5,208.706
2025-01-15 03:45:00,0.0,194.5,208.706
2025-01-15 04:00:00,0.0,161.25,201.705
2025-01-15 04:15:00,0.0,161.25,201.705
2025-01-15 04:30:00,0.0,161.25,201.705
2025-01-15 04:45:00,0.0,161.25,201.705
2025-01-15 05:00:00,0.0,208.5,228.431
2025-01-15 05:15:00,0.0,208.5,228.431
2025-01-15 05:30:00,0.0,208.5,228.431
2025-01-15 05:45:00,0.0,208.5,228.431
2025-01-15 06:00:00,0.0,149.0,158.828
2025-01-15 06:15:00,0.0,149.0,158.828
2025-01-15 06:30:00,0.0,149.0,158.828
2025-01-15 06:45:00,0.0,149.0,158.828
2025-01-15 07:00:00,8.635,54.0,52.156
2025-01-15 07:15:00,8.635,54.0,52.156
2025-01-15 07:30:00,8.635,54.0,52.156
2025-01-15 07:45:00,8.635,54.0,52.156
2025-01-15 08:00:00,446.123,39.75,29.613
2025-01-15 08:15:00,446.123,39.75,29.613
2025-01-15 08:30:00,446.123,39.75,29.613
2025-01-15 08:45:00,446.123,39.75,29.613
2025-01-15 09:00:00,1623.982,44.5,9.624
2025-01-15 09:15:00,1623.982,44.5,9.624
2025-01-15 09:30:00,1623.982,44.5,9.624
2025-01-15 09:45:00,1623.982,44.5,9.624
2025-01-15 10:00:00,2640.918,21.999,22.695
2025-01-15 10:15:00,2640.918,21.999,22.695
2025-01-15 10:30:00,2640.918,21.999,22.695
2025-01-15 10:45:00,2640.918,21.999,22.695
2025-01-15 11:00:00,3175.29,14.25,64.589
2025-01-15 11:15:00,3175.29,14.25,64.589
2025-01-15 11:30:00,3175.29,14.25,64.589
2025-01-15 11:45:00,3175.29,14.25,64.589
2025-01-15 12:00:00,2943.34,25.25,84.828
2025-01-15 12:15:00,2943.34,25.25,84.828
2025-01-15 12:30:00,2943.34,25.25,84.828
2025-01-15 12:45:00,2943.34,25.25,84.828
2025-01-15 13:00:00,2291.438,9.251,95.805
2025-01-15 13:15:00,2291.438,9.251,95.805
2025-01-15 13:30:00,2291.438,9.251,95.805
2025-01-15 13:45:00,2291.438,9.251,95.805
2025-01-15 14:00:00,1251.45,12.999,58.309
2025-01-15 14:15:00,1251.45,12.999,58.309
2025-01-15 14:30:00,1251.45,12.999,58.309
2025-01-15 14:45:00,1251.45,12.999,58.309
2025-01-15 15:00:00,338.826,25.749,55.277
2025-01-15 15:15:00,338.826,25.749,55.277
2025-01-15 15:30:00,338.826,25.749,55.277
2025-01-15 15:45:00,338.826,25.749,55.277
2025-01-15 16:00:00,0.0,60.251,50.361
2025-01-15 16:15:00,0.0,60.251,50.361
2025-01-15 16:30:00,0.0,60.251,50.361
2025-01-15 16:45:00,0.0,60.251,50.361
2025-01-15 17:00:00,0.0,30.5,63.095
2025-01-15 17:15:00,0.0,30.5,63.095
2025-01-15 17:30:00,0.0,30.5,63.095
2025-01-15 17:45:00,0.0,30.5,63.095
2025-01-15 18:00:00,0.0,17.25,69.542
2025-01-15 18:15:00,0.0,17.25,69.542
2025-01-15 18:30:00,0.0,17.25,69.542
2025-01-15 18:45:00,0.0,17.25,69.542
2025-01-15 19:00:00,0.0,31.75,64.024
2025-01-15 19:15:00,0.0,31.75,64.024
2025-01-15 19:30:00,0.0,31.75,64.024
2025-01-15 19:45:00,0.0,31.75,64.024
2025-01-15 20:00:00,0.0,106.75,72.426
2025-01-15 20:15:00,0.0,106.75,72.426
2025-01-15 20:30:00,0.0,106.75,72.426
2025-01-15 20:45:00,0.0,106.75,72.426
2025-01-15 21:00:00,0.0,156.75,85.891
2025-01-15 21:15:00,0.0,156.75,85.891
2025-01-15 21:30:00,0.0,156.75,85.891
2025-01-15 21:45:00,0.0,156.75,85.891
2025-01-15 22:00:00,0.0,154.998,92.949
2025-01-15 22:15:00,0.0,154.998,92.949
2025-01-15 22:30:00,0.0,154.998,92.949
2025-01-15 22:45:00,0.0,154.998,92.949
2025-01-15 23:00:00,0.0,144.749,110.976
2025-01-15 23:15:00,0.0,144.749,110.976
2025-01-15 23:30:00,0.0,144.749,110.976
2025-01-15 23:45:00,0.0,144.749,110.976
2025-01-16 00:00:00,0.0,140.5,88.06
2025-01-16 00:15:00,0.0,140.5,88.06
2025-01-16 00:30:00,0.0,140.5,88.06
2025-01-16 00:45:00,0.0,140.5,88.06
2025-01-16 01:00:00,0.0,132.001,45.37
2025-01-16 01:15:00,0.0,132.001,45.37
2025-01-16 01:30:00,0.0,132.001,45.37
2025-01-16 01:45:00,0.0,132.001,45.37
2025-01-16 02:00:00,0.0,147.751,33.277
2025-01-16 02:15:00,0.0,147.751,33.277
2025-01-16 02:30:00,0.0,147.751,33.277
2025-01-16 02:45:00,0.0,147.751,33.277
2025-01-16 03:00:00,0.0,164.499,51.51
2025-01-16 03:15:00,0.0,164.499,51.51
2025-01-16 03:30:00,0.0,164.499,51.51
2025-01-16 03:45:00,0.0,164.499,51.51
2025-01-16 04:00:00,0.0,186.251,95.474
2025-01-16 04:15:00,0.0,186.251,95.474
2025-01-16 04:30:00,0.0,186.251,95.474
2025-01-16 04:45:00,0.0,186.251,95.474
2025-01-16 05:00:00,0.0,226.75,163.851
2025-01-16 05:15:00,0.0,226.75,163.851
2025-01-16 05:30:00,0.0,226.75,163.851
2025-01-16 05:45:00,0.0,226.75,163.851
2025-01-16 06:00:00,0.0,291.75,167.108
2025-01-16 06:15:00,0.0,291.75,167.108
2025-01-16 06:30:00,0.0,291.75,167.108
2025-01-16 06:45:00,0.0,291.75,167.108
2025-01-16 07:00:00,5.649,392.751,180.79
2025-01-16 07:15:00,5.649,392.751,180.79
2025-01-16 07:30:00,5.649,392.751,180.79
2025-01-16 07:45:00,5.649,392.751,180.79
2025-01-16 08:00:00,284.116,511.75,320.999
2025-01-16 08:15:00,284.116,511.75,320.999
2025-01-16 08:30:00,284.116,511.75,320.999
2025-01-16 08:45:00,284.116,511.75,320.999
2025-01-16 09:00:00,999.451,680.0,701.072
2025-01-16 09:15:00,999.451,680.0,701.072
2025-01-16 09:30:00,999.451,680.0,701.072
2025-01-16 09:45:00,999.451,680.0,701.072
2025-01-16 10:00:00,1678.978,622.75,889.347
2025-01-16 10:15:00,1678.978,622.75,889.347
2025-01-16 10:30:00,1678.978,622.75,889.347
2025-01-16 10:45:00,1678.978,622.75,889.347
2025-01-16 11:00:00,1990.346,745.25,1087.647
2025-01-16 11:15:00,1990.346,745.25,1087.647
2025-01-16 11:30:00,1990.346,745.25,1087.647
2025-01-16 11:45:00,1990.346,745.25,1087.647
2025-01-16 12:00:00,1984.789,704.5,1291.213
2025-01-16 12:15:00,1984.789,704.5,1291.213
2025-01-16 12:30:00,1984.789,704.5,1291.213
2025-01-16 12:45:00,1984.789,704.5,1291.213
2025-01-16 13:00:00,1549.08,532.75,1201.483
2025-01-16 13:15:00,1549.08,532.75,1201.483
2025-01-16 13:30:00,1549.08,532.75,1201.483
2025-01-16 13:45:00,1549.08,532.75,1201.483
2025-01-16 14:00:00,953.499,444.5,939.084
2025-01-16 14:15:00,953.499,444.5,939.084
2025-01-16 14:30:00,953.499,444.5,939.084
2025-01-16 14:45:00,953.499,444.5,939.084
2025-01-16 15:00:00,257.22,470.501,748.983
2025-01-16 15:15:00,257.22,470.501,748.983
2025-01-16 15:30:00,257.22,470.501,748.983
2025-01-16 15:45:00,257.22,470.501,748.983
2025-01-16 16:00:00,0.0,415.5,596.917
2025-01-16 16:15:00,0.0,415.5,596.917
2025-01-16 16:30:00,0.0,415.5,596.917
2025-01-16 16:45:00,0.0,415.5,596.917
2025-01-16 17:00:00,0.0,423.749,534.285
2025-01-16 17:15:00,0.0,423.749,534.285
2025-01-16 17:30:00,0.0,423.749,534.285
2025-01-16 17:45:00,0.0,423.749,534.285
2025-01-16 18:00:00,0.0,452.25,537.329
2025-01-16 18:15:00,0.0,452.25,537.329
2025-01-16 18:30:00,0.0,452.25,537.329
2025-01-16 18:45:00,0.0,452.25,537.329
2025-01-16 19:00:00,0.0,494.5,592.519
2025-01-16 19:15:00,0.0,494.5,592.519
2025-01-16 19:30:00,0.0,494.5,592.519
2025-01-16 19:45:00,0.0,494.5,592.519
2025-01-16 20:00:00,0.0,513.501,638.553
2025-01-16 20:15:00,0.0,513.501,638.553
2025-01-16 20:30:00,0.0,513.501,638.553
2025-01-16 20:45:00,0.0,513.501,638.553
2025-01-16 21:00:00,0.0,577.75,834.367
2025-01-16 21:15:00,0.0,577.75,834.367
2025-01-16 21:30:00,0.0,577.75,834.367
2025-01-16 21:45:00,0.0,577.75,834.367
2025-01-16 22:00:00,0.0,611.25,939.015
2025-01-16 22:15:00,0.0,611.25,939.015
2025-01-16 22:30:00,0.0,611.25,939.015
2025-01-16 22:45:00,0.0,611.25,939.015
2025-01-16 23:00:00,0.0,655.499,988.131
2025-01-16 23:15:00,0.0,655.499,988.131
2025-01-16 23:30:00,0.0,655.499,988.131
2025-01-16 23:45:00,0.0,655.499,988.131
2025-01-17 00:00:00,0.0,765.75,1026.046
2025-01-17 00:15:00,0.0,765.75,1026.046
2025-01-17 00:30:00,0.0,765.75,1026.046
2025-01-17 00:45:00,0.0,765.75,1026.046
2025-01-17 01:00:00,0.0,768.0,992.947
2025-01-17 01:15:00,0.0,768.0,992.947
2025-01-17 01:30:00,0.0,768.0,992.947
2025-01-17 01:45:00,0.0,768.0,992.947
2025-01-17 02:00:00,0.0,641.0,862.224
2025-01-17 02:15:00,0.0,641.0,862.224
2025-01-17 02:30:00,0.0,641.0,862.224
2025-01-17 02:45:00,0.0,641.0,862.224
2025-01-17 03:00:00,0.0,618.75,686.29
2025-01-17 03:15:00,0.0,618.75,686.29
2025-01-17 03:30:00,0.0,618.75,686.29
2025-01-17 03:45:00,0.0,618.75,686.29
2025-01-17 04:00:00,0.0,607.25,531.053
2025-01-17 04:15:00,0.0,607.25,531.053
2025-01-17 04:30:00,0.0,607.25,531.053
2025-01-17 04:45:00,0.0,607.25,531.053
2025-01-17 05:00:00,0.0,537.0,462.664
2025-01-17 05:15:00,0.0,537.0,462.664
2025-01-17 05:30:00,0.0,537.0,462.664
2025-01-17 05:45:00,0.0,537.0,462.664
2025-01-17 06:00:00,0.0,584.251,484.501
2025-01-17 06:15:00,0.0,584.251,484.501
2025-01-17 06:30:00,0.0,584.251,484.501
2025-01-17 06:45:00,0.0,584.251,484.501
2025-01-17 07:00:00,5.939,564.25,407.557
2025-01-17 07:15:00,5.939,564.25,407.557
2025-01-17 07:30:00,5.939,564.25,407.557
2025-01-17 07:45:00,5.939,564.25,407.557
2025-01-17 08:00:00,268.644,495.5,308.81
2025-01-17 08:15:00,268.644,495.5,308.81
2025-01-17 08:30:00,268.644,495.5,308.81
2025-01-17 08:45:00,268.644,495.5,308.81
2025-01-17 09:00:00,974.522,552.001,294.006
2025-01-17 09:15:00,974.522,552.001,294.006
2025-01-17 09:30:00,974.522,552.001,294.006
2025-01-17 09:45:00,974.522,552.001,294.006
2025-01-17 10:00:00,1729.301,591.999,425.776
2025-01-17 10:15:00,1729.301,591.999,425.776
2025-01-17 10:30:00,1729.301,591.999,425.776
2025-01-17 10:45:00,1729.301,591.999,425.776
2025-01-17 11:00:00,2191.609,636.75,597.423
2025-01-17 11:15:00,2191.609,636.75,597.423
2025-01-17 11:30:00,2191.609,636.75,597.423
2025-01-17 11:45:00,2191.609,636.75,597.423
2025-01-17 12:00:00,2207.954,614.25,556.066
2025-01-17 12:15:00,2207.954,614.25,556.066
2025-01-17 12:30:00,2207.954,614.25,556.066
2025-01-17 12:45:00,2207.954,614.25,556.066
2025-01-17 13:00:00,1900.048,552.001,457.926
2025-01-17 13:15:00,1900.048,552.001,457.926
2025-01-17 13:30:00,1900.048,552.001,457.926
2025-01-17 13:45:00,1900.048,552.001,457.926
2025-01-17 14:00:00,1105.275,443.749,418.963
2025-01-17 14:15:00,1105.275,443.749,418.963
2025-01-17 14:30:00,1105.275,443.749,418.963
2025-01-17 14:45:00,1105.275,443.749,418.963
2025-01-17 15:00:00,311.502,356.0,259.722
2025-01-17 15:15:00,311.502,356.0,259.722
2025-01-17 15:30:00,311.502,356.0,259.722
2025-01-17 15:45:00,311.502,356.0,259.722
2025-01-17 16:00:00,0.0,269.749,211.615
2025-01-17 16:15:00,0.0,269.749,211.615
2025-01-17 16:30:00,0.0,269.749,211.615
2025-01-17 16:45:00,0.0,269.749,211.615
2025-01-17 17:00:00,0.0,188.5,199.374
2025-01-17 17:15:00,0.0,188.5,199.374
2025-01-17 17:30:00,0.0,188.5,199.374
2025-01-17 17:45:00,0.0,188.5,199.374
2025-01-17 18:00:00,0.0,160.749,97.486
2025-01-17 18:15:00,0.0,160.749,97.486
2025-01-17 18:30:00,0.0,160.749,97.486
2025-01-17 18:45:00,0.0,160.749,97.486
2025-01-17 19:00:00,0.0,110.999,74.801
2025-01-17 19:15:00,0.0,110.999,74.801
2025-01-17 19:30:00,0.0,110.999,74.801
2025-01-17 19:45:00,0.0,110.999,74.801
2025-01-17 20:00:00,0.0,97.25,40.409
2025-01-17 20:15:00,0.0,97.25,40.409
2025-01-17 20:30:00,0.0,97.25,40.409
2025-01-17 20:45:00,0.0,97.25,40.409
2025-01-17 21:00:00,0.0,104.5,13.627
2025-01-17 21:15:00,0.0,104.5,13.627
2025-01-17 21:30:00,0.0,104.5,13.627
2025-01-17 21:45:00,0.0,104.5,13.627
2025-01-17 22:00:00,0.0,103.25,23.764
2025-01-17 22:15:00,0.0,103.25,23.764
2025-01-17 22:30:00,0.0,103.25,23.764
2025-01-17 22:45:00,0.0,103.25,23.764
2025-01-17 23:00:00,0.0,110.25,64.087
2025-01-17 23:15:00,0.0,110.25,64.087
2025-01-17 23:30:00,0.0,110.25,64.087
2025-01-17 23:45:00,0.0,110.25,64.087
2025-01-18 00:00:00,0.0,107.5,137.628
2025-01-18 00:15:00,0.0,107.5,137.628
2025-01-18 00:30:00,0.0,107.5,137.628
2025-01-18 00:45:00,0.0,107.5,137.628
2025-01-18 01:00:00,0.0,97.249,152.416
2025-01-18 01:15:00,0.0,97.249,152.416
2025-01-18 01:30:00,0.0,97.249,152.416
2025-01-18 01:45:00,0.0,97.249,152.416
2025-01-18 02:00:00,0.0,72.749,58.785
2025-01-18 02:15:00,0.0,72.749,58.785
2025-01-18 02:30:00,0.0,72.749,58.785
2025-01-18 02:45:00,0.0,72.749,58.785
2025-01-18 03:00:00,0.0,39.25,3.534
2025-01-18 03:15:00,0.0,39.25,3.534
2025-01-18 03:30:00,0.0,39.25,3.534
2025-01-18 03:45:00,0.0,39.25,3.534
2025-01-18 04:00:00,0.0,11.751,0.0
2025-01-18 04:15:00,0.0,11.751,0.0
2025-01-18 04:30:00,0.0,11.751,0.0
2025-01-18 04:45:00,0.0,11.751,0.0
2025-01-18 05:00:00,0.0,8.25,20.22
2025-01-18 05:15:00,0.0,8.25,20.22
2025-01-18 05:30:00,0.0,8.25,20.22
2025-01-18 05:45:00,0.0,8.25,20.22
2025-01-18 06:00:00,0.0,39.249,157.941
2025-01-18 06:15:00,0.0,39.249,157.941
2025-01-18 06:30:00,0.0,39.249,157.941
2025-01-18 06:45:00,0.0,39.249,157.941
2025-01-18 07:00:00,11.056,108.0,257.626
2025-01-18 07:15:00,11.056,108.0,257.626
2025-01-18 07:30:00,11.056,108.0,257.626
2025-01-18 07:45:00,11.056,108.0,257.626
2025-01-18 08:00:00,336.421,166.5,310.393
2025-01-18 08:15:00,336.421,166.5,310.393
2025-01-18 08:30:00,336.421,166.5,310.393
2025-01-18 08:45:00,336.421,166.5,310.393
2025-01-18 09:00:00,1322.507,127.251,370.73
2025-01-18 09:15:00,1322.507,127.251,370.73
2025-01-18 09:30:00,1322.507,127.251,370.73
2025-01-18 09:45:00,1322.507,127.251,370.73
2025-01-18 10:00:00,2443.779,86.25,318.209
2025-01-18 10:15:00,2443.779,86.25,318.209
2025-01-18 10:30:00,2443.779,86.25,318.209
2025-01-18 10:45:00,2443.779,86.25,318.209
2025-01-18 11:00:00,3333.634,36.0,146.38
2025-01-18 11:15:00,3333.634,36.0,146.38
2025-01-18 11:30:00,3333.634,36.0,146.38
2025-01-18 11:45:00,3333.634,36.0,146.38
2025-01-18 12:00:00,3318.058,30.501,183.536
2025-01-18 12:15:00,3318.058,30.501,183.536
2025-01-18 12:30:00,3318.058,30.501,183.536
2025-01-18 12:45:00,3318.058,30.501,183.536
2025-01-18 13:00:00,2564.045,43.75,271.504
2025-01-18 13:15:00,2564.045,43.75,271.504
2025-01-18 13:30:00,2564.045,43.75,271.504
2025-01-18 13:45:00,2564.045,43.75,271.504
2025-01-18 14:00:00,1504.836,96.501,264.727
2025-01-18 14:15:00,1504.836,96.501,264.727
2025-01-18 14:30:00,1504.836,96.501,264.727
2025-01-18 14:45:00,1504.836,96.501,264.727
2025-01-18 15:00:00,415.334,133.999,280.322
2025-01-18 15:15:00,415.334,133.999,280.322
2025-01-18 15:30:00,415.334,133.999,280.322
2025-01-18 15:45:00,415.334,133.999,280.322
2025-01-18 16:00:00,3.744,175.5,373.273
2025-01-18 16:15:00,3.744,175.5,373.273
2025-01-18 16:30:00,3.744,175.5,373.273
2025-01-18 16:45:00,3.744,175.5,373.273
2025-01-18 17:00:00,0.0,308.249,397.152
2025-01-18 17:15:00,0.0,308.249,397.152
2025-01-18 17:30:00,0.0,308.249,397.152
2025-01-18 17:45:00,0.0,308.249,397.152
2025-01-18 18:00:00,0.0,469.0,429.58
2025-01-18 18:15:00,0.0,469.0,429.58
2025-01-18 18:30:00,0.0,469.0,429.58
2025-01-18 18:45:00,0.0,469.0,429.58
2025-01-18 19:00:00,0.0,556.751,442.059
2025-01-18 19:15:00,0.0,556.751,442.059
2025-01-18 19:30:00,0.0,556.751,442.059
2025-01-18 19:45:00,0.0,556.751,442.059
2025-01-18 20:00:00,0.0,458.5,421.131
2025-01-18 20:15:00,0.0,458.5,421.131
2025-01-18 20:30:00,0.0,458.5,421.131
2025-01-18 20:45:00,0.0,458.5,421.131
2025-01-18 21:00:00,0.0,451.5,317.427
2025-01-18 21:15:00,0.0,451.5,317.427
2025-01-18 21:30:00,0.0,451.5,317.427
2025-01-18 21:45:00,0.0,451.5,317.427
2025-01-18 22:00:00,0.0,450.251,245.423
2025-01-18 22:15:00,0.0,450.251,245.423
2025-01-18 22:30:00,0.0,450.251,245.423
2025-01-18 22:45:00,0.0,450.251,245.423
2025-01-18 23:00:00,0.0,415.749,182.991
2025-01-18 23:15:00,0.0,415.749,182.991
2025-01-18 23:30:00,0.0,415.749,182.991
2025-01-18 23:45:00,0.0,415.749,182.991
2025-01-19 00:00:00,0.0,237.25,108.86
2025-01-19 00:15:00,0.0,237.25,108.86
2025-01-19 00:30:00,0.0,237.25,108.86
2025-01-19 00:45:00,0.0,237.25,108.86
2025-01-19 01:00:00,0.0,119.25,42.364
2025-01-19 01:15:00,0.0,119.25,42.364
2025-01-19 01:30:00,0.0,119.25,42.364
2025-01-19 01:45:00,0.0,119.25,42.364
2025-01-19 02:00:00,0.0,63.5,27.34
2025-01-19 02:15:00,0.0,63.5,27.34
2025-01-19 02:30:00,0.0,63.5,27.34
2025-01-19 02:45:00,0.0,63.5,27.34
2025-01-19 03:00:00,0.0,94.0,72.443
2025-01-19 03:15:00,0.0,94.0,72.443
2025-01-19 03:30:00,0.0,94.0,72.443
2025-01-19 03:45:00,0.0,94.0,72.443
2025-01-19 04:00:00,0.0,60.75,40.819
2025-01-19 04:15:00,0.0,60.75,40.819
2025-01-19 04:30:00,0.0,60.75,40.819
2025-01-19 04:45:00,0.0,60.75,40.819
2025-01-19 05:00:00,0.0,52.0,80.092
2025-01-19 05:15:00,0.0,52.0,80.092
2025-01-19 05:30:00,0.0,52.0,80.092
2025-01-19 05:45:00,0.0,52.0,80.092
2025-01-19 06:00:00,0.0,50.751,128.357
2025-01-19 06:15:00,0.0,50.751,128.357
2025-01-19 06:30:00,0.0,50.751,128.357
2025-01-19 06:45:00,0.0,50.751,128.357
2025-01-19 07:00:00,9.0,31.25,96.589
2025-01-19 07:15:00,9.0,31.25,96.589
2025-01-19 07:30:00,9.0,31.25,96.589
2025-01-19 07:45:00,9.0,31.25,96.589
2025-01-19 08:00:00,265.215,32.5,84.907
2025-01-19 08:15:00,265.215,32.5,84.907
2025-01-19 08:30:00,265.215,32.5,84.907
2025-01-19 08:45:00,265.215,32.5,84.907
2025-01-19 09:00:00,944.641,20.25,59.314
2025-01-19 09:15:00,944.641,20.25,59.314
2025-01-19 09:30:00,944.641,20.25,59.314
2025-01-19 09:45:00,944.641,20.25,59.314
2025-01-19 10:00:00,1693.24,24.751,40.324
2025-01-19 10:15:00,1693.24,24.751,40.324
2025-01-19 10:30:00,1693.24,24.751,40.324
2025-01-19 10:45:00,1693.24,24.751,40.324
2025-01-19 11:00:00,2041.024,61.25,38.871
2025-01-19 11:15:00,2041.024,61.25,38.871
2025-01-19 11:30:00,2041.024,61.25,38.871
2025-01-19 11:45:00,2041.024,61.25,38.871
2025-01-19 12:00:00,2112.631,59.5,37.158
2025-01-19 12:15:00,2112.631,59.5,37.158
2025-01-19 12:30:00,2112.631,59.5,37.158
2025-01-19 12:45:00,2112.631,59.5,37.158
2025-01-19 13:00:00,1694.632,43.749,15.557
2025-01-19 13:15:00,1694.632,43.749,15.557
2025-01-19 13:30:00,1694.632,43.749,15.557
2025-01-19 13:45:00,1694.632,43.749,15.557
2025-01-19 14:00:00,987.176,25.25,0.0
2025-01-19 14:15:00,987.176,25.25,0.0
2025-01-19 14:30:00,987.176,25.25,0.0
2025-01-19 14:45:00,987.176,25.25,0.0
2025-01-19 15:00:00,286.639,29.0,0.0
2025-01-19 15:15:00,286.639,29.0,0.0
2025-01-19 15:30:00,286.639,29.0,0.0
2025-01-19 15:45:00,286.639,29.0,0.0
2025-01-19 16:00:00,3.374,25.5,0.0
2025-01-19 16:15:00,3.374,25.5,0.0
2025-01-19 16:30:00,3.374,25.5,0.0
2025-01-19 16:45:00,3.374,25.5,0.0
2025-01-19 17:00:00,0.0,46.75,0.0
2025-01-19 17:15:00,0.0,46.75,0.0
2025-01-19 17:30:00,0.0,46.75,0.0
2025-01-19 17:45:00,0.0,46.75,0.0
2025-01-19 18:00:00,0.0,48.0,0.0
2025-01-19 18:15:00,0.0,48.0,0.0
2025-01-19 18:30:00,0.0,48.0,0.0
2025-01-19 18:45:00,0.0,48.0,0.0
2025-01-19 19:00:00,0.0,23.502,0.0
2025-01-19 19:15:00,0.0,23.502,0.0
2025-01-19 19:30:00,0.0,23.502,0.0
2025-01-19 19:45:00,0.0,23.502,0.0
2025-01-19 20:00:00,0.0,27.0,0.0
2025-01-19 20:15:00,0.0,27.0,0.0
2025-01-19 20:30:00,0.0,27.0,0.0
2025-01-19 20:45:00,0.0,27.0,0.0
2025-01-19 21:00:00,0.0,28.0,0.0
2025-01-19 21:15:00,0.0,28.0,0.0
2025-01-19 21:30:00,0.0,28.0,0.0
2025-01-19 21:45:00,0.0,28.0,0.0
2025-01-19 22:00:00,0.0,18.5,6.012
2025-01-19 22:15:00,0.0,18.5,6.012
2025-01-19 22:30:00,0.0,18.5,6.012
2025-01-19 22:45:00,0.0,18.5,6.012
2025-01-19 23:00:00,0.0,15.999,9.041
2025-01-19 23:15:00,0.0,15.999,9.041
2025-01-19 23:30:00,0.0,15.999,9.041
2025-01-19 23:45:00,0.0,15.999,9.041
2025-01-20 00:00:00,0.0,19.75,0.0
2025-01-20 00:15:00,0.0,19.75,0.0
2025-01-20 00:30:00,0.0,19.75,0.0
2025-01-20 00:45:00,0.0,19.75,0.0
2025-01-20 01:00:00,0.0,25.25,0.0
2025-01-20 01:15:00,0.0,25.25,0.0
2025-01-20 01:30:00,0.0,25.25,0.0
2025-01-20 01:45:00,0.0,25.25,0.0
2025-01-20 02:00:00,0.0,33.75,39.566
2025-01-20 02:15:00,0.0,33.75,39.566
2025-01-20 02:30:00,0.0,33.75,39.566
2025-01-20 02:45:00,0.0,33.75,39.566
2025-01-20 03:00:00,0.0,121.75,88.746
2025-01-20 03:15:00,0.0,121.75,88.746
2025-01-20 03:30:00,0.0,121.75,88.746
2025-01-20 03:45:00,0.0,121.75,88.746
2025-01-20 04:00:00,0.0,325.5,112.289
2025-01-20 04:15:00,0.0,325.5,112.289
2025-01-20 04:30:00,0.0,325.5,112.289
2025-01-20 04:45:00,0.0,325.5,112.289
2025-01-20 05:00:00,0.0,293.501,127.41
2025-01-20 05:15:00,0.0,293.501,127.41
2025-01-20 05:30:00,0.0,293.501,127.41
2025-01-20 05:45:00,0.0,293.501,127.41
2025-01-20 06:00:00,0.0,469.75,197.767
2025-01-20 06:15:00,0.0,469.75,197.767
2025-01-20 06:30:00,0.0,469.75,197.767
2025-01-20 06:45:00,0.0,469.75,197.767
2025-01-20 07:00:00,7.358,786.5,390.229
2025-01-20 07:15:00,7.358,786.5,390.229
2025-01-20 07:30:00,7.358,786.5,390.229
2025-01-20 07:45:00,7.358,786.5,390.229
2025-01-20 08:00:00,242.071,859.501,476.225
2025-01-20 08:15:00,242.071,859.501,476.225
2025-01-20 08:30:00,242.071,859.501,476.225
2025-01-20 08:45:00,242.071,859.501,476.225
2025-01-20 09:00:00,878.938,879.5,507.898
2025-01-20 09:15:00,878.938,879.5,507.898
2025-01-20 09:30:00,878.938,879.5,507.898
2025-01-20 09:45:00,878.938,879.5,507.898
2025-01-20 10:00:00,1287.889,796.0,557.403
2025-01-20 10:15:00,1287.889,796.0,557.403
2025-01-20 10:30:00,1287.889,796.0,557.403
2025-01-20 10:45:00,1287.889,796.0,557.403
2025-01-20 11:00:00,1435.308,856.749,744.326
2025-01-20 11:15:00,1435.308,856.749,744.326
2025-01-20 11:30:00,1435.308,856.749,744.326
2025-01-20 11:45:00,1435.308,856.749,744.326
2025-01-20 12:00:00,1501.91,985.25,1011.267
2025-01-20 12:15:00,1501.91,985.25,1011.267
2025-01-20 12:30:00,1501.91,985.25,1011.267
2025-01-20 12:45:00,1501.91,985.25,1011.267
2025-01-20 13:00:00,1327.413,1143.999,1154.929
2025-01-20 13:15:00,1327.413,1143.999,1154.929
2025-01-20 13:30:00,1327.413,1143.999,1154.929
2025-01-20 13:45:00,1327.413,1143.999,1154.929
2025-01-20 14:00:00,868.72,1095.999,1334.158
2025-01-20 14:15:00,868.72,1095.999,1334.158
2025-01-20 14:30:00,868.72,1095.999,1334.158
2025-01-20 14:45:00,868.72,1095.999,1334.158
2025-01-20 15:00:00,296.009,1120.249,1395.485
2025-01-20 15:15:00,296.009,1120.249,1395.485
2025-01-20 15:30:00,296.009,1120.249,1395.485
2025-01-20 15:45:00,296.009,1120.249,1395.485
2025-01-20 16:00:00,9.057,1420.251,1268.241
2025-01-20 16:15:00,9.057,1420.251,1268.241
2025-01-20 16:30:00,9.057,1420.251,1268.241
2025-01-20 16:45:00,9.057,1420.251,1268.241
2025-01-20 17:00:00,0.0,1435.749,1240.834
2025-01-20 17:15:00,0.0,1435.749,1240.834
2025-01-20 17:30:00,0.0,1435.749,1240.834
2025-01-20 17:45:00,0.0,1435.749,1240.834
2025-01-20 18:00:00,0.0,1703.75,1161.054
2025-01-20 18:15:00,0.0,1703.75,1161.054
2025-01-20 18:30:00,0.0,1703.75,1161.054
2025-01-20 18:45:00,0.0,1703.75,1161.054
2025-01-20 19:00:00,0.0,1857.5,1420.627
2025-01-20 19:15:00,0.0,1857.5,1420.627
2025-01-20 19:30:00,0.0,1857.5,1420.627
2025-01-20 19:45:00,0.0,1857.5,1420.627
2025-01-20 20:00:00,0.0,1953.5,1662.156
2025-01-20 20:15:00,0.0,1953.5,1662.156
2025-01-20 20:30:00,0.0,1953.5,1662.156
2025-01-20 20:45:00,0.0,1953.5,1662.156
2025-01-20 21:00:00,0.0,1884.25,1786.251
2025-01-20 21:15:00,0.0,1884.25,1786.251
2025-01-20 21:30:00,0.0,1884.25,1786.251
2025-01-20 21:45:00,0.0,1884.25,1786.251
2025-01-20 22:00:00,0.0,1739.75,1681.6
2025-01-20 22:15:00,0.0,1739.75,1681.6
2025-01-20 22:30:00,0.0,1739.75,1681.6
2025-01-20 22:45:00,0.0,1739.75,1681.6
2025-01-20 23:00:00,0.0,1794.5,1510.982
2025-01-20 23:15:00,0.0,1794.5,1510.982
2025-01-20 23:30:00,0.0,1794.5,1510.982
2025-01-20 23:45:00,0.0,1794.5,1510.982
2025-01-21 00:00:00,0.0,1712.0,1528.676
2025-01-21 00:15:00,0.0,1712.0,1528.676
2025-01-21 00:30:00,0.0,1712.0,1528.676
2025-01-21 00:45:00,0.0,1712.0,1528.676
2025-01-21 01:00:00,0.0,1806.25,1565.001
2025-01-21 01:15:00,0.0,1806.25,1565.001
2025-01-21 01:30:00,0.0,1806.25,1565.001
2025-01-21 01:45:00,0.0,1806.25,1565.001
2025-01-21 02:00:00,0.0,1898.25,1590.16
2025-01-21 02:15:00,0.0,1898.25,1590.16
2025-01-21 02:30:00,0.0,1898.25,1590.16
2025-01-21 02:45:00,0.0,1898.25,1590.16
2025-01-21 03:00:00,0.0,1871.5,1845.765
2025-01-21 03:15:00,0.0,1871.5,1845.765
2025-01-21 03:30:00,0.0,1871.5,1845.765
2025-01-21 03:45:00,0.0,1871.5,1845.765
2025-01-21 04:00:00,0.0,1820.0,2079.23
2025-01-21 04:15:00,0.0,1820.0,2079.23
2025-01-21 04:30:00,0.0,1820.0,2079.23
2025-01-21 04:45:00,0.0,1820.0,2079.23
2025-01-21 05:00:00,0.0,1991.75,2037.573
2025-01-21 05:15:00,0.0,1991.75,2037.573
2025-01-21 05:30:00,0.0,1991.75,2037.573
2025-01-21 05:45:00,0.0,1991.75,2037.573
2025-01-21 06:00:00,0.0,2095.5,2048.601
2025-01-21 06:15:00,0.0,2095.5,2048.601
2025-01-21 06:30:00,0.0,2095.5,2048.601
2025-01-21 06:45:00,0.0,2095.5,2048.601
2025-01-21 07:00:00,10.346,1994.75,1924.066
2025-01-21 07:15:00,10.346,1994.75,1924.066
2025-01-21 07:30:00,10.346,1994.75,1924.066
2025-01-21 07:45:00,10.346,1994.75,1924.066
2025-01-21 08:00:00,356.31,1793.001,1924.007
2025-01-21 08:15:00,356.31,1793.001,1924.007
2025-01-21 08:30:00,356.31,1793.001,1924.007
2025-01-21 08:45:00,356.31,1793.001,1924.007
2025-01-21 09:00:00,1311.192,1736.501,1959.779
2025-01-21 09:15:00,1311.192,1736.501,1959.779
2025-01-21 09:30:00,1311.192,1736.501,1959.779
2025-01-21 09:45:00,1311.192,1736.501,1959.779
2025-01-21 10:00:00,2295.366,1619.499,1886.748
2025-01-21 10:15:00,2295.366,1619.499,1886.748
2025-01-21 10:30:00,2295.366,1619.499,1886.748
2025-01-21 10:45:00,2295.366,1619.499,1886.748
2025-01-21 11:00:00,2812.882,1284.0,2027.389
2025-01-21 11:15:00,2812.882,1284.0,2027.389
2025-01-21 11:30:00,2812.882,1284.0,2027.389
2025-01-21 11:45:00,2812.882,1284.0,2027.389
2025-01-21 12:00:00,3052.59,973.5,1802.026
2025-01-21 12:15:00,3052.59,973.5,1802.026
2025-01-21 12:30:00,3052.59,973.5,1802.026
2025-01-21 12:45:00,3052.59,973.5,1802.026
2025-01-21 13:00:00,2616.052,754.25,1562.242
2025-01-21 13:15:00,2616.052,754.25,1562.242
2025-01-21 13:30:00,2616.052,754.25,1562.242
2025-01-21 13:45:00,2616.052,754.25,1562.242
2025-01-21 14:00:00,1650.5,613.25,1319.126
2025-01-21 14:15:00,1650.5,613.25,1319.126
2025-01-21 14:30:00,1650.5,613.25,1319.126
2025-01-21 14:45:00,1650.5,613.25,1319.126
2025-01-21 15:00:00,555.39,587.501,977.095
2025-01-21 15:15:00,555.39,587.501,977.095
2025-01-21 15:30:00,555.39,587.501,977.095
2025-01-21 15:45:00,555.39,587.501,977.095
2025-01-21 16:00:00,11.98,601.749,773.87
2025-01-21 16:15:00,11.98,601.749,773.87
2025-01-21 16:30:00,11.98,601.749,773.87
2025-01-21 16:45:00,11.98,601.749,773.87
2025-01-21 17:00:00,0.0,768.25,807.697
2025-01-21 17:15:00,0.0,768.25,807.697
2025-01-21 17:30:00,0.0,768.25,807.697
2025-01-21 17:45:00,0.0,768.25,807.697
2025-01-21 18:00:00,0.0,884.25,866.491
2025-01-21 18:15:00,0.0,884.25,866.491
2025-01-21 18:30:00,0.0,884.25,866.491
2025-01-21 18:45:00,0.0,884.25,866.491
2025-01-21 19:00:00,0.0,947.0,841.584
2025-01-21 19:15:00,0.0,947.0,841.584
2025-01-21 19:30:00,0.0,947.0,841.584
2025-01-21 19:45:00,0.0,947.0,841.584
2025-01-21 20:00:00,0.0,740.5,915.763
2025-01-21 20:15:00,0.0,740.5,915.763
2025-01-21 20:30:00,0.0,740.5,915.763
2025-01-21 20:45:00,0.0,740.5,915.763
2025-01-21 21:00:00,0.0,644.751,929.161
2025-01-21 21:15:00,0.0,644.751,929.161
2025-01-21 21:30:00,0.0,644.751,929.161
2025-01-21 21:45:00,0.0,644.751,929.161
2025-01-21 22:00:00,0.0,433.25,603.341
2025-01-21 22:15:00,0.0,433.25,603.341
2025-01-21 22:30:00,0.0,433.25,603.341
2025-01-21 22:45:00,0.0,433.25,603.341
2025-01-21 23:00:00,0.0,267.25,459.904
2025-01-21 23:15:00,0.0,267.25,459.904
2025-01-21 23:30:00,0.0,267.25,459.904
2025-01-21 23:45:00,0.0,267.25,459.904
2025-01-22 00:00:00,0.0,251.0,298.539
2025-01-22 00:15:00,0.0,251.0,298.539
2025-01-22 00:30:00,0.0,251.0,298.539
2025-01-22 00:45:00,0.0,251.0,298.539
2025-01-22 01:00:00,0.0,336.251,223.696
2025-01-22 01:15:00,0.0,336.251,223.696
2025-01-22 01:30:00,0.0,336.251,223.696
2025-01-22 01:45:00,0.0,336.251,223.696
2025-01-22 02:00:00,0.0,273.0,339.887
2025-01-22 02:15:00,0.0,273.0,339.887
2025-01-22 02:30:00,0.0,273.0,339.887
2025-01-22 02:45:00,0.0,273.0,339.887
2025-01-22 03:00:00,0.0,322.0,358.391
2025-01-22 03:15:00,0.0,322.0,358.391
2025-01-22 03:30:00,0.0,322.0,358.391
2025-01-22 03:45:00,0.0,322.0,358.391
2025-01-22 04:00:00,0.0,407.251,427.996
2025-01-22 04:15:00,0.0,407.251,427.996
2025-01-22 04:30:00,0.0,407.251,427.996
2025-01-22 04:45:00,0.0,407.251,427.996
2025-01-22 05:00:00,0.0,533.001,409.335
2025-01-22 05:15:00,0.0,533.001,409.335
2025-01-22 05:30:00,0.0,533.001,409.335
2025-01-22 05:45:00,0.0,533.001,409.335
2025-01-22 06:00:00,0.0,524.499,372.347
2025-01-22 06:15:00,0.0,524.499,372.347
2025-01-22 06:30:00,0.0,524.499,372.347
2025-01-22 06:45:00,0.0,524.499,372.347
2025-01-22 07:00:00,10.128,456.749,383.609
2025-01-22 07:15:00,10.128,456.749,383.609
2025-01-22 07:30:00,10.128,456.749,383.609
2025-01-22 07:45:00,10.128,456.749,383.609
2025-01-22 08:00:00,607.535,418.749,391.494
2025-01-22 08:15:00,607.535,418.749,391.494
2025-01-22 08:30:00,607.535,418.749,391.494
2025-01-22 08:45:00,607.535,418.749,391.494
2025-01-22 09:00:00,1954.163,329.251,406.563
2025-01-22 09:15:00,1954.163,329.251,406.563
2025-01-22 09:30:00,1954.163,329.251,406.563
2025-01-22 09:45:00,1954.163,329.251,406.563
2025-01-22 10:00:00,3032.193,373.751,494.457
2025-01-22 10:15:00,3032.193,373.751,494.457
2025-01-22 10:30:00,3032.193,373.751,494.457
2025-01-22 10:45:00,3032.193,373.751,494.457
2025-01-22 11:00:00,3376.771,336.251,446.094
2025-01-22 11:15:00,3376.771,336.251,446.094
2025-01-22 11:30:00,3376.771,336.251,446.094
2025-01-22 11:45:00,3376.771,336.251,446.094
2025-01-22 12:00:00,3390.074,243.25,496.652
2025-01-22 12:15:00,3390.074,243.25,496.652
2025-01-22 12:30:00,3390.074,243.25,496.652
2025-01-22 12:45:00,3390.074,243.25,496.652
2025-01-22 13:00:00,2202.105,156.5,487.25
2025-01-22 13:15:00,2202.105,156.5,487.25
2025-01-22 13:30:00,2202.105,156.5,487.25
2025-01-22 13:45:00,2202.105,156.5,487.25
2025-01-22 14:00:00,1128.408,87.75,302.329
2025-01-22 14:15:00,1128.408,87.75,302.329
2025-01-22 14:30:00,1128.408,87.75,302.329
2025-01-22 14:45:00,1128.408,87.75,302.329
2025-01-22 15:00:00,335.102,123.5,178.396
2025-01-22 15:15:00,335.102,123.5,178.396
2025-01-22 15:30:00,335.102,123.5,178.396
2025-01-22 15:45:00,335.102,123.5,178.396
2025-01-22 16:00:00,5.746,85.248,187.266
2025-01-22 16:15:00,5.746,85.248,187.266
2025-01-22 16:30:00,5.746,85.248,187.266
2025-01-22 16:45:00,5.746,85.248,187.266
2025-01-22 17:00:00,0.0,65.5,118.436
2025-01-22 17:15:00,0.0,65.5,118.436
2025-01-22 17:30:00,0.0,65.5,118.436
2025-01-22 17:45:00,0.0,65.5,118.436
2025-01-22 18:00:00,0.0,100.749,124.466
2025-01-22 18:15:00,0.0,100.749,124.466
2025-01-22 18:30:00,0.0,100.749,124.466
2025-01-22 18:45:00,0.0,100.749,124.466
2025-01-22 19:00:00,0.0,355.751,194.041
2025-01-22 19:15:00,0.0,355.751,194.041
2025-01-22 19:30:00,0.0,355.751,194.041
2025-01-22 19:45:00,0.0,355.751,194.041
2025-01-22 20:00:00,0.0,700.5,214.539
2025-01-22 20:15:00,0.0,700.5,214.539
2025-01-22 20:30:00,0.0,700.5,214.539
2025-01-22 20:45:00,0.0,700.5,214.539
2025-01-22 21:00:00,0.0,1163.25,175.838
2025-01-22 21:15:00,0.0,1163.25,175.838
2025-01-22 21:30:00,0.0,1163.25,175.838
2025-01-22 21:45:00,0.0,1163.25,175.838
2025-01-22 22:00:00,0.0,1343.501,165.612
2025-01-22 22:15:00,0.0,1343.501,165.612
2025-01-22 22:30:00,0.0,1343.501,165.612
2025-01-22 22:45:00,0.0,1343.501,165.612
2025-01-22 23:00:00,0.0,1639.0,252.297
2025-01-22 23:15:00,0.0,1639.0,252.297
2025-01-22 23:30:00,0.0,1639.0,252.297
2025-01-22 23:45:00,0.0,1639.0,252.297
2025-01-23 00:00:00,0.0,1810.25,332.62
2025-01-23 00:15:00,0.0,1810.25,332.62
2025-01-23 00:30:00,0.0,1810.25,332.62
2025-01-23 00:45:00,0.0,1810.25,332.62
2025-01-23 01:00:00,0.0,2147.25,516.695
2025-01-23 01:15:00,0.0,2147.25,516.695
2025-01-23 01:30:00,0.0,2147.25,516.695
2025-01-23 01:45:00,0.0,2147.25,516.695
2025-01-23 02:00:00,0.0,1824.999,763.896
2025-01-23 02:15:00,0.0,1824.999,763.896
2025-01-23 02:30:00,0.0,1824.999,763.896
2025-01-23 02:45:00,0.0,1824.999,763.896
2025-01-23 03:00:00,0.0,2314.0,1114.456
2025-01-23 03:15:00,0.0,2314.0,1114.456
2025-01-23 03:30:00,0.0,2314.0,1114.456
2025-01-23 03:45:00,0.0,2314.0,1114.456
2025-01-23 04:00:00,0.0,2745.749,1807.118
2025-01-23 04:15:00,0.0,2745.749,1807.118
2025-01-23 04:30:00,0.0,2745.749,1807.118
2025-01-23 04:45:00,0.0,2745.749,1807.118
2025-01-23 05:00:00,0.0,2949.501,2380.52
2025-01-23 05:15:00,0.0,2949.501,2380.52
2025-01-23 05:30:00,0.0,2949.501,2380.52
2025-01-23 05:45:00,0.0,2949.501,2380.52
2025-01-23 06:00:00,0.0,3323.5,2766.803
2025-01-23 06:15:00,0.0,3323.5,2766.803
2025-01-23 06:30:00,0.0,3323.5,2766.803
2025-01-23 06:45:00,0.0,3323.5,2766.803
2025-01-23 07:00:00,17.164,3136.999,2947.652
2025-01-23 07:15:00,17.164,3136.999,2947.652
2025-01-23 07:30:00,17.164,3136.999,2947.652
2025-01-23 07:45:00,17.164,3136.999,2947.652
2025-01-23 08:00:00,760.116,2720.001,3306.322
2025-01-23 08:15:00,760.116,2720.001,3306.322
2025-01-23 08:30:00,760.116,2720.001,3306.322
2025-01-23 08:45:00,760.116,2720.001,3306.322
2025-01-23 09:00:00,2909.259,3059.75,3718.289
2025-01-23 09:15:00,2909.259,3059.75,3718.289
2025-01-23 09:30:00,2909.259,3059.75,3718.289
2025-01-23 09:45:00,2909.259,3059.75,3718.289
2025-01-23 10:00:00,4302.662,3452.999,4282.636
2025-01-23 10:15:00,4302.662,3452.999,4282.636
2025-01-23 10:30:00,4302.662,3452.999,4282.636
2025-01-23 10:45:00,4302.662,3452.999,4282.636
2025-01-23 11:00:00,4736.049,3876.75,4680.014
2025-01-23 11:15:00,4736.049,3876.75,4680.014
2025-01-23 11:30:00,4736.049,3876.75,4680.014
2025-01-23 11:45:00,4736.049,3876.75,4680.014
2025-01-23 12:00:00,4282.859,4185.249,4839.462
2025-01-23 12:15:00,4282.859,4185.249,4839.462
2025-01-23 12:30:00,4282.859,4185.249,4839.462
2025-01-23 12:45:00,4282.859,4185.249,4839.462
2025-01-23 13:00:00,3074.219,4234.5,5182.52
2025-01-23 13:15:00,3074.219,4234.5,5182.52
2025-01-23 13:30:00,3074.219,4234.5,5182.52
2025-01-23 13:45:00,3074.219,4234.5,5182.52
2025-01-23 14:00:00,2025.716,4161.999,5216.795
2025-01-23 14:15:00,2025.716,4161.999,5216.795
2025-01-23 14:30:00,2025.716,4161.999,5216.795
2025-01-23 14:45:00,2025.716,4161.999,5216.795
2025-01-23 15:00:00,734.457,4199.25,5316.685
2025-01-23 15:15:00,734.457,4199.25,5316.685
2025-01-23 15:30:00,734.457,4199.25,5316.685
2025-01-23 15:45:00,734.457,4199.25,5316.685
2025-01-23 16:00:00,22.45,4312.5,5504.395
2025-01-23 16:15:00,22.45,4312.5,5504.395
2025-01-23 16:30:00,22.45,4312.5,5504.395
2025-01-23 16:45:00,22.45,4312.5,5504.395
2025-01-23 17:00:00,0.0,4300.0,5360.113
2025-01-23 17:15:00,0.0,4300.0,5360.113
2025-01-23 17:30:00,0.0,4300.0,5360.113
2025-01-23 17:45:00,0.0,4300.0,5360.113
2025-01-23 18:00:00,0.0,4305.0,5645.144
2025-01-23 18:15:00,0.0,4305.0,5645.144
2025-01-23 18:30:00,0.0,4305.0,5645.144
2025-01-23 18:45:00,0.0,4305.0,5645.144
2025-01-23 19:00:00,0.0,4289.749,6021.667
2025-01-23 19:15:00,0.0,4289.749,6021.667
2025-01-23 19:30:00,0.0,4289.749,6021.667
2025-01-23 19:45:00,0.0,4289.749,6021.667
2025-01-23 20:00:00,0.0,4276.25,6154.648
2025-01-23 20:15:00,0.0,4276.25,6154.648
2025-01-23 20:30:00,0.0,4276.25,6154.648
2025-01-23 20:45:00,0.0,4276.25,6154.648
2025-01-23 21:00:00,0.0,4200.75,5942.08
2025-01-23 21:15:00,0.0,4200.75,5942.08
2025-01-23 21:30:00,0.0,4200.75,5942.08
2025-01-23 21:45:00,0.0,4200.75,5942.08
2025-01-23 22:00:00,0.0,4115.75,5676.22
2025-01-23 22:15:00,0.0,4115.75,5676.22
2025-01-23 22:30:00,0.0,4115.75,5676.22
2025-01-23 22:45:00,0.0,4115.75,5676.22
2025-01-23 23:00:00,0.0,4020.25,5211.06
2025-01-23 23:15:00,0.0,4020.25,5211.06
2025-01-23 23:30:00,0.0,4020.25,5211.06
2025-01-23 23:45:00,0.0,4020.25,5211.06
2025-01-24 00:00:00,0.0,3672.999,4731.457
2025-01-24 00:15:00,0.0,3672.999,4731.457
2025-01-24 00:30:00,0.0,3672.999,4731.457
2025-01-24 00:45:00,0.0,3672.999,4731.457
2025-01-24 01:00:00,0.0,3466.75,4315.145
2025-01-24 01:15:00,0.0,3466.75,4315.145
2025-01-24 01:30:00,0.0,3466.75,4315.145
2025-01-24 01:45:00,0.0,3466.75,4315.145
2025-01-24 02:00:00,0.0,3814.75,4061.769
2025-01-24 02:15:00,0.0,3814.75,4061.769
2025-01-24 02:30:00,0.0,3814.75,4061.769
2025-01-24 02:45:00,0.0,3814.75,4061.769
2025-01-24 03:00:00,0.0,3922.249,3911.436
2025-01-24 03:15:00,0.0,3922.249,3911.436
2025-01-24 03:30:00,0.0,3922.249,3911.436
2025-01-24 03:45:00,0.0,3922.249,3911.436
2025-01-24 04:00:00,0.0,4003.249,4138.087
2025-01-24 04:15:00,0.0,4003.249,4138.087
2025-01-24 04:30:00,0.0,4003.249,4138.087
2025-01-24 04:45:00,0.0,4003.249,4138.087
2025-01-24 05:00:00,0.0,4230.0,4831.625
2025-01-24 05:15:00,0.0,4230.0,4831.625
2025-01-24 05:30:00,0.0,4230.0,4831.625
2025-01-24 05:45:00,0.0,4230.0,4831.625
2025-01-24 06:00:00,0.0,4252.25,5556.04
2025-01-24 06:15:00,0.0,4252.25,5556.04
2025-01-24 06:30:00,0.0,4252.25,5556.04
2025-01-24 06:45:00,0.0,4252.25,5556.04
2025-01-24 07:00:00,7.799,4281.25,5987.885
2025-01-24 07:15:00,7.799,4281.25,5987.885
2025-01-24 07:30:00,7.799,4281.25,5987.885
2025-01-24 07:45:00,7.799,4281.25,5987.885
2025-01-24 08:00:00,352.98,4277.25,6297.048
2025-01-24 08:15:00,352.98,4277.25,6297.048
2025-01-24 08:30:00,352.98,4277.25,6297.048
2025-01-24 08:45:00,352.98,4277.25,6297.048
2025-01-24 09:00:00,962.351,4220.25,6478.257
2025-01-24 09:15:00,962.351,4220.25,6478.257
2025-01-24 09:30:00,962.351,4220.25,6478.257
2025-01-24 09:45:00,962.351,4220.25,6478.257
2025-01-24 10:00:00,1341.485,4098.249,6533.008
2025-01-24 10:15:00,1341.485,4098.249,6533.008
2025-01-24 10:30:00,1341.485,4098.249,6533.008
2025-01-24 10:45:00,1341.485,4098.249,6533.008
2025-01-24 11:00:00,1178.588,4119.75,6523.524
2025-01-24 11:15:00,1178.588,4119.75,6523.524
2025-01-24 11:30:00,1178.588,4119.75,6523.524
2025-01-24 11:45:00,1178.588,4119.75,6523.524
2025-01-24 12:00:00,1151.204,4139.001,6517.507
2025-01-24 12:15:00,1151.204,4139.001,6517.507
2025-01-24 12:30:00,1151.204,4139.001,6517.507
2025-01-24 12:45:00,1151.204,4139.001,6517.507
2025-01-24 13:00:00,1125.868,4133.5,6503.253
2025-01-24 13:15:00,1125.868,4133.5,6503.253
2025-01-24 13:30:00,1125.868,4133.5,6503.253
2025-01-24 13:45:00,1125.868,4133.5,6503.253
2025-01-24 14:00:00,1165.631,4170.0,6484.113
2025-01-24 14:15:00,1165.631,4170.0,6484.113
2025-01-24 14:30:00,1165.631,4170.0,6484.113
2025-01-24 14:45:00,1165.631,4170.0,6484.113
2025-01-24 15:00:00,610.907,4079.0,6389.988
2025-01-24 15:15:00,610.907,4079.0,6389.988
2025-01-24 15:30:00,610.907,4079.0,6389.988
2025-01-24 15:45:00,610.907,4079.0,6389.988
2025-01-24 16:00:00,27.982,4026.25,6157.273
2025-01-24 16:15:00,27.982,4026.25,6157.273
2025-01-24 16:30:00,27.982,4026.25,6157.273
2025-01-24 16:45:00,27.982,4026.25,6157.273
2025-01-24 17:00:00,0.0,4014.501,5941.971
2025-01-24 17:15:00,0.0,4014.501,5941.971
2025-01-24 17:30:00,0.0,4014.501,5941.971
2025-01-24 17:45:00,0.0,4014.501,5941.971
2025-01-24 18:00:00,0.0,3919.751,5475.823
2025-01-24 18:15:00,0.0,3919.751,5475.823
2025-01-24 18:30:00,0.0,3919.751,5475.823
2025-01-24 18:45:00,0.0,3919.751,5475.823
2025-01-24 19:00:00,0.0,3497.25,4416.405
2025-01-24 19:15:00,0.0,3497.25,4416.405
2025-01-24 19:30:00,0.0,3497.25,4416.405
2025-01-24 19:45:00,0.0,3497.25,4416.405
2025-01-24 20:00:00,0.0,3049.499,3525.652
2025-01-24 20:15:00,0.0,3049.499,3525.652
2025-01-24 20:30:00,0.0,3049.499,3525.652
2025-01-24 20:45:00,0.0,3049.499,3525.652
2025-01-24 21:00:00,0.0,2887.5,2413.206
2025-01-24 21:15:00,0.0,2887.5,2413.206
2025-01-24 21:30:00,0.0,2887.5,2413.206
2025-01-24 21:45:00,0.0,2887.5,2413.206
2025-01-24 22:00:00,0.0,2522.5,1682.7
2025-01-24 22:15:00,0.0,2522.5,1682.7
2025-01-24 22:30:00,0.0,2522.5,1682.7
2025-01-24 22:45:00,0.0,2522.5,1682.7
2025-01-24 23:00:00,0.0,2276.251,1219.106
2025-01-24 23:15:00,0.0,2276.251,1219.106
2025-01-24 23:30:00,0.0,2276.251,1219.106
2025-01-24 23:45:00,0.0,2276.251,1219.106
2025-01-25 00:00:00,0.0,2297.0,953.049
2025-01-25 00:15:00,0.0,2297.0,953.049
2025-01-25 00:30:00,0.0,2297.0,953.049
2025-01-25 00:45:00,0.0,2297.0,953.049
2025-01-25 01:00:00,0.0,1863.001,820.949
2025-01-25 01:15:00,0.0,1863.001,820.949
2025-01-25 01:30:00,0.0,1863.001,820.949
2025-01-25 01:45:00,0.0,1863.001,820.949
2025-01-25 02:00:00,0.0,1687.749,738.947
2025-01-25 02:15:00,0.0,1687.749,738.947
2025-01-25 02:30:00,0.0,1687.749,738.947
2025-01-25 02:45:00,0.0,1687.749,738.947
2025-01-25 03:00:00,0.0,1401.5,600.528
2025-01-25 03:15:00,0.0,1401.5,600.528
2025-01-25 03:30:00,0.0,1401.5,600.528
2025-01-25 03:45:00,0.0,1401.5,600.528
2025-01-25 04:00:00,0.0,1263.001,671.117
2025-01-25 04:15:00,0.0,1263.001,671.117
2025-01-25 04:30:00,0.0,1263.001,671.117
2025-01-25 04:45:00,0.0,1263.001,671.117
2025-01-25 05:00:00,0.0,1164.251,605.85
2025-01-25 05:15:00,0.0,1164.251,605.85
2025-01-25 05:30:00,0.0,1164.251,605.85
2025-01-25 05:45:00,0.0,1164.251,605.85
2025-01-25 06:00:00,0.0,1275.25,553.494
2025-01-25 06:15:00,0.0,1275.25,553.494
2025-01-25 06:30:00,0.0,1275.25,553.494
2025-01-25 06:45:00,0.0,1275.25,553.494
2025-01-25 07:00:00,8.231,1601.5,522.821
2025-01-25 07:15:00,8.231,1601.5,522.821
2025-01-25 07:30:00,8.231,1601.5,522.821
2025-01-25 07:45:00,8.231,1601.5,522.821
2025-01-25 08:00:00,360.009,2103.0,650.368
2025-01-25 08:15:00,360.009,2103.0,650.368
2025-01-25 08:30:00,360.009,2103.0,650.368
2025-01-25 08:45:00,360.009,2103.0,650.368
2025-01-25 09:00:00,1581.379,1967.75,1053.393
2025-01-25 09:15:00,1581.379,1967.75,1053.393
2025-01-25 09:30:00,1581.379,1967.75,1053.393
2025-01-25 09:45:00,1581.379,1967.75,1053.393
2025-01-25 10:00:00,3191.553,1436.748,1546.907
2025-01-25 10:15:00,3191.553,1436.748,1546.907
2025-01-25 10:30:00,3191.553,1436.748,1546.907
2025-01-25 10:45:00,3191.553,1436.748,1546.907
2025-01-25 11:00:00,4045.006,1341.249,2086.95
2025-01-25 11:15:00,4045.006,1341.249,2086.95
2025-01-25 11:30:00,4045.006,1341.249,2086.95
2025-01-25 11:45:00,4045.006,1341.249,2086.95
2025-01-25 12:00:00,4135.595,1069.0,2424.052
2025-01-25 12:15:00,4135.595,1069.0,2424.052
2025-01-25 12:30:00,4135.595,1069.0,2424.052
2025-01-25 12:45:00,4135.595,1069.0,2424.052
2025-01-25 13:00:00,4267.954,896.25,2075.985
2025-01-25 13:15:00,4267.954,896.25,2075.985
2025-01-25 13:30:00,4267.954,896.25,2075.985
2025-01-25 13:45:00,4267.954,896.25,2075.985
2025-01-25 14:00:00,3262.7,766.751,1425.394
2025-01-25 14:15:00,3262.7,766.751,1425.394
2025-01-25 14:30:00,3262.7,766.751,1425.394
2025-01-25 14:45:00,3262.7,766.751,1425.394
2025-01-25 15:00:00,1084.258,584.75,875.749
2025-01-25 15:15:00,1084.258,584.75,875.749
2025-01-25 15:30:00,1084.258,584.75,875.749
2025-01-25 15:45:00,1084.258,584.75,875.749
2025-01-25 16:00:00,22.666,337.501,326.024
2025-01-25 16:15:00,22.666,337.501,326.024
2025-01-25 16:30:00,22.666,337.501,326.024
2025-01-25 16:45:00,22.666,337.501,326.024
2025-01-25 17:00:00,0.0,233.25,95.45
2025-01-25 17:15:00,0.0,233.25,95.45
2025-01-25 17:30:00,0.0,233.25,95.45
2025-01-25 17:45:00,0.0,233.25,95.45
2025-01-25 18:00:00,0.0,188.5,61.938
2025-01-25 18:15:00,0.0,188.5,61.938
2025-01-25 18:30:00,0.0,188.5,61.938
2025-01-25 18:45:00,0.0,188.5,61.938
2025-01-25 19:00:00,0.0,142.0,39.521
2025-01-25 19:15:00,0.0,142.0,39.521
2025-01-25 19:30:00,0.0,142.0,39.521
2025-01-25 19:45:00,0.0,142.0,39.521
2025-01-25 20:00:00,0.0,108.75,36.864
2025-01-25 20:15:00,0.0,108.75,36.864
2025-01-25 20:30:00,0.0,108.75,36.864
2025-01-25 20:45:00,0.0,108.75,36.864
2025-01-25 21:00:00,0.0,80.25,15.514
2025-01-25 21:15:00,0.0,80.25,15.514
2025-01-25 21:30:00,0.0,80.25,15.514
2025-01-25 21:45:00,0.0,80.25,15.514
2025-01-25 22:00:00,0.0,60.25,4.195
2025-01-25 22:15:00,0.0,60.25,4.195
2025-01-25 22:30:00,0.0,60.25,4.195
2025-01-25 22:45:00,0.0,60.25,4.195
2025-01-25 23:00:00,0.0,38.251,4.664
2025-01-25 23:15:00,0.0,38.251,4.664
2025-01-25 23:30:00,0.0,38.251,4.664
2025-01-25 23:45:00,0.0,38.251,4.664
2025-01-26 00:00:00,0.0,22.5,21.049
2025-01-26 00:15:00,0.0,22.5,21.049
2025-01-26 00:30:00,0.0,22.5,21.049
2025-01-26 00:45:00,0.0,22.5,21.049
2025-01-26 01:00:00,0.0,0.25,23.138
2025-01-26 01:15:00,0.0,0.25,23.138
2025-01-26 01:30:00,0.0,0.25,23.138
2025-01-26 01:45:00,0.0,0.25,23.138
2025-01-26 02:00:00,0.0,0.0,28.225
2025-01-26 02:15:00,0.0,0.0,28.225
2025-01-26 02:30:00,0.0,0.0,28.225
2025-01-26 02:45:00,0.0,0.0,28.225
2025-01-26 03:00:00,0.0,6.75,21.083
2025-01-26 03:15:00,0.0,6.75,21.083
2025-01-26 03:30:00,0.0,6.75,21.083
2025-01-26 03:45:00,0.0,6.75,21.083
2025-01-26 04:00:00,0.0,99.0,39.429
2025-01-26 04:15:00,0.0,99.0,39.429
2025-01-26 04:30:00,0.0,99.0,39.429
2025-01-26 04:45:00,0.0,99.0,39.429
2025-01-26 05:00:00,0.0,268.251,112.433
2025-01-26 05:15:00,0.0,268.251,112.433
2025-01-26 05:30:00,0.0,268.251,112.433
2025-01-26 05:45:00,0.0,268.251,112.433
2025-01-26 06:00:00,0.0,840.0,222.272
2025-01-26 06:15:00,0.0,840.0,222.272
2025-01-26 06:30:00,0.0,840.0,222.272
2025-01-26 06:45:00,0.0,840.0,222.272
2025-01-26 07:00:00,21.451,1540.25,275.211
2025-01-26 07:15:00,21.451,1540.25,275.211
2025-01-26 07:30:00,21.451,1540.25,275.211
2025-01-26 07:45:00,21.451,1540.25,275.211
2025-01-26 08:00:00,778.342,2294.0,439.017
2025-01-26 08:15:00,778.342,2294.0,439.017
2025-01-26 08:30:00,778.342,2294.0,439.017
2025-01-26 08:45:00,778.342,2294.0,439.017
2025-01-26 09:00:00,3695.354,2917.249,973.118
2025-01-26 09:15:00,3695.354,2917.249,973.118
2025-01-26 09:30:00,3695.354,2917.249,973.118
2025-01-26 09:45:00,3695.354,2917.249,973.118
2025-01-26 10:00:00,6480.007,3197.0,1866.397
2025-01-26 10:15:00,6480.007,3197.0,1866.397
2025-01-26 10:30:00,6480.007,3197.0,1866.397
2025-01-26 10:45:00,6480.007,3197.0,1866.397
2025-01-26 11:00:00,8251.172,3434.0,2567.821
2025-01-26 11:15:00,8251.172,3434.0,2567.821
2025-01-26 11:30:00,8251.172,3434.0,2567.821
2025-01-26 11:45:00,8251.172,3434.0,2567.821
2025-01-26 12:00:00,8049.114,3755.749,2954.352
2025-01-26 12:15:00,8049.114,3755.749,2954.352
2025-01-26 12:30:00,8049.114,3755.749,2954.352
2025-01-26 12:45:00,8049.114,3755.749,2954.352
2025-01-26 13:00:00,5795.918,3878.001,3313.643
2025-01-26 13:15:00,5795.918,3878.001,3313.643
2025-01-26 13:30:00,5795.918,3878.001,3313.643
2025-01-26 13:45:00,5795.918,3878.001,3313.643
2025-01-26 14:00:00,2626.349,4007.25,3694.036
2025-01-26 14:15:00,2626.349,4007.25,3694.036
2025-01-26 14:30:00,2626.349,4007.25,3694.036
2025-01-26 14:45:00,2626.349,4007.25,3694.036
2025-01-26 15:00:00,1079.992,4146.75,3850.469
2025-01-26 15:15:00,1079.992,4146.75,3850.469
2025-01-26 15:30:00,1079.992,4146.75,3850.469
2025-01-26 15:45:00,1079.992,4146.75,3850.469
2025-01-26 16:00:00,91.062,4111.749,4277.231
2025-01-26 16:15:00,91.062,4111.749,4277.231
2025-01-26 16:30:00,91.062,4111.749,4277.231
2025-01-26 16:45:00,91.062,4111.749,4277.231
2025-01-26 17:00:00,0.0,4271.501,4777.688
2025-01-26 17:15:00,0.0,4271.501,4777.688
2025-01-26 17:30:00,0.0,4271.501,4777.688
2025-01-26 17:45:00,0.0,4271.501,4777.688
2025-01-26 18:00:00,0.0,4261.752,5509.762
2025-01-26 18:15:00,0.0,4261.752,5509.762
2025-01-26 18:30:00,0.0,4261.752,5509.762
2025-01-26 18:45:00,0.0,4261.752,5509.762
2025-01-26 19:00:00,0.0,4289.751,5702.917
2025-01-26 19:15:00,0.0,4289.751,5702.917
2025-01-26 19:30:00,0.0,4289.751,5702.917
2025-01-26 19:45:00,0.0,4289.751,5702.917
2025-01-26 20:00:00,0.0,4288.75,5635.782
2025-01-26 20:15:00,0.0,4288.75,5635.782
2025-01-26 20:30:00,0.0,4288.75,5635.782
2025-01-26 20:45:00,0.0,4288.75,5635.782
2025-01-26 21:00:00,0.0,4276.499,5671.982
2025-01-26 21:15:00,0.0,4276.499,5671.982
2025-01-26 21:30:00,0.0,4276.499,5671.982
2025-01-26 21:45:00,0.0,4276.499,5671.982
2025-01-26 22:00:00,0.0,4222.0,5304.569
2025-01-26 22:15:00,0.0,4222.0,5304.569
2025-01-26 22:30:00,0.0,4222.0,5304.569
2025-01-26 22:45:00,0.0,4222.0,5304.569
2025-01-26 23:00:00,0.0,4229.75,4800.397
2025-01-26 23:15:00,0.0,4229.75,4800.397
2025-01-26 23:30:00,0.0,4229.75,4800.397
2025-01-26 23:45:00,0.0,4229.75,4800.397
2025-01-27 00:00:00,0.0,4179.999,4389.013
2025-01-27 00:15:00,0.0,4179.999,4389.013
2025-01-27 00:30:00,0.0,4179.999,4389.013
2025-01-27 00:45:00,0.0,4179.999,4389.013
2025-01-27 01:00:00,0.0,4156.749,4778.243
2025-01-27 01:15:00,0.0,4156.749,4778.243
2025-01-27 01:30:00,0.0,4156.749,4778.243
2025-01-27 01:45:00,0.0,4156.749,4778.243
2025-01-27 02:00:00,0.0,4174.999,5107.789
2025-01-27 02:15:00,0.0,4174.999,5107.789
2025-01-27 02:30:00,0.0,4174.999,5107.789
2025-01-27 02:45:00,0.0,4174.999,5107.789
2025-01-27 03:00:00,0.0,4101.499,5626.64
2025-01-27 03:15:00,0.0,4101.499,5626.64
2025-01-27 03:30:00,0.0,4101.499,5626.64
2025-01-27 03:45:00,0.0,4101.499,5626.64
2025-01-27 04:00:00,0.0,4148.5,6198.493
2025-01-27 04:15:00,0.0,4148.5,6198.493
2025-01-27 04:30:00,0.0,4148.5,6198.493
2025-01-27 04:45:00,0.0,4148.5,6198.493
2025-01-27 05:00:00,0.0,4193.75,6398.625
2025-01-27 05:15:00,0.0,4193.75,6398.625
2025-01-27 05:30:00,0.0,4193.75,6398.625
2025-01-27 05:45:00,0.0,4193.75,6398.625
2025-01-27 06:00:00,0.0,4130.751,6454.819
2025-01-27 06:15:00,0.0,4130.751,6454.819
2025-01-27 06:30:00,0.0,4130.751,6454.819
2025-01-27 06:45:00,0.0,4130.751,6454.819
2025-01-27 07:00:00,27.477,4116.749,6398.476
2025-01-27 07:15:00,27.477,4116.749,6398.476
2025-01-27 07:30:00,27.477,4116.749,6398.476
2025-01-27 07:45:00,27.477,4116.749,6398.476
2025-01-27 08:00:00,1158.603,4059.25,6268.004
2025-01-27 08:15:00,1158.603,4059.25,6268.004
2025-01-27 08:30:00,1158.603,4059.25,6268.004
2025-01-27 08:45:00,1158.603,4059.25,6268.004
2025-01-27 09:00:00,4710.529,3439.001,6293.235
2025-01-27 09:15:00,4710.529,3439.001,6293.235
2025-01-27 09:30:00,4710.529,3439.001,6293.235
2025-01-27 09:45:00,4710.529,3439.001,6293.235
2025-01-27 10:00:00,7173.148,3221.25,6349.725
2025-01-27 10:15:00,7173.148,3221.25,6349.725
2025-01-27 10:30:00,7173.148,3221.25,6349.725
2025-01-27 10:45:00,7173.148,3221.25,6349.725
2025-01-27 11:00:00,7913.037,3724.5,6364.096
2025-01-27 11:15:00,7913.037,3724.5,6364.096
2025-01-27 11:30:00,7913.037,3724.5,6364.096
2025-01-27 11:45:00,7913.037,3724.5,6364.096
2025-01-27 12:00:00,8227.098,3682.25,6363.171
2025-01-27 12:15:00,8227.098,3682.25,6363.171
2025-01-27 12:30:00,8227.098,3682.25,6363.171
2025-01-27 12:45:00,8227.098,3682.25,6363.171
2025-01-27 13:00:00,6576.215,4024.749,6211.722
2025-01-27 13:15:00,6576.215,4024.749,6211.722
2025-01-27 13:30:00,6576.215,4024.749,6211.722
2025-01-27 13:45:00,6576.215,4024.749,6211.722
2025-01-27 14:00:00,5424.674,3898.75,5879.102
2025-01-27 14:15:00,5424.674,3898.75,5879.102
2025-01-27 14:30:00,5424.674,3898.75,5879.102
2025-01-27 14:45:00,5424.674,3898.75,5879.102
2025-01-27 15:00:00,2569.671,4013.749,5084.017
2025-01-27 15:15:00,2569.671,4013.749,5084.017
2025-01-27 15:30:00,2569.671,4013.749,5084.017
2025-01-27 15:45:00,2569.671,4013.749,5084.017
2025-01-27 16:00:00,195.692,4131.75,4165.449
2025-01-27 16:15:00,195.692,4131.75,4165.449
2025-01-27 16:30:00,195.692,4131.75,4165.449
2025-01-27 16:45:00,195.692,4131.75,4165.449
2025-01-27 17:00:00,0.0,4210.25,3604.708
2025-01-27 17:15:00,0.0,4210.25,3604.708
2025-01-27 17:30:00,0.0,4210.25,3604.708
2025-01-27 17:45:00,0.0,4210.25,3604.708
2025-01-27 18:00:00,0.0,4207.501,4085.409
2025-01-27 18:15:00,0.0,4207.501,4085.409
2025-01-27 18:30:00,0.0,4207.501,4085.409
2025-01-27 18:45:00,0.0,4207.501,4085.409
2025-01-27 19:00:00,0.0,4248.75,4157.858
2025-01-27 19:15:00,0.0,4248.75,4157.858
2025-01-27 19:30:00,0.0,4248.75,4157.858
2025-01-27 19:45:00,0.0,4248.75,4157.858
2025-01-27 20:00:00,0.0,4230.249,4260.335
2025-01-27 20:15:00,0.0,4230.249,4260.335
2025-01-27 20:30:00,0.0,4230.249,4260.335
2025-01-27 20:45:00,0.0,4230.249,4260.335
2025-01-27 21:00:00,0.0,4235.501,4197.28
2025-01-27 21:15:00,0.0,4235.501,4197.28
2025-01-27 21:30:00,0.0,4235.501,4197.28
2025-01-27 21:45:00,0.0,4235.501,4197.28
2025-01-27 22:00:00,0.0,4237.25,3968.926
2025-01-27 22:15:00,0.0,4237.25,3968.926
2025-01-27 22:30:00,0.0,4237.25,3968.926
2025-01-27 22:45:00,0.0,4237.25,3968.926
2025-01-27 23:00:00,0.0,4154.751,4359.154
2025-01-27 23:15:00,0.0,4154.751,4359.154
2025-01-27 23:30:00,0.0,4154.751,4359.154
2025-01-27 23:45:00,0.0,4154.751,4359.154
2025-01-28 00:00:00,0.0,4074.25,4913.115
2025-01-28 00:15:00,0.0,4074.25,4913.115
2025-01-28 00:30:00,0.0,4074.25,4913.115
2025-01-28 00:45:00,0.0,4074.25,4913.115
2025-01-28 01:00:00,0.0,4189.5,5060.488
2025-01-28 01:15:00,0.0,4189.5,5060.488
2025-01-28 01:30:00,0.0,4189.5,5060.488
2025-01-28 01:45:00,0.0,4189.5,5060.488
2025-01-28 02:00:00,0.0,4258.001,4613.904
2025-01-28 02:15:00,0.0,4258.001,4613.904
2025-01-28 02:30:00,0.0,4258.001,4613.904
2025-01-28 02:45:00,0.0,4258.001,4613.904
2025-01-28 03:00:00,0.0,4173.5,4017.574
2025-01-28 03:15:00,0.0,4173.5,4017.574
2025-01-28 03:30:00,0.0,4173.5,4017.574
2025-01-28 03:45:00,0.0,4173.5,4017.574
2025-01-28 04:00:00,0.0,4156.751,3921.907
2025-01-28 04:15:00,0.0,4156.751,3921.907
2025-01-28 04:30:00,0.0,4156.751,3921.907
2025-01-28 04:45:00,0.0,4156.751,3921.907
2025-01-28 05:00:00,0.0,3826.25,4869.349
2025-01-28 05:15:00,0.0,3826.25,4869.349
2025-01-28 05:30:00,0.0,3826.25,4869.349
2025-01-28 05:45:00,0.0,3826.25,4869.349
2025-01-28 06:00:00,0.0,4175.0,5436.729
2025-01-28 06:15:00,0.0,4175.0,5436.729
2025-01-28 06:30:00,0.0,4175.0,5436.729
2025-01-28 06:45:00,0.0,4175.0,5436.729
2025-01-28 07:00:00,32.988,4190.75,5052.205
2025-01-28 07:15:00,32.988,4190.75,5052.205
2025-01-28 07:30:00,32.988,4190.75,5052.205
2025-01-28 07:45:00,32.988,4190.75,5052.205
2025-01-28 08:00:00,938.762,4148.501,4925.101
2025-01-28 08:15:00,938.762,4148.501,4925.101
2025-01-28 08:30:00,938.762,4148.501,4925.101
2025-01-28 08:45:00,938.762,4148.501,4925.101
2025-01-28 09:00:00,3290.205,3958.0,5489.306
2025-01-28 09:15:00,3290.205,3958.0,5489.306
2025-01-28 09:30:00,3290.205,3958.0,5489.306
2025-01-28 09:45:00,3290.205,3958.0,5489.306
2025-01-28 10:00:00,4911.378,4057.001,5951.303
2025-01-28 10:15:00,4911.378,4057.001,5951.303
2025-01-28 10:30:00,4911.378,4057.001,5951.303
2025-01-28 10:45:00,4911.378,4057.001,5951.303
2025-01-28 11:00:00,4214.718,4167.5,5964.448
2025-01-28 11:15:00,4214.718,4167.5,5964.448
2025-01-28 11:30:00,4214.718,4167.5,5964.448
2025-01-28 11:45:00,4214.718,4167.5,5964.448
2025-01-28 12:00:00,3244.796,4172.25,5762.131
2025-01-28 12:15:00,3244.796,4172.25,5762.131
2025-01-28 12:30:00,3244.796,4172.25,5762.131
2025-01-28 12:45:00,3244.796,4172.25,5762.131
2025-01-28 13:00:00,2355.165,4201.25,5328.493
2025-01-28 13:15:00,2355.165,4201.25,5328.493
2025-01-28 13:30:00,2355.165,4201.25,5328.493
2025-01-28 13:45:00,2355.165,4201.25,5328.493
2025-01-28 14:00:00,1708.325,4216.0,4586.459
2025-01-28 14:15:00,1708.325,4216.0,4586.459
2025-01-28 14:30:00,1708.325,4216.0,4586.459
2025-01-28 14:45:00,1708.325,4216.0,4586.459
2025-01-28 15:00:00,724.375,4112.25,4627.531
2025-01-28 15:15:00,724.375,4112.25,4627.531
2025-01-28 15:30:00,724.375,4112.25,4627.531
2025-01-28 15:45:00,724.375,4112.25,4627.531
2025-01-28 16:00:00,62.991,4149.501,4611.558
2025-01-28 16:15:00,62.991,4149.501,4611.558
2025-01-28 16:30:00,62.991,4149.501,4611.558
2025-01-28 16:45:00,62.991,4149.501,4611.558
2025-01-28 17:00:00,0.0,4204.25,4908.226
2025-01-28 17:15:00,0.0,4204.25,4908.226
2025-01-28 17:30:00,0.0,4204.25,4908.226
2025-01-28 17:45:00,0.0,4204.25,4908.226
2025-01-28 18:00:00,0.0,4174.0,5011.314
2025-01-28 18:15:00,0.0,4174.0,5011.314
2025-01-28 18:30:00,0.0,4174.0,5011.314
2025-01-28 18:45:00,0.0,4174.0,5011.314
2025-01-28 19:00:00,0.0,4151.999,4955.637
2025-01-28 19:15:00,0.0,4151.999,4955.637
2025-01-28 19:30:00,0.0,4151.999,4955.637
2025-01-28 19:45:00,0.0,4151.999,4955.637
2025-01-28 20:00:00,0.0,4143.249,4913.98
2025-01-28 20:15:00,0.0,4143.249,4913.98
2025-01-28 20:30:00,0.0,4143.249,4913.98
2025-01-28 20:45:00,0.0,4143.249,4913.98
2025-01-28 21:00:00,0.0,3981.999,4786.756
2025-01-28 21:15:00,0.0,3981.999,4786.756
2025-01-28 21:30:00,0.0,3981.999,4786.756
2025-01-28 21:45:00,0.0,3981.999,4786.756
2025-01-28 22:00:00,0.0,3765.5,4706.987
2025-01-28 22:15:00,0.0,3765.5,4706.987
2025-01-28 22:30:00,0.0,3765.5,4706.987
2025-01-28 22:45:00,0.0,3765.5,4706.987
2025-01-28 23:00:00,0.0,3636.75,4646.817
2025-01-28 23:15:00,0.0,3636.75,4646.817
2025-01-28 23:30:00,0.0,3636.75,4646.817
2025-01-28 23:45:00,0.0,3636.75,4646.817
2025-01-29 00:00:00,0.0,3730.751,4535.57
2025-01-29 00:15:00,0.0,3730.751,4535.57
2025-01-29 00:30:00,0.0,3730.751,4535.57
2025-01-29 00:45:00,0.0,3730.751,4535.57
2025-01-29 01:00:00,0.0,3934.75,4563.074
2025-01-29 01:15:00,0.0,3934.75,4563.074
2025-01-29 01:30:00,0.0,3934.75,4563.074
2025-01-29 01:45:00,0.0,3934.75,4563.074
2025-01-29 02:00:00,0.0,3660.751,4668.617
2025-01-29 02:15:00,0.0,3660.751,4668.617
2025-01-29 02:30:00,0.0,3660.751,4668.617
2025-01-29 02:45:00,0.0,3660.751,4668.617
2025-01-29 03:00:00,0.0,3768.0,5031.096
2025-01-29 03:15:00,0.0,3768.0,5031.096
2025-01-29 03:30:00,0.0,3768.0,5031.096
2025-01-29 03:45:00,0.0,3768.0,5031.096
2025-01-29 04:00:00,0.0,3561.501,5447.192
2025-01-29 04:15:00,0.0,3561.501,5447.192
2025-01-29 04:30:00,0.0,3561.501,5447.192
2025-01-29 04:45:00,0.0,3561.501,5447.192
2025-01-29 05:00:00,0.0,3616.749,5620.05
2025-01-29 05:15:00,0.0,3616.749,5620.05
2025-01-29 05:30:00,0.0,3616.749,5620.05
2025-01-29 05:45:00,0.0,3616.749,5620.05
2025-01-29 06:00:00,0.0,3540.75,5676.079
2025-01-29 06:15:00,0.0,3540.75,5676.079
2025-01-29 06:30:00,0.0,3540.75,5676.079
2025-01-29 06:45:00,0.0,3540.75,5676.079
2025-01-29 07:00:00,29.666,3685.0,5470.07
2025-01-29 07:15:00,29.666,3685.0,5470.07
2025-01-29 07:30:00,29.666,3685.0,5470.07
2025-01-29 07:45:00,29.666,3685.0,5470.07
2025-01-29 08:00:00,763.421,3611.0,5186.813
2025-01-29 08:15:00,763.421,3611.0,5186.813
2025-01-29 08:30:00,763.421,3611.0,5186.813
2025-01-29 08:45:00,763.421,3611.0,5186.813
2025-01-29 09:00:00,2713.72,3220.251,5104.188
2025-01-29 09:15:00,2713.72,3220.251,5104.188
2025-01-29 09:30:00,2713.72,3220.251,5104.188
2025-01-29 09:45:00,2713.72,3220.251,5104.188
2025-01-29 10:00:00,4184.805,3085.5,5116.943
2025-01-29 10:15:00,4184.805,3085.5,5116.943
2025-01-29 10:30:00,4184.805,3085.5,5116.943
2025-01-29 10:45:00,4184.805,3085.5,5116.943
2025-01-29 11:00:00,4849.635,2805.5,5244.868
2025-01-29 11:15:00,4849.635,2805.5,5244.868
2025-01-29 11:30:00,4849.635,2805.5,5244.868
2025-01-29 11:45:00,4849.635,2805.5,5244.868
2025-01-29 12:00:00,3922.61,2630.5,5230.7
2025-01-29 12:15:00,3922.61,2630.5,5230.7
2025-01-29 12:30:00,3922.61,2630.5,5230.7
2025-01-29 12:45:00,3922.61,2630.5,5230.7
2025-01-29 13:00:00,4196.229,2225.751,4873.541
2025-01-29 13:15:00,4196.229,2225.751,4873.541
2025-01-29 13:30:00,4196.229,2225.751,4873.541
2025-01-29 13:45:00,4196.229,2225.751,4873.541
2025-01-29 14:00:00,3259.094,1970.75,4115.575
2025-01-29 14:15:00,3259.094,1970.75,4115.575
2025-01-29 14:30:00,3259.094,1970.75,4115.575
2025-01-29 14:45:00,3259.094,1970.75,4115.575
2025-01-29 15:00:00,1627.677,1761.999,3315.107
2025-01-29 15:15:00,1627.677,1761.999,3315.107
2025-01-29 15:30:00,1627.677,1761.999,3315.107
2025-01-29 15:45:00,1627.677,1761.999,3315.107
2025-01-29 16:00:00,110.352,1785.0,2420.555
2025-01-29 16:15:00,110.352,1785.0,2420.555
2025-01-29 16:30:00,110.352,1785.0,2420.555
2025-01-29 16:45:00,110.352,1785.0,2420.555
2025-01-29 17:00:00,0.0,1506.25,1678.995
2025-01-29 17:15:00,0.0,1506.25,1678.995
2025-01-29 17:30:00,0.0,1506.25,1678.995
2025-01-29 17:45:00,0.0,1506.25,1678.995
2025-01-29 18:00:00,0.0,1186.75,1413.423
2025-01-29 18:15:00,0.0,1186.75,1413.423
2025-01-29 18:30:00,0.0,1186.75,1413.423
2025-01-29 18:45:00,0.0,1186.75,1413.423
2025-01-29 19:00:00,0.0,896.25,1069.344
2025-01-29 19:15:00,0.0,896.25,1069.344
2025-01-29 19:30:00,0.0,896.25,1069.344
2025-01-29 19:45:00,0.0,896.25,1069.344
2025-01-29 20:00:00,0.0,746.25,760.197
2025-01-29 20:15:00,0.0,746.25,760.197
2025-01-29 20:30:00,0.0,746.25,760.197
2025-01-29 20:45:00,0.0,746.25,760.197
2025-01-29 21:00:00,0.0,665.001,624.708
2025-01-29 21:15:00,0.0,665.001,624.708
2025-01-29 21:30:00,0.0,665.001,624.708
2025-01-29 21:45:00,0.0,665.001,624.708
2025-01-29 22:00:00,0.0,612.5,463.937
2025-01-29 22:15:00,0.0,612.5,463.937
2025-01-29 22:30:00,0.0,612.5,463.937
2025-01-29 22:45:00,0.0,612.5,463.937
2025-01-29 23:00:00,0.0,570.5,397.924
2025-01-29 23:15:00,0.0,570.5,397.924
2025-01-29 23:30:00,0.0,570.5,397.924
2025-01-29 23:45:00,0.0,570.5,397.924
2025-01-30 00:00:00,0.0,587.25,216.8
2025-01-30 00:15:00,0.0,587.25,216.8
2025-01-30 00:30:00,0.0,587.25,216.8
2025-01-30 00:45:00,0.0,587.25,216.8
2025-01-30 01:00:00,0.0,572.75,181.494
2025-01-30 01:15:00,0.0,572.75,181.494
2025-01-30 01:30:00,0.0,572.75,181.494
2025-01-30 01:45:00,0.0,572.75,181.494
2025-01-30 02:00:00,0.0,631.25,187.279
2025-01-30 02:15:00,0.0,631.25,187.279
2025-01-30 02:30:00,0.0,631.25,187.279
2025-01-30 02:45:00,0.0,631.25,187.279
2025-01-30 03:00:00,0.0,852.0,152.943
2025-01-30 03:15:00,0.0,852.0,152.943
2025-01-30 03:30:00,0.0,852.0,152.943
2025-01-30 03:45:00,0.0,852.0,152.943
2025-01-30 04:00:00,0.0,1164.5,156.583
2025-01-30 04:15:00,0.0,1164.5,156.583
2025-01-30 04:30:00,0.0,1164.5,156.583
2025-01-30 04:45:00,0.0,1164.5,156.583
2025-01-30 05:00:00,0.0,1146.5,205.117
2025-01-30 05:15:00,0.0,1146.5,205.117
2025-01-30 05:30:00,0.0,1146.5,205.117
2025-01-30 05:45:00,0.0,1146.5,205.117
2025-01-30 06:00:00,0.0,1422.249,196.716
2025-01-30 06:15:00,0.0,1422.249,196.716
2025-01-30 06:30:00,0.0,1422.249,196.716
2025-01-30 06:45:00,0.0,1422.249,196.716
2025-01-30 07:00:00,25.397,1513.499,150.706
2025-01-30 07:15:00,25.397,1513.499,150.706
2025-01-30 07:30:00,25.397,1513.499,150.706
2025-01-30 07:45:00,25.397,1513.499,150.706
2025-01-30 08:00:00,656.01,1690.75,220.118
2025-01-30 08:15:00,656.01,1690.75,220.118
2025-01-30 08:30:00,656.01,1690.75,220.118
2025-01-30 08:45:00,656.01,1690.75,220.118
2025-01-30 09:00:00,1716.416,1712.0,281.446
2025-01-30 09:15:00,1716.416,1712.0,281.446
2025-01-30 09:30:00,1716.416,1712.0,281.446
2025-01-30 09:45:00,1716.416,1712.0,281.446
2025-01-30 10:00:00,2782.887,1823.5,412.845
2025-01-30 10:15:00,2782.887,1823.5,412.845
2025-01-30 10:30:00,2782.887,1823.5,412.845
2025-01-30 10:45:00,2782.887,1823.5,412.845
2025-01-30 11:00:00,3160.934,1888.5,797.847
2025-01-30 11:15:00,3160.934,1888.5,797.847
2025-01-30 11:30:00,3160.934,1888.5,797.847
2025-01-30 11:45:00,3160.934,1888.5,797.847
2025-01-30 12:00:00,2722.25,1682.75,1083.047
2025-01-30 12:15:00,2722.25,1682.75,1083.047
2025-01-30 12:30:00,2722.25,1682.75,1083.047
2025-01-30 12:45:00,2722.25,1682.75,1083.047
2025-01-30 13:00:00,2980.382,1287.0,1216.382
2025-01-30 13:15:00,2980.382,1287.0,1216.382
2025-01-30 13:30:00,2980.382,1287.0,1216.382
2025-01-30 13:45:00,2980.382,1287.0,1216.382
2025-01-30 14:00:00,3204.182,1361.25,1303.608
2025-01-30 14:15:00,3204.182,1361.25,1303.608
2025-01-30 14:30:00,3204.182,1361.25,1303.608
2025-01-30 14:45:00,3204.182,1361.25,1303.608
2025-01-30 15:00:00,2236.582,1476.0,1286.509
2025-01-30 15:15:00,2236.582,1476.0,1286.509
2025-01-30 15:30:00,2236.582,1476.0,1286.509
2025-01-30 15:45:00,2236.582,1476.0,1286.509
2025-01-30 16:00:00,432.745,1563.0,966.185
2025-01-30 16:15:00,432.745,1563.0,966.185
2025-01-30 16:30:00,432.745,1563.0,966.185
2025-01-30 16:45:00,432.745,1563.0,966.185
2025-01-30 17:00:00,0.0,1996.25,746.742
2025-01-30 17:15:00,0.0,1996.25,746.742
2025-01-30 17:30:00,0.0,1996.25,746.742
2025-01-30 17:45:00,0.0,1996.25,746.742
2025-01-30 18:00:00,0.0,2145.751,885.455
2025-01-30 18:15:00,0.0,2145.751,885.455
2025-01-30 18:30:00,0.0,2145.751,885.455
2025-01-30 18:45:00,0.0,2145.751,885.455
2025-01-30 19:00:00,0.0,2123.5,1044.821
2025-01-30 19:15:00,0.0,2123.5,1044.821
2025-01-30 19:30:00,0.0,2123.5,1044.821
2025-01-30 19:45:00,0.0,2123.5,1044.821
2025-01-30 20:00:00,0.0,1864.75,866.975
2025-01-30 20:15:00,0.0,1864.75,866.975
2025-01-30 20:30:00,0.0,1864.75,866.975
2025-01-30 20:45:00,0.0,1864.75,866.975
2025-01-30 21:00:00,0.0,1327.25,763.44
2025-01-30 21:15:00,0.0,1327.25,763.44
2025-01-30 21:30:00,0.0,1327.25,763.44
2025-01-30 21:45:00,0.0,1327.25,763.44
2025-01-30 22:00:00,0.0,1322.0,575.942
2025-01-30 22:15:00,0.0,1322.0,575.942
2025-01-30 22:30:00,0.0,1322.0,575.942
2025-01-30 22:45:00,0.0,1322.0,575.942
2025-01-30 23:00:00,0.0,1293.25,661.467
2025-01-30 23:15:00,0.0,1293.25,661.467
2025-01-30 23:30:00,0.0,1293.25,661.467
2025-01-30 23:45:00,0.0,1293.25,661.467
2025-01-31 00:00:00,0.0,1423.0,675.272
2025-01-31 00:15:00,0.0,1423.0,675.272
2025-01-31 00:30:00,0.0,1423.0,675.272
2025-01-31 00:45:00,0.0,1423.0,675.272
2025-01-31 01:00:00,0.0,1440.75,693.44
2025-01-31 01:15:00,0.0,1440.75,693.44
2025-01-31 01:30:00,0.0,1440.75,693.44
2025-01-31 01:45:00,0.0,1440.75,693.44
2025-01-31 02:00:00,0.0,1333.25,624.814
2025-01-31 02:15:00,0.0,1333.25,624.814
2025-01-31 02:30:00,0.0,1333.25,624.814
2025-01-31 02:45:00,0.0,1333.25,624.814
2025-01-31 03:00:00,0.0,1279.5,615.621
2025-01-31 03:15:00,0.0,1279.5,615.621
2025-01-31 03:30:00,0.0,1279.5,615.621
2025-01-31 03:45:00,0.0,1279.5,615.621
2025-01-31 04:00:00,0.0,1286.75,549.092
2025-01-31 04:15:00,0.0,1286.75,549.092
2025-01-31 04:30:00,0.0,1286.75,549.092
2025-01-31 04:45:00,0.0,1286.75,549.092
2025-01-31 05:00:00,0.0,1111.75,464.75
2025-01-31 05:15:00,0.0,1111.75,464.75
2025-01-31 05:30:00,0.0,1111.75,464.75
2025-01-31 05:45:00,0.0,1111.75,464.75
2025-01-31 06:00:00,0.0,1055.499,554.421
2025-01-31 06:15:00,0.0,1055.499,554.421
2025-01-31 06:30:00,0.0,1055.499,554.421
2025-01-31 06:45:00,0.0,1055.499,554.421
2025-01-31 07:00:00,82.157,1009.25,654.345
2025-01-31 07:15:00,82.157,1009.25,654.345
2025-01-31 07:30:00,82.157,1009.25,654.345
2025-01-31 07:45:00,82.157,1009.25,654.345
2025-01-31 08:00:00,1614.055,792.25,653.901
2025-01-31 08:15:00,1614.055,792.25,653.901
2025-01-31 08:30:00,1614.055,792.25,653.901
2025-01-31 08:45:00,1614.055,792.25,653.901
2025-01-31 09:00:00,4500.309,746.001,570.836
2025-01-31 09:15:00,4500.309,746.001,570.836
2025-01-31 09:30:00,4500.309,746.001,570.836
2025-01-31 09:45:00,4500.309,746.001,570.836
2025-01-31 10:00:00,7247.626,697.0,567.23
2025-01-31 10:15:00,7247.626,697.0,567.23
2025-01-31 10:30:00,7247.626,697.0,567.23
2025-01-31 10:45:00,7247.626,697.0,567.23
2025-01-31 11:00:00,8084.278,697.25,742.19
2025-01-31 11:15:00,8084.278,697.25,742.19
2025-01-31 11:30:00,8084.278,697.25,742.19
2025-01-31 11:45:00,8084.278,697.25,742.19
2025-01-31 12:00:00,8389.81,607.5,808.129
2025-01-31 12:15:00,8389.81,607.5,808.129
2025-01-31 12:30:00,8389.81,607.5,808.129
2025-01-31 12:45:00,8389.81,607.5,808.129
2025-01-31 13:00:00,7823.991,566.0,851.552
2025-01-31 13:15:00,7823.991,566.0,851.552
2025-01-31 13:30:00,7823.991,566.0,851.552
2025-01-31 13:45:00,7823.991,566.0,851.552
2025-01-31 14:00:00,5761.534,529.5,695.59
2025-01-31 14:15:00,5761.534,529.5,695.59
2025-01-31 14:30:00,5761.534,529.5,695.59
2025-01-31 14:45:00,5761.534,529.5,695.59
2025-01-31 15:00:00,2222.872,498.25,414.453
2025-01-31 15:15:00,2222.872,498.25,414.453
2025-01-31 15:30:00,2222.872,498.25,414.453
2025-01-31 15:45:00,2222.872,498.25,414.453
2025-01-31 16:00:00,215.187,593.751,190.923
2025-01-31 16:15:00,215.187,593.751,190.923
2025-01-31 16:30:00,215.187,593.751,190.923
2025-01-31 16:45:00,215.187,593.751,190.923
2025-01-31 17:00:00,0.0,427.75,69.628
2025-01-31 17:15:00,0.0,427.75,69.628
2025-01-31 17:30:00,0.0,427.75,69.628
2025-01-31 17:45:00,0.0,427.75,69.628
2025-01-31 18:00:00,0.0,388.75,0.0
2025-01-31 18:15:00,0.0,388.75,0.0
2025-01-31 18:30:00,0.0,388.75,0.0
2025-01-31 18:45:00,0.0,388.75,0.0
2025-01-31 19:00:00,0.0,312.25,6.075
2025-01-31 19:15:00,0.0,312.25,6.075
2025-01-31 19:30:00,0.0,312.25,6.075
2025-01-31 19:45:00,0.0,312.25,6.075
2025-01-31 20:00:00,0.0,269.751,40.172
2025-01-31 20:15:00,0.0,269.751,40.172
2025-01-31 20:30:00,0.0,269.751,40.172
2025-01-31 20:45:00,0.0,269.751,40.172
2025-01-31 21:00:00,0.0,215.25,54.968
2025-01-31 21:15:00,0.0,215.25,54.968
2025-01-31 21:30:00,0.0,215.25,54.968
2025-01-31 21:45:00,0.0,215.25,54.968
2025-01-31 22:00:00,0.0,182.25,28.763
2025-01-31 22:15:00,0.0,182.25,28.763
2025-01-31 22:30:00,0.0,182.25,28.763
2025-01-31 22:45:00,0.0,182.25,28.763
2025-01-31 23:00:00,0.0,148.501,27.216
2025-01-31 23:15:00,0.0,148.501,27.216
2025-01-31 23:30:00,0.0,148.501,27.216
2025-01-31 23:45:00,0.0,148.501,27.216
2025-02-01 00:00:00,0.0,81.25,17.512
2025-02-01 00:15:00,0.0,81.25,17.512
2025-02-01 00:30:00,0.0,81.25,17.512
2025-02-01 00:45:00,0.0,81.25,17.512
2025-02-01 01:00:00,0.0,103.249,0.0
2025-02-01 01:15:00,0.0,103.249,0.0
2025-02-01 01:30:00,0.0,103.249,0.0
2025-02-01 01:45:00,0.0,103.249,0.0
2025-02-01 02:00:00,0.0,81.252,61.42
2025-02-01 02:15:00,0.0,81.252,61.42
2025-02-01 02:30:00,0.0,81.252,61.42
2025-02-01 02:45:00,0.0,81.252,61.42
2025-02-01 03:00:00,0.0,88.5,46.655
2025-02-01 03:15:00,0.0,88.5,46.655
2025-02-01 03:30:00,0.0,88.5,46.655
2025-02-01 03:45:00,0.0,88.5,46.655
2025-02-01 04:00:00,0.0,24.251,0.0
2025-02-01 04:15:00,0.0,24.251,0.0
2025-02-01 04:30:00,0.0,24.251,0.0
2025-02-01 04:45:00,0.0,24.251,0.0
2025-02-01 05:00:00,0.0,17.75,0.0
2025-02-01 05:15:00,0.0,17.75,0.0
2025-02-01 05:30:00,0.0,17.75,0.0
2025-02-01 05:45:00,0.0,17.75,0.0
2025-02-01 06:00:00,0.0,13.25,10.776
2025-02-01 06:15:00,0.0,13.25,10.776
2025-02-01 06:30:00,0.0,13.25,10.776
2025-02-01 06:45:00,0.0,13.25,10.776
2025-02-01 07:00:00,107.439,77.5,27.695
2025-02-01 07:15:00,107.439,77.5,27.695
2025-02-01 07:30:00,107.439,77.5,27.695
2025-02-01 07:45:00,107.439,77.5,27.695
2025-02-01 08:00:00,2421.996,156.5,40.407
2025-02-01 08:15:00,2421.996,156.5,40.407
2025-02-01 08:30:00,2421.996,156.5,40.407
2025-02-01 08:45:00,2421.996,156.5,40.407
2025-02-01 09:00:00,7011.174,299.499,48.725
2025-02-01 09:15:00,7011.174,299.499,48.725
2025-02-01 09:30:00,7011.174,299.499,48.725
2025-02-01 09:45:00,7011.174,299.499,48.725
2025-02-01 10:00:00,9228.273,349.5,70.782
2025-02-01 10:15:00,9228.273,349.5,70.782
2025-02-01 10:30:00,9228.273,349.5,70.782
2025-02-01 10:45:00,9228.273,349.5,70.782
2025-02-01 11:00:00,10340.666,334.5,173.84
2025-02-01 11:15:00,10340.666,334.5,173.84
2025-02-01 11:30:00,10340.666,334.5,173.84
2025-02-01 11:45:00,10340.666,334.5,173.84
2025-02-01 12:00:00,10789.498,216.501,235.44
2025-02-01 12:15:00,10789.498,216.501,235.44
2025-02-01 12:30:00,10789.498,216.501,235.44
2025-02-01 12:45:00,10789.498,216.501,235.44
2025-02-01 13:00:00,9766.095,118.752,245.651
2025-02-01 13:15:00,9766.095,118.752,245.651
2025-02-01 13:30:00,9766.095,118.752,245.651
2025-02-01 13:45:00,9766.095,118.752,245.651
2025-02-01 14:00:00,7015.853,41.001,228.066
2025-02-01 14:15:00,7015.853,41.001,228.066
2025-02-01 14:30:00,7015.853,41.001,228.066
2025-02-01 14:45:00,7015.853,41.001,228.066
2025-02-01 15:00:00,3484.373,46.0,149.052
2025-02-01 15:15:00,3484.373,46.0,149.052
2025-02-01 15:30:00,3484.373,46.0,149.052
2025-02-01 15:45:00,3484.373,46.0,149.052
2025-02-01 16:00:00,334.693,178.001,26.835
2025-02-01 16:15:00,334.693,178.001,26.835
2025-02-01 16:30:00,334.693,178.001,26.835
2025-02-01 16:45:00,334.693,178.001,26.835
2025-02-01 17:00:00,0.0,447.75,24.918
2025-02-01 17:15:00,0.0,447.75,24.918
2025-02-01 17:30:00,0.0,447.75,24.918
2025-02-01 17:45:00,0.0,447.75,24.918
2025-02-01 18:00:00,0.0,542.0,44.333
2025-02-01 18:15:00,0.0,542.0,44.333
2025-02-01 18:30:00,0.0,542.0,44.333
2025-02-01 18:45:00,0.0,542.0,44.333
2025-02-01 19:00:00,0.0,646.752,106.945
2025-02-01 19:15:00,0.0,646.752,106.945
2025-02-01 19:30:00,0.0,646.752,106.945
2025-02-01 19:45:00,0.0,646.752,106.945
2025-02-01 20:00:00,0.0,684.25,111.25
2025-02-01 20:15:00,0.0,684.25,111.25
2025-02-01 20:30:00,0.0,684.25,111.25
2025-02-01 20:45:00,0.0,684.25,111.25
2025-02-01 21:00:00,0.0,1002.5,107.703
2025-02-01 21:15:00,0.0,1002.5,107.703
2025-02-01 21:30:00,0.0,1002.5,107.703
2025-02-01 21:45:00,0.0,1002.5,107.703
2025-02-01 22:00:00,0.0,1163.751,171.818
2025-02-01 22:15:00,0.0,1163.751,171.818
2025-02-01 22:30:00,0.0,1163.751,171.818
2025-02-01 22:45:00,0.0,1163.751,171.818
2025-02-01 23:00:00,0.0,1458.001,199.476
2025-02-01 23:15:00,0.0,1458.001,199.476
2025-02-01 23:30:00,0.0,1458.001,199.476
2025-02-01 23:45:00,0.0,1458.001,199.476
2025-02-02 00:00:00,0.0,1337.001,213.056
2025-02-02 00:15:00,0.0,1337.001,213.056
2025-02-02 00:30:00,0.0,1337.001,213.056
2025-02-02 00:45:00,0.0,1337.001,213.056
2025-02-02 01:00:00,0.0,723.75,197.557
2025-02-02 01:15:00,0.0,723.75,197.557
2025-02-02 01:30:00,0.0,723.75,197.557
2025-02-02 01:45:00,0.0,723.75,197.557
2025-02-02 02:00:00,0.0,364.75,98.292
2025-02-02 02:15:00,0.0,364.75,98.292
2025-02-02 02:30:00,0.0,364.75,98.292
2025-02-02 02:45:00,0.0,364.75,98.292
2025-02-02 03:00:00,0.0,223.501,62.925
2025-02-02 03:15:00,0.0,223.501,62.925
2025-02-02 03:30:00,0.0,223.501,62.925
2025-02-02 03:45:00,0.0,223.501,62.925
2025-02-02 04:00:00,0.0,336.0,76.367
2025-02-02 04:15:00,0.0,336.0,76.367
2025-02-02 04:30:00,0.0,336.0,76.367
2025-02-02 04:45:00,0.0,336.0,76.367
2025-02-02 05:00:00,0.0,594.5,139.039
2025-02-02 05:15:00,0.0,594.5,139.039
2025-02-02 05:30:00,0.0,594.5,139.039
2025-02-02 05:45:00,0.0,594.5,139.039
2025-02-02 06:00:00,0.0,624.25,229.915
2025-02-02 06:15:00,0.0,624.25,229.915
2025-02-02 06:30:00,0.0,624.25,229.915
2025-02-02 06:45:00,0.0,624.25,229.915
2025-02-02 07:00:00,191.78,580.75,286.682
2025-02-02 07:15:00,191.78,580.75,286.682
2025-02-02 07:30:00,191.78,580.75,286.682
2025-02-02 07:45:00,191.78,580.75,286.682
2025-02-02 08:00:00,3723.365,679.251,373.603
2025-02-02 08:15:00,3723.365,679.251,373.603
2025-02-02 08:30:00,3723.365,679.251,373.603
2025-02-02 08:45:00,3723.365,679.251,373.603
2025-02-02 09:00:00,8397.456,583.0,460.885
2025-02-02 09:15:00,8397.456,583.0,460.885
2025-02-02 09:30:00,8397.456,583.0,460.885
2025-02-02 09:45:00,8397.456,583.0,460.885
2025-02-02 10:00:00,11936.661,525.75,361.619
2025-02-02 10:15:00,11936.661,525.75,361.619
2025-02-02 10:30:00,11936.661,525.75,361.619
2025-02-02 10:45:00,11936.661,525.75,361.619
2025-02-02 11:00:00,11967.857,355.0,288.779
2025-02-02 11:15:00,11967.857,355.0,288.779
2025-02-02 11:30:00,11967.857,355.0,288.779
2025-02-02 11:45:00,11967.857,355.0,288.779
2025-02-02 12:00:00,11681.823,218.25,257.463
2025-02-02 12:15:00,11681.823,218.25,257.463
2025-02-02 12:30:00,11681.823,218.25,257.463
2025-02-02 12:45:00,11681.823,218.25,257.463
2025-02-02 13:00:00,10158.712,156.0,197.383
2025-02-02 13:15:00,10158.712,156.0,197.383
2025-02-02 13:30:00,10158.712,156.0,197.383
2025-02-02 13:45:00,10158.712,156.0,197.383
2025-02-02 14:00:00,7344.558,75.251,102.584
2025-02-02 14:15:00,7344.558,75.251,102.584
2025-02-02 14:30:00,7344.558,75.251,102.584
2025-02-02 14:45:00,7344.558,75.251,102.584
2025-02-02 15:00:00,3629.0,44.25,34.14
2025-02-02 15:15:00,3629.0,44.25,34.14
2025-02-02 15:30:00,3629.0,44.25,34.14
2025-02-02 15:45:00,3629.0,44.25,34.14
2025-02-02 16:00:00,446.701,74.748,18.873
2025-02-02 16:15:00,446.701,74.748,18.873
2025-02-02 16:30:00,446.701,74.748,18.873
2025-02-02 16:45:00,446.701,74.748,18.873
2025-02-02 17:00:00,0.0,156.5,69.133
2025-02-02 17:15:00,0.0,156.5,69.133
2025-02-02 17:30:00,0.0,156.5,69.133
2025-02-02 17:45:00,0.0,156.5,69.133
2025-02-02 18:00:00,0.0,209.251,70.27
2025-02-02 18:15:00,0.0,209.251,70.27
2025-02-02 18:30:00,0.0,209.251,70.27
2025-02-02 18:45:00,0.0,209.251,70.27
2025-02-02 19:00:00,0.0,182.0,26.818
2025-02-02 19:15:00,0.0,182.0,26.818
2025-02-02 19:30:00,0.0,182.0,26.818
2025-02-02 19:45:00,0.0,182.0,26.818
2025-02-02 20:00:00,0.0,201.75,24.304
2025-02-02 20:15:00,0.0,201.75,24.304
2025-02-02 20:30:00,0.0,201.75,24.304
2025-02-02 20:45:00,0.0,201.75,24.304
2025-02-02 21:00:00,0.0,266.001,37.957
2025-02-02 21:15:00,0.0,266.001,37.957
2025-02-02 21:30:00,0.0,266.001,37.957
2025-02-02 21:45:00,0.0,266.001,37.957
2025-02-02 22:00:00,0.0,282.5,66.917
2025-02-02 22:15:00,0.0,282.5,66.917
2025-02-02 22:30:00,0.0,282.5,66.917
2025-02-02 22:45:00,0.0,282.5,66.917
2025-02-02 23:00:00,0.0,380.0,117.115
2025-02-02 23:15:00,0.0,380.0,117.115
2025-02-02 23:30:00,0.0,380.0,117.115
2025-02-02 23:45:00,0.0,380.0,117.115
2025-02-03 00:00:00,0.0,548.999,196.781
2025-02-03 00:15:00,0.0,548.999,196.781
2025-02-03 00:30:00,0.0,548.999,196.781
2025-02-03 00:45:00,0.0,548.999,196.781
2025-02-03 01:00:00,0.0,711.25,368.337
2025-02-03 01:15:00,0.0,711.25,368.337
2025-02-03 01:30:00,0.0,711.25,368.337
2025-02-03 01:45:00,0.0,711.25,368.337
2025-02-03 02:00:00,0.0,572.499,425.946
2025-02-03 02:15:00,0.0,572.499,425.946
2025-02-03 02:30:00,0.0,572.499,425.946
2025-02-03 02:45:00,0.0,572.499,425.946
2025-02-03 03:00:00,0.0,588.001,260.429
2025-02-03 03:15:00,0.0,588.001,260.429
2025-02-03 03:30:00,0.0,588.001,260.429
2025-02-03 03:45:00,0.0,588.001,260.429
2025-02-03 04:00:00,0.0,386.499,124.904
2025-02-03 04:15:00,0.0,386.499,124.904
2025-02-03 04:30:00,0.0,386.499,124.904
2025-02-03 04:45:00,0.0,386.499,124.904
2025-02-03 05:00:00,0.0,173.25,74.114
2025-02-03 05:15:00,0.0,173.25,74.114
2025-02-03 05:30:00,0.0,173.25,74.114
2025-02-03 05:45:00,0.0,173.25,74.114
2025-02-03 06:00:00,0.0,238.499,141.2
2025-02-03 06:15:00,0.0,238.499,141.2
2025-02-03 06:30:00,0.0,238.499,141.2
2025-02-03 06:45:00,0.0,238.499,141.2
2025-02-03 07:00:00,191.209,354.251,186.938
2025-02-03 07:15:00,191.209,354.251,186.938
2025-02-03 07:30:00,191.209,354.251,186.938
2025-02-03 07:45:00,191.209,354.251,186.938
2025-02-03 08:00:00,3109.516,593.5,278.77
2025-02-03 08:15:00,3109.516,593.5,278.77
2025-02-03 08:30:00,3109.516,593.5,278.77
2025-02-03 08:45:00,3109.516,593.5,278.77
2025-02-03 09:00:00,7273.125,646.749,313.292
2025-02-03 09:15:00,7273.125,646.749,313.292
2025-02-03 09:30:00,7273.125,646.749,313.292
2025-02-03 09:45:00,7273.125,646.749,313.292
2025-02-03 10:00:00,10269.815,675.749,394.247
2025-02-03 10:15:00,10269.815,675.749,394.247
2025-02-03 10:30:00,10269.815,675.749,394.247
2025-02-03 10:45:00,10269.815,675.749,394.247
2025-02-03 11:00:00,10493.348,791.249,630.033
2025-02-03 11:15:00,10493.348,791.249,630.033
2025-02-03 11:30:00,10493.348,791.249,630.033
2025-02-03 11:45:00,10493.348,791.249,630.033
2025-02-03 12:00:00,10691.693,675.999,718.132
2025-02-03 12:15:00,10691.693,675.999,718.132
2025-02-03 12:30:00,10691.693,675.999,718.132
2025-02-03 12:45:00,10691.693,675.999,718.132
2025-02-03 13:00:00,9454.746,722.749,855.514
2025-02-03 13:15:00,9454.746,722.749,855.514
2025-02-03 13:30:00,9454.746,722.749,855.514
2025-02-03 13:45:00,9454.746,722.749,855.514
2025-02-03 14:00:00,6831.599,804.75,747.87
2025-02-03 14:15:00,6831.599,804.75,747.87
2025-02-03 14:30:00,6831.599,804.75,747.87
2025-02-03 14:45:00,6831.599,804.75,747.87
2025-02-03 15:00:00,3401.629,843.252,628.13
2025-02-03 15:15:00,3401.629,843.252,628.13
2025-02-03 15:30:00,3401.629,843.252,628.13
2025-02-03 15:45:00,3401.629,843.252,628.13
2025-02-03 16:00:00,406.209,837.5,519.351
2025-02-03 16:15:00,406.209,837.5,519.351
2025-02-03 16:30:00,406.209,837.5,519.351
2025-02-03 16:45:00,406.209,837.5,519.351
2025-02-03 17:00:00,0.0,1058.749,456.4
2025-02-03 17:15:00,0.0,1058.749,456.4
2025-02-03 17:30:00,0.0,1058.749,456.4
2025-02-03 17:45:00,0.0,1058.749,456.4
2025-02-03 18:00:00,0.0,1147.25,458.85
2025-02-03 18:15:00,0.0,1147.25,458.85
2025-02-03 18:30:00,0.0,1147.25,458.85
2025-02-03 18:45:00,0.0,1147.25,458.85
2025-02-03 19:00:00,0.0,1266.0,497.494
2025-02-03 19:15:00,0.0,1266.0,497.494
2025-02-03 19:30:00,0.0,1266.0,497.494
2025-02-03 19:45:00,0.0,1266.0,497.494
2025-02-03 20:00:00,0.0,1670.5,481.517
2025-02-03 20:15:00,0.0,1670.5,481.517
2025-02-03 20:30:00,0.0,1670.5,481.517
2025-02-03 20:45:00,0.0,1670.5,481.517
2025-02-03 21:00:00,0.0,1659.501,556.268
2025-02-03 21:15:00,0.0,1659.501,556.268
2025-02-03 21:30:00,0.0,1659.501,556.268
2025-02-03 21:45:00,0.0,1659.501,556.268
2025-02-03 22:00:00,0.0,1551.498,584.421
2025-02-03 22:15:00,0.0,1551.498,584.421
2025-02-03 22:30:00,0.0,1551.498,584.421
2025-02-03 22:45:00,0.0,1551.498,584.421
2025-02-03 23:00:00,0.0,1635.252,713.751
2025-02-03 23:15:00,0.0,1635.252,713.751
2025-02-03 23:30:00,0.0,1635.252,713.751
2025-02-03 23:45:00,0.0,1635.252,713.751
2025-02-04 00:00:00,0.0,1744.25,841.434
2025-02-04 00:15:00,0.0,1744.25,841.434
2025-02-04 00:30:00,0.0,1744.25,841.434
2025-02-04 00:45:00,0.0,1744.25,841.434
2025-02-04 01:00:00,0.0,1676.75,986.834
2025-02-04 01:15:00,0.0,1676.75,986.834
2025-02-04 01:30:00,0.0,1676.75,986.834
2025-02-04 01:45:00,0.0,1676.75,986.834
2025-02-04 02:00:00,0.0,1696.75,1178.315
2025-02-04 02:15:00,0.0,1696.75,1178.315
2025-02-04 02:30:00,0.0,1696.75,1178.315
2025-02-04 02:45:00,0.0,1696.75,1178.315
2025-02-04 03:00:00,0.0,1856.251,1338.953
2025-02-04 03:15:00,0.0,1856.251,1338.953
2025-02-04 03:30:00,0.0,1856.251,1338.953
2025-02-04 03:45:00,0.0,1856.251,1338.953
2025-02-04 04:00:00,0.0,1992.75,1388.282
2025-02-04 04:15:00,0.0,1992.75,1388.282
2025-02-04 04:30:00,0.0,1992.75,1388.282
2025-02-04 04:45:00,0.0,1992.75,1388.282
2025-02-04 05:00:00,0.0,2329.5,1648.573
2025-02-04 05:15:00,0.0,2329.5,1648.573
2025-02-04 05:30:00,0.0,2329.5,1648.573
2025-02-04 05:45:00,0.0,2329.5,1648.573
2025-02-04 06:00:00,0.0,2592.0,1873.663
2025-02-04 06:15:00,0.0,2592.0,1873.663
2025-02-04 06:30:00,0.0,2592.0,1873.663
2025-02-04 06:45:00,0.0,2592.0,1873.663
2025-02-04 07:00:00,69.697,2786.0,2048.623
2025-02-04 07:15:00,69.697,2786.0,2048.623
2025-02-04 07:30:00,69.697,2786.0,2048.623
2025-02-04 07:45:00,69.697,2786.0,2048.623
2025-02-04 08:00:00,673.645,2923.248,2159.09
2025-02-04 08:15:00,673.645,2923.248,2159.09
2025-02-04 08:30:00,673.645,2923.248,2159.09
2025-02-04 08:45:00,673.645,2923.248,2159.09
2025-02-04 09:00:00,1624.747,2865.75,2444.186
2025-02-04 09:15:00,1624.747,2865.75,2444.186
2025-02-04 09:30:00,1624.747,2865.75,2444.186
2025-02-04 09:45:00,1624.747,2865.75,2444.186
2025-02-04 10:00:00,2830.121,3127.75,2731.225
2025-02-04 10:15:00,2830.121,3127.75,2731.225
2025-02-04 10:30:00,2830.121,3127.75,2731.225
2025-02-04 10:45:00,2830.121,3127.75,2731.225
2025-02-04 11:00:00,3592.947,3506.751,2946.075
2025-02-04 11:15:00,3592.947,3506.751,2946.075
2025-02-04 11:30:00,3592.947,3506.751,2946.075
2025-02-04 11:45:00,3592.947,3506.751,2946.075
2025-02-04 12:00:00,4164.691,3588.249,3167.4
2025-02-04 12:15:00,4164.691,3588.249,3167.4
2025-02-04 12:30:00,4164.691,3588.249,3167.4
2025-02-04 12:45:00,4164.691,3588.249,3167.4
2025-02-04 13:00:00,4200.309,3725.0,3297.494
2025-02-04 13:15:00,4200.309,3725.0,3297.494
2025-02-04 13:30:00,4200.309,3725.0,3297.494
2025-02-04 13:45:00,4200.309,3725.0,3297.494
2025-02-04 14:00:00,3221.19,3882.0,3450.973
2025-02-04 14:15:00,3221.19,3882.0,3450.973
2025-02-04 14:30:00,3221.19,3882.0,3450.973
2025-02-04 14:45:00,3221.19,3882.0,3450.973
2025-02-04 15:00:00,2087.817,3826.001,3760.035
2025-02-04 15:15:00,2087.817,3826.001,3760.035
2025-02-04 15:30:00,2087.817,3826.001,3760.035
2025-02-04 15:45:00,2087.817,3826.001,3760.035
2025-02-04 16:00:00,365.724,3987.25,3575.998
2025-02-04 16:15:00,365.724,3987.25,3575.998
2025-02-04 16:30:00,365.724,3987.25,3575.998
2025-02-04 16:45:00,365.724,3987.25,3575.998
2025-02-04 17:00:00,0.0,4031.25,2917.312
2025-02-04 17:15:00,0.0,4031.25,2917.312
2025-02-04 17:30:00,0.0,4031.25,2917.312
2025-02-04 17:45:00,0.0,4031.25,2917.312
2025-02-04 18:00:00,0.0,4178.75,2968.397
2025-02-04 18:15:00,0.0,4178.75,2968.397
2025-02-04 18:30:00,0.0,4178.75,2968.397
2025-02-04 18:45:00,0.0,4178.75,2968.397
2025-02-04 19:00:00,0.0,4166.999,3445.987
2025-02-04 19:15:00,0.0,4166.999,3445.987
2025-02-04 19:30:00,0.0,4166.999,3445.987
2025-02-04 19:45:00,0.0,4166.999,3445.987
2025-02-04 20:00:00,0.0,3963.75,3841.977
2025-02-04 20:15:00,0.0,3963.75,3841.977
2025-02-04 20:30:00,0.0,3963.75,3841.977
2025-02-04 20:45:00,0.0,3963.75,3841.977
2025-02-04 21:00:00,0.0,4010.499,3841.277
2025-02-04 21:15:00,0.0,4010.499,3841.277
2025-02-04 21:30:00,0.0,4010.499,3841.277
2025-02-04 21:45:00,0.0,4010.499,3841.277
2025-02-04 22:00:00,0.0,4031.75,3588.581
2025-02-04 22:15:00,0.0,4031.75,3588.581
2025-02-04 22:30:00,0.0,4031.75,3588.581
2025-02-04 22:45:00,0.0,4031.75,3588.581
2025-02-04 23:00:00,0.0,3881.751,3608.033
2025-02-04 23:15:00,0.0,3881.751,3608.033
2025-02-04 23:30:00,0.0,3881.751,3608.033
2025-02-04 23:45:00,0.0,3881.751,3608.033
2025-02-05 00:00:00,0.0,3340.75,3679.242
2025-02-05 00:15:00,0.0,3340.75,3679.242
2025-02-05 00:30:00,0.0,3340.75,3679.242
2025-02-05 00:45:00,0.0,3340.75,3679.242
2025-02-05 01:00:00,0.0,2868.751,3589.368
2025-02-05 01:15:00,0.0,2868.751,3589.368
2025-02-05 01:30:00,0.0,2868.751,3589.368
2025-02-05 01:45:00,0.0,2868.751,3589.368
2025-02-05 02:00:00,0.0,2342.749,3258.901
2025-02-05 02:15:00,0.0,2342.749,3258.901
2025-02-05 02:30:00,0.0,2342.749,3258.901
2025-02-05 02:45:00,0.0,2342.749,3258.901
2025-02-05 03:00:00,0.0,2099.749,2763.149
2025-02-05 03:15:00,0.0,2099.749,2763.149
2025-02-05 03:30:00,0.0,2099.749,2763.149
2025-02-05 03:45:00,0.0,2099.749,2763.149
2025-02-05 04:00:00,0.0,1785.5,2174.236
2025-02-05 04:15:00,0.0,1785.5,2174.236
2025-02-05 04:30:00,0.0,1785.5,2174.236
2025-02-05 04:45:00,0.0,1785.5,2174.236
2025-02-05 05:00:00,0.0,1522.999,1778.209
2025-02-05 05:15:00,0.0,1522.999,1778.209
2025-02-05 05:30:00,0.0,1522.999,1778.209
2025-02-05 05:45:00,0.0,1522.999,1778.209
2025-02-05 06:00:00,0.0,1275.75,1379.135
2025-02-05 06:15:00,0.0,1275.75,1379.135
2025-02-05 06:30:00,0.0,1275.75,1379.135
2025-02-05 06:45:00,0.0,1275.75,1379.135
2025-02-05 07:00:00,86.443,933.0,1013.462
2025-02-05 07:15:00,86.443,933.0,1013.462
2025-02-05 07:30:00,86.443,933.0,1013.462
2025-02-05 07:45:00,86.443,933.0,1013.462
2025-02-05 08:00:00,1178.814,743.5,753.286
2025-02-05 08:15:00,1178.814,743.5,753.286
2025-02-05 08:30:00,1178.814,743.5,753.286
2025-02-05 08:45:00,1178.814,743.5,753.286
2025-02-05 09:00:00,3274.691,647.0,822.85
2025-02-05 09:15:00,3274.691,647.0,822.85
2025-02-05 09:30:00,3274.691,647.0,822.85
2025-02-05 09:45:00,3274.691,647.0,822.85
2025-02-05 10:00:00,5293.698,482.25,934.074
2025-02-05 10:15:00,5293.698,482.25,934.074
2025-02-05 10:30:00,5293.698,482.25,934.074
2025-02-05 10:45:00,5293.698,482.25,934.074
2025-02-05 11:00:00,6743.807,380.751,1006.653
2025-02-05 11:15:00,6743.807,380.751,1006.653
2025-02-05 11:30:00,6743.807,380.751,1006.653
2025-02-05 11:45:00,6743.807,380.751,1006.653
2025-02-05 12:00:00,7110.998,506.0,1113.798
2025-02-05 12:15:00,7110.998,506.0,1113.798
2025-02-05 12:30:00,7110.998,506.0,1113.798
2025-02-05 12:45:00,7110.998,506.0,1113.798
2025-02-05 13:00:00,6446.017,462.001,1027.281
2025-02-05 13:15:00,6446.017,462.001,1027.281
2025-02-05 13:30:00,6446.017,462.001,1027.281
2025-02-05 13:45:00,6446.017,462.001,1027.281
2025-02-05 14:00:00,4698.419,399.5,918.466
2025-02-05 14:15:00,4698.419,399.5,918.466
2025-02-05 14:30:00,4698.419,399.5,918.466
2025-02-05 14:45:00,4698.419,399.5,918.466
2025-02-05 15:00:00,2211.783,325.501,520.233
2025-02-05 15:15:00,2211.783,325.501,520.233
2025-02-05 15:30:00,2211.783,325.501,520.233
2025-02-05 15:45:00,2211.783,325.501,520.233
2025-02-05 16:00:00,421.91,215.75,207.793
2025-02-05 16:15:00,421.91,215.75,207.793
2025-02-05 16:30:00,421.91,215.75,207.793
2025-02-05 16:45:00,421.91,215.75,207.793
2025-02-05 17:00:00,0.0,140.501,90.358
2025-02-05 17:15:00,0.0,140.501,90.358
2025-02-05 17:30:00,0.0,140.501,90.358
2025-02-05 17:45:00,0.0,140.501,90.358
2025-02-05 18:00:00,0.0,89.75,37.254
2025-02-05 18:15:00,0.0,89.75,37.254
2025-02-05 18:30:00,0.0,89.75,37.254
2025-02-05 18:45:00,0.0,89.75,37.254
2025-02-05 19:00:00,0.0,92.25,54.58
2025-02-05 19:15:00,0.0,92.25,54.58
2025-02-05 19:30:00,0.0,92.25,54.58
2025-02-05 19:45:00,0.0,92.25,54.58
2025-02-05 20:00:00,0.0,123.501,37.679
2025-02-05 20:15:00,0.0,123.501,37.679
2025-02-05 20:30:00,0.0,123.501,37.679
2025-02-05 20:45:00,0.0,123.501,37.679
2025-02-05 21:00:00,0.0,176.25,34.202
2025-02-05 21:15:00,0.0,176.25,34.202
2025-02-05 21:30:00,0.0,176.25,34.202
2025-02-05 21:45:00,0.0,176.25,34.202
2025-02-05 22:00:00,0.0,217.499,20.159
2025-02-05 22:15:00,0.0,217.499,20.159
2025-02-05 22:30:00,0.0,217.499,20.159
2025-02-05 22:45:00,0.0,217.499,20.159
2025-02-05 23:00:00,0.0,278.5,19.136
2025-02-05 23:15:00,0.0,278.5,19.136
2025-02-05 23:30:00,0.0,278.5,19.136
2025-02-05 23:45:00,0.0,278.5,19.136
2025-02-06 00:00:00,0.0,389.25,12.544
2025-02-06 00:15:00,0.0,389.25,12.544
2025-02-06 00:30:00,0.0,389.25,12.544
2025-02-06 00:45:00,0.0,389.25,12.544
2025-02-06 01:00:00,0.0,406.0,0.0
2025-02-06 01:15:00,0.0,406.0,0.0
2025-02-06 01:30:00,0.0,406.0,0.0
2025-02-06 01:45:00,0.0,406.0,0.0
2025-02-06 02:00:00,0.0,474.25,0.0
2025-02-06 02:15:00,0.0,474.25,0.0
2025-02-06 02:30:00,0.0,474.25,0.0
2025-02-06 02:45:00,0.0,474.25,0.0
2025-02-06 03:00:00,0.0,715.749,6.425
2025-02-06 03:15:00,0.0,715.749,6.425
2025-02-06 03:30:00,0.0,715.749,6.425
2025-02-06 03:45:00,0.0,715.749,6.425
2025-02-06 04:00:00,0.0,936.249,33.231
2025-02-06 04:15:00,0.0,936.249,33.231
2025-02-06 04:30:00,0.0,936.249,33.231
2025-02-06 04:45:00,0.0,936.249,33.231
2025-02-06 05:00:00,0.0,986.5,20.566
2025-02-06 05:15:00,0.0,986.5,20.566
2025-02-06 05:30:00,0.0,986.5,20.566
2025-02-06 05:45:00,0.0,986.5,20.566
2025-02-06 06:00:00,0.0,853.25,52.49
2025-02-06 06:15:00,0.0,853.25,52.49
2025-02-06 06:30:00,0.0,853.25,52.49
2025-02-06 06:45:00,0.0,853.25,52.49
2025-02-06 07:00:00,85.785,1038.5,139.841
2025-02-06 07:15:00,85.785,1038.5,139.841
2025-02-06 07:30:00,85.785,1038.5,139.841
2025-02-06 07:45:00,85.785,1038.5,139.841
2025-02-06 08:00:00,1171.927,1093.001,239.941
2025-02-06 08:15:00,1171.927,1093.001,239.941
2025-02-06 08:30:00,1171.927,1093.001,239.941
2025-02-06 08:45:00,1171.927,1093.001,239.941
2025-02-06 09:00:00,2855.101,1330.5,539.193
2025-02-06 09:15:00,2855.101,1330.5,539.193
2025-02-06 09:30:00,2855.101,1330.5,539.193
2025-02-06 09:45:00,2855.101,1330.5,539.193
2025-02-06 10:00:00,4632.169,1554.501,1032.514
2025-02-06 10:15:00,4632.169,1554.501,1032.514
2025-02-06 10:30:00,4632.169,1554.501,1032.514
2025-02-06 10:45:00,4632.169,1554.501,1032.514
2025-02-06 11:00:00,6858.147,1442.751,1751.49
2025-02-06 11:15:00,6858.147,1442.751,1751.49
2025-02-06 11:30:00,6858.147,1442.751,1751.49
2025-02-06 11:45:00,6858.147,1442.751,1751.49
2025-02-06 12:00:00,8073.371,1163.25,2306.816
2025-02-06 12:15:00,8073.371,1163.25,2306.816
2025-02-06 12:30:00,8073.371,1163.25,2306.816
2025-02-06 12:45:00,8073.371,1163.25,2306.816
2025-02-06 13:00:00,6925.826,1367.75,2744.806
2025-02-06 13:15:00,6925.826,1367.75,2744.806
2025-02-06 13:30:00,6925.826,1367.75,2744.806
2025-02-06 13:45:00,6925.826,1367.75,2744.806
2025-02-06 14:00:00,5584.694,1884.75,3375.402
2025-02-06 14:15:00,5584.694,1884.75,3375.402
2025-02-06 14:30:00,5584.694,1884.75,3375.402
2025-02-06 14:45:00,5584.694,1884.75,3375.402
2025-02-06 15:00:00,2600.573,2519.249,3040.981
2025-02-06 15:15:00,2600.573,2519.249,3040.981
2025-02-06 15:30:00,2600.573,2519.249,3040.981
2025-02-06 15:45:00,2600.573,2519.249,3040.981
2025-02-06 16:00:00,378.373,2902.5,2115.087
2025-02-06 16:15:00,378.373,2902.5,2115.087
2025-02-06 16:30:00,378.373,2902.5,2115.087
2025-02-06 16:45:00,378.373,2902.5,2115.087
2025-02-06 17:00:00,0.0,3616.5,1426.079
2025-02-06 17:15:00,0.0,3616.5,1426.079
2025-02-06 17:30:00,0.0,3616.5,1426.079
2025-02-06 17:45:00,0.0,3616.5,1426.079
2025-02-06 18:00:00,0.0,4006.251,1574.355
2025-02-06 18:15:00,0.0,4006.251,1574.355
2025-02-06 18:30:00,0.0,4006.251,1574.355
2025-02-06 18:45:00,0.0,4006.251,1574.355
2025-02-06 19:00:00,0.0,4089.5,2036.508
2025-02-06 19:15:00,0.0,4089.5,2036.508
2025-02-06 19:30:00,0.0,4089.5,2036.508
2025-02-06 19:45:00,0.0,4089.5,2036.508
2025-02-06 20:00:00,0.0,4081.0,2324.472
2025-02-06 20:15:00,0.0,4081.0,2324.472
2025-02-06 20:30:00,0.0,4081.0,2324.472
2025-02-06 20:45:00,0.0,4081.0,2324.472
2025-02-06 21:00:00,0.0,3901.752,2593.125
2025-02-06 21:15:00,0.0,3901.752,2593.125
2025-02-06 21:30:00,0.0,3901.752,2593.125
2025-02-06 21:45:00,0.0,3901.752,2593.125
2025-02-06 22:00:00,0.0,3671.25,2497.792
2025-02-06 22:15:00,0.0,3671.25,2497.792
2025-02-06 22:30:00,0.0,3671.25,2497.792
2025-02-06 22:45:00,0.0,3671.25,2497.792
2025-02-06 23:00:00,0.0,3416.5,2604.792
2025-02-06 23:15:00,0.0,3416.5,2604.792
2025-02-06 23:30:00,0.0,3416.5,2604.792
2025-02-06 23:45:00,0.0,3416.5,2604.792
2025-02-07 00:00:00,0.0,3424.75,3048.263
2025-02-07 00:15:00,0.0,3424.75,3048.263
2025-02-07 00:30:00,0.0,3424.75,3048.263
2025-02-07 00:45:00,0.0,3424.75,3048.263
2025-02-07 01:00:00,0.0,3897.999,3710.482
2025-02-07 01:15:00,0.0,3897.999,3710.482
2025-02-07 01:30:00,0.0,3897.999,3710.482
2025-02-07 01:45:00,0.0,3897.999,3710.482
2025-02-07 02:00:00,0.0,4112.25,4376.715
2025-02-07 02:15:00,0.0,4112.25,4376.715
2025-02-07 02:30:00,0.0,4112.25,4376.715
2025-02-07 02:45:00,0.0,4112.25,4376.715
2025-02-07 03:00:00,0.0,4280.75,4577.214
2025-02-07 03:15:00,0.0,4280.75,4577.214
2025-02-07 03:30:00,0.0,4280.75,4577.214
2025-02-07 03:45:00,0.0,4280.75,4577.214
2025-02-07 04:00:00,0.0,4330.5,5076.669
2025-02-07 04:15:00,0.0,4330.5,5076.669
2025-02-07 04:30:00,0.0,4330.5,5076.669
2025-02-07 04:45:00,0.0,4330.5,5076.669
2025-02-07 05:00:00,0.0,4344.5,5785.773
2025-02-07 05:15:00,0.0,4344.5,5785.773
2025-02-07 05:30:00,0.0,4344.5,5785.773
2025-02-07 05:45:00,0.0,4344.5,5785.773
2025-02-07 06:00:00,0.0,4342.999,6160.853
2025-02-07 06:15:00,0.0,4342.999,6160.853
2025-02-07 06:30:00,0.0,4342.999,6160.853
2025-02-07 06:45:00,0.0,4342.999,6160.853
2025-02-07 07:00:00,98.895,4365.001,6206.135
2025-02-07 07:15:00,98.895,4365.001,6206.135
2025-02-07 07:30:00,98.895,4365.001,6206.135
2025-02-07 07:45:00,98.895,4365.001,6206.135
2025-02-07 08:00:00,948.642,4383.0,6349.8
2025-02-07 08:15:00,948.642,4383.0,6349.8
2025-02-07 08:30:00,948.642,4383.0,6349.8
2025-02-07 08:45:00,948.642,4383.0,6349.8
2025-02-07 09:00:00,2389.78,4388.75,6434.121
2025-02-07 09:15:00,2389.78,4388.75,6434.121
2025-02-07 09:30:00,2389.78,4388.75,6434.121
2025-02-07 09:45:00,2389.78,4388.75,6434.121
2025-02-07 10:00:00,3952.444,4347.75,6480.414
2025-02-07 10:15:00,3952.444,4347.75,6480.414
2025-02-07 10:30:00,3952.444,4347.75,6480.414
2025-02-07 10:45:00,3952.444,4347.75,6480.414
2025-02-07 11:00:00,5395.045,4353.0,6525.73
2025-02-07 11:15:00,5395.045,4353.0,6525.73
2025-02-07 11:30:00,5395.045,4353.0,6525.73
2025-02-07 11:45:00,5395.045,4353.0,6525.73
2025-02-07 12:00:00,5182.214,4377.751,6513.84
2025-02-07 12:15:00,5182.214,4377.751,6513.84
2025-02-07 12:30:00,5182.214,4377.751,6513.84
2025-02-07 12:45:00,5182.214,4377.751,6513.84
2025-02-07 13:00:00,3898.224,4372.25,6513.854
2025-02-07 13:15:00,3898.224,4372.25,6513.854
2025-02-07 13:30:00,3898.224,4372.25,6513.854
2025-02-07 13:45:00,3898.224,4372.25,6513.854
2025-02-07 14:00:00,2711.715,4343.0,6491.744
2025-02-07 14:15:00,2711.715,4343.0,6491.744
2025-02-07 14:30:00,2711.715,4343.0,6491.744
2025-02-07 14:45:00,2711.715,4343.0,6491.744
2025-02-07 15:00:00,1257.065,4363.25,6437.769
2025-02-07 15:15:00,1257.065,4363.25,6437.769
2025-02-07 15:30:00,1257.065,4363.25,6437.769
2025-02-07 15:45:00,1257.065,4363.25,6437.769
2025-02-07 16:00:00,203.72,4345.751,6394.114
2025-02-07 16:15:00,203.72,4345.751,6394.114
2025-02-07 16:30:00,203.72,4345.751,6394.114
2025-02-07 16:45:00,203.72,4345.751,6394.114
2025-02-07 17:00:00,0.0,4353.5,6131.342
2025-02-07 17:15:00,0.0,4353.5,6131.342
2025-02-07 17:30:00,0.0,4353.5,6131.342
2025-02-07 17:45:00,0.0,4353.5,6131.342
2025-02-07 18:00:00,0.0,4361.25,6097.754
2025-02-07 18:15:00,0.0,4361.25,6097.754
2025-02-07 18:30:00,0.0,4361.25,6097.754
2025-02-07 18:45:00,0.0,4361.25,6097.754
2025-02-07 19:00:00,0.0,4340.0,5940.937
2025-02-07 19:15:00,0.0,4340.0,5940.937
2025-02-07 19:30:00,0.0,4340.0,5940.937
2025-02-07 19:45:00,0.0,4340.0,5940.937
2025-02-07 20:00:00,0.0,4317.75,5640.295
2025-02-07 20:15:00,0.0,4317.75,5640.295
2025-02-07 20:30:00,0.0,4317.75,5640.295
2025-02-07 20:45:00,0.0,4317.75,5640.295
2025-02-07 21:00:00,0.0,4301.499,5555.851
2025-02-07 21:15:00,0.0,4301.499,5555.851
2025-02-07 21:30:00,0.0,4301.499,5555.851
2025-02-07 21:45:00,0.0,4301.499,5555.851
2025-02-07 22:00:00,0.0,4273.75,5385.704
2025-02-07 22:15:00,0.0,4273.75,5385.704
2025-02-07 22:30:00,0.0,4273.75,5385.704
2025-02-07 22:45:00,0.0,4273.75,5385.704
2025-02-07 23:00:00,0.0,4265.25,5179.621
2025-02-07 23:15:00,0.0,4265.25,5179.621
2025-02-07 23:30:00,0.0,4265.25,5179.621
2025-02-07 23:45:00,0.0,4265.25,5179.621
2025-02-08 00:00:00,0.0,4190.499,4848.553
2025-02-08 00:15:00,0.0,4190.499,4848.553
2025-02-08 00:30:00,0.0,4190.499,4848.553
2025-02-08 00:45:00,0.0,4190.499,4848.553
2025-02-08 01:00:00,0.0,4025.251,4575.966
2025-02-08 01:15:00,0.0,4025.251,4575.966
2025-02-08 01:30:00,0.0,4025.251,4575.966
2025-02-08 01:45:00,0.0,4025.251,4575.966
2025-02-08 02:00:00,0.0,3814.0,4421.983
2025-02-08 02:15:00,0.0,3814.0,4421.983
2025-02-08 02:30:00,0.0,3814.0,4421.983
2025-02-08 02:45:00,0.0,3814.0,4421.983
2025-02-08 03:00:00,0.0,3623.75,4268.069
2025-02-08 03:15:00,0.0,3623.75,4268.069
2025-02-08 03:30:00,0.0,3623.75,4268.069
2025-02-08 03:45:00,0.0,3623.75,4268.069
2025-02-08 04:00:00,0.0,3233.5,4273.185
2025-02-08 04:15:00,0.0,3233.5,4273.185
2025-02-08 04:30:00,0.0,3233.5,4273.185
2025-02-08 04:45:00,0.0,3233.5,4273.185
2025-02-08 05:00:00,0.0,2965.501,4191.322
2025-02-08 05:15:00,0.0,2965.501,4191.322
2025-02-08 05:30:00,0.0,2965.501,4191.322
2025-02-08 05:45:00,0.0,2965.501,4191.322
2025-02-08 06:00:00,0.0,2786.001,4179.907
2025-02-08 06:15:00,0.0,2786.001,4179.907
2025-02-08 06:30:00,0.0,2786.001,4179.907
2025-02-08 06:45:00,0.0,2786.001,4179.907
2025-02-08 07:00:00,88.399,2494.499,3933.576
2025-02-08 07:15:00,88.399,2494.499,3933.576
2025-02-08 07:30:00,88.399,2494.499,3933.576
2025-02-08 07:45:00,88.399,2494.499,3933.576
2025-02-08 08:00:00,759.562,2199.75,3710.027
2025-02-08 08:15:00,759.562,2199.75,3710.027
2025-02-08 08:30:00,759.562,2199.75,3710.027
2025-02-08 08:45:00,759.562,2199.75,3710.027
2025-02-08 09:00:00,1833.967,1871.75,3168.195
2025-02-08 09:15:00,1833.967,1871.75,3168.195
2025-02-08 09:30:00,1833.967,1871.75,3168.195
2025-02-08 09:45:00,1833.967,1871.75,3168.195
2025-02-08 10:00:00,3112.715,1666.5,2952.163
2025-02-08 10:15:00,3112.715,1666.5,2952.163
2025-02-08 10:30:00,3112.715,1666.5,2952.163
2025-02-08 10:45:00,3112.715,1666.5,2952.163
2025-02-08 11:00:00,4651.181,1427.25,2605.191
2025-02-08 11:15:00,4651.181,1427.25,2605.191
2025-02-08 11:30:00,4651.181,1427.25,2605.191
2025-02-08 11:45:00,4651.181,1427.25,2605.191
2025-02-08 12:00:00,5434.87,1064.25,2186.645
2025-02-08 12:15:00,5434.87,1064.25,2186.645
2025-02-08 12:30:00,5434.87,1064.25,2186.645
2025-02-08 12:45:00,5434.87,1064.25,2186.645
2025-02-08 13:00:00,4980.051,962.5,1844.603
2025-02-08 13:15:00,4980.051,962.5,1844.603
2025-02-08 13:30:00,4980.051,962.5,1844.603
2025-02-08 13:45:00,4980.051,962.5,1844.603
2025-02-08 14:00:00,4456.236,910.002,1161.76
2025-02-08 14:15:00,4456.236,910.002,1161.76
2025-02-08 14:30:00,4456.236,910.002,1161.76
2025-02-08 14:45:00,4456.236,910.002,1161.76
2025-02-08 15:00:00,2469.194,504.751,717.408
2025-02-08 15:15:00,2469.194,504.751,717.408
2025-02-08 15:30:00,2469.194,504.751,717.408
2025-02-08 15:45:00,2469.194,504.751,717.408
2025-02-08 16:00:00,465.424,455.75,372.268
2025-02-08 16:15:00,465.424,455.75,372.268
2025-02-08 16:30:00,465.424,455.75,372.268
2025-02-08 16:45:00,465.424,455.75,372.268
2025-02-08 17:00:00,0.0,396.25,175.814
2025-02-08 17:15:00,0.0,396.25,175.814
2025-02-08 17:30:00,0.0,396.25,175.814
2025-02-08 17:45:00,0.0,396.25,175.814
2025-02-08 18:00:00,0.0,395.25,184.374
2025-02-08 18:15:00,0.0,395.25,184.374
2025-02-08 18:30:00,0.0,395.25,184.374
2025-02-08 18:45:00,0.0,395.25,184.374
2025-02-08 19:00:00,0.0,551.499,212.408
2025-02-08 19:15:00,0.0,551.499,212.408
2025-02-08 19:30:00,0.0,551.499,212.408
2025-02-08 19:45:00,0.0,551.499,212.408
2025-02-08 20:00:00,0.0,352.25,237.276
2025-02-08 20:15:00,0.0,352.25,237.276
2025-02-08 20:30:00,0.0,352.25,237.276
2025-02-08 20:45:00,0.0,352.25,237.276
2025-02-08 21:00:00,0.0,488.75,263.026
2025-02-08 21:15:00,0.0,488.75,263.026
2025-02-08 21:30:00,0.0,488.75,263.026
2025-02-08 21:45:00,0.0,488.75,263.026
2025-02-08 22:00:00,0.0,391.001,317.528
2025-02-08 22:15:00,0.0,391.001,317.528
2025-02-08 22:30:00,0.0,391.001,317.528
2025-02-08 22:45:00,0.0,391.001,317.528
2025-02-08 23:00:00,0.0,291.75,243.928
2025-02-08 23:15:00,0.0,291.75,243.928
2025-02-08 23:30:00,0.0,291.75,243.928
2025-02-08 23:45:00,0.0,291.75,243.928
2025-02-09 00:00:00,0.0,217.5,140.912
2025-02-09 00:15:00,0.0,217.5,140.912
2025-02-09 00:30:00,0.0,217.5,140.912
2025-02-09 00:45:00,0.0,217.5,140.912
2025-02-09 01:00:00,0.0,255.25,179.01
2025-02-09 01:15:00,0.0,255.25,179.01
2025-02-09 01:30:00,0.0,255.25,179.01
2025-02-09 01:45:00,0.0,255.25,179.01
2025-02-09 02:00:00,0.0,334.25,335.474
2025-02-09 02:15:00,0.0,334.25,335.474
2025-02-09 02:30:00,0.0,334.25,335.474
2025-02-09 02:45:00,0.0,334.25,335.474
2025-02-09 03:00:00,0.0,350.25,440.215
2025-02-09 03:15:00,0.0,350.25,440.215
2025-02-09 03:30:00,0.0,350.25,440.215
2025-02-09 03:45:00,0.0,350.25,440.215
2025-02-09 04:00:00,0.0,412.25,645.282
2025-02-09 04:15:00,0.0,412.25,645.282
2025-02-09 04:30:00,0.0,412.25,645.282
2025-02-09 04:45:00,0.0,412.25,645.282
2025-02-09 05:00:00,0.0,408.0,750.499
2025-02-09 05:15:00,0.0,408.0,750.499
2025-02-09 05:30:00,0.0,408.0,750.499
2025-02-09 05:45:00,0.0,408.0,750.499
2025-02-09 06:00:00,0.0,610.0,873.28
2025-02-09 06:15:00,0.0,610.0,873.28
2025-02-09 06:30:00,0.0,610.0,873.28
2025-02-09 06:45:00,0.0,610.0,873.28
2025-02-09 07:00:00,209.852,686.0,850.491
2025-02-09 07:15:00,209.852,686.0,850.491
2025-02-09 07:30:00,209.852,686.0,850.491
2025-02-09 07:45:00,209.852,686.0,850.491
2025-02-09 08:00:00,1638.391,569.0,857.378
2025-02-09 08:15:00,1638.391,569.0,857.378
2025-02-09 08:30:00,1638.391,569.0,857.378
2025-02-09 08:45:00,1638.391,569.0,857.378
2025-02-09 09:00:00,3710.754,524.0,1163.606
2025-02-09 09:15:00,3710.754,524.0,1163.606
2025-02-09 09:30:00,3710.754,524.0,1163.606
2025-02-09 09:45:00,3710.754,524.0,1163.606
2025-02-09 10:00:00,5314.216,552.999,1536.681
2025-02-09 10:15:00,5314.216,552.999,1536.681
2025-02-09 10:30:00,5314.216,552.999,1536.681
2025-02-09 10:45:00,5314.216,552.999,1536.681
2025-02-09 11:00:00,5954.86,636.249,1855.007
2025-02-09 11:15:00,5954.86,636.249,1855.007
2025-02-09 11:30:00,5954.86,636.249,1855.007
2025-02-09 11:45:00,5954.86,636.249,1855.007
2025-02-09 12:00:00,6534.736,755.75,2349.3
2025-02-09 12:15:00,6534.736,755.75,2349.3
2025-02-09 12:30:00,6534.736,755.75,2349.3
2025-02-09 12:45:00,6534.736,755.75,2349.3
2025-02-09 13:00:00,5748.65,1018.249,2558.694
2025-02-09 13:15:00,5748.65,1018.249,2558.694
2025-02-09 13:30:00,5748.65,1018.249,2558.694
2025-02-09 13:45:00,5748.65,1018.249,2558.694
2025-02-09 14:00:00,4444.945,1399.0,2491.108
2025-02-09 14:15:00,4444.945,1399.0,2491.108
2025-02-09 14:30:00,4444.945,1399.0,2491.108
2025-02-09 14:45:00,4444.945,1399.0,2491.108
2025-02-09 15:00:00,2447.684,1819.749,2604.197
2025-02-09 15:15:00,2447.684,1819.749,2604.197
2025-02-09 15:30:00,2447.684,1819.749,2604.197
2025-02-09 15:45:00,2447.684,1819.749,2604.197
2025-02-09 16:00:00,429.766,2340.501,2497.729
2025-02-09 16:15:00,429.766,2340.501,2497.729
2025-02-09 16:30:00,429.766,2340.501,2497.729
2025-02-09 16:45:00,429.766,2340.501,2497.729
2025-02-09 17:00:00,0.0,2837.251,2530.889
2025-02-09 17:15:00,0.0,2837.251,2530.889
2025-02-09 17:30:00,0.0,2837.251,2530.889
2025-02-09 17:45:00,0.0,2837.251,2530.889
2025-02-09 18:00:00,0.0,3129.75,2355.583
2025-02-09 18:15:00,0.0,3129.75,2355.583
2025-02-09 18:30:00,0.0,3129.75,2355.583
2025-02-09 18:45:00,0.0,3129.75,2355.583
2025-02-09 19:00:00,0.0,3261.0,2871.034
2025-02-09 19:15:00,0.0,3261.0,2871.034
2025-02-09 19:30:00,0.0,3261.0,2871.034
2025-02-09 19:45:00,0.0,3261.0,2871.034
2025-02-09 20:00:00,0.0,3207.75,3190.279
2025-02-09 20:15:00,0.0,3207.75,3190.279
2025-02-09 20:30:00,0.0,3207.75,3190.279
2025-02-09 20:45:00,0.0,3207.75,3190.279
2025-02-09 21:00:00,0.0,3291.999,3526.248
2025-02-09 21:15:00,0.0,3291.999,3526.248
2025-02-09 21:30:00,0.0,3291.999,3526.248
2025-02-09 21:45:00,0.0,3291.999,3526.248
2025-02-09 22:00:00,0.0,3535.75,3501.03
2025-02-09 22:15:00,0.0,3535.75,3501.03
2025-02-09 22:30:00,0.0,3535.75,3501.03
2025-02-09 22:45:00,0.0,3535.75,3501.03
2025-02-09 23:00:00,0.0,3704.5,3809.903
2025-02-09 23:15:00,0.0,3704.5,3809.903
2025-02-09 23:30:00,0.0,3704.5,3809.903
2025-02-09 23:45:00,0.0,3704.5,3809.903
2025-02-10 00:00:00,0.0,3679.5,3835.836
2025-02-10 00:15:00,0.0,3679.5,3835.836
2025-02-10 00:30:00,0.0,3679.5,3835.836
2025-02-10 00:45:00,0.0,3679.5,3835.836
2025-02-10 01:00:00,0.0,3813.0,3814.008
2025-02-10 01:15:00,0.0,3813.0,3814.008
2025-02-10 01:30:00,0.0,3813.0,3814.008
2025-02-10 01:45:00,0.0,3813.0,3814.008
2025-02-10 02:00:00,0.0,3998.25,4004.996
2025-02-10 02:15:00,0.0,3998.25,4004.996
2025-02-10 02:30:00,0.0,3998.25,4004.996
2025-02-10 02:45:00,0.0,3998.25,4004.996
2025-02-10 03:00:00,0.0,4128.249,4012.371
2025-02-10 03:15:00,0.0,4128.249,4012.371
2025-02-10 03:30:00,0.0,4128.249,4012.371
2025-02-10 03:45:00,0.0,4128.249,4012.371
2025-02-10 04:00:00,0.0,4197.499,4404.134
2025-02-10 04:15:00,0.0,4197.499,4404.134
2025-02-10 04:30:00,0.0,4197.499,4404.134
2025-02-10 04:45:00,0.0,4197.499,4404.134
2025-02-10 05:00:00,0.0,4188.75,4472.014
2025-02-10 05:15:00,0.0,4188.75,4472.014
2025-02-10 05:30:00,0.0,4188.75,4472.014
2025-02-10 05:45:00,0.0,4188.75,4472.014
2025-02-10 06:00:00,0.0,4181.751,4520.059
2025-02-10 06:15:00,0.0,4181.751,4520.059
2025-02-10 06:30:00,0.0,4181.751,4520.059
2025-02-10 06:45:00,0.0,4181.751,4520.059
2025-02-10 07:00:00,140.027,4120.75,4691.285
2025-02-10 07:15:00,140.027,4120.75,4691.285
2025-02-10 07:30:00,140.027,4120.75,4691.285
2025-02-10 07:45:00,140.027,4120.75,4691.285
2025-02-10 08:00:00,1237.792,3973.0,4955.472
2025-02-10 08:15:00,1237.792,3973.0,4955.472
2025-02-10 08:30:00,1237.792,3973.0,4955.472
2025-02-10 08:45:00,1237.792,3973.0,4955.472
2025-02-10 09:00:00,2622.291,4009.5,5340.681
2025-02-10 09:15:00,2622.291,4009.5,5340.681
2025-02-10 09:30:00,2622.291,4009.5,5340.681
2025-02-10 09:45:00,2622.291,4009.5,5340.681
2025-02-10 10:00:00,3556.508,4063.75,5838.856
2025-02-10 10:15:00,3556.508,4063.75,5838.856
2025-02-10 10:30:00,3556.508,4063.75,5838.856
2025-02-10 10:45:00,3556.508,4063.75,5838.856
2025-02-10 11:00:00,4309.008,4069.75,5990.974
2025-02-10 11:15:00,4309.008,4069.75,5990.974
2025-02-10 11:30:00,4309.008,4069.75,5990.974
2025-02-10 11:45:00,4309.008,4069.75,5990.974
2025-02-10 12:00:00,4158.68,4091.501,6018.067
2025-02-10 12:15:00,4158.68,4091.501,6018.067
2025-02-10 12:30:00,4158.68,4091.501,6018.067
2025-02-10 12:45:00,4158.68,4091.501,6018.067
2025-02-10 13:00:00,3240.602,4048.5,6054.451
2025-02-10 13:15:00,3240.602,4048.5,6054.451
2025-02-10 13:30:00,3240.602,4048.5,6054.451
2025-02-10 13:45:00,3240.602,4048.5,6054.451
2025-02-10 14:00:00,1933.829,4127.0,5996.353
2025-02-10 14:15:00,1933.829,4127.0,5996.353
2025-02-10 14:30:00,1933.829,4127.0,5996.353
2025-02-10 14:45:00,1933.829,4127.0,5996.353
2025-02-10 15:00:00,1024.831,4237.999,5813.352
2025-02-10 15:15:00,1024.831,4237.999,5813.352
2025-02-10 15:30:00,1024.831,4237.999,5813.352
2025-02-10 15:45:00,1024.831,4237.999,5813.352
2025-02-10 16:00:00,199.222,4285.75,5676.312
2025-02-10 16:15:00,199.222,4285.75,5676.312
2025-02-10 16:30:00,199.222,4285.75,5676.312
2025-02-10 16:45:00,199.222,4285.75,5676.312
2025-02-10 17:00:00,0.0,4335.5,5666.132
2025-02-10 17:15:00,0.0,4335.5,5666.132
2025-02-10 17:30:00,0.0,4335.5,5666.132
2025-02-10 17:45:00,0.0,4335.5,5666.132
2025-02-10 18:00:00,0.0,4297.0,5551.835
2025-02-10 18:15:00,0.0,4297.0,5551.835
2025-02-10 18:30:00,0.0,4297.0,5551.835
2025-02-10 18:45:00,0.0,4297.0,5551.835
2025-02-10 19:00:00,0.0,4216.999,5684.013
2025-02-10 19:15:00,0.0,4216.999,5684.013
2025-02-10 19:30:00,0.0,4216.999,5684.013
2025-02-10 19:45:00,0.0,4216.999,5684.013
2025-02-10 20:00:00,0.0,4209.749,5681.966
2025-02-10 20:15:00,0.0,4209.749,5681.966
2025-02-10 20:30:00,0.0,4209.749,5681.966
2025-02-10 20:45:00,0.0,4209.749,5681.966
2025-02-10 21:00:00,0.0,4069.5,5490.809
2025-02-10 21:15:00,0.0,4069.5,5490.809
2025-02-10 21:30:00,0.0,4069.5,5490.809
2025-02-10 21:45:00,0.0,4069.5,5490.809
2025-02-10 22:00:00,0.0,3756.25,5708.832
2025-02-10 22:15:00,0.0,3756.25,5708.832
2025-02-10 22:30:00,0.0,3756.25,5708.832
2025-02-10 22:45:00,0.0,3756.25,5708.832
2025-02-10 23:00:00,0.0,3626.25,5860.895
2025-02-10 23:15:00,0.0,3626.25,5860.895
2025-02-10 23:30:00,0.0,3626.25,5860.895
2025-02-10 23:45:00,0.0,3626.25,5860.895
2025-02-11 00:00:00,0.0,3585.0,5654.146
2025-02-11 00:15:00,0.0,3585.0,5654.146
2025-02-11 00:30:00,0.0,3585.0,5654.146
2025-02-11 00:45:00,0.0,3585.0,5654.146
2025-02-11 01:00:00,0.0,3269.25,5247.396
2025-02-11 01:15:00,0.0,3269.25,5247.396
2025-02-11 01:30:00,0.0,3269.25,5247.396
2025-02-11 01:45:00,0.0,3269.25,5247.396
2025-02-11 02:00:00,0.0,3011.0,5011.235
2025-02-11 02:15:00,0.0,3011.0,5011.235
2025-02-11 02:30:00,0.0,3011.0,5011.235
2025-02-11 02:45:00,0.0,3011.0,5011.235
2025-02-11 03:00:00,0.0,2900.999,4834.295
2025-02-11 03:15:00,0.0,2900.999,4834.295
2025-02-11 03:30:00,0.0,2900.999,4834.295
2025-02-11 03:45:00,0.0,2900.999,4834.295
2025-02-11 04:00:00,0.0,2457.25,4768.086
2025-02-11 04:15:00,0.0,2457.25,4768.086
2025-02-11 04:30:00,0.0,2457.25,4768.086
2025-02-11 04:45:00,0.0,2457.25,4768.086
2025-02-11 05:00:00,0.0,2155.752,4563.519
2025-02-11 05:15:00,0.0,2155.752,4563.519
2025-02-11 05:30:00,0.0,2155.752,4563.519
2025-02-11 05:45:00,0.0,2155.752,4563.519
2025-02-11 06:00:00,0.0,2267.75,4441.731
2025-02-11 06:15:00,0.0,2267.75,4441.731
2025-02-11 06:30:00,0.0,2267.75,4441.731
2025-02-11 06:45:00,0.0,2267.75,4441.731
2025-02-11 07:00:00,77.836,2102.999,4376.578
2025-02-11 07:15:00,77.836,2102.999,4376.578
2025-02-11 07:30:00,77.836,2102.999,4376.578
2025-02-11 07:45:00,77.836,2102.999,4376.578
2025-02-11 08:00:00,568.209,1973.751,4360.172
2025-02-11 08:15:00,568.209,1973.751,4360.172
2025-02-11 08:30:00,568.209,1973.751,4360.172
2025-02-11 08:45:00,568.209,1973.751,4360.172
2025-02-11 09:00:00,1158.531,1812.5,4175.957
2025-02-11 09:15:00,1158.531,1812.5,4175.957
2025-02-11 09:30:00,1158.531,1812.5,4175.957
2025-02-11 09:45:00,1158.531,1812.5,4175.957
2025-02-11 10:00:00,1616.755,1651.499,3938.916
2025-02-11 10:15:00,1616.755,1651.499,3938.916
2025-02-11 10:30:00,1616.755,1651.499,3938.916
2025-02-11 10:45:00,1616.755,1651.499,3938.916
2025-02-11 11:00:00,2250.267,1587.75,3511.974
2025-02-11 11:15:00,2250.267,1587.75,3511.974
2025-02-11 11:30:00,2250.267,1587.75,3511.974
2025-02-11 11:45:00,2250.267,1587.75,3511.974
2025-02-11 12:00:00,2215.475,1538.0,3235.793
2025-02-11 12:15:00,2215.475,1538.0,3235.793
2025-02-11 12:30:00,2215.475,1538.0,3235.793
2025-02-11 12:45:00,2215.475,1538.0,3235.793
2025-02-11 13:00:00,1677.369,1614.501,3168.399
2025-02-11 13:15:00,1677.369,1614.501,3168.399
2025-02-11 13:30:00,1677.369,1614.501,3168.399
2025-02-11 13:45:00,1677.369,1614.501,3168.399
2025-02-11 14:00:00,1195.385,1678.25,2852.615
2025-02-11 14:15:00,1195.385,1678.25,2852.615
2025-02-11 14:30:00,1195.385,1678.25,2852.615
2025-02-11 14:45:00,1195.385,1678.25,2852.615
2025-02-11 15:00:00,570.865,1631.5,2566.228
2025-02-11 15:15:00,570.865,1631.5,2566.228
2025-02-11 15:30:00,570.865,1631.5,2566.228
2025-02-11 15:45:00,570.865,1631.5,2566.228
2025-02-11 16:00:00,117.883,1446.75,2529.982
2025-02-11 16:15:00,117.883,1446.75,2529.982
2025-02-11 16:30:00,117.883,1446.75,2529.982
2025-02-11 16:45:00,117.883,1446.75,2529.982
2025-02-11 17:00:00,0.0,1177.5,2333.34
2025-02-11 17:15:00,0.0,1177.5,2333.34
2025-02-11 17:30:00,0.0,1177.5,2333.34
2025-02-11 17:45:00,0.0,1177.5,2333.34
2025-02-11 18:00:00,0.0,1047.251,2117.151
2025-02-11 18:15:00,0.0,1047.251,2117.151
2025-02-11 18:30:00,0.0,1047.251,2117.151
2025-02-11 18:45:00,0.0,1047.251,2117.151
2025-02-11 19:00:00,0.0,1005.999,2006.681
2025-02-11 19:15:00,0.0,1005.999,2006.681
2025-02-11 19:30:00,0.0,1005.999,2006.681
2025-02-11 19:45:00,0.0,1005.999,2006.681
2025-02-11 20:00:00,0.0,1008.999,1928.692
2025-02-11 20:15:00,0.0,1008.999,1928.692
2025-02-11 20:30:00,0.0,1008.999,1928.692
2025-02-11 20:45:00,0.0,1008.999,1928.692
2025-02-11 21:00:00,0.0,948.5,1811.49
2025-02-11 21:15:00,0.0,948.5,1811.49
2025-02-11 21:30:00,0.0,948.5,1811.49
2025-02-11 21:45:00,0.0,948.5,1811.49
2025-02-11 22:00:00,0.0,829.499,1715.02
2025-02-11 22:15:00,0.0,829.499,1715.02
2025-02-11 22:30:00,0.0,829.499,1715.02
2025-02-11 22:45:00,0.0,829.499,1715.02
2025-02-11 23:00:00,0.0,778.25,1485.131
2025-02-11 23:15:00,0.0,778.25,1485.131
2025-02-11 23:30:00,0.0,778.25,1485.131
2025-02-11 23:45:00,0.0,778.25,1485.131
2025-02-12 00:00:00,0.0,706.249,1243.591
2025-02-12 00:15:00,0.0,706.249,1243.591
2025-02-12 00:30:00,0.0,706.249,1243.591
2025-02-12 00:45:00,0.0,706.249,1243.591
2025-02-12 01:00:00,0.0,699.75,840.833
2025-02-12 01:15:00,0.0,699.75,840.833
2025-02-12 01:30:00,0.0,699.75,840.833
2025-02-12 01:45:00,0.0,699.75,840.833
2025-02-12 02:00:00,0.0,723.249,740.016
2025-02-12 02:15:00,0.0,723.249,740.016
2025-02-12 02:30:00,0.0,723.249,740.016
2025-02-12 02:45:00,0.0,723.249,740.016
2025-02-12 03:00:00,0.0,620.249,633.511
2025-02-12 03:15:00,0.0,620.249,633.511
2025-02-12 03:30:00,0.0,620.249,633.511
2025-02-12 03:45:00,0.0,620.249,633.511
2025-02-12 04:00:00,0.0,530.25,520.241
2025-02-12 04:15:00,0.0,530.25,520.241
2025-02-12 04:30:00,0.0,530.25,520.241
2025-02-12 04:45:00,0.0,530.25,520.241
2025-02-12 05:00:00,0.0,445.5,358.214
2025-02-12 05:15:00,0.0,445.5,358.214
2025-02-12 05:30:00,0.0,445.5,358.214
2025-02-12 05:45:00,0.0,445.5,358.214
2025-02-12 06:00:00,0.0,397.5,432.497
2025-02-12 06:15:00,0.0,397.5,432.497
2025-02-12 06:30:00,0.0,397.5,432.497
2025-02-12 06:45:00,0.0,397.5,432.497
2025-02-12 07:00:00,125.512,336.5,506.145
2025-02-12 07:15:00,125.512,336.5,506.145
2025-02-12 07:30:00,125.512,336.5,506.145
2025-02-12 07:45:00,125.512,336.5,506.145
2025-02-12 08:00:00,866.358,291.0,491.999
2025-02-12 08:15:00,866.358,291.0,491.999
2025-02-12 08:30:00,866.358,291.0,491.999
2025-02-12 08:45:00,866.358,291.0,491.999
2025-02-12 09:00:00,2207.996,315.251,410.745
2025-02-12 09:15:00,2207.996,315.251,410.745
2025-02-12 09:30:00,2207.996,315.251,410.745
2025-02-12 09:45:00,2207.996,315.251,410.745
2025-02-12 10:00:00,3198.008,371.001,350.675
2025-02-12 10:15:00,3198.008,371.001,350.675
2025-02-12 10:30:00,3198.008,371.001,350.675
2025-02-12 10:45:00,3198.008,371.001,350.675
2025-02-12 11:00:00,3871.81,401.501,283.204
2025-02-12 11:15:00,3871.81,401.501,283.204
2025-02-12 11:30:00,3871.81,401.501,283.204
2025-02-12 11:45:00,3871.81,401.501,283.204
2025-02-12 12:00:00,4087.26,395.75,284.685
2025-02-12 12:15:00,4087.26,395.75,284.685
2025-02-12 12:30:00,4087.26,395.75,284.685
2025-02-12 12:45:00,4087.26,395.75,284.685
2025-02-12 13:00:00,3475.096,401.502,308.298
2025-02-12 13:15:00,3475.096,401.502,308.298
2025-02-12 13:30:00,3475.096,401.502,308.298
2025-02-12 13:45:00,3475.096,401.502,308.298
2025-02-12 14:00:00,2141.561,468.5,347.083
2025-02-12 14:15:00,2141.561,468.5,347.083
2025-02-12 14:30:00,2141.561,468.5,347.083
2025-02-12 14:45:00,2141.561,468.5,347.083
2025-02-12 15:00:00,1148.566,470.501,384.29
2025-02-12 15:15:00,1148.566,470.501,384.29
2025-02-12 15:30:00,1148.566,470.501,384.29
2025-02-12 15:45:00,1148.566,470.501,384.29
2025-02-12 16:00:00,263.221,481.749,376.814
2025-02-12 16:15:00,263.221,481.749,376.814
2025-02-12 16:30:00,263.221,481.749,376.814
2025-02-12 16:45:00,263.221,481.749,376.814
2025-02-12 17:00:00,0.0,424.5,502.395
2025-02-12 17:15:00,0.0,424.5,502.395
2025-02-12 17:30:00,0.0,424.5,502.395
2025-02-12 17:45:00,0.0,424.5,502.395
2025-02-12 18:00:00,0.0,365.749,404.525
2025-02-12 18:15:00,0.0,365.749,404.525
2025-02-12 18:30:00,0.0,365.749,404.525
2025-02-12 18:45:00,0.0,365.749,404.525
2025-02-12 19:00:00,0.0,328.0,465.692
2025-02-12 19:15:00,0.0,328.0,465.692
2025-02-12 19:30:00,0.0,328.0,465.692
2025-02-12 19:45:00,0.0,328.0,465.692
2025-02-12 20:00:00,0.0,551.75,591.261
2025-02-12 20:15:00,0.0,551.75,591.261
2025-02-12 20:30:00,0.0,551.75,591.261
2025-02-12 20:45:00,0.0,551.75,591.261
2025-02-12 21:00:00,0.0,795.0,634.464
2025-02-12 21:15:00,0.0,795.0,634.464
2025-02-12 21:30:00,0.0,795.0,634.464
2025-02-12 21:45:00,0.0,795.0,634.464
2025-02-12 22:00:00,0.0,706.999,736.659
2025-02-12 22:15:00,0.0,706.999,736.659
2025-02-12 22:30:00,0.0,706.999,736.659
2025-02-12 22:45:00,0.0,706.999,736.659
2025-02-12 23:00:00,0.0,700.25,760.584
2025-02-12 23:15:00,0.0,700.25,760.584
2025-02-12 23:30:00,0.0,700.25,760.584
2025-02-12 23:45:00,0.0,700.25,760.584
2025-02-13 00:00:00,0.0,801.5,974.74
2025-02-13 00:15:00,0.0,801.5,974.74
2025-02-13 00:30:00,0.0,801.5,974.74
2025-02-13 00:45:00,0.0,801.5,974.74
2025-02-13 01:00:00,0.0,1008.5,1063.23
2025-02-13 01:15:00,0.0,1008.5,1063.23
2025-02-13 01:30:00,0.0,1008.5,1063.23
2025-02-13 01:45:00,0.0,1008.5,1063.23
2025-02-13 02:00:00,0.0,1255.75,1203.718
2025-02-13 02:15:00,0.0,1255.75,1203.718
2025-02-13 02:30:00,0.0,1255.75,1203.718
2025-02-13 02:45:00,0.0,1255.75,1203.718
2025-02-13 03:00:00,0.0,1420.5,1452.99
2025-02-13 03:15:00,0.0,1420.5,1452.99
2025-02-13 03:30:00,0.0,1420.5,1452.99
2025-02-13 03:45:00,0.0,1420.5,1452.99
2025-02-13 04:00:00,0.0,1627.0,1736.883
2025-02-13 04:15:00,0.0,1627.0,1736.883
2025-02-13 04:30:00,0.0,1627.0,1736.883
2025-02-13 04:45:00,0.0,1627.0,1736.883
2025-02-13 05:00:00,0.0,1936.5,1953.587
2025-02-13 05:15:00,0.0,1936.5,1953.587
2025-02-13 05:30:00,0.0,1936.5,1953.587
2025-02-13 05:45:00,0.0,1936.5,1953.587
2025-02-13 06:00:00,0.0,2042.5,2147.555
2025-02-13 06:15:00,0.0,2042.5,2147.555
2025-02-13 06:30:00,0.0,2042.5,2147.555
2025-02-13 06:45:00,0.0,2042.5,2147.555
2025-02-13 07:00:00,81.305,2226.25,1960.974
2025-02-13 07:15:00,81.305,2226.25,1960.974
2025-02-13 07:30:00,81.305,2226.25,1960.974
2025-02-13 07:45:00,81.305,2226.25,1960.974
2025-02-13 08:00:00,708.81,1949.75,1615.137
2025-02-13 08:15:00,708.81,1949.75,1615.137
2025-02-13 08:30:00,708.81,1949.75,1615.137
2025-02-13 08:45:00,708.81,1949.75,1615.137
2025-02-13 09:00:00,1747.504,1744.0,1279.111
2025-02-13 09:15:00,1747.504,1744.0,1279.111
2025-02-13 09:30:00,1747.504,1744.0,1279.111
2025-02-13 09:45:00,1747.504,1744.0,1279.111
2025-02-13 10:00:00,3367.029,1602.251,1228.022
2025-02-13 10:15:00,3367.029,1602.251,1228.022
2025-02-13 10:30:00,3367.029,1602.251,1228.022
2025-02-13 10:45:00,3367.029,1602.251,1228.022
2025-02-13 11:00:00,4225.996,1289.001,1469.322
2025-02-13 11:15:00,4225.996,1289.001,1469.322
2025-02-13 11:30:00,4225.996,1289.001,1469.322
2025-02-13 11:45:00,4225.996,1289.001,1469.322
2025-02-13 12:00:00,3950.153,936.0,1611.814
2025-02-13 12:15:00,3950.153,936.0,1611.814
2025-02-13 12:30:00,3950.153,936.0,1611.814
2025-02-13 12:45:00,3950.153,936.0,1611.814
2025-02-13 13:00:00,3942.096,1029.5,1277.14
2025-02-13 13:15:00,3942.096,1029.5,1277.14
2025-02-13 13:30:00,3942.096,1029.5,1277.14
2025-02-13 13:45:00,3942.096,1029.5,1277.14
2025-02-13 14:00:00,3559.017,1220.751,1153.344
2025-02-13 14:15:00,3559.017,1220.751,1153.344
2025-02-13 14:30:00,3559.017,1220.751,1153.344
2025-02-13 14:45:00,3559.017,1220.751,1153.344
2025-02-13 15:00:00,2002.341,1186.5,1113.702
2025-02-13 15:15:00,2002.341,1186.5,1113.702
2025-02-13 15:30:00,2002.341,1186.5,1113.702
2025-02-13 15:45:00,2002.341,1186.5,1113.702
2025-02-13 16:00:00,463.89,1385.751,1007.212
2025-02-13 16:15:00,463.89,1385.751,1007.212
2025-02-13 16:30:00,463.89,1385.751,1007.212
2025-02-13 16:45:00,463.89,1385.751,1007.212
2025-02-13 17:00:00,0.0,1398.749,796.853
2025-02-13 17:15:00,0.0,1398.749,796.853
2025-02-13 17:30:00,0.0,1398.749,796.853
2025-02-13 17:45:00,0.0,1398.749,796.853
2025-02-13 18:00:00,0.0,1315.75,465.587
2025-02-13 18:15:00,0.0,1315.75,465.587
2025-02-13 18:30:00,0.0,1315.75,465.587
2025-02-13 18:45:00,0.0,1315.75,465.587
2025-02-13 19:00:00,0.0,1038.749,215.776
2025-02-13 19:15:00,0.0,1038.749,215.776
2025-02-13 19:30:00,0.0,1038.749,215.776
2025-02-13 19:45:00,0.0,1038.749,215.776
2025-02-13 20:00:00,0.0,879.749,92.237
2025-02-13 20:15:00,0.0,879.749,92.237
2025-02-13 20:30:00,0.0,879.749,92.237
2025-02-13 20:45:00,0.0,879.749,92.237
2025-02-13 21:00:00,0.0,714.249,57.69
2025-02-13 21:15:00,0.0,714.249,57.69
2025-02-13 21:30:00,0.0,714.249,57.69
2025-02-13 21:45:00,0.0,714.249,57.69
2025-02-13 22:00:00,0.0,626.5,47.273
2025-02-13 22:15:00,0.0,626.5,47.273
2025-02-13 22:30:00,0.0,626.5,47.273
2025-02-13 22:45:00,0.0,626.5,47.273
2025-02-13 23:00:00,0.0,380.75,31.731
2025-02-13 23:15:00,0.0,380.75,31.731
2025-02-13 23:30:00,0.0,380.75,31.731
2025-02-13 23:45:00,0.0,380.75,31.731
2025-02-14 00:00:00,0.0,217.251,13.585
2025-02-14 00:15:00,0.0,217.251,13.585
2025-02-14 00:30:00,0.0,217.251,13.585
2025-02-14 00:45:00,0.0,217.251,13.585
2025-02-14 01:00:00,0.0,198.0,0.0
2025-02-14 01:15:00,0.0,198.0,0.0
2025-02-14 01:30:00,0.0,198.0,0.0
2025-02-14 01:45:00,0.0,198.0,0.0
2025-02-14 02:00:00,0.0,193.501,0.0
2025-02-14 02:15:00,0.0,193.501,0.0
2025-02-14 02:30:00,0.0,193.501,0.0
2025-02-14 02:45:00,0.0,193.501,0.0
2025-02-14 03:00:00,0.0,274.249,0.0
2025-02-14 03:15:00,0.0,274.249,0.0
2025-02-14 03:30:00,0.0,274.249,0.0
2025-02-14 03:45:00,0.0,274.249,0.0
2025-02-14 04:00:00,0.0,223.25,0.0
2025-02-14 04:15:00,0.0,223.25,0.0
2025-02-14 04:30:00,0.0,223.25,0.0
2025-02-14 04:45:00,0.0,223.25,0.0
2025-02-14 05:00:00,0.0,271.75,0.0
2025-02-14 05:15:00,0.0,271.75,0.0
2025-02-14 05:30:00,0.0,271.75,0.0
2025-02-14 05:45:00,0.0,271.75,0.0
2025-02-14 06:00:00,0.0,333.75,0.0
2025-02-14 06:15:00,0.0,333.75,0.0
2025-02-14 06:30:00,0.0,333.75,0.0
2025-02-14 06:45:00,0.0,333.75,0.0
2025-02-14 07:00:00,217.438,261.25,0.0
2025-02-14 07:15:00,217.438,261.25,0.0
2025-02-14 07:30:00,217.438,261.25,0.0
2025-02-14 07:45:00,217.438,261.25,0.0
2025-02-14 08:00:00,2182.779,258.499,0.0
2025-02-14 08:15:00,2182.779,258.499,0.0
2025-02-14 08:30:00,2182.779,258.499,0.0
2025-02-14 08:45:00,2182.779,258.499,0.0
2025-02-14 09:00:00,5331.761,223.75,10.805
2025-02-14 09:15:00,5331.761,223.75,10.805
2025-02-14 09:30:00,5331.761,223.75,10.805
2025-02-14 09:45:00,5331.761,223.75,10.805
2025-02-14 10:00:00,6819.507,155.75,75.814
2025-02-14 10:15:00,6819.507,155.75,75.814
2025-02-14 10:30:00,6819.507,155.75,75.814
2025-02-14 10:45:00,6819.507,155.75,75.814
2025-02-14 11:00:00,7410.693,134.25,126.2
2025-02-14 11:15:00,7410.693,134.25,126.2
2025-02-14 11:30:00,7410.693,134.25,126.2
2025-02-14 11:45:00,7410.693,134.25,126.2
2025-02-14 12:00:00,6437.922,73.5,160.521
2025-02-14 12:15:00,6437.922,73.5,160.521
2025-02-14 12:30:00,6437.922,73.5,160.521
2025-02-14 12:45:00,6437.922,73.5,160.521
2025-02-14 13:00:00,4991.895,109.0,196.392
2025-02-14 13:15:00,4991.895,109.0,196.392
2025-02-14 13:30:00,4991.895,109.0,196.392
2025-02-14 13:45:00,4991.895,109.0,196.392
2025-02-14 14:00:00,3373.601,215.501,217.926
2025-02-14 14:15:00,3373.601,215.501,217.926
2025-02-14 14:30:00,3373.601,215.501,217.926
2025-02-14 14:45:00,3373.601,215.501,217.926
2025-02-14 15:00:00,2032.238,270.25,269.864
2025-02-14 15:15:00,2032.238,270.25,269.864
2025-02-14 15:30:00,2032.238,270.25,269.864
2025-02-14 15:45:00,2032.238,270.25,269.864
2025-02-14 16:00:00,385.659,309.999,281.416
2025-02-14 16:15:00,385.659,309.999,281.416
2025-02-14 16:30:00,385.659,309.999,281.416
2025-02-14 16:45:00,385.659,309.999,281.416
2025-02-14 17:00:00,0.0,584.499,259.402
2025-02-14 17:15:00,0.0,584.499,259.402
2025-02-14 17:30:00,0.0,584.499,259.402
2025-02-14 17:45:00,0.0,584.499,259.402
2025-02-14 18:00:00,0.0,892.751,202.988
2025-02-14 18:15:00,0.0,892.751,202.988
2025-02-14 18:30:00,0.0,892.751,202.988
2025-02-14 18:45:00,0.0,892.751,202.988
2025-02-14 19:00:00,0.0,950.0,166.843
2025-02-14 19:15:00,0.0,950.0,166.843
2025-02-14 19:30:00,0.0,950.0,166.843
2025-02-14 19:45:00,0.0,950.0,166.843
2025-02-14 20:00:00,0.0,748.002,125.375
2025-02-14 20:15:00,0.0,748.002,125.375
2025-02-14 20:30:00,0.0,748.002,125.375
2025-02-14 20:45:00,0.0,748.002,125.375
2025-02-14 21:00:00,0.0,765.501,101.689
2025-02-14 21:15:00,0.0,765.501,101.689
2025-02-14 21:30:00,0.0,765.501,101.689
2025-02-14 21:45:00,0.0,765.501,101.689
2025-02-14 22:00:00,0.0,785.0,114.148
2025-02-14 22:15:00,0.0,785.0,114.148
2025-02-14 22:30:00,0.0,785.0,114.148
2025-02-14 22:45:00,0.0,785.0,114.148
2025-02-14 23:00:00,0.0,729.749,87.313
2025-02-14 23:15:00,0.0,729.749,87.313
2025-02-14 23:30:00,0.0,729.749,87.313
2025-02-14 23:45:00,0.0,729.749,87.313
2025-02-15 00:00:00,0.0,582.0,116.48
2025-02-15 00:15:00,0.0,582.0,116.48
2025-02-15 00:30:00,0.0,582.0,116.48
2025-02-15 00:45:00,0.0,582.0,116.48
2025-02-15 01:00:00,0.0,656.501,32.503
2025-02-15 01:15:00,0.0,656.501,32.503
2025-02-15 01:30:00,0.0,656.501,32.503
2025-02-15 01:45:00,0.0,656.501,32.503
2025-02-15 02:00:00,0.0,735.0,13.156
2025-02-15 02:15:00,0.0,735.0,13.156
2025-02-15 02:30:00,0.0,735.0,13.156
2025-02-15 02:45:00,0.0,735.0,13.156
2025-02-15 03:00:00,0.0,590.749,31.804
2025-02-15 03:15:00,0.0,590.749,31.804
2025-02-15 03:30:00,0.0,590.749,31.804
2025-02-15 03:45:00,0.0,590.749,31.804
2025-02-15 04:00:00,0.0,480.5,38.231
2025-02-15 04:15:00,0.0,480.5,38.231
2025-02-15 04:30:00,0.0,480.5,38.231
2025-02-15 04:45:00,0.0,480.5,38.231
2025-02-15 05:00:00,0.0,504.5,23.646
2025-02-15 05:15:00,0.0,504.5,23.646
2025-02-15 05:30:00,0.0,504.5,23.646
2025-02-15 05:45:00,0.0,504.5,23.646
2025-02-15 06:00:00,0.0,524.749,48.45
2025-02-15 06:15:00,0.0,524.749,48.45
2025-02-15 06:30:00,0.0,524.749,48.45
2025-02-15 06:45:00,0.0,524.749,48.45
2025-02-15 07:00:00,207.586,549.75,80.812
2025-02-15 07:15:00,207.586,549.75,80.812
2025-02-15 07:30:00,207.586,549.75,80.812
2025-02-15 07:45:00,207.586,549.75,80.812
2025-02-15 08:00:00,1479.751,468.75,82.737
2025-02-15 08:15:00,1479.751,468.75,82.737
2025-02-15 08:30:00,1479.751,468.75,82.737
2025-02-15 08:45:00,1479.751,468.75,82.737
2025-02-15 09:00:00,3380.872,443.75,94.159
2025-02-15 09:15:00,3380.872,443.75,94.159
2025-02-15 09:30:00,3380.872,443.75,94.159
2025-02-15 09:45:00,3380.872,443.75,94.159
2025-02-15 10:00:00,5030.041,459.0,148.306
2025-02-15 10:15:00,5030.041,459.0,148.306
2025-02-15 10:30:00,5030.041,459.0,148.306
2025-02-15 10:45:00,5030.041,459.0,148.306
2025-02-15 11:00:00,5462.631,389.25,212.469
2025-02-15 11:15:00,5462.631,389.25,212.469
2025-02-15 11:30:00,5462.631,389.25,212.469
2025-02-15 11:45:00,5462.631,389.25,212.469
2025-02-15 12:00:00,4899.026,348.5,244.535
2025-02-15 12:15:00,4899.026,348.5,244.535
2025-02-15 12:30:00,4899.026,348.5,244.535
2025-02-15 12:45:00,4899.026,348.5,244.535
2025-02-15 13:00:00,4452.223,206.75,193.761
2025-02-15 13:15:00,4452.223,206.75,193.761
2025-02-15 13:30:00,4452.223,206.75,193.761
2025-02-15 13:45:00,4452.223,206.75,193.761
2025-02-15 14:00:00,3318.256,133.749,192.59
2025-02-15 14:15:00,3318.256,133.749,192.59
2025-02-15 14:30:00,3318.256,133.749,192.59
2025-02-15 14:45:00,3318.256,133.749,192.59
2025-02-15 15:00:00,1589.653,271.25,257.454
2025-02-15 15:15:00,1589.653,271.25,257.454
2025-02-15 15:30:00,1589.653,271.25,257.454
2025-02-15 15:45:00,1589.653,271.25,257.454
2025-02-15 16:00:00,304.859,608.5,215.677
2025-02-15 16:15:00,304.859,608.5,215.677
2025-02-15 16:30:00,304.859,608.5,215.677
2025-02-15 16:45:00,304.859,608.5,215.677
2025-02-15 17:00:00,0.0,758.5,232.252
2025-02-15 17:15:00,0.0,758.5,232.252
2025-02-15 17:30:00,0.0,758.5,232.252
2025-02-15 17:45:00,0.0,758.5,232.252
2025-02-15 18:00:00,0.0,696.25,232.899
2025-02-15 18:15:00,0.0,696.25,232.899
2025-02-15 18:30:00,0.0,696.25,232.899
2025-02-15 18:45:00,0.0,696.25,232.899
2025-02-15 19:00:00,0.0,708.251,212.268
2025-02-15 19:15:00,0.0,708.251,212.268
2025-02-15 19:30:00,0.0,708.251,212.268
2025-02-15 19:45:00,0.0,708.251,212.268
2025-02-15 20:00:00,0.0,631.249,256.76
2025-02-15 20:15:00,0.0,631.249,256.76
2025-02-15 20:30:00,0.0,631.249,256.76
2025-02-15 20:45:00,0.0,631.249,256.76
2025-02-15 21:00:00,0.0,826.999,321.294
2025-02-15 21:15:00,0.0,826.999,321.294
2025-02-15 21:30:00,0.0,826.999,321.294
2025-02-15 21:45:00,0.0,826.999,321.294
2025-02-15 22:00:00,0.0,1046.5,481.663
2025-02-15 22:15:00,0.0,1046.5,481.663
2025-02-15 22:30:00,0.0,1046.5,481.663
2025-02-15 22:45:00,0.0,1046.5,481.663
2025-02-15 23:00:00,0.0,1084.75,482.438
2025-02-15 23:15:00,0.0,1084.75,482.438
2025-02-15 23:30:00,0.0,1084.75,482.438
2025-02-15 23:45:00,0.0,1084.75,482.438
2025-02-16 00:00:00,0.0,1207.0,551.466
2025-02-16 00:15:00,0.0,1207.0,551.466
2025-02-16 00:30:00,0.0,1207.0,551.466
2025-02-16 00:45:00,0.0,1207.0,551.466
2025-02-16 01:00:00,0.0,1265.0,601.273
2025-02-16 01:15:00,0.0,1265.0,601.273
2025-02-16 01:30:00,0.0,1265.0,601.273
2025-02-16 01:45:00,0.0,1265.0,601.273
2025-02-16 02:00:00,0.0,1027.999,683.43
2025-02-16 02:15:00,0.0,1027.999,683.43
2025-02-16 02:30:00,0.0,1027.999,683.43
2025-02-16 02:45:00,0.0,1027.999,683.43
2025-02-16 03:00:00,0.0,1071.501,909.715
2025-02-16 03:15:00,0.0,1071.501,909.715
2025-02-16 03:30:00,0.0,1071.501,909.715
2025-02-16 03:45:00,0.0,1071.501,909.715
2025-02-16 04:00:00,0.0,1315.75,826.573
2025-02-16 04:15:00,0.0,1315.75,826.573
2025-02-16 04:30:00,0.0,1315.75,826.573
2025-02-16 04:45:00,0.0,1315.75,826.573
2025-02-16 05:00:00,0.0,1863.0,866.862
2025-02-16 05:15:00,0.0,1863.0,866.862
2025-02-16 05:30:00,0.0,1863.0,866.862
2025-02-16 05:45:00,0.0,1863.0,866.862
2025-02-16 06:00:00,0.0,2369.999,1097.118
2025-02-16 06:15:00,0.0,2369.999,1097.118
2025-02-16 06:30:00,0.0,2369.999,1097.118
2025-02-16 06:45:00,0.0,2369.999,1097.118
2025-02-16 07:00:00,530.285,2893.501,1403.276
2025-02-16 07:15:00,530.285,2893.501,1403.276
2025-02-16 07:30:00,530.285,2893.501,1403.276
2025-02-16 07:45:00,530.285,2893.501,1403.276
2025-02-16 08:00:00,3142.416,3089.25,1777.682
2025-02-16 08:15:00,3142.416,3089.25,1777.682
2025-02-16 08:30:00,3142.416,3089.25,1777.682
2025-02-16 08:45:00,3142.416,3089.25,1777.682
2025-02-16 09:00:00,6269.554,2923.0,2402.444
2025-02-16 09:15:00,6269.554,2923.0,2402.444
2025-02-16 09:30:00,6269.554,2923.0,2402.444
2025-02-16 09:45:00,6269.554,2923.0,2402.444
2025-02-16 10:00:00,9383.956,2762.75,2940.191
2025-02-16 10:15:00,9383.956,2762.75,2940.191
2025-02-16 10:30:00,9383.956,2762.75,2940.191
2025-02-16 10:45:00,9383.956,2762.75,2940.191
2025-02-16 11:00:00,11893.583,2353.999,3390.245
2025-02-16 11:15:00,11893.583,2353.999,3390.245
2025-02-16 11:30:00,11893.583,2353.999,3390.245
2025-02-16 11:45:00,11893.583,2353.999,3390.245
2025-02-16 12:00:00,12543.451,2546.499,3619.346
2025-02-16 12:15:00,12543.451,2546.499,3619.346
2025-02-16 12:30:00,12543.451,2546.499,3619.346
2025-02-16 12:45:00,12543.451,2546.499,3619.346
2025-02-16 13:00:00,11480.268,2596.25,3814.706
2025-02-16 13:15:00,11480.268,2596.25,3814.706
2025-02-16 13:30:00,11480.268,2596.25,3814.706
2025-02-16 13:45:00,11480.268,2596.25,3814.706
2025-02-16 14:00:00,9201.46,2265.499,3984.512
2025-02-16 14:15:00,9201.46,2265.499,3984.512
2025-02-16 14:30:00,9201.46,2265.499,3984.512
2025-02-16 14:45:00,9201.46,2265.499,3984.512
2025-02-16 15:00:00,5279.943,2219.75,3814.101
2025-02-16 15:15:00,5279.943,2219.75,3814.101
2025-02-16 15:30:00,5279.943,2219.75,3814.101
2025-02-16 15:45:00,5279.943,2219.75,3814.101
2025-02-16 16:00:00,1236.329,2326.5,3037.777
2025-02-16 16:15:00,1236.329,2326.5,3037.777
2025-02-16 16:30:00,1236.329,2326.5,3037.777
2025-02-16 16:45:00,1236.329,2326.5,3037.777
2025-02-16 17:00:00,0.0,2753.0,1907.745
2025-02-16 17:15:00,0.0,2753.0,1907.745
2025-02-16 17:30:00,0.0,2753.0,1907.745
2025-02-16 17:45:00,0.0,2753.0,1907.745
2025-02-16 18:00:00,0.0,3211.0,1454.15
2025-02-16 18:15:00,0.0,3211.0,1454.15
2025-02-16 18:30:00,0.0,3211.0,1454.15
2025-02-16 18:45:00,0.0,3211.0,1454.15
2025-02-16 19:00:00,0.0,3132.249,1480.608
2025-02-16 19:15:00,0.0,3132.249,1480.608
2025-02-16 19:30:00,0.0,3132.249,1480.608
2025-02-16 19:45:00,0.0,3132.249,1480.608
2025-02-16 20:00:00,0.0,2965.501,1533.977
2025-02-16 20:15:00,0.0,2965.501,1533.977
2025-02-16 20:30:00,0.0,2965.501,1533.977
2025-02-16 20:45:00,0.0,2965.501,1533.977
2025-02-16 21:00:00,0.0,2487.249,1426.638
2025-02-16 21:15:00,0.0,2487.249,1426.638
2025-02-16 21:30:00,0.0,2487.249,1426.638
2025-02-16 21:45:00,0.0,2487.249,1426.638
2025-02-16 22:00:00,0.0,2058.0,1065.239
2025-02-16 22:15:00,0.0,2058.0,1065.239
2025-02-16 22:30:00,0.0,2058.0,1065.239
2025-02-16 22:45:00,0.0,2058.0,1065.239
2025-02-16 23:00:00,0.0,1714.75,753.026
2025-02-16 23:15:00,0.0,1714.75,753.026
2025-02-16 23:30:00,0.0,1714.75,753.026
2025-02-16 23:45:00,0.0,1714.75,753.026
2025-02-17 00:00:00,0.0,1396.249,666.746
2025-02-17 00:15:00,0.0,1396.249,666.746
2025-02-17 00:30:00,0.0,1396.249,666.746
2025-02-17 00:45:00,0.0,1396.249,666.746
2025-02-17 01:00:00,0.0,1333.75,569.293
2025-02-17 01:15:00,0.0,1333.75,569.293
2025-02-17 01:30:00,0.0,1333.75,569.293
2025-02-17 01:45:00,0.0,1333.75,569.293
2025-02-17 02:00:00,0.0,1023.5,637.973
2025-02-17 02:15:00,0.0,1023.5,637.973
2025-02-17 02:30:00,0.0,1023.5,637.973
2025-02-17 02:45:00,0.0,1023.5,637.973
2025-02-17 03:00:00,0.0,898.75,645.384
2025-02-17 03:15:00,0.0,898.75,645.384
2025-02-17 03:30:00,0.0,898.75,645.384
2025-02-17 03:45:00,0.0,898.75,645.384
2025-02-17 04:00:00,0.0,970.75,557.881
2025-02-17 04:15:00,0.0,970.75,557.881
2025-02-17 04:30:00,0.0,970.75,557.881
2025-02-17 04:45:00,0.0,970.75,557.881
2025-02-17 05:00:00,0.0,857.001,462.338
2025-02-17 05:15:00,0.0,857.001,462.338
2025-02-17 05:30:00,0.0,857.001,462.338
2025-02-17 05:45:00,0.0,857.001,462.338
2025-02-17 06:00:00,0.0,852.5,365.17
2025-02-17 06:15:00,0.0,852.5,365.17
2025-02-17 06:30:00,0.0,852.5,365.17
2025-02-17 06:45:00,0.0,852.5,365.17
2025-02-17 07:00:00,1072.519,859.0,387.39
2025-02-17 07:15:00,1072.519,859.0,387.39
2025-02-17 07:30:00,1072.519,859.0,387.39
2025-02-17 07:45:00,1072.519,859.0,387.39
2025-02-17 08:00:00,6254.48,661.75,542.81
2025-02-17 08:15:00,6254.48,661.75,542.81
2025-02-17 08:30:00,6254.48,661.75,542.81
2025-02-17 08:45:00,6254.48,661.75,542.81
2025-02-17 09:00:00,11185.436,351.75,701.837
2025-02-17 09:15:00,11185.436,351.75,701.837
2025-02-17 09:30:00,11185.436,351.75,701.837
2025-02-17 09:45:00,11185.436,351.75,701.837
2025-02-17 10:00:00,13791.071,363.499,531.011
2025-02-17 10:15:00,13791.071,363.499,531.011
2025-02-17 10:30:00,13791.071,363.499,531.011
2025-02-17 10:45:00,13791.071,363.499,531.011
2025-02-17 11:00:00,14988.368,340.501,522.327
2025-02-17 11:15:00,14988.368,340.501,522.327
2025-02-17 11:30:00,14988.368,340.501,522.327
2025-02-17 11:45:00,14988.368,340.501,522.327
2025-02-17 12:00:00,14382.231,398.999,913.887
2025-02-17 12:15:00,14382.231,398.999,913.887
2025-02-17 12:30:00,14382.231,398.999,913.887
2025-02-17 12:45:00,14382.231,398.999,913.887
2025-02-17 13:00:00,12482.847,469.25,1350.616
2025-02-17 13:15:00,12482.847,469.25,1350.616
2025-02-17 13:30:00,12482.847,469.25,1350.616
2025-02-17 13:45:00,12482.847,469.25,1350.616
2025-02-17 14:00:00,9425.2,470.5,1631.431
2025-02-17 14:15:00,9425.2,470.5,1631.431
2025-02-17 14:30:00,9425.2,470.5,1631.431
2025-02-17 14:45:00,9425.2,470.5,1631.431
2025-02-17 15:00:00,5341.941,556.75,1597.222
2025-02-17 15:15:00,5341.941,556.75,1597.222
2025-02-17 15:30:00,5341.941,556.75,1597.222
2025-02-17 15:45:00,5341.941,556.75,1597.222
2025-02-17 16:00:00,1249.396,544.749,1343.953
2025-02-17 16:15:00,1249.396,544.749,1343.953
2025-02-17 16:30:00,1249.396,544.749,1343.953
2025-02-17 16:45:00,1249.396,544.749,1343.953
2025-02-17 17:00:00,0.0,708.751,895.268
2025-02-17 17:15:00,0.0,708.751,895.268
2025-02-17 17:30:00,0.0,708.751,895.268
2025-02-17 17:45:00,0.0,708.751,895.268
2025-02-17 18:00:00,0.0,1089.75,714.834
2025-02-17 18:15:00,0.0,1089.75,714.834
2025-02-17 18:30:00,0.0,1089.75,714.834
2025-02-17 18:45:00,0.0,1089.75,714.834
2025-02-17 19:00:00,0.0,1535.749,712.75
2025-02-17 19:15:00,0.0,1535.749,712.75
2025-02-17 19:30:00,0.0,1535.749,712.75
2025-02-17 19:45:00,0.0,1535.749,712.75
2025-02-17 20:00:00,0.0,1845.25,775.765
2025-02-17 20:15:00,0.0,1845.25,775.765
2025-02-17 20:30:00,0.0,1845.25,775.765
2025-02-17 20:45:00,0.0,1845.25,775.765
2025-02-17 21:00:00,0.0,2002.25,750.002
2025-02-17 21:15:00,0.0,2002.25,750.002
2025-02-17 21:30:00,0.0,2002.25,750.002
2025-02-17 21:45:00,0.0,2002.25,750.002
2025-02-17 22:00:00,0.0,2065.0,823.913
2025-02-17 22:15:00,0.0,2065.0,823.913
2025-02-17 22:30:00,0.0,2065.0,823.913
2025-02-17 22:45:00,0.0,2065.0,823.913
2025-02-17 23:00:00,0.0,1618.25,925.338
2025-02-17 23:15:00,0.0,1618.25,925.338
2025-02-17 23:30:00,0.0,1618.25,925.338
2025-02-17 23:45:00,0.0,1618.25,925.338
2025-02-18 00:00:00,0.0,1332.999,1029.509
2025-02-18 00:15:00,0.0,1332.999,1029.509
2025-02-18 00:30:00,0.0,1332.999,1029.509
2025-02-18 00:45:00,0.0,1332.999,1029.509
2025-02-18 01:00:00,0.0,1326.0,1027.684
2025-02-18 01:15:00,0.0,1326.0,1027.684
2025-02-18 01:30:00,0.0,1326.0,1027.684
2025-02-18 01:45:00,0.0,1326.0,1027.684
2025-02-18 02:00:00,0.0,1347.0,965.487
2025-02-18 02:15:00,0.0,1347.0,965.487
2025-02-18 02:30:00,0.0,1347.0,965.487
2025-02-18 02:45:00,0.0,1347.0,965.487
2025-02-18 03:00:00,0.0,1716.0,1195.003
2025-02-18 03:15:00,0.0,1716.0,1195.003
2025-02-18 03:30:00,0.0,1716.0,1195.003
2025-02-18 03:45:00,0.0,1716.0,1195.003
2025-02-18 04:00:00,0.0,1729.248,1556.142
2025-02-18 04:15:00,0.0,1729.248,1556.142
2025-02-18 04:30:00,0.0,1729.248,1556.142
2025-02-18 04:45:00,0.0,1729.248,1556.142
2025-02-18 05:00:00,0.0,1593.999,1627.05
2025-02-18 05:15:00,0.0,1593.999,1627.05
2025-02-18 05:30:00,0.0,1593.999,1627.05
2025-02-18 05:45:00,0.0,1593.999,1627.05
2025-02-18 06:00:00,0.0,1695.5,1574.57
2025-02-18 06:15:00,0.0,1695.5,1574.57
2025-02-18 06:30:00,0.0,1695.5,1574.57
2025-02-18 06:45:00,0.0,1695.5,1574.57
2025-02-18 07:00:00,987.405,1697.751,1276.552
2025-02-18 07:15:00,987.405,1697.751,1276.552
2025-02-18 07:30:00,987.405,1697.751,1276.552
2025-02-18 07:45:00,987.405,1697.751,1276.552
2025-02-18 08:00:00,4872.359,1711.0,1372.607
2025-02-18 08:15:00,4872.359,1711.0,1372.607
2025-02-18 08:30:00,4872.359,1711.0,1372.607
2025-02-18 08:45:00,4872.359,1711.0,1372.607
2025-02-18 09:00:00,9133.454,1713.0,1892.088
2025-02-18 09:15:00,9133.454,1713.0,1892.088
2025-02-18 09:30:00,9133.454,1713.0,1892.088
2025-02-18 09:45:00,9133.454,1713.0,1892.088
2025-02-18 10:00:00,11828.157,1498.25,2286.444
2025-02-18 10:15:00,11828.157,1498.25,2286.444
2025-02-18 10:30:00,11828.157,1498.25,2286.444
2025-02-18 10:45:00,11828.157,1498.25,2286.444
2025-02-18 11:00:00,13566.931,1420.0,2647.499
2025-02-18 11:15:00,13566.931,1420.0,2647.499
2025-02-18 11:30:00,13566.931,1420.0,2647.499
2025-02-18 11:45:00,13566.931,1420.0,2647.499
2025-02-18 12:00:00,13785.079,1681.25,2987.262
2025-02-18 12:15:00,13785.079,1681.25,2987.262
2025-02-18 12:30:00,13785.079,1681.25,2987.262
2025-02-18 12:45:00,13785.079,1681.25,2987.262
2025-02-18 13:00:00,12236.749,2057.749,3586.019
2025-02-18 13:15:00,12236.749,2057.749,3586.019
2025-02-18 13:30:00,12236.749,2057.749,3586.019
2025-02-18 13:45:00,12236.749,2057.749,3586.019
2025-02-18 14:00:00,9728.188,2187.499,3994.867
2025-02-18 14:15:00,9728.188,2187.499,3994.867
2025-02-18 14:30:00,9728.188,2187.499,3994.867
2025-02-18 14:45:00,9728.188,2187.499,3994.867
2025-02-18 15:00:00,5200.748,2515.5,4051.716
2025-02-18 15:15:00,5200.748,2515.5,4051.716
2025-02-18 15:30:00,5200.748,2515.5,4051.716
2025-02-18 15:45:00,5200.748,2515.5,4051.716
2025-02-18 16:00:00,1295.02,3148.25,3606.388
2025-02-18 16:15:00,1295.02,3148.25,3606.388
2025-02-18 16:30:00,1295.02,3148.25,3606.388
2025-02-18 16:45:00,1295.02,3148.25,3606.388
2025-02-18 17:00:00,0.0,3671.25,2924.54
2025-02-18 17:15:00,0.0,3671.25,2924.54
2025-02-18 17:30:00,0.0,3671.25,2924.54
2025-02-18 17:45:00,0.0,3671.25,2924.54
2025-02-18 18:00:00,0.0,3948.75,2749.719
2025-02-18 18:15:00,0.0,3948.75,2749.719
2025-02-18 18:30:00,0.0,3948.75,2749.719
2025-02-18 18:45:00,0.0,3948.75,2749.719
2025-02-18 19:00:00,0.0,3901.501,2974.631
2025-02-18 19:15:00,0.0,3901.501,2974.631
2025-02-18 19:30:00,0.0,3901.501,2974.631
2025-02-18 19:45:00,0.0,3901.501,2974.631
2025-02-18 20:00:00,0.0,3976.5,3084.258
2025-02-18 20:15:00,0.0,3976.5,3084.258
2025-02-18 20:30:00,0.0,3976.5,3084.258
2025-02-18 20:45:00,0.0,3976.5,3084.258
2025-02-18 21:00:00,0.0,3858.249,2995.005
2025-02-18 21:15:00,0.0,3858.249,2995.005
2025-02-18 21:30:00,0.0,3858.249,2995.005
2025-02-18 21:45:00,0.0,3858.249,2995.005
2025-02-18 22:00:00,0.0,3735.25,2989.017
2025-02-18 22:15:00,0.0,3735.25,2989.017
2025-02-18 22:30:00,0.0,3735.25,2989.017
2025-02-18 22:45:00,0.0,3735.25,2989.017
2025-02-18 23:00:00,0.0,3612.0,3109.31
2025-02-18 23:15:00,0.0,3612.0,3109.31
2025-02-18 23:30:00,0.0,3612.0,3109.31
2025-02-18 23:45:00,0.0,3612.0,3109.31
2025-02-19 00:00:00,0.0,3661.5,3059.691
2025-02-19 00:15:00,0.0,3661.5,3059.691
2025-02-19 00:30:00,0.0,3661.5,3059.691
2025-02-19 00:45:00,0.0,3661.5,3059.691
2025-02-19 01:00:00,0.0,3620.5,3266.008
2025-02-19 01:15:00,0.0,3620.5,3266.008
2025-02-19 01:30:00,0.0,3620.5,3266.008
2025-02-19 01:45:00,0.0,3620.5,3266.008
2025-02-19 02:00:00,0.0,3536.75,3426.743
2025-02-19 02:15:00,0.0,3536.75,3426.743
2025-02-19 02:30:00,0.0,3536.75,3426.743
2025-02-19 02:45:00,0.0,3536.75,3426.743
2025-02-19 03:00:00,0.0,3428.75,3422.378
2025-02-19 03:15:00,0.0,3428.75,3422.378
2025-02-19 03:30:00,0.0,3428.75,3422.378
2025-02-19 03:45:00,0.0,3428.75,3422.378
2025-02-19 04:00:00,0.0,3431.0,3508.078
2025-02-19 04:15:00,0.0,3431.0,3508.078
2025-02-19 04:30:00,0.0,3431.0,3508.078
2025-02-19 04:45:00,0.0,3431.0,3508.078
2025-02-19 05:00:00,0.0,3459.501,3472.575
2025-02-19 05:15:00,0.0,3459.501,3472.575
2025-02-19 05:30:00,0.0,3459.501,3472.575
2025-02-19 05:45:00,0.0,3459.501,3472.575
2025-02-19 06:00:00,8.575,3430.501,3219.122
2025-02-19 06:15:00,8.575,3430.501,3219.122
2025-02-19 06:30:00,8.575,3430.501,3219.122
2025-02-19 06:45:00,8.575,3430.501,3219.122
2025-02-19 07:00:00,957.334,3485.75,3480.358
2025-02-19 07:15:00,957.334,3485.75,3480.358
2025-02-19 07:30:00,957.334,3485.75,3480.358
2025-02-19 07:45:00,957.334,3485.75,3480.358
2025-02-19 08:00:00,4112.277,3359.5,3902.824
2025-02-19 08:15:00,4112.277,3359.5,3902.824
2025-02-19 08:30:00,4112.277,3359.5,3902.824
2025-02-19 08:45:00,4112.277,3359.5,3902.824
2025-02-19 09:00:00,7222.472,3275.501,4423.498
2025-02-19 09:15:00,7222.472,3275.501,4423.498
2025-02-19 09:30:00,7222.472,3275.501,4423.498
2025-02-19 09:45:00,7222.472,3275.501,4423.498
2025-02-19 10:00:00,9893.72,2999.25,4640.747
2025-02-19 10:15:00,9893.72,2999.25,4640.747
2025-02-19 10:30:00,9893.72,2999.25,4640.747
2025-02-19 10:45:00,9893.72,2999.25,4640.747
2025-02-19 11:00:00,10713.937,2483.75,4631.151
2025-02-19 11:15:00,10713.937,2483.75,4631.151
2025-02-19 11:30:00,10713.937,2483.75,4631.151
2025-02-19 11:45:00,10713.937,2483.75,4631.151
2025-02-19 12:00:00,10975.663,2209.0,4463.297
2025-02-19 12:15:00,10975.663,2209.0,4463.297
2025-02-19 12:30:00,10975.663,2209.0,4463.297
2025-02-19 12:45:00,10975.663,2209.0,4463.297
2025-02-19 13:00:00,10925.721,2129.75,4328.234
2025-02-19 13:15:00,10925.721,2129.75,4328.234
2025-02-19 13:30:00,10925.721,2129.75,4328.234
2025-02-19 13:45:00,10925.721,2129.75,4328.234
2025-02-19 14:00:00,8031.593,2247.25,3771.18
2025-02-19 14:15:00,8031.593,2247.25,3771.18
2025-02-19 14:30:00,8031.593,2247.25,3771.18
2025-02-19 14:45:00,8031.593,2247.25,3771.18
2025-02-19 15:00:00,4095.701,2356.751,2822.026
2025-02-19 15:15:00,4095.701,2356.751,2822.026
2025-02-19 15:30:00,4095.701,2356.751,2822.026
2025-02-19 15:45:00,4095.701,2356.751,2822.026
2025-02-19 16:00:00,786.165,2701.501,2147.145
2025-02-19 16:15:00,786.165,2701.501,2147.145
2025-02-19 16:30:00,786.165,2701.501,2147.145
2025-02-19 16:45:00,786.165,2701.501,2147.145
2025-02-19 17:00:00,0.0,2629.751,1535.876
2025-02-19 17:15:00,0.0,2629.751,1535.876
2025-02-19 17:30:00,0.0,2629.751,1535.876
2025-02-19 17:45:00,0.0,2629.751,1535.876
2025-02-19 18:00:00,0.0,2582.5,1464.161
2025-02-19 18:15:00,0.0,2582.5,1464.161
2025-02-19 18:30:00,0.0,2582.5,1464.161
2025-02-19 18:45:00,0.0,2582.5,1464.161
2025-02-19 19:00:00,0.0,2443.0,1529.963
2025-02-19 19:15:00,0.0,2443.0,1529.963
2025-02-19 19:30:00,0.0,2443.0,1529.963
2025-02-19 19:45:00,0.0,2443.0,1529.963
2025-02-19 20:00:00,0.0,2335.0,1622.099
2025-02-19 20:15:00,0.0,2335.0,1622.099
2025-02-19 20:30:00,0.0,2335.0,1622.099
2025-02-19 20:45:00,0.0,2335.0,1622.099
2025-02-19 21:00:00,0.0,2543.75,1607.768
2025-02-19 21:15:00,0.0,2543.75,1607.768
2025-02-19 21:30:00,0.0,2543.75,1607.768
2025-02-19 21:45:00,0.0,2543.75,1607.768
2025-02-19 22:00:00,0.0,2220.5,1464.641
2025-02-19 22:15:00,0.0,2220.5,1464.641
2025-02-19 22:30:00,0.0,2220.5,1464.641
2025-02-19 22:45:00,0.0,2220.5,1464.641
2025-02-19 23:00:00,0.0,1742.0,1399.833
2025-02-19 23:15:00,0.0,1742.0,1399.833
2025-02-19 23:30:00,0.0,1742.0,1399.833
2025-02-19 23:45:00,0.0,1742.0,1399.833
2025-02-20 00:00:00,0.0,1643.75,1033.289
2025-02-20 00:15:00,0.0,1643.75,1033.289
2025-02-20 00:30:00,0.0,1643.75,1033.289
2025-02-20 00:45:00,0.0,1643.75,1033.289
2025-02-20 01:00:00,0.0,1698.5,996.713
2025-02-20 01:15:00,0.0,1698.5,996.713
2025-02-20 01:30:00,0.0,1698.5,996.713
2025-02-20 01:45:00,0.0,1698.5,996.713
2025-02-20 02:00:00,0.0,1632.501,1191.245
2025-02-20 02:15:00,0.0,1632.501,1191.245
2025-02-20 02:30:00,0.0,1632.501,1191.245
2025-02-20 02:45:00,0.0,1632.501,1191.245
2025-02-20 03:00:00,0.0,1748.25,1090.624
2025-02-20 03:15:00,0.0,1748.25,1090.624
2025-02-20 03:30:00,0.0,1748.25,1090.624
2025-02-20 03:45:00,0.0,1748.25,1090.624
2025-02-20 04:00:00,0.0,2018.5,1149.681
2025-02-20 04:15:00,0.0,2018.5,1149.681
2025-02-20 04:30:00,0.0,2018.5,1149.681
2025-02-20 04:45:00,0.0,2018.5,1149.681
2025-02-20 05:00:00,0.0,2085.749,1452.233
2025-02-20 05:15:00,0.0,2085.749,1452.233
2025-02-20 05:30:00,0.0,2085.749,1452.233
2025-02-20 05:45:00,0.0,2085.749,1452.233
2025-02-20 06:00:00,9.599,2353.0,1486.086
2025-02-20 06:15:00,9.599,2353.0,1486.086
2025-02-20 06:30:00,9.599,2353.0,1486.086
2025-02-20 06:45:00,9.599,2353.0,1486.086
2025-02-20 07:00:00,458.782,2614.749,1212.563
2025-02-20 07:15:00,458.782,2614.749,1212.563
2025-02-20 07:30:00,458.782,2614.749,1212.563
2025-02-20 07:45:00,458.782,2614.749,1212.563
2025-02-20 08:00:00,1888.164,2926.0,1394.346
2025-02-20 08:15:00,1888.164,2926.0,1394.346
2025-02-20 08:30:00,1888.164,2926.0,1394.346
2025-02-20 08:45:00,1888.164,2926.0,1394.346
2025-02-20 09:00:00,3796.003,3039.251,1715.322
2025-02-20 09:15:00,3796.003,3039.251,1715.322
2025-02-20 09:30:00,3796.003,3039.251,1715.322
2025-02-20 09:45:00,3796.003,3039.251,1715.322
2025-02-20 10:00:00,5849.424,3165.751,2060.576
2025-02-20 10:15:00,5849.424,3165.751,2060.576
2025-02-20 10:30:00,5849.424,3165.751,2060.576
2025-02-20 10:45:00,5849.424,3165.751,2060.576
2025-02-20 11:00:00,7146.621,3610.499,2434.535
2025-02-20 11:15:00,7146.621,3610.499,2434.535
2025-02-20 11:30:00,7146.621,3610.499,2434.535
2025-02-20 11:45:00,7146.621,3610.499,2434.535
2025-02-20 12:00:00,6235.551,4000.251,2636.579
2025-02-20 12:15:00,6235.551,4000.251,2636.579
2025-02-20 12:30:00,6235.551,4000.251,2636.579
2025-02-20 12:45:00,6235.551,4000.251,2636.579
2025-02-20 13:00:00,4589.772,4052.0,2708.005
2025-02-20 13:15:00,4589.772,4052.0,2708.005
2025-02-20 13:30:00,4589.772,4052.0,2708.005
2025-02-20 13:45:00,4589.772,4052.0,2708.005
2025-02-20 14:00:00,2961.593,4122.249,2589.669
2025-02-20 14:15:00,2961.593,4122.249,2589.669
2025-02-20 14:30:00,2961.593,4122.249,2589.669
2025-02-20 14:45:00,2961.593,4122.249,2589.669
2025-02-20 15:00:00,1433.344,4206.25,2716.91
2025-02-20 15:15:00,1433.344,4206.25,2716.91
2025-02-20 15:30:00,1433.344,4206.25,2716.91
2025-02-20 15:45:00,1433.344,4206.25,2716.91
2025-02-20 16:00:00,437.021,4318.25,2860.756
2025-02-20 16:15:00,437.021,4318.25,2860.756
2025-02-20 16:30:00,437.021,4318.25,2860.756
2025-02-20 16:45:00,437.021,4318.25,2860.756
2025-02-20 17:00:00,11.771,4182.5,2997.811
2025-02-20 17:15:00,11.771,4182.5,2997.811
2025-02-20 17:30:00,11.771,4182.5,2997.811
2025-02-20 17:45:00,11.771,4182.5,2997.811
2025-02-20 18:00:00,0.0,4215.0,3164.092
2025-02-20 18:15:00,0.0,4215.0,3164.092
2025-02-20 18:30:00,0.0,4215.0,3164.092
2025-02-20 18:45:00,0.0,4215.0,3164.092
2025-02-20 19:00:00,0.0,4327.249,3117.231
2025-02-20 19:15:00,0.0,4327.249,3117.231
2025-02-20 19:30:00,0.0,4327.249,3117.231
2025-02-20 19:45:00,0.0,4327.249,3117.231
2025-02-20 20:00:00,0.0,4242.75,2834.713
2025-02-20 20:15:00,0.0,4242.75,2834.713
2025-02-20 20:30:00,0.0,4242.75,2834.713
2025-02-20 20:45:00,0.0,4242.75,2834.713
2025-02-20 21:00:00,0.0,4075.248,3125.554
2025-02-20 21:15:00,0.0,4075.248,3125.554
2025-02-20 21:30:00,0.0,4075.248,3125.554
2025-02-20 21:45:00,0.0,4075.248,3125.554
2025-02-20 22:00:00,0.0,3925.25,3138.831
2025-02-20 22:15:00,0.0,3925.25,3138.831
2025-02-20 22:30:00,0.0,3925.25,3138.831
2025-02-20 22:45:00,0.0,3925.25,3138.831
2025-02-20 23:00:00,0.0,3730.749,3287.098
2025-02-20 23:15:00,0.0,3730.749,3287.098
2025-02-20 23:30:00,0.0,3730.749,3287.098
2025-02-20 23:45:00,0.0,3730.749,3287.098
2025-02-21 00:00:00,0.0,3650.0,3164.175
2025-02-21 00:15:00,0.0,3650.0,3164.175
2025-02-21 00:30:00,0.0,3650.0,3164.175
2025-02-21 00:45:00,0.0,3650.0,3164.175
2025-02-21 01:00:00,0.0,3492.001,2594.314
2025-02-21 01:15:00,0.0,3492.001,2594.314
2025-02-21 01:30:00,0.0,3492.001,2594.314
2025-02-21 01:45:00,0.0,3492.001,2594.314
2025-02-21 02:00:00,0.0,3540.5,1960.983
2025-02-21 02:15:00,0.0,3540.5,1960.983
2025-02-21 02:30:00,0.0,3540.5,1960.983
2025-02-21 02:45:00,0.0,3540.5,1960.983
2025-02-21 03:00:00,0.0,3602.25,1724.692
2025-02-21 03:15:00,0.0,3602.25,1724.692
2025-02-21 03:30:00,0.0,3602.25,1724.692
2025-02-21 03:45:00,0.0,3602.25,1724.692
2025-02-21 04:00:00,0.0,3683.499,1601.942
2025-02-21 04:15:00,0.0,3683.499,1601.942
2025-02-21 04:30:00,0.0,3683.499,1601.942
2025-02-21 04:45:00,0.0,3683.499,1601.942
2025-02-21 05:00:00,0.0,3878.749,1504.834
2025-02-21 05:15:00,0.0,3878.749,1504.834
2025-02-21 05:30:00,0.0,3878.749,1504.834
2025-02-21 05:45:00,0.0,3878.749,1504.834
2025-02-21 06:00:00,3.39,3906.749,1535.269
2025-02-21 06:15:00,3.39,3906.749,1535.269
2025-02-21 06:30:00,3.39,3906.749,1535.269
2025-02-21 06:45:00,3.39,3906.749,1535.269
2025-02-21 07:00:00,606.705,4018.25,1568.837
2025-02-21 07:15:00,606.705,4018.25,1568.837
2025-02-21 07:30:00,606.705,4018.25,1568.837
2025-02-21 07:45:00,606.705,4018.25,1568.837
2025-02-21 08:00:00,3087.943,4063.5,2136.894
2025-02-21 08:15:00,3087.943,4063.5,2136.894
2025-02-21 08:30:00,3087.943,4063.5,2136.894
2025-02-21 08:45:00,3087.943,4063.5,2136.894
2025-02-21 09:00:00,6684.766,4040.502,3016.998
2025-02-21 09:15:00,6684.766,4040.502,3016.998
2025-02-21 09:30:00,6684.766,4040.502,3016.998
2025-02-21 09:45:00,6684.766,4040.502,3016.998
2025-02-21 10:00:00,9512.942,4045.25,3649.35
2025-02-21 10:15:00,9512.942,4045.25,3649.35
2025-02-21 10:30:00,9512.942,4045.25,3649.35
2025-02-21 10:45:00,9512.942,4045.25,3649.35
2025-02-21 11:00:00,11540.533,4123.251,4222.798
2025-02-21 11:15:00,11540.533,4123.251,4222.798
2025-02-21 11:30:00,11540.533,4123.251,4222.798
2025-02-21 11:45:00,11540.533,4123.251,4222.798
2025-02-21 12:00:00,11461.558,3904.499,4803.959
2025-02-21 12:15:00,11461.558,3904.499,4803.959
2025-02-21 12:30:00,11461.558,3904.499,4803.959
2025-02-21 12:45:00,11461.558,3904.499,4803.959
2025-02-21 13:00:00,9318.265,4103.25,5068.657
2025-02-21 13:15:00,9318.265,4103.25,5068.657
2025-02-21 13:30:00,9318.265,4103.25,5068.657
2025-02-21 13:45:00,9318.265,4103.25,5068.657
2025-02-21 14:00:00,6384.792,4118.5,4528.69
2025-02-21 14:15:00,6384.792,4118.5,4528.69
2025-02-21 14:30:00,6384.792,4118.5,4528.69
2025-02-21 14:45:00,6384.792,4118.5,4528.69
2025-02-21 15:00:00,3149.134,4294.75,4072.507
2025-02-21 15:15:00,3149.134,4294.75,4072.507
2025-02-21 15:30:00,3149.134,4294.75,4072.507
2025-02-21 15:45:00,3149.134,4294.75,4072.507
2025-02-21 16:00:00,776.069,4225.0,3692.852
2025-02-21 16:15:00,776.069,4225.0,3692.852
2025-02-21 16:30:00,776.069,4225.0,3692.852
2025-02-21 16:45:00,776.069,4225.0,3692.852
2025-02-21 17:00:00,8.601,4334.75,3054.107
2025-02-21 17:15:00,8.601,4334.75,3054.107
2025-02-21 17:30:00,8.601,4334.75,3054.107
2025-02-21 17:45:00,8.601,4334.75,3054.107
2025-02-21 18:00:00,0.0,4244.75,2870.416
2025-02-21 18:15:00,0.0,4244.75,2870.416
2025-02-21 18:30:00,0.0,4244.75,2870.416
2025-02-21 18:45:00,0.0,4244.75,2870.416
2025-02-21 19:00:00,0.0,4192.0,3248.125
2025-02-21 19:15:00,0.0,4192.0,3248.125
2025-02-21 19:30:00,0.0,4192.0,3248.125
2025-02-21 19:45:00,0.0,4192.0,3248.125
2025-02-21 20:00:00,0.0,4166.502,3354.791
2025-02-21 20:15:00,0.0,4166.502,3354.791
2025-02-21 20:30:00,0.0,4166.502,3354.791
2025-02-21 20:45:00,0.0,4166.502,3354.791
2025-02-21 21:00:00,0.0,4086.751,2795.345
2025-02-21 21:15:00,0.0,4086.751,2795.345
2025-02-21 21:30:00,0.0,4086.751,2795.345
2025-02-21 21:45:00,0.0,4086.751,2795.345
2025-02-21 22:00:00,0.0,3803.0,2392.427
2025-02-21 22:15:00,0.0,3803.0,2392.427
2025-02-21 22:30:00,0.0,3803.0,2392.427
2025-02-21 22:45:00,0.0,3803.0,2392.427
2025-02-21 23:00:00,0.0,3606.25,1951.537
2025-02-21 23:15:00,0.0,3606.25,1951.537
2025-02-21 23:30:00,0.0,3606.25,1951.537
2025-02-21 23:45:00,0.0,3606.25,1951.537
2025-02-22 00:00:00,0.0,3495.0,1905.508
2025-02-22 00:15:00,0.0,3495.0,1905.508
2025-02-22 00:30:00,0.0,3495.0,1905.508
2025-02-22 00:45:00,0.0,3495.0,1905.508
2025-02-22 01:00:00,0.0,3589.749,1893.776
2025-02-22 01:15:00,0.0,3589.749,1893.776
2025-02-22 01:30:00,0.0,3589.749,1893.776
2025-02-22 01:45:00,0.0,3589.749,1893.776
2025-02-22 02:00:00,0.0,3907.249,1906.875
2025-02-22 02:15:00,0.0,3907.249,1906.875
2025-02-22 02:30:00,0.0,3907.249,1906.875
2025-02-22 02:45:00,0.0,3907.249,1906.875
2025-02-22 03:00:00,0.0,3852.75,2028.079
2025-02-22 03:15:00,0.0,3852.75,2028.079
2025-02-22 03:30:00,0.0,3852.75,2028.079
2025-02-22 03:45:00,0.0,3852.75,2028.079
2025-02-22 04:00:00,0.0,3833.75,2038.991
2025-02-22 04:15:00,0.0,3833.75,2038.991
2025-02-22 04:30:00,0.0,3833.75,2038.991
2025-02-22 04:45:00,0.0,3833.75,2038.991
2025-02-22 05:00:00,0.0,3989.25,2059.159
2025-02-22 05:15:00,0.0,3989.25,2059.159
2025-02-22 05:30:00,0.0,3989.25,2059.159
2025-02-22 05:45:00,0.0,3989.25,2059.159
2025-02-22 06:00:00,0.818,4046.25,2295.58
2025-02-22 06:15:00,0.818,4046.25,2295.58
2025-02-22 06:30:00,0.818,4046.25,2295.58
2025-02-22 06:45:00,0.818,4046.25,2295.58
2025-02-22 07:00:00,163.874,3797.5,2526.523
2025-02-22 07:15:00,163.874,3797.5,2526.523
2025-02-22 07:30:00,163.874,3797.5,2526.523
2025-02-22 07:45:00,163.874,3797.5,2526.523
2025-02-22 08:00:00,813.505,3684.0,2845.365
2025-02-22 08:15:00,813.505,3684.0,2845.365
2025-02-22 08:30:00,813.505,3684.0,2845.365
2025-02-22 08:45:00,813.505,3684.0,2845.365
2025-02-22 09:00:00,1648.589,3431.5,3029.938
2025-02-22 09:15:00,1648.589,3431.5,3029.938
2025-02-22 09:30:00,1648.589,3431.5,3029.938
2025-02-22 09:45:00,1648.589,3431.5,3029.938
2025-02-22 10:00:00,2374.229,3157.0,3033.887
2025-02-22 10:15:00,2374.229,3157.0,3033.887
2025-02-22 10:30:00,2374.229,3157.0,3033.887
2025-02-22 10:45:00,2374.229,3157.0,3033.887
2025-02-22 11:00:00,3509.999,2755.999,3024.972
2025-02-22 11:15:00,3509.999,2755.999,3024.972
2025-02-22 11:30:00,3509.999,2755.999,3024.972
2025-02-22 11:45:00,3509.999,2755.999,3024.972
2025-02-22 12:00:00,3647.659,2608.751,2959.932
2025-02-22 12:15:00,3647.659,2608.751,2959.932
2025-02-22 12:30:00,3647.659,2608.751,2959.932
2025-02-22 12:45:00,3647.659,2608.751,2959.932
2025-02-22 13:00:00,2918.186,2069.25,2892.092
2025-02-22 13:15:00,2918.186,2069.25,2892.092
2025-02-22 13:30:00,2918.186,2069.25,2892.092
2025-02-22 13:45:00,2918.186,2069.25,2892.092
2025-02-22 14:00:00,1955.828,1243.251,2628.762
2025-02-22 14:15:00,1955.828,1243.251,2628.762
2025-02-22 14:30:00,1955.828,1243.251,2628.762
2025-02-22 14:45:00,1955.828,1243.251,2628.762
2025-02-22 15:00:00,1275.52,1420.5,2401.082
2025-02-22 15:15:00,1275.52,1420.5,2401.082
2025-02-22 15:30:00,1275.52,1420.5,2401.082
2025-02-22 15:45:00,1275.52,1420.5,2401.082
2025-02-22 16:00:00,481.052,1335.75,1921.718
2025-02-22 16:15:00,481.052,1335.75,1921.718
2025-02-22 16:30:00,481.052,1335.75,1921.718
2025-02-22 16:45:00,481.052,1335.75,1921.718
2025-02-22 17:00:00,18.331,1385.75,1596.923
2025-02-22 17:15:00,18.331,1385.75,1596.923
2025-02-22 17:30:00,18.331,1385.75,1596.923
2025-02-22 17:45:00,18.331,1385.75,1596.923
2025-02-22 18:00:00,0.0,1609.5,1576.997
2025-02-22 18:15:00,0.0,1609.5,1576.997
2025-02-22 18:30:00,0.0,1609.5,1576.997
2025-02-22 18:45:00,0.0,1609.5,1576.997
2025-02-22 19:00:00,0.0,1836.749,1320.407
2025-02-22 19:15:00,0.0,1836.749,1320.407
2025-02-22 19:30:00,0.0,1836.749,1320.407
2025-02-22 19:45:00,0.0,1836.749,1320.407
2025-02-22 20:00:00,0.0,1791.999,1231.757
2025-02-22 20:15:00,0.0,1791.999,1231.757
2025-02-22 20:30:00,0.0,1791.999,1231.757
2025-02-22 20:45:00,0.0,1791.999,1231.757
2025-02-22 21:00:00,0.0,1929.252,1298.821
2025-02-22 21:15:00,0.0,1929.252,1298.821
2025-02-22 21:30:00,0.0,1929.252,1298.821
2025-02-22 21:45:00,0.0,1929.252,1298.821
2025-02-22 22:00:00,0.0,2061.5,1152.388
2025-02-22 22:15:00,0.0,2061.5,1152.388
2025-02-22 22:30:00,0.0,2061.5,1152.388
2025-02-22 22:45:00,0.0,2061.5,1152.388
2025-02-22 23:00:00,0.0,2056.5,1019.505
2025-02-22 23:15:00,0.0,2056.5,1019.505
2025-02-22 23:30:00,0.0,2056.5,1019.505
2025-02-22 23:45:00,0.0,2056.5,1019.505
2025-02-23 00:00:00,0.0,1992.0,1199.101
2025-02-23 00:15:00,0.0,1992.0,1199.101
2025-02-23 00:30:00,0.0,1992.0,1199.101
2025-02-23 00:45:00,0.0,1992.0,1199.101
2025-02-23 01:00:00,0.0,1966.5,1328.539
2025-02-23 01:15:00,0.0,1966.5,1328.539
2025-02-23 01:30:00,0.0,1966.5,1328.539
2025-02-23 01:45:00,0.0,1966.5,1328.539
2025-02-23 02:00:00,0.0,1817.751,1711.433
2025-02-23 02:15:00,0.0,1817.751,1711.433
2025-02-23 02:30:00,0.0,1817.751,1711.433
2025-02-23 02:45:00,0.0,1817.751,1711.433
2025-02-23 03:00:00,0.0,1420.999,1722.161
2025-02-23 03:15:00,0.0,1420.999,1722.161
2025-02-23 03:30:00,0.0,1420.999,1722.161
2025-02-23 03:45:00,0.0,1420.999,1722.161
2025-02-23 04:00:00,0.0,1278.75,1605.154
2025-02-23 04:15:00,0.0,1278.75,1605.154
2025-02-23 04:30:00,0.0,1278.75,1605.154
2025-02-23 04:45:00,0.0,1278.75,1605.154
2025-02-23 05:00:00,0.0,1365.999,1558.209
2025-02-23 05:15:00,0.0,1365.999,1558.209
2025-02-23 05:30:00,0.0,1365.999,1558.209
2025-02-23 05:45:00,0.0,1365.999,1558.209
2025-02-23 06:00:00,6.772,1477.0,2010.876
2025-02-23 06:15:00,6.772,1477.0,2010.876
2025-02-23 06:30:00,6.772,1477.0,2010.876
2025-02-23 06:45:00,6.772,1477.0,2010.876
2025-02-23 07:00:00,383.351,1867.0,1953.869
2025-02-23 07:15:00,383.351,1867.0,1953.869
2025-02-23 07:30:00,383.351,1867.0,1953.869
2025-02-23 07:45:00,383.351,1867.0,1953.869
2025-02-23 08:00:00,1857.901,2181.0,2346.916
2025-02-23 08:15:00,1857.901,2181.0,2346.916
2025-02-23 08:30:00,1857.901,2181.0,2346.916
2025-02-23 08:45:00,1857.901,2181.0,2346.916
2025-02-23 09:00:00,4341.52,2428.25,3000.272
2025-02-23 09:15:00,4341.52,2428.25,3000.272
2025-02-23 09:30:00,4341.52,2428.25,3000.272
2025-02-23 09:45:00,4341.52,2428.25,3000.272
2025-02-23 10:00:00,7879.192,2578.25,3655.427
2025-02-23 10:15:00,7879.192,2578.25,3655.427
2025-02-23 10:30:00,7879.192,2578.25,3655.427
2025-02-23 10:45:00,7879.192,2578.25,3655.427
2025-02-23 11:00:00,11803.202,2805.5,3825.22
2025-02-23 11:15:00,11803.202,2805.5,3825.22
2025-02-23 11:30:00,11803.202,2805.5,3825.22
2025-02-23 11:45:00,11803.202,2805.5,3825.22
2025-02-23 12:00:00,13183.086,3192.0,4339.949
2025-02-23 12:15:00,13183.086,3192.0,4339.949
2025-02-23 12:30:00,13183.086,3192.0,4339.949
2025-02-23 12:45:00,13183.086,3192.0,4339.949
2025-02-23 13:00:00,12149.817,3470.0,4717.605
2025-02-23 13:15:00,12149.817,3470.0,4717.605
2025-02-23 13:30:00,12149.817,3470.0,4717.605
2025-02-23 13:45:00,12149.817,3470.0,4717.605
2025-02-23 14:00:00,8911.091,3881.249,4816.001
2025-02-23 14:15:00,8911.091,3881.249,4816.001
2025-02-23 14:30:00,8911.091,3881.249,4816.001
2025-02-23 14:45:00,8911.091,3881.249,4816.001
2025-02-23 15:00:00,5095.879,4122.0,4266.255
2025-02-23 15:15:00,5095.879,4122.0,4266.255
2025-02-23 15:30:00,5095.879,4122.0,4266.255
2025-02-23 15:45:00,5095.879,4122.0,4266.255
2025-02-23 16:00:00,1440.871,4246.749,3332.644
2025-02-23 16:15:00,1440.871,4246.749,3332.644
2025-02-23 16:30:00,1440.871,4246.749,3332.644
2025-02-23 16:45:00,1440.871,4246.749,3332.644
2025-02-23 17:00:00,5.216,4322.25,2697.866
2025-02-23 17:15:00,5.216,4322.25,2697.866
2025-02-23 17:30:00,5.216,4322.25,2697.866
2025-02-23 17:45:00,5.216,4322.25,2697.866
2025-02-23 18:00:00,0.0,4360.251,2664.266
2025-02-23 18:15:00,0.0,4360.251,2664.266
2025-02-23 18:30:00,0.0,4360.251,2664.266
2025-02-23 18:45:00,0.0,4360.251,2664.266
2025-02-23 19:00:00,0.0,4335.0,3286.633
2025-02-23 19:15:00,0.0,4335.0,3286.633
2025-02-23 19:30:00,0.0,4335.0,3286.633
2025-02-23 19:45:00,0.0,4335.0,3286.633
2025-02-23 20:00:00,0.0,4299.751,4115.209
2025-02-23 20:15:00,0.0,4299.751,4115.209
2025-02-23 20:30:00,0.0,4299.751,4115.209
2025-02-23 20:45:00,0.0,4299.751,4115.209
2025-02-23 21:00:00,0.0,4186.0,4792.185
2025-02-23 21:15:00,0.0,4186.0,4792.185
2025-02-23 21:30:00,0.0,4186.0,4792.185
2025-02-23 21:45:00,0.0,4186.0,4792.185
2025-02-23 22:00:00,0.0,4116.75,5028.632
2025-02-23 22:15:00,0.0,4116.75,5028.632
2025-02-23 22:30:00,0.0,4116.75,5028.632
2025-02-23 22:45:00,0.0,4116.75,5028.632
2025-02-23 23:00:00,0.0,4031.001,5003.057
2025-02-23 23:15:00,0.0,4031.001,5003.057
2025-02-23 23:30:00,0.0,4031.001,5003.057
2025-02-23 23:45:00,0.0,4031.001,5003.057
2025-02-24 00:00:00,0.0,4054.001,5069.03
2025-02-24 00:15:00,0.0,4054.001,5069.03
2025-02-24 00:30:00,0.0,4054.001,5069.03
2025-02-24 00:45:00,0.0,4054.001,5069.03
2025-02-24 01:00:00,0.0,4073.25,5236.233
2025-02-24 01:15:00,0.0,4073.25,5236.233
2025-02-24 01:30:00,0.0,4073.25,5236.233
2025-02-24 01:45:00,0.0,4073.25,5236.233
2025-02-24 02:00:00,0.0,4020.749,5225.973
2025-02-24 02:15:00,0.0,4020.749,5225.973
2025-02-24 02:30:00,0.0,4020.749,5225.973
2025-02-24 02:45:00,0.0,4020.749,5225.973
2025-02-24 03:00:00,0.0,4019.501,5302.253
2025-02-24 03:15:00,0.0,4019.501,5302.253
2025-02-24 03:30:00,0.0,4019.501,5302.253
2025-02-24 03:45:00,0.0,4019.501,5302.253
2025-02-24 04:00:00,0.0,4027.0,5303.347
2025-02-24 04:15:00,0.0,4027.0,5303.347
2025-02-24 04:30:00,0.0,4027.0,5303.347
2025-02-24 04:45:00,0.0,4027.0,5303.347
2025-02-24 05:00:00,0.0,4193.5,5182.69
2025-02-24 05:15:00,0.0,4193.5,5182.69
2025-02-24 05:30:00,0.0,4193.5,5182.69
2025-02-24 05:45:00,0.0,4193.5,5182.69
2025-02-24 06:00:00,3.005,4295.75,5204.474
2025-02-24 06:15:00,3.005,4295.75,5204.474
2025-02-24 06:30:00,3.005,4295.75,5204.474
2025-02-24 06:45:00,3.005,4295.75,5204.474
2025-02-24 07:00:00,227.586,4408.75,5391.823
2025-02-24 07:15:00,227.586,4408.75,5391.823
2025-02-24 07:30:00,227.586,4408.75,5391.823
2025-02-24 07:45:00,227.586,4408.75,5391.823
2025-02-24 08:00:00,1003.066,4376.501,5592.81
2025-02-24 08:15:00,1003.066,4376.501,5592.81
2025-02-24 08:30:00,1003.066,4376.501,5592.81
2025-02-24 08:45:00,1003.066,4376.501,5592.81
2025-02-24 09:00:00,2223.22,4136.001,5799.767
2025-02-24 09:15:00,2223.22,4136.001,5799.767
2025-02-24 09:30:00,2223.22,4136.001,5799.767
2025-02-24 09:45:00,2223.22,4136.001,5799.767
2025-02-24 10:00:00,3258.024,4305.999,5972.853
2025-02-24 10:15:00,3258.024,4305.999,5972.853
2025-02-24 10:30:00,3258.024,4305.999,5972.853
2025-02-24 10:45:00,3258.024,4305.999,5972.853
2025-02-24 11:00:00,3049.62,4384.25,6114.916
2025-02-24 11:15:00,3049.62,4384.25,6114.916
2025-02-24 11:30:00,3049.62,4384.25,6114.916
2025-02-24 11:45:00,3049.62,4384.25,6114.916
2025-02-24 12:00:00,2705.921,4284.0,6036.177
2025-02-24 12:15:00,2705.921,4284.0,6036.177
2025-02-24 12:30:00,2705.921,4284.0,6036.177
2025-02-24 12:45:00,2705.921,4284.0,6036.177
2025-02-24 13:00:00,1919.575,4064.25,5930.728
2025-02-24 13:15:00,1919.575,4064.25,5930.728
2025-02-24 13:30:00,1919.575,4064.25,5930.728
2025-02-24 13:45:00,1919.575,4064.25,5930.728
2025-02-24 14:00:00,1862.657,4014.749,5848.557
2025-02-24 14:15:00,1862.657,4014.749,5848.557
2025-02-24 14:30:00,1862.657,4014.749,5848.557
2025-02-24 14:45:00,1862.657,4014.749,5848.557
2025-02-24 15:00:00,1498.294,3918.501,5659.755
2025-02-24 15:15:00,1498.294,3918.501,5659.755
2025-02-24 15:30:00,1498.294,3918.501,5659.755
2025-02-24 15:45:00,1498.294,3918.501,5659.755
2025-02-24 16:00:00,700.161,4125.0,5095.561
2025-02-24 16:15:00,700.161,4125.0,5095.561
2025-02-24 16:30:00,700.161,4125.0,5095.561
2025-02-24 16:45:00,700.161,4125.0,5095.561
2025-02-24 17:00:00,30.689,4189.001,4243.518
2025-02-24 17:15:00,30.689,4189.001,4243.518
2025-02-24 17:30:00,30.689,4189.001,4243.518
2025-02-24 17:45:00,30.689,4189.001,4243.518
2025-02-24 18:00:00,0.0,4214.999,3776.257
2025-02-24 18:15:00,0.0,4214.999,3776.257
2025-02-24 18:30:00,0.0,4214.999,3776.257
2025-02-24 18:45:00,0.0,4214.999,3776.257
2025-02-24 19:00:00,0.0,4223.0,3595.018
2025-02-24 19:15:00,0.0,4223.0,3595.018
2025-02-24 19:30:00,0.0,4223.0,3595.018
2025-02-24 19:45:00,0.0,4223.0,3595.018
2025-02-24 20:00:00,0.0,4127.749,3333.939
2025-02-24 20:15:00,0.0,4127.749,3333.939
2025-02-24 20:30:00,0.0,4127.749,3333.939
2025-02-24 20:45:00,0.0,4127.749,3333.939
2025-02-24 21:00:00,0.0,3577.251,3205.643
2025-02-24 21:15:00,0.0,3577.251,3205.643
2025-02-24 21:30:00,0.0,3577.251,3205.643
2025-02-24 21:45:00,0.0,3577.251,3205.643
2025-02-24 22:00:00,0.0,3017.251,2972.276
2025-02-24 22:15:00,0.0,3017.251,2972.276
2025-02-24 22:30:00,0.0,3017.251,2972.276
2025-02-24 22:45:00,0.0,3017.251,2972.276
2025-02-24 23:00:00,0.0,2834.5,2578.613
2025-02-24 23:15:00,0.0,2834.5,2578.613
2025-02-24 23:30:00,0.0,2834.5,2578.613
2025-02-24 23:45:00,0.0,2834.5,2578.613
2025-02-25 00:00:00,0.0,2737.998,2082.959
2025-02-25 00:15:00,0.0,2737.998,2082.959
2025-02-25 00:30:00,0.0,2737.998,2082.959
2025-02-25 00:45:00,0.0,2737.998,2082.959
2025-02-25 01:00:00,0.0,2421.75,1871.81
2025-02-25 01:15:00,0.0,2421.75,1871.81
2025-02-25 01:30:00,0.0,2421.75,1871.81
2025-02-25 01:45:00,0.0,2421.75,1871.81
2025-02-25 02:00:00,0.0,2259.252,1536.918
2025-02-25 02:15:00,0.0,2259.252,1536.918
2025-02-25 02:30:00,0.0,2259.252,1536.918
2025-02-25 02:45:00,0.0,2259.252,1536.918
2025-02-25 03:00:00,0.0,1671.5,1410.024
2025-02-25 03:15:00,0.0,1671.5,1410.024
2025-02-25 03:30:00,0.0,1671.5,1410.024
2025-02-25 03:45:00,0.0,1671.5,1410.024
2025-02-25 04:00:00,0.0,1304.0,1134.671
2025-02-25 04:15:00,0.0,1304.0,1134.671
2025-02-25 04:30:00,0.0,1304.0,1134.671
2025-02-25 04:45:00,0.0,1304.0,1134.671
2025-02-25 05:00:00,0.0,1194.0,849.712
2025-02-25 05:15:00,0.0,1194.0,849.712
2025-02-25 05:30:00,0.0,1194.0,849.712
2025-02-25 05:45:00,0.0,1194.0,849.712
2025-02-25 06:00:00,21.113,1235.001,892.147
2025-02-25 06:15:00,21.113,1235.001,892.147
2025-02-25 06:30:00,21.113,1235.001,892.147
2025-02-25 06:45:00,21.113,1235.001,892.147
2025-02-25 07:00:00,865.799,1107.999,1021.388
2025-02-25 07:15:00,865.799,1107.999,1021.388
2025-02-25 07:30:00,865.799,1107.999,1021.388
2025-02-25 07:45:00,865.799,1107.999,1021.388
2025-02-25 08:00:00,2894.512,1110.75,1176.266
2025-02-25 08:15:00,2894.512,1110.75,1176.266
2025-02-25 08:30:00,2894.512,1110.75,1176.266
2025-02-25 08:45:00,2894.512,1110.75,1176.266
2025-02-25 09:00:00,5413.299,904.75,1268.284
2025-02-25 09:15:00,5413.299,904.75,1268.284
2025-02-25 09:30:00,5413.299,904.75,1268.284
2025-02-25 09:45:00,5413.299,904.75,1268.284
2025-02-25 10:00:00,6820.342,665.75,1223.595
2025-02-25 10:15:00,6820.342,665.75,1223.595
2025-02-25 10:30:00,6820.342,665.75,1223.595
2025-02-25 10:45:00,6820.342,665.75,1223.595
2025-02-25 11:00:00,6974.739,448.749,1132.149
2025-02-25 11:15:00,6974.739,448.749,1132.149
2025-02-25 11:30:00,6974.739,448.749,1132.149
2025-02-25 11:45:00,6974.739,448.749,1132.149
2025-02-25 12:00:00,7303.199,267.751,1011.303
2025-02-25 12:15:00,7303.199,267.751,1011.303
2025-02-25 12:30:00,7303.199,267.751,1011.303
2025-02-25 12:45:00,7303.199,267.751,1011.303
2025-02-25 13:00:00,6702.308,173.75,608.841
2025-02-25 13:15:00,6702.308,173.75,608.841
2025-02-25 13:30:00,6702.308,173.75,608.841
2025-02-25 13:45:00,6702.308,173.75,608.841
2025-02-25 14:00:00,5177.077,219.75,287.984
2025-02-25 14:15:00,5177.077,219.75,287.984
2025-02-25 14:30:00,5177.077,219.75,287.984
2025-02-25 14:45:00,5177.077,219.75,287.984
2025-02-25 15:00:00,2809.861,186.75,188.371
2025-02-25 15:15:00,2809.861,186.75,188.371
2025-02-25 15:30:00,2809.861,186.75,188.371
2025-02-25 15:45:00,2809.861,186.75,188.371
2025-02-25 16:00:00,786.349,168.25,207.803
2025-02-25 16:15:00,786.349,168.25,207.803
2025-02-25 16:30:00,786.349,168.25,207.803
2025-02-25 16:45:00,786.349,168.25,207.803
2025-02-25 17:00:00,23.898,213.749,161.501
2025-02-25 17:15:00,23.898,213.749,161.501
2025-02-25 17:30:00,23.898,213.749,161.501
2025-02-25 17:45:00,23.898,213.749,161.501
2025-02-25 18:00:00,0.0,296.25,142.397
2025-02-25 18:15:00,0.0,296.25,142.397
2025-02-25 18:30:00,0.0,296.25,142.397
2025-02-25 18:45:00,0.0,296.25,142.397
2025-02-25 19:00:00,0.0,301.248,213.579
2025-02-25 19:15:00,0.0,301.248,213.579
2025-02-25 19:30:00,0.0,301.248,213.579
2025-02-25 19:45:00,0.0,301.248,213.579
2025-02-25 20:00:00,0.0,228.25,405.104
2025-02-25 20:15:00,0.0,228.25,405.104
2025-02-25 20:30:00,0.0,228.25,405.104
2025-02-25 20:45:00,0.0,228.25,405.104
2025-02-25 21:00:00,0.0,104.0,344.506
2025-02-25 21:15:00,0.0,104.0,344.506
2025-02-25 21:30:00,0.0,104.0,344.506
2025-02-25 21:45:00,0.0,104.0,344.506
2025-02-25 22:00:00,0.0,11.0,334.116
2025-02-25 22:15:00,0.0,11.0,334.116
2025-02-25 22:30:00,0.0,11.0,334.116
2025-02-25 22:45:00,0.0,11.0,334.116
2025-02-25 23:00:00,0.0,65.499,316.82
2025-02-25 23:15:00,0.0,65.499,316.82
2025-02-25 23:30:00,0.0,65.499,316.82
2025-02-25 23:45:00,0.0,65.499,316.82
2025-02-26 00:00:00,0.0,155.5,275.683
2025-02-26 00:15:00,0.0,155.5,275.683
2025-02-26 00:30:00,0.0,155.5,275.683
2025-02-26 00:45:00,0.0,155.5,275.683
2025-02-26 01:00:00,0.0,396.001,307.919
2025-02-26 01:15:00,0.0,396.001,307.919
2025-02-26 01:30:00,0.0,396.001,307.919
2025-02-26 01:45:00,0.0,396.001,307.919
2025-02-26 02:00:00,0.0,745.75,275.265
2025-02-26 02:15:00,0.0,745.75,275.265
2025-02-26 02:30:00,0.0,745.75,275.265
2025-02-26 02:45:00,0.0,745.75,275.265
2025-02-26 03:00:00,0.0,803.25,173.463
2025-02-26 03:15:00,0.0,803.25,173.463
2025-02-26 03:30:00,0.0,803.25,173.463
2025-02-26 03:45:00,0.0,803.25,173.463
2025-02-26 04:00:00,0.0,436.25,161.001
2025-02-26 04:15:00,0.0,436.25,161.001
2025-02-26 04:30:00,0.0,436.25,161.001
2025-02-26 04:45:00,0.0,436.25,161.001
2025-02-26 05:00:00,0.0,380.5,179.987
2025-02-26 05:15:00,0.0,380.5,179.987
2025-02-26 05:30:00,0.0,380.5,179.987
2025-02-26 05:45:00,0.0,380.5,179.987
2025-02-26 06:00:00,12.672,224.25,215.394
2025-02-26 06:15:00,12.672,224.25,215.394
2025-02-26 06:30:00,12.672,224.25,215.394
2025-02-26 06:45:00,12.672,224.25,215.394
2025-02-26 07:00:00,945.29,244.251,139.829
2025-02-26 07:15:00,945.29,244.251,139.829
2025-02-26 07:30:00,945.29,244.251,139.829
2025-02-26 07:45:00,945.29,244.251,139.829
2025-02-26 08:00:00,4436.775,510.751,249.291
2025-02-26 08:15:00,4436.775,510.751,249.291
2025-02-26 08:30:00,4436.775,510.751,249.291
2025-02-26 08:45:00,4436.775,510.751,249.291
2025-02-26 09:00:00,8323.574,581.5,556.467
2025-02-26 09:15:00,8323.574,581.5,556.467
2025-02-26 09:30:00,8323.574,581.5,556.467
2025-02-26 09:45:00,8323.574,581.5,556.467
2025-02-26 10:00:00,12044.113,1010.5,1123.701
2025-02-26 10:15:00,12044.113,1010.5,1123.701
2025-02-26 10:30:00,12044.113,1010.5,1123.701
2025-02-26 10:45:00,12044.113,1010.5,1123.701
2025-02-26 11:00:00,13796.786,1777.0,1720.481
2025-02-26 11:15:00,13796.786,1777.0,1720.481
2025-02-26 11:30:00,13796.786,1777.0,1720.481
2025-02-26 11:45:00,13796.786,1777.0,1720.481
2025-02-26 12:00:00,12614.657,2292.999,2505.243
2025-02-26 12:15:00,12614.657,2292.999,2505.243
2025-02-26 12:30:00,12614.657,2292.999,2505.243
2025-02-26 12:45:00,12614.657,2292.999,2505.243
2025-02-26 13:00:00,10560.257,2547.001,2915.23
2025-02-26 13:15:00,10560.257,2547.001,2915.23
2025-02-26 13:30:00,10560.257,2547.001,2915.23
2025-02-26 13:45:00,10560.257,2547.001,2915.23
2025-02-26 14:00:00,8320.342,2982.75,3068.487
2025-02-26 14:15:00,8320.342,2982.75,3068.487
2025-02-26 14:30:00,8320.342,2982.75,3068.487
2025-02-26 14:45:00,8320.342,2982.75,3068.487
2025-02-26 15:00:00,3962.641,3212.25,2985.628
2025-02-26 15:15:00,3962.641,3212.25,2985.628
2025-02-26 15:30:00,3962.641,3212.25,2985.628
2025-02-26 15:45:00,3962.641,3212.25,2985.628
2025-02-26 16:00:00,853.244,3776.75,2281.116
2025-02-26 16:15:00,853.244,3776.75,2281.116
2025-02-26 16:30:00,853.244,3776.75,2281.116
2025-02-26 16:45:00,853.244,3776.75,2281.116
2025-02-26 17:00:00,10.681,3553.251,1903.361
2025-02-26 17:15:00,10.681,3553.251,1903.361
2025-02-26 17:30:00,10.681,3553.251,1903.361
2025-02-26 17:45:00,10.681,3553.251,1903.361
2025-02-26 18:00:00,0.0,3273.25,2391.992
2025-02-26 18:15:00,0.0,3273.25,2391.992
2025-02-26 18:30:00,0.0,3273.25,2391.992
2025-02-26 18:45:00,0.0,3273.25,2391.992
2025-02-26 19:00:00,0.0,3650.25,3062.205
2025-02-26 19:15:00,0.0,3650.25,3062.205
2025-02-26 19:30:00,0.0,3650.25,3062.205
2025-02-26 19:45:00,0.0,3650.25,3062.205
2025-02-26 20:00:00,0.0,2963.001,3323.801
2025-02-26 20:15:00,0.0,2963.001,3323.801
2025-02-26 20:30:00,0.0,2963.001,3323.801
2025-02-26 20:45:00,0.0,2963.001,3323.801
2025-02-26 21:00:00,0.0,2463.999,3556.523
2025-02-26 21:15:00,0.0,2463.999,3556.523
2025-02-26 21:30:00,0.0,2463.999,3556.523
2025-02-26 21:45:00,0.0,2463.999,3556.523
2025-02-26 22:00:00,0.0,1798.999,3673.824
2025-02-26 22:15:00,0.0,1798.999,3673.824
2025-02-26 22:30:00,0.0,1798.999,3673.824
2025-02-26 22:45:00,0.0,1798.999,3673.824
2025-02-26 23:00:00,0.0,1994.5,3127.115
2025-02-26 23:15:00,0.0,1994.5,3127.115
2025-02-26 23:30:00,0.0,1994.5,3127.115
2025-02-26 23:45:00,0.0,1994.5,3127.115
2025-02-27 00:00:00,0.0,1884.0,2395.675
2025-02-27 00:15:00,0.0,1884.0,2395.675
2025-02-27 00:30:00,0.0,1884.0,2395.675
2025-02-27 00:45:00,0.0,1884.0,2395.675
2025-02-27 01:00:00,0.0,1759.75,1788.001
2025-02-27 01:15:00,0.0,1759.75,1788.001
2025-02-27 01:30:00,0.0,1759.75,1788.001
2025-02-27 01:45:00,0.0,1759.75,1788.001
2025-02-27 02:00:00,0.0,1701.001,1488.213
2025-02-27 02:15:00,0.0,1701.001,1488.213
2025-02-27 02:30:00,0.0,1701.001,1488.213
2025-02-27 02:45:00,0.0,1701.001,1488.213
2025-02-27 03:00:00,0.0,1288.749,1470.993
2025-02-27 03:15:00,0.0,1288.749,1470.993
2025-02-27 03:30:00,0.0,1288.749,1470.993
2025-02-27 03:45:00,0.0,1288.749,1470.993
2025-02-27 04:00:00,0.0,1039.25,1267.584
2025-02-27 04:15:00,0.0,1039.25,1267.584
2025-02-27 04:30:00,0.0,1039.25,1267.584
2025-02-27 04:45:00,0.0,1039.25,1267.584
2025-02-27 05:00:00,0.0,1070.749,1275.538
2025-02-27 05:15:00,0.0,1070.749,1275.538
2025-02-27 05:30:00,0.0,1070.749,1275.538
2025-02-27 05:45:00,0.0,1070.749,1275.538
2025-02-27 06:00:00,20.492,829.752,1173.829
2025-02-27 06:15:00,20.492,829.752,1173.829
2025-02-27 06:30:00,20.492,829.752,1173.829
2025-02-27 06:45:00,20.492,829.752,1173.829
2025-02-27 07:00:00,822.268,798.501,890.698
2025-02-27 07:15:00,822.268,798.501,890.698
2025-02-27 07:30:00,822.268,798.501,890.698
2025-02-27 07:45:00,822.268,798.501,890.698
2025-02-27 08:00:00,2956.998,887.249,876.476
2025-02-27 08:15:00,2956.998,887.249,876.476
2025-02-27 08:30:00,2956.998,887.249,876.476
2025-02-27 08:45:00,2956.998,887.249,876.476
2025-02-27 09:00:00,5013.158,1114.251,1294.826
2025-02-27 09:15:00,5013.158,1114.251,1294.826
2025-02-27 09:30:00,5013.158,1114.251,1294.826
2025-02-27 09:45:00,5013.158,1114.251,1294.826
2025-02-27 10:00:00,6913.375,1224.25,2173.848
2025-02-27 10:15:00,6913.375,1224.25,2173.848
2025-02-27 10:30:00,6913.375,1224.25,2173.848
2025-02-27 10:45:00,6913.375,1224.25,2173.848
2025-02-27 11:00:00,7765.291,1011.249,2704.125
2025-02-27 11:15:00,7765.291,1011.249,2704.125
2025-02-27 11:30:00,7765.291,1011.249,2704.125
2025-02-27 11:45:00,7765.291,1011.249,2704.125
2025-02-27 12:00:00,7271.353,1408.75,2522.082
2025-02-27 12:15:00,7271.353,1408.75,2522.082
2025-02-27 12:30:00,7271.353,1408.75,2522.082
2025-02-27 12:45:00,7271.353,1408.75,2522.082
2025-02-27 13:00:00,7663.847,1752.499,2187.394
2025-02-27 13:15:00,7663.847,1752.499,2187.394
2025-02-27 13:30:00,7663.847,1752.499,2187.394
2025-02-27 13:45:00,7663.847,1752.499,2187.394
2025-02-27 14:00:00,5757.183,1851.0,2225.774
2025-02-27 14:15:00,5757.183,1851.0,2225.774
2025-02-27 14:30:00,5757.183,1851.0,2225.774
2025-02-27 14:45:00,5757.183,1851.0,2225.774
2025-02-27 15:00:00,2704.443,2226.499,1738.027
2025-02-27 15:15:00,2704.443,2226.499,1738.027
2025-02-27 15:30:00,2704.443,2226.499,1738.027
2025-02-27 15:45:00,2704.443,2226.499,1738.027
2025-02-27 16:00:00,958.047,2576.5,1246.007
2025-02-27 16:15:00,958.047,2576.5,1246.007
2025-02-27 16:30:00,958.047,2576.5,1246.007
2025-02-27 16:45:00,958.047,2576.5,1246.007
2025-02-27 17:00:00,100.226,3047.75,1170.565
2025-02-27 17:15:00,100.226,3047.75,1170.565
2025-02-27 17:30:00,100.226,3047.75,1170.565
2025-02-27 17:45:00,100.226,3047.75,1170.565
2025-02-27 18:00:00,0.0,3013.75,1237.667
2025-02-27 18:15:00,0.0,3013.75,1237.667
2025-02-27 18:30:00,0.0,3013.75,1237.667
2025-02-27 18:45:00,0.0,3013.75,1237.667
2025-02-27 19:00:00,0.0,3499.751,1431.182
2025-02-27 19:15:00,0.0,3499.751,1431.182
2025-02-27 19:30:00,0.0,3499.751,1431.182
2025-02-27 19:45:00,0.0,3499.751,1431.182
2025-02-27 20:00:00,0.0,3773.0,1510.655
2025-02-27 20:15:00,0.0,3773.0,1510.655
2025-02-27 20:30:00,0.0,3773.0,1510.655
2025-02-27 20:45:00,0.0,3773.0,1510.655
2025-02-27 21:00:00,0.0,3758.75,1751.975
2025-02-27 21:15:00,0.0,3758.75,1751.975
2025-02-27 21:30:00,0.0,3758.75,1751.975
2025-02-27 21:45:00,0.0,3758.75,1751.975
2025-02-27 22:00:00,0.0,3672.75,1946.331
2025-02-27 22:15:00,0.0,3672.75,1946.331
2025-02-27 22:30:00,0.0,3672.75,1946.331
2025-02-27 22:45:00,0.0,3672.75,1946.331
2025-02-27 23:00:00,0.0,3652.75,1601.33
2025-02-27 23:15:00,0.0,3652.75,1601.33
2025-02-27 23:30:00,0.0,3652.75,1601.33
2025-02-27 23:45:00,0.0,3652.75,1601.33
2025-02-28 00:00:00,0.0,3363.25,1775.621
2025-02-28 00:15:00,0.0,3363.25,1775.621
2025-02-28 00:30:00,0.0,3363.25,1775.621
2025-02-28 00:45:00,0.0,3363.25,1775.621
2025-02-28 01:00:00,0.0,2934.501,1960.481
2025-02-28 01:15:00,0.0,2934.501,1960.481
2025-02-28 01:30:00,0.0,2934.501,1960.481
2025-02-28 01:45:00,0.0,2934.501,1960.481
2025-02-28 02:00:00,0.0,2366.749,1984.752
2025-02-28 02:15:00,0.0,2366.749,1984.752
2025-02-28 02:30:00,0.0,2366.749,1984.752
2025-02-28 02:45:00,0.0,2366.749,1984.752
2025-02-28 03:00:00,0.0,1516.75,1943.081
2025-02-28 03:15:00,0.0,1516.75,1943.081
2025-02-28 03:30:00,0.0,1516.75,1943.081
2025-02-28 03:45:00,0.0,1516.75,1943.081
2025-02-28 04:00:00,0.0,1280.999,1776.902
2025-02-28 04:15:00,0.0,1280.999,1776.902
2025-02-28 04:30:00,0.0,1280.999,1776.902
2025-02-28 04:45:00,0.0,1280.999,1776.902
2025-02-28 05:00:00,0.0,1455.0,1039.511
2025-02-28 05:15:00,0.0,1455.0,1039.511
2025-02-28 05:30:00,0.0,1455.0,1039.511
2025-02-28 05:45:00,0.0,1455.0,1039.511
2025-02-28 06:00:00,26.979,1459.999,819.545
2025-02-28 06:15:00,26.979,1459.999,819.545
2025-02-28 06:30:00,26.979,1459.999,819.545
2025-02-28 06:45:00,26.979,1459.999,819.545
2025-02-28 07:00:00,855.322,1487.001,1127.597
2025-02-28 07:15:00,855.322,1487.001,1127.597
2025-02-28 07:30:00,855.322,1487.001,1127.597
2025-02-28 07:45:00,855.322,1487.001,1127.597
2025-02-28 08:00:00,3142.221,1389.75,1368.955
2025-02-28 08:15:00,3142.221,1389.75,1368.955
2025-02-28 08:30:00,3142.221,1389.75,1368.955
2025-02-28 08:45:00,3142.221,1389.75,1368.955
2025-02-28 09:00:00,5465.337,1224.0,2264.275
2025-02-28 09:15:00,5465.337,1224.0,2264.275
2025-02-28 09:30:00,5465.337,1224.0,2264.275
2025-02-28 09:45:00,5465.337,1224.0,2264.275
2025-02-28 10:00:00,7294.993,855.75,2458.359
2025-02-28 10:15:00,7294.993,855.75,2458.359
2025-02-28 10:30:00,7294.993,855.75,2458.359
2025-02-28 10:45:00,7294.993,855.75,2458.359
2025-02-28 11:00:00,9323.883,748.5,2220.64
2025-02-28 11:15:00,9323.883,748.5,2220.64
2025-02-28 11:30:00,9323.883,748.5,2220.64
2025-02-28 11:45:00,9323.883,748.5,2220.64
2025-02-28 12:00:00,9903.584,643.25,2276.364
2025-02-28 12:15:00,9903.584,643.25,2276.364
2025-02-28 12:30:00,9903.584,643.25,2276.364
2025-02-28 12:45:00,9903.584,643.25,2276.364
2025-02-28 13:00:00,8673.742,601.25,2227.044
2025-02-28 13:15:00,8673.742,601.25,2227.044
2025-02-28 13:30:00,8673.742,601.25,2227.044
2025-02-28 13:45:00,8673.742,601.25,2227.044
2025-02-28 14:00:00,7403.994,584.75,2037.172
2025-02-28 14:15:00,7403.994,584.75,2037.172
2025-02-28 14:30:00,7403.994,584.75,2037.172
2025-02-28 14:45:00,7403.994,584.75,2037.172
2025-02-28 15:00:00,4791.095,656.75,1765.165
2025-02-28 15:15:00,4791.095,656.75,1765.165
2025-02-28 15:30:00,4791.095,656.75,1765.165
2025-02-28 15:45:00,4791.095,656.75,1765.165
2025-02-28 16:00:00,2013.147,595.75,1244.68
2025-02-28 16:15:00,2013.147,595.75,1244.68
2025-02-28 16:30:00,2013.147,595.75,1244.68
2025-02-28 16:45:00,2013.147,595.75,1244.68
2025-02-28 17:00:00,143.216,659.001,693.789
2025-02-28 17:15:00,143.216,659.001,693.789
2025-02-28 17:30:00,143.216,659.001,693.789
2025-02-28 17:45:00,143.216,659.001,693.789
2025-02-28 18:00:00,0.0,658.501,427.496
2025-02-28 18:15:00,0.0,658.501,427.496
2025-02-28 18:30:00,0.0,658.501,427.496
2025-02-28 18:45:00,0.0,658.501,427.496
2025-02-28 19:00:00,0.0,655.25,263.829
2025-02-28 19:15:00,0.0,655.25,263.829
2025-02-28 19:30:00,0.0,655.25,263.829
2025-02-28 19:45:00,0.0,655.25,263.829
2025-02-28 20:00:00,0.0,659.0,213.954
2025-02-28 20:15:00,0.0,659.0,213.954
2025-02-28 20:30:00,0.0,659.0,213.954
2025-02-28 20:45:00,0.0,659.0,213.954
2025-02-28 21:00:00,0.0,549.75,280.617
2025-02-28 21:15:00,0.0,549.75,280.617
2025-02-28 21:30:00,0.0,549.75,280.617
2025-02-28 21:45:00,0.0,549.75,280.617
2025-02-28 22:00:00,0.0,499.501,201.534
2025-02-28 22:15:00,0.0,499.501,201.534
2025-02-28 22:30:00,0.0,499.501,201.534
2025-02-28 22:45:00,0.0,499.501,201.534
2025-02-28 23:00:00,0.0,398.0,108.543
2025-02-28 23:15:00,0.0,398.0,108.543
2025-02-28 23:30:00,0.0,398.0,108.543
2025-02-28 23:45:00,0.0,398.0,108.543
2025-03-01 00:00:00,0.0,342.501,56.898
2025-03-01 00:15:00,0.0,342.501,56.898
2025-03-01 00:30:00,0.0,342.501,56.898
2025-03-01 00:45:00,0.0,342.501,56.898
2025-03-01 01:00:00,0.0,310.751,63.933
2025-03-01 01:15:00,0.0,310.751,63.933
2025-03-01 01:30:00,0.0,310.751,63.933
2025-03-01 01:45:00,0.0,310.751,63.933
2025-03-01 02:00:00,0.0,273.499,76.774
2025-03-01 02:15:00,0.0,273.499,76.774
2025-03-01 02:30:00,0.0,273.499,76.774
2025-03-01 02:45:00,0.0,273.499,76.774
2025-03-01 03:00:00,0.0,234.501,80.744
2025-03-01 03:15:00,0.0,234.501,80.744
2025-03-01 03:30:00,0.0,234.501,80.744
2025-03-01 03:45:00,0.0,234.501,80.744
2025-03-01 04:00:00,0.0,226.749,58.311
2025-03-01 04:15:00,0.0,226.749,58.311
2025-03-01 04:30:00,0.0,226.749,58.311
2025-03-01 04:45:00,0.0,226.749,58.311
2025-03-01 05:00:00,0.0,214.75,20.827
2025-03-01 05:15:00,0.0,214.75,20.827
2025-03-01 05:30:00,0.0,214.75,20.827
2025-03-01 05:45:00,0.0,214.75,20.827
2025-03-01 06:00:00,38.333,181.0,15.079
2025-03-01 06:15:00,38.333,181.0,15.079
2025-03-01 06:30:00,38.333,181.0,15.079
2025-03-01 06:45:00,38.333,181.0,15.079
2025-03-01 07:00:00,973.687,138.75,3.436
2025-03-01 07:15:00,973.687,138.75,3.436
2025-03-01 07:30:00,973.687,138.75,3.436
2025-03-01 07:45:00,973.687,138.75,3.436
2025-03-01 08:00:00,2805.065,137.251,58.036
2025-03-01 08:15:00,2805.065,137.251,58.036
2025-03-01 08:30:00,2805.065,137.251,58.036
2025-03-01 08:45:00,2805.065,137.251,58.036
2025-03-01 09:00:00,4735.667,113.25,412.562
2025-03-01 09:15:00,4735.667,113.25,412.562
2025-03-01 09:30:00,4735.667,113.25,412.562
2025-03-01 09:45:00,4735.667,113.25,412.562
2025-03-01 10:00:00,6301.088,60.75,712.615
2025-03-01 10:15:00,6301.088,60.75,712.615
2025-03-01 10:30:00,6301.088,60.75,712.615
2025-03-01 10:45:00,6301.088,60.75,712.615
2025-03-01 11:00:00,7915.878,62.501,819.912
2025-03-01 11:15:00,7915.878,62.501,819.912
2025-03-01 11:30:00,7915.878,62.501,819.912
2025-03-01 11:45:00,7915.878,62.501,819.912
2025-03-01 12:00:00,8368.055,84.5,742.046
2025-03-01 12:15:00,8368.055,84.5,742.046
2025-03-01 12:30:00,8368.055,84.5,742.046
2025-03-01 12:45:00,8368.055,84.5,742.046
2025-03-01 13:00:00,7740.016,124.0,502.305
2025-03-01 13:15:00,7740.016,124.0,502.305
2025-03-01 13:30:00,7740.016,124.0,502.305
2025-03-01 13:45:00,7740.016,124.0,502.305
2025-03-01 14:00:00,6285.737,112.25,370.678
2025-03-01 14:15:00,6285.737,112.25,370.678
2025-03-01 14:30:00,6285.737,112.25,370.678
2025-03-01 14:45:00,6285.737,112.25,370.678
2025-03-01 15:00:00,4774.105,84.001,308.964
2025-03-01 15:15:00,4774.105,84.001,308.964
2025-03-01 15:30:00,4774.105,84.001,308.964
2025-03-01 15:45:00,4774.105,84.001,308.964
2025-03-01 16:00:00,2607.646,168.499,289.743
2025-03-01 16:15:00,2607.646,168.499,289.743
2025-03-01 16:30:00,2607.646,168.499,289.743
2025-03-01 16:45:00,2607.646,168.499,289.743
2025-03-01 17:00:00,224.35,198.25,159.781
2025-03-01 17:15:00,224.35,198.25,159.781
2025-03-01 17:30:00,224.35,198.25,159.781
2025-03-01 17:45:00,224.35,198.25,159.781
2025-03-01 18:00:00,0.0,164.999,48.157
2025-03-01 18:15:00,0.0,164.999,48.157
2025-03-01 18:30:00,0.0,164.999,48.157
2025-03-01 18:45:00,0.0,164.999,48.157
2025-03-01 19:00:00,0.0,192.251,27.676
2025-03-01 19:15:00,0.0,192.251,27.676
2025-03-01 19:30:00,0.0,192.251,27.676
2025-03-01 19:45:00,0.0,192.251,27.676
2025-03-01 20:00:00,0.0,303.001,0.0
2025-03-01 20:15:00,0.0,303.001,0.0
2025-03-01 20:30:00,0.0,303.001,0.0
2025-03-01 20:45:00,0.0,303.001,0.0
2025-03-01 21:00:00,0.0,229.5,0.0
2025-03-01 21:15:00,0.0,229.5,0.0
2025-03-01 21:30:00,0.0,229.5,0.0
2025-03-01 21:45:00,0.0,229.5,0.0
2025-03-01 22:00:00,0.0,194.0,0.0
2025-03-01 22:15:00,0.0,194.0,0.0
2025-03-01 22:30:00,0.0,194.0,0.0
2025-03-01 22:45:00,0.0,194.0,0.0
2025-03-01 23:00:00,0.0,138.75,0.0
2025-03-01 23:15:00,0.0,138.75,0.0
2025-03-01 23:30:00,0.0,138.75,0.0
2025-03-01 23:45:00,0.0,138.75,0.0
2025-03-02 00:00:00,0.0,99.0,0.0
2025-03-02 00:15:00,0.0,99.0,0.0
2025-03-02 00:30:00,0.0,99.0,0.0
2025-03-02 00:45:00,0.0,99.0,0.0
2025-03-02 01:00:00,0.0,91.0,0.0
2025-03-02 01:15:00,0.0,91.0,0.0
2025-03-02 01:30:00,0.0,91.0,0.0
2025-03-02 01:45:00,0.0,91.0,0.0
2025-03-02 02:00:00,0.0,60.249,0.0
2025-03-02 02:15:00,0.0,60.249,0.0
2025-03-02 02:30:00,0.0,60.249,0.0
2025-03-02 02:45:00,0.0,60.249,0.0
2025-03-02 03:00:00,0.0,58.0,3.037
2025-03-02 03:15:00,0.0,58.0,3.037
2025-03-02 03:30:00,0.0,58.0,3.037
2025-03-02 03:45:00,0.0,58.0,3.037
2025-03-02 04:00:00,0.0,99.75,24.081
2025-03-02 04:15:00,0.0,99.75,24.081
2025-03-02 04:30:00,0.0,99.75,24.081
2025-03-02 04:45:00,0.0,99.75,24.081
2025-03-02 05:00:00,0.0,146.25,39.647
2025-03-02 05:15:00,0.0,146.25,39.647
2025-03-02 05:30:00,0.0,146.25,39.647
2025-03-02 05:45:00,0.0,146.25,39.647
2025-03-02 06:00:00,58.32,156.0,58.957
2025-03-02 06:15:00,58.32,156.0,58.957
2025-03-02 06:30:00,58.32,156.0,58.957
2025-03-02 06:45:00,58.32,156.0,58.957
2025-03-02 07:00:00,1793.574,217.0,68.765
2025-03-02 07:15:00,1793.574,217.0,68.765
2025-03-02 07:30:00,1793.574,217.0,68.765
2025-03-02 07:45:00,1793.574,217.0,68.765
2025-03-02 08:00:00,5461.056,238.75,122.87
2025-03-02 08:15:00,5461.056,238.75,122.87
2025-03-02 08:30:00,5461.056,238.75,122.87
2025-03-02 08:45:00,5461.056,238.75,122.87
2025-03-02 09:00:00,8770.473,222.75,223.831
2025-03-02 09:15:00,8770.473,222.75,223.831
2025-03-02 09:30:00,8770.473,222.75,223.831
2025-03-02 09:45:00,8770.473,222.75,223.831
2025-03-02 10:00:00,12007.273,254.25,373.1
2025-03-02 10:15:00,12007.273,254.25,373.1
2025-03-02 10:30:00,12007.273,254.25,373.1
2025-03-02 10:45:00,12007.273,254.25,373.1
2025-03-02 11:00:00,14442.439,237.499,460.316
2025-03-02 11:15:00,14442.439,237.499,460.316
2025-03-02 11:30:00,14442.439,237.499,460.316
2025-03-02 11:45:00,14442.439,237.499,460.316
2025-03-02 12:00:00,15662.813,240.5,389.894
2025-03-02 12:15:00,15662.813,240.5,389.894
2025-03-02 12:30:00,15662.813,240.5,389.894
2025-03-02 12:45:00,15662.813,240.5,389.894
2025-03-02 13:00:00,13905.673,189.5,317.494
2025-03-02 13:15:00,13905.673,189.5,317.494
2025-03-02 13:30:00,13905.673,189.5,317.494
2025-03-02 13:45:00,13905.673,189.5,317.494
2025-03-02 14:00:00,11069.015,131.25,339.747
2025-03-02 14:15:00,11069.015,131.25,339.747
2025-03-02 14:30:00,11069.015,131.25,339.747
2025-03-02 14:45:00,11069.015,131.25,339.747
2025-03-02 15:00:00,7248.755,149.749,322.109
2025-03-02 15:15:00,7248.755,149.749,322.109
2025-03-02 15:30:00,7248.755,149.749,322.109
2025-03-02 15:45:00,7248.755,149.749,322.109
2025-03-02 16:00:00,3240.928,214.75,253.078
2025-03-02 16:15:00,3240.928,214.75,253.078
2025-03-02 16:30:00,3240.928,214.75,253.078
2025-03-02 16:45:00,3240.928,214.75,253.078
2025-03-02 17:00:00,218.758,246.75,128.494
2025-03-02 17:15:00,218.758,246.75,128.494
2025-03-02 17:30:00,218.758,246.75,128.494
2025-03-02 17:45:00,218.758,246.75,128.494
2025-03-02 18:00:00,0.0,285.75,66.783
2025-03-02 18:15:00,0.0,285.75,66.783
2025-03-02 18:30:00,0.0,285.75,66.783
2025-03-02 18:45:00,0.0,285.75,66.783
2025-03-02 19:00:00,0.0,314.5,61.813
2025-03-02 19:15:00,0.0,314.5,61.813
2025-03-02 19:30:00,0.0,314.5,61.813
2025-03-02 19:45:00,0.0,314.5,61.813
2025-03-02 20:00:00,0.0,330.0,34.922
2025-03-02 20:15:00,0.0,330.0,34.922
2025-03-02 20:30:00,0.0,330.0,34.922
2025-03-02 20:45:00,0.0,330.0,34.922
2025-03-02 21:00:00,0.0,358.002,45.978
2025-03-02 21:15:00,0.0,358.002,45.978
2025-03-02 21:30:00,0.0,358.002,45.978
2025-03-02 21:45:00,0.0,358.002,45.978
2025-03-02 22:00:00,0.0,386.75,51.691
2025-03-02 22:15:00,0.0,386.75,51.691
2025-03-02 22:30:00,0.0,386.75,51.691
2025-03-02 22:45:00,0.0,386.75,51.691
2025-03-02 23:00:00,0.0,413.499,46.8
2025-03-02 23:15:00,0.0,413.499,46.8
2025-03-02 23:30:00,0.0,413.499,46.8
2025-03-02 23:45:00,0.0,413.499,46.8
2025-03-03 00:00:00,0.0,426.0,69.754
2025-03-03 00:15:00,0.0,426.0,69.754
2025-03-03 00:30:00,0.0,426.0,69.754
2025-03-03 00:45:00,0.0,426.0,69.754
2025-03-03 01:00:00,0.0,436.751,75.781
2025-03-03 01:15:00,0.0,436.751,75.781
2025-03-03 01:30:00,0.0,436.751,75.781
2025-03-03 01:45:00,0.0,436.751,75.781
2025-03-03 02:00:00,0.0,425.751,56.923
2025-03-03 02:15:00,0.0,425.751,56.923
2025-03-03 02:30:00,0.0,425.751,56.923
2025-03-03 02:45:00,0.0,425.751,56.923
2025-03-03 03:00:00,0.0,422.75,145.128
2025-03-03 03:15:00,0.0,422.75,145.128
2025-03-03 03:30:00,0.0,422.75,145.128
2025-03-03 03:45:00,0.0,422.75,145.128
2025-03-03 04:00:00,0.0,442.25,175.786
2025-03-03 04:15:00,0.0,442.25,175.786
2025-03-03 04:30:00,0.0,442.25,175.786
2025-03-03 04:45:00,0.0,442.25,175.786
2025-03-03 05:00:00,0.0,453.751,140.549
2025-03-03 05:15:00,0.0,453.751,140.549
2025-03-03 05:30:00,0.0,453.751,140.549
2025-03-03 05:45:00,0.0,453.751,140.549
2025-03-03 06:00:00,139.623,340.0,74.68
2025-03-03 06:15:00,139.623,340.0,74.68
2025-03-03 06:30:00,139.623,340.0,74.68
2025-03-03 06:45:00,139.623,340.0,74.68
2025-03-03 07:00:00,3322.541,303.0,89.286
2025-03-03 07:15:00,3322.541,303.0,89.286
2025-03-03 07:30:00,3322.541,303.0,89.286
2025-03-03 07:45:00,3322.541,303.0,89.286
2025-03-03 08:00:00,8251.242,312.75,113.804
2025-03-03 08:15:00,8251.242,312.75,113.804
2025-03-03 08:30:00,8251.242,312.75,113.804
2025-03-03 08:45:00,8251.242,312.75,113.804
2025-03-03 09:00:00,10751.002,336.501,224.512
2025-03-03 09:15:00,10751.002,336.501,224.512
2025-03-03 09:30:00,10751.002,336.501,224.512
2025-03-03 09:45:00,10751.002,336.501,224.512
2025-03-03 10:00:00,13661.467,305.5,346.74
2025-03-03 10:15:00,13661.467,305.5,346.74
2025-03-03 10:30:00,13661.467,305.5,346.74
2025-03-03 10:45:00,13661.467,305.5,346.74
2025-03-03 11:00:00,15391.467,325.25,472.262
2025-03-03 11:15:00,15391.467,325.25,472.262
2025-03-03 11:30:00,15391.467,325.25,472.262
2025-03-03 11:45:00,15391.467,325.25,472.262
2025-03-03 12:00:00,15452.422,337.5,555.769
2025-03-03 12:15:00,15452.422,337.5,555.769
2025-03-03 12:30:00,15452.422,337.5,555.769
2025-03-03 12:45:00,15452.422,337.5,555.769
2025-03-03 13:00:00,14164.239,277.499,635.15
2025-03-03 13:15:00,14164.239,277.499,635.15
2025-03-03 13:30:00,14164.239,277.499,635.15
2025-03-03 13:45:00,14164.239,277.499,635.15
2025-03-03 14:00:00,11491.039,270.499,618.272
2025-03-03 14:15:00,11491.039,270.499,618.272
2025-03-03 14:30:00,11491.039,270.499,618.272
2025-03-03 14:45:00,11491.039,270.499,618.272
2025-03-03 15:00:00,7339.481,217.25,482.798
2025-03-03 15:15:00,7339.481,217.25,482.798
2025-03-03 15:30:00,7339.481,217.25,482.798
2025-03-03 15:45:00,7339.481,217.25,482.798
2025-03-03 16:00:00,3020.738,209.749,273.207
2025-03-03 16:15:00,3020.738,209.749,273.207
2025-03-03 16:30:00,3020.738,209.749,273.207
2025-03-03 16:45:00,3020.738,209.749,273.207
2025-03-03 17:00:00,246.27,220.75,78.439
2025-03-03 17:15:00,246.27,220.75,78.439
2025-03-03 17:30:00,246.27,220.75,78.439
2025-03-03 17:45:00,246.27,220.75,78.439
2025-03-03 18:00:00,0.0,248.5,29.269
2025-03-03 18:15:00,0.0,248.5,29.269
2025-03-03 18:30:00,0.0,248.5,29.269
2025-03-03 18:45:00,0.0,248.5,29.269
2025-03-03 19:00:00,0.0,258.249,29.183
2025-03-03 19:15:00,0.0,258.249,29.183
2025-03-03 19:30:00,0.0,258.249,29.183
2025-03-03 19:45:00,0.0,258.249,29.183
2025-03-03 20:00:00,0.0,277.25,42.908
2025-03-03 20:15:00,0.0,277.25,42.908
2025-03-03 20:30:00,0.0,277.25,42.908
2025-03-03 20:45:00,0.0,277.25,42.908
2025-03-03 21:00:00,0.0,252.75,63.119
2025-03-03 21:15:00,0.0,252.75,63.119
2025-03-03 21:30:00,0.0,252.75,63.119
2025-03-03 21:45:00,0.0,252.75,63.119
2025-03-03 22:00:00,0.0,217.0,57.943
2025-03-03 22:15:00,0.0,217.0,57.943
2025-03-03 22:30:00,0.0,217.0,57.943
2025-03-03 22:45:00,0.0,217.0,57.943
2025-03-03 23:00:00,0.0,237.999,59.619
2025-03-03 23:15:00,0.0,237.999,59.619
2025-03-03 23:30:00,0.0,237.999,59.619
2025-03-03 23:45:00,0.0,237.999,59.619
2025-03-04 00:00:00,0.0,213.25,58.548
2025-03-04 00:15:00,0.0,213.25,58.548
2025-03-04 00:30:00,0.0,213.25,58.548
2025-03-04 00:45:00,0.0,213.25,58.548
2025-03-04 01:00:00,0.0,253.999,38.774
2025-03-04 01:15:00,0.0,253.999,38.774
2025-03-04 01:30:00,0.0,253.999,38.774
2025-03-04 01:45:00,0.0,253.999,38.774
2025-03-04 02:00:00,0.0,212.25,42.911
2025-03-04 02:15:00,0.0,212.25,42.911
2025-03-04 02:30:00,0.0,212.25,42.911
2025-03-04 02:45:00,0.0,212.25,42.911
2025-03-04 03:00:00,0.0,146.0,48.228
2025-03-04 03:15:00,0.0,146.0,48.228
2025-03-04 03:30:00,0.0,146.0,48.228
2025-03-04 03:45:00,0.0,146.0,48.228
2025-03-04 04:00:00,0.0,150.499,144.494
2025-03-04 04:15:00,0.0,150.499,144.494
2025-03-04 04:30:00,0.0,150.499,144.494
2025-03-04 04:45:00,0.0,150.499,144.494
2025-03-04 05:00:00,0.0,244.749,182.266
2025-03-04 05:15:00,0.0,244.749,182.266
2025-03-04 05:30:00,0.0,244.749,182.266
2025-03-04 05:45:00,0.0,244.749,182.266
2025-03-04 06:00:00,70.532,339.0,176.316
2025-03-04 06:15:00,70.532,339.0,176.316
2025-03-04 06:30:00,70.532,339.0,176.316
2025-03-04 06:45:00,70.532,339.0,176.316
2025-03-04 07:00:00,2016.748,443.501,275.231
2025-03-04 07:15:00,2016.748,443.501,275.231
2025-03-04 07:30:00,2016.748,443.501,275.231
2025-03-04 07:45:00,2016.748,443.501,275.231
2025-03-04 08:00:00,6895.892,458.499,346.393
2025-03-04 08:15:00,6895.892,458.499,346.393
2025-03-04 08:30:00,6895.892,458.499,346.393
2025-03-04 08:45:00,6895.892,458.499,346.393
2025-03-04 09:00:00,10295.228,452.0,390.988
2025-03-04 09:15:00,10295.228,452.0,390.988
2025-03-04 09:30:00,10295.228,452.0,390.988
2025-03-04 09:45:00,10295.228,452.0,390.988
2025-03-04 10:00:00,13488.754,408.25,591.761
2025-03-04 10:15:00,13488.754,408.25,591.761
2025-03-04 10:30:00,13488.754,408.25,591.761
2025-03-04 10:45:00,13488.754,408.25,591.761
2025-03-04 11:00:00,15339.74,448.501,855.845
2025-03-04 11:15:00,15339.74,448.501,855.845
2025-03-04 11:30:00,15339.74,448.501,855.845
2025-03-04 11:45:00,15339.74,448.501,855.845
2025-03-04 12:00:00,15505.946,438.75,1023.993
2025-03-04 12:15:00,15505.946,438.75,1023.993
2025-03-04 12:30:00,15505.946,438.75,1023.993
2025-03-04 12:45:00,15505.946,438.75,1023.993
2025-03-04 13:00:00,14115.899,411.751,1074.784
2025-03-04 13:15:00,14115.899,411.751,1074.784
2025-03-04 13:30:00,14115.899,411.751,1074.784
2025-03-04 13:45:00,14115.899,411.751,1074.784
2025-03-04 14:00:00,11506.598,413.0,884.717
2025-03-04 14:15:00,11506.598,413.0,884.717
2025-03-04 14:30:00,11506.598,413.0,884.717
2025-03-04 14:45:00,11506.598,413.0,884.717
2025-03-04 15:00:00,7472.552,536.25,636.331
2025-03-04 15:15:00,7472.552,536.25,636.331
2025-03-04 15:30:00,7472.552,536.25,636.331
2025-03-04 15:45:00,7472.552,536.25,636.331
2025-03-04 16:00:00,3141.346,859.251,614.24
2025-03-04 16:15:00,3141.346,859.251,614.24
2025-03-04 16:30:00,3141.346,859.251,614.24
2025-03-04 16:45:00,3141.346,859.251,614.24
2025-03-04 17:00:00,229.86,984.25,620.763
2025-03-04 17:15:00,229.86,984.25,620.763
2025-03-04 17:30:00,229.86,984.25,620.763
2025-03-04 17:45:00,229.86,984.25,620.763
2025-03-04 18:00:00,0.0,1087.0,358.769
2025-03-04 18:15:00,0.0,1087.0,358.769
2025-03-04 18:30:00,0.0,1087.0,358.769
2025-03-04 18:45:00,0.0,1087.0,358.769
2025-03-04 19:00:00,0.0,1221.0,198.246
2025-03-04 19:15:00,0.0,1221.0,198.246
2025-03-04 19:30:00,0.0,1221.0,198.246
2025-03-04 19:45:00,0.0,1221.0,198.246
2025-03-04 20:00:00,0.0,1250.25,141.568
2025-03-04 20:15:00,0.0,1250.25,141.568
2025-03-04 20:30:00,0.0,1250.25,141.568
2025-03-04 20:45:00,0.0,1250.25,141.568
2025-03-04 21:00:00,0.0,1306.75,158.008
2025-03-04 21:15:00,0.0,1306.75,158.008
2025-03-04 21:30:00,0.0,1306.75,158.008
2025-03-04 21:45:00,0.0,1306.75,158.008
2025-03-04 22:00:00,0.0,1290.0,271.296
2025-03-04 22:15:00,0.0,1290.0,271.296
2025-03-04 22:30:00,0.0,1290.0,271.296
2025-03-04 22:45:00,0.0,1290.0,271.296
2025-03-04 23:00:00,0.0,1198.999,551.673
2025-03-04 23:15:00,0.0,1198.999,551.673
2025-03-04 23:30:00,0.0,1198.999,551.673
2025-03-04 23:45:00,0.0,1198.999,551.673
2025-03-05 00:00:00,0.0,1474.5,908.921
2025-03-05 00:15:00,0.0,1474.5,908.921
2025-03-05 00:30:00,0.0,1474.5,908.921
2025-03-05 00:45:00,0.0,1474.5,908.921
2025-03-05 01:00:00,0.0,1673.75,887.296
2025-03-05 01:15:00,0.0,1673.75,887.296
2025-03-05 01:30:00,0.0,1673.75,887.296
2025-03-05 01:45:00,0.0,1673.75,887.296
2025-03-05 02:00:00,0.0,1592.5,634.275
2025-03-05 02:15:00,0.0,1592.5,634.275
2025-03-05 02:30:00,0.0,1592.5,634.275
2025-03-05 02:45:00,0.0,1592.5,634.275
2025-03-05 03:00:00,0.0,1738.0,866.528
2025-03-05 03:15:00,0.0,1738.0,866.528
2025-03-05 03:30:00,0.0,1738.0,866.528
2025-03-05 03:45:00,0.0,1738.0,866.528
2025-03-05 04:00:00,0.0,2017.501,967.214
2025-03-05 04:15:00,0.0,2017.501,967.214
2025-03-05 04:30:00,0.0,2017.501,967.214
2025-03-05 04:45:00,0.0,2017.501,967.214
2025-03-05 05:00:00,0.0,2172.0,884.157
2025-03-05 05:15:00,0.0,2172.0,884.157
2025-03-05 05:30:00,0.0,2172.0,884.157
2025-03-05 05:45:00,0.0,2172.0,884.157
2025-03-05 06:00:00,194.904,2096.251,987.331
2025-03-05 06:15:00,194.904,2096.251,987.331
2025-03-05 06:30:00,194.904,2096.251,987.331
2025-03-05 06:45:00,194.904,2096.251,987.331
2025-03-05 07:00:00,3177.541,2076.0,1206.253
2025-03-05 07:15:00,3177.541,2076.0,1206.253
2025-03-05 07:30:00,3177.541,2076.0,1206.253
2025-03-05 07:45:00,3177.541,2076.0,1206.253
2025-03-05 08:00:00,7501.691,1756.5,1585.729
2025-03-05 08:15:00,7501.691,1756.5,1585.729
2025-03-05 08:30:00,7501.691,1756.5,1585.729
2025-03-05 08:45:00,7501.691,1756.5,1585.729
2025-03-05 09:00:00,9986.533,1676.75,1620.755
2025-03-05 09:15:00,9986.533,1676.75,1620.755
2025-03-05 09:30:00,9986.533,1676.75,1620.755
2025-03-05 09:45:00,9986.533,1676.75,1620.755
2025-03-05 10:00:00,9760.762,1543.75,1396.346
2025-03-05 10:15:00,9760.762,1543.75,1396.346
2025-03-05 10:30:00,9760.762,1543.75,1396.346
2025-03-05 10:45:00,9760.762,1543.75,1396.346
2025-03-05 11:00:00,9555.488,1544.75,1206.859
2025-03-05 11:15:00,9555.488,1544.75,1206.859
2025-03-05 11:30:00,9555.488,1544.75,1206.859
2025-03-05 11:45:00,9555.488,1544.75,1206.859
2025-03-05 12:00:00,9368.179,1197.751,1050.056
2025-03-05 12:15:00,9368.179,1197.751,1050.056
2025-03-05 12:30:00,9368.179,1197.751,1050.056
2025-03-05 12:45:00,9368.179,1197.751,1050.056
2025-03-05 13:00:00,9203.983,1173.498,883.995
2025-03-05 13:15:00,9203.983,1173.498,883.995
2025-03-05 13:30:00,9203.983,1173.498,883.995
2025-03-05 13:45:00,9203.983,1173.498,883.995
2025-03-05 14:00:00,9083.243,1187.751,796.147
2025-03-05 14:15:00,9083.243,1187.751,796.147
2025-03-05 14:30:00,9083.243,1187.751,796.147
2025-03-05 14:45:00,9083.243,1187.751,796.147
2025-03-05 15:00:00,8707.605,1108.25,731.335
2025-03-05 15:15:00,8707.605,1108.25,731.335
2025-03-05 15:30:00,8707.605,1108.25,731.335
2025-03-05 15:45:00,8707.605,1108.25,731.335
2025-03-05 16:00:00,8064.687,1048.749,689.438
2025-03-05 16:15:00,8064.687,1048.749,689.438
2025-03-05 16:30:00,8064.687,1048.749,689.438
2025-03-05 16:45:00,8064.687,1048.749,689.438
2025-03-05 17:00:00,3569.474,961.499,640.617
2025-03-05 17:15:00,3569.474,961.499,640.617
2025-03-05 17:30:00,3569.474,961.499,640.617
2025-03-05 17:45:00,3569.474,961.499,640.617
2025-03-05 18:00:00,0.0,863.25,621.013
2025-03-05 18:15:00,0.0,863.25,621.013
2025-03-05 18:30:00,0.0,863.25,621.013
2025-03-05 18:45:00,0.0,863.25,621.013
2025-03-05 19:00:00,0.0,758.502,559.109
2025-03-05 19:15:00,0.0,758.502,559.109
2025-03-05 19:30:00,0.0,758.502,559.109
2025-03-05 19:45:00,0.0,758.502,559.109
2025-03-05 20:00:00,0.0,835.751,319.756
2025-03-05 20:15:00,0.0,835.751,319.756
2025-03-05 20:30:00,0.0,835.751,319.756
2025-03-05 20:45:00,0.0,835.751,319.756
2025-03-05 21:00:00,0.0,856.5,330.474
2025-03-05 21:15:00,0.0,856.5,330.474
2025-03-05 21:30:00,0.0,856.5,330.474
2025-03-05 21:45:00,0.0,856.5,330.474
2025-03-05 22:00:00,0.0,911.5,362.325
2025-03-05 22:15:00,0.0,911.5,362.325
2025-03-05 22:30:00,0.0,911.5,362.325
2025-03-05 22:45:00,0.0,911.5,362.325
2025-03-05 23:00:00,0.0,1011.75,354.615
2025-03-05 23:15:00,0.0,1011.75,354.615
2025-03-05 23:30:00,0.0,1011.75,354.615
2025-03-05 23:45:00,0.0,1011.75,354.615
2025-03-06 00:00:00,0.0,1060.749,291.016
2025-03-06 00:15:00,0.0,1060.749,291.016
2025-03-06 00:30:00,0.0,1060.749,291.016
2025-03-06 00:45:00,0.0,1060.749,291.016
2025-03-06 01:00:00,0.0,1110.75,245.701
2025-03-06 01:15:00,0.0,1110.75,245.701
2025-03-06 01:30:00,0.0,1110.75,245.701
2025-03-06 01:45:00,0.0,1110.75,245.701
2025-03-06 02:00:00,0.0,1181.75,229.86
2025-03-06 02:15:00,0.0,1181.75,229.86
2025-03-06 02:30:00,0.0,1181.75,229.86
2025-03-06 02:45:00,0.0,1181.75,229.86
2025-03-06 03:00:00,0.0,1103.5,203.706
2025-03-06 03:15:00,0.0,1103.5,203.706
2025-03-06 03:30:00,0.0,1103.5,203.706
2025-03-06 03:45:00,0.0,1103.5,203.706
2025-03-06 04:00:00,0.0,915.25,234.258
2025-03-06 04:15:00,0.0,915.25,234.258
2025-03-06 04:30:00,0.0,915.25,234.258
2025-03-06 04:45:00,0.0,915.25,234.258
2025-03-06 05:00:00,0.0,878.0,316.022
2025-03-06 05:15:00,0.0,878.0,316.022
2025-03-06 05:30:00,0.0,878.0,316.022
2025-03-06 05:45:00,0.0,878.0,316.022
2025-03-06 06:00:00,167.692,918.5,333.87
2025-03-06 06:15:00,167.692,918.5,333.87
2025-03-06 06:30:00,167.692,918.5,333.87
2025-03-06 06:45:00,167.692,918.5,333.87
2025-03-06 07:00:00,2810.351,873.249,354.523
2025-03-06 07:15:00,2810.351,873.249,354.523
2025-03-06 07:30:00,2810.351,873.249,354.523
2025-03-06 07:45:00,2810.351,873.249,354.523
2025-03-06 08:00:00,7415.944,925.75,414.267
2025-03-06 08:15:00,7415.944,925.75,414.267
2025-03-06 08:30:00,7415.944,925.75,414.267
2025-03-06 08:45:00,7415.944,925.75,414.267
2025-03-06 09:00:00,11128.971,1008.999,605.021
2025-03-06 09:15:00,11128.971,1008.999,605.021
2025-03-06 09:30:00,11128.971,1008.999,605.021
2025-03-06 09:45:00,11128.971,1008.999,605.021
2025-03-06 10:00:00,13472.915,905.499,774.628
2025-03-06 10:15:00,13472.915,905.499,774.628
2025-03-06 10:30:00,13472.915,905.499,774.628
2025-03-06 10:45:00,13472.915,905.499,774.628
2025-03-06 11:00:00,14320.485,890.0,1100.666
2025-03-06 11:15:00,14320.485,890.0,1100.666
2025-03-06 11:30:00,14320.485,890.0,1100.666
2025-03-06 11:45:00,14320.485,890.0,1100.666
2025-03-06 12:00:00,14683.923,835.5,1599.181
2025-03-06 12:15:00,14683.923,835.5,1599.181
2025-03-06 12:30:00,14683.923,835.5,1599.181
2025-03-06 12:45:00,14683.923,835.5,1599.181
2025-03-06 13:00:00,13357.68,1129.002,1987.338
2025-03-06 13:15:00,13357.68,1129.002,1987.338
2025-03-06 13:30:00,13357.68,1129.002,1987.338
2025-03-06 13:45:00,13357.68,1129.002,1987.338
2025-03-06 14:00:00,11080.586,1005.251,2084.268
2025-03-06 14:15:00,11080.586,1005.251,2084.268
2025-03-06 14:30:00,11080.586,1005.251,2084.268
2025-03-06 14:45:00,11080.586,1005.251,2084.268
2025-03-06 15:00:00,7402.914,1047.75,1728.519
2025-03-06 15:15:00,7402.914,1047.75,1728.519
2025-03-06 15:30:00,7402.914,1047.75,1728.519
2025-03-06 15:45:00,7402.914,1047.75,1728.519
2025-03-06 16:00:00,3413.138,1324.25,961.917
2025-03-06 16:15:00,3413.138,1324.25,961.917
2025-03-06 16:30:00,3413.138,1324.25,961.917
2025-03-06 16:45:00,3413.138,1324.25,961.917
2025-03-06 17:00:00,292.078,1504.5,337.582
2025-03-06 17:15:00,292.078,1504.5,337.582
2025-03-06 17:30:00,292.078,1504.5,337.582
2025-03-06 17:45:00,292.078,1504.5,337.582
2025-03-06 18:00:00,0.0,1350.501,297.045
2025-03-06 18:15:00,0.0,1350.501,297.045
2025-03-06 18:30:00,0.0,1350.501,297.045
2025-03-06 18:45:00,0.0,1350.501,297.045
2025-03-06 19:00:00,0.0,1556.749,339.877
2025-03-06 19:15:00,0.0,1556.749,339.877
2025-03-06 19:30:00,0.0,1556.749,339.877
2025-03-06 19:45:00,0.0,1556.749,339.877
2025-03-06 20:00:00,0.0,1770.75,267.261
2025-03-06 20:15:00,0.0,1770.75,267.261
2025-03-06 20:30:00,0.0,1770.75,267.261
2025-03-06 20:45:00,0.0,1770.75,267.261
2025-03-06 21:00:00,0.0,2206.25,267.574
2025-03-06 21:15:00,0.0,2206.25,267.574
2025-03-06 21:30:00,0.0,2206.25,267.574
2025-03-06 21:45:00,0.0,2206.25,267.574
2025-03-06 22:00:00,0.0,2318.5,282.577
2025-03-06 22:15:00,0.0,2318.5,282.577
2025-03-06 22:30:00,0.0,2318.5,282.577
2025-03-06 22:45:00,0.0,2318.5,282.577
2025-03-06 23:00:00,0.0,2298.5,448.68
2025-03-06 23:15:00,0.0,2298.5,448.68
2025-03-06 23:30:00,0.0,2298.5,448.68
2025-03-06 23:45:00,0.0,2298.5,448.68
2025-03-07 00:00:00,0.0,2190.5,524.441
2025-03-07 00:15:00,0.0,2190.5,524.441
2025-03-07 00:30:00,0.0,2190.5,524.441
2025-03-07 00:45:00,0.0,2190.5,524.441
2025-03-07 01:00:00,0.0,1844.75,547.471
2025-03-07 01:15:00,0.0,1844.75,547.471
2025-03-07 01:30:00,0.0,1844.75,547.471
2025-03-07 01:45:00,0.0,1844.75,547.471
2025-03-07 02:00:00,0.0,1642.751,558.858
2025-03-07 02:15:00,0.0,1642.751,558.858
2025-03-07 02:30:00,0.0,1642.751,558.858
2025-03-07 02:45:00,0.0,1642.751,558.858
2025-03-07 03:00:00,0.0,1345.25,609.965
2025-03-07 03:15:00,0.0,1345.25,609.965
2025-03-07 03:30:00,0.0,1345.25,609.965
2025-03-07 03:45:00,0.0,1345.25,609.965
2025-03-07 04:00:00,0.0,1243.249,689.801
2025-03-07 04:15:00,0.0,1243.249,689.801
2025-03-07 04:30:00,0.0,1243.249,689.801
2025-03-07 04:45:00,0.0,1243.249,689.801
2025-03-07 05:00:00,0.0,1308.75,673.668
2025-03-07 05:15:00,0.0,1308.75,673.668
2025-03-07 05:30:00,0.0,1308.75,673.668
2025-03-07 05:45:00,0.0,1308.75,673.668
2025-03-07 06:00:00,185.234,1175.251,530.665
2025-03-07 06:15:00,185.234,1175.251,530.665
2025-03-07 06:30:00,185.234,1175.251,530.665
2025-03-07 06:45:00,185.234,1175.251,530.665
2025-03-07 07:00:00,2707.646,1046.75,514.743
2025-03-07 07:15:00,2707.646,1046.75,514.743
2025-03-07 07:30:00,2707.646,1046.75,514.743
2025-03-07 07:45:00,2707.646,1046.75,514.743
2025-03-07 08:00:00,7283.862,1103.75,769.277
2025-03-07 08:15:00,7283.862,1103.75,769.277
2025-03-07 08:30:00,7283.862,1103.75,769.277
2025-03-07 08:45:00,7283.862,1103.75,769.277
2025-03-07 09:00:00,11087.976,1230.0,1103.547
2025-03-07 09:15:00,11087.976,1230.0,1103.547
2025-03-07 09:30:00,11087.976,1230.0,1103.547
2025-03-07 09:45:00,11087.976,1230.0,1103.547
2025-03-07 10:00:00,13848.301,1144.5,1209.178
2025-03-07 10:15:00,13848.301,1144.5,1209.178
2025-03-07 10:30:00,13848.301,1144.5,1209.178
2025-03-07 10:45:00,13848.301,1144.5,1209.178
2025-03-07 11:00:00,15388.07,925.751,1075.459
2025-03-07 11:15:00,15388.07,925.751,1075.459
2025-03-07 11:30:00,15388.07,925.751,1075.459
2025-03-07 11:45:00,15388.07,925.751,1075.459
2025-03-07 12:00:00,15316.754,689.999,1253.142
2025-03-07 12:15:00,15316.754,689.999,1253.142
2025-03-07 12:30:00,15316.754,689.999,1253.142
2025-03-07 12:45:00,15316.754,689.999,1253.142
2025-03-07 13:00:00,14076.082,524.0,1542.636
2025-03-07 13:15:00,14076.082,524.0,1542.636
2025-03-07 13:30:00,14076.082,524.0,1542.636
2025-03-07 13:45:00,14076.082,524.0,1542.636
2025-03-07 14:00:00,11410.384,400.0,1629.901
2025-03-07 14:15:00,11410.384,400.0,1629.901
2025-03-07 14:30:00,11410.384,400.0,1629.901
2025-03-07 14:45:00,11410.384,400.0,1629.901
2025-03-07 15:00:00,7221.856,326.0,1066.173
2025-03-07 15:15:00,7221.856,326.0,1066.173
2025-03-07 15:30:00,7221.856,326.0,1066.173
2025-03-07 15:45:00,7221.856,326.0,1066.173
2025-03-07 16:00:00,3062.824,257.501,511.29
2025-03-07 16:15:00,3062.824,257.501,511.29
2025-03-07 16:30:00,3062.824,257.501,511.29
2025-03-07 16:45:00,3062.824,257.501,511.29
2025-03-07 17:00:00,292.287,250.499,145.215
2025-03-07 17:15:00,292.287,250.499,145.215
2025-03-07 17:30:00,292.287,250.499,145.215
2025-03-07 17:45:00,292.287,250.499,145.215
2025-03-07 18:00:00,0.0,293.75,48.395
2025-03-07 18:15:00,0.0,293.75,48.395
2025-03-07 18:30:00,0.0,293.75,48.395
2025-03-07 18:45:00,0.0,293.75,48.395
2025-03-07 19:00:00,0.0,304.5,2.701
2025-03-07 19:15:00,0.0,304.5,2.701
2025-03-07 19:30:00,0.0,304.5,2.701
2025-03-07 19:45:00,0.0,304.5,2.701
2025-03-07 20:00:00,0.0,404.748,13.883
2025-03-07 20:15:00,0.0,404.748,13.883
2025-03-07 20:30:00,0.0,404.748,13.883
2025-03-07 20:45:00,0.0,404.748,13.883
2025-03-07 21:00:00,0.0,670.25,57.248
2025-03-07 21:15:00,0.0,670.25,57.248
2025-03-07 21:30:00,0.0,670.25,57.248
2025-03-07 21:45:00,0.0,670.25,57.248
2025-03-07 22:00:00,0.0,708.25,71.674
2025-03-07 22:15:00,0.0,708.25,71.674
2025-03-07 22:30:00,0.0,708.25,71.674
2025-03-07 22:45:00,0.0,708.25,71.674
2025-03-07 23:00:00,0.0,1047.249,135.301
2025-03-07 23:15:00,0.0,1047.249,135.301
2025-03-07 23:30:00,0.0,1047.249,135.301
2025-03-07 23:45:00,0.0,1047.249,135.301
2025-03-08 00:00:00,0.0,1573.25,157.039
2025-03-08 00:15:00,0.0,1573.25,157.039
2025-03-08 00:30:00,0.0,1573.25,157.039
2025-03-08 00:45:00,0.0,1573.25,157.039
2025-03-08 01:00:00,0.0,1625.75,186.53
2025-03-08 01:15:00,0.0,1625.75,186.53
2025-03-08 01:30:00,0.0,1625.75,186.53
2025-03-08 01:45:00,0.0,1625.75,186.53
2025-03-08 02:00:00,0.0,1333.501,170.09
2025-03-08 02:15:00,0.0,1333.501,170.09
2025-03-08 02:30:00,0.0,1333.501,170.09
2025-03-08 02:45:00,0.0,1333.501,170.09
2025-03-08 03:00:00,0.0,1167.499,139.932
2025-03-08 03:15:00,0.0,1167.499,139.932
2025-03-08 03:30:00,0.0,1167.499,139.932
2025-03-08 03:45:00,0.0,1167.499,139.932
2025-03-08 04:00:00,0.0,1084.5,146.029
2025-03-08 04:15:00,0.0,1084.5,146.029
2025-03-08 04:30:00,0.0,1084.5,146.029
2025-03-08 04:45:00,0.0,1084.5,146.029
2025-03-08 05:00:00,0.0,987.5,213.074
2025-03-08 05:15:00,0.0,987.5,213.074
2025-03-08 05:30:00,0.0,987.5,213.074
2025-03-08 05:45:00,0.0,987.5,213.074
2025-03-08 06:00:00,230.487,1342.751,198.544
2025-03-08 06:15:00,230.487,1342.751,198.544
2025-03-08 06:30:00,230.487,1342.751,198.544
2025-03-08 06:45:00,230.487,1342.751,198.544
2025-03-08 07:00:00,3007.749,1463.499,238.265
2025-03-08 07:15:00,3007.749,1463.499,238.265
2025-03-08 07:30:00,3007.749,1463.499,238.265
2025-03-08 07:45:00,3007.749,1463.499,238.265
2025-03-08 08:00:00,7593.764,1299.0,337.791
2025-03-08 08:15:00,7593.764,1299.0,337.791
2025-03-08 08:30:00,7593.764,1299.0,337.791
2025-03-08 08:45:00,7593.764,1299.0,337.791
2025-03-08 09:00:00,11451.638,1009.5,458.977
2025-03-08 09:15:00,11451.638,1009.5,458.977
2025-03-08 09:30:00,11451.638,1009.5,458.977
2025-03-08 09:45:00,11451.638,1009.5,458.977
2025-03-08 10:00:00,14275.734,947.751,650.118
2025-03-08 10:15:00,14275.734,947.751,650.118
2025-03-08 10:30:00,14275.734,947.751,650.118
2025-03-08 10:45:00,14275.734,947.751,650.118
2025-03-08 11:00:00,15766.382,443.75,1170.494
2025-03-08 11:15:00,15766.382,443.75,1170.494
2025-03-08 11:30:00,15766.382,443.75,1170.494
2025-03-08 11:45:00,15766.382,443.75,1170.494
2025-03-08 12:00:00,15751.189,391.999,1538.722
2025-03-08 12:15:00,15751.189,391.999,1538.722
2025-03-08 12:30:00,15751.189,391.999,1538.722
2025-03-08 12:45:00,15751.189,391.999,1538.722
2025-03-08 13:00:00,14476.508,681.0,2004.934
2025-03-08 13:15:00,14476.508,681.0,2004.934
2025-03-08 13:30:00,14476.508,681.0,2004.934
2025-03-08 13:45:00,14476.508,681.0,2004.934
2025-03-08 14:00:00,11798.43,1195.999,2310.437
2025-03-08 14:15:00,11798.43,1195.999,2310.437
2025-03-08 14:30:00,11798.43,1195.999,2310.437
2025-03-08 14:45:00,11798.43,1195.999,2310.437
2025-03-08 15:00:00,7765.645,1688.5,2247.436
2025-03-08 15:15:00,7765.645,1688.5,2247.436
2025-03-08 15:30:00,7765.645,1688.5,2247.436
2025-03-08 15:45:00,7765.645,1688.5,2247.436
2025-03-08 16:00:00,3358.807,1989.499,1756.909
2025-03-08 16:15:00,3358.807,1989.499,1756.909
2025-03-08 16:30:00,3358.807,1989.499,1756.909
2025-03-08 16:45:00,3358.807,1989.499,1756.909
2025-03-08 17:00:00,308.037,1988.75,1141.634
2025-03-08 17:15:00,308.037,1988.75,1141.634
2025-03-08 17:30:00,308.037,1988.75,1141.634
2025-03-08 17:45:00,308.037,1988.75,1141.634
2025-03-08 18:00:00,0.0,2088.25,775.709
2025-03-08 18:15:00,0.0,2088.25,775.709
2025-03-08 18:30:00,0.0,2088.25,775.709
2025-03-08 18:45:00,0.0,2088.25,775.709
2025-03-08 19:00:00,0.0,2228.751,792.081
2025-03-08 19:15:00,0.0,2228.751,792.081
2025-03-08 19:30:00,0.0,2228.751,792.081
2025-03-08 19:45:00,0.0,2228.751,792.081
2025-03-08 20:00:00,0.0,2640.751,864.133
2025-03-08 20:15:00,0.0,2640.751,864.133
2025-03-08 20:30:00,0.0,2640.751,864.133
2025-03-08 20:45:00,0.0,2640.751,864.133
2025-03-08 21:00:00,0.0,3270.0,912.725
2025-03-08 21:15:00,0.0,3270.0,912.725
2025-03-08 21:30:00,0.0,3270.0,912.725
2025-03-08 21:45:00,0.0,3270.0,912.725
2025-03-08 22:00:00,0.0,3055.0,845.334
2025-03-08 22:15:00,0.0,3055.0,845.334
2025-03-08 22:30:00,0.0,3055.0,845.334
2025-03-08 22:45:00,0.0,3055.0,845.334
2025-03-08 23:00:00,0.0,2430.5,800.673
2025-03-08 23:15:00,0.0,2430.5,800.673
2025-03-08 23:30:00,0.0,2430.5,800.673
2025-03-08 23:45:00,0.0,2430.5,800.673
2025-03-09 00:00:00,0.0,1787.5,782.795
2025-03-09 00:15:00,0.0,1787.5,782.795
2025-03-09 00:30:00,0.0,1787.5,782.795
2025-03-09 00:45:00,0.0,1787.5,782.795
2025-03-09 01:00:00,0.0,1608.25,661.99
2025-03-09 01:15:00,0.0,1608.25,661.99
2025-03-09 01:30:00,0.0,1608.25,661.99
2025-03-09 01:45:00,0.0,1608.25,661.99
2025-03-09 02:00:00,0.0,1389.249,509.073
2025-03-09 02:15:00,0.0,1389.249,509.073
2025-03-09 02:30:00,0.0,1389.249,509.073
2025-03-09 02:45:00,0.0,1389.249,509.073
2025-03-09 03:00:00,0.0,1183.501,502.372
2025-03-09 03:15:00,0.0,1183.501,502.372
2025-03-09 03:30:00,0.0,1183.501,502.372
2025-03-09 03:45:00,0.0,1183.501,502.372
2025-03-09 04:00:00,0.0,1071.75,519.349
2025-03-09 04:15:00,0.0,1071.75,519.349
2025-03-09 04:30:00,0.0,1071.75,519.349
2025-03-09 04:45:00,0.0,1071.75,519.349
2025-03-09 05:00:00,0.0,876.0,516.195
2025-03-09 05:15:00,0.0,876.0,516.195
2025-03-09 05:30:00,0.0,876.0,516.195
2025-03-09 05:45:00,0.0,876.0,516.195
2025-03-09 06:00:00,241.894,772.0,416.663
2025-03-09 06:15:00,241.894,772.0,416.663
2025-03-09 06:30:00,241.894,772.0,416.663
2025-03-09 06:45:00,241.894,772.0,416.663
2025-03-09 07:00:00,2994.157,847.0,432.082
2025-03-09 07:15:00,2994.157,847.0,432.082
2025-03-09 07:30:00,2994.157,847.0,432.082
2025-03-09 07:45:00,2994.157,847.0,432.082
2025-03-09 08:00:00,7557.72,669.499,581.336
2025-03-09 08:15:00,7557.72,669.499,581.336
2025-03-09 08:30:00,7557.72,669.499,581.336
2025-03-09 08:45:00,7557.72,669.499,581.336
2025-03-09 09:00:00,11369.579,579.25,841.274
2025-03-09 09:15:00,11369.579,579.25,841.274
2025-03-09 09:30:00,11369.579,579.25,841.274
2025-03-09 09:45:00,11369.579,579.25,841.274
2025-03-09 10:00:00,14060.696,279.749,928.115
2025-03-09 10:15:00,14060.696,279.749,928.115
2025-03-09 10:30:00,14060.696,279.749,928.115
2025-03-09 10:45:00,14060.696,279.749,928.115
2025-03-09 11:00:00,15353.798,200.999,988.906
2025-03-09 11:15:00,15353.798,200.999,988.906
2025-03-09 11:30:00,15353.798,200.999,988.906
2025-03-09 11:45:00,15353.798,200.999,988.906
2025-03-09 12:00:00,15197.007,309.5,1373.379
2025-03-09 12:15:00,15197.007,309.5,1373.379
2025-03-09 12:30:00,15197.007,309.5,1373.379
2025-03-09 12:45:00,15197.007,309.5,1373.379
2025-03-09 13:00:00,13563.116,371.5,1480.46
2025-03-09 13:15:00,13563.116,371.5,1480.46
2025-03-09 13:30:00,13563.116,371.5,1480.46
2025-03-09 13:45:00,13563.116,371.5,1480.46
2025-03-09 14:00:00,10654.152,661.25,1338.679
2025-03-09 14:15:00,10654.152,661.25,1338.679
2025-03-09 14:30:00,10654.152,661.25,1338.679
2025-03-09 14:45:00,10654.152,661.25,1338.679
2025-03-09 15:00:00,6991.519,628.0,989.877
2025-03-09 15:15:00,6991.519,628.0,989.877
2025-03-09 15:30:00,6991.519,628.0,989.877
2025-03-09 15:45:00,6991.519,628.0,989.877
2025-03-09 16:00:00,3247.324,665.001,579.714
2025-03-09 16:15:00,3247.324,665.001,579.714
2025-03-09 16:30:00,3247.324,665.001,579.714
2025-03-09 16:45:00,3247.324,665.001,579.714
2025-03-09 17:00:00,445.619,698.749,389.748
2025-03-09 17:15:00,445.619,698.749,389.748
2025-03-09 17:30:00,445.619,698.749,389.748
2025-03-09 17:45:00,445.619,698.749,389.748
2025-03-09 18:00:00,0.0,975.75,356.307
2025-03-09 18:15:00,0.0,975.75,356.307
2025-03-09 18:30:00,0.0,975.75,356.307
2025-03-09 18:45:00,0.0,975.75,356.307
2025-03-09 19:00:00,0.0,1154.0,371.45
2025-03-09 19:15:00,0.0,1154.0,371.45
2025-03-09 19:30:00,0.0,1154.0,371.45
2025-03-09 19:45:00,0.0,1154.0,371.45
2025-03-09 20:00:00,0.0,1080.001,373.072
2025-03-09 20:15:00,0.0,1080.001,373.072
2025-03-09 20:30:00,0.0,1080.001,373.072
2025-03-09 20:45:00,0.0,1080.001,373.072
2025-03-09 21:00:00,0.0,1069.249,246.596
2025-03-09 21:15:00,0.0,1069.249,246.596
2025-03-09 21:30:00,0.0,1069.249,246.596
2025-03-09 21:45:00,0.0,1069.249,246.596
2025-03-09 22:00:00,0.0,986.75,162.406
2025-03-09 22:15:00,0.0,986.75,162.406
2025-03-09 22:30:00,0.0,986.75,162.406
2025-03-09 22:45:00,0.0,986.75,162.406
2025-03-09 23:00:00,0.0,767.501,143.363
2025-03-09 23:15:00,0.0,767.501,143.363
2025-03-09 23:30:00,0.0,767.501,143.363
2025-03-09 23:45:00,0.0,767.501,143.363
2025-03-10 00:00:00,0.0,565.002,125.091
2025-03-10 00:15:00,0.0,565.002,125.091
2025-03-10 00:30:00,0.0,565.002,125.091
2025-03-10 00:45:00,0.0,565.002,125.091
2025-03-10 01:00:00,0.0,402.499,81.937
2025-03-10 01:15:00,0.0,402.499,81.937
2025-03-10 01:30:00,0.0,402.499,81.937
2025-03-10 01:45:00,0.0,402.499,81.937
2025-03-10 02:00:00,0.0,312.999,76.488
2025-03-10 02:15:00,0.0,312.999,76.488
2025-03-10 02:30:00,0.0,312.999,76.488
2025-03-10 02:45:00,0.0,312.999,76.488
2025-03-10 03:00:00,0.0,247.5,69.103
2025-03-10 03:15:00,0.0,247.5,69.103
2025-03-10 03:30:00,0.0,247.5,69.103
2025-03-10 03:45:00,0.0,247.5,69.103
2025-03-10 04:00:00,0.0,251.25,42.245
2025-03-10 04:15:00,0.0,251.25,42.245
2025-03-10 04:30:00,0.0,251.25,42.245
2025-03-10 04:45:00,0.0,251.25,42.245
2025-03-10 05:00:00,0.0,365.499,77.42
2025-03-10 05:15:00,0.0,365.499,77.42
2025-03-10 05:30:00,0.0,365.499,77.42
2025-03-10 05:45:00,0.0,365.499,77.42
2025-03-10 06:00:00,300.658,479.75,151.741
2025-03-10 06:15:00,300.658,479.75,151.741
2025-03-10 06:30:00,300.658,479.75,151.741
2025-03-10 06:45:00,300.658,479.75,151.741
2025-03-10 07:00:00,3240.893,776.5,141.335
2025-03-10 07:15:00,3240.893,776.5,141.335
2025-03-10 07:30:00,3240.893,776.5,141.335
2025-03-10 07:45:00,3240.893,776.5,141.335
2025-03-10 08:00:00,7726.373,827.0,111.677
2025-03-10 08:15:00,7726.373,827.0,111.677
2025-03-10 08:30:00,7726.373,827.0,111.677
2025-03-10 08:45:00,7726.373,827.0,111.677
2025-03-10 09:00:00,11392.689,712.75,431.265
2025-03-10 09:15:00,11392.689,712.75,431.265
2025-03-10 09:30:00,11392.689,712.75,431.265
2025-03-10 09:45:00,11392.689,712.75,431.265
2025-03-10 10:00:00,14078.514,705.501,613.224
2025-03-10 10:15:00,14078.514,705.501,613.224
2025-03-10 10:30:00,14078.514,705.501,613.224
2025-03-10 10:45:00,14078.514,705.501,613.224
2025-03-10 11:00:00,15754.525,613.75,711.975
2025-03-10 11:15:00,15754.525,613.75,711.975
2025-03-10 11:30:00,15754.525,613.75,711.975
2025-03-10 11:45:00,15754.525,613.75,711.975
2025-03-10 12:00:00,15678.692,560.502,714.513
2025-03-10 12:15:00,15678.692,560.502,714.513
2025-03-10 12:30:00,15678.692,560.502,714.513
2025-03-10 12:45:00,15678.692,560.502,714.513
2025-03-10 13:00:00,14279.033,576.75,675.484
2025-03-10 13:15:00,14279.033,576.75,675.484
2025-03-10 13:30:00,14279.033,576.75,675.484
2025-03-10 13:45:00,14279.033,576.75,675.484
2025-03-10 14:00:00,11573.294,638.25,998.705
2025-03-10 14:15:00,11573.294,638.25,998.705
2025-03-10 14:30:00,11573.294,638.25,998.705
2025-03-10 14:45:00,11573.294,638.25,998.705
2025-03-10 15:00:00,7516.379,804.749,1083.942
2025-03-10 15:15:00,7516.379,804.749,1083.942
2025-03-10 15:30:00,7516.379,804.749,1083.942
2025-03-10 15:45:00,7516.379,804.749,1083.942
2025-03-10 16:00:00,3226.06,1048.0,1080.629
2025-03-10 16:15:00,3226.06,1048.0,1080.629
2025-03-10 16:30:00,3226.06,1048.0,1080.629
2025-03-10 16:45:00,3226.06,1048.0,1080.629
2025-03-10 17:00:00,337.479,1453.5,836.009
2025-03-10 17:15:00,337.479,1453.5,836.009
2025-03-10 17:30:00,337.479,1453.5,836.009
2025-03-10 17:45:00,337.479,1453.5,836.009
2025-03-10 18:00:00,0.0,1656.75,555.547
2025-03-10 18:15:00,0.0,1656.75,555.547
2025-03-10 18:30:00,0.0,1656.75,555.547
2025-03-10 18:45:00,0.0,1656.75,555.547
2025-03-10 19:00:00,0.0,1696.248,463.014
2025-03-10 19:15:00,0.0,1696.248,463.014
2025-03-10 19:30:00,0.0,1696.248,463.014
2025-03-10 19:45:00,0.0,1696.248,463.014
2025-03-10 20:00:00,0.0,1841.25,383.987
2025-03-10 20:15:00,0.0,1841.25,383.987
2025-03-10 20:30:00,0.0,1841.25,383.987
2025-03-10 20:45:00,0.0,1841.25,383.987
2025-03-10 21:00:00,0.0,1690.0,375.543
2025-03-10 21:15:00,0.0,1690.0,375.543
2025-03-10 21:30:00,0.0,1690.0,375.543
2025-03-10 21:45:00,0.0,1690.0,375.543
2025-03-10 22:00:00,0.0,1510.0,579.574
2025-03-10 22:15:00,0.0,1510.0,579.574
2025-03-10 22:30:00,0.0,1510.0,579.574
2025-03-10 22:45:00,0.0,1510.0,579.574
2025-03-10 23:00:00,0.0,1783.501,799.921
2025-03-10 23:15:00,0.0,1783.501,799.921
2025-03-10 23:30:00,0.0,1783.501,799.921
2025-03-10 23:45:00,0.0,1783.501,799.921
2025-03-11 00:00:00,0.0,1650.252,1080.267
2025-03-11 00:15:00,0.0,1650.252,1080.267
2025-03-11 00:30:00,0.0,1650.252,1080.267
2025-03-11 00:45:00,0.0,1650.252,1080.267
2025-03-11 01:00:00,0.0,1576.5,1257.886
2025-03-11 01:15:00,0.0,1576.5,1257.886
2025-03-11 01:30:00,0.0,1576.5,1257.886
2025-03-11 01:45:00,0.0,1576.5,1257.886
2025-03-11 02:00:00,0.0,2011.752,1272.648
2025-03-11 02:15:00,0.0,2011.752,1272.648
2025-03-11 02:30:00,0.0,2011.752,1272.648
2025-03-11 02:45:00,0.0,2011.752,1272.648
2025-03-11 03:00:00,0.0,2565.751,1559.565
2025-03-11 03:15:00,0.0,2565.751,1559.565
2025-03-11 03:30:00,0.0,2565.751,1559.565
2025-03-11 03:45:00,0.0,2565.751,1559.565
2025-03-11 04:00:00,0.0,2602.75,1590.597
2025-03-11 04:15:00,0.0,2602.75,1590.597
2025-03-11 04:30:00,0.0,2602.75,1590.597
2025-03-11 04:45:00,0.0,2602.75,1590.597
2025-03-11 05:00:00,0.0,2669.25,1934.483
2025-03-11 05:15:00,0.0,2669.25,1934.483
2025-03-11 05:30:00,0.0,2669.25,1934.483
2025-03-11 05:45:00,0.0,2669.25,1934.483
2025-03-11 06:00:00,95.384,2320.251,1567.969
2025-03-11 06:15:00,95.384,2320.251,1567.969
2025-03-11 06:30:00,95.384,2320.251,1567.969
2025-03-11 06:45:00,95.384,2320.251,1567.969
2025-03-11 07:00:00,851.328,2117.75,1339.431
2025-03-11 07:15:00,851.328,2117.75,1339.431
2025-03-11 07:30:00,851.328,2117.75,1339.431
2025-03-11 07:45:00,851.328,2117.75,1339.431
2025-03-11 08:00:00,2204.104,1814.751,1594.678
2025-03-11 08:15:00,2204.104,1814.751,1594.678
2025-03-11 08:30:00,2204.104,1814.751,1594.678
2025-03-11 08:45:00,2204.104,1814.751,1594.678
2025-03-11 09:00:00,3512.346,1644.751,1975.58
2025-03-11 09:15:00,3512.346,1644.751,1975.58
2025-03-11 09:30:00,3512.346,1644.751,1975.58
2025-03-11 09:45:00,3512.346,1644.751,1975.58
2025-03-11 10:00:00,4881.54,1391.251,2189.555
2025-03-11 10:15:00,4881.54,1391.251,2189.555
2025-03-11 10:30:00,4881.54,1391.251,2189.555
2025-03-11 10:45:00,4881.54,1391.251,2189.555
2025-03-11 11:00:00,6257.232,1345.5,2515.626
2025-03-11 11:15:00,6257.232,1345.5,2515.626
2025-03-11 11:30:00,6257.232,1345.5,2515.626
2025-03-11 11:45:00,6257.232,1345.5,2515.626
2025-03-11 12:00:00,8363.954,1570.75,2778.594
2025-03-11 12:15:00,8363.954,1570.75,2778.594
2025-03-11 12:30:00,8363.954,1570.75,2778.594
2025-03-11 12:45:00,8363.954,1570.75,2778.594
2025-03-11 13:00:00,7387.947,1678.999,3230.213
2025-03-11 13:15:00,7387.947,1678.999,3230.213
2025-03-11 13:30:00,7387.947,1678.999,3230.213
2025-03-11 13:45:00,7387.947,1678.999,3230.213
2025-03-11 14:00:00,6795.547,1725.249,3441.832
2025-03-11 14:15:00,6795.547,1725.249,3441.832
2025-03-11 14:30:00,6795.547,1725.249,3441.832
2025-03-11 14:45:00,6795.547,1725.249,3441.832
2025-03-11 15:00:00,5822.888,2052.25,3471.399
2025-03-11 15:15:00,5822.888,2052.25,3471.399
2025-03-11 15:30:00,5822.888,2052.25,3471.399
2025-03-11 15:45:00,5822.888,2052.25,3471.399
2025-03-11 16:00:00,2548.646,2159.25,3333.115
2025-03-11 16:15:00,2548.646,2159.25,3333.115
2025-03-11 16:30:00,2548.646,2159.25,3333.115
2025-03-11 16:45:00,2548.646,2159.25,3333.115
2025-03-11 17:00:00,346.572,2269.5,2630.318
2025-03-11 17:15:00,346.572,2269.5,2630.318
2025-03-11 17:30:00,346.572,2269.5,2630.318
2025-03-11 17:45:00,346.572,2269.5,2630.318
2025-03-11 18:00:00,0.0,1877.75,1739.711
2025-03-11 18:15:00,0.0,1877.75,1739.711
2025-03-11 18:30:00,0.0,1877.75,1739.711
2025-03-11 18:45:00,0.0,1877.75,1739.711
2025-03-11 19:00:00,0.0,1527.75,1362.745
2025-03-11 19:15:00,0.0,1527.75,1362.745
2025-03-11 19:30:00,0.0,1527.75,1362.745
2025-03-11 19:45:00,0.0,1527.75,1362.745
2025-03-11 20:00:00,0.0,1261.0,1049.928
2025-03-11 20:15:00,0.0,1261.0,1049.928
2025-03-11 20:30:00,0.0,1261.0,1049.928
2025-03-11 20:45:00,0.0,1261.0,1049.928
2025-03-11 21:00:00,0.0,1051.5,912.421
2025-03-11 21:15:00,0.0,1051.5,912.421
2025-03-11 21:30:00,0.0,1051.5,912.421
2025-03-11 21:45:00,0.0,1051.5,912.421
2025-03-11 22:00:00,0.0,1220.249,629.967
2025-03-11 22:15:00,0.0,1220.249,629.967
2025-03-11 22:30:00,0.0,1220.249,629.967
2025-03-11 22:45:00,0.0,1220.249,629.967
2025-03-11 23:00:00,0.0,1396.75,457.983
2025-03-11 23:15:00,0.0,1396.75,457.983
2025-03-11 23:30:00,0.0,1396.75,457.983
2025-03-11 23:45:00,0.0,1396.75,457.983
2025-03-12 00:00:00,0.0,1272.749,487.111
2025-03-12 00:15:00,0.0,1272.749,487.111
2025-03-12 00:30:00,0.0,1272.749,487.111
2025-03-12 00:45:00,0.0,1272.749,487.111
2025-03-12 01:00:00,0.0,1378.25,555.627
2025-03-12 01:15:00,0.0,1378.25,555.627
2025-03-12 01:30:00,0.0,1378.25,555.627
2025-03-12 01:45:00,0.0,1378.25,555.627
2025-03-12 02:00:00,0.0,1460.5,530.832
2025-03-12 02:15:00,0.0,1460.5,530.832
2025-03-12 02:30:00,0.0,1460.5,530.832
2025-03-12 02:45:00,0.0,1460.5,530.832
2025-03-12 03:00:00,0.0,1684.0,492.422
2025-03-12 03:15:00,0.0,1684.0,492.422
2025-03-12 03:30:00,0.0,1684.0,492.422
2025-03-12 03:45:00,0.0,1684.0,492.422
2025-03-12 04:00:00,0.0,1389.0,551.248
2025-03-12 04:15:00,0.0,1389.0,551.248
2025-03-12 04:30:00,0.0,1389.0,551.248
2025-03-12 04:45:00,0.0,1389.0,551.248
2025-03-12 05:00:00,0.0,1136.748,578.093
2025-03-12 05:15:00,0.0,1136.748,578.093
2025-03-12 05:30:00,0.0,1136.748,578.093
2025-03-12 05:45:00,0.0,1136.748,578.093
2025-03-12 06:00:00,277.811,1123.251,665.916
2025-03-12 06:15:00,277.811,1123.251,665.916
2025-03-12 06:30:00,277.811,1123.251,665.916
2025-03-12 06:45:00,277.811,1123.251,665.916
2025-03-12 07:00:00,2571.217,1162.5,785.921
2025-03-12 07:15:00,2571.217,1162.5,785.921
2025-03-12 07:30:00,2571.217,1162.5,785.921
2025-03-12 07:45:00,2571.217,1162.5,785.921
2025-03-12 08:00:00,6202.289,1017.75,1346.02
2025-03-12 08:15:00,6202.289,1017.75,1346.02
2025-03-12 08:30:00,6202.289,1017.75,1346.02
2025-03-12 08:45:00,6202.289,1017.75,1346.02
2025-03-12 09:00:00,8920.041,851.25,1743.478
2025-03-12 09:15:00,8920.041,851.25,1743.478
2025-03-12 09:30:00,8920.041,851.25,1743.478
2025-03-12 09:45:00,8920.041,851.25,1743.478
2025-03-12 10:00:00,10482.082,764.5,1927.686
2025-03-12 10:15:00,10482.082,764.5,1927.686
2025-03-12 10:30:00,10482.082,764.5,1927.686
2025-03-12 10:45:00,10482.082,764.5,1927.686
2025-03-12 11:00:00,11500.893,726.5,2321.774
2025-03-12 11:15:00,11500.893,726.5,2321.774
2025-03-12 11:30:00,11500.893,726.5,2321.774
2025-03-12 11:45:00,11500.893,726.5,2321.774
2025-03-12 12:00:00,10367.459,622.0,2245.809
2025-03-12 12:15:00,10367.459,622.0,2245.809
2025-03-12 12:30:00,10367.459,622.0,2245.809
2025-03-12 12:45:00,10367.459,622.0,2245.809
2025-03-12 13:00:00,9157.573,540.75,2392.477
2025-03-12 13:15:00,9157.573,540.75,2392.477
2025-03-12 13:30:00,9157.573,540.75,2392.477
2025-03-12 13:45:00,9157.573,540.75,2392.477
2025-03-12 14:00:00,7594.315,430.0,2188.345
2025-03-12 14:15:00,7594.315,430.0,2188.345
2025-03-12 14:30:00,7594.315,430.0,2188.345
2025-03-12 14:45:00,7594.315,430.0,2188.345
2025-03-12 15:00:00,5994.225,298.749,1875.483
2025-03-12 15:15:00,5994.225,298.749,1875.483
2025-03-12 15:30:00,5994.225,298.749,1875.483
2025-03-12 15:45:00,5994.225,298.749,1875.483
2025-03-12 16:00:00,3083.759,405.75,1564.045
2025-03-12 16:15:00,3083.759,405.75,1564.045
2025-03-12 16:30:00,3083.759,405.75,1564.045
2025-03-12 16:45:00,3083.759,405.75,1564.045
2025-03-12 17:00:00,533.063,234.5,661.044
2025-03-12 17:15:00,533.063,234.5,661.044
2025-03-12 17:30:00,533.063,234.5,661.044
2025-03-12 17:45:00,533.063,234.5,661.044
2025-03-12 18:00:00,0.0,182.751,230.02
2025-03-12 18:15:00,0.0,182.751,230.02
2025-03-12 18:30:00,0.0,182.751,230.02
2025-03-12 18:45:00,0.0,182.751,230.02
2025-03-12 19:00:00,0.0,181.5,84.476
2025-03-12 19:15:00,0.0,181.5,84.476
2025-03-12 19:30:00,0.0,181.5,84.476
2025-03-12 19:45:00,0.0,181.5,84.476
2025-03-12 20:00:00,0.0,261.0,48.302
2025-03-12 20:15:00,0.0,261.0,48.302
2025-03-12 20:30:00,0.0,261.0,48.302
2025-03-12 20:45:00,0.0,261.0,48.302
2025-03-12 21:00:00,0.0,308.75,34.815
2025-03-12 21:15:00,0.0,308.75,34.815
2025-03-12 21:30:00,0.0,308.75,34.815
2025-03-12 21:45:00,0.0,308.75,34.815
2025-03-12 22:00:00,0.0,369.25,68.178
2025-03-12 22:15:00,0.0,369.25,68.178
2025-03-12 22:30:00,0.0,369.25,68.178
2025-03-12 22:45:00,0.0,369.25,68.178
2025-03-12 23:00:00,0.0,456.0,76.396
2025-03-12 23:15:00,0.0,456.0,76.396
2025-03-12 23:30:00,0.0,456.0,76.396
2025-03-12 23:45:00,0.0,456.0,76.396
2025-03-13 00:00:00,0.0,680.751,122.633
2025-03-13 00:15:00,0.0,680.751,122.633
2025-03-13 00:30:00,0.0,680.751,122.633
2025-03-13 00:45:00,0.0,680.751,122.633
2025-03-13 01:00:00,0.0,827.25,158.775
2025-03-13 01:15:00,0.0,827.25,158.775
2025-03-13 01:30:00,0.0,827.25,158.775
2025-03-13 01:45:00,0.0,827.25,158.775
2025-03-13 02:00:00,0.0,569.5,134.614
2025-03-13 02:15:00,0.0,569.5,134.614
2025-03-13 02:30:00,0.0,569.5,134.614
2025-03-13 02:45:00,0.0,569.5,134.614
2025-03-13 03:00:00,0.0,560.001,107.3
2025-03-13 03:15:00,0.0,560.001,107.3
2025-03-13 03:30:00,0.0,560.001,107.3
2025-03-13 03:45:00,0.0,560.001,107.3
2025-03-13 04:00:00,0.0,661.75,118.618
2025-03-13 04:15:00,0.0,661.75,118.618
2025-03-13 04:30:00,0.0,661.75,118.618
2025-03-13 04:45:00,0.0,661.75,118.618
2025-03-13 05:00:00,0.0,656.75,88.899
2025-03-13 05:15:00,0.0,656.75,88.899
2025-03-13 05:30:00,0.0,656.75,88.899
2025-03-13 05:45:00,0.0,656.75,88.899
2025-03-13 06:00:00,396.857,797.251,132.911
2025-03-13 06:15:00,396.857,797.251,132.911
2025-03-13 06:30:00,396.857,797.251,132.911
2025-03-13 06:45:00,396.857,797.251,132.911
2025-03-13 07:00:00,3160.798,954.25,226.678
2025-03-13 07:15:00,3160.798,954.25,226.678
2025-03-13 07:30:00,3160.798,954.25,226.678
2025-03-13 07:45:00,3160.798,954.25,226.678
2025-03-13 08:00:00,6330.178,863.75,423.447
2025-03-13 08:15:00,6330.178,863.75,423.447
2025-03-13 08:30:00,6330.178,863.75,423.447
2025-03-13 08:45:00,6330.178,863.75,423.447
2025-03-13 09:00:00,8996.486,1256.5,539.815
2025-03-13 09:15:00,8996.486,1256.5,539.815
2025-03-13 09:30:00,8996.486,1256.5,539.815
2025-03-13 09:45:00,8996.486,1256.5,539.815
2025-03-13 10:00:00,9214.502,1317.75,938.598
2025-03-13 10:15:00,9214.502,1317.75,938.598
2025-03-13 10:30:00,9214.502,1317.75,938.598
2025-03-13 10:45:00,9214.502,1317.75,938.598
2025-03-13 11:00:00,8975.561,1422.498,1462.452
2025-03-13 11:15:00,8975.561,1422.498,1462.452
2025-03-13 11:30:00,8975.561,1422.498,1462.452
2025-03-13 11:45:00,8975.561,1422.498,1462.452
2025-03-13 12:00:00,8209.145,1422.498,2048.649
2025-03-13 12:15:00,8209.145,1422.498,2048.649
2025-03-13 12:30:00,8209.145,1422.498,2048.649
2025-03-13 12:45:00,8209.145,1422.498,2048.649
2025-03-13 13:00:00,7754.817,1390.0,2489.446
2025-03-13 13:15:00,7754.817,1390.0,2489.446
2025-03-13 13:30:00,7754.817,1390.0,2489.446
2025-03-13 13:45:00,7754.817,1390.0,2489.446
2025-03-13 14:00:00,5970.972,1346.5,2751.65
2025-03-13 14:15:00,5970.972,1346.5,2751.65
2025-03-13 14:30:00,5970.972,1346.5,2751.65
2025-03-13 14:45:00,5970.972,1346.5,2751.65
2025-03-13 15:00:00,4579.465,1420.249,3246.476
2025-03-13 15:15:00,4579.465,1420.249,3246.476
2025-03-13 15:30:00,4579.465,1420.249,3246.476
2025-03-13 15:45:00,4579.465,1420.249,3246.476
2025-03-13 16:00:00,2048.402,1696.5,2950.16
2025-03-13 16:15:00,2048.402,1696.5,2950.16
2025-03-13 16:30:00,2048.402,1696.5,2950.16
2025-03-13 16:45:00,2048.402,1696.5,2950.16
2025-03-13 17:00:00,386.832,1296.251,2258.093
2025-03-13 17:15:00,386.832,1296.251,2258.093
2025-03-13 17:30:00,386.832,1296.251,2258.093
2025-03-13 17:45:00,386.832,1296.251,2258.093
2025-03-13 18:00:00,0.0,1344.75,1356.864
2025-03-13 18:15:00,0.0,1344.75,1356.864
2025-03-13 18:30:00,0.0,1344.75,1356.864
2025-03-13 18:45:00,0.0,1344.75,1356.864
2025-03-13 19:00:00,0.0,1158.25,754.135
2025-03-13 19:15:00,0.0,1158.25,754.135
2025-03-13 19:30:00,0.0,1158.25,754.135
2025-03-13 19:45:00,0.0,1158.25,754.135
2025-03-13 20:00:00,0.0,1194.25,519.521
2025-03-13 20:15:00,0.0,1194.25,519.521
2025-03-13 20:30:00,0.0,1194.25,519.521
2025-03-13 20:45:00,0.0,1194.25,519.521
2025-03-13 21:00:00,0.0,800.249,310.635
2025-03-13 21:15:00,0.0,800.249,310.635
2025-03-13 21:30:00,0.0,800.249,310.635
2025-03-13 21:45:00,0.0,800.249,310.635
2025-03-13 22:00:00,0.0,791.25,292.864
2025-03-13 22:15:00,0.0,791.25,292.864
2025-03-13 22:30:00,0.0,791.25,292.864
2025-03-13 22:45:00,0.0,791.25,292.864
2025-03-13 23:00:00,0.0,719.25,120.697
2025-03-13 23:15:00,0.0,719.25,120.697
2025-03-13 23:30:00,0.0,719.25,120.697
2025-03-13 23:45:00,0.0,719.25,120.697
2025-03-14 00:00:00,0.0,669.0,66.206
2025-03-14 00:15:00,0.0,669.0,66.206
2025-03-14 00:30:00,0.0,669.0,66.206
2025-03-14 00:45:00,0.0,669.0,66.206
2025-03-14 01:00:00,0.0,539.0,36.25
2025-03-14 01:15:00,0.0,539.0,36.25
2025-03-14 01:30:00,0.0,539.0,36.25
2025-03-14 01:45:00,0.0,539.0,36.25
2025-03-14 02:00:00,0.0,711.5,25.841
2025-03-14 02:15:00,0.0,711.5,25.841
2025-03-14 02:30:00,0.0,711.5,25.841
2025-03-14 02:45:00,0.0,711.5,25.841
2025-03-14 03:00:00,0.0,641.749,49.454
2025-03-14 03:15:00,0.0,641.749,49.454
2025-03-14 03:30:00,0.0,641.749,49.454
2025-03-14 03:45:00,0.0,641.749,49.454
2025-03-14 04:00:00,0.0,614.25,114.961
2025-03-14 04:15:00,0.0,614.25,114.961
2025-03-14 04:30:00,0.0,614.25,114.961
2025-03-14 04:45:00,0.0,614.25,114.961
2025-03-14 05:00:00,0.0,496.5,86.18
2025-03-14 05:15:00,0.0,496.5,86.18
2025-03-14 05:30:00,0.0,496.5,86.18
2025-03-14 05:45:00,0.0,496.5,86.18
2025-03-14 06:00:00,542.343,415.251,41.973
2025-03-14 06:15:00,542.343,415.251,41.973
2025-03-14 06:30:00,542.343,415.251,41.973
2025-03-14 06:45:00,542.343,415.251,41.973
2025-03-14 07:00:00,4251.851,300.25,64.239
2025-03-14 07:15:00,4251.851,300.25,64.239
2025-03-14 07:30:00,4251.851,300.25,64.239
2025-03-14 07:45:00,4251.851,300.25,64.239
2025-03-14 08:00:00,7899.224,420.5,58.579
2025-03-14 08:15:00,7899.224,420.5,58.579
2025-03-14 08:30:00,7899.224,420.5,58.579
2025-03-14 08:45:00,7899.224,420.5,58.579
2025-03-14 09:00:00,9684.162,474.252,414.831
2025-03-14 09:15:00,9684.162,474.252,414.831
2025-03-14 09:30:00,9684.162,474.252,414.831
2025-03-14 09:45:00,9684.162,474.252,414.831
2025-03-14 10:00:00,11035.128,421.25,960.394
2025-03-14 10:15:00,11035.128,421.25,960.394
2025-03-14 10:30:00,11035.128,421.25,960.394
2025-03-14 10:45:00,11035.128,421.25,960.394
2025-03-14 11:00:00,10391.415,454.25,1295.572
2025-03-14 11:15:00,10391.415,454.25,1295.572
2025-03-14 11:30:00,10391.415,454.25,1295.572
2025-03-14 11:45:00,10391.415,454.25,1295.572
2025-03-14 12:00:00,9833.601,746.5,1880.235
2025-03-14 12:15:00,9833.601,746.5,1880.235
2025-03-14 12:30:00,9833.601,746.5,1880.235
2025-03-14 12:45:00,9833.601,746.5,1880.235
2025-03-14 13:00:00,8320.726,1018.001,2230.351
2025-03-14 13:15:00,8320.726,1018.001,2230.351
2025-03-14 13:30:00,8320.726,1018.001,2230.351
2025-03-14 13:45:00,8320.726,1018.001,2230.351
2025-03-14 14:00:00,7114.603,1283.5,2742.873
2025-03-14 14:15:00,7114.603,1283.5,2742.873
2025-03-14 14:30:00,7114.603,1283.5,2742.873
2025-03-14 14:45:00,7114.603,1283.5,2742.873
2025-03-14 15:00:00,5408.241,1485.0,3304.736
2025-03-14 15:15:00,5408.241,1485.0,3304.736
2025-03-14 15:30:00,5408.241,1485.0,3304.736
2025-03-14 15:45:00,5408.241,1485.0,3304.736
2025-03-14 16:00:00,3172.065,1774.749,3367.06
2025-03-14 16:15:00,3172.065,1774.749,3367.06
2025-03-14 16:30:00,3172.065,1774.749,3367.06
2025-03-14 16:45:00,3172.065,1774.749,3367.06
2025-03-14 17:00:00,662.827,2198.751,3164.041
2025-03-14 17:15:00,662.827,2198.751,3164.041
2025-03-14 17:30:00,662.827,2198.751,3164.041
2025-03-14 17:45:00,662.827,2198.751,3164.041
2025-03-14 18:00:00,0.0,2596.75,2277.971
2025-03-14 18:15:00,0.0,2596.75,2277.971
2025-03-14 18:30:00,0.0,2596.75,2277.971
2025-03-14 18:45:00,0.0,2596.75,2277.971
2025-03-14 19:00:00,0.0,2665.5,1815.538
2025-03-14 19:15:00,0.0,2665.5,1815.538
2025-03-14 19:30:00,0.0,2665.5,1815.538
2025-03-14 19:45:00,0.0,2665.5,1815.538
2025-03-14 20:00:00,0.0,2895.0,1741.538
2025-03-14 20:15:00,0.0,2895.0,1741.538
2025-03-14 20:30:00,0.0,2895.0,1741.538
2025-03-14 20:45:00,0.0,2895.0,1741.538
2025-03-14 21:00:00,0.0,3259.5,1728.383
2025-03-14 21:15:00,0.0,3259.5,1728.383
2025-03-14 21:30:00,0.0,3259.5,1728.383
2025-03-14 21:45:00,0.0,3259.5,1728.383
2025-03-14 22:00:00,0.0,3101.001,1516.127
2025-03-14 22:15:00,0.0,3101.001,1516.127
2025-03-14 22:30:00,0.0,3101.001,1516.127
2025-03-14 22:45:00,0.0,3101.001,1516.127
2025-03-14 23:00:00,0.0,3012.999,1399.68
2025-03-14 23:15:00,0.0,3012.999,1399.68
2025-03-14 23:30:00,0.0,3012.999,1399.68
2025-03-14 23:45:00,0.0,3012.999,1399.68
2025-03-15 00:00:00,0.0,2643.75,1133.184
2025-03-15 00:15:00,0.0,2643.75,1133.184
2025-03-15 00:30:00,0.0,2643.75,1133.184
2025-03-15 00:45:00,0.0,2643.75,1133.184
2025-03-15 01:00:00,0.0,2449.5,1167.714
2025-03-15 01:15:00,0.0,2449.5,1167.714
2025-03-15 01:30:00,0.0,2449.5,1167.714
2025-03-15 01:45:00,0.0,2449.5,1167.714
2025-03-15 02:00:00,0.0,2142.5,1305.854
2025-03-15 02:15:00,0.0,2142.5,1305.854
2025-03-15 02:30:00,0.0,2142.5,1305.854
2025-03-15 02:45:00,0.0,2142.5,1305.854
2025-03-15 03:00:00,0.0,2558.0,1429.123
2025-03-15 03:15:00,0.0,2558.0,1429.123
2025-03-15 03:30:00,0.0,2558.0,1429.123
2025-03-15 03:45:00,0.0,2558.0,1429.123
2025-03-15 04:00:00,0.0,2688.0,1313.604
2025-03-15 04:15:00,0.0,2688.0,1313.604
2025-03-15 04:30:00,0.0,2688.0,1313.604
2025-03-15 04:45:00,0.0,2688.0,1313.604
2025-03-15 05:00:00,0.0,3064.501,1255.169
2025-03-15 05:15:00,0.0,3064.501,1255.169
2025-03-15 05:30:00,0.0,3064.501,1255.169
2025-03-15 05:45:00,0.0,3064.501,1255.169
2025-03-15 06:00:00,472.066,3354.5,1322.042
2025-03-15 06:15:00,472.066,3354.5,1322.042
2025-03-15 06:30:00,472.066,3354.5,1322.042
2025-03-15 06:45:00,472.066,3354.5,1322.042
2025-03-15 07:00:00,3479.901,3263.251,1604.541
2025-03-15 07:15:00,3479.901,3263.251,1604.541
2025-03-15 07:30:00,3479.901,3263.251,1604.541
2025-03-15 07:45:00,3479.901,3263.251,1604.541
2025-03-15 08:00:00,7690.352,3121.0,3042.423
2025-03-15 08:15:00,7690.352,3121.0,3042.423
2025-03-15 08:30:00,7690.352,3121.0,3042.423
2025-03-15 08:45:00,7690.352,3121.0,3042.423
2025-03-15 09:00:00,10858.221,2532.0,4208.435
2025-03-15 09:15:00,10858.221,2532.0,4208.435
2025-03-15 09:30:00,10858.221,2532.0,4208.435
2025-03-15 09:45:00,10858.221,2532.0,4208.435
2025-03-15 10:00:00,13592.595,2035.25,4306.017
2025-03-15 10:15:00,13592.595,2035.25,4306.017
2025-03-15 10:30:00,13592.595,2035.25,4306.017
2025-03-15 10:45:00,13592.595,2035.25,4306.017
2025-03-15 11:00:00,13862.009,1697.5,3954.248
2025-03-15 11:15:00,13862.009,1697.5,3954.248
2025-03-15 11:30:00,13862.009,1697.5,3954.248
2025-03-15 11:45:00,13862.009,1697.5,3954.248
2025-03-15 12:00:00,13493.388,1503.75,3700.686
2025-03-15 12:15:00,13493.388,1503.75,3700.686
2025-03-15 12:30:00,13493.388,1503.75,3700.686
2025-03-15 12:45:00,13493.388,1503.75,3700.686
2025-03-15 13:00:00,11734.781,1709.0,3668.616
2025-03-15 13:15:00,11734.781,1709.0,3668.616
2025-03-15 13:30:00,11734.781,1709.0,3668.616
2025-03-15 13:45:00,11734.781,1709.0,3668.616
2025-03-15 14:00:00,10584.846,2372.25,3949.858
2025-03-15 14:15:00,10584.846,2372.25,3949.858
2025-03-15 14:30:00,10584.846,2372.25,3949.858
2025-03-15 14:45:00,10584.846,2372.25,3949.858
2025-03-15 15:00:00,7208.31,2884.5,4385.281
2025-03-15 15:15:00,7208.31,2884.5,4385.281
2025-03-15 15:30:00,7208.31,2884.5,4385.281
2025-03-15 15:45:00,7208.31,2884.5,4385.281
2025-03-15 16:00:00,3214.579,3107.25,4530.891
2025-03-15 16:15:00,3214.579,3107.25,4530.891
2025-03-15 16:30:00,3214.579,3107.25,4530.891
2025-03-15 16:45:00,3214.579,3107.25,4530.891
2025-03-15 17:00:00,708.216,3342.499,4102.992
2025-03-15 17:15:00,708.216,3342.499,4102.992
2025-03-15 17:30:00,708.216,3342.499,4102.992
2025-03-15 17:45:00,708.216,3342.499,4102.992
2025-03-15 18:00:00,0.0,3401.25,3023.971
2025-03-15 18:15:00,0.0,3401.25,3023.971
2025-03-15 18:30:00,0.0,3401.25,3023.971
2025-03-15 18:45:00,0.0,3401.25,3023.971
2025-03-15 19:00:00,0.0,3094.0,2316.278
2025-03-15 19:15:00,0.0,3094.0,2316.278
2025-03-15 19:30:00,0.0,3094.0,2316.278
2025-03-15 19:45:00,0.0,3094.0,2316.278
2025-03-15 20:00:00,0.0,2797.75,1879.192
2025-03-15 20:15:00,0.0,2797.75,1879.192
2025-03-15 20:30:00,0.0,2797.75,1879.192
2025-03-15 20:45:00,0.0,2797.75,1879.192
2025-03-15 21:00:00,0.0,2519.25,1561.315
2025-03-15 21:15:00,0.0,2519.25,1561.315
2025-03-15 21:30:00,0.0,2519.25,1561.315
2025-03-15 21:45:00,0.0,2519.25,1561.315
2025-03-15 22:00:00,0.0,2425.75,1352.668
2025-03-15 22:15:00,0.0,2425.75,1352.668
2025-03-15 22:30:00,0.0,2425.75,1352.668
2025-03-15 22:45:00,0.0,2425.75,1352.668
2025-03-15 23:00:00,0.0,2117.749,1095.626
2025-03-15 23:15:00,0.0,2117.749,1095.626
2025-03-15 23:30:00,0.0,2117.749,1095.626
2025-03-15 23:45:00,0.0,2117.749,1095.626
2025-03-16 00:00:00,0.0,1912.499,863.944
2025-03-16 00:15:00,0.0,1912.499,863.944
2025-03-16 00:30:00,0.0,1912.499,863.944
2025-03-16 00:45:00,0.0,1912.499,863.944
2025-03-16 01:00:00,0.0,1707.501,744.242
2025-03-16 01:15:00,0.0,1707.501,744.242
2025-03-16 01:30:00,0.0,1707.501,744.242
2025-03-16 01:45:00,0.0,1707.501,744.242
2025-03-16 02:00:00,0.0,1462.249,646.989
2025-03-16 02:15:00,0.0,1462.249,646.989
2025-03-16 02:30:00,0.0,1462.249,646.989
2025-03-16 02:45:00,0.0,1462.249,646.989
2025-03-16 03:00:00,0.0,1481.748,572.238
2025-03-16 03:15:00,0.0,1481.748,572.238
2025-03-16 03:30:00,0.0,1481.748,572.238
2025-03-16 03:45:00,0.0,1481.748,572.238
2025-03-16 04:00:00,0.0,1421.25,479.538
2025-03-16 04:15:00,0.0,1421.25,479.538
2025-03-16 04:30:00,0.0,1421.25,479.538
2025-03-16 04:45:00,0.0,1421.25,479.538
2025-03-16 05:00:00,0.0,1407.249,475.177
2025-03-16 05:15:00,0.0,1407.249,475.177
2025-03-16 05:30:00,0.0,1407.249,475.177
2025-03-16 05:45:00,0.0,1407.249,475.177
2025-03-16 06:00:00,936.221,1273.75,457.009
2025-03-16 06:15:00,936.221,1273.75,457.009
2025-03-16 06:30:00,936.221,1273.75,457.009
2025-03-16 06:45:00,936.221,1273.75,457.009
2025-03-16 07:00:00,5343.444,1143.75,432.297
2025-03-16 07:15:00,5343.444,1143.75,432.297
2025-03-16 07:30:00,5343.444,1143.75,432.297
2025-03-16 07:45:00,5343.444,1143.75,432.297
2025-03-16 08:00:00,9064.507,962.999,690.114
2025-03-16 08:15:00,9064.507,962.999,690.114
2025-03-16 08:30:00,9064.507,962.999,690.114
2025-03-16 08:45:00,9064.507,962.999,690.114
2025-03-16 09:00:00,12143.476,404.249,1068.985
2025-03-16 09:15:00,12143.476,404.249,1068.985
2025-03-16 09:30:00,12143.476,404.249,1068.985
2025-03-16 09:45:00,12143.476,404.249,1068.985
2025-03-16 10:00:00,14987.672,230.249,1335.896
2025-03-16 10:15:00,14987.672,230.249,1335.896
2025-03-16 10:30:00,14987.672,230.249,1335.896
2025-03-16 10:45:00,14987.672,230.249,1335.896
2025-03-16 11:00:00,15207.387,190.751,1377.491
2025-03-16 11:15:00,15207.387,190.751,1377.491
2025-03-16 11:30:00,15207.387,190.751,1377.491
2025-03-16 11:45:00,15207.387,190.751,1377.491
2025-03-16 12:00:00,14959.626,276.749,1402.87
2025-03-16 12:15:00,14959.626,276.749,1402.87
2025-03-16 12:30:00,14959.626,276.749,1402.87
2025-03-16 12:45:00,14959.626,276.749,1402.87
2025-03-16 13:00:00,13585.235,336.75,1658.032
2025-03-16 13:15:00,13585.235,336.75,1658.032
2025-03-16 13:30:00,13585.235,336.75,1658.032
2025-03-16 13:45:00,13585.235,336.75,1658.032
2025-03-16 14:00:00,11311.894,876.249,2072.264
2025-03-16 14:15:00,11311.894,876.249,2072.264
2025-03-16 14:30:00,11311.894,876.249,2072.264
2025-03-16 14:45:00,11311.894,876.249,2072.264
2025-03-16 15:00:00,7616.724,910.999,2576.879
2025-03-16 15:15:00,7616.724,910.999,2576.879
2025-03-16 15:30:00,7616.724,910.999,2576.879
2025-03-16 15:45:00,7616.724,910.999,2576.879
2025-03-16 16:00:00,3845.606,1367.999,2585.948
2025-03-16 16:15:00,3845.606,1367.999,2585.948
2025-03-16 16:30:00,3845.606,1367.999,2585.948
2025-03-16 16:45:00,3845.606,1367.999,2585.948
2025-03-16 17:00:00,665.224,1645.999,2055.794
2025-03-16 17:15:00,665.224,1645.999,2055.794
2025-03-16 17:30:00,665.224,1645.999,2055.794
2025-03-16 17:45:00,665.224,1645.999,2055.794
2025-03-16 18:00:00,0.0,1524.249,1186.722
2025-03-16 18:15:00,0.0,1524.249,1186.722
2025-03-16 18:30:00,0.0,1524.249,1186.722
2025-03-16 18:45:00,0.0,1524.249,1186.722
2025-03-16 19:00:00,0.0,1310.001,874.333
2025-03-16 19:15:00,0.0,1310.001,874.333
2025-03-16 19:30:00,0.0,1310.001,874.333
2025-03-16 19:45:00,0.0,1310.001,874.333
2025-03-16 20:00:00,0.0,1209.751,804.004
2025-03-16 20:15:00,0.0,1209.751,804.004
2025-03-16 20:30:00,0.0,1209.751,804.004
2025-03-16 20:45:00,0.0,1209.751,804.004
2025-03-16 21:00:00,0.0,1215.749,728.73
2025-03-16 21:15:00,0.0,1215.749,728.73
2025-03-16 21:30:00,0.0,1215.749,728.73
2025-03-16 21:45:00,0.0,1215.749,728.73
2025-03-16 22:00:00,0.0,1315.5,796.349
2025-03-16 22:15:00,0.0,1315.5,796.349
2025-03-16 22:30:00,0.0,1315.5,796.349
2025-03-16 22:45:00,0.0,1315.5,796.349
2025-03-16 23:00:00,0.0,1698.75,966.529
2025-03-16 23:15:00,0.0,1698.75,966.529
2025-03-16 23:30:00,0.0,1698.75,966.529
2025-03-16 23:45:00,0.0,1698.75,966.529
2025-03-17 00:00:00,0.0,1859.25,863.627
2025-03-17 00:15:00,0.0,1859.25,863.627
2025-03-17 00:30:00,0.0,1859.25,863.627
2025-03-17 00:45:00,0.0,1859.25,863.627
2025-03-17 01:00:00,0.0,1595.5,763.083
2025-03-17 01:15:00,0.0,1595.5,763.083
2025-03-17 01:30:00,0.0,1595.5,763.083
2025-03-17 01:45:00,0.0,1595.5,763.083
2025-03-17 02:00:00,0.0,1531.499,798.138
2025-03-17 02:15:00,0.0,1531.499,798.138
2025-03-17 02:30:00,0.0,1531.499,798.138
2025-03-17 02:45:00,0.0,1531.499,798.138
2025-03-17 03:00:00,0.0,1458.25,1092.537
2025-03-17 03:15:00,0.0,1458.25,1092.537
2025-03-17 03:30:00,0.0,1458.25,1092.537
2025-03-17 03:45:00,0.0,1458.25,1092.537
2025-03-17 04:00:00,0.0,1519.002,1403.846
2025-03-17 04:15:00,0.0,1519.002,1403.846
2025-03-17 04:30:00,0.0,1519.002,1403.846
2025-03-17 04:45:00,0.0,1519.002,1403.846
2025-03-17 05:00:00,0.0,1716.75,1632.857
2025-03-17 05:15:00,0.0,1716.75,1632.857
2025-03-17 05:30:00,0.0,1716.75,1632.857
2025-03-17 05:45:00,0.0,1716.75,1632.857
2025-03-17 06:00:00,682.887,1819.5,1682.781
2025-03-17 06:15:00,682.887,1819.5,1682.781
2025-03-17 06:30:00,682.887,1819.5,1682.781
2025-03-17 06:45:00,682.887,1819.5,1682.781
2025-03-17 07:00:00,3607.507,1610.499,2283.77
2025-03-17 07:15:00,3607.507,1610.499,2283.77
2025-03-17 07:30:00,3607.507,1610.499,2283.77
2025-03-17 07:45:00,3607.507,1610.499,2283.77
2025-03-17 08:00:00,7962.251,1338.25,3540.081
2025-03-17 08:15:00,7962.251,1338.25,3540.081
2025-03-17 08:30:00,7962.251,1338.25,3540.081
2025-03-17 08:45:00,7962.251,1338.25,3540.081
2025-03-17 09:00:00,12719.61,975.5,4134.593
2025-03-17 09:15:00,12719.61,975.5,4134.593
2025-03-17 09:30:00,12719.61,975.5,4134.593
2025-03-17 09:45:00,12719.61,975.5,4134.593
2025-03-17 10:00:00,15260.749,975.501,3860.017
2025-03-17 10:15:00,15260.749,975.501,3860.017
2025-03-17 10:30:00,15260.749,975.501,3860.017
2025-03-17 10:45:00,15260.749,975.501,3860.017
2025-03-17 11:00:00,15378.685,1119.75,4142.794
2025-03-17 11:15:00,15378.685,1119.75,4142.794
2025-03-17 11:30:00,15378.685,1119.75,4142.794
2025-03-17 11:45:00,15378.685,1119.75,4142.794
2025-03-17 12:00:00,15528.751,1259.0,4528.863
2025-03-17 12:15:00,15528.751,1259.0,4528.863
2025-03-17 12:30:00,15528.751,1259.0,4528.863
2025-03-17 12:45:00,15528.751,1259.0,4528.863
2025-03-17 13:00:00,15909.079,1504.251,4253.423
2025-03-17 13:15:00,15909.079,1504.251,4253.423
2025-03-17 13:30:00,15909.079,1504.251,4253.423
2025-03-17 13:45:00,15909.079,1504.251,4253.423
2025-03-17 14:00:00,13239.72,1505.75,4170.33
2025-03-17 14:15:00,13239.72,1505.75,4170.33
2025-03-17 14:30:00,13239.72,1505.75,4170.33
2025-03-17 14:45:00,13239.72,1505.75,4170.33
2025-03-17 15:00:00,9714.269,1783.501,4224.588
2025-03-17 15:15:00,9714.269,1783.501,4224.588
2025-03-17 15:30:00,9714.269,1783.501,4224.588
2025-03-17 15:45:00,9714.269,1783.501,4224.588
2025-03-17 16:00:00,4912.187,2407.25,4101.714
2025-03-17 16:15:00,4912.187,2407.25,4101.714
2025-03-17 16:30:00,4912.187,2407.25,4101.714
2025-03-17 16:45:00,4912.187,2407.25,4101.714
2025-03-17 17:00:00,931.943,2477.751,3112.017
2025-03-17 17:15:00,931.943,2477.751,3112.017
2025-03-17 17:30:00,931.943,2477.751,3112.017
2025-03-17 17:45:00,931.943,2477.751,3112.017
2025-03-17 18:00:00,0.0,2532.25,1929.337
2025-03-17 18:15:00,0.0,2532.25,1929.337
2025-03-17 18:30:00,0.0,2532.25,1929.337
2025-03-17 18:45:00,0.0,2532.25,1929.337
2025-03-17 19:00:00,0.0,2576.249,1641.542
2025-03-17 19:15:00,0.0,2576.249,1641.542
2025-03-17 19:30:00,0.0,2576.249,1641.542
2025-03-17 19:45:00,0.0,2576.249,1641.542
2025-03-17 20:00:00,0.0,2668.0,1534.762
2025-03-17 20:15:00,0.0,2668.0,1534.762
2025-03-17 20:30:00,0.0,2668.0,1534.762
2025-03-17 20:45:00,0.0,2668.0,1534.762
2025-03-17 21:00:00,0.0,2733.999,1499.075
2025-03-17 21:15:00,0.0,2733.999,1499.075
2025-03-17 21:30:00,0.0,2733.999,1499.075
2025-03-17 21:45:00,0.0,2733.999,1499.075
2025-03-17 22:00:00,0.0,2731.5,1517.647
2025-03-17 22:15:00,0.0,2731.5,1517.647
2025-03-17 22:30:00,0.0,2731.5,1517.647
2025-03-17 22:45:00,0.0,2731.5,1517.647
2025-03-17 23:00:00,0.0,2700.5,1479.505
2025-03-17 23:15:00,0.0,2700.5,1479.505
2025-03-17 23:30:00,0.0,2700.5,1479.505
2025-03-17 23:45:00,0.0,2700.5,1479.505
2025-03-18 00:00:00,0.0,2505.499,1269.082
2025-03-18 00:15:00,0.0,2505.499,1269.082
2025-03-18 00:30:00,0.0,2505.499,1269.082
2025-03-18 00:45:00,0.0,2505.499,1269.082
2025-03-18 01:00:00,0.0,1959.498,1181.149
2025-03-18 01:15:00,0.0,1959.498,1181.149
2025-03-18 01:30:00,0.0,1959.498,1181.149
2025-03-18 01:45:00,0.0,1959.498,1181.149
2025-03-18 02:00:00,0.0,1760.249,927.305
2025-03-18 02:15:00,0.0,1760.249,927.305
2025-03-18 02:30:00,0.0,1760.249,927.305
2025-03-18 02:45:00,0.0,1760.249,927.305
2025-03-18 03:00:00,0.0,1527.0,733.769
2025-03-18 03:15:00,0.0,1527.0,733.769
2025-03-18 03:30:00,0.0,1527.0,733.769
2025-03-18 03:45:00,0.0,1527.0,733.769
2025-03-18 04:00:00,0.0,1506.75,702.596
2025-03-18 04:15:00,0.0,1506.75,702.596
2025-03-18 04:30:00,0.0,1506.75,702.596
2025-03-18 04:45:00,0.0,1506.75,702.596
2025-03-18 05:00:00,2.337,1636.0,707.614
2025-03-18 05:15:00,2.337,1636.0,707.614
2025-03-18 05:30:00,2.337,1636.0,707.614
2025-03-18 05:45:00,2.337,1636.0,707.614
2025-03-18 06:00:00,968.619,1769.25,682.602
2025-03-18 06:15:00,968.619,1769.25,682.602
2025-03-18 06:30:00,968.619,1769.25,682.602
2025-03-18 06:45:00,968.619,1769.25,682.602
2025-03-18 07:00:00,5173.659,1807.5,749.66
2025-03-18 07:15:00,5173.659,1807.5,749.66
2025-03-18 07:30:00,5173.659,1807.5,749.66
2025-03-18 07:45:00,5173.659,1807.5,749.66
2025-03-18 08:00:00,10096.126,1587.25,1151.304
2025-03-18 08:15:00,10096.126,1587.25,1151.304
2025-03-18 08:30:00,10096.126,1587.25,1151.304
2025-03-18 08:45:00,10096.126,1587.25,1151.304
2025-03-18 09:00:00,13991.811,1253.751,1700.649
2025-03-18 09:15:00,13991.811,1253.751,1700.649
2025-03-18 09:30:00,13991.811,1253.751,1700.649
2025-03-18 09:45:00,13991.811,1253.751,1700.649
2025-03-18 10:00:00,16790.864,582.251,2350.442
2025-03-18 10:15:00,16790.864,582.251,2350.442
2025-03-18 10:30:00,16790.864,582.251,2350.442
2025-03-18 10:45:00,16790.864,582.251,2350.442
2025-03-18 11:00:00,18203.411,515.0,2834.558
2025-03-18 11:15:00,18203.411,515.0,2834.558
2025-03-18 11:30:00,18203.411,515.0,2834.558
2025-03-18 11:45:00,18203.411,515.0,2834.558
2025-03-18 12:00:00,18126.05,811.0,3360.732
2025-03-18 12:15:00,18126.05,811.0,3360.732
2025-03-18 12:30:00,18126.05,811.0,3360.732
2025-03-18 12:45:00,18126.05,811.0,3360.732
2025-03-18 13:00:00,16677.579,1133.5,3535.213
2025-03-18 13:15:00,16677.579,1133.5,3535.213
2025-03-18 13:30:00,16677.579,1133.5,3535.213
2025-03-18 13:45:00,16677.579,1133.5,3535.213
2025-03-18 14:00:00,13906.431,2079.0,3836.414
2025-03-18 14:15:00,13906.431,2079.0,3836.414
2025-03-18 14:30:00,13906.431,2079.0,3836.414
2025-03-18 14:45:00,13906.431,2079.0,3836.414
2025-03-18 15:00:00,9883.252,2442.501,4239.227
2025-03-18 15:15:00,9883.252,2442.501,4239.227
2025-03-18 15:30:00,9883.252,2442.501,4239.227
2025-03-18 15:45:00,9883.252,2442.501,4239.227
2025-03-18 16:00:00,5094.142,2593.75,4177.242
2025-03-18 16:15:00,5094.142,2593.75,4177.242
2025-03-18 16:30:00,5094.142,2593.75,4177.242
2025-03-18 16:45:00,5094.142,2593.75,4177.242
2025-03-18 17:00:00,1007.414,2535.75,3120.947
2025-03-18 17:15:00,1007.414,2535.75,3120.947
2025-03-18 17:30:00,1007.414,2535.75,3120.947
2025-03-18 17:45:00,1007.414,2535.75,3120.947
2025-03-18 18:00:00,0.0,2440.001,2091.338
2025-03-18 18:15:00,0.0,2440.001,2091.338
2025-03-18 18:30:00,0.0,2440.001,2091.338
2025-03-18 18:45:00,0.0,2440.001,2091.338
2025-03-18 19:00:00,0.0,2611.499,1723.425
2025-03-18 19:15:00,0.0,2611.499,1723.425
2025-03-18 19:30:00,0.0,2611.499,1723.425
2025-03-18 19:45:00,0.0,2611.499,1723.425
2025-03-18 20:00:00,0.0,2851.5,1407.46
2025-03-18 20:15:00,0.0,2851.5,1407.46
2025-03-18 20:30:00,0.0,2851.5,1407.46
2025-03-18 20:45:00,0.0,2851.5,1407.46
2025-03-18 21:00:00,0.0,2999.499,1181.745
2025-03-18 21:15:00,0.0,2999.499,1181.745
2025-03-18 21:30:00,0.0,2999.499,1181.745
2025-03-18 21:45:00,0.0,2999.499,1181.745
2025-03-18 22:00:00,0.0,2705.25,861.607
2025-03-18 22:15:00,0.0,2705.25,861.607
2025-03-18 22:30:00,0.0,2705.25,861.607
2025-03-18 22:45:00,0.0,2705.25,861.607
2025-03-18 23:00:00,0.0,2037.001,696.32
2025-03-18 23:15:00,0.0,2037.001,696.32
2025-03-18 23:30:00,0.0,2037.001,696.32
2025-03-18 23:45:00,0.0,2037.001,696.32
2025-03-19 00:00:00,0.0,1335.751,643.862
2025-03-19 00:15:00,0.0,1335.751,643.862
2025-03-19 00:30:00,0.0,1335.751,643.862
2025-03-19 00:45:00,0.0,1335.751,643.862
2025-03-19 01:00:00,0.0,934.5,536.361
2025-03-19 01:15:00,0.0,934.5,536.361
2025-03-19 01:30:00,0.0,934.5,536.361
2025-03-19 01:45:00,0.0,934.5,536.361
2025-03-19 02:00:00,0.0,750.249,441.007
2025-03-19 02:15:00,0.0,750.249,441.007
2025-03-19 02:30:00,0.0,750.249,441.007
2025-03-19 02:45:00,0.0,750.249,441.007
2025-03-19 03:00:00,0.0,741.0,363.589
2025-03-19 03:15:00,0.0,741.0,363.589
2025-03-19 03:30:00,0.0,741.0,363.589
2025-03-19 03:45:00,0.0,741.0,363.589
2025-03-19 04:00:00,0.0,713.0,316.176
2025-03-19 04:15:00,0.0,713.0,316.176
2025-03-19 04:30:00,0.0,713.0,316.176
2025-03-19 04:45:00,0.0,713.0,316.176
2025-03-19 05:00:00,4.386,703.5,373.209
2025-03-19 05:15:00,4.386,703.5,373.209
2025-03-19 05:30:00,4.386,703.5,373.209
2025-03-19 05:45:00,4.386,703.5,373.209
2025-03-19 06:00:00,1054.089,692.001,359.656
2025-03-19 06:15:00,1054.089,692.001,359.656
2025-03-19 06:30:00,1054.089,692.001,359.656
2025-03-19 06:45:00,1054.089,692.001,359.656
2025-03-19 07:00:00,5196.348,640.0,413.318
2025-03-19 07:15:00,5196.348,640.0,413.318
2025-03-19 07:30:00,5196.348,640.0,413.318
2025-03-19 07:45:00,5196.348,640.0,413.318
2025-03-19 08:00:00,9980.801,527.5,537.648
2025-03-19 08:15:00,9980.801,527.5,537.648
2025-03-19 08:30:00,9980.801,527.5,537.648
2025-03-19 08:45:00,9980.801,527.5,537.648
2025-03-19 09:00:00,13785.68,371.251,611.783
2025-03-19 09:15:00,13785.68,371.251,611.783
2025-03-19 09:30:00,13785.68,371.251,611.783
2025-03-19 09:45:00,13785.68,371.251,611.783
2025-03-19 10:00:00,16469.51,199.249,670.428
2025-03-19 10:15:00,16469.51,199.249,670.428
2025-03-19 10:30:00,16469.51,199.249,670.428
2025-03-19 10:45:00,16469.51,199.249,670.428
2025-03-19 11:00:00,17809.863,158.5,705.975
2025-03-19 11:15:00,17809.863,158.5,705.975
2025-03-19 11:30:00,17809.863,158.5,705.975
2025-03-19 11:45:00,17809.863,158.5,705.975
2025-03-19 12:00:00,17709.606,128.001,940.665
2025-03-19 12:15:00,17709.606,128.001,940.665
2025-03-19 12:30:00,17709.606,128.001,940.665
2025-03-19 12:45:00,17709.606,128.001,940.665
2025-03-19 13:00:00,16191.346,174.25,975.017
2025-03-19 13:15:00,16191.346,174.25,975.017
2025-03-19 13:30:00,16191.346,174.25,975.017
2025-03-19 13:45:00,16191.346,174.25,975.017
2025-03-19 14:00:00,13376.86,342.501,810.849
2025-03-19 14:15:00,13376.86,342.501,810.849
2025-03-19 14:30:00,13376.86,342.501,810.849
2025-03-19 14:45:00,13376.86,342.501,810.849
2025-03-19 15:00:00,9439.221,387.999,660.051
2025-03-19 15:15:00,9439.221,387.999,660.051
2025-03-19 15:30:00,9439.221,387.999,660.051
2025-03-19 15:45:00,9439.221,387.999,660.051
2025-03-19 16:00:00,4787.983,248.75,571.89
2025-03-19 16:15:00,4787.983,248.75,571.89
2025-03-19 16:30:00,4787.983,248.75,571.89
2025-03-19 16:45:00,4787.983,248.75,571.89
2025-03-19 17:00:00,903.41,161.499,304.69
2025-03-19 17:15:00,903.41,161.499,304.69
2025-03-19 17:30:00,903.41,161.499,304.69
2025-03-19 17:45:00,903.41,161.499,304.69
2025-03-19 18:00:00,0.0,144.251,62.975
2025-03-19 18:15:00,0.0,144.251,62.975
2025-03-19 18:30:00,0.0,144.251,62.975
2025-03-19 18:45:00,0.0,144.251,62.975
2025-03-19 19:00:00,0.0,160.5,0.0
2025-03-19 19:15:00,0.0,160.5,0.0
2025-03-19 19:30:00,0.0,160.5,0.0
2025-03-19 19:45:00,0.0,160.5,0.0
2025-03-19 20:00:00,0.0,175.999,0.0
2025-03-19 20:15:00,0.0,175.999,0.0
2025-03-19 20:30:00,0.0,175.999,0.0
2025-03-19 20:45:00,0.0,175.999,0.0
2025-03-19 21:00:00,0.0,145.75,0.0
2025-03-19 21:15:00,0.0,145.75,0.0
2025-03-19 21:30:00,0.0,145.75,0.0
2025-03-19 21:45:00,0.0,145.75,0.0
2025-03-19 22:00:00,0.0,156.0,0.0
2025-03-19 22:15:00,0.0,156.0,0.0
2025-03-19 22:30:00,0.0,156.0,0.0
2025-03-19 22:45:00,0.0,156.0,0.0
2025-03-19 23:00:00,0.0,165.0,12.615
2025-03-19 23:15:00,0.0,165.0,12.615
2025-03-19 23:30:00,0.0,165.0,12.615
2025-03-19 23:45:00,0.0,165.0,12.615
2025-03-20 00:00:00,0.0,183.75,21.817
2025-03-20 00:15:00,0.0,183.75,21.817
2025-03-20 00:30:00,0.0,183.75,21.817
2025-03-20 00:45:00,0.0,183.75,21.817
2025-03-20 01:00:00,0.0,181.25,27.39
2025-03-20 01:15:00,0.0,181.25,27.39
2025-03-20 01:30:00,0.0,181.25,27.39
2025-03-20 01:45:00,0.0,181.25,27.39
2025-03-20 02:00:00,0.0,193.75,37.533
2025-03-20 02:15:00,0.0,193.75,37.533
2025-03-20 02:30:00,0.0,193.75,37.533
2025-03-20 02:45:00,0.0,193.75,37.533
2025-03-20 03:00:00,0.0,184.5,36.194
2025-03-20 03:15:00,0.0,184.5,36.194
2025-03-20 03:30:00,0.0,184.5,36.194
2025-03-20 03:45:00,0.0,184.5,36.194
2025-03-20 04:00:00,0.0,208.249,40.845
2025-03-20 04:15:00,0.0,208.249,40.845
2025-03-20 04:30:00,0.0,208.249,40.845
2025-03-20 04:45:00,0.0,208.249,40.845
2025-03-20 05:00:00,6.119,141.0,50.934
2025-03-20 05:15:00,6.119,141.0,50.934
2025-03-20 05:30:00,6.119,141.0,50.934
2025-03-20 05:45:00,6.119,141.0,50.934
2025-03-20 06:00:00,1031.851,81.25,82.926
2025-03-20 06:15:00,1031.851,81.25,82.926
2025-03-20 06:30:00,1031.851,81.25,82.926
2025-03-20 06:45:00,1031.851,81.25,82.926
2025-03-20 07:00:00,4783.444,61.749,113.533
2025-03-20 07:15:00,4783.444,61.749,113.533
2025-03-20 07:30:00,4783.444,61.749,113.533
2025-03-20 07:45:00,4783.444,61.749,113.533
2025-03-20 08:00:00,9234.886,19.0,197.608
2025-03-20 08:15:00,9234.886,19.0,197.608
2025-03-20 08:30:00,9234.886,19.0,197.608
2025-03-20 08:45:00,9234.886,19.0,197.608
2025-03-20 09:00:00,12774.985,18.75,199.41
2025-03-20 09:15:00,12774.985,18.75,199.41
2025-03-20 09:30:00,12774.985,18.75,199.41
2025-03-20 09:45:00,12774.985,18.75,199.41
2025-03-20 10:00:00,15628.927,21.999,59.542
2025-03-20 10:15:00,15628.927,21.999,59.542
2025-03-20 10:30:00,15628.927,21.999,59.542
2025-03-20 10:45:00,15628.927,21.999,59.542
2025-03-20 11:00:00,16859.582,29.75,3.334
2025-03-20 11:15:00,16859.582,29.75,3.334
2025-03-20 11:30:00,16859.582,29.75,3.334
2025-03-20 11:45:00,16859.582,29.75,3.334
2025-03-20 12:00:00,16926.424,12.25,47.378
2025-03-20 12:15:00,16926.424,12.25,47.378
2025-03-20 12:30:00,16926.424,12.25,47.378
2025-03-20 12:45:00,16926.424,12.25,47.378
2025-03-20 13:00:00,15422.813,5.249,78.72
2025-03-20 13:15:00,15422.813,5.249,78.72
2025-03-20 13:30:00,15422.813,5.249,78.72
2025-03-20 13:45:00,15422.813,5.249,78.72
2025-03-20 14:00:00,12521.454,0.0,177.467
2025-03-20 14:15:00,12521.454,0.0,177.467
2025-03-20 14:30:00,12521.454,0.0,177.467
2025-03-20 14:45:00,12521.454,0.0,177.467
2025-03-20 15:00:00,8933.585,0.0,171.913
2025-03-20 15:15:00,8933.585,0.0,171.913
2025-03-20 15:30:00,8933.585,0.0,171.913
2025-03-20 15:45:00,8933.585,0.0,171.913
2025-03-20 16:00:00,4303.24,10.5,103.126
2025-03-20 16:15:00,4303.24,10.5,103.126
2025-03-20 16:30:00,4303.24,10.5,103.126
2025-03-20 16:45:00,4303.24,10.5,103.126
2025-03-20 17:00:00,884.209,66.001,199.425
2025-03-20 17:15:00,884.209,66.001,199.425
2025-03-20 17:30:00,884.209,66.001,199.425
2025-03-20 17:45:00,884.209,66.001,199.425
2025-03-20 18:00:00,0.0,270.0,199.384
2025-03-20 18:15:00,0.0,270.0,199.384
2025-03-20 18:30:00,0.0,270.0,199.384
2025-03-20 18:45:00,0.0,270.0,199.384
2025-03-20 19:00:00,0.0,499.749,123.267
2025-03-20 19:15:00,0.0,499.749,123.267
2025-03-20 19:30:00,0.0,499.749,123.267
2025-03-20 19:45:00,0.0,499.749,123.267
2025-03-20 20:00:00,0.0,954.25,152.456
2025-03-20 20:15:00,0.0,954.25,152.456
2025-03-20 20:30:00,0.0,954.25,152.456
2025-03-20 20:45:00,0.0,954.25,152.456
2025-03-20 21:00:00,0.0,1548.5,237.095
2025-03-20 21:15:00,0.0,1548.5,237.095
2025-03-20 21:30:00,0.0,1548.5,237.095
2025-03-20 21:45:00,0.0,1548.5,237.095
2025-03-20 22:00:00,0.0,2244.751,365.808
2025-03-20 22:15:00,0.0,2244.751,365.808
2025-03-20 22:30:00,0.0,2244.751,365.808
2025-03-20 22:45:00,0.0,2244.751,365.808
2025-03-20 23:00:00,0.0,2386.251,470.98
2025-03-20 23:15:00,0.0,2386.251,470.98
2025-03-20 23:30:00,0.0,2386.251,470.98
2025-03-20 23:45:00,0.0,2386.251,470.98
2025-03-21 00:00:00,0.0,2286.498,467.773
2025-03-21 00:15:00,0.0,2286.498,467.773
2025-03-21 00:30:00,0.0,2286.498,467.773
2025-03-21 00:45:00,0.0,2286.498,467.773
2025-03-21 01:00:00,0.0,1985.75,373.418
2025-03-21 01:15:00,0.0,1985.75,373.418
2025-03-21 01:30:00,0.0,1985.75,373.418
2025-03-21 01:45:00,0.0,1985.75,373.418
2025-03-21 02:00:00,0.0,2079.25,379.31
2025-03-21 02:15:00,0.0,2079.25,379.31
2025-03-21 02:30:00,0.0,2079.25,379.31
2025-03-21 02:45:00,0.0,2079.25,379.31
2025-03-21 03:00:00,0.0,2286.75,494.388
2025-03-21 03:15:00,0.0,2286.75,494.388
2025-03-21 03:30:00,0.0,2286.75,494.388
2025-03-21 03:45:00,0.0,2286.75,494.388
2025-03-21 04:00:00,0.0,2293.5,610.249
2025-03-21 04:15:00,0.0,2293.5,610.249
2025-03-21 04:30:00,0.0,2293.5,610.249
2025-03-21 04:45:00,0.0,2293.5,610.249
2025-03-21 05:00:00,12.201,2400.5,726.962
2025-03-21 05:15:00,12.201,2400.5,726.962
2025-03-21 05:30:00,12.201,2400.5,726.962
2025-03-21 05:45:00,12.201,2400.5,726.962
2025-03-21 06:00:00,1119.565,2889.75,958.524
2025-03-21 06:15:00,1119.565,2889.75,958.524
2025-03-21 06:30:00,1119.565,2889.75,958.524
2025-03-21 06:45:00,1119.565,2889.75,958.524
2025-03-21 07:00:00,5117.678,3108.251,1319.85
2025-03-21 07:15:00,5117.678,3108.251,1319.85
2025-03-21 07:30:00,5117.678,3108.251,1319.85
2025-03-21 07:45:00,5117.678,3108.251,1319.85
2025-03-21 08:00:00,9443.965,2973.75,1887.19
2025-03-21 08:15:00,9443.965,2973.75,1887.19
2025-03-21 08:30:00,9443.965,2973.75,1887.19
2025-03-21 08:45:00,9443.965,2973.75,1887.19
2025-03-21 09:00:00,13102.759,2498.25,2706.656
2025-03-21 09:15:00,13102.759,2498.25,2706.656
2025-03-21 09:30:00,13102.759,2498.25,2706.656
2025-03-21 09:45:00,13102.759,2498.25,2706.656
2025-03-21 10:00:00,15941.046,2479.25,3645.834
2025-03-21 10:15:00,15941.046,2479.25,3645.834
2025-03-21 10:30:00,15941.046,2479.25,3645.834
2025-03-21 10:45:00,15941.046,2479.25,3645.834
2025-03-21 11:00:00,17024.514,1102.0,4540.203
2025-03-21 11:15:00,17024.514,1102.0,4540.203
2025-03-21 11:30:00,17024.514,1102.0,4540.203
2025-03-21 11:45:00,17024.514,1102.0,4540.203
2025-03-21 12:00:00,16772.874,1185.498,5323.924
2025-03-21 12:15:00,16772.874,1185.498,5323.924
2025-03-21 12:30:00,16772.874,1185.498,5323.924
2025-03-21 12:45:00,16772.874,1185.498,5323.924
2025-03-21 13:00:00,15046.662,1478.25,5698.846
2025-03-21 13:15:00,15046.662,1478.25,5698.846
2025-03-21 13:30:00,15046.662,1478.25,5698.846
2025-03-21 13:45:00,15046.662,1478.25,5698.846
2025-03-21 14:00:00,11952.878,3314.251,5861.096
2025-03-21 14:15:00,11952.878,3314.251,5861.096
2025-03-21 14:30:00,11952.878,3314.251,5861.096
2025-03-21 14:45:00,11952.878,3314.251,5861.096
2025-03-21 15:00:00,7626.951,3640.001,5781.055
2025-03-21 15:15:00,7626.951,3640.001,5781.055
2025-03-21 15:30:00,7626.951,3640.001,5781.055
2025-03-21 15:45:00,7626.951,3640.001,5781.055
2025-03-21 16:00:00,3417.967,3603.75,5295.871
2025-03-21 16:15:00,3417.967,3603.75,5295.871
2025-03-21 16:30:00,3417.967,3603.75,5295.871
2025-03-21 16:45:00,3417.967,3603.75,5295.871
2025-03-21 17:00:00,555.507,3520.25,4018.673
2025-03-21 17:15:00,555.507,3520.25,4018.673
2025-03-21 17:30:00,555.507,3520.25,4018.673
2025-03-21 17:45:00,555.507,3520.25,4018.673
2025-03-21 18:00:00,0.0,3619.499,3378.871
2025-03-21 18:15:00,0.0,3619.499,3378.871
2025-03-21 18:30:00,0.0,3619.499,3378.871
2025-03-21 18:45:00,0.0,3619.499,3378.871
2025-03-21 19:00:00,0.0,3774.75,3452.922
2025-03-21 19:15:00,0.0,3774.75,3452.922
2025-03-21 19:30:00,0.0,3774.75,3452.922
2025-03-21 19:45:00,0.0,3774.75,3452.922
2025-03-21 20:00:00,0.0,3935.251,3941.743
2025-03-21 20:15:00,0.0,3935.251,3941.743
2025-03-21 20:30:00,0.0,3935.251,3941.743
2025-03-21 20:45:00,0.0,3935.251,3941.743
2025-03-21 21:00:00,0.0,3942.749,3817.445
2025-03-21 21:15:00,0.0,3942.749,3817.445
2025-03-21 21:30:00,0.0,3942.749,3817.445
2025-03-21 21:45:00,0.0,3942.749,3817.445
2025-03-21 22:00:00,0.0,3955.0,3686.599
2025-03-21 22:15:00,0.0,3955.0,3686.599
2025-03-21 22:30:00,0.0,3955.0,3686.599
2025-03-21 22:45:00,0.0,3955.0,3686.599
2025-03-21 23:00:00,0.0,3864.0,3656.69
2025-03-21 23:15:00,0.0,3864.0,3656.69
2025-03-21 23:30:00,0.0,3864.0,3656.69
2025-03-21 23:45:00,0.0,3864.0,3656.69
2025-03-22 00:00:00,0.0,3437.75,3779.562
2025-03-22 00:15:00,0.0,3437.75,3779.562
2025-03-22 00:30:00,0.0,3437.75,3779.562
2025-03-22 00:45:00,0.0,3437.75,3779.562
2025-03-22 01:00:00,0.0,3127.751,3674.972
2025-03-22 01:15:00,0.0,3127.751,3674.972
2025-03-22 01:30:00,0.0,3127.751,3674.972
2025-03-22 01:45:00,0.0,3127.751,3674.972
2025-03-22 02:00:00,0.0,3024.75,3435.515
2025-03-22 02:15:00,0.0,3024.75,3435.515
2025-03-22 02:30:00,0.0,3024.75,3435.515
2025-03-22 02:45:00,0.0,3024.75,3435.515
2025-03-22 03:00:00,0.0,3123.75,3126.672
2025-03-22 03:15:00,0.0,3123.75,3126.672
2025-03-22 03:30:00,0.0,3123.75,3126.672
2025-03-22 03:45:00,0.0,3123.75,3126.672
2025-03-22 04:00:00,0.0,3082.0,2760.181
2025-03-22 04:15:00,0.0,3082.0,2760.181
2025-03-22 04:30:00,0.0,3082.0,2760.181
2025-03-22 04:45:00,0.0,3082.0,2760.181
2025-03-22 05:00:00,27.062,2837.251,2516.851
2025-03-22 05:15:00,27.062,2837.251,2516.851
2025-03-22 05:30:00,27.062,2837.251,2516.851
2025-03-22 05:45:00,27.062,2837.251,2516.851
2025-03-22 06:00:00,1153.199,2749.25,2785.615
2025-03-22 06:15:00,1153.199,2749.25,2785.615
2025-03-22 06:30:00,1153.199,2749.25,2785.615
2025-03-22 06:45:00,1153.199,2749.25,2785.615
2025-03-22 07:00:00,4118.392,2529.0,3484.746
2025-03-22 07:15:00,4118.392,2529.0,3484.746
2025-03-22 07:30:00,4118.392,2529.0,3484.746
2025-03-22 07:45:00,4118.392,2529.0,3484.746
2025-03-22 08:00:00,7393.72,1987.25,4040.565
2025-03-22 08:15:00,7393.72,1987.25,4040.565
2025-03-22 08:30:00,7393.72,1987.25,4040.565
2025-03-22 08:45:00,7393.72,1987.25,4040.565
2025-03-22 09:00:00,10247.974,1541.251,4629.144
2025-03-22 09:15:00,10247.974,1541.251,4629.144
2025-03-22 09:30:00,10247.974,1541.251,4629.144
2025-03-22 09:45:00,10247.974,1541.251,4629.144
2025-03-22 10:00:00,12793.663,1197.999,4743.471
2025-03-22 10:15:00,12793.663,1197.999,4743.471
2025-03-22 10:30:00,12793.663,1197.999,4743.471
2025-03-22 10:45:00,12793.663,1197.999,4743.471
2025-03-22 11:00:00,15311.941,771.249,4752.13
2025-03-22 11:15:00,15311.941,771.249,4752.13
2025-03-22 11:30:00,15311.941,771.249,4752.13
2025-03-22 11:45:00,15311.941,771.249,4752.13
2025-03-22 12:00:00,14038.63,882.751,4914.609
2025-03-22 12:15:00,14038.63,882.751,4914.609
2025-03-22 12:30:00,14038.63,882.751,4914.609
2025-03-22 12:45:00,14038.63,882.751,4914.609
2025-03-22 13:00:00,10382.353,1264.499,4902.281
2025-03-22 13:15:00,10382.353,1264.499,4902.281
2025-03-22 13:30:00,10382.353,1264.499,4902.281
2025-03-22 13:45:00,10382.353,1264.499,4902.281
2025-03-22 14:00:00,7811.534,1322.75,4608.442
2025-03-22 14:15:00,7811.534,1322.75,4608.442
2025-03-22 14:30:00,7811.534,1322.75,4608.442
2025-03-22 14:45:00,7811.534,1322.75,4608.442
2025-03-22 15:00:00,5290.838,1243.752,4242.797
2025-03-22 15:15:00,5290.838,1243.752,4242.797
2025-03-22 15:30:00,5290.838,1243.752,4242.797
2025-03-22 15:45:00,5290.838,1243.752,4242.797
2025-03-22 16:00:00,2370.614,1314.0,3620.925
2025-03-22 16:15:00,2370.614,1314.0,3620.925
2025-03-22 16:30:00,2370.614,1314.0,3620.925
2025-03-22 16:45:00,2370.614,1314.0,3620.925
2025-03-22 17:00:00,551.34,1382.75,3153.107
2025-03-22 17:15:00,551.34,1382.75,3153.107
2025-03-22 17:30:00,551.34,1382.75,3153.107
2025-03-22 17:45:00,551.34,1382.75,3153.107
2025-03-22 18:00:00,0.0,1462.0,3043.967
2025-03-22 18:15:00,0.0,1462.0,3043.967
2025-03-22 18:30:00,0.0,1462.0,3043.967
2025-03-22 18:45:00,0.0,1462.0,3043.967
2025-03-22 19:00:00,0.0,1419.25,2980.409
2025-03-22 19:15:00,0.0,1419.25,2980.409
2025-03-22 19:30:00,0.0,1419.25,2980.409
2025-03-22 19:45:00,0.0,1419.25,2980.409
2025-03-22 20:00:00,0.0,1531.75,2837.384
2025-03-22 20:15:00,0.0,1531.75,2837.384
2025-03-22 20:30:00,0.0,1531.75,2837.384
2025-03-22 20:45:00,0.0,1531.75,2837.384
2025-03-22 21:00:00,0.0,1666.499,2716.445
2025-03-22 21:15:00,0.0,1666.499,2716.445
2025-03-22 21:30:00,0.0,1666.499,2716.445
2025-03-22 21:45:00,0.0,1666.499,2716.445
2025-03-22 22:00:00,0.0,1741.5,3405.91
2025-03-22 22:15:00,0.0,1741.5,3405.91
2025-03-22 22:30:00,0.0,1741.5,3405.91
2025-03-22 22:45:00,0.0,1741.5,3405.91
2025-03-22 23:00:00,0.0,1507.501,2980.572
2025-03-22 23:15:00,0.0,1507.501,2980.572
2025-03-22 23:30:00,0.0,1507.501,2980.572
2025-03-22 23:45:00,0.0,1507.501,2980.572
2025-03-23 00:00:00,0.0,1496.0,2514.608
2025-03-23 00:15:00,0.0,1496.0,2514.608
2025-03-23 00:30:00,0.0,1496.0,2514.608
2025-03-23 00:45:00,0.0,1496.0,2514.608
2025-03-23 01:00:00,0.0,1622.0,2284.805
2025-03-23 01:15:00,0.0,1622.0,2284.805
2025-03-23 01:30:00,0.0,1622.0,2284.805
2025-03-23 01:45:00,0.0,1622.0,2284.805
2025-03-23 02:00:00,0.0,1571.25,2110.639
2025-03-23 02:15:00,0.0,1571.25,2110.639
2025-03-23 02:30:00,0.0,1571.25,2110.639
2025-03-23 02:45:00,0.0,1571.25,2110.639
2025-03-23 03:00:00,0.0,1489.5,1919.501
2025-03-23 03:15:00,0.0,1489.5,1919.501
2025-03-23 03:30:00,0.0,1489.5,1919.501
2025-03-23 03:45:00,0.0,1489.5,1919.501
2025-03-23 04:00:00,0.0,1294.75,1499.38
2025-03-23 04:15:00,0.0,1294.75,1499.38
2025-03-23 04:30:00,0.0,1294.75,1499.38
2025-03-23 04:45:00,0.0,1294.75,1499.38
2025-03-23 05:00:00,3.534,1067.0,1346.964
2025-03-23 05:15:00,3.534,1067.0,1346.964
2025-03-23 05:30:00,3.534,1067.0,1346.964
2025-03-23 05:45:00,3.534,1067.0,1346.964
2025-03-23 06:00:00,422.481,1114.5,1256.637
2025-03-23 06:15:00,422.481,1114.5,1256.637
2025-03-23 06:30:00,422.481,1114.5,1256.637
2025-03-23 06:45:00,422.481,1114.5,1256.637
2025-03-23 07:00:00,2074.109,1142.001,1245.17
2025-03-23 07:15:00,2074.109,1142.001,1245.17
2025-03-23 07:30:00,2074.109,1142.001,1245.17
2025-03-23 07:45:00,2074.109,1142.001,1245.17
2025-03-23 08:00:00,4661.857,1257.75,1290.159
2025-03-23 08:15:00,4661.857,1257.75,1290.159
2025-03-23 08:30:00,4661.857,1257.75,1290.159
2025-03-23 08:45:00,4661.857,1257.75,1290.159
2025-03-23 09:00:00,7578.763,1024.25,1329.004
2025-03-23 09:15:00,7578.763,1024.25,1329.004
2025-03-23 09:30:00,7578.763,1024.25,1329.004
2025-03-23 09:45:00,7578.763,1024.25,1329.004
2025-03-23 10:00:00,8953.633,688.999,1284.977
2025-03-23 10:15:00,8953.633,688.999,1284.977
2025-03-23 10:30:00,8953.633,688.999,1284.977
2025-03-23 10:45:00,8953.633,688.999,1284.977
2025-03-23 11:00:00,11151.99,485.249,1147.52
2025-03-23 11:15:00,11151.99,485.249,1147.52
2025-03-23 11:30:00,11151.99,485.249,1147.52
2025-03-23 11:45:00,11151.99,485.249,1147.52
2025-03-23 12:00:00,12577.953,196.5,709.496
2025-03-23 12:15:00,12577.953,196.5,709.496
2025-03-23 12:30:00,12577.953,196.5,709.496
2025-03-23 12:45:00,12577.953,196.5,709.496
2025-03-23 13:00:00,11294.453,82.75,457.392
2025-03-23 13:15:00,11294.453,82.75,457.392
2025-03-23 13:30:00,11294.453,82.75,457.392
2025-03-23 13:45:00,11294.453,82.75,457.392
2025-03-23 14:00:00,9196.418,54.5,389.272
2025-03-23 14:15:00,9196.418,54.5,389.272
2025-03-23 14:30:00,9196.418,54.5,389.272
2025-03-23 14:45:00,9196.418,54.5,389.272
2025-03-23 15:00:00,6270.983,64.25,265.204
2025-03-23 15:15:00,6270.983,64.25,265.204
2025-03-23 15:30:00,6270.983,64.25,265.204
2025-03-23 15:45:00,6270.983,64.25,265.204
2025-03-23 16:00:00,2609.549,69.25,168.198
2025-03-23 16:15:00,2609.549,69.25,168.198
2025-03-23 16:30:00,2609.549,69.25,168.198
2025-03-23 16:45:00,2609.549,69.25,168.198
2025-03-23 17:00:00,580.574,55.75,147.524
2025-03-23 17:15:00,580.574,55.75,147.524
2025-03-23 17:30:00,580.574,55.75,147.524
2025-03-23 17:45:00,580.574,55.75,147.524
2025-03-23 18:00:00,0.0,34.752,61.651
2025-03-23 18:15:00,0.0,34.752,61.651
2025-03-23 18:30:00,0.0,34.752,61.651
2025-03-23 18:45:00,0.0,34.752,61.651
2025-03-23 19:00:00,0.0,56.5,88.788
2025-03-23 19:15:00,0.0,56.5,88.788
2025-03-23 19:30:00,0.0,56.5,88.788
2025-03-23 19:45:00,0.0,56.5,88.788
2025-03-23 20:00:00,0.0,75.251,83.019
2025-03-23 20:15:00,0.0,75.251,83.019
2025-03-23 20:30:00,0.0,75.251,83.019
2025-03-23 20:45:00,0.0,75.251,83.019
2025-03-23 21:00:00,0.0,102.749,59.434
2025-03-23 21:15:00,0.0,102.749,59.434
2025-03-23 21:30:00,0.0,102.749,59.434
2025-03-23 21:45:00,0.0,102.749,59.434
2025-03-23 22:00:00,0.0,80.75,30.688
2025-03-23 22:15:00,0.0,80.75,30.688
2025-03-23 22:30:00,0.0,80.75,30.688
2025-03-23 22:45:00,0.0,80.75,30.688
2025-03-23 23:00:00,0.0,43.999,3.683
2025-03-23 23:15:00,0.0,43.999,3.683
2025-03-23 23:30:00,0.0,43.999,3.683
2025-03-23 23:45:00,0.0,43.999,3.683
2025-03-24 00:00:00,0.0,17.001,0.0
2025-03-24 00:15:00,0.0,17.001,0.0
2025-03-24 00:30:00,0.0,17.001,0.0
2025-03-24 00:45:00,0.0,17.001,0.0
2025-03-24 01:00:00,0.0,1.5,0.0
2025-03-24 01:15:00,0.0,1.5,0.0
2025-03-24 01:30:00,0.0,1.5,0.0
2025-03-24 01:45:00,0.0,1.5,0.0
2025-03-24 02:00:00,0.0,74.749,0.0
2025-03-24 02:15:00,0.0,74.749,0.0
2025-03-24 02:30:00,0.0,74.749,0.0
2025-03-24 02:45:00,0.0,74.749,0.0
2025-03-24 03:00:00,0.0,470.5,38.162
2025-03-24 03:15:00,0.0,470.5,38.162
2025-03-24 03:30:00,0.0,470.5,38.162
2025-03-24 03:45:00,0.0,470.5,38.162
2025-03-24 04:00:00,0.0,721.5,148.035
2025-03-24 04:15:00,0.0,721.5,148.035
2025-03-24 04:30:00,0.0,721.5,148.035
2025-03-24 04:45:00,0.0,721.5,148.035
2025-03-24 05:00:00,12.525,674.251,364.967
2025-03-24 05:15:00,12.525,674.251,364.967
2025-03-24 05:30:00,12.525,674.251,364.967
2025-03-24 05:45:00,12.525,674.251,364.967
2025-03-24 06:00:00,710.32,609.0,480.385
2025-03-24 06:15:00,710.32,609.0,480.385
2025-03-24 06:30:00,710.32,609.0,480.385
2025-03-24 06:45:00,710.32,609.0,480.385
2025-03-24 07:00:00,2905.366,529.75,484.309
2025-03-24 07:15:00,2905.366,529.75,484.309
2025-03-24 07:30:00,2905.366,529.75,484.309
2025-03-24 07:45:00,2905.366,529.75,484.309
2025-03-24 08:00:00,5595.097,475.25,614.441
2025-03-24 08:15:00,5595.097,475.25,614.441
2025-03-24 08:30:00,5595.097,475.25,614.441
2025-03-24 08:45:00,5595.097,475.25,614.441
2025-03-24 09:00:00,9588.872,505.998,629.978
2025-03-24 09:15:00,9588.872,505.998,629.978
2025-03-24 09:30:00,9588.872,505.998,629.978
2025-03-24 09:45:00,9588.872,505.998,629.978
2025-03-24 10:00:00,13541.046,475.75,853.603
2025-03-24 10:15:00,13541.046,475.75,853.603
2025-03-24 10:30:00,13541.046,475.75,853.603
2025-03-24 10:45:00,13541.046,475.75,853.603
2025-03-24 11:00:00,14121.74,824.5,1197.899
2025-03-24 11:15:00,14121.74,824.5,1197.899
2025-03-24 11:30:00,14121.74,824.5,1197.899
2025-03-24 11:45:00,14121.74,824.5,1197.899
2025-03-24 12:00:00,13699.818,967.751,1741.856
2025-03-24 12:15:00,13699.818,967.751,1741.856
2025-03-24 12:30:00,13699.818,967.751,1741.856
2025-03-24 12:45:00,13699.818,967.751,1741.856
2025-03-24 13:00:00,11632.563,804.498,2096.791
2025-03-24 13:15:00,11632.563,804.498,2096.791
2025-03-24 13:30:00,11632.563,804.498,2096.791
2025-03-24 13:45:00,11632.563,804.498,2096.791
2025-03-24 14:00:00,10034.92,803.75,2222.248
2025-03-24 14:15:00,10034.92,803.75,2222.248
2025-03-24 14:30:00,10034.92,803.75,2222.248
2025-03-24 14:45:00,10034.92,803.75,2222.248
2025-03-24 15:00:00,7137.86,731.0,2419.6
2025-03-24 15:15:00,7137.86,731.0,2419.6
2025-03-24 15:30:00,7137.86,731.0,2419.6
2025-03-24 15:45:00,7137.86,731.0,2419.6
2025-03-24 16:00:00,3287.202,704.5,2465.628
2025-03-24 16:15:00,3287.202,704.5,2465.628
2025-03-24 16:30:00,3287.202,704.5,2465.628
2025-03-24 16:45:00,3287.202,704.5,2465.628
2025-03-24 17:00:00,812.545,642.0,2002.717
2025-03-24 17:15:00,812.545,642.0,2002.717
2025-03-24 17:30:00,812.545,642.0,2002.717
2025-03-24 17:45:00,812.545,642.0,2002.717
2025-03-24 18:00:00,0.0,442.251,1525.573
2025-03-24 18:15:00,0.0,442.251,1525.573
2025-03-24 18:30:00,0.0,442.251,1525.573
2025-03-24 18:45:00,0.0,442.251,1525.573
2025-03-24 19:00:00,0.0,203.75,1196.173
2025-03-24 19:15:00,0.0,203.75,1196.173
2025-03-24 19:30:00,0.0,203.75,1196.173
2025-03-24 19:45:00,0.0,203.75,1196.173
2025-03-24 20:00:00,0.0,208.249,725.871
2025-03-24 20:15:00,0.0,208.249,725.871
2025-03-24 20:30:00,0.0,208.249,725.871
2025-03-24 20:45:00,0.0,208.249,725.871
2025-03-24 21:00:00,0.0,166.001,527.925
2025-03-24 21:15:00,0.0,166.001,527.925
2025-03-24 21:30:00,0.0,166.001,527.925
2025-03-24 21:45:00,0.0,166.001,527.925
2025-03-24 22:00:00,0.0,101.499,467.506
2025-03-24 22:15:00,0.0,101.499,467.506
2025-03-24 22:30:00,0.0,101.499,467.506
2025-03-24 22:45:00,0.0,101.499,467.506
2025-03-24 23:00:00,0.0,106.25,470.913
2025-03-24 23:15:00,0.0,106.25,470.913
2025-03-24 23:30:00,0.0,106.25,470.913
2025-03-24 23:45:00,0.0,106.25,470.913
2025-03-25 00:00:00,0.0,178.0,360.862
2025-03-25 00:15:00,0.0,178.0,360.862
2025-03-25 00:30:00,0.0,178.0,360.862
2025-03-25 00:45:00,0.0,178.0,360.862
2025-03-25 01:00:00,0.0,217.499,389.611
2025-03-25 01:15:00,0.0,217.499,389.611
2025-03-25 01:30:00,0.0,217.499,389.611
2025-03-25 01:45:00,0.0,217.499,389.611
2025-03-25 02:00:00,0.0,419.25,541.494
2025-03-25 02:15:00,0.0,419.25,541.494
2025-03-25 02:30:00,0.0,419.25,541.494
2025-03-25 02:45:00,0.0,419.25,541.494
2025-03-25 03:00:00,0.0,580.749,525.903
2025-03-25 03:15:00,0.0,580.749,525.903
2025-03-25 03:30:00,0.0,580.749,525.903
2025-03-25 03:45:00,0.0,580.749,525.903
2025-03-25 04:00:00,0.0,744.25,447.964
2025-03-25 04:15:00,0.0,744.25,447.964
2025-03-25 04:30:00,0.0,744.25,447.964
2025-03-25 04:45:00,0.0,744.25,447.964
2025-03-25 05:00:00,14.66,973.249,618.242
2025-03-25 05:15:00,14.66,973.249,618.242
2025-03-25 05:30:00,14.66,973.249,618.242
2025-03-25 05:45:00,14.66,973.249,618.242
2025-03-25 06:00:00,739.676,1202.501,632.457
2025-03-25 06:15:00,739.676,1202.501,632.457
2025-03-25 06:30:00,739.676,1202.501,632.457
2025-03-25 06:45:00,739.676,1202.501,632.457
2025-03-25 07:00:00,2927.904,1233.001,1206.752
2025-03-25 07:15:00,2927.904,1233.001,1206.752
2025-03-25 07:30:00,2927.904,1233.001,1206.752
2025-03-25 07:45:00,2927.904,1233.001,1206.752
2025-03-25 08:00:00,5631.557,1206.25,2133.457
2025-03-25 08:15:00,5631.557,1206.25,2133.457
2025-03-25 08:30:00,5631.557,1206.25,2133.457
2025-03-25 08:45:00,5631.557,1206.25,2133.457
2025-03-25 09:00:00,8996.874,1008.249,2535.48
2025-03-25 09:15:00,8996.874,1008.249,2535.48
2025-03-25 09:30:00,8996.874,1008.249,2535.48
2025-03-25 09:45:00,8996.874,1008.249,2535.48
2025-03-25 10:00:00,12419.461,838.249,2825.12
2025-03-25 10:15:00,12419.461,838.249,2825.12
2025-03-25 10:30:00,12419.461,838.249,2825.12
2025-03-25 10:45:00,12419.461,838.249,2825.12
2025-03-25 11:00:00,14391.551,668.499,3048.973
2025-03-25 11:15:00,14391.551,668.499,3048.973
2025-03-25 11:30:00,14391.551,668.499,3048.973
2025-03-25 11:45:00,14391.551,668.499,3048.973
2025-03-25 12:00:00,13876.67,636.501,3065.287
2025-03-25 12:15:00,13876.67,636.501,3065.287
2025-03-25 12:30:00,13876.67,636.501,3065.287
2025-03-25 12:45:00,13876.67,636.501,3065.287
2025-03-25 13:00:00,11017.396,575.0,3040.91
2025-03-25 13:15:00,11017.396,575.0,3040.91
2025-03-25 13:30:00,11017.396,575.0,3040.91
2025-03-25 13:45:00,11017.396,575.0,3040.91
2025-03-25 14:00:00,7029.473,668.5,2951.378
2025-03-25 14:15:00,7029.473,668.5,2951.378
2025-03-25 14:30:00,7029.473,668.5,2951.378
2025-03-25 14:45:00,7029.473,668.5,2951.378
2025-03-25 15:00:00,3770.24,646.5,2356.732
2025-03-25 15:15:00,3770.24,646.5,2356.732
2025-03-25 15:30:00,3770.24,646.5,2356.732
2025-03-25 15:45:00,3770.24,646.5,2356.732
2025-03-25 16:00:00,1409.082,618.749,1930.149
2025-03-25 16:15:00,1409.082,618.749,1930.149
2025-03-25 16:30:00,1409.082,618.749,1930.149
2025-03-25 16:45:00,1409.082,618.749,1930.149
2025-03-25 17:00:00,303.753,553.5,1417.007
2025-03-25 17:15:00,303.753,553.5,1417.007
2025-03-25 17:30:00,303.753,553.5,1417.007
2025-03-25 17:45:00,303.753,553.5,1417.007
2025-03-25 18:00:00,0.0,831.0,1186.249
2025-03-25 18:15:00,0.0,831.0,1186.249
2025-03-25 18:30:00,0.0,831.0,1186.249
2025-03-25 18:45:00,0.0,831.0,1186.249
2025-03-25 19:00:00,0.0,989.75,978.443
2025-03-25 19:15:00,0.0,989.75,978.443
2025-03-25 19:30:00,0.0,989.75,978.443
2025-03-25 19:45:00,0.0,989.75,978.443
2025-03-25 20:00:00,0.0,1145.5,1115.852
2025-03-25 20:15:00,0.0,1145.5,1115.852
2025-03-25 20:30:00,0.0,1145.5,1115.852
2025-03-25 20:45:00,0.0,1145.5,1115.852
2025-03-25 21:00:00,0.0,1190.5,936.144
2025-03-25 21:15:00,0.0,1190.5,936.144
2025-03-25 21:30:00,0.0,1190.5,936.144
2025-03-25 21:45:00,0.0,1190.5,936.144
2025-03-25 22:00:00,0.0,966.0,773.419
2025-03-25 22:15:00,0.0,966.0,773.419
2025-03-25 22:30:00,0.0,966.0,773.419
2025-03-25 22:45:00,0.0,966.0,773.419
2025-03-25 23:00:00,0.0,733.25,980.35
2025-03-25 23:15:00,0.0,733.25,980.35
2025-03-25 23:30:00,0.0,733.25,980.35
2025-03-25 23:45:00,0.0,733.25,980.35
2025-03-26 00:00:00,0.0,652.25,1049.905
2025-03-26 00:15:00,0.0,652.25,1049.905
2025-03-26 00:30:00,0.0,652.25,1049.905
2025-03-26 00:45:00,0.0,652.25,1049.905
2025-03-26 01:00:00,0.0,757.749,986.77
2025-03-26 01:15:00,0.0,757.749,986.77
2025-03-26 01:30:00,0.0,757.749,986.77
2025-03-26 01:45:00,0.0,757.749,986.77
2025-03-26 02:00:00,0.0,766.25,781.804
2025-03-26 02:15:00,0.0,766.25,781.804
2025-03-26 02:30:00,0.0,766.25,781.804
2025-03-26 02:45:00,0.0,766.25,781.804
2025-03-26 03:00:00,0.0,924.252,794.85
2025-03-26 03:15:00,0.0,924.252,794.85
2025-03-26 03:30:00,0.0,924.252,794.85
2025-03-26 03:45:00,0.0,924.252,794.85
2025-03-26 04:00:00,0.0,887.75,824.924
2025-03-26 04:15:00,0.0,887.75,824.924
2025-03-26 04:30:00,0.0,887.75,824.924
2025-03-26 04:45:00,0.0,887.75,824.924
2025-03-26 05:00:00,14.231,918.5,983.49
2025-03-26 05:15:00,14.231,918.5,983.49
2025-03-26 05:30:00,14.231,918.5,983.49
2025-03-26 05:45:00,14.231,918.5,983.49
2025-03-26 06:00:00,500.8,787.5,992.254
2025-03-26 06:15:00,500.8,787.5,992.254
2025-03-26 06:30:00,500.8,787.5,992.254
2025-03-26 06:45:00,500.8,787.5,992.254
2025-03-26 07:00:00,2032.836,470.25,909.184
2025-03-26 07:15:00,2032.836,470.25,909.184
2025-03-26 07:30:00,2032.836,470.25,909.184
2025-03-26 07:45:00,2032.836,470.25,909.184
2025-03-26 08:00:00,4051.159,451.5,1227.244
2025-03-26 08:15:00,4051.159,451.5,1227.244
2025-03-26 08:30:00,4051.159,451.5,1227.244
2025-03-26 08:45:00,4051.159,451.5,1227.244
2025-03-26 09:00:00,5452.637,298.5,1528.081
2025-03-26 09:15:00,5452.637,298.5,1528.081
2025-03-26 09:30:00,5452.637,298.5,1528.081
2025-03-26 09:45:00,5452.637,298.5,1528.081
2025-03-26 10:00:00,6452.617,97.25,1521.426
2025-03-26 10:15:00,6452.617,97.25,1521.426
2025-03-26 10:30:00,6452.617,97.25,1521.426
2025-03-26 10:45:00,6452.617,97.25,1521.426
2025-03-26 11:00:00,7374.071,109.251,1525.026
2025-03-26 11:15:00,7374.071,109.251,1525.026
2025-03-26 11:30:00,7374.071,109.251,1525.026
2025-03-26 11:45:00,7374.071,109.251,1525.026
2025-03-26 12:00:00,8135.759,102.75,1507.28
2025-03-26 12:15:00,8135.759,102.75,1507.28
2025-03-26 12:30:00,8135.759,102.75,1507.28
2025-03-26 12:45:00,8135.759,102.75,1507.28
2025-03-26 13:00:00,7313.842,60.0,1269.412
2025-03-26 13:15:00,7313.842,60.0,1269.412
2025-03-26 13:30:00,7313.842,60.0,1269.412
2025-03-26 13:45:00,7313.842,60.0,1269.412
2025-03-26 14:00:00,6560.827,30.75,910.516
2025-03-26 14:15:00,6560.827,30.75,910.516
2025-03-26 14:30:00,6560.827,30.75,910.516
2025-03-26 14:45:00,6560.827,30.75,910.516
2025-03-26 15:00:00,5491.029,24.0,768.515
2025-03-26 15:15:00,5491.029,24.0,768.515
2025-03-26 15:30:00,5491.029,24.0,768.515
2025-03-26 15:45:00,5491.029,24.0,768.515
2025-03-26 16:00:00,3665.092,34.75,766.899
2025-03-26 16:15:00,3665.092,34.75,766.899
2025-03-26 16:30:00,3665.092,34.75,766.899
2025-03-26 16:45:00,3665.092,34.75,766.899
2025-03-26 17:00:00,1561.061,39.0,419.271
2025-03-26 17:15:00,1561.061,39.0,419.271
2025-03-26 17:30:00,1561.061,39.0,419.271
2025-03-26 17:45:00,1561.061,39.0,419.271
2025-03-26 18:00:00,40.698,38.75,85.897
2025-03-26 18:15:00,40.698,38.75,85.897
2025-03-26 18:30:00,40.698,38.75,85.897
2025-03-26 18:45:00,40.698,38.75,85.897
2025-03-26 19:00:00,0.0,54.249,19.993
2025-03-26 19:15:00,0.0,54.249,19.993
2025-03-26 19:30:00,0.0,54.249,19.993
2025-03-26 19:45:00,0.0,54.249,19.993
2025-03-26 20:00:00,0.0,69.749,0.0
2025-03-26 20:15:00,0.0,69.749,0.0
2025-03-26 20:30:00,0.0,69.749,0.0
2025-03-26 20:45:00,0.0,69.749,0.0
2025-03-26 21:00:00,0.0,128.0,0.0
2025-03-26 21:15:00,0.0,128.0,0.0
2025-03-26 21:30:00,0.0,128.0,0.0
2025-03-26 21:45:00,0.0,128.0,0.0
2025-03-26 22:00:00,0.0,209.5,17.933
2025-03-26 22:15:00,0.0,209.5,17.933
2025-03-26 22:30:00,0.0,209.5,17.933
2025-03-26 22:45:00,0.0,209.5,17.933
2025-03-26 23:00:00,0.0,345.249,43.291
2025-03-26 23:15:00,0.0,345.249,43.291
2025-03-26 23:30:00,0.0,345.249,43.291
2025-03-26 23:45:00,0.0,345.249,43.291
2025-03-27 00:00:00,0.0,454.249,55.734
2025-03-27 00:15:00,0.0,454.249,55.734
2025-03-27 00:30:00,0.0,454.249,55.734
2025-03-27 00:45:00,0.0,454.249,55.734
2025-03-27 01:00:00,0.0,553.501,66.128
2025-03-27 01:15:00,0.0,553.501,66.128
2025-03-27 01:30:00,0.0,553.501,66.128
2025-03-27 01:45:00,0.0,553.501,66.128
2025-03-27 02:00:00,0.0,626.5,78.182
2025-03-27 02:15:00,0.0,626.5,78.182
2025-03-27 02:30:00,0.0,626.5,78.182
2025-03-27 02:45:00,0.0,626.5,78.182
2025-03-27 03:00:00,0.0,722.751,95.07
2025-03-27 03:15:00,0.0,722.751,95.07
2025-03-27 03:30:00,0.0,722.751,95.07
2025-03-27 03:45:00,0.0,722.751,95.07
2025-03-27 04:00:00,0.0,795.0,176.615
2025-03-27 04:15:00,0.0,795.0,176.615
2025-03-27 04:30:00,0.0,795.0,176.615
2025-03-27 04:45:00,0.0,795.0,176.615
2025-03-27 05:00:00,60.006,861.25,239.127
2025-03-27 05:15:00,60.006,861.25,239.127
2025-03-27 05:30:00,60.006,861.25,239.127
2025-03-27 05:45:00,60.006,861.25,239.127
2025-03-27 06:00:00,1840.64,893.25,236.895
2025-03-27 06:15:00,1840.64,893.25,236.895
2025-03-27 06:30:00,1840.64,893.25,236.895
2025-03-27 06:45:00,1840.64,893.25,236.895
2025-03-27 07:00:00,5845.425,853.501,275.278
2025-03-27 07:15:00,5845.425,853.501,275.278
2025-03-27 07:30:00,5845.425,853.501,275.278
2025-03-27 07:45:00,5845.425,853.501,275.278
2025-03-27 08:00:00,10810.677,887.25,657.435
2025-03-27 08:15:00,10810.677,887.25,657.435
2025-03-27 08:30:00,10810.677,887.25,657.435
2025-03-27 08:45:00,10810.677,887.25,657.435
2025-03-27 09:00:00,14475.164,842.0,1130.345
2025-03-27 09:15:00,14475.164,842.0,1130.345
2025-03-27 09:30:00,14475.164,842.0,1130.345
2025-03-27 09:45:00,14475.164,842.0,1130.345
2025-03-27 10:00:00,16992.864,1109.499,1184.049
2025-03-27 10:15:00,16992.864,1109.499,1184.049
2025-03-27 10:30:00,16992.864,1109.499,1184.049
2025-03-27 10:45:00,16992.864,1109.499,1184.049
2025-03-27 11:00:00,18357.678,1020.5,1066.903
2025-03-27 11:15:00,18357.678,1020.5,1066.903
2025-03-27 11:30:00,18357.678,1020.5,1066.903
2025-03-27 11:45:00,18357.678,1020.5,1066.903
2025-03-27 12:00:00,18327.685,884.0,1204.57
2025-03-27 12:15:00,18327.685,884.0,1204.57
2025-03-27 12:30:00,18327.685,884.0,1204.57
2025-03-27 12:45:00,18327.685,884.0,1204.57
2025-03-27 13:00:00,16812.342,816.25,1255.573
2025-03-27 13:15:00,16812.342,816.25,1255.573
2025-03-27 13:30:00,16812.342,816.25,1255.573
2025-03-27 13:45:00,16812.342,816.25,1255.573
2025-03-27 14:00:00,14165.648,792.0,1163.041
2025-03-27 14:15:00,14165.648,792.0,1163.041
2025-03-27 14:30:00,14165.648,792.0,1163.041
2025-03-27 14:45:00,14165.648,792.0,1163.041
2025-03-27 15:00:00,10351.027,890.25,875.798
2025-03-27 15:15:00,10351.027,890.25,875.798
2025-03-27 15:30:00,10351.027,890.25,875.798
2025-03-27 15:45:00,10351.027,890.25,875.798
2025-03-27 16:00:00,5837.176,850.749,669.19
2025-03-27 16:15:00,5837.176,850.749,669.19
2025-03-27 16:30:00,5837.176,850.749,669.19
2025-03-27 16:45:00,5837.176,850.749,669.19
2025-03-27 17:00:00,1662.061,694.0,339.384
2025-03-27 17:15:00,1662.061,694.0,339.384
2025-03-27 17:30:00,1662.061,694.0,339.384
2025-03-27 17:45:00,1662.061,694.0,339.384
2025-03-27 18:00:00,10.749,711.25,137.82
2025-03-27 18:15:00,10.749,711.25,137.82
2025-03-27 18:30:00,10.749,711.25,137.82
2025-03-27 18:45:00,10.749,711.25,137.82
2025-03-27 19:00:00,0.0,962.5,161.947
2025-03-27 19:15:00,0.0,962.5,161.947
2025-03-27 19:30:00,0.0,962.5,161.947
2025-03-27 19:45:00,0.0,962.5,161.947
2025-03-27 20:00:00,0.0,1381.251,221.339
2025-03-27 20:15:00,0.0,1381.251,221.339
2025-03-27 20:30:00,0.0,1381.251,221.339
2025-03-27 20:45:00,0.0,1381.251,221.339
2025-03-27 21:00:00,0.0,1804.749,193.119
2025-03-27 21:15:00,0.0,1804.749,193.119
2025-03-27 21:30:00,0.0,1804.749,193.119
2025-03-27 21:45:00,0.0,1804.749,193.119
2025-03-27 22:00:00,0.0,2047.751,282.803
2025-03-27 22:15:00,0.0,2047.751,282.803
2025-03-27 22:30:00,0.0,2047.751,282.803
2025-03-27 22:45:00,0.0,2047.751,282.803
2025-03-27 23:00:00,0.0,2305.75,443.603
2025-03-27 23:15:00,0.0,2305.75,443.603
2025-03-27 23:30:00,0.0,2305.75,443.603
2025-03-27 23:45:00,0.0,2305.75,443.603
2025-03-28 00:00:00,0.0,2575.5,501.37
2025-03-28 00:15:00,0.0,2575.5,501.37
2025-03-28 00:30:00,0.0,2575.5,501.37
2025-03-28 00:45:00,0.0,2575.5,501.37
2025-03-28 01:00:00,0.0,2611.001,527.693
2025-03-28 01:15:00,0.0,2611.001,527.693
2025-03-28 01:30:00,0.0,2611.001,527.693
2025-03-28 01:45:00,0.0,2611.001,527.693
2025-03-28 02:00:00,0.0,2401.5,690.216
2025-03-28 02:15:00,0.0,2401.5,690.216
2025-03-28 02:30:00,0.0,2401.5,690.216
2025-03-28 02:45:00,0.0,2401.5,690.216
2025-03-28 03:00:00,0.0,2448.5,735.558
2025-03-28 03:15:00,0.0,2448.5,735.558
2025-03-28 03:30:00,0.0,2448.5,735.558
2025-03-28 03:45:00,0.0,2448.5,735.558
2025-03-28 04:00:00,0.0,2622.25,1071.226
2025-03-28 04:15:00,0.0,2622.25,1071.226
2025-03-28 04:30:00,0.0,2622.25,1071.226
2025-03-28 04:45:00,0.0,2622.25,1071.226
2025-03-28 05:00:00,52.112,2832.0,1446.148
2025-03-28 05:15:00,52.112,2832.0,1446.148
2025-03-28 05:30:00,52.112,2832.0,1446.148
2025-03-28 05:45:00,52.112,2832.0,1446.148
2025-03-28 06:00:00,1304.574,2797.501,1728.57
2025-03-28 06:15:00,1304.574,2797.501,1728.57
2025-03-28 06:30:00,1304.574,2797.501,1728.57
2025-03-28 06:45:00,1304.574,2797.501,1728.57
2025-03-28 07:00:00,4104.157,2679.75,2169.167
2025-03-28 07:15:00,4104.157,2679.75,2169.167
2025-03-28 07:30:00,4104.157,2679.75,2169.167
2025-03-28 07:45:00,4104.157,2679.75,2169.167
2025-03-28 08:00:00,7401.353,2145.5,2768.823
2025-03-28 08:15:00,7401.353,2145.5,2768.823
2025-03-28 08:30:00,7401.353,2145.5,2768.823
2025-03-28 08:45:00,7401.353,2145.5,2768.823
2025-03-28 09:00:00,9340.877,1602.751,3291.265
2025-03-28 09:15:00,9340.877,1602.751,3291.265
2025-03-28 09:30:00,9340.877,1602.751,3291.265
2025-03-28 09:45:00,9340.877,1602.751,3291.265
2025-03-28 10:00:00,10342.424,1517.25,3385.388
2025-03-28 10:15:00,10342.424,1517.25,3385.388
2025-03-28 10:30:00,10342.424,1517.25,3385.388
2025-03-28 10:45:00,10342.424,1517.25,3385.388
2025-03-28 11:00:00,11936.193,1304.751,3537.347
2025-03-28 11:15:00,11936.193,1304.751,3537.347
2025-03-28 11:30:00,11936.193,1304.751,3537.347
2025-03-28 11:45:00,11936.193,1304.751,3537.347
2025-03-28 12:00:00,12687.555,1080.249,3287.814
2025-03-28 12:15:00,12687.555,1080.249,3287.814
2025-03-28 12:30:00,12687.555,1080.249,3287.814
2025-03-28 12:45:00,12687.555,1080.249,3287.814
2025-03-28 13:00:00,11731.024,1602.75,3130.661
2025-03-28 13:15:00,11731.024,1602.75,3130.661
2025-03-28 13:30:00,11731.024,1602.75,3130.661
2025-03-28 13:45:00,11731.024,1602.75,3130.661
2025-03-28 14:00:00,8492.78,1785.25,3054.222
2025-03-28 14:15:00,8492.78,1785.25,3054.222
2025-03-28 14:30:00,8492.78,1785.25,3054.222
2025-03-28 14:45:00,8492.78,1785.25,3054.222
2025-03-28 15:00:00,4660.468,1455.249,2687.734
2025-03-28 15:15:00,4660.468,1455.249,2687.734
2025-03-28 15:30:00,4660.468,1455.249,2687.734
2025-03-28 15:45:00,4660.468,1455.249,2687.734
2025-03-28 16:00:00,2032.309,514.5,1975.144
2025-03-28 16:15:00,2032.309,514.5,1975.144
2025-03-28 16:30:00,2032.309,514.5,1975.144
2025-03-28 16:45:00,2032.309,514.5,1975.144
2025-03-28 17:00:00,529.881,340.5,975.785
2025-03-28 17:15:00,529.881,340.5,975.785
2025-03-28 17:30:00,529.881,340.5,975.785
2025-03-28 17:45:00,529.881,340.5,975.785
2025-03-28 18:00:00,15.689,341.999,472.127
2025-03-28 18:15:00,15.689,341.999,472.127
2025-03-28 18:30:00,15.689,341.999,472.127
2025-03-28 18:45:00,15.689,341.999,472.127
2025-03-28 19:00:00,0.0,457.0,267.398
2025-03-28 19:15:00,0.0,457.0,267.398
2025-03-28 19:30:00,0.0,457.0,267.398
2025-03-28 19:45:00,0.0,457.0,267.398
2025-03-28 20:00:00,0.0,766.25,203.719
2025-03-28 20:15:00,0.0,766.25,203.719
2025-03-28 20:30:00,0.0,766.25,203.719
2025-03-28 20:45:00,0.0,766.25,203.719
2025-03-28 21:00:00,0.0,900.25,262.345
2025-03-28 21:15:00,0.0,900.25,262.345
2025-03-28 21:30:00,0.0,900.25,262.345
2025-03-28 21:45:00,0.0,900.25,262.345
2025-03-28 22:00:00,0.0,588.999,286.297
2025-03-28 22:15:00,0.0,588.999,286.297
2025-03-28 22:30:00,0.0,588.999,286.297
2025-03-28 22:45:00,0.0,588.999,286.297
2025-03-28 23:00:00,0.0,890.75,279.715
2025-03-28 23:15:00,0.0,890.75,279.715
2025-03-28 23:30:00,0.0,890.75,279.715
2025-03-28 23:45:00,0.0,890.75,279.715
2025-03-29 00:00:00,0.0,1304.0,285.358
2025-03-29 00:15:00,0.0,1304.0,285.358
2025-03-29 00:30:00,0.0,1304.0,285.358
2025-03-29 00:45:00,0.0,1304.0,285.358
2025-03-29 01:00:00,0.0,1245.249,334.996
2025-03-29 01:15:00,0.0,1245.249,334.996
2025-03-29 01:30:00,0.0,1245.249,334.996
2025-03-29 01:45:00,0.0,1245.249,334.996
2025-03-29 02:00:00,0.0,1246.249,324.401
2025-03-29 02:15:00,0.0,1246.249,324.401
2025-03-29 02:30:00,0.0,1246.249,324.401
2025-03-29 02:45:00,0.0,1246.249,324.401
2025-03-29 03:00:00,0.0,1352.75,302.828
2025-03-29 03:15:00,0.0,1352.75,302.828
2025-03-29 03:30:00,0.0,1352.75,302.828
2025-03-29 03:45:00,0.0,1352.75,302.828
2025-03-29 04:00:00,0.0,1375.251,370.301
2025-03-29 04:15:00,0.0,1375.251,370.301
2025-03-29 04:30:00,0.0,1375.251,370.301
2025-03-29 04:45:00,0.0,1375.251,370.301
2025-03-29 05:00:00,50.945,1048.751,458.073
2025-03-29 05:15:00,50.945,1048.751,458.073
2025-03-29 05:30:00,50.945,1048.751,458.073
2025-03-29 05:45:00,50.945,1048.751,458.073
2025-03-29 06:00:00,1758.467,793.249,403.095
2025-03-29 06:15:00,1758.467,793.249,403.095
2025-03-29 06:30:00,1758.467,793.249,403.095
2025-03-29 06:45:00,1758.467,793.249,403.095
2025-03-29 07:00:00,6001.953,486.5,520.103
2025-03-29 07:15:00,6001.953,486.5,520.103
2025-03-29 07:30:00,6001.953,486.5,520.103
2025-03-29 07:45:00,6001.953,486.5,520.103
2025-03-29 08:00:00,10922.617,376.501,1037.736
2025-03-29 08:15:00,10922.617,376.501,1037.736
2025-03-29 08:30:00,10922.617,376.501,1037.736
2025-03-29 08:45:00,10922.617,376.501,1037.736
2025-03-29 09:00:00,13779.659,297.75,1279.716
2025-03-29 09:15:00,13779.659,297.75,1279.716
2025-03-29 09:30:00,13779.659,297.75,1279.716
2025-03-29 09:45:00,13779.659,297.75,1279.716
2025-03-29 10:00:00,15153.964,212.001,1618.931
2025-03-29 10:15:00,15153.964,212.001,1618.931
2025-03-29 10:30:00,15153.964,212.001,1618.931
2025-03-29 10:45:00,15153.964,212.001,1618.931
2025-03-29 11:00:00,13392.583,227.251,1942.968
2025-03-29 11:15:00,13392.583,227.251,1942.968
2025-03-29 11:30:00,13392.583,227.251,1942.968
2025-03-29 11:45:00,13392.583,227.251,1942.968
2025-03-29 12:00:00,16539.909,234.0,2226.187
2025-03-29 12:15:00,16539.909,234.0,2226.187
2025-03-29 12:30:00,16539.909,234.0,2226.187
2025-03-29 12:45:00,16539.909,234.0,2226.187
2025-03-29 13:00:00,16083.616,278.749,2573.376
2025-03-29 13:15:00,16083.616,278.749,2573.376
2025-03-29 13:30:00,16083.616,278.749,2573.376
2025-03-29 13:45:00,16083.616,278.749,2573.376
2025-03-29 14:00:00,13535.544,301.251,2323.98
2025-03-29 14:15:00,13535.544,301.251,2323.98
2025-03-29 14:30:00,13535.544,301.251,2323.98
2025-03-29 14:45:00,13535.544,301.251,2323.98
2025-03-29 15:00:00,10035.916,401.499,1849.727
2025-03-29 15:15:00,10035.916,401.499,1849.727
2025-03-29 15:30:00,10035.916,401.499,1849.727
2025-03-29 15:45:00,10035.916,401.499,1849.727
2025-03-29 16:00:00,5973.615,682.749,1570.463
2025-03-29 16:15:00,5973.615,682.749,1570.463
2025-03-29 16:30:00,5973.615,682.749,1570.463
2025-03-29 16:45:00,5973.615,682.749,1570.463
2025-03-29 17:00:00,1663.959,1153.5,1278.325
2025-03-29 17:15:00,1663.959,1153.5,1278.325
2025-03-29 17:30:00,1663.959,1153.5,1278.325
2025-03-29 17:45:00,1663.959,1153.5,1278.325
2025-03-29 18:00:00,15.89,1791.5,986.317
2025-03-29 18:15:00,15.89,1791.5,986.317
2025-03-29 18:30:00,15.89,1791.5,986.317
2025-03-29 18:45:00,15.89,1791.5,986.317
2025-03-29 19:00:00,0.0,2794.0,1034.701
2025-03-29 19:15:00,0.0,2794.0,1034.701
2025-03-29 19:30:00,0.0,2794.0,1034.701
2025-03-29 19:45:00,0.0,2794.0,1034.701
2025-03-29 20:00:00,0.0,3568.25,1526.312
2025-03-29 20:15:00,0.0,3568.25,1526.312
2025-03-29 20:30:00,0.0,3568.25,1526.312
2025-03-29 20:45:00,0.0,3568.25,1526.312
2025-03-29 21:00:00,0.0,3743.999,2282.501
2025-03-29 21:15:00,0.0,3743.999,2282.501
2025-03-29 21:30:00,0.0,3743.999,2282.501
2025-03-29 21:45:00,0.0,3743.999,2282.501
2025-03-29 22:00:00,0.0,3627.75,3489.161
2025-03-29 22:15:00,0.0,3627.75,3489.161
2025-03-29 22:30:00,0.0,3627.75,3489.161
2025-03-29 22:45:00,0.0,3627.75,3489.161
2025-03-29 23:00:00,0.0,3690.25,4419.788
2025-03-29 23:15:00,0.0,3690.25,4419.788
2025-03-29 23:30:00,0.0,3690.25,4419.788
2025-03-29 23:45:00,0.0,3690.25,4419.788
2025-03-30 00:00:00,0.0,3700.751,5508.744
2025-03-30 00:15:00,0.0,3700.751,5508.744
2025-03-30 00:30:00,0.0,3700.751,5508.744
2025-03-30 00:45:00,0.0,3700.751,5508.744
2025-03-30 01:00:00,0.0,3675.499,5891.733
2025-03-30 01:15:00,0.0,3675.499,5891.733
2025-03-30 01:30:00,0.0,3675.499,5891.733
2025-03-30 01:45:00,0.0,3675.499,5891.733
2025-03-30 02:00:00,0.0,3740.25,6113.404
2025-03-30 02:15:00,0.0,3740.25,6113.404
2025-03-30 02:30:00,0.0,3740.25,6113.404
2025-03-30 02:45:00,0.0,3740.25,6113.404
2025-03-30 03:00:00,0.0,3639.999,6076.622
2025-03-30 03:15:00,0.0,3639.999,6076.622
2025-03-30 03:30:00,0.0,3639.999,6076.622
2025-03-30 03:45:00,0.0,3639.999,6076.622
2025-03-30 04:00:00,0.0,3094.25,6133.877
2025-03-30 04:15:00,0.0,3094.25,6133.877
2025-03-30 04:30:00,0.0,3094.25,6133.877
2025-03-30 04:45:00,0.0,3094.25,6133.877
2025-03-30 05:00:00,29.042,3199.5,6172.647
2025-03-30 05:15:00,29.042,3199.5,6172.647
2025-03-30 05:30:00,29.042,3199.5,6172.647
2025-03-30 05:45:00,29.042,3199.5,6172.647
2025-03-30 06:00:00,650.717,3253.999,6091.101
2025-03-30 06:15:00,650.717,3253.999,6091.101
2025-03-30 06:30:00,650.717,3253.999,6091.101
2025-03-30 06:45:00,650.717,3253.999,6091.101
2025-03-30 07:00:00,2833.479,3148.75,6085.39
2025-03-30 07:15:00,2833.479,3148.75,6085.39
2025-03-30 07:30:00,2833.479,3148.75,6085.39
2025-03-30 07:45:00,2833.479,3148.75,6085.39
2025-03-30 08:00:00,6453.319,2636.0,6203.717
2025-03-30 08:15:00,6453.319,2636.0,6203.717
2025-03-30 08:30:00,6453.319,2636.0,6203.717
2025-03-30 08:45:00,6453.319,2636.0,6203.717
2025-03-30 09:00:00,9484.694,2437.0,6373.923
2025-03-30 09:15:00,9484.694,2437.0,6373.923
2025-03-30 09:30:00,9484.694,2437.0,6373.923
2025-03-30 09:45:00,9484.694,2437.0,6373.923
2025-03-30 10:00:00,11688.282,1877.0,6502.229
2025-03-30 10:15:00,11688.282,1877.0,6502.229
2025-03-30 10:30:00,11688.282,1877.0,6502.229
2025-03-30 10:45:00,11688.282,1877.0,6502.229
2025-03-30 11:00:00,12918.256,1669.5,6512.757
2025-03-30 11:15:00,12918.256,1669.5,6512.757
2025-03-30 11:30:00,12918.256,1669.5,6512.757
2025-03-30 11:45:00,12918.256,1669.5,6512.757
2025-03-30 12:00:00,13411.12,1605.5,6513.969
2025-03-30 12:15:00,13411.12,1605.5,6513.969
2025-03-30 12:30:00,13411.12,1605.5,6513.969
2025-03-30 12:45:00,13411.12,1605.5,6513.969
2025-03-30 13:00:00,11725.727,1739.75,6539.192
2025-03-30 13:15:00,11725.727,1739.75,6539.192
2025-03-30 13:30:00,11725.727,1739.75,6539.192
2025-03-30 13:45:00,11725.727,1739.75,6539.192
2025-03-30 14:00:00,9343.092,2489.75,6525.146
2025-03-30 14:15:00,9343.092,2489.75,6525.146
2025-03-30 14:30:00,9343.092,2489.75,6525.146
2025-03-30 14:45:00,9343.092,2489.75,6525.146
2025-03-30 15:00:00,7229.666,2955.75,6459.531
2025-03-30 15:15:00,7229.666,2955.75,6459.531
2025-03-30 15:30:00,7229.666,2955.75,6459.531
2025-03-30 15:45:00,7229.666,2955.75,6459.531
2025-03-30 16:00:00,3676.038,3006.75,6388.561
2025-03-30 16:15:00,3676.038,3006.75,6388.561
2025-03-30 16:30:00,3676.038,3006.75,6388.561
2025-03-30 16:45:00,3676.038,3006.75,6388.561
2025-03-30 17:00:00,953.86,3043.0,6157.712
2025-03-30 17:15:00,953.86,3043.0,6157.712
2025-03-30 17:30:00,953.86,3043.0,6157.712
2025-03-30 17:45:00,953.86,3043.0,6157.712
2025-03-30 18:00:00,33.05,3055.0,5565.003
2025-03-30 18:15:00,33.05,3055.0,5565.003
2025-03-30 18:30:00,33.05,3055.0,5565.003
2025-03-30 18:45:00,33.05,3055.0,5565.003
2025-03-30 19:00:00,0.0,3608.249,5142.577
2025-03-30 19:15:00,0.0,3608.249,5142.577
2025-03-30 19:30:00,0.0,3608.249,5142.577
2025-03-30 19:45:00,0.0,3608.249,5142.577
2025-03-30 20:00:00,0.0,3630.5,5084.781
2025-03-30 20:15:00,0.0,3630.5,5084.781
2025-03-30 20:30:00,0.0,3630.5,5084.781
2025-03-30 20:45:00,0.0,3630.5,5084.781
2025-03-30 21:00:00,0.0,3385.002,5155.699
2025-03-30 21:15:00,0.0,3385.002,5155.699
2025-03-30 21:30:00,0.0,3385.002,5155.699
2025-03-30 21:45:00,0.0,3385.002,5155.699
2025-03-30 22:00:00,0.0,3083.751,4788.933
2025-03-30 22:15:00,0.0,3083.751,4788.933
2025-03-30 22:30:00,0.0,3083.751,4788.933
2025-03-30 22:45:00,0.0,3083.751,4788.933
2025-03-30 23:00:00,0.0,2617.25,4248.753
2025-03-30 23:15:00,0.0,2617.25,4248.753
2025-03-30 23:30:00,0.0,2617.25,4248.753
2025-03-30 23:45:00,0.0,2617.25,4248.753
2025-03-31 00:00:00,0.0,2312.751,3632.647
2025-03-31 00:15:00,0.0,2312.751,3632.647
2025-03-31 00:30:00,0.0,2312.751,3632.647
2025-03-31 00:45:00,0.0,2312.751,3632.647
2025-03-31 01:00:00,0.0,2156.501,3450.542
2025-03-31 01:15:00,0.0,2156.501,3450.542
2025-03-31 01:30:00,0.0,2156.501,3450.542
2025-03-31 01:45:00,0.0,2156.501,3450.542
2025-03-31 02:00:00,0.0,1773.75,3148.236
2025-03-31 02:15:00,0.0,1773.75,3148.236
2025-03-31 02:30:00,0.0,1773.75,3148.236
2025-03-31 02:45:00,0.0,1773.75,3148.236
2025-03-31 03:00:00,0.0,1615.248,2903.699
2025-03-31 03:15:00,0.0,1615.248,2903.699
2025-03-31 03:30:00,0.0,1615.248,2903.699
2025-03-31 03:45:00,0.0,1615.248,2903.699
2025-03-31 04:00:00,0.0,1295.001,2384.001
2025-03-31 04:15:00,0.0,1295.001,2384.001
2025-03-31 04:30:00,0.0,1295.001,2384.001
2025-03-31 04:45:00,0.0,1295.001,2384.001
2025-03-31 05:00:00,54.674,1122.0,1968.525
2025-03-31 05:15:00,54.674,1122.0,1968.525
2025-03-31 05:30:00,54.674,1122.0,1968.525
2025-03-31 05:45:00,54.674,1122.0,1968.525
2025-03-31 06:00:00,1035.168,932.75,1709.991
2025-03-31 06:15:00,1035.168,932.75,1709.991
2025-03-31 06:30:00,1035.168,932.75,1709.991
2025-03-31 06:45:00,1035.168,932.75,1709.991
2025-03-31 07:00:00,3761.425,745.751,2005.038
2025-03-31 07:15:00,3761.425,745.751,2005.038
2025-03-31 07:30:00,3761.425,745.751,2005.038
2025-03-31 07:45:00,3761.425,745.751,2005.038
2025-03-31 08:00:00,8001.188,600.25,2525.609
2025-03-31 08:15:00,8001.188,600.25,2525.609
2025-03-31 08:30:00,8001.188,600.25,2525.609
2025-03-31 08:45:00,8001.188,600.25,2525.609
2025-03-31 09:00:00,11832.429,631.25,2869.888
2025-03-31 09:15:00,11832.429,631.25,2869.888
2025-03-31 09:30:00,11832.429,631.25,2869.888
2025-03-31 09:45:00,11832.429,631.25,2869.888
2025-03-31 10:00:00,14376.923,527.5,2762.225
2025-03-31 10:15:00,14376.923,527.5,2762.225
2025-03-31 10:30:00,14376.923,527.5,2762.225
2025-03-31 10:45:00,14376.923,527.5,2762.225
2025-03-31 11:00:00,16566.23,510.5,2866.719
2025-03-31 11:15:00,16566.23,510.5,2866.719
2025-03-31 11:30:00,16566.23,510.5,2866.719
2025-03-31 11:45:00,16566.23,510.5,2866.719
2025-03-31 12:00:00,16888.21,457.25,2876.959
2025-03-31 12:15:00,16888.21,457.25,2876.959
2025-03-31 12:30:00,16888.21,457.25,2876.959
2025-03-31 12:45:00,16888.21,457.25,2876.959
2025-03-31 13:00:00,16559.09,364.0,2823.367
2025-03-31 13:15:00,16559.09,364.0,2823.367
2025-03-31 13:30:00,16559.09,364.0,2823.367
2025-03-31 13:45:00,16559.09,364.0,2823.367
2025-03-31 14:00:00,14360.598,354.75,2669.873
2025-03-31 14:15:00,14360.598,354.75,2669.873
2025-03-31 14:30:00,14360.598,354.75,2669.873
2025-03-31 14:45:00,14360.598,354.75,2669.873
2025-03-31 15:00:00,10639.039,426.5,2643.085
2025-03-31 15:15:00,10639.039,426.5,2643.085
2025-03-31 15:30:00,10639.039,426.5,2643.085
2025-03-31 15:45:00,10639.039,426.5,2643.085
2025-03-31 16:00:00,6418.616,560.0,2683.922
2025-03-31 16:15:00,6418.616,560.0,2683.922
2025-03-31 16:30:00,6418.616,560.0,2683.922
2025-03-31 16:45:00,6418.616,560.0,2683.922
2025-03-31 17:00:00,2203.506,687.75,2326.99
2025-03-31 17:15:00,2203.506,687.75,2326.99
2025-03-31 17:30:00,2203.506,687.75,2326.99
2025-03-31 17:45:00,2203.506,687.75,2326.99
2025-03-31 18:00:00,63.325,724.25,1429.153
2025-03-31 18:15:00,63.325,724.25,1429.153
2025-03-31 18:30:00,63.325,724.25,1429.153
2025-03-31 18:45:00,63.325,724.25,1429.153
2025-03-31 19:00:00,0.0,858.0,857.412
2025-03-31 19:15:00,0.0,858.0,857.412
2025-03-31 19:30:00,0.0,858.0,857.412
2025-03-31 19:45:00,0.0,858.0,857.412
2025-03-31 20:00:00,0.0,842.0,554.046
2025-03-31 20:15:00,0.0,842.0,554.046
2025-03-31 20:30:00,0.0,842.0,554.046
2025-03-31 20:45:00,0.0,842.0,554.046
2025-03-31 21:00:00,0.0,767.251,400.32
2025-03-31 21:15:00,0.0,767.251,400.32
2025-03-31 21:30:00,0.0,767.251,400.32
2025-03-31 21:45:00,0.0,767.251,400.32
2025-03-31 22:00:00,0.0,774.249,281.487
2025-03-31 22:15:00,0.0,774.249,281.487
2025-03-31 22:30:00,0.0,774.249,281.487
2025-03-31 22:45:00,0.0,774.249,281.487
2025-03-31 23:00:00,0.0,891.0,291.827
2025-03-31 23:15:00,0.0,891.0,291.827
2025-03-31 23:30:00,0.0,891.0,291.827
2025-03-31 23:45:00,0.0,891.0,291.827
2025-04-01 00:00:00,0.0,771.75,243.194
2025-04-01 00:15:00,0.0,771.75,243.194
2025-04-01 00:30:00,0.0,771.75,243.194
2025-04-01 00:45:00,0.0,771.75,243.194
2025-04-01 01:00:00,0.0,713.25,234.17
2025-04-01 01:15:00,0.0,713.25,234.17
2025-04-01 01:30:00,0.0,713.25,234.17
2025-04-01 01:45:00,0.0,713.25,234.17
2025-04-01 02:00:00,0.0,715.0,246.009
2025-04-01 02:15:00,0.0,715.0,246.009
2025-04-01 02:30:00,0.0,715.0,246.009
2025-04-01 02:45:00,0.0,715.0,246.009
2025-04-01 03:00:00,0.0,687.25,324.495
2025-04-01 03:15:00,0.0,687.25,324.495
2025-04-01 03:30:00,0.0,687.25,324.495
2025-04-01 03:45:00,0.0,687.25,324.495
2025-04-01 04:00:00,0.0,682.749,384.793
2025-04-01 04:15:00,0.0,682.749,384.793
2025-04-01 04:30:00,0.0,682.749,384.793
2025-04-01 04:45:00,0.0,682.749,384.793
2025-04-01 05:00:00,107.662,743.25,417.176
2025-04-01 05:15:00,107.662,743.25,417.176
2025-04-01 05:30:00,107.662,743.25,417.176
2025-04-01 05:45:00,107.662,743.25,417.176
2025-04-01 06:00:00,1792.826,786.751,525.905
2025-04-01 06:15:00,1792.826,786.751,525.905
2025-04-01 06:30:00,1792.826,786.751,525.905
2025-04-01 06:45:00,1792.826,786.751,525.905
2025-04-01 07:00:00,5320.608,786.5,742.254
2025-04-01 07:15:00,5320.608,786.5,742.254
2025-04-01 07:30:00,5320.608,786.5,742.254
2025-04-01 07:45:00,5320.608,786.5,742.254
2025-04-01 08:00:00,10007.916,754.001,1153.556
2025-04-01 08:15:00,10007.916,754.001,1153.556
2025-04-01 08:30:00,10007.916,754.001,1153.556
2025-04-01 08:45:00,10007.916,754.001,1153.556
2025-04-01 09:00:00,14778.766,676.0,1610.905
2025-04-01 09:15:00,14778.766,676.0,1610.905
2025-04-01 09:30:00,14778.766,676.0,1610.905
2025-04-01 09:45:00,14778.766,676.0,1610.905
2025-04-01 10:00:00,17622.153,390.251,2464.314
2025-04-01 10:15:00,17622.153,390.251,2464.314
2025-04-01 10:30:00,17622.153,390.251,2464.314
2025-04-01 10:45:00,17622.153,390.251,2464.314
2025-04-01 11:00:00,19060.204,319.5,3507.163
2025-04-01 11:15:00,19060.204,319.5,3507.163
2025-04-01 11:30:00,19060.204,319.5,3507.163
2025-04-01 11:45:00,19060.204,319.5,3507.163
2025-04-01 12:00:00,19180.759,475.499,4350.752
2025-04-01 12:15:00,19180.759,475.499,4350.752
2025-04-01 12:30:00,19180.759,475.499,4350.752
2025-04-01 12:45:00,19180.759,475.499,4350.752
2025-04-01 13:00:00,17593.088,634.251,4713.66
2025-04-01 13:15:00,17593.088,634.251,4713.66
2025-04-01 13:30:00,17593.088,634.251,4713.66
2025-04-01 13:45:00,17593.088,634.251,4713.66
2025-04-01 14:00:00,14542.612,1462.249,4891.281
2025-04-01 14:15:00,14542.612,1462.249,4891.281
2025-04-01 14:30:00,14542.612,1462.249,4891.281
2025-04-01 14:45:00,14542.612,1462.249,4891.281
2025-04-01 15:00:00,10674.237,2250.25,5303.039
2025-04-01 15:15:00,10674.237,2250.25,5303.039
2025-04-01 15:30:00,10674.237,2250.25,5303.039
2025-04-01 15:45:00,10674.237,2250.25,5303.039
2025-04-01 16:00:00,6308.51,2549.25,5363.283
2025-04-01 16:15:00,6308.51,2549.25,5363.283
2025-04-01 16:30:00,6308.51,2549.25,5363.283
2025-04-01 16:45:00,6308.51,2549.25,5363.283
2025-04-01 17:00:00,2273.036,2400.499,4723.209
2025-04-01 17:15:00,2273.036,2400.499,4723.209
2025-04-01 17:30:00,2273.036,2400.499,4723.209
2025-04-01 17:45:00,2273.036,2400.499,4723.209
2025-04-01 18:00:00,75.619,2573.251,3321.54
2025-04-01 18:15:00,75.619,2573.251,3321.54
2025-04-01 18:30:00,75.619,2573.251,3321.54
2025-04-01 18:45:00,75.619,2573.251,3321.54
2025-04-01 19:00:00,0.0,2800.25,2158.354
2025-04-01 19:15:00,0.0,2800.25,2158.354
2025-04-01 19:30:00,0.0,2800.25,2158.354
2025-04-01 19:45:00,0.0,2800.25,2158.354
2025-04-01 20:00:00,0.0,2868.5,1949.666
2025-04-01 20:15:00,0.0,2868.5,1949.666
2025-04-01 20:30:00,0.0,2868.5,1949.666
2025-04-01 20:45:00,0.0,2868.5,1949.666
2025-04-01 21:00:00,0.0,2988.751,1976.719
2025-04-01 21:15:00,0.0,2988.751,1976.719
2025-04-01 21:30:00,0.0,2988.751,1976.719
2025-04-01 21:45:00,0.0,2988.751,1976.719
2025-04-01 22:00:00,0.0,2816.5,1963.118
2025-04-01 22:15:00,0.0,2816.5,1963.118
2025-04-01 22:30:00,0.0,2816.5,1963.118
2025-04-01 22:45:00,0.0,2816.5,1963.118
2025-04-01 23:00:00,0.0,2320.501,1741.901
2025-04-01 23:15:00,0.0,2320.501,1741.901
2025-04-01 23:30:00,0.0,2320.501,1741.901
2025-04-01 23:45:00,0.0,2320.501,1741.901
2025-04-02 00:00:00,0.0,1514.251,1594.014
2025-04-02 00:15:00,0.0,1514.251,1594.014
2025-04-02 00:30:00,0.0,1514.251,1594.014
2025-04-02 00:45:00,0.0,1514.251,1594.014
2025-04-02 01:00:00,0.0,1321.5,1521.457
2025-04-02 01:15:00,0.0,1321.5,1521.457
2025-04-02 01:30:00,0.0,1321.5,1521.457
2025-04-02 01:45:00,0.0,1321.5,1521.457
2025-04-02 02:00:00,0.0,1319.499,1506.924
2025-04-02 02:15:00,0.0,1319.499,1506.924
2025-04-02 02:30:00,0.0,1319.499,1506.924
2025-04-02 02:45:00,0.0,1319.499,1506.924
2025-04-02 03:00:00,0.0,1614.251,1640.365
2025-04-02 03:15:00,0.0,1614.251,1640.365
2025-04-02 03:30:00,0.0,1614.251,1640.365
2025-04-02 03:45:00,0.0,1614.251,1640.365
2025-04-02 04:00:00,0.0,2651.249,2000.956
2025-04-02 04:15:00,0.0,2651.249,2000.956
2025-04-02 04:30:00,0.0,2651.249,2000.956
2025-04-02 04:45:00,0.0,2651.249,2000.956
2025-04-02 05:00:00,152.367,3101.0,1969.603
2025-04-02 05:15:00,152.367,3101.0,1969.603
2025-04-02 05:30:00,152.367,3101.0,1969.603
2025-04-02 05:45:00,152.367,3101.0,1969.603
2025-04-02 06:00:00,2309.559,3066.5,2213.339
2025-04-02 06:15:00,2309.559,3066.5,2213.339
2025-04-02 06:30:00,2309.559,3066.5,2213.339
2025-04-02 06:45:00,2309.559,3066.5,2213.339
2025-04-02 07:00:00,6630.402,2847.75,3192.788
2025-04-02 07:15:00,6630.402,2847.75,3192.788
2025-04-02 07:30:00,6630.402,2847.75,3192.788
2025-04-02 07:45:00,6630.402,2847.75,3192.788
2025-04-02 08:00:00,11437.572,2755.5,4174.349
2025-04-02 08:15:00,11437.572,2755.5,4174.349
2025-04-02 08:30:00,11437.572,2755.5,4174.349
2025-04-02 08:45:00,11437.572,2755.5,4174.349
2025-04-02 09:00:00,15016.763,1660.5,4727.894
2025-04-02 09:15:00,15016.763,1660.5,4727.894
2025-04-02 09:30:00,15016.763,1660.5,4727.894
2025-04-02 09:45:00,15016.763,1660.5,4727.894
2025-04-02 10:00:00,17834.75,1066.501,5077.514
2025-04-02 10:15:00,17834.75,1066.501,5077.514
2025-04-02 10:30:00,17834.75,1066.501,5077.514
2025-04-02 10:45:00,17834.75,1066.501,5077.514
2025-04-02 11:00:00,18948.824,868.0,5321.029
2025-04-02 11:15:00,18948.824,868.0,5321.029
2025-04-02 11:30:00,18948.824,868.0,5321.029
2025-04-02 11:45:00,18948.824,868.0,5321.029
2025-04-02 12:00:00,18483.934,1031.751,5785.458
2025-04-02 12:15:00,18483.934,1031.751,5785.458
2025-04-02 12:30:00,18483.934,1031.751,5785.458
2025-04-02 12:45:00,18483.934,1031.751,5785.458
2025-04-02 13:00:00,16740.624,1116.252,6281.684
2025-04-02 13:15:00,16740.624,1116.252,6281.684
2025-04-02 13:30:00,16740.624,1116.252,6281.684
2025-04-02 13:45:00,16740.624,1116.252,6281.684
2025-04-02 14:00:00,14114.119,1368.5,6450.69
2025-04-02 14:15:00,14114.119,1368.5,6450.69
2025-04-02 14:30:00,14114.119,1368.5,6450.69
2025-04-02 14:45:00,14114.119,1368.5,6450.69
2025-04-02 15:00:00,10184.473,2692.249,6476.489
2025-04-02 15:15:00,10184.473,2692.249,6476.489
2025-04-02 15:30:00,10184.473,2692.249,6476.489
2025-04-02 15:45:00,10184.473,2692.249,6476.489
2025-04-02 16:00:00,6110.203,3217.0,6328.539
2025-04-02 16:15:00,6110.203,3217.0,6328.539
2025-04-02 16:30:00,6110.203,3217.0,6328.539
2025-04-02 16:45:00,6110.203,3217.0,6328.539
2025-04-02 17:00:00,2223.787,3636.75,5774.468
2025-04-02 17:15:00,2223.787,3636.75,5774.468
2025-04-02 17:30:00,2223.787,3636.75,5774.468
2025-04-02 17:45:00,2223.787,3636.75,5774.468
2025-04-02 18:00:00,79.573,3726.999,4559.609
2025-04-02 18:15:00,79.573,3726.999,4559.609
2025-04-02 18:30:00,79.573,3726.999,4559.609
2025-04-02 18:45:00,79.573,3726.999,4559.609
2025-04-02 19:00:00,0.0,3828.5,4057.139
2025-04-02 19:15:00,0.0,3828.5,4057.139
2025-04-02 19:30:00,0.0,3828.5,4057.139
2025-04-02 19:45:00,0.0,3828.5,4057.139
2025-04-02 20:00:00,0.0,3849.249,3978.653
2025-04-02 20:15:00,0.0,3849.249,3978.653
2025-04-02 20:30:00,0.0,3849.249,3978.653
2025-04-02 20:45:00,0.0,3849.249,3978.653
2025-04-02 21:00:00,0.0,3816.0,3590.17
2025-04-02 21:15:00,0.0,3816.0,3590.17
2025-04-02 21:30:00,0.0,3816.0,3590.17
2025-04-02 21:45:00,0.0,3816.0,3590.17
2025-04-02 22:00:00,0.0,3829.501,3596.516
2025-04-02 22:15:00,0.0,3829.501,3596.516
2025-04-02 22:30:00,0.0,3829.501,3596.516
2025-04-02 22:45:00,0.0,3829.501,3596.516
2025-04-02 23:00:00,0.0,3735.251,3383.893
2025-04-02 23:15:00,0.0,3735.251,3383.893
2025-04-02 23:30:00,0.0,3735.251,3383.893
2025-04-02 23:45:00,0.0,3735.251,3383.893
2025-04-03 00:00:00,0.0,3610.999,3016.328
2025-04-03 00:15:00,0.0,3610.999,3016.328
2025-04-03 00:30:00,0.0,3610.999,3016.328
2025-04-03 00:45:00,0.0,3610.999,3016.328
2025-04-03 01:00:00,0.0,3559.5,2934.192
2025-04-03 01:15:00,0.0,3559.5,2934.192
2025-04-03 01:30:00,0.0,3559.5,2934.192
2025-04-03 01:45:00,0.0,3559.5,2934.192
2025-04-03 02:00:00,0.0,3524.499,2794.043
2025-04-03 02:15:00,0.0,3524.499,2794.043
2025-04-03 02:30:00,0.0,3524.499,2794.043
2025-04-03 02:45:00,0.0,3524.499,2794.043
2025-04-03 03:00:00,0.0,3464.999,2449.152
2025-04-03 03:15:00,0.0,3464.999,2449.152
2025-04-03 03:30:00,0.0,3464.999,2449.152
2025-04-03 03:45:00,0.0,3464.999,2449.152
2025-04-03 04:00:00,0.0,3464.25,2332.519
2025-04-03 04:15:00,0.0,3464.25,2332.519
2025-04-03 04:30:00,0.0,3464.25,2332.519
2025-04-03 04:45:00,0.0,3464.25,2332.519
2025-04-03 05:00:00,175.442,3447.0,2277.432
2025-04-03 05:15:00,175.442,3447.0,2277.432
2025-04-03 05:30:00,175.442,3447.0,2277.432
2025-04-03 05:45:00,175.442,3447.0,2277.432
2025-04-03 06:00:00,2340.556,3310.5,2569.068
2025-04-03 06:15:00,2340.556,3310.5,2569.068
2025-04-03 06:30:00,2340.556,3310.5,2569.068
2025-04-03 06:45:00,2340.556,3310.5,2569.068
2025-04-03 07:00:00,6690.304,3019.75,3137.641
2025-04-03 07:15:00,6690.304,3019.75,3137.641
2025-04-03 07:30:00,6690.304,3019.75,3137.641
2025-04-03 07:45:00,6690.304,3019.75,3137.641
2025-04-03 08:00:00,11619.194,2505.75,3772.802
2025-04-03 08:15:00,11619.194,2505.75,3772.802
2025-04-03 08:30:00,11619.194,2505.75,3772.802
2025-04-03 08:45:00,11619.194,2505.75,3772.802
2025-04-03 09:00:00,15354.797,1713.0,4060.956
2025-04-03 09:15:00,15354.797,1713.0,4060.956
2025-04-03 09:30:00,15354.797,1713.0,4060.956
2025-04-03 09:45:00,15354.797,1713.0,4060.956
2025-04-03 10:00:00,17977.481,996.5,4168.298
2025-04-03 10:15:00,17977.481,996.5,4168.298
2025-04-03 10:30:00,17977.481,996.5,4168.298
2025-04-03 10:45:00,17977.481,996.5,4168.298
2025-04-03 11:00:00,19320.229,718.25,4542.863
2025-04-03 11:15:00,19320.229,718.25,4542.863
2025-04-03 11:30:00,19320.229,718.25,4542.863
2025-04-03 11:45:00,19320.229,718.25,4542.863
2025-04-03 12:00:00,19005.82,916.0,5035.076
2025-04-03 12:15:00,19005.82,916.0,5035.076
2025-04-03 12:30:00,19005.82,916.0,5035.076
2025-04-03 12:45:00,19005.82,916.0,5035.076
2025-04-03 13:00:00,17539.786,1323.751,5116.627
2025-04-03 13:15:00,17539.786,1323.751,5116.627
2025-04-03 13:30:00,17539.786,1323.751,5116.627
2025-04-03 13:45:00,17539.786,1323.751,5116.627
2025-04-03 14:00:00,14768.473,1728.0,4873.119
2025-04-03 14:15:00,14768.473,1728.0,4873.119
2025-04-03 14:30:00,14768.473,1728.0,4873.119
2025-04-03 14:45:00,14768.473,1728.0,4873.119
2025-04-03 15:00:00,10972.816,1776.249,4466.364
2025-04-03 15:15:00,10972.816,1776.249,4466.364
2025-04-03 15:30:00,10972.816,1776.249,4466.364
2025-04-03 15:45:00,10972.816,1776.249,4466.364
2025-04-03 16:00:00,6457.645,1628.75,3666.421
2025-04-03 16:15:00,6457.645,1628.75,3666.421
2025-04-03 16:30:00,6457.645,1628.75,3666.421
2025-04-03 16:45:00,6457.645,1628.75,3666.421
2025-04-03 17:00:00,2207.709,1375.25,2241.579
2025-04-03 17:15:00,2207.709,1375.25,2241.579
2025-04-03 17:30:00,2207.709,1375.25,2241.579
2025-04-03 17:45:00,2207.709,1375.25,2241.579
2025-04-03 18:00:00,48.176,1120.25,1027.943
2025-04-03 18:15:00,48.176,1120.25,1027.943
2025-04-03 18:30:00,48.176,1120.25,1027.943
2025-04-03 18:45:00,48.176,1120.25,1027.943
2025-04-03 19:00:00,0.0,1183.5,827.155
2025-04-03 19:15:00,0.0,1183.5,827.155
2025-04-03 19:30:00,0.0,1183.5,827.155
2025-04-03 19:45:00,0.0,1183.5,827.155
2025-04-03 20:00:00,0.0,1692.25,635.281
2025-04-03 20:15:00,0.0,1692.25,635.281
2025-04-03 20:30:00,0.0,1692.25,635.281
2025-04-03 20:45:00,0.0,1692.25,635.281
2025-04-03 21:00:00,0.0,1869.0,563.054
2025-04-03 21:15:00,0.0,1869.0,563.054
2025-04-03 21:30:00,0.0,1869.0,563.054
2025-04-03 21:45:00,0.0,1869.0,563.054
2025-04-03 22:00:00,0.0,2038.749,549.228
2025-04-03 22:15:00,0.0,2038.749,549.228
2025-04-03 22:30:00,0.0,2038.749,549.228
2025-04-03 22:45:00,0.0,2038.749,549.228
2025-04-03 23:00:00,0.0,1915.0,594.551
2025-04-03 23:15:00,0.0,1915.0,594.551
2025-04-03 23:30:00,0.0,1915.0,594.551
2025-04-03 23:45:00,0.0,1915.0,594.551
2025-04-04 00:00:00,0.0,1287.251,414.927
2025-04-04 00:15:00,0.0,1287.251,414.927
2025-04-04 00:30:00,0.0,1287.251,414.927
2025-04-04 00:45:00,0.0,1287.251,414.927
2025-04-04 01:00:00,0.0,744.0,396.908
2025-04-04 01:15:00,0.0,744.0,396.908
2025-04-04 01:30:00,0.0,744.0,396.908
2025-04-04 01:45:00,0.0,744.0,396.908
2025-04-04 02:00:00,0.0,433.75,281.388
2025-04-04 02:15:00,0.0,433.75,281.388
2025-04-04 02:30:00,0.0,433.75,281.388
2025-04-04 02:45:00,0.0,433.75,281.388
2025-04-04 03:00:00,0.0,375.75,219.43
2025-04-04 03:15:00,0.0,375.75,219.43
2025-04-04 03:30:00,0.0,375.75,219.43
2025-04-04 03:45:00,0.0,375.75,219.43
2025-04-04 04:00:00,0.0,418.75,239.183
2025-04-04 04:15:00,0.0,418.75,239.183
2025-04-04 04:30:00,0.0,418.75,239.183
2025-04-04 04:45:00,0.0,418.75,239.183
2025-04-04 05:00:00,217.815,415.0,197.488
2025-04-04 05:15:00,217.815,415.0,197.488
2025-04-04 05:30:00,217.815,415.0,197.488
2025-04-04 05:45:00,217.815,415.0,197.488
2025-04-04 06:00:00,2600.642,447.75,236.876
2025-04-04 06:15:00,2600.642,447.75,236.876
2025-04-04 06:30:00,2600.642,447.75,236.876
2025-04-04 06:45:00,2600.642,447.75,236.876
2025-04-04 07:00:00,7004.402,576.0,370.761
2025-04-04 07:15:00,7004.402,576.0,370.761
2025-04-04 07:30:00,7004.402,576.0,370.761
2025-04-04 07:45:00,7004.402,576.0,370.761
2025-04-04 08:00:00,11819.731,757.75,563.698
2025-04-04 08:15:00,11819.731,757.75,563.698
2025-04-04 08:30:00,11819.731,757.75,563.698
2025-04-04 08:45:00,11819.731,757.75,563.698
2025-04-04 09:00:00,15549.42,982.501,859.382
2025-04-04 09:15:00,15549.42,982.501,859.382
2025-04-04 09:30:00,15549.42,982.501,859.382
2025-04-04 09:45:00,15549.42,982.501,859.382
2025-04-04 10:00:00,18151.225,835.0,1685.047
2025-04-04 10:15:00,18151.225,835.0,1685.047
2025-04-04 10:30:00,18151.225,835.0,1685.047
2025-04-04 10:45:00,18151.225,835.0,1685.047
2025-04-04 11:00:00,19499.312,643.0,2442.979
2025-04-04 11:15:00,19499.312,643.0,2442.979
2025-04-04 11:30:00,19499.312,643.0,2442.979
2025-04-04 11:45:00,19499.312,643.0,2442.979
2025-04-04 12:00:00,19301.51,576.999,2542.37
2025-04-04 12:15:00,19301.51,576.999,2542.37
2025-04-04 12:30:00,19301.51,576.999,2542.37
2025-04-04 12:45:00,19301.51,576.999,2542.37
2025-04-04 13:00:00,17692.323,1318.0,2572.338
2025-04-04 13:15:00,17692.323,1318.0,2572.338
2025-04-04 13:30:00,17692.323,1318.0,2572.338
2025-04-04 13:45:00,17692.323,1318.0,2572.338
2025-04-04 14:00:00,14936.085,2048.25,3386.465
2025-04-04 14:15:00,14936.085,2048.25,3386.465
2025-04-04 14:30:00,14936.085,2048.25,3386.465
2025-04-04 14:45:00,14936.085,2048.25,3386.465
2025-04-04 15:00:00,11170.815,2504.75,3683.424
2025-04-04 15:15:00,11170.815,2504.75,3683.424
2025-04-04 15:30:00,11170.815,2504.75,3683.424
2025-04-04 15:45:00,11170.815,2504.75,3683.424
2025-04-04 16:00:00,6646.546,3016.5,3886.235
2025-04-04 16:15:00,6646.546,3016.5,3886.235
2025-04-04 16:30:00,6646.546,3016.5,3886.235
2025-04-04 16:45:00,6646.546,3016.5,3886.235
2025-04-04 17:00:00,2423.387,3301.25,3615.182
2025-04-04 17:15:00,2423.387,3301.25,3615.182
2025-04-04 17:30:00,2423.387,3301.25,3615.182
2025-04-04 17:45:00,2423.387,3301.25,3615.182
2025-04-04 18:00:00,98.769,3562.251,2748.064
2025-04-04 18:15:00,98.769,3562.251,2748.064
2025-04-04 18:30:00,98.769,3562.251,2748.064
2025-04-04 18:45:00,98.769,3562.251,2748.064
2025-04-04 19:00:00,0.0,3764.75,2523.227
2025-04-04 19:15:00,0.0,3764.75,2523.227
2025-04-04 19:30:00,0.0,3764.75,2523.227
2025-04-04 19:45:00,0.0,3764.75,2523.227
2025-04-04 20:00:00,0.0,3878.999,2563.175
2025-04-04 20:15:00,0.0,3878.999,2563.175
2025-04-04 20:30:00,0.0,3878.999,2563.175
2025-04-04 20:45:00,0.0,3878.999,2563.175
2025-04-04 21:00:00,0.0,3817.499,2215.762
2025-04-04 21:15:00,0.0,3817.499,2215.762
2025-04-04 21:30:00,0.0,3817.499,2215.762
2025-04-04 21:45:00,0.0,3817.499,2215.762
2025-04-04 22:00:00,0.0,3611.749,1874.055
2025-04-04 22:15:00,0.0,3611.749,1874.055
2025-04-04 22:30:00,0.0,3611.749,1874.055
2025-04-04 22:45:00,0.0,3611.749,1874.055
2025-04-04 23:00:00,0.0,3249.0,1735.387
2025-04-04 23:15:00,0.0,3249.0,1735.387
2025-04-04 23:30:00,0.0,3249.0,1735.387
2025-04-04 23:45:00,0.0,3249.0,1735.387
2025-04-05 00:00:00,0.0,2686.749,1280.487
2025-04-05 00:15:00,0.0,2686.749,1280.487
2025-04-05 00:30:00,0.0,2686.749,1280.487
2025-04-05 00:45:00,0.0,2686.749,1280.487
2025-04-05 01:00:00,0.0,2076.999,1099.022
2025-04-05 01:15:00,0.0,2076.999,1099.022
2025-04-05 01:30:00,0.0,2076.999,1099.022
2025-04-05 01:45:00,0.0,2076.999,1099.022
2025-04-05 02:00:00,0.0,2189.751,1123.158
2025-04-05 02:15:00,0.0,2189.751,1123.158
2025-04-05 02:30:00,0.0,2189.751,1123.158
2025-04-05 02:45:00,0.0,2189.751,1123.158
2025-04-05 03:00:00,0.0,2347.0,1267.894
2025-04-05 03:15:00,0.0,2347.0,1267.894
2025-04-05 03:30:00,0.0,2347.0,1267.894
2025-04-05 03:45:00,0.0,2347.0,1267.894
2025-04-05 04:00:00,0.0,2448.0,1410.992
2025-04-05 04:15:00,0.0,2448.0,1410.992
2025-04-05 04:30:00,0.0,2448.0,1410.992
2025-04-05 04:45:00,0.0,2448.0,1410.992
2025-04-05 05:00:00,247.839,2589.499,1583.286
2025-04-05 05:15:00,247.839,2589.499,1583.286
2025-04-05 05:30:00,247.839,2589.499,1583.286
2025-04-05 05:45:00,247.839,2589.499,1583.286
2025-04-05 06:00:00,2833.618,2622.0,2048.055
2025-04-05 06:15:00,2833.618,2622.0,2048.055
2025-04-05 06:30:00,2833.618,2622.0,2048.055
2025-04-05 06:45:00,2833.618,2622.0,2048.055
2025-04-05 07:00:00,7382.5,2563.999,3501.538
2025-04-05 07:15:00,7382.5,2563.999,3501.538
2025-04-05 07:30:00,7382.5,2563.999,3501.538
2025-04-05 07:45:00,7382.5,2563.999,3501.538
2025-04-05 08:00:00,12286.168,1754.501,4542.816
2025-04-05 08:15:00,12286.168,1754.501,4542.816
2025-04-05 08:30:00,12286.168,1754.501,4542.816
2025-04-05 08:45:00,12286.168,1754.501,4542.816
2025-04-05 09:00:00,16044.984,1407.75,4777.954
2025-04-05 09:15:00,16044.984,1407.75,4777.954
2025-04-05 09:30:00,16044.984,1407.75,4777.954
2025-04-05 09:45:00,16044.984,1407.75,4777.954
2025-04-05 10:00:00,18612.64,894.5,4871.564
2025-04-05 10:15:00,18612.64,894.5,4871.564
2025-04-05 10:30:00,18612.64,894.5,4871.564
2025-04-05 10:45:00,18612.64,894.5,4871.564
2025-04-05 11:00:00,19897.778,822.25,5052.137
2025-04-05 11:15:00,19897.778,822.25,5052.137
2025-04-05 11:30:00,19897.778,822.25,5052.137
2025-04-05 11:45:00,19897.778,822.25,5052.137
2025-04-05 12:00:00,19654.401,942.999,5286.837
2025-04-05 12:15:00,19654.401,942.999,5286.837
2025-04-05 12:30:00,19654.401,942.999,5286.837
2025-04-05 12:45:00,19654.401,942.999,5286.837
2025-04-05 13:00:00,17969.145,1135.25,5477.768
2025-04-05 13:15:00,17969.145,1135.25,5477.768
2025-04-05 13:30:00,17969.145,1135.25,5477.768
2025-04-05 13:45:00,17969.145,1135.25,5477.768
2025-04-05 14:00:00,15146.289,1736.0,5680.855
2025-04-05 14:15:00,15146.289,1736.0,5680.855
2025-04-05 14:30:00,15146.289,1736.0,5680.855
2025-04-05 14:45:00,15146.289,1736.0,5680.855
2025-04-05 15:00:00,11475.32,3166.251,5964.227
2025-04-05 15:15:00,11475.32,3166.251,5964.227
2025-04-05 15:30:00,11475.32,3166.251,5964.227
2025-04-05 15:45:00,11475.32,3166.251,5964.227
2025-04-05 16:00:00,6980.6,3927.25,6064.287
2025-04-05 16:15:00,6980.6,3927.25,6064.287
2025-04-05 16:30:00,6980.6,3927.25,6064.287
2025-04-05 16:45:00,6980.6,3927.25,6064.287
2025-04-05 17:00:00,2675.332,4070.499,5914.217
2025-04-05 17:15:00,2675.332,4070.499,5914.217
2025-04-05 17:30:00,2675.332,4070.499,5914.217
2025-04-05 17:45:00,2675.332,4070.499,5914.217
2025-04-05 18:00:00,142.418,4248.749,4948.995
2025-04-05 18:15:00,142.418,4248.749,4948.995
2025-04-05 18:30:00,142.418,4248.749,4948.995
2025-04-05 18:45:00,142.418,4248.749,4948.995
2025-04-05 19:00:00,0.0,4106.75,4040.408
2025-04-05 19:15:00,0.0,4106.75,4040.408
2025-04-05 19:30:00,0.0,4106.75,4040.408
2025-04-05 19:45:00,0.0,4106.75,4040.408
2025-04-05 20:00:00,0.0,3913.251,3472.962
2025-04-05 20:15:00,0.0,3913.251,3472.962
2025-04-05 20:30:00,0.0,3913.251,3472.962
2025-04-05 20:45:00,0.0,3913.251,3472.962
2025-04-05 21:00:00,0.0,3741.749,3628.188
2025-04-05 21:15:00,0.0,3741.749,3628.188
2025-04-05 21:30:00,0.0,3741.749,3628.188
2025-04-05 21:45:00,0.0,3741.749,3628.188
2025-04-05 22:00:00,0.0,3722.5,3542.443
2025-04-05 22:15:00,0.0,3722.5,3542.443
2025-04-05 22:30:00,0.0,3722.5,3542.443
2025-04-05 22:45:00,0.0,3722.5,3542.443
2025-04-05 23:00:00,0.0,3654.75,3367.387
2025-04-05 23:15:00,0.0,3654.75,3367.387
2025-04-05 23:30:00,0.0,3654.75,3367.387
2025-04-05 23:45:00,0.0,3654.75,3367.387
2025-04-06 00:00:00,0.0,3339.499,3084.687
2025-04-06 00:15:00,0.0,3339.499,3084.687
2025-04-06 00:30:00,0.0,3339.499,3084.687
2025-04-06 00:45:00,0.0,3339.499,3084.687
2025-04-06 01:00:00,0.0,3276.0,2726.839
2025-04-06 01:15:00,0.0,3276.0,2726.839
2025-04-06 01:30:00,0.0,3276.0,2726.839
2025-04-06 01:45:00,0.0,3276.0,2726.839
2025-04-06 02:00:00,0.0,3202.5,2519.895
2025-04-06 02:15:00,0.0,3202.5,2519.895
2025-04-06 02:30:00,0.0,3202.5,2519.895
2025-04-06 02:45:00,0.0,3202.5,2519.895
2025-04-06 03:00:00,0.0,3138.0,2777.253
2025-04-06 03:15:00,0.0,3138.0,2777.253
2025-04-06 03:30:00,0.0,3138.0,2777.253
2025-04-06 03:45:00,0.0,3138.0,2777.253
2025-04-06 04:00:00,0.0,3078.0,2735.303
2025-04-06 04:15:00,0.0,3078.0,2735.303
2025-04-06 04:30:00,0.0,3078.0,2735.303
2025-04-06 04:45:00,0.0,3078.0,2735.303
2025-04-06 05:00:00,299.557,2872.25,2482.819
2025-04-06 05:15:00,299.557,2872.25,2482.819
2025-04-06 05:30:00,299.557,2872.25,2482.819
2025-04-06 05:45:00,299.557,2872.25,2482.819
2025-04-06 06:00:00,3057.617,2176.251,2747.656
2025-04-06 06:15:00,3057.617,2176.251,2747.656
2025-04-06 06:30:00,3057.617,2176.251,2747.656
2025-04-06 06:45:00,3057.617,2176.251,2747.656
2025-04-06 07:00:00,7750.19,2080.5,3570.666
2025-04-06 07:15:00,7750.19,2080.5,3570.666
2025-04-06 07:30:00,7750.19,2080.5,3570.666
2025-04-06 07:45:00,7750.19,2080.5,3570.666
2025-04-06 08:00:00,12699.035,1267.75,4085.15
2025-04-06 08:15:00,12699.035,1267.75,4085.15
2025-04-06 08:30:00,12699.035,1267.75,4085.15
2025-04-06 08:45:00,12699.035,1267.75,4085.15
2025-04-06 09:00:00,16445.467,813.5,3988.352
2025-04-06 09:15:00,16445.467,813.5,3988.352
2025-04-06 09:30:00,16445.467,813.5,3988.352
2025-04-06 09:45:00,16445.467,813.5,3988.352
2025-04-06 10:00:00,19021.029,605.75,3948.93
2025-04-06 10:15:00,19021.029,605.75,3948.93
2025-04-06 10:30:00,19021.029,605.75,3948.93
2025-04-06 10:45:00,19021.029,605.75,3948.93
2025-04-06 11:00:00,20266.397,540.75,3974.763
2025-04-06 11:15:00,20266.397,540.75,3974.763
2025-04-06 11:30:00,20266.397,540.75,3974.763
2025-04-06 11:45:00,20266.397,540.75,3974.763
2025-04-06 12:00:00,20156.782,566.749,3972.898
2025-04-06 12:15:00,20156.782,566.749,3972.898
2025-04-06 12:30:00,20156.782,566.749,3972.898
2025-04-06 12:45:00,20156.782,566.749,3972.898
2025-04-06 13:00:00,18496.059,624.25,3883.877
2025-04-06 13:15:00,18496.059,624.25,3883.877
2025-04-06 13:30:00,18496.059,624.25,3883.877
2025-04-06 13:45:00,18496.059,624.25,3883.877
2025-04-06 14:00:00,15705.087,877.998,3554.687
2025-04-06 14:15:00,15705.087,877.998,3554.687
2025-04-06 14:30:00,15705.087,877.998,3554.687
2025-04-06 14:45:00,15705.087,877.998,3554.687
2025-04-06 15:00:00,11816.355,1919.751,3915.727
2025-04-06 15:15:00,11816.355,1919.751,3915.727
2025-04-06 15:30:00,11816.355,1919.751,3915.727
2025-04-06 15:45:00,11816.355,1919.751,3915.727
2025-04-06 16:00:00,7185.813,2154.75,3900.911
2025-04-06 16:15:00,7185.813,2154.75,3900.911
2025-04-06 16:30:00,7185.813,2154.75,3900.911
2025-04-06 16:45:00,7185.813,2154.75,3900.911
2025-04-06 17:00:00,2776.08,2428.0,3846.425
2025-04-06 17:15:00,2776.08,2428.0,3846.425
2025-04-06 17:30:00,2776.08,2428.0,3846.425
2025-04-06 17:45:00,2776.08,2428.0,3846.425
2025-04-06 18:00:00,136.02,2292.75,2975.983
2025-04-06 18:15:00,136.02,2292.75,2975.983
2025-04-06 18:30:00,136.02,2292.75,2975.983
2025-04-06 18:45:00,136.02,2292.75,2975.983
2025-04-06 19:00:00,0.0,2290.75,1933.969
2025-04-06 19:15:00,0.0,2290.75,1933.969
2025-04-06 19:30:00,0.0,2290.75,1933.969
2025-04-06 19:45:00,0.0,2290.75,1933.969
2025-04-06 20:00:00,0.0,2374.75,1786.09
2025-04-06 20:15:00,0.0,2374.75,1786.09
2025-04-06 20:30:00,0.0,2374.75,1786.09
2025-04-06 20:45:00,0.0,2374.75,1786.09
2025-04-06 21:00:00,0.0,1997.0,1363.287
2025-04-06 21:15:00,0.0,1997.0,1363.287
2025-04-06 21:30:00,0.0,1997.0,1363.287
2025-04-06 21:45:00,0.0,1997.0,1363.287
2025-04-06 22:00:00,0.0,2137.25,1179.293
2025-04-06 22:15:00,0.0,2137.25,1179.293
2025-04-06 22:30:00,0.0,2137.25,1179.293
2025-04-06 22:45:00,0.0,2137.25,1179.293
2025-04-06 23:00:00,0.0,1857.75,870.293
2025-04-06 23:15:00,0.0,1857.75,870.293
2025-04-06 23:30:00,0.0,1857.75,870.293
2025-04-06 23:45:00,0.0,1857.75,870.293
2025-04-07 00:00:00,0.0,1365.75,670.203
2025-04-07 00:15:00,0.0,1365.75,670.203
2025-04-07 00:30:00,0.0,1365.75,670.203
2025-04-07 00:45:00,0.0,1365.75,670.203
2025-04-07 01:00:00,0.0,1094.0,503.246
2025-04-07 01:15:00,0.0,1094.0,503.246
2025-04-07 01:30:00,0.0,1094.0,503.246
2025-04-07 01:45:00,0.0,1094.0,503.246
2025-04-07 02:00:00,0.0,790.25,421.481
2025-04-07 02:15:00,0.0,790.25,421.481
2025-04-07 02:30:00,0.0,790.25,421.481
2025-04-07 02:45:00,0.0,790.25,421.481
2025-04-07 03:00:00,0.0,690.5,384.638
2025-04-07 03:15:00,0.0,690.5,384.638
2025-04-07 03:30:00,0.0,690.5,384.638
2025-04-07 03:45:00,0.0,690.5,384.638
2025-04-07 04:00:00,0.0,658.75,291.681
2025-04-07 04:15:00,0.0,658.75,291.681
2025-04-07 04:30:00,0.0,658.75,291.681
2025-04-07 04:45:00,0.0,658.75,291.681
2025-04-07 05:00:00,373.107,594.0,245.322
2025-04-07 05:15:00,373.107,594.0,245.322
2025-04-07 05:30:00,373.107,594.0,245.322
2025-04-07 05:45:00,373.107,594.0,245.322
2025-04-07 06:00:00,3282.561,563.75,191.743
2025-04-07 06:15:00,3282.561,563.75,191.743
2025-04-07 06:30:00,3282.561,563.75,191.743
2025-04-07 06:45:00,3282.561,563.75,191.743
2025-04-07 07:00:00,7687.651,319.501,270.876
2025-04-07 07:15:00,7687.651,319.501,270.876
2025-04-07 07:30:00,7687.651,319.501,270.876
2025-04-07 07:45:00,7687.651,319.501,270.876
2025-04-07 08:00:00,12546.318,168.5,392.835
2025-04-07 08:15:00,12546.318,168.5,392.835
2025-04-07 08:30:00,12546.318,168.5,392.835
2025-04-07 08:45:00,12546.318,168.5,392.835
2025-04-07 09:00:00,16121.911,55.749,479.136
2025-04-07 09:15:00,16121.911,55.749,479.136
2025-04-07 09:30:00,16121.911,55.749,479.136
2025-04-07 09:45:00,16121.911,55.749,479.136
2025-04-07 10:00:00,18810.619,39.75,689.62
2025-04-07 10:15:00,18810.619,39.75,689.62
2025-04-07 10:30:00,18810.619,39.75,689.62
2025-04-07 10:45:00,18810.619,39.75,689.62
2025-04-07 11:00:00,19979.998,62.999,678.195
2025-04-07 11:15:00,19979.998,62.999,678.195
2025-04-07 11:30:00,19979.998,62.999,678.195
2025-04-07 11:45:00,19979.998,62.999,678.195
2025-04-07 12:00:00,19829.334,156.75,787.695
2025-04-07 12:15:00,19829.334,156.75,787.695
2025-04-07 12:30:00,19829.334,156.75,787.695
2025-04-07 12:45:00,19829.334,156.75,787.695
2025-04-07 13:00:00,18155.239,428.25,1040.62
2025-04-07 13:15:00,18155.239,428.25,1040.62
2025-04-07 13:30:00,18155.239,428.25,1040.62
2025-04-07 13:45:00,18155.239,428.25,1040.62
2025-04-07 14:00:00,15432.916,829.0,1207.82
2025-04-07 14:15:00,15432.916,829.0,1207.82
2025-04-07 14:30:00,15432.916,829.0,1207.82
2025-04-07 14:45:00,15432.916,829.0,1207.82
2025-04-07 15:00:00,11680.384,1286.25,1849.889
2025-04-07 15:15:00,11680.384,1286.25,1849.889
2025-04-07 15:30:00,11680.384,1286.25,1849.889
2025-04-07 15:45:00,11680.384,1286.25,1849.889
2025-04-07 16:00:00,7135.667,1683.249,2484.995
2025-04-07 16:15:00,7135.667,1683.249,2484.995
2025-04-07 16:30:00,7135.667,1683.249,2484.995
2025-04-07 16:45:00,7135.667,1683.249,2484.995
2025-04-07 17:00:00,2817.075,1944.5,2682.544
2025-04-07 17:15:00,2817.075,1944.5,2682.544
2025-04-07 17:30:00,2817.075,1944.5,2682.544
2025-04-07 17:45:00,2817.075,1944.5,2682.544
2025-04-07 18:00:00,180.447,2196.5,2225.272
2025-04-07 18:15:00,180.447,2196.5,2225.272
2025-04-07 18:30:00,180.447,2196.5,2225.272
2025-04-07 18:45:00,180.447,2196.5,2225.272
2025-04-07 19:00:00,0.0,2029.999,1537.869
2025-04-07 19:15:00,0.0,2029.999,1537.869
2025-04-07 19:30:00,0.0,2029.999,1537.869
2025-04-07 19:45:00,0.0,2029.999,1537.869
2025-04-07 20:00:00,0.0,1812.001,1136.884
2025-04-07 20:15:00,0.0,1812.001,1136.884
2025-04-07 20:30:00,0.0,1812.001,1136.884
2025-04-07 20:45:00,0.0,1812.001,1136.884
2025-04-07 21:00:00,0.0,1852.5,968.438
2025-04-07 21:15:00,0.0,1852.5,968.438
2025-04-07 21:30:00,0.0,1852.5,968.438
2025-04-07 21:45:00,0.0,1852.5,968.438
2025-04-07 22:00:00,0.0,1584.751,882.875
2025-04-07 22:15:00,0.0,1584.751,882.875
2025-04-07 22:30:00,0.0,1584.751,882.875
2025-04-07 22:45:00,0.0,1584.751,882.875
2025-04-07 23:00:00,0.0,1164.0,773.151
2025-04-07 23:15:00,0.0,1164.0,773.151
2025-04-07 23:30:00,0.0,1164.0,773.151
2025-04-07 23:45:00,0.0,1164.0,773.151
2025-04-08 00:00:00,0.0,926.0,470.776
2025-04-08 00:15:00,0.0,926.0,470.776
2025-04-08 00:30:00,0.0,926.0,470.776
2025-04-08 00:45:00,0.0,926.0,470.776
2025-04-08 01:00:00,0.0,708.5,439.669
2025-04-08 01:15:00,0.0,708.5,439.669
2025-04-08 01:30:00,0.0,708.5,439.669
2025-04-08 01:45:00,0.0,708.5,439.669
2025-04-08 02:00:00,0.0,697.0,412.772
2025-04-08 02:15:00,0.0,697.0,412.772
2025-04-08 02:30:00,0.0,697.0,412.772
2025-04-08 02:45:00,0.0,697.0,412.772
2025-04-08 03:00:00,0.0,663.0,383.504
2025-04-08 03:15:00,0.0,663.0,383.504
2025-04-08 03:30:00,0.0,663.0,383.504
2025-04-08 03:45:00,0.0,663.0,383.504
2025-04-08 04:00:00,0.0,606.25,277.756
2025-04-08 04:15:00,0.0,606.25,277.756
2025-04-08 04:30:00,0.0,606.25,277.756
2025-04-08 04:45:00,0.0,606.25,277.756
2025-04-08 05:00:00,385.436,570.25,240.232
2025-04-08 05:15:00,385.436,570.25,240.232
2025-04-08 05:30:00,385.436,570.25,240.232
2025-04-08 05:45:00,385.436,570.25,240.232
2025-04-08 06:00:00,3244.571,547.75,286.621
2025-04-08 06:15:00,3244.571,547.75,286.621
2025-04-08 06:30:00,3244.571,547.75,286.621
2025-04-08 06:45:00,3244.571,547.75,286.621
2025-04-08 07:00:00,7696.845,499.25,486.223
2025-04-08 07:15:00,7696.845,499.25,486.223
2025-04-08 07:30:00,7696.845,499.25,486.223
2025-04-08 07:45:00,7696.845,499.25,486.223
2025-04-08 08:00:00,12275.329,322.25,591.871
2025-04-08 08:15:00,12275.329,322.25,591.871
2025-04-08 08:30:00,12275.329,322.25,591.871
2025-04-08 08:45:00,12275.329,322.25,591.871
2025-04-08 09:00:00,15937.668,153.001,511.231
2025-04-08 09:15:00,15937.668,153.001,511.231
2025-04-08 09:30:00,15937.668,153.001,511.231
2025-04-08 09:45:00,15937.668,153.001,511.231
2025-04-08 10:00:00,18596.117,120.25,424.648
2025-04-08 10:15:00,18596.117,120.25,424.648
2025-04-08 10:30:00,18596.117,120.25,424.648
2025-04-08 10:45:00,18596.117,120.25,424.648
2025-04-08 11:00:00,19517.603,124.75,441.012
2025-04-08 11:15:00,19517.603,124.75,441.012
2025-04-08 11:30:00,19517.603,124.75,441.012
2025-04-08 11:45:00,19517.603,124.75,441.012
2025-04-08 12:00:00,19427.817,392.75,594.972
2025-04-08 12:15:00,19427.817,392.75,594.972
2025-04-08 12:30:00,19427.817,392.75,594.972
2025-04-08 12:45:00,19427.817,392.75,594.972
2025-04-08 13:00:00,17524.93,539.751,676.711
2025-04-08 13:15:00,17524.93,539.751,676.711
2025-04-08 13:30:00,17524.93,539.751,676.711
2025-04-08 13:45:00,17524.93,539.751,676.711
2025-04-08 14:00:00,15146.273,890.249,751.46
2025-04-08 14:15:00,15146.273,890.249,751.46
2025-04-08 14:30:00,15146.273,890.249,751.46
2025-04-08 14:45:00,15146.273,890.249,751.46
2025-04-08 15:00:00,11319.252,1163.751,1108.489
2025-04-08 15:15:00,11319.252,1163.751,1108.489
2025-04-08 15:30:00,11319.252,1163.751,1108.489
2025-04-08 15:45:00,11319.252,1163.751,1108.489
2025-04-08 16:00:00,6704.008,1274.251,1838.225
2025-04-08 16:15:00,6704.008,1274.251,1838.225
2025-04-08 16:30:00,6704.008,1274.251,1838.225
2025-04-08 16:45:00,6704.008,1274.251,1838.225
2025-04-08 17:00:00,2642.371,1469.25,2208.311
2025-04-08 17:15:00,2642.371,1469.25,2208.311
2025-04-08 17:30:00,2642.371,1469.25,2208.311
2025-04-08 17:45:00,2642.371,1469.25,2208.311
2025-04-08 18:00:00,226.657,1588.499,2099.637
2025-04-08 18:15:00,226.657,1588.499,2099.637
2025-04-08 18:30:00,226.657,1588.499,2099.637
2025-04-08 18:45:00,226.657,1588.499,2099.637
2025-04-08 19:00:00,0.0,1662.0,1565.088
2025-04-08 19:15:00,0.0,1662.0,1565.088
2025-04-08 19:30:00,0.0,1662.0,1565.088
2025-04-08 19:45:00,0.0,1662.0,1565.088
2025-04-08 20:00:00,0.0,1640.25,1300.126
2025-04-08 20:15:00,0.0,1640.25,1300.126
2025-04-08 20:30:00,0.0,1640.25,1300.126
2025-04-08 20:45:00,0.0,1640.25,1300.126
2025-04-08 21:00:00,0.0,1349.0,966.661
2025-04-08 21:15:00,0.0,1349.0,966.661
2025-04-08 21:30:00,0.0,1349.0,966.661
2025-04-08 21:45:00,0.0,1349.0,966.661
2025-04-08 22:00:00,0.0,1198.248,635.198
2025-04-08 22:15:00,0.0,1198.248,635.198
2025-04-08 22:30:00,0.0,1198.248,635.198
2025-04-08 22:45:00,0.0,1198.248,635.198
2025-04-08 23:00:00,0.0,998.001,448.295
2025-04-08 23:15:00,0.0,998.001,448.295
2025-04-08 23:30:00,0.0,998.001,448.295
2025-04-08 23:45:00,0.0,998.001,448.295
2025-04-09 00:00:00,0.0,831.251,383.571
2025-04-09 00:15:00,0.0,831.251,383.571
2025-04-09 00:30:00,0.0,831.251,383.571
2025-04-09 00:45:00,0.0,831.251,383.571
2025-04-09 01:00:00,0.0,696.001,320.075
2025-04-09 01:15:00,0.0,696.001,320.075
2025-04-09 01:30:00,0.0,696.001,320.075
2025-04-09 01:45:00,0.0,696.001,320.075
2025-04-09 02:00:00,0.0,742.25,239.669
2025-04-09 02:15:00,0.0,742.25,239.669
2025-04-09 02:30:00,0.0,742.25,239.669
2025-04-09 02:45:00,0.0,742.25,239.669
2025-04-09 03:00:00,0.0,697.75,272.557
2025-04-09 03:15:00,0.0,697.75,272.557
2025-04-09 03:30:00,0.0,697.75,272.557
2025-04-09 03:45:00,0.0,697.75,272.557
2025-04-09 04:00:00,0.0,785.251,467.423
2025-04-09 04:15:00,0.0,785.251,467.423
2025-04-09 04:30:00,0.0,785.251,467.423
2025-04-09 04:45:00,0.0,785.251,467.423
2025-04-09 05:00:00,254.676,992.501,694.071
2025-04-09 05:15:00,254.676,992.501,694.071
2025-04-09 05:30:00,254.676,992.501,694.071
2025-04-09 05:45:00,254.676,992.501,694.071
2025-04-09 06:00:00,1688.269,1167.501,858.483
2025-04-09 06:15:00,1688.269,1167.501,858.483
2025-04-09 06:30:00,1688.269,1167.501,858.483
2025-04-09 06:45:00,1688.269,1167.501,858.483
2025-04-09 07:00:00,4429.654,1336.001,1630.997
2025-04-09 07:15:00,4429.654,1336.001,1630.997
2025-04-09 07:30:00,4429.654,1336.001,1630.997
2025-04-09 07:45:00,4429.654,1336.001,1630.997
2025-04-09 08:00:00,7835.215,1368.5,1918.219
2025-04-09 08:15:00,7835.215,1368.5,1918.219
2025-04-09 08:30:00,7835.215,1368.5,1918.219
2025-04-09 08:45:00,7835.215,1368.5,1918.219
2025-04-09 09:00:00,12061.973,1312.0,1878.906
2025-04-09 09:15:00,12061.973,1312.0,1878.906
2025-04-09 09:30:00,12061.973,1312.0,1878.906
2025-04-09 09:45:00,12061.973,1312.0,1878.906
2025-04-09 10:00:00,15446.075,1474.001,1927.198
2025-04-09 10:15:00,15446.075,1474.001,1927.198
2025-04-09 10:30:00,15446.075,1474.001,1927.198
2025-04-09 10:45:00,15446.075,1474.001,1927.198
2025-04-09 11:00:00,17077.454,1629.499,2249.775
2025-04-09 11:15:00,17077.454,1629.499,2249.775
2025-04-09 11:30:00,17077.454,1629.499,2249.775
2025-04-09 11:45:00,17077.454,1629.499,2249.775
2025-04-09 12:00:00,17159.815,1677.75,2726.583
2025-04-09 12:15:00,17159.815,1677.75,2726.583
2025-04-09 12:30:00,17159.815,1677.75,2726.583
2025-04-09 12:45:00,17159.815,1677.75,2726.583
2025-04-09 13:00:00,15939.404,1716.75,3374.621
2025-04-09 13:15:00,15939.404,1716.75,3374.621
2025-04-09 13:30:00,15939.404,1716.75,3374.621
2025-04-09 13:45:00,15939.404,1716.75,3374.621
2025-04-09 14:00:00,13779.491,1729.249,3645.946
2025-04-09 14:15:00,13779.491,1729.249,3645.946
2025-04-09 14:30:00,13779.491,1729.249,3645.946
2025-04-09 14:45:00,13779.491,1729.249,3645.946
2025-04-09 15:00:00,10125.813,1837.501,3515.346
2025-04-09 15:15:00,10125.813,1837.501,3515.346
2025-04-09 15:30:00,10125.813,1837.501,3515.346
2025-04-09 15:45:00,10125.813,1837.501,3515.346
2025-04-09 16:00:00,5578.42,2245.75,3852.776
2025-04-09 16:15:00,5578.42,2245.75,3852.776
2025-04-09 16:30:00,5578.42,2245.75,3852.776
2025-04-09 16:45:00,5578.42,2245.75,3852.776
2025-04-09 17:00:00,1993.694,2465.5,4044.878
2025-04-09 17:15:00,1993.694,2465.5,4044.878
2025-04-09 17:30:00,1993.694,2465.5,4044.878
2025-04-09 17:45:00,1993.694,2465.5,4044.878
2025-04-09 18:00:00,200.642,2504.25,3768.011
2025-04-09 18:15:00,200.642,2504.25,3768.011
2025-04-09 18:30:00,200.642,2504.25,3768.011
2025-04-09 18:45:00,200.642,2504.25,3768.011
2025-04-09 19:00:00,0.0,2287.001,2827.347
2025-04-09 19:15:00,0.0,2287.001,2827.347
2025-04-09 19:30:00,0.0,2287.001,2827.347
2025-04-09 19:45:00,0.0,2287.001,2827.347
2025-04-09 20:00:00,0.0,2160.0,2518.961
2025-04-09 20:15:00,0.0,2160.0,2518.961
2025-04-09 20:30:00,0.0,2160.0,2518.961
2025-04-09 20:45:00,0.0,2160.0,2518.961
2025-04-09 21:00:00,0.0,2135.25,2428.206
2025-04-09 21:15:00,0.0,2135.25,2428.206
2025-04-09 21:30:00,0.0,2135.25,2428.206
2025-04-09 21:45:00,0.0,2135.25,2428.206
2025-04-09 22:00:00,0.0,2009.751,1908.656
2025-04-09 22:15:00,0.0,2009.751,1908.656
2025-04-09 22:30:00,0.0,2009.751,1908.656
2025-04-09 22:45:00,0.0,2009.751,1908.656
2025-04-09 23:00:00,0.0,1841.5,1949.874
2025-04-09 23:15:00,0.0,1841.5,1949.874
2025-04-09 23:30:00,0.0,1841.5,1949.874
2025-04-09 23:45:00,0.0,1841.5,1949.874
2025-04-10 00:00:00,0.0,1758.001,1869.421
2025-04-10 00:15:00,0.0,1758.001,1869.421
2025-04-10 00:30:00,0.0,1758.001,1869.421
2025-04-10 00:45:00,0.0,1758.001,1869.421
2025-04-10 01:00:00,0.0,1641.25,1810.566
2025-04-10 01:15:00,0.0,1641.25,1810.566
2025-04-10 01:30:00,0.0,1641.25,1810.566
2025-04-10 01:45:00,0.0,1641.25,1810.566
2025-04-10 02:00:00,0.0,1757.749,1958.891
2025-04-10 02:15:00,0.0,1757.749,1958.891
2025-04-10 02:30:00,0.0,1757.749,1958.891
2025-04-10 02:45:00,0.0,1757.749,1958.891
2025-04-10 03:00:00,0.0,1596.5,2066.033
2025-04-10 03:15:00,0.0,1596.5,2066.033
2025-04-10 03:30:00,0.0,1596.5,2066.033
2025-04-10 03:45:00,0.0,1596.5,2066.033
2025-04-10 04:00:00,0.0,1715.499,1881.217
2025-04-10 04:15:00,0.0,1715.499,1881.217
2025-04-10 04:30:00,0.0,1715.499,1881.217
2025-04-10 04:45:00,0.0,1715.499,1881.217
2025-04-10 05:00:00,138.726,1827.25,1937.074
2025-04-10 05:15:00,138.726,1827.25,1937.074
2025-04-10 05:30:00,138.726,1827.25,1937.074
2025-04-10 05:45:00,138.726,1827.25,1937.074
2025-04-10 06:00:00,909.074,1752.0,1881.761
2025-04-10 06:15:00,909.074,1752.0,1881.761
2025-04-10 06:30:00,909.074,1752.0,1881.761
2025-04-10 06:45:00,909.074,1752.0,1881.761
2025-04-10 07:00:00,2373.147,1829.75,2163.713
2025-04-10 07:15:00,2373.147,1829.75,2163.713
2025-04-10 07:30:00,2373.147,1829.75,2163.713
2025-04-10 07:45:00,2373.147,1829.75,2163.713
2025-04-10 08:00:00,4114.237,1679.749,2345.087
2025-04-10 08:15:00,4114.237,1679.749,2345.087
2025-04-10 08:30:00,4114.237,1679.749,2345.087
2025-04-10 08:45:00,4114.237,1679.749,2345.087
2025-04-10 09:00:00,6858.358,1284.249,2356.373
2025-04-10 09:15:00,6858.358,1284.249,2356.373
2025-04-10 09:30:00,6858.358,1284.249,2356.373
2025-04-10 09:45:00,6858.358,1284.249,2356.373
2025-04-10 10:00:00,10202.906,1054.25,2175.242
2025-04-10 10:15:00,10202.906,1054.25,2175.242
2025-04-10 10:30:00,10202.906,1054.25,2175.242
2025-04-10 10:45:00,10202.906,1054.25,2175.242
2025-04-10 11:00:00,13217.976,881.999,2033.998
2025-04-10 11:15:00,13217.976,881.999,2033.998
2025-04-10 11:30:00,13217.976,881.999,2033.998
2025-04-10 11:45:00,13217.976,881.999,2033.998
2025-04-10 12:00:00,15152.089,632.5,2077.825
2025-04-10 12:15:00,15152.089,632.5,2077.825
2025-04-10 12:30:00,15152.089,632.5,2077.825
2025-04-10 12:45:00,15152.089,632.5,2077.825
2025-04-10 13:00:00,15364.224,484.75,2208.213
2025-04-10 13:15:00,15364.224,484.75,2208.213
2025-04-10 13:30:00,15364.224,484.75,2208.213
2025-04-10 13:45:00,15364.224,484.75,2208.213
2025-04-10 14:00:00,15061.826,473.0,1985.002
2025-04-10 14:15:00,15061.826,473.0,1985.002
2025-04-10 14:30:00,15061.826,473.0,1985.002
2025-04-10 14:45:00,15061.826,473.0,1985.002
2025-04-10 15:00:00,11641.906,411.999,1804.472
2025-04-10 15:15:00,11641.906,411.999,1804.472
2025-04-10 15:30:00,11641.906,411.999,1804.472
2025-04-10 15:45:00,11641.906,411.999,1804.472
2025-04-10 16:00:00,7185.445,379.499,1743.976
2025-04-10 16:15:00,7185.445,379.499,1743.976
2025-04-10 16:30:00,7185.445,379.499,1743.976
2025-04-10 16:45:00,7185.445,379.499,1743.976
2025-04-10 17:00:00,2843.221,484.25,1617.047
2025-04-10 17:15:00,2843.221,484.25,1617.047
2025-04-10 17:30:00,2843.221,484.25,1617.047
2025-04-10 17:45:00,2843.221,484.25,1617.047
2025-04-10 18:00:00,230.048,438.0,1227.219
2025-04-10 18:15:00,230.048,438.0,1227.219
2025-04-10 18:30:00,230.048,438.0,1227.219
2025-04-10 18:45:00,230.048,438.0,1227.219
2025-04-10 19:00:00,0.0,367.25,794.899
2025-04-10 19:15:00,0.0,367.25,794.899
2025-04-10 19:30:00,0.0,367.25,794.899
2025-04-10 19:45:00,0.0,367.25,794.899
2025-04-10 20:00:00,0.0,436.749,824.859
2025-04-10 20:15:00,0.0,436.749,824.859
2025-04-10 20:30:00,0.0,436.749,824.859
2025-04-10 20:45:00,0.0,436.749,824.859
2025-04-10 21:00:00,0.0,485.25,1243.287
2025-04-10 21:15:00,0.0,485.25,1243.287
2025-04-10 21:30:00,0.0,485.25,1243.287
2025-04-10 21:45:00,0.0,485.25,1243.287
2025-04-10 22:00:00,0.0,493.999,1197.087
2025-04-10 22:15:00,0.0,493.999,1197.087
2025-04-10 22:30:00,0.0,493.999,1197.087
2025-04-10 22:45:00,0.0,493.999,1197.087
2025-04-10 23:00:00,0.0,601.0,916.821
2025-04-10 23:15:00,0.0,601.0,916.821
2025-04-10 23:30:00,0.0,601.0,916.821
2025-04-10 23:45:00,0.0,601.0,916.821
2025-04-11 00:00:00,0.0,600.5,862.771
2025-04-11 00:15:00,0.0,600.5,862.771
2025-04-11 00:30:00,0.0,600.5,862.771
2025-04-11 00:45:00,0.0,600.5,862.771
2025-04-11 01:00:00,0.0,580.248,755.29
2025-04-11 01:15:00,0.0,580.248,755.29
2025-04-11 01:30:00,0.0,580.248,755.29
2025-04-11 01:45:00,0.0,580.248,755.29
2025-04-11 02:00:00,0.0,541.001,708.66
2025-04-11 02:15:00,0.0,541.001,708.66
2025-04-11 02:30:00,0.0,541.001,708.66
2025-04-11 02:45:00,0.0,541.001,708.66
2025-04-11 03:00:00,0.0,622.5,590.354
2025-04-11 03:15:00,0.0,622.5,590.354
2025-04-11 03:30:00,0.0,622.5,590.354
2025-04-11 03:45:00,0.0,622.5,590.354
2025-04-11 04:00:00,0.0,720.0,469.39
2025-04-11 04:15:00,0.0,720.0,469.39
2025-04-11 04:30:00,0.0,720.0,469.39
2025-04-11 04:45:00,0.0,720.0,469.39
2025-04-11 05:00:00,326.121,821.5,584.315
2025-04-11 05:15:00,326.121,821.5,584.315
2025-04-11 05:30:00,326.121,821.5,584.315
2025-04-11 05:45:00,326.121,821.5,584.315
2025-04-11 06:00:00,2218.23,811.5,705.277
2025-04-11 06:15:00,2218.23,811.5,705.277
2025-04-11 06:30:00,2218.23,811.5,705.277
2025-04-11 06:45:00,2218.23,811.5,705.277
2025-04-11 07:00:00,6127.001,768.5,1128.37
2025-04-11 07:15:00,6127.001,768.5,1128.37
2025-04-11 07:30:00,6127.001,768.5,1128.37
2025-04-11 07:45:00,6127.001,768.5,1128.37
2025-04-11 08:00:00,11375.822,867.751,1626.903
2025-04-11 08:15:00,11375.822,867.751,1626.903
2025-04-11 08:30:00,11375.822,867.751,1626.903
2025-04-11 08:45:00,11375.822,867.751,1626.903
2025-04-11 09:00:00,15756.055,771.25,2093.905
2025-04-11 09:15:00,15756.055,771.25,2093.905
2025-04-11 09:30:00,15756.055,771.25,2093.905
2025-04-11 09:45:00,15756.055,771.25,2093.905
2025-04-11 10:00:00,18486.26,552.25,2561.413
2025-04-11 10:15:00,18486.26,552.25,2561.413
2025-04-11 10:30:00,18486.26,552.25,2561.413
2025-04-11 10:45:00,18486.26,552.25,2561.413
2025-04-11 11:00:00,19569.088,390.001,2955.198
2025-04-11 11:15:00,19569.088,390.001,2955.198
2025-04-11 11:30:00,19569.088,390.001,2955.198
2025-04-11 11:45:00,19569.088,390.001,2955.198
2025-04-11 12:00:00,19423.954,123.25,3052.76
2025-04-11 12:15:00,19423.954,123.25,3052.76
2025-04-11 12:30:00,19423.954,123.25,3052.76
2025-04-11 12:45:00,19423.954,123.25,3052.76
2025-04-11 13:00:00,17805.979,68.501,2771.508
2025-04-11 13:15:00,17805.979,68.501,2771.508
2025-04-11 13:30:00,17805.979,68.501,2771.508
2025-04-11 13:45:00,17805.979,68.501,2771.508
2025-04-11 14:00:00,14947.92,29.501,2137.637
2025-04-11 14:15:00,14947.92,29.501,2137.637
2025-04-11 14:30:00,14947.92,29.501,2137.637
2025-04-11 14:45:00,14947.92,29.501,2137.637
2025-04-11 15:00:00,11043.115,46.249,1504.513
2025-04-11 15:15:00,11043.115,46.249,1504.513
2025-04-11 15:30:00,11043.115,46.249,1504.513
2025-04-11 15:45:00,11043.115,46.249,1504.513
2025-04-11 16:00:00,6734.669,34.998,922.068
2025-04-11 16:15:00,6734.669,34.998,922.068
2025-04-11 16:30:00,6734.669,34.998,922.068
2025-04-11 16:45:00,6734.669,34.998,922.068
2025-04-11 17:00:00,2724.306,21.75,555.847
2025-04-11 17:15:00,2724.306,21.75,555.847
2025-04-11 17:30:00,2724.306,21.75,555.847
2025-04-11 17:45:00,2724.306,21.75,555.847
2025-04-11 18:00:00,256.967,12.999,258.459
2025-04-11 18:15:00,256.967,12.999,258.459
2025-04-11 18:30:00,256.967,12.999,258.459
2025-04-11 18:45:00,256.967,12.999,258.459
2025-04-11 19:00:00,0.0,6.751,25.036
2025-04-11 19:15:00,0.0,6.751,25.036
2025-04-11 19:30:00,0.0,6.751,25.036
2025-04-11 19:45:00,0.0,6.751,25.036
2025-04-11 20:00:00,0.0,11.5,0.0
2025-04-11 20:15:00,0.0,11.5,0.0
2025-04-11 20:30:00,0.0,11.5,0.0
2025-04-11 20:45:00,0.0,11.5,0.0
2025-04-11 21:00:00,0.0,15.25,0.0
2025-04-11 21:15:00,0.0,15.25,0.0
2025-04-11 21:30:00,0.0,15.25,0.0
2025-04-11 21:45:00,0.0,15.25,0.0
2025-04-11 22:00:00,0.0,71.251,0.0
2025-04-11 22:15:00,0.0,71.251,0.0
2025-04-11 22:30:00,0.0,71.251,0.0
2025-04-11 22:45:00,0.0,71.251,0.0
2025-04-11 23:00:00,0.0,193.5,0.0
2025-04-11 23:15:00,0.0,193.5,0.0
2025-04-11 23:30:00,0.0,193.5,0.0
2025-04-11 23:45:00,0.0,193.5,0.0
2025-04-12 00:00:00,0.0,247.5,0.0
2025-04-12 00:15:00,0.0,247.5,0.0
2025-04-12 00:30:00,0.0,247.5,0.0
2025-04-12 00:45:00,0.0,247.5,0.0
2025-04-12 01:00:00,0.0,302.999,0.0
2025-04-12 01:15:00,0.0,302.999,0.0
2025-04-12 01:30:00,0.0,302.999,0.0
2025-04-12 01:45:00,0.0,302.999,0.0
2025-04-12 02:00:00,0.0,289.5,0.0
2025-04-12 02:15:00,0.0,289.5,0.0
2025-04-12 02:30:00,0.0,289.5,0.0
2025-04-12 02:45:00,0.0,289.5,0.0
2025-04-12 03:00:00,0.0,388.5,0.0
2025-04-12 03:15:00,0.0,388.5,0.0
2025-04-12 03:30:00,0.0,388.5,0.0
2025-04-12 03:45:00,0.0,388.5,0.0
2025-04-12 04:00:00,0.0,602.749,25.808
2025-04-12 04:15:00,0.0,602.749,25.808
2025-04-12 04:30:00,0.0,602.749,25.808
2025-04-12 04:45:00,0.0,602.749,25.808
2025-04-12 05:00:00,529.034,781.75,69.628
2025-04-12 05:15:00,529.034,781.75,69.628
2025-04-12 05:30:00,529.034,781.75,69.628
2025-04-12 05:45:00,529.034,781.75,69.628
2025-04-12 06:00:00,3476.093,952.75,177.411
2025-04-12 06:15:00,3476.093,952.75,177.411
2025-04-12 06:30:00,3476.093,952.75,177.411
2025-04-12 06:45:00,3476.093,952.75,177.411
2025-04-12 07:00:00,8071.289,1224.75,394.353
2025-04-12 07:15:00,8071.289,1224.75,394.353
2025-04-12 07:30:00,8071.289,1224.75,394.353
2025-04-12 07:45:00,8071.289,1224.75,394.353
2025-04-12 08:00:00,12649.278,1098.251,880.839
2025-04-12 08:15:00,12649.278,1098.251,880.839
2025-04-12 08:30:00,12649.278,1098.251,880.839
2025-04-12 08:45:00,12649.278,1098.251,880.839
2025-04-12 09:00:00,16250.492,925.0,1664.89
2025-04-12 09:15:00,16250.492,925.0,1664.89
2025-04-12 09:30:00,16250.492,925.0,1664.89
2025-04-12 09:45:00,16250.492,925.0,1664.89
2025-04-12 10:00:00,18720.127,493.249,2379.076
2025-04-12 10:15:00,18720.127,493.249,2379.076
2025-04-12 10:30:00,18720.127,493.249,2379.076
2025-04-12 10:45:00,18720.127,493.249,2379.076
2025-04-12 11:00:00,19874.44,468.0,2987.701
2025-04-12 11:15:00,19874.44,468.0,2987.701
2025-04-12 11:30:00,19874.44,468.0,2987.701
2025-04-12 11:45:00,19874.44,468.0,2987.701
2025-04-12 12:00:00,19906.774,574.75,3559.814
2025-04-12 12:15:00,19906.774,574.75,3559.814
2025-04-12 12:30:00,19906.774,574.75,3559.814
2025-04-12 12:45:00,19906.774,574.75,3559.814
2025-04-12 13:00:00,18393.899,761.25,3921.189
2025-04-12 13:15:00,18393.899,761.25,3921.189
2025-04-12 13:30:00,18393.899,761.25,3921.189
2025-04-12 13:45:00,18393.899,761.25,3921.189
2025-04-12 14:00:00,15546.154,1057.5,4053.556
2025-04-12 14:15:00,15546.154,1057.5,4053.556
2025-04-12 14:30:00,15546.154,1057.5,4053.556
2025-04-12 14:45:00,15546.154,1057.5,4053.556
2025-04-12 15:00:00,11758.179,2150.251,4152.85
2025-04-12 15:15:00,11758.179,2150.251,4152.85
2025-04-12 15:30:00,11758.179,2150.251,4152.85
2025-04-12 15:45:00,11758.179,2150.251,4152.85
2025-04-12 16:00:00,7341.495,2469.75,4044.625
2025-04-12 16:15:00,7341.495,2469.75,4044.625
2025-04-12 16:30:00,7341.495,2469.75,4044.625
2025-04-12 16:45:00,7341.495,2469.75,4044.625
2025-04-12 17:00:00,3003.874,2714.749,3380.191
2025-04-12 17:15:00,3003.874,2714.749,3380.191
2025-04-12 17:30:00,3003.874,2714.749,3380.191
2025-04-12 17:45:00,3003.874,2714.749,3380.191
2025-04-12 18:00:00,283.483,2900.25,2024.707
2025-04-12 18:15:00,283.483,2900.25,2024.707
2025-04-12 18:30:00,283.483,2900.25,2024.707
2025-04-12 18:45:00,283.483,2900.25,2024.707
2025-04-12 19:00:00,0.0,3517.75,1767.158
2025-04-12 19:15:00,0.0,3517.75,1767.158
2025-04-12 19:30:00,0.0,3517.75,1767.158
2025-04-12 19:45:00,0.0,3517.75,1767.158
2025-04-12 20:00:00,0.0,3826.749,2094.97
2025-04-12 20:15:00,0.0,3826.749,2094.97
2025-04-12 20:30:00,0.0,3826.749,2094.97
2025-04-12 20:45:00,0.0,3826.749,2094.97
2025-04-12 21:00:00,0.0,3790.5,2206.852
2025-04-12 21:15:00,0.0,3790.5,2206.852
2025-04-12 21:30:00,0.0,3790.5,2206.852
2025-04-12 21:45:00,0.0,3790.5,2206.852
2025-04-12 22:00:00,0.0,3589.751,2399.605
2025-04-12 22:15:00,0.0,3589.751,2399.605
2025-04-12 22:30:00,0.0,3589.751,2399.605
2025-04-12 22:45:00,0.0,3589.751,2399.605
2025-04-12 23:00:00,0.0,3487.249,2385.192
2025-04-12 23:15:00,0.0,3487.249,2385.192
2025-04-12 23:30:00,0.0,3487.249,2385.192
2025-04-12 23:45:00,0.0,3487.249,2385.192
2025-04-13 00:00:00,0.0,3246.251,2158.133
2025-04-13 00:15:00,0.0,3246.251,2158.133
2025-04-13 00:30:00,0.0,3246.251,2158.133
2025-04-13 00:45:00,0.0,3246.251,2158.133
2025-04-13 01:00:00,0.0,3300.25,1779.11
2025-04-13 01:15:00,0.0,3300.25,1779.11
2025-04-13 01:30:00,0.0,3300.25,1779.11
2025-04-13 01:45:00,0.0,3300.25,1779.11
2025-04-13 02:00:00,0.0,3141.251,1737.886
2025-04-13 02:15:00,0.0,3141.251,1737.886
2025-04-13 02:30:00,0.0,3141.251,1737.886
2025-04-13 02:45:00,0.0,3141.251,1737.886
2025-04-13 03:00:00,0.0,3328.5,1842.005
2025-04-13 03:15:00,0.0,3328.5,1842.005
2025-04-13 03:30:00,0.0,3328.5,1842.005
2025-04-13 03:45:00,0.0,3328.5,1842.005
2025-04-13 04:00:00,0.732,3040.001,1867.086
2025-04-13 04:15:00,0.732,3040.001,1867.086
2025-04-13 04:30:00,0.732,3040.001,1867.086
2025-04-13 04:45:00,0.732,3040.001,1867.086
2025-04-13 05:00:00,159.342,3119.5,2214.524
2025-04-13 05:15:00,159.342,3119.5,2214.524
2025-04-13 05:30:00,159.342,3119.5,2214.524
2025-04-13 05:45:00,159.342,3119.5,2214.524
2025-04-13 06:00:00,1154.723,3103.0,2755.18
2025-04-13 06:15:00,1154.723,3103.0,2755.18
2025-04-13 06:30:00,1154.723,3103.0,2755.18
2025-04-13 06:45:00,1154.723,3103.0,2755.18
2025-04-13 07:00:00,3310.98,2765.25,3587.464
2025-04-13 07:15:00,3310.98,2765.25,3587.464
2025-04-13 07:30:00,3310.98,2765.25,3587.464
2025-04-13 07:45:00,3310.98,2765.25,3587.464
2025-04-13 08:00:00,5638.354,2443.0,4594.738
2025-04-13 08:15:00,5638.354,2443.0,4594.738
2025-04-13 08:30:00,5638.354,2443.0,4594.738
2025-04-13 08:45:00,5638.354,2443.0,4594.738
2025-04-13 09:00:00,9155.331,1992.75,5162.149
2025-04-13 09:15:00,9155.331,1992.75,5162.149
2025-04-13 09:30:00,9155.331,1992.75,5162.149
2025-04-13 09:45:00,9155.331,1992.75,5162.149
2025-04-13 10:00:00,10670.946,1487.75,5449.8
2025-04-13 10:15:00,10670.946,1487.75,5449.8
2025-04-13 10:30:00,10670.946,1487.75,5449.8
2025-04-13 10:45:00,10670.946,1487.75,5449.8
2025-04-13 11:00:00,12557.738,1364.25,5271.389
2025-04-13 11:15:00,12557.738,1364.25,5271.389
2025-04-13 11:30:00,12557.738,1364.25,5271.389
2025-04-13 11:45:00,12557.738,1364.25,5271.389
2025-04-13 12:00:00,14113.41,1685.75,4647.723
2025-04-13 12:15:00,14113.41,1685.75,4647.723
2025-04-13 12:30:00,14113.41,1685.75,4647.723
2025-04-13 12:45:00,14113.41,1685.75,4647.723
2025-04-13 13:00:00,13753.499,1923.0,4393.52
2025-04-13 13:15:00,13753.499,1923.0,4393.52
2025-04-13 13:30:00,13753.499,1923.0,4393.52
2025-04-13 13:45:00,13753.499,1923.0,4393.52
2025-04-13 14:00:00,11467.024,2293.5,4157.258
2025-04-13 14:15:00,11467.024,2293.5,4157.258
2025-04-13 14:30:00,11467.024,2293.5,4157.258
2025-04-13 14:45:00,11467.024,2293.5,4157.258
2025-04-13 15:00:00,9095.897,2759.25,3693.709
2025-04-13 15:15:00,9095.897,2759.25,3693.709
2025-04-13 15:30:00,9095.897,2759.25,3693.709
2025-04-13 15:45:00,9095.897,2759.25,3693.709
2025-04-13 16:00:00,5379.603,3329.75,3229.216
2025-04-13 16:15:00,5379.603,3329.75,3229.216
2025-04-13 16:30:00,5379.603,3329.75,3229.216
2025-04-13 16:45:00,5379.603,3329.75,3229.216
2025-04-13 17:00:00,1819.076,3506.751,2813.101
2025-04-13 17:15:00,1819.076,3506.751,2813.101
2025-04-13 17:30:00,1819.076,3506.751,2813.101
2025-04-13 17:45:00,1819.076,3506.751,2813.101
2025-04-13 18:00:00,276.129,3446.001,2398.24
2025-04-13 18:15:00,276.129,3446.001,2398.24
2025-04-13 18:30:00,276.129,3446.001,2398.24
2025-04-13 18:45:00,276.129,3446.001,2398.24
2025-04-13 19:00:00,0.0,3366.0,1755.479
2025-04-13 19:15:00,0.0,3366.0,1755.479
2025-04-13 19:30:00,0.0,3366.0,1755.479
2025-04-13 19:45:00,0.0,3366.0,1755.479
2025-04-13 20:00:00,0.0,3278.25,1034.757
2025-04-13 20:15:00,0.0,3278.25,1034.757
2025-04-13 20:30:00,0.0,3278.25,1034.757
2025-04-13 20:45:00,0.0,3278.25,1034.757
2025-04-13 21:00:00,0.0,3043.749,1196.792
2025-04-13 21:15:00,0.0,3043.749,1196.792
2025-04-13 21:30:00,0.0,3043.749,1196.792
2025-04-13 21:45:00,0.0,3043.749,1196.792
2025-04-13 22:00:00,0.0,2890.5,1585.998
2025-04-13 22:15:00,0.0,2890.5,1585.998
2025-04-13 22:30:00,0.0,2890.5,1585.998
2025-04-13 22:45:00,0.0,2890.5,1585.998
2025-04-13 23:00:00,0.0,2283.5,1842.065
2025-04-13 23:15:00,0.0,2283.5,1842.065
2025-04-13 23:30:00,0.0,2283.5,1842.065
2025-04-13 23:45:00,0.0,2283.5,1842.065
2025-04-14 00:00:00,0.0,1364.251,2075.079
2025-04-14 00:15:00,0.0,1364.251,2075.079
2025-04-14 00:30:00,0.0,1364.251,2075.079
2025-04-14 00:45:00,0.0,1364.251,2075.079
2025-04-14 01:00:00,0.0,745.499,1815.26
2025-04-14 01:15:00,0.0,745.499,1815.26
2025-04-14 01:30:00,0.0,745.499,1815.26
2025-04-14 01:45:00,0.0,745.499,1815.26
2025-04-14 02:00:00,0.0,728.75,1222.785
2025-04-14 02:15:00,0.0,728.75,1222.785
2025-04-14 02:30:00,0.0,728.75,1222.785
2025-04-14 02:45:00,0.0,728.75,1222.785
2025-04-14 03:00:00,0.0,808.75,670.718
2025-04-14 03:15:00,0.0,808.75,670.718
2025-04-14 03:30:00,0.0,808.75,670.718
2025-04-14 03:45:00,0.0,808.75,670.718
2025-04-14 04:00:00,1.604,644.25,487.425
2025-04-14 04:15:00,1.604,644.25,487.425
2025-04-14 04:30:00,1.604,644.25,487.425
2025-04-14 04:45:00,1.604,644.25,487.425
2025-04-14 05:00:00,306.24,593.0,578.075
2025-04-14 05:15:00,306.24,593.0,578.075
2025-04-14 05:30:00,306.24,593.0,578.075
2025-04-14 05:45:00,306.24,593.0,578.075
2025-04-14 06:00:00,2116.65,546.75,759.03
2025-04-14 06:15:00,2116.65,546.75,759.03
2025-04-14 06:30:00,2116.65,546.75,759.03
2025-04-14 06:45:00,2116.65,546.75,759.03
2025-04-14 07:00:00,5505.135,329.75,904.6
2025-04-14 07:15:00,5505.135,329.75,904.6
2025-04-14 07:30:00,5505.135,329.75,904.6
2025-04-14 07:45:00,5505.135,329.75,904.6
2025-04-14 08:00:00,10356.905,326.999,983.227
2025-04-14 08:15:00,10356.905,326.999,983.227
2025-04-14 08:30:00,10356.905,326.999,983.227
2025-04-14 08:45:00,10356.905,326.999,983.227
2025-04-14 09:00:00,14740.88,409.5,790.304
2025-04-14 09:15:00,14740.88,409.5,790.304
2025-04-14 09:30:00,14740.88,409.5,790.304
2025-04-14 09:45:00,14740.88,409.5,790.304
2025-04-14 10:00:00,16994.011,482.249,718.343
2025-04-14 10:15:00,16994.011,482.249,718.343
2025-04-14 10:30:00,16994.011,482.249,718.343
2025-04-14 10:45:00,16994.011,482.249,718.343
2025-04-14 11:00:00,17471.598,283.251,701.78
2025-04-14 11:15:00,17471.598,283.251,701.78
2025-04-14 11:30:00,17471.598,283.251,701.78
2025-04-14 11:45:00,17471.598,283.251,701.78
2025-04-14 12:00:00,18227.722,130.25,523.616
2025-04-14 12:15:00,18227.722,130.25,523.616
2025-04-14 12:30:00,18227.722,130.25,523.616
2025-04-14 12:45:00,18227.722,130.25,523.616
2025-04-14 13:00:00,16128.689,83.0,413.633
2025-04-14 13:15:00,16128.689,83.0,413.633
2025-04-14 13:30:00,16128.689,83.0,413.633
2025-04-14 13:45:00,16128.689,83.0,413.633
2025-04-14 14:00:00,13011.862,84.0,352.505
2025-04-14 14:15:00,13011.862,84.0,352.505
2025-04-14 14:30:00,13011.862,84.0,352.505
2025-04-14 14:45:00,13011.862,84.0,352.505
2025-04-14 15:00:00,9647.886,158.5,402.531
2025-04-14 15:15:00,9647.886,158.5,402.531
2025-04-14 15:30:00,9647.886,158.5,402.531
2025-04-14 15:45:00,9647.886,158.5,402.531
2025-04-14 16:00:00,6083.348,361.0,457.155
2025-04-14 16:15:00,6083.348,361.0,457.155
2025-04-14 16:30:00,6083.348,361.0,457.155
2025-04-14 16:45:00,6083.348,361.0,457.155
2025-04-14 17:00:00,2463.778,777.5,564.411
2025-04-14 17:15:00,2463.778,777.5,564.411
2025-04-14 17:30:00,2463.778,777.5,564.411
2025-04-14 17:45:00,2463.778,777.5,564.411
2025-04-14 18:00:00,262.025,1278.999,511.589
2025-04-14 18:15:00,262.025,1278.999,511.589
2025-04-14 18:30:00,262.025,1278.999,511.589
2025-04-14 18:45:00,262.025,1278.999,511.589
2025-04-14 19:00:00,0.0,1733.25,526.207
2025-04-14 19:15:00,0.0,1733.25,526.207
2025-04-14 19:30:00,0.0,1733.25,526.207
2025-04-14 19:45:00,0.0,1733.25,526.207
2025-04-14 20:00:00,0.0,2038.25,771.186
2025-04-14 20:15:00,0.0,2038.25,771.186
2025-04-14 20:30:00,0.0,2038.25,771.186
2025-04-14 20:45:00,0.0,2038.25,771.186
2025-04-14 21:00:00,0.0,2828.25,1127.609
2025-04-14 21:15:00,0.0,2828.25,1127.609
2025-04-14 21:30:00,0.0,2828.25,1127.609
2025-04-14 21:45:00,0.0,2828.25,1127.609
2025-04-14 22:00:00,0.0,3034.249,1605.95
2025-04-14 22:15:00,0.0,3034.249,1605.95
2025-04-14 22:30:00,0.0,3034.249,1605.95
2025-04-14 22:45:00,0.0,3034.249,1605.95
2025-04-14 23:00:00,0.0,3053.499,1935.189
2025-04-14 23:15:00,0.0,3053.499,1935.189
2025-04-14 23:30:00,0.0,3053.499,1935.189
2025-04-14 23:45:00,0.0,3053.499,1935.189
2025-04-15 00:00:00,0.0,2865.751,2108.765
2025-04-15 00:15:00,0.0,2865.751,2108.765
2025-04-15 00:30:00,0.0,2865.751,2108.765
2025-04-15 00:45:00,0.0,2865.751,2108.765
2025-04-15 01:00:00,0.0,2902.251,2217.879
2025-04-15 01:15:00,0.0,2902.251,2217.879
2025-04-15 01:30:00,0.0,2902.251,2217.879
2025-04-15 01:45:00,0.0,2902.251,2217.879
2025-04-15 02:00:00,0.0,3101.25,2054.765
2025-04-15 02:15:00,0.0,3101.25,2054.765
2025-04-15 02:30:00,0.0,3101.25,2054.765
2025-04-15 02:45:00,0.0,3101.25,2054.765
2025-04-15 03:00:00,0.0,3332.5,1947.511
2025-04-15 03:15:00,0.0,3332.5,1947.511
2025-04-15 03:30:00,0.0,3332.5,1947.511
2025-04-15 03:45:00,0.0,3332.5,1947.511
2025-04-15 04:00:00,4.57,3467.0,1623.835
2025-04-15 04:15:00,4.57,3467.0,1623.835
2025-04-15 04:30:00,4.57,3467.0,1623.835
2025-04-15 04:45:00,4.57,3467.0,1623.835
2025-04-15 05:00:00,731.703,3563.999,1588.526
2025-04-15 05:15:00,731.703,3563.999,1588.526
2025-04-15 05:30:00,731.703,3563.999,1588.526
2025-04-15 05:45:00,731.703,3563.999,1588.526
2025-04-15 06:00:00,3552.739,3103.0,1758.016
2025-04-15 06:15:00,3552.739,3103.0,1758.016
2025-04-15 06:30:00,3552.739,3103.0,1758.016
2025-04-15 06:45:00,3552.739,3103.0,1758.016
2025-04-15 07:00:00,7584.371,2651.75,2018.725
2025-04-15 07:15:00,7584.371,2651.75,2018.725
2025-04-15 07:30:00,7584.371,2651.75,2018.725
2025-04-15 07:45:00,7584.371,2651.75,2018.725
2025-04-15 08:00:00,11429.07,1898.25,2356.762
2025-04-15 08:15:00,11429.07,1898.25,2356.762
2025-04-15 08:30:00,11429.07,1898.25,2356.762
2025-04-15 08:45:00,11429.07,1898.25,2356.762
2025-04-15 09:00:00,14100.905,978.25,2466.966
2025-04-15 09:15:00,14100.905,978.25,2466.966
2025-04-15 09:30:00,14100.905,978.25,2466.966
2025-04-15 09:45:00,14100.905,978.25,2466.966
2025-04-15 10:00:00,16045.329,867.75,2639.376
2025-04-15 10:15:00,16045.329,867.75,2639.376
2025-04-15 10:30:00,16045.329,867.75,2639.376
2025-04-15 10:45:00,16045.329,867.75,2639.376
2025-04-15 11:00:00,14155.48,910.75,2669.222
2025-04-15 11:15:00,14155.48,910.75,2669.222
2025-04-15 11:30:00,14155.48,910.75,2669.222
2025-04-15 11:45:00,14155.48,910.75,2669.222
2025-04-15 12:00:00,12138.364,933.5,3029.294
2025-04-15 12:15:00,12138.364,933.5,3029.294
2025-04-15 12:30:00,12138.364,933.5,3029.294
2025-04-15 12:45:00,12138.364,933.5,3029.294
2025-04-15 13:00:00,8089.681,835.75,2947.552
2025-04-15 13:15:00,8089.681,835.75,2947.552
2025-04-15 13:30:00,8089.681,835.75,2947.552
2025-04-15 13:45:00,8089.681,835.75,2947.552
2025-04-15 14:00:00,5947.507,1040.501,2785.103
2025-04-15 14:15:00,5947.507,1040.501,2785.103
2025-04-15 14:30:00,5947.507,1040.501,2785.103
2025-04-15 14:45:00,5947.507,1040.501,2785.103
2025-04-15 15:00:00,3345.835,1130.5,2242.193
2025-04-15 15:15:00,3345.835,1130.5,2242.193
2025-04-15 15:30:00,3345.835,1130.5,2242.193
2025-04-15 15:45:00,3345.835,1130.5,2242.193
2025-04-15 16:00:00,1947.356,821.75,1234.951
2025-04-15 16:15:00,1947.356,821.75,1234.951
2025-04-15 16:30:00,1947.356,821.75,1234.951
2025-04-15 16:45:00,1947.356,821.75,1234.951
2025-04-15 17:00:00,1362.631,621.0,843.067
2025-04-15 17:15:00,1362.631,621.0,843.067
2025-04-15 17:30:00,1362.631,621.0,843.067
2025-04-15 17:45:00,1362.631,621.0,843.067
2025-04-15 18:00:00,218.725,359.25,305.511
2025-04-15 18:15:00,218.725,359.25,305.511
2025-04-15 18:30:00,218.725,359.25,305.511
2025-04-15 18:45:00,218.725,359.25,305.511
2025-04-15 19:00:00,0.0,71.25,65.075
2025-04-15 19:15:00,0.0,71.25,65.075
2025-04-15 19:30:00,0.0,71.25,65.075
2025-04-15 19:45:00,0.0,71.25,65.075
2025-04-15 20:00:00,0.0,105.499,87.922
2025-04-15 20:15:00,0.0,105.499,87.922
2025-04-15 20:30:00,0.0,105.499,87.922
2025-04-15 20:45:00,0.0,105.499,87.922
2025-04-15 21:00:00,0.0,277.5,121.488
2025-04-15 21:15:00,0.0,277.5,121.488
2025-04-15 21:30:00,0.0,277.5,121.488
2025-04-15 21:45:00,0.0,277.5,121.488
2025-04-15 22:00:00,0.0,915.249,168.087
2025-04-15 22:15:00,0.0,915.249,168.087
2025-04-15 22:30:00,0.0,915.249,168.087
2025-04-15 22:45:00,0.0,915.249,168.087
2025-04-15 23:00:00,0.0,1718.5,247.453
2025-04-15 23:15:00,0.0,1718.5,247.453
2025-04-15 23:30:00,0.0,1718.5,247.453
2025-04-15 23:45:00,0.0,1718.5,247.453
2025-04-16 00:00:00,0.0,2548.5,491.876
2025-04-16 00:15:00,0.0,2548.5,491.876
2025-04-16 00:30:00,0.0,2548.5,491.876
2025-04-16 00:45:00,0.0,2548.5,491.876
2025-04-16 01:00:00,0.0,2710.5,757.64
2025-04-16 01:15:00,0.0,2710.5,757.64
2025-04-16 01:30:00,0.0,2710.5,757.64
2025-04-16 01:45:00,0.0,2710.5,757.64
2025-04-16 02:00:00,0.0,2987.75,918.65
2025-04-16 02:15:00,0.0,2987.75,918.65
2025-04-16 02:30:00,0.0,2987.75,918.65
2025-04-16 02:45:00,0.0,2987.75,918.65
2025-04-16 03:00:00,0.0,2931.25,1042.937
2025-04-16 03:15:00,0.0,2931.25,1042.937
2025-04-16 03:30:00,0.0,2931.25,1042.937
2025-04-16 03:45:00,0.0,2931.25,1042.937
2025-04-16 04:00:00,5.349,2539.75,1080.025
2025-04-16 04:15:00,5.349,2539.75,1080.025
2025-04-16 04:30:00,5.349,2539.75,1080.025
2025-04-16 04:45:00,5.349,2539.75,1080.025
2025-04-16 05:00:00,398.266,2357.249,1145.851
2025-04-16 05:15:00,398.266,2357.249,1145.851
2025-04-16 05:30:00,398.266,2357.249,1145.851
2025-04-16 05:45:00,398.266,2357.249,1145.851
2025-04-16 06:00:00,1221.522,1927.25,1036.463
2025-04-16 06:15:00,1221.522,1927.25,1036.463
2025-04-16 06:30:00,1221.522,1927.25,1036.463
2025-04-16 06:45:00,1221.522,1927.25,1036.463
2025-04-16 07:00:00,2168.11,1725.5,1130.268
2025-04-16 07:15:00,2168.11,1725.5,1130.268
2025-04-16 07:30:00,2168.11,1725.5,1130.268
2025-04-16 07:45:00,2168.11,1725.5,1130.268
2025-04-16 08:00:00,3349.119,2026.0,1002.509
2025-04-16 08:15:00,3349.119,2026.0,1002.509
2025-04-16 08:30:00,3349.119,2026.0,1002.509
2025-04-16 08:45:00,3349.119,2026.0,1002.509
2025-04-16 09:00:00,3782.338,2037.751,1018.685
2025-04-16 09:15:00,3782.338,2037.751,1018.685
2025-04-16 09:30:00,3782.338,2037.751,1018.685
2025-04-16 09:45:00,3782.338,2037.751,1018.685
2025-04-16 10:00:00,5019.233,1972.75,1492.969
2025-04-16 10:15:00,5019.233,1972.75,1492.969
2025-04-16 10:30:00,5019.233,1972.75,1492.969
2025-04-16 10:45:00,5019.233,1972.75,1492.969
2025-04-16 11:00:00,5893.475,1752.0,1485.063
2025-04-16 11:15:00,5893.475,1752.0,1485.063
2025-04-16 11:30:00,5893.475,1752.0,1485.063
2025-04-16 11:45:00,5893.475,1752.0,1485.063
2025-04-16 12:00:00,5825.968,1570.75,1562.016
2025-04-16 12:15:00,5825.968,1570.75,1562.016
2025-04-16 12:30:00,5825.968,1570.75,1562.016
2025-04-16 12:45:00,5825.968,1570.75,1562.016
2025-04-16 13:00:00,4764.356,1475.25,1514.788
2025-04-16 13:15:00,4764.356,1475.25,1514.788
2025-04-16 13:30:00,4764.356,1475.25,1514.788
2025-04-16 13:45:00,4764.356,1475.25,1514.788
2025-04-16 14:00:00,4703.472,1308.0,1133.455
2025-04-16 14:15:00,4703.472,1308.0,1133.455
2025-04-16 14:30:00,4703.472,1308.0,1133.455
2025-04-16 14:45:00,4703.472,1308.0,1133.455
2025-04-16 15:00:00,2639.381,1304.0,723.76
2025-04-16 15:15:00,2639.381,1304.0,723.76
2025-04-16 15:30:00,2639.381,1304.0,723.76
2025-04-16 15:45:00,2639.381,1304.0,723.76
2025-04-16 16:00:00,1399.206,1253.5,551.981
2025-04-16 16:15:00,1399.206,1253.5,551.981
2025-04-16 16:30:00,1399.206,1253.5,551.981
2025-04-16 16:45:00,1399.206,1253.5,551.981
2025-04-16 17:00:00,574.411,1042.5,354.394
2025-04-16 17:15:00,574.411,1042.5,354.394
2025-04-16 17:30:00,574.411,1042.5,354.394
2025-04-16 17:45:00,574.411,1042.5,354.394
2025-04-16 18:00:00,83.936,739.75,133.252
2025-04-16 18:15:00,83.936,739.75,133.252
2025-04-16 18:30:00,83.936,739.75,133.252
2025-04-16 18:45:00,83.936,739.75,133.252
2025-04-16 19:00:00,0.0,798.25,51.671
2025-04-16 19:15:00,0.0,798.25,51.671
2025-04-16 19:30:00,0.0,798.25,51.671
2025-04-16 19:45:00,0.0,798.25,51.671
2025-04-16 20:00:00,0.0,723.75,46.094
2025-04-16 20:15:00,0.0,723.75,46.094
2025-04-16 20:30:00,0.0,723.75,46.094
2025-04-16 20:45:00,0.0,723.75,46.094
2025-04-16 21:00:00,0.0,557.5,61.123
2025-04-16 21:15:00,0.0,557.5,61.123
2025-04-16 21:30:00,0.0,557.5,61.123
2025-04-16 21:45:00,0.0,557.5,61.123
2025-04-16 22:00:00,0.0,367.75,54.461
2025-04-16 22:15:00,0.0,367.75,54.461
2025-04-16 22:30:00,0.0,367.75,54.461
2025-04-16 22:45:00,0.0,367.75,54.461
2025-04-16 23:00:00,0.0,265.0,49.306
2025-04-16 23:15:00,0.0,265.0,49.306
2025-04-16 23:30:00,0.0,265.0,49.306
2025-04-16 23:45:00,0.0,265.0,49.306
2025-04-17 00:00:00,0.0,196.249,48.272
2025-04-17 00:15:00,0.0,196.249,48.272
2025-04-17 00:30:00,0.0,196.249,48.272
2025-04-17 00:45:00,0.0,196.249,48.272
2025-04-17 01:00:00,0.0,163.5,26.075
2025-04-17 01:15:00,0.0,163.5,26.075
2025-04-17 01:30:00,0.0,163.5,26.075
2025-04-17 01:45:00,0.0,163.5,26.075
2025-04-17 02:00:00,0.0,157.75,29.776
2025-04-17 02:15:00,0.0,157.75,29.776
2025-04-17 02:30:00,0.0,157.75,29.776
2025-04-17 02:45:00,0.0,157.75,29.776
2025-04-17 03:00:00,0.0,174.75,26.245
2025-04-17 03:15:00,0.0,174.75,26.245
2025-04-17 03:30:00,0.0,174.75,26.245
2025-04-17 03:45:00,0.0,174.75,26.245
2025-04-17 04:00:00,2.5,118.002,56.818
2025-04-17 04:15:00,2.5,118.002,56.818
2025-04-17 04:30:00,2.5,118.002,56.818
2025-04-17 04:45:00,2.5,118.002,56.818
2025-04-17 05:00:00,118.687,151.5,38.518
2025-04-17 05:15:00,118.687,151.5,38.518
2025-04-17 05:30:00,118.687,151.5,38.518
2025-04-17 05:45:00,118.687,151.5,38.518
2025-04-17 06:00:00,724.495,261.001,20.065
2025-04-17 06:15:00,724.495,261.001,20.065
2025-04-17 06:30:00,724.495,261.001,20.065
2025-04-17 06:45:00,724.495,261.001,20.065
2025-04-17 07:00:00,1657.139,454.0,98.768
2025-04-17 07:15:00,1657.139,454.0,98.768
2025-04-17 07:30:00,1657.139,454.0,98.768
2025-04-17 07:45:00,1657.139,454.0,98.768
2025-04-17 08:00:00,2839.119,279.5,371.186
2025-04-17 08:15:00,2839.119,279.5,371.186
2025-04-17 08:30:00,2839.119,279.5,371.186
2025-04-17 08:45:00,2839.119,279.5,371.186
2025-04-17 09:00:00,3969.102,192.0,537.637
2025-04-17 09:15:00,3969.102,192.0,537.637
2025-04-17 09:30:00,3969.102,192.0,537.637
2025-04-17 09:45:00,3969.102,192.0,537.637
2025-04-17 10:00:00,4995.921,161.0,679.349
2025-04-17 10:15:00,4995.921,161.0,679.349
2025-04-17 10:30:00,4995.921,161.0,679.349
2025-04-17 10:45:00,4995.921,161.0,679.349
2025-04-17 11:00:00,6143.13,157.25,685.977
2025-04-17 11:15:00,6143.13,157.25,685.977
2025-04-17 11:30:00,6143.13,157.25,685.977
2025-04-17 11:45:00,6143.13,157.25,685.977
2025-04-17 12:00:00,6037.212,289.75,853.476
2025-04-17 12:15:00,6037.212,289.75,853.476
2025-04-17 12:30:00,6037.212,289.75,853.476
2025-04-17 12:45:00,6037.212,289.75,853.476
2025-04-17 13:00:00,4730.035,209.0,900.762
2025-04-17 13:15:00,4730.035,209.0,900.762
2025-04-17 13:30:00,4730.035,209.0,900.762
2025-04-17 13:45:00,4730.035,209.0,900.762
2025-04-17 14:00:00,3470.032,125.5,861.099
2025-04-17 14:15:00,3470.032,125.5,861.099
2025-04-17 14:30:00,3470.032,125.5,861.099
2025-04-17 14:45:00,3470.032,125.5,861.099
2025-04-17 15:00:00,2774.961,98.999,833.688
2025-04-17 15:15:00,2774.961,98.999,833.688
2025-04-17 15:30:00,2774.961,98.999,833.688
2025-04-17 15:45:00,2774.961,98.999,833.688
2025-04-17 16:00:00,1512.708,52.501,545.227
2025-04-17 16:15:00,1512.708,52.501,545.227
2025-04-17 16:30:00,1512.708,52.501,545.227
2025-04-17 16:45:00,1512.708,52.501,545.227
2025-04-17 17:00:00,624.252,41.751,296.639
2025-04-17 17:15:00,624.252,41.751,296.639
2025-04-17 17:30:00,624.252,41.751,296.639
2025-04-17 17:45:00,624.252,41.751,296.639
2025-04-17 18:00:00,107.17,28.001,196.028
2025-04-17 18:15:00,107.17,28.001,196.028
2025-04-17 18:30:00,107.17,28.001,196.028
2025-04-17 18:45:00,107.17,28.001,196.028
2025-04-17 19:00:00,0.0,27.25,69.986
2025-04-17 19:15:00,0.0,27.25,69.986
2025-04-17 19:30:00,0.0,27.25,69.986
2025-04-17 19:45:00,0.0,27.25,69.986
2025-04-17 20:00:00,0.0,15.5,75.502
2025-04-17 20:15:00,0.0,15.5,75.502
2025-04-17 20:30:00,0.0,15.5,75.502
2025-04-17 20:45:00,0.0,15.5,75.502
2025-04-17 21:00:00,0.0,39.75,110.979
2025-04-17 21:15:00,0.0,39.75,110.979
2025-04-17 21:30:00,0.0,39.75,110.979
2025-04-17 21:45:00,0.0,39.75,110.979
2025-04-17 22:00:00,0.0,81.5,221.234
2025-04-17 22:15:00,0.0,81.5,221.234
2025-04-17 22:30:00,0.0,81.5,221.234
2025-04-17 22:45:00,0.0,81.5,221.234
2025-04-17 23:00:00,0.0,65.75,258.186
2025-04-17 23:15:00,0.0,65.75,258.186
2025-04-17 23:30:00,0.0,65.75,258.186
2025-04-17 23:45:00,0.0,65.75,258.186
2025-04-18 00:00:00,0.0,109.25,328.691
2025-04-18 00:15:00,0.0,109.25,328.691
2025-04-18 00:30:00,0.0,109.25,328.691
2025-04-18 00:45:00,0.0,109.25,328.691
2025-04-18 01:00:00,0.0,108.0,158.489
2025-04-18 01:15:00,0.0,108.0,158.489
2025-04-18 01:30:00,0.0,108.0,158.489
2025-04-18 01:45:00,0.0,108.0,158.489
2025-04-18 02:00:00,0.0,130.249,87.781
2025-04-18 02:15:00,0.0,130.249,87.781
2025-04-18 02:30:00,0.0,130.249,87.781
2025-04-18 02:45:00,0.0,130.249,87.781
2025-04-18 03:00:00,0.0,77.75,124.851
2025-04-18 03:15:00,0.0,77.75,124.851
2025-04-18 03:30:00,0.0,77.75,124.851
2025-04-18 03:45:00,0.0,77.75,124.851
2025-04-18 04:00:00,2.094,111.751,144.682
2025-04-18 04:15:00,2.094,111.751,144.682
2025-04-18 04:30:00,2.094,111.751,144.682
2025-04-18 04:45:00,2.094,111.751,144.682
2025-04-18 05:00:00,213.271,57.001,103.816
2025-04-18 05:15:00,213.271,57.001,103.816
2025-04-18 05:30:00,213.271,57.001,103.816
2025-04-18 05:45:00,213.271,57.001,103.816
2025-04-18 06:00:00,1160.251,24.501,40.443
2025-04-18 06:15:00,1160.251,24.501,40.443
2025-04-18 06:30:00,1160.251,24.501,40.443
2025-04-18 06:45:00,1160.251,24.501,40.443
2025-04-18 07:00:00,2815.395,55.25,110.037
2025-04-18 07:15:00,2815.395,55.25,110.037
2025-04-18 07:30:00,2815.395,55.25,110.037
2025-04-18 07:45:00,2815.395,55.25,110.037
2025-04-18 08:00:00,4875.593,61.5,124.291
2025-04-18 08:15:00,4875.593,61.5,124.291
2025-04-18 08:30:00,4875.593,61.5,124.291
2025-04-18 08:45:00,4875.593,61.5,124.291
2025-04-18 09:00:00,7247.741,137.75,199.099
2025-04-18 09:15:00,7247.741,137.75,199.099
2025-04-18 09:30:00,7247.741,137.75,199.099
2025-04-18 09:45:00,7247.741,137.75,199.099
2025-04-18 10:00:00,10986.816,127.5,241.724
2025-04-18 10:15:00,10986.816,127.5,241.724
2025-04-18 10:30:00,10986.816,127.5,241.724
2025-04-18 10:45:00,10986.816,127.5,241.724
2025-04-18 11:00:00,14211.164,77.25,273.031
2025-04-18 11:15:00,14211.164,77.25,273.031
2025-04-18 11:30:00,14211.164,77.25,273.031
2025-04-18 11:45:00,14211.164,77.25,273.031
2025-04-18 12:00:00,15783.208,67.25,332.98
2025-04-18 12:15:00,15783.208,67.25,332.98
2025-04-18 12:30:00,15783.208,67.25,332.98
2025-04-18 12:45:00,15783.208,67.25,332.98
2025-04-18 13:00:00,15334.917,77.251,492.037
2025-04-18 13:15:00,15334.917,77.251,492.037
2025-04-18 13:30:00,15334.917,77.251,492.037
2025-04-18 13:45:00,15334.917,77.251,492.037
2025-04-18 14:00:00,13720.185,172.251,624.875
2025-04-18 14:15:00,13720.185,172.251,624.875
2025-04-18 14:30:00,13720.185,172.251,624.875
2025-04-18 14:45:00,13720.185,172.251,624.875
2025-04-18 15:00:00,11430.34,470.001,719.682
2025-04-18 15:15:00,11430.34,470.001,719.682
2025-04-18 15:30:00,11430.34,470.001,719.682
2025-04-18 15:45:00,11430.34,470.001,719.682
2025-04-18 16:00:00,7611.89,829.499,852.853
2025-04-18 16:15:00,7611.89,829.499,852.853
2025-04-18 16:30:00,7611.89,829.499,852.853
2025-04-18 16:45:00,7611.89,829.499,852.853
2025-04-18 17:00:00,3317.264,1191.0,891.306
2025-04-18 17:15:00,3317.264,1191.0,891.306
2025-04-18 17:30:00,3317.264,1191.0,891.306
2025-04-18 17:45:00,3317.264,1191.0,891.306
2025-04-18 18:00:00,507.737,1594.249,819.382
2025-04-18 18:15:00,507.737,1594.249,819.382
2025-04-18 18:30:00,507.737,1594.249,819.382
2025-04-18 18:45:00,507.737,1594.249,819.382
2025-04-18 19:00:00,0.0,1930.751,659.302
2025-04-18 19:15:00,0.0,1930.751,659.302
2025-04-18 19:30:00,0.0,1930.751,659.302
2025-04-18 19:45:00,0.0,1930.751,659.302
2025-04-18 20:00:00,0.0,1970.25,670.52
2025-04-18 20:15:00,0.0,1970.25,670.52
2025-04-18 20:30:00,0.0,1970.25,670.52
2025-04-18 20:45:00,0.0,1970.25,670.52
2025-04-18 21:00:00,0.0,1485.249,535.67
2025-04-18 21:15:00,0.0,1485.249,535.67
2025-04-18 21:30:00,0.0,1485.249,535.67
2025-04-18 21:45:00,0.0,1485.249,535.67
2025-04-18 22:00:00,0.0,1295.25,394.336
2025-04-18 22:15:00,0.0,1295.25,394.336
2025-04-18 22:30:00,0.0,1295.25,394.336
2025-04-18 22:45:00,0.0,1295.25,394.336
2025-04-18 23:00:00,0.0,1131.5,405.303
2025-04-18 23:15:00,0.0,1131.5,405.303
2025-04-18 23:30:00,0.0,1131.5,405.303
2025-04-18 23:45:00,0.0,1131.5,405.303
2025-04-19 00:00:00,0.0,1191.25,346.991
2025-04-19 00:15:00,0.0,1191.25,346.991
2025-04-19 00:30:00,0.0,1191.25,346.991
2025-04-19 00:45:00,0.0,1191.25,346.991
2025-04-19 01:00:00,0.0,1084.75,308.812
2025-04-19 01:15:00,0.0,1084.75,308.812
2025-04-19 01:30:00,0.0,1084.75,308.812
2025-04-19 01:45:00,0.0,1084.75,308.812
2025-04-19 02:00:00,0.0,913.25,216.837
2025-04-19 02:15:00,0.0,913.25,216.837
2025-04-19 02:30:00,0.0,913.25,216.837
2025-04-19 02:45:00,0.0,913.25,216.837
2025-04-19 03:00:00,0.0,892.501,170.605
2025-04-19 03:15:00,0.0,892.501,170.605
2025-04-19 03:30:00,0.0,892.501,170.605
2025-04-19 03:45:00,0.0,892.501,170.605
2025-04-19 04:00:00,14.536,904.749,235.296
2025-04-19 04:15:00,14.536,904.749,235.296
2025-04-19 04:30:00,14.536,904.749,235.296
2025-04-19 04:45:00,14.536,904.749,235.296
2025-04-19 05:00:00,999.063,756.5,277.653
2025-04-19 05:15:00,999.063,756.5,277.653
2025-04-19 05:30:00,999.063,756.5,277.653
2025-04-19 05:45:00,999.063,756.5,277.653
2025-04-19 06:00:00,4594.546,769.5,310.797
2025-04-19 06:15:00,4594.546,769.5,310.797
2025-04-19 06:30:00,4594.546,769.5,310.797
2025-04-19 06:45:00,4594.546,769.5,310.797
2025-04-19 07:00:00,8754.768,715.0,487.204
2025-04-19 07:15:00,8754.768,715.0,487.204
2025-04-19 07:30:00,8754.768,715.0,487.204
2025-04-19 07:45:00,8754.768,715.0,487.204
2025-04-19 08:00:00,12758.996,691.749,560.778
2025-04-19 08:15:00,12758.996,691.749,560.778
2025-04-19 08:30:00,12758.996,691.749,560.778
2025-04-19 08:45:00,12758.996,691.749,560.778
2025-04-19 09:00:00,15406.442,625.749,670.486
2025-04-19 09:15:00,15406.442,625.749,670.486
2025-04-19 09:30:00,15406.442,625.749,670.486
2025-04-19 09:45:00,15406.442,625.749,670.486
2025-04-19 10:00:00,17525.897,906.0,1047.768
2025-04-19 10:15:00,17525.897,906.0,1047.768
2025-04-19 10:30:00,17525.897,906.0,1047.768
2025-04-19 10:45:00,17525.897,906.0,1047.768
2025-04-19 11:00:00,19010.667,1286.0,1440.231
2025-04-19 11:15:00,19010.667,1286.0,1440.231
2025-04-19 11:30:00,19010.667,1286.0,1440.231
2025-04-19 11:45:00,19010.667,1286.0,1440.231
2025-04-19 12:00:00,19543.317,1601.749,1898.561
2025-04-19 12:15:00,19543.317,1601.749,1898.561
2025-04-19 12:30:00,19543.317,1601.749,1898.561
2025-04-19 12:45:00,19543.317,1601.749,1898.561
2025-04-19 13:00:00,18054.981,1936.5,2298.17
2025-04-19 13:15:00,18054.981,1936.5,2298.17
2025-04-19 13:30:00,18054.981,1936.5,2298.17
2025-04-19 13:45:00,18054.981,1936.5,2298.17
2025-04-19 14:00:00,15694.224,2589.251,2465.485
2025-04-19 14:15:00,15694.224,2589.251,2465.485
2025-04-19 14:30:00,15694.224,2589.251,2465.485
2025-04-19 14:45:00,15694.224,2589.251,2465.485
2025-04-19 15:00:00,11984.71,2741.25,2711.699
2025-04-19 15:15:00,11984.71,2741.25,2711.699
2025-04-19 15:30:00,11984.71,2741.25,2711.699
2025-04-19 15:45:00,11984.71,2741.25,2711.699
2025-04-19 16:00:00,7627.125,2721.749,2647.571
2025-04-19 16:15:00,7627.125,2721.749,2647.571
2025-04-19 16:30:00,7627.125,2721.749,2647.571
2025-04-19 16:45:00,7627.125,2721.749,2647.571
2025-04-19 17:00:00,3383.188,2664.0,2593.444
2025-04-19 17:15:00,3383.188,2664.0,2593.444
2025-04-19 17:30:00,3383.188,2664.0,2593.444
2025-04-19 17:45:00,3383.188,2664.0,2593.444
2025-04-19 18:00:00,465.905,2593.75,2233.038
2025-04-19 18:15:00,465.905,2593.75,2233.038
2025-04-19 18:30:00,465.905,2593.75,2233.038
2025-04-19 18:45:00,465.905,2593.75,2233.038
2025-04-19 19:00:00,0.0,2415.249,1595.844
2025-04-19 19:15:00,0.0,2415.249,1595.844
2025-04-19 19:30:00,0.0,2415.249,1595.844
2025-04-19 19:45:00,0.0,2415.249,1595.844
2025-04-19 20:00:00,0.0,2235.5,1316.282
2025-04-19 20:15:00,0.0,2235.5,1316.282
2025-04-19 20:30:00,0.0,2235.5,1316.282
2025-04-19 20:45:00,0.0,2235.5,1316.282
2025-04-19 21:00:00,0.0,2194.002,1022.542
2025-04-19 21:15:00,0.0,2194.002,1022.542
2025-04-19 21:30:00,0.0,2194.002,1022.542
2025-04-19 21:45:00,0.0,2194.002,1022.542
2025-04-19 22:00:00,0.0,2165.251,926.319
2025-04-19 22:15:00,0.0,2165.251,926.319
2025-04-19 22:30:00,0.0,2165.251,926.319
2025-04-19 22:45:00,0.0,2165.251,926.319
2025-04-19 23:00:00,0.0,1932.751,785.249
2025-04-19 23:15:00,0.0,1932.751,785.249
2025-04-19 23:30:00,0.0,1932.751,785.249
2025-04-19 23:45:00,0.0,1932.751,785.249
2025-04-20 00:00:00,0.0,1682.25,648.639
2025-04-20 00:15:00,0.0,1682.25,648.639
2025-04-20 00:30:00,0.0,1682.25,648.639
2025-04-20 00:45:00,0.0,1682.25,648.639
2025-04-20 01:00:00,0.0,1443.5,616.567
2025-04-20 01:15:00,0.0,1443.5,616.567
2025-04-20 01:30:00,0.0,1443.5,616.567
2025-04-20 01:45:00,0.0,1443.5,616.567
2025-04-20 02:00:00,0.0,1277.25,502.641
2025-04-20 02:15:00,0.0,1277.25,502.641
2025-04-20 02:30:00,0.0,1277.25,502.641
2025-04-20 02:45:00,0.0,1277.25,502.641
2025-04-20 03:00:00,0.0,1047.5,541.972
2025-04-20 03:15:00,0.0,1047.5,541.972
2025-04-20 03:30:00,0.0,1047.5,541.972
2025-04-20 03:45:00,0.0,1047.5,541.972
2025-04-20 04:00:00,17.829,925.5,438.096
2025-04-20 04:15:00,17.829,925.5,438.096
2025-04-20 04:30:00,17.829,925.5,438.096
2025-04-20 04:45:00,17.829,925.5,438.096
2025-04-20 05:00:00,799.961,632.499,309.223
2025-04-20 05:15:00,799.961,632.499,309.223
2025-04-20 05:30:00,799.961,632.499,309.223
2025-04-20 05:45:00,799.961,632.499,309.223
2025-04-20 06:00:00,3292.727,561.25,307.767
2025-04-20 06:15:00,3292.727,561.25,307.767
2025-04-20 06:30:00,3292.727,561.25,307.767
2025-04-20 06:45:00,3292.727,561.25,307.767
2025-04-20 07:00:00,6670.83,504.999,405.855
2025-04-20 07:15:00,6670.83,504.999,405.855
2025-04-20 07:30:00,6670.83,504.999,405.855
2025-04-20 07:45:00,6670.83,504.999,405.855
2025-04-20 08:00:00,10581.267,400.0,459.906
2025-04-20 08:15:00,10581.267,400.0,459.906
2025-04-20 08:30:00,10581.267,400.0,459.906
2025-04-20 08:45:00,10581.267,400.0,459.906
2025-04-20 09:00:00,13670.693,423.0,484.525
2025-04-20 09:15:00,13670.693,423.0,484.525
2025-04-20 09:30:00,13670.693,423.0,484.525
2025-04-20 09:45:00,13670.693,423.0,484.525
2025-04-20 10:00:00,15920.277,461.25,481.523
2025-04-20 10:15:00,15920.277,461.25,481.523
2025-04-20 10:30:00,15920.277,461.25,481.523
2025-04-20 10:45:00,15920.277,461.25,481.523
2025-04-20 11:00:00,18191.807,360.25,561.81
2025-04-20 11:15:00,18191.807,360.25,561.81
2025-04-20 11:30:00,18191.807,360.25,561.81
2025-04-20 11:45:00,18191.807,360.25,561.81
2025-04-20 12:00:00,17910.843,481.25,594.968
2025-04-20 12:15:00,17910.843,481.25,594.968
2025-04-20 12:30:00,17910.843,481.25,594.968
2025-04-20 12:45:00,17910.843,481.25,594.968
2025-04-20 13:00:00,15830.53,543.25,656.741
2025-04-20 13:15:00,15830.53,543.25,656.741
2025-04-20 13:30:00,15830.53,543.25,656.741
2025-04-20 13:45:00,15830.53,543.25,656.741
2025-04-20 14:00:00,11459.847,663.249,803.281
2025-04-20 14:15:00,11459.847,663.249,803.281
2025-04-20 14:30:00,11459.847,663.249,803.281
2025-04-20 14:45:00,11459.847,663.249,803.281
2025-04-20 15:00:00,8436.303,796.249,979.2
2025-04-20 15:15:00,8436.303,796.249,979.2
2025-04-20 15:30:00,8436.303,796.249,979.2
2025-04-20 15:45:00,8436.303,796.249,979.2
2025-04-20 16:00:00,4483.603,784.25,1084.442
2025-04-20 16:15:00,4483.603,784.25,1084.442
2025-04-20 16:30:00,4483.603,784.25,1084.442
2025-04-20 16:45:00,4483.603,784.25,1084.442
2025-04-20 17:00:00,1979.465,714.249,1041.006
2025-04-20 17:15:00,1979.465,714.249,1041.006
2025-04-20 17:30:00,1979.465,714.249,1041.006
2025-04-20 17:45:00,1979.465,714.249,1041.006
2025-04-20 18:00:00,415.428,621.25,806.187
2025-04-20 18:15:00,415.428,621.25,806.187
2025-04-20 18:30:00,415.428,621.25,806.187
2025-04-20 18:45:00,415.428,621.25,806.187
2025-04-20 19:00:00,0.0,453.249,414.023
2025-04-20 19:15:00,0.0,453.249,414.023
2025-04-20 19:30:00,0.0,453.249,414.023
2025-04-20 19:45:00,0.0,453.249,414.023
2025-04-20 20:00:00,0.0,367.251,184.426
2025-04-20 20:15:00,0.0,367.251,184.426
2025-04-20 20:30:00,0.0,367.251,184.426
2025-04-20 20:45:00,0.0,367.251,184.426
2025-04-20 21:00:00,0.0,275.75,107.392
2025-04-20 21:15:00,0.0,275.75,107.392
2025-04-20 21:30:00,0.0,275.75,107.392
2025-04-20 21:45:00,0.0,275.75,107.392
2025-04-20 22:00:00,0.0,186.75,19.026
2025-04-20 22:15:00,0.0,186.75,19.026
2025-04-20 22:30:00,0.0,186.75,19.026
2025-04-20 22:45:00,0.0,186.75,19.026
2025-04-20 23:00:00,0.0,117.0,3.038
2025-04-20 23:15:00,0.0,117.0,3.038
2025-04-20 23:30:00,0.0,117.0,3.038
2025-04-20 23:45:00,0.0,117.0,3.038
2025-04-21 00:00:00,0.0,48.25,0.0
2025-04-21 00:15:00,0.0,48.25,0.0
2025-04-21 00:30:00,0.0,48.25,0.0
2025-04-21 00:45:00,0.0,48.25,0.0
2025-04-21 01:00:00,0.0,50.75,0.0
2025-04-21 01:15:00,0.0,50.75,0.0
2025-04-21 01:30:00,0.0,50.75,0.0
2025-04-21 01:45:00,0.0,50.75,0.0
2025-04-21 02:00:00,0.0,57.25,0.0
2025-04-21 02:15:00,0.0,57.25,0.0
2025-04-21 02:30:00,0.0,57.25,0.0
2025-04-21 02:45:00,0.0,57.25,0.0
2025-04-21 03:00:00,0.0,47.751,5.867
2025-04-21 03:15:00,0.0,47.751,5.867
2025-04-21 03:30:00,0.0,47.751,5.867
2025-04-21 03:45:00,0.0,47.751,5.867
2025-04-21 04:00:00,12.279,27.251,11.694
2025-04-21 04:15:00,12.279,27.251,11.694
2025-04-21 04:30:00,12.279,27.251,11.694
2025-04-21 04:45:00,12.279,27.251,11.694
2025-04-21 05:00:00,341.273,7.75,0.0
2025-04-21 05:15:00,341.273,7.75,0.0
2025-04-21 05:30:00,341.273,7.75,0.0
2025-04-21 05:45:00,341.273,7.75,0.0
2025-04-21 06:00:00,1307.117,3.75,0.0
2025-04-21 06:15:00,1307.117,3.75,0.0
2025-04-21 06:30:00,1307.117,3.75,0.0
2025-04-21 06:45:00,1307.117,3.75,0.0
2025-04-21 07:00:00,2930.796,1.251,12.943
2025-04-21 07:15:00,2930.796,1.251,12.943
2025-04-21 07:30:00,2930.796,1.251,12.943
2025-04-21 07:45:00,2930.796,1.251,12.943
2025-04-21 08:00:00,5350.42,7.75,10.289
2025-04-21 08:15:00,5350.42,7.75,10.289
2025-04-21 08:30:00,5350.42,7.75,10.289
2025-04-21 08:45:00,5350.42,7.75,10.289
2025-04-21 09:00:00,7914.926,31.5,102.131
2025-04-21 09:15:00,7914.926,31.5,102.131
2025-04-21 09:30:00,7914.926,31.5,102.131
2025-04-21 09:45:00,7914.926,31.5,102.131
2025-04-21 10:00:00,9399.159,18.001,98.573
2025-04-21 10:15:00,9399.159,18.001,98.573
2025-04-21 10:30:00,9399.159,18.001,98.573
2025-04-21 10:45:00,9399.159,18.001,98.573
2025-04-21 11:00:00,7946.831,10.001,49.448
2025-04-21 11:15:00,7946.831,10.001,49.448
2025-04-21 11:30:00,7946.831,10.001,49.448
2025-04-21 11:45:00,7946.831,10.001,49.448
2025-04-21 12:00:00,7240.602,13.0,123.813
2025-04-21 12:15:00,7240.602,13.0,123.813
2025-04-21 12:30:00,7240.602,13.0,123.813
2025-04-21 12:45:00,7240.602,13.0,123.813
2025-04-21 13:00:00,5331.89,18.75,328.161
2025-04-21 13:15:00,5331.89,18.75,328.161
2025-04-21 13:30:00,5331.89,18.75,328.161
2025-04-21 13:45:00,5331.89,18.75,328.161
2025-04-21 14:00:00,4695.557,24.25,330.507
2025-04-21 14:15:00,4695.557,24.25,330.507
2025-04-21 14:30:00,4695.557,24.25,330.507
2025-04-21 14:45:00,4695.557,24.25,330.507
2025-04-21 15:00:00,4701.753,48.25,272.599
2025-04-21 15:15:00,4701.753,48.25,272.599
2025-04-21 15:30:00,4701.753,48.25,272.599
2025-04-21 15:45:00,4701.753,48.25,272.599
2025-04-21 16:00:00,2806.492,16.501,194.924
2025-04-21 16:15:00,2806.492,16.501,194.924
2025-04-21 16:30:00,2806.492,16.501,194.924
2025-04-21 16:45:00,2806.492,16.501,194.924
2025-04-21 17:00:00,1247.733,55.25,49.195
2025-04-21 17:15:00,1247.733,55.25,49.195
2025-04-21 17:30:00,1247.733,55.25,49.195
2025-04-21 17:45:00,1247.733,55.25,49.195
2025-04-21 18:00:00,365.359,91.25,51.825
2025-04-21 18:15:00,365.359,91.25,51.825
2025-04-21 18:30:00,365.359,91.25,51.825
2025-04-21 18:45:00,365.359,91.25,51.825
2025-04-21 19:00:00,0.0,209.499,80.412
2025-04-21 19:15:00,0.0,209.499,80.412
2025-04-21 19:30:00,0.0,209.499,80.412
2025-04-21 19:45:00,0.0,209.499,80.412
2025-04-21 20:00:00,0.0,478.501,116.923
2025-04-21 20:15:00,0.0,478.501,116.923
2025-04-21 20:30:00,0.0,478.501,116.923
2025-04-21 20:45:00,0.0,478.501,116.923
2025-04-21 21:00:00,0.0,545.5,79.971
2025-04-21 21:15:00,0.0,545.5,79.971
2025-04-21 21:30:00,0.0,545.5,79.971
2025-04-21 21:45:00,0.0,545.5,79.971
2025-04-21 22:00:00,0.0,524.0,78.5
2025-04-21 22:15:00,0.0,524.0,78.5
2025-04-21 22:30:00,0.0,524.0,78.5
2025-04-21 22:45:00,0.0,524.0,78.5
2025-04-21 23:00:00,0.0,439.75,70.758
2025-04-21 23:15:00,0.0,439.75,70.758
2025-04-21 23:30:00,0.0,439.75,70.758
2025-04-21 23:45:00,0.0,439.75,70.758
2025-04-22 00:00:00,0.0,379.999,65.803
2025-04-22 00:15:00,0.0,379.999,65.803
2025-04-22 00:30:00,0.0,379.999,65.803
2025-04-22 00:45:00,0.0,379.999,65.803
2025-04-22 01:00:00,0.0,287.0,135.34
2025-04-22 01:15:00,0.0,287.0,135.34
2025-04-22 01:30:00,0.0,287.0,135.34
2025-04-22 01:45:00,0.0,287.0,135.34
2025-04-22 02:00:00,0.0,315.5,176.683
2025-04-22 02:15:00,0.0,315.5,176.683
2025-04-22 02:30:00,0.0,315.5,176.683
2025-04-22 02:45:00,0.0,315.5,176.683
2025-04-22 03:00:00,0.0,382.0,282.138
2025-04-22 03:15:00,0.0,382.0,282.138
2025-04-22 03:30:00,0.0,382.0,282.138
2025-04-22 03:45:00,0.0,382.0,282.138
2025-04-22 04:00:00,14.476,383.5,252.75
2025-04-22 04:15:00,14.476,383.5,252.75
2025-04-22 04:30:00,14.476,383.5,252.75
2025-04-22 04:45:00,14.476,383.5,252.75
2025-04-22 05:00:00,366.626,324.5,283.237
2025-04-22 05:15:00,366.626,324.5,283.237
2025-04-22 05:30:00,366.626,324.5,283.237
2025-04-22 05:45:00,366.626,324.5,283.237
2025-04-22 06:00:00,1517.251,258.751,418.471
2025-04-22 06:15:00,1517.251,258.751,418.471
2025-04-22 06:30:00,1517.251,258.751,418.471
2025-04-22 06:45:00,1517.251,258.751,418.471
2025-04-22 07:00:00,3327.564,245.751,540.773
2025-04-22 07:15:00,3327.564,245.751,540.773
2025-04-22 07:30:00,3327.564,245.751,540.773
2025-04-22 07:45:00,3327.564,245.751,540.773
2025-04-22 08:00:00,5828.957,228.499,637.366
2025-04-22 08:15:00,5828.957,228.499,637.366
2025-04-22 08:30:00,5828.957,228.499,637.366
2025-04-22 08:45:00,5828.957,228.499,637.366
2025-04-22 09:00:00,8599.929,230.5,845.782
2025-04-22 09:15:00,8599.929,230.5,845.782
2025-04-22 09:30:00,8599.929,230.5,845.782
2025-04-22 09:45:00,8599.929,230.5,845.782
2025-04-22 10:00:00,11945.527,194.251,1123.942
2025-04-22 10:15:00,11945.527,194.251,1123.942
2025-04-22 10:30:00,11945.527,194.251,1123.942
2025-04-22 10:45:00,11945.527,194.251,1123.942
2025-04-22 11:00:00,13524.538,165.999,1486.423
2025-04-22 11:15:00,13524.538,165.999,1486.423
2025-04-22 11:30:00,13524.538,165.999,1486.423
2025-04-22 11:45:00,13524.538,165.999,1486.423
2025-04-22 12:00:00,15386.347,197.0,1629.726
2025-04-22 12:15:00,15386.347,197.0,1629.726
2025-04-22 12:30:00,15386.347,197.0,1629.726
2025-04-22 12:45:00,15386.347,197.0,1629.726
2025-04-22 13:00:00,14675.165,235.25,1584.579
2025-04-22 13:15:00,14675.165,235.25,1584.579
2025-04-22 13:30:00,14675.165,235.25,1584.579
2025-04-22 13:45:00,14675.165,235.25,1584.579
2025-04-22 14:00:00,12577.368,174.25,1368.146
2025-04-22 14:15:00,12577.368,174.25,1368.146
2025-04-22 14:30:00,12577.368,174.25,1368.146
2025-04-22 14:45:00,12577.368,174.25,1368.146
2025-04-22 15:00:00,9860.235,72.5,1081.042
2025-04-22 15:15:00,9860.235,72.5,1081.042
2025-04-22 15:30:00,9860.235,72.5,1081.042
2025-04-22 15:45:00,9860.235,72.5,1081.042
2025-04-22 16:00:00,5606.405,77.5,666.662
2025-04-22 16:15:00,5606.405,77.5,666.662
2025-04-22 16:30:00,5606.405,77.5,666.662
2025-04-22 16:45:00,5606.405,77.5,666.662
2025-04-22 17:00:00,2557.058,118.0,246.896
2025-04-22 17:15:00,2557.058,118.0,246.896
2025-04-22 17:30:00,2557.058,118.0,246.896
2025-04-22 17:45:00,2557.058,118.0,246.896
2025-04-22 18:00:00,444.506,172.75,16.171
2025-04-22 18:15:00,444.506,172.75,16.171
2025-04-22 18:30:00,444.506,172.75,16.171
2025-04-22 18:45:00,444.506,172.75,16.171
2025-04-22 19:00:00,0.0,256.75,0.0
2025-04-22 19:15:00,0.0,256.75,0.0
2025-04-22 19:30:00,0.0,256.75,0.0
2025-04-22 19:45:00,0.0,256.75,0.0
2025-04-22 20:00:00,0.0,426.501,0.0
2025-04-22 20:15:00,0.0,426.501,0.0
2025-04-22 20:30:00,0.0,426.501,0.0
2025-04-22 20:45:00,0.0,426.501,0.0
2025-04-22 21:00:00,0.0,420.0,0.0
2025-04-22 21:15:00,0.0,420.0,0.0
2025-04-22 21:30:00,0.0,420.0,0.0
2025-04-22 21:45:00,0.0,420.0,0.0
2025-04-22 22:00:00,0.0,384.75,0.0
2025-04-22 22:15:00,0.0,384.75,0.0
2025-04-22 22:30:00,0.0,384.75,0.0
2025-04-22 22:45:00,0.0,384.75,0.0
2025-04-22 23:00:00,0.0,265.249,0.0
2025-04-22 23:15:00,0.0,265.249,0.0
2025-04-22 23:30:00,0.0,265.249,0.0
2025-04-22 23:45:00,0.0,265.249,0.0
2025-04-23 00:00:00,0.0,196.749,0.0
2025-04-23 00:15:00,0.0,196.749,0.0
2025-04-23 00:30:00,0.0,196.749,0.0
2025-04-23 00:45:00,0.0,196.749,0.0
2025-04-23 01:00:00,0.0,164.749,0.0
2025-04-23 01:15:00,0.0,164.749,0.0
2025-04-23 01:30:00,0.0,164.749,0.0
2025-04-23 01:45:00,0.0,164.749,0.0
2025-04-23 02:00:00,0.0,154.5,0.0
2025-04-23 02:15:00,0.0,154.5,0.0
2025-04-23 02:30:00,0.0,154.5,0.0
2025-04-23 02:45:00,0.0,154.5,0.0
2025-04-23 03:00:00,0.0,160.501,0.0
2025-04-23 03:15:00,0.0,160.501,0.0
2025-04-23 03:30:00,0.0,160.501,0.0
2025-04-23 03:45:00,0.0,160.501,0.0
2025-04-23 04:00:00,16.712,305.999,11.79
2025-04-23 04:15:00,16.712,305.999,11.79
2025-04-23 04:30:00,16.712,305.999,11.79
2025-04-23 04:45:00,16.712,305.999,11.79
2025-04-23 05:00:00,536.898,206.751,43.941
2025-04-23 05:15:00,536.898,206.751,43.941
2025-04-23 05:30:00,536.898,206.751,43.941
2025-04-23 05:45:00,536.898,206.751,43.941
2025-04-23 06:00:00,1959.457,174.75,136.104
2025-04-23 06:15:00,1959.457,174.75,136.104
2025-04-23 06:30:00,1959.457,174.75,136.104
2025-04-23 06:45:00,1959.457,174.75,136.104
2025-04-23 07:00:00,3939.349,277.749,297.756
2025-04-23 07:15:00,3939.349,277.749,297.756
2025-04-23 07:30:00,3939.349,277.749,297.756
2025-04-23 07:45:00,3939.349,277.749,297.756
2025-04-23 08:00:00,5821.527,380.25,409.546
2025-04-23 08:15:00,5821.527,380.25,409.546
2025-04-23 08:30:00,5821.527,380.25,409.546
2025-04-23 08:45:00,5821.527,380.25,409.546
2025-04-23 09:00:00,6698.554,298.5,562.126
2025-04-23 09:15:00,6698.554,298.5,562.126
2025-04-23 09:30:00,6698.554,298.5,562.126
2025-04-23 09:45:00,6698.554,298.5,562.126
2025-04-23 10:00:00,7343.935,231.25,574.273
2025-04-23 10:15:00,7343.935,231.25,574.273
2025-04-23 10:30:00,7343.935,231.25,574.273
2025-04-23 10:45:00,7343.935,231.25,574.273
2025-04-23 11:00:00,7371.7,290.5,580.1
2025-04-23 11:15:00,7371.7,290.5,580.1
2025-04-23 11:30:00,7371.7,290.5,580.1
2025-04-23 11:45:00,7371.7,290.5,580.1
2025-04-23 12:00:00,7209.003,512.5,624.496
2025-04-23 12:15:00,7209.003,512.5,624.496
2025-04-23 12:30:00,7209.003,512.5,624.496
2025-04-23 12:45:00,7209.003,512.5,624.496
2025-04-23 13:00:00,7220.869,627.501,748.056
2025-04-23 13:15:00,7220.869,627.501,748.056
2025-04-23 13:30:00,7220.869,627.501,748.056
2025-04-23 13:45:00,7220.869,627.501,748.056
2025-04-23 14:00:00,5523.392,568.25,915.294
2025-04-23 14:15:00,5523.392,568.25,915.294
2025-04-23 14:30:00,5523.392,568.25,915.294
2025-04-23 14:45:00,5523.392,568.25,915.294
2025-04-23 15:00:00,4045.706,616.5,1262.923
2025-04-23 15:15:00,4045.706,616.5,1262.923
2025-04-23 15:30:00,4045.706,616.5,1262.923
2025-04-23 15:45:00,4045.706,616.5,1262.923
2025-04-23 16:00:00,2546.116,809.5,1432.175
2025-04-23 16:15:00,2546.116,809.5,1432.175
2025-04-23 16:30:00,2546.116,809.5,1432.175
2025-04-23 16:45:00,2546.116,809.5,1432.175
2025-04-23 17:00:00,1541.729,1003.5,1607.244
2025-04-23 17:15:00,1541.729,1003.5,1607.244
2025-04-23 17:30:00,1541.729,1003.5,1607.244
2025-04-23 17:45:00,1541.729,1003.5,1607.244
2025-04-23 18:00:00,482.12,1284.0,1439.18
2025-04-23 18:15:00,482.12,1284.0,1439.18
2025-04-23 18:30:00,482.12,1284.0,1439.18
2025-04-23 18:45:00,482.12,1284.0,1439.18
2025-04-23 19:00:00,0.0,1566.999,1293.303
2025-04-23 19:15:00,0.0,1566.999,1293.303
2025-04-23 19:30:00,0.0,1566.999,1293.303
2025-04-23 19:45:00,0.0,1566.999,1293.303
2025-04-23 20:00:00,0.0,1787.249,1169.018
2025-04-23 20:15:00,0.0,1787.249,1169.018
2025-04-23 20:30:00,0.0,1787.249,1169.018
2025-04-23 20:45:00,0.0,1787.249,1169.018
2025-04-23 21:00:00,0.0,2084.25,1307.269
2025-04-23 21:15:00,0.0,2084.25,1307.269
2025-04-23 21:30:00,0.0,2084.25,1307.269
2025-04-23 21:45:00,0.0,2084.25,1307.269
2025-04-23 22:00:00,0.0,2176.249,1430.449
2025-04-23 22:15:00,0.0,2176.249,1430.449
2025-04-23 22:30:00,0.0,2176.249,1430.449
2025-04-23 22:45:00,0.0,2176.249,1430.449
2025-04-23 23:00:00,0.0,2413.0,1558.886
2025-04-23 23:15:00,0.0,2413.0,1558.886
2025-04-23 23:30:00,0.0,2413.0,1558.886
2025-04-23 23:45:00,0.0,2413.0,1558.886
2025-04-24 00:00:00,0.0,2546.499,1572.908
2025-04-24 00:15:00,0.0,2546.499,1572.908
2025-04-24 00:30:00,0.0,2546.499,1572.908
2025-04-24 00:45:00,0.0,2546.499,1572.908
2025-04-24 01:00:00,0.0,2915.0,1549.138
2025-04-24 01:15:00,0.0,2915.0,1549.138
2025-04-24 01:30:00,0.0,2915.0,1549.138
2025-04-24 01:45:00,0.0,2915.0,1549.138
2025-04-24 02:00:00,0.0,3039.251,1743.606
2025-04-24 02:15:00,0.0,3039.251,1743.606
2025-04-24 02:30:00,0.0,3039.251,1743.606
2025-04-24 02:45:00,0.0,3039.251,1743.606
2025-04-24 03:00:00,0.0,3200.5,1769.701
2025-04-24 03:15:00,0.0,3200.5,1769.701
2025-04-24 03:30:00,0.0,3200.5,1769.701
2025-04-24 03:45:00,0.0,3200.5,1769.701
2025-04-24 04:00:00,7.655,3356.5,1725.732
2025-04-24 04:15:00,7.655,3356.5,1725.732
2025-04-24 04:30:00,7.655,3356.5,1725.732
2025-04-24 04:45:00,7.655,3356.5,1725.732
2025-04-24 05:00:00,206.912,3390.5,1827.877
2025-04-24 05:15:00,206.912,3390.5,1827.877
2025-04-24 05:30:00,206.912,3390.5,1827.877
2025-04-24 05:45:00,206.912,3390.5,1827.877
2025-04-24 06:00:00,791.584,3296.25,1881.704
2025-04-24 06:15:00,791.584,3296.25,1881.704
2025-04-24 06:30:00,791.584,3296.25,1881.704
2025-04-24 06:45:00,791.584,3296.25,1881.704
2025-04-24 07:00:00,1896.966,2911.999,2074.743
2025-04-24 07:15:00,1896.966,2911.999,2074.743
2025-04-24 07:30:00,1896.966,2911.999,2074.743
2025-04-24 07:45:00,1896.966,2911.999,2074.743
2025-04-24 08:00:00,2844.02,2638.001,2301.928
2025-04-24 08:15:00,2844.02,2638.001,2301.928
2025-04-24 08:30:00,2844.02,2638.001,2301.928
2025-04-24 08:45:00,2844.02,2638.001,2301.928
2025-04-24 09:00:00,3948.27,2809.5,2558.822
2025-04-24 09:15:00,3948.27,2809.5,2558.822
2025-04-24 09:30:00,3948.27,2809.5,2558.822
2025-04-24 09:45:00,3948.27,2809.5,2558.822
2025-04-24 10:00:00,4483.55,2732.5,2997.163
2025-04-24 10:15:00,4483.55,2732.5,2997.163
2025-04-24 10:30:00,4483.55,2732.5,2997.163
2025-04-24 10:45:00,4483.55,2732.5,2997.163
2025-04-24 11:00:00,4301.464,2715.5,2946.641
2025-04-24 11:15:00,4301.464,2715.5,2946.641
2025-04-24 11:30:00,4301.464,2715.5,2946.641
2025-04-24 11:45:00,4301.464,2715.5,2946.641
2025-04-24 12:00:00,4719.9,2835.251,3191.519
2025-04-24 12:15:00,4719.9,2835.251,3191.519
2025-04-24 12:30:00,4719.9,2835.251,3191.519
2025-04-24 12:45:00,4719.9,2835.251,3191.519
2025-04-24 13:00:00,5034.547,2865.5,3318.467
2025-04-24 13:15:00,5034.547,2865.5,3318.467
2025-04-24 13:30:00,5034.547,2865.5,3318.467
2025-04-24 13:45:00,5034.547,2865.5,3318.467
2025-04-24 14:00:00,4081.958,2755.5,3791.52
2025-04-24 14:15:00,4081.958,2755.5,3791.52
2025-04-24 14:30:00,4081.958,2755.5,3791.52
2025-04-24 14:45:00,4081.958,2755.5,3791.52
2025-04-24 15:00:00,2930.447,2598.501,3742.483
2025-04-24 15:15:00,2930.447,2598.501,3742.483
2025-04-24 15:30:00,2930.447,2598.501,3742.483
2025-04-24 15:45:00,2930.447,2598.501,3742.483
2025-04-24 16:00:00,1863.211,2396.0,3597.983
2025-04-24 16:15:00,1863.211,2396.0,3597.983
2025-04-24 16:30:00,1863.211,2396.0,3597.983
2025-04-24 16:45:00,1863.211,2396.0,3597.983
2025-04-24 17:00:00,892.549,2110.5,3079.204
2025-04-24 17:15:00,892.549,2110.5,3079.204
2025-04-24 17:30:00,892.549,2110.5,3079.204
2025-04-24 17:45:00,892.549,2110.5,3079.204
2025-04-24 18:00:00,301.201,1832.75,2407.534
2025-04-24 18:15:00,301.201,1832.75,2407.534
2025-04-24 18:30:00,301.201,1832.75,2407.534
2025-04-24 18:45:00,301.201,1832.75,2407.534
2025-04-24 19:00:00,0.0,1896.249,1972.669
2025-04-24 19:15:00,0.0,1896.249,1972.669
2025-04-24 19:30:00,0.0,1896.249,1972.669
2025-04-24 19:45:00,0.0,1896.249,1972.669
2025-04-24 20:00:00,0.0,1658.75,1739.378
2025-04-24 20:15:00,0.0,1658.75,1739.378
2025-04-24 20:30:00,0.0,1658.75,1739.378
2025-04-24 20:45:00,0.0,1658.75,1739.378
2025-04-24 21:00:00,0.0,1556.751,1580.139
2025-04-24 21:15:00,0.0,1556.751,1580.139
2025-04-24 21:30:00,0.0,1556.751,1580.139
2025-04-24 21:45:00,0.0,1556.751,1580.139
2025-04-24 22:00:00,0.0,1247.0,1570.204
2025-04-24 22:15:00,0.0,1247.0,1570.204
2025-04-24 22:30:00,0.0,1247.0,1570.204
2025-04-24 22:45:00,0.0,1247.0,1570.204
2025-04-24 23:00:00,0.0,957.75,1298.659
2025-04-24 23:15:00,0.0,957.75,1298.659
2025-04-24 23:30:00,0.0,957.75,1298.659
2025-04-24 23:45:00,0.0,957.75,1298.659
2025-04-25 00:00:00,0.0,773.751,1056.461
2025-04-25 00:15:00,0.0,773.751,1056.461
2025-04-25 00:30:00,0.0,773.751,1056.461
2025-04-25 00:45:00,0.0,773.751,1056.461
2025-04-25 01:00:00,0.0,720.501,820.966
2025-04-25 01:15:00,0.0,720.501,820.966
2025-04-25 01:30:00,0.0,720.501,820.966
2025-04-25 01:45:00,0.0,720.501,820.966
2025-04-25 02:00:00,0.0,743.749,904.137
2025-04-25 02:15:00,0.0,743.749,904.137
2025-04-25 02:30:00,0.0,743.749,904.137
2025-04-25 02:45:00,0.0,743.749,904.137
2025-04-25 03:00:00,0.0,988.249,846.411
2025-04-25 03:15:00,0.0,988.249,846.411
2025-04-25 03:30:00,0.0,988.249,846.411
2025-04-25 03:45:00,0.0,988.249,846.411
2025-04-25 04:00:00,26.528,1170.5,1002.992
2025-04-25 04:15:00,26.528,1170.5,1002.992
2025-04-25 04:30:00,26.528,1170.5,1002.992
2025-04-25 04:45:00,26.528,1170.5,1002.992
2025-04-25 05:00:00,475.113,1182.251,1002.694
2025-04-25 05:15:00,475.113,1182.251,1002.694
2025-04-25 05:30:00,475.113,1182.251,1002.694
2025-04-25 05:45:00,475.113,1182.251,1002.694
2025-04-25 06:00:00,1605.332,1024.501,1198.387
2025-04-25 06:15:00,1605.332,1024.501,1198.387
2025-04-25 06:30:00,1605.332,1024.501,1198.387
2025-04-25 06:45:00,1605.332,1024.501,1198.387
2025-04-25 07:00:00,3348.72,857.001,1302.139
2025-04-25 07:15:00,3348.72,857.001,1302.139
2025-04-25 07:30:00,3348.72,857.001,1302.139
2025-04-25 07:45:00,3348.72,857.001,1302.139
2025-04-25 08:00:00,5628.805,693.75,1079.017
2025-04-25 08:15:00,5628.805,693.75,1079.017
2025-04-25 08:30:00,5628.805,693.75,1079.017
2025-04-25 08:45:00,5628.805,693.75,1079.017
2025-04-25 09:00:00,8262.684,719.5,871.21
2025-04-25 09:15:00,8262.684,719.5,871.21
2025-04-25 09:30:00,8262.684,719.5,871.21
2025-04-25 09:45:00,8262.684,719.5,871.21
2025-04-25 10:00:00,10750.464,568.75,767.544
2025-04-25 10:15:00,10750.464,568.75,767.544
2025-04-25 10:30:00,10750.464,568.75,767.544
2025-04-25 10:45:00,10750.464,568.75,767.544
2025-04-25 11:00:00,12338.229,547.75,646.213
2025-04-25 11:15:00,12338.229,547.75,646.213
2025-04-25 11:30:00,12338.229,547.75,646.213
2025-04-25 11:45:00,12338.229,547.75,646.213
2025-04-25 12:00:00,12849.014,561.75,628.482
2025-04-25 12:15:00,12849.014,561.75,628.482
2025-04-25 12:30:00,12849.014,561.75,628.482
2025-04-25 12:45:00,12849.014,561.75,628.482
2025-04-25 13:00:00,11592.258,586.75,643.896
2025-04-25 13:15:00,11592.258,586.75,643.896
2025-04-25 13:30:00,11592.258,586.75,643.896
2025-04-25 13:45:00,11592.258,586.75,643.896
2025-04-25 14:00:00,10145.243,587.251,809.093
2025-04-25 14:15:00,10145.243,587.251,809.093
2025-04-25 14:30:00,10145.243,587.251,809.093
2025-04-25 14:45:00,10145.243,587.251,809.093
2025-04-25 15:00:00,8310.151,639.5,994.44
2025-04-25 15:15:00,8310.151,639.5,994.44
2025-04-25 15:30:00,8310.151,639.5,994.44
2025-04-25 15:45:00,8310.151,639.5,994.44
2025-04-25 16:00:00,6755.115,667.0,1055.652
2025-04-25 16:15:00,6755.115,667.0,1055.652
2025-04-25 16:30:00,6755.115,667.0,1055.652
2025-04-25 16:45:00,6755.115,667.0,1055.652
2025-04-25 17:00:00,3980.844,736.5,1026.414
2025-04-25 17:15:00,3980.844,736.5,1026.414
2025-04-25 17:30:00,3980.844,736.5,1026.414
2025-04-25 17:45:00,3980.844,736.5,1026.414
2025-04-25 18:00:00,831.166,733.0,734.392
2025-04-25 18:15:00,831.166,733.0,734.392
2025-04-25 18:30:00,831.166,733.0,734.392
2025-04-25 18:45:00,831.166,733.0,734.392
2025-04-25 19:00:00,0.0,708.0,450.782
2025-04-25 19:15:00,0.0,708.0,450.782
2025-04-25 19:30:00,0.0,708.0,450.782
2025-04-25 19:45:00,0.0,708.0,450.782
2025-04-25 20:00:00,0.0,708.75,344.928
2025-04-25 20:15:00,0.0,708.75,344.928
2025-04-25 20:30:00,0.0,708.75,344.928
2025-04-25 20:45:00,0.0,708.75,344.928
2025-04-25 21:00:00,0.0,690.25,139.45
2025-04-25 21:15:00,0.0,690.25,139.45
2025-04-25 21:30:00,0.0,690.25,139.45
2025-04-25 21:45:00,0.0,690.25,139.45
2025-04-25 22:00:00,0.0,569.001,106.576
2025-04-25 22:15:00,0.0,569.001,106.576
2025-04-25 22:30:00,0.0,569.001,106.576
2025-04-25 22:45:00,0.0,569.001,106.576
2025-04-25 23:00:00,0.0,531.501,177.755
2025-04-25 23:15:00,0.0,531.501,177.755
2025-04-25 23:30:00,0.0,531.501,177.755
2025-04-25 23:45:00,0.0,531.501,177.755
2025-04-26 00:00:00,0.0,609.0,133.804
2025-04-26 00:15:00,0.0,609.0,133.804
2025-04-26 00:30:00,0.0,609.0,133.804
2025-04-26 00:45:00,0.0,609.0,133.804
2025-04-26 01:00:00,0.0,664.001,97.766
2025-04-26 01:15:00,0.0,664.001,97.766
2025-04-26 01:30:00,0.0,664.001,97.766
2025-04-26 01:45:00,0.0,664.001,97.766
2025-04-26 02:00:00,0.0,631.5,97.741
2025-04-26 02:15:00,0.0,631.5,97.741
2025-04-26 02:30:00,0.0,631.5,97.741
2025-04-26 02:45:00,0.0,631.5,97.741
2025-04-26 03:00:00,0.0,491.751,183.89
2025-04-26 03:15:00,0.0,491.751,183.89
2025-04-26 03:30:00,0.0,491.751,183.89
2025-04-26 03:45:00,0.0,491.751,183.89
2025-04-26 04:00:00,54.281,437.749,126.322
2025-04-26 04:15:00,54.281,437.749,126.322
2025-04-26 04:30:00,54.281,437.749,126.322
2025-04-26 04:45:00,54.281,437.749,126.322
2025-04-26 05:00:00,1059.21,354.5,207.42
2025-04-26 05:15:00,1059.21,354.5,207.42
2025-04-26 05:30:00,1059.21,354.5,207.42
2025-04-26 05:45:00,1059.21,354.5,207.42
2025-04-26 06:00:00,3552.144,296.75,372.026
2025-04-26 06:15:00,3552.144,296.75,372.026
2025-04-26 06:30:00,3552.144,296.75,372.026
2025-04-26 06:45:00,3552.144,296.75,372.026
2025-04-26 07:00:00,6875.345,248.0,551.004
2025-04-26 07:15:00,6875.345,248.0,551.004
2025-04-26 07:30:00,6875.345,248.0,551.004
2025-04-26 07:45:00,6875.345,248.0,551.004
2025-04-26 08:00:00,11216.441,251.75,576.924
2025-04-26 08:15:00,11216.441,251.75,576.924
2025-04-26 08:30:00,11216.441,251.75,576.924
2025-04-26 08:45:00,11216.441,251.75,576.924
2025-04-26 09:00:00,16021.621,309.5,555.707
2025-04-26 09:15:00,16021.621,309.5,555.707
2025-04-26 09:30:00,16021.621,309.5,555.707
2025-04-26 09:45:00,16021.621,309.5,555.707
2025-04-26 10:00:00,19154.481,292.249,731.574
2025-04-26 10:15:00,19154.481,292.249,731.574
2025-04-26 10:30:00,19154.481,292.249,731.574
2025-04-26 10:45:00,19154.481,292.249,731.574
2025-04-26 11:00:00,20519.3,235.499,989.934
2025-04-26 11:15:00,20519.3,235.499,989.934
2025-04-26 11:30:00,20519.3,235.499,989.934
2025-04-26 11:45:00,20519.3,235.499,989.934
2025-04-26 12:00:00,19156.662,354.75,1184.894
2025-04-26 12:15:00,19156.662,354.75,1184.894
2025-04-26 12:30:00,19156.662,354.75,1184.894
2025-04-26 12:45:00,19156.662,354.75,1184.894
2025-04-26 13:00:00,17442.855,491.25,1256.085
2025-04-26 13:15:00,17442.855,491.25,1256.085
2025-04-26 13:30:00,17442.855,491.25,1256.085
2025-04-26 13:45:00,17442.855,491.25,1256.085
2025-04-26 14:00:00,15005.624,1048.5,1195.998
2025-04-26 14:15:00,15005.624,1048.5,1195.998
2025-04-26 14:30:00,15005.624,1048.5,1195.998
2025-04-26 14:45:00,15005.624,1048.5,1195.998
2025-04-26 15:00:00,12145.677,925.25,1273.311
2025-04-26 15:15:00,12145.677,925.25,1273.311
2025-04-26 15:30:00,12145.677,925.25,1273.311
2025-04-26 15:45:00,12145.677,925.25,1273.311
2025-04-26 16:00:00,8122.314,1021.0,1235.32
2025-04-26 16:15:00,8122.314,1021.0,1235.32
2025-04-26 16:30:00,8122.314,1021.0,1235.32
2025-04-26 16:45:00,8122.314,1021.0,1235.32
2025-04-26 17:00:00,4221.33,1139.5,1067.019
2025-04-26 17:15:00,4221.33,1139.5,1067.019
2025-04-26 17:30:00,4221.33,1139.5,1067.019
2025-04-26 17:45:00,4221.33,1139.5,1067.019
2025-04-26 18:00:00,921.976,1254.5,740.63
2025-04-26 18:15:00,921.976,1254.5,740.63
2025-04-26 18:30:00,921.976,1254.5,740.63
2025-04-26 18:45:00,921.976,1254.5,740.63
2025-04-26 19:00:00,0.0,1286.0,482.924
2025-04-26 19:15:00,0.0,1286.0,482.924
2025-04-26 19:30:00,0.0,1286.0,482.924
2025-04-26 19:45:00,0.0,1286.0,482.924
2025-04-26 20:00:00,0.0,1088.499,386.621
2025-04-26 20:15:00,0.0,1088.499,386.621
2025-04-26 20:30:00,0.0,1088.499,386.621
2025-04-26 20:45:00,0.0,1088.499,386.621
2025-04-26 21:00:00,0.0,910.499,300.592
2025-04-26 21:15:00,0.0,910.499,300.592
2025-04-26 21:30:00,0.0,910.499,300.592
2025-04-26 21:45:00,0.0,910.499,300.592
2025-04-26 22:00:00,0.0,664.002,261.032
2025-04-26 22:15:00,0.0,664.002,261.032
2025-04-26 22:30:00,0.0,664.002,261.032
2025-04-26 22:45:00,0.0,664.002,261.032
2025-04-26 23:00:00,0.0,507.75,212.09
2025-04-26 23:15:00,0.0,507.75,212.09
2025-04-26 23:30:00,0.0,507.75,212.09
2025-04-26 23:45:00,0.0,507.75,212.09
2025-04-27 00:00:00,0.0,457.0,195.686
2025-04-27 00:15:00,0.0,457.0,195.686
2025-04-27 00:30:00,0.0,457.0,195.686
2025-04-27 00:45:00,0.0,457.0,195.686
2025-04-27 01:00:00,0.0,473.249,122.373
2025-04-27 01:15:00,0.0,473.249,122.373
2025-04-27 01:30:00,0.0,473.249,122.373
2025-04-27 01:45:00,0.0,473.249,122.373
2025-04-27 02:00:00,0.0,498.25,198.128
2025-04-27 02:15:00,0.0,498.25,198.128
2025-04-27 02:30:00,0.0,498.25,198.128
2025-04-27 02:45:00,0.0,498.25,198.128
2025-04-27 03:00:00,0.0,398.251,331.024
2025-04-27 03:15:00,0.0,398.251,331.024
2025-04-27 03:30:00,0.0,398.251,331.024
2025-04-27 03:45:00,0.0,398.251,331.024
2025-04-27 04:00:00,89.238,319.25,304.759
2025-04-27 04:15:00,89.238,319.25,304.759
2025-04-27 04:30:00,89.238,319.25,304.759
2025-04-27 04:45:00,89.238,319.25,304.759
2025-04-27 05:00:00,1764.017,244.5,274.962
2025-04-27 05:15:00,1764.017,244.5,274.962
2025-04-27 05:30:00,1764.017,244.5,274.962
2025-04-27 05:45:00,1764.017,244.5,274.962
2025-04-27 06:00:00,5610.234,141.001,334.715
2025-04-27 06:15:00,5610.234,141.001,334.715
2025-04-27 06:30:00,5610.234,141.001,334.715
2025-04-27 06:45:00,5610.234,141.001,334.715
2025-04-27 07:00:00,10215.751,84.499,369.152
2025-04-27 07:15:00,10215.751,84.499,369.152
2025-04-27 07:30:00,10215.751,84.499,369.152
2025-04-27 07:45:00,10215.751,84.499,369.152
2025-04-27 08:00:00,14528.152,76.251,199.229
2025-04-27 08:15:00,14528.152,76.251,199.229
2025-04-27 08:30:00,14528.152,76.251,199.229
2025-04-27 08:45:00,14528.152,76.251,199.229
2025-04-27 09:00:00,17981.089,97.25,211.094
2025-04-27 09:15:00,17981.089,97.25,211.094
2025-04-27 09:30:00,17981.089,97.25,211.094
2025-04-27 09:45:00,17981.089,97.25,211.094
2025-04-27 10:00:00,20260.945,74.5,454.097
2025-04-27 10:15:00,20260.945,74.5,454.097
2025-04-27 10:30:00,20260.945,74.5,454.097
2025-04-27 10:45:00,20260.945,74.5,454.097
2025-04-27 11:00:00,21466.872,68.25,377.779
2025-04-27 11:15:00,21466.872,68.25,377.779
2025-04-27 11:30:00,21466.872,68.25,377.779
2025-04-27 11:45:00,21466.872,68.25,377.779
2025-04-27 12:00:00,21007.78,67.002,303.542
2025-04-27 12:15:00,21007.78,67.002,303.542
2025-04-27 12:30:00,21007.78,67.002,303.542
2025-04-27 12:45:00,21007.78,67.002,303.542
2025-04-27 13:00:00,19476.331,55.0,352.872
2025-04-27 13:15:00,19476.331,55.0,352.872
2025-04-27 13:30:00,19476.331,55.0,352.872
2025-04-27 13:45:00,19476.331,55.0,352.872
2025-04-27 14:00:00,17060.322,107.502,423.745
2025-04-27 14:15:00,17060.322,107.502,423.745
2025-04-27 14:30:00,17060.322,107.502,423.745
2025-04-27 14:45:00,17060.322,107.502,423.745
2025-04-27 15:00:00,13139.826,184.249,522.81
2025-04-27 15:15:00,13139.826,184.249,522.81
2025-04-27 15:30:00,13139.826,184.249,522.81
2025-04-27 15:45:00,13139.826,184.249,522.81
2025-04-27 16:00:00,8669.605,205.75,596.408
2025-04-27 16:15:00,8669.605,205.75,596.408
2025-04-27 16:30:00,8669.605,205.75,596.408
2025-04-27 16:45:00,8669.605,205.75,596.408
2025-04-27 17:00:00,4395.738,129.0,688.451
2025-04-27 17:15:00,4395.738,129.0,688.451
2025-04-27 17:30:00,4395.738,129.0,688.451
2025-04-27 17:45:00,4395.738,129.0,688.451
2025-04-27 18:00:00,1021.311,99.5,648.539
2025-04-27 18:15:00,1021.311,99.5,648.539
2025-04-27 18:30:00,1021.311,99.5,648.539
2025-04-27 18:45:00,1021.311,99.5,648.539
2025-04-27 19:00:00,0.0,30.5,389.408
2025-04-27 19:15:00,0.0,30.5,389.408
2025-04-27 19:30:00,0.0,30.5,389.408
2025-04-27 19:45:00,0.0,30.5,389.408
2025-04-27 20:00:00,0.0,9.251,177.512
2025-04-27 20:15:00,0.0,9.251,177.512
2025-04-27 20:30:00,0.0,9.251,177.512
2025-04-27 20:45:00,0.0,9.251,177.512
2025-04-27 21:00:00,0.0,4.5,19.59
2025-04-27 21:15:00,0.0,4.5,19.59
2025-04-27 21:30:00,0.0,4.5,19.59
2025-04-27 21:45:00,0.0,4.5,19.59
2025-04-27 22:00:00,0.0,2.75,0.0
2025-04-27 22:15:00,0.0,2.75,0.0
2025-04-27 22:30:00,0.0,2.75,0.0
2025-04-27 22:45:00,0.0,2.75,0.0
2025-04-27 23:00:00,0.0,1.002,0.0
2025-04-27 23:15:00,0.0,1.002,0.0
2025-04-27 23:30:00,0.0,1.002,0.0
2025-04-27 23:45:00,0.0,1.002,0.0
2025-04-28 00:00:00,0.0,1.5,0.0
2025-04-28 00:15:00,0.0,1.5,0.0
2025-04-28 00:30:00,0.0,1.5,0.0
2025-04-28 00:45:00,0.0,1.5,0.0
2025-04-28 01:00:00,0.0,0.0,0.0
2025-04-28 01:15:00,0.0,0.0,0.0
2025-04-28 01:30:00,0.0,0.0,0.0
2025-04-28 01:45:00,0.0,0.0,0.0
2025-04-28 02:00:00,0.0,0.0,0.0
2025-04-28 02:15:00,0.0,0.0,0.0
2025-04-28 02:30:00,0.0,0.0,0.0
2025-04-28 02:45:00,0.0,0.0,0.0
2025-04-28 03:00:00,0.0,0.75,0.0
2025-04-28 03:15:00,0.0,0.75,0.0
2025-04-28 03:30:00,0.0,0.75,0.0
2025-04-28 03:45:00,0.0,0.75,0.0
2025-04-28 04:00:00,116.662,5.25,0.0
2025-04-28 04:15:00,116.662,5.25,0.0
2025-04-28 04:30:00,116.662,5.25,0.0
2025-04-28 04:45:00,116.662,5.25,0.0
2025-04-28 05:00:00,1909.954,6.0,0.0
2025-04-28 05:15:00,1909.954,6.0,0.0
2025-04-28 05:30:00,1909.954,6.0,0.0
2025-04-28 05:45:00,1909.954,6.0,0.0
2025-04-28 06:00:00,5694.817,9.5,0.0
2025-04-28 06:15:00,5694.817,9.5,0.0
2025-04-28 06:30:00,5694.817,9.5,0.0
2025-04-28 06:45:00,5694.817,9.5,0.0
2025-04-28 07:00:00,10184.239,22.75,0.0
2025-04-28 07:15:00,10184.239,22.75,0.0
2025-04-28 07:30:00,10184.239,22.75,0.0
2025-04-28 07:45:00,10184.239,22.75,0.0
2025-04-28 08:00:00,14428.589,38.75,15.029
2025-04-28 08:15:00,14428.589,38.75,15.029
2025-04-28 08:30:00,14428.589,38.75,15.029
2025-04-28 08:45:00,14428.589,38.75,15.029
2025-04-28 09:00:00,17729.485,41.749,34.067
2025-04-28 09:15:00,17729.485,41.749,34.067
2025-04-28 09:30:00,17729.485,41.749,34.067
2025-04-28 09:45:00,17729.485,41.749,34.067
2025-04-28 10:00:00,20016.663,60.5,95.477
2025-04-28 10:15:00,20016.663,60.5,95.477
2025-04-28 10:30:00,20016.663,60.5,95.477
2025-04-28 10:45:00,20016.663,60.5,95.477
2025-04-28 11:00:00,21258.91,101.499,167.927
2025-04-28 11:15:00,21258.91,101.499,167.927
2025-04-28 11:30:00,21258.91,101.499,167.927
2025-04-28 11:45:00,21258.91,101.499,167.927
2025-04-28 12:00:00,20994.373,120.251,238.788
2025-04-28 12:15:00,20994.373,120.251,238.788
2025-04-28 12:30:00,20994.373,120.251,238.788
2025-04-28 12:45:00,20994.373,120.251,238.788
2025-04-28 13:00:00,19329.483,123.25,434.814
2025-04-28 13:15:00,19329.483,123.25,434.814
2025-04-28 13:30:00,19329.483,123.25,434.814
2025-04-28 13:45:00,19329.483,123.25,434.814
2025-04-28 14:00:00,16516.448,70.5,599.982
2025-04-28 14:15:00,16516.448,70.5,599.982
2025-04-28 14:30:00,16516.448,70.5,599.982
2025-04-28 14:45:00,16516.448,70.5,599.982
2025-04-28 15:00:00,12357.441,39.75,676.125
2025-04-28 15:15:00,12357.441,39.75,676.125
2025-04-28 15:30:00,12357.441,39.75,676.125
2025-04-28 15:45:00,12357.441,39.75,676.125
2025-04-28 16:00:00,7847.535,39.501,684.853
2025-04-28 16:15:00,7847.535,39.501,684.853
2025-04-28 16:30:00,7847.535,39.501,684.853
2025-04-28 16:45:00,7847.535,39.501,684.853
2025-04-28 17:00:00,4258.115,92.25,667.53
2025-04-28 17:15:00,4258.115,92.25,667.53
2025-04-28 17:30:00,4258.115,92.25,667.53
2025-04-28 17:45:00,4258.115,92.25,667.53
2025-04-28 18:00:00,1087.586,120.5,458.427
2025-04-28 18:15:00,1087.586,120.5,458.427
2025-04-28 18:30:00,1087.586,120.5,458.427
2025-04-28 18:45:00,1087.586,120.5,458.427
2025-04-28 19:00:00,0.0,120.001,225.774
2025-04-28 19:15:00,0.0,120.001,225.774
2025-04-28 19:30:00,0.0,120.001,225.774
2025-04-28 19:45:00,0.0,120.001,225.774
2025-04-28 20:00:00,0.0,145.752,79.522
2025-04-28 20:15:00,0.0,145.752,79.522
2025-04-28 20:30:00,0.0,145.752,79.522
2025-04-28 20:45:00,0.0,145.752,79.522
2025-04-28 21:00:00,0.0,192.751,95.091
2025-04-28 21:15:00,0.0,192.751,95.091
2025-04-28 21:30:00,0.0,192.751,95.091
2025-04-28 21:45:00,0.0,192.751,95.091
2025-04-28 22:00:00,0.0,195.751,46.913
2025-04-28 22:15:00,0.0,195.751,46.913
2025-04-28 22:30:00,0.0,195.751,46.913
2025-04-28 22:45:00,0.0,195.751,46.913
2025-04-28 23:00:00,0.0,191.5,14.74
2025-04-28 23:15:00,0.0,191.5,14.74
2025-04-28 23:30:00,0.0,191.5,14.74
2025-04-28 23:45:00,0.0,191.5,14.74
2025-04-29 00:00:00,0.0,162.751,0.0
2025-04-29 00:15:00,0.0,162.751,0.0
2025-04-29 00:30:00,0.0,162.751,0.0
2025-04-29 00:45:00,0.0,162.751,0.0
2025-04-29 01:00:00,0.0,158.502,15.732
2025-04-29 01:15:00,0.0,158.502,15.732
2025-04-29 01:30:00,0.0,158.502,15.732
2025-04-29 01:45:00,0.0,158.502,15.732
2025-04-29 02:00:00,0.0,197.0,19.222
2025-04-29 02:15:00,0.0,197.0,19.222
2025-04-29 02:30:00,0.0,197.0,19.222
2025-04-29 02:45:00,0.0,197.0,19.222
2025-04-29 03:00:00,0.0,196.501,2.998
2025-04-29 03:15:00,0.0,196.501,2.998
2025-04-29 03:30:00,0.0,196.501,2.998
2025-04-29 03:45:00,0.0,196.501,2.998
2025-04-29 04:00:00,96.182,221.501,0.0
2025-04-29 04:15:00,96.182,221.501,0.0
2025-04-29 04:30:00,96.182,221.501,0.0
2025-04-29 04:45:00,96.182,221.501,0.0
2025-04-29 05:00:00,1670.78,243.249,0.0
2025-04-29 05:15:00,1670.78,243.249,0.0
2025-04-29 05:30:00,1670.78,243.249,0.0
2025-04-29 05:45:00,1670.78,243.249,0.0
2025-04-29 06:00:00,5481.55,210.75,22.759
2025-04-29 06:15:00,5481.55,210.75,22.759
2025-04-29 06:30:00,5481.55,210.75,22.759
2025-04-29 06:45:00,5481.55,210.75,22.759
2025-04-29 07:00:00,10200.659,195.498,117.87
2025-04-29 07:15:00,10200.659,195.498,117.87
2025-04-29 07:30:00,10200.659,195.498,117.87
2025-04-29 07:45:00,10200.659,195.498,117.87
2025-04-29 08:00:00,14244.987,137.25,181.761
2025-04-29 08:15:00,14244.987,137.25,181.761
2025-04-29 08:30:00,14244.987,137.25,181.761
2025-04-29 08:45:00,14244.987,137.25,181.761
2025-04-29 09:00:00,17512.75,66.25,181.377
2025-04-29 09:15:00,17512.75,66.25,181.377
2025-04-29 09:30:00,17512.75,66.25,181.377
2025-04-29 09:45:00,17512.75,66.25,181.377
2025-04-29 10:00:00,19950.238,78.0,264.153
2025-04-29 10:15:00,19950.238,78.0,264.153
2025-04-29 10:30:00,19950.238,78.0,264.153
2025-04-29 10:45:00,19950.238,78.0,264.153
2025-04-29 11:00:00,21121.984,81.75,337.314
2025-04-29 11:15:00,21121.984,81.75,337.314
2025-04-29 11:30:00,21121.984,81.75,337.314
2025-04-29 11:45:00,21121.984,81.75,337.314
2025-04-29 12:00:00,20847.621,126.0,479.302
2025-04-29 12:15:00,20847.621,126.0,479.302
2025-04-29 12:30:00,20847.621,126.0,479.302
2025-04-29 12:45:00,20847.621,126.0,479.302
2025-04-29 13:00:00,19497.896,178.0,635.453
2025-04-29 13:15:00,19497.896,178.0,635.453
2025-04-29 13:30:00,19497.896,178.0,635.453
2025-04-29 13:45:00,19497.896,178.0,635.453
2025-04-29 14:00:00,16745.516,347.25,841.376
2025-04-29 14:15:00,16745.516,347.25,841.376
2025-04-29 14:30:00,16745.516,347.25,841.376
2025-04-29 14:45:00,16745.516,347.25,841.376
2025-04-29 15:00:00,12964.875,635.75,1135.05
2025-04-29 15:15:00,12964.875,635.75,1135.05
2025-04-29 15:30:00,12964.875,635.75,1135.05
2025-04-29 15:45:00,12964.875,635.75,1135.05
2025-04-29 16:00:00,8566.36,879.75,1304.457
2025-04-29 16:15:00,8566.36,879.75,1304.457
2025-04-29 16:30:00,8566.36,879.75,1304.457
2025-04-29 16:45:00,8566.36,879.75,1304.457
2025-04-29 17:00:00,4313.93,1017.25,1498.063
2025-04-29 17:15:00,4313.93,1017.25,1498.063
2025-04-29 17:30:00,4313.93,1017.25,1498.063
2025-04-29 17:45:00,4313.93,1017.25,1498.063
2025-04-29 18:00:00,1012.971,1211.001,1134.265
2025-04-29 18:15:00,1012.971,1211.001,1134.265
2025-04-29 18:30:00,1012.971,1211.001,1134.265
2025-04-29 18:45:00,1012.971,1211.001,1134.265
2025-04-29 19:00:00,0.0,1435.251,775.486
2025-04-29 19:15:00,0.0,1435.251,775.486
2025-04-29 19:30:00,0.0,1435.251,775.486
2025-04-29 19:45:00,0.0,1435.251,775.486
2025-04-29 20:00:00,0.0,1562.75,727.688
2025-04-29 20:15:00,0.0,1562.75,727.688
2025-04-29 20:30:00,0.0,1562.75,727.688
2025-04-29 20:45:00,0.0,1562.75,727.688
2025-04-29 21:00:00,0.0,1535.501,618.654
2025-04-29 21:15:00,0.0,1535.501,618.654
2025-04-29 21:30:00,0.0,1535.501,618.654
2025-04-29 21:45:00,0.0,1535.501,618.654
2025-04-29 22:00:00,0.0,1447.001,492.215
2025-04-29 22:15:00,0.0,1447.001,492.215
2025-04-29 22:30:00,0.0,1447.001,492.215
2025-04-29 22:45:00,0.0,1447.001,492.215
2025-04-29 23:00:00,0.0,1281.749,392.563
2025-04-29 23:15:00,0.0,1281.749,392.563
2025-04-29 23:30:00,0.0,1281.749,392.563
2025-04-29 23:45:00,0.0,1281.749,392.563
2025-04-30 00:00:00,0.0,1240.5,263.194
2025-04-30 00:15:00,0.0,1240.5,263.194
2025-04-30 00:30:00,0.0,1240.5,263.194
2025-04-30 00:45:00,0.0,1240.5,263.194
2025-04-30 01:00:00,0.0,1007.499,202.654
2025-04-30 01:15:00,0.0,1007.499,202.654
2025-04-30 01:30:00,0.0,1007.499,202.654
2025-04-30 01:45:00,0.0,1007.499,202.654
2025-04-30 02:00:00,0.0,764.25,131.147
2025-04-30 02:15:00,0.0,764.25,131.147
2025-04-30 02:30:00,0.0,764.25,131.147
2025-04-30 02:45:00,0.0,764.25,131.147
2025-04-30 03:00:00,0.0,571.251,117.949
2025-04-30 03:15:00,0.0,571.251,117.949
2025-04-30 03:30:00,0.0,571.251,117.949
2025-04-30 03:45:00,0.0,571.251,117.949
2025-04-30 04:00:00,150.133,363.999,78.961
2025-04-30 04:15:00,150.133,363.999,78.961
2025-04-30 04:30:00,150.133,363.999,78.961
2025-04-30 04:45:00,150.133,363.999,78.961
2025-04-30 05:00:00,2001.962,256.25,73.234
2025-04-30 05:15:00,2001.962,256.25,73.234
2025-04-30 05:30:00,2001.962,256.25,73.234
2025-04-30 05:45:00,2001.962,256.25,73.234
2025-04-30 06:00:00,5583.217,168.75,67.689
2025-04-30 06:15:00,5583.217,168.75,67.689
2025-04-30 06:30:00,5583.217,168.75,67.689
2025-04-30 06:45:00,5583.217,168.75,67.689
2025-04-30 07:00:00,9752.14,39.25,93.416
2025-04-30 07:15:00,9752.14,39.25,93.416
2025-04-30 07:30:00,9752.14,39.25,93.416
2025-04-30 07:45:00,9752.14,39.25,93.416
2025-04-30 08:00:00,13969.916,2.501,41.395
2025-04-30 08:15:00,13969.916,2.501,41.395
2025-04-30 08:30:00,13969.916,2.501,41.395
2025-04-30 08:45:00,13969.916,2.501,41.395
2025-04-30 09:00:00,17628.125,0.0,85.89
2025-04-30 09:15:00,17628.125,0.0,85.89
2025-04-30 09:30:00,17628.125,0.0,85.89
2025-04-30 09:45:00,17628.125,0.0,85.89
2025-04-30 10:00:00,19900.826,2.75,94.503
2025-04-30 10:15:00,19900.826,2.75,94.503
2025-04-30 10:30:00,19900.826,2.75,94.503
2025-04-30 10:45:00,19900.826,2.75,94.503
2025-04-30 11:00:00,21167.964,11.0,123.424
2025-04-30 11:15:00,21167.964,11.0,123.424
2025-04-30 11:30:00,21167.964,11.0,123.424
2025-04-30 11:45:00,21167.964,11.0,123.424
2025-04-30 12:00:00,20587.288,15.5,203.039
2025-04-30 12:15:00,20587.288,15.5,203.039
2025-04-30 12:30:00,20587.288,15.5,203.039
2025-04-30 12:45:00,20587.288,15.5,203.039
2025-04-30 13:00:00,19403.848,121.251,289.963
2025-04-30 13:15:00,19403.848,121.251,289.963
2025-04-30 13:30:00,19403.848,121.251,289.963
2025-04-30 13:45:00,19403.848,121.251,289.963
2025-04-30 14:00:00,16870.303,334.0,477.998
2025-04-30 14:15:00,16870.303,334.0,477.998
2025-04-30 14:30:00,16870.303,334.0,477.998
2025-04-30 14:45:00,16870.303,334.0,477.998
2025-04-30 15:00:00,13036.908,503.5,685.385
2025-04-30 15:15:00,13036.908,503.5,685.385
2025-04-30 15:30:00,13036.908,503.5,685.385
2025-04-30 15:45:00,13036.908,503.5,685.385
2025-04-30 16:00:00,8639.349,607.0,1027.378
2025-04-30 16:15:00,8639.349,607.0,1027.378
2025-04-30 16:30:00,8639.349,607.0,1027.378
2025-04-30 16:45:00,8639.349,607.0,1027.378
2025-04-30 17:00:00,4469.628,566.249,1068.914
2025-04-30 17:15:00,4469.628,566.249,1068.914
2025-04-30 17:30:00,4469.628,566.249,1068.914
2025-04-30 17:45:00,4469.628,566.249,1068.914
2025-04-30 18:00:00,1115.764,617.25,797.138
2025-04-30 18:15:00,1115.764,617.25,797.138
2025-04-30 18:30:00,1115.764,617.25,797.138
2025-04-30 18:45:00,1115.764,617.25,797.138
2025-04-30 19:00:00,5.062,568.25,417.766
2025-04-30 19:15:00,5.062,568.25,417.766
2025-04-30 19:30:00,5.062,568.25,417.766
2025-04-30 19:45:00,5.062,568.25,417.766
2025-04-30 20:00:00,0.0,595.251,330.076
2025-04-30 20:15:00,0.0,595.251,330.076
2025-04-30 20:30:00,0.0,595.251,330.076
2025-04-30 20:45:00,0.0,595.251,330.076
2025-04-30 21:00:00,0.0,569.25,297.389
2025-04-30 21:15:00,0.0,569.25,297.389
2025-04-30 21:30:00,0.0,569.25,297.389
2025-04-30 21:45:00,0.0,569.25,297.389
2025-04-30 22:00:00,0.0,573.5,192.73
2025-04-30 22:15:00,0.0,573.5,192.73
2025-04-30 22:30:00,0.0,573.5,192.73
2025-04-30 22:45:00,0.0,573.5,192.73
2025-04-30 23:00:00,0.0,481.0,116.549
2025-04-30 23:15:00,0.0,481.0,116.549
2025-04-30 23:30:00,0.0,481.0,116.549
2025-04-30 23:45:00,0.0,481.0,116.549
2025-05-01 00:00:00,0.0,395.75,102.289
2025-05-01 00:15:00,0.0,395.75,102.289
2025-05-01 00:30:00,0.0,395.75,102.289
2025-05-01 00:45:00,0.0,395.75,102.289
2025-05-01 01:00:00,0.0,224.751,98.254
2025-05-01 01:15:00,0.0,224.751,98.254
2025-05-01 01:30:00,0.0,224.751,98.254
2025-05-01 01:45:00,0.0,224.751,98.254
2025-05-01 02:00:00,0.0,156.5,48.236
2025-05-01 02:15:00,0.0,156.5,48.236
2025-05-01 02:30:00,0.0,156.5,48.236
2025-05-01 02:45:00,0.0,156.5,48.236
2025-05-01 03:00:00,0.0,176.249,41.534
2025-05-01 03:15:00,0.0,176.249,41.534
2025-05-01 03:30:00,0.0,176.249,41.534
2025-05-01 03:45:00,0.0,176.249,41.534
2025-05-01 04:00:00,140.013,191.501,35.711
2025-05-01 04:15:00,140.013,191.501,35.711
2025-05-01 04:30:00,140.013,191.501,35.711
2025-05-01 04:45:00,140.013,191.501,35.711
2025-05-01 05:00:00,1980.551,204.499,32.413
2025-05-01 05:15:00,1980.551,204.499,32.413
2025-05-01 05:30:00,1980.551,204.499,32.413
2025-05-01 05:45:00,1980.551,204.499,32.413
2025-05-01 06:00:00,5856.762,178.25,30.483
2025-05-01 06:15:00,5856.762,178.25,30.483
2025-05-01 06:30:00,5856.762,178.25,30.483
2025-05-01 06:45:00,5856.762,178.25,30.483
2025-05-01 07:00:00,10420.995,125.5,58.564
2025-05-01 07:15:00,10420.995,125.5,58.564
2025-05-01 07:30:00,10420.995,125.5,58.564
2025-05-01 07:45:00,10420.995,125.5,58.564
2025-05-01 08:00:00,14598.617,87.5,71.087
2025-05-01 08:15:00,14598.617,87.5,71.087
2025-05-01 08:30:00,14598.617,87.5,71.087
2025-05-01 08:45:00,14598.617,87.5,71.087
2025-05-01 09:00:00,17950.145,71.25,70.299
2025-05-01 09:15:00,17950.145,71.25,70.299
2025-05-01 09:30:00,17950.145,71.25,70.299
2025-05-01 09:45:00,17950.145,71.25,70.299
2025-05-01 10:00:00,20274.646,42.249,125.538
2025-05-01 10:15:00,20274.646,42.249,125.538
2025-05-01 10:30:00,20274.646,42.249,125.538
2025-05-01 10:45:00,20274.646,42.249,125.538
2025-05-01 11:00:00,21283.912,27.001,137.839
2025-05-01 11:15:00,21283.912,27.001,137.839
2025-05-01 11:30:00,21283.912,27.001,137.839
2025-05-01 11:45:00,21283.912,27.001,137.839
2025-05-01 12:00:00,21036.146,11.5,186.182
2025-05-01 12:15:00,21036.146,11.5,186.182
2025-05-01 12:30:00,21036.146,11.5,186.182
2025-05-01 12:45:00,21036.146,11.5,186.182
2025-05-01 13:00:00,19390.656,1.0,195.161
2025-05-01 13:15:00,19390.656,1.0,195.161
2025-05-01 13:30:00,19390.656,1.0,195.161
2025-05-01 13:45:00,19390.656,1.0,195.161
2025-05-01 14:00:00,16161.239,0.0,247.249
2025-05-01 14:15:00,16161.239,0.0,247.249
2025-05-01 14:30:00,16161.239,0.0,247.249
2025-05-01 14:45:00,16161.239,0.0,247.249
2025-05-01 15:00:00,12376.011,0.0,209.159
2025-05-01 15:15:00,12376.011,0.0,209.159
2025-05-01 15:30:00,12376.011,0.0,209.159
2025-05-01 15:45:00,12376.011,0.0,209.159
2025-05-01 16:00:00,7736.296,0.0,192.113
2025-05-01 16:15:00,7736.296,0.0,192.113
2025-05-01 16:30:00,7736.296,0.0,192.113
2025-05-01 16:45:00,7736.296,0.0,192.113
2025-05-01 17:00:00,3757.804,0.0,157.732
2025-05-01 17:15:00,3757.804,0.0,157.732
2025-05-01 17:30:00,3757.804,0.0,157.732
2025-05-01 17:45:00,3757.804,0.0,157.732
2025-05-01 18:00:00,766.956,0.25,30.75
2025-05-01 18:15:00,766.956,0.25,30.75
2025-05-01 18:30:00,766.956,0.25,30.75
2025-05-01 18:45:00,766.956,0.25,30.75
2025-05-01 19:00:00,11.384,5.5,0.0
2025-05-01 19:15:00,11.384,5.5,0.0
2025-05-01 19:30:00,11.384,5.5,0.0
2025-05-01 19:45:00,11.384,5.5,0.0
2025-05-01 20:00:00,0.0,20.25,0.0
2025-05-01 20:15:00,0.0,20.25,0.0
2025-05-01 20:30:00,0.0,20.25,0.0
2025-05-01 20:45:00,0.0,20.25,0.0
2025-05-01 21:00:00,0.0,61.0,0.0
2025-05-01 21:15:00,0.0,61.0,0.0
2025-05-01 21:30:00,0.0,61.0,0.0
2025-05-01 21:45:00,0.0,61.0,0.0
2025-05-01 22:00:00,0.0,97.75,0.0
2025-05-01 22:15:00,0.0,97.75,0.0
2025-05-01 22:30:00,0.0,97.75,0.0
2025-05-01 22:45:00,0.0,97.75,0.0
2025-05-01 23:00:00,0.0,182.5,0.0
2025-05-01 23:15:00,0.0,182.5,0.0
2025-05-01 23:30:00,0.0,182.5,0.0
2025-05-01 23:45:00,0.0,182.5,0.0
2025-05-02 00:00:00,0.0,221.999,0.0
2025-05-02 00:15:00,0.0,221.999,0.0
2025-05-02 00:30:00,0.0,221.999,0.0
2025-05-02 00:45:00,0.0,221.999,0.0
2025-05-02 01:00:00,0.0,302.75,21.885
2025-05-02 01:15:00,0.0,302.75,21.885
2025-05-02 01:30:00,0.0,302.75,21.885
2025-05-02 01:45:00,0.0,302.75,21.885
2025-05-02 02:00:00,0.0,480.999,36.975
2025-05-02 02:15:00,0.0,480.999,36.975
2025-05-02 02:30:00,0.0,480.999,36.975
2025-05-02 02:45:00,0.0,480.999,36.975
2025-05-02 03:00:00,0.0,763.5,42.7
2025-05-02 03:15:00,0.0,763.5,42.7
2025-05-02 03:30:00,0.0,763.5,42.7
2025-05-02 03:45:00,0.0,763.5,42.7
2025-05-02 04:00:00,128.753,643.5,63.046
2025-05-02 04:15:00,128.753,643.5,63.046
2025-05-02 04:30:00,128.753,643.5,63.046
2025-05-02 04:45:00,128.753,643.5,63.046
2025-05-02 05:00:00,1818.643,414.25,50.547
2025-05-02 05:15:00,1818.643,414.25,50.547
2025-05-02 05:30:00,1818.643,414.25,50.547
2025-05-02 05:45:00,1818.643,414.25,50.547
2025-05-02 06:00:00,4981.286,155.75,12.398
2025-05-02 06:15:00,4981.286,155.75,12.398
2025-05-02 06:30:00,4981.286,155.75,12.398
2025-05-02 06:45:00,4981.286,155.75,12.398
2025-05-02 07:00:00,7948.739,94.0,43.275
2025-05-02 07:15:00,7948.739,94.0,43.275
2025-05-02 07:30:00,7948.739,94.0,43.275
2025-05-02 07:45:00,7948.739,94.0,43.275
2025-05-02 08:00:00,11128.783,165.25,124.301
2025-05-02 08:15:00,11128.783,165.25,124.301
2025-05-02 08:30:00,11128.783,165.25,124.301
2025-05-02 08:45:00,11128.783,165.25,124.301
2025-05-02 09:00:00,12990.255,469.251,219.459
2025-05-02 09:15:00,12990.255,469.251,219.459
2025-05-02 09:30:00,12990.255,469.251,219.459
2025-05-02 09:45:00,12990.255,469.251,219.459
2025-05-02 10:00:00,11508.715,381.75,628.093
2025-05-02 10:15:00,11508.715,381.75,628.093
2025-05-02 10:30:00,11508.715,381.75,628.093
2025-05-02 10:45:00,11508.715,381.75,628.093
2025-05-02 11:00:00,12330.899,364.251,1383.457
2025-05-02 11:15:00,12330.899,364.251,1383.457
2025-05-02 11:30:00,12330.899,364.251,1383.457
2025-05-02 11:45:00,12330.899,364.251,1383.457
2025-05-02 12:00:00,15759.438,424.499,1875.309
2025-05-02 12:15:00,15759.438,424.499,1875.309
2025-05-02 12:30:00,15759.438,424.499,1875.309
2025-05-02 12:45:00,15759.438,424.499,1875.309
2025-05-02 13:00:00,17228.539,708.75,2110.57
2025-05-02 13:15:00,17228.539,708.75,2110.57
2025-05-02 13:30:00,17228.539,708.75,2110.57
2025-05-02 13:45:00,17228.539,708.75,2110.57
2025-05-02 14:00:00,15690.889,737.0,2164.065
2025-05-02 14:15:00,15690.889,737.0,2164.065
2025-05-02 14:30:00,15690.889,737.0,2164.065
2025-05-02 14:45:00,15690.889,737.0,2164.065
2025-05-02 15:00:00,12397.405,651.5,2027.497
2025-05-02 15:15:00,12397.405,651.5,2027.497
2025-05-02 15:30:00,12397.405,651.5,2027.497
2025-05-02 15:45:00,12397.405,651.5,2027.497
2025-05-02 16:00:00,8319.1,460.75,2067.901
2025-05-02 16:15:00,8319.1,460.75,2067.901
2025-05-02 16:30:00,8319.1,460.75,2067.901
2025-05-02 16:45:00,8319.1,460.75,2067.901
2025-05-02 17:00:00,4253.684,521.25,1971.673
2025-05-02 17:15:00,4253.684,521.25,1971.673
2025-05-02 17:30:00,4253.684,521.25,1971.673
2025-05-02 17:45:00,4253.684,521.25,1971.673
2025-05-02 18:00:00,1050.255,766.0,1641.296
2025-05-02 18:15:00,1050.255,766.0,1641.296
2025-05-02 18:30:00,1050.255,766.0,1641.296
2025-05-02 18:45:00,1050.255,766.0,1641.296
2025-05-02 19:00:00,6.279,937.0,1149.128
2025-05-02 19:15:00,6.279,937.0,1149.128
2025-05-02 19:30:00,6.279,937.0,1149.128
2025-05-02 19:45:00,6.279,937.0,1149.128
2025-05-02 20:00:00,0.0,1090.5,1149.38
2025-05-02 20:15:00,0.0,1090.5,1149.38
2025-05-02 20:30:00,0.0,1090.5,1149.38
2025-05-02 20:45:00,0.0,1090.5,1149.38
2025-05-02 21:00:00,0.0,1210.251,949.609
2025-05-02 21:15:00,0.0,1210.251,949.609
2025-05-02 21:30:00,0.0,1210.251,949.609
2025-05-02 21:45:00,0.0,1210.251,949.609
2025-05-02 22:00:00,0.0,993.75,637.279
2025-05-02 22:15:00,0.0,993.75,637.279
2025-05-02 22:30:00,0.0,993.75,637.279
2025-05-02 22:45:00,0.0,993.75,637.279
2025-05-02 23:00:00,0.0,827.5,381.761
2025-05-02 23:15:00,0.0,827.5,381.761
2025-05-02 23:30:00,0.0,827.5,381.761
2025-05-02 23:45:00,0.0,827.5,381.761
2025-05-03 00:00:00,0.0,743.25,266.74
2025-05-03 00:15:00,0.0,743.25,266.74
2025-05-03 00:30:00,0.0,743.25,266.74
2025-05-03 00:45:00,0.0,743.25,266.74
2025-05-03 01:00:00,0.0,586.75,215.02
2025-05-03 01:15:00,0.0,586.75,215.02
2025-05-03 01:30:00,0.0,586.75,215.02
2025-05-03 01:45:00,0.0,586.75,215.02
2025-05-03 02:00:00,0.0,542.0,161.837
2025-05-03 02:15:00,0.0,542.0,161.837
2025-05-03 02:30:00,0.0,542.0,161.837
2025-05-03 02:45:00,0.0,542.0,161.837
2025-05-03 03:00:00,0.0,402.501,147.918
2025-05-03 03:15:00,0.0,402.501,147.918
2025-05-03 03:30:00,0.0,402.501,147.918
2025-05-03 03:45:00,0.0,402.501,147.918
2025-05-03 04:00:00,188.777,206.5,121.88
2025-05-03 04:15:00,188.777,206.5,121.88
2025-05-03 04:30:00,188.777,206.5,121.88
2025-05-03 04:45:00,188.777,206.5,121.88
2025-05-03 05:00:00,1940.143,113.25,71.17
2025-05-03 05:15:00,1940.143,113.25,71.17
2025-05-03 05:30:00,1940.143,113.25,71.17
2025-05-03 05:45:00,1940.143,113.25,71.17
2025-05-03 06:00:00,5290.155,76.249,158.257
2025-05-03 06:15:00,5290.155,76.249,158.257
2025-05-03 06:30:00,5290.155,76.249,158.257
2025-05-03 06:45:00,5290.155,76.249,158.257
2025-05-03 07:00:00,9095.025,69.499,261.789
2025-05-03 07:15:00,9095.025,69.499,261.789
2025-05-03 07:30:00,9095.025,69.499,261.789
2025-05-03 07:45:00,9095.025,69.499,261.789
2025-05-03 08:00:00,12738.064,70.5,229.648
2025-05-03 08:15:00,12738.064,70.5,229.648
2025-05-03 08:30:00,12738.064,70.5,229.648
2025-05-03 08:45:00,12738.064,70.5,229.648
2025-05-03 09:00:00,17340.267,82.25,105.304
2025-05-03 09:15:00,17340.267,82.25,105.304
2025-05-03 09:30:00,17340.267,82.25,105.304
2025-05-03 09:45:00,17340.267,82.25,105.304
2025-05-03 10:00:00,18359.799,70.75,114.878
2025-05-03 10:15:00,18359.799,70.75,114.878
2025-05-03 10:30:00,18359.799,70.75,114.878
2025-05-03 10:45:00,18359.799,70.75,114.878
2025-05-03 11:00:00,18823.405,87.501,465.666
2025-05-03 11:15:00,18823.405,87.501,465.666
2025-05-03 11:30:00,18823.405,87.501,465.666
2025-05-03 11:45:00,18823.405,87.501,465.666
2025-05-03 12:00:00,18414.365,190.25,1212.942
2025-05-03 12:15:00,18414.365,190.25,1212.942
2025-05-03 12:30:00,18414.365,190.25,1212.942
2025-05-03 12:45:00,18414.365,190.25,1212.942
2025-05-03 13:00:00,14159.884,445.75,1917.82
2025-05-03 13:15:00,14159.884,445.75,1917.82
2025-05-03 13:30:00,14159.884,445.75,1917.82
2025-05-03 13:45:00,14159.884,445.75,1917.82
2025-05-03 14:00:00,11710.784,931.25,2607.858
2025-05-03 14:15:00,11710.784,931.25,2607.858
2025-05-03 14:30:00,11710.784,931.25,2607.858
2025-05-03 14:45:00,11710.784,931.25,2607.858
2025-05-03 15:00:00,9632.765,1870.0,3645.232
2025-05-03 15:15:00,9632.765,1870.0,3645.232
2025-05-03 15:30:00,9632.765,1870.0,3645.232
2025-05-03 15:45:00,9632.765,1870.0,3645.232
2025-05-03 16:00:00,5763.591,3034.75,5023.433
2025-05-03 16:15:00,5763.591,3034.75,5023.433
2025-05-03 16:30:00,5763.591,3034.75,5023.433
2025-05-03 16:45:00,5763.591,3034.75,5023.433
2025-05-03 17:00:00,2423.299,3705.25,5089.155
2025-05-03 17:15:00,2423.299,3705.25,5089.155
2025-05-03 17:30:00,2423.299,3705.25,5089.155
2025-05-03 17:45:00,2423.299,3705.25,5089.155
2025-05-03 18:00:00,973.805,3960.0,4615.222
2025-05-03 18:15:00,973.805,3960.0,4615.222
2025-05-03 18:30:00,973.805,3960.0,4615.222
2025-05-03 18:45:00,973.805,3960.0,4615.222
2025-05-03 19:00:00,38.333,3768.5,4127.417
2025-05-03 19:15:00,38.333,3768.5,4127.417
2025-05-03 19:30:00,38.333,3768.5,4127.417
2025-05-03 19:45:00,38.333,3768.5,4127.417
2025-05-03 20:00:00,0.0,3702.749,3624.773
2025-05-03 20:15:00,0.0,3702.749,3624.773
2025-05-03 20:30:00,0.0,3702.749,3624.773
2025-05-03 20:45:00,0.0,3702.749,3624.773
2025-05-03 21:00:00,0.0,3429.5,3485.525
2025-05-03 21:15:00,0.0,3429.5,3485.525
2025-05-03 21:30:00,0.0,3429.5,3485.525
2025-05-03 21:45:00,0.0,3429.5,3485.525
2025-05-03 22:00:00,0.0,2979.749,2751.503
2025-05-03 22:15:00,0.0,2979.749,2751.503
2025-05-03 22:30:00,0.0,2979.749,2751.503
2025-05-03 22:45:00,0.0,2979.749,2751.503
2025-05-03 23:00:00,0.0,2671.5,2090.128
2025-05-03 23:15:00,0.0,2671.5,2090.128
2025-05-03 23:30:00,0.0,2671.5,2090.128
2025-05-03 23:45:00,0.0,2671.5,2090.128
2025-05-04 00:00:00,0.0,2735.25,1789.632
2025-05-04 00:15:00,0.0,2735.25,1789.632
2025-05-04 00:30:00,0.0,2735.25,1789.632
2025-05-04 00:45:00,0.0,2735.25,1789.632
2025-05-04 01:00:00,0.0,2629.499,1868.001
2025-05-04 01:15:00,0.0,2629.499,1868.001
2025-05-04 01:30:00,0.0,2629.499,1868.001
2025-05-04 01:45:00,0.0,2629.499,1868.001
2025-05-04 02:00:00,0.0,2607.25,1981.34
2025-05-04 02:15:00,0.0,2607.25,1981.34
2025-05-04 02:30:00,0.0,2607.25,1981.34
2025-05-04 02:45:00,0.0,2607.25,1981.34
2025-05-04 03:00:00,0.0,2913.751,2812.83
2025-05-04 03:15:00,0.0,2913.751,2812.83
2025-05-04 03:30:00,0.0,2913.751,2812.83
2025-05-04 03:45:00,0.0,2913.751,2812.83
2025-05-04 04:00:00,118.56,2590.251,2597.636
2025-05-04 04:15:00,118.56,2590.251,2597.636
2025-05-04 04:30:00,118.56,2590.251,2597.636
2025-05-04 04:45:00,118.56,2590.251,2597.636
2025-05-04 05:00:00,1128.901,2350.0,2473.528
2025-05-04 05:15:00,1128.901,2350.0,2473.528
2025-05-04 05:30:00,1128.901,2350.0,2473.528
2025-05-04 05:45:00,1128.901,2350.0,2473.528
2025-05-04 06:00:00,3275.721,2246.0,2935.569
2025-05-04 06:15:00,3275.721,2246.0,2935.569
2025-05-04 06:30:00,3275.721,2246.0,2935.569
2025-05-04 06:45:00,3275.721,2246.0,2935.569
2025-05-04 07:00:00,6095.09,1404.249,3422.188
2025-05-04 07:15:00,6095.09,1404.249,3422.188
2025-05-04 07:30:00,6095.09,1404.249,3422.188
2025-05-04 07:45:00,6095.09,1404.249,3422.188
2025-05-04 08:00:00,7724.208,1848.25,3472.384
2025-05-04 08:15:00,7724.208,1848.25,3472.384
2025-05-04 08:30:00,7724.208,1848.25,3472.384
2025-05-04 08:45:00,7724.208,1848.25,3472.384
2025-05-04 09:00:00,11010.187,1468.5,3765.514
2025-05-04 09:15:00,11010.187,1468.5,3765.514
2025-05-04 09:30:00,11010.187,1468.5,3765.514
2025-05-04 09:45:00,11010.187,1468.5,3765.514
2025-05-04 10:00:00,12274.941,1580.0,3854.611
2025-05-04 10:15:00,12274.941,1580.0,3854.611
2025-05-04 10:30:00,12274.941,1580.0,3854.611
2025-05-04 10:45:00,12274.941,1580.0,3854.611
2025-05-04 11:00:00,14295.331,1586.249,4115.907
2025-05-04 11:15:00,14295.331,1586.249,4115.907
2025-05-04 11:30:00,14295.331,1586.249,4115.907
2025-05-04 11:45:00,14295.331,1586.249,4115.907
2025-05-04 12:00:00,12082.508,1616.251,4215.834
2025-05-04 12:15:00,12082.508,1616.251,4215.834
2025-05-04 12:30:00,12082.508,1616.251,4215.834
2025-05-04 12:45:00,12082.508,1616.251,4215.834
2025-05-04 13:00:00,12752.259,1613.0,4276.035
2025-05-04 13:15:00,12752.259,1613.0,4276.035
2025-05-04 13:30:00,12752.259,1613.0,4276.035
2025-05-04 13:45:00,12752.259,1613.0,4276.035
2025-05-04 14:00:00,11507.422,2137.75,4483.554
2025-05-04 14:15:00,11507.422,2137.75,4483.554
2025-05-04 14:30:00,11507.422,2137.75,4483.554
2025-05-04 14:45:00,11507.422,2137.75,4483.554
2025-05-04 15:00:00,8730.924,2329.248,4233.662
2025-05-04 15:15:00,8730.924,2329.248,4233.662
2025-05-04 15:30:00,8730.924,2329.248,4233.662
2025-05-04 15:45:00,8730.924,2329.248,4233.662
2025-05-04 16:00:00,6189.208,2440.749,3967.046
2025-05-04 16:15:00,6189.208,2440.749,3967.046
2025-05-04 16:30:00,6189.208,2440.749,3967.046
2025-05-04 16:45:00,6189.208,2440.749,3967.046
2025-05-04 17:00:00,3597.102,2384.749,3693.346
2025-05-04 17:15:00,3597.102,2384.749,3693.346
2025-05-04 17:30:00,3597.102,2384.749,3693.346
2025-05-04 17:45:00,3597.102,2384.749,3693.346
2025-05-04 18:00:00,1214.305,2196.501,2918.63
2025-05-04 18:15:00,1214.305,2196.501,2918.63
2025-05-04 18:30:00,1214.305,2196.501,2918.63
2025-05-04 18:45:00,1214.305,2196.501,2918.63
2025-05-04 19:00:00,32.439,2122.0,1948.976
2025-05-04 19:15:00,32.439,2122.0,1948.976
2025-05-04 19:30:00,32.439,2122.0,1948.976
2025-05-04 19:45:00,32.439,2122.0,1948.976
2025-05-04 20:00:00,0.0,2069.999,1243.654
2025-05-04 20:15:00,0.0,2069.999,1243.654
2025-05-04 20:30:00,0.0,2069.999,1243.654
2025-05-04 20:45:00,0.0,2069.999,1243.654
2025-05-04 21:00:00,0.0,2045.5,787.187
2025-05-04 21:15:00,0.0,2045.5,787.187
2025-05-04 21:30:00,0.0,2045.5,787.187
2025-05-04 21:45:00,0.0,2045.5,787.187
2025-05-04 22:00:00,0.0,2202.749,389.636
2025-05-04 22:15:00,0.0,2202.749,389.636
2025-05-04 22:30:00,0.0,2202.749,389.636
2025-05-04 22:45:00,0.0,2202.749,389.636
2025-05-04 23:00:00,0.0,1983.25,178.436
2025-05-04 23:15:00,0.0,1983.25,178.436
2025-05-04 23:30:00,0.0,1983.25,178.436
2025-05-04 23:45:00,0.0,1983.25,178.436
2025-05-05 00:00:00,0.0,1590.999,118.709
2025-05-05 00:15:00,0.0,1590.999,118.709
2025-05-05 00:30:00,0.0,1590.999,118.709
2025-05-05 00:45:00,0.0,1590.999,118.709
2025-05-05 01:00:00,0.0,1276.749,45.924
2025-05-05 01:15:00,0.0,1276.749,45.924
2025-05-05 01:30:00,0.0,1276.749,45.924
2025-05-05 01:45:00,0.0,1276.749,45.924
2025-05-05 02:00:00,0.0,1044.501,82.784
2025-05-05 02:15:00,0.0,1044.501,82.784
2025-05-05 02:30:00,0.0,1044.501,82.784
2025-05-05 02:45:00,0.0,1044.501,82.784
2025-05-05 03:00:00,0.0,1005.5,237.166
2025-05-05 03:15:00,0.0,1005.5,237.166
2025-05-05 03:30:00,0.0,1005.5,237.166
2025-05-05 03:45:00,0.0,1005.5,237.166
2025-05-05 04:00:00,197.88,902.0,308.507
2025-05-05 04:15:00,197.88,902.0,308.507
2025-05-05 04:30:00,197.88,902.0,308.507
2025-05-05 04:45:00,197.88,902.0,308.507
2025-05-05 05:00:00,1827.301,718.0,573.074
2025-05-05 05:15:00,1827.301,718.0,573.074
2025-05-05 05:30:00,1827.301,718.0,573.074
2025-05-05 05:45:00,1827.301,718.0,573.074
2025-05-05 06:00:00,4818.757,1109.499,1003.978
2025-05-05 06:15:00,4818.757,1109.499,1003.978
2025-05-05 06:30:00,4818.757,1109.499,1003.978
2025-05-05 06:45:00,4818.757,1109.499,1003.978
2025-05-05 07:00:00,8976.67,1524.501,2665.891
2025-05-05 07:15:00,8976.67,1524.501,2665.891
2025-05-05 07:30:00,8976.67,1524.501,2665.891
2025-05-05 07:45:00,8976.67,1524.501,2665.891
2025-05-05 08:00:00,12436.31,2261.251,4100.848
2025-05-05 08:15:00,12436.31,2261.251,4100.848
2025-05-05 08:30:00,12436.31,2261.251,4100.848
2025-05-05 08:45:00,12436.31,2261.251,4100.848
2025-05-05 09:00:00,13806.352,2445.75,4526.909
2025-05-05 09:15:00,13806.352,2445.75,4526.909
2025-05-05 09:30:00,13806.352,2445.75,4526.909
2025-05-05 09:45:00,13806.352,2445.75,4526.909
2025-05-05 10:00:00,15851.101,2156.25,4614.475
2025-05-05 10:15:00,15851.101,2156.25,4614.475
2025-05-05 10:30:00,15851.101,2156.25,4614.475
2025-05-05 10:45:00,15851.101,2156.25,4614.475
2025-05-05 11:00:00,16583.446,2492.5,4621.796
2025-05-05 11:15:00,16583.446,2492.5,4621.796
2025-05-05 11:30:00,16583.446,2492.5,4621.796
2025-05-05 11:45:00,16583.446,2492.5,4621.796
2025-05-05 12:00:00,15162.251,3130.0,4901.363
2025-05-05 12:15:00,15162.251,3130.0,4901.363
2025-05-05 12:30:00,15162.251,3130.0,4901.363
2025-05-05 12:45:00,15162.251,3130.0,4901.363
2025-05-05 13:00:00,14447.142,3494.249,5137.323
2025-05-05 13:15:00,14447.142,3494.249,5137.323
2025-05-05 13:30:00,14447.142,3494.249,5137.323
2025-05-05 13:45:00,14447.142,3494.249,5137.323
2025-05-05 14:00:00,12684.455,3700.749,5358.865
2025-05-05 14:15:00,12684.455,3700.749,5358.865
2025-05-05 14:30:00,12684.455,3700.749,5358.865
2025-05-05 14:45:00,12684.455,3700.749,5358.865
2025-05-05 15:00:00,10249.377,3741.499,5349.679
2025-05-05 15:15:00,10249.377,3741.499,5349.679
2025-05-05 15:30:00,10249.377,3741.499,5349.679
2025-05-05 15:45:00,10249.377,3741.499,5349.679
2025-05-05 16:00:00,7409.055,3841.501,5292.25
2025-05-05 16:15:00,7409.055,3841.501,5292.25
2025-05-05 16:30:00,7409.055,3841.501,5292.25
2025-05-05 16:45:00,7409.055,3841.501,5292.25
2025-05-05 17:00:00,4122.381,3735.75,5165.212
2025-05-05 17:15:00,4122.381,3735.75,5165.212
2025-05-05 17:30:00,4122.381,3735.75,5165.212
2025-05-05 17:45:00,4122.381,3735.75,5165.212
2025-05-05 18:00:00,1571.737,3698.25,4820.711
2025-05-05 18:15:00,1571.737,3698.25,4820.711
2025-05-05 18:30:00,1571.737,3698.25,4820.711
2025-05-05 18:45:00,1571.737,3698.25,4820.711
2025-05-05 19:00:00,37.407,3564.75,3740.307
2025-05-05 19:15:00,37.407,3564.75,3740.307
2025-05-05 19:30:00,37.407,3564.75,3740.307
2025-05-05 19:45:00,37.407,3564.75,3740.307
2025-05-05 20:00:00,0.0,3332.5,2646.731
2025-05-05 20:15:00,0.0,3332.5,2646.731
2025-05-05 20:30:00,0.0,3332.5,2646.731
2025-05-05 20:45:00,0.0,3332.5,2646.731
2025-05-05 21:00:00,0.0,3058.75,2266.118
2025-05-05 21:15:00,0.0,3058.75,2266.118
2025-05-05 21:30:00,0.0,3058.75,2266.118
2025-05-05 21:45:00,0.0,3058.75,2266.118
2025-05-05 22:00:00,0.0,2827.5,1816.914
2025-05-05 22:15:00,0.0,2827.5,1816.914
2025-05-05 22:30:00,0.0,2827.5,1816.914
2025-05-05 22:45:00,0.0,2827.5,1816.914
2025-05-05 23:00:00,0.0,2467.75,1420.83
2025-05-05 23:15:00,0.0,2467.75,1420.83
2025-05-05 23:30:00,0.0,2467.75,1420.83
2025-05-05 23:45:00,0.0,2467.75,1420.83
2025-05-06 00:00:00,0.0,2154.75,1211.439
2025-05-06 00:15:00,0.0,2154.75,1211.439
2025-05-06 00:30:00,0.0,2154.75,1211.439
2025-05-06 00:45:00,0.0,2154.75,1211.439
2025-05-06 01:00:00,0.0,1944.25,1026.178
2025-05-06 01:15:00,0.0,1944.25,1026.178
2025-05-06 01:30:00,0.0,1944.25,1026.178
2025-05-06 01:45:00,0.0,1944.25,1026.178
2025-05-06 02:00:00,0.0,1915.75,807.043
2025-05-06 02:15:00,0.0,1915.75,807.043
2025-05-06 02:30:00,0.0,1915.75,807.043
2025-05-06 02:45:00,0.0,1915.75,807.043
2025-05-06 03:00:00,0.0,1745.75,518.955
2025-05-06 03:15:00,0.0,1745.75,518.955
2025-05-06 03:30:00,0.0,1745.75,518.955
2025-05-06 03:45:00,0.0,1745.75,518.955
2025-05-06 04:00:00,247.314,1754.749,388.513
2025-05-06 04:15:00,247.314,1754.749,388.513
2025-05-06 04:30:00,247.314,1754.749,388.513
2025-05-06 04:45:00,247.314,1754.749,388.513
2025-05-06 05:00:00,2114.999,1432.75,375.474
2025-05-06 05:15:00,2114.999,1432.75,375.474
2025-05-06 05:30:00,2114.999,1432.75,375.474
2025-05-06 05:45:00,2114.999,1432.75,375.474
2025-05-06 06:00:00,5407.696,1289.249,726.395
2025-05-06 06:15:00,5407.696,1289.249,726.395
2025-05-06 06:30:00,5407.696,1289.249,726.395
2025-05-06 06:45:00,5407.696,1289.249,726.395
2025-05-06 07:00:00,9034.692,965.249,1519.5
2025-05-06 07:15:00,9034.692,965.249,1519.5
2025-05-06 07:30:00,9034.692,965.249,1519.5
2025-05-06 07:45:00,9034.692,965.249,1519.5
2025-05-06 08:00:00,11682.854,1035.252,1865.602
2025-05-06 08:15:00,11682.854,1035.252,1865.602
2025-05-06 08:30:00,11682.854,1035.252,1865.602
2025-05-06 08:45:00,11682.854,1035.252,1865.602
2025-05-06 09:00:00,13431.135,846.75,2125.003
2025-05-06 09:15:00,13431.135,846.75,2125.003
2025-05-06 09:30:00,13431.135,846.75,2125.003
2025-05-06 09:45:00,13431.135,846.75,2125.003
2025-05-06 10:00:00,13522.006,894.249,2463.273
2025-05-06 10:15:00,13522.006,894.249,2463.273
2025-05-06 10:30:00,13522.006,894.249,2463.273
2025-05-06 10:45:00,13522.006,894.249,2463.273
2025-05-06 11:00:00,13175.537,904.5,2665.623
2025-05-06 11:15:00,13175.537,904.5,2665.623
2025-05-06 11:30:00,13175.537,904.5,2665.623
2025-05-06 11:45:00,13175.537,904.5,2665.623
2025-05-06 12:00:00,12660.176,1085.001,3405.2
2025-05-06 12:15:00,12660.176,1085.001,3405.2
2025-05-06 12:30:00,12660.176,1085.001,3405.2
2025-05-06 12:45:00,12660.176,1085.001,3405.2
2025-05-06 13:00:00,10665.223,1702.0,4214.104
2025-05-06 13:15:00,10665.223,1702.0,4214.104
2025-05-06 13:30:00,10665.223,1702.0,4214.104
2025-05-06 13:45:00,10665.223,1702.0,4214.104
2025-05-06 14:00:00,8180.566,2213.75,4468.758
2025-05-06 14:15:00,8180.566,2213.75,4468.758
2025-05-06 14:30:00,8180.566,2213.75,4468.758
2025-05-06 14:45:00,8180.566,2213.75,4468.758
2025-05-06 15:00:00,5620.768,2655.5,4642.329
2025-05-06 15:15:00,5620.768,2655.5,4642.329
2025-05-06 15:30:00,5620.768,2655.5,4642.329
2025-05-06 15:45:00,5620.768,2655.5,4642.329
2025-05-06 16:00:00,3284.852,2892.5,4382.545
2025-05-06 16:15:00,3284.852,2892.5,4382.545
2025-05-06 16:30:00,3284.852,2892.5,4382.545
2025-05-06 16:45:00,3284.852,2892.5,4382.545
2025-05-06 17:00:00,1939.018,2811.499,3933.26
2025-05-06 17:15:00,1939.018,2811.499,3933.26
2025-05-06 17:30:00,1939.018,2811.499,3933.26
2025-05-06 17:45:00,1939.018,2811.499,3933.26
2025-05-06 18:00:00,674.036,2519.75,3412.096
2025-05-06 18:15:00,674.036,2519.75,3412.096
2025-05-06 18:30:00,674.036,2519.75,3412.096
2025-05-06 18:45:00,674.036,2519.75,3412.096
2025-05-06 19:00:00,41.131,2445.0,2769.488
2025-05-06 19:15:00,41.131,2445.0,2769.488
2025-05-06 19:30:00,41.131,2445.0,2769.488
2025-05-06 19:45:00,41.131,2445.0,2769.488
2025-05-06 20:00:00,0.0,2306.75,2192.462
2025-05-06 20:15:00,0.0,2306.75,2192.462
2025-05-06 20:30:00,0.0,2306.75,2192.462
2025-05-06 20:45:00,0.0,2306.75,2192.462
2025-05-06 21:00:00,0.0,2205.499,1974.264
2025-05-06 21:15:00,0.0,2205.499,1974.264
2025-05-06 21:30:00,0.0,2205.499,1974.264
2025-05-06 21:45:00,0.0,2205.499,1974.264
2025-05-06 22:00:00,0.0,1968.25,1749.66
2025-05-06 22:15:00,0.0,1968.25,1749.66
2025-05-06 22:30:00,0.0,1968.25,1749.66
2025-05-06 22:45:00,0.0,1968.25,1749.66
2025-05-06 23:00:00,0.0,1740.749,1269.425
2025-05-06 23:15:00,0.0,1740.749,1269.425
2025-05-06 23:30:00,0.0,1740.749,1269.425
2025-05-06 23:45:00,0.0,1740.749,1269.425
2025-05-07 00:00:00,0.0,1444.25,876.652
2025-05-07 00:15:00,0.0,1444.25,876.652
2025-05-07 00:30:00,0.0,1444.25,876.652
2025-05-07 00:45:00,0.0,1444.25,876.652
2025-05-07 01:00:00,0.0,1606.0,652.861
2025-05-07 01:15:00,0.0,1606.0,652.861
2025-05-07 01:30:00,0.0,1606.0,652.861
2025-05-07 01:45:00,0.0,1606.0,652.861
2025-05-07 02:00:00,0.0,1564.5,668.888
2025-05-07 02:15:00,0.0,1564.5,668.888
2025-05-07 02:30:00,0.0,1564.5,668.888
2025-05-07 02:45:00,0.0,1564.5,668.888
2025-05-07 03:00:00,0.0,1459.25,653.704
2025-05-07 03:15:00,0.0,1459.25,653.704
2025-05-07 03:30:00,0.0,1459.25,653.704
2025-05-07 03:45:00,0.0,1459.25,653.704
2025-05-07 04:00:00,193.807,1511.499,680.456
2025-05-07 04:15:00,193.807,1511.499,680.456
2025-05-07 04:30:00,193.807,1511.499,680.456
2025-05-07 04:45:00,193.807,1511.499,680.456
2025-05-07 05:00:00,1240.545,1449.5,685.404
2025-05-07 05:15:00,1240.545,1449.5,685.404
2025-05-07 05:30:00,1240.545,1449.5,685.404
2025-05-07 05:45:00,1240.545,1449.5,685.404
2025-05-07 06:00:00,3288.912,1459.501,1306.024
2025-05-07 06:15:00,3288.912,1459.501,1306.024
2025-05-07 06:30:00,3288.912,1459.501,1306.024
2025-05-07 06:45:00,3288.912,1459.501,1306.024
2025-05-07 07:00:00,6338.909,1355.5,1915.337
2025-05-07 07:15:00,6338.909,1355.5,1915.337
2025-05-07 07:30:00,6338.909,1355.5,1915.337
2025-05-07 07:45:00,6338.909,1355.5,1915.337
2025-05-07 08:00:00,8906.639,1186.75,1599.745
2025-05-07 08:15:00,8906.639,1186.75,1599.745
2025-05-07 08:30:00,8906.639,1186.75,1599.745
2025-05-07 08:45:00,8906.639,1186.75,1599.745
2025-05-07 09:00:00,11512.988,927.749,1464.697
2025-05-07 09:15:00,11512.988,927.749,1464.697
2025-05-07 09:30:00,11512.988,927.749,1464.697
2025-05-07 09:45:00,11512.988,927.749,1464.697
2025-05-07 10:00:00,12997.296,850.0,1303.114
2025-05-07 10:15:00,12997.296,850.0,1303.114
2025-05-07 10:30:00,12997.296,850.0,1303.114
2025-05-07 10:45:00,12997.296,850.0,1303.114
2025-05-07 11:00:00,16385.111,1090.5,1424.231
2025-05-07 11:15:00,16385.111,1090.5,1424.231
2025-05-07 11:30:00,16385.111,1090.5,1424.231
2025-05-07 11:45:00,16385.111,1090.5,1424.231
2025-05-07 12:00:00,16245.232,1169.75,1705.527
2025-05-07 12:15:00,16245.232,1169.75,1705.527
2025-05-07 12:30:00,16245.232,1169.75,1705.527
2025-05-07 12:45:00,16245.232,1169.75,1705.527
2025-05-07 13:00:00,14090.531,1411.998,2491.625
2025-05-07 13:15:00,14090.531,1411.998,2491.625
2025-05-07 13:30:00,14090.531,1411.998,2491.625
2025-05-07 13:45:00,14090.531,1411.998,2491.625
2025-05-07 14:00:00,12541.451,1842.0,3213.75
2025-05-07 14:15:00,12541.451,1842.0,3213.75
2025-05-07 14:30:00,12541.451,1842.0,3213.75
2025-05-07 14:45:00,12541.451,1842.0,3213.75
2025-05-07 15:00:00,9508.007,2230.5,3638.281
2025-05-07 15:15:00,9508.007,2230.5,3638.281
2025-05-07 15:30:00,9508.007,2230.5,3638.281
2025-05-07 15:45:00,9508.007,2230.5,3638.281
2025-05-07 16:00:00,6712.786,2507.5,4103.563
2025-05-07 16:15:00,6712.786,2507.5,4103.563
2025-05-07 16:30:00,6712.786,2507.5,4103.563
2025-05-07 16:45:00,6712.786,2507.5,4103.563
2025-05-07 17:00:00,3471.534,2531.0,3883.519
2025-05-07 17:15:00,3471.534,2531.0,3883.519
2025-05-07 17:30:00,3471.534,2531.0,3883.519
2025-05-07 17:45:00,3471.534,2531.0,3883.519
2025-05-07 18:00:00,1216.373,2554.0,3181.067
2025-05-07 18:15:00,1216.373,2554.0,3181.067
2025-05-07 18:30:00,1216.373,2554.0,3181.067
2025-05-07 18:45:00,1216.373,2554.0,3181.067
2025-05-07 19:00:00,56.957,2601.499,2216.909
2025-05-07 19:15:00,56.957,2601.499,2216.909
2025-05-07 19:30:00,56.957,2601.499,2216.909
2025-05-07 19:45:00,56.957,2601.499,2216.909
2025-05-07 20:00:00,0.0,2743.5,1920.343
2025-05-07 20:15:00,0.0,2743.5,1920.343
2025-05-07 20:30:00,0.0,2743.5,1920.343
2025-05-07 20:45:00,0.0,2743.5,1920.343
2025-05-07 21:00:00,0.0,2682.251,2106.25
2025-05-07 21:15:00,0.0,2682.251,2106.25
2025-05-07 21:30:00,0.0,2682.251,2106.25
2025-05-07 21:45:00,0.0,2682.251,2106.25
2025-05-07 22:00:00,0.0,2376.75,1770.861
2025-05-07 22:15:00,0.0,2376.75,1770.861
2025-05-07 22:30:00,0.0,2376.75,1770.861
2025-05-07 22:45:00,0.0,2376.75,1770.861
2025-05-07 23:00:00,0.0,2352.75,1362.105
2025-05-07 23:15:00,0.0,2352.75,1362.105
2025-05-07 23:30:00,0.0,2352.75,1362.105
2025-05-07 23:45:00,0.0,2352.75,1362.105
2025-05-08 00:00:00,0.0,2149.999,1004.017
2025-05-08 00:15:00,0.0,2149.999,1004.017
2025-05-08 00:30:00,0.0,2149.999,1004.017
2025-05-08 00:45:00,0.0,2149.999,1004.017
2025-05-08 01:00:00,0.0,2030.749,734.763
2025-05-08 01:15:00,0.0,2030.749,734.763
2025-05-08 01:30:00,0.0,2030.749,734.763
2025-05-08 01:45:00,0.0,2030.749,734.763
2025-05-08 02:00:00,0.0,1768.5,644.793
2025-05-08 02:15:00,0.0,1768.5,644.793
2025-05-08 02:30:00,0.0,1768.5,644.793
2025-05-08 02:45:00,0.0,1768.5,644.793
2025-05-08 03:00:00,0.0,1675.75,592.594
2025-05-08 03:15:00,0.0,1675.75,592.594
2025-05-08 03:30:00,0.0,1675.75,592.594
2025-05-08 03:45:00,0.0,1675.75,592.594
2025-05-08 04:00:00,260.73,1697.25,588.484
2025-05-08 04:15:00,260.73,1697.25,588.484
2025-05-08 04:30:00,260.73,1697.25,588.484
2025-05-08 04:45:00,260.73,1697.25,588.484
2025-05-08 05:00:00,1995.031,1798.751,628.622
2025-05-08 05:15:00,1995.031,1798.751,628.622
2025-05-08 05:30:00,1995.031,1798.751,628.622
2025-05-08 05:45:00,1995.031,1798.751,628.622
2025-05-08 06:00:00,4925.296,1722.0,789.466
2025-05-08 06:15:00,4925.296,1722.0,789.466
2025-05-08 06:30:00,4925.296,1722.0,789.466
2025-05-08 06:45:00,4925.296,1722.0,789.466
2025-05-08 07:00:00,9543.633,1568.249,937.794
2025-05-08 07:15:00,9543.633,1568.249,937.794
2025-05-08 07:30:00,9543.633,1568.249,937.794
2025-05-08 07:45:00,9543.633,1568.249,937.794
2025-05-08 08:00:00,13753.218,1414.249,844.712
2025-05-08 08:15:00,13753.218,1414.249,844.712
2025-05-08 08:30:00,13753.218,1414.249,844.712
2025-05-08 08:45:00,13753.218,1414.249,844.712
2025-05-08 09:00:00,17552.106,1392.75,1047.257
2025-05-08 09:15:00,17552.106,1392.75,1047.257
2025-05-08 09:30:00,17552.106,1392.75,1047.257
2025-05-08 09:45:00,17552.106,1392.75,1047.257
2025-05-08 10:00:00,19405.238,1204.25,1410.111
2025-05-08 10:15:00,19405.238,1204.25,1410.111
2025-05-08 10:30:00,19405.238,1204.25,1410.111
2025-05-08 10:45:00,19405.238,1204.25,1410.111
2025-05-08 11:00:00,19100.569,1204.0,1571.457
2025-05-08 11:15:00,19100.569,1204.0,1571.457
2025-05-08 11:30:00,19100.569,1204.0,1571.457
2025-05-08 11:45:00,19100.569,1204.0,1571.457
2025-05-08 12:00:00,18082.168,1299.5,1929.901
2025-05-08 12:15:00,18082.168,1299.5,1929.901
2025-05-08 12:30:00,18082.168,1299.5,1929.901
2025-05-08 12:45:00,18082.168,1299.5,1929.901
2025-05-08 13:00:00,15072.832,1425.999,2253.705
2025-05-08 13:15:00,15072.832,1425.999,2253.705
2025-05-08 13:30:00,15072.832,1425.999,2253.705
2025-05-08 13:45:00,15072.832,1425.999,2253.705
2025-05-08 14:00:00,12564.265,1488.0,2645.351
2025-05-08 14:15:00,12564.265,1488.0,2645.351
2025-05-08 14:30:00,12564.265,1488.0,2645.351
2025-05-08 14:45:00,12564.265,1488.0,2645.351
2025-05-08 15:00:00,9514.671,1810.251,2819.451
2025-05-08 15:15:00,9514.671,1810.251,2819.451
2025-05-08 15:30:00,9514.671,1810.251,2819.451
2025-05-08 15:45:00,9514.671,1810.251,2819.451
2025-05-08 16:00:00,6629.455,2231.749,2596.046
2025-05-08 16:15:00,6629.455,2231.749,2596.046
2025-05-08 16:30:00,6629.455,2231.749,2596.046
2025-05-08 16:45:00,6629.455,2231.749,2596.046
2025-05-08 17:00:00,3294.413,2291.75,2672.963
2025-05-08 17:15:00,3294.413,2291.75,2672.963
2025-05-08 17:30:00,3294.413,2291.75,2672.963
2025-05-08 17:45:00,3294.413,2291.75,2672.963
2025-05-08 18:00:00,1176.494,2168.751,2218.182
2025-05-08 18:15:00,1176.494,2168.751,2218.182
2025-05-08 18:30:00,1176.494,2168.751,2218.182
2025-05-08 18:45:00,1176.494,2168.751,2218.182
2025-05-08 19:00:00,75.339,1965.751,1572.286
2025-05-08 19:15:00,75.339,1965.751,1572.286
2025-05-08 19:30:00,75.339,1965.751,1572.286
2025-05-08 19:45:00,75.339,1965.751,1572.286
2025-05-08 20:00:00,0.0,1797.75,889.868
2025-05-08 20:15:00,0.0,1797.75,889.868
2025-05-08 20:30:00,0.0,1797.75,889.868
2025-05-08 20:45:00,0.0,1797.75,889.868
2025-05-08 21:00:00,0.0,2154.75,805.188
2025-05-08 21:15:00,0.0,2154.75,805.188
2025-05-08 21:30:00,0.0,2154.75,805.188
2025-05-08 21:45:00,0.0,2154.75,805.188
2025-05-08 22:00:00,0.0,1995.25,582.59
2025-05-08 22:15:00,0.0,1995.25,582.59
2025-05-08 22:30:00,0.0,1995.25,582.59
2025-05-08 22:45:00,0.0,1995.25,582.59
2025-05-08 23:00:00,0.0,1721.0,630.056
2025-05-08 23:15:00,0.0,1721.0,630.056
2025-05-08 23:30:00,0.0,1721.0,630.056
2025-05-08 23:45:00,0.0,1721.0,630.056
2025-05-09 00:00:00,0.0,1501.25,541.474
2025-05-09 00:15:00,0.0,1501.25,541.474
2025-05-09 00:30:00,0.0,1501.25,541.474
2025-05-09 00:45:00,0.0,1501.25,541.474
2025-05-09 01:00:00,0.0,1460.749,483.005
2025-05-09 01:15:00,0.0,1460.749,483.005
2025-05-09 01:30:00,0.0,1460.749,483.005
2025-05-09 01:45:00,0.0,1460.749,483.005
2025-05-09 02:00:00,0.0,1412.75,394.48
2025-05-09 02:15:00,0.0,1412.75,394.48
2025-05-09 02:30:00,0.0,1412.75,394.48
2025-05-09 02:45:00,0.0,1412.75,394.48
2025-05-09 03:00:00,0.0,1129.75,210.675
2025-05-09 03:15:00,0.0,1129.75,210.675
2025-05-09 03:30:00,0.0,1129.75,210.675
2025-05-09 03:45:00,0.0,1129.75,210.675
2025-05-09 04:00:00,376.088,826.751,118.808
2025-05-09 04:15:00,376.088,826.751,118.808
2025-05-09 04:30:00,376.088,826.751,118.808
2025-05-09 04:45:00,376.088,826.751,118.808
2025-05-09 05:00:00,2717.277,599.75,175.666
2025-05-09 05:15:00,2717.277,599.75,175.666
2025-05-09 05:30:00,2717.277,599.75,175.666
2025-05-09 05:45:00,2717.277,599.75,175.666
2025-05-09 06:00:00,6668.375,548.751,295.598
2025-05-09 06:15:00,6668.375,548.751,295.598
2025-05-09 06:30:00,6668.375,548.751,295.598
2025-05-09 06:45:00,6668.375,548.751,295.598
2025-05-09 07:00:00,11173.033,560.75,610.675
2025-05-09 07:15:00,11173.033,560.75,610.675
2025-05-09 07:30:00,11173.033,560.75,610.675
2025-05-09 07:45:00,11173.033,560.75,610.675
2025-05-09 08:00:00,15444.941,561.25,1106.569
2025-05-09 08:15:00,15444.941,561.25,1106.569
2025-05-09 08:30:00,15444.941,561.25,1106.569
2025-05-09 08:45:00,15444.941,561.25,1106.569
2025-05-09 09:00:00,18666.135,458.5,1609.508
2025-05-09 09:15:00,18666.135,458.5,1609.508
2025-05-09 09:30:00,18666.135,458.5,1609.508
2025-05-09 09:45:00,18666.135,458.5,1609.508
2025-05-09 10:00:00,20934.239,240.25,2059.478
2025-05-09 10:15:00,20934.239,240.25,2059.478
2025-05-09 10:30:00,20934.239,240.25,2059.478
2025-05-09 10:45:00,20934.239,240.25,2059.478
2025-05-09 11:00:00,22081.406,314.499,2244.452
2025-05-09 11:15:00,22081.406,314.499,2244.452
2025-05-09 11:30:00,22081.406,314.499,2244.452
2025-05-09 11:45:00,22081.406,314.499,2244.452
2025-05-09 12:00:00,20515.648,446.5,2329.575
2025-05-09 12:15:00,20515.648,446.5,2329.575
2025-05-09 12:30:00,20515.648,446.5,2329.575
2025-05-09 12:45:00,20515.648,446.5,2329.575
2025-05-09 13:00:00,18380.277,406.251,2515.232
2025-05-09 13:15:00,18380.277,406.251,2515.232
2025-05-09 13:30:00,18380.277,406.251,2515.232
2025-05-09 13:45:00,18380.277,406.251,2515.232
2025-05-09 14:00:00,15806.203,1525.0,2787.698
2025-05-09 14:15:00,15806.203,1525.0,2787.698
2025-05-09 14:30:00,15806.203,1525.0,2787.698
2025-05-09 14:45:00,15806.203,1525.0,2787.698
2025-05-09 15:00:00,12877.081,2778.249,3062.418
2025-05-09 15:15:00,12877.081,2778.249,3062.418
2025-05-09 15:30:00,12877.081,2778.249,3062.418
2025-05-09 15:45:00,12877.081,2778.249,3062.418
2025-05-09 16:00:00,9174.682,3087.25,3440.188
2025-05-09 16:15:00,9174.682,3087.25,3440.188
2025-05-09 16:30:00,9174.682,3087.25,3440.188
2025-05-09 16:45:00,9174.682,3087.25,3440.188
2025-05-09 17:00:00,5287.548,3195.75,3586.953
2025-05-09 17:15:00,5287.548,3195.75,3586.953
2025-05-09 17:30:00,5287.548,3195.75,3586.953
2025-05-09 17:45:00,5287.548,3195.75,3586.953
2025-05-09 18:00:00,1764.989,3200.249,3292.135
2025-05-09 18:15:00,1764.989,3200.249,3292.135
2025-05-09 18:30:00,1764.989,3200.249,3292.135
2025-05-09 18:45:00,1764.989,3200.249,3292.135
2025-05-09 19:00:00,72.169,3022.249,2059.707
2025-05-09 19:15:00,72.169,3022.249,2059.707
2025-05-09 19:30:00,72.169,3022.249,2059.707
2025-05-09 19:45:00,72.169,3022.249,2059.707
2025-05-09 20:00:00,0.0,2773.25,1565.802
2025-05-09 20:15:00,0.0,2773.25,1565.802
2025-05-09 20:30:00,0.0,2773.25,1565.802
2025-05-09 20:45:00,0.0,2773.25,1565.802
2025-05-09 21:00:00,0.0,2800.751,1452.424
2025-05-09 21:15:00,0.0,2800.751,1452.424
2025-05-09 21:30:00,0.0,2800.751,1452.424
2025-05-09 21:45:00,0.0,2800.751,1452.424
2025-05-09 22:00:00,0.0,2659.25,1228.431
2025-05-09 22:15:00,0.0,2659.25,1228.431
2025-05-09 22:30:00,0.0,2659.25,1228.431
2025-05-09 22:45:00,0.0,2659.25,1228.431
2025-05-09 23:00:00,0.0,2357.75,897.1
2025-05-09 23:15:00,0.0,2357.75,897.1
2025-05-09 23:30:00,0.0,2357.75,897.1
2025-05-09 23:45:00,0.0,2357.75,897.1
2025-05-10 00:00:00,0.0,2138.499,790.958
2025-05-10 00:15:00,0.0,2138.499,790.958
2025-05-10 00:30:00,0.0,2138.499,790.958
2025-05-10 00:45:00,0.0,2138.499,790.958
2025-05-10 01:00:00,0.0,1816.5,477.854
2025-05-10 01:15:00,0.0,1816.5,477.854
2025-05-10 01:30:00,0.0,1816.5,477.854
2025-05-10 01:45:00,0.0,1816.5,477.854
2025-05-10 02:00:00,0.0,1396.75,327.96
2025-05-10 02:15:00,0.0,1396.75,327.96
2025-05-10 02:30:00,0.0,1396.75,327.96
2025-05-10 02:45:00,0.0,1396.75,327.96
2025-05-10 03:00:00,0.0,1132.499,292.355
2025-05-10 03:15:00,0.0,1132.499,292.355
2025-05-10 03:30:00,0.0,1132.499,292.355
2025-05-10 03:45:00,0.0,1132.499,292.355
2025-05-10 04:00:00,370.44,919.5,353.262
2025-05-10 04:15:00,370.44,919.5,353.262
2025-05-10 04:30:00,370.44,919.5,353.262
2025-05-10 04:45:00,370.44,919.5,353.262
2025-05-10 05:00:00,2736.221,651.249,317.864
2025-05-10 05:15:00,2736.221,651.249,317.864
2025-05-10 05:30:00,2736.221,651.249,317.864
2025-05-10 05:45:00,2736.221,651.249,317.864
2025-05-10 06:00:00,6713.587,413.25,478.612
2025-05-10 06:15:00,6713.587,413.25,478.612
2025-05-10 06:30:00,6713.587,413.25,478.612
2025-05-10 06:45:00,6713.587,413.25,478.612
2025-05-10 07:00:00,11189.764,240.249,547.57
2025-05-10 07:15:00,11189.764,240.249,547.57
2025-05-10 07:30:00,11189.764,240.249,547.57
2025-05-10 07:45:00,11189.764,240.249,547.57
2025-05-10 08:00:00,15401.643,199.0,568.502
2025-05-10 08:15:00,15401.643,199.0,568.502
2025-05-10 08:30:00,15401.643,199.0,568.502
2025-05-10 08:45:00,15401.643,199.0,568.502
2025-05-10 09:00:00,18760.389,163.5,762.35
2025-05-10 09:15:00,18760.389,163.5,762.35
2025-05-10 09:30:00,18760.389,163.5,762.35
2025-05-10 09:45:00,18760.389,163.5,762.35
2025-05-10 10:00:00,21052.495,89.751,1154.17
2025-05-10 10:15:00,21052.495,89.751,1154.17
2025-05-10 10:30:00,21052.495,89.751,1154.17
2025-05-10 10:45:00,21052.495,89.751,1154.17
2025-05-10 11:00:00,22196.543,151.5,1496.971
2025-05-10 11:15:00,22196.543,151.5,1496.971
2025-05-10 11:30:00,22196.543,151.5,1496.971
2025-05-10 11:45:00,22196.543,151.5,1496.971
2025-05-10 12:00:00,21831.625,267.25,1735.289
2025-05-10 12:15:00,21831.625,267.25,1735.289
2025-05-10 12:30:00,21831.625,267.25,1735.289
2025-05-10 12:45:00,21831.625,267.25,1735.289
2025-05-10 13:00:00,20157.043,349.0,2248.971
2025-05-10 13:15:00,20157.043,349.0,2248.971
2025-05-10 13:30:00,20157.043,349.0,2248.971
2025-05-10 13:45:00,20157.043,349.0,2248.971
2025-05-10 14:00:00,16731.375,819.25,2770.849
2025-05-10 14:15:00,16731.375,819.25,2770.849
2025-05-10 14:30:00,16731.375,819.25,2770.849
2025-05-10 14:45:00,16731.375,819.25,2770.849
2025-05-10 15:00:00,12722.918,1708.75,3240.102
2025-05-10 15:15:00,12722.918,1708.75,3240.102
2025-05-10 15:30:00,12722.918,1708.75,3240.102
2025-05-10 15:45:00,12722.918,1708.75,3240.102
2025-05-10 16:00:00,9329.491,2128.5,3697.719
2025-05-10 16:15:00,9329.491,2128.5,3697.719
2025-05-10 16:30:00,9329.491,2128.5,3697.719
2025-05-10 16:45:00,9329.491,2128.5,3697.719
2025-05-10 17:00:00,5006.835,2342.0,3917.714
2025-05-10 17:15:00,5006.835,2342.0,3917.714
2025-05-10 17:30:00,5006.835,2342.0,3917.714
2025-05-10 17:45:00,5006.835,2342.0,3917.714
2025-05-10 18:00:00,1794.329,2516.501,3594.987
2025-05-10 18:15:00,1794.329,2516.501,3594.987
2025-05-10 18:30:00,1794.329,2516.501,3594.987
2025-05-10 18:45:00,1794.329,2516.501,3594.987
2025-05-10 19:00:00,80.07,2468.502,2504.128
2025-05-10 19:15:00,80.07,2468.502,2504.128
2025-05-10 19:30:00,80.07,2468.502,2504.128
2025-05-10 19:45:00,80.07,2468.502,2504.128
2025-05-10 20:00:00,0.0,2433.251,1922.863
2025-05-10 20:15:00,0.0,2433.251,1922.863
2025-05-10 20:30:00,0.0,2433.251,1922.863
2025-05-10 20:45:00,0.0,2433.251,1922.863
2025-05-10 21:00:00,0.0,2365.75,1757.188
2025-05-10 21:15:00,0.0,2365.75,1757.188
2025-05-10 21:30:00,0.0,2365.75,1757.188
2025-05-10 21:45:00,0.0,2365.75,1757.188
2025-05-10 22:00:00,0.0,2460.5,1691.444
2025-05-10 22:15:00,0.0,2460.5,1691.444
2025-05-10 22:30:00,0.0,2460.5,1691.444
2025-05-10 22:45:00,0.0,2460.5,1691.444
2025-05-10 23:00:00,0.0,2819.001,1593.266
2025-05-10 23:15:00,0.0,2819.001,1593.266
2025-05-10 23:30:00,0.0,2819.001,1593.266
2025-05-10 23:45:00,0.0,2819.001,1593.266
2025-05-11 00:00:00,0.0,2805.25,1355.845
2025-05-11 00:15:00,0.0,2805.25,1355.845
2025-05-11 00:30:00,0.0,2805.25,1355.845
2025-05-11 00:45:00,0.0,2805.25,1355.845
2025-05-11 01:00:00,0.0,2389.75,1244.412
2025-05-11 01:15:00,0.0,2389.75,1244.412
2025-05-11 01:30:00,0.0,2389.75,1244.412
2025-05-11 01:45:00,0.0,2389.75,1244.412
2025-05-11 02:00:00,0.0,1957.248,989.137
2025-05-11 02:15:00,0.0,1957.248,989.137
2025-05-11 02:30:00,0.0,1957.248,989.137
2025-05-11 02:45:00,0.0,1957.248,989.137
2025-05-11 03:00:00,0.0,1630.999,906.699
2025-05-11 03:15:00,0.0,1630.999,906.699
2025-05-11 03:30:00,0.0,1630.999,906.699
2025-05-11 03:45:00,0.0,1630.999,906.699
2025-05-11 04:00:00,416.133,1419.75,780.487
2025-05-11 04:15:00,416.133,1419.75,780.487
2025-05-11 04:30:00,416.133,1419.75,780.487
2025-05-11 04:45:00,416.133,1419.75,780.487
2025-05-11 05:00:00,2828.376,1310.0,843.025
2025-05-11 05:15:00,2828.376,1310.0,843.025
2025-05-11 05:30:00,2828.376,1310.0,843.025
2025-05-11 05:45:00,2828.376,1310.0,843.025
2025-05-11 06:00:00,6789.596,1233.999,1144.134
2025-05-11 06:15:00,6789.596,1233.999,1144.134
2025-05-11 06:30:00,6789.596,1233.999,1144.134
2025-05-11 06:45:00,6789.596,1233.999,1144.134
2025-05-11 07:00:00,11295.458,1037.25,1370.711
2025-05-11 07:15:00,11295.458,1037.25,1370.711
2025-05-11 07:30:00,11295.458,1037.25,1370.711
2025-05-11 07:45:00,11295.458,1037.25,1370.711
2025-05-11 08:00:00,15480.634,575.749,1550.557
2025-05-11 08:15:00,15480.634,575.749,1550.557
2025-05-11 08:30:00,15480.634,575.749,1550.557
2025-05-11 08:45:00,15480.634,575.749,1550.557
2025-05-11 09:00:00,18886.815,521.0,1914.057
2025-05-11 09:15:00,18886.815,521.0,1914.057
2025-05-11 09:30:00,18886.815,521.0,1914.057
2025-05-11 09:45:00,18886.815,521.0,1914.057
2025-05-11 10:00:00,21172.701,350.5,2725.773
2025-05-11 10:15:00,21172.701,350.5,2725.773
2025-05-11 10:30:00,21172.701,350.5,2725.773
2025-05-11 10:45:00,21172.701,350.5,2725.773
2025-05-11 11:00:00,22171.605,358.75,3067.802
2025-05-11 11:15:00,22171.605,358.75,3067.802
2025-05-11 11:30:00,22171.605,358.75,3067.802
2025-05-11 11:45:00,22171.605,358.75,3067.802
2025-05-11 12:00:00,22001.654,344.251,2732.643
2025-05-11 12:15:00,22001.654,344.251,2732.643
2025-05-11 12:30:00,22001.654,344.251,2732.643
2025-05-11 12:45:00,22001.654,344.251,2732.643
2025-05-11 13:00:00,20383.756,376.25,2370.537
2025-05-11 13:15:00,20383.756,376.25,2370.537
2025-05-11 13:30:00,20383.756,376.25,2370.537
2025-05-11 13:45:00,20383.756,376.25,2370.537
2025-05-11 14:00:00,17302.107,517.249,2022.505
2025-05-11 14:15:00,17302.107,517.249,2022.505
2025-05-11 14:30:00,17302.107,517.249,2022.505
2025-05-11 14:45:00,17302.107,517.249,2022.505
2025-05-11 15:00:00,13720.482,836.0,1960.932
2025-05-11 15:15:00,13720.482,836.0,1960.932
2025-05-11 15:30:00,13720.482,836.0,1960.932
2025-05-11 15:45:00,13720.482,836.0,1960.932
2025-05-11 16:00:00,9322.396,1329.75,2009.818
2025-05-11 16:15:00,9322.396,1329.75,2009.818
2025-05-11 16:30:00,9322.396,1329.75,2009.818
2025-05-11 16:45:00,9322.396,1329.75,2009.818
2025-05-11 17:00:00,5278.895,1570.5,1994.915
2025-05-11 17:15:00,5278.895,1570.5,1994.915
2025-05-11 17:30:00,5278.895,1570.5,1994.915
2025-05-11 17:45:00,5278.895,1570.5,1994.915
2025-05-11 18:00:00,1850.493,1852.75,1552.925
2025-05-11 18:15:00,1850.493,1852.75,1552.925
2025-05-11 18:30:00,1850.493,1852.75,1552.925
2025-05-11 18:45:00,1850.493,1852.75,1552.925
2025-05-11 19:00:00,71.656,1984.749,1091.708
2025-05-11 19:15:00,71.656,1984.749,1091.708
2025-05-11 19:30:00,71.656,1984.749,1091.708
2025-05-11 19:45:00,71.656,1984.749,1091.708
2025-05-11 20:00:00,0.0,2403.5,1033.433
2025-05-11 20:15:00,0.0,2403.5,1033.433
2025-05-11 20:30:00,0.0,2403.5,1033.433
2025-05-11 20:45:00,0.0,2403.5,1033.433
2025-05-11 21:00:00,0.0,3059.501,1093.874
2025-05-11 21:15:00,0.0,3059.501,1093.874
2025-05-11 21:30:00,0.0,3059.501,1093.874
2025-05-11 21:45:00,0.0,3059.501,1093.874
2025-05-11 22:00:00,0.0,3444.751,1178.688
2025-05-11 22:15:00,0.0,3444.751,1178.688
2025-05-11 22:30:00,0.0,3444.751,1178.688
2025-05-11 22:45:00,0.0,3444.751,1178.688
2025-05-11 23:00:00,0.0,3444.0,1363.372
2025-05-11 23:15:00,0.0,3444.0,1363.372
2025-05-11 23:30:00,0.0,3444.0,1363.372
2025-05-11 23:45:00,0.0,3444.0,1363.372
2025-05-12 00:00:00,0.0,3126.751,1209.956
2025-05-12 00:15:00,0.0,3126.751,1209.956
2025-05-12 00:30:00,0.0,3126.751,1209.956
2025-05-12 00:45:00,0.0,3126.751,1209.956
2025-05-12 01:00:00,0.0,2777.75,1225.9
2025-05-12 01:15:00,0.0,2777.75,1225.9
2025-05-12 01:30:00,0.0,2777.75,1225.9
2025-05-12 01:45:00,0.0,2777.75,1225.9
2025-05-12 02:00:00,0.0,2374.5,1268.039
2025-05-12 02:15:00,0.0,2374.5,1268.039
2025-05-12 02:30:00,0.0,2374.5,1268.039
2025-05-12 02:45:00,0.0,2374.5,1268.039
2025-05-12 03:00:00,0.0,2072.25,1224.108
2025-05-12 03:15:00,0.0,2072.25,1224.108
2025-05-12 03:30:00,0.0,2072.25,1224.108
2025-05-12 03:45:00,0.0,2072.25,1224.108
2025-05-12 04:00:00,451.82,2162.75,1467.89
2025-05-12 04:15:00,451.82,2162.75,1467.89
2025-05-12 04:30:00,451.82,2162.75,1467.89
2025-05-12 04:45:00,451.82,2162.75,1467.89
2025-05-12 05:00:00,2874.546,2000.25,1822.025
2025-05-12 05:15:00,2874.546,2000.25,1822.025
2025-05-12 05:30:00,2874.546,2000.25,1822.025
2025-05-12 05:45:00,2874.546,2000.25,1822.025
2025-05-12 06:00:00,6819.753,1737.5,2385.533
2025-05-12 06:15:00,6819.753,1737.5,2385.533
2025-05-12 06:30:00,6819.753,1737.5,2385.533
2025-05-12 06:45:00,6819.753,1737.5,2385.533
2025-05-12 07:00:00,11281.806,1360.751,2766.948
2025-05-12 07:15:00,11281.806,1360.751,2766.948
2025-05-12 07:30:00,11281.806,1360.751,2766.948
2025-05-12 07:45:00,11281.806,1360.751,2766.948
2025-05-12 08:00:00,15477.916,914.25,2764.756
2025-05-12 08:15:00,15477.916,914.25,2764.756
2025-05-12 08:30:00,15477.916,914.25,2764.756
2025-05-12 08:45:00,15477.916,914.25,2764.756
2025-05-12 09:00:00,18910.995,1041.75,3014.939
2025-05-12 09:15:00,18910.995,1041.75,3014.939
2025-05-12 09:30:00,18910.995,1041.75,3014.939
2025-05-12 09:45:00,18910.995,1041.75,3014.939
2025-05-12 10:00:00,21141.515,835.0,3718.842
2025-05-12 10:15:00,21141.515,835.0,3718.842
2025-05-12 10:30:00,21141.515,835.0,3718.842
2025-05-12 10:45:00,21141.515,835.0,3718.842
2025-05-12 11:00:00,22239.282,913.5,4093.133
2025-05-12 11:15:00,22239.282,913.5,4093.133
2025-05-12 11:30:00,22239.282,913.5,4093.133
2025-05-12 11:45:00,22239.282,913.5,4093.133
2025-05-12 12:00:00,22096.807,860.5,4351.617
2025-05-12 12:15:00,22096.807,860.5,4351.617
2025-05-12 12:30:00,22096.807,860.5,4351.617
2025-05-12 12:45:00,22096.807,860.5,4351.617
2025-05-12 13:00:00,20455.181,887.999,4373.744
2025-05-12 13:15:00,20455.181,887.999,4373.744
2025-05-12 13:30:00,20455.181,887.999,4373.744
2025-05-12 13:45:00,20455.181,887.999,4373.744
2025-05-12 14:00:00,17340.333,1237.5,4230.695
2025-05-12 14:15:00,17340.333,1237.5,4230.695
2025-05-12 14:30:00,17340.333,1237.5,4230.695
2025-05-12 14:45:00,17340.333,1237.5,4230.695
2025-05-12 15:00:00,13632.707,2161.5,4051.878
2025-05-12 15:15:00,13632.707,2161.5,4051.878
2025-05-12 15:30:00,13632.707,2161.5,4051.878
2025-05-12 15:45:00,13632.707,2161.5,4051.878
2025-05-12 16:00:00,9478.596,2653.001,3862.633
2025-05-12 16:15:00,9478.596,2653.001,3862.633
2025-05-12 16:30:00,9478.596,2653.001,3862.633
2025-05-12 16:45:00,9478.596,2653.001,3862.633
2025-05-12 17:00:00,5435.096,3028.5,3922.314
2025-05-12 17:15:00,5435.096,3028.5,3922.314
2025-05-12 17:30:00,5435.096,3028.5,3922.314
2025-05-12 17:45:00,5435.096,3028.5,3922.314
2025-05-12 18:00:00,1995.484,3099.5,3284.889
2025-05-12 18:15:00,1995.484,3099.5,3284.889
2025-05-12 18:30:00,1995.484,3099.5,3284.889
2025-05-12 18:45:00,1995.484,3099.5,3284.889
2025-05-12 19:00:00,114.483,2619.0,2022.166
2025-05-12 19:15:00,114.483,2619.0,2022.166
2025-05-12 19:30:00,114.483,2619.0,2022.166
2025-05-12 19:45:00,114.483,2619.0,2022.166
2025-05-12 20:00:00,0.0,2433.0,1576.01
2025-05-12 20:15:00,0.0,2433.0,1576.01
2025-05-12 20:30:00,0.0,2433.0,1576.01
2025-05-12 20:45:00,0.0,2433.0,1576.01
2025-05-12 21:00:00,0.0,2617.0,1535.648
2025-05-12 21:15:00,0.0,2617.0,1535.648
2025-05-12 21:30:00,0.0,2617.0,1535.648
2025-05-12 21:45:00,0.0,2617.0,1535.648
2025-05-12 22:00:00,0.0,2854.75,1614.229
2025-05-12 22:15:00,0.0,2854.75,1614.229
2025-05-12 22:30:00,0.0,2854.75,1614.229
2025-05-12 22:45:00,0.0,2854.75,1614.229
2025-05-12 23:00:00,0.0,2364.751,1610.538
2025-05-12 23:15:00,0.0,2364.751,1610.538
2025-05-12 23:30:00,0.0,2364.751,1610.538
2025-05-12 23:45:00,0.0,2364.751,1610.538
2025-05-13 00:00:00,0.0,1943.25,1611.919
2025-05-13 00:15:00,0.0,1943.25,1611.919
2025-05-13 00:30:00,0.0,1943.25,1611.919
2025-05-13 00:45:00,0.0,1943.25,1611.919
2025-05-13 01:00:00,0.0,2052.75,1678.34
2025-05-13 01:15:00,0.0,2052.75,1678.34
2025-05-13 01:30:00,0.0,2052.75,1678.34
2025-05-13 01:45:00,0.0,2052.75,1678.34
2025-05-13 02:00:00,0.0,2289.5,1770.441
2025-05-13 02:15:00,0.0,2289.5,1770.441
2025-05-13 02:30:00,0.0,2289.5,1770.441
2025-05-13 02:45:00,0.0,2289.5,1770.441
2025-05-13 03:00:00,1.756,2181.25,1618.437
2025-05-13 03:15:00,1.756,2181.25,1618.437
2025-05-13 03:30:00,1.756,2181.25,1618.437
2025-05-13 03:45:00,1.756,2181.25,1618.437
2025-05-13 04:00:00,516.484,1995.75,1416.119
2025-05-13 04:15:00,516.484,1995.75,1416.119
2025-05-13 04:30:00,516.484,1995.75,1416.119
2025-05-13 04:45:00,516.484,1995.75,1416.119
2025-05-13 05:00:00,3052.266,1814.0,1604.783
2025-05-13 05:15:00,3052.266,1814.0,1604.783
2025-05-13 05:30:00,3052.266,1814.0,1604.783
2025-05-13 05:45:00,3052.266,1814.0,1604.783
2025-05-13 06:00:00,7072.737,1352.75,1904.542
2025-05-13 06:15:00,7072.737,1352.75,1904.542
2025-05-13 06:30:00,7072.737,1352.75,1904.542
2025-05-13 06:45:00,7072.737,1352.75,1904.542
2025-05-13 07:00:00,11646.663,1088.749,1810.499
2025-05-13 07:15:00,11646.663,1088.749,1810.499
2025-05-13 07:30:00,11646.663,1088.749,1810.499
2025-05-13 07:45:00,11646.663,1088.749,1810.499
2025-05-13 08:00:00,15887.744,712.251,1908.547
2025-05-13 08:15:00,15887.744,712.251,1908.547
2025-05-13 08:30:00,15887.744,712.251,1908.547
2025-05-13 08:45:00,15887.744,712.251,1908.547
2025-05-13 09:00:00,19289.633,395.25,2497.403
2025-05-13 09:15:00,19289.633,395.25,2497.403
2025-05-13 09:30:00,19289.633,395.25,2497.403
2025-05-13 09:45:00,19289.633,395.25,2497.403
2025-05-13 10:00:00,21701.655,455.25,2907.418
2025-05-13 10:15:00,21701.655,455.25,2907.418
2025-05-13 10:30:00,21701.655,455.25,2907.418
2025-05-13 10:45:00,21701.655,455.25,2907.418
2025-05-13 11:00:00,22717.056,512.0,2849.098
2025-05-13 11:15:00,22717.056,512.0,2849.098
2025-05-13 11:30:00,22717.056,512.0,2849.098
2025-05-13 11:45:00,22717.056,512.0,2849.098
2025-05-13 12:00:00,22489.57,469.5,2742.156
2025-05-13 12:15:00,22489.57,469.5,2742.156
2025-05-13 12:30:00,22489.57,469.5,2742.156
2025-05-13 12:45:00,22489.57,469.5,2742.156
2025-05-13 13:00:00,20906.909,551.751,2693.922
2025-05-13 13:15:00,20906.909,551.751,2693.922
2025-05-13 13:30:00,20906.909,551.751,2693.922
2025-05-13 13:45:00,20906.909,551.751,2693.922
2025-05-13 14:00:00,18057.078,1559.251,2514.044
2025-05-13 14:15:00,18057.078,1559.251,2514.044
2025-05-13 14:30:00,18057.078,1559.251,2514.044
2025-05-13 14:45:00,18057.078,1559.251,2514.044
2025-05-13 15:00:00,14250.201,2248.25,2354.141
2025-05-13 15:15:00,14250.201,2248.25,2354.141
2025-05-13 15:30:00,14250.201,2248.25,2354.141
2025-05-13 15:45:00,14250.201,2248.25,2354.141
2025-05-13 16:00:00,9885.491,2828.999,2299.759
2025-05-13 16:15:00,9885.491,2828.999,2299.759
2025-05-13 16:30:00,9885.491,2828.999,2299.759
2025-05-13 16:45:00,9885.491,2828.999,2299.759
2025-05-13 17:00:00,5676.665,3051.5,2559.606
2025-05-13 17:15:00,5676.665,3051.5,2559.606
2025-05-13 17:30:00,5676.665,3051.5,2559.606
2025-05-13 17:45:00,5676.665,3051.5,2559.606
2025-05-13 18:00:00,2006.959,3222.501,2641.848
2025-05-13 18:15:00,2006.959,3222.501,2641.848
2025-05-13 18:30:00,2006.959,3222.501,2641.848
2025-05-13 18:45:00,2006.959,3222.501,2641.848
2025-05-13 19:00:00,99.765,3372.498,2018.256
2025-05-13 19:15:00,99.765,3372.498,2018.256
2025-05-13 19:30:00,99.765,3372.498,2018.256
2025-05-13 19:45:00,99.765,3372.498,2018.256
2025-05-13 20:00:00,0.0,3137.75,1536.712
2025-05-13 20:15:00,0.0,3137.75,1536.712
2025-05-13 20:30:00,0.0,3137.75,1536.712
2025-05-13 20:45:00,0.0,3137.75,1536.712
2025-05-13 21:00:00,0.0,2994.75,1102.848
2025-05-13 21:15:00,0.0,2994.75,1102.848
2025-05-13 21:30:00,0.0,2994.75,1102.848
2025-05-13 21:45:00,0.0,2994.75,1102.848
2025-05-13 22:00:00,0.0,2782.75,858.225
2025-05-13 22:15:00,0.0,2782.75,858.225
2025-05-13 22:30:00,0.0,2782.75,858.225
2025-05-13 22:45:00,0.0,2782.75,858.225
2025-05-13 23:00:00,0.0,2055.0,785.446
2025-05-13 23:15:00,0.0,2055.0,785.446
2025-05-13 23:30:00,0.0,2055.0,785.446
2025-05-13 23:45:00,0.0,2055.0,785.446
2025-05-14 00:00:00,0.0,1457.751,740.362
2025-05-14 00:15:00,0.0,1457.751,740.362
2025-05-14 00:30:00,0.0,1457.751,740.362
2025-05-14 00:45:00,0.0,1457.751,740.362
2025-05-14 01:00:00,0.0,1128.5,551.325
2025-05-14 01:15:00,0.0,1128.5,551.325
2025-05-14 01:30:00,0.0,1128.5,551.325
2025-05-14 01:45:00,0.0,1128.5,551.325
2025-05-14 02:00:00,0.0,894.75,341.83
2025-05-14 02:15:00,0.0,894.75,341.83
2025-05-14 02:30:00,0.0,894.75,341.83
2025-05-14 02:45:00,0.0,894.75,341.83
2025-05-14 03:00:00,1.331,817.001,219.301
2025-05-14 03:15:00,1.331,817.001,219.301
2025-05-14 03:30:00,1.331,817.001,219.301
2025-05-14 03:45:00,1.331,817.001,219.301
2025-05-14 04:00:00,364.158,886.251,252.098
2025-05-14 04:15:00,364.158,886.251,252.098
2025-05-14 04:30:00,364.158,886.251,252.098
2025-05-14 04:45:00,364.158,886.251,252.098
2025-05-14 05:00:00,2546.346,824.749,251.288
2025-05-14 05:15:00,2546.346,824.749,251.288
2025-05-14 05:30:00,2546.346,824.749,251.288
2025-05-14 05:45:00,2546.346,824.749,251.288
2025-05-14 06:00:00,6090.828,907.001,432.698
2025-05-14 06:15:00,6090.828,907.001,432.698
2025-05-14 06:30:00,6090.828,907.001,432.698
2025-05-14 06:45:00,6090.828,907.001,432.698
2025-05-14 07:00:00,10372.122,929.0,835.707
2025-05-14 07:15:00,10372.122,929.0,835.707
2025-05-14 07:30:00,10372.122,929.0,835.707
2025-05-14 07:45:00,10372.122,929.0,835.707
2025-05-14 08:00:00,13939.708,866.499,1396.103
2025-05-14 08:15:00,13939.708,866.499,1396.103
2025-05-14 08:30:00,13939.708,866.499,1396.103
2025-05-14 08:45:00,13939.708,866.499,1396.103
2025-05-14 09:00:00,16975.238,818.0,2044.311
2025-05-14 09:15:00,16975.238,818.0,2044.311
2025-05-14 09:30:00,16975.238,818.0,2044.311
2025-05-14 09:45:00,16975.238,818.0,2044.311
2025-05-14 10:00:00,19364.103,1092.999,2755.676
2025-05-14 10:15:00,19364.103,1092.999,2755.676
2025-05-14 10:30:00,19364.103,1092.999,2755.676
2025-05-14 10:45:00,19364.103,1092.999,2755.676
2025-05-14 11:00:00,20866.882,1375.249,2984.312
2025-05-14 11:15:00,20866.882,1375.249,2984.312
2025-05-14 11:30:00,20866.882,1375.249,2984.312
2025-05-14 11:45:00,20866.882,1375.249,2984.312
2025-05-14 12:00:00,21058.554,933.499,3282.633
2025-05-14 12:15:00,21058.554,933.499,3282.633
2025-05-14 12:30:00,21058.554,933.499,3282.633
2025-05-14 12:45:00,21058.554,933.499,3282.633
2025-05-14 13:00:00,20049.912,1288.0,4021.488
2025-05-14 13:15:00,20049.912,1288.0,4021.488
2025-05-14 13:30:00,20049.912,1288.0,4021.488
2025-05-14 13:45:00,20049.912,1288.0,4021.488
2025-05-14 14:00:00,17930.157,1851.249,4646.23
2025-05-14 14:15:00,17930.157,1851.249,4646.23
2025-05-14 14:30:00,17930.157,1851.249,4646.23
2025-05-14 14:45:00,17930.157,1851.249,4646.23
2025-05-14 15:00:00,14068.301,2151.0,4679.779
2025-05-14 15:15:00,14068.301,2151.0,4679.779
2025-05-14 15:30:00,14068.301,2151.0,4679.779
2025-05-14 15:45:00,14068.301,2151.0,4679.779
2025-05-14 16:00:00,9812.932,2712.999,4860.339
2025-05-14 16:15:00,9812.932,2712.999,4860.339
2025-05-14 16:30:00,9812.932,2712.999,4860.339
2025-05-14 16:45:00,9812.932,2712.999,4860.339
2025-05-14 17:00:00,5378.129,2695.999,4945.618
2025-05-14 17:15:00,5378.129,2695.999,4945.618
2025-05-14 17:30:00,5378.129,2695.999,4945.618
2025-05-14 17:45:00,5378.129,2695.999,4945.618
2025-05-14 18:00:00,1803.8,2848.499,4377.62
2025-05-14 18:15:00,1803.8,2848.499,4377.62
2025-05-14 18:30:00,1803.8,2848.499,4377.62
2025-05-14 18:45:00,1803.8,2848.499,4377.62
2025-05-14 19:00:00,93.833,2836.5,3623.922
2025-05-14 19:15:00,93.833,2836.5,3623.922
2025-05-14 19:30:00,93.833,2836.5,3623.922
2025-05-14 19:45:00,93.833,2836.5,3623.922
2025-05-14 20:00:00,0.0,3101.5,2978.61
2025-05-14 20:15:00,0.0,3101.5,2978.61
2025-05-14 20:30:00,0.0,3101.5,2978.61
2025-05-14 20:45:00,0.0,3101.5,2978.61
2025-05-14 21:00:00,0.0,3096.501,2461.008
2025-05-14 21:15:00,0.0,3096.501,2461.008
2025-05-14 21:30:00,0.0,3096.501,2461.008
2025-05-14 21:45:00,0.0,3096.501,2461.008
2025-05-14 22:00:00,0.0,2931.001,2122.286
2025-05-14 22:15:00,0.0,2931.001,2122.286
2025-05-14 22:30:00,0.0,2931.001,2122.286
2025-05-14 22:45:00,0.0,2931.001,2122.286
2025-05-14 23:00:00,0.0,2790.252,2051.184
2025-05-14 23:15:00,0.0,2790.252,2051.184
2025-05-14 23:30:00,0.0,2790.252,2051.184
2025-05-14 23:45:00,0.0,2790.252,2051.184
2025-05-15 00:00:00,0.0,2558.0,1921.261
2025-05-15 00:15:00,0.0,2558.0,1921.261
2025-05-15 00:30:00,0.0,2558.0,1921.261
2025-05-15 00:45:00,0.0,2558.0,1921.261
2025-05-15 01:00:00,0.0,2519.25,1939.62
2025-05-15 01:15:00,0.0,2519.25,1939.62
2025-05-15 01:30:00,0.0,2519.25,1939.62
2025-05-15 01:45:00,0.0,2519.25,1939.62
2025-05-15 02:00:00,0.0,2473.25,2212.286
2025-05-15 02:15:00,0.0,2473.25,2212.286
2025-05-15 02:30:00,0.0,2473.25,2212.286
2025-05-15 02:45:00,0.0,2473.25,2212.286
2025-05-15 03:00:00,5.679,2340.75,2191.577
2025-05-15 03:15:00,5.679,2340.75,2191.577
2025-05-15 03:30:00,5.679,2340.75,2191.577
2025-05-15 03:45:00,5.679,2340.75,2191.577
2025-05-15 04:00:00,411.498,2440.749,2254.894
2025-05-15 04:15:00,411.498,2440.749,2254.894
2025-05-15 04:30:00,411.498,2440.749,2254.894
2025-05-15 04:45:00,411.498,2440.749,2254.894
2025-05-15 05:00:00,1716.651,2352.75,2428.944
2025-05-15 05:15:00,1716.651,2352.75,2428.944
2025-05-15 05:30:00,1716.651,2352.75,2428.944
2025-05-15 05:45:00,1716.651,2352.75,2428.944
2025-05-15 06:00:00,4351.644,1899.251,2598.063
2025-05-15 06:15:00,4351.644,1899.251,2598.063
2025-05-15 06:30:00,4351.644,1899.251,2598.063
2025-05-15 06:45:00,4351.644,1899.251,2598.063
2025-05-15 07:00:00,8222.907,1717.25,2403.318
2025-05-15 07:15:00,8222.907,1717.25,2403.318
2025-05-15 07:30:00,8222.907,1717.25,2403.318
2025-05-15 07:45:00,8222.907,1717.25,2403.318
2025-05-15 08:00:00,13583.103,1122.75,2034.721
2025-05-15 08:15:00,13583.103,1122.75,2034.721
2025-05-15 08:30:00,13583.103,1122.75,2034.721
2025-05-15 08:45:00,13583.103,1122.75,2034.721
2025-05-15 09:00:00,17929.247,575.0,1995.259
2025-05-15 09:15:00,17929.247,575.0,1995.259
2025-05-15 09:30:00,17929.247,575.0,1995.259
2025-05-15 09:45:00,17929.247,575.0,1995.259
2025-05-15 10:00:00,20647.101,560.5,2666.047
2025-05-15 10:15:00,20647.101,560.5,2666.047
2025-05-15 10:30:00,20647.101,560.5,2666.047
2025-05-15 10:45:00,20647.101,560.5,2666.047
2025-05-15 11:00:00,21845.706,943.751,3563.737
2025-05-15 11:15:00,21845.706,943.751,3563.737
2025-05-15 11:30:00,21845.706,943.751,3563.737
2025-05-15 11:45:00,21845.706,943.751,3563.737
2025-05-15 12:00:00,21355.559,1030.25,4312.661
2025-05-15 12:15:00,21355.559,1030.25,4312.661
2025-05-15 12:30:00,21355.559,1030.25,4312.661
2025-05-15 12:45:00,21355.559,1030.25,4312.661
2025-05-15 13:00:00,20055.581,1224.75,4821.021
2025-05-15 13:15:00,20055.581,1224.75,4821.021
2025-05-15 13:30:00,20055.581,1224.75,4821.021
2025-05-15 13:45:00,20055.581,1224.75,4821.021
2025-05-15 14:00:00,17299.783,1879.749,5110.08
2025-05-15 14:15:00,17299.783,1879.749,5110.08
2025-05-15 14:30:00,17299.783,1879.749,5110.08
2025-05-15 14:45:00,17299.783,1879.749,5110.08
2025-05-15 15:00:00,14491.213,2414.25,5118.536
2025-05-15 15:15:00,14491.213,2414.25,5118.536
2025-05-15 15:30:00,14491.213,2414.25,5118.536
2025-05-15 15:45:00,14491.213,2414.25,5118.536
2025-05-15 16:00:00,10403.223,3205.501,5170.524
2025-05-15 16:15:00,10403.223,3205.501,5170.524
2025-05-15 16:30:00,10403.223,3205.501,5170.524
2025-05-15 16:45:00,10403.223,3205.501,5170.524
2025-05-15 17:00:00,6020.046,3517.001,5213.737
2025-05-15 17:15:00,6020.046,3517.001,5213.737
2025-05-15 17:30:00,6020.046,3517.001,5213.737
2025-05-15 17:45:00,6020.046,3517.001,5213.737
2025-05-15 18:00:00,2262.399,3600.249,4651.638
2025-05-15 18:15:00,2262.399,3600.249,4651.638
2025-05-15 18:30:00,2262.399,3600.249,4651.638
2025-05-15 18:45:00,2262.399,3600.249,4651.638
2025-05-15 19:00:00,167.382,3413.25,3353.369
2025-05-15 19:15:00,167.382,3413.25,3353.369
2025-05-15 19:30:00,167.382,3413.25,3353.369
2025-05-15 19:45:00,167.382,3413.25,3353.369
2025-05-15 20:00:00,0.0,3266.249,2352.848
2025-05-15 20:15:00,0.0,3266.249,2352.848
2025-05-15 20:30:00,0.0,3266.249,2352.848
2025-05-15 20:45:00,0.0,3266.249,2352.848
2025-05-15 21:00:00,0.0,3085.5,1935.369
2025-05-15 21:15:00,0.0,3085.5,1935.369
2025-05-15 21:30:00,0.0,3085.5,1935.369
2025-05-15 21:45:00,0.0,3085.5,1935.369
2025-05-15 22:00:00,0.0,2836.5,1566.595
2025-05-15 22:15:00,0.0,2836.5,1566.595
2025-05-15 22:30:00,0.0,2836.5,1566.595
2025-05-15 22:45:00,0.0,2836.5,1566.595
2025-05-15 23:00:00,0.0,2329.25,1006.28
2025-05-15 23:15:00,0.0,2329.25,1006.28
2025-05-15 23:30:00,0.0,2329.25,1006.28
2025-05-15 23:45:00,0.0,2329.25,1006.28
2025-05-16 00:00:00,0.0,1801.249,544.647
2025-05-16 00:15:00,0.0,1801.249,544.647
2025-05-16 00:30:00,0.0,1801.249,544.647
2025-05-16 00:45:00,0.0,1801.249,544.647
2025-05-16 01:00:00,0.0,1252.001,476.088
2025-05-16 01:15:00,0.0,1252.001,476.088
2025-05-16 01:30:00,0.0,1252.001,476.088
2025-05-16 01:45:00,0.0,1252.001,476.088
2025-05-16 02:00:00,0.0,989.25,404.254
2025-05-16 02:15:00,0.0,989.25,404.254
2025-05-16 02:30:00,0.0,989.25,404.254
2025-05-16 02:45:00,0.0,989.25,404.254
2025-05-16 03:00:00,4.962,947.25,391.717
2025-05-16 03:15:00,4.962,947.25,391.717
2025-05-16 03:30:00,4.962,947.25,391.717
2025-05-16 03:45:00,4.962,947.25,391.717
2025-05-16 04:00:00,605.645,1036.999,352.792
2025-05-16 04:15:00,605.645,1036.999,352.792
2025-05-16 04:30:00,605.645,1036.999,352.792
2025-05-16 04:45:00,605.645,1036.999,352.792
2025-05-16 05:00:00,3010.02,1111.249,377.273
2025-05-16 05:15:00,3010.02,1111.249,377.273
2025-05-16 05:30:00,3010.02,1111.249,377.273
2025-05-16 05:45:00,3010.02,1111.249,377.273
2025-05-16 06:00:00,6484.207,1071.5,726.149
2025-05-16 06:15:00,6484.207,1071.5,726.149
2025-05-16 06:30:00,6484.207,1071.5,726.149
2025-05-16 06:45:00,6484.207,1071.5,726.149
2025-05-16 07:00:00,10511.848,1095.25,1704.873
2025-05-16 07:15:00,10511.848,1095.25,1704.873
2025-05-16 07:30:00,10511.848,1095.25,1704.873
2025-05-16 07:45:00,10511.848,1095.25,1704.873
2025-05-16 08:00:00,13615.175,1132.25,2076.988
2025-05-16 08:15:00,13615.175,1132.25,2076.988
2025-05-16 08:30:00,13615.175,1132.25,2076.988
2025-05-16 08:45:00,13615.175,1132.25,2076.988
2025-05-16 09:00:00,16158.994,1297.75,2633.986
2025-05-16 09:15:00,16158.994,1297.75,2633.986
2025-05-16 09:30:00,16158.994,1297.75,2633.986
2025-05-16 09:45:00,16158.994,1297.75,2633.986
2025-05-16 10:00:00,18048.202,1139.0,3240.25
2025-05-16 10:15:00,18048.202,1139.0,3240.25
2025-05-16 10:30:00,18048.202,1139.0,3240.25
2025-05-16 10:45:00,18048.202,1139.0,3240.25
2025-05-16 11:00:00,19329.057,1053.5,3413.603
2025-05-16 11:15:00,19329.057,1053.5,3413.603
2025-05-16 11:30:00,19329.057,1053.5,3413.603
2025-05-16 11:45:00,19329.057,1053.5,3413.603
2025-05-16 12:00:00,18395.408,1151.001,3791.977
2025-05-16 12:15:00,18395.408,1151.001,3791.977
2025-05-16 12:30:00,18395.408,1151.001,3791.977
2025-05-16 12:45:00,18395.408,1151.001,3791.977
2025-05-16 13:00:00,16076.693,1267.5,4063.343
2025-05-16 13:15:00,16076.693,1267.5,4063.343
2025-05-16 13:30:00,16076.693,1267.5,4063.343
2025-05-16 13:45:00,16076.693,1267.5,4063.343
2025-05-16 14:00:00,12937.05,1753.749,4203.075
2025-05-16 14:15:00,12937.05,1753.749,4203.075
2025-05-16 14:30:00,12937.05,1753.749,4203.075
2025-05-16 14:45:00,12937.05,1753.749,4203.075
2025-05-16 15:00:00,9088.22,2510.249,4110.72
2025-05-16 15:15:00,9088.22,2510.249,4110.72
2025-05-16 15:30:00,9088.22,2510.249,4110.72
2025-05-16 15:45:00,9088.22,2510.249,4110.72
2025-05-16 16:00:00,5668.501,2709.75,3846.932
2025-05-16 16:15:00,5668.501,2709.75,3846.932
2025-05-16 16:30:00,5668.501,2709.75,3846.932
2025-05-16 16:45:00,5668.501,2709.75,3846.932
2025-05-16 17:00:00,2676.967,2744.499,3330.083
2025-05-16 17:15:00,2676.967,2744.499,3330.083
2025-05-16 17:30:00,2676.967,2744.499,3330.083
2025-05-16 17:45:00,2676.967,2744.499,3330.083
2025-05-16 18:00:00,1091.646,2583.5,2979.051
2025-05-16 18:15:00,1091.646,2583.5,2979.051
2025-05-16 18:30:00,1091.646,2583.5,2979.051
2025-05-16 18:45:00,1091.646,2583.5,2979.051
2025-05-16 19:00:00,110.866,2455.5,2286.933
2025-05-16 19:15:00,110.866,2455.5,2286.933
2025-05-16 19:30:00,110.866,2455.5,2286.933
2025-05-16 19:45:00,110.866,2455.5,2286.933
2025-05-16 20:00:00,0.0,2351.0,1516.351
2025-05-16 20:15:00,0.0,2351.0,1516.351
2025-05-16 20:30:00,0.0,2351.0,1516.351
2025-05-16 20:45:00,0.0,2351.0,1516.351
2025-05-16 21:00:00,0.0,2433.501,1358.59
2025-05-16 21:15:00,0.0,2433.501,1358.59
2025-05-16 21:30:00,0.0,2433.501,1358.59
2025-05-16 21:45:00,0.0,2433.501,1358.59
2025-05-16 22:00:00,0.0,2416.001,1255.473
2025-05-16 22:15:00,0.0,2416.001,1255.473
2025-05-16 22:30:00,0.0,2416.001,1255.473
2025-05-16 22:45:00,0.0,2416.001,1255.473
2025-05-16 23:00:00,0.0,2207.0,1098.727
2025-05-16 23:15:00,0.0,2207.0,1098.727
2025-05-16 23:30:00,0.0,2207.0,1098.727
2025-05-16 23:45:00,0.0,2207.0,1098.727
2025-05-17 00:00:00,0.0,1897.0,815.555
2025-05-17 00:15:00,0.0,1897.0,815.555
2025-05-17 00:30:00,0.0,1897.0,815.555
2025-05-17 00:45:00,0.0,1897.0,815.555
2025-05-17 01:00:00,0.0,1593.25,664.239
2025-05-17 01:15:00,0.0,1593.25,664.239
2025-05-17 01:30:00,0.0,1593.25,664.239
2025-05-17 01:45:00,0.0,1593.25,664.239
2025-05-17 02:00:00,0.0,1570.5,619.85
2025-05-17 02:15:00,0.0,1570.5,619.85
2025-05-17 02:30:00,0.0,1570.5,619.85
2025-05-17 02:45:00,0.0,1570.5,619.85
2025-05-17 03:00:00,5.156,1595.5,632.109
2025-05-17 03:15:00,5.156,1595.5,632.109
2025-05-17 03:30:00,5.156,1595.5,632.109
2025-05-17 03:45:00,5.156,1595.5,632.109
2025-05-17 04:00:00,557.237,1616.5,624.305
2025-05-17 04:15:00,557.237,1616.5,624.305
2025-05-17 04:30:00,557.237,1616.5,624.305
2025-05-17 04:45:00,557.237,1616.5,624.305
2025-05-17 05:00:00,2882.859,1412.751,850.802
2025-05-17 05:15:00,2882.859,1412.751,850.802
2025-05-17 05:30:00,2882.859,1412.751,850.802
2025-05-17 05:45:00,2882.859,1412.751,850.802
2025-05-17 06:00:00,6919.545,1326.75,1537.124
2025-05-17 06:15:00,6919.545,1326.75,1537.124
2025-05-17 06:30:00,6919.545,1326.75,1537.124
2025-05-17 06:45:00,6919.545,1326.75,1537.124
2025-05-17 07:00:00,11471.565,1150.75,2014.329
2025-05-17 07:15:00,11471.565,1150.75,2014.329
2025-05-17 07:30:00,11471.565,1150.75,2014.329
2025-05-17 07:45:00,11471.565,1150.75,2014.329
2025-05-17 08:00:00,15525.791,1283.25,2363.824
2025-05-17 08:15:00,15525.791,1283.25,2363.824
2025-05-17 08:30:00,15525.791,1283.25,2363.824
2025-05-17 08:45:00,15525.791,1283.25,2363.824
2025-05-17 09:00:00,17371.792,895.001,2850.572
2025-05-17 09:15:00,17371.792,895.001,2850.572
2025-05-17 09:30:00,17371.792,895.001,2850.572
2025-05-17 09:45:00,17371.792,895.001,2850.572
2025-05-17 10:00:00,18838.44,700.75,3231.324
2025-05-17 10:15:00,18838.44,700.75,3231.324
2025-05-17 10:30:00,18838.44,700.75,3231.324
2025-05-17 10:45:00,18838.44,700.75,3231.324
2025-05-17 11:00:00,20582.905,710.25,3496.116
2025-05-17 11:15:00,20582.905,710.25,3496.116
2025-05-17 11:30:00,20582.905,710.25,3496.116
2025-05-17 11:45:00,20582.905,710.25,3496.116
2025-05-17 12:00:00,19814.6,776.0,4139.39
2025-05-17 12:15:00,19814.6,776.0,4139.39
2025-05-17 12:30:00,19814.6,776.0,4139.39
2025-05-17 12:45:00,19814.6,776.0,4139.39
2025-05-17 13:00:00,18420.967,745.5,4635.311
2025-05-17 13:15:00,18420.967,745.5,4635.311
2025-05-17 13:30:00,18420.967,745.5,4635.311
2025-05-17 13:45:00,18420.967,745.5,4635.311
2025-05-17 14:00:00,15875.912,945.0,4792.559
2025-05-17 14:15:00,15875.912,945.0,4792.559
2025-05-17 14:30:00,15875.912,945.0,4792.559
2025-05-17 14:45:00,15875.912,945.0,4792.559
2025-05-17 15:00:00,12415.141,1338.001,4577.312
2025-05-17 15:15:00,12415.141,1338.001,4577.312
2025-05-17 15:30:00,12415.141,1338.001,4577.312
2025-05-17 15:45:00,12415.141,1338.001,4577.312
2025-05-17 16:00:00,8848.916,1259.0,4105.817
2025-05-17 16:15:00,8848.916,1259.0,4105.817
2025-05-17 16:30:00,8848.916,1259.0,4105.817
2025-05-17 16:45:00,8848.916,1259.0,4105.817
2025-05-17 17:00:00,4720.683,1217.251,3679.044
2025-05-17 17:15:00,4720.683,1217.251,3679.044
2025-05-17 17:30:00,4720.683,1217.251,3679.044
2025-05-17 17:45:00,4720.683,1217.251,3679.044
2025-05-17 18:00:00,1502.05,1101.25,2895.967
2025-05-17 18:15:00,1502.05,1101.25,2895.967
2025-05-17 18:30:00,1502.05,1101.25,2895.967
2025-05-17 18:45:00,1502.05,1101.25,2895.967
2025-05-17 19:00:00,73.813,1440.501,1979.583
2025-05-17 19:15:00,73.813,1440.501,1979.583
2025-05-17 19:30:00,73.813,1440.501,1979.583
2025-05-17 19:45:00,73.813,1440.501,1979.583
2025-05-17 20:00:00,0.0,1758.25,1408.462
2025-05-17 20:15:00,0.0,1758.25,1408.462
2025-05-17 20:30:00,0.0,1758.25,1408.462
2025-05-17 20:45:00,0.0,1758.25,1408.462
2025-05-17 21:00:00,0.0,1714.501,1225.481
2025-05-17 21:15:00,0.0,1714.501,1225.481
2025-05-17 21:30:00,0.0,1714.501,1225.481
2025-05-17 21:45:00,0.0,1714.501,1225.481
2025-05-17 22:00:00,0.0,1629.251,1389.124
2025-05-17 22:15:00,0.0,1629.251,1389.124
2025-05-17 22:30:00,0.0,1629.251,1389.124
2025-05-17 22:45:00,0.0,1629.251,1389.124
2025-05-17 23:00:00,0.0,1408.752,1219.304
2025-05-17 23:15:00,0.0,1408.752,1219.304
2025-05-17 23:30:00,0.0,1408.752,1219.304
2025-05-17 23:45:00,0.0,1408.752,1219.304
2025-05-18 00:00:00,0.0,1317.25,940.114
2025-05-18 00:15:00,0.0,1317.25,940.114
2025-05-18 00:30:00,0.0,1317.25,940.114
2025-05-18 00:45:00,0.0,1317.25,940.114
2025-05-18 01:00:00,0.0,1104.75,771.258
2025-05-18 01:15:00,0.0,1104.75,771.258
2025-05-18 01:30:00,0.0,1104.75,771.258
2025-05-18 01:45:00,0.0,1104.75,771.258
2025-05-18 02:00:00,0.0,986.75,731.477
2025-05-18 02:15:00,0.0,986.75,731.477
2025-05-18 02:30:00,0.0,986.75,731.477
2025-05-18 02:45:00,0.0,986.75,731.477
2025-05-18 03:00:00,4.035,927.25,681.859
2025-05-18 03:15:00,4.035,927.25,681.859
2025-05-18 03:30:00,4.035,927.25,681.859
2025-05-18 03:45:00,4.035,927.25,681.859
2025-05-18 04:00:00,246.23,849.5,582.787
2025-05-18 04:15:00,246.23,849.5,582.787
2025-05-18 04:30:00,246.23,849.5,582.787
2025-05-18 04:45:00,246.23,849.5,582.787
2025-05-18 05:00:00,1392.761,633.001,385.549
2025-05-18 05:15:00,1392.761,633.001,385.549
2025-05-18 05:30:00,1392.761,633.001,385.549
2025-05-18 05:45:00,1392.761,633.001,385.549
2025-05-18 06:00:00,3674.69,478.5,402.468
2025-05-18 06:15:00,3674.69,478.5,402.468
2025-05-18 06:30:00,3674.69,478.5,402.468
2025-05-18 06:45:00,3674.69,478.5,402.468
2025-05-18 07:00:00,6351.81,363.75,506.538
2025-05-18 07:15:00,6351.81,363.75,506.538
2025-05-18 07:30:00,6351.81,363.75,506.538
2025-05-18 07:45:00,6351.81,363.75,506.538
2025-05-18 08:00:00,8795.034,390.75,574.813
2025-05-18 08:15:00,8795.034,390.75,574.813
2025-05-18 08:30:00,8795.034,390.75,574.813
2025-05-18 08:45:00,8795.034,390.75,574.813
2025-05-18 09:00:00,11729.129,325.25,616.816
2025-05-18 09:15:00,11729.129,325.25,616.816
2025-05-18 09:30:00,11729.129,325.25,616.816
2025-05-18 09:45:00,11729.129,325.25,616.816
2025-05-18 10:00:00,12937.961,286.752,708.031
2025-05-18 10:15:00,12937.961,286.752,708.031
2025-05-18 10:30:00,12937.961,286.752,708.031
2025-05-18 10:45:00,12937.961,286.752,708.031
2025-05-18 11:00:00,12920.926,276.0,723.295
2025-05-18 11:15:00,12920.926,276.0,723.295
2025-05-18 11:30:00,12920.926,276.0,723.295
2025-05-18 11:45:00,12920.926,276.0,723.295
2025-05-18 12:00:00,14287.417,363.25,857.453
2025-05-18 12:15:00,14287.417,363.25,857.453
2025-05-18 12:30:00,14287.417,363.25,857.453
2025-05-18 12:45:00,14287.417,363.25,857.453
2025-05-18 13:00:00,16207.214,488.25,1303.761
2025-05-18 13:15:00,16207.214,488.25,1303.761
2025-05-18 13:30:00,16207.214,488.25,1303.761
2025-05-18 13:45:00,16207.214,488.25,1303.761
2025-05-18 14:00:00,11502.7,1022.001,1999.04
2025-05-18 14:15:00,11502.7,1022.001,1999.04
2025-05-18 14:30:00,11502.7,1022.001,1999.04
2025-05-18 14:45:00,11502.7,1022.001,1999.04
2025-05-18 15:00:00,10591.508,994.25,2820.414
2025-05-18 15:15:00,10591.508,994.25,2820.414
2025-05-18 15:30:00,10591.508,994.25,2820.414
2025-05-18 15:45:00,10591.508,994.25,2820.414
2025-05-18 16:00:00,7367.294,960.999,3132.152
2025-05-18 16:15:00,7367.294,960.999,3132.152
2025-05-18 16:30:00,7367.294,960.999,3132.152
2025-05-18 16:45:00,7367.294,960.999,3132.152
2025-05-18 17:00:00,4653.251,966.0,2671.93
2025-05-18 17:15:00,4653.251,966.0,2671.93
2025-05-18 17:30:00,4653.251,966.0,2671.93
2025-05-18 17:45:00,4653.251,966.0,2671.93
2025-05-18 18:00:00,1844.672,876.75,2015.265
2025-05-18 18:15:00,1844.672,876.75,2015.265
2025-05-18 18:30:00,1844.672,876.75,2015.265
2025-05-18 18:45:00,1844.672,876.75,2015.265
2025-05-18 19:00:00,154.939,748.5,996.13
2025-05-18 19:15:00,154.939,748.5,996.13
2025-05-18 19:30:00,154.939,748.5,996.13
2025-05-18 19:45:00,154.939,748.5,996.13
2025-05-18 20:00:00,0.0,580.501,586.044
2025-05-18 20:15:00,0.0,580.501,586.044
2025-05-18 20:30:00,0.0,580.501,586.044
2025-05-18 20:45:00,0.0,580.501,586.044
2025-05-18 21:00:00,0.0,475.751,409.855
2025-05-18 21:15:00,0.0,475.751,409.855
2025-05-18 21:30:00,0.0,475.751,409.855
2025-05-18 21:45:00,0.0,475.751,409.855
2025-05-18 22:00:00,0.0,384.5,251.832
2025-05-18 22:15:00,0.0,384.5,251.832
2025-05-18 22:30:00,0.0,384.5,251.832
2025-05-18 22:45:00,0.0,384.5,251.832
2025-05-18 23:00:00,0.0,296.75,135.716
2025-05-18 23:15:00,0.0,296.75,135.716
2025-05-18 23:30:00,0.0,296.75,135.716
2025-05-18 23:45:00,0.0,296.75,135.716
2025-05-19 00:00:00,0.0,300.75,95.653
2025-05-19 00:15:00,0.0,300.75,95.653
2025-05-19 00:30:00,0.0,300.75,95.653
2025-05-19 00:45:00,0.0,300.75,95.653
2025-05-19 01:00:00,0.0,355.001,87.634
2025-05-19 01:15:00,0.0,355.001,87.634
2025-05-19 01:30:00,0.0,355.001,87.634
2025-05-19 01:45:00,0.0,355.001,87.634
2025-05-19 02:00:00,0.0,424.25,78.237
2025-05-19 02:15:00,0.0,424.25,78.237
2025-05-19 02:30:00,0.0,424.25,78.237
2025-05-19 02:45:00,0.0,424.25,78.237
2025-05-19 03:00:00,4.74,468.5,78.629
2025-05-19 03:15:00,4.74,468.5,78.629
2025-05-19 03:30:00,4.74,468.5,78.629
2025-05-19 03:45:00,4.74,468.5,78.629
2025-05-19 04:00:00,620.615,527.75,73.746
2025-05-19 04:15:00,620.615,527.75,73.746
2025-05-19 04:30:00,620.615,527.75,73.746
2025-05-19 04:45:00,620.615,527.75,73.746
2025-05-19 05:00:00,3084.49,498.0,147.485
2025-05-19 05:15:00,3084.49,498.0,147.485
2025-05-19 05:30:00,3084.49,498.0,147.485
2025-05-19 05:45:00,3084.49,498.0,147.485
2025-05-19 06:00:00,7205.983,366.0,237.019
2025-05-19 06:15:00,7205.983,366.0,237.019
2025-05-19 06:30:00,7205.983,366.0,237.019
2025-05-19 06:45:00,7205.983,366.0,237.019
2025-05-19 07:00:00,11925.651,297.25,357.101
2025-05-19 07:15:00,11925.651,297.25,357.101
2025-05-19 07:30:00,11925.651,297.25,357.101
2025-05-19 07:45:00,11925.651,297.25,357.101
2025-05-19 08:00:00,15833.258,207.75,408.847
2025-05-19 08:15:00,15833.258,207.75,408.847
2025-05-19 08:30:00,15833.258,207.75,408.847
2025-05-19 08:45:00,15833.258,207.75,408.847
2025-05-19 09:00:00,18858.47,203.25,521.65
2025-05-19 09:15:00,18858.47,203.25,521.65
2025-05-19 09:30:00,18858.47,203.25,521.65
2025-05-19 09:45:00,18858.47,203.25,521.65
2025-05-19 10:00:00,20958.191,346.751,889.864
2025-05-19 10:15:00,20958.191,346.751,889.864
2025-05-19 10:30:00,20958.191,346.751,889.864
2025-05-19 10:45:00,20958.191,346.751,889.864
2025-05-19 11:00:00,21474.614,445.0,1207.343
2025-05-19 11:15:00,21474.614,445.0,1207.343
2025-05-19 11:30:00,21474.614,445.0,1207.343
2025-05-19 11:45:00,21474.614,445.0,1207.343
2025-05-19 12:00:00,20776.225,629.5,1515.751
2025-05-19 12:15:00,20776.225,629.5,1515.751
2025-05-19 12:30:00,20776.225,629.5,1515.751
2025-05-19 12:45:00,20776.225,629.5,1515.751
2025-05-19 13:00:00,19161.176,808.749,1938.791
2025-05-19 13:15:00,19161.176,808.749,1938.791
2025-05-19 13:30:00,19161.176,808.749,1938.791
2025-05-19 13:45:00,19161.176,808.749,1938.791
2025-05-19 14:00:00,16797.086,1428.0,2340.354
2025-05-19 14:15:00,16797.086,1428.0,2340.354
2025-05-19 14:30:00,16797.086,1428.0,2340.354
2025-05-19 14:45:00,16797.086,1428.0,2340.354
2025-05-19 15:00:00,13760.325,2029.75,2818.653
2025-05-19 15:15:00,13760.325,2029.75,2818.653
2025-05-19 15:30:00,13760.325,2029.75,2818.653
2025-05-19 15:45:00,13760.325,2029.75,2818.653
2025-05-19 16:00:00,9368.259,2093.499,3126.113
2025-05-19 16:15:00,9368.259,2093.499,3126.113
2025-05-19 16:30:00,9368.259,2093.499,3126.113
2025-05-19 16:45:00,9368.259,2093.499,3126.113
2025-05-19 17:00:00,5769.692,1985.999,2916.11
2025-05-19 17:15:00,5769.692,1985.999,2916.11
2025-05-19 17:30:00,5769.692,1985.999,2916.11
2025-05-19 17:45:00,5769.692,1985.999,2916.11
2025-05-19 18:00:00,2309.062,1939.001,2622.308
2025-05-19 18:15:00,2309.062,1939.001,2622.308
2025-05-19 18:30:00,2309.062,1939.001,2622.308
2025-05-19 18:45:00,2309.062,1939.001,2622.308
2025-05-19 19:00:00,230.231,1892.5,1573.911
2025-05-19 19:15:00,230.231,1892.5,1573.911
2025-05-19 19:30:00,230.231,1892.5,1573.911
2025-05-19 19:45:00,230.231,1892.5,1573.911
2025-05-19 20:00:00,0.0,1630.501,800.897
2025-05-19 20:15:00,0.0,1630.501,800.897
2025-05-19 20:30:00,0.0,1630.501,800.897
2025-05-19 20:45:00,0.0,1630.501,800.897
2025-05-19 21:00:00,0.0,1421.999,553.671
2025-05-19 21:15:00,0.0,1421.999,553.671
2025-05-19 21:30:00,0.0,1421.999,553.671
2025-05-19 21:45:00,0.0,1421.999,553.671
2025-05-19 22:00:00,0.0,1222.75,417.81
2025-05-19 22:15:00,0.0,1222.75,417.81
2025-05-19 22:30:00,0.0,1222.75,417.81
2025-05-19 22:45:00,0.0,1222.75,417.81
2025-05-19 23:00:00,0.0,1150.25,331.891
2025-05-19 23:15:00,0.0,1150.25,331.891
2025-05-19 23:30:00,0.0,1150.25,331.891
2025-05-19 23:45:00,0.0,1150.25,331.891
2025-05-20 00:00:00,0.0,1118.0,220.178
2025-05-20 00:15:00,0.0,1118.0,220.178
2025-05-20 00:30:00,0.0,1118.0,220.178
2025-05-20 00:45:00,0.0,1118.0,220.178
2025-05-20 01:00:00,0.0,997.0,109.223
2025-05-20 01:15:00,0.0,997.0,109.223
2025-05-20 01:30:00,0.0,997.0,109.223
2025-05-20 01:45:00,0.0,997.0,109.223
2025-05-20 02:00:00,0.0,794.75,105.995
2025-05-20 02:15:00,0.0,794.75,105.995
2025-05-20 02:30:00,0.0,794.75,105.995
2025-05-20 02:45:00,0.0,794.75,105.995
2025-05-20 03:00:00,9.62,671.5,102.561
2025-05-20 03:15:00,9.62,671.5,102.561
2025-05-20 03:30:00,9.62,671.5,102.561
2025-05-20 03:45:00,9.62,671.5,102.561
2025-05-20 04:00:00,711.221,518.25,73.149
2025-05-20 04:15:00,711.221,518.25,73.149
2025-05-20 04:30:00,711.221,518.25,73.149
2025-05-20 04:45:00,711.221,518.25,73.149
2025-05-20 05:00:00,3338.322,373.749,97.521
2025-05-20 05:15:00,3338.322,373.749,97.521
2025-05-20 05:30:00,3338.322,373.749,97.521
2025-05-20 05:45:00,3338.322,373.749,97.521
2025-05-20 06:00:00,7239.888,258.75,159.441
2025-05-20 06:15:00,7239.888,258.75,159.441
2025-05-20 06:30:00,7239.888,258.75,159.441
2025-05-20 06:45:00,7239.888,258.75,159.441
2025-05-20 07:00:00,11631.856,234.75,267.809
2025-05-20 07:15:00,11631.856,234.75,267.809
2025-05-20 07:30:00,11631.856,234.75,267.809
2025-05-20 07:45:00,11631.856,234.75,267.809
2025-05-20 08:00:00,15718.013,290.999,446.579
2025-05-20 08:15:00,15718.013,290.999,446.579
2025-05-20 08:30:00,15718.013,290.999,446.579
2025-05-20 08:45:00,15718.013,290.999,446.579
2025-05-20 09:00:00,19064.22,296.5,661.22
2025-05-20 09:15:00,19064.22,296.5,661.22
2025-05-20 09:30:00,19064.22,296.5,661.22
2025-05-20 09:45:00,19064.22,296.5,661.22
2025-05-20 10:00:00,19887.607,301.75,1014.909
2025-05-20 10:15:00,19887.607,301.75,1014.909
2025-05-20 10:30:00,19887.607,301.75,1014.909
2025-05-20 10:45:00,19887.607,301.75,1014.909
2025-05-20 11:00:00,20694.357,307.5,1486.649
2025-05-20 11:15:00,20694.357,307.5,1486.649
2025-05-20 11:30:00,20694.357,307.5,1486.649
2025-05-20 11:45:00,20694.357,307.5,1486.649
2025-05-20 12:00:00,20558.205,305.999,2092.712
2025-05-20 12:15:00,20558.205,305.999,2092.712
2025-05-20 12:30:00,20558.205,305.999,2092.712
2025-05-20 12:45:00,20558.205,305.999,2092.712
2025-05-20 13:00:00,19958.681,557.0,2598.711
2025-05-20 13:15:00,19958.681,557.0,2598.711
2025-05-20 13:30:00,19958.681,557.0,2598.711
2025-05-20 13:45:00,19958.681,557.0,2598.711
2025-05-20 14:00:00,17169.498,864.249,3124.372
2025-05-20 14:15:00,17169.498,864.249,3124.372
2025-05-20 14:30:00,17169.498,864.249,3124.372
2025-05-20 14:45:00,17169.498,864.249,3124.372
2025-05-20 15:00:00,14379.451,1182.001,3348.219
2025-05-20 15:15:00,14379.451,1182.001,3348.219
2025-05-20 15:30:00,14379.451,1182.001,3348.219
2025-05-20 15:45:00,14379.451,1182.001,3348.219
2025-05-20 16:00:00,9861.224,1136.999,3267.917
2025-05-20 16:15:00,9861.224,1136.999,3267.917
2025-05-20 16:30:00,9861.224,1136.999,3267.917
2025-05-20 16:45:00,9861.224,1136.999,3267.917
2025-05-20 17:00:00,5819.271,1060.75,2821.277
2025-05-20 17:15:00,5819.271,1060.75,2821.277
2025-05-20 17:30:00,5819.271,1060.75,2821.277
2025-05-20 17:45:00,5819.271,1060.75,2821.277
2025-05-20 18:00:00,2428.06,895.5,2229.961
2025-05-20 18:15:00,2428.06,895.5,2229.961
2025-05-20 18:30:00,2428.06,895.5,2229.961
2025-05-20 18:45:00,2428.06,895.5,2229.961
2025-05-20 19:00:00,253.118,656.0,1398.944
2025-05-20 19:15:00,253.118,656.0,1398.944
2025-05-20 19:30:00,253.118,656.0,1398.944
2025-05-20 19:45:00,253.118,656.0,1398.944
2025-05-20 20:00:00,0.0,585.0,711.58
2025-05-20 20:15:00,0.0,585.0,711.58
2025-05-20 20:30:00,0.0,585.0,711.58
2025-05-20 20:45:00,0.0,585.0,711.58
2025-05-20 21:00:00,0.0,532.5,469.656
2025-05-20 21:15:00,0.0,532.5,469.656
2025-05-20 21:30:00,0.0,532.5,469.656
2025-05-20 21:45:00,0.0,532.5,469.656
2025-05-20 22:00:00,0.0,448.75,348.745
2025-05-20 22:15:00,0.0,448.75,348.745
2025-05-20 22:30:00,0.0,448.75,348.745
2025-05-20 22:45:00,0.0,448.75,348.745
2025-05-20 23:00:00,0.0,437.249,307.349
2025-05-20 23:15:00,0.0,437.249,307.349
2025-05-20 23:30:00,0.0,437.249,307.349
2025-05-20 23:45:00,0.0,437.249,307.349
2025-05-21 00:00:00,0.0,486.751,286.809
2025-05-21 00:15:00,0.0,486.751,286.809
2025-05-21 00:30:00,0.0,486.751,286.809
2025-05-21 00:45:00,0.0,486.751,286.809
2025-05-21 01:00:00,0.0,634.25,323.796
2025-05-21 01:15:00,0.0,634.25,323.796
2025-05-21 01:30:00,0.0,634.25,323.796
2025-05-21 01:45:00,0.0,634.25,323.796
2025-05-21 02:00:00,0.0,928.0,481.072
2025-05-21 02:15:00,0.0,928.0,481.072
2025-05-21 02:30:00,0.0,928.0,481.072
2025-05-21 02:45:00,0.0,928.0,481.072
2025-05-21 03:00:00,20.502,1025.0,651.979
2025-05-21 03:15:00,20.502,1025.0,651.979
2025-05-21 03:30:00,20.502,1025.0,651.979
2025-05-21 03:45:00,20.502,1025.0,651.979
2025-05-21 04:00:00,653.125,1032.25,839.921
2025-05-21 04:15:00,653.125,1032.25,839.921
2025-05-21 04:30:00,653.125,1032.25,839.921
2025-05-21 04:45:00,653.125,1032.25,839.921
2025-05-21 05:00:00,2598.355,874.5,1000.767
2025-05-21 05:15:00,2598.355,874.5,1000.767
2025-05-21 05:30:00,2598.355,874.5,1000.767
2025-05-21 05:45:00,2598.355,874.5,1000.767
2025-05-21 06:00:00,6027.147,735.749,1455.775
2025-05-21 06:15:00,6027.147,735.749,1455.775
2025-05-21 06:30:00,6027.147,735.749,1455.775
2025-05-21 06:45:00,6027.147,735.749,1455.775
2025-05-21 07:00:00,10131.374,573.999,2256.48
2025-05-21 07:15:00,10131.374,573.999,2256.48
2025-05-21 07:30:00,10131.374,573.999,2256.48
2025-05-21 07:45:00,10131.374,573.999,2256.48
2025-05-21 08:00:00,12744.572,598.0,2773.285
2025-05-21 08:15:00,12744.572,598.0,2773.285
2025-05-21 08:30:00,12744.572,598.0,2773.285
2025-05-21 08:45:00,12744.572,598.0,2773.285
2025-05-21 09:00:00,14975.819,613.25,2883.381
2025-05-21 09:15:00,14975.819,613.25,2883.381
2025-05-21 09:30:00,14975.819,613.25,2883.381
2025-05-21 09:45:00,14975.819,613.25,2883.381
2025-05-21 10:00:00,14993.186,753.499,3213.909
2025-05-21 10:15:00,14993.186,753.499,3213.909
2025-05-21 10:30:00,14993.186,753.499,3213.909
2025-05-21 10:45:00,14993.186,753.499,3213.909
2025-05-21 11:00:00,16148.448,1011.499,3582.893
2025-05-21 11:15:00,16148.448,1011.499,3582.893
2025-05-21 11:30:00,16148.448,1011.499,3582.893
2025-05-21 11:45:00,16148.448,1011.499,3582.893
2025-05-21 12:00:00,15631.314,1059.499,3856.269
2025-05-21 12:15:00,15631.314,1059.499,3856.269
2025-05-21 12:30:00,15631.314,1059.499,3856.269
2025-05-21 12:45:00,15631.314,1059.499,3856.269
2025-05-21 13:00:00,14415.922,1506.25,4050.618
2025-05-21 13:15:00,14415.922,1506.25,4050.618
2025-05-21 13:30:00,14415.922,1506.25,4050.618
2025-05-21 13:45:00,14415.922,1506.25,4050.618
2025-05-21 14:00:00,12438.541,1829.001,4310.952
2025-05-21 14:15:00,12438.541,1829.001,4310.952
2025-05-21 14:30:00,12438.541,1829.001,4310.952
2025-05-21 14:45:00,12438.541,1829.001,4310.952
2025-05-21 15:00:00,11362.095,2184.0,4595.0
2025-05-21 15:15:00,11362.095,2184.0,4595.0
2025-05-21 15:30:00,11362.095,2184.0,4595.0
2025-05-21 15:45:00,11362.095,2184.0,4595.0
2025-05-21 16:00:00,7637.695,2230.001,4737.372
2025-05-21 16:15:00,7637.695,2230.001,4737.372
2025-05-21 16:30:00,7637.695,2230.001,4737.372
2025-05-21 16:45:00,7637.695,2230.001,4737.372
2025-05-21 17:00:00,3999.135,2397.0,4580.654
2025-05-21 17:15:00,3999.135,2397.0,4580.654
2025-05-21 17:30:00,3999.135,2397.0,4580.654
2025-05-21 17:45:00,3999.135,2397.0,4580.654
2025-05-21 18:00:00,1595.922,2427.75,3868.401
2025-05-21 18:15:00,1595.922,2427.75,3868.401
2025-05-21 18:30:00,1595.922,2427.75,3868.401
2025-05-21 18:45:00,1595.922,2427.75,3868.401
2025-05-21 19:00:00,235.818,2099.999,2839.188
2025-05-21 19:15:00,235.818,2099.999,2839.188
2025-05-21 19:30:00,235.818,2099.999,2839.188
2025-05-21 19:45:00,235.818,2099.999,2839.188
2025-05-21 20:00:00,0.0,1893.501,1800.935
2025-05-21 20:15:00,0.0,1893.501,1800.935
2025-05-21 20:30:00,0.0,1893.501,1800.935
2025-05-21 20:45:00,0.0,1893.501,1800.935
2025-05-21 21:00:00,0.0,1847.25,1272.326
2025-05-21 21:15:00,0.0,1847.25,1272.326
2025-05-21 21:30:00,0.0,1847.25,1272.326
2025-05-21 21:45:00,0.0,1847.25,1272.326
2025-05-21 22:00:00,0.0,1851.25,1130.391
2025-05-21 22:15:00,0.0,1851.25,1130.391
2025-05-21 22:30:00,0.0,1851.25,1130.391
2025-05-21 22:45:00,0.0,1851.25,1130.391
2025-05-21 23:00:00,0.0,1869.5,1146.263
2025-05-21 23:15:00,0.0,1869.5,1146.263
2025-05-21 23:30:00,0.0,1869.5,1146.263
2025-05-21 23:45:00,0.0,1869.5,1146.263
2025-05-22 00:00:00,0.0,2034.0,1238.302
2025-05-22 00:15:00,0.0,2034.0,1238.302
2025-05-22 00:30:00,0.0,2034.0,1238.302
2025-05-22 00:45:00,0.0,2034.0,1238.302
2025-05-22 01:00:00,0.0,2186.0,1487.799
2025-05-22 01:15:00,0.0,2186.0,1487.799
2025-05-22 01:30:00,0.0,2186.0,1487.799
2025-05-22 01:45:00,0.0,2186.0,1487.799
2025-05-22 02:00:00,0.0,2216.5,1826.911
2025-05-22 02:15:00,0.0,2216.5,1826.911
2025-05-22 02:30:00,0.0,2216.5,1826.911
2025-05-22 02:45:00,0.0,2216.5,1826.911
2025-05-22 03:00:00,9.437,2332.75,2206.502
2025-05-22 03:15:00,9.437,2332.75,2206.502
2025-05-22 03:30:00,9.437,2332.75,2206.502
2025-05-22 03:45:00,9.437,2332.75,2206.502
2025-05-22 04:00:00,447.559,2449.001,2126.982
2025-05-22 04:15:00,447.559,2449.001,2126.982
2025-05-22 04:30:00,447.559,2449.001,2126.982
2025-05-22 04:45:00,447.559,2449.001,2126.982
2025-05-22 05:00:00,2375.976,2626.0,2305.17
2025-05-22 05:15:00,2375.976,2626.0,2305.17
2025-05-22 05:30:00,2375.976,2626.0,2305.17
2025-05-22 05:45:00,2375.976,2626.0,2305.17
2025-05-22 06:00:00,4929.482,2467.5,3291.052
2025-05-22 06:15:00,4929.482,2467.5,3291.052
2025-05-22 06:30:00,4929.482,2467.5,3291.052
2025-05-22 06:45:00,4929.482,2467.5,3291.052
2025-05-22 07:00:00,8332.147,2173.0,4372.386
2025-05-22 07:15:00,8332.147,2173.0,4372.386
2025-05-22 07:30:00,8332.147,2173.0,4372.386
2025-05-22 07:45:00,8332.147,2173.0,4372.386
2025-05-22 08:00:00,11805.832,2337.501,4581.14
2025-05-22 08:15:00,11805.832,2337.501,4581.14
2025-05-22 08:30:00,11805.832,2337.501,4581.14
2025-05-22 08:45:00,11805.832,2337.501,4581.14
2025-05-22 09:00:00,14553.052,2163.75,4925.652
2025-05-22 09:15:00,14553.052,2163.75,4925.652
2025-05-22 09:30:00,14553.052,2163.75,4925.652
2025-05-22 09:45:00,14553.052,2163.75,4925.652
2025-05-22 10:00:00,17275.843,2369.5,5315.981
2025-05-22 10:15:00,17275.843,2369.5,5315.981
2025-05-22 10:30:00,17275.843,2369.5,5315.981
2025-05-22 10:45:00,17275.843,2369.5,5315.981
2025-05-22 11:00:00,19183.81,2206.001,5616.897
2025-05-22 11:15:00,19183.81,2206.001,5616.897
2025-05-22 11:30:00,19183.81,2206.001,5616.897
2025-05-22 11:45:00,19183.81,2206.001,5616.897
2025-05-22 12:00:00,19054.421,2159.75,5634.955
2025-05-22 12:15:00,19054.421,2159.75,5634.955
2025-05-22 12:30:00,19054.421,2159.75,5634.955
2025-05-22 12:45:00,19054.421,2159.75,5634.955
2025-05-22 13:00:00,17744.223,2063.75,5748.196
2025-05-22 13:15:00,17744.223,2063.75,5748.196
2025-05-22 13:30:00,17744.223,2063.75,5748.196
2025-05-22 13:45:00,17744.223,2063.75,5748.196
2025-05-22 14:00:00,15088.663,2147.0,5612.94
2025-05-22 14:15:00,15088.663,2147.0,5612.94
2025-05-22 14:30:00,15088.663,2147.0,5612.94
2025-05-22 14:45:00,15088.663,2147.0,5612.94
2025-05-22 15:00:00,12415.915,2310.25,5640.486
2025-05-22 15:15:00,12415.915,2310.25,5640.486
2025-05-22 15:30:00,12415.915,2310.25,5640.486
2025-05-22 15:45:00,12415.915,2310.25,5640.486
2025-05-22 16:00:00,8268.509,2282.25,5524.171
2025-05-22 16:15:00,8268.509,2282.25,5524.171
2025-05-22 16:30:00,8268.509,2282.25,5524.171
2025-05-22 16:45:00,8268.509,2282.25,5524.171
2025-05-22 17:00:00,4930.212,2422.249,4917.314
2025-05-22 17:15:00,4930.212,2422.249,4917.314
2025-05-22 17:30:00,4930.212,2422.249,4917.314
2025-05-22 17:45:00,4930.212,2422.249,4917.314
2025-05-22 18:00:00,2195.953,2390.001,4281.922
2025-05-22 18:15:00,2195.953,2390.001,4281.922
2025-05-22 18:30:00,2195.953,2390.001,4281.922
2025-05-22 18:45:00,2195.953,2390.001,4281.922
2025-05-22 19:00:00,281.378,2365.501,2802.164
2025-05-22 19:15:00,281.378,2365.501,2802.164
2025-05-22 19:30:00,281.378,2365.501,2802.164
2025-05-22 19:45:00,281.378,2365.501,2802.164
2025-05-22 20:00:00,0.0,2524.5,1887.467
2025-05-22 20:15:00,0.0,2524.5,1887.467
2025-05-22 20:30:00,0.0,2524.5,1887.467
2025-05-22 20:45:00,0.0,2524.5,1887.467
2025-05-22 21:00:00,0.0,2433.25,1677.613
2025-05-22 21:15:00,0.0,2433.25,1677.613
2025-05-22 21:30:00,0.0,2433.25,1677.613
2025-05-22 21:45:00,0.0,2433.25,1677.613
2025-05-22 22:00:00,0.0,2491.25,1813.412
2025-05-22 22:15:00,0.0,2491.25,1813.412
2025-05-22 22:30:00,0.0,2491.25,1813.412
2025-05-22 22:45:00,0.0,2491.25,1813.412
2025-05-22 23:00:00,0.0,2625.75,1584.902
2025-05-22 23:15:00,0.0,2625.75,1584.902
2025-05-22 23:30:00,0.0,2625.75,1584.902
2025-05-22 23:45:00,0.0,2625.75,1584.902
2025-05-23 00:00:00,0.0,2847.999,1759.272
2025-05-23 00:15:00,0.0,2847.999,1759.272
2025-05-23 00:30:00,0.0,2847.999,1759.272
2025-05-23 00:45:00,0.0,2847.999,1759.272
2025-05-23 01:00:00,0.0,3009.501,1871.255
2025-05-23 01:15:00,0.0,3009.501,1871.255
2025-05-23 01:30:00,0.0,3009.501,1871.255
2025-05-23 01:45:00,0.0,3009.501,1871.255
2025-05-23 02:00:00,0.0,3091.5,1855.143
2025-05-23 02:15:00,0.0,3091.5,1855.143
2025-05-23 02:30:00,0.0,3091.5,1855.143
2025-05-23 02:45:00,0.0,3091.5,1855.143
2025-05-23 03:00:00,8.716,3404.5,2199.715
2025-05-23 03:15:00,8.716,3404.5,2199.715
2025-05-23 03:30:00,8.716,3404.5,2199.715
2025-05-23 03:45:00,8.716,3404.5,2199.715
2025-05-23 04:00:00,576.901,3444.75,2239.922
2025-05-23 04:15:00,576.901,3444.75,2239.922
2025-05-23 04:30:00,576.901,3444.75,2239.922
2025-05-23 04:45:00,576.901,3444.75,2239.922
2025-05-23 05:00:00,2506.553,3402.251,2499.805
2025-05-23 05:15:00,2506.553,3402.251,2499.805
2025-05-23 05:30:00,2506.553,3402.251,2499.805
2025-05-23 05:45:00,2506.553,3402.251,2499.805
2025-05-23 06:00:00,5845.115,3120.0,3131.349
2025-05-23 06:15:00,5845.115,3120.0,3131.349
2025-05-23 06:30:00,5845.115,3120.0,3131.349
2025-05-23 06:45:00,5845.115,3120.0,3131.349
2025-05-23 07:00:00,9435.088,2945.75,3607.131
2025-05-23 07:15:00,9435.088,2945.75,3607.131
2025-05-23 07:30:00,9435.088,2945.75,3607.131
2025-05-23 07:45:00,9435.088,2945.75,3607.131
2025-05-23 08:00:00,10904.417,2513.75,4172.788
2025-05-23 08:15:00,10904.417,2513.75,4172.788
2025-05-23 08:30:00,10904.417,2513.75,4172.788
2025-05-23 08:45:00,10904.417,2513.75,4172.788
2025-05-23 09:00:00,12307.093,2334.25,3882.907
2025-05-23 09:15:00,12307.093,2334.25,3882.907
2025-05-23 09:30:00,12307.093,2334.25,3882.907
2025-05-23 09:45:00,12307.093,2334.25,3882.907
2025-05-23 10:00:00,15227.81,2082.25,4061.891
2025-05-23 10:15:00,15227.81,2082.25,4061.891
2025-05-23 10:30:00,15227.81,2082.25,4061.891
2025-05-23 10:45:00,15227.81,2082.25,4061.891
2025-05-23 11:00:00,15369.021,1719.501,4801.852
2025-05-23 11:15:00,15369.021,1719.501,4801.852
2025-05-23 11:30:00,15369.021,1719.501,4801.852
2025-05-23 11:45:00,15369.021,1719.501,4801.852
2025-05-23 12:00:00,16443.85,1778.0,4711.003
2025-05-23 12:15:00,16443.85,1778.0,4711.003
2025-05-23 12:30:00,16443.85,1778.0,4711.003
2025-05-23 12:45:00,16443.85,1778.0,4711.003
2025-05-23 13:00:00,14306.934,1274.75,5464.435
2025-05-23 13:15:00,14306.934,1274.75,5464.435
2025-05-23 13:30:00,14306.934,1274.75,5464.435
2025-05-23 13:45:00,14306.934,1274.75,5464.435
2025-05-23 14:00:00,13522.424,1562.501,5479.151
2025-05-23 14:15:00,13522.424,1562.501,5479.151
2025-05-23 14:30:00,13522.424,1562.501,5479.151
2025-05-23 14:45:00,13522.424,1562.501,5479.151
2025-05-23 15:00:00,9740.046,1545.25,5401.264
2025-05-23 15:15:00,9740.046,1545.25,5401.264
2025-05-23 15:30:00,9740.046,1545.25,5401.264
2025-05-23 15:45:00,9740.046,1545.25,5401.264
2025-05-23 16:00:00,8377.087,1167.75,4875.809
2025-05-23 16:15:00,8377.087,1167.75,4875.809
2025-05-23 16:30:00,8377.087,1167.75,4875.809
2025-05-23 16:45:00,8377.087,1167.75,4875.809
2025-05-23 17:00:00,4642.352,779.25,4257.516
2025-05-23 17:15:00,4642.352,779.25,4257.516
2025-05-23 17:30:00,4642.352,779.25,4257.516
2025-05-23 17:45:00,4642.352,779.25,4257.516
2025-05-23 18:00:00,2125.406,638.749,2740.008
2025-05-23 18:15:00,2125.406,638.749,2740.008
2025-05-23 18:30:00,2125.406,638.749,2740.008
2025-05-23 18:45:00,2125.406,638.749,2740.008
2025-05-23 19:00:00,329.519,817.25,1158.156
2025-05-23 19:15:00,329.519,817.25,1158.156
2025-05-23 19:30:00,329.519,817.25,1158.156
2025-05-23 19:45:00,329.519,817.25,1158.156
2025-05-23 20:00:00,0.0,1261.249,426.127
2025-05-23 20:15:00,0.0,1261.249,426.127
2025-05-23 20:30:00,0.0,1261.249,426.127
2025-05-23 20:45:00,0.0,1261.249,426.127
2025-05-23 21:00:00,0.0,1374.0,370.903
2025-05-23 21:15:00,0.0,1374.0,370.903
2025-05-23 21:30:00,0.0,1374.0,370.903
2025-05-23 21:45:00,0.0,1374.0,370.903
2025-05-23 22:00:00,0.0,1818.5,483.655
2025-05-23 22:15:00,0.0,1818.5,483.655
2025-05-23 22:30:00,0.0,1818.5,483.655
2025-05-23 22:45:00,0.0,1818.5,483.655
2025-05-23 23:00:00,0.0,2580.251,563.54
2025-05-23 23:15:00,0.0,2580.251,563.54
2025-05-23 23:30:00,0.0,2580.251,563.54
2025-05-23 23:45:00,0.0,2580.251,563.54
2025-05-24 00:00:00,0.0,3183.498,620.692
2025-05-24 00:15:00,0.0,3183.498,620.692
2025-05-24 00:30:00,0.0,3183.498,620.692
2025-05-24 00:45:00,0.0,3183.498,620.692
2025-05-24 01:00:00,0.0,3321.0,871.401
2025-05-24 01:15:00,0.0,3321.0,871.401
2025-05-24 01:30:00,0.0,3321.0,871.401
2025-05-24 01:45:00,0.0,3321.0,871.401
2025-05-24 02:00:00,0.0,3280.499,1140.263
2025-05-24 02:15:00,0.0,3280.499,1140.263
2025-05-24 02:30:00,0.0,3280.499,1140.263
2025-05-24 02:45:00,0.0,3280.499,1140.263
2025-05-24 03:00:00,25.393,3213.0,1366.429
2025-05-24 03:15:00,25.393,3213.0,1366.429
2025-05-24 03:30:00,25.393,3213.0,1366.429
2025-05-24 03:45:00,25.393,3213.0,1366.429
2025-05-24 04:00:00,716.814,3007.749,1637.286
2025-05-24 04:15:00,716.814,3007.749,1637.286
2025-05-24 04:30:00,716.814,3007.749,1637.286
2025-05-24 04:45:00,716.814,3007.749,1637.286
2025-05-24 05:00:00,2259.193,2802.501,2368.803
2025-05-24 05:15:00,2259.193,2802.501,2368.803
2025-05-24 05:30:00,2259.193,2802.501,2368.803
2025-05-24 05:45:00,2259.193,2802.501,2368.803
2025-05-24 06:00:00,3873.008,2527.25,3309.902
2025-05-24 06:15:00,3873.008,2527.25,3309.902
2025-05-24 06:30:00,3873.008,2527.25,3309.902
2025-05-24 06:45:00,3873.008,2527.25,3309.902
2025-05-24 07:00:00,5628.236,2149.5,3935.088
2025-05-24 07:15:00,5628.236,2149.5,3935.088
2025-05-24 07:30:00,5628.236,2149.5,3935.088
2025-05-24 07:45:00,5628.236,2149.5,3935.088
2025-05-24 08:00:00,7738.103,1728.5,4343.865
2025-05-24 08:15:00,7738.103,1728.5,4343.865
2025-05-24 08:30:00,7738.103,1728.5,4343.865
2025-05-24 08:45:00,7738.103,1728.5,4343.865
2025-05-24 09:00:00,8208.294,1404.25,4498.883
2025-05-24 09:15:00,8208.294,1404.25,4498.883
2025-05-24 09:30:00,8208.294,1404.25,4498.883
2025-05-24 09:45:00,8208.294,1404.25,4498.883
2025-05-24 10:00:00,7822.919,2048.75,4498.75
2025-05-24 10:15:00,7822.919,2048.75,4498.75
2025-05-24 10:30:00,7822.919,2048.75,4498.75
2025-05-24 10:45:00,7822.919,2048.75,4498.75
2025-05-24 11:00:00,7024.207,1744.251,4745.919
2025-05-24 11:15:00,7024.207,1744.251,4745.919
2025-05-24 11:30:00,7024.207,1744.251,4745.919
2025-05-24 11:45:00,7024.207,1744.251,4745.919
2025-05-24 12:00:00,5064.362,2110.5,4912.557
2025-05-24 12:15:00,5064.362,2110.5,4912.557
2025-05-24 12:30:00,5064.362,2110.5,4912.557
2025-05-24 12:45:00,5064.362,2110.5,4912.557
2025-05-24 13:00:00,4207.278,1505.5,4939.711
2025-05-24 13:15:00,4207.278,1505.5,4939.711
2025-05-24 13:30:00,4207.278,1505.5,4939.711
2025-05-24 13:45:00,4207.278,1505.5,4939.711
2025-05-24 14:00:00,3111.328,2123.249,5046.858
2025-05-24 14:15:00,3111.328,2123.249,5046.858
2025-05-24 14:30:00,3111.328,2123.249,5046.858
2025-05-24 14:45:00,3111.328,2123.249,5046.858
2025-05-24 15:00:00,2123.221,3307.25,4596.948
2025-05-24 15:15:00,2123.221,3307.25,4596.948
2025-05-24 15:30:00,2123.221,3307.25,4596.948
2025-05-24 15:45:00,2123.221,3307.25,4596.948
2025-05-24 16:00:00,1610.943,3864.25,3991.646
2025-05-24 16:15:00,1610.943,3864.25,3991.646
2025-05-24 16:30:00,1610.943,3864.25,3991.646
2025-05-24 16:45:00,1610.943,3864.25,3991.646
2025-05-24 17:00:00,933.749,3844.251,3141.23
2025-05-24 17:15:00,933.749,3844.251,3141.23
2025-05-24 17:30:00,933.749,3844.251,3141.23
2025-05-24 17:45:00,933.749,3844.251,3141.23
2025-05-24 18:00:00,451.483,3760.0,2946.244
2025-05-24 18:15:00,451.483,3760.0,2946.244
2025-05-24 18:30:00,451.483,3760.0,2946.244
2025-05-24 18:45:00,451.483,3760.0,2946.244
2025-05-24 19:00:00,118.86,3901.25,2831.09
2025-05-24 19:15:00,118.86,3901.25,2831.09
2025-05-24 19:30:00,118.86,3901.25,2831.09
2025-05-24 19:45:00,118.86,3901.25,2831.09
2025-05-24 20:00:00,0.0,4023.25,2847.264
2025-05-24 20:15:00,0.0,4023.25,2847.264
2025-05-24 20:30:00,0.0,4023.25,2847.264
2025-05-24 20:45:00,0.0,4023.25,2847.264
2025-05-24 21:00:00,0.0,4242.749,3083.833
2025-05-24 21:15:00,0.0,4242.749,3083.833
2025-05-24 21:30:00,0.0,4242.749,3083.833
2025-05-24 21:45:00,0.0,4242.749,3083.833
2025-05-24 22:00:00,0.0,4239.501,3320.783
2025-05-24 22:15:00,0.0,4239.501,3320.783
2025-05-24 22:30:00,0.0,4239.501,3320.783
2025-05-24 22:45:00,0.0,4239.501,3320.783
2025-05-24 23:00:00,0.0,4299.5,3578.301
2025-05-24 23:15:00,0.0,4299.5,3578.301
2025-05-24 23:30:00,0.0,4299.5,3578.301
2025-05-24 23:45:00,0.0,4299.5,3578.301
2025-05-25 00:00:00,0.0,4252.501,3792.798
2025-05-25 00:15:00,0.0,4252.501,3792.798
2025-05-25 00:30:00,0.0,4252.501,3792.798
2025-05-25 00:45:00,0.0,4252.501,3792.798
2025-05-25 01:00:00,0.0,4313.5,3935.933
2025-05-25 01:15:00,0.0,4313.5,3935.933
2025-05-25 01:30:00,0.0,4313.5,3935.933
2025-05-25 01:45:00,0.0,4313.5,3935.933
2025-05-25 02:00:00,0.0,4273.5,3888.023
2025-05-25 02:15:00,0.0,4273.5,3888.023
2025-05-25 02:30:00,0.0,4273.5,3888.023
2025-05-25 02:45:00,0.0,4273.5,3888.023
2025-05-25 03:00:00,3.245,4334.25,4023.396
2025-05-25 03:15:00,3.245,4334.25,4023.396
2025-05-25 03:30:00,3.245,4334.25,4023.396
2025-05-25 03:45:00,3.245,4334.25,4023.396
2025-05-25 04:00:00,118.18,4218.999,4069.744
2025-05-25 04:15:00,118.18,4218.999,4069.744
2025-05-25 04:30:00,118.18,4218.999,4069.744
2025-05-25 04:45:00,118.18,4218.999,4069.744
2025-05-25 05:00:00,500.732,4173.25,4649.672
2025-05-25 05:15:00,500.732,4173.25,4649.672
2025-05-25 05:30:00,500.732,4173.25,4649.672
2025-05-25 05:45:00,500.732,4173.25,4649.672
2025-05-25 06:00:00,1464.141,4216.5,4852.665
2025-05-25 06:15:00,1464.141,4216.5,4852.665
2025-05-25 06:30:00,1464.141,4216.5,4852.665
2025-05-25 06:45:00,1464.141,4216.5,4852.665
2025-05-25 07:00:00,2719.111,3755.0,5052.607
2025-05-25 07:15:00,2719.111,3755.0,5052.607
2025-05-25 07:30:00,2719.111,3755.0,5052.607
2025-05-25 07:45:00,2719.111,3755.0,5052.607
2025-05-25 08:00:00,4185.219,3606.5,5086.445
2025-05-25 08:15:00,4185.219,3606.5,5086.445
2025-05-25 08:30:00,4185.219,3606.5,5086.445
2025-05-25 08:45:00,4185.219,3606.5,5086.445
2025-05-25 09:00:00,7387.908,2518.25,5397.218
2025-05-25 09:15:00,7387.908,2518.25,5397.218
2025-05-25 09:30:00,7387.908,2518.25,5397.218
2025-05-25 09:45:00,7387.908,2518.25,5397.218
2025-05-25 10:00:00,12923.838,1776.499,5763.021
2025-05-25 10:15:00,12923.838,1776.499,5763.021
2025-05-25 10:30:00,12923.838,1776.499,5763.021
2025-05-25 10:45:00,12923.838,1776.499,5763.021
2025-05-25 11:00:00,13370.252,1718.999,6097.373
2025-05-25 11:15:00,13370.252,1718.999,6097.373
2025-05-25 11:30:00,13370.252,1718.999,6097.373
2025-05-25 11:45:00,13370.252,1718.999,6097.373
2025-05-25 12:00:00,12240.433,1788.25,6329.985
2025-05-25 12:15:00,12240.433,1788.25,6329.985
2025-05-25 12:30:00,12240.433,1788.25,6329.985
2025-05-25 12:45:00,12240.433,1788.25,6329.985
2025-05-25 13:00:00,11124.631,1952.5,6130.56
2025-05-25 13:15:00,11124.631,1952.5,6130.56
2025-05-25 13:30:00,11124.631,1952.5,6130.56
2025-05-25 13:45:00,11124.631,1952.5,6130.56
2025-05-25 14:00:00,9163.829,1283.25,5812.99
2025-05-25 14:15:00,9163.829,1283.25,5812.99
2025-05-25 14:30:00,9163.829,1283.25,5812.99
2025-05-25 14:45:00,9163.829,1283.25,5812.99
2025-05-25 15:00:00,7637.105,819.25,5433.637
2025-05-25 15:15:00,7637.105,819.25,5433.637
2025-05-25 15:30:00,7637.105,819.25,5433.637
2025-05-25 15:45:00,7637.105,819.25,5433.637
2025-05-25 16:00:00,5509.786,785.5,3865.924
2025-05-25 16:15:00,5509.786,785.5,3865.924
2025-05-25 16:30:00,5509.786,785.5,3865.924
2025-05-25 16:45:00,5509.786,785.5,3865.924
2025-05-25 17:00:00,3781.261,777.5,2090.324
2025-05-25 17:15:00,3781.261,777.5,2090.324
2025-05-25 17:30:00,3781.261,777.5,2090.324
2025-05-25 17:45:00,3781.261,777.5,2090.324
2025-05-25 18:00:00,1838.172,993.001,1334.276
2025-05-25 18:15:00,1838.172,993.001,1334.276
2025-05-25 18:30:00,1838.172,993.001,1334.276
2025-05-25 18:45:00,1838.172,993.001,1334.276
2025-05-25 19:00:00,378.66,1297.501,1118.194
2025-05-25 19:15:00,378.66,1297.501,1118.194
2025-05-25 19:30:00,378.66,1297.501,1118.194
2025-05-25 19:45:00,378.66,1297.501,1118.194
2025-05-25 20:00:00,0.0,1542.0,997.273
2025-05-25 20:15:00,0.0,1542.0,997.273
2025-05-25 20:30:00,0.0,1542.0,997.273
2025-05-25 20:45:00,0.0,1542.0,997.273
2025-05-25 21:00:00,0.0,1728.252,969.052
2025-05-25 21:15:00,0.0,1728.252,969.052
2025-05-25 21:30:00,0.0,1728.252,969.052
2025-05-25 21:45:00,0.0,1728.252,969.052
2025-05-25 22:00:00,0.0,2256.0,798.357
2025-05-25 22:15:00,0.0,2256.0,798.357
2025-05-25 22:30:00,0.0,2256.0,798.357
2025-05-25 22:45:00,0.0,2256.0,798.357
2025-05-25 23:00:00,0.0,2447.251,833.081
2025-05-25 23:15:00,0.0,2447.251,833.081
2025-05-25 23:30:00,0.0,2447.251,833.081
2025-05-25 23:45:00,0.0,2447.251,833.081
2025-05-26 00:00:00,0.0,3064.5,866.978
2025-05-26 00:15:00,0.0,3064.5,866.978
2025-05-26 00:30:00,0.0,3064.5,866.978
2025-05-26 00:45:00,0.0,3064.5,866.978
2025-05-26 01:00:00,0.0,3249.0,1193.06
2025-05-26 01:15:00,0.0,3249.0,1193.06
2025-05-26 01:30:00,0.0,3249.0,1193.06
2025-05-26 01:45:00,0.0,3249.0,1193.06
2025-05-26 02:00:00,0.0,2784.75,1355.562
2025-05-26 02:15:00,0.0,2784.75,1355.562
2025-05-26 02:30:00,0.0,2784.75,1355.562
2025-05-26 02:45:00,0.0,2784.75,1355.562
2025-05-26 03:00:00,11.506,2144.75,1331.147
2025-05-26 03:15:00,11.506,2144.75,1331.147
2025-05-26 03:30:00,11.506,2144.75,1331.147
2025-05-26 03:45:00,11.506,2144.75,1331.147
2025-05-26 04:00:00,565.008,2279.5,1115.039
2025-05-26 04:15:00,565.008,2279.5,1115.039
2025-05-26 04:30:00,565.008,2279.5,1115.039
2025-05-26 04:45:00,565.008,2279.5,1115.039
2025-05-26 05:00:00,2584.001,2179.001,1361.211
2025-05-26 05:15:00,2584.001,2179.001,1361.211
2025-05-26 05:30:00,2584.001,2179.001,1361.211
2025-05-26 05:45:00,2584.001,2179.001,1361.211
2025-05-26 06:00:00,5670.055,1896.25,2289.85
2025-05-26 06:15:00,5670.055,1896.25,2289.85
2025-05-26 06:30:00,5670.055,1896.25,2289.85
2025-05-26 06:45:00,5670.055,1896.25,2289.85
2025-05-26 07:00:00,10199.788,1551.25,3493.977
2025-05-26 07:15:00,10199.788,1551.25,3493.977
2025-05-26 07:30:00,10199.788,1551.25,3493.977
2025-05-26 07:45:00,10199.788,1551.25,3493.977
2025-05-26 08:00:00,12435.388,1612.5,3914.833
2025-05-26 08:15:00,12435.388,1612.5,3914.833
2025-05-26 08:30:00,12435.388,1612.5,3914.833
2025-05-26 08:45:00,12435.388,1612.5,3914.833
2025-05-26 09:00:00,13992.76,1553.25,4241.532
2025-05-26 09:15:00,13992.76,1553.25,4241.532
2025-05-26 09:30:00,13992.76,1553.25,4241.532
2025-05-26 09:45:00,13992.76,1553.25,4241.532
2025-05-26 10:00:00,15850.985,1399.75,4818.882
2025-05-26 10:15:00,15850.985,1399.75,4818.882
2025-05-26 10:30:00,15850.985,1399.75,4818.882
2025-05-26 10:45:00,15850.985,1399.75,4818.882
2025-05-26 11:00:00,16999.06,1905.0,5499.907
2025-05-26 11:15:00,16999.06,1905.0,5499.907
2025-05-26 11:30:00,16999.06,1905.0,5499.907
2025-05-26 11:45:00,16999.06,1905.0,5499.907
2025-05-26 12:00:00,16417.468,2191.749,5773.689
2025-05-26 12:15:00,16417.468,2191.749,5773.689
2025-05-26 12:30:00,16417.468,2191.749,5773.689
2025-05-26 12:45:00,16417.468,2191.749,5773.689
2025-05-26 13:00:00,16480.813,2173.75,5903.898
2025-05-26 13:15:00,16480.813,2173.75,5903.898
2025-05-26 13:30:00,16480.813,2173.75,5903.898
2025-05-26 13:45:00,16480.813,2173.75,5903.898
2025-05-26 14:00:00,13182.6,2402.499,5855.523
2025-05-26 14:15:00,13182.6,2402.499,5855.523
2025-05-26 14:30:00,13182.6,2402.499,5855.523
2025-05-26 14:45:00,13182.6,2402.499,5855.523
2025-05-26 15:00:00,10727.787,3403.75,5930.242
2025-05-26 15:15:00,10727.787,3403.75,5930.242
2025-05-26 15:30:00,10727.787,3403.75,5930.242
2025-05-26 15:45:00,10727.787,3403.75,5930.242
2025-05-26 16:00:00,7483.827,3737.5,5759.416
2025-05-26 16:15:00,7483.827,3737.5,5759.416
2025-05-26 16:30:00,7483.827,3737.5,5759.416
2025-05-26 16:45:00,7483.827,3737.5,5759.416
2025-05-26 17:00:00,4405.068,4293.501,5268.214
2025-05-26 17:15:00,4405.068,4293.501,5268.214
2025-05-26 17:30:00,4405.068,4293.501,5268.214
2025-05-26 17:45:00,4405.068,4293.501,5268.214
2025-05-26 18:00:00,1168.358,4308.499,4569.369
2025-05-26 18:15:00,1168.358,4308.499,4569.369
2025-05-26 18:30:00,1168.358,4308.499,4569.369
2025-05-26 18:45:00,1168.358,4308.499,4569.369
2025-05-26 19:00:00,148.924,4312.75,3794.282
2025-05-26 19:15:00,148.924,4312.75,3794.282
2025-05-26 19:30:00,148.924,4312.75,3794.282
2025-05-26 19:45:00,148.924,4312.75,3794.282
2025-05-26 20:00:00,0.0,4343.75,3691.679
2025-05-26 20:15:00,0.0,4343.75,3691.679
2025-05-26 20:30:00,0.0,4343.75,3691.679
2025-05-26 20:45:00,0.0,4343.75,3691.679
2025-05-26 21:00:00,0.0,4384.499,3802.941
2025-05-26 21:15:00,0.0,4384.499,3802.941
2025-05-26 21:30:00,0.0,4384.499,3802.941
2025-05-26 21:45:00,0.0,4384.499,3802.941
2025-05-26 22:00:00,0.0,4380.5,3849.472
2025-05-26 22:15:00,0.0,4380.5,3849.472
2025-05-26 22:30:00,0.0,4380.5,3849.472
2025-05-26 22:45:00,0.0,4380.5,3849.472
2025-05-26 23:00:00,0.0,4369.5,4038.334
2025-05-26 23:15:00,0.0,4369.5,4038.334
2025-05-26 23:30:00,0.0,4369.5,4038.334
2025-05-26 23:45:00,0.0,4369.5,4038.334
2025-05-27 00:00:00,0.0,4379.751,4577.852
2025-05-27 00:15:00,0.0,4379.751,4577.852
2025-05-27 00:30:00,0.0,4379.751,4577.852
2025-05-27 00:45:00,0.0,4379.751,4577.852
2025-05-27 01:00:00,0.0,4348.0,4977.707
2025-05-27 01:15:00,0.0,4348.0,4977.707
2025-05-27 01:30:00,0.0,4348.0,4977.707
2025-05-27 01:45:00,0.0,4348.0,4977.707
2025-05-27 02:00:00,0.0,4317.25,5402.867
2025-05-27 02:15:00,0.0,4317.25,5402.867
2025-05-27 02:30:00,0.0,4317.25,5402.867
2025-05-27 02:45:00,0.0,4317.25,5402.867
2025-05-27 03:00:00,7.91,4393.5,5726.223
2025-05-27 03:15:00,7.91,4393.5,5726.223
2025-05-27 03:30:00,7.91,4393.5,5726.223
2025-05-27 03:45:00,7.91,4393.5,5726.223
2025-05-27 04:00:00,263.789,4320.5,5842.942
2025-05-27 04:15:00,263.789,4320.5,5842.942
2025-05-27 04:30:00,263.789,4320.5,5842.942
2025-05-27 04:45:00,263.789,4320.5,5842.942
2025-05-27 05:00:00,1007.882,4348.0,5979.904
2025-05-27 05:15:00,1007.882,4348.0,5979.904
2025-05-27 05:30:00,1007.882,4348.0,5979.904
2025-05-27 05:45:00,1007.882,4348.0,5979.904
2025-05-27 06:00:00,1675.541,4326.0,6098.55
2025-05-27 06:15:00,1675.541,4326.0,6098.55
2025-05-27 06:30:00,1675.541,4326.0,6098.55
2025-05-27 06:45:00,1675.541,4326.0,6098.55
2025-05-27 07:00:00,2672.594,4357.0,6082.611
2025-05-27 07:15:00,2672.594,4357.0,6082.611
2025-05-27 07:30:00,2672.594,4357.0,6082.611
2025-05-27 07:45:00,2672.594,4357.0,6082.611
2025-05-27 08:00:00,4091.604,3936.001,5989.716
2025-05-27 08:15:00,4091.604,3936.001,5989.716
2025-05-27 08:30:00,4091.604,3936.001,5989.716
2025-05-27 08:45:00,4091.604,3936.001,5989.716
2025-05-27 09:00:00,6142.708,3627.25,5713.591
2025-05-27 09:15:00,6142.708,3627.25,5713.591
2025-05-27 09:30:00,6142.708,3627.25,5713.591
2025-05-27 09:45:00,6142.708,3627.25,5713.591
2025-05-27 10:00:00,8109.028,3558.25,5575.313
2025-05-27 10:15:00,8109.028,3558.25,5575.313
2025-05-27 10:30:00,8109.028,3558.25,5575.313
2025-05-27 10:45:00,8109.028,3558.25,5575.313
2025-05-27 11:00:00,11723.935,2942.249,5606.266
2025-05-27 11:15:00,11723.935,2942.249,5606.266
2025-05-27 11:30:00,11723.935,2942.249,5606.266
2025-05-27 11:45:00,11723.935,2942.249,5606.266
2025-05-27 12:00:00,12207.188,3206.0,5544.072
2025-05-27 12:15:00,12207.188,3206.0,5544.072
2025-05-27 12:30:00,12207.188,3206.0,5544.072
2025-05-27 12:45:00,12207.188,3206.0,5544.072
2025-05-27 13:00:00,10610.663,3553.25,5997.508
2025-05-27 13:15:00,10610.663,3553.25,5997.508
2025-05-27 13:30:00,10610.663,3553.25,5997.508
2025-05-27 13:45:00,10610.663,3553.25,5997.508
2025-05-27 14:00:00,5386.37,3729.5,5555.545
2025-05-27 14:15:00,5386.37,3729.5,5555.545
2025-05-27 14:30:00,5386.37,3729.5,5555.545
2025-05-27 14:45:00,5386.37,3729.5,5555.545
2025-05-27 15:00:00,1970.942,3047.25,4845.393
2025-05-27 15:15:00,1970.942,3047.25,4845.393
2025-05-27 15:30:00,1970.942,3047.25,4845.393
2025-05-27 15:45:00,1970.942,3047.25,4845.393
2025-05-27 16:00:00,1258.579,3231.249,3963.552
2025-05-27 16:15:00,1258.579,3231.249,3963.552
2025-05-27 16:30:00,1258.579,3231.249,3963.552
2025-05-27 16:45:00,1258.579,3231.249,3963.552
2025-05-27 17:00:00,728.946,3544.75,3625.233
2025-05-27 17:15:00,728.946,3544.75,3625.233
2025-05-27 17:30:00,728.946,3544.75,3625.233
2025-05-27 17:45:00,728.946,3544.75,3625.233
2025-05-27 18:00:00,423.921,3910.749,4090.655
2025-05-27 18:15:00,423.921,3910.749,4090.655
2025-05-27 18:30:00,423.921,3910.749,4090.655
2025-05-27 18:45:00,423.921,3910.749,4090.655
2025-05-27 19:00:00,107.605,3827.25,4338.363
2025-05-27 19:15:00,107.605,3827.25,4338.363
2025-05-27 19:30:00,107.605,3827.25,4338.363
2025-05-27 19:45:00,107.605,3827.25,4338.363
2025-05-27 20:00:00,0.0,3783.25,4494.091
2025-05-27 20:15:00,0.0,3783.25,4494.091
2025-05-27 20:30:00,0.0,3783.25,4494.091
2025-05-27 20:45:00,0.0,3783.25,4494.091
2025-05-27 21:00:00,0.0,3763.0,4853.026
2025-05-27 21:15:00,0.0,3763.0,4853.026
2025-05-27 21:30:00,0.0,3763.0,4853.026
2025-05-27 21:45:00,0.0,3763.0,4853.026
2025-05-27 22:00:00,0.0,3758.249,5375.882
2025-05-27 22:15:00,0.0,3758.249,5375.882
2025-05-27 22:30:00,0.0,3758.249,5375.882
2025-05-27 22:45:00,0.0,3758.249,5375.882
2025-05-27 23:00:00,0.0,3743.749,5746.156
2025-05-27 23:15:00,0.0,3743.749,5746.156
2025-05-27 23:30:00,0.0,3743.749,5746.156
2025-05-27 23:45:00,0.0,3743.749,5746.156
2025-05-28 00:00:00,0.0,3738.001,5764.004
2025-05-28 00:15:00,0.0,3738.001,5764.004
2025-05-28 00:30:00,0.0,3738.001,5764.004
2025-05-28 00:45:00,0.0,3738.001,5764.004
2025-05-28 01:00:00,0.0,3747.251,5734.242
2025-05-28 01:15:00,0.0,3747.251,5734.242
2025-05-28 01:30:00,0.0,3747.251,5734.242
2025-05-28 01:45:00,0.0,3747.251,5734.242
2025-05-28 02:00:00,0.0,3760.75,5463.545
2025-05-28 02:15:00,0.0,3760.75,5463.545
2025-05-28 02:30:00,0.0,3760.75,5463.545
2025-05-28 02:45:00,0.0,3760.75,5463.545
2025-05-28 03:00:00,7.211,3600.999,5283.584
2025-05-28 03:15:00,7.211,3600.999,5283.584
2025-05-28 03:30:00,7.211,3600.999,5283.584
2025-05-28 03:45:00,7.211,3600.999,5283.584
2025-05-28 04:00:00,234.701,3359.25,5107.994
2025-05-28 04:15:00,234.701,3359.25,5107.994
2025-05-28 04:30:00,234.701,3359.25,5107.994
2025-05-28 04:45:00,234.701,3359.25,5107.994
2025-05-28 05:00:00,1255.033,3047.75,4524.899
2025-05-28 05:15:00,1255.033,3047.75,4524.899
2025-05-28 05:30:00,1255.033,3047.75,4524.899
2025-05-28 05:45:00,1255.033,3047.75,4524.899
2025-05-28 06:00:00,2997.707,2724.501,4304.223
2025-05-28 06:15:00,2997.707,2724.501,4304.223
2025-05-28 06:30:00,2997.707,2724.501,4304.223
2025-05-28 06:45:00,2997.707,2724.501,4304.223
2025-05-28 07:00:00,4611.802,2507.0,3885.597
2025-05-28 07:15:00,4611.802,2507.0,3885.597
2025-05-28 07:30:00,4611.802,2507.0,3885.597
2025-05-28 07:45:00,4611.802,2507.0,3885.597
2025-05-28 08:00:00,6415.851,2357.25,3546.203
2025-05-28 08:15:00,6415.851,2357.25,3546.203
2025-05-28 08:30:00,6415.851,2357.25,3546.203
2025-05-28 08:45:00,6415.851,2357.25,3546.203
2025-05-28 09:00:00,9129.856,2092.75,3302.452
2025-05-28 09:15:00,9129.856,2092.75,3302.452
2025-05-28 09:30:00,9129.856,2092.75,3302.452
2025-05-28 09:45:00,9129.856,2092.75,3302.452
2025-05-28 10:00:00,10485.64,1725.249,3203.011
2025-05-28 10:15:00,10485.64,1725.249,3203.011
2025-05-28 10:30:00,10485.64,1725.249,3203.011
2025-05-28 10:45:00,10485.64,1725.249,3203.011
2025-05-28 11:00:00,12955.122,888.5,3402.07
2025-05-28 11:15:00,12955.122,888.5,3402.07
2025-05-28 11:30:00,12955.122,888.5,3402.07
2025-05-28 11:45:00,12955.122,888.5,3402.07
2025-05-28 12:00:00,12324.914,302.501,3538.774
2025-05-28 12:15:00,12324.914,302.501,3538.774
2025-05-28 12:30:00,12324.914,302.501,3538.774
2025-05-28 12:45:00,12324.914,302.501,3538.774
2025-05-28 13:00:00,13138.333,260.75,3889.526
2025-05-28 13:15:00,13138.333,260.75,3889.526
2025-05-28 13:30:00,13138.333,260.75,3889.526
2025-05-28 13:45:00,13138.333,260.75,3889.526
2025-05-28 14:00:00,11957.351,247.75,4008.331
2025-05-28 14:15:00,11957.351,247.75,4008.331
2025-05-28 14:30:00,11957.351,247.75,4008.331
2025-05-28 14:45:00,11957.351,247.75,4008.331
2025-05-28 15:00:00,11892.462,266.001,3898.278
2025-05-28 15:15:00,11892.462,266.001,3898.278
2025-05-28 15:30:00,11892.462,266.001,3898.278
2025-05-28 15:45:00,11892.462,266.001,3898.278
2025-05-28 16:00:00,8762.683,194.5,3495.808
2025-05-28 16:15:00,8762.683,194.5,3495.808
2025-05-28 16:30:00,8762.683,194.5,3495.808
2025-05-28 16:45:00,8762.683,194.5,3495.808
2025-05-28 17:00:00,5654.866,210.251,2525.716
2025-05-28 17:15:00,5654.866,210.251,2525.716
2025-05-28 17:30:00,5654.866,210.251,2525.716
2025-05-28 17:45:00,5654.866,210.251,2525.716
2025-05-28 18:00:00,2468.741,148.75,1515.085
2025-05-28 18:15:00,2468.741,148.75,1515.085
2025-05-28 18:30:00,2468.741,148.75,1515.085
2025-05-28 18:45:00,2468.741,148.75,1515.085
2025-05-28 19:00:00,397.709,201.25,514.824
2025-05-28 19:15:00,397.709,201.25,514.824
2025-05-28 19:30:00,397.709,201.25,514.824
2025-05-28 19:45:00,397.709,201.25,514.824
2025-05-28 20:00:00,0.0,170.0,172.953
2025-05-28 20:15:00,0.0,170.0,172.953
2025-05-28 20:30:00,0.0,170.0,172.953
2025-05-28 20:45:00,0.0,170.0,172.953
2025-05-28 21:00:00,0.0,152.5,132.83
2025-05-28 21:15:00,0.0,152.5,132.83
2025-05-28 21:30:00,0.0,152.5,132.83
2025-05-28 21:45:00,0.0,152.5,132.83
2025-05-28 22:00:00,0.0,133.249,123.802
2025-05-28 22:15:00,0.0,133.249,123.802
2025-05-28 22:30:00,0.0,133.249,123.802
2025-05-28 22:45:00,0.0,133.249,123.802
2025-05-28 23:00:00,0.0,126.0,75.097
2025-05-28 23:15:00,0.0,126.0,75.097
2025-05-28 23:30:00,0.0,126.0,75.097
2025-05-28 23:45:00,0.0,126.0,75.097
2025-05-29 00:00:00,0.0,139.0,65.099
2025-05-29 00:15:00,0.0,139.0,65.099
2025-05-29 00:30:00,0.0,139.0,65.099
2025-05-29 00:45:00,0.0,139.0,65.099
2025-05-29 01:00:00,0.0,121.25,37.994
2025-05-29 01:15:00,0.0,121.25,37.994
2025-05-29 01:30:00,0.0,121.25,37.994
2025-05-29 01:45:00,0.0,121.25,37.994
2025-05-29 02:00:00,0.0,280.25,15.563
2025-05-29 02:15:00,0.0,280.25,15.563
2025-05-29 02:30:00,0.0,280.25,15.563
2025-05-29 02:45:00,0.0,280.25,15.563
2025-05-29 03:00:00,40.42,509.502,21.729
2025-05-29 03:15:00,40.42,509.502,21.729
2025-05-29 03:30:00,40.42,509.502,21.729
2025-05-29 03:45:00,40.42,509.502,21.729
2025-05-29 04:00:00,563.121,662.75,63.361
2025-05-29 04:15:00,563.121,662.75,63.361
2025-05-29 04:30:00,563.121,662.75,63.361
2025-05-29 04:45:00,563.121,662.75,63.361
2025-05-29 05:00:00,1920.101,927.251,182.337
2025-05-29 05:15:00,1920.101,927.251,182.337
2025-05-29 05:30:00,1920.101,927.251,182.337
2025-05-29 05:45:00,1920.101,927.251,182.337
2025-05-29 06:00:00,2419.802,1311.0,386.066
2025-05-29 06:15:00,2419.802,1311.0,386.066
2025-05-29 06:30:00,2419.802,1311.0,386.066
2025-05-29 06:45:00,2419.802,1311.0,386.066
2025-05-29 07:00:00,3352.944,2094.751,663.622
2025-05-29 07:15:00,3352.944,2094.751,663.622
2025-05-29 07:30:00,3352.944,2094.751,663.622
2025-05-29 07:45:00,3352.944,2094.751,663.622
2025-05-29 08:00:00,5005.671,2143.75,1344.771
2025-05-29 08:15:00,5005.671,2143.75,1344.771
2025-05-29 08:30:00,5005.671,2143.75,1344.771
2025-05-29 08:45:00,5005.671,2143.75,1344.771
2025-05-29 09:00:00,6201.848,2727.0,2381.978
2025-05-29 09:15:00,6201.848,2727.0,2381.978
2025-05-29 09:30:00,6201.848,2727.0,2381.978
2025-05-29 09:45:00,6201.848,2727.0,2381.978
2025-05-29 10:00:00,6171.269,3309.499,3543.727
2025-05-29 10:15:00,6171.269,3309.499,3543.727
2025-05-29 10:30:00,6171.269,3309.499,3543.727
2025-05-29 10:45:00,6171.269,3309.499,3543.727
2025-05-29 11:00:00,6099.722,2026.0,4228.572
2025-05-29 11:15:00,6099.722,2026.0,4228.572
2025-05-29 11:30:00,6099.722,2026.0,4228.572
2025-05-29 11:45:00,6099.722,2026.0,4228.572
2025-05-29 12:00:00,6238.853,1956.751,4754.04
2025-05-29 12:15:00,6238.853,1956.751,4754.04
2025-05-29 12:30:00,6238.853,1956.751,4754.04
2025-05-29 12:45:00,6238.853,1956.751,4754.04
2025-05-29 13:00:00,7755.318,1987.75,4884.044
2025-05-29 13:15:00,7755.318,1987.75,4884.044
2025-05-29 13:30:00,7755.318,1987.75,4884.044
2025-05-29 13:45:00,7755.318,1987.75,4884.044
2025-05-29 14:00:00,7397.296,3057.0,4806.123
2025-05-29 14:15:00,7397.296,3057.0,4806.123
2025-05-29 14:30:00,7397.296,3057.0,4806.123
2025-05-29 14:45:00,7397.296,3057.0,4806.123
2025-05-29 15:00:00,5910.673,3618.75,4874.06
2025-05-29 15:15:00,5910.673,3618.75,4874.06
2025-05-29 15:30:00,5910.673,3618.75,4874.06
2025-05-29 15:45:00,5910.673,3618.75,4874.06
2025-05-29 16:00:00,5106.774,4376.751,4822.996
2025-05-29 16:15:00,5106.774,4376.751,4822.996
2025-05-29 16:30:00,5106.774,4376.751,4822.996
2025-05-29 16:45:00,5106.774,4376.751,4822.996
2025-05-29 17:00:00,2921.748,4378.0,4561.071
2025-05-29 17:15:00,2921.748,4378.0,4561.071
2025-05-29 17:30:00,2921.748,4378.0,4561.071
2025-05-29 17:45:00,2921.748,4378.0,4561.071
2025-05-29 18:00:00,1525.158,4387.75,4526.434
2025-05-29 18:15:00,1525.158,4387.75,4526.434
2025-05-29 18:30:00,1525.158,4387.75,4526.434
2025-05-29 18:45:00,1525.158,4387.75,4526.434
2025-05-29 19:00:00,362.097,4394.5,4283.279
2025-05-29 19:15:00,362.097,4394.5,4283.279
2025-05-29 19:30:00,362.097,4394.5,4283.279
2025-05-29 19:45:00,362.097,4394.5,4283.279
2025-05-29 20:00:00,0.0,4380.5,4304.044
2025-05-29 20:15:00,0.0,4380.5,4304.044
2025-05-29 20:30:00,0.0,4380.5,4304.044
2025-05-29 20:45:00,0.0,4380.5,4304.044
2025-05-29 21:00:00,0.0,4333.0,4325.102
2025-05-29 21:15:00,0.0,4333.0,4325.102
2025-05-29 21:30:00,0.0,4333.0,4325.102
2025-05-29 21:45:00,0.0,4333.0,4325.102
2025-05-29 22:00:00,0.0,4193.0,4386.804
2025-05-29 22:15:00,0.0,4193.0,4386.804
2025-05-29 22:30:00,0.0,4193.0,4386.804
2025-05-29 22:45:00,0.0,4193.0,4386.804
2025-05-29 23:00:00,0.0,3958.999,4258.376
2025-05-29 23:15:00,0.0,3958.999,4258.376
2025-05-29 23:30:00,0.0,3958.999,4258.376
2025-05-29 23:45:00,0.0,3958.999,4258.376
2025-05-30 00:00:00,0.0,3755.75,3728.258
2025-05-30 00:15:00,0.0,3755.75,3728.258
2025-05-30 00:30:00,0.0,3755.75,3728.258
2025-05-30 00:45:00,0.0,3755.75,3728.258
2025-05-30 01:00:00,0.0,3527.751,3106.712
2025-05-30 01:15:00,0.0,3527.751,3106.712
2025-05-30 01:30:00,0.0,3527.751,3106.712
2025-05-30 01:45:00,0.0,3527.751,3106.712
2025-05-30 02:00:00,0.0,3332.5,2456.679
2025-05-30 02:15:00,0.0,3332.5,2456.679
2025-05-30 02:30:00,0.0,3332.5,2456.679
2025-05-30 02:45:00,0.0,3332.5,2456.679
2025-05-30 03:00:00,29.867,3300.001,2175.949
2025-05-30 03:15:00,29.867,3300.001,2175.949
2025-05-30 03:30:00,29.867,3300.001,2175.949
2025-05-30 03:45:00,29.867,3300.001,2175.949
2025-05-30 04:00:00,730.985,3215.0,2265.128
2025-05-30 04:15:00,730.985,3215.0,2265.128
2025-05-30 04:30:00,730.985,3215.0,2265.128
2025-05-30 04:45:00,730.985,3215.0,2265.128
2025-05-30 05:00:00,2677.644,2932.75,2552.132
2025-05-30 05:15:00,2677.644,2932.75,2552.132
2025-05-30 05:30:00,2677.644,2932.75,2552.132
2025-05-30 05:45:00,2677.644,2932.75,2552.132
2025-05-30 06:00:00,5031.172,2839.001,3208.194
2025-05-30 06:15:00,5031.172,2839.001,3208.194
2025-05-30 06:30:00,5031.172,2839.001,3208.194
2025-05-30 06:45:00,5031.172,2839.001,3208.194
2025-05-30 07:00:00,7680.618,2178.249,3653.694
2025-05-30 07:15:00,7680.618,2178.249,3653.694
2025-05-30 07:30:00,7680.618,2178.249,3653.694
2025-05-30 07:45:00,7680.618,2178.249,3653.694
2025-05-30 08:00:00,9985.972,1607.5,3851.813
2025-05-30 08:15:00,9985.972,1607.5,3851.813
2025-05-30 08:30:00,9985.972,1607.5,3851.813
2025-05-30 08:45:00,9985.972,1607.5,3851.813
2025-05-30 09:00:00,13184.323,1514.75,4209.104
2025-05-30 09:15:00,13184.323,1514.75,4209.104
2025-05-30 09:30:00,13184.323,1514.75,4209.104
2025-05-30 09:45:00,13184.323,1514.75,4209.104
2025-05-30 10:00:00,15630.228,1536.501,4603.476
2025-05-30 10:15:00,15630.228,1536.501,4603.476
2025-05-30 10:30:00,15630.228,1536.501,4603.476
2025-05-30 10:45:00,15630.228,1536.501,4603.476
2025-05-30 11:00:00,17825.037,1316.25,4567.68
2025-05-30 11:15:00,17825.037,1316.25,4567.68
2025-05-30 11:30:00,17825.037,1316.25,4567.68
2025-05-30 11:45:00,17825.037,1316.25,4567.68
2025-05-30 12:00:00,17958.658,1341.501,4674.177
2025-05-30 12:15:00,17958.658,1341.501,4674.177
2025-05-30 12:30:00,17958.658,1341.501,4674.177
2025-05-30 12:45:00,17958.658,1341.501,4674.177
2025-05-30 13:00:00,16793.629,1925.75,4969.208
2025-05-30 13:15:00,16793.629,1925.75,4969.208
2025-05-30 13:30:00,16793.629,1925.75,4969.208
2025-05-30 13:45:00,16793.629,1925.75,4969.208
2025-05-30 14:00:00,13524.251,2097.001,4577.8
2025-05-30 14:15:00,13524.251,2097.001,4577.8
2025-05-30 14:30:00,13524.251,2097.001,4577.8
2025-05-30 14:45:00,13524.251,2097.001,4577.8
2025-05-30 15:00:00,11423.311,1670.75,3854.271
2025-05-30 15:15:00,11423.311,1670.75,3854.271
2025-05-30 15:30:00,11423.311,1670.75,3854.271
2025-05-30 15:45:00,11423.311,1670.75,3854.271
2025-05-30 16:00:00,8398.97,1910.0,3457.996
2025-05-30 16:15:00,8398.97,1910.0,3457.996
2025-05-30 16:30:00,8398.97,1910.0,3457.996
2025-05-30 16:45:00,8398.97,1910.0,3457.996
2025-05-30 17:00:00,5235.661,1538.249,2376.309
2025-05-30 17:15:00,5235.661,1538.249,2376.309
2025-05-30 17:30:00,5235.661,1538.249,2376.309
2025-05-30 17:45:00,5235.661,1538.249,2376.309
2025-05-30 18:00:00,2278.034,1204.75,1123.652
2025-05-30 18:15:00,2278.034,1204.75,1123.652
2025-05-30 18:30:00,2278.034,1204.75,1123.652
2025-05-30 18:45:00,2278.034,1204.75,1123.652
2025-05-30 19:00:00,406.67,851.749,376.234
2025-05-30 19:15:00,406.67,851.749,376.234
2025-05-30 19:30:00,406.67,851.749,376.234
2025-05-30 19:45:00,406.67,851.749,376.234
2025-05-30 20:00:00,0.0,706.749,80.008
2025-05-30 20:15:00,0.0,706.749,80.008
2025-05-30 20:30:00,0.0,706.749,80.008
2025-05-30 20:45:00,0.0,706.749,80.008
2025-05-30 21:00:00,0.0,452.75,41.225
2025-05-30 21:15:00,0.0,452.75,41.225
2025-05-30 21:30:00,0.0,452.75,41.225
2025-05-30 21:45:00,0.0,452.75,41.225
2025-05-30 22:00:00,0.0,266.999,33.704
2025-05-30 22:15:00,0.0,266.999,33.704
2025-05-30 22:30:00,0.0,266.999,33.704
2025-05-30 22:45:00,0.0,266.999,33.704
2025-05-30 23:00:00,0.0,181.25,25.277
2025-05-30 23:15:00,0.0,181.25,25.277
2025-05-30 23:30:00,0.0,181.25,25.277
2025-05-30 23:45:00,0.0,181.25,25.277
2025-05-31 00:00:00,0.0,194.25,41.262
2025-05-31 00:15:00,0.0,194.25,41.262
2025-05-31 00:30:00,0.0,194.25,41.262
2025-05-31 00:45:00,0.0,194.25,41.262
2025-05-31 01:00:00,0.0,233.001,62.827
2025-05-31 01:15:00,0.0,233.001,62.827
2025-05-31 01:30:00,0.0,233.001,62.827
2025-05-31 01:45:00,0.0,233.001,62.827
2025-05-31 02:00:00,0.0,247.0,87.573
2025-05-31 02:15:00,0.0,247.0,87.573
2025-05-31 02:30:00,0.0,247.0,87.573
2025-05-31 02:45:00,0.0,247.0,87.573
2025-05-31 03:00:00,49.16,233.0,96.944
2025-05-31 03:15:00,49.16,233.0,96.944
2025-05-31 03:30:00,49.16,233.0,96.944
2025-05-31 03:45:00,49.16,233.0,96.944
2025-05-31 04:00:00,806.897,212.25,73.018
2025-05-31 04:15:00,806.897,212.25,73.018
2025-05-31 04:30:00,806.897,212.25,73.018
2025-05-31 04:45:00,806.897,212.25,73.018
2025-05-31 05:00:00,2799.298,198.249,95.099
2025-05-31 05:15:00,2799.298,198.249,95.099
2025-05-31 05:30:00,2799.298,198.249,95.099
2025-05-31 05:45:00,2799.298,198.249,95.099
2025-05-31 06:00:00,6144.003,151.25,162.894
2025-05-31 06:15:00,6144.003,151.25,162.894
2025-05-31 06:30:00,6144.003,151.25,162.894
2025-05-31 06:45:00,6144.003,151.25,162.894
2025-05-31 07:00:00,10003.433,143.5,207.908
2025-05-31 07:15:00,10003.433,143.5,207.908
2025-05-31 07:30:00,10003.433,143.5,207.908
2025-05-31 07:45:00,10003.433,143.5,207.908
2025-05-31 08:00:00,13081.305,152.001,251.87
2025-05-31 08:15:00,13081.305,152.001,251.87
2025-05-31 08:30:00,13081.305,152.001,251.87
2025-05-31 08:45:00,13081.305,152.001,251.87
2025-05-31 09:00:00,14519.176,168.5,253.36
2025-05-31 09:15:00,14519.176,168.5,253.36
2025-05-31 09:30:00,14519.176,168.5,253.36
2025-05-31 09:45:00,14519.176,168.5,253.36
2025-05-31 10:00:00,15180.43,117.749,255.869
2025-05-31 10:15:00,15180.43,117.749,255.869
2025-05-31 10:30:00,15180.43,117.749,255.869
2025-05-31 10:45:00,15180.43,117.749,255.869
2025-05-31 11:00:00,16028.82,79.0,236.164
2025-05-31 11:15:00,16028.82,79.0,236.164
2025-05-31 11:30:00,16028.82,79.0,236.164
2025-05-31 11:45:00,16028.82,79.0,236.164
2025-05-31 12:00:00,17907.531,63.001,286.891
2025-05-31 12:15:00,17907.531,63.001,286.891
2025-05-31 12:30:00,17907.531,63.001,286.891
2025-05-31 12:45:00,17907.531,63.001,286.891
2025-05-31 13:00:00,17882.787,68.251,318.013
2025-05-31 13:15:00,17882.787,68.251,318.013
2025-05-31 13:30:00,17882.787,68.251,318.013
2025-05-31 13:45:00,17882.787,68.251,318.013
2025-05-31 14:00:00,16005.587,73.75,277.678
2025-05-31 14:15:00,16005.587,73.75,277.678
2025-05-31 14:30:00,16005.587,73.75,277.678
2025-05-31 14:45:00,16005.587,73.75,277.678
2025-05-31 15:00:00,12027.818,45.501,191.105
2025-05-31 15:15:00,12027.818,45.501,191.105
2025-05-31 15:30:00,12027.818,45.501,191.105
2025-05-31 15:45:00,12027.818,45.501,191.105
2025-05-31 16:00:00,8724.002,16.0,131.193
2025-05-31 16:15:00,8724.002,16.0,131.193
2025-05-31 16:30:00,8724.002,16.0,131.193
2025-05-31 16:45:00,8724.002,16.0,131.193
2025-05-31 17:00:00,4258.097,62.75,111.068
2025-05-31 17:15:00,4258.097,62.75,111.068
2025-05-31 17:30:00,4258.097,62.75,111.068
2025-05-31 17:45:00,4258.097,62.75,111.068
2025-05-31 18:00:00,1715.067,236.001,76.0
2025-05-31 18:15:00,1715.067,236.001,76.0
2025-05-31 18:30:00,1715.067,236.001,76.0
2025-05-31 18:45:00,1715.067,236.001,76.0
2025-05-31 19:00:00,226.59,499.0,60.693
2025-05-31 19:15:00,226.59,499.0,60.693
2025-05-31 19:30:00,226.59,499.0,60.693
2025-05-31 19:45:00,226.59,499.0,60.693
2025-05-31 20:00:00,0.0,927.001,62.506
2025-05-31 20:15:00,0.0,927.001,62.506
2025-05-31 20:30:00,0.0,927.001,62.506
2025-05-31 20:45:00,0.0,927.001,62.506
2025-05-31 21:00:00,0.0,1046.001,108.559
2025-05-31 21:15:00,0.0,1046.001,108.559
2025-05-31 21:30:00,0.0,1046.001,108.559
2025-05-31 21:45:00,0.0,1046.001,108.559
2025-05-31 22:00:00,0.0,1236.75,157.396
2025-05-31 22:15:00,0.0,1236.75,157.396
2025-05-31 22:30:00,0.0,1236.75,157.396
2025-05-31 22:45:00,0.0,1236.75,157.396
2025-05-31 23:00:00,0.0,1593.999,291.195
2025-05-31 23:15:00,0.0,1593.999,291.195
2025-05-31 23:30:00,0.0,1593.999,291.195
2025-05-31 23:45:00,0.0,1593.999,291.195
2025-06-01 00:00:00,0.0,1785.999,762.386
2025-06-01 00:15:00,0.0,1785.999,762.386
2025-06-01 00:30:00,0.0,1785.999,762.386
2025-06-01 00:45:00,0.0,1785.999,762.386
2025-06-01 01:00:00,0.0,1850.251,1045.929
2025-06-01 01:15:00,0.0,1850.251,1045.929
2025-06-01 01:30:00,0.0,1850.251,1045.929
2025-06-01 01:45:00,0.0,1850.251,1045.929
2025-06-01 02:00:00,0.0,1714.5,1133.084
2025-06-01 02:15:00,0.0,1714.5,1133.084
2025-06-01 02:30:00,0.0,1714.5,1133.084
2025-06-01 02:45:00,0.0,1714.5,1133.084
2025-06-01 03:00:00,18.27,1636.25,1230.544
2025-06-01 03:15:00,18.27,1636.25,1230.544
2025-06-01 03:30:00,18.27,1636.25,1230.544
2025-06-01 03:45:00,18.27,1636.25,1230.544
2025-06-01 04:00:00,756.228,1384.251,1601.253
2025-06-01 04:15:00,756.228,1384.251,1601.253
2025-06-01 04:30:00,756.228,1384.251,1601.253
2025-06-01 04:45:00,756.228,1384.251,1601.253
2025-06-01 05:00:00,2670.292,1450.0,1776.629
2025-06-01 05:15:00,2670.292,1450.0,1776.629
2025-06-01 05:30:00,2670.292,1450.0,1776.629
2025-06-01 05:45:00,2670.292,1450.0,1776.629
2025-06-01 06:00:00,5037.747,1244.25,2213.565
2025-06-01 06:15:00,5037.747,1244.25,2213.565
2025-06-01 06:30:00,5037.747,1244.25,2213.565
2025-06-01 06:45:00,5037.747,1244.25,2213.565
2025-06-01 07:00:00,7449.837,1028.5,2461.338
2025-06-01 07:15:00,7449.837,1028.5,2461.338
2025-06-01 07:30:00,7449.837,1028.5,2461.338
2025-06-01 07:45:00,7449.837,1028.5,2461.338
2025-06-01 08:00:00,9797.801,984.249,2956.952
2025-06-01 08:15:00,9797.801,984.249,2956.952
2025-06-01 08:30:00,9797.801,984.249,2956.952
2025-06-01 08:45:00,9797.801,984.249,2956.952
2025-06-01 09:00:00,10667.705,732.25,3477.925
2025-06-01 09:15:00,10667.705,732.25,3477.925
2025-06-01 09:30:00,10667.705,732.25,3477.925
2025-06-01 09:45:00,10667.705,732.25,3477.925
2025-06-01 10:00:00,12211.782,953.25,3817.325
2025-06-01 10:15:00,12211.782,953.25,3817.325
2025-06-01 10:30:00,12211.782,953.25,3817.325
2025-06-01 10:45:00,12211.782,953.25,3817.325
2025-06-01 11:00:00,12294.465,1123.001,3765.103
2025-06-01 11:15:00,12294.465,1123.001,3765.103
2025-06-01 11:30:00,12294.465,1123.001,3765.103
2025-06-01 11:45:00,12294.465,1123.001,3765.103
2025-06-01 12:00:00,12221.453,1221.0,3878.754
2025-06-01 12:15:00,12221.453,1221.0,3878.754
2025-06-01 12:30:00,12221.453,1221.0,3878.754
2025-06-01 12:45:00,12221.453,1221.0,3878.754
2025-06-01 13:00:00,11212.899,1295.75,4583.194
2025-06-01 13:15:00,11212.899,1295.75,4583.194
2025-06-01 13:30:00,11212.899,1295.75,4583.194
2025-06-01 13:45:00,11212.899,1295.75,4583.194
2025-06-01 14:00:00,11457.697,2019.5,5037.169
2025-06-01 14:15:00,11457.697,2019.5,5037.169
2025-06-01 14:30:00,11457.697,2019.5,5037.169
2025-06-01 14:45:00,11457.697,2019.5,5037.169
2025-06-01 15:00:00,9859.267,2963.0,5347.398
2025-06-01 15:15:00,9859.267,2963.0,5347.398
2025-06-01 15:30:00,9859.267,2963.0,5347.398
2025-06-01 15:45:00,9859.267,2963.0,5347.398
2025-06-01 16:00:00,8239.84,2737.25,5352.744
2025-06-01 16:15:00,8239.84,2737.25,5352.744
2025-06-01 16:30:00,8239.84,2737.25,5352.744
2025-06-01 16:45:00,8239.84,2737.25,5352.744
2025-06-01 17:00:00,4846.697,2572.0,4894.986
2025-06-01 17:15:00,4846.697,2572.0,4894.986
2025-06-01 17:30:00,4846.697,2572.0,4894.986
2025-06-01 17:45:00,4846.697,2572.0,4894.986
2025-06-01 18:00:00,1993.971,2789.751,3633.128
2025-06-01 18:15:00,1993.971,2789.751,3633.128
2025-06-01 18:30:00,1993.971,2789.751,3633.128
2025-06-01 18:45:00,1993.971,2789.751,3633.128
2025-06-01 19:00:00,568.09,2899.75,2140.247
2025-06-01 19:15:00,568.09,2899.75,2140.247
2025-06-01 19:30:00,568.09,2899.75,2140.247
2025-06-01 19:45:00,568.09,2899.75,2140.247
2025-06-01 20:00:00,0.0,3138.249,1384.933
2025-06-01 20:15:00,0.0,3138.249,1384.933
2025-06-01 20:30:00,0.0,3138.249,1384.933
2025-06-01 20:45:00,0.0,3138.249,1384.933
2025-06-01 21:00:00,0.0,3130.251,1361.391
2025-06-01 21:15:00,0.0,3130.251,1361.391
2025-06-01 21:30:00,0.0,3130.251,1361.391
2025-06-01 21:45:00,0.0,3130.251,1361.391
2025-06-01 22:00:00,0.0,2981.75,1422.226
2025-06-01 22:15:00,0.0,2981.75,1422.226
2025-06-01 22:30:00,0.0,2981.75,1422.226
2025-06-01 22:45:00,0.0,2981.75,1422.226
2025-06-01 23:00:00,0.0,2853.5,1329.975
2025-06-01 23:15:00,0.0,2853.5,1329.975
2025-06-01 23:30:00,0.0,2853.5,1329.975
2025-06-01 23:45:00,0.0,2853.5,1329.975
2025-06-02 00:00:00,0.0,2347.75,1295.068
2025-06-02 00:15:00,0.0,2347.75,1295.068
2025-06-02 00:30:00,0.0,2347.75,1295.068
2025-06-02 00:45:00,0.0,2347.75,1295.068
2025-06-02 01:00:00,0.0,1689.5,1201.803
2025-06-02 01:15:00,0.0,1689.5,1201.803
2025-06-02 01:30:00,0.0,1689.5,1201.803
2025-06-02 01:45:00,0.0,1689.5,1201.803
2025-06-02 02:00:00,0.0,1248.0,1103.786
2025-06-02 02:15:00,0.0,1248.0,1103.786
2025-06-02 02:30:00,0.0,1248.0,1103.786
2025-06-02 02:45:00,0.0,1248.0,1103.786
2025-06-02 03:00:00,24.442,1079.001,901.96
2025-06-02 03:15:00,24.442,1079.001,901.96
2025-06-02 03:30:00,24.442,1079.001,901.96
2025-06-02 03:45:00,24.442,1079.001,901.96
2025-06-02 04:00:00,648.728,724.499,769.06
2025-06-02 04:15:00,648.728,724.499,769.06
2025-06-02 04:30:00,648.728,724.499,769.06
2025-06-02 04:45:00,648.728,724.499,769.06
2025-06-02 05:00:00,2372.084,673.0,990.664
2025-06-02 05:15:00,2372.084,673.0,990.664
2025-06-02 05:30:00,2372.084,673.0,990.664
2025-06-02 05:45:00,2372.084,673.0,990.664
2025-06-02 06:00:00,5507.224,648.25,1315.275
2025-06-02 06:15:00,5507.224,648.25,1315.275
2025-06-02 06:30:00,5507.224,648.25,1315.275
2025-06-02 06:45:00,5507.224,648.25,1315.275
2025-06-02 07:00:00,8661.493,658.5,1624.866
2025-06-02 07:15:00,8661.493,658.5,1624.866
2025-06-02 07:30:00,8661.493,658.5,1624.866
2025-06-02 07:45:00,8661.493,658.5,1624.866
2025-06-02 08:00:00,12538.438,641.25,1854.289
2025-06-02 08:15:00,12538.438,641.25,1854.289
2025-06-02 08:30:00,12538.438,641.25,1854.289
2025-06-02 08:45:00,12538.438,641.25,1854.289
2025-06-02 09:00:00,14207.671,639.501,2101.421
2025-06-02 09:15:00,14207.671,639.501,2101.421
2025-06-02 09:30:00,14207.671,639.501,2101.421
2025-06-02 09:45:00,14207.671,639.501,2101.421
2025-06-02 10:00:00,15751.166,557.25,2780.31
2025-06-02 10:15:00,15751.166,557.25,2780.31
2025-06-02 10:30:00,15751.166,557.25,2780.31
2025-06-02 10:45:00,15751.166,557.25,2780.31
2025-06-02 11:00:00,15284.395,606.252,3484.433
2025-06-02 11:15:00,15284.395,606.252,3484.433
2025-06-02 11:30:00,15284.395,606.252,3484.433
2025-06-02 11:45:00,15284.395,606.252,3484.433
2025-06-02 12:00:00,15587.752,509.001,3718.092
2025-06-02 12:15:00,15587.752,509.001,3718.092
2025-06-02 12:30:00,15587.752,509.001,3718.092
2025-06-02 12:45:00,15587.752,509.001,3718.092
2025-06-02 13:00:00,16110.032,418.25,3886.797
2025-06-02 13:15:00,16110.032,418.25,3886.797
2025-06-02 13:30:00,16110.032,418.25,3886.797
2025-06-02 13:45:00,16110.032,418.25,3886.797
2025-06-02 14:00:00,15137.405,286.0,3735.307
2025-06-02 14:15:00,15137.405,286.0,3735.307
2025-06-02 14:30:00,15137.405,286.0,3735.307
2025-06-02 14:45:00,15137.405,286.0,3735.307
2025-06-02 15:00:00,13237.152,269.75,3091.11
2025-06-02 15:15:00,13237.152,269.75,3091.11
2025-06-02 15:30:00,13237.152,269.75,3091.11
2025-06-02 15:45:00,13237.152,269.75,3091.11
2025-06-02 16:00:00,9187.961,202.001,2405.402
2025-06-02 16:15:00,9187.961,202.001,2405.402
2025-06-02 16:30:00,9187.961,202.001,2405.402
2025-06-02 16:45:00,9187.961,202.001,2405.402
2025-06-02 17:00:00,6264.326,122.001,1428.94
2025-06-02 17:15:00,6264.326,122.001,1428.94
2025-06-02 17:30:00,6264.326,122.001,1428.94
2025-06-02 17:45:00,6264.326,122.001,1428.94
2025-06-02 18:00:00,2857.956,106.5,603.749
2025-06-02 18:15:00,2857.956,106.5,603.749
2025-06-02 18:30:00,2857.956,106.5,603.749
2025-06-02 18:45:00,2857.956,106.5,603.749
2025-06-02 19:00:00,542.29,136.002,122.857
2025-06-02 19:15:00,542.29,136.002,122.857
2025-06-02 19:30:00,542.29,136.002,122.857
2025-06-02 19:45:00,542.29,136.002,122.857
2025-06-02 20:00:00,0.0,234.0,0.0
2025-06-02 20:15:00,0.0,234.0,0.0
2025-06-02 20:30:00,0.0,234.0,0.0
2025-06-02 20:45:00,0.0,234.0,0.0
2025-06-02 21:00:00,0.0,425.251,0.0
2025-06-02 21:15:00,0.0,425.251,0.0
2025-06-02 21:30:00,0.0,425.251,0.0
2025-06-02 21:45:00,0.0,425.251,0.0
2025-06-02 22:00:00,0.0,808.5,45.614
2025-06-02 22:15:00,0.0,808.5,45.614
2025-06-02 22:30:00,0.0,808.5,45.614
2025-06-02 22:45:00,0.0,808.5,45.614
2025-06-02 23:00:00,0.0,1205.25,159.655
2025-06-02 23:15:00,0.0,1205.25,159.655
2025-06-02 23:30:00,0.0,1205.25,159.655
2025-06-02 23:45:00,0.0,1205.25,159.655
2025-06-03 00:00:00,0.0,1455.75,285.121
2025-06-03 00:15:00,0.0,1455.75,285.121
2025-06-03 00:30:00,0.0,1455.75,285.121
2025-06-03 00:45:00,0.0,1455.75,285.121
2025-06-03 01:00:00,0.0,1532.5,475.018
2025-06-03 01:15:00,0.0,1532.5,475.018
2025-06-03 01:30:00,0.0,1532.5,475.018
2025-06-03 01:45:00,0.0,1532.5,475.018
2025-06-03 02:00:00,0.0,1784.001,782.94
2025-06-03 02:15:00,0.0,1784.001,782.94
2025-06-03 02:30:00,0.0,1784.001,782.94
2025-06-03 02:45:00,0.0,1784.001,782.94
2025-06-03 03:00:00,57.098,2063.499,1128.146
2025-06-03 03:15:00,57.098,2063.499,1128.146
2025-06-03 03:30:00,57.098,2063.499,1128.146
2025-06-03 03:45:00,57.098,2063.499,1128.146
2025-06-03 04:00:00,1143.847,2170.25,1416.943
2025-06-03 04:15:00,1143.847,2170.25,1416.943
2025-06-03 04:30:00,1143.847,2170.25,1416.943
2025-06-03 04:45:00,1143.847,2170.25,1416.943
2025-06-03 05:00:00,3751.875,2301.25,1719.068
2025-06-03 05:15:00,3751.875,2301.25,1719.068
2025-06-03 05:30:00,3751.875,2301.25,1719.068
2025-06-03 05:45:00,3751.875,2301.25,1719.068
2025-06-03 06:00:00,7175.987,2604.5,1857.746
2025-06-03 06:15:00,7175.987,2604.5,1857.746
2025-06-03 06:30:00,7175.987,2604.5,1857.746
2025-06-03 06:45:00,7175.987,2604.5,1857.746
2025-06-03 07:00:00,9827.698,2641.75,2748.215
2025-06-03 07:15:00,9827.698,2641.75,2748.215
2025-06-03 07:30:00,9827.698,2641.75,2748.215
2025-06-03 07:45:00,9827.698,2641.75,2748.215
2025-06-03 08:00:00,13735.814,2177.75,4167.872
2025-06-03 08:15:00,13735.814,2177.75,4167.872
2025-06-03 08:30:00,13735.814,2177.75,4167.872
2025-06-03 08:45:00,13735.814,2177.75,4167.872
2025-06-03 09:00:00,15545.806,2166.751,5358.388
2025-06-03 09:15:00,15545.806,2166.751,5358.388
2025-06-03 09:30:00,15545.806,2166.751,5358.388
2025-06-03 09:45:00,15545.806,2166.751,5358.388
2025-06-03 10:00:00,16417.262,1805.25,6094.194
2025-06-03 10:15:00,16417.262,1805.25,6094.194
2025-06-03 10:30:00,16417.262,1805.25,6094.194
2025-06-03 10:45:00,16417.262,1805.25,6094.194
2025-06-03 11:00:00,17504.731,1935.499,6362.244
2025-06-03 11:15:00,17504.731,1935.499,6362.244
2025-06-03 11:30:00,17504.731,1935.499,6362.244
2025-06-03 11:45:00,17504.731,1935.499,6362.244
2025-06-03 12:00:00,17553.252,1759.75,6321.039
2025-06-03 12:15:00,17553.252,1759.75,6321.039
2025-06-03 12:30:00,17553.252,1759.75,6321.039
2025-06-03 12:45:00,17553.252,1759.75,6321.039
2025-06-03 13:00:00,15191.851,1972.25,6275.69
2025-06-03 13:15:00,15191.851,1972.25,6275.69
2025-06-03 13:30:00,15191.851,1972.25,6275.69
2025-06-03 13:45:00,15191.851,1972.25,6275.69
2025-06-03 14:00:00,11876.124,2392.5,6096.626
2025-06-03 14:15:00,11876.124,2392.5,6096.626
2025-06-03 14:30:00,11876.124,2392.5,6096.626
2025-06-03 14:45:00,11876.124,2392.5,6096.626
2025-06-03 15:00:00,8030.444,3331.248,5753.369
2025-06-03 15:15:00,8030.444,3331.248,5753.369
2025-06-03 15:30:00,8030.444,3331.248,5753.369
2025-06-03 15:45:00,8030.444,3331.248,5753.369
2025-06-03 16:00:00,5466.981,4288.5,4547.759
2025-06-03 16:15:00,5466.981,4288.5,4547.759
2025-06-03 16:30:00,5466.981,4288.5,4547.759
2025-06-03 16:45:00,5466.981,4288.5,4547.759
2025-06-03 17:00:00,3241.707,4380.25,3972.865
2025-06-03 17:15:00,3241.707,4380.25,3972.865
2025-06-03 17:30:00,3241.707,4380.25,3972.865
2025-06-03 17:45:00,3241.707,4380.25,3972.865
2025-06-03 18:00:00,1283.912,4382.751,3515.355
2025-06-03 18:15:00,1283.912,4382.751,3515.355
2025-06-03 18:30:00,1283.912,4382.751,3515.355
2025-06-03 18:45:00,1283.912,4382.751,3515.355
2025-06-03 19:00:00,249.939,4380.499,3347.773
2025-06-03 19:15:00,249.939,4380.499,3347.773
2025-06-03 19:30:00,249.939,4380.499,3347.773
2025-06-03 19:45:00,249.939,4380.499,3347.773
2025-06-03 20:00:00,0.0,4226.0,2979.56
2025-06-03 20:15:00,0.0,4226.0,2979.56
2025-06-03 20:30:00,0.0,4226.0,2979.56
2025-06-03 20:45:00,0.0,4226.0,2979.56
2025-06-03 21:00:00,0.0,4125.5,2659.197
2025-06-03 21:15:00,0.0,4125.5,2659.197
2025-06-03 21:30:00,0.0,4125.5,2659.197
2025-06-03 21:45:00,0.0,4125.5,2659.197
2025-06-03 22:00:00,0.0,4151.001,2430.349
2025-06-03 22:15:00,0.0,4151.001,2430.349
2025-06-03 22:30:00,0.0,4151.001,2430.349
2025-06-03 22:45:00,0.0,4151.001,2430.349
2025-06-03 23:00:00,0.0,3783.749,2239.634
2025-06-03 23:15:00,0.0,3783.749,2239.634
2025-06-03 23:30:00,0.0,3783.749,2239.634
2025-06-03 23:45:00,0.0,3783.749,2239.634
2025-06-04 00:00:00,0.0,3722.5,2140.259
2025-06-04 00:15:00,0.0,3722.5,2140.259
2025-06-04 00:30:00,0.0,3722.5,2140.259
2025-06-04 00:45:00,0.0,3722.5,2140.259
2025-06-04 01:00:00,0.0,3282.75,2099.824
2025-06-04 01:15:00,0.0,3282.75,2099.824
2025-06-04 01:30:00,0.0,3282.75,2099.824
2025-06-04 01:45:00,0.0,3282.75,2099.824
2025-06-04 02:00:00,0.0,2786.001,1909.639
2025-06-04 02:15:00,0.0,2786.001,1909.639
2025-06-04 02:30:00,0.0,2786.001,1909.639
2025-06-04 02:45:00,0.0,2786.001,1909.639
2025-06-04 03:00:00,18.65,2507.499,1995.334
2025-06-04 03:15:00,18.65,2507.499,1995.334
2025-06-04 03:30:00,18.65,2507.499,1995.334
2025-06-04 03:45:00,18.65,2507.499,1995.334
2025-06-04 04:00:00,430.21,2043.25,1868.634
2025-06-04 04:15:00,430.21,2043.25,1868.634
2025-06-04 04:30:00,430.21,2043.25,1868.634
2025-06-04 04:45:00,430.21,2043.25,1868.634
2025-06-04 05:00:00,1484.563,1852.25,1709.856
2025-06-04 05:15:00,1484.563,1852.25,1709.856
2025-06-04 05:30:00,1484.563,1852.25,1709.856
2025-06-04 05:45:00,1484.563,1852.25,1709.856
2025-06-04 06:00:00,3207.2,1556.5,2079.0
2025-06-04 06:15:00,3207.2,1556.5,2079.0
2025-06-04 06:30:00,3207.2,1556.5,2079.0
2025-06-04 06:45:00,3207.2,1556.5,2079.0
2025-06-04 07:00:00,5224.214,1300.002,2466.395
2025-06-04 07:15:00,5224.214,1300.002,2466.395
2025-06-04 07:30:00,5224.214,1300.002,2466.395
2025-06-04 07:45:00,5224.214,1300.002,2466.395
2025-06-04 08:00:00,7851.061,1462.749,3034.483
2025-06-04 08:15:00,7851.061,1462.749,3034.483
2025-06-04 08:30:00,7851.061,1462.749,3034.483
2025-06-04 08:45:00,7851.061,1462.749,3034.483
2025-06-04 09:00:00,8924.056,1685.75,3581.446
2025-06-04 09:15:00,8924.056,1685.75,3581.446
2025-06-04 09:30:00,8924.056,1685.75,3581.446
2025-06-04 09:45:00,8924.056,1685.75,3581.446
2025-06-04 10:00:00,10692.201,1754.25,3915.516
2025-06-04 10:15:00,10692.201,1754.25,3915.516
2025-06-04 10:30:00,10692.201,1754.25,3915.516
2025-06-04 10:45:00,10692.201,1754.25,3915.516
2025-06-04 11:00:00,11243.361,2010.25,3907.649
2025-06-04 11:15:00,11243.361,2010.25,3907.649
2025-06-04 11:30:00,11243.361,2010.25,3907.649
2025-06-04 11:45:00,11243.361,2010.25,3907.649
2025-06-04 12:00:00,12505.67,2116.249,3964.771
2025-06-04 12:15:00,12505.67,2116.249,3964.771
2025-06-04 12:30:00,12505.67,2116.249,3964.771
2025-06-04 12:45:00,12505.67,2116.249,3964.771
2025-06-04 13:00:00,14195.722,2426.75,4232.612
2025-06-04 13:15:00,14195.722,2426.75,4232.612
2025-06-04 13:30:00,14195.722,2426.75,4232.612
2025-06-04 13:45:00,14195.722,2426.75,4232.612
2025-06-04 14:00:00,12808.293,2574.25,4293.638
2025-06-04 14:15:00,12808.293,2574.25,4293.638
2025-06-04 14:30:00,12808.293,2574.25,4293.638
2025-06-04 14:45:00,12808.293,2574.25,4293.638
2025-06-04 15:00:00,9139.552,2690.0,4132.766
2025-06-04 15:15:00,9139.552,2690.0,4132.766
2025-06-04 15:30:00,9139.552,2690.0,4132.766
2025-06-04 15:45:00,9139.552,2690.0,4132.766
2025-06-04 16:00:00,6889.544,2800.5,3987.886
2025-06-04 16:15:00,6889.544,2800.5,3987.886
2025-06-04 16:30:00,6889.544,2800.5,3987.886
2025-06-04 16:45:00,6889.544,2800.5,3987.886
2025-06-04 17:00:00,3492.856,2734.999,3410.951
2025-06-04 17:15:00,3492.856,2734.999,3410.951
2025-06-04 17:30:00,3492.856,2734.999,3410.951
2025-06-04 17:45:00,3492.856,2734.999,3410.951
2025-06-04 18:00:00,1494.314,2742.0,2770.867
2025-06-04 18:15:00,1494.314,2742.0,2770.867
2025-06-04 18:30:00,1494.314,2742.0,2770.867
2025-06-04 18:45:00,1494.314,2742.0,2770.867
2025-06-04 19:00:00,343.777,2890.5,1795.832
2025-06-04 19:15:00,343.777,2890.5,1795.832
2025-06-04 19:30:00,343.777,2890.5,1795.832
2025-06-04 19:45:00,343.777,2890.5,1795.832
2025-06-04 20:00:00,0.0,2968.251,1134.675
2025-06-04 20:15:00,0.0,2968.251,1134.675
2025-06-04 20:30:00,0.0,2968.251,1134.675
2025-06-04 20:45:00,0.0,2968.251,1134.675
2025-06-04 21:00:00,0.0,2946.5,955.964
2025-06-04 21:15:00,0.0,2946.5,955.964
2025-06-04 21:30:00,0.0,2946.5,955.964
2025-06-04 21:45:00,0.0,2946.5,955.964
2025-06-04 22:00:00,0.0,3215.25,1288.427
2025-06-04 22:15:00,0.0,3215.25,1288.427
2025-06-04 22:30:00,0.0,3215.25,1288.427
2025-06-04 22:45:00,0.0,3215.25,1288.427
2025-06-04 23:00:00,0.0,3505.0,1388.568
2025-06-04 23:15:00,0.0,3505.0,1388.568
2025-06-04 23:30:00,0.0,3505.0,1388.568
2025-06-04 23:45:00,0.0,3505.0,1388.568
2025-06-05 00:00:00,0.0,3607.75,1416.452
2025-06-05 00:15:00,0.0,3607.75,1416.452
2025-06-05 00:30:00,0.0,3607.75,1416.452
2025-06-05 00:45:00,0.0,3607.75,1416.452
2025-06-05 01:00:00,0.0,3366.501,1672.957
2025-06-05 01:15:00,0.0,3366.501,1672.957
2025-06-05 01:30:00,0.0,3366.501,1672.957
2025-06-05 01:45:00,0.0,3366.501,1672.957
2025-06-05 02:00:00,0.0,3415.25,1809.041
2025-06-05 02:15:00,0.0,3415.25,1809.041
2025-06-05 02:30:00,0.0,3415.25,1809.041
2025-06-05 02:45:00,0.0,3415.25,1809.041
2025-06-05 03:00:00,31.833,3492.5,1799.332
2025-06-05 03:15:00,31.833,3492.5,1799.332
2025-06-05 03:30:00,31.833,3492.5,1799.332
2025-06-05 03:45:00,31.833,3492.5,1799.332
2025-06-05 04:00:00,498.049,3311.249,1848.204
2025-06-05 04:15:00,498.049,3311.249,1848.204
2025-06-05 04:30:00,498.049,3311.249,1848.204
2025-06-05 04:45:00,498.049,3311.249,1848.204
2025-06-05 05:00:00,1709.471,3136.75,2280.206
2025-06-05 05:15:00,1709.471,3136.75,2280.206
2025-06-05 05:30:00,1709.471,3136.75,2280.206
2025-06-05 05:45:00,1709.471,3136.75,2280.206
2025-06-05 06:00:00,4118.145,3008.5,3018.752
2025-06-05 06:15:00,4118.145,3008.5,3018.752
2025-06-05 06:30:00,4118.145,3008.5,3018.752
2025-06-05 06:45:00,4118.145,3008.5,3018.752
2025-06-05 07:00:00,6996.019,2497.499,4000.154
2025-06-05 07:15:00,6996.019,2497.499,4000.154
2025-06-05 07:30:00,6996.019,2497.499,4000.154
2025-06-05 07:45:00,6996.019,2497.499,4000.154
2025-06-05 08:00:00,9284.96,2757.749,4757.725
2025-06-05 08:15:00,9284.96,2757.749,4757.725
2025-06-05 08:30:00,9284.96,2757.749,4757.725
2025-06-05 08:45:00,9284.96,2757.749,4757.725
2025-06-05 09:00:00,9168.807,2902.75,5288.786
2025-06-05 09:15:00,9168.807,2902.75,5288.786
2025-06-05 09:30:00,9168.807,2902.75,5288.786
2025-06-05 09:45:00,9168.807,2902.75,5288.786
2025-06-05 10:00:00,7114.376,3114.0,5375.637
2025-06-05 10:15:00,7114.376,3114.0,5375.637
2025-06-05 10:30:00,7114.376,3114.0,5375.637
2025-06-05 10:45:00,7114.376,3114.0,5375.637
2025-06-05 11:00:00,6414.897,3370.5,5124.874
2025-06-05 11:15:00,6414.897,3370.5,5124.874
2025-06-05 11:30:00,6414.897,3370.5,5124.874
2025-06-05 11:45:00,6414.897,3370.5,5124.874
2025-06-05 12:00:00,8692.768,2694.25,4977.882
2025-06-05 12:15:00,8692.768,2694.25,4977.882
2025-06-05 12:30:00,8692.768,2694.25,4977.882
2025-06-05 12:45:00,8692.768,2694.25,4977.882
2025-06-05 13:00:00,11471.439,2595.5,4795.466
2025-06-05 13:15:00,11471.439,2595.5,4795.466
2025-06-05 13:30:00,11471.439,2595.5,4795.466
2025-06-05 13:45:00,11471.439,2595.5,4795.466
2025-06-05 14:00:00,11244.886,2441.5,4723.723
2025-06-05 14:15:00,11244.886,2441.5,4723.723
2025-06-05 14:30:00,11244.886,2441.5,4723.723
2025-06-05 14:45:00,11244.886,2441.5,4723.723
2025-06-05 15:00:00,8533.462,2183.5,4178.397
2025-06-05 15:15:00,8533.462,2183.5,4178.397
2025-06-05 15:30:00,8533.462,2183.5,4178.397
2025-06-05 15:45:00,8533.462,2183.5,4178.397
2025-06-05 16:00:00,5649.471,2308.0,3388.637
2025-06-05 16:15:00,5649.471,2308.0,3388.637
2025-06-05 16:30:00,5649.471,2308.0,3388.637
2025-06-05 16:45:00,5649.471,2308.0,3388.637
2025-06-05 17:00:00,2180.135,2446.75,2889.732
2025-06-05 17:15:00,2180.135,2446.75,2889.732
2025-06-05 17:30:00,2180.135,2446.75,2889.732
2025-06-05 17:45:00,2180.135,2446.75,2889.732
2025-06-05 18:00:00,996.808,2864.25,2306.36
2025-06-05 18:15:00,996.808,2864.25,2306.36
2025-06-05 18:30:00,996.808,2864.25,2306.36
2025-06-05 18:45:00,996.808,2864.25,2306.36
2025-06-05 19:00:00,152.482,3096.75,2180.178
2025-06-05 19:15:00,152.482,3096.75,2180.178
2025-06-05 19:30:00,152.482,3096.75,2180.178
2025-06-05 19:45:00,152.482,3096.75,2180.178
2025-06-05 20:00:00,0.0,3663.5,2676.318
2025-06-05 20:15:00,0.0,3663.5,2676.318
2025-06-05 20:30:00,0.0,3663.5,2676.318
2025-06-05 20:45:00,0.0,3663.5,2676.318
2025-06-05 21:00:00,0.0,3277.25,3101.248
2025-06-05 21:15:00,0.0,3277.25,3101.248
2025-06-05 21:30:00,0.0,3277.25,3101.248
2025-06-05 21:45:00,0.0,3277.25,3101.248
2025-06-05 22:00:00,0.0,3077.751,3624.248
2025-06-05 22:15:00,0.0,3077.751,3624.248
2025-06-05 22:30:00,0.0,3077.751,3624.248
2025-06-05 22:45:00,0.0,3077.751,3624.248
2025-06-05 23:00:00,0.0,3463.25,3681.409
2025-06-05 23:15:00,0.0,3463.25,3681.409
2025-06-05 23:30:00,0.0,3463.25,3681.409
2025-06-05 23:45:00,0.0,3463.25,3681.409
2025-06-06 00:00:00,0.0,3662.001,3967.149
2025-06-06 00:15:00,0.0,3662.001,3967.149
2025-06-06 00:30:00,0.0,3662.001,3967.149
2025-06-06 00:45:00,0.0,3662.001,3967.149
2025-06-06 01:00:00,0.0,3874.5,3933.32
2025-06-06 01:15:00,0.0,3874.5,3933.32
2025-06-06 01:30:00,0.0,3874.5,3933.32
2025-06-06 01:45:00,0.0,3874.5,3933.32
2025-06-06 02:00:00,0.0,3940.75,3871.53
2025-06-06 02:15:00,0.0,3940.75,3871.53
2025-06-06 02:30:00,0.0,3940.75,3871.53
2025-06-06 02:45:00,0.0,3940.75,3871.53
2025-06-06 03:00:00,11.609,3917.499,4036.259
2025-06-06 03:15:00,11.609,3917.499,4036.259
2025-06-06 03:30:00,11.609,3917.499,4036.259
2025-06-06 03:45:00,11.609,3917.499,4036.259
2025-06-06 04:00:00,528.339,3870.5,4562.047
2025-06-06 04:15:00,528.339,3870.5,4562.047
2025-06-06 04:30:00,528.339,3870.5,4562.047
2025-06-06 04:45:00,528.339,3870.5,4562.047
2025-06-06 05:00:00,2323.185,3783.5,4612.529
2025-06-06 05:15:00,2323.185,3783.5,4612.529
2025-06-06 05:30:00,2323.185,3783.5,4612.529
2025-06-06 05:45:00,2323.185,3783.5,4612.529
2025-06-06 06:00:00,5237.868,3370.5,5078.3
2025-06-06 06:15:00,5237.868,3370.5,5078.3
2025-06-06 06:30:00,5237.868,3370.5,5078.3
2025-06-06 06:45:00,5237.868,3370.5,5078.3
2025-06-06 07:00:00,8550.491,2676.249,6045.029
2025-06-06 07:15:00,8550.491,2676.249,6045.029
2025-06-06 07:30:00,8550.491,2676.249,6045.029
2025-06-06 07:45:00,8550.491,2676.249,6045.029
2025-06-06 08:00:00,11807.804,2723.001,6283.429
2025-06-06 08:15:00,11807.804,2723.001,6283.429
2025-06-06 08:30:00,11807.804,2723.001,6283.429
2025-06-06 08:45:00,11807.804,2723.001,6283.429
2025-06-06 09:00:00,14228.139,2143.25,6385.936
2025-06-06 09:15:00,14228.139,2143.25,6385.936
2025-06-06 09:30:00,14228.139,2143.25,6385.936
2025-06-06 09:45:00,14228.139,2143.25,6385.936
2025-06-06 10:00:00,16195.033,2098.751,6425.98
2025-06-06 10:15:00,16195.033,2098.751,6425.98
2025-06-06 10:30:00,16195.033,2098.751,6425.98
2025-06-06 10:45:00,16195.033,2098.751,6425.98
2025-06-06 11:00:00,16498.529,1967.749,6406.943
2025-06-06 11:15:00,16498.529,1967.749,6406.943
2025-06-06 11:30:00,16498.529,1967.749,6406.943
2025-06-06 11:45:00,16498.529,1967.749,6406.943
2025-06-06 12:00:00,16942.543,1839.501,6417.492
2025-06-06 12:15:00,16942.543,1839.501,6417.492
2025-06-06 12:30:00,16942.543,1839.501,6417.492
2025-06-06 12:45:00,16942.543,1839.501,6417.492
2025-06-06 13:00:00,13740.988,2023.501,6379.533
2025-06-06 13:15:00,13740.988,2023.501,6379.533
2025-06-06 13:30:00,13740.988,2023.501,6379.533
2025-06-06 13:45:00,13740.988,2023.501,6379.533
2025-06-06 14:00:00,10185.031,3345.5,6308.899
2025-06-06 14:15:00,10185.031,3345.5,6308.899
2025-06-06 14:30:00,10185.031,3345.5,6308.899
2025-06-06 14:45:00,10185.031,3345.5,6308.899
2025-06-06 15:00:00,7866.369,3452.75,5845.397
2025-06-06 15:15:00,7866.369,3452.75,5845.397
2025-06-06 15:30:00,7866.369,3452.75,5845.397
2025-06-06 15:45:00,7866.369,3452.75,5845.397
2025-06-06 16:00:00,5435.035,3074.5,5710.841
2025-06-06 16:15:00,5435.035,3074.5,5710.841
2025-06-06 16:30:00,5435.035,3074.5,5710.841
2025-06-06 16:45:00,5435.035,3074.5,5710.841
2025-06-06 17:00:00,3202.097,2530.0,4821.517
2025-06-06 17:15:00,3202.097,2530.0,4821.517
2025-06-06 17:30:00,3202.097,2530.0,4821.517
2025-06-06 17:45:00,3202.097,2530.0,4821.517
2025-06-06 18:00:00,1685.274,1666.249,3142.621
2025-06-06 18:15:00,1685.274,1666.249,3142.621
2025-06-06 18:30:00,1685.274,1666.249,3142.621
2025-06-06 18:45:00,1685.274,1666.249,3142.621
2025-06-06 19:00:00,445.44,1681.501,1665.436
2025-06-06 19:15:00,445.44,1681.501,1665.436
2025-06-06 19:30:00,445.44,1681.501,1665.436
2025-06-06 19:45:00,445.44,1681.501,1665.436
2025-06-06 20:00:00,0.0,1865.0,884.125
2025-06-06 20:15:00,0.0,1865.0,884.125
2025-06-06 20:30:00,0.0,1865.0,884.125
2025-06-06 20:45:00,0.0,1865.0,884.125
2025-06-06 21:00:00,0.0,1907.751,897.91
2025-06-06 21:15:00,0.0,1907.751,897.91
2025-06-06 21:30:00,0.0,1907.751,897.91
2025-06-06 21:45:00,0.0,1907.751,897.91
2025-06-06 22:00:00,0.0,2099.0,944.988
2025-06-06 22:15:00,0.0,2099.0,944.988
2025-06-06 22:30:00,0.0,2099.0,944.988
2025-06-06 22:45:00,0.0,2099.0,944.988
2025-06-06 23:00:00,0.0,2203.0,956.96
2025-06-06 23:15:00,0.0,2203.0,956.96
2025-06-06 23:30:00,0.0,2203.0,956.96
2025-06-06 23:45:00,0.0,2203.0,956.96
2025-06-07 00:00:00,0.0,1597.25,1041.223
2025-06-07 00:15:00,0.0,1597.25,1041.223
2025-06-07 00:30:00,0.0,1597.25,1041.223
2025-06-07 00:45:00,0.0,1597.25,1041.223
2025-06-07 01:00:00,0.0,1649.25,1064.702
2025-06-07 01:15:00,0.0,1649.25,1064.702
2025-06-07 01:30:00,0.0,1649.25,1064.702
2025-06-07 01:45:00,0.0,1649.25,1064.702
2025-06-07 02:00:00,0.0,1680.999,972.575
2025-06-07 02:15:00,0.0,1680.999,972.575
2025-06-07 02:30:00,0.0,1680.999,972.575
2025-06-07 02:45:00,0.0,1680.999,972.575
2025-06-07 03:00:00,19.008,1756.0,1042.206
2025-06-07 03:15:00,19.008,1756.0,1042.206
2025-06-07 03:30:00,19.008,1756.0,1042.206
2025-06-07 03:45:00,19.008,1756.0,1042.206
2025-06-07 04:00:00,413.924,968.75,1065.657
2025-06-07 04:15:00,413.924,968.75,1065.657
2025-06-07 04:30:00,413.924,968.75,1065.657
2025-06-07 04:45:00,413.924,968.75,1065.657
2025-06-07 05:00:00,1164.692,555.751,1153.396
2025-06-07 05:15:00,1164.692,555.751,1153.396
2025-06-07 05:30:00,1164.692,555.751,1153.396
2025-06-07 05:45:00,1164.692,555.751,1153.396
2025-06-07 06:00:00,2288.468,550.001,1549.308
2025-06-07 06:15:00,2288.468,550.001,1549.308
2025-06-07 06:30:00,2288.468,550.001,1549.308
2025-06-07 06:45:00,2288.468,550.001,1549.308
2025-06-07 07:00:00,3938.779,730.999,1862.743
2025-06-07 07:15:00,3938.779,730.999,1862.743
2025-06-07 07:30:00,3938.779,730.999,1862.743
2025-06-07 07:45:00,3938.779,730.999,1862.743
2025-06-07 08:00:00,5798.437,834.999,2069.995
2025-06-07 08:15:00,5798.437,834.999,2069.995
2025-06-07 08:30:00,5798.437,834.999,2069.995
2025-06-07 08:45:00,5798.437,834.999,2069.995
2025-06-07 09:00:00,8541.772,1035.5,2502.758
2025-06-07 09:15:00,8541.772,1035.5,2502.758
2025-06-07 09:30:00,8541.772,1035.5,2502.758
2025-06-07 09:45:00,8541.772,1035.5,2502.758
2025-06-07 10:00:00,9525.977,1267.25,3038.553
2025-06-07 10:15:00,9525.977,1267.25,3038.553
2025-06-07 10:30:00,9525.977,1267.25,3038.553
2025-06-07 10:45:00,9525.977,1267.25,3038.553
2025-06-07 11:00:00,9474.283,1773.0,3253.881
2025-06-07 11:15:00,9474.283,1773.0,3253.881
2025-06-07 11:30:00,9474.283,1773.0,3253.881
2025-06-07 11:45:00,9474.283,1773.0,3253.881
2025-06-07 12:00:00,11174.901,1913.75,3204.764
2025-06-07 12:15:00,11174.901,1913.75,3204.764
2025-06-07 12:30:00,11174.901,1913.75,3204.764
2025-06-07 12:45:00,11174.901,1913.75,3204.764
2025-06-07 13:00:00,11160.814,2706.75,3470.756
2025-06-07 13:15:00,11160.814,2706.75,3470.756
2025-06-07 13:30:00,11160.814,2706.75,3470.756
2025-06-07 13:45:00,11160.814,2706.75,3470.756
2025-06-07 14:00:00,9940.484,1909.249,3083.572
2025-06-07 14:15:00,9940.484,1909.249,3083.572
2025-06-07 14:30:00,9940.484,1909.249,3083.572
2025-06-07 14:45:00,9940.484,1909.249,3083.572
2025-06-07 15:00:00,9210.242,2457.0,3394.478
2025-06-07 15:15:00,9210.242,2457.0,3394.478
2025-06-07 15:30:00,9210.242,2457.0,3394.478
2025-06-07 15:45:00,9210.242,2457.0,3394.478
2025-06-07 16:00:00,6351.727,2429.75,3890.876
2025-06-07 16:15:00,6351.727,2429.75,3890.876
2025-06-07 16:30:00,6351.727,2429.75,3890.876
2025-06-07 16:45:00,6351.727,2429.75,3890.876
2025-06-07 17:00:00,3989.724,2293.5,3534.93
2025-06-07 17:15:00,3989.724,2293.5,3534.93
2025-06-07 17:30:00,3989.724,2293.5,3534.93
2025-06-07 17:45:00,3989.724,2293.5,3534.93
2025-06-07 18:00:00,1462.398,2121.75,2389.703
2025-06-07 18:15:00,1462.398,2121.75,2389.703
2025-06-07 18:30:00,1462.398,2121.75,2389.703
2025-06-07 18:45:00,1462.398,2121.75,2389.703
2025-06-07 19:00:00,258.112,1830.75,1172.233
2025-06-07 19:15:00,258.112,1830.75,1172.233
2025-06-07 19:30:00,258.112,1830.75,1172.233
2025-06-07 19:45:00,258.112,1830.75,1172.233
2025-06-07 20:00:00,0.0,1661.25,692.732
2025-06-07 20:15:00,0.0,1661.25,692.732
2025-06-07 20:30:00,0.0,1661.25,692.732
2025-06-07 20:45:00,0.0,1661.25,692.732
2025-06-07 21:00:00,0.0,1419.749,669.499
2025-06-07 21:15:00,0.0,1419.749,669.499
2025-06-07 21:30:00,0.0,1419.749,669.499
2025-06-07 21:45:00,0.0,1419.749,669.499
2025-06-07 22:00:00,0.0,687.0,781.849
2025-06-07 22:15:00,0.0,687.0,781.849
2025-06-07 22:30:00,0.0,687.0,781.849
2025-06-07 22:45:00,0.0,687.0,781.849
2025-06-07 23:00:00,0.0,1112.499,1474.711
2025-06-07 23:15:00,0.0,1112.499,1474.711
2025-06-07 23:30:00,0.0,1112.499,1474.711
2025-06-07 23:45:00,0.0,1112.499,1474.711
2025-06-08 00:00:00,0.0,2091.249,1838.123
2025-06-08 00:15:00,0.0,2091.249,1838.123
2025-06-08 00:30:00,0.0,2091.249,1838.123
2025-06-08 00:45:00,0.0,2091.249,1838.123
2025-06-08 01:00:00,0.0,2221.25,2737.279
2025-06-08 01:15:00,0.0,2221.25,2737.279
2025-06-08 01:30:00,0.0,2221.25,2737.279
2025-06-08 01:45:00,0.0,2221.25,2737.279
2025-06-08 02:00:00,0.0,2154.75,4036.104
2025-06-08 02:15:00,0.0,2154.75,4036.104
2025-06-08 02:30:00,0.0,2154.75,4036.104
2025-06-08 02:45:00,0.0,2154.75,4036.104
2025-06-08 03:00:00,14.855,1731.001,4189.548
2025-06-08 03:15:00,14.855,1731.001,4189.548
2025-06-08 03:30:00,14.855,1731.001,4189.548
2025-06-08 03:45:00,14.855,1731.001,4189.548
2025-06-08 04:00:00,326.169,1780.251,3482.036
2025-06-08 04:15:00,326.169,1780.251,3482.036
2025-06-08 04:30:00,326.169,1780.251,3482.036
2025-06-08 04:45:00,326.169,1780.251,3482.036
2025-06-08 05:00:00,1196.212,1370.75,3293.056
2025-06-08 05:15:00,1196.212,1370.75,3293.056
2025-06-08 05:30:00,1196.212,1370.75,3293.056
2025-06-08 05:45:00,1196.212,1370.75,3293.056
2025-06-08 06:00:00,2881.3,1575.25,3523.625
2025-06-08 06:15:00,2881.3,1575.25,3523.625
2025-06-08 06:30:00,2881.3,1575.25,3523.625
2025-06-08 06:45:00,2881.3,1575.25,3523.625
2025-06-08 07:00:00,4899.557,2103.0,3607.737
2025-06-08 07:15:00,4899.557,2103.0,3607.737
2025-06-08 07:30:00,4899.557,2103.0,3607.737
2025-06-08 07:45:00,4899.557,2103.0,3607.737
2025-06-08 08:00:00,6880.627,1804.0,3878.809
2025-06-08 08:15:00,6880.627,1804.0,3878.809
2025-06-08 08:30:00,6880.627,1804.0,3878.809
2025-06-08 08:45:00,6880.627,1804.0,3878.809
2025-06-08 09:00:00,9367.026,1594.501,4370.753
2025-06-08 09:15:00,9367.026,1594.501,4370.753
2025-06-08 09:30:00,9367.026,1594.501,4370.753
2025-06-08 09:45:00,9367.026,1594.501,4370.753
2025-06-08 10:00:00,11305.515,1103.749,5251.869
2025-06-08 10:15:00,11305.515,1103.749,5251.869
2025-06-08 10:30:00,11305.515,1103.749,5251.869
2025-06-08 10:45:00,11305.515,1103.749,5251.869
2025-06-08 11:00:00,11355.681,1122.249,5370.839
2025-06-08 11:15:00,11355.681,1122.249,5370.839
2025-06-08 11:30:00,11355.681,1122.249,5370.839
2025-06-08 11:45:00,11355.681,1122.249,5370.839
2025-06-08 12:00:00,12080.558,1058.999,5483.936
2025-06-08 12:15:00,12080.558,1058.999,5483.936
2025-06-08 12:30:00,12080.558,1058.999,5483.936
2025-06-08 12:45:00,12080.558,1058.999,5483.936
2025-06-08 13:00:00,11863.194,1184.499,5665.283
2025-06-08 13:15:00,11863.194,1184.499,5665.283
2025-06-08 13:30:00,11863.194,1184.499,5665.283
2025-06-08 13:45:00,11863.194,1184.499,5665.283
2025-06-08 14:00:00,10329.08,1326.749,5806.499
2025-06-08 14:15:00,10329.08,1326.749,5806.499
2025-06-08 14:30:00,10329.08,1326.749,5806.499
2025-06-08 14:45:00,10329.08,1326.749,5806.499
2025-06-08 15:00:00,8804.785,1282.0,5579.759
2025-06-08 15:15:00,8804.785,1282.0,5579.759
2025-06-08 15:30:00,8804.785,1282.0,5579.759
2025-06-08 15:45:00,8804.785,1282.0,5579.759
2025-06-08 16:00:00,7117.048,1841.0,5662.003
2025-06-08 16:15:00,7117.048,1841.0,5662.003
2025-06-08 16:30:00,7117.048,1841.0,5662.003
2025-06-08 16:45:00,7117.048,1841.0,5662.003
2025-06-08 17:00:00,5044.448,1416.5,5538.173
2025-06-08 17:15:00,5044.448,1416.5,5538.173
2025-06-08 17:30:00,5044.448,1416.5,5538.173
2025-06-08 17:45:00,5044.448,1416.5,5538.173
2025-06-08 18:00:00,2160.422,1407.75,4445.268
2025-06-08 18:15:00,2160.422,1407.75,4445.268
2025-06-08 18:30:00,2160.422,1407.75,4445.268
2025-06-08 18:45:00,2160.422,1407.75,4445.268
2025-06-08 19:00:00,459.466,1410.001,2721.945
2025-06-08 19:15:00,459.466,1410.001,2721.945
2025-06-08 19:30:00,459.466,1410.001,2721.945
2025-06-08 19:45:00,459.466,1410.001,2721.945
2025-06-08 20:00:00,0.0,1683.25,1389.273
2025-06-08 20:15:00,0.0,1683.25,1389.273
2025-06-08 20:30:00,0.0,1683.25,1389.273
2025-06-08 20:45:00,0.0,1683.25,1389.273
2025-06-08 21:00:00,0.0,2050.999,1116.193
2025-06-08 21:15:00,0.0,2050.999,1116.193
2025-06-08 21:30:00,0.0,2050.999,1116.193
2025-06-08 21:45:00,0.0,2050.999,1116.193
2025-06-08 22:00:00,0.0,1661.75,1339.385
2025-06-08 22:15:00,0.0,1661.75,1339.385
2025-06-08 22:30:00,0.0,1661.75,1339.385
2025-06-08 22:45:00,0.0,1661.75,1339.385
2025-06-08 23:00:00,0.0,1565.499,1272.626
2025-06-08 23:15:00,0.0,1565.499,1272.626
2025-06-08 23:30:00,0.0,1565.499,1272.626
2025-06-08 23:45:00,0.0,1565.499,1272.626
2025-06-09 00:00:00,0.0,1483.0,1036.109
2025-06-09 00:15:00,0.0,1483.0,1036.109
2025-06-09 00:30:00,0.0,1483.0,1036.109
2025-06-09 00:45:00,0.0,1483.0,1036.109
2025-06-09 01:00:00,0.0,1214.25,892.075
2025-06-09 01:15:00,0.0,1214.25,892.075
2025-06-09 01:30:00,0.0,1214.25,892.075
2025-06-09 01:45:00,0.0,1214.25,892.075
2025-06-09 02:00:00,0.0,1231.0,636.87
2025-06-09 02:15:00,0.0,1231.0,636.87
2025-06-09 02:30:00,0.0,1231.0,636.87
2025-06-09 02:45:00,0.0,1231.0,636.87
2025-06-09 03:00:00,26.168,1044.75,516.491
2025-06-09 03:15:00,26.168,1044.75,516.491
2025-06-09 03:30:00,26.168,1044.75,516.491
2025-06-09 03:45:00,26.168,1044.75,516.491
2025-06-09 04:00:00,724.977,609.25,486.705
2025-06-09 04:15:00,724.977,609.25,486.705
2025-06-09 04:30:00,724.977,609.25,486.705
2025-06-09 04:45:00,724.977,609.25,486.705
2025-06-09 05:00:00,2719.404,430.0,464.874
2025-06-09 05:15:00,2719.404,430.0,464.874
2025-06-09 05:30:00,2719.404,430.0,464.874
2025-06-09 05:45:00,2719.404,430.0,464.874
2025-06-09 06:00:00,5845.187,418.25,775.353
2025-06-09 06:15:00,5845.187,418.25,775.353
2025-06-09 06:30:00,5845.187,418.25,775.353
2025-06-09 06:45:00,5845.187,418.25,775.353
2025-06-09 07:00:00,9290.516,501.75,1170.69
2025-06-09 07:15:00,9290.516,501.75,1170.69
2025-06-09 07:30:00,9290.516,501.75,1170.69
2025-06-09 07:45:00,9290.516,501.75,1170.69
2025-06-09 08:00:00,12220.487,494.5,1767.988
2025-06-09 08:15:00,12220.487,494.5,1767.988
2025-06-09 08:30:00,12220.487,494.5,1767.988
2025-06-09 08:45:00,12220.487,494.5,1767.988
2025-06-09 09:00:00,14236.425,440.5,2391.756
2025-06-09 09:15:00,14236.425,440.5,2391.756
2025-06-09 09:30:00,14236.425,440.5,2391.756
2025-06-09 09:45:00,14236.425,440.5,2391.756
2025-06-09 10:00:00,13897.096,521.999,2750.024
2025-06-09 10:15:00,13897.096,521.999,2750.024
2025-06-09 10:30:00,13897.096,521.999,2750.024
2025-06-09 10:45:00,13897.096,521.999,2750.024
2025-06-09 11:00:00,14386.406,765.0,3116.648
2025-06-09 11:15:00,14386.406,765.0,3116.648
2025-06-09 11:30:00,14386.406,765.0,3116.648
2025-06-09 11:45:00,14386.406,765.0,3116.648
2025-06-09 12:00:00,13207.879,533.502,3193.061
2025-06-09 12:15:00,13207.879,533.502,3193.061
2025-06-09 12:30:00,13207.879,533.502,3193.061
2025-06-09 12:45:00,13207.879,533.502,3193.061
2025-06-09 13:00:00,13176.501,583.5,3292.413
2025-06-09 13:15:00,13176.501,583.5,3292.413
2025-06-09 13:30:00,13176.501,583.5,3292.413
2025-06-09 13:45:00,13176.501,583.5,3292.413
2025-06-09 14:00:00,12269.36,1016.0,3072.711
2025-06-09 14:15:00,12269.36,1016.0,3072.711
2025-06-09 14:30:00,12269.36,1016.0,3072.711
2025-06-09 14:45:00,12269.36,1016.0,3072.711
2025-06-09 15:00:00,10586.632,1238.0,2846.549
2025-06-09 15:15:00,10586.632,1238.0,2846.549
2025-06-09 15:30:00,10586.632,1238.0,2846.549
2025-06-09 15:45:00,10586.632,1238.0,2846.549
2025-06-09 16:00:00,8617.628,1638.249,2579.215
2025-06-09 16:15:00,8617.628,1638.249,2579.215
2025-06-09 16:30:00,8617.628,1638.249,2579.215
2025-06-09 16:45:00,8617.628,1638.249,2579.215
2025-06-09 17:00:00,4776.641,1640.25,2106.363
2025-06-09 17:15:00,4776.641,1640.25,2106.363
2025-06-09 17:30:00,4776.641,1640.25,2106.363
2025-06-09 17:45:00,4776.641,1640.25,2106.363
2025-06-09 18:00:00,1904.003,1742.001,1405.816
2025-06-09 18:15:00,1904.003,1742.001,1405.816
2025-06-09 18:30:00,1904.003,1742.001,1405.816
2025-06-09 18:45:00,1904.003,1742.001,1405.816
2025-06-09 19:00:00,413.355,2057.75,876.955
2025-06-09 19:15:00,413.355,2057.75,876.955
2025-06-09 19:30:00,413.355,2057.75,876.955
2025-06-09 19:45:00,413.355,2057.75,876.955
2025-06-09 20:00:00,0.0,2384.499,553.513
2025-06-09 20:15:00,0.0,2384.499,553.513
2025-06-09 20:30:00,0.0,2384.499,553.513
2025-06-09 20:45:00,0.0,2384.499,553.513
2025-06-09 21:00:00,0.0,2798.999,728.305
2025-06-09 21:15:00,0.0,2798.999,728.305
2025-06-09 21:30:00,0.0,2798.999,728.305
2025-06-09 21:45:00,0.0,2798.999,728.305
2025-06-09 22:00:00,0.0,3144.5,946.683
2025-06-09 22:15:00,0.0,3144.5,946.683
2025-06-09 22:30:00,0.0,3144.5,946.683
2025-06-09 22:45:00,0.0,3144.5,946.683
2025-06-09 23:00:00,0.0,3425.75,1207.089
2025-06-09 23:15:00,0.0,3425.75,1207.089
2025-06-09 23:30:00,0.0,3425.75,1207.089
2025-06-09 23:45:00,0.0,3425.75,1207.089
2025-06-10 00:00:00,0.0,3978.5,1484.696
2025-06-10 00:15:00,0.0,3978.5,1484.696
2025-06-10 00:30:00,0.0,3978.5,1484.696
2025-06-10 00:45:00,0.0,3978.5,1484.696
2025-06-10 01:00:00,0.0,4107.0,1954.199
2025-06-10 01:15:00,0.0,4107.0,1954.199
2025-06-10 01:30:00,0.0,4107.0,1954.199
2025-06-10 01:45:00,0.0,4107.0,1954.199
2025-06-10 02:00:00,0.0,4097.501,2317.884
2025-06-10 02:15:00,0.0,4097.501,2317.884
2025-06-10 02:30:00,0.0,4097.501,2317.884
2025-06-10 02:45:00,0.0,4097.501,2317.884
2025-06-10 03:00:00,16.898,4210.751,2739.727
2025-06-10 03:15:00,16.898,4210.751,2739.727
2025-06-10 03:30:00,16.898,4210.751,2739.727
2025-06-10 03:45:00,16.898,4210.751,2739.727
2025-06-10 04:00:00,354.307,4200.999,3242.658
2025-06-10 04:15:00,354.307,4200.999,3242.658
2025-06-10 04:30:00,354.307,4200.999,3242.658
2025-06-10 04:45:00,354.307,4200.999,3242.658
2025-06-10 05:00:00,1166.026,4250.5,3655.149
2025-06-10 05:15:00,1166.026,4250.5,3655.149
2025-06-10 05:30:00,1166.026,4250.5,3655.149
2025-06-10 05:45:00,1166.026,4250.5,3655.149
2025-06-10 06:00:00,2572.298,4287.0,4233.477
2025-06-10 06:15:00,2572.298,4287.0,4233.477
2025-06-10 06:30:00,2572.298,4287.0,4233.477
2025-06-10 06:45:00,2572.298,4287.0,4233.477
2025-06-10 07:00:00,3674.726,4196.25,4830.253
2025-06-10 07:15:00,3674.726,4196.25,4830.253
2025-06-10 07:30:00,3674.726,4196.25,4830.253
2025-06-10 07:45:00,3674.726,4196.25,4830.253
2025-06-10 08:00:00,4634.362,4057.5,5022.32
2025-06-10 08:15:00,4634.362,4057.5,5022.32
2025-06-10 08:30:00,4634.362,4057.5,5022.32
2025-06-10 08:45:00,4634.362,4057.5,5022.32
2025-06-10 09:00:00,4745.232,3891.0,5022.38
2025-06-10 09:15:00,4745.232,3891.0,5022.38
2025-06-10 09:30:00,4745.232,3891.0,5022.38
2025-06-10 09:45:00,4745.232,3891.0,5022.38
2025-06-10 10:00:00,5577.917,3745.251,5309.74
2025-06-10 10:15:00,5577.917,3745.251,5309.74
2025-06-10 10:30:00,5577.917,3745.251,5309.74
2025-06-10 10:45:00,5577.917,3745.251,5309.74
2025-06-10 11:00:00,5938.282,4060.5,5305.602
2025-06-10 11:15:00,5938.282,4060.5,5305.602
2025-06-10 11:30:00,5938.282,4060.5,5305.602
2025-06-10 11:45:00,5938.282,4060.5,5305.602
2025-06-10 12:00:00,7092.226,3663.499,5558.3
2025-06-10 12:15:00,7092.226,3663.499,5558.3
2025-06-10 12:30:00,7092.226,3663.499,5558.3
2025-06-10 12:45:00,7092.226,3663.499,5558.3
2025-06-10 13:00:00,8500.204,3337.25,5953.131
2025-06-10 13:15:00,8500.204,3337.25,5953.131
2025-06-10 13:30:00,8500.204,3337.25,5953.131
2025-06-10 13:45:00,8500.204,3337.25,5953.131
2025-06-10 14:00:00,9373.25,2068.0,6186.42
2025-06-10 14:15:00,9373.25,2068.0,6186.42
2025-06-10 14:30:00,9373.25,2068.0,6186.42
2025-06-10 14:45:00,9373.25,2068.0,6186.42
2025-06-10 15:00:00,9076.813,1626.75,6168.562
2025-06-10 15:15:00,9076.813,1626.75,6168.562
2025-06-10 15:30:00,9076.813,1626.75,6168.562
2025-06-10 15:45:00,9076.813,1626.75,6168.562
2025-06-10 16:00:00,7672.912,1750.749,5707.945
2025-06-10 16:15:00,7672.912,1750.749,5707.945
2025-06-10 16:30:00,7672.912,1750.749,5707.945
2025-06-10 16:45:00,7672.912,1750.749,5707.945
2025-06-10 17:00:00,5454.509,1498.5,4847.494
2025-06-10 17:15:00,5454.509,1498.5,4847.494
2025-06-10 17:30:00,5454.509,1498.5,4847.494
2025-06-10 17:45:00,5454.509,1498.5,4847.494
2025-06-10 18:00:00,2505.837,1326.5,3879.112
2025-06-10 18:15:00,2505.837,1326.5,3879.112
2025-06-10 18:30:00,2505.837,1326.5,3879.112
2025-06-10 18:45:00,2505.837,1326.5,3879.112
2025-06-10 19:00:00,571.674,1173.25,2472.278
2025-06-10 19:15:00,571.674,1173.25,2472.278
2025-06-10 19:30:00,571.674,1173.25,2472.278
2025-06-10 19:45:00,571.674,1173.25,2472.278
2025-06-10 20:00:00,0.0,947.0,1269.827
2025-06-10 20:15:00,0.0,947.0,1269.827
2025-06-10 20:30:00,0.0,947.0,1269.827
2025-06-10 20:45:00,0.0,947.0,1269.827
2025-06-10 21:00:00,0.0,678.5,815.283
2025-06-10 21:15:00,0.0,678.5,815.283
2025-06-10 21:30:00,0.0,678.5,815.283
2025-06-10 21:45:00,0.0,678.5,815.283
2025-06-10 22:00:00,0.0,516.0,613.742
2025-06-10 22:15:00,0.0,516.0,613.742
2025-06-10 22:30:00,0.0,516.0,613.742
2025-06-10 22:45:00,0.0,516.0,613.742
2025-06-10 23:00:00,0.0,321.249,470.444
2025-06-10 23:15:00,0.0,321.249,470.444
2025-06-10 23:30:00,0.0,321.249,470.444
2025-06-10 23:45:00,0.0,321.249,470.444
2025-06-11 00:00:00,0.0,239.751,329.174
2025-06-11 00:15:00,0.0,239.751,329.174
2025-06-11 00:30:00,0.0,239.751,329.174
2025-06-11 00:45:00,0.0,239.751,329.174
2025-06-11 01:00:00,0.0,177.75,252.224
2025-06-11 01:15:00,0.0,177.75,252.224
2025-06-11 01:30:00,0.0,177.75,252.224
2025-06-11 01:45:00,0.0,177.75,252.224
2025-06-11 02:00:00,0.0,141.25,183.102
2025-06-11 02:15:00,0.0,141.25,183.102
2025-06-11 02:30:00,0.0,141.25,183.102
2025-06-11 02:45:00,0.0,141.25,183.102
2025-06-11 03:00:00,47.281,128.249,149.576
2025-06-11 03:15:00,47.281,128.249,149.576
2025-06-11 03:30:00,47.281,128.249,149.576
2025-06-11 03:45:00,47.281,128.249,149.576
2025-06-11 04:00:00,903.993,72.0,93.206
2025-06-11 04:15:00,903.993,72.0,93.206
2025-06-11 04:30:00,903.993,72.0,93.206
2025-06-11 04:45:00,903.993,72.0,93.206
2025-06-11 05:00:00,3215.217,40.001,56.006
2025-06-11 05:15:00,3215.217,40.001,56.006
2025-06-11 05:30:00,3215.217,40.001,56.006
2025-06-11 05:45:00,3215.217,40.001,56.006
2025-06-11 06:00:00,6797.529,61.749,59.907
2025-06-11 06:15:00,6797.529,61.749,59.907
2025-06-11 06:30:00,6797.529,61.749,59.907
2025-06-11 06:45:00,6797.529,61.749,59.907
2025-06-11 07:00:00,9313.32,67.248,135.487
2025-06-11 07:15:00,9313.32,67.248,135.487
2025-06-11 07:30:00,9313.32,67.248,135.487
2025-06-11 07:45:00,9313.32,67.248,135.487
2025-06-11 08:00:00,12120.11,129.999,124.693
2025-06-11 08:15:00,12120.11,129.999,124.693
2025-06-11 08:30:00,12120.11,129.999,124.693
2025-06-11 08:45:00,12120.11,129.999,124.693
2025-06-11 09:00:00,13899.037,105.499,131.949
2025-06-11 09:15:00,13899.037,105.499,131.949
2025-06-11 09:30:00,13899.037,105.499,131.949
2025-06-11 09:45:00,13899.037,105.499,131.949
2025-06-11 10:00:00,16186.789,74.25,140.263
2025-06-11 10:15:00,16186.789,74.25,140.263
2025-06-11 10:30:00,16186.789,74.25,140.263
2025-06-11 10:45:00,16186.789,74.25,140.263
2025-06-11 11:00:00,18503.325,16.5,202.207
2025-06-11 11:15:00,18503.325,16.5,202.207
2025-06-11 11:30:00,18503.325,16.5,202.207
2025-06-11 11:45:00,18503.325,16.5,202.207
2025-06-11 12:00:00,20362.545,31.25,288.434
2025-06-11 12:15:00,20362.545,31.25,288.434
2025-06-11 12:30:00,20362.545,31.25,288.434
2025-06-11 12:45:00,20362.545,31.25,288.434
2025-06-11 13:00:00,20263.057,91.75,401.037
2025-06-11 13:15:00,20263.057,91.75,401.037
2025-06-11 13:30:00,20263.057,91.75,401.037
2025-06-11 13:45:00,20263.057,91.75,401.037
2025-06-11 14:00:00,17747.95,381.0,682.515
2025-06-11 14:15:00,17747.95,381.0,682.515
2025-06-11 14:30:00,17747.95,381.0,682.515
2025-06-11 14:45:00,17747.95,381.0,682.515
2025-06-11 15:00:00,14475.255,674.499,1004.229
2025-06-11 15:15:00,14475.255,674.499,1004.229
2025-06-11 15:30:00,14475.255,674.499,1004.229
2025-06-11 15:45:00,14475.255,674.499,1004.229
2025-06-11 16:00:00,10457.65,840.5,1344.272
2025-06-11 16:15:00,10457.65,840.5,1344.272
2025-06-11 16:30:00,10457.65,840.5,1344.272
2025-06-11 16:45:00,10457.65,840.5,1344.272
2025-06-11 17:00:00,6553.826,989.0,1572.224
2025-06-11 17:15:00,6553.826,989.0,1572.224
2025-06-11 17:30:00,6553.826,989.0,1572.224
2025-06-11 17:45:00,6553.826,989.0,1572.224
2025-06-11 18:00:00,2938.381,1433.749,1624.08
2025-06-11 18:15:00,2938.381,1433.749,1624.08
2025-06-11 18:30:00,2938.381,1433.749,1624.08
2025-06-11 18:45:00,2938.381,1433.749,1624.08
2025-06-11 19:00:00,619.778,1612.75,1388.524
2025-06-11 19:15:00,619.778,1612.75,1388.524
2025-06-11 19:30:00,619.778,1612.75,1388.524
2025-06-11 19:45:00,619.778,1612.75,1388.524
2025-06-11 20:00:00,0.0,2199.5,1166.901
2025-06-11 20:15:00,0.0,2199.5,1166.901
2025-06-11 20:30:00,0.0,2199.5,1166.901
2025-06-11 20:45:00,0.0,2199.5,1166.901
2025-06-11 21:00:00,0.0,2985.749,1235.116
2025-06-11 21:15:00,0.0,2985.749,1235.116
2025-06-11 21:30:00,0.0,2985.749,1235.116
2025-06-11 21:45:00,0.0,2985.749,1235.116
2025-06-11 22:00:00,0.0,2844.25,1412.364
2025-06-11 22:15:00,0.0,2844.25,1412.364
2025-06-11 22:30:00,0.0,2844.25,1412.364
2025-06-11 22:45:00,0.0,2844.25,1412.364
2025-06-11 23:00:00,0.0,2824.249,1700.49
2025-06-11 23:15:00,0.0,2824.249,1700.49
2025-06-11 23:30:00,0.0,2824.249,1700.49
2025-06-11 23:45:00,0.0,2824.249,1700.49
2025-06-12 00:00:00,0.0,2967.5,1941.834
2025-06-12 00:15:00,0.0,2967.5,1941.834
2025-06-12 00:30:00,0.0,2967.5,1941.834
2025-06-12 00:45:00,0.0,2967.5,1941.834
2025-06-12 01:00:00,0.0,2951.0,1948.684
2025-06-12 01:15:00,0.0,2951.0,1948.684
2025-06-12 01:30:00,0.0,2951.0,1948.684
2025-06-12 01:45:00,0.0,2951.0,1948.684
2025-06-12 02:00:00,0.0,2846.75,1815.451
2025-06-12 02:15:00,0.0,2846.75,1815.451
2025-06-12 02:30:00,0.0,2846.75,1815.451
2025-06-12 02:45:00,0.0,2846.75,1815.451
2025-06-12 03:00:00,57.153,2675.25,1820.722
2025-06-12 03:15:00,57.153,2675.25,1820.722
2025-06-12 03:30:00,57.153,2675.25,1820.722
2025-06-12 03:45:00,57.153,2675.25,1820.722
2025-06-12 04:00:00,1099.388,2859.5,1861.811
2025-06-12 04:15:00,1099.388,2859.5,1861.811
2025-06-12 04:30:00,1099.388,2859.5,1861.811
2025-06-12 04:45:00,1099.388,2859.5,1861.811
2025-06-12 05:00:00,3820.562,3031.5,2189.327
2025-06-12 05:15:00,3820.562,3031.5,2189.327
2025-06-12 05:30:00,3820.562,3031.5,2189.327
2025-06-12 05:45:00,3820.562,3031.5,2189.327
2025-06-12 06:00:00,7700.934,2894.999,2899.313
2025-06-12 06:15:00,7700.934,2894.999,2899.313
2025-06-12 06:30:00,7700.934,2894.999,2899.313
2025-06-12 06:45:00,7700.934,2894.999,2899.313
2025-06-12 07:00:00,12015.867,2532.0,3605.093
2025-06-12 07:15:00,12015.867,2532.0,3605.093
2025-06-12 07:30:00,12015.867,2532.0,3605.093
2025-06-12 07:45:00,12015.867,2532.0,3605.093
2025-06-12 08:00:00,15985.571,1730.751,4003.959
2025-06-12 08:15:00,15985.571,1730.751,4003.959
2025-06-12 08:30:00,15985.571,1730.751,4003.959
2025-06-12 08:45:00,15985.571,1730.751,4003.959
2025-06-12 09:00:00,19391.362,1075.75,4574.071
2025-06-12 09:15:00,19391.362,1075.75,4574.071
2025-06-12 09:30:00,19391.362,1075.75,4574.071
2025-06-12 09:45:00,19391.362,1075.75,4574.071
2025-06-12 10:00:00,21700.403,984.25,5271.988
2025-06-12 10:15:00,21700.403,984.25,5271.988
2025-06-12 10:30:00,21700.403,984.25,5271.988
2025-06-12 10:45:00,21700.403,984.25,5271.988
2025-06-12 11:00:00,22816.172,1120.001,5469.86
2025-06-12 11:15:00,22816.172,1120.001,5469.86
2025-06-12 11:30:00,22816.172,1120.001,5469.86
2025-06-12 11:45:00,22816.172,1120.001,5469.86
2025-06-12 12:00:00,22563.518,1184.75,5547.39
2025-06-12 12:15:00,22563.518,1184.75,5547.39
2025-06-12 12:30:00,22563.518,1184.75,5547.39
2025-06-12 12:45:00,22563.518,1184.75,5547.39
2025-06-12 13:00:00,20561.877,1499.75,5447.391
2025-06-12 13:15:00,20561.877,1499.75,5447.391
2025-06-12 13:30:00,20561.877,1499.75,5447.391
2025-06-12 13:45:00,20561.877,1499.75,5447.391
2025-06-12 14:00:00,18168.576,1737.5,5316.498
2025-06-12 14:15:00,18168.576,1737.5,5316.498
2025-06-12 14:30:00,18168.576,1737.5,5316.498
2025-06-12 14:45:00,18168.576,1737.5,5316.498
2025-06-12 15:00:00,14318.458,2856.25,5060.069
2025-06-12 15:15:00,14318.458,2856.25,5060.069
2025-06-12 15:30:00,14318.458,2856.25,5060.069
2025-06-12 15:45:00,14318.458,2856.25,5060.069
2025-06-12 16:00:00,10320.683,2950.251,4613.418
2025-06-12 16:15:00,10320.683,2950.251,4613.418
2025-06-12 16:30:00,10320.683,2950.251,4613.418
2025-06-12 16:45:00,10320.683,2950.251,4613.418
2025-06-12 17:00:00,6230.195,2550.0,3876.459
2025-06-12 17:15:00,6230.195,2550.0,3876.459
2025-06-12 17:30:00,6230.195,2550.0,3876.459
2025-06-12 17:45:00,6230.195,2550.0,3876.459
2025-06-12 18:00:00,2832.899,2461.25,2871.812
2025-06-12 18:15:00,2832.899,2461.25,2871.812
2025-06-12 18:30:00,2832.899,2461.25,2871.812
2025-06-12 18:45:00,2832.899,2461.25,2871.812
2025-06-12 19:00:00,616.506,2377.499,1699.296
2025-06-12 19:15:00,616.506,2377.499,1699.296
2025-06-12 19:30:00,616.506,2377.499,1699.296
2025-06-12 19:45:00,616.506,2377.499,1699.296
2025-06-12 20:00:00,0.0,2408.499,1200.762
2025-06-12 20:15:00,0.0,2408.499,1200.762
2025-06-12 20:30:00,0.0,2408.499,1200.762
2025-06-12 20:45:00,0.0,2408.499,1200.762
2025-06-12 21:00:00,0.0,1923.75,1029.581
2025-06-12 21:15:00,0.0,1923.75,1029.581
2025-06-12 21:30:00,0.0,1923.75,1029.581
2025-06-12 21:45:00,0.0,1923.75,1029.581
2025-06-12 22:00:00,0.0,1387.5,976.315
2025-06-12 22:15:00,0.0,1387.5,976.315
2025-06-12 22:30:00,0.0,1387.5,976.315
2025-06-12 22:45:00,0.0,1387.5,976.315
2025-06-12 23:00:00,0.0,1230.749,946.161
2025-06-12 23:15:00,0.0,1230.749,946.161
2025-06-12 23:30:00,0.0,1230.749,946.161
2025-06-12 23:45:00,0.0,1230.749,946.161
2025-06-13 00:00:00,0.0,1012.0,833.223
2025-06-13 00:15:00,0.0,1012.0,833.223
2025-06-13 00:30:00,0.0,1012.0,833.223
2025-06-13 00:45:00,0.0,1012.0,833.223
2025-06-13 01:00:00,0.0,826.002,748.918
2025-06-13 01:15:00,0.0,826.002,748.918
2025-06-13 01:30:00,0.0,826.002,748.918
2025-06-13 01:45:00,0.0,826.002,748.918
2025-06-13 02:00:00,0.0,664.749,700.33
2025-06-13 02:15:00,0.0,664.749,700.33
2025-06-13 02:30:00,0.0,664.749,700.33
2025-06-13 02:45:00,0.0,664.749,700.33
2025-06-13 03:00:00,53.108,601.499,547.279
2025-06-13 03:15:00,53.108,601.499,547.279
2025-06-13 03:30:00,53.108,601.499,547.279
2025-06-13 03:45:00,53.108,601.499,547.279
2025-06-13 04:00:00,969.659,597.25,423.248
2025-06-13 04:15:00,969.659,597.25,423.248
2025-06-13 04:30:00,969.659,597.25,423.248
2025-06-13 04:45:00,969.659,597.25,423.248
2025-06-13 05:00:00,3338.454,547.749,459.148
2025-06-13 05:15:00,3338.454,547.749,459.148
2025-06-13 05:30:00,3338.454,547.749,459.148
2025-06-13 05:45:00,3338.454,547.749,459.148
2025-06-13 06:00:00,7124.651,508.75,385.009
2025-06-13 06:15:00,7124.651,508.75,385.009
2025-06-13 06:30:00,7124.651,508.75,385.009
2025-06-13 06:45:00,7124.651,508.75,385.009
2025-06-13 07:00:00,11182.035,385.0,411.125
2025-06-13 07:15:00,11182.035,385.0,411.125
2025-06-13 07:30:00,11182.035,385.0,411.125
2025-06-13 07:45:00,11182.035,385.0,411.125
2025-06-13 08:00:00,14699.573,141.25,248.942
2025-06-13 08:15:00,14699.573,141.25,248.942
2025-06-13 08:30:00,14699.573,141.25,248.942
2025-06-13 08:45:00,14699.573,141.25,248.942
2025-06-13 09:00:00,17510.872,94.249,248.752
2025-06-13 09:15:00,17510.872,94.249,248.752
2025-06-13 09:30:00,17510.872,94.249,248.752
2025-06-13 09:45:00,17510.872,94.249,248.752
2025-06-13 10:00:00,19920.936,105.249,429.082
2025-06-13 10:15:00,19920.936,105.249,429.082
2025-06-13 10:30:00,19920.936,105.249,429.082
2025-06-13 10:45:00,19920.936,105.249,429.082
2025-06-13 11:00:00,20831.52,61.0,616.259
2025-06-13 11:15:00,20831.52,61.0,616.259
2025-06-13 11:30:00,20831.52,61.0,616.259
2025-06-13 11:45:00,20831.52,61.0,616.259
2025-06-13 12:00:00,21205.664,134.502,709.124
2025-06-13 12:15:00,21205.664,134.502,709.124
2025-06-13 12:30:00,21205.664,134.502,709.124
2025-06-13 12:45:00,21205.664,134.502,709.124
2025-06-13 13:00:00,19888.326,288.751,792.144
2025-06-13 13:15:00,19888.326,288.751,792.144
2025-06-13 13:30:00,19888.326,288.751,792.144
2025-06-13 13:45:00,19888.326,288.751,792.144
2025-06-13 14:00:00,16913.131,316.251,1053.115
2025-06-13 14:15:00,16913.131,316.251,1053.115
2025-06-13 14:30:00,16913.131,316.251,1053.115
2025-06-13 14:45:00,16913.131,316.251,1053.115
2025-06-13 15:00:00,14090.197,517.0,1045.57
2025-06-13 15:15:00,14090.197,517.0,1045.57
2025-06-13 15:30:00,14090.197,517.0,1045.57
2025-06-13 15:45:00,14090.197,517.0,1045.57
2025-06-13 16:00:00,10080.313,797.499,1031.844
2025-06-13 16:15:00,10080.313,797.499,1031.844
2025-06-13 16:30:00,10080.313,797.499,1031.844
2025-06-13 16:45:00,10080.313,797.499,1031.844
2025-06-13 17:00:00,6139.171,1119.001,938.62
2025-06-13 17:15:00,6139.171,1119.001,938.62
2025-06-13 17:30:00,6139.171,1119.001,938.62
2025-06-13 17:45:00,6139.171,1119.001,938.62
2025-06-13 18:00:00,2659.864,1372.5,863.511
2025-06-13 18:15:00,2659.864,1372.5,863.511
2025-06-13 18:30:00,2659.864,1372.5,863.511
2025-06-13 18:45:00,2659.864,1372.5,863.511
2025-06-13 19:00:00,570.774,1718.5,860.263
2025-06-13 19:15:00,570.774,1718.5,860.263
2025-06-13 19:30:00,570.774,1718.5,860.263
2025-06-13 19:45:00,570.774,1718.5,860.263
2025-06-13 20:00:00,0.0,2464.001,930.026
2025-06-13 20:15:00,0.0,2464.001,930.026
2025-06-13 20:30:00,0.0,2464.001,930.026
2025-06-13 20:45:00,0.0,2464.001,930.026
2025-06-13 21:00:00,0.0,3331.251,1188.848
2025-06-13 21:15:00,0.0,3331.251,1188.848
2025-06-13 21:30:00,0.0,3331.251,1188.848
2025-06-13 21:45:00,0.0,3331.251,1188.848
2025-06-13 22:00:00,0.0,3686.0,1589.919
2025-06-13 22:15:00,0.0,3686.0,1589.919
2025-06-13 22:30:00,0.0,3686.0,1589.919
2025-06-13 22:45:00,0.0,3686.0,1589.919
2025-06-13 23:00:00,0.0,3493.5,1745.407
2025-06-13 23:15:00,0.0,3493.5,1745.407
2025-06-13 23:30:00,0.0,3493.5,1745.407
2025-06-13 23:45:00,0.0,3493.5,1745.407
2025-06-14 00:00:00,0.0,3103.25,1911.447
2025-06-14 00:15:00,0.0,3103.25,1911.447
2025-06-14 00:30:00,0.0,3103.25,1911.447
2025-06-14 00:45:00,0.0,3103.25,1911.447
2025-06-14 01:00:00,0.0,2241.25,2103.365
2025-06-14 01:15:00,0.0,2241.25,2103.365
2025-06-14 01:30:00,0.0,2241.25,2103.365
2025-06-14 01:45:00,0.0,2241.25,2103.365
2025-06-14 02:00:00,0.0,1282.999,1631.46
2025-06-14 02:15:00,0.0,1282.999,1631.46
2025-06-14 02:30:00,0.0,1282.999,1631.46
2025-06-14 02:45:00,0.0,1282.999,1631.46
2025-06-14 03:00:00,40.191,658.251,1094.439
2025-06-14 03:15:00,40.191,658.251,1094.439
2025-06-14 03:30:00,40.191,658.251,1094.439
2025-06-14 03:45:00,40.191,658.251,1094.439
2025-06-14 04:00:00,679.991,733.749,548.37
2025-06-14 04:15:00,679.991,733.749,548.37
2025-06-14 04:30:00,679.991,733.749,548.37
2025-06-14 04:45:00,679.991,733.749,548.37
2025-06-14 05:00:00,2727.915,950.251,390.548
2025-06-14 05:15:00,2727.915,950.251,390.548
2025-06-14 05:30:00,2727.915,950.251,390.548
2025-06-14 05:45:00,2727.915,950.251,390.548
2025-06-14 06:00:00,5720.735,1073.0,614.684
2025-06-14 06:15:00,5720.735,1073.0,614.684
2025-06-14 06:30:00,5720.735,1073.0,614.684
2025-06-14 06:45:00,5720.735,1073.0,614.684
2025-06-14 07:00:00,9576.441,990.75,667.045
2025-06-14 07:15:00,9576.441,990.75,667.045
2025-06-14 07:30:00,9576.441,990.75,667.045
2025-06-14 07:45:00,9576.441,990.75,667.045
2025-06-14 08:00:00,13734.794,1094.001,767.577
2025-06-14 08:15:00,13734.794,1094.001,767.577
2025-06-14 08:30:00,13734.794,1094.001,767.577
2025-06-14 08:45:00,13734.794,1094.001,767.577
2025-06-14 09:00:00,15506.233,981.5,929.185
2025-06-14 09:15:00,15506.233,981.5,929.185
2025-06-14 09:30:00,15506.233,981.5,929.185
2025-06-14 09:45:00,15506.233,981.5,929.185
2025-06-14 10:00:00,14476.167,1329.501,1191.04
2025-06-14 10:15:00,14476.167,1329.501,1191.04
2025-06-14 10:30:00,14476.167,1329.501,1191.04
2025-06-14 10:45:00,14476.167,1329.501,1191.04
2025-06-14 11:00:00,13638.865,818.5,1747.664
2025-06-14 11:15:00,13638.865,818.5,1747.664
2025-06-14 11:30:00,13638.865,818.5,1747.664
2025-06-14 11:45:00,13638.865,818.5,1747.664
2025-06-14 12:00:00,10224.56,1461.25,1743.64
2025-06-14 12:15:00,10224.56,1461.25,1743.64
2025-06-14 12:30:00,10224.56,1461.25,1743.64
2025-06-14 12:45:00,10224.56,1461.25,1743.64
2025-06-14 13:00:00,8396.853,1720.5,1567.569
2025-06-14 13:15:00,8396.853,1720.5,1567.569
2025-06-14 13:30:00,8396.853,1720.5,1567.569
2025-06-14 13:45:00,8396.853,1720.5,1567.569
2025-06-14 14:00:00,6626.618,2535.751,1762.36
2025-06-14 14:15:00,6626.618,2535.751,1762.36
2025-06-14 14:30:00,6626.618,2535.751,1762.36
2025-06-14 14:45:00,6626.618,2535.751,1762.36
2025-06-14 15:00:00,7889.272,3010.002,1693.831
2025-06-14 15:15:00,7889.272,3010.002,1693.831
2025-06-14 15:30:00,7889.272,3010.002,1693.831
2025-06-14 15:45:00,7889.272,3010.002,1693.831
2025-06-14 16:00:00,6491.895,3389.25,2005.569
2025-06-14 16:15:00,6491.895,3389.25,2005.569
2025-06-14 16:30:00,6491.895,3389.25,2005.569
2025-06-14 16:45:00,6491.895,3389.25,2005.569
2025-06-14 17:00:00,4098.653,3406.0,2556.696
2025-06-14 17:15:00,4098.653,3406.0,2556.696
2025-06-14 17:30:00,4098.653,3406.0,2556.696
2025-06-14 17:45:00,4098.653,3406.0,2556.696
2025-06-14 18:00:00,2192.683,3588.0,2239.554
2025-06-14 18:15:00,2192.683,3588.0,2239.554
2025-06-14 18:30:00,2192.683,3588.0,2239.554
2025-06-14 18:45:00,2192.683,3588.0,2239.554
2025-06-14 19:00:00,564.829,3468.0,1927.67
2025-06-14 19:15:00,564.829,3468.0,1927.67
2025-06-14 19:30:00,564.829,3468.0,1927.67
2025-06-14 19:45:00,564.829,3468.0,1927.67
2025-06-14 20:00:00,18.387,2783.001,1796.493
2025-06-14 20:15:00,18.387,2783.001,1796.493
2025-06-14 20:30:00,18.387,2783.001,1796.493
2025-06-14 20:45:00,18.387,2783.001,1796.493
2025-06-14 21:00:00,0.0,2085.25,1397.168
2025-06-14 21:15:00,0.0,2085.25,1397.168
2025-06-14 21:30:00,0.0,2085.25,1397.168
2025-06-14 21:45:00,0.0,2085.25,1397.168
2025-06-14 22:00:00,0.0,1980.75,1153.129
2025-06-14 22:15:00,0.0,1980.75,1153.129
2025-06-14 22:30:00,0.0,1980.75,1153.129
2025-06-14 22:45:00,0.0,1980.75,1153.129
2025-06-14 23:00:00,0.0,2059.5,890.705
2025-06-14 23:15:00,0.0,2059.5,890.705
2025-06-14 23:30:00,0.0,2059.5,890.705
2025-06-14 23:45:00,0.0,2059.5,890.705
2025-06-15 00:00:00,0.0,1965.75,889.172
2025-06-15 00:15:00,0.0,1965.75,889.172
2025-06-15 00:30:00,0.0,1965.75,889.172
2025-06-15 00:45:00,0.0,1965.75,889.172
2025-06-15 01:00:00,0.0,1896.75,771.963
2025-06-15 01:15:00,0.0,1896.75,771.963
2025-06-15 01:30:00,0.0,1896.75,771.963
2025-06-15 01:45:00,0.0,1896.75,771.963
2025-06-15 02:00:00,0.0,1691.5,776.076
2025-06-15 02:15:00,0.0,1691.5,776.076
2025-06-15 02:30:00,0.0,1691.5,776.076
2025-06-15 02:45:00,0.0,1691.5,776.076
2025-06-15 03:00:00,48.892,1608.75,859.915
2025-06-15 03:15:00,48.892,1608.75,859.915
2025-06-15 03:30:00,48.892,1608.75,859.915
2025-06-15 03:45:00,48.892,1608.75,859.915
2025-06-15 04:00:00,436.442,1338.999,757.318
2025-06-15 04:15:00,436.442,1338.999,757.318
2025-06-15 04:30:00,436.442,1338.999,757.318
2025-06-15 04:45:00,436.442,1338.999,757.318
2025-06-15 05:00:00,1477.648,1214.75,936.577
2025-06-15 05:15:00,1477.648,1214.75,936.577
2025-06-15 05:30:00,1477.648,1214.75,936.577
2025-06-15 05:45:00,1477.648,1214.75,936.577
2025-06-15 06:00:00,4108.253,995.749,1591.714
2025-06-15 06:15:00,4108.253,995.749,1591.714
2025-06-15 06:30:00,4108.253,995.749,1591.714
2025-06-15 06:45:00,4108.253,995.749,1591.714
2025-06-15 07:00:00,7318.215,775.25,2126.175
2025-06-15 07:15:00,7318.215,775.25,2126.175
2025-06-15 07:30:00,7318.215,775.25,2126.175
2025-06-15 07:45:00,7318.215,775.25,2126.175
2025-06-15 08:00:00,10210.225,573.999,2161.621
2025-06-15 08:15:00,10210.225,573.999,2161.621
2025-06-15 08:30:00,10210.225,573.999,2161.621
2025-06-15 08:45:00,10210.225,573.999,2161.621
2025-06-15 09:00:00,13942.307,689.25,2013.577
2025-06-15 09:15:00,13942.307,689.25,2013.577
2025-06-15 09:30:00,13942.307,689.25,2013.577
2025-06-15 09:45:00,13942.307,689.25,2013.577
2025-06-15 10:00:00,17330.585,556.499,2466.793
2025-06-15 10:15:00,17330.585,556.499,2466.793
2025-06-15 10:30:00,17330.585,556.499,2466.793
2025-06-15 10:45:00,17330.585,556.499,2466.793
2025-06-15 11:00:00,18108.54,449.75,3217.26
2025-06-15 11:15:00,18108.54,449.75,3217.26
2025-06-15 11:30:00,18108.54,449.75,3217.26
2025-06-15 11:45:00,18108.54,449.75,3217.26
2025-06-15 12:00:00,18805.069,273.749,3634.734
2025-06-15 12:15:00,18805.069,273.749,3634.734
2025-06-15 12:30:00,18805.069,273.749,3634.734
2025-06-15 12:45:00,18805.069,273.749,3634.734
2025-06-15 13:00:00,16308.176,426.5,3807.991
2025-06-15 13:15:00,16308.176,426.5,3807.991
2025-06-15 13:30:00,16308.176,426.5,3807.991
2025-06-15 13:45:00,16308.176,426.5,3807.991
2025-06-15 14:00:00,15054.953,607.0,3730.06
2025-06-15 14:15:00,15054.953,607.0,3730.06
2025-06-15 14:30:00,15054.953,607.0,3730.06
2025-06-15 14:45:00,15054.953,607.0,3730.06
2025-06-15 15:00:00,13982.062,707.75,3691.807
2025-06-15 15:15:00,13982.062,707.75,3691.807
2025-06-15 15:30:00,13982.062,707.75,3691.807
2025-06-15 15:45:00,13982.062,707.75,3691.807
2025-06-15 16:00:00,10086.715,936.0,3769.7
2025-06-15 16:15:00,10086.715,936.0,3769.7
2025-06-15 16:30:00,10086.715,936.0,3769.7
2025-06-15 16:45:00,10086.715,936.0,3769.7
2025-06-15 17:00:00,6352.125,1053.25,3191.952
2025-06-15 17:15:00,6352.125,1053.25,3191.952
2025-06-15 17:30:00,6352.125,1053.25,3191.952
2025-06-15 17:45:00,6352.125,1053.25,3191.952
2025-06-15 18:00:00,3061.858,821.251,2228.213
2025-06-15 18:15:00,3061.858,821.251,2228.213
2025-06-15 18:30:00,3061.858,821.251,2228.213
2025-06-15 18:45:00,3061.858,821.251,2228.213
2025-06-15 19:00:00,686.098,703.75,1117.154
2025-06-15 19:15:00,686.098,703.75,1117.154
2025-06-15 19:30:00,686.098,703.75,1117.154
2025-06-15 19:45:00,686.098,703.75,1117.154
2025-06-15 20:00:00,2.93,549.249,367.9
2025-06-15 20:15:00,2.93,549.249,367.9
2025-06-15 20:30:00,2.93,549.249,367.9
2025-06-15 20:45:00,2.93,549.249,367.9
2025-06-15 21:00:00,0.0,444.75,187.88
2025-06-15 21:15:00,0.0,444.75,187.88
2025-06-15 21:30:00,0.0,444.75,187.88
2025-06-15 21:45:00,0.0,444.75,187.88
2025-06-15 22:00:00,0.0,506.251,162.58
2025-06-15 22:15:00,0.0,506.251,162.58
2025-06-15 22:30:00,0.0,506.251,162.58
2025-06-15 22:45:00,0.0,506.251,162.58
2025-06-15 23:00:00,0.0,543.75,190.398
2025-06-15 23:15:00,0.0,543.75,190.398
2025-06-15 23:30:00,0.0,543.75,190.398
2025-06-15 23:45:00,0.0,543.75,190.398
2025-06-16 00:00:00,0.0,412.751,205.899
2025-06-16 00:15:00,0.0,412.751,205.899
2025-06-16 00:30:00,0.0,412.751,205.899
2025-06-16 00:45:00,0.0,412.751,205.899
2025-06-16 01:00:00,0.0,281.251,166.971
2025-06-16 01:15:00,0.0,281.251,166.971
2025-06-16 01:30:00,0.0,281.251,166.971
2025-06-16 01:45:00,0.0,281.251,166.971
2025-06-16 02:00:00,0.0,337.5,154.879
2025-06-16 02:15:00,0.0,337.5,154.879
2025-06-16 02:30:00,0.0,337.5,154.879
2025-06-16 02:45:00,0.0,337.5,154.879
2025-06-16 03:00:00,64.071,397.749,130.681
2025-06-16 03:15:00,64.071,397.749,130.681
2025-06-16 03:30:00,64.071,397.749,130.681
2025-06-16 03:45:00,64.071,397.749,130.681
2025-06-16 04:00:00,1068.302,377.749,143.803
2025-06-16 04:15:00,1068.302,377.749,143.803
2025-06-16 04:30:00,1068.302,377.749,143.803
2025-06-16 04:45:00,1068.302,377.749,143.803
2025-06-16 05:00:00,3562.91,304.25,229.446
2025-06-16 05:15:00,3562.91,304.25,229.446
2025-06-16 05:30:00,3562.91,304.25,229.446
2025-06-16 05:45:00,3562.91,304.25,229.446
2025-06-16 06:00:00,7094.47,293.75,375.708
2025-06-16 06:15:00,7094.47,293.75,375.708
2025-06-16 06:30:00,7094.47,293.75,375.708
2025-06-16 06:45:00,7094.47,293.75,375.708
2025-06-16 07:00:00,10530.384,409.25,449.102
2025-06-16 07:15:00,10530.384,409.25,449.102
2025-06-16 07:30:00,10530.384,409.25,449.102
2025-06-16 07:45:00,10530.384,409.25,449.102
2025-06-16 08:00:00,12546.35,205.5,604.89
2025-06-16 08:15:00,12546.35,205.5,604.89
2025-06-16 08:30:00,12546.35,205.5,604.89
2025-06-16 08:45:00,12546.35,205.5,604.89
2025-06-16 09:00:00,14756.648,174.5,694.202
2025-06-16 09:15:00,14756.648,174.5,694.202
2025-06-16 09:30:00,14756.648,174.5,694.202
2025-06-16 09:45:00,14756.648,174.5,694.202
2025-06-16 10:00:00,16055.613,211.501,831.602
2025-06-16 10:15:00,16055.613,211.501,831.602
2025-06-16 10:30:00,16055.613,211.501,831.602
2025-06-16 10:45:00,16055.613,211.501,831.602
2025-06-16 11:00:00,15955.268,129.75,1417.088
2025-06-16 11:15:00,15955.268,129.75,1417.088
2025-06-16 11:30:00,15955.268,129.75,1417.088
2025-06-16 11:45:00,15955.268,129.75,1417.088
2025-06-16 12:00:00,18201.485,195.75,1894.52
2025-06-16 12:15:00,18201.485,195.75,1894.52
2025-06-16 12:30:00,18201.485,195.75,1894.52
2025-06-16 12:45:00,18201.485,195.75,1894.52
2025-06-16 13:00:00,18458.782,205.75,1968.999
2025-06-16 13:15:00,18458.782,205.75,1968.999
2025-06-16 13:30:00,18458.782,205.75,1968.999
2025-06-16 13:45:00,18458.782,205.75,1968.999
2025-06-16 14:00:00,17217.167,143.75,1951.477
2025-06-16 14:15:00,17217.167,143.75,1951.477
2025-06-16 14:30:00,17217.167,143.75,1951.477
2025-06-16 14:45:00,17217.167,143.75,1951.477
2025-06-16 15:00:00,14117.29,157.501,1784.293
2025-06-16 15:15:00,14117.29,157.501,1784.293
2025-06-16 15:30:00,14117.29,157.501,1784.293
2025-06-16 15:45:00,14117.29,157.501,1784.293
2025-06-16 16:00:00,10706.242,96.0,1441.244
2025-06-16 16:15:00,10706.242,96.0,1441.244
2025-06-16 16:30:00,10706.242,96.0,1441.244
2025-06-16 16:45:00,10706.242,96.0,1441.244
2025-06-16 17:00:00,6539.378,64.75,998.823
2025-06-16 17:15:00,6539.378,64.75,998.823
2025-06-16 17:30:00,6539.378,64.75,998.823
2025-06-16 17:45:00,6539.378,64.75,998.823
2025-06-16 18:00:00,3189.39,32.5,482.25
2025-06-16 18:15:00,3189.39,32.5,482.25
2025-06-16 18:30:00,3189.39,32.5,482.25
2025-06-16 18:45:00,3189.39,32.5,482.25
2025-06-16 19:00:00,771.518,15.251,180.525
2025-06-16 19:15:00,771.518,15.251,180.525
2025-06-16 19:30:00,771.518,15.251,180.525
2025-06-16 19:45:00,771.518,15.251,180.525
2025-06-16 20:00:00,1.773,22.0,55.725
2025-06-16 20:15:00,1.773,22.0,55.725
2025-06-16 20:30:00,1.773,22.0,55.725
2025-06-16 20:45:00,1.773,22.0,55.725
2025-06-16 21:00:00,0.0,54.252,20.342
2025-06-16 21:15:00,0.0,54.252,20.342
2025-06-16 21:30:00,0.0,54.252,20.342
2025-06-16 21:45:00,0.0,54.252,20.342
2025-06-16 22:00:00,0.0,112.5,9.465
2025-06-16 22:15:00,0.0,112.5,9.465
2025-06-16 22:30:00,0.0,112.5,9.465
2025-06-16 22:45:00,0.0,112.5,9.465
2025-06-16 23:00:00,0.0,151.25,0.0
2025-06-16 23:15:00,0.0,151.25,0.0
2025-06-16 23:30:00,0.0,151.25,0.0
2025-06-16 23:45:00,0.0,151.25,0.0
2025-06-17 00:00:00,0.0,165.75,26.317
2025-06-17 00:15:00,0.0,165.75,26.317
2025-06-17 00:30:00,0.0,165.75,26.317
2025-06-17 00:45:00,0.0,165.75,26.317
2025-06-17 01:00:00,0.0,215.5,55.024
2025-06-17 01:15:00,0.0,215.5,55.024
2025-06-17 01:30:00,0.0,215.5,55.024
2025-06-17 01:45:00,0.0,215.5,55.024
2025-06-17 02:00:00,0.0,235.75,56.895
2025-06-17 02:15:00,0.0,235.75,56.895
2025-06-17 02:30:00,0.0,235.75,56.895
2025-06-17 02:45:00,0.0,235.75,56.895
2025-06-17 03:00:00,56.662,343.25,53.118
2025-06-17 03:15:00,56.662,343.25,53.118
2025-06-17 03:30:00,56.662,343.25,53.118
2025-06-17 03:45:00,56.662,343.25,53.118
2025-06-17 04:00:00,1115.162,570.501,92.782
2025-06-17 04:15:00,1115.162,570.501,92.782
2025-06-17 04:30:00,1115.162,570.501,92.782
2025-06-17 04:45:00,1115.162,570.501,92.782
2025-06-17 05:00:00,3814.319,744.751,193.339
2025-06-17 05:15:00,3814.319,744.751,193.339
2025-06-17 05:30:00,3814.319,744.751,193.339
2025-06-17 05:45:00,3814.319,744.751,193.339
2025-06-17 06:00:00,7548.916,983.25,497.601
2025-06-17 06:15:00,7548.916,983.25,497.601
2025-06-17 06:30:00,7548.916,983.25,497.601
2025-06-17 06:45:00,7548.916,983.25,497.601
2025-06-17 07:00:00,11996.173,1045.5,1114.1
2025-06-17 07:15:00,11996.173,1045.5,1114.1
2025-06-17 07:30:00,11996.173,1045.5,1114.1
2025-06-17 07:45:00,11996.173,1045.5,1114.1
2025-06-17 08:00:00,15844.327,932.499,1298.776
2025-06-17 08:15:00,15844.327,932.499,1298.776
2025-06-17 08:30:00,15844.327,932.499,1298.776
2025-06-17 08:45:00,15844.327,932.499,1298.776
2025-06-17 09:00:00,19237.655,904.751,1466.617
2025-06-17 09:15:00,19237.655,904.751,1466.617
2025-06-17 09:30:00,19237.655,904.751,1466.617
2025-06-17 09:45:00,19237.655,904.751,1466.617
2025-06-17 10:00:00,21424.104,842.75,1737.514
2025-06-17 10:15:00,21424.104,842.75,1737.514
2025-06-17 10:30:00,21424.104,842.75,1737.514
2025-06-17 10:45:00,21424.104,842.75,1737.514
2025-06-17 11:00:00,22266.535,771.999,1973.514
2025-06-17 11:15:00,22266.535,771.999,1973.514
2025-06-17 11:30:00,22266.535,771.999,1973.514
2025-06-17 11:45:00,22266.535,771.999,1973.514
2025-06-17 12:00:00,21264.509,553.0,2143.058
2025-06-17 12:15:00,21264.509,553.0,2143.058
2025-06-17 12:30:00,21264.509,553.0,2143.058
2025-06-17 12:45:00,21264.509,553.0,2143.058
2025-06-17 13:00:00,18069.727,517.5,2429.274
2025-06-17 13:15:00,18069.727,517.5,2429.274
2025-06-17 13:30:00,18069.727,517.5,2429.274
2025-06-17 13:45:00,18069.727,517.5,2429.274
2025-06-17 14:00:00,14558.27,601.5,2761.541
2025-06-17 14:15:00,14558.27,601.5,2761.541
2025-06-17 14:30:00,14558.27,601.5,2761.541
2025-06-17 14:45:00,14558.27,601.5,2761.541
2025-06-17 15:00:00,11623.921,608.5,2428.413
2025-06-17 15:15:00,11623.921,608.5,2428.413
2025-06-17 15:30:00,11623.921,608.5,2428.413
2025-06-17 15:45:00,11623.921,608.5,2428.413
2025-06-17 16:00:00,8370.075,508.5,1723.39
2025-06-17 16:15:00,8370.075,508.5,1723.39
2025-06-17 16:30:00,8370.075,508.5,1723.39
2025-06-17 16:45:00,8370.075,508.5,1723.39
2025-06-17 17:00:00,5478.176,356.0,1096.776
2025-06-17 17:15:00,5478.176,356.0,1096.776
2025-06-17 17:30:00,5478.176,356.0,1096.776
2025-06-17 17:45:00,5478.176,356.0,1096.776
2025-06-17 18:00:00,3138.432,285.0,630.24
2025-06-17 18:15:00,3138.432,285.0,630.24
2025-06-17 18:30:00,3138.432,285.0,630.24
2025-06-17 18:45:00,3138.432,285.0,630.24
2025-06-17 19:00:00,1037.474,269.001,221.391
2025-06-17 19:15:00,1037.474,269.001,221.391
2025-06-17 19:30:00,1037.474,269.001,221.391
2025-06-17 19:45:00,1037.474,269.001,221.391
2025-06-17 20:00:00,19.293,325.749,48.953
2025-06-17 20:15:00,19.293,325.749,48.953
2025-06-17 20:30:00,19.293,325.749,48.953
2025-06-17 20:45:00,19.293,325.749,48.953
2025-06-17 21:00:00,0.0,450.252,6.669
2025-06-17 21:15:00,0.0,450.252,6.669
2025-06-17 21:30:00,0.0,450.252,6.669
2025-06-17 21:45:00,0.0,450.252,6.669
2025-06-17 22:00:00,0.0,576.75,0.0
2025-06-17 22:15:00,0.0,576.75,0.0
2025-06-17 22:30:00,0.0,576.75,0.0
2025-06-17 22:45:00,0.0,576.75,0.0
2025-06-17 23:00:00,0.0,618.0,0.0
2025-06-17 23:15:00,0.0,618.0,0.0
2025-06-17 23:30:00,0.0,618.0,0.0
2025-06-17 23:45:00,0.0,618.0,0.0
2025-06-18 00:00:00,0.0,624.0,16.674
2025-06-18 00:15:00,0.0,624.0,16.674
2025-06-18 00:30:00,0.0,624.0,16.674
2025-06-18 00:45:00,0.0,624.0,16.674
2025-06-18 01:00:00,0.0,600.501,6.343
2025-06-18 01:15:00,0.0,600.501,6.343
2025-06-18 01:30:00,0.0,600.501,6.343
2025-06-18 01:45:00,0.0,600.501,6.343
2025-06-18 02:00:00,0.0,584.0,19.518
2025-06-18 02:15:00,0.0,584.0,19.518
2025-06-18 02:30:00,0.0,584.0,19.518
2025-06-18 02:45:00,0.0,584.0,19.518
2025-06-18 03:00:00,70.627,404.999,28.162
2025-06-18 03:15:00,70.627,404.999,28.162
2025-06-18 03:30:00,70.627,404.999,28.162
2025-06-18 03:45:00,70.627,404.999,28.162
2025-06-18 04:00:00,1135.488,190.75,35.743
2025-06-18 04:15:00,1135.488,190.75,35.743
2025-06-18 04:30:00,1135.488,190.75,35.743
2025-06-18 04:45:00,1135.488,190.75,35.743
2025-06-18 05:00:00,3532.624,70.25,84.767
2025-06-18 05:15:00,3532.624,70.25,84.767
2025-06-18 05:30:00,3532.624,70.25,84.767
2025-06-18 05:45:00,3532.624,70.25,84.767
2025-06-18 06:00:00,6843.601,411.25,148.914
2025-06-18 06:15:00,6843.601,411.25,148.914
2025-06-18 06:30:00,6843.601,411.25,148.914
2025-06-18 06:45:00,6843.601,411.25,148.914
2025-06-18 07:00:00,10798.661,457.5,212.973
2025-06-18 07:15:00,10798.661,457.5,212.973
2025-06-18 07:30:00,10798.661,457.5,212.973
2025-06-18 07:45:00,10798.661,457.5,212.973
2025-06-18 08:00:00,14927.276,397.0,305.249
2025-06-18 08:15:00,14927.276,397.0,305.249
2025-06-18 08:30:00,14927.276,397.0,305.249
2025-06-18 08:45:00,14927.276,397.0,305.249
2025-06-18 09:00:00,18088.92,231.75,610.801
2025-06-18 09:15:00,18088.92,231.75,610.801
2025-06-18 09:30:00,18088.92,231.75,610.801
2025-06-18 09:45:00,18088.92,231.75,610.801
2025-06-18 10:00:00,19749.75,261.999,704.544
2025-06-18 10:15:00,19749.75,261.999,704.544
2025-06-18 10:30:00,19749.75,261.999,704.544
2025-06-18 10:45:00,19749.75,261.999,704.544
2025-06-18 11:00:00,20155.426,177.0,1111.879
2025-06-18 11:15:00,20155.426,177.0,1111.879
2025-06-18 11:30:00,20155.426,177.0,1111.879
2025-06-18 11:45:00,20155.426,177.0,1111.879
2025-06-18 12:00:00,19001.494,144.0,1597.523
2025-06-18 12:15:00,19001.494,144.0,1597.523
2025-06-18 12:30:00,19001.494,144.0,1597.523
2025-06-18 12:45:00,19001.494,144.0,1597.523
2025-06-18 13:00:00,18956.318,146.25,1968.396
2025-06-18 13:15:00,18956.318,146.25,1968.396
2025-06-18 13:30:00,18956.318,146.25,1968.396
2025-06-18 13:45:00,18956.318,146.25,1968.396
2025-06-18 14:00:00,16763.501,177.999,2070.604
2025-06-18 14:15:00,16763.501,177.999,2070.604
2025-06-18 14:30:00,16763.501,177.999,2070.604
2025-06-18 14:45:00,16763.501,177.999,2070.604
2025-06-18 15:00:00,13847.119,222.75,2173.462
2025-06-18 15:15:00,13847.119,222.75,2173.462
2025-06-18 15:30:00,13847.119,222.75,2173.462
2025-06-18 15:45:00,13847.119,222.75,2173.462
2025-06-18 16:00:00,10626.859,232.251,2464.778
2025-06-18 16:15:00,10626.859,232.251,2464.778
2025-06-18 16:30:00,10626.859,232.251,2464.778
2025-06-18 16:45:00,10626.859,232.251,2464.778
2025-06-18 17:00:00,6860.061,166.5,2535.498
2025-06-18 17:15:00,6860.061,166.5,2535.498
2025-06-18 17:30:00,6860.061,166.5,2535.498
2025-06-18 17:45:00,6860.061,166.5,2535.498
2025-06-18 18:00:00,3382.932,130.749,1711.369
2025-06-18 18:15:00,3382.932,130.749,1711.369
2025-06-18 18:30:00,3382.932,130.749,1711.369
2025-06-18 18:45:00,3382.932,130.749,1711.369
2025-06-18 19:00:00,804.485,114.5,771.315
2025-06-18 19:15:00,804.485,114.5,771.315
2025-06-18 19:30:00,804.485,114.5,771.315
2025-06-18 19:45:00,804.485,114.5,771.315
2025-06-18 20:00:00,0.154,71.751,296.891
2025-06-18 20:15:00,0.154,71.751,296.891
2025-06-18 20:30:00,0.154,71.751,296.891
2025-06-18 20:45:00,0.154,71.751,296.891
2025-06-18 21:00:00,0.0,78.75,89.762
2025-06-18 21:15:00,0.0,78.75,89.762
2025-06-18 21:30:00,0.0,78.75,89.762
2025-06-18 21:45:00,0.0,78.75,89.762
2025-06-18 22:00:00,0.0,94.501,26.455
2025-06-18 22:15:00,0.0,94.501,26.455
2025-06-18 22:30:00,0.0,94.501,26.455
2025-06-18 22:45:00,0.0,94.501,26.455
2025-06-18 23:00:00,0.0,118.501,21.282
2025-06-18 23:15:00,0.0,118.501,21.282
2025-06-18 23:30:00,0.0,118.501,21.282
2025-06-18 23:45:00,0.0,118.501,21.282
2025-06-19 00:00:00,0.0,98.502,3.303
2025-06-19 00:15:00,0.0,98.502,3.303
2025-06-19 00:30:00,0.0,98.502,3.303
2025-06-19 00:45:00,0.0,98.502,3.303
2025-06-19 01:00:00,0.0,187.249,0.0
2025-06-19 01:15:00,0.0,187.249,0.0
2025-06-19 01:30:00,0.0,187.249,0.0
2025-06-19 01:45:00,0.0,187.249,0.0
2025-06-19 02:00:00,0.0,177.999,18.754
2025-06-19 02:15:00,0.0,177.999,18.754
2025-06-19 02:30:00,0.0,177.999,18.754
2025-06-19 02:45:00,0.0,177.999,18.754
2025-06-19 03:00:00,68.573,185.751,28.036
2025-06-19 03:15:00,68.573,185.751,28.036
2025-06-19 03:30:00,68.573,185.751,28.036
2025-06-19 03:45:00,68.573,185.751,28.036
2025-06-19 04:00:00,1178.079,192.75,33.797
2025-06-19 04:15:00,1178.079,192.75,33.797
2025-06-19 04:30:00,1178.079,192.75,33.797
2025-06-19 04:45:00,1178.079,192.75,33.797
2025-06-19 05:00:00,3717.125,174.75,66.471
2025-06-19 05:15:00,3717.125,174.75,66.471
2025-06-19 05:30:00,3717.125,174.75,66.471
2025-06-19 05:45:00,3717.125,174.75,66.471
2025-06-19 06:00:00,6898.546,202.25,317.936
2025-06-19 06:15:00,6898.546,202.25,317.936
2025-06-19 06:30:00,6898.546,202.25,317.936
2025-06-19 06:45:00,6898.546,202.25,317.936
2025-06-19 07:00:00,10789.333,188.5,681.931
2025-06-19 07:15:00,10789.333,188.5,681.931
2025-06-19 07:30:00,10789.333,188.5,681.931
2025-06-19 07:45:00,10789.333,188.5,681.931
2025-06-19 08:00:00,14415.118,83.75,675.642
2025-06-19 08:15:00,14415.118,83.75,675.642
2025-06-19 08:30:00,14415.118,83.75,675.642
2025-06-19 08:45:00,14415.118,83.75,675.642
2025-06-19 09:00:00,17363.3,49.249,615.796
2025-06-19 09:15:00,17363.3,49.249,615.796
2025-06-19 09:30:00,17363.3,49.249,615.796
2025-06-19 09:45:00,17363.3,49.249,615.796
2025-06-19 10:00:00,18509.398,40.749,485.067
2025-06-19 10:15:00,18509.398,40.749,485.067
2025-06-19 10:30:00,18509.398,40.749,485.067
2025-06-19 10:45:00,18509.398,40.749,485.067
2025-06-19 11:00:00,19922.274,61.501,527.881
2025-06-19 11:15:00,19922.274,61.501,527.881
2025-06-19 11:30:00,19922.274,61.501,527.881
2025-06-19 11:45:00,19922.274,61.501,527.881
2025-06-19 12:00:00,19889.866,155.75,576.634
2025-06-19 12:15:00,19889.866,155.75,576.634
2025-06-19 12:30:00,19889.866,155.75,576.634
2025-06-19 12:45:00,19889.866,155.75,576.634
2025-06-19 13:00:00,17588.48,219.0,640.048
2025-06-19 13:15:00,17588.48,219.0,640.048
2025-06-19 13:30:00,17588.48,219.0,640.048
2025-06-19 13:45:00,17588.48,219.0,640.048
2025-06-19 14:00:00,16463.163,374.5,748.954
2025-06-19 14:15:00,16463.163,374.5,748.954
2025-06-19 14:30:00,16463.163,374.5,748.954
2025-06-19 14:45:00,16463.163,374.5,748.954
2025-06-19 15:00:00,13812.315,420.75,940.283
2025-06-19 15:15:00,13812.315,420.75,940.283
2025-06-19 15:30:00,13812.315,420.75,940.283
2025-06-19 15:45:00,13812.315,420.75,940.283
2025-06-19 16:00:00,10302.241,602.0,1127.73
2025-06-19 16:15:00,10302.241,602.0,1127.73
2025-06-19 16:30:00,10302.241,602.0,1127.73
2025-06-19 16:45:00,10302.241,602.0,1127.73
2025-06-19 17:00:00,6603.706,770.748,1166.656
2025-06-19 17:15:00,6603.706,770.748,1166.656
2025-06-19 17:30:00,6603.706,770.748,1166.656
2025-06-19 17:45:00,6603.706,770.748,1166.656
2025-06-19 18:00:00,3361.313,903.0,1252.821
2025-06-19 18:15:00,3361.313,903.0,1252.821
2025-06-19 18:30:00,3361.313,903.0,1252.821
2025-06-19 18:45:00,3361.313,903.0,1252.821
2025-06-19 19:00:00,804.314,916.752,912.146
2025-06-19 19:15:00,804.314,916.752,912.146
2025-06-19 19:30:00,804.314,916.752,912.146
2025-06-19 19:45:00,804.314,916.752,912.146
2025-06-19 20:00:00,0.847,950.501,578.437
2025-06-19 20:15:00,0.847,950.501,578.437
2025-06-19 20:30:00,0.847,950.501,578.437
2025-06-19 20:45:00,0.847,950.501,578.437
2025-06-19 21:00:00,0.0,1013.25,467.368
2025-06-19 21:15:00,0.0,1013.25,467.368
2025-06-19 21:30:00,0.0,1013.25,467.368
2025-06-19 21:45:00,0.0,1013.25,467.368
2025-06-19 22:00:00,0.0,967.25,467.905
2025-06-19 22:15:00,0.0,967.25,467.905
2025-06-19 22:30:00,0.0,967.25,467.905
2025-06-19 22:45:00,0.0,967.25,467.905
2025-06-19 23:00:00,0.0,980.0,476.136
2025-06-19 23:15:00,0.0,980.0,476.136
2025-06-19 23:30:00,0.0,980.0,476.136
2025-06-19 23:45:00,0.0,980.0,476.136
2025-06-20 00:00:00,0.0,957.75,380.503
2025-06-20 00:15:00,0.0,957.75,380.503
2025-06-20 00:30:00,0.0,957.75,380.503
2025-06-20 00:45:00,0.0,957.75,380.503
2025-06-20 01:00:00,0.0,969.25,398.008
2025-06-20 01:15:00,0.0,969.25,398.008
2025-06-20 01:30:00,0.0,969.25,398.008
2025-06-20 01:45:00,0.0,969.25,398.008
2025-06-20 02:00:00,0.0,1005.0,442.221
2025-06-20 02:15:00,0.0,1005.0,442.221
2025-06-20 02:30:00,0.0,1005.0,442.221
2025-06-20 02:45:00,0.0,1005.0,442.221
2025-06-20 03:00:00,65.25,1054.5,420.036
2025-06-20 03:15:00,65.25,1054.5,420.036
2025-06-20 03:30:00,65.25,1054.5,420.036
2025-06-20 03:45:00,65.25,1054.5,420.036
2025-06-20 04:00:00,1201.972,937.5,439.999
2025-06-20 04:15:00,1201.972,937.5,439.999
2025-06-20 04:30:00,1201.972,937.5,439.999
2025-06-20 04:45:00,1201.972,937.5,439.999
2025-06-20 05:00:00,3999.353,676.002,503.297
2025-06-20 05:15:00,3999.353,676.002,503.297
2025-06-20 05:30:00,3999.353,676.002,503.297
2025-06-20 05:45:00,3999.353,676.002,503.297
2025-06-20 06:00:00,7870.868,483.249,703.512
2025-06-20 06:15:00,7870.868,483.249,703.512
2025-06-20 06:30:00,7870.868,483.249,703.512
2025-06-20 06:45:00,7870.868,483.249,703.512
2025-06-20 07:00:00,12134.464,282.0,808.275
2025-06-20 07:15:00,12134.464,282.0,808.275
2025-06-20 07:30:00,12134.464,282.0,808.275
2025-06-20 07:45:00,12134.464,282.0,808.275
2025-06-20 08:00:00,16052.313,129.5,542.675
2025-06-20 08:15:00,16052.313,129.5,542.675
2025-06-20 08:30:00,16052.313,129.5,542.675
2025-06-20 08:45:00,16052.313,129.5,542.675
2025-06-20 09:00:00,19239.466,52.248,399.949
2025-06-20 09:15:00,19239.466,52.248,399.949
2025-06-20 09:30:00,19239.466,52.248,399.949
2025-06-20 09:45:00,19239.466,52.248,399.949
2025-06-20 10:00:00,21584.563,46.75,368.609
2025-06-20 10:15:00,21584.563,46.75,368.609
2025-06-20 10:30:00,21584.563,46.75,368.609
2025-06-20 10:45:00,21584.563,46.75,368.609
2025-06-20 11:00:00,22140.171,21.75,512.582
2025-06-20 11:15:00,22140.171,21.75,512.582
2025-06-20 11:30:00,22140.171,21.75,512.582
2025-06-20 11:45:00,22140.171,21.75,512.582
2025-06-20 12:00:00,22593.407,65.75,654.338
2025-06-20 12:15:00,22593.407,65.75,654.338
2025-06-20 12:30:00,22593.407,65.75,654.338
2025-06-20 12:45:00,22593.407,65.75,654.338
2025-06-20 13:00:00,20882.789,196.499,748.242
2025-06-20 13:15:00,20882.789,196.499,748.242
2025-06-20 13:30:00,20882.789,196.499,748.242
2025-06-20 13:45:00,20882.789,196.499,748.242
2025-06-20 14:00:00,18289.032,620.001,1065.818
2025-06-20 14:15:00,18289.032,620.001,1065.818
2025-06-20 14:30:00,18289.032,620.001,1065.818
2025-06-20 14:45:00,18289.032,620.001,1065.818
2025-06-20 15:00:00,14871.269,1050.249,1475.959
2025-06-20 15:15:00,14871.269,1050.249,1475.959
2025-06-20 15:30:00,14871.269,1050.249,1475.959
2025-06-20 15:45:00,14871.269,1050.249,1475.959
2025-06-20 16:00:00,10031.074,1155.501,1570.009
2025-06-20 16:15:00,10031.074,1155.501,1570.009
2025-06-20 16:30:00,10031.074,1155.501,1570.009
2025-06-20 16:45:00,10031.074,1155.501,1570.009
2025-06-20 17:00:00,5259.212,966.0,1432.641
2025-06-20 17:15:00,5259.212,966.0,1432.641
2025-06-20 17:30:00,5259.212,966.0,1432.641
2025-06-20 17:45:00,5259.212,966.0,1432.641
2025-06-20 18:00:00,2558.293,715.5,1172.67
2025-06-20 18:15:00,2558.293,715.5,1172.67
2025-06-20 18:30:00,2558.293,715.5,1172.67
2025-06-20 18:45:00,2558.293,715.5,1172.67
2025-06-20 19:00:00,631.713,614.0,596.645
2025-06-20 19:15:00,631.713,614.0,596.645
2025-06-20 19:30:00,631.713,614.0,596.645
2025-06-20 19:45:00,631.713,614.0,596.645
2025-06-20 20:00:00,8.728,695.5,288.426
2025-06-20 20:15:00,8.728,695.5,288.426
2025-06-20 20:30:00,8.728,695.5,288.426
2025-06-20 20:45:00,8.728,695.5,288.426
2025-06-20 21:00:00,0.0,971.751,273.39
2025-06-20 21:15:00,0.0,971.751,273.39
2025-06-20 21:30:00,0.0,971.751,273.39
2025-06-20 21:45:00,0.0,971.751,273.39
2025-06-20 22:00:00,0.0,1142.499,303.279
2025-06-20 22:15:00,0.0,1142.499,303.279
2025-06-20 22:30:00,0.0,1142.499,303.279
2025-06-20 22:45:00,0.0,1142.499,303.279
2025-06-20 23:00:00,0.0,1426.25,386.814
2025-06-20 23:15:00,0.0,1426.25,386.814
2025-06-20 23:30:00,0.0,1426.25,386.814
2025-06-20 23:45:00,0.0,1426.25,386.814
2025-06-21 00:00:00,0.0,1480.5,342.057
2025-06-21 00:15:00,0.0,1480.5,342.057
2025-06-21 00:30:00,0.0,1480.5,342.057
2025-06-21 00:45:00,0.0,1480.5,342.057
2025-06-21 01:00:00,0.0,1237.751,324.791
2025-06-21 01:15:00,0.0,1237.751,324.791
2025-06-21 01:30:00,0.0,1237.751,324.791
2025-06-21 01:45:00,0.0,1237.751,324.791
2025-06-21 02:00:00,0.0,1086.75,236.073
2025-06-21 02:15:00,0.0,1086.75,236.073
2025-06-21 02:30:00,0.0,1086.75,236.073
2025-06-21 02:45:00,0.0,1086.75,236.073
2025-06-21 03:00:00,62.052,885.0,217.928
2025-06-21 03:15:00,62.052,885.0,217.928
2025-06-21 03:30:00,62.052,885.0,217.928
2025-06-21 03:45:00,62.052,885.0,217.928
2025-06-21 04:00:00,1140.029,653.0,252.509
2025-06-21 04:15:00,1140.029,653.0,252.509
2025-06-21 04:30:00,1140.029,653.0,252.509
2025-06-21 04:45:00,1140.029,653.0,252.509
2025-06-21 05:00:00,3813.98,772.749,228.923
2025-06-21 05:15:00,3813.98,772.749,228.923
2025-06-21 05:30:00,3813.98,772.749,228.923
2025-06-21 05:45:00,3813.98,772.749,228.923
2025-06-21 06:00:00,7700.687,539.0,263.688
2025-06-21 06:15:00,7700.687,539.0,263.688
2025-06-21 06:30:00,7700.687,539.0,263.688
2025-06-21 06:45:00,7700.687,539.0,263.688
2025-06-21 07:00:00,11984.35,286.75,425.98
2025-06-21 07:15:00,11984.35,286.75,425.98
2025-06-21 07:30:00,11984.35,286.75,425.98
2025-06-21 07:45:00,11984.35,286.75,425.98
2025-06-21 08:00:00,15929.419,155.25,413.587
2025-06-21 08:15:00,15929.419,155.25,413.587
2025-06-21 08:30:00,15929.419,155.25,413.587
2025-06-21 08:45:00,15929.419,155.25,413.587
2025-06-21 09:00:00,19254.789,74.25,458.988
2025-06-21 09:15:00,19254.789,74.25,458.988
2025-06-21 09:30:00,19254.789,74.25,458.988
2025-06-21 09:45:00,19254.789,74.25,458.988
2025-06-21 10:00:00,21623.339,39.5,669.497
2025-06-21 10:15:00,21623.339,39.5,669.497
2025-06-21 10:30:00,21623.339,39.5,669.497
2025-06-21 10:45:00,21623.339,39.5,669.497
2025-06-21 11:00:00,22796.088,24.25,756.506
2025-06-21 11:15:00,22796.088,24.25,756.506
2025-06-21 11:30:00,22796.088,24.25,756.506
2025-06-21 11:45:00,22796.088,24.25,756.506
2025-06-21 12:00:00,22645.424,3.249,757.328
2025-06-21 12:15:00,22645.424,3.249,757.328
2025-06-21 12:30:00,22645.424,3.249,757.328
2025-06-21 12:45:00,22645.424,3.249,757.328
2025-06-21 13:00:00,21189.82,3.999,673.977
2025-06-21 13:15:00,21189.82,3.999,673.977
2025-06-21 13:30:00,21189.82,3.999,673.977
2025-06-21 13:45:00,21189.82,3.999,673.977
2025-06-21 14:00:00,18656.185,27.25,544.195
2025-06-21 14:15:00,18656.185,27.25,544.195
2025-06-21 14:30:00,18656.185,27.25,544.195
2025-06-21 14:45:00,18656.185,27.25,544.195
2025-06-21 15:00:00,15115.274,25.251,436.973
2025-06-21 15:15:00,15115.274,25.251,436.973
2025-06-21 15:30:00,15115.274,25.251,436.973
2025-06-21 15:45:00,15115.274,25.251,436.973
2025-06-21 16:00:00,11049.935,33.5,379.54
2025-06-21 16:15:00,11049.935,33.5,379.54
2025-06-21 16:30:00,11049.935,33.5,379.54
2025-06-21 16:45:00,11049.935,33.5,379.54
2025-06-21 17:00:00,6823.418,41.001,278.18
2025-06-21 17:15:00,6823.418,41.001,278.18
2025-06-21 17:30:00,6823.418,41.001,278.18
2025-06-21 17:45:00,6823.418,41.001,278.18
2025-06-21 18:00:00,3200.373,140.25,129.599
2025-06-21 18:15:00,3200.373,140.25,129.599
2025-06-21 18:30:00,3200.373,140.25,129.599
2025-06-21 18:45:00,3200.373,140.25,129.599
2025-06-21 19:00:00,694.696,442.75,71.299
2025-06-21 19:15:00,694.696,442.75,71.299
2025-06-21 19:30:00,694.696,442.75,71.299
2025-06-21 19:45:00,694.696,442.75,71.299
2025-06-21 20:00:00,0.0,718.75,102.005
2025-06-21 20:15:00,0.0,718.75,102.005
2025-06-21 20:30:00,0.0,718.75,102.005
2025-06-21 20:45:00,0.0,718.75,102.005
2025-06-21 21:00:00,0.0,1050.501,91.302
2025-06-21 21:15:00,0.0,1050.501,91.302
2025-06-21 21:30:00,0.0,1050.501,91.302
2025-06-21 21:45:00,0.0,1050.501,91.302
2025-06-21 22:00:00,0.0,1528.5,201.204
2025-06-21 22:15:00,0.0,1528.5,201.204
2025-06-21 22:30:00,0.0,1528.5,201.204
2025-06-21 22:45:00,0.0,1528.5,201.204
2025-06-21 23:00:00,0.0,1797.249,340.757
2025-06-21 23:15:00,0.0,1797.249,340.757
2025-06-21 23:30:00,0.0,1797.249,340.757
2025-06-21 23:45:00,0.0,1797.249,340.757
2025-06-22 00:00:00,0.0,1948.249,379.113
2025-06-22 00:15:00,0.0,1948.249,379.113
2025-06-22 00:30:00,0.0,1948.249,379.113
2025-06-22 00:45:00,0.0,1948.249,379.113
2025-06-22 01:00:00,0.0,2245.25,313.469
2025-06-22 01:15:00,0.0,2245.25,313.469
2025-06-22 01:30:00,0.0,2245.25,313.469
2025-06-22 01:45:00,0.0,2245.25,313.469
2025-06-22 02:00:00,0.0,2645.25,407.015
2025-06-22 02:15:00,0.0,2645.25,407.015
2025-06-22 02:30:00,0.0,2645.25,407.015
2025-06-22 02:45:00,0.0,2645.25,407.015
2025-06-22 03:00:00,61.178,2900.0,595.735
2025-06-22 03:15:00,61.178,2900.0,595.735
2025-06-22 03:30:00,61.178,2900.0,595.735
2025-06-22 03:45:00,61.178,2900.0,595.735
2025-06-22 04:00:00,1130.233,2972.751,732.292
2025-06-22 04:15:00,1130.233,2972.751,732.292
2025-06-22 04:30:00,1130.233,2972.751,732.292
2025-06-22 04:45:00,1130.233,2972.751,732.292
2025-06-22 05:00:00,3722.394,2196.001,930.354
2025-06-22 05:15:00,3722.394,2196.001,930.354
2025-06-22 05:30:00,3722.394,2196.001,930.354
2025-06-22 05:45:00,3722.394,2196.001,930.354
2025-06-22 06:00:00,7400.726,1549.5,1295.623
2025-06-22 06:15:00,7400.726,1549.5,1295.623
2025-06-22 06:30:00,7400.726,1549.5,1295.623
2025-06-22 06:45:00,7400.726,1549.5,1295.623
2025-06-22 07:00:00,10811.597,1323.749,1858.197
2025-06-22 07:15:00,10811.597,1323.749,1858.197
2025-06-22 07:30:00,10811.597,1323.749,1858.197
2025-06-22 07:45:00,10811.597,1323.749,1858.197
2025-06-22 08:00:00,13077.518,1082.749,2713.381
2025-06-22 08:15:00,13077.518,1082.749,2713.381
2025-06-22 08:30:00,13077.518,1082.749,2713.381
2025-06-22 08:45:00,13077.518,1082.749,2713.381
2025-06-22 09:00:00,12336.232,627.251,2927.49
2025-06-22 09:15:00,12336.232,627.251,2927.49
2025-06-22 09:30:00,12336.232,627.251,2927.49
2025-06-22 09:45:00,12336.232,627.251,2927.49
2025-06-22 10:00:00,10395.844,1157.249,1820.253
2025-06-22 10:15:00,10395.844,1157.249,1820.253
2025-06-22 10:30:00,10395.844,1157.249,1820.253
2025-06-22 10:45:00,10395.844,1157.249,1820.253
2025-06-22 11:00:00,9986.536,910.5,988.598
2025-06-22 11:15:00,9986.536,910.5,988.598
2025-06-22 11:30:00,9986.536,910.5,988.598
2025-06-22 11:45:00,9986.536,910.5,988.598
2025-06-22 12:00:00,8260.386,1034.0,1685.561
2025-06-22 12:15:00,8260.386,1034.0,1685.561
2025-06-22 12:30:00,8260.386,1034.0,1685.561
2025-06-22 12:45:00,8260.386,1034.0,1685.561
2025-06-22 13:00:00,9302.933,1087.5,2624.684
2025-06-22 13:15:00,9302.933,1087.5,2624.684
2025-06-22 13:30:00,9302.933,1087.5,2624.684
2025-06-22 13:45:00,9302.933,1087.5,2624.684
2025-06-22 14:00:00,12959.759,1188.75,3595.049
2025-06-22 14:15:00,12959.759,1188.75,3595.049
2025-06-22 14:30:00,12959.759,1188.75,3595.049
2025-06-22 14:45:00,12959.759,1188.75,3595.049
2025-06-22 15:00:00,12460.486,2579.75,4332.586
2025-06-22 15:15:00,12460.486,2579.75,4332.586
2025-06-22 15:30:00,12460.486,2579.75,4332.586
2025-06-22 15:45:00,12460.486,2579.75,4332.586
2025-06-22 16:00:00,8040.888,3811.75,3833.935
2025-06-22 16:15:00,8040.888,3811.75,3833.935
2025-06-22 16:30:00,8040.888,3811.75,3833.935
2025-06-22 16:45:00,8040.888,3811.75,3833.935
2025-06-22 17:00:00,4927.357,3848.001,3865.287
2025-06-22 17:15:00,4927.357,3848.001,3865.287
2025-06-22 17:30:00,4927.357,3848.001,3865.287
2025-06-22 17:45:00,4927.357,3848.001,3865.287
2025-06-22 18:00:00,2050.41,3959.502,3868.917
2025-06-22 18:15:00,2050.41,3959.502,3868.917
2025-06-22 18:30:00,2050.41,3959.502,3868.917
2025-06-22 18:45:00,2050.41,3959.502,3868.917
2025-06-22 19:00:00,643.954,3971.499,3572.938
2025-06-22 19:15:00,643.954,3971.499,3572.938
2025-06-22 19:30:00,643.954,3971.499,3572.938
2025-06-22 19:45:00,643.954,3971.499,3572.938
2025-06-22 20:00:00,19.925,4120.998,3577.746
2025-06-22 20:15:00,19.925,4120.998,3577.746
2025-06-22 20:30:00,19.925,4120.998,3577.746
2025-06-22 20:45:00,19.925,4120.998,3577.746
2025-06-22 21:00:00,0.0,4175.001,3674.873
2025-06-22 21:15:00,0.0,4175.001,3674.873
2025-06-22 21:30:00,0.0,4175.001,3674.873
2025-06-22 21:45:00,0.0,4175.001,3674.873
2025-06-22 22:00:00,0.0,4173.501,3881.874
2025-06-22 22:15:00,0.0,4173.501,3881.874
2025-06-22 22:30:00,0.0,4173.501,3881.874
2025-06-22 22:45:00,0.0,4173.501,3881.874
2025-06-22 23:00:00,0.0,4099.75,4240.126
2025-06-22 23:15:00,0.0,4099.75,4240.126
2025-06-22 23:30:00,0.0,4099.75,4240.126
2025-06-22 23:45:00,0.0,4099.75,4240.126
2025-06-23 00:00:00,0.0,4153.5,4467.548
2025-06-23 00:15:00,0.0,4153.5,4467.548
2025-06-23 00:30:00,0.0,4153.5,4467.548
2025-06-23 00:45:00,0.0,4153.5,4467.548
2025-06-23 01:00:00,0.0,4064.501,4028.698
2025-06-23 01:15:00,0.0,4064.501,4028.698
2025-06-23 01:30:00,0.0,4064.501,4028.698
2025-06-23 01:45:00,0.0,4064.501,4028.698
2025-06-23 02:00:00,0.0,4057.001,4043.176
2025-06-23 02:15:00,0.0,4057.001,4043.176
2025-06-23 02:30:00,0.0,4057.001,4043.176
2025-06-23 02:45:00,0.0,4057.001,4043.176
2025-06-23 03:00:00,42.895,3737.5,4345.506
2025-06-23 03:15:00,42.895,3737.5,4345.506
2025-06-23 03:30:00,42.895,3737.5,4345.506
2025-06-23 03:45:00,42.895,3737.5,4345.506
2025-06-23 04:00:00,639.345,3441.999,4591.512
2025-06-23 04:15:00,639.345,3441.999,4591.512
2025-06-23 04:30:00,639.345,3441.999,4591.512
2025-06-23 04:45:00,639.345,3441.999,4591.512
2025-06-23 05:00:00,1723.469,3461.5,5195.096
2025-06-23 05:15:00,1723.469,3461.5,5195.096
2025-06-23 05:30:00,1723.469,3461.5,5195.096
2025-06-23 05:45:00,1723.469,3461.5,5195.096
2025-06-23 06:00:00,2890.214,2901.749,5571.083
2025-06-23 06:15:00,2890.214,2901.749,5571.083
2025-06-23 06:30:00,2890.214,2901.749,5571.083
2025-06-23 06:45:00,2890.214,2901.749,5571.083
2025-06-23 07:00:00,5141.625,2978.751,5809.029
2025-06-23 07:15:00,5141.625,2978.751,5809.029
2025-06-23 07:30:00,5141.625,2978.751,5809.029
2025-06-23 07:45:00,5141.625,2978.751,5809.029
2025-06-23 08:00:00,8117.691,2310.001,5886.878
2025-06-23 08:15:00,8117.691,2310.001,5886.878
2025-06-23 08:30:00,8117.691,2310.001,5886.878
2025-06-23 08:45:00,8117.691,2310.001,5886.878
2025-06-23 09:00:00,10174.972,2451.501,6013.91
2025-06-23 09:15:00,10174.972,2451.501,6013.91
2025-06-23 09:30:00,10174.972,2451.501,6013.91
2025-06-23 09:45:00,10174.972,2451.501,6013.91
2025-06-23 10:00:00,14714.043,1692.749,6234.34
2025-06-23 10:15:00,14714.043,1692.749,6234.34
2025-06-23 10:30:00,14714.043,1692.749,6234.34
2025-06-23 10:45:00,14714.043,1692.749,6234.34
2025-06-23 11:00:00,18030.242,1581.0,6457.124
2025-06-23 11:15:00,18030.242,1581.0,6457.124
2025-06-23 11:30:00,18030.242,1581.0,6457.124
2025-06-23 11:45:00,18030.242,1581.0,6457.124
2025-06-23 12:00:00,19193.609,1417.75,6516.073
2025-06-23 12:15:00,19193.609,1417.75,6516.073
2025-06-23 12:30:00,19193.609,1417.75,6516.073
2025-06-23 12:45:00,19193.609,1417.75,6516.073
2025-06-23 13:00:00,18884.916,1203.249,6590.761
2025-06-23 13:15:00,18884.916,1203.249,6590.761
2025-06-23 13:30:00,18884.916,1203.249,6590.761
2025-06-23 13:45:00,18884.916,1203.249,6590.761
2025-06-23 14:00:00,16033.492,1244.251,6501.606
2025-06-23 14:15:00,16033.492,1244.251,6501.606
2025-06-23 14:30:00,16033.492,1244.251,6501.606
2025-06-23 14:45:00,16033.492,1244.251,6501.606
2025-06-23 15:00:00,12631.215,1410.0,6359.627
2025-06-23 15:15:00,12631.215,1410.0,6359.627
2025-06-23 15:30:00,12631.215,1410.0,6359.627
2025-06-23 15:45:00,12631.215,1410.0,6359.627
2025-06-23 16:00:00,9134.643,1918.75,6131.431
2025-06-23 16:15:00,9134.643,1918.75,6131.431
2025-06-23 16:30:00,9134.643,1918.75,6131.431
2025-06-23 16:45:00,9134.643,1918.75,6131.431
2025-06-23 17:00:00,5177.41,2051.75,5682.38
2025-06-23 17:15:00,5177.41,2051.75,5682.38
2025-06-23 17:30:00,5177.41,2051.75,5682.38
2025-06-23 17:45:00,5177.41,2051.75,5682.38
2025-06-23 18:00:00,2351.374,2215.75,4827.466
2025-06-23 18:15:00,2351.374,2215.75,4827.466
2025-06-23 18:30:00,2351.374,2215.75,4827.466
2025-06-23 18:45:00,2351.374,2215.75,4827.466
2025-06-23 19:00:00,498.386,2326.0,3886.936
2025-06-23 19:15:00,498.386,2326.0,3886.936
2025-06-23 19:30:00,498.386,2326.0,3886.936
2025-06-23 19:45:00,498.386,2326.0,3886.936
2025-06-23 20:00:00,4.729,2145.5,3006.179
2025-06-23 20:15:00,4.729,2145.5,3006.179
2025-06-23 20:30:00,4.729,2145.5,3006.179
2025-06-23 20:45:00,4.729,2145.5,3006.179
2025-06-23 21:00:00,0.0,2014.249,2460.016
2025-06-23 21:15:00,0.0,2014.249,2460.016
2025-06-23 21:30:00,0.0,2014.249,2460.016
2025-06-23 21:45:00,0.0,2014.249,2460.016
2025-06-23 22:00:00,0.0,1903.998,2270.769
2025-06-23 22:15:00,0.0,1903.998,2270.769
2025-06-23 22:30:00,0.0,1903.998,2270.769
2025-06-23 22:45:00,0.0,1903.998,2270.769
2025-06-23 23:00:00,0.0,1760.25,2066.326
2025-06-23 23:15:00,0.0,1760.25,2066.326
2025-06-23 23:30:00,0.0,1760.25,2066.326
2025-06-23 23:45:00,0.0,1760.25,2066.326
2025-06-24 00:00:00,0.0,1830.75,1787.022
2025-06-24 00:15:00,0.0,1830.75,1787.022
2025-06-24 00:30:00,0.0,1830.75,1787.022
2025-06-24 00:45:00,0.0,1830.75,1787.022
2025-06-24 01:00:00,0.0,1764.5,1632.56
2025-06-24 01:15:00,0.0,1764.5,1632.56
2025-06-24 01:30:00,0.0,1764.5,1632.56
2025-06-24 01:45:00,0.0,1764.5,1632.56
2025-06-24 02:00:00,0.0,1753.248,1644.619
2025-06-24 02:15:00,0.0,1753.248,1644.619
2025-06-24 02:30:00,0.0,1753.248,1644.619
2025-06-24 02:45:00,0.0,1753.248,1644.619
2025-06-24 03:00:00,41.175,1922.251,1687.42
2025-06-24 03:15:00,41.175,1922.251,1687.42
2025-06-24 03:30:00,41.175,1922.251,1687.42
2025-06-24 03:45:00,41.175,1922.251,1687.42
2025-06-24 04:00:00,838.23,1971.251,1744.967
2025-06-24 04:15:00,838.23,1971.251,1744.967
2025-06-24 04:30:00,838.23,1971.251,1744.967
2025-06-24 04:45:00,838.23,1971.251,1744.967
2025-06-24 05:00:00,2447.86,1956.999,2301.449
2025-06-24 05:15:00,2447.86,1956.999,2301.449
2025-06-24 05:30:00,2447.86,1956.999,2301.449
2025-06-24 05:45:00,2447.86,1956.999,2301.449
2025-06-24 06:00:00,4413.038,1780.999,3021.159
2025-06-24 06:15:00,4413.038,1780.999,3021.159
2025-06-24 06:30:00,4413.038,1780.999,3021.159
2025-06-24 06:45:00,4413.038,1780.999,3021.159
2025-06-24 07:00:00,7000.015,2138.0,3803.078
2025-06-24 07:15:00,7000.015,2138.0,3803.078
2025-06-24 07:30:00,7000.015,2138.0,3803.078
2025-06-24 07:45:00,7000.015,2138.0,3803.078
2025-06-24 08:00:00,8884.659,2432.5,4750.356
2025-06-24 08:15:00,8884.659,2432.5,4750.356
2025-06-24 08:30:00,8884.659,2432.5,4750.356
2025-06-24 08:45:00,8884.659,2432.5,4750.356
2025-06-24 09:00:00,10585.608,2605.5,5824.284
2025-06-24 09:15:00,10585.608,2605.5,5824.284
2025-06-24 09:30:00,10585.608,2605.5,5824.284
2025-06-24 09:45:00,10585.608,2605.5,5824.284
2025-06-24 10:00:00,10212.393,2926.251,6103.978
2025-06-24 10:15:00,10212.393,2926.251,6103.978
2025-06-24 10:30:00,10212.393,2926.251,6103.978
2025-06-24 10:45:00,10212.393,2926.251,6103.978
2025-06-24 11:00:00,8953.272,2506.25,6252.438
2025-06-24 11:15:00,8953.272,2506.25,6252.438
2025-06-24 11:30:00,8953.272,2506.25,6252.438
2025-06-24 11:45:00,8953.272,2506.25,6252.438
2025-06-24 12:00:00,5768.694,3026.999,6261.81
2025-06-24 12:15:00,5768.694,3026.999,6261.81
2025-06-24 12:30:00,5768.694,3026.999,6261.81
2025-06-24 12:45:00,5768.694,3026.999,6261.81
2025-06-24 13:00:00,5456.63,3150.5,5964.202
2025-06-24 13:15:00,5456.63,3150.5,5964.202
2025-06-24 13:30:00,5456.63,3150.5,5964.202
2025-06-24 13:45:00,5456.63,3150.5,5964.202
2025-06-24 14:00:00,5708.603,3270.251,5897.511
2025-06-24 14:15:00,5708.603,3270.251,5897.511
2025-06-24 14:30:00,5708.603,3270.251,5897.511
2025-06-24 14:45:00,5708.603,3270.251,5897.511
2025-06-24 15:00:00,5669.416,3253.75,5798.587
2025-06-24 15:15:00,5669.416,3253.75,5798.587
2025-06-24 15:30:00,5669.416,3253.75,5798.587
2025-06-24 15:45:00,5669.416,3253.75,5798.587
2025-06-24 16:00:00,6250.987,3035.749,5616.787
2025-06-24 16:15:00,6250.987,3035.749,5616.787
2025-06-24 16:30:00,6250.987,3035.749,5616.787
2025-06-24 16:45:00,6250.987,3035.749,5616.787
2025-06-24 17:00:00,4864.878,3403.001,5414.389
2025-06-24 17:15:00,4864.878,3403.001,5414.389
2025-06-24 17:30:00,4864.878,3403.001,5414.389
2025-06-24 17:45:00,4864.878,3403.001,5414.389
2025-06-24 18:00:00,2665.313,3583.0,4895.672
2025-06-24 18:15:00,2665.313,3583.0,4895.672
2025-06-24 18:30:00,2665.313,3583.0,4895.672
2025-06-24 18:45:00,2665.313,3583.0,4895.672
2025-06-24 19:00:00,579.799,3571.25,4617.354
2025-06-24 19:15:00,579.799,3571.25,4617.354
2025-06-24 19:30:00,579.799,3571.25,4617.354
2025-06-24 19:45:00,579.799,3571.25,4617.354
2025-06-24 20:00:00,6.342,3385.5,4388.985
2025-06-24 20:15:00,6.342,3385.5,4388.985
2025-06-24 20:30:00,6.342,3385.5,4388.985
2025-06-24 20:45:00,6.342,3385.5,4388.985
2025-06-24 21:00:00,0.0,3161.251,3945.903
2025-06-24 21:15:00,0.0,3161.251,3945.903
2025-06-24 21:30:00,0.0,3161.251,3945.903
2025-06-24 21:45:00,0.0,3161.251,3945.903
2025-06-24 22:00:00,0.0,2996.25,3523.464
2025-06-24 22:15:00,0.0,2996.25,3523.464
2025-06-24 22:30:00,0.0,2996.25,3523.464
2025-06-24 22:45:00,0.0,2996.25,3523.464
2025-06-24 23:00:00,0.0,2769.501,3101.365
2025-06-24 23:15:00,0.0,2769.501,3101.365
2025-06-24 23:30:00,0.0,2769.501,3101.365
2025-06-24 23:45:00,0.0,2769.501,3101.365
2025-06-25 00:00:00,0.0,2624.999,2784.7
2025-06-25 00:15:00,0.0,2624.999,2784.7
2025-06-25 00:30:00,0.0,2624.999,2784.7
2025-06-25 00:45:00,0.0,2624.999,2784.7
2025-06-25 01:00:00,0.0,2296.998,2384.867
2025-06-25 01:15:00,0.0,2296.998,2384.867
2025-06-25 01:30:00,0.0,2296.998,2384.867
2025-06-25 01:45:00,0.0,2296.998,2384.867
2025-06-25 02:00:00,0.0,2155.75,2273.729
2025-06-25 02:15:00,0.0,2155.75,2273.729
2025-06-25 02:30:00,0.0,2155.75,2273.729
2025-06-25 02:45:00,0.0,2155.75,2273.729
2025-06-25 03:00:00,37.976,1765.0,2041.886
2025-06-25 03:15:00,37.976,1765.0,2041.886
2025-06-25 03:30:00,37.976,1765.0,2041.886
2025-06-25 03:45:00,37.976,1765.0,2041.886
2025-06-25 04:00:00,843.26,1433.999,1839.293
2025-06-25 04:15:00,843.26,1433.999,1839.293
2025-06-25 04:30:00,843.26,1433.999,1839.293
2025-06-25 04:45:00,843.26,1433.999,1839.293
2025-06-25 05:00:00,3155.205,1223.249,1622.893
2025-06-25 05:15:00,3155.205,1223.249,1622.893
2025-06-25 05:30:00,3155.205,1223.249,1622.893
2025-06-25 05:45:00,3155.205,1223.249,1622.893
2025-06-25 06:00:00,5782.982,1042.751,1873.967
2025-06-25 06:15:00,5782.982,1042.751,1873.967
2025-06-25 06:30:00,5782.982,1042.751,1873.967
2025-06-25 06:45:00,5782.982,1042.751,1873.967
2025-06-25 07:00:00,7599.098,741.75,1970.079
2025-06-25 07:15:00,7599.098,741.75,1970.079
2025-06-25 07:30:00,7599.098,741.75,1970.079
2025-06-25 07:45:00,7599.098,741.75,1970.079
2025-06-25 08:00:00,9168.395,495.251,1906.942
2025-06-25 08:15:00,9168.395,495.251,1906.942
2025-06-25 08:30:00,9168.395,495.251,1906.942
2025-06-25 08:45:00,9168.395,495.251,1906.942
2025-06-25 09:00:00,10454.745,374.501,1755.181
2025-06-25 09:15:00,10454.745,374.501,1755.181
2025-06-25 09:30:00,10454.745,374.501,1755.181
2025-06-25 09:45:00,10454.745,374.501,1755.181
2025-06-25 10:00:00,12652.109,317.25,1548.981
2025-06-25 10:15:00,12652.109,317.25,1548.981
2025-06-25 10:30:00,12652.109,317.25,1548.981
2025-06-25 10:45:00,12652.109,317.25,1548.981
2025-06-25 11:00:00,15236.924,139.501,1595.469
2025-06-25 11:15:00,15236.924,139.501,1595.469
2025-06-25 11:30:00,15236.924,139.501,1595.469
2025-06-25 11:45:00,15236.924,139.501,1595.469
2025-06-25 12:00:00,16243.959,124.0,1632.643
2025-06-25 12:15:00,16243.959,124.0,1632.643
2025-06-25 12:30:00,16243.959,124.0,1632.643
2025-06-25 12:45:00,16243.959,124.0,1632.643
2025-06-25 13:00:00,16966.668,66.0,1265.092
2025-06-25 13:15:00,16966.668,66.0,1265.092
2025-06-25 13:30:00,16966.668,66.0,1265.092
2025-06-25 13:45:00,16966.668,66.0,1265.092
2025-06-25 14:00:00,16103.271,29.0,1010.339
2025-06-25 14:15:00,16103.271,29.0,1010.339
2025-06-25 14:30:00,16103.271,29.0,1010.339
2025-06-25 14:45:00,16103.271,29.0,1010.339
2025-06-25 15:00:00,13279.243,24.0,736.961
2025-06-25 15:15:00,13279.243,24.0,736.961
2025-06-25 15:30:00,13279.243,24.0,736.961
2025-06-25 15:45:00,13279.243,24.0,736.961
2025-06-25 16:00:00,8363.159,1.251,530.91
2025-06-25 16:15:00,8363.159,1.251,530.91
2025-06-25 16:30:00,8363.159,1.251,530.91
2025-06-25 16:45:00,8363.159,1.251,530.91
2025-06-25 17:00:00,5179.527,1.0,283.134
2025-06-25 17:15:00,5179.527,1.0,283.134
2025-06-25 17:30:00,5179.527,1.0,283.134
2025-06-25 17:45:00,5179.527,1.0,283.134
2025-06-25 18:00:00,2777.398,0.5,194.855
2025-06-25 18:15:00,2777.398,0.5,194.855
2025-06-25 18:30:00,2777.398,0.5,194.855
2025-06-25 18:45:00,2777.398,0.5,194.855
2025-06-25 19:00:00,766.146,8.751,157.424
2025-06-25 19:15:00,766.146,8.751,157.424
2025-06-25 19:30:00,766.146,8.751,157.424
2025-06-25 19:45:00,766.146,8.751,157.424
2025-06-25 20:00:00,4.944,46.0,115.199
2025-06-25 20:15:00,4.944,46.0,115.199
2025-06-25 20:30:00,4.944,46.0,115.199
2025-06-25 20:45:00,4.944,46.0,115.199
2025-06-25 21:00:00,0.0,163.999,104.1
2025-06-25 21:15:00,0.0,163.999,104.1
2025-06-25 21:30:00,0.0,163.999,104.1
2025-06-25 21:45:00,0.0,163.999,104.1
2025-06-25 22:00:00,0.0,395.251,198.106
2025-06-25 22:15:00,0.0,395.251,198.106
2025-06-25 22:30:00,0.0,395.251,198.106
2025-06-25 22:45:00,0.0,395.251,198.106
2025-06-25 23:00:00,0.0,616.75,395.347
2025-06-25 23:15:00,0.0,616.75,395.347
2025-06-25 23:30:00,0.0,616.75,395.347
2025-06-25 23:45:00,0.0,616.75,395.347
2025-06-26 00:00:00,0.0,778.25,442.519
2025-06-26 00:15:00,0.0,778.25,442.519
2025-06-26 00:30:00,0.0,778.25,442.519
2025-06-26 00:45:00,0.0,778.25,442.519
2025-06-26 01:00:00,0.0,616.251,347.34
2025-06-26 01:15:00,0.0,616.251,347.34
2025-06-26 01:30:00,0.0,616.251,347.34
2025-06-26 01:45:00,0.0,616.251,347.34
2025-06-26 02:00:00,0.0,383.749,201.808
2025-06-26 02:15:00,0.0,383.749,201.808
2025-06-26 02:30:00,0.0,383.749,201.808
2025-06-26 02:45:00,0.0,383.749,201.808
2025-06-26 03:00:00,17.957,712.5,140.015
2025-06-26 03:15:00,17.957,712.5,140.015
2025-06-26 03:30:00,17.957,712.5,140.015
2025-06-26 03:45:00,17.957,712.5,140.015
2025-06-26 04:00:00,236.222,959.25,275.763
2025-06-26 04:15:00,236.222,959.25,275.763
2025-06-26 04:30:00,236.222,959.25,275.763
2025-06-26 04:45:00,236.222,959.25,275.763
2025-06-26 05:00:00,790.235,973.751,541.769
2025-06-26 05:15:00,790.235,973.751,541.769
2025-06-26 05:30:00,790.235,973.751,541.769
2025-06-26 05:45:00,790.235,973.751,541.769
2025-06-26 06:00:00,1140.681,1328.75,1097.333
2025-06-26 06:15:00,1140.681,1328.75,1097.333
2025-06-26 06:30:00,1140.681,1328.75,1097.333
2025-06-26 06:45:00,1140.681,1328.75,1097.333
2025-06-26 07:00:00,2144.063,1408.751,1464.635
2025-06-26 07:15:00,2144.063,1408.751,1464.635
2025-06-26 07:30:00,2144.063,1408.751,1464.635
2025-06-26 07:45:00,2144.063,1408.751,1464.635
2025-06-26 08:00:00,4075.225,1708.002,1874.092
2025-06-26 08:15:00,4075.225,1708.002,1874.092
2025-06-26 08:30:00,4075.225,1708.002,1874.092
2025-06-26 08:45:00,4075.225,1708.002,1874.092
2025-06-26 09:00:00,5966.68,1971.75,2436.785
2025-06-26 09:15:00,5966.68,1971.75,2436.785
2025-06-26 09:30:00,5966.68,1971.75,2436.785
2025-06-26 09:45:00,5966.68,1971.75,2436.785
2025-06-26 10:00:00,8422.213,2232.75,3158.731
2025-06-26 10:15:00,8422.213,2232.75,3158.731
2025-06-26 10:30:00,8422.213,2232.75,3158.731
2025-06-26 10:45:00,8422.213,2232.75,3158.731
2025-06-26 11:00:00,10352.091,2147.25,4288.226
2025-06-26 11:15:00,10352.091,2147.25,4288.226
2025-06-26 11:30:00,10352.091,2147.25,4288.226
2025-06-26 11:45:00,10352.091,2147.25,4288.226
2025-06-26 12:00:00,10177.651,2457.75,5064.239
2025-06-26 12:15:00,10177.651,2457.75,5064.239
2025-06-26 12:30:00,10177.651,2457.75,5064.239
2025-06-26 12:45:00,10177.651,2457.75,5064.239
2025-06-26 13:00:00,9882.129,2211.0,5466.299
2025-06-26 13:15:00,9882.129,2211.0,5466.299
2025-06-26 13:30:00,9882.129,2211.0,5466.299
2025-06-26 13:45:00,9882.129,2211.0,5466.299
2025-06-26 14:00:00,8702.537,3335.5,6005.073
2025-06-26 14:15:00,8702.537,3335.5,6005.073
2025-06-26 14:30:00,8702.537,3335.5,6005.073
2025-06-26 14:45:00,8702.537,3335.5,6005.073
2025-06-26 15:00:00,7557.293,3358.25,5879.839
2025-06-26 15:15:00,7557.293,3358.25,5879.839
2025-06-26 15:30:00,7557.293,3358.25,5879.839
2025-06-26 15:45:00,7557.293,3358.25,5879.839
2025-06-26 16:00:00,4735.359,3463.251,5837.285
2025-06-26 16:15:00,4735.359,3463.251,5837.285
2025-06-26 16:30:00,4735.359,3463.251,5837.285
2025-06-26 16:45:00,4735.359,3463.251,5837.285
2025-06-26 17:00:00,2786.393,3462.5,5452.954
2025-06-26 17:15:00,2786.393,3462.5,5452.954
2025-06-26 17:30:00,2786.393,3462.5,5452.954
2025-06-26 17:45:00,2786.393,3462.5,5452.954
2025-06-26 18:00:00,2017.709,3549.249,5351.319
2025-06-26 18:15:00,2017.709,3549.249,5351.319
2025-06-26 18:30:00,2017.709,3549.249,5351.319
2025-06-26 18:45:00,2017.709,3549.249,5351.319
2025-06-26 19:00:00,545.173,3214.75,5120.24
2025-06-26 19:15:00,545.173,3214.75,5120.24
2025-06-26 19:30:00,545.173,3214.75,5120.24
2025-06-26 19:45:00,545.173,3214.75,5120.24
2025-06-26 20:00:00,10.498,1964.501,4587.365
2025-06-26 20:15:00,10.498,1964.501,4587.365
2025-06-26 20:30:00,10.498,1964.501,4587.365
2025-06-26 20:45:00,10.498,1964.501,4587.365
2025-06-26 21:00:00,0.0,1451.999,3854.986
2025-06-26 21:15:00,0.0,1451.999,3854.986
2025-06-26 21:30:00,0.0,1451.999,3854.986
2025-06-26 21:45:00,0.0,1451.999,3854.986
2025-06-26 22:00:00,0.0,1285.001,2460.868
2025-06-26 22:15:00,0.0,1285.001,2460.868
2025-06-26 22:30:00,0.0,1285.001,2460.868
2025-06-26 22:45:00,0.0,1285.001,2460.868
2025-06-26 23:00:00,0.0,1033.251,1517.854
2025-06-26 23:15:00,0.0,1033.251,1517.854
2025-06-26 23:30:00,0.0,1033.251,1517.854
2025-06-26 23:45:00,0.0,1033.251,1517.854
2025-06-27 00:00:00,0.0,826.0,963.855
2025-06-27 00:15:00,0.0,826.0,963.855
2025-06-27 00:30:00,0.0,826.0,963.855
2025-06-27 00:45:00,0.0,826.0,963.855
2025-06-27 01:00:00,0.0,844.999,824.822
2025-06-27 01:15:00,0.0,844.999,824.822
2025-06-27 01:30:00,0.0,844.999,824.822
2025-06-27 01:45:00,0.0,844.999,824.822
2025-06-27 02:00:00,0.0,1080.0,748.974
2025-06-27 02:15:00,0.0,1080.0,748.974
2025-06-27 02:30:00,0.0,1080.0,748.974
2025-06-27 02:45:00,0.0,1080.0,748.974
2025-06-27 03:00:00,10.458,1036.749,745.898
2025-06-27 03:15:00,10.458,1036.749,745.898
2025-06-27 03:30:00,10.458,1036.749,745.898
2025-06-27 03:45:00,10.458,1036.749,745.898
2025-06-27 04:00:00,131.87,693.5,640.577
2025-06-27 04:15:00,131.87,693.5,640.577
2025-06-27 04:30:00,131.87,693.5,640.577
2025-06-27 04:45:00,131.87,693.5,640.577
2025-06-27 05:00:00,508.968,351.75,420.161
2025-06-27 05:15:00,508.968,351.75,420.161
2025-06-27 05:30:00,508.968,351.75,420.161
2025-06-27 05:45:00,508.968,351.75,420.161
2025-06-27 06:00:00,2517.461,421.5,333.74
2025-06-27 06:15:00,2517.461,421.5,333.74
2025-06-27 06:30:00,2517.461,421.5,333.74
2025-06-27 06:45:00,2517.461,421.5,333.74
2025-06-27 07:00:00,5540.584,492.75,602.746
2025-06-27 07:15:00,5540.584,492.75,602.746
2025-06-27 07:30:00,5540.584,492.75,602.746
2025-06-27 07:45:00,5540.584,492.75,602.746
2025-06-27 08:00:00,8635.764,632.5,1141.495
2025-06-27 08:15:00,8635.764,632.5,1141.495
2025-06-27 08:30:00,8635.764,632.5,1141.495
2025-06-27 08:45:00,8635.764,632.5,1141.495
2025-06-27 09:00:00,12118.041,838.25,1735.233
2025-06-27 09:15:00,12118.041,838.25,1735.233
2025-06-27 09:30:00,12118.041,838.25,1735.233
2025-06-27 09:45:00,12118.041,838.25,1735.233
2025-06-27 10:00:00,10919.083,1186.999,2114.005
2025-06-27 10:15:00,10919.083,1186.999,2114.005
2025-06-27 10:30:00,10919.083,1186.999,2114.005
2025-06-27 10:45:00,10919.083,1186.999,2114.005
2025-06-27 11:00:00,12486.51,1372.5,2341.023
2025-06-27 11:15:00,12486.51,1372.5,2341.023
2025-06-27 11:30:00,12486.51,1372.5,2341.023
2025-06-27 11:45:00,12486.51,1372.5,2341.023
2025-06-27 12:00:00,13178.229,1231.0,3166.729
2025-06-27 12:15:00,13178.229,1231.0,3166.729
2025-06-27 12:30:00,13178.229,1231.0,3166.729
2025-06-27 12:45:00,13178.229,1231.0,3166.729
2025-06-27 13:00:00,12734.662,1058.5,3291.143
2025-06-27 13:15:00,12734.662,1058.5,3291.143
2025-06-27 13:30:00,12734.662,1058.5,3291.143
2025-06-27 13:45:00,12734.662,1058.5,3291.143
2025-06-27 14:00:00,12608.009,1486.75,3026.183
2025-06-27 14:15:00,12608.009,1486.75,3026.183
2025-06-27 14:30:00,12608.009,1486.75,3026.183
2025-06-27 14:45:00,12608.009,1486.75,3026.183
2025-06-27 15:00:00,12801.364,1857.25,3257.277
2025-06-27 15:15:00,12801.364,1857.25,3257.277
2025-06-27 15:30:00,12801.364,1857.25,3257.277
2025-06-27 15:45:00,12801.364,1857.25,3257.277
2025-06-27 16:00:00,8875.854,2577.25,3199.333
2025-06-27 16:15:00,8875.854,2577.25,3199.333
2025-06-27 16:30:00,8875.854,2577.25,3199.333
2025-06-27 16:45:00,8875.854,2577.25,3199.333
2025-06-27 17:00:00,5315.505,3000.0,2663.213
2025-06-27 17:15:00,5315.505,3000.0,2663.213
2025-06-27 17:30:00,5315.505,3000.0,2663.213
2025-06-27 17:45:00,5315.505,3000.0,2663.213
2025-06-27 18:00:00,3294.641,3316.75,2270.544
2025-06-27 18:15:00,3294.641,3316.75,2270.544
2025-06-27 18:30:00,3294.641,3316.75,2270.544
2025-06-27 18:45:00,3294.641,3316.75,2270.544
2025-06-27 19:00:00,934.073,3436.499,2110.824
2025-06-27 19:15:00,934.073,3436.499,2110.824
2025-06-27 19:30:00,934.073,3436.499,2110.824
2025-06-27 19:45:00,934.073,3436.499,2110.824
2025-06-27 20:00:00,4.096,3435.75,2047.404
2025-06-27 20:15:00,4.096,3435.75,2047.404
2025-06-27 20:30:00,4.096,3435.75,2047.404
2025-06-27 20:45:00,4.096,3435.75,2047.404
2025-06-27 21:00:00,0.0,3536.75,2198.754
2025-06-27 21:15:00,0.0,3536.75,2198.754
2025-06-27 21:30:00,0.0,3536.75,2198.754
2025-06-27 21:45:00,0.0,3536.75,2198.754
2025-06-27 22:00:00,0.0,3526.0,2593.388
2025-06-27 22:15:00,0.0,3526.0,2593.388
2025-06-27 22:30:00,0.0,3526.0,2593.388
2025-06-27 22:45:00,0.0,3526.0,2593.388
2025-06-27 23:00:00,0.0,3576.001,2557.823
2025-06-27 23:15:00,0.0,3576.001,2557.823
2025-06-27 23:30:00,0.0,3576.001,2557.823
2025-06-27 23:45:00,0.0,3576.001,2557.823
2025-06-28 00:00:00,0.0,3676.75,2452.274
2025-06-28 00:15:00,0.0,3676.75,2452.274
2025-06-28 00:30:00,0.0,3676.75,2452.274
2025-06-28 00:45:00,0.0,3676.75,2452.274
2025-06-28 01:00:00,0.0,3532.0,2400.432
2025-06-28 01:15:00,0.0,3532.0,2400.432
2025-06-28 01:30:00,0.0,3532.0,2400.432
2025-06-28 01:45:00,0.0,3532.0,2400.432
2025-06-28 02:00:00,0.0,3225.0,2395.729
2025-06-28 02:15:00,0.0,3225.0,2395.729
2025-06-28 02:30:00,0.0,3225.0,2395.729
2025-06-28 02:45:00,0.0,3225.0,2395.729
2025-06-28 03:00:00,46.802,2866.25,2339.339
2025-06-28 03:15:00,46.802,2866.25,2339.339
2025-06-28 03:30:00,46.802,2866.25,2339.339
2025-06-28 03:45:00,46.802,2866.25,2339.339
2025-06-28 04:00:00,1027.427,2521.25,2414.935
2025-06-28 04:15:00,1027.427,2521.25,2414.935
2025-06-28 04:30:00,1027.427,2521.25,2414.935
2025-06-28 04:45:00,1027.427,2521.25,2414.935
2025-06-28 05:00:00,3548.625,2491.0,2808.997
2025-06-28 05:15:00,3548.625,2491.0,2808.997
2025-06-28 05:30:00,3548.625,2491.0,2808.997
2025-06-28 05:45:00,3548.625,2491.0,2808.997
2025-06-28 06:00:00,6925.755,2215.251,3551.526
2025-06-28 06:15:00,6925.755,2215.251,3551.526
2025-06-28 06:30:00,6925.755,2215.251,3551.526
2025-06-28 06:45:00,6925.755,2215.251,3551.526
2025-06-28 07:00:00,9996.62,1867.499,4068.441
2025-06-28 07:15:00,9996.62,1867.499,4068.441
2025-06-28 07:30:00,9996.62,1867.499,4068.441
2025-06-28 07:45:00,9996.62,1867.499,4068.441
2025-06-28 08:00:00,11625.642,1783.501,4087.54
2025-06-28 08:15:00,11625.642,1783.501,4087.54
2025-06-28 08:30:00,11625.642,1783.501,4087.54
2025-06-28 08:45:00,11625.642,1783.501,4087.54
2025-06-28 09:00:00,12335.847,2056.0,4161.839
2025-06-28 09:15:00,12335.847,2056.0,4161.839
2025-06-28 09:30:00,12335.847,2056.0,4161.839
2025-06-28 09:45:00,12335.847,2056.0,4161.839
2025-06-28 10:00:00,11514.45,2202.5,4287.857
2025-06-28 10:15:00,11514.45,2202.5,4287.857
2025-06-28 10:30:00,11514.45,2202.5,4287.857
2025-06-28 10:45:00,11514.45,2202.5,4287.857
2025-06-28 11:00:00,12933.499,1563.499,4233.034
2025-06-28 11:15:00,12933.499,1563.499,4233.034
2025-06-28 11:30:00,12933.499,1563.499,4233.034
2025-06-28 11:45:00,12933.499,1563.499,4233.034
2025-06-28 12:00:00,13543.524,1377.75,4551.051
2025-06-28 12:15:00,13543.524,1377.75,4551.051
2025-06-28 12:30:00,13543.524,1377.75,4551.051
2025-06-28 12:45:00,13543.524,1377.75,4551.051
2025-06-28 13:00:00,12246.545,2108.5,4528.245
2025-06-28 13:15:00,12246.545,2108.5,4528.245
2025-06-28 13:30:00,12246.545,2108.5,4528.245
2025-06-28 13:45:00,12246.545,2108.5,4528.245
2025-06-28 14:00:00,11366.629,2202.501,4218.824
2025-06-28 14:15:00,11366.629,2202.501,4218.824
2025-06-28 14:30:00,11366.629,2202.501,4218.824
2025-06-28 14:45:00,11366.629,2202.501,4218.824
2025-06-28 15:00:00,10020.961,2236.251,3993.403
2025-06-28 15:15:00,10020.961,2236.251,3993.403
2025-06-28 15:30:00,10020.961,2236.251,3993.403
2025-06-28 15:45:00,10020.961,2236.251,3993.403
2025-06-28 16:00:00,8373.437,3048.75,4007.235
2025-06-28 16:15:00,8373.437,3048.75,4007.235
2025-06-28 16:30:00,8373.437,3048.75,4007.235
2025-06-28 16:45:00,8373.437,3048.75,4007.235
2025-06-28 17:00:00,5520.956,3393.0,3622.973
2025-06-28 17:15:00,5520.956,3393.0,3622.973
2025-06-28 17:30:00,5520.956,3393.0,3622.973
2025-06-28 17:45:00,5520.956,3393.0,3622.973
2025-06-28 18:00:00,2884.968,3453.501,2951.464
2025-06-28 18:15:00,2884.968,3453.501,2951.464
2025-06-28 18:30:00,2884.968,3453.501,2951.464
2025-06-28 18:45:00,2884.968,3453.501,2951.464
2025-06-28 19:00:00,768.154,3346.75,2120.808
2025-06-28 19:15:00,768.154,3346.75,2120.808
2025-06-28 19:30:00,768.154,3346.75,2120.808
2025-06-28 19:45:00,768.154,3346.75,2120.808
2025-06-28 20:00:00,10.851,3366.5,1741.248
2025-06-28 20:15:00,10.851,3366.5,1741.248
2025-06-28 20:30:00,10.851,3366.5,1741.248
2025-06-28 20:45:00,10.851,3366.5,1741.248
2025-06-28 21:00:00,0.0,3446.5,1618.647
2025-06-28 21:15:00,0.0,3446.5,1618.647
2025-06-28 21:30:00,0.0,3446.5,1618.647
2025-06-28 21:45:00,0.0,3446.5,1618.647
2025-06-28 22:00:00,0.0,3102.501,1725.182
2025-06-28 22:15:00,0.0,3102.501,1725.182
2025-06-28 22:30:00,0.0,3102.501,1725.182
2025-06-28 22:45:00,0.0,3102.501,1725.182
2025-06-28 23:00:00,0.0,2590.5,1902.66
2025-06-28 23:15:00,0.0,2590.5,1902.66
2025-06-28 23:30:00,0.0,2590.5,1902.66
2025-06-28 23:45:00,0.0,2590.5,1902.66
2025-06-29 00:00:00,0.0,2105.251,2060.986
2025-06-29 00:15:00,0.0,2105.251,2060.986
2025-06-29 00:30:00,0.0,2105.251,2060.986
2025-06-29 00:45:00,0.0,2105.251,2060.986
2025-06-29 01:00:00,0.0,1597.5,1639.385
2025-06-29 01:15:00,0.0,1597.5,1639.385
2025-06-29 01:30:00,0.0,1597.5,1639.385
2025-06-29 01:45:00,0.0,1597.5,1639.385
2025-06-29 02:00:00,0.0,1295.25,991.875
2025-06-29 02:15:00,0.0,1295.25,991.875
2025-06-29 02:30:00,0.0,1295.25,991.875
2025-06-29 02:45:00,0.0,1295.25,991.875
2025-06-29 03:00:00,44.833,1193.499,603.554
2025-06-29 03:15:00,44.833,1193.499,603.554
2025-06-29 03:30:00,44.833,1193.499,603.554
2025-06-29 03:45:00,44.833,1193.499,603.554
2025-06-29 04:00:00,950.109,1166.0,440.759
2025-06-29 04:15:00,950.109,1166.0,440.759
2025-06-29 04:30:00,950.109,1166.0,440.759
2025-06-29 04:45:00,950.109,1166.0,440.759
2025-06-29 05:00:00,3476.123,894.751,416.316
2025-06-29 05:15:00,3476.123,894.751,416.316
2025-06-29 05:30:00,3476.123,894.751,416.316
2025-06-29 05:45:00,3476.123,894.751,416.316
2025-06-29 06:00:00,7303.655,481.75,443.42
2025-06-29 06:15:00,7303.655,481.75,443.42
2025-06-29 06:30:00,7303.655,481.75,443.42
2025-06-29 06:45:00,7303.655,481.75,443.42
2025-06-29 07:00:00,11366.718,264.499,513.809
2025-06-29 07:15:00,11366.718,264.499,513.809
2025-06-29 07:30:00,11366.718,264.499,513.809
2025-06-29 07:45:00,11366.718,264.499,513.809
2025-06-29 08:00:00,14032.56,134.0,734.737
2025-06-29 08:15:00,14032.56,134.0,734.737
2025-06-29 08:30:00,14032.56,134.0,734.737
2025-06-29 08:45:00,14032.56,134.0,734.737
2025-06-29 09:00:00,17313.331,145.75,886.047
2025-06-29 09:15:00,17313.331,145.75,886.047
2025-06-29 09:30:00,17313.331,145.75,886.047
2025-06-29 09:45:00,17313.331,145.75,886.047
2025-06-29 10:00:00,18863.845,49.0,861.552
2025-06-29 10:15:00,18863.845,49.0,861.552
2025-06-29 10:30:00,18863.845,49.0,861.552
2025-06-29 10:45:00,18863.845,49.0,861.552
2025-06-29 11:00:00,20219.55,99.75,643.921
2025-06-29 11:15:00,20219.55,99.75,643.921
2025-06-29 11:30:00,20219.55,99.75,643.921
2025-06-29 11:45:00,20219.55,99.75,643.921
2025-06-29 12:00:00,20445.582,93.5,751.56
2025-06-29 12:15:00,20445.582,93.5,751.56
2025-06-29 12:30:00,20445.582,93.5,751.56
2025-06-29 12:45:00,20445.582,93.5,751.56
2025-06-29 13:00:00,19257.133,89.5,1164.773
2025-06-29 13:15:00,19257.133,89.5,1164.773
2025-06-29 13:30:00,19257.133,89.5,1164.773
2025-06-29 13:45:00,19257.133,89.5,1164.773
2025-06-29 14:00:00,17884.205,119.001,1497.734
2025-06-29 14:15:00,17884.205,119.001,1497.734
2025-06-29 14:30:00,17884.205,119.001,1497.734
2025-06-29 14:45:00,17884.205,119.001,1497.734
2025-06-29 15:00:00,15113.138,113.25,1661.501
2025-06-29 15:15:00,15113.138,113.25,1661.501
2025-06-29 15:30:00,15113.138,113.25,1661.501
2025-06-29 15:45:00,15113.138,113.25,1661.501
2025-06-29 16:00:00,10873.278,103.25,1855.658
2025-06-29 16:15:00,10873.278,103.25,1855.658
2025-06-29 16:30:00,10873.278,103.25,1855.658
2025-06-29 16:45:00,10873.278,103.25,1855.658
2025-06-29 17:00:00,6980.219,97.5,1748.588
2025-06-29 17:15:00,6980.219,97.5,1748.588
2025-06-29 17:30:00,6980.219,97.5,1748.588
2025-06-29 17:45:00,6980.219,97.5,1748.588
2025-06-29 18:00:00,3483.52,177.0,1414.043
2025-06-29 18:15:00,3483.52,177.0,1414.043
2025-06-29 18:30:00,3483.52,177.0,1414.043
2025-06-29 18:45:00,3483.52,177.0,1414.043
2025-06-29 19:00:00,881.042,216.75,797.532
2025-06-29 19:15:00,881.042,216.75,797.532
2025-06-29 19:30:00,881.042,216.75,797.532
2025-06-29 19:45:00,881.042,216.75,797.532
2025-06-29 20:00:00,1.87,252.0,427.904
2025-06-29 20:15:00,1.87,252.0,427.904
2025-06-29 20:30:00,1.87,252.0,427.904
2025-06-29 20:45:00,1.87,252.0,427.904
2025-06-29 21:00:00,0.0,324.499,312.567
2025-06-29 21:15:00,0.0,324.499,312.567
2025-06-29 21:30:00,0.0,324.499,312.567
2025-06-29 21:45:00,0.0,324.499,312.567
2025-06-29 22:00:00,0.0,299.749,200.388
2025-06-29 22:15:00,0.0,299.749,200.388
2025-06-29 22:30:00,0.0,299.749,200.388
2025-06-29 22:45:00,0.0,299.749,200.388
2025-06-29 23:00:00,0.0,317.5,123.635
2025-06-29 23:15:00,0.0,317.5,123.635
2025-06-29 23:30:00,0.0,317.5,123.635
2025-06-29 23:45:00,0.0,317.5,123.635
2025-06-30 00:00:00,0.0,293.0,104.892
2025-06-30 00:15:00,0.0,293.0,104.892
2025-06-30 00:30:00,0.0,293.0,104.892
2025-06-30 00:45:00,0.0,293.0,104.892
2025-06-30 01:00:00,0.0,208.501,95.937
2025-06-30 01:15:00,0.0,208.501,95.937
2025-06-30 01:30:00,0.0,208.501,95.937
2025-06-30 01:45:00,0.0,208.501,95.937
2025-06-30 02:00:00,0.0,169.25,94.496
2025-06-30 02:15:00,0.0,169.25,94.496
2025-06-30 02:30:00,0.0,169.25,94.496
2025-06-30 02:45:00,0.0,169.25,94.496
2025-06-30 03:00:00,50.745,222.5,110.626
2025-06-30 03:15:00,50.745,222.5,110.626
2025-06-30 03:30:00,50.745,222.5,110.626
2025-06-30 03:45:00,50.745,222.5,110.626
2025-06-30 04:00:00,1080.37,287.749,134.564
2025-06-30 04:15:00,1080.37,287.749,134.564
2025-06-30 04:30:00,1080.37,287.749,134.564
2025-06-30 04:45:00,1080.37,287.749,134.564
2025-06-30 05:00:00,3713.892,248.75,231.386
2025-06-30 05:15:00,3713.892,248.75,231.386
2025-06-30 05:30:00,3713.892,248.75,231.386
2025-06-30 05:45:00,3713.892,248.75,231.386
2025-06-30 06:00:00,7620.262,240.249,502.263
2025-06-30 06:15:00,7620.262,240.249,502.263
2025-06-30 06:30:00,7620.262,240.249,502.263
2025-06-30 06:45:00,7620.262,240.249,502.263
2025-06-30 07:00:00,11928.249,224.5,735.338
2025-06-30 07:15:00,11928.249,224.5,735.338
2025-06-30 07:30:00,11928.249,224.5,735.338
2025-06-30 07:45:00,11928.249,224.5,735.338
2025-06-30 08:00:00,15930.508,234.25,762.348
2025-06-30 08:15:00,15930.508,234.25,762.348
2025-06-30 08:30:00,15930.508,234.25,762.348
2025-06-30 08:45:00,15930.508,234.25,762.348
2025-06-30 09:00:00,19266.736,280.5,907.477
2025-06-30 09:15:00,19266.736,280.5,907.477
2025-06-30 09:30:00,19266.736,280.5,907.477
2025-06-30 09:45:00,19266.736,280.5,907.477
2025-06-30 10:00:00,21679.719,206.75,1275.166
2025-06-30 10:15:00,21679.719,206.75,1275.166
2025-06-30 10:30:00,21679.719,206.75,1275.166
2025-06-30 10:45:00,21679.719,206.75,1275.166
2025-06-30 11:00:00,22726.548,179.5,1407.397
2025-06-30 11:15:00,22726.548,179.5,1407.397
2025-06-30 11:30:00,22726.548,179.5,1407.397
2025-06-30 11:45:00,22726.548,179.5,1407.397
2025-06-30 12:00:00,22617.546,207.75,1194.817
2025-06-30 12:15:00,22617.546,207.75,1194.817
2025-06-30 12:30:00,22617.546,207.75,1194.817
2025-06-30 12:45:00,22617.546,207.75,1194.817
2025-06-30 13:00:00,21375.551,189.25,1123.232
2025-06-30 13:15:00,21375.551,189.25,1123.232
2025-06-30 13:30:00,21375.551,189.25,1123.232
2025-06-30 13:45:00,21375.551,189.25,1123.232
2025-06-30 14:00:00,18917.823,188.249,1197.129
2025-06-30 14:15:00,18917.823,188.249,1197.129
2025-06-30 14:30:00,18917.823,188.249,1197.129
2025-06-30 14:45:00,18917.823,188.249,1197.129
2025-06-30 15:00:00,15508.865,203.25,1283.787
2025-06-30 15:15:00,15508.865,203.25,1283.787
2025-06-30 15:30:00,15508.865,203.25,1283.787
2025-06-30 15:45:00,15508.865,203.25,1283.787
2025-06-30 16:00:00,11333.62,291.0,1390.672
2025-06-30 16:15:00,11333.62,291.0,1390.672
2025-06-30 16:30:00,11333.62,291.0,1390.672
2025-06-30 16:45:00,11333.62,291.0,1390.672
2025-06-30 17:00:00,7118.285,326.5,1333.181
2025-06-30 17:15:00,7118.285,326.5,1333.181
2025-06-30 17:30:00,7118.285,326.5,1333.181
2025-06-30 17:45:00,7118.285,326.5,1333.181
2025-06-30 18:00:00,3486.725,478.251,978.185
2025-06-30 18:15:00,3486.725,478.251,978.185
2025-06-30 18:30:00,3486.725,478.251,978.185
2025-06-30 18:45:00,3486.725,478.251,978.185
2025-06-30 19:00:00,830.41,782.25,610.295
2025-06-30 19:15:00,830.41,782.25,610.295
2025-06-30 19:30:00,830.41,782.25,610.295
2025-06-30 19:45:00,830.41,782.25,610.295
2025-06-30 20:00:00,1.458,1053.251,464.854
2025-06-30 20:15:00,1.458,1053.251,464.854
2025-06-30 20:30:00,1.458,1053.251,464.854
2025-06-30 20:45:00,1.458,1053.251,464.854
2025-06-30 21:00:00,0.0,1270.251,448.46
2025-06-30 21:15:00,0.0,1270.251,448.46
2025-06-30 21:30:00,0.0,1270.251,448.46
2025-06-30 21:45:00,0.0,1270.251,448.46
2025-06-30 22:00:00,0.0,1626.249,641.662
2025-06-30 22:15:00,0.0,1626.249,641.662
2025-06-30 22:30:00,0.0,1626.249,641.662
2025-06-30 22:45:00,0.0,1626.249,641.662
2025-06-30 23:00:00,0.0,1883.0,749.449
2025-06-30 23:15:00,0.0,1883.0,749.449
2025-06-30 23:30:00,0.0,1883.0,749.449
2025-06-30 23:45:00,0.0,1883.0,749.449
2025-07-01 00:00:00,0.0,1951.75,692.077
2025-07-01 00:15:00,0.0,1951.75,692.077
2025-07-01 00:30:00,0.0,1951.75,692.077
2025-07-01 00:45:00,0.0,1951.75,692.077
2025-07-01 01:00:00,0.0,1953.0,599.371
2025-07-01 01:15:00,0.0,1953.0,599.371
2025-07-01 01:30:00,0.0,1953.0,599.371
2025-07-01 01:45:00,0.0,1953.0,599.371
2025-07-01 02:00:00,0.0,1706.751,420.516
2025-07-01 02:15:00,0.0,1706.751,420.516
2025-07-01 02:30:00,0.0,1706.751,420.516
2025-07-01 02:45:00,0.0,1706.751,420.516
2025-07-01 03:00:00,45.247,1288.248,277.367
2025-07-01 03:15:00,45.247,1288.248,277.367
2025-07-01 03:30:00,45.247,1288.248,277.367
2025-07-01 03:45:00,45.247,1288.248,277.367
2025-07-01 04:00:00,1041.396,851.0,196.24
2025-07-01 04:15:00,1041.396,851.0,196.24
2025-07-01 04:30:00,1041.396,851.0,196.24
2025-07-01 04:45:00,1041.396,851.0,196.24
2025-07-01 05:00:00,3727.263,616.75,168.2
2025-07-01 05:15:00,3727.263,616.75,168.2
2025-07-01 05:30:00,3727.263,616.75,168.2
2025-07-01 05:45:00,3727.263,616.75,168.2
2025-07-01 06:00:00,7504.076,427.5,123.917
2025-07-01 06:15:00,7504.076,427.5,123.917
2025-07-01 06:30:00,7504.076,427.5,123.917
2025-07-01 06:45:00,7504.076,427.5,123.917
2025-07-01 07:00:00,11750.057,196.0,99.987
2025-07-01 07:15:00,11750.057,196.0,99.987
2025-07-01 07:30:00,11750.057,196.0,99.987
2025-07-01 07:45:00,11750.057,196.0,99.987
2025-07-01 08:00:00,15702.698,53.5,111.434
2025-07-01 08:15:00,15702.698,53.5,111.434
2025-07-01 08:30:00,15702.698,53.5,111.434
2025-07-01 08:45:00,15702.698,53.5,111.434
2025-07-01 09:00:00,18888.649,19.002,130.772
2025-07-01 09:15:00,18888.649,19.002,130.772
2025-07-01 09:30:00,18888.649,19.002,130.772
2025-07-01 09:45:00,18888.649,19.002,130.772
2025-07-01 10:00:00,21273.16,9.5,299.434
2025-07-01 10:15:00,21273.16,9.5,299.434
2025-07-01 10:30:00,21273.16,9.5,299.434
2025-07-01 10:45:00,21273.16,9.5,299.434
2025-07-01 11:00:00,22382.738,22.249,506.977
2025-07-01 11:15:00,22382.738,22.249,506.977
2025-07-01 11:30:00,22382.738,22.249,506.977
2025-07-01 11:45:00,22382.738,22.249,506.977
2025-07-01 12:00:00,21966.428,44.5,444.08
2025-07-01 12:15:00,21966.428,44.5,444.08
2025-07-01 12:30:00,21966.428,44.5,444.08
2025-07-01 12:45:00,21966.428,44.5,444.08
2025-07-01 13:00:00,20460.587,77.249,417.182
2025-07-01 13:15:00,20460.587,77.249,417.182
2025-07-01 13:30:00,20460.587,77.249,417.182
2025-07-01 13:45:00,20460.587,77.249,417.182
2025-07-01 14:00:00,18013.427,181.25,514.626
2025-07-01 14:15:00,18013.427,181.25,514.626
2025-07-01 14:30:00,18013.427,181.25,514.626
2025-07-01 14:45:00,18013.427,181.25,514.626
2025-07-01 15:00:00,14512.269,248.999,533.517
2025-07-01 15:15:00,14512.269,248.999,533.517
2025-07-01 15:30:00,14512.269,248.999,533.517
2025-07-01 15:45:00,14512.269,248.999,533.517
2025-07-01 16:00:00,10853.098,335.25,637.418
2025-07-01 16:15:00,10853.098,335.25,637.418
2025-07-01 16:30:00,10853.098,335.25,637.418
2025-07-01 16:45:00,10853.098,335.25,637.418
2025-07-01 17:00:00,6443.357,513.25,754.108
2025-07-01 17:15:00,6443.357,513.25,754.108
2025-07-01 17:30:00,6443.357,513.25,754.108
2025-07-01 17:45:00,6443.357,513.25,754.108
2025-07-01 18:00:00,2925.138,875.25,549.361
2025-07-01 18:15:00,2925.138,875.25,549.361
2025-07-01 18:30:00,2925.138,875.25,549.361
2025-07-01 18:45:00,2925.138,875.25,549.361
2025-07-01 19:00:00,649.195,1422.0,411.028
2025-07-01 19:15:00,649.195,1422.0,411.028
2025-07-01 19:30:00,649.195,1422.0,411.028
2025-07-01 19:45:00,649.195,1422.0,411.028
2025-07-01 20:00:00,0.836,1288.749,419.33
2025-07-01 20:15:00,0.836,1288.749,419.33
2025-07-01 20:30:00,0.836,1288.749,419.33
2025-07-01 20:45:00,0.836,1288.749,419.33
2025-07-01 21:00:00,0.0,713.75,385.09
2025-07-01 21:15:00,0.0,713.75,385.09
2025-07-01 21:30:00,0.0,713.75,385.09
2025-07-01 21:45:00,0.0,713.75,385.09
2025-07-01 22:00:00,0.0,352.751,299.064
2025-07-01 22:15:00,0.0,352.751,299.064
2025-07-01 22:30:00,0.0,352.751,299.064
2025-07-01 22:45:00,0.0,352.751,299.064
2025-07-01 23:00:00,0.0,238.75,183.915
2025-07-01 23:15:00,0.0,238.75,183.915
2025-07-01 23:30:00,0.0,238.75,183.915
2025-07-01 23:45:00,0.0,238.75,183.915
2025-07-02 00:00:00,0.0,88.25,44.152
2025-07-02 00:15:00,0.0,88.25,44.152
2025-07-02 00:30:00,0.0,88.25,44.152
2025-07-02 00:45:00,0.0,88.25,44.152
2025-07-02 01:00:00,0.0,148.0,78.922
2025-07-02 01:15:00,0.0,148.0,78.922
2025-07-02 01:30:00,0.0,148.0,78.922
2025-07-02 01:45:00,0.0,148.0,78.922
2025-07-02 02:00:00,0.0,292.499,114.783
2025-07-02 02:15:00,0.0,292.499,114.783
2025-07-02 02:30:00,0.0,292.499,114.783
2025-07-02 02:45:00,0.0,292.499,114.783
2025-07-02 03:00:00,34.345,244.25,205.592
2025-07-02 03:15:00,34.345,244.25,205.592
2025-07-02 03:30:00,34.345,244.25,205.592
2025-07-02 03:45:00,34.345,244.25,205.592
2025-07-02 04:00:00,822.04,154.25,217.189
2025-07-02 04:15:00,822.04,154.25,217.189
2025-07-02 04:30:00,822.04,154.25,217.189
2025-07-02 04:45:00,822.04,154.25,217.189
2025-07-02 05:00:00,2875.014,52.499,128.238
2025-07-02 05:15:00,2875.014,52.499,128.238
2025-07-02 05:30:00,2875.014,52.499,128.238
2025-07-02 05:45:00,2875.014,52.499,128.238
2025-07-02 06:00:00,6198.076,47.25,36.693
2025-07-02 06:15:00,6198.076,47.25,36.693
2025-07-02 06:30:00,6198.076,47.25,36.693
2025-07-02 06:45:00,6198.076,47.25,36.693
2025-07-02 07:00:00,10649.251,94.75,31.019
2025-07-02 07:15:00,10649.251,94.75,31.019
2025-07-02 07:30:00,10649.251,94.75,31.019
2025-07-02 07:45:00,10649.251,94.75,31.019
2025-07-02 08:00:00,14215.422,110.001,45.195
2025-07-02 08:15:00,14215.422,110.001,45.195
2025-07-02 08:30:00,14215.422,110.001,45.195
2025-07-02 08:45:00,14215.422,110.001,45.195
2025-07-02 09:00:00,17044.541,77.251,32.667
2025-07-02 09:15:00,17044.541,77.251,32.667
2025-07-02 09:30:00,17044.541,77.251,32.667
2025-07-02 09:45:00,17044.541,77.251,32.667
2025-07-02 10:00:00,20352.723,121.5,165.014
2025-07-02 10:15:00,20352.723,121.5,165.014
2025-07-02 10:30:00,20352.723,121.5,165.014
2025-07-02 10:45:00,20352.723,121.5,165.014
2025-07-02 11:00:00,21422.285,736.499,440.831
2025-07-02 11:15:00,21422.285,736.499,440.831
2025-07-02 11:30:00,21422.285,736.499,440.831
2025-07-02 11:45:00,21422.285,736.499,440.831
2025-07-02 12:00:00,20086.913,464.0,1448.43
2025-07-02 12:15:00,20086.913,464.0,1448.43
2025-07-02 12:30:00,20086.913,464.0,1448.43
2025-07-02 12:45:00,20086.913,464.0,1448.43
2025-07-02 13:00:00,17222.32,446.5,2866.596
2025-07-02 13:15:00,17222.32,446.5,2866.596
2025-07-02 13:30:00,17222.32,446.5,2866.596
2025-07-02 13:45:00,17222.32,446.5,2866.596
2025-07-02 14:00:00,12329.706,469.75,3925.53
2025-07-02 14:15:00,12329.706,469.75,3925.53
2025-07-02 14:30:00,12329.706,469.75,3925.53
2025-07-02 14:45:00,12329.706,469.75,3925.53
2025-07-02 15:00:00,8774.836,1408.001,4324.375
2025-07-02 15:15:00,8774.836,1408.001,4324.375
2025-07-02 15:30:00,8774.836,1408.001,4324.375
2025-07-02 15:45:00,8774.836,1408.001,4324.375
2025-07-02 16:00:00,4057.536,1749.0,3832.59
2025-07-02 16:15:00,4057.536,1749.0,3832.59
2025-07-02 16:30:00,4057.536,1749.0,3832.59
2025-07-02 16:45:00,4057.536,1749.0,3832.59
2025-07-02 17:00:00,2056.336,2232.251,2969.767
2025-07-02 17:15:00,2056.336,2232.251,2969.767
2025-07-02 17:30:00,2056.336,2232.251,2969.767
2025-07-02 17:45:00,2056.336,2232.251,2969.767
2025-07-02 18:00:00,1146.149,2404.251,2724.957
2025-07-02 18:15:00,1146.149,2404.251,2724.957
2025-07-02 18:30:00,1146.149,2404.251,2724.957
2025-07-02 18:45:00,1146.149,2404.251,2724.957
2025-07-02 19:00:00,504.751,1904.5,2141.051
2025-07-02 19:15:00,504.751,1904.5,2141.051
2025-07-02 19:30:00,504.751,1904.5,2141.051
2025-07-02 19:45:00,504.751,1904.5,2141.051
2025-07-02 20:00:00,40.883,1490.5,2426.116
2025-07-02 20:15:00,40.883,1490.5,2426.116
2025-07-02 20:30:00,40.883,1490.5,2426.116
2025-07-02 20:45:00,40.883,1490.5,2426.116
2025-07-02 21:00:00,0.0,1692.249,2830.753
2025-07-02 21:15:00,0.0,1692.249,2830.753
2025-07-02 21:30:00,0.0,1692.249,2830.753
2025-07-02 21:45:00,0.0,1692.249,2830.753
2025-07-02 22:00:00,0.0,2425.499,2830.389
2025-07-02 22:15:00,0.0,2425.499,2830.389
2025-07-02 22:30:00,0.0,2425.499,2830.389
2025-07-02 22:45:00,0.0,2425.499,2830.389
2025-07-02 23:00:00,0.0,2795.75,3159.81
2025-07-02 23:15:00,0.0,2795.75,3159.81
2025-07-02 23:30:00,0.0,2795.75,3159.81
2025-07-02 23:45:00,0.0,2795.75,3159.81
2025-07-03 00:00:00,0.0,2804.001,3103.562
2025-07-03 00:15:00,0.0,2804.001,3103.562
2025-07-03 00:30:00,0.0,2804.001,3103.562
2025-07-03 00:45:00,0.0,2804.001,3103.562
2025-07-03 01:00:00,0.0,3087.0,2393.969
2025-07-03 01:15:00,0.0,3087.0,2393.969
2025-07-03 01:30:00,0.0,3087.0,2393.969
2025-07-03 01:45:00,0.0,3087.0,2393.969
2025-07-03 02:00:00,0.0,3021.25,1946.992
2025-07-03 02:15:00,0.0,3021.25,1946.992
2025-07-03 02:30:00,0.0,3021.25,1946.992
2025-07-03 02:45:00,0.0,3021.25,1946.992
2025-07-03 03:00:00,31.53,2955.75,1466.127
2025-07-03 03:15:00,31.53,2955.75,1466.127
2025-07-03 03:30:00,31.53,2955.75,1466.127
2025-07-03 03:45:00,31.53,2955.75,1466.127
2025-07-03 04:00:00,938.713,2813.0,1229.813
2025-07-03 04:15:00,938.713,2813.0,1229.813
2025-07-03 04:30:00,938.713,2813.0,1229.813
2025-07-03 04:45:00,938.713,2813.0,1229.813
2025-07-03 05:00:00,3448.167,2442.0,1337.071
2025-07-03 05:15:00,3448.167,2442.0,1337.071
2025-07-03 05:30:00,3448.167,2442.0,1337.071
2025-07-03 05:45:00,3448.167,2442.0,1337.071
2025-07-03 06:00:00,6596.19,1781.0,1934.024
2025-07-03 06:15:00,6596.19,1781.0,1934.024
2025-07-03 06:30:00,6596.19,1781.0,1934.024
2025-07-03 06:45:00,6596.19,1781.0,1934.024
2025-07-03 07:00:00,9811.986,1081.251,2413.457
2025-07-03 07:15:00,9811.986,1081.251,2413.457
2025-07-03 07:30:00,9811.986,1081.251,2413.457
2025-07-03 07:45:00,9811.986,1081.251,2413.457
2025-07-03 08:00:00,13750.094,651.251,2487.502
2025-07-03 08:15:00,13750.094,651.251,2487.502
2025-07-03 08:30:00,13750.094,651.251,2487.502
2025-07-03 08:45:00,13750.094,651.251,2487.502
2025-07-03 09:00:00,16348.19,553.5,2350.736
2025-07-03 09:15:00,16348.19,553.5,2350.736
2025-07-03 09:30:00,16348.19,553.5,2350.736
2025-07-03 09:45:00,16348.19,553.5,2350.736
2025-07-03 10:00:00,18503.08,313.751,2131.981
2025-07-03 10:15:00,18503.08,313.751,2131.981
2025-07-03 10:30:00,18503.08,313.751,2131.981
2025-07-03 10:45:00,18503.08,313.751,2131.981
2025-07-03 11:00:00,19981.846,313.25,2010.671
2025-07-03 11:15:00,19981.846,313.25,2010.671
2025-07-03 11:30:00,19981.846,313.25,2010.671
2025-07-03 11:45:00,19981.846,313.25,2010.671
2025-07-03 12:00:00,20067.502,136.75,1875.216
2025-07-03 12:15:00,20067.502,136.75,1875.216
2025-07-03 12:30:00,20067.502,136.75,1875.216
2025-07-03 12:45:00,20067.502,136.75,1875.216
2025-07-03 13:00:00,20363.344,122.748,1907.521
2025-07-03 13:15:00,20363.344,122.748,1907.521
2025-07-03 13:30:00,20363.344,122.748,1907.521
2025-07-03 13:45:00,20363.344,122.748,1907.521
2025-07-03 14:00:00,18338.073,118.499,1804.236
2025-07-03 14:15:00,18338.073,118.499,1804.236
2025-07-03 14:30:00,18338.073,118.499,1804.236
2025-07-03 14:45:00,18338.073,118.499,1804.236
2025-07-03 15:00:00,14292.123,120.501,1716.869
2025-07-03 15:15:00,14292.123,120.501,1716.869
2025-07-03 15:30:00,14292.123,120.501,1716.869
2025-07-03 15:45:00,14292.123,120.501,1716.869
2025-07-03 16:00:00,10547.543,107.499,1919.067
2025-07-03 16:15:00,10547.543,107.499,1919.067
2025-07-03 16:30:00,10547.543,107.499,1919.067
2025-07-03 16:45:00,10547.543,107.499,1919.067
2025-07-03 17:00:00,6764.384,68.75,1775.395
2025-07-03 17:15:00,6764.384,68.75,1775.395
2025-07-03 17:30:00,6764.384,68.75,1775.395
2025-07-03 17:45:00,6764.384,68.75,1775.395
2025-07-03 18:00:00,3214.014,47.0,1178.775
2025-07-03 18:15:00,3214.014,47.0,1178.775
2025-07-03 18:30:00,3214.014,47.0,1178.775
2025-07-03 18:45:00,3214.014,47.0,1178.775
2025-07-03 19:00:00,460.491,56.75,423.284
2025-07-03 19:15:00,460.491,56.75,423.284
2025-07-03 19:30:00,460.491,56.75,423.284
2025-07-03 19:45:00,460.491,56.75,423.284
2025-07-03 20:00:00,4.404,37.25,73.926
2025-07-03 20:15:00,4.404,37.25,73.926
2025-07-03 20:30:00,4.404,37.25,73.926
2025-07-03 20:45:00,4.404,37.25,73.926
2025-07-03 21:00:00,0.0,54.501,27.225
2025-07-03 21:15:00,0.0,54.501,27.225
2025-07-03 21:30:00,0.0,54.501,27.225
2025-07-03 21:45:00,0.0,54.501,27.225
2025-07-03 22:00:00,0.0,79.0,42.776
2025-07-03 22:15:00,0.0,79.0,42.776
2025-07-03 22:30:00,0.0,79.0,42.776
2025-07-03 22:45:00,0.0,79.0,42.776
2025-07-03 23:00:00,0.0,132.75,52.352
2025-07-03 23:15:00,0.0,132.75,52.352
2025-07-03 23:30:00,0.0,132.75,52.352
2025-07-03 23:45:00,0.0,132.75,52.352
2025-07-04 00:00:00,0.0,261.501,58.741
2025-07-04 00:15:00,0.0,261.501,58.741
2025-07-04 00:30:00,0.0,261.501,58.741
2025-07-04 00:45:00,0.0,261.501,58.741
2025-07-04 01:00:00,0.0,374.5,57.34
2025-07-04 01:15:00,0.0,374.5,57.34
2025-07-04 01:30:00,0.0,374.5,57.34
2025-07-04 01:45:00,0.0,374.5,57.34
2025-07-04 02:00:00,0.0,456.5,55.481
2025-07-04 02:15:00,0.0,456.5,55.481
2025-07-04 02:30:00,0.0,456.5,55.481
2025-07-04 02:45:00,0.0,456.5,55.481
2025-07-04 03:00:00,33.908,609.999,89.501
2025-07-04 03:15:00,33.908,609.999,89.501
2025-07-04 03:30:00,33.908,609.999,89.501
2025-07-04 03:45:00,33.908,609.999,89.501
2025-07-04 04:00:00,1028.58,853.5,124.677
2025-07-04 04:15:00,1028.58,853.5,124.677
2025-07-04 04:30:00,1028.58,853.5,124.677
2025-07-04 04:45:00,1028.58,853.5,124.677
2025-07-04 05:00:00,3708.656,1167.75,258.803
2025-07-04 05:15:00,3708.656,1167.75,258.803
2025-07-04 05:30:00,3708.656,1167.75,258.803
2025-07-04 05:45:00,3708.656,1167.75,258.803
2025-07-04 06:00:00,7477.891,1313.5,762.26
2025-07-04 06:15:00,7477.891,1313.5,762.26
2025-07-04 06:30:00,7477.891,1313.5,762.26
2025-07-04 06:45:00,7477.891,1313.5,762.26
2025-07-04 07:00:00,11850.813,1145.0,1417.47
2025-07-04 07:15:00,11850.813,1145.0,1417.47
2025-07-04 07:30:00,11850.813,1145.0,1417.47
2025-07-04 07:45:00,11850.813,1145.0,1417.47
2025-07-04 08:00:00,15855.324,693.499,2355.328
2025-07-04 08:15:00,15855.324,693.499,2355.328
2025-07-04 08:30:00,15855.324,693.499,2355.328
2025-07-04 08:45:00,15855.324,693.499,2355.328
2025-07-04 09:00:00,18906.186,329.0,3027.832
2025-07-04 09:15:00,18906.186,329.0,3027.832
2025-07-04 09:30:00,18906.186,329.0,3027.832
2025-07-04 09:45:00,18906.186,329.0,3027.832
2025-07-04 10:00:00,21154.45,184.5,3342.949
2025-07-04 10:15:00,21154.45,184.5,3342.949
2025-07-04 10:30:00,21154.45,184.5,3342.949
2025-07-04 10:45:00,21154.45,184.5,3342.949
2025-07-04 11:00:00,20630.227,191.5,3206.846
2025-07-04 11:15:00,20630.227,191.5,3206.846
2025-07-04 11:30:00,20630.227,191.5,3206.846
2025-07-04 11:45:00,20630.227,191.5,3206.846
2025-07-04 12:00:00,19433.933,307.499,3418.467
2025-07-04 12:15:00,19433.933,307.499,3418.467
2025-07-04 12:30:00,19433.933,307.499,3418.467
2025-07-04 12:45:00,19433.933,307.499,3418.467
2025-07-04 13:00:00,17415.795,434.001,3660.284
2025-07-04 13:15:00,17415.795,434.001,3660.284
2025-07-04 13:30:00,17415.795,434.001,3660.284
2025-07-04 13:45:00,17415.795,434.001,3660.284
2025-07-04 14:00:00,15371.793,845.25,3682.681
2025-07-04 14:15:00,15371.793,845.25,3682.681
2025-07-04 14:30:00,15371.793,845.25,3682.681
2025-07-04 14:45:00,15371.793,845.25,3682.681
2025-07-04 15:00:00,13220.141,1420.5,3569.631
2025-07-04 15:15:00,13220.141,1420.5,3569.631
2025-07-04 15:30:00,13220.141,1420.5,3569.631
2025-07-04 15:45:00,13220.141,1420.5,3569.631
2025-07-04 16:00:00,10667.947,1874.0,3613.655
2025-07-04 16:15:00,10667.947,1874.0,3613.655
2025-07-04 16:30:00,10667.947,1874.0,3613.655
2025-07-04 16:45:00,10667.947,1874.0,3613.655
2025-07-04 17:00:00,7203.579,2361.501,3510.552
2025-07-04 17:15:00,7203.579,2361.501,3510.552
2025-07-04 17:30:00,7203.579,2361.501,3510.552
2025-07-04 17:45:00,7203.579,2361.501,3510.552
2025-07-04 18:00:00,3305.416,3081.25,2927.741
2025-07-04 18:15:00,3305.416,3081.25,2927.741
2025-07-04 18:30:00,3305.416,3081.25,2927.741
2025-07-04 18:45:00,3305.416,3081.25,2927.741
2025-07-04 19:00:00,653.478,3650.75,1924.015
2025-07-04 19:15:00,653.478,3650.75,1924.015
2025-07-04 19:30:00,653.478,3650.75,1924.015
2025-07-04 19:45:00,653.478,3650.75,1924.015
2025-07-04 20:00:00,2.796,4007.502,1476.765
2025-07-04 20:15:00,2.796,4007.502,1476.765
2025-07-04 20:30:00,2.796,4007.502,1476.765
2025-07-04 20:45:00,2.796,4007.502,1476.765
2025-07-04 21:00:00,0.0,4085.5,1737.473
2025-07-04 21:15:00,0.0,4085.5,1737.473
2025-07-04 21:30:00,0.0,4085.5,1737.473
2025-07-04 21:45:00,0.0,4085.5,1737.473
2025-07-04 22:00:00,0.0,3844.249,2150.447
2025-07-04 22:15:00,0.0,3844.249,2150.447
2025-07-04 22:30:00,0.0,3844.249,2150.447
2025-07-04 22:45:00,0.0,3844.249,2150.447
2025-07-04 23:00:00,0.0,3540.249,2263.419
2025-07-04 23:15:00,0.0,3540.249,2263.419
2025-07-04 23:30:00,0.0,3540.249,2263.419
2025-07-04 23:45:00,0.0,3540.249,2263.419
2025-07-05 00:00:00,0.0,3320.25,2363.198
2025-07-05 00:15:00,0.0,3320.25,2363.198
2025-07-05 00:30:00,0.0,3320.25,2363.198
2025-07-05 00:45:00,0.0,3320.25,2363.198
2025-07-05 01:00:00,0.0,2878.749,2374.456
2025-07-05 01:15:00,0.0,2878.749,2374.456
2025-07-05 01:30:00,0.0,2878.749,2374.456
2025-07-05 01:45:00,0.0,2878.749,2374.456
2025-07-05 02:00:00,0.0,2792.5,2341.997
2025-07-05 02:15:00,0.0,2792.5,2341.997
2025-07-05 02:30:00,0.0,2792.5,2341.997
2025-07-05 02:45:00,0.0,2792.5,2341.997
2025-07-05 03:00:00,17.401,2887.75,2421.833
2025-07-05 03:15:00,17.401,2887.75,2421.833
2025-07-05 03:30:00,17.401,2887.75,2421.833
2025-07-05 03:45:00,17.401,2887.75,2421.833
2025-07-05 04:00:00,567.013,2690.749,2450.57
2025-07-05 04:15:00,567.013,2690.749,2450.57
2025-07-05 04:30:00,567.013,2690.749,2450.57
2025-07-05 04:45:00,567.013,2690.749,2450.57
2025-07-05 05:00:00,1977.959,3156.5,2788.419
2025-07-05 05:15:00,1977.959,3156.5,2788.419
2025-07-05 05:30:00,1977.959,3156.5,2788.419
2025-07-05 05:45:00,1977.959,3156.5,2788.419
2025-07-05 06:00:00,3414.992,3085.75,3181.116
2025-07-05 06:15:00,3414.992,3085.75,3181.116
2025-07-05 06:30:00,3414.992,3085.75,3181.116
2025-07-05 06:45:00,3414.992,3085.75,3181.116
2025-07-05 07:00:00,4538.622,2385.75,3644.651
2025-07-05 07:15:00,4538.622,2385.75,3644.651
2025-07-05 07:30:00,4538.622,2385.75,3644.651
2025-07-05 07:45:00,4538.622,2385.75,3644.651
2025-07-05 08:00:00,6584.329,1929.751,4044.711
2025-07-05 08:15:00,6584.329,1929.751,4044.711
2025-07-05 08:30:00,6584.329,1929.751,4044.711
2025-07-05 08:45:00,6584.329,1929.751,4044.711
2025-07-05 09:00:00,10207.076,2211.25,4515.089
2025-07-05 09:15:00,10207.076,2211.25,4515.089
2025-07-05 09:30:00,10207.076,2211.25,4515.089
2025-07-05 09:45:00,10207.076,2211.25,4515.089
2025-07-05 10:00:00,11611.705,1744.5,5358.378
2025-07-05 10:15:00,11611.705,1744.5,5358.378
2025-07-05 10:30:00,11611.705,1744.5,5358.378
2025-07-05 10:45:00,11611.705,1744.5,5358.378
2025-07-05 11:00:00,9438.359,1959.5,5440.276
2025-07-05 11:15:00,9438.359,1959.5,5440.276
2025-07-05 11:30:00,9438.359,1959.5,5440.276
2025-07-05 11:45:00,9438.359,1959.5,5440.276
2025-07-05 12:00:00,9062.61,2172.75,5312.165
2025-07-05 12:15:00,9062.61,2172.75,5312.165
2025-07-05 12:30:00,9062.61,2172.75,5312.165
2025-07-05 12:45:00,9062.61,2172.75,5312.165
2025-07-05 13:00:00,9591.13,2801.5,5434.818
2025-07-05 13:15:00,9591.13,2801.5,5434.818
2025-07-05 13:30:00,9591.13,2801.5,5434.818
2025-07-05 13:45:00,9591.13,2801.5,5434.818
2025-07-05 14:00:00,7856.515,2030.75,5616.807
2025-07-05 14:15:00,7856.515,2030.75,5616.807
2025-07-05 14:30:00,7856.515,2030.75,5616.807
2025-07-05 14:45:00,7856.515,2030.75,5616.807
2025-07-05 15:00:00,6519.758,3194.5,5576.03
2025-07-05 15:15:00,6519.758,3194.5,5576.03
2025-07-05 15:30:00,6519.758,3194.5,5576.03
2025-07-05 15:45:00,6519.758,3194.5,5576.03
2025-07-05 16:00:00,3760.782,3998.751,5152.137
2025-07-05 16:15:00,3760.782,3998.751,5152.137
2025-07-05 16:30:00,3760.782,3998.751,5152.137
2025-07-05 16:45:00,3760.782,3998.751,5152.137
2025-07-05 17:00:00,1822.401,4094.751,4753.697
2025-07-05 17:15:00,1822.401,4094.751,4753.697
2025-07-05 17:30:00,1822.401,4094.751,4753.697
2025-07-05 17:45:00,1822.401,4094.751,4753.697
2025-07-05 18:00:00,785.116,4156.25,4740.903
2025-07-05 18:15:00,785.116,4156.25,4740.903
2025-07-05 18:30:00,785.116,4156.25,4740.903
2025-07-05 18:45:00,785.116,4156.25,4740.903
2025-07-05 19:00:00,188.571,4192.249,4307.013
2025-07-05 19:15:00,188.571,4192.249,4307.013
2025-07-05 19:30:00,188.571,4192.249,4307.013
2025-07-05 19:45:00,188.571,4192.249,4307.013
2025-07-05 20:00:00,4.738,4192.0,4230.006
2025-07-05 20:15:00,4.738,4192.0,4230.006
2025-07-05 20:30:00,4.738,4192.0,4230.006
2025-07-05 20:45:00,4.738,4192.0,4230.006
2025-07-05 21:00:00,0.0,4164.499,4195.4
2025-07-05 21:15:00,0.0,4164.499,4195.4
2025-07-05 21:30:00,0.0,4164.499,4195.4
2025-07-05 21:45:00,0.0,4164.499,4195.4
2025-07-05 22:00:00,0.0,4180.499,4285.519
2025-07-05 22:15:00,0.0,4180.499,4285.519
2025-07-05 22:30:00,0.0,4180.499,4285.519
2025-07-05 22:45:00,0.0,4180.499,4285.519
2025-07-05 23:00:00,0.0,4196.25,4111.451
2025-07-05 23:15:00,0.0,4196.25,4111.451
2025-07-05 23:30:00,0.0,4196.25,4111.451
2025-07-05 23:45:00,0.0,4196.25,4111.451
2025-07-06 00:00:00,0.0,4118.001,4108.519
2025-07-06 00:15:00,0.0,4118.001,4108.519
2025-07-06 00:30:00,0.0,4118.001,4108.519
2025-07-06 00:45:00,0.0,4118.001,4108.519
2025-07-06 01:00:00,0.0,3673.75,3732.19
2025-07-06 01:15:00,0.0,3673.75,3732.19
2025-07-06 01:30:00,0.0,3673.75,3732.19
2025-07-06 01:45:00,0.0,3673.75,3732.19
2025-07-06 02:00:00,0.0,2975.751,3411.053
2025-07-06 02:15:00,0.0,2975.751,3411.053
2025-07-06 02:30:00,0.0,2975.751,3411.053
2025-07-06 02:45:00,0.0,2975.751,3411.053
2025-07-06 03:00:00,12.361,2086.752,2929.292
2025-07-06 03:15:00,12.361,2086.752,2929.292
2025-07-06 03:30:00,12.361,2086.752,2929.292
2025-07-06 03:45:00,12.361,2086.752,2929.292
2025-07-06 04:00:00,321.016,1450.5,2435.843
2025-07-06 04:15:00,321.016,1450.5,2435.843
2025-07-06 04:30:00,321.016,1450.5,2435.843
2025-07-06 04:45:00,321.016,1450.5,2435.843
2025-07-06 05:00:00,1329.714,1050.0,2116.437
2025-07-06 05:15:00,1329.714,1050.0,2116.437
2025-07-06 05:30:00,1329.714,1050.0,2116.437
2025-07-06 05:45:00,1329.714,1050.0,2116.437
2025-07-06 06:00:00,2858.625,627.999,2282.477
2025-07-06 06:15:00,2858.625,627.999,2282.477
2025-07-06 06:30:00,2858.625,627.999,2282.477
2025-07-06 06:45:00,2858.625,627.999,2282.477
2025-07-06 07:00:00,4350.645,289.75,2633.791
2025-07-06 07:15:00,4350.645,289.75,2633.791
2025-07-06 07:30:00,4350.645,289.75,2633.791
2025-07-06 07:45:00,4350.645,289.75,2633.791
2025-07-06 08:00:00,5249.082,146.5,2615.271
2025-07-06 08:15:00,5249.082,146.5,2615.271
2025-07-06 08:30:00,5249.082,146.5,2615.271
2025-07-06 08:45:00,5249.082,146.5,2615.271
2025-07-06 09:00:00,5348.316,136.5,2461.545
2025-07-06 09:15:00,5348.316,136.5,2461.545
2025-07-06 09:30:00,5348.316,136.5,2461.545
2025-07-06 09:45:00,5348.316,136.5,2461.545
2025-07-06 10:00:00,5011.255,117.75,2337.655
2025-07-06 10:15:00,5011.255,117.75,2337.655
2025-07-06 10:30:00,5011.255,117.75,2337.655
2025-07-06 10:45:00,5011.255,117.75,2337.655
2025-07-06 11:00:00,3373.014,48.5,1805.876
2025-07-06 11:15:00,3373.014,48.5,1805.876
2025-07-06 11:30:00,3373.014,48.5,1805.876
2025-07-06 11:45:00,3373.014,48.5,1805.876
2025-07-06 12:00:00,4092.448,83.25,1543.181
2025-07-06 12:15:00,4092.448,83.25,1543.181
2025-07-06 12:30:00,4092.448,83.25,1543.181
2025-07-06 12:45:00,4092.448,83.25,1543.181
2025-07-06 13:00:00,4607.993,153.999,1065.616
2025-07-06 13:15:00,4607.993,153.999,1065.616
2025-07-06 13:30:00,4607.993,153.999,1065.616
2025-07-06 13:45:00,4607.993,153.999,1065.616
2025-07-06 14:00:00,4981.356,128.5,654.236
2025-07-06 14:15:00,4981.356,128.5,654.236
2025-07-06 14:30:00,4981.356,128.5,654.236
2025-07-06 14:45:00,4981.356,128.5,654.236
2025-07-06 15:00:00,5239.676,100.749,455.374
2025-07-06 15:15:00,5239.676,100.749,455.374
2025-07-06 15:30:00,5239.676,100.749,455.374
2025-07-06 15:45:00,5239.676,100.749,455.374
2025-07-06 16:00:00,4268.646,185.0,413.636
2025-07-06 16:15:00,4268.646,185.0,413.636
2025-07-06 16:30:00,4268.646,185.0,413.636
2025-07-06 16:45:00,4268.646,185.0,413.636
2025-07-06 17:00:00,2612.608,245.25,293.488
2025-07-06 17:15:00,2612.608,245.25,293.488
2025-07-06 17:30:00,2612.608,245.25,293.488
2025-07-06 17:45:00,2612.608,245.25,293.488
2025-07-06 18:00:00,1850.434,57.5,169.616
2025-07-06 18:15:00,1850.434,57.5,169.616
2025-07-06 18:30:00,1850.434,57.5,169.616
2025-07-06 18:45:00,1850.434,57.5,169.616
2025-07-06 19:00:00,716.362,89.999,90.58
2025-07-06 19:15:00,716.362,89.999,90.58
2025-07-06 19:30:00,716.362,89.999,90.58
2025-07-06 19:45:00,716.362,89.999,90.58
2025-07-06 20:00:00,22.529,152.75,41.866
2025-07-06 20:15:00,22.529,152.75,41.866
2025-07-06 20:30:00,22.529,152.75,41.866
2025-07-06 20:45:00,22.529,152.75,41.866
2025-07-06 21:00:00,0.0,254.75,84.866
2025-07-06 21:15:00,0.0,254.75,84.866
2025-07-06 21:30:00,0.0,254.75,84.866
2025-07-06 21:45:00,0.0,254.75,84.866
2025-07-06 22:00:00,0.0,320.501,168.948
2025-07-06 22:15:00,0.0,320.501,168.948
2025-07-06 22:30:00,0.0,320.501,168.948
2025-07-06 22:45:00,0.0,320.501,168.948
2025-07-06 23:00:00,0.0,334.75,244.493
2025-07-06 23:15:00,0.0,334.75,244.493
2025-07-06 23:30:00,0.0,334.75,244.493
2025-07-06 23:45:00,0.0,334.75,244.493
2025-07-07 00:00:00,0.0,363.25,219.189
2025-07-07 00:15:00,0.0,363.25,219.189
2025-07-07 00:30:00,0.0,363.25,219.189
2025-07-07 00:45:00,0.0,363.25,219.189
2025-07-07 01:00:00,0.0,859.499,150.752
2025-07-07 01:15:00,0.0,859.499,150.752
2025-07-07 01:30:00,0.0,859.499,150.752
2025-07-07 01:45:00,0.0,859.499,150.752
2025-07-07 02:00:00,0.0,1389.501,265.778
2025-07-07 02:15:00,0.0,1389.501,265.778
2025-07-07 02:30:00,0.0,1389.501,265.778
2025-07-07 02:45:00,0.0,1389.501,265.778
2025-07-07 03:00:00,10.831,1861.5,637.759
2025-07-07 03:15:00,10.831,1861.5,637.759
2025-07-07 03:30:00,10.831,1861.5,637.759
2025-07-07 03:45:00,10.831,1861.5,637.759
2025-07-07 04:00:00,438.745,2014.0,935.41
2025-07-07 04:15:00,438.745,2014.0,935.41
2025-07-07 04:30:00,438.745,2014.0,935.41
2025-07-07 04:45:00,438.745,2014.0,935.41
2025-07-07 05:00:00,1799.472,2747.001,1265.896
2025-07-07 05:15:00,1799.472,2747.001,1265.896
2025-07-07 05:30:00,1799.472,2747.001,1265.896
2025-07-07 05:45:00,1799.472,2747.001,1265.896
2025-07-07 06:00:00,3409.444,2937.25,1783.666
2025-07-07 06:15:00,3409.444,2937.25,1783.666
2025-07-07 06:30:00,3409.444,2937.25,1783.666
2025-07-07 06:45:00,3409.444,2937.25,1783.666
2025-07-07 07:00:00,5795.926,3097.751,2304.573
2025-07-07 07:15:00,5795.926,3097.751,2304.573
2025-07-07 07:30:00,5795.926,3097.751,2304.573
2025-07-07 07:45:00,5795.926,3097.751,2304.573
2025-07-07 08:00:00,7902.942,3416.0,3254.187
2025-07-07 08:15:00,7902.942,3416.0,3254.187
2025-07-07 08:30:00,7902.942,3416.0,3254.187
2025-07-07 08:45:00,7902.942,3416.0,3254.187
2025-07-07 09:00:00,9530.338,3545.75,3674.844
2025-07-07 09:15:00,9530.338,3545.75,3674.844
2025-07-07 09:30:00,9530.338,3545.75,3674.844
2025-07-07 09:45:00,9530.338,3545.75,3674.844
2025-07-07 10:00:00,10778.28,3197.499,4060.577
2025-07-07 10:15:00,10778.28,3197.499,4060.577
2025-07-07 10:30:00,10778.28,3197.499,4060.577
2025-07-07 10:45:00,10778.28,3197.499,4060.577
2025-07-07 11:00:00,12769.965,3346.75,4595.051
2025-07-07 11:15:00,12769.965,3346.75,4595.051
2025-07-07 11:30:00,12769.965,3346.75,4595.051
2025-07-07 11:45:00,12769.965,3346.75,4595.051
2025-07-07 12:00:00,13709.766,3321.25,5127.421
2025-07-07 12:15:00,13709.766,3321.25,5127.421
2025-07-07 12:30:00,13709.766,3321.25,5127.421
2025-07-07 12:45:00,13709.766,3321.25,5127.421
2025-07-07 13:00:00,14742.714,2779.75,5376.449
2025-07-07 13:15:00,14742.714,2779.75,5376.449
2025-07-07 13:30:00,14742.714,2779.75,5376.449
2025-07-07 13:45:00,14742.714,2779.75,5376.449
2025-07-07 14:00:00,12943.073,3072.749,5506.237
2025-07-07 14:15:00,12943.073,3072.749,5506.237
2025-07-07 14:30:00,12943.073,3072.749,5506.237
2025-07-07 14:45:00,12943.073,3072.749,5506.237
2025-07-07 15:00:00,10002.381,3654.999,5782.201
2025-07-07 15:15:00,10002.381,3654.999,5782.201
2025-07-07 15:30:00,10002.381,3654.999,5782.201
2025-07-07 15:45:00,10002.381,3654.999,5782.201
2025-07-07 16:00:00,7369.374,3785.999,5548.028
2025-07-07 16:15:00,7369.374,3785.999,5548.028
2025-07-07 16:30:00,7369.374,3785.999,5548.028
2025-07-07 16:45:00,7369.374,3785.999,5548.028
2025-07-07 17:00:00,4165.1,3458.5,4930.017
2025-07-07 17:15:00,4165.1,3458.5,4930.017
2025-07-07 17:30:00,4165.1,3458.5,4930.017
2025-07-07 17:45:00,4165.1,3458.5,4930.017
2025-07-07 18:00:00,1975.808,2784.5,4299.572
2025-07-07 18:15:00,1975.808,2784.5,4299.572
2025-07-07 18:30:00,1975.808,2784.5,4299.572
2025-07-07 18:45:00,1975.808,2784.5,4299.572
2025-07-07 19:00:00,543.294,1926.75,3373.768
2025-07-07 19:15:00,543.294,1926.75,3373.768
2025-07-07 19:30:00,543.294,1926.75,3373.768
2025-07-07 19:45:00,543.294,1926.75,3373.768
2025-07-07 20:00:00,0.0,1414.749,2011.217
2025-07-07 20:15:00,0.0,1414.749,2011.217
2025-07-07 20:30:00,0.0,1414.749,2011.217
2025-07-07 20:45:00,0.0,1414.749,2011.217
2025-07-07 21:00:00,0.0,1095.75,1223.895
2025-07-07 21:15:00,0.0,1095.75,1223.895
2025-07-07 21:30:00,0.0,1095.75,1223.895
2025-07-07 21:45:00,0.0,1095.75,1223.895
2025-07-07 22:00:00,0.0,1030.5,1039.814
2025-07-07 22:15:00,0.0,1030.5,1039.814
2025-07-07 22:30:00,0.0,1030.5,1039.814
2025-07-07 22:45:00,0.0,1030.5,1039.814
2025-07-07 23:00:00,0.0,1672.75,999.893
2025-07-07 23:15:00,0.0,1672.75,999.893
2025-07-07 23:30:00,0.0,1672.75,999.893
2025-07-07 23:45:00,0.0,1672.75,999.893
2025-07-08 00:00:00,0.0,2491.5,1102.931
2025-07-08 00:15:00,0.0,2491.5,1102.931
2025-07-08 00:30:00,0.0,2491.5,1102.931
2025-07-08 00:45:00,0.0,2491.5,1102.931
2025-07-08 01:00:00,0.0,1162.001,1392.107
2025-07-08 01:15:00,0.0,1162.001,1392.107
2025-07-08 01:30:00,0.0,1162.001,1392.107
2025-07-08 01:45:00,0.0,1162.001,1392.107
2025-07-08 02:00:00,0.0,875.25,1281.929
2025-07-08 02:15:00,0.0,875.25,1281.929
2025-07-08 02:30:00,0.0,875.25,1281.929
2025-07-08 02:45:00,0.0,875.25,1281.929
2025-07-08 03:00:00,18.946,1609.499,863.999
2025-07-08 03:15:00,18.946,1609.499,863.999
2025-07-08 03:30:00,18.946,1609.499,863.999
2025-07-08 03:45:00,18.946,1609.499,863.999
2025-07-08 04:00:00,512.428,2341.0,883.274
2025-07-08 04:15:00,512.428,2341.0,883.274
2025-07-08 04:30:00,512.428,2341.0,883.274
2025-07-08 04:45:00,512.428,2341.0,883.274
2025-07-08 05:00:00,1953.78,2515.749,853.731
2025-07-08 05:15:00,1953.78,2515.749,853.731
2025-07-08 05:30:00,1953.78,2515.749,853.731
2025-07-08 05:45:00,1953.78,2515.749,853.731
2025-07-08 06:00:00,4476.971,2120.75,889.39
2025-07-08 06:15:00,4476.971,2120.75,889.39
2025-07-08 06:30:00,4476.971,2120.75,889.39
2025-07-08 06:45:00,4476.971,2120.75,889.39
2025-07-08 07:00:00,8041.683,2037.75,1345.173
2025-07-08 07:15:00,8041.683,2037.75,1345.173
2025-07-08 07:30:00,8041.683,2037.75,1345.173
2025-07-08 07:45:00,8041.683,2037.75,1345.173
2025-07-08 08:00:00,9564.737,2330.5,2376.211
2025-07-08 08:15:00,9564.737,2330.5,2376.211
2025-07-08 08:30:00,9564.737,2330.5,2376.211
2025-07-08 08:45:00,9564.737,2330.5,2376.211
2025-07-08 09:00:00,12481.076,2680.75,3456.205
2025-07-08 09:15:00,12481.076,2680.75,3456.205
2025-07-08 09:30:00,12481.076,2680.75,3456.205
2025-07-08 09:45:00,12481.076,2680.75,3456.205
2025-07-08 10:00:00,13458.254,2334.0,4098.773
2025-07-08 10:15:00,13458.254,2334.0,4098.773
2025-07-08 10:30:00,13458.254,2334.0,4098.773
2025-07-08 10:45:00,13458.254,2334.0,4098.773
2025-07-08 11:00:00,14066.184,2298.249,4502.508
2025-07-08 11:15:00,14066.184,2298.249,4502.508
2025-07-08 11:30:00,14066.184,2298.249,4502.508
2025-07-08 11:45:00,14066.184,2298.249,4502.508
2025-07-08 12:00:00,15106.194,2243.75,4829.504
2025-07-08 12:15:00,15106.194,2243.75,4829.504
2025-07-08 12:30:00,15106.194,2243.75,4829.504
2025-07-08 12:45:00,15106.194,2243.75,4829.504
2025-07-08 13:00:00,12504.105,1867.5,4681.423
2025-07-08 13:15:00,12504.105,1867.5,4681.423
2025-07-08 13:30:00,12504.105,1867.5,4681.423
2025-07-08 13:45:00,12504.105,1867.5,4681.423
2025-07-08 14:00:00,10604.689,2052.25,4726.793
2025-07-08 14:15:00,10604.689,2052.25,4726.793
2025-07-08 14:30:00,10604.689,2052.25,4726.793
2025-07-08 14:45:00,10604.689,2052.25,4726.793
2025-07-08 15:00:00,8625.82,2171.25,4583.052
2025-07-08 15:15:00,8625.82,2171.25,4583.052
2025-07-08 15:30:00,8625.82,2171.25,4583.052
2025-07-08 15:45:00,8625.82,2171.25,4583.052
2025-07-08 16:00:00,5400.036,1989.499,4345.598
2025-07-08 16:15:00,5400.036,1989.499,4345.598
2025-07-08 16:30:00,5400.036,1989.499,4345.598
2025-07-08 16:45:00,5400.036,1989.499,4345.598
2025-07-08 17:00:00,3298.09,1659.499,3546.584
2025-07-08 17:15:00,3298.09,1659.499,3546.584
2025-07-08 17:30:00,3298.09,1659.499,3546.584
2025-07-08 17:45:00,3298.09,1659.499,3546.584
2025-07-08 18:00:00,1447.59,1198.248,3084.631
2025-07-08 18:15:00,1447.59,1198.248,3084.631
2025-07-08 18:30:00,1447.59,1198.248,3084.631
2025-07-08 18:45:00,1447.59,1198.248,3084.631
2025-07-08 19:00:00,516.414,963.25,2059.915
2025-07-08 19:15:00,516.414,963.25,2059.915
2025-07-08 19:30:00,516.414,963.25,2059.915
2025-07-08 19:45:00,516.414,963.25,2059.915
2025-07-08 20:00:00,0.0,801.0,1437.714
2025-07-08 20:15:00,0.0,801.0,1437.714
2025-07-08 20:30:00,0.0,801.0,1437.714
2025-07-08 20:45:00,0.0,801.0,1437.714
2025-07-08 21:00:00,0.0,702.0,926.026
2025-07-08 21:15:00,0.0,702.0,926.026
2025-07-08 21:30:00,0.0,702.0,926.026
2025-07-08 21:45:00,0.0,702.0,926.026
2025-07-08 22:00:00,0.0,727.251,820.818
2025-07-08 22:15:00,0.0,727.251,820.818
2025-07-08 22:30:00,0.0,727.251,820.818
2025-07-08 22:45:00,0.0,727.251,820.818
2025-07-08 23:00:00,0.0,483.25,727.481
2025-07-08 23:15:00,0.0,483.25,727.481
2025-07-08 23:30:00,0.0,483.25,727.481
2025-07-08 23:45:00,0.0,483.25,727.481
2025-07-09 00:00:00,0.0,331.0,567.645
2025-07-09 00:15:00,0.0,331.0,567.645
2025-07-09 00:30:00,0.0,331.0,567.645
2025-07-09 00:45:00,0.0,331.0,567.645
2025-07-09 01:00:00,0.0,293.5,431.841
2025-07-09 01:15:00,0.0,293.5,431.841
2025-07-09 01:30:00,0.0,293.5,431.841
2025-07-09 01:45:00,0.0,293.5,431.841
2025-07-09 02:00:00,0.0,288.501,262.508
2025-07-09 02:15:00,0.0,288.501,262.508
2025-07-09 02:30:00,0.0,288.501,262.508
2025-07-09 02:45:00,0.0,288.501,262.508
2025-07-09 03:00:00,16.333,276.0,240.731
2025-07-09 03:15:00,16.333,276.0,240.731
2025-07-09 03:30:00,16.333,276.0,240.731
2025-07-09 03:45:00,16.333,276.0,240.731
2025-07-09 04:00:00,483.885,244.249,213.862
2025-07-09 04:15:00,483.885,244.249,213.862
2025-07-09 04:30:00,483.885,244.249,213.862
2025-07-09 04:45:00,483.885,244.249,213.862
2025-07-09 05:00:00,1892.128,182.25,277.848
2025-07-09 05:15:00,1892.128,182.25,277.848
2025-07-09 05:30:00,1892.128,182.25,277.848
2025-07-09 05:45:00,1892.128,182.25,277.848
2025-07-09 06:00:00,5025.901,100.75,531.047
2025-07-09 06:15:00,5025.901,100.75,531.047
2025-07-09 06:30:00,5025.901,100.75,531.047
2025-07-09 06:45:00,5025.901,100.75,531.047
2025-07-09 07:00:00,9275.578,70.0,916.529
2025-07-09 07:15:00,9275.578,70.0,916.529
2025-07-09 07:30:00,9275.578,70.0,916.529
2025-07-09 07:45:00,9275.578,70.0,916.529
2025-07-09 08:00:00,11754.761,129.5,1069.485
2025-07-09 08:15:00,11754.761,129.5,1069.485
2025-07-09 08:30:00,11754.761,129.5,1069.485
2025-07-09 08:45:00,11754.761,129.5,1069.485
2025-07-09 09:00:00,13678.639,113.751,960.241
2025-07-09 09:15:00,13678.639,113.751,960.241
2025-07-09 09:30:00,13678.639,113.751,960.241
2025-07-09 09:45:00,13678.639,113.751,960.241
2025-07-09 10:00:00,16809.612,91.5,946.736
2025-07-09 10:15:00,16809.612,91.5,946.736
2025-07-09 10:30:00,16809.612,91.5,946.736
2025-07-09 10:45:00,16809.612,91.5,946.736
2025-07-09 11:00:00,18249.714,60.0,891.559
2025-07-09 11:15:00,18249.714,60.0,891.559
2025-07-09 11:30:00,18249.714,60.0,891.559
2025-07-09 11:45:00,18249.714,60.0,891.559
2025-07-09 12:00:00,20551.289,65.748,941.088
2025-07-09 12:15:00,20551.289,65.748,941.088
2025-07-09 12:30:00,20551.289,65.748,941.088
2025-07-09 12:45:00,20551.289,65.748,941.088
2025-07-09 13:00:00,19883.983,80.5,1083.241
2025-07-09 13:15:00,19883.983,80.5,1083.241
2025-07-09 13:30:00,19883.983,80.5,1083.241
2025-07-09 13:45:00,19883.983,80.5,1083.241
2025-07-09 14:00:00,17661.179,52.251,1185.483
2025-07-09 14:15:00,17661.179,52.251,1185.483
2025-07-09 14:30:00,17661.179,52.251,1185.483
2025-07-09 14:45:00,17661.179,52.251,1185.483
2025-07-09 15:00:00,14748.545,41.0,1202.74
2025-07-09 15:15:00,14748.545,41.0,1202.74
2025-07-09 15:30:00,14748.545,41.0,1202.74
2025-07-09 15:45:00,14748.545,41.0,1202.74
2025-07-09 16:00:00,11114.055,30.0,1009.935
2025-07-09 16:15:00,11114.055,30.0,1009.935
2025-07-09 16:30:00,11114.055,30.0,1009.935
2025-07-09 16:45:00,11114.055,30.0,1009.935
2025-07-09 17:00:00,6811.275,33.251,839.536
2025-07-09 17:15:00,6811.275,33.251,839.536
2025-07-09 17:30:00,6811.275,33.251,839.536
2025-07-09 17:45:00,6811.275,33.251,839.536
2025-07-09 18:00:00,3023.737,28.25,537.046
2025-07-09 18:15:00,3023.737,28.25,537.046
2025-07-09 18:30:00,3023.737,28.25,537.046
2025-07-09 18:45:00,3023.737,28.25,537.046
2025-07-09 19:00:00,663.772,24.5,226.766
2025-07-09 19:15:00,663.772,24.5,226.766
2025-07-09 19:30:00,663.772,24.5,226.766
2025-07-09 19:45:00,663.772,24.5,226.766
2025-07-09 20:00:00,0.0,14.499,56.883
2025-07-09 20:15:00,0.0,14.499,56.883
2025-07-09 20:30:00,0.0,14.499,56.883
2025-07-09 20:45:00,0.0,14.499,56.883
2025-07-09 21:00:00,0.0,31.749,50.749
2025-07-09 21:15:00,0.0,31.749,50.749
2025-07-09 21:30:00,0.0,31.749,50.749
2025-07-09 21:45:00,0.0,31.749,50.749
2025-07-09 22:00:00,0.0,41.501,55.171
2025-07-09 22:15:00,0.0,41.501,55.171
2025-07-09 22:30:00,0.0,41.501,55.171
2025-07-09 22:45:00,0.0,41.501,55.171
2025-07-09 23:00:00,0.0,39.749,58.258
2025-07-09 23:15:00,0.0,39.749,58.258
2025-07-09 23:30:00,0.0,39.749,58.258
2025-07-09 23:45:00,0.0,39.749,58.258
2025-07-10 00:00:00,0.0,64.001,82.048
2025-07-10 00:15:00,0.0,64.001,82.048
2025-07-10 00:30:00,0.0,64.001,82.048
2025-07-10 00:45:00,0.0,64.001,82.048
2025-07-10 01:00:00,0.0,77.501,104.277
2025-07-10 01:15:00,0.0,77.501,104.277
2025-07-10 01:30:00,0.0,77.501,104.277
2025-07-10 01:45:00,0.0,77.501,104.277
2025-07-10 02:00:00,0.0,131.751,99.644
2025-07-10 02:15:00,0.0,131.751,99.644
2025-07-10 02:30:00,0.0,131.751,99.644
2025-07-10 02:45:00,0.0,131.751,99.644
2025-07-10 03:00:00,15.317,97.0,65.792
2025-07-10 03:15:00,15.317,97.0,65.792
2025-07-10 03:30:00,15.317,97.0,65.792
2025-07-10 03:45:00,15.317,97.0,65.792
2025-07-10 04:00:00,638.437,52.752,57.182
2025-07-10 04:15:00,638.437,52.752,57.182
2025-07-10 04:30:00,638.437,52.752,57.182
2025-07-10 04:45:00,638.437,52.752,57.182
2025-07-10 05:00:00,2523.321,30.75,36.294
2025-07-10 05:15:00,2523.321,30.75,36.294
2025-07-10 05:30:00,2523.321,30.75,36.294
2025-07-10 05:45:00,2523.321,30.75,36.294
2025-07-10 06:00:00,5219.189,13.001,26.818
2025-07-10 06:15:00,5219.189,13.001,26.818
2025-07-10 06:30:00,5219.189,13.001,26.818
2025-07-10 06:45:00,5219.189,13.001,26.818
2025-07-10 07:00:00,8128.459,22.75,29.539
2025-07-10 07:15:00,8128.459,22.75,29.539
2025-07-10 07:30:00,8128.459,22.75,29.539
2025-07-10 07:45:00,8128.459,22.75,29.539
2025-07-10 08:00:00,9548.362,15.25,61.185
2025-07-10 08:15:00,9548.362,15.25,61.185
2025-07-10 08:30:00,9548.362,15.25,61.185
2025-07-10 08:45:00,9548.362,15.25,61.185
2025-07-10 09:00:00,11983.945,11.5,169.66
2025-07-10 09:15:00,11983.945,11.5,169.66
2025-07-10 09:30:00,11983.945,11.5,169.66
2025-07-10 09:45:00,11983.945,11.5,169.66
2025-07-10 10:00:00,15979.901,34.25,241.154
2025-07-10 10:15:00,15979.901,34.25,241.154
2025-07-10 10:30:00,15979.901,34.25,241.154
2025-07-10 10:45:00,15979.901,34.25,241.154
2025-07-10 11:00:00,15294.873,29.25,470.679
2025-07-10 11:15:00,15294.873,29.25,470.679
2025-07-10 11:30:00,15294.873,29.25,470.679
2025-07-10 11:45:00,15294.873,29.25,470.679
2025-07-10 12:00:00,15184.137,59.0,752.134
2025-07-10 12:15:00,15184.137,59.0,752.134
2025-07-10 12:30:00,15184.137,59.0,752.134
2025-07-10 12:45:00,15184.137,59.0,752.134
2025-07-10 13:00:00,16636.998,111.249,985.032
2025-07-10 13:15:00,16636.998,111.249,985.032
2025-07-10 13:30:00,16636.998,111.249,985.032
2025-07-10 13:45:00,16636.998,111.249,985.032
2025-07-10 14:00:00,15613.092,155.5,1222.445
2025-07-10 14:15:00,15613.092,155.5,1222.445
2025-07-10 14:30:00,15613.092,155.5,1222.445
2025-07-10 14:45:00,15613.092,155.5,1222.445
2025-07-10 15:00:00,13643.844,200.501,1578.008
2025-07-10 15:15:00,13643.844,200.501,1578.008
2025-07-10 15:30:00,13643.844,200.501,1578.008
2025-07-10 15:45:00,13643.844,200.501,1578.008
2025-07-10 16:00:00,10087.674,266.249,1790.188
2025-07-10 16:15:00,10087.674,266.249,1790.188
2025-07-10 16:30:00,10087.674,266.249,1790.188
2025-07-10 16:45:00,10087.674,266.249,1790.188
2025-07-10 17:00:00,6475.45,277.5,1706.688
2025-07-10 17:15:00,6475.45,277.5,1706.688
2025-07-10 17:30:00,6475.45,277.5,1706.688
2025-07-10 17:45:00,6475.45,277.5,1706.688
2025-07-10 18:00:00,3101.02,264.5,1354.8
2025-07-10 18:15:00,3101.02,264.5,1354.8
2025-07-10 18:30:00,3101.02,264.5,1354.8
2025-07-10 18:45:00,3101.02,264.5,1354.8
2025-07-10 19:00:00,693.492,307.001,838.725
2025-07-10 19:15:00,693.492,307.001,838.725
2025-07-10 19:30:00,693.492,307.001,838.725
2025-07-10 19:45:00,693.492,307.001,838.725
2025-07-10 20:00:00,0.0,303.501,431.893
2025-07-10 20:15:00,0.0,303.501,431.893
2025-07-10 20:30:00,0.0,303.501,431.893
2025-07-10 20:45:00,0.0,303.501,431.893
2025-07-10 21:00:00,0.0,268.25,217.771
2025-07-10 21:15:00,0.0,268.25,217.771
2025-07-10 21:30:00,0.0,268.25,217.771
2025-07-10 21:45:00,0.0,268.25,217.771
2025-07-10 22:00:00,0.0,155.25,120.554
2025-07-10 22:15:00,0.0,155.25,120.554
2025-07-10 22:30:00,0.0,155.25,120.554
2025-07-10 22:45:00,0.0,155.25,120.554
2025-07-10 23:00:00,0.0,116.251,86.685
2025-07-10 23:15:00,0.0,116.251,86.685
2025-07-10 23:30:00,0.0,116.251,86.685
2025-07-10 23:45:00,0.0,116.251,86.685
2025-07-11 00:00:00,0.0,95.25,26.827
2025-07-11 00:15:00,0.0,95.25,26.827
2025-07-11 00:30:00,0.0,95.25,26.827
2025-07-11 00:45:00,0.0,95.25,26.827
2025-07-11 01:00:00,0.0,112.749,21.674
2025-07-11 01:15:00,0.0,112.749,21.674
2025-07-11 01:30:00,0.0,112.749,21.674
2025-07-11 01:45:00,0.0,112.749,21.674
2025-07-11 02:00:00,0.0,124.5,15.78
2025-07-11 02:15:00,0.0,124.5,15.78
2025-07-11 02:30:00,0.0,124.5,15.78
2025-07-11 02:45:00,0.0,124.5,15.78
2025-07-11 03:00:00,12.673,170.0,73.61
2025-07-11 03:15:00,12.673,170.0,73.61
2025-07-11 03:30:00,12.673,170.0,73.61
2025-07-11 03:45:00,12.673,170.0,73.61
2025-07-11 04:00:00,620.345,194.75,107.787
2025-07-11 04:15:00,620.345,194.75,107.787
2025-07-11 04:30:00,620.345,194.75,107.787
2025-07-11 04:45:00,620.345,194.75,107.787
2025-07-11 05:00:00,2471.813,125.25,136.143
2025-07-11 05:15:00,2471.813,125.25,136.143
2025-07-11 05:30:00,2471.813,125.25,136.143
2025-07-11 05:45:00,2471.813,125.25,136.143
2025-07-11 06:00:00,4621.556,92.249,247.458
2025-07-11 06:15:00,4621.556,92.249,247.458
2025-07-11 06:30:00,4621.556,92.249,247.458
2025-07-11 06:45:00,4621.556,92.249,247.458
2025-07-11 07:00:00,6786.541,70.749,644.186
2025-07-11 07:15:00,6786.541,70.749,644.186
2025-07-11 07:30:00,6786.541,70.749,644.186
2025-07-11 07:45:00,6786.541,70.749,644.186
2025-07-11 08:00:00,8967.613,63.25,798.497
2025-07-11 08:15:00,8967.613,63.25,798.497
2025-07-11 08:30:00,8967.613,63.25,798.497
2025-07-11 08:45:00,8967.613,63.25,798.497
2025-07-11 09:00:00,10972.461,43.751,832.58
2025-07-11 09:15:00,10972.461,43.751,832.58
2025-07-11 09:30:00,10972.461,43.751,832.58
2025-07-11 09:45:00,10972.461,43.751,832.58
2025-07-11 10:00:00,12765.074,44.75,1027.107
2025-07-11 10:15:00,12765.074,44.75,1027.107
2025-07-11 10:30:00,12765.074,44.75,1027.107
2025-07-11 10:45:00,12765.074,44.75,1027.107
2025-07-11 11:00:00,14767.3,72.0,1091.584
2025-07-11 11:15:00,14767.3,72.0,1091.584
2025-07-11 11:30:00,14767.3,72.0,1091.584
2025-07-11 11:45:00,14767.3,72.0,1091.584
2025-07-11 12:00:00,15900.605,99.0,1201.89
2025-07-11 12:15:00,15900.605,99.0,1201.89
2025-07-11 12:30:00,15900.605,99.0,1201.89
2025-07-11 12:45:00,15900.605,99.0,1201.89
2025-07-11 13:00:00,15515.056,112.501,1491.245
2025-07-11 13:15:00,15515.056,112.501,1491.245
2025-07-11 13:30:00,15515.056,112.501,1491.245
2025-07-11 13:45:00,15515.056,112.501,1491.245
2025-07-11 14:00:00,14655.139,88.001,1817.338
2025-07-11 14:15:00,14655.139,88.001,1817.338
2025-07-11 14:30:00,14655.139,88.001,1817.338
2025-07-11 14:45:00,14655.139,88.001,1817.338
2025-07-11 15:00:00,12475.248,102.25,2107.198
2025-07-11 15:15:00,12475.248,102.25,2107.198
2025-07-11 15:30:00,12475.248,102.25,2107.198
2025-07-11 15:45:00,12475.248,102.25,2107.198
2025-07-11 16:00:00,8830.146,89.0,2086.116
2025-07-11 16:15:00,8830.146,89.0,2086.116
2025-07-11 16:30:00,8830.146,89.0,2086.116
2025-07-11 16:45:00,8830.146,89.0,2086.116
2025-07-11 17:00:00,5941.771,120.5,1931.171
2025-07-11 17:15:00,5941.771,120.5,1931.171
2025-07-11 17:30:00,5941.771,120.5,1931.171
2025-07-11 17:45:00,5941.771,120.5,1931.171
2025-07-11 18:00:00,3137.031,211.0,1747.67
2025-07-11 18:15:00,3137.031,211.0,1747.67
2025-07-11 18:30:00,3137.031,211.0,1747.67
2025-07-11 18:45:00,3137.031,211.0,1747.67
2025-07-11 19:00:00,653.749,222.75,1201.753
2025-07-11 19:15:00,653.749,222.75,1201.753
2025-07-11 19:30:00,653.749,222.75,1201.753
2025-07-11 19:45:00,653.749,222.75,1201.753
2025-07-11 20:00:00,0.0,295.25,617.19
2025-07-11 20:15:00,0.0,295.25,617.19
2025-07-11 20:30:00,0.0,295.25,617.19
2025-07-11 20:45:00,0.0,295.25,617.19
2025-07-11 21:00:00,0.0,414.75,415.208
2025-07-11 21:15:00,0.0,414.75,415.208
2025-07-11 21:30:00,0.0,414.75,415.208
2025-07-11 21:45:00,0.0,414.75,415.208
2025-07-11 22:00:00,0.0,506.25,388.511
2025-07-11 22:15:00,0.0,506.25,388.511
2025-07-11 22:30:00,0.0,506.25,388.511
2025-07-11 22:45:00,0.0,506.25,388.511
2025-07-11 23:00:00,0.0,525.249,457.033
2025-07-11 23:15:00,0.0,525.249,457.033
2025-07-11 23:30:00,0.0,525.249,457.033
2025-07-11 23:45:00,0.0,525.249,457.033
2025-07-12 00:00:00,0.0,619.5,460.338
2025-07-12 00:15:00,0.0,619.5,460.338
2025-07-12 00:30:00,0.0,619.5,460.338
2025-07-12 00:45:00,0.0,619.5,460.338
2025-07-12 01:00:00,0.0,589.25,602.763
2025-07-12 01:15:00,0.0,589.25,602.763
2025-07-12 01:30:00,0.0,589.25,602.763
2025-07-12 01:45:00,0.0,589.25,602.763
2025-07-12 02:00:00,0.0,668.249,585.607
2025-07-12 02:15:00,0.0,668.249,585.607
2025-07-12 02:30:00,0.0,668.249,585.607
2025-07-12 02:45:00,0.0,668.249,585.607
2025-07-12 03:00:00,9.825,598.25,452.593
2025-07-12 03:15:00,9.825,598.25,452.593
2025-07-12 03:30:00,9.825,598.25,452.593
2025-07-12 03:45:00,9.825,598.25,452.593
2025-07-12 04:00:00,406.344,525.25,396.662
2025-07-12 04:15:00,406.344,525.25,396.662
2025-07-12 04:30:00,406.344,525.25,396.662
2025-07-12 04:45:00,406.344,525.25,396.662
2025-07-12 05:00:00,1575.677,474.001,469.677
2025-07-12 05:15:00,1575.677,474.001,469.677
2025-07-12 05:30:00,1575.677,474.001,469.677
2025-07-12 05:45:00,1575.677,474.001,469.677
2025-07-12 06:00:00,3902.093,578.499,841.583
2025-07-12 06:15:00,3902.093,578.499,841.583
2025-07-12 06:30:00,3902.093,578.499,841.583
2025-07-12 06:45:00,3902.093,578.499,841.583
2025-07-12 07:00:00,7820.288,577.002,1345.634
2025-07-12 07:15:00,7820.288,577.002,1345.634
2025-07-12 07:30:00,7820.288,577.002,1345.634
2025-07-12 07:45:00,7820.288,577.002,1345.634
2025-07-12 08:00:00,12131.903,554.249,1755.13
2025-07-12 08:15:00,12131.903,554.249,1755.13
2025-07-12 08:30:00,12131.903,554.249,1755.13
2025-07-12 08:45:00,12131.903,554.249,1755.13
2025-07-12 09:00:00,16971.201,415.0,2037.046
2025-07-12 09:15:00,16971.201,415.0,2037.046
2025-07-12 09:30:00,16971.201,415.0,2037.046
2025-07-12 09:45:00,16971.201,415.0,2037.046
2025-07-12 10:00:00,19664.117,440.749,2456.717
2025-07-12 10:15:00,19664.117,440.749,2456.717
2025-07-12 10:30:00,19664.117,440.749,2456.717
2025-07-12 10:45:00,19664.117,440.749,2456.717
2025-07-12 11:00:00,20711.782,406.25,2791.76
2025-07-12 11:15:00,20711.782,406.25,2791.76
2025-07-12 11:30:00,20711.782,406.25,2791.76
2025-07-12 11:45:00,20711.782,406.25,2791.76
2025-07-12 12:00:00,19990.495,344.75,3098.793
2025-07-12 12:15:00,19990.495,344.75,3098.793
2025-07-12 12:30:00,19990.495,344.75,3098.793
2025-07-12 12:45:00,19990.495,344.75,3098.793
2025-07-12 13:00:00,19256.738,634.5,3323.203
2025-07-12 13:15:00,19256.738,634.5,3323.203
2025-07-12 13:30:00,19256.738,634.5,3323.203
2025-07-12 13:45:00,19256.738,634.5,3323.203
2025-07-12 14:00:00,16042.771,841.999,3502.491
2025-07-12 14:15:00,16042.771,841.999,3502.491
2025-07-12 14:30:00,16042.771,841.999,3502.491
2025-07-12 14:45:00,16042.771,841.999,3502.491
2025-07-12 15:00:00,13085.37,968.0,3451.193
2025-07-12 15:15:00,13085.37,968.0,3451.193
2025-07-12 15:30:00,13085.37,968.0,3451.193
2025-07-12 15:45:00,13085.37,968.0,3451.193
2025-07-12 16:00:00,9370.585,882.5,3186.367
2025-07-12 16:15:00,9370.585,882.5,3186.367
2025-07-12 16:30:00,9370.585,882.5,3186.367
2025-07-12 16:45:00,9370.585,882.5,3186.367
2025-07-12 17:00:00,5341.116,825.25,2790.291
2025-07-12 17:15:00,5341.116,825.25,2790.291
2025-07-12 17:30:00,5341.116,825.25,2790.291
2025-07-12 17:45:00,5341.116,825.25,2790.291
2025-07-12 18:00:00,2290.072,997.501,2110.205
2025-07-12 18:15:00,2290.072,997.501,2110.205
2025-07-12 18:30:00,2290.072,997.501,2110.205
2025-07-12 18:45:00,2290.072,997.501,2110.205
2025-07-12 19:00:00,588.647,930.249,1256.211
2025-07-12 19:15:00,588.647,930.249,1256.211
2025-07-12 19:30:00,588.647,930.249,1256.211
2025-07-12 19:45:00,588.647,930.249,1256.211
2025-07-12 20:00:00,0.0,717.75,892.643
2025-07-12 20:15:00,0.0,717.75,892.643
2025-07-12 20:30:00,0.0,717.75,892.643
2025-07-12 20:45:00,0.0,717.75,892.643
2025-07-12 21:00:00,0.0,662.251,712.814
2025-07-12 21:15:00,0.0,662.251,712.814
2025-07-12 21:30:00,0.0,662.251,712.814
2025-07-12 21:45:00,0.0,662.251,712.814
2025-07-12 22:00:00,0.0,571.0,442.861
2025-07-12 22:15:00,0.0,571.0,442.861
2025-07-12 22:30:00,0.0,571.0,442.861
2025-07-12 22:45:00,0.0,571.0,442.861
2025-07-12 23:00:00,0.0,411.999,299.812
2025-07-12 23:15:00,0.0,411.999,299.812
2025-07-12 23:30:00,0.0,411.999,299.812
2025-07-12 23:45:00,0.0,411.999,299.812
2025-07-13 00:00:00,0.0,374.5,255.239
2025-07-13 00:15:00,0.0,374.5,255.239
2025-07-13 00:30:00,0.0,374.5,255.239
2025-07-13 00:45:00,0.0,374.5,255.239
2025-07-13 01:00:00,0.0,418.25,150.687
2025-07-13 01:15:00,0.0,418.25,150.687
2025-07-13 01:30:00,0.0,418.25,150.687
2025-07-13 01:45:00,0.0,418.25,150.687
2025-07-13 02:00:00,0.0,291.25,117.822
2025-07-13 02:15:00,0.0,291.25,117.822
2025-07-13 02:30:00,0.0,291.25,117.822
2025-07-13 02:45:00,0.0,291.25,117.822
2025-07-13 03:00:00,9.343,233.25,119.771
2025-07-13 03:15:00,9.343,233.25,119.771
2025-07-13 03:30:00,9.343,233.25,119.771
2025-07-13 03:45:00,9.343,233.25,119.771
2025-07-13 04:00:00,398.933,180.75,84.552
2025-07-13 04:15:00,398.933,180.75,84.552
2025-07-13 04:30:00,398.933,180.75,84.552
2025-07-13 04:45:00,398.933,180.75,84.552
2025-07-13 05:00:00,1566.037,247.751,81.794
2025-07-13 05:15:00,1566.037,247.751,81.794
2025-07-13 05:30:00,1566.037,247.751,81.794
2025-07-13 05:45:00,1566.037,247.751,81.794
2025-07-13 06:00:00,3544.957,186.5,122.536
2025-07-13 06:15:00,3544.957,186.5,122.536
2025-07-13 06:30:00,3544.957,186.5,122.536
2025-07-13 06:45:00,3544.957,186.5,122.536
2025-07-13 07:00:00,6334.246,89.25,160.333
2025-07-13 07:15:00,6334.246,89.25,160.333
2025-07-13 07:30:00,6334.246,89.25,160.333
2025-07-13 07:45:00,6334.246,89.25,160.333
2025-07-13 08:00:00,7683.919,59.5,284.958
2025-07-13 08:15:00,7683.919,59.5,284.958
2025-07-13 08:30:00,7683.919,59.5,284.958
2025-07-13 08:45:00,7683.919,59.5,284.958
2025-07-13 09:00:00,10463.743,67.5,512.356
2025-07-13 09:15:00,10463.743,67.5,512.356
2025-07-13 09:30:00,10463.743,67.5,512.356
2025-07-13 09:45:00,10463.743,67.5,512.356
2025-07-13 10:00:00,12247.599,89.25,560.287
2025-07-13 10:15:00,12247.599,89.25,560.287
2025-07-13 10:30:00,12247.599,89.25,560.287
2025-07-13 10:45:00,12247.599,89.25,560.287
2025-07-13 11:00:00,12105.707,114.25,794.248
2025-07-13 11:15:00,12105.707,114.25,794.248
2025-07-13 11:30:00,12105.707,114.25,794.248
2025-07-13 11:45:00,12105.707,114.25,794.248
2025-07-13 12:00:00,14371.295,162.249,888.254
2025-07-13 12:15:00,14371.295,162.249,888.254
2025-07-13 12:30:00,14371.295,162.249,888.254
2025-07-13 12:45:00,14371.295,162.249,888.254
2025-07-13 13:00:00,14579.399,191.5,798.215
2025-07-13 13:15:00,14579.399,191.5,798.215
2025-07-13 13:30:00,14579.399,191.5,798.215
2025-07-13 13:45:00,14579.399,191.5,798.215
2025-07-13 14:00:00,12850.238,141.75,969.183
2025-07-13 14:15:00,12850.238,141.75,969.183
2025-07-13 14:30:00,12850.238,141.75,969.183
2025-07-13 14:45:00,12850.238,141.75,969.183
2025-07-13 15:00:00,9844.934,165.0,1050.005
2025-07-13 15:15:00,9844.934,165.0,1050.005
2025-07-13 15:30:00,9844.934,165.0,1050.005
2025-07-13 15:45:00,9844.934,165.0,1050.005
2025-07-13 16:00:00,6380.291,220.75,1003.714
2025-07-13 16:15:00,6380.291,220.75,1003.714
2025-07-13 16:30:00,6380.291,220.75,1003.714
2025-07-13 16:45:00,6380.291,220.75,1003.714
2025-07-13 17:00:00,4435.858,260.25,800.309
2025-07-13 17:15:00,4435.858,260.25,800.309
2025-07-13 17:30:00,4435.858,260.25,800.309
2025-07-13 17:45:00,4435.858,260.25,800.309
2025-07-13 18:00:00,2133.767,250.5,568.835
2025-07-13 18:15:00,2133.767,250.5,568.835
2025-07-13 18:30:00,2133.767,250.5,568.835
2025-07-13 18:45:00,2133.767,250.5,568.835
2025-07-13 19:00:00,550.27,323.75,333.046
2025-07-13 19:15:00,550.27,323.75,333.046
2025-07-13 19:30:00,550.27,323.75,333.046
2025-07-13 19:45:00,550.27,323.75,333.046
2025-07-13 20:00:00,0.0,242.499,89.593
2025-07-13 20:15:00,0.0,242.499,89.593
2025-07-13 20:30:00,0.0,242.499,89.593
2025-07-13 20:45:00,0.0,242.499,89.593
2025-07-13 21:00:00,0.0,177.501,35.222
2025-07-13 21:15:00,0.0,177.501,35.222
2025-07-13 21:30:00,0.0,177.501,35.222
2025-07-13 21:45:00,0.0,177.501,35.222
2025-07-13 22:00:00,0.0,219.25,35.892
2025-07-13 22:15:00,0.0,219.25,35.892
2025-07-13 22:30:00,0.0,219.25,35.892
2025-07-13 22:45:00,0.0,219.25,35.892
2025-07-13 23:00:00,0.0,163.249,32.925
2025-07-13 23:15:00,0.0,163.249,32.925
2025-07-13 23:30:00,0.0,163.249,32.925
2025-07-13 23:45:00,0.0,163.249,32.925
2025-07-14 00:00:00,0.0,31.5,18.857
2025-07-14 00:15:00,0.0,31.5,18.857
2025-07-14 00:30:00,0.0,31.5,18.857
2025-07-14 00:45:00,0.0,31.5,18.857
2025-07-14 01:00:00,0.0,10.749,7.2
2025-07-14 01:15:00,0.0,10.749,7.2
2025-07-14 01:30:00,0.0,10.749,7.2
2025-07-14 01:45:00,0.0,10.749,7.2
2025-07-14 02:00:00,0.0,9.75,0.0
2025-07-14 02:15:00,0.0,9.75,0.0
2025-07-14 02:30:00,0.0,9.75,0.0
2025-07-14 02:45:00,0.0,9.75,0.0
2025-07-14 03:00:00,17.921,5.5,0.0
2025-07-14 03:15:00,17.921,5.5,0.0
2025-07-14 03:30:00,17.921,5.5,0.0
2025-07-14 03:45:00,17.921,5.5,0.0
2025-07-14 04:00:00,710.441,5.001,0.0
2025-07-14 04:15:00,710.441,5.001,0.0
2025-07-14 04:30:00,710.441,5.001,0.0
2025-07-14 04:45:00,710.441,5.001,0.0
2025-07-14 05:00:00,2535.346,4.75,0.0
2025-07-14 05:15:00,2535.346,4.75,0.0
2025-07-14 05:30:00,2535.346,4.75,0.0
2025-07-14 05:45:00,2535.346,4.75,0.0
2025-07-14 06:00:00,5164.28,2.5,2.92
2025-07-14 06:15:00,5164.28,2.5,2.92
2025-07-14 06:30:00,5164.28,2.5,2.92
2025-07-14 06:45:00,5164.28,2.5,2.92
2025-07-14 07:00:00,8784.366,92.75,58.806
2025-07-14 07:15:00,8784.366,92.75,58.806
2025-07-14 07:30:00,8784.366,92.75,58.806
2025-07-14 07:45:00,8784.366,92.75,58.806
2025-07-14 08:00:00,11323.8,386.0,132.623
2025-07-14 08:15:00,11323.8,386.0,132.623
2025-07-14 08:30:00,11323.8,386.0,132.623
2025-07-14 08:45:00,11323.8,386.0,132.623
2025-07-14 09:00:00,14066.502,498.25,388.927
2025-07-14 09:15:00,14066.502,498.25,388.927
2025-07-14 09:30:00,14066.502,498.25,388.927
2025-07-14 09:45:00,14066.502,498.25,388.927
2025-07-14 10:00:00,14363.516,675.749,720.575
2025-07-14 10:15:00,14363.516,675.749,720.575
2025-07-14 10:30:00,14363.516,675.749,720.575
2025-07-14 10:45:00,14363.516,675.749,720.575
2025-07-14 11:00:00,14524.671,1086.75,1336.135
2025-07-14 11:15:00,14524.671,1086.75,1336.135
2025-07-14 11:30:00,14524.671,1086.75,1336.135
2025-07-14 11:45:00,14524.671,1086.75,1336.135
2025-07-14 12:00:00,11636.971,1948.5,1751.837
2025-07-14 12:15:00,11636.971,1948.5,1751.837
2025-07-14 12:30:00,11636.971,1948.5,1751.837
2025-07-14 12:45:00,11636.971,1948.5,1751.837
2025-07-14 13:00:00,12330.051,2420.251,2175.644
2025-07-14 13:15:00,12330.051,2420.251,2175.644
2025-07-14 13:30:00,12330.051,2420.251,2175.644
2025-07-14 13:45:00,12330.051,2420.251,2175.644
2025-07-14 14:00:00,11184.257,3254.25,2466.378
2025-07-14 14:15:00,11184.257,3254.25,2466.378
2025-07-14 14:30:00,11184.257,3254.25,2466.378
2025-07-14 14:45:00,11184.257,3254.25,2466.378
2025-07-14 15:00:00,10401.747,3314.0,3121.898
2025-07-14 15:15:00,10401.747,3314.0,3121.898
2025-07-14 15:30:00,10401.747,3314.0,3121.898
2025-07-14 15:45:00,10401.747,3314.0,3121.898
2025-07-14 16:00:00,8680.799,3474.5,3978.161
2025-07-14 16:15:00,8680.799,3474.5,3978.161
2025-07-14 16:30:00,8680.799,3474.5,3978.161
2025-07-14 16:45:00,8680.799,3474.5,3978.161
2025-07-14 17:00:00,5205.167,3670.25,3877.043
2025-07-14 17:15:00,5205.167,3670.25,3877.043
2025-07-14 17:30:00,5205.167,3670.25,3877.043
2025-07-14 17:45:00,5205.167,3670.25,3877.043
2025-07-14 18:00:00,2108.466,3695.001,3918.19
2025-07-14 18:15:00,2108.466,3695.001,3918.19
2025-07-14 18:30:00,2108.466,3695.001,3918.19
2025-07-14 18:45:00,2108.466,3695.001,3918.19
2025-07-14 19:00:00,449.391,3726.5,3132.556
2025-07-14 19:15:00,449.391,3726.5,3132.556
2025-07-14 19:30:00,449.391,3726.5,3132.556
2025-07-14 19:45:00,449.391,3726.5,3132.556
2025-07-14 20:00:00,0.0,3789.5,2605.001
2025-07-14 20:15:00,0.0,3789.5,2605.001
2025-07-14 20:30:00,0.0,3789.5,2605.001
2025-07-14 20:45:00,0.0,3789.5,2605.001
2025-07-14 21:00:00,0.0,3837.751,2628.421
2025-07-14 21:15:00,0.0,3837.751,2628.421
2025-07-14 21:30:00,0.0,3837.751,2628.421
2025-07-14 21:45:00,0.0,3837.751,2628.421
2025-07-14 22:00:00,0.0,3770.0,2574.17
2025-07-14 22:15:00,0.0,3770.0,2574.17
2025-07-14 22:30:00,0.0,3770.0,2574.17
2025-07-14 22:45:00,0.0,3770.0,2574.17
2025-07-14 23:00:00,0.0,3670.749,2771.289
2025-07-14 23:15:00,0.0,3670.749,2771.289
2025-07-14 23:30:00,0.0,3670.749,2771.289
2025-07-14 23:45:00,0.0,3670.749,2771.289
2025-07-15 00:00:00,0.0,3698.75,2749.011
2025-07-15 00:15:00,0.0,3698.75,2749.011
2025-07-15 00:30:00,0.0,3698.75,2749.011
2025-07-15 00:45:00,0.0,3698.75,2749.011
2025-07-15 01:00:00,0.0,3601.75,2349.527
2025-07-15 01:15:00,0.0,3601.75,2349.527
2025-07-15 01:30:00,0.0,3601.75,2349.527
2025-07-15 01:45:00,0.0,3601.75,2349.527
2025-07-15 02:00:00,0.0,3182.751,2295.906
2025-07-15 02:15:00,0.0,3182.751,2295.906
2025-07-15 02:30:00,0.0,3182.751,2295.906
2025-07-15 02:45:00,0.0,3182.751,2295.906
2025-07-15 03:00:00,2.456,2217.5,1921.387
2025-07-15 03:15:00,2.456,2217.5,1921.387
2025-07-15 03:30:00,2.456,2217.5,1921.387
2025-07-15 03:45:00,2.456,2217.5,1921.387
2025-07-15 04:00:00,290.999,1854.5,1720.907
2025-07-15 04:15:00,290.999,1854.5,1720.907
2025-07-15 04:30:00,290.999,1854.5,1720.907
2025-07-15 04:45:00,290.999,1854.5,1720.907
2025-07-15 05:00:00,1974.323,1671.251,1655.651
2025-07-15 05:15:00,1974.323,1671.251,1655.651
2025-07-15 05:30:00,1974.323,1671.251,1655.651
2025-07-15 05:45:00,1974.323,1671.251,1655.651
2025-07-15 06:00:00,5217.83,1519.0,2083.815
2025-07-15 06:15:00,5217.83,1519.0,2083.815
2025-07-15 06:30:00,5217.83,1519.0,2083.815
2025-07-15 06:45:00,5217.83,1519.0,2083.815
2025-07-15 07:00:00,9510.304,1373.5,2590.033
2025-07-15 07:15:00,9510.304,1373.5,2590.033
2025-07-15 07:30:00,9510.304,1373.5,2590.033
2025-07-15 07:45:00,9510.304,1373.5,2590.033
2025-07-15 08:00:00,12709.567,1303.751,2654.11
2025-07-15 08:15:00,12709.567,1303.751,2654.11
2025-07-15 08:30:00,12709.567,1303.751,2654.11
2025-07-15 08:45:00,12709.567,1303.751,2654.11
2025-07-15 09:00:00,14821.182,1493.001,2923.767
2025-07-15 09:15:00,14821.182,1493.001,2923.767
2025-07-15 09:30:00,14821.182,1493.001,2923.767
2025-07-15 09:45:00,14821.182,1493.001,2923.767
2025-07-15 10:00:00,15108.396,1848.249,3037.465
2025-07-15 10:15:00,15108.396,1848.249,3037.465
2025-07-15 10:30:00,15108.396,1848.249,3037.465
2025-07-15 10:45:00,15108.396,1848.249,3037.465
2025-07-15 11:00:00,14371.707,2371.25,3129.723
2025-07-15 11:15:00,14371.707,2371.25,3129.723
2025-07-15 11:30:00,14371.707,2371.25,3129.723
2025-07-15 11:45:00,14371.707,2371.25,3129.723
2025-07-15 12:00:00,17314.474,1852.249,3905.255
2025-07-15 12:15:00,17314.474,1852.249,3905.255
2025-07-15 12:30:00,17314.474,1852.249,3905.255
2025-07-15 12:45:00,17314.474,1852.249,3905.255
2025-07-15 13:00:00,15770.037,2782.0,4653.037
2025-07-15 13:15:00,15770.037,2782.0,4653.037
2025-07-15 13:30:00,15770.037,2782.0,4653.037
2025-07-15 13:45:00,15770.037,2782.0,4653.037
2025-07-15 14:00:00,11629.808,3533.5,4314.829
2025-07-15 14:15:00,11629.808,3533.5,4314.829
2025-07-15 14:30:00,11629.808,3533.5,4314.829
2025-07-15 14:45:00,11629.808,3533.5,4314.829
2025-07-15 15:00:00,9764.573,3509.5,4027.469
2025-07-15 15:15:00,9764.573,3509.5,4027.469
2025-07-15 15:30:00,9764.573,3509.5,4027.469
2025-07-15 15:45:00,9764.573,3509.5,4027.469
2025-07-15 16:00:00,7194.316,3722.5,4204.049
2025-07-15 16:15:00,7194.316,3722.5,4204.049
2025-07-15 16:30:00,7194.316,3722.5,4204.049
2025-07-15 16:45:00,7194.316,3722.5,4204.049
2025-07-15 17:00:00,4831.175,3804.75,3789.628
2025-07-15 17:15:00,4831.175,3804.75,3789.628
2025-07-15 17:30:00,4831.175,3804.75,3789.628
2025-07-15 17:45:00,4831.175,3804.75,3789.628
2025-07-15 18:00:00,2064.12,3759.0,3101.464
2025-07-15 18:15:00,2064.12,3759.0,3101.464
2025-07-15 18:30:00,2064.12,3759.0,3101.464
2025-07-15 18:45:00,2064.12,3759.0,3101.464
2025-07-15 19:00:00,427.925,3825.5,2613.618
2025-07-15 19:15:00,427.925,3825.5,2613.618
2025-07-15 19:30:00,427.925,3825.5,2613.618
2025-07-15 19:45:00,427.925,3825.5,2613.618
2025-07-15 20:00:00,0.0,3805.749,2260.334
2025-07-15 20:15:00,0.0,3805.749,2260.334
2025-07-15 20:30:00,0.0,3805.749,2260.334
2025-07-15 20:45:00,0.0,3805.749,2260.334
2025-07-15 21:00:00,0.0,3742.25,2113.161
2025-07-15 21:15:00,0.0,3742.25,2113.161
2025-07-15 21:30:00,0.0,3742.25,2113.161
2025-07-15 21:45:00,0.0,3742.25,2113.161
2025-07-15 22:00:00,0.0,3936.0,2281.717
2025-07-15 22:15:00,0.0,3936.0,2281.717
2025-07-15 22:30:00,0.0,3936.0,2281.717
2025-07-15 22:45:00,0.0,3936.0,2281.717
2025-07-15 23:00:00,0.0,3611.5,2718.31
2025-07-15 23:15:00,0.0,3611.5,2718.31
2025-07-15 23:30:00,0.0,3611.5,2718.31
2025-07-15 23:45:00,0.0,3611.5,2718.31
2025-07-16 00:00:00,0.0,1987.501,3183.642
2025-07-16 00:15:00,0.0,1987.501,3183.642
2025-07-16 00:30:00,0.0,1987.501,3183.642
2025-07-16 00:45:00,0.0,1987.501,3183.642
2025-07-16 01:00:00,0.0,1314.0,2623.214
2025-07-16 01:15:00,0.0,1314.0,2623.214
2025-07-16 01:30:00,0.0,1314.0,2623.214
2025-07-16 01:45:00,0.0,1314.0,2623.214
2025-07-16 02:00:00,0.0,1878.25,1604.466
2025-07-16 02:15:00,0.0,1878.25,1604.466
2025-07-16 02:30:00,0.0,1878.25,1604.466
2025-07-16 02:45:00,0.0,1878.25,1604.466
2025-07-16 03:00:00,4.151,2644.251,1216.263
2025-07-16 03:15:00,4.151,2644.251,1216.263
2025-07-16 03:30:00,4.151,2644.251,1216.263
2025-07-16 03:45:00,4.151,2644.251,1216.263
2025-07-16 04:00:00,244.205,2505.999,1272.08
2025-07-16 04:15:00,244.205,2505.999,1272.08
2025-07-16 04:30:00,244.205,2505.999,1272.08
2025-07-16 04:45:00,244.205,2505.999,1272.08
2025-07-16 05:00:00,1504.793,2304.249,1486.729
2025-07-16 05:15:00,1504.793,2304.249,1486.729
2025-07-16 05:30:00,1504.793,2304.249,1486.729
2025-07-16 05:45:00,1504.793,2304.249,1486.729
2025-07-16 06:00:00,3770.116,2080.25,1812.91
2025-07-16 06:15:00,3770.116,2080.25,1812.91
2025-07-16 06:30:00,3770.116,2080.25,1812.91
2025-07-16 06:45:00,3770.116,2080.25,1812.91
2025-07-16 07:00:00,6353.351,1950.25,2160.277
2025-07-16 07:15:00,6353.351,1950.25,2160.277
2025-07-16 07:30:00,6353.351,1950.25,2160.277
2025-07-16 07:45:00,6353.351,1950.25,2160.277
2025-07-16 08:00:00,8389.733,1859.75,2383.685
2025-07-16 08:15:00,8389.733,1859.75,2383.685
2025-07-16 08:30:00,8389.733,1859.75,2383.685
2025-07-16 08:45:00,8389.733,1859.75,2383.685
2025-07-16 09:00:00,9158.734,1964.249,2519.534
2025-07-16 09:15:00,9158.734,1964.249,2519.534
2025-07-16 09:30:00,9158.734,1964.249,2519.534
2025-07-16 09:45:00,9158.734,1964.249,2519.534
2025-07-16 10:00:00,9947.919,1829.251,2480.895
2025-07-16 10:15:00,9947.919,1829.251,2480.895
2025-07-16 10:30:00,9947.919,1829.251,2480.895
2025-07-16 10:45:00,9947.919,1829.251,2480.895
2025-07-16 11:00:00,11733.842,1684.501,2901.832
2025-07-16 11:15:00,11733.842,1684.501,2901.832
2025-07-16 11:30:00,11733.842,1684.501,2901.832
2025-07-16 11:45:00,11733.842,1684.501,2901.832
2025-07-16 12:00:00,12009.392,1460.0,3356.065
2025-07-16 12:15:00,12009.392,1460.0,3356.065
2025-07-16 12:30:00,12009.392,1460.0,3356.065
2025-07-16 12:45:00,12009.392,1460.0,3356.065
2025-07-16 13:00:00,10898.067,1277.502,3379.459
2025-07-16 13:15:00,10898.067,1277.502,3379.459
2025-07-16 13:30:00,10898.067,1277.502,3379.459
2025-07-16 13:45:00,10898.067,1277.502,3379.459
2025-07-16 14:00:00,11291.65,1074.501,3433.766
2025-07-16 14:15:00,11291.65,1074.501,3433.766
2025-07-16 14:30:00,11291.65,1074.501,3433.766
2025-07-16 14:45:00,11291.65,1074.501,3433.766
2025-07-16 15:00:00,9688.615,1016.749,3285.507
2025-07-16 15:15:00,9688.615,1016.749,3285.507
2025-07-16 15:30:00,9688.615,1016.749,3285.507
2025-07-16 15:45:00,9688.615,1016.749,3285.507
2025-07-16 16:00:00,8085.802,804.749,3129.118
2025-07-16 16:15:00,8085.802,804.749,3129.118
2025-07-16 16:30:00,8085.802,804.749,3129.118
2025-07-16 16:45:00,8085.802,804.749,3129.118
2025-07-16 17:00:00,5751.956,566.75,2784.663
2025-07-16 17:15:00,5751.956,566.75,2784.663
2025-07-16 17:30:00,5751.956,566.75,2784.663
2025-07-16 17:45:00,5751.956,566.75,2784.663
2025-07-16 18:00:00,2646.868,464.499,2029.419
2025-07-16 18:15:00,2646.868,464.499,2029.419
2025-07-16 18:30:00,2646.868,464.499,2029.419
2025-07-16 18:45:00,2646.868,464.499,2029.419
2025-07-16 19:00:00,565.562,545.0,1160.971
2025-07-16 19:15:00,565.562,545.0,1160.971
2025-07-16 19:30:00,565.562,545.0,1160.971
2025-07-16 19:45:00,565.562,545.0,1160.971
2025-07-16 20:00:00,0.0,518.001,541.262
2025-07-16 20:15:00,0.0,518.001,541.262
2025-07-16 20:30:00,0.0,518.001,541.262
2025-07-16 20:45:00,0.0,518.001,541.262
2025-07-16 21:00:00,0.0,508.499,375.863
2025-07-16 21:15:00,0.0,508.499,375.863
2025-07-16 21:30:00,0.0,508.499,375.863
2025-07-16 21:45:00,0.0,508.499,375.863
2025-07-16 22:00:00,0.0,459.25,382.218
2025-07-16 22:15:00,0.0,459.25,382.218
2025-07-16 22:30:00,0.0,459.25,382.218
2025-07-16 22:45:00,0.0,459.25,382.218
2025-07-16 23:00:00,0.0,416.0,376.217
2025-07-16 23:15:00,0.0,416.0,376.217
2025-07-16 23:30:00,0.0,416.0,376.217
2025-07-16 23:45:00,0.0,416.0,376.217
2025-07-17 00:00:00,0.0,303.0,339.589
2025-07-17 00:15:00,0.0,303.0,339.589
2025-07-17 00:30:00,0.0,303.0,339.589
2025-07-17 00:45:00,0.0,303.0,339.589
2025-07-17 01:00:00,0.0,210.251,334.341
2025-07-17 01:15:00,0.0,210.251,334.341
2025-07-17 01:30:00,0.0,210.251,334.341
2025-07-17 01:45:00,0.0,210.251,334.341
2025-07-17 02:00:00,0.0,207.75,354.609
2025-07-17 02:15:00,0.0,207.75,354.609
2025-07-17 02:30:00,0.0,207.75,354.609
2025-07-17 02:45:00,0.0,207.75,354.609
2025-07-17 03:00:00,5.835,208.75,473.76
2025-07-17 03:15:00,5.835,208.75,473.76
2025-07-17 03:30:00,5.835,208.75,473.76
2025-07-17 03:45:00,5.835,208.75,473.76
2025-07-17 04:00:00,453.316,266.5,471.313
2025-07-17 04:15:00,453.316,266.5,471.313
2025-07-17 04:30:00,453.316,266.5,471.313
2025-07-17 04:45:00,453.316,266.5,471.313
2025-07-17 05:00:00,2205.061,268.75,520.619
2025-07-17 05:15:00,2205.061,268.75,520.619
2025-07-17 05:30:00,2205.061,268.75,520.619
2025-07-17 05:45:00,2205.061,268.75,520.619
2025-07-17 06:00:00,4923.986,279.249,856.252
2025-07-17 06:15:00,4923.986,279.249,856.252
2025-07-17 06:30:00,4923.986,279.249,856.252
2025-07-17 06:45:00,4923.986,279.249,856.252
2025-07-17 07:00:00,7797.025,259.501,1144.922
2025-07-17 07:15:00,7797.025,259.501,1144.922
2025-07-17 07:30:00,7797.025,259.501,1144.922
2025-07-17 07:45:00,7797.025,259.501,1144.922
2025-07-17 08:00:00,11118.846,264.0,1430.329
2025-07-17 08:15:00,11118.846,264.0,1430.329
2025-07-17 08:30:00,11118.846,264.0,1430.329
2025-07-17 08:45:00,11118.846,264.0,1430.329
2025-07-17 09:00:00,13998.237,260.5,1810.45
2025-07-17 09:15:00,13998.237,260.5,1810.45
2025-07-17 09:30:00,13998.237,260.5,1810.45
2025-07-17 09:45:00,13998.237,260.5,1810.45
2025-07-17 10:00:00,15467.259,250.501,1767.415
2025-07-17 10:15:00,15467.259,250.501,1767.415
2025-07-17 10:30:00,15467.259,250.501,1767.415
2025-07-17 10:45:00,15467.259,250.501,1767.415
2025-07-17 11:00:00,18100.442,264.5,1620.638
2025-07-17 11:15:00,18100.442,264.5,1620.638
2025-07-17 11:30:00,18100.442,264.5,1620.638
2025-07-17 11:45:00,18100.442,264.5,1620.638
2025-07-17 12:00:00,16145.305,314.0,1875.575
2025-07-17 12:15:00,16145.305,314.0,1875.575
2025-07-17 12:30:00,16145.305,314.0,1875.575
2025-07-17 12:45:00,16145.305,314.0,1875.575
2025-07-17 13:00:00,15024.695,293.5,2013.735
2025-07-17 13:15:00,15024.695,293.5,2013.735
2025-07-17 13:30:00,15024.695,293.5,2013.735
2025-07-17 13:45:00,15024.695,293.5,2013.735
2025-07-17 14:00:00,13899.993,237.499,1981.802
2025-07-17 14:15:00,13899.993,237.499,1981.802
2025-07-17 14:30:00,13899.993,237.499,1981.802
2025-07-17 14:45:00,13899.993,237.499,1981.802
2025-07-17 15:00:00,11957.639,152.25,1619.935
2025-07-17 15:15:00,11957.639,152.25,1619.935
2025-07-17 15:30:00,11957.639,152.25,1619.935
2025-07-17 15:45:00,11957.639,152.25,1619.935
2025-07-17 16:00:00,9447.068,153.25,1117.625
2025-07-17 16:15:00,9447.068,153.25,1117.625
2025-07-17 16:30:00,9447.068,153.25,1117.625
2025-07-17 16:45:00,9447.068,153.25,1117.625
2025-07-17 17:00:00,5618.242,147.251,795.727
2025-07-17 17:15:00,5618.242,147.251,795.727
2025-07-17 17:30:00,5618.242,147.251,795.727
2025-07-17 17:45:00,5618.242,147.251,795.727
2025-07-17 18:00:00,2441.551,90.75,459.796
2025-07-17 18:15:00,2441.551,90.75,459.796
2025-07-17 18:30:00,2441.551,90.75,459.796
2025-07-17 18:45:00,2441.551,90.75,459.796
2025-07-17 19:00:00,380.325,70.249,209.261
2025-07-17 19:15:00,380.325,70.249,209.261
2025-07-17 19:30:00,380.325,70.249,209.261
2025-07-17 19:45:00,380.325,70.249,209.261
2025-07-17 20:00:00,0.0,65.25,43.899
2025-07-17 20:15:00,0.0,65.25,43.899
2025-07-17 20:30:00,0.0,65.25,43.899
2025-07-17 20:45:00,0.0,65.25,43.899
2025-07-17 21:00:00,0.0,72.0,38.817
2025-07-17 21:15:00,0.0,72.0,38.817
2025-07-17 21:30:00,0.0,72.0,38.817
2025-07-17 21:45:00,0.0,72.0,38.817
2025-07-17 22:00:00,0.0,57.5,20.038
2025-07-17 22:15:00,0.0,57.5,20.038
2025-07-17 22:30:00,0.0,57.5,20.038
2025-07-17 22:45:00,0.0,57.5,20.038
2025-07-17 23:00:00,0.0,47.25,3.823
2025-07-17 23:15:00,0.0,47.25,3.823
2025-07-17 23:30:00,0.0,47.25,3.823
2025-07-17 23:45:00,0.0,47.25,3.823
2025-07-18 00:00:00,0.0,45.75,3.978
2025-07-18 00:15:00,0.0,45.75,3.978
2025-07-18 00:30:00,0.0,45.75,3.978
2025-07-18 00:45:00,0.0,45.75,3.978
2025-07-18 01:00:00,0.0,29.75,0.0
2025-07-18 01:15:00,0.0,29.75,0.0
2025-07-18 01:30:00,0.0,29.75,0.0
2025-07-18 01:45:00,0.0,29.75,0.0
2025-07-18 02:00:00,0.0,32.751,0.0
2025-07-18 02:15:00,0.0,32.751,0.0
2025-07-18 02:30:00,0.0,32.751,0.0
2025-07-18 02:45:00,0.0,32.751,0.0
2025-07-18 03:00:00,7.864,86.501,0.0
2025-07-18 03:15:00,7.864,86.501,0.0
2025-07-18 03:30:00,7.864,86.501,0.0
2025-07-18 03:45:00,7.864,86.501,0.0
2025-07-18 04:00:00,487.825,110.25,0.0
2025-07-18 04:15:00,487.825,110.25,0.0
2025-07-18 04:30:00,487.825,110.25,0.0
2025-07-18 04:45:00,487.825,110.25,0.0
2025-07-18 05:00:00,1997.54,140.5,2.958
2025-07-18 05:15:00,1997.54,140.5,2.958
2025-07-18 05:30:00,1997.54,140.5,2.958
2025-07-18 05:45:00,1997.54,140.5,2.958
2025-07-18 06:00:00,4424.07,177.25,31.09
2025-07-18 06:15:00,4424.07,177.25,31.09
2025-07-18 06:30:00,4424.07,177.25,31.09
2025-07-18 06:45:00,4424.07,177.25,31.09
2025-07-18 07:00:00,7447.597,124.25,49.332
2025-07-18 07:15:00,7447.597,124.25,49.332
2025-07-18 07:30:00,7447.597,124.25,49.332
2025-07-18 07:45:00,7447.597,124.25,49.332
2025-07-18 08:00:00,10354.601,55.75,37.715
2025-07-18 08:15:00,10354.601,55.75,37.715
2025-07-18 08:30:00,10354.601,55.75,37.715
2025-07-18 08:45:00,10354.601,55.75,37.715
2025-07-18 09:00:00,13589.731,35.5,12.562
2025-07-18 09:15:00,13589.731,35.5,12.562
2025-07-18 09:30:00,13589.731,35.5,12.562
2025-07-18 09:45:00,13589.731,35.5,12.562
2025-07-18 10:00:00,16673.065,19.751,47.818
2025-07-18 10:15:00,16673.065,19.751,47.818
2025-07-18 10:30:00,16673.065,19.751,47.818
2025-07-18 10:45:00,16673.065,19.751,47.818
2025-07-18 11:00:00,18173.163,11.999,105.036
2025-07-18 11:15:00,18173.163,11.999,105.036
2025-07-18 11:30:00,18173.163,11.999,105.036
2025-07-18 11:45:00,18173.163,11.999,105.036
2025-07-18 12:00:00,17027.76,6.249,88.262
2025-07-18 12:15:00,17027.76,6.249,88.262
2025-07-18 12:30:00,17027.76,6.249,88.262
2025-07-18 12:45:00,17027.76,6.249,88.262
2025-07-18 13:00:00,14437.263,4.0,58.125
2025-07-18 13:15:00,14437.263,4.0,58.125
2025-07-18 13:30:00,14437.263,4.0,58.125
2025-07-18 13:45:00,14437.263,4.0,58.125
2025-07-18 14:00:00,14232.795,1.749,25.377
2025-07-18 14:15:00,14232.795,1.749,25.377
2025-07-18 14:30:00,14232.795,1.749,25.377
2025-07-18 14:45:00,14232.795,1.749,25.377
2025-07-18 15:00:00,12275.506,1.749,73.43
2025-07-18 15:15:00,12275.506,1.749,73.43
2025-07-18 15:30:00,12275.506,1.749,73.43
2025-07-18 15:45:00,12275.506,1.749,73.43
2025-07-18 16:00:00,8999.064,4.0,110.636
2025-07-18 16:15:00,8999.064,4.0,110.636
2025-07-18 16:30:00,8999.064,4.0,110.636
2025-07-18 16:45:00,8999.064,4.0,110.636
2025-07-18 17:00:00,5710.664,18.251,183.683
2025-07-18 17:15:00,5710.664,18.251,183.683
2025-07-18 17:30:00,5710.664,18.251,183.683
2025-07-18 17:45:00,5710.664,18.251,183.683
2025-07-18 18:00:00,2838.278,79.0,233.974
2025-07-18 18:15:00,2838.278,79.0,233.974
2025-07-18 18:30:00,2838.278,79.0,233.974
2025-07-18 18:45:00,2838.278,79.0,233.974
2025-07-18 19:00:00,522.359,302.0,245.226
2025-07-18 19:15:00,522.359,302.0,245.226
2025-07-18 19:30:00,522.359,302.0,245.226
2025-07-18 19:45:00,522.359,302.0,245.226
2025-07-18 20:00:00,0.0,601.25,296.828
2025-07-18 20:15:00,0.0,601.25,296.828
2025-07-18 20:30:00,0.0,601.25,296.828
2025-07-18 20:45:00,0.0,601.25,296.828
2025-07-18 21:00:00,0.0,1023.0,353.348
2025-07-18 21:15:00,0.0,1023.0,353.348
2025-07-18 21:30:00,0.0,1023.0,353.348
2025-07-18 21:45:00,0.0,1023.0,353.348
2025-07-18 22:00:00,0.0,1525.25,450.502
2025-07-18 22:15:00,0.0,1525.25,450.502
2025-07-18 22:30:00,0.0,1525.25,450.502
2025-07-18 22:45:00,0.0,1525.25,450.502
2025-07-18 23:00:00,0.0,1741.001,469.497
2025-07-18 23:15:00,0.0,1741.001,469.497
2025-07-18 23:30:00,0.0,1741.001,469.497
2025-07-18 23:45:00,0.0,1741.001,469.497
2025-07-19 00:00:00,0.0,1504.0,640.346
2025-07-19 00:15:00,0.0,1504.0,640.346
2025-07-19 00:30:00,0.0,1504.0,640.346
2025-07-19 00:45:00,0.0,1504.0,640.346
2025-07-19 01:00:00,0.0,1561.251,566.416
2025-07-19 01:15:00,0.0,1561.251,566.416
2025-07-19 01:30:00,0.0,1561.251,566.416
2025-07-19 01:45:00,0.0,1561.251,566.416
2025-07-19 02:00:00,0.0,1559.75,558.478
2025-07-19 02:15:00,0.0,1559.75,558.478
2025-07-19 02:30:00,0.0,1559.75,558.478
2025-07-19 02:45:00,0.0,1559.75,558.478
2025-07-19 03:00:00,5.232,1266.75,601.95
2025-07-19 03:15:00,5.232,1266.75,601.95
2025-07-19 03:30:00,5.232,1266.75,601.95
2025-07-19 03:45:00,5.232,1266.75,601.95
2025-07-19 04:00:00,547.29,940.249,690.177
2025-07-19 04:15:00,547.29,940.249,690.177
2025-07-19 04:30:00,547.29,940.249,690.177
2025-07-19 04:45:00,547.29,940.249,690.177
2025-07-19 05:00:00,2884.859,866.749,839.81
2025-07-19 05:15:00,2884.859,866.749,839.81
2025-07-19 05:30:00,2884.859,866.749,839.81
2025-07-19 05:45:00,2884.859,866.749,839.81
2025-07-19 06:00:00,6335.684,866.75,1141.509
2025-07-19 06:15:00,6335.684,866.75,1141.509
2025-07-19 06:30:00,6335.684,866.75,1141.509
2025-07-19 06:45:00,6335.684,866.75,1141.509
2025-07-19 07:00:00,9785.168,777.749,1419.108
2025-07-19 07:15:00,9785.168,777.749,1419.108
2025-07-19 07:30:00,9785.168,777.749,1419.108
2025-07-19 07:45:00,9785.168,777.749,1419.108
2025-07-19 08:00:00,12571.698,716.25,1614.96
2025-07-19 08:15:00,12571.698,716.25,1614.96
2025-07-19 08:30:00,12571.698,716.25,1614.96
2025-07-19 08:45:00,12571.698,716.25,1614.96
2025-07-19 09:00:00,16465.417,793.749,1988.879
2025-07-19 09:15:00,16465.417,793.749,1988.879
2025-07-19 09:30:00,16465.417,793.749,1988.879
2025-07-19 09:45:00,16465.417,793.749,1988.879
2025-07-19 10:00:00,18172.416,983.501,2641.328
2025-07-19 10:15:00,18172.416,983.501,2641.328
2025-07-19 10:30:00,18172.416,983.501,2641.328
2025-07-19 10:45:00,18172.416,983.501,2641.328
2025-07-19 11:00:00,19209.015,712.25,2995.236
2025-07-19 11:15:00,19209.015,712.25,2995.236
2025-07-19 11:30:00,19209.015,712.25,2995.236
2025-07-19 11:45:00,19209.015,712.25,2995.236
2025-07-19 12:00:00,18716.445,778.75,3425.139
2025-07-19 12:15:00,18716.445,778.75,3425.139
2025-07-19 12:30:00,18716.445,778.75,3425.139
2025-07-19 12:45:00,18716.445,778.75,3425.139
2025-07-19 13:00:00,15782.604,1493.75,3548.173
2025-07-19 13:15:00,15782.604,1493.75,3548.173
2025-07-19 13:30:00,15782.604,1493.75,3548.173
2025-07-19 13:45:00,15782.604,1493.75,3548.173
2025-07-19 14:00:00,10129.442,2220.251,3333.125
2025-07-19 14:15:00,10129.442,2220.251,3333.125
2025-07-19 14:30:00,10129.442,2220.251,3333.125
2025-07-19 14:45:00,10129.442,2220.251,3333.125
2025-07-19 15:00:00,6934.261,2160.0,2873.727
2025-07-19 15:15:00,6934.261,2160.0,2873.727
2025-07-19 15:30:00,6934.261,2160.0,2873.727
2025-07-19 15:45:00,6934.261,2160.0,2873.727
2025-07-19 16:00:00,4134.624,2111.75,2331.404
2025-07-19 16:15:00,4134.624,2111.75,2331.404
2025-07-19 16:30:00,4134.624,2111.75,2331.404
2025-07-19 16:45:00,4134.624,2111.75,2331.404
2025-07-19 17:00:00,2320.112,2263.25,1915.606
2025-07-19 17:15:00,2320.112,2263.25,1915.606
2025-07-19 17:30:00,2320.112,2263.25,1915.606
2025-07-19 17:45:00,2320.112,2263.25,1915.606
2025-07-19 18:00:00,994.439,2307.0,1619.756
2025-07-19 18:15:00,994.439,2307.0,1619.756
2025-07-19 18:30:00,994.439,2307.0,1619.756
2025-07-19 18:45:00,994.439,2307.0,1619.756
2025-07-19 19:00:00,209.124,2189.5,1415.03
2025-07-19 19:15:00,209.124,2189.5,1415.03
2025-07-19 19:30:00,209.124,2189.5,1415.03
2025-07-19 19:45:00,209.124,2189.5,1415.03
2025-07-19 20:00:00,0.0,1798.75,1005.91
2025-07-19 20:15:00,0.0,1798.75,1005.91
2025-07-19 20:30:00,0.0,1798.75,1005.91
2025-07-19 20:45:00,0.0,1798.75,1005.91
2025-07-19 21:00:00,0.0,1527.999,703.416
2025-07-19 21:15:00,0.0,1527.999,703.416
2025-07-19 21:30:00,0.0,1527.999,703.416
2025-07-19 21:45:00,0.0,1527.999,703.416
2025-07-19 22:00:00,0.0,1669.499,617.771
2025-07-19 22:15:00,0.0,1669.499,617.771
2025-07-19 22:30:00,0.0,1669.499,617.771
2025-07-19 22:45:00,0.0,1669.499,617.771
2025-07-19 23:00:00,0.0,1390.25,487.058
2025-07-19 23:15:00,0.0,1390.25,487.058
2025-07-19 23:30:00,0.0,1390.25,487.058
2025-07-19 23:45:00,0.0,1390.25,487.058
2025-07-20 00:00:00,0.0,1005.001,387.529
2025-07-20 00:15:00,0.0,1005.001,387.529
2025-07-20 00:30:00,0.0,1005.001,387.529
2025-07-20 00:45:00,0.0,1005.001,387.529
2025-07-20 01:00:00,0.0,525.249,400.739
2025-07-20 01:15:00,0.0,525.249,400.739
2025-07-20 01:30:00,0.0,525.249,400.739
2025-07-20 01:45:00,0.0,525.249,400.739
2025-07-20 02:00:00,0.0,353.25,179.51
2025-07-20 02:15:00,0.0,353.25,179.51
2025-07-20 02:30:00,0.0,353.25,179.51
2025-07-20 02:45:00,0.0,353.25,179.51
2025-07-20 03:00:00,2.778,349.501,102.134
2025-07-20 03:15:00,2.778,349.501,102.134
2025-07-20 03:30:00,2.778,349.501,102.134
2025-07-20 03:45:00,2.778,349.501,102.134
2025-07-20 04:00:00,250.865,130.25,129.454
2025-07-20 04:15:00,250.865,130.25,129.454
2025-07-20 04:30:00,250.865,130.25,129.454
2025-07-20 04:45:00,250.865,130.25,129.454
2025-07-20 05:00:00,1075.948,79.25,89.687
2025-07-20 05:15:00,1075.948,79.25,89.687
2025-07-20 05:30:00,1075.948,79.25,89.687
2025-07-20 05:45:00,1075.948,79.25,89.687
2025-07-20 06:00:00,2895.011,156.25,149.377
2025-07-20 06:15:00,2895.011,156.25,149.377
2025-07-20 06:30:00,2895.011,156.25,149.377
2025-07-20 06:45:00,2895.011,156.25,149.377
2025-07-20 07:00:00,5478.161,155.501,302.369
2025-07-20 07:15:00,5478.161,155.501,302.369
2025-07-20 07:30:00,5478.161,155.501,302.369
2025-07-20 07:45:00,5478.161,155.501,302.369
2025-07-20 08:00:00,10398.943,167.0,524.916
2025-07-20 08:15:00,10398.943,167.0,524.916
2025-07-20 08:30:00,10398.943,167.0,524.916
2025-07-20 08:45:00,10398.943,167.0,524.916
2025-07-20 09:00:00,13784.902,137.749,906.693
2025-07-20 09:15:00,13784.902,137.749,906.693
2025-07-20 09:30:00,13784.902,137.749,906.693
2025-07-20 09:45:00,13784.902,137.749,906.693
2025-07-20 10:00:00,15917.909,165.0,1255.137
2025-07-20 10:15:00,15917.909,165.0,1255.137
2025-07-20 10:30:00,15917.909,165.0,1255.137
2025-07-20 10:45:00,15917.909,165.0,1255.137
2025-07-20 11:00:00,16213.693,147.75,1613.603
2025-07-20 11:15:00,16213.693,147.75,1613.603
2025-07-20 11:30:00,16213.693,147.75,1613.603
2025-07-20 11:45:00,16213.693,147.75,1613.603
2025-07-20 12:00:00,11383.222,802.25,2302.96
2025-07-20 12:15:00,11383.222,802.25,2302.96
2025-07-20 12:30:00,11383.222,802.25,2302.96
2025-07-20 12:45:00,11383.222,802.25,2302.96
2025-07-20 13:00:00,9183.389,811.001,2444.027
2025-07-20 13:15:00,9183.389,811.001,2444.027
2025-07-20 13:30:00,9183.389,811.001,2444.027
2025-07-20 13:45:00,9183.389,811.001,2444.027
2025-07-20 14:00:00,6474.347,917.25,2391.169
2025-07-20 14:15:00,6474.347,917.25,2391.169
2025-07-20 14:30:00,6474.347,917.25,2391.169
2025-07-20 14:45:00,6474.347,917.25,2391.169
2025-07-20 15:00:00,5161.522,516.0,1743.55
2025-07-20 15:15:00,5161.522,516.0,1743.55
2025-07-20 15:30:00,5161.522,516.0,1743.55
2025-07-20 15:45:00,5161.522,516.0,1743.55
2025-07-20 16:00:00,5418.383,239.5,992.174
2025-07-20 16:15:00,5418.383,239.5,992.174
2025-07-20 16:30:00,5418.383,239.5,992.174
2025-07-20 16:45:00,5418.383,239.5,992.174
2025-07-20 17:00:00,2793.751,257.5,460.911
2025-07-20 17:15:00,2793.751,257.5,460.911
2025-07-20 17:30:00,2793.751,257.5,460.911
2025-07-20 17:45:00,2793.751,257.5,460.911
2025-07-20 18:00:00,1927.876,213.999,363.141
2025-07-20 18:15:00,1927.876,213.999,363.141
2025-07-20 18:30:00,1927.876,213.999,363.141
2025-07-20 18:45:00,1927.876,213.999,363.141
2025-07-20 19:00:00,543.263,173.75,430.687
2025-07-20 19:15:00,543.263,173.75,430.687
2025-07-20 19:30:00,543.263,173.75,430.687
2025-07-20 19:45:00,543.263,173.75,430.687
2025-07-20 20:00:00,0.0,325.501,161.447
2025-07-20 20:15:00,0.0,325.501,161.447
2025-07-20 20:30:00,0.0,325.501,161.447
2025-07-20 20:45:00,0.0,325.501,161.447
2025-07-20 21:00:00,0.0,429.749,73.066
2025-07-20 21:15:00,0.0,429.749,73.066
2025-07-20 21:30:00,0.0,429.749,73.066
2025-07-20 21:45:00,0.0,429.749,73.066
2025-07-20 22:00:00,0.0,657.75,139.412
2025-07-20 22:15:00,0.0,657.75,139.412
2025-07-20 22:30:00,0.0,657.75,139.412
2025-07-20 22:45:00,0.0,657.75,139.412
2025-07-20 23:00:00,0.0,507.251,153.774
2025-07-20 23:15:00,0.0,507.251,153.774
2025-07-20 23:30:00,0.0,507.251,153.774
2025-07-20 23:45:00,0.0,507.251,153.774
2025-07-21 00:00:00,0.0,461.5,185.426
2025-07-21 00:15:00,0.0,461.5,185.426
2025-07-21 00:30:00,0.0,461.5,185.426
2025-07-21 00:45:00,0.0,461.5,185.426
2025-07-21 01:00:00,0.0,693.5,386.438
2025-07-21 01:15:00,0.0,693.5,386.438
2025-07-21 01:30:00,0.0,693.5,386.438
2025-07-21 01:45:00,0.0,693.5,386.438
2025-07-21 02:00:00,0.0,1141.002,616.996
2025-07-21 02:15:00,0.0,1141.002,616.996
2025-07-21 02:30:00,0.0,1141.002,616.996
2025-07-21 02:45:00,0.0,1141.002,616.996
2025-07-21 03:00:00,1.486,1200.5,691.334
2025-07-21 03:15:00,1.486,1200.5,691.334
2025-07-21 03:30:00,1.486,1200.5,691.334
2025-07-21 03:45:00,1.486,1200.5,691.334
2025-07-21 04:00:00,258.08,1496.0,634.151
2025-07-21 04:15:00,258.08,1496.0,634.151
2025-07-21 04:30:00,258.08,1496.0,634.151
2025-07-21 04:45:00,258.08,1496.0,634.151
2025-07-21 05:00:00,1877.048,1547.751,884.533
2025-07-21 05:15:00,1877.048,1547.751,884.533
2025-07-21 05:30:00,1877.048,1547.751,884.533
2025-07-21 05:45:00,1877.048,1547.751,884.533
2025-07-21 06:00:00,5005.632,1781.0,1206.01
2025-07-21 06:15:00,5005.632,1781.0,1206.01
2025-07-21 06:30:00,5005.632,1781.0,1206.01
2025-07-21 06:45:00,5005.632,1781.0,1206.01
2025-07-21 07:00:00,10189.26,2057.75,1759.546
2025-07-21 07:15:00,10189.26,2057.75,1759.546
2025-07-21 07:30:00,10189.26,2057.75,1759.546
2025-07-21 07:45:00,10189.26,2057.75,1759.546
2025-07-21 08:00:00,14297.608,1675.0,2395.879
2025-07-21 08:15:00,14297.608,1675.0,2395.879
2025-07-21 08:30:00,14297.608,1675.0,2395.879
2025-07-21 08:45:00,14297.608,1675.0,2395.879
2025-07-21 09:00:00,14701.297,1240.75,3062.367
2025-07-21 09:15:00,14701.297,1240.75,3062.367
2025-07-21 09:30:00,14701.297,1240.75,3062.367
2025-07-21 09:45:00,14701.297,1240.75,3062.367
2025-07-21 10:00:00,14279.155,1107.251,3460.055
2025-07-21 10:15:00,14279.155,1107.251,3460.055
2025-07-21 10:30:00,14279.155,1107.251,3460.055
2025-07-21 10:45:00,14279.155,1107.251,3460.055
2025-07-21 11:00:00,14247.652,1103.001,3581.417
2025-07-21 11:15:00,14247.652,1103.001,3581.417
2025-07-21 11:30:00,14247.652,1103.001,3581.417
2025-07-21 11:45:00,14247.652,1103.001,3581.417
2025-07-21 12:00:00,12852.596,805.749,3613.771
2025-07-21 12:15:00,12852.596,805.749,3613.771
2025-07-21 12:30:00,12852.596,805.749,3613.771
2025-07-21 12:45:00,12852.596,805.749,3613.771
2025-07-21 13:00:00,11296.736,627.0,3099.492
2025-07-21 13:15:00,11296.736,627.0,3099.492
2025-07-21 13:30:00,11296.736,627.0,3099.492
2025-07-21 13:45:00,11296.736,627.0,3099.492
2025-07-21 14:00:00,12036.334,550.0,2227.74
2025-07-21 14:15:00,12036.334,550.0,2227.74
2025-07-21 14:30:00,12036.334,550.0,2227.74
2025-07-21 14:45:00,12036.334,550.0,2227.74
2025-07-21 15:00:00,6971.328,490.25,1702.46
2025-07-21 15:15:00,6971.328,490.25,1702.46
2025-07-21 15:30:00,6971.328,490.25,1702.46
2025-07-21 15:45:00,6971.328,490.25,1702.46
2025-07-21 16:00:00,7227.462,432.0,1290.406
2025-07-21 16:15:00,7227.462,432.0,1290.406
2025-07-21 16:30:00,7227.462,432.0,1290.406
2025-07-21 16:45:00,7227.462,432.0,1290.406
2025-07-21 17:00:00,4459.783,393.75,797.765
2025-07-21 17:15:00,4459.783,393.75,797.765
2025-07-21 17:30:00,4459.783,393.75,797.765
2025-07-21 17:45:00,4459.783,393.75,797.765
2025-07-21 18:00:00,1336.14,366.0,488.23
2025-07-21 18:15:00,1336.14,366.0,488.23
2025-07-21 18:30:00,1336.14,366.0,488.23
2025-07-21 18:45:00,1336.14,366.0,488.23
2025-07-21 19:00:00,417.933,405.75,283.589
2025-07-21 19:15:00,417.933,405.75,283.589
2025-07-21 19:30:00,417.933,405.75,283.589
2025-07-21 19:45:00,417.933,405.75,283.589
2025-07-21 20:00:00,0.0,520.752,268.442
2025-07-21 20:15:00,0.0,520.752,268.442
2025-07-21 20:30:00,0.0,520.752,268.442
2025-07-21 20:45:00,0.0,520.752,268.442
2025-07-21 21:00:00,0.0,491.502,517.366
2025-07-21 21:15:00,0.0,491.502,517.366
2025-07-21 21:30:00,0.0,491.502,517.366
2025-07-21 21:45:00,0.0,491.502,517.366
2025-07-21 22:00:00,0.0,617.0,590.134
2025-07-21 22:15:00,0.0,617.0,590.134
2025-07-21 22:30:00,0.0,617.0,590.134
2025-07-21 22:45:00,0.0,617.0,590.134
2025-07-21 23:00:00,0.0,741.0,792.492
2025-07-21 23:15:00,0.0,741.0,792.492
2025-07-21 23:30:00,0.0,741.0,792.492
2025-07-21 23:45:00,0.0,741.0,792.492
2025-07-22 00:00:00,0.0,846.249,719.892
2025-07-22 00:15:00,0.0,846.249,719.892
2025-07-22 00:30:00,0.0,846.249,719.892
2025-07-22 00:45:00,0.0,846.249,719.892
2025-07-22 01:00:00,0.0,919.5,752.906
2025-07-22 01:15:00,0.0,919.5,752.906
2025-07-22 01:30:00,0.0,919.5,752.906
2025-07-22 01:45:00,0.0,919.5,752.906
2025-07-22 02:00:00,0.0,796.0,801.258
2025-07-22 02:15:00,0.0,796.0,801.258
2025-07-22 02:30:00,0.0,796.0,801.258
2025-07-22 02:45:00,0.0,796.0,801.258
2025-07-22 03:00:00,1.011,719.999,869.733
2025-07-22 03:15:00,1.011,719.999,869.733
2025-07-22 03:30:00,1.011,719.999,869.733
2025-07-22 03:45:00,1.011,719.999,869.733
2025-07-22 04:00:00,144.845,647.0,1004.846
2025-07-22 04:15:00,144.845,647.0,1004.846
2025-07-22 04:30:00,144.845,647.0,1004.846
2025-07-22 04:45:00,144.845,647.0,1004.846
2025-07-22 05:00:00,875.008,922.249,1078.95
2025-07-22 05:15:00,875.008,922.249,1078.95
2025-07-22 05:30:00,875.008,922.249,1078.95
2025-07-22 05:45:00,875.008,922.249,1078.95
2025-07-22 06:00:00,2650.993,1051.25,1191.137
2025-07-22 06:15:00,2650.993,1051.25,1191.137
2025-07-22 06:30:00,2650.993,1051.25,1191.137
2025-07-22 06:45:00,2650.993,1051.25,1191.137
2025-07-22 07:00:00,5511.008,1187.5,1616.708
2025-07-22 07:15:00,5511.008,1187.5,1616.708
2025-07-22 07:30:00,5511.008,1187.5,1616.708
2025-07-22 07:45:00,5511.008,1187.5,1616.708
2025-07-22 08:00:00,8406.242,1149.499,2422.574
2025-07-22 08:15:00,8406.242,1149.499,2422.574
2025-07-22 08:30:00,8406.242,1149.499,2422.574
2025-07-22 08:45:00,8406.242,1149.499,2422.574
2025-07-22 09:00:00,11190.944,1015.5,3032.388
2025-07-22 09:15:00,11190.944,1015.5,3032.388
2025-07-22 09:30:00,11190.944,1015.5,3032.388
2025-07-22 09:45:00,11190.944,1015.5,3032.388
2025-07-22 10:00:00,13726.283,1050.251,3487.428
2025-07-22 10:15:00,13726.283,1050.251,3487.428
2025-07-22 10:30:00,13726.283,1050.251,3487.428
2025-07-22 10:45:00,13726.283,1050.251,3487.428
2025-07-22 11:00:00,13653.163,1285.5,4186.675
2025-07-22 11:15:00,13653.163,1285.5,4186.675
2025-07-22 11:30:00,13653.163,1285.5,4186.675
2025-07-22 11:45:00,13653.163,1285.5,4186.675
2025-07-22 12:00:00,10753.361,1385.751,4153.094
2025-07-22 12:15:00,10753.361,1385.751,4153.094
2025-07-22 12:30:00,10753.361,1385.751,4153.094
2025-07-22 12:45:00,10753.361,1385.751,4153.094
2025-07-22 13:00:00,12137.096,895.499,4536.692
2025-07-22 13:15:00,12137.096,895.499,4536.692
2025-07-22 13:30:00,12137.096,895.499,4536.692
2025-07-22 13:45:00,12137.096,895.499,4536.692
2025-07-22 14:00:00,11835.252,1076.75,4493.623
2025-07-22 14:15:00,11835.252,1076.75,4493.623
2025-07-22 14:30:00,11835.252,1076.75,4493.623
2025-07-22 14:45:00,11835.252,1076.75,4493.623
2025-07-22 15:00:00,10956.792,1343.499,4326.599
2025-07-22 15:15:00,10956.792,1343.499,4326.599
2025-07-22 15:30:00,10956.792,1343.499,4326.599
2025-07-22 15:45:00,10956.792,1343.499,4326.599
2025-07-22 16:00:00,8205.817,1391.999,4215.919
2025-07-22 16:15:00,8205.817,1391.999,4215.919
2025-07-22 16:30:00,8205.817,1391.999,4215.919
2025-07-22 16:45:00,8205.817,1391.999,4215.919
2025-07-22 17:00:00,5017.468,1281.5,3827.458
2025-07-22 17:15:00,5017.468,1281.5,3827.458
2025-07-22 17:30:00,5017.468,1281.5,3827.458
2025-07-22 17:45:00,5017.468,1281.5,3827.458
2025-07-22 18:00:00,2327.274,1339.75,3276.154
2025-07-22 18:15:00,2327.274,1339.75,3276.154
2025-07-22 18:30:00,2327.274,1339.75,3276.154
2025-07-22 18:45:00,2327.274,1339.75,3276.154
2025-07-22 19:00:00,355.185,1792.751,2475.593
2025-07-22 19:15:00,355.185,1792.751,2475.593
2025-07-22 19:30:00,355.185,1792.751,2475.593
2025-07-22 19:45:00,355.185,1792.751,2475.593
2025-07-22 20:00:00,0.0,1793.25,1837.612
2025-07-22 20:15:00,0.0,1793.25,1837.612
2025-07-22 20:30:00,0.0,1793.25,1837.612
2025-07-22 20:45:00,0.0,1793.25,1837.612
2025-07-22 21:00:00,0.0,1005.001,1574.333
2025-07-22 21:15:00,0.0,1005.001,1574.333
2025-07-22 21:30:00,0.0,1005.001,1574.333
2025-07-22 21:45:00,0.0,1005.001,1574.333
2025-07-22 22:00:00,0.0,740.5,1509.053
2025-07-22 22:15:00,0.0,740.5,1509.053
2025-07-22 22:30:00,0.0,740.5,1509.053
2025-07-22 22:45:00,0.0,740.5,1509.053
2025-07-22 23:00:00,0.0,967.749,1367.753
2025-07-22 23:15:00,0.0,967.749,1367.753
2025-07-22 23:30:00,0.0,967.749,1367.753
2025-07-22 23:45:00,0.0,967.749,1367.753
2025-07-23 00:00:00,0.0,1048.749,1230.772
2025-07-23 00:15:00,0.0,1048.749,1230.772
2025-07-23 00:30:00,0.0,1048.749,1230.772
2025-07-23 00:45:00,0.0,1048.749,1230.772
2025-07-23 01:00:00,0.0,924.25,1092.2
2025-07-23 01:15:00,0.0,924.25,1092.2
2025-07-23 01:30:00,0.0,924.25,1092.2
2025-07-23 01:45:00,0.0,924.25,1092.2
2025-07-23 02:00:00,0.0,669.25,1012.094
2025-07-23 02:15:00,0.0,669.25,1012.094
2025-07-23 02:30:00,0.0,669.25,1012.094
2025-07-23 02:45:00,0.0,669.25,1012.094
2025-07-23 03:00:00,1.296,462.5,930.205
2025-07-23 03:15:00,1.296,462.5,930.205
2025-07-23 03:30:00,1.296,462.5,930.205
2025-07-23 03:45:00,1.296,462.5,930.205
2025-07-23 04:00:00,218.283,318.999,849.038
2025-07-23 04:15:00,218.283,318.999,849.038
2025-07-23 04:30:00,218.283,318.999,849.038
2025-07-23 04:45:00,218.283,318.999,849.038
2025-07-23 05:00:00,1322.411,301.25,791.365
2025-07-23 05:15:00,1322.411,301.25,791.365
2025-07-23 05:30:00,1322.411,301.25,791.365
2025-07-23 05:45:00,1322.411,301.25,791.365
2025-07-23 06:00:00,3532.528,285.249,1009.437
2025-07-23 06:15:00,3532.528,285.249,1009.437
2025-07-23 06:30:00,3532.528,285.249,1009.437
2025-07-23 06:45:00,3532.528,285.249,1009.437
2025-07-23 07:00:00,5637.55,253.5,1298.111
2025-07-23 07:15:00,5637.55,253.5,1298.111
2025-07-23 07:30:00,5637.55,253.5,1298.111
2025-07-23 07:45:00,5637.55,253.5,1298.111
2025-07-23 08:00:00,7142.543,334.998,1252.846
2025-07-23 08:15:00,7142.543,334.998,1252.846
2025-07-23 08:30:00,7142.543,334.998,1252.846
2025-07-23 08:45:00,7142.543,334.998,1252.846
2025-07-23 09:00:00,10102.919,314.25,1540.254
2025-07-23 09:15:00,10102.919,314.25,1540.254
2025-07-23 09:30:00,10102.919,314.25,1540.254
2025-07-23 09:45:00,10102.919,314.25,1540.254
2025-07-23 10:00:00,11595.434,299.5,1806.064
2025-07-23 10:15:00,11595.434,299.5,1806.064
2025-07-23 10:30:00,11595.434,299.5,1806.064
2025-07-23 10:45:00,11595.434,299.5,1806.064
2025-07-23 11:00:00,13508.071,288.0,2024.454
2025-07-23 11:15:00,13508.071,288.0,2024.454
2025-07-23 11:30:00,13508.071,288.0,2024.454
2025-07-23 11:45:00,13508.071,288.0,2024.454
2025-07-23 12:00:00,14550.122,267.25,2223.306
2025-07-23 12:15:00,14550.122,267.25,2223.306
2025-07-23 12:30:00,14550.122,267.25,2223.306
2025-07-23 12:45:00,14550.122,267.25,2223.306
2025-07-23 13:00:00,13593.411,334.5,2727.108
2025-07-23 13:15:00,13593.411,334.5,2727.108
2025-07-23 13:30:00,13593.411,334.5,2727.108
2025-07-23 13:45:00,13593.411,334.5,2727.108
2025-07-23 14:00:00,11861.29,408.999,3020.299
2025-07-23 14:15:00,11861.29,408.999,3020.299
2025-07-23 14:30:00,11861.29,408.999,3020.299
2025-07-23 14:45:00,11861.29,408.999,3020.299
2025-07-23 15:00:00,9429.419,530.75,2826.19
2025-07-23 15:15:00,9429.419,530.75,2826.19
2025-07-23 15:30:00,9429.419,530.75,2826.19
2025-07-23 15:45:00,9429.419,530.75,2826.19
2025-07-23 16:00:00,6686.024,523.749,2400.49
2025-07-23 16:15:00,6686.024,523.749,2400.49
2025-07-23 16:30:00,6686.024,523.749,2400.49
2025-07-23 16:45:00,6686.024,523.749,2400.49
2025-07-23 17:00:00,4362.353,512.001,1850.706
2025-07-23 17:15:00,4362.353,512.001,1850.706
2025-07-23 17:30:00,4362.353,512.001,1850.706
2025-07-23 17:45:00,4362.353,512.001,1850.706
2025-07-23 18:00:00,1751.919,400.75,1144.606
2025-07-23 18:15:00,1751.919,400.75,1144.606
2025-07-23 18:30:00,1751.919,400.75,1144.606
2025-07-23 18:45:00,1751.919,400.75,1144.606
2025-07-23 19:00:00,349.61,385.501,632.441
2025-07-23 19:15:00,349.61,385.501,632.441
2025-07-23 19:30:00,349.61,385.501,632.441
2025-07-23 19:45:00,349.61,385.501,632.441
2025-07-23 20:00:00,0.0,393.501,354.353
2025-07-23 20:15:00,0.0,393.501,354.353
2025-07-23 20:30:00,0.0,393.501,354.353
2025-07-23 20:45:00,0.0,393.501,354.353
2025-07-23 21:00:00,0.0,524.0,303.534
2025-07-23 21:15:00,0.0,524.0,303.534
2025-07-23 21:30:00,0.0,524.0,303.534
2025-07-23 21:45:00,0.0,524.0,303.534
2025-07-23 22:00:00,0.0,465.501,297.513
2025-07-23 22:15:00,0.0,465.501,297.513
2025-07-23 22:30:00,0.0,465.501,297.513
2025-07-23 22:45:00,0.0,465.501,297.513
2025-07-23 23:00:00,0.0,371.25,238.445
2025-07-23 23:15:00,0.0,371.25,238.445
2025-07-23 23:30:00,0.0,371.25,238.445
2025-07-23 23:45:00,0.0,371.25,238.445
2025-07-24 00:00:00,0.0,436.5,177.795
2025-07-24 00:15:00,0.0,436.5,177.795
2025-07-24 00:30:00,0.0,436.5,177.795
2025-07-24 00:45:00,0.0,436.5,177.795
2025-07-24 01:00:00,0.0,543.75,233.302
2025-07-24 01:15:00,0.0,543.75,233.302
2025-07-24 01:30:00,0.0,543.75,233.302
2025-07-24 01:45:00,0.0,543.75,233.302
2025-07-24 02:00:00,0.0,374.249,190.54
2025-07-24 02:15:00,0.0,374.249,190.54
2025-07-24 02:30:00,0.0,374.249,190.54
2025-07-24 02:45:00,0.0,374.249,190.54
2025-07-24 03:00:00,1.387,221.499,124.571
2025-07-24 03:15:00,1.387,221.499,124.571
2025-07-24 03:30:00,1.387,221.499,124.571
2025-07-24 03:45:00,1.387,221.499,124.571
2025-07-24 04:00:00,289.986,347.25,132.056
2025-07-24 04:15:00,289.986,347.25,132.056
2025-07-24 04:30:00,289.986,347.25,132.056
2025-07-24 04:45:00,289.986,347.25,132.056
2025-07-24 05:00:00,1635.285,425.25,179.431
2025-07-24 05:15:00,1635.285,425.25,179.431
2025-07-24 05:30:00,1635.285,425.25,179.431
2025-07-24 05:45:00,1635.285,425.25,179.431
2025-07-24 06:00:00,4204.11,333.25,263.806
2025-07-24 06:15:00,4204.11,333.25,263.806
2025-07-24 06:30:00,4204.11,333.25,263.806
2025-07-24 06:45:00,4204.11,333.25,263.806
2025-07-24 07:00:00,7154.474,219.0,469.005
2025-07-24 07:15:00,7154.474,219.0,469.005
2025-07-24 07:30:00,7154.474,219.0,469.005
2025-07-24 07:45:00,7154.474,219.0,469.005
2025-07-24 08:00:00,9041.916,147.0,475.59
2025-07-24 08:15:00,9041.916,147.0,475.59
2025-07-24 08:30:00,9041.916,147.0,475.59
2025-07-24 08:45:00,9041.916,147.0,475.59
2025-07-24 09:00:00,11898.193,92.501,439.078
2025-07-24 09:15:00,11898.193,92.501,439.078
2025-07-24 09:30:00,11898.193,92.501,439.078
2025-07-24 09:45:00,11898.193,92.501,439.078
2025-07-24 10:00:00,15179.0,112.749,454.009
2025-07-24 10:15:00,15179.0,112.749,454.009
2025-07-24 10:30:00,15179.0,112.749,454.009
2025-07-24 10:45:00,15179.0,112.749,454.009
2025-07-24 11:00:00,17183.847,106.501,619.943
2025-07-24 11:15:00,17183.847,106.501,619.943
2025-07-24 11:30:00,17183.847,106.501,619.943
2025-07-24 11:45:00,17183.847,106.501,619.943
2025-07-24 12:00:00,16296.027,218.749,780.801
2025-07-24 12:15:00,16296.027,218.749,780.801
2025-07-24 12:30:00,16296.027,218.749,780.801
2025-07-24 12:45:00,16296.027,218.749,780.801
2025-07-24 13:00:00,16048.787,228.75,1023.546
2025-07-24 13:15:00,16048.787,228.75,1023.546
2025-07-24 13:30:00,16048.787,228.75,1023.546
2025-07-24 13:45:00,16048.787,228.75,1023.546
2025-07-24 14:00:00,13148.682,168.251,1371.054
2025-07-24 14:15:00,13148.682,168.251,1371.054
2025-07-24 14:30:00,13148.682,168.251,1371.054
2025-07-24 14:45:00,13148.682,168.251,1371.054
2025-07-24 15:00:00,12047.549,135.501,1420.456
2025-07-24 15:15:00,12047.549,135.501,1420.456
2025-07-24 15:30:00,12047.549,135.501,1420.456
2025-07-24 15:45:00,12047.549,135.501,1420.456
2025-07-24 16:00:00,9203.25,180.749,1580.41
2025-07-24 16:15:00,9203.25,180.749,1580.41
2025-07-24 16:30:00,9203.25,180.749,1580.41
2025-07-24 16:45:00,9203.25,180.749,1580.41
2025-07-24 17:00:00,4629.518,288.001,1565.587
2025-07-24 17:15:00,4629.518,288.001,1565.587
2025-07-24 17:30:00,4629.518,288.001,1565.587
2025-07-24 17:45:00,4629.518,288.001,1565.587
2025-07-24 18:00:00,2063.175,503.0,1086.907
2025-07-24 18:15:00,2063.175,503.0,1086.907
2025-07-24 18:30:00,2063.175,503.0,1086.907
2025-07-24 18:45:00,2063.175,503.0,1086.907
2025-07-24 19:00:00,307.121,581.001,608.616
2025-07-24 19:15:00,307.121,581.001,608.616
2025-07-24 19:30:00,307.121,581.001,608.616
2025-07-24 19:45:00,307.121,581.001,608.616
2025-07-24 20:00:00,0.0,611.0,433.051
2025-07-24 20:15:00,0.0,611.0,433.051
2025-07-24 20:30:00,0.0,611.0,433.051
2025-07-24 20:45:00,0.0,611.0,433.051
2025-07-24 21:00:00,0.0,536.999,340.767
2025-07-24 21:15:00,0.0,536.999,340.767
2025-07-24 21:30:00,0.0,536.999,340.767
2025-07-24 21:45:00,0.0,536.999,340.767
2025-07-24 22:00:00,0.0,561.75,323.327
2025-07-24 22:15:00,0.0,561.75,323.327
2025-07-24 22:30:00,0.0,561.75,323.327
2025-07-24 22:45:00,0.0,561.75,323.327
2025-07-24 23:00:00,0.0,726.501,279.011
2025-07-24 23:15:00,0.0,726.501,279.011
2025-07-24 23:30:00,0.0,726.501,279.011
2025-07-24 23:45:00,0.0,726.501,279.011
2025-07-25 00:00:00,0.0,762.0,212.432
2025-07-25 00:15:00,0.0,762.0,212.432
2025-07-25 00:30:00,0.0,762.0,212.432
2025-07-25 00:45:00,0.0,762.0,212.432
2025-07-25 01:00:00,0.0,766.0,239.748
2025-07-25 01:15:00,0.0,766.0,239.748
2025-07-25 01:30:00,0.0,766.0,239.748
2025-07-25 01:45:00,0.0,766.0,239.748
2025-07-25 02:00:00,0.0,1117.749,348.719
2025-07-25 02:15:00,0.0,1117.749,348.719
2025-07-25 02:30:00,0.0,1117.749,348.719
2025-07-25 02:45:00,0.0,1117.749,348.719
2025-07-25 03:00:00,0.0,926.5,492.224
2025-07-25 03:15:00,0.0,926.5,492.224
2025-07-25 03:30:00,0.0,926.5,492.224
2025-07-25 03:45:00,0.0,926.5,492.224
2025-07-25 04:00:00,161.994,763.25,589.532
2025-07-25 04:15:00,161.994,763.25,589.532
2025-07-25 04:30:00,161.994,763.25,589.532
2025-07-25 04:45:00,161.994,763.25,589.532
2025-07-25 05:00:00,897.695,846.249,420.942
2025-07-25 05:15:00,897.695,846.249,420.942
2025-07-25 05:30:00,897.695,846.249,420.942
2025-07-25 05:45:00,897.695,846.249,420.942
2025-07-25 06:00:00,2002.157,749.499,613.155
2025-07-25 06:15:00,2002.157,749.499,613.155
2025-07-25 06:30:00,2002.157,749.499,613.155
2025-07-25 06:45:00,2002.157,749.499,613.155
2025-07-25 07:00:00,3379.774,495.25,836.472
2025-07-25 07:15:00,3379.774,495.25,836.472
2025-07-25 07:30:00,3379.774,495.25,836.472
2025-07-25 07:45:00,3379.774,495.25,836.472
2025-07-25 08:00:00,5379.804,424.5,667.081
2025-07-25 08:15:00,5379.804,424.5,667.081
2025-07-25 08:30:00,5379.804,424.5,667.081
2025-07-25 08:45:00,5379.804,424.5,667.081
2025-07-25 09:00:00,6405.231,459.5,629.187
2025-07-25 09:15:00,6405.231,459.5,629.187
2025-07-25 09:30:00,6405.231,459.5,629.187
2025-07-25 09:45:00,6405.231,459.5,629.187
2025-07-25 10:00:00,6527.955,450.75,872.81
2025-07-25 10:15:00,6527.955,450.75,872.81
2025-07-25 10:30:00,6527.955,450.75,872.81
2025-07-25 10:45:00,6527.955,450.75,872.81
2025-07-25 11:00:00,7914.729,315.25,809.903
2025-07-25 11:15:00,7914.729,315.25,809.903
2025-07-25 11:30:00,7914.729,315.25,809.903
2025-07-25 11:45:00,7914.729,315.25,809.903
2025-07-25 12:00:00,9895.755,136.25,796.177
2025-07-25 12:15:00,9895.755,136.25,796.177
2025-07-25 12:30:00,9895.755,136.25,796.177
2025-07-25 12:45:00,9895.755,136.25,796.177
2025-07-25 13:00:00,9823.942,157.5,896.823
2025-07-25 13:15:00,9823.942,157.5,896.823
2025-07-25 13:30:00,9823.942,157.5,896.823
2025-07-25 13:45:00,9823.942,157.5,896.823
2025-07-25 14:00:00,10015.602,216.5,754.187
2025-07-25 14:15:00,10015.602,216.5,754.187
2025-07-25 14:30:00,10015.602,216.5,754.187
2025-07-25 14:45:00,10015.602,216.5,754.187
2025-07-25 15:00:00,8779.65,180.249,806.204
2025-07-25 15:15:00,8779.65,180.249,806.204
2025-07-25 15:30:00,8779.65,180.249,806.204
2025-07-25 15:45:00,8779.65,180.249,806.204
2025-07-25 16:00:00,6417.558,81.252,1065.946
2025-07-25 16:15:00,6417.558,81.252,1065.946
2025-07-25 16:30:00,6417.558,81.252,1065.946
2025-07-25 16:45:00,6417.558,81.252,1065.946
2025-07-25 17:00:00,5113.385,50.5,991.706
2025-07-25 17:15:00,5113.385,50.5,991.706
2025-07-25 17:30:00,5113.385,50.5,991.706
2025-07-25 17:45:00,5113.385,50.5,991.706
2025-07-25 18:00:00,2577.365,23.0,477.942
2025-07-25 18:15:00,2577.365,23.0,477.942
2025-07-25 18:30:00,2577.365,23.0,477.942
2025-07-25 18:45:00,2577.365,23.0,477.942
2025-07-25 19:00:00,470.241,15.0,96.705
2025-07-25 19:15:00,470.241,15.0,96.705
2025-07-25 19:30:00,470.241,15.0,96.705
2025-07-25 19:45:00,470.241,15.0,96.705
2025-07-25 20:00:00,0.0,32.499,0.0
2025-07-25 20:15:00,0.0,32.499,0.0
2025-07-25 20:30:00,0.0,32.499,0.0
2025-07-25 20:45:00,0.0,32.499,0.0
2025-07-25 21:00:00,0.0,106.75,30.411
2025-07-25 21:15:00,0.0,106.75,30.411
2025-07-25 21:30:00,0.0,106.75,30.411
2025-07-25 21:45:00,0.0,106.75,30.411
2025-07-25 22:00:00,0.0,188.749,51.811
2025-07-25 22:15:00,0.0,188.749,51.811
2025-07-25 22:30:00,0.0,188.749,51.811
2025-07-25 22:45:00,0.0,188.749,51.811
2025-07-25 23:00:00,0.0,294.75,54.066
2025-07-25 23:15:00,0.0,294.75,54.066
2025-07-25 23:30:00,0.0,294.75,54.066
2025-07-25 23:45:00,0.0,294.75,54.066
2025-07-26 00:00:00,0.0,389.501,46.635
2025-07-26 00:15:00,0.0,389.501,46.635
2025-07-26 00:30:00,0.0,389.501,46.635
2025-07-26 00:45:00,0.0,389.501,46.635
2025-07-26 01:00:00,0.0,478.75,54.704
2025-07-26 01:15:00,0.0,478.75,54.704
2025-07-26 01:30:00,0.0,478.75,54.704
2025-07-26 01:45:00,0.0,478.75,54.704
2025-07-26 02:00:00,0.0,599.75,62.393
2025-07-26 02:15:00,0.0,599.75,62.393
2025-07-26 02:30:00,0.0,599.75,62.393
2025-07-26 02:45:00,0.0,599.75,62.393
2025-07-26 03:00:00,0.0,691.251,74.272
2025-07-26 03:15:00,0.0,691.251,74.272
2025-07-26 03:30:00,0.0,691.251,74.272
2025-07-26 03:45:00,0.0,691.251,74.272
2025-07-26 04:00:00,320.663,787.25,113.149
2025-07-26 04:15:00,320.663,787.25,113.149
2025-07-26 04:30:00,320.663,787.25,113.149
2025-07-26 04:45:00,320.663,787.25,113.149
2025-07-26 05:00:00,1720.864,827.75,206.681
2025-07-26 05:15:00,1720.864,827.75,206.681
2025-07-26 05:30:00,1720.864,827.75,206.681
2025-07-26 05:45:00,1720.864,827.75,206.681
2025-07-26 06:00:00,4045.253,910.0,401.581
2025-07-26 06:15:00,4045.253,910.0,401.581
2025-07-26 06:30:00,4045.253,910.0,401.581
2025-07-26 06:45:00,4045.253,910.0,401.581
2025-07-26 07:00:00,7979.875,1126.249,761.09
2025-07-26 07:15:00,7979.875,1126.249,761.09
2025-07-26 07:30:00,7979.875,1126.249,761.09
2025-07-26 07:45:00,7979.875,1126.249,761.09
2025-07-26 08:00:00,12201.634,1044.999,1063.724
2025-07-26 08:15:00,12201.634,1044.999,1063.724
2025-07-26 08:30:00,12201.634,1044.999,1063.724
2025-07-26 08:45:00,12201.634,1044.999,1063.724
2025-07-26 09:00:00,14391.979,1233.501,1433.503
2025-07-26 09:15:00,14391.979,1233.501,1433.503
2025-07-26 09:30:00,14391.979,1233.501,1433.503
2025-07-26 09:45:00,14391.979,1233.501,1433.503
2025-07-26 10:00:00,14492.87,1251.25,1581.454
2025-07-26 10:15:00,14492.87,1251.25,1581.454
2025-07-26 10:30:00,14492.87,1251.25,1581.454
2025-07-26 10:45:00,14492.87,1251.25,1581.454
2025-07-26 11:00:00,14858.64,1269.5,1925.182
2025-07-26 11:15:00,14858.64,1269.5,1925.182
2025-07-26 11:30:00,14858.64,1269.5,1925.182
2025-07-26 11:45:00,14858.64,1269.5,1925.182
2025-07-26 12:00:00,12108.143,956.75,2084.781
2025-07-26 12:15:00,12108.143,956.75,2084.781
2025-07-26 12:30:00,12108.143,956.75,2084.781
2025-07-26 12:45:00,12108.143,956.75,2084.781
2025-07-26 13:00:00,10632.239,758.251,1987.219
2025-07-26 13:15:00,10632.239,758.251,1987.219
2025-07-26 13:30:00,10632.239,758.251,1987.219
2025-07-26 13:45:00,10632.239,758.251,1987.219
2025-07-26 14:00:00,7199.717,713.499,1623.023
2025-07-26 14:15:00,7199.717,713.499,1623.023
2025-07-26 14:30:00,7199.717,713.499,1623.023
2025-07-26 14:45:00,7199.717,713.499,1623.023
2025-07-26 15:00:00,5886.45,728.5,1469.993
2025-07-26 15:15:00,5886.45,728.5,1469.993
2025-07-26 15:30:00,5886.45,728.5,1469.993
2025-07-26 15:45:00,5886.45,728.5,1469.993
2025-07-26 16:00:00,3860.35,656.001,1576.941
2025-07-26 16:15:00,3860.35,656.001,1576.941
2025-07-26 16:30:00,3860.35,656.001,1576.941
2025-07-26 16:45:00,3860.35,656.001,1576.941
2025-07-26 17:00:00,2658.73,659.0,1517.536
2025-07-26 17:15:00,2658.73,659.0,1517.536
2025-07-26 17:30:00,2658.73,659.0,1517.536
2025-07-26 17:45:00,2658.73,659.0,1517.536
2025-07-26 18:00:00,1323.783,609.0,1071.67
2025-07-26 18:15:00,1323.783,609.0,1071.67
2025-07-26 18:30:00,1323.783,609.0,1071.67
2025-07-26 18:45:00,1323.783,609.0,1071.67
2025-07-26 19:00:00,268.973,458.5,591.785
2025-07-26 19:15:00,268.973,458.5,591.785
2025-07-26 19:30:00,268.973,458.5,591.785
2025-07-26 19:45:00,268.973,458.5,591.785
2025-07-26 20:00:00,0.0,455.0,474.705
2025-07-26 20:15:00,0.0,455.0,474.705
2025-07-26 20:30:00,0.0,455.0,474.705
2025-07-26 20:45:00,0.0,455.0,474.705
2025-07-26 21:00:00,0.0,463.75,488.854
2025-07-26 21:15:00,0.0,463.75,488.854
2025-07-26 21:30:00,0.0,463.75,488.854
2025-07-26 21:45:00,0.0,463.75,488.854
2025-07-26 22:00:00,0.0,431.5,599.358
2025-07-26 22:15:00,0.0,431.5,599.358
2025-07-26 22:30:00,0.0,431.5,599.358
2025-07-26 22:45:00,0.0,431.5,599.358
2025-07-26 23:00:00,0.0,396.5,841.677
2025-07-26 23:15:00,0.0,396.5,841.677
2025-07-26 23:30:00,0.0,396.5,841.677
2025-07-26 23:45:00,0.0,396.5,841.677
2025-07-27 00:00:00,0.0,390.25,789.724
2025-07-27 00:15:00,0.0,390.25,789.724
2025-07-27 00:30:00,0.0,390.25,789.724
2025-07-27 00:45:00,0.0,390.25,789.724
2025-07-27 01:00:00,0.0,569.749,359.145
2025-07-27 01:15:00,0.0,569.749,359.145
2025-07-27 01:30:00,0.0,569.749,359.145
2025-07-27 01:45:00,0.0,569.749,359.145
2025-07-27 02:00:00,0.0,761.501,298.144
2025-07-27 02:15:00,0.0,761.501,298.144
2025-07-27 02:30:00,0.0,761.501,298.144
2025-07-27 02:45:00,0.0,761.501,298.144
2025-07-27 03:00:00,0.0,692.75,309.581
2025-07-27 03:15:00,0.0,692.75,309.581
2025-07-27 03:30:00,0.0,692.75,309.581
2025-07-27 03:45:00,0.0,692.75,309.581
2025-07-27 04:00:00,129.693,651.251,285.957
2025-07-27 04:15:00,129.693,651.251,285.957
2025-07-27 04:30:00,129.693,651.251,285.957
2025-07-27 04:45:00,129.693,651.251,285.957
2025-07-27 05:00:00,1325.384,549.5,229.655
2025-07-27 05:15:00,1325.384,549.5,229.655
2025-07-27 05:30:00,1325.384,549.5,229.655
2025-07-27 05:45:00,1325.384,549.5,229.655
2025-07-27 06:00:00,3627.532,484.751,374.141
2025-07-27 06:15:00,3627.532,484.751,374.141
2025-07-27 06:30:00,3627.532,484.751,374.141
2025-07-27 06:45:00,3627.532,484.751,374.141
2025-07-27 07:00:00,6213.588,387.5,622.613
2025-07-27 07:15:00,6213.588,387.5,622.613
2025-07-27 07:30:00,6213.588,387.5,622.613
2025-07-27 07:45:00,6213.588,387.5,622.613
2025-07-27 08:00:00,8809.068,291.0,791.775
2025-07-27 08:15:00,8809.068,291.0,791.775
2025-07-27 08:30:00,8809.068,291.0,791.775
2025-07-27 08:45:00,8809.068,291.0,791.775
2025-07-27 09:00:00,11271.349,206.751,901.624
2025-07-27 09:15:00,11271.349,206.751,901.624
2025-07-27 09:30:00,11271.349,206.751,901.624
2025-07-27 09:45:00,11271.349,206.751,901.624
2025-07-27 10:00:00,12065.376,204.999,1002.83
2025-07-27 10:15:00,12065.376,204.999,1002.83
2025-07-27 10:30:00,12065.376,204.999,1002.83
2025-07-27 10:45:00,12065.376,204.999,1002.83
2025-07-27 11:00:00,12272.926,278.5,1366.465
2025-07-27 11:15:00,12272.926,278.5,1366.465
2025-07-27 11:30:00,12272.926,278.5,1366.465
2025-07-27 11:45:00,12272.926,278.5,1366.465
2025-07-27 12:00:00,11871.128,305.001,1747.287
2025-07-27 12:15:00,11871.128,305.001,1747.287
2025-07-27 12:30:00,11871.128,305.001,1747.287
2025-07-27 12:45:00,11871.128,305.001,1747.287
2025-07-27 13:00:00,10658.064,442.25,2101.832
2025-07-27 13:15:00,10658.064,442.25,2101.832
2025-07-27 13:30:00,10658.064,442.25,2101.832
2025-07-27 13:45:00,10658.064,442.25,2101.832
2025-07-27 14:00:00,10377.08,816.75,2303.619
2025-07-27 14:15:00,10377.08,816.75,2303.619
2025-07-27 14:30:00,10377.08,816.75,2303.619
2025-07-27 14:45:00,10377.08,816.75,2303.619
2025-07-27 15:00:00,6506.0,1254.249,2826.243
2025-07-27 15:15:00,6506.0,1254.249,2826.243
2025-07-27 15:30:00,6506.0,1254.249,2826.243
2025-07-27 15:45:00,6506.0,1254.249,2826.243
2025-07-27 16:00:00,4924.165,1364.75,2993.046
2025-07-27 16:15:00,4924.165,1364.75,2993.046
2025-07-27 16:30:00,4924.165,1364.75,2993.046
2025-07-27 16:45:00,4924.165,1364.75,2993.046
2025-07-27 17:00:00,2987.339,1235.0,2650.828
2025-07-27 17:15:00,2987.339,1235.0,2650.828
2025-07-27 17:30:00,2987.339,1235.0,2650.828
2025-07-27 17:45:00,2987.339,1235.0,2650.828
2025-07-27 18:00:00,1325.881,1169.75,2006.188
2025-07-27 18:15:00,1325.881,1169.75,2006.188
2025-07-27 18:30:00,1325.881,1169.75,2006.188
2025-07-27 18:45:00,1325.881,1169.75,2006.188
2025-07-27 19:00:00,186.438,1217.0,1321.98
2025-07-27 19:15:00,186.438,1217.0,1321.98
2025-07-27 19:30:00,186.438,1217.0,1321.98
2025-07-27 19:45:00,186.438,1217.0,1321.98
2025-07-27 20:00:00,0.0,1137.0,535.151
2025-07-27 20:15:00,0.0,1137.0,535.151
2025-07-27 20:30:00,0.0,1137.0,535.151
2025-07-27 20:45:00,0.0,1137.0,535.151
2025-07-27 21:00:00,0.0,1419.0,349.365
2025-07-27 21:15:00,0.0,1419.0,349.365
2025-07-27 21:30:00,0.0,1419.0,349.365
2025-07-27 21:45:00,0.0,1419.0,349.365
2025-07-27 22:00:00,0.0,1372.999,379.651
2025-07-27 22:15:00,0.0,1372.999,379.651
2025-07-27 22:30:00,0.0,1372.999,379.651
2025-07-27 22:45:00,0.0,1372.999,379.651
2025-07-27 23:00:00,0.0,1620.5,582.317
2025-07-27 23:15:00,0.0,1620.5,582.317
2025-07-27 23:30:00,0.0,1620.5,582.317
2025-07-27 23:45:00,0.0,1620.5,582.317
2025-07-28 00:00:00,0.0,2127.5,751.177
2025-07-28 00:15:00,0.0,2127.5,751.177
2025-07-28 00:30:00,0.0,2127.5,751.177
2025-07-28 00:45:00,0.0,2127.5,751.177
2025-07-28 01:00:00,0.0,2040.249,737.697
2025-07-28 01:15:00,0.0,2040.249,737.697
2025-07-28 01:30:00,0.0,2040.249,737.697
2025-07-28 01:45:00,0.0,2040.249,737.697
2025-07-28 02:00:00,0.0,1910.0,882.817
2025-07-28 02:15:00,0.0,1910.0,882.817
2025-07-28 02:30:00,0.0,1910.0,882.817
2025-07-28 02:45:00,0.0,1910.0,882.817
2025-07-28 03:00:00,0.0,1835.499,865.269
2025-07-28 03:15:00,0.0,1835.499,865.269
2025-07-28 03:30:00,0.0,1835.499,865.269
2025-07-28 03:45:00,0.0,1835.499,865.269
2025-07-28 04:00:00,208.338,1601.0,724.497
2025-07-28 04:15:00,208.338,1601.0,724.497
2025-07-28 04:30:00,208.338,1601.0,724.497
2025-07-28 04:45:00,208.338,1601.0,724.497
2025-07-28 05:00:00,1502.682,1562.25,662.471
2025-07-28 05:15:00,1502.682,1562.25,662.471
2025-07-28 05:30:00,1502.682,1562.25,662.471
2025-07-28 05:45:00,1502.682,1562.25,662.471
2025-07-28 06:00:00,3862.32,1176.001,636.208
2025-07-28 06:15:00,3862.32,1176.001,636.208
2025-07-28 06:30:00,3862.32,1176.001,636.208
2025-07-28 06:45:00,3862.32,1176.001,636.208
2025-07-28 07:00:00,7057.171,1153.5,1200.048
2025-07-28 07:15:00,7057.171,1153.5,1200.048
2025-07-28 07:30:00,7057.171,1153.5,1200.048
2025-07-28 07:45:00,7057.171,1153.5,1200.048
2025-07-28 08:00:00,9821.933,1276.5,2110.205
2025-07-28 08:15:00,9821.933,1276.5,2110.205
2025-07-28 08:30:00,9821.933,1276.5,2110.205
2025-07-28 08:45:00,9821.933,1276.5,2110.205
2025-07-28 09:00:00,11795.302,1480.752,2995.297
2025-07-28 09:15:00,11795.302,1480.752,2995.297
2025-07-28 09:30:00,11795.302,1480.752,2995.297
2025-07-28 09:45:00,11795.302,1480.752,2995.297
2025-07-28 10:00:00,12739.677,1497.5,3597.586
2025-07-28 10:15:00,12739.677,1497.5,3597.586
2025-07-28 10:30:00,12739.677,1497.5,3597.586
2025-07-28 10:45:00,12739.677,1497.5,3597.586
2025-07-28 11:00:00,14006.875,1444.5,3794.313
2025-07-28 11:15:00,14006.875,1444.5,3794.313
2025-07-28 11:30:00,14006.875,1444.5,3794.313
2025-07-28 11:45:00,14006.875,1444.5,3794.313
2025-07-28 12:00:00,14744.221,1456.75,3673.292
2025-07-28 12:15:00,14744.221,1456.75,3673.292
2025-07-28 12:30:00,14744.221,1456.75,3673.292
2025-07-28 12:45:00,14744.221,1456.75,3673.292
2025-07-28 13:00:00,14156.006,1491.75,4069.263
2025-07-28 13:15:00,14156.006,1491.75,4069.263
2025-07-28 13:30:00,14156.006,1491.75,4069.263
2025-07-28 13:45:00,14156.006,1491.75,4069.263
2025-07-28 14:00:00,13182.305,1490.749,4604.673
2025-07-28 14:15:00,13182.305,1490.749,4604.673
2025-07-28 14:30:00,13182.305,1490.749,4604.673
2025-07-28 14:45:00,13182.305,1490.749,4604.673
2025-07-28 15:00:00,10045.12,1336.25,4540.734
2025-07-28 15:15:00,10045.12,1336.25,4540.734
2025-07-28 15:30:00,10045.12,1336.25,4540.734
2025-07-28 15:45:00,10045.12,1336.25,4540.734
2025-07-28 16:00:00,8793.106,963.0,4389.527
2025-07-28 16:15:00,8793.106,963.0,4389.527
2025-07-28 16:30:00,8793.106,963.0,4389.527
2025-07-28 16:45:00,8793.106,963.0,4389.527
2025-07-28 17:00:00,5417.291,780.75,3927.452
2025-07-28 17:15:00,5417.291,780.75,3927.452
2025-07-28 17:30:00,5417.291,780.75,3927.452
2025-07-28 17:45:00,5417.291,780.75,3927.452
2025-07-28 18:00:00,2359.105,503.251,2693.67
2025-07-28 18:15:00,2359.105,503.251,2693.67
2025-07-28 18:30:00,2359.105,503.251,2693.67
2025-07-28 18:45:00,2359.105,503.251,2693.67
2025-07-28 19:00:00,274.976,365.749,1426.261
2025-07-28 19:15:00,274.976,365.749,1426.261
2025-07-28 19:30:00,274.976,365.749,1426.261
2025-07-28 19:45:00,274.976,365.749,1426.261
2025-07-28 20:00:00,0.0,427.0,734.923
2025-07-28 20:15:00,0.0,427.0,734.923
2025-07-28 20:30:00,0.0,427.0,734.923
2025-07-28 20:45:00,0.0,427.0,734.923
2025-07-28 21:00:00,0.0,802.25,800.003
2025-07-28 21:15:00,0.0,802.25,800.003
2025-07-28 21:30:00,0.0,802.25,800.003
2025-07-28 21:45:00,0.0,802.25,800.003
2025-07-28 22:00:00,0.0,813.749,1078.298
2025-07-28 22:15:00,0.0,813.749,1078.298
2025-07-28 22:30:00,0.0,813.749,1078.298
2025-07-28 22:45:00,0.0,813.749,1078.298
2025-07-28 23:00:00,0.0,743.249,1208.548
2025-07-28 23:15:00,0.0,743.249,1208.548
2025-07-28 23:30:00,0.0,743.249,1208.548
2025-07-28 23:45:00,0.0,743.249,1208.548
2025-07-29 00:00:00,0.0,576.0,972.35
2025-07-29 00:15:00,0.0,576.0,972.35
2025-07-29 00:30:00,0.0,576.0,972.35
2025-07-29 00:45:00,0.0,576.0,972.35
2025-07-29 01:00:00,0.0,583.5,822.332
2025-07-29 01:15:00,0.0,583.5,822.332
2025-07-29 01:30:00,0.0,583.5,822.332
2025-07-29 01:45:00,0.0,583.5,822.332
2025-07-29 02:00:00,0.0,587.75,807.011
2025-07-29 02:15:00,0.0,587.75,807.011
2025-07-29 02:30:00,0.0,587.75,807.011
2025-07-29 02:45:00,0.0,587.75,807.011
2025-07-29 03:00:00,0.0,513.25,701.218
2025-07-29 03:15:00,0.0,513.25,701.218
2025-07-29 03:30:00,0.0,513.25,701.218
2025-07-29 03:45:00,0.0,513.25,701.218
2025-07-29 04:00:00,178.424,554.75,588.887
2025-07-29 04:15:00,178.424,554.75,588.887
2025-07-29 04:30:00,178.424,554.75,588.887
2025-07-29 04:45:00,178.424,554.75,588.887
2025-07-29 05:00:00,1474.693,489.75,630.052
2025-07-29 05:15:00,1474.693,489.75,630.052
2025-07-29 05:30:00,1474.693,489.75,630.052
2025-07-29 05:45:00,1474.693,489.75,630.052
2025-07-29 06:00:00,4378.248,379.25,679.781
2025-07-29 06:15:00,4378.248,379.25,679.781
2025-07-29 06:30:00,4378.248,379.25,679.781
2025-07-29 06:45:00,4378.248,379.25,679.781
2025-07-29 07:00:00,8731.32,477.25,1185.573
2025-07-29 07:15:00,8731.32,477.25,1185.573
2025-07-29 07:30:00,8731.32,477.25,1185.573
2025-07-29 07:45:00,8731.32,477.25,1185.573
2025-07-29 08:00:00,11612.699,468.75,1473.296
2025-07-29 08:15:00,11612.699,468.75,1473.296
2025-07-29 08:30:00,11612.699,468.75,1473.296
2025-07-29 08:45:00,11612.699,468.75,1473.296
2025-07-29 09:00:00,14285.151,303.25,1618.334
2025-07-29 09:15:00,14285.151,303.25,1618.334
2025-07-29 09:30:00,14285.151,303.25,1618.334
2025-07-29 09:45:00,14285.151,303.25,1618.334
2025-07-29 10:00:00,15725.098,232.0,1971.915
2025-07-29 10:15:00,15725.098,232.0,1971.915
2025-07-29 10:30:00,15725.098,232.0,1971.915
2025-07-29 10:45:00,15725.098,232.0,1971.915
2025-07-29 11:00:00,17199.884,284.25,1815.664
2025-07-29 11:15:00,17199.884,284.25,1815.664
2025-07-29 11:30:00,17199.884,284.25,1815.664
2025-07-29 11:45:00,17199.884,284.25,1815.664
2025-07-29 12:00:00,16910.366,349.749,2116.564
2025-07-29 12:15:00,16910.366,349.749,2116.564
2025-07-29 12:30:00,16910.366,349.749,2116.564
2025-07-29 12:45:00,16910.366,349.749,2116.564
2025-07-29 13:00:00,15859.036,404.75,2100.861
2025-07-29 13:15:00,15859.036,404.75,2100.861
2025-07-29 13:30:00,15859.036,404.75,2100.861
2025-07-29 13:45:00,15859.036,404.75,2100.861
2025-07-29 14:00:00,12285.011,446.249,2110.559
2025-07-29 14:15:00,12285.011,446.249,2110.559
2025-07-29 14:30:00,12285.011,446.249,2110.559
2025-07-29 14:45:00,12285.011,446.249,2110.559
2025-07-29 15:00:00,9653.018,724.5,2059.623
2025-07-29 15:15:00,9653.018,724.5,2059.623
2025-07-29 15:30:00,9653.018,724.5,2059.623
2025-07-29 15:45:00,9653.018,724.5,2059.623
2025-07-29 16:00:00,7109.945,771.0,2255.271
2025-07-29 16:15:00,7109.945,771.0,2255.271
2025-07-29 16:30:00,7109.945,771.0,2255.271
2025-07-29 16:45:00,7109.945,771.0,2255.271
2025-07-29 17:00:00,3643.788,628.251,1758.277
2025-07-29 17:15:00,3643.788,628.251,1758.277
2025-07-29 17:30:00,3643.788,628.251,1758.277
2025-07-29 17:45:00,3643.788,628.251,1758.277
2025-07-29 18:00:00,1651.759,646.25,1063.746
2025-07-29 18:15:00,1651.759,646.25,1063.746
2025-07-29 18:30:00,1651.759,646.25,1063.746
2025-07-29 18:45:00,1651.759,646.25,1063.746
2025-07-29 19:00:00,238.077,574.5,638.49
2025-07-29 19:15:00,238.077,574.5,638.49
2025-07-29 19:30:00,238.077,574.5,638.49
2025-07-29 19:45:00,238.077,574.5,638.49
2025-07-29 20:00:00,0.0,348.251,353.109
2025-07-29 20:15:00,0.0,348.251,353.109
2025-07-29 20:30:00,0.0,348.251,353.109
2025-07-29 20:45:00,0.0,348.251,353.109
2025-07-29 21:00:00,0.0,337.25,325.868
2025-07-29 21:15:00,0.0,337.25,325.868
2025-07-29 21:30:00,0.0,337.25,325.868
2025-07-29 21:45:00,0.0,337.25,325.868
2025-07-29 22:00:00,0.0,459.5,365.326
2025-07-29 22:15:00,0.0,459.5,365.326
2025-07-29 22:30:00,0.0,459.5,365.326
2025-07-29 22:45:00,0.0,459.5,365.326
2025-07-29 23:00:00,0.0,670.75,444.279
2025-07-29 23:15:00,0.0,670.75,444.279
2025-07-29 23:30:00,0.0,670.75,444.279
2025-07-29 23:45:00,0.0,670.75,444.279
2025-07-30 00:00:00,0.0,713.749,521.581
2025-07-30 00:15:00,0.0,713.749,521.581
2025-07-30 00:30:00,0.0,713.749,521.581
2025-07-30 00:45:00,0.0,713.749,521.581
2025-07-30 01:00:00,0.0,990.999,655.262
2025-07-30 01:15:00,0.0,990.999,655.262
2025-07-30 01:30:00,0.0,990.999,655.262
2025-07-30 01:45:00,0.0,990.999,655.262
2025-07-30 02:00:00,0.0,1078.25,753.037
2025-07-30 02:15:00,0.0,1078.25,753.037
2025-07-30 02:30:00,0.0,1078.25,753.037
2025-07-30 02:45:00,0.0,1078.25,753.037
2025-07-30 03:00:00,0.0,1226.501,810.386
2025-07-30 03:15:00,0.0,1226.501,810.386
2025-07-30 03:30:00,0.0,1226.501,810.386
2025-07-30 03:45:00,0.0,1226.501,810.386
2025-07-30 04:00:00,229.479,1255.5,854.086
2025-07-30 04:15:00,229.479,1255.5,854.086
2025-07-30 04:30:00,229.479,1255.5,854.086
2025-07-30 04:45:00,229.479,1255.5,854.086
2025-07-30 05:00:00,1820.858,1420.249,843.027
2025-07-30 05:15:00,1820.858,1420.249,843.027
2025-07-30 05:30:00,1820.858,1420.249,843.027
2025-07-30 05:45:00,1820.858,1420.249,843.027
2025-07-30 06:00:00,4566.629,1456.999,1078.391
2025-07-30 06:15:00,4566.629,1456.999,1078.391
2025-07-30 06:30:00,4566.629,1456.999,1078.391
2025-07-30 06:45:00,4566.629,1456.999,1078.391
2025-07-30 07:00:00,7177.621,1445.749,1849.812
2025-07-30 07:15:00,7177.621,1445.749,1849.812
2025-07-30 07:30:00,7177.621,1445.749,1849.812
2025-07-30 07:45:00,7177.621,1445.749,1849.812
2025-07-30 08:00:00,9712.407,1434.25,2455.258
2025-07-30 08:15:00,9712.407,1434.25,2455.258
2025-07-30 08:30:00,9712.407,1434.25,2455.258
2025-07-30 08:45:00,9712.407,1434.25,2455.258
2025-07-30 09:00:00,13110.0,1411.002,3271.697
2025-07-30 09:15:00,13110.0,1411.002,3271.697
2025-07-30 09:30:00,13110.0,1411.002,3271.697
2025-07-30 09:45:00,13110.0,1411.002,3271.697
2025-07-30 10:00:00,14536.844,1426.999,3939.867
2025-07-30 10:15:00,14536.844,1426.999,3939.867
2025-07-30 10:30:00,14536.844,1426.999,3939.867
2025-07-30 10:45:00,14536.844,1426.999,3939.867
2025-07-30 11:00:00,15247.88,1606.5,4237.398
2025-07-30 11:15:00,15247.88,1606.5,4237.398
2025-07-30 11:30:00,15247.88,1606.5,4237.398
2025-07-30 11:45:00,15247.88,1606.5,4237.398
2025-07-30 12:00:00,16099.816,1313.5,4552.75
2025-07-30 12:15:00,16099.816,1313.5,4552.75
2025-07-30 12:30:00,16099.816,1313.5,4552.75
2025-07-30 12:45:00,16099.816,1313.5,4552.75
2025-07-30 13:00:00,15555.002,1302.75,4860.361
2025-07-30 13:15:00,15555.002,1302.75,4860.361
2025-07-30 13:30:00,15555.002,1302.75,4860.361
2025-07-30 13:45:00,15555.002,1302.75,4860.361
2025-07-30 14:00:00,12798.833,1250.75,4718.651
2025-07-30 14:15:00,12798.833,1250.75,4718.651
2025-07-30 14:30:00,12798.833,1250.75,4718.651
2025-07-30 14:45:00,12798.833,1250.75,4718.651
2025-07-30 15:00:00,11744.718,1070.75,4448.938
2025-07-30 15:15:00,11744.718,1070.75,4448.938
2025-07-30 15:30:00,11744.718,1070.75,4448.938
2025-07-30 15:45:00,11744.718,1070.75,4448.938
2025-07-30 16:00:00,8374.071,1166.751,3956.153
2025-07-30 16:15:00,8374.071,1166.751,3956.153
2025-07-30 16:30:00,8374.071,1166.751,3956.153
2025-07-30 16:45:00,8374.071,1166.751,3956.153
2025-07-30 17:00:00,4663.443,1587.249,3548.966
2025-07-30 17:15:00,4663.443,1587.249,3548.966
2025-07-30 17:30:00,4663.443,1587.249,3548.966
2025-07-30 17:45:00,4663.443,1587.249,3548.966
2025-07-30 18:00:00,1823.918,1804.5,3227.664
2025-07-30 18:15:00,1823.918,1804.5,3227.664
2025-07-30 18:30:00,1823.918,1804.5,3227.664
2025-07-30 18:45:00,1823.918,1804.5,3227.664
2025-07-30 19:00:00,233.255,2000.5,2637.661
2025-07-30 19:15:00,233.255,2000.5,2637.661
2025-07-30 19:30:00,233.255,2000.5,2637.661
2025-07-30 19:45:00,233.255,2000.5,2637.661
2025-07-30 20:00:00,0.0,2145.249,2275.86
2025-07-30 20:15:00,0.0,2145.249,2275.86
2025-07-30 20:30:00,0.0,2145.249,2275.86
2025-07-30 20:45:00,0.0,2145.249,2275.86
2025-07-30 21:00:00,0.0,2234.249,2027.846
2025-07-30 21:15:00,0.0,2234.249,2027.846
2025-07-30 21:30:00,0.0,2234.249,2027.846
2025-07-30 21:45:00,0.0,2234.249,2027.846
2025-07-30 22:00:00,0.0,2304.75,2003.452
2025-07-30 22:15:00,0.0,2304.75,2003.452
2025-07-30 22:30:00,0.0,2304.75,2003.452
2025-07-30 22:45:00,0.0,2304.75,2003.452
2025-07-30 23:00:00,0.0,2387.5,2095.036
2025-07-30 23:15:00,0.0,2387.5,2095.036
2025-07-30 23:30:00,0.0,2387.5,2095.036
2025-07-30 23:45:00,0.0,2387.5,2095.036
2025-07-31 00:00:00,0.0,1995.5,1993.915
2025-07-31 00:15:00,0.0,1995.5,1993.915
2025-07-31 00:30:00,0.0,1995.5,1993.915
2025-07-31 00:45:00,0.0,1995.5,1993.915
2025-07-31 01:00:00,0.0,2020.25,1744.074
2025-07-31 01:15:00,0.0,2020.25,1744.074
2025-07-31 01:30:00,0.0,2020.25,1744.074
2025-07-31 01:45:00,0.0,2020.25,1744.074
2025-07-31 02:00:00,0.0,1470.75,1443.225
2025-07-31 02:15:00,0.0,1470.75,1443.225
2025-07-31 02:30:00,0.0,1470.75,1443.225
2025-07-31 02:45:00,0.0,1470.75,1443.225
2025-07-31 03:00:00,0.0,1176.75,1250.372
2025-07-31 03:15:00,0.0,1176.75,1250.372
2025-07-31 03:30:00,0.0,1176.75,1250.372
2025-07-31 03:45:00,0.0,1176.75,1250.372
2025-07-31 04:00:00,144.045,1078.75,1057.798
2025-07-31 04:15:00,144.045,1078.75,1057.798
2025-07-31 04:30:00,144.045,1078.75,1057.798
2025-07-31 04:45:00,144.045,1078.75,1057.798
2025-07-31 05:00:00,1130.558,934.0,883.561
2025-07-31 05:15:00,1130.558,934.0,883.561
2025-07-31 05:30:00,1130.558,934.0,883.561
2025-07-31 05:45:00,1130.558,934.0,883.561
2025-07-31 06:00:00,3290.956,995.249,1006.833
2025-07-31 06:15:00,3290.956,995.249,1006.833
2025-07-31 06:30:00,3290.956,995.249,1006.833
2025-07-31 06:45:00,3290.956,995.249,1006.833
2025-07-31 07:00:00,6034.541,879.249,1505.509
2025-07-31 07:15:00,6034.541,879.249,1505.509
2025-07-31 07:30:00,6034.541,879.249,1505.509
2025-07-31 07:45:00,6034.541,879.249,1505.509
2025-07-31 08:00:00,8911.945,669.75,2027.767
2025-07-31 08:15:00,8911.945,669.75,2027.767
2025-07-31 08:30:00,8911.945,669.75,2027.767
2025-07-31 08:45:00,8911.945,669.75,2027.767
2025-07-31 09:00:00,10555.674,781.0,2381.676
2025-07-31 09:15:00,10555.674,781.0,2381.676
2025-07-31 09:30:00,10555.674,781.0,2381.676
2025-07-31 09:45:00,10555.674,781.0,2381.676
2025-07-31 10:00:00,13360.501,1151.75,2780.085
2025-07-31 10:15:00,13360.501,1151.75,2780.085
2025-07-31 10:30:00,13360.501,1151.75,2780.085
2025-07-31 10:45:00,13360.501,1151.75,2780.085
2025-07-31 11:00:00,11983.02,1204.75,3265.241
2025-07-31 11:15:00,11983.02,1204.75,3265.241
2025-07-31 11:30:00,11983.02,1204.75,3265.241
2025-07-31 11:45:00,11983.02,1204.75,3265.241
2025-07-31 12:00:00,10375.378,1019.001,3858.501
2025-07-31 12:15:00,10375.378,1019.001,3858.501
2025-07-31 12:30:00,10375.378,1019.001,3858.501
2025-07-31 12:45:00,10375.378,1019.001,3858.501
2025-07-31 13:00:00,7747.213,1160.25,3259.723
2025-07-31 13:15:00,7747.213,1160.25,3259.723
2025-07-31 13:30:00,7747.213,1160.25,3259.723
2025-07-31 13:45:00,7747.213,1160.25,3259.723
2025-07-31 14:00:00,5782.953,993.25,2825.895
2025-07-31 14:15:00,5782.953,993.25,2825.895
2025-07-31 14:30:00,5782.953,993.25,2825.895
2025-07-31 14:45:00,5782.953,993.25,2825.895
2025-07-31 15:00:00,5276.059,1113.25,2513.24
2025-07-31 15:15:00,5276.059,1113.25,2513.24
2025-07-31 15:30:00,5276.059,1113.25,2513.24
2025-07-31 15:45:00,5276.059,1113.25,2513.24
2025-07-31 16:00:00,4430.651,1111.5,2549.415
2025-07-31 16:15:00,4430.651,1111.5,2549.415
2025-07-31 16:30:00,4430.651,1111.5,2549.415
2025-07-31 16:45:00,4430.651,1111.5,2549.415
2025-07-31 17:00:00,2761.932,1214.5,2003.451
2025-07-31 17:15:00,2761.932,1214.5,2003.451
2025-07-31 17:30:00,2761.932,1214.5,2003.451
2025-07-31 17:45:00,2761.932,1214.5,2003.451
2025-07-31 18:00:00,1459.905,1088.25,1615.678
2025-07-31 18:15:00,1459.905,1088.25,1615.678
2025-07-31 18:30:00,1459.905,1088.25,1615.678
2025-07-31 18:45:00,1459.905,1088.25,1615.678
2025-07-31 19:00:00,266.272,926.499,1149.534
2025-07-31 19:15:00,266.272,926.499,1149.534
2025-07-31 19:30:00,266.272,926.499,1149.534
2025-07-31 19:45:00,266.272,926.499,1149.534
2025-07-31 20:00:00,0.0,673.998,688.058
2025-07-31 20:15:00,0.0,673.998,688.058
2025-07-31 20:30:00,0.0,673.998,688.058
2025-07-31 20:45:00,0.0,673.998,688.058
2025-07-31 21:00:00,0.0,507.25,468.145
2025-07-31 21:15:00,0.0,507.25,468.145
2025-07-31 21:30:00,0.0,507.25,468.145
2025-07-31 21:45:00,0.0,507.25,468.145
2025-07-31 22:00:00,0.0,447.5,357.65
2025-07-31 22:15:00,0.0,447.5,357.65
2025-07-31 22:30:00,0.0,447.5,357.65
2025-07-31 22:45:00,0.0,447.5,357.65
2025-07-31 23:00:00,0.0,555.499,298.747
2025-07-31 23:15:00,0.0,555.499,298.747
2025-07-31 23:30:00,0.0,555.499,298.747
2025-07-31 23:45:00,0.0,555.499,298.747
2025-08-01 00:00:00,0.0,694.251,332.666
2025-08-01 00:15:00,0.0,694.251,332.666
2025-08-01 00:30:00,0.0,694.251,332.666
2025-08-01 00:45:00,0.0,694.251,332.666
2025-08-01 01:00:00,0.0,773.249,408.867
2025-08-01 01:15:00,0.0,773.249,408.867
2025-08-01 01:30:00,0.0,773.249,408.867
2025-08-01 01:45:00,0.0,773.249,408.867
2025-08-01 02:00:00,0.0,832.0,464.746
2025-08-01 02:15:00,0.0,832.0,464.746
2025-08-01 02:30:00,0.0,832.0,464.746
2025-08-01 02:45:00,0.0,832.0,464.746
2025-08-01 03:00:00,0.0,978.0,509.161
2025-08-01 03:15:00,0.0,978.0,509.161
2025-08-01 03:30:00,0.0,978.0,509.161
2025-08-01 03:45:00,0.0,978.0,509.161
2025-08-01 04:00:00,137.003,1452.5,524.381
2025-08-01 04:15:00,137.003,1452.5,524.381
2025-08-01 04:30:00,137.003,1452.5,524.381
2025-08-01 04:45:00,137.003,1452.5,524.381
2025-08-01 05:00:00,1094.514,2125.5,566.242
2025-08-01 05:15:00,1094.514,2125.5,566.242
2025-08-01 05:30:00,1094.514,2125.5,566.242
2025-08-01 05:45:00,1094.514,2125.5,566.242
2025-08-01 06:00:00,3200.206,2012.501,885.019
2025-08-01 06:15:00,3200.206,2012.501,885.019
2025-08-01 06:30:00,3200.206,2012.501,885.019
2025-08-01 06:45:00,3200.206,2012.501,885.019
2025-08-01 07:00:00,5276.142,1966.0,1388.221
2025-08-01 07:15:00,5276.142,1966.0,1388.221
2025-08-01 07:30:00,5276.142,1966.0,1388.221
2025-08-01 07:45:00,5276.142,1966.0,1388.221
2025-08-01 08:00:00,7615.239,1981.002,2218.781
2025-08-01 08:15:00,7615.239,1981.002,2218.781
2025-08-01 08:30:00,7615.239,1981.002,2218.781
2025-08-01 08:45:00,7615.239,1981.002,2218.781
2025-08-01 09:00:00,10436.326,1630.0,3107.575
2025-08-01 09:15:00,10436.326,1630.0,3107.575
2025-08-01 09:30:00,10436.326,1630.0,3107.575
2025-08-01 09:45:00,10436.326,1630.0,3107.575
2025-08-01 10:00:00,11965.824,2008.5,3826.143
2025-08-01 10:15:00,11965.824,2008.5,3826.143
2025-08-01 10:30:00,11965.824,2008.5,3826.143
2025-08-01 10:45:00,11965.824,2008.5,3826.143
2025-08-01 11:00:00,12272.552,2157.75,4094.081
2025-08-01 11:15:00,12272.552,2157.75,4094.081
2025-08-01 11:30:00,12272.552,2157.75,4094.081
2025-08-01 11:45:00,12272.552,2157.75,4094.081
2025-08-01 12:00:00,12129.58,2079.251,4303.274
2025-08-01 12:15:00,12129.58,2079.251,4303.274
2025-08-01 12:30:00,12129.58,2079.251,4303.274
2025-08-01 12:45:00,12129.58,2079.251,4303.274
2025-08-01 13:00:00,12153.488,2973.249,4483.685
2025-08-01 13:15:00,12153.488,2973.249,4483.685
2025-08-01 13:30:00,12153.488,2973.249,4483.685
2025-08-01 13:45:00,12153.488,2973.249,4483.685
2025-08-01 14:00:00,10614.66,3230.25,4778.052
2025-08-01 14:15:00,10614.66,3230.25,4778.052
2025-08-01 14:30:00,10614.66,3230.25,4778.052
2025-08-01 14:45:00,10614.66,3230.25,4778.052
2025-08-01 15:00:00,10122.578,3227.25,4761.978
2025-08-01 15:15:00,10122.578,3227.25,4761.978
2025-08-01 15:30:00,10122.578,3227.25,4761.978
2025-08-01 15:45:00,10122.578,3227.25,4761.978
2025-08-01 16:00:00,6959.052,3171.0,4799.909
2025-08-01 16:15:00,6959.052,3171.0,4799.909
2025-08-01 16:30:00,6959.052,3171.0,4799.909
2025-08-01 16:45:00,6959.052,3171.0,4799.909
2025-08-01 17:00:00,4061.268,3436.75,4328.678
2025-08-01 17:15:00,4061.268,3436.75,4328.678
2025-08-01 17:30:00,4061.268,3436.75,4328.678
2025-08-01 17:45:00,4061.268,3436.75,4328.678
2025-08-01 18:00:00,1561.334,3356.749,3401.266
2025-08-01 18:15:00,1561.334,3356.749,3401.266
2025-08-01 18:30:00,1561.334,3356.749,3401.266
2025-08-01 18:45:00,1561.334,3356.749,3401.266
2025-08-01 19:00:00,178.317,3077.748,2533.008
2025-08-01 19:15:00,178.317,3077.748,2533.008
2025-08-01 19:30:00,178.317,3077.748,2533.008
2025-08-01 19:45:00,178.317,3077.748,2533.008
2025-08-01 20:00:00,0.0,3225.75,1796.248
2025-08-01 20:15:00,0.0,3225.75,1796.248
2025-08-01 20:30:00,0.0,3225.75,1796.248
2025-08-01 20:45:00,0.0,3225.75,1796.248
2025-08-01 21:00:00,0.0,3305.0,1566.287
2025-08-01 21:15:00,0.0,3305.0,1566.287
2025-08-01 21:30:00,0.0,3305.0,1566.287
2025-08-01 21:45:00,0.0,3305.0,1566.287
2025-08-01 22:00:00,0.0,3087.501,1189.871
2025-08-01 22:15:00,0.0,3087.501,1189.871
2025-08-01 22:30:00,0.0,3087.501,1189.871
2025-08-01 22:45:00,0.0,3087.501,1189.871
2025-08-01 23:00:00,0.0,3252.75,1117.335
2025-08-01 23:15:00,0.0,3252.75,1117.335
2025-08-01 23:30:00,0.0,3252.75,1117.335
2025-08-01 23:45:00,0.0,3252.75,1117.335
2025-08-02 00:00:00,0.0,3564.0,1150.978
2025-08-02 00:15:00,0.0,3564.0,1150.978
2025-08-02 00:30:00,0.0,3564.0,1150.978
2025-08-02 00:45:00,0.0,3564.0,1150.978
2025-08-02 01:00:00,0.0,4000.5,1238.348
2025-08-02 01:15:00,0.0,4000.5,1238.348
2025-08-02 01:30:00,0.0,4000.5,1238.348
2025-08-02 01:45:00,0.0,4000.5,1238.348
2025-08-02 02:00:00,0.0,4125.75,1509.438
2025-08-02 02:15:00,0.0,4125.75,1509.438
2025-08-02 02:30:00,0.0,4125.75,1509.438
2025-08-02 02:45:00,0.0,4125.75,1509.438
2025-08-02 03:00:00,0.0,4131.75,1682.228
2025-08-02 03:15:00,0.0,4131.75,1682.228
2025-08-02 03:30:00,0.0,4131.75,1682.228
2025-08-02 03:45:00,0.0,4131.75,1682.228
2025-08-02 04:00:00,86.436,4231.25,1419.729
2025-08-02 04:15:00,86.436,4231.25,1419.729
2025-08-02 04:30:00,86.436,4231.25,1419.729
2025-08-02 04:45:00,86.436,4231.25,1419.729
2025-08-02 05:00:00,985.428,4211.5,1578.811
2025-08-02 05:15:00,985.428,4211.5,1578.811
2025-08-02 05:30:00,985.428,4211.5,1578.811
2025-08-02 05:45:00,985.428,4211.5,1578.811
2025-08-02 06:00:00,2449.797,4251.75,2066.519
2025-08-02 06:15:00,2449.797,4251.75,2066.519
2025-08-02 06:30:00,2449.797,4251.75,2066.519
2025-08-02 06:45:00,2449.797,4251.75,2066.519
2025-08-02 07:00:00,3504.989,4171.0,2367.607
2025-08-02 07:15:00,3504.989,4171.0,2367.607
2025-08-02 07:30:00,3504.989,4171.0,2367.607
2025-08-02 07:45:00,3504.989,4171.0,2367.607
2025-08-02 08:00:00,6232.249,3779.75,2629.271
2025-08-02 08:15:00,6232.249,3779.75,2629.271
2025-08-02 08:30:00,6232.249,3779.75,2629.271
2025-08-02 08:45:00,6232.249,3779.75,2629.271
2025-08-02 09:00:00,9255.068,2112.249,2987.796
2025-08-02 09:15:00,9255.068,2112.249,2987.796
2025-08-02 09:30:00,9255.068,2112.249,2987.796
2025-08-02 09:45:00,9255.068,2112.249,2987.796
2025-08-02 10:00:00,11489.668,1866.0,3539.375
2025-08-02 10:15:00,11489.668,1866.0,3539.375
2025-08-02 10:30:00,11489.668,1866.0,3539.375
2025-08-02 10:45:00,11489.668,1866.0,3539.375
2025-08-02 11:00:00,13320.835,1648.25,4362.01
2025-08-02 11:15:00,13320.835,1648.25,4362.01
2025-08-02 11:30:00,13320.835,1648.25,4362.01
2025-08-02 11:45:00,13320.835,1648.25,4362.01
2025-08-02 12:00:00,12249.8,1766.5,4533.429
2025-08-02 12:15:00,12249.8,1766.5,4533.429
2025-08-02 12:30:00,12249.8,1766.5,4533.429
2025-08-02 12:45:00,12249.8,1766.5,4533.429
2025-08-02 13:00:00,10220.035,1609.5,4539.967
2025-08-02 13:15:00,10220.035,1609.5,4539.967
2025-08-02 13:30:00,10220.035,1609.5,4539.967
2025-08-02 13:45:00,10220.035,1609.5,4539.967
2025-08-02 14:00:00,8480.779,2644.251,4934.82
2025-08-02 14:15:00,8480.779,2644.251,4934.82
2025-08-02 14:30:00,8480.779,2644.251,4934.82
2025-08-02 14:45:00,8480.779,2644.251,4934.82
2025-08-02 15:00:00,5915.943,2831.25,4375.872
2025-08-02 15:15:00,5915.943,2831.25,4375.872
2025-08-02 15:30:00,5915.943,2831.25,4375.872
2025-08-02 15:45:00,5915.943,2831.25,4375.872
2025-08-02 16:00:00,3874.946,2363.5,3746.42
2025-08-02 16:15:00,3874.946,2363.5,3746.42
2025-08-02 16:30:00,3874.946,2363.5,3746.42
2025-08-02 16:45:00,3874.946,2363.5,3746.42
2025-08-02 17:00:00,2144.824,2344.251,3666.184
2025-08-02 17:15:00,2144.824,2344.251,3666.184
2025-08-02 17:30:00,2144.824,2344.251,3666.184
2025-08-02 17:45:00,2144.824,2344.251,3666.184
2025-08-02 18:00:00,775.239,1801.0,2793.396
2025-08-02 18:15:00,775.239,1801.0,2793.396
2025-08-02 18:30:00,775.239,1801.0,2793.396
2025-08-02 18:45:00,775.239,1801.0,2793.396
2025-08-02 19:00:00,94.619,1487.501,1634.223
2025-08-02 19:15:00,94.619,1487.501,1634.223
2025-08-02 19:30:00,94.619,1487.501,1634.223
2025-08-02 19:45:00,94.619,1487.501,1634.223
2025-08-02 20:00:00,0.0,1439.502,1059.89
2025-08-02 20:15:00,0.0,1439.502,1059.89
2025-08-02 20:30:00,0.0,1439.502,1059.89
2025-08-02 20:45:00,0.0,1439.502,1059.89
2025-08-02 21:00:00,0.0,1487.501,991.385
2025-08-02 21:15:00,0.0,1487.501,991.385
2025-08-02 21:30:00,0.0,1487.501,991.385
2025-08-02 21:45:00,0.0,1487.501,991.385
2025-08-02 22:00:00,0.0,1597.749,975.041
2025-08-02 22:15:00,0.0,1597.749,975.041
2025-08-02 22:30:00,0.0,1597.749,975.041
2025-08-02 22:45:00,0.0,1597.749,975.041
2025-08-02 23:00:00,0.0,1980.499,1212.25
2025-08-02 23:15:00,0.0,1980.499,1212.25
2025-08-02 23:30:00,0.0,1980.499,1212.25
2025-08-02 23:45:00,0.0,1980.499,1212.25
2025-08-03 00:00:00,0.0,2141.0,1524.966
2025-08-03 00:15:00,0.0,2141.0,1524.966
2025-08-03 00:30:00,0.0,2141.0,1524.966
2025-08-03 00:45:00,0.0,2141.0,1524.966
2025-08-03 01:00:00,0.0,2443.249,1806.517
2025-08-03 01:15:00,0.0,2443.249,1806.517
2025-08-03 01:30:00,0.0,2443.249,1806.517
2025-08-03 01:45:00,0.0,2443.249,1806.517
2025-08-03 02:00:00,0.0,2661.751,1973.807
2025-08-03 02:15:00,0.0,2661.751,1973.807
2025-08-03 02:30:00,0.0,2661.751,1973.807
2025-08-03 02:45:00,0.0,2661.751,1973.807
2025-08-03 03:00:00,0.0,2915.5,1810.86
2025-08-03 03:15:00,0.0,2915.5,1810.86
2025-08-03 03:30:00,0.0,2915.5,1810.86
2025-08-03 03:45:00,0.0,2915.5,1810.86
2025-08-03 04:00:00,73.095,2439.249,1628.863
2025-08-03 04:15:00,73.095,2439.249,1628.863
2025-08-03 04:30:00,73.095,2439.249,1628.863
2025-08-03 04:45:00,73.095,2439.249,1628.863
2025-08-03 05:00:00,1037.67,1820.75,1316.929
2025-08-03 05:15:00,1037.67,1820.75,1316.929
2025-08-03 05:30:00,1037.67,1820.75,1316.929
2025-08-03 05:45:00,1037.67,1820.75,1316.929
2025-08-03 06:00:00,4067.848,1246.249,1323.804
2025-08-03 06:15:00,4067.848,1246.249,1323.804
2025-08-03 06:30:00,4067.848,1246.249,1323.804
2025-08-03 06:45:00,4067.848,1246.249,1323.804
2025-08-03 07:00:00,8735.773,1016.5,1849.602
2025-08-03 07:15:00,8735.773,1016.5,1849.602
2025-08-03 07:30:00,8735.773,1016.5,1849.602
2025-08-03 07:45:00,8735.773,1016.5,1849.602
2025-08-03 08:00:00,13135.659,1104.25,2843.994
2025-08-03 08:15:00,13135.659,1104.25,2843.994
2025-08-03 08:30:00,13135.659,1104.25,2843.994
2025-08-03 08:45:00,13135.659,1104.25,2843.994
2025-08-03 09:00:00,15805.803,1161.501,3768.523
2025-08-03 09:15:00,15805.803,1161.501,3768.523
2025-08-03 09:30:00,15805.803,1161.501,3768.523
2025-08-03 09:45:00,15805.803,1161.501,3768.523
2025-08-03 10:00:00,16857.629,1143.25,4827.98
2025-08-03 10:15:00,16857.629,1143.25,4827.98
2025-08-03 10:30:00,16857.629,1143.25,4827.98
2025-08-03 10:45:00,16857.629,1143.25,4827.98
2025-08-03 11:00:00,17605.537,1087.0,5208.711
2025-08-03 11:15:00,17605.537,1087.0,5208.711
2025-08-03 11:30:00,17605.537,1087.0,5208.711
2025-08-03 11:45:00,17605.537,1087.0,5208.711
2025-08-03 12:00:00,17346.363,1219.25,5532.28
2025-08-03 12:15:00,17346.363,1219.25,5532.28
2025-08-03 12:30:00,17346.363,1219.25,5532.28
2025-08-03 12:45:00,17346.363,1219.25,5532.28
2025-08-03 13:00:00,15432.057,1251.0,5557.001
2025-08-03 13:15:00,15432.057,1251.0,5557.001
2025-08-03 13:30:00,15432.057,1251.0,5557.001
2025-08-03 13:45:00,15432.057,1251.0,5557.001
2025-08-03 14:00:00,11708.974,2680.75,5338.314
2025-08-03 14:15:00,11708.974,2680.75,5338.314
2025-08-03 14:30:00,11708.974,2680.75,5338.314
2025-08-03 14:45:00,11708.974,2680.75,5338.314
2025-08-03 15:00:00,9286.041,3134.999,5378.004
2025-08-03 15:15:00,9286.041,3134.999,5378.004
2025-08-03 15:30:00,9286.041,3134.999,5378.004
2025-08-03 15:45:00,9286.041,3134.999,5378.004
2025-08-03 16:00:00,5577.196,3605.5,5316.689
2025-08-03 16:15:00,5577.196,3605.5,5316.689
2025-08-03 16:30:00,5577.196,3605.5,5316.689
2025-08-03 16:45:00,5577.196,3605.5,5316.689
2025-08-03 17:00:00,1475.19,3497.5,4508.949
2025-08-03 17:15:00,1475.19,3497.5,4508.949
2025-08-03 17:30:00,1475.19,3497.5,4508.949
2025-08-03 17:45:00,1475.19,3497.5,4508.949
2025-08-03 18:00:00,318.521,3288.25,3663.192
2025-08-03 18:15:00,318.521,3288.25,3663.192
2025-08-03 18:30:00,318.521,3288.25,3663.192
2025-08-03 18:45:00,318.521,3288.25,3663.192
2025-08-03 19:00:00,11.655,2822.499,2909.737
2025-08-03 19:15:00,11.655,2822.499,2909.737
2025-08-03 19:30:00,11.655,2822.499,2909.737
2025-08-03 19:45:00,11.655,2822.499,2909.737
2025-08-03 20:00:00,0.0,2375.001,2323.9
2025-08-03 20:15:00,0.0,2375.001,2323.9
2025-08-03 20:30:00,0.0,2375.001,2323.9
2025-08-03 20:45:00,0.0,2375.001,2323.9
2025-08-03 21:00:00,0.0,1942.75,2131.288
2025-08-03 21:15:00,0.0,1942.75,2131.288
2025-08-03 21:30:00,0.0,1942.75,2131.288
2025-08-03 21:45:00,0.0,1942.75,2131.288
2025-08-03 22:00:00,0.0,1812.749,1816.634
2025-08-03 22:15:00,0.0,1812.749,1816.634
2025-08-03 22:30:00,0.0,1812.749,1816.634
2025-08-03 22:45:00,0.0,1812.749,1816.634
2025-08-03 23:00:00,0.0,1619.749,1510.69
2025-08-03 23:15:00,0.0,1619.749,1510.69
2025-08-03 23:30:00,0.0,1619.749,1510.69
2025-08-03 23:45:00,0.0,1619.749,1510.69
2025-08-04 00:00:00,0.0,1224.251,1413.41
2025-08-04 00:15:00,0.0,1224.251,1413.41
2025-08-04 00:30:00,0.0,1224.251,1413.41
2025-08-04 00:45:00,0.0,1224.251,1413.41
2025-08-04 01:00:00,0.0,825.249,1166.686
2025-08-04 01:15:00,0.0,825.249,1166.686
2025-08-04 01:30:00,0.0,825.249,1166.686
2025-08-04 01:45:00,0.0,825.249,1166.686
2025-08-04 02:00:00,0.0,512.499,759.871
2025-08-04 02:15:00,0.0,512.499,759.871
2025-08-04 02:30:00,0.0,512.499,759.871
2025-08-04 02:45:00,0.0,512.499,759.871
2025-08-04 03:00:00,0.0,334.25,486.335
2025-08-04 03:15:00,0.0,334.25,486.335
2025-08-04 03:30:00,0.0,334.25,486.335
2025-08-04 03:45:00,0.0,334.25,486.335
2025-08-04 04:00:00,163.25,263.0,327.706
2025-08-04 04:15:00,163.25,263.0,327.706
2025-08-04 04:30:00,163.25,263.0,327.706
2025-08-04 04:45:00,163.25,263.0,327.706
2025-08-04 05:00:00,1444.434,193.5,252.123
2025-08-04 05:15:00,1444.434,193.5,252.123
2025-08-04 05:30:00,1444.434,193.5,252.123
2025-08-04 05:45:00,1444.434,193.5,252.123
2025-08-04 06:00:00,3955.553,150.0,230.534
2025-08-04 06:15:00,3955.553,150.0,230.534
2025-08-04 06:30:00,3955.553,150.0,230.534
2025-08-04 06:45:00,3955.553,150.0,230.534
2025-08-04 07:00:00,6864.338,320.75,309.511
2025-08-04 07:15:00,6864.338,320.75,309.511
2025-08-04 07:30:00,6864.338,320.75,309.511
2025-08-04 07:45:00,6864.338,320.75,309.511
2025-08-04 08:00:00,10483.02,477.501,873.391
2025-08-04 08:15:00,10483.02,477.501,873.391
2025-08-04 08:30:00,10483.02,477.501,873.391
2025-08-04 08:45:00,10483.02,477.501,873.391
2025-08-04 09:00:00,12462.699,831.75,2204.893
2025-08-04 09:15:00,12462.699,831.75,2204.893
2025-08-04 09:30:00,12462.699,831.75,2204.893
2025-08-04 09:45:00,12462.699,831.75,2204.893
2025-08-04 10:00:00,12712.356,1529.25,3633.959
2025-08-04 10:15:00,12712.356,1529.25,3633.959
2025-08-04 10:30:00,12712.356,1529.25,3633.959
2025-08-04 10:45:00,12712.356,1529.25,3633.959
2025-08-04 11:00:00,14159.828,1762.25,4710.304
2025-08-04 11:15:00,14159.828,1762.25,4710.304
2025-08-04 11:30:00,14159.828,1762.25,4710.304
2025-08-04 11:45:00,14159.828,1762.25,4710.304
2025-08-04 12:00:00,12911.384,2014.25,5262.162
2025-08-04 12:15:00,12911.384,2014.25,5262.162
2025-08-04 12:30:00,12911.384,2014.25,5262.162
2025-08-04 12:45:00,12911.384,2014.25,5262.162
2025-08-04 13:00:00,10459.336,2350.5,5594.451
2025-08-04 13:15:00,10459.336,2350.5,5594.451
2025-08-04 13:30:00,10459.336,2350.5,5594.451
2025-08-04 13:45:00,10459.336,2350.5,5594.451
2025-08-04 14:00:00,7574.196,3201.749,5368.465
2025-08-04 14:15:00,7574.196,3201.749,5368.465
2025-08-04 14:30:00,7574.196,3201.749,5368.465
2025-08-04 14:45:00,7574.196,3201.749,5368.465
2025-08-04 15:00:00,5729.566,4242.501,5537.861
2025-08-04 15:15:00,5729.566,4242.501,5537.861
2025-08-04 15:30:00,5729.566,4242.501,5537.861
2025-08-04 15:45:00,5729.566,4242.501,5537.861
2025-08-04 16:00:00,3184.263,4386.999,5613.443
2025-08-04 16:15:00,3184.263,4386.999,5613.443
2025-08-04 16:30:00,3184.263,4386.999,5613.443
2025-08-04 16:45:00,3184.263,4386.999,5613.443
2025-08-04 17:00:00,1140.119,4432.749,5545.949
2025-08-04 17:15:00,1140.119,4432.749,5545.949
2025-08-04 17:30:00,1140.119,4432.749,5545.949
2025-08-04 17:45:00,1140.119,4432.749,5545.949
2025-08-04 18:00:00,296.093,4409.0,5449.359
2025-08-04 18:15:00,296.093,4409.0,5449.359
2025-08-04 18:30:00,296.093,4409.0,5449.359
2025-08-04 18:45:00,296.093,4409.0,5449.359
2025-08-04 19:00:00,56.745,3963.751,5624.784
2025-08-04 19:15:00,56.745,3963.751,5624.784
2025-08-04 19:30:00,56.745,3963.751,5624.784
2025-08-04 19:45:00,56.745,3963.751,5624.784
2025-08-04 20:00:00,0.0,2859.0,5862.053
2025-08-04 20:15:00,0.0,2859.0,5862.053
2025-08-04 20:30:00,0.0,2859.0,5862.053
2025-08-04 20:45:00,0.0,2859.0,5862.053
2025-08-04 21:00:00,0.0,2485.5,4585.216
2025-08-04 21:15:00,0.0,2485.5,4585.216
2025-08-04 21:30:00,0.0,2485.5,4585.216
2025-08-04 21:45:00,0.0,2485.5,4585.216
2025-08-04 22:00:00,0.0,2486.251,2694.841
2025-08-04 22:15:00,0.0,2486.251,2694.841
2025-08-04 22:30:00,0.0,2486.251,2694.841
2025-08-04 22:45:00,0.0,2486.251,2694.841
2025-08-04 23:00:00,0.0,2780.75,2182.542
2025-08-04 23:15:00,0.0,2780.75,2182.542
2025-08-04 23:30:00,0.0,2780.75,2182.542
2025-08-04 23:45:00,0.0,2780.75,2182.542
2025-08-05 00:00:00,0.0,2976.749,1780.271
2025-08-05 00:15:00,0.0,2976.749,1780.271
2025-08-05 00:30:00,0.0,2976.749,1780.271
2025-08-05 00:45:00,0.0,2976.749,1780.271
2025-08-05 01:00:00,0.0,3203.501,1548.092
2025-08-05 01:15:00,0.0,3203.501,1548.092
2025-08-05 01:30:00,0.0,3203.501,1548.092
2025-08-05 01:45:00,0.0,3203.501,1548.092
2025-08-05 02:00:00,0.0,3342.75,1435.725
2025-08-05 02:15:00,0.0,3342.75,1435.725
2025-08-05 02:30:00,0.0,3342.75,1435.725
2025-08-05 02:45:00,0.0,3342.75,1435.725
2025-08-05 03:00:00,0.0,3295.25,1492.411
2025-08-05 03:15:00,0.0,3295.25,1492.411
2025-08-05 03:30:00,0.0,3295.25,1492.411
2025-08-05 03:45:00,0.0,3295.25,1492.411
2025-08-05 04:00:00,54.011,3418.25,1606.555
2025-08-05 04:15:00,54.011,3418.25,1606.555
2025-08-05 04:30:00,54.011,3418.25,1606.555
2025-08-05 04:45:00,54.011,3418.25,1606.555
2025-08-05 05:00:00,1106.66,3389.499,1645.441
2025-08-05 05:15:00,1106.66,3389.499,1645.441
2025-08-05 05:30:00,1106.66,3389.499,1645.441
2025-08-05 05:45:00,1106.66,3389.499,1645.441
2025-08-05 06:00:00,4935.549,3445.0,2023.347
2025-08-05 06:15:00,4935.549,3445.0,2023.347
2025-08-05 06:30:00,4935.549,3445.0,2023.347
2025-08-05 06:45:00,4935.549,3445.0,2023.347
2025-08-05 07:00:00,9996.723,2995.249,3507.398
2025-08-05 07:15:00,9996.723,2995.249,3507.398
2025-08-05 07:30:00,9996.723,2995.249,3507.398
2025-08-05 07:45:00,9996.723,2995.249,3507.398
2025-08-05 08:00:00,13318.484,3331.0,4947.629
2025-08-05 08:15:00,13318.484,3331.0,4947.629
2025-08-05 08:30:00,13318.484,3331.0,4947.629
2025-08-05 08:45:00,13318.484,3331.0,4947.629
2025-08-05 09:00:00,15216.267,2087.0,5510.976
2025-08-05 09:15:00,15216.267,2087.0,5510.976
2025-08-05 09:30:00,15216.267,2087.0,5510.976
2025-08-05 09:45:00,15216.267,2087.0,5510.976
2025-08-05 10:00:00,16219.097,2045.751,5804.232
2025-08-05 10:15:00,16219.097,2045.751,5804.232
2025-08-05 10:30:00,16219.097,2045.751,5804.232
2025-08-05 10:45:00,16219.097,2045.751,5804.232
2025-08-05 11:00:00,16449.098,1864.0,6085.92
2025-08-05 11:15:00,16449.098,1864.0,6085.92
2025-08-05 11:30:00,16449.098,1864.0,6085.92
2025-08-05 11:45:00,16449.098,1864.0,6085.92
2025-08-05 12:00:00,15265.653,1587.249,6256.9
2025-08-05 12:15:00,15265.653,1587.249,6256.9
2025-08-05 12:30:00,15265.653,1587.249,6256.9
2025-08-05 12:45:00,15265.653,1587.249,6256.9
2025-08-05 13:00:00,13307.672,1599.0,6056.7
2025-08-05 13:15:00,13307.672,1599.0,6056.7
2025-08-05 13:30:00,13307.672,1599.0,6056.7
2025-08-05 13:45:00,13307.672,1599.0,6056.7
2025-08-05 14:00:00,12097.128,2363.501,6013.235
2025-08-05 14:15:00,12097.128,2363.501,6013.235
2025-08-05 14:30:00,12097.128,2363.501,6013.235
2025-08-05 14:45:00,12097.128,2363.501,6013.235
2025-08-05 15:00:00,10666.734,2782.751,5695.155
2025-08-05 15:15:00,10666.734,2782.751,5695.155
2025-08-05 15:30:00,10666.734,2782.751,5695.155
2025-08-05 15:45:00,10666.734,2782.751,5695.155
2025-08-05 16:00:00,7324.773,2232.498,5607.695
2025-08-05 16:15:00,7324.773,2232.498,5607.695
2025-08-05 16:30:00,7324.773,2232.498,5607.695
2025-08-05 16:45:00,7324.773,2232.498,5607.695
2025-08-05 17:00:00,4768.113,2094.249,4458.73
2025-08-05 17:15:00,4768.113,2094.249,4458.73
2025-08-05 17:30:00,4768.113,2094.249,4458.73
2025-08-05 17:45:00,4768.113,2094.249,4458.73
2025-08-05 18:00:00,1692.703,2301.25,3293.666
2025-08-05 18:15:00,1692.703,2301.25,3293.666
2025-08-05 18:30:00,1692.703,2301.25,3293.666
2025-08-05 18:45:00,1692.703,2301.25,3293.666
2025-08-05 19:00:00,159.633,2753.5,2082.393
2025-08-05 19:15:00,159.633,2753.5,2082.393
2025-08-05 19:30:00,159.633,2753.5,2082.393
2025-08-05 19:45:00,159.633,2753.5,2082.393
2025-08-05 20:00:00,0.0,2665.249,1770.01
2025-08-05 20:15:00,0.0,2665.249,1770.01
2025-08-05 20:30:00,0.0,2665.249,1770.01
2025-08-05 20:45:00,0.0,2665.249,1770.01
2025-08-05 21:00:00,0.0,3078.25,1600.239
2025-08-05 21:15:00,0.0,3078.25,1600.239
2025-08-05 21:30:00,0.0,3078.25,1600.239
2025-08-05 21:45:00,0.0,3078.25,1600.239
2025-08-05 22:00:00,0.0,2967.749,1563.587
2025-08-05 22:15:00,0.0,2967.749,1563.587
2025-08-05 22:30:00,0.0,2967.749,1563.587
2025-08-05 22:45:00,0.0,2967.749,1563.587
2025-08-05 23:00:00,0.0,2558.251,1428.753
2025-08-05 23:15:00,0.0,2558.251,1428.753
2025-08-05 23:30:00,0.0,2558.251,1428.753
2025-08-05 23:45:00,0.0,2558.251,1428.753
2025-08-06 00:00:00,0.0,2434.251,1295.18
2025-08-06 00:15:00,0.0,2434.251,1295.18
2025-08-06 00:30:00,0.0,2434.251,1295.18
2025-08-06 00:45:00,0.0,2434.251,1295.18
2025-08-06 01:00:00,0.0,2480.749,1142.807
2025-08-06 01:15:00,0.0,2480.749,1142.807
2025-08-06 01:30:00,0.0,2480.749,1142.807
2025-08-06 01:45:00,0.0,2480.749,1142.807
2025-08-06 02:00:00,0.0,2310.75,1067.998
2025-08-06 02:15:00,0.0,2310.75,1067.998
2025-08-06 02:30:00,0.0,2310.75,1067.998
2025-08-06 02:45:00,0.0,2310.75,1067.998
2025-08-06 03:00:00,0.0,2035.251,1030.006
2025-08-06 03:15:00,0.0,2035.251,1030.006
2025-08-06 03:30:00,0.0,2035.251,1030.006
2025-08-06 03:45:00,0.0,2035.251,1030.006
2025-08-06 04:00:00,172.116,1493.501,881.579
2025-08-06 04:15:00,172.116,1493.501,881.579
2025-08-06 04:30:00,172.116,1493.501,881.579
2025-08-06 04:45:00,172.116,1493.501,881.579
2025-08-06 05:00:00,1768.16,1324.0,809.72
2025-08-06 05:15:00,1768.16,1324.0,809.72
2025-08-06 05:30:00,1768.16,1324.0,809.72
2025-08-06 05:45:00,1768.16,1324.0,809.72
2025-08-06 06:00:00,4863.367,1250.251,832.958
2025-08-06 06:15:00,4863.367,1250.251,832.958
2025-08-06 06:30:00,4863.367,1250.251,832.958
2025-08-06 06:45:00,4863.367,1250.251,832.958
2025-08-06 07:00:00,9083.397,1027.25,1353.389
2025-08-06 07:15:00,9083.397,1027.25,1353.389
2025-08-06 07:30:00,9083.397,1027.25,1353.389
2025-08-06 07:45:00,9083.397,1027.25,1353.389
2025-08-06 08:00:00,12223.736,959.5,2366.591
2025-08-06 08:15:00,12223.736,959.5,2366.591
2025-08-06 08:30:00,12223.736,959.5,2366.591
2025-08-06 08:45:00,12223.736,959.5,2366.591
2025-08-06 09:00:00,13104.115,912.0,2889.622
2025-08-06 09:15:00,13104.115,912.0,2889.622
2025-08-06 09:30:00,13104.115,912.0,2889.622
2025-08-06 09:45:00,13104.115,912.0,2889.622
2025-08-06 10:00:00,12931.348,678.0,3317.193
2025-08-06 10:15:00,12931.348,678.0,3317.193
2025-08-06 10:30:00,12931.348,678.0,3317.193
2025-08-06 10:45:00,12931.348,678.0,3317.193
2025-08-06 11:00:00,14652.989,718.25,3594.288
2025-08-06 11:15:00,14652.989,718.25,3594.288
2025-08-06 11:30:00,14652.989,718.25,3594.288
2025-08-06 11:45:00,14652.989,718.25,3594.288
2025-08-06 12:00:00,15252.026,652.5,3533.751
2025-08-06 12:15:00,15252.026,652.5,3533.751
2025-08-06 12:30:00,15252.026,652.5,3533.751
2025-08-06 12:45:00,15252.026,652.5,3533.751
2025-08-06 13:00:00,16018.424,493.251,2937.432
2025-08-06 13:15:00,16018.424,493.251,2937.432
2025-08-06 13:30:00,16018.424,493.251,2937.432
2025-08-06 13:45:00,16018.424,493.251,2937.432
2025-08-06 14:00:00,15291.107,414.251,2703.074
2025-08-06 14:15:00,15291.107,414.251,2703.074
2025-08-06 14:30:00,15291.107,414.251,2703.074
2025-08-06 14:45:00,15291.107,414.251,2703.074
2025-08-06 15:00:00,12170.876,449.25,2251.246
2025-08-06 15:15:00,12170.876,449.25,2251.246
2025-08-06 15:30:00,12170.876,449.25,2251.246
2025-08-06 15:45:00,12170.876,449.25,2251.246
2025-08-06 16:00:00,8292.177,386.499,1570.605
2025-08-06 16:15:00,8292.177,386.499,1570.605
2025-08-06 16:30:00,8292.177,386.499,1570.605
2025-08-06 16:45:00,8292.177,386.499,1570.605
2025-08-06 17:00:00,3984.526,289.999,988.566
2025-08-06 17:15:00,3984.526,289.999,988.566
2025-08-06 17:30:00,3984.526,289.999,988.566
2025-08-06 17:45:00,3984.526,289.999,988.566
2025-08-06 18:00:00,1046.565,183.501,318.888
2025-08-06 18:15:00,1046.565,183.501,318.888
2025-08-06 18:30:00,1046.565,183.501,318.888
2025-08-06 18:45:00,1046.565,183.501,318.888
2025-08-06 19:00:00,93.15,143.999,65.672
2025-08-06 19:15:00,93.15,143.999,65.672
2025-08-06 19:30:00,93.15,143.999,65.672
2025-08-06 19:45:00,93.15,143.999,65.672
2025-08-06 20:00:00,0.0,161.249,11.206
2025-08-06 20:15:00,0.0,161.249,11.206
2025-08-06 20:30:00,0.0,161.249,11.206
2025-08-06 20:45:00,0.0,161.249,11.206
2025-08-06 21:00:00,0.0,257.0,7.12
2025-08-06 21:15:00,0.0,257.0,7.12
2025-08-06 21:30:00,0.0,257.0,7.12
2025-08-06 21:45:00,0.0,257.0,7.12
2025-08-06 22:00:00,0.0,364.25,33.906
2025-08-06 22:15:00,0.0,364.25,33.906
2025-08-06 22:30:00,0.0,364.25,33.906
2025-08-06 22:45:00,0.0,364.25,33.906
2025-08-06 23:00:00,0.0,518.749,119.64
2025-08-06 23:15:00,0.0,518.749,119.64
2025-08-06 23:30:00,0.0,518.749,119.64
2025-08-06 23:45:00,0.0,518.749,119.64
2025-08-07 00:00:00,0.0,733.0,197.379
2025-08-07 00:15:00,0.0,733.0,197.379
2025-08-07 00:30:00,0.0,733.0,197.379
2025-08-07 00:45:00,0.0,733.0,197.379
2025-08-07 01:00:00,0.0,929.0,334.846
2025-08-07 01:15:00,0.0,929.0,334.846
2025-08-07 01:30:00,0.0,929.0,334.846
2025-08-07 01:45:00,0.0,929.0,334.846
2025-08-07 02:00:00,0.0,829.25,436.955
2025-08-07 02:15:00,0.0,829.25,436.955
2025-08-07 02:30:00,0.0,829.25,436.955
2025-08-07 02:45:00,0.0,829.25,436.955
2025-08-07 03:00:00,0.0,816.75,305.107
2025-08-07 03:15:00,0.0,816.75,305.107
2025-08-07 03:30:00,0.0,816.75,305.107
2025-08-07 03:45:00,0.0,816.75,305.107
2025-08-07 04:00:00,79.201,765.0,348.362
2025-08-07 04:15:00,79.201,765.0,348.362
2025-08-07 04:30:00,79.201,765.0,348.362
2025-08-07 04:45:00,79.201,765.0,348.362
2025-08-07 05:00:00,1105.353,807.0,506.994
2025-08-07 05:15:00,1105.353,807.0,506.994
2025-08-07 05:30:00,1105.353,807.0,506.994
2025-08-07 05:45:00,1105.353,807.0,506.994
2025-08-07 06:00:00,3523.323,1043.5,721.973
2025-08-07 06:15:00,3523.323,1043.5,721.973
2025-08-07 06:30:00,3523.323,1043.5,721.973
2025-08-07 06:45:00,3523.323,1043.5,721.973
2025-08-07 07:00:00,6945.007,1015.0,1093.654
2025-08-07 07:15:00,6945.007,1015.0,1093.654
2025-08-07 07:30:00,6945.007,1015.0,1093.654
2025-08-07 07:45:00,6945.007,1015.0,1093.654
2025-08-07 08:00:00,11552.507,864.249,1879.711
2025-08-07 08:15:00,11552.507,864.249,1879.711
2025-08-07 08:30:00,11552.507,864.249,1879.711
2025-08-07 08:45:00,11552.507,864.249,1879.711
2025-08-07 09:00:00,15747.804,736.25,2611.883
2025-08-07 09:15:00,15747.804,736.25,2611.883
2025-08-07 09:30:00,15747.804,736.25,2611.883
2025-08-07 09:45:00,15747.804,736.25,2611.883
2025-08-07 10:00:00,16859.815,1143.25,3126.963
2025-08-07 10:15:00,16859.815,1143.25,3126.963
2025-08-07 10:30:00,16859.815,1143.25,3126.963
2025-08-07 10:45:00,16859.815,1143.25,3126.963
2025-08-07 11:00:00,17691.979,1158.251,3800.817
2025-08-07 11:15:00,17691.979,1158.251,3800.817
2025-08-07 11:30:00,17691.979,1158.251,3800.817
2025-08-07 11:45:00,17691.979,1158.251,3800.817
2025-08-07 12:00:00,15175.949,1317.499,4185.144
2025-08-07 12:15:00,15175.949,1317.499,4185.144
2025-08-07 12:30:00,15175.949,1317.499,4185.144
2025-08-07 12:45:00,15175.949,1317.499,4185.144
2025-08-07 13:00:00,12998.639,1850.751,4390.744
2025-08-07 13:15:00,12998.639,1850.751,4390.744
2025-08-07 13:30:00,12998.639,1850.751,4390.744
2025-08-07 13:45:00,12998.639,1850.751,4390.744
2025-08-07 14:00:00,10316.682,2548.75,4106.261
2025-08-07 14:15:00,10316.682,2548.75,4106.261
2025-08-07 14:30:00,10316.682,2548.75,4106.261
2025-08-07 14:45:00,10316.682,2548.75,4106.261
2025-08-07 15:00:00,7908.933,3165.501,3802.907
2025-08-07 15:15:00,7908.933,3165.501,3802.907
2025-08-07 15:30:00,7908.933,3165.501,3802.907
2025-08-07 15:45:00,7908.933,3165.501,3802.907
2025-08-07 16:00:00,4958.447,3416.75,2901.365
2025-08-07 16:15:00,4958.447,3416.75,2901.365
2025-08-07 16:30:00,4958.447,3416.75,2901.365
2025-08-07 16:45:00,4958.447,3416.75,2901.365
2025-08-07 17:00:00,2120.368,3303.0,2221.609
2025-08-07 17:15:00,2120.368,3303.0,2221.609
2025-08-07 17:30:00,2120.368,3303.0,2221.609
2025-08-07 17:45:00,2120.368,3303.0,2221.609
2025-08-07 18:00:00,680.425,3437.501,1521.918
2025-08-07 18:15:00,680.425,3437.501,1521.918
2025-08-07 18:30:00,680.425,3437.501,1521.918
2025-08-07 18:45:00,680.425,3437.501,1521.918
2025-08-07 19:00:00,48.686,3281.499,971.889
2025-08-07 19:15:00,48.686,3281.499,971.889
2025-08-07 19:30:00,48.686,3281.499,971.889
2025-08-07 19:45:00,48.686,3281.499,971.889
2025-08-07 20:00:00,0.0,2970.25,851.435
2025-08-07 20:15:00,0.0,2970.25,851.435
2025-08-07 20:30:00,0.0,2970.25,851.435
2025-08-07 20:45:00,0.0,2970.25,851.435
2025-08-07 21:00:00,0.0,2780.499,825.19
2025-08-07 21:15:00,0.0,2780.499,825.19
2025-08-07 21:30:00,0.0,2780.499,825.19
2025-08-07 21:45:00,0.0,2780.499,825.19
2025-08-07 22:00:00,0.0,2620.25,987.164
2025-08-07 22:15:00,0.0,2620.25,987.164
2025-08-07 22:30:00,0.0,2620.25,987.164
2025-08-07 22:45:00,0.0,2620.25,987.164
2025-08-07 23:00:00,0.0,2475.0,936.363
2025-08-07 23:15:00,0.0,2475.0,936.363
2025-08-07 23:30:00,0.0,2475.0,936.363
2025-08-07 23:45:00,0.0,2475.0,936.363
2025-08-08 00:00:00,0.0,2389.5,1068.758
2025-08-08 00:15:00,0.0,2389.5,1068.758
2025-08-08 00:30:00,0.0,2389.5,1068.758
2025-08-08 00:45:00,0.0,2389.5,1068.758
2025-08-08 01:00:00,0.0,2196.0,1084.127
2025-08-08 01:15:00,0.0,2196.0,1084.127
2025-08-08 01:30:00,0.0,2196.0,1084.127
2025-08-08 01:45:00,0.0,2196.0,1084.127
2025-08-08 02:00:00,0.0,1892.75,1107.742
2025-08-08 02:15:00,0.0,1892.75,1107.742
2025-08-08 02:30:00,0.0,1892.75,1107.742
2025-08-08 02:45:00,0.0,1892.75,1107.742
2025-08-08 03:00:00,0.0,1848.751,1073.945
2025-08-08 03:15:00,0.0,1848.751,1073.945
2025-08-08 03:30:00,0.0,1848.751,1073.945
2025-08-08 03:45:00,0.0,1848.751,1073.945
2025-08-08 04:00:00,69.726,1356.749,1113.814
2025-08-08 04:15:00,69.726,1356.749,1113.814
2025-08-08 04:30:00,69.726,1356.749,1113.814
2025-08-08 04:45:00,69.726,1356.749,1113.814
2025-08-08 05:00:00,896.834,849.749,822.133
2025-08-08 05:15:00,896.834,849.749,822.133
2025-08-08 05:30:00,896.834,849.749,822.133
2025-08-08 05:45:00,896.834,849.749,822.133
2025-08-08 06:00:00,2933.136,683.5,735.115
2025-08-08 06:15:00,2933.136,683.5,735.115
2025-08-08 06:30:00,2933.136,683.5,735.115
2025-08-08 06:45:00,2933.136,683.5,735.115
2025-08-08 07:00:00,6196.909,544.5,1192.046
2025-08-08 07:15:00,6196.909,544.5,1192.046
2025-08-08 07:30:00,6196.909,544.5,1192.046
2025-08-08 07:45:00,6196.909,544.5,1192.046
2025-08-08 08:00:00,9048.261,326.748,1569.423
2025-08-08 08:15:00,9048.261,326.748,1569.423
2025-08-08 08:30:00,9048.261,326.748,1569.423
2025-08-08 08:45:00,9048.261,326.748,1569.423
2025-08-08 09:00:00,10946.296,266.0,1591.043
2025-08-08 09:15:00,10946.296,266.0,1591.043
2025-08-08 09:30:00,10946.296,266.0,1591.043
2025-08-08 09:45:00,10946.296,266.0,1591.043
2025-08-08 10:00:00,14353.915,151.25,1598.254
2025-08-08 10:15:00,14353.915,151.25,1598.254
2025-08-08 10:30:00,14353.915,151.25,1598.254
2025-08-08 10:45:00,14353.915,151.25,1598.254
2025-08-08 11:00:00,16166.26,161.25,1578.423
2025-08-08 11:15:00,16166.26,161.25,1578.423
2025-08-08 11:30:00,16166.26,161.25,1578.423
2025-08-08 11:45:00,16166.26,161.25,1578.423
2025-08-08 12:00:00,15834.5,182.0,1344.287
2025-08-08 12:15:00,15834.5,182.0,1344.287
2025-08-08 12:30:00,15834.5,182.0,1344.287
2025-08-08 12:45:00,15834.5,182.0,1344.287
2025-08-08 13:00:00,13806.064,191.0,1178.74
2025-08-08 13:15:00,13806.064,191.0,1178.74
2025-08-08 13:30:00,13806.064,191.0,1178.74
2025-08-08 13:45:00,13806.064,191.0,1178.74
2025-08-08 14:00:00,11919.982,184.25,1060.379
2025-08-08 14:15:00,11919.982,184.25,1060.379
2025-08-08 14:30:00,11919.982,184.25,1060.379
2025-08-08 14:45:00,11919.982,184.25,1060.379
2025-08-08 15:00:00,10159.812,176.25,839.269
2025-08-08 15:15:00,10159.812,176.25,839.269
2025-08-08 15:30:00,10159.812,176.25,839.269
2025-08-08 15:45:00,10159.812,176.25,839.269
2025-08-08 16:00:00,7684.818,140.0,719.279
2025-08-08 16:15:00,7684.818,140.0,719.279
2025-08-08 16:30:00,7684.818,140.0,719.279
2025-08-08 16:45:00,7684.818,140.0,719.279
2025-08-08 17:00:00,4564.264,121.25,666.768
2025-08-08 17:15:00,4564.264,121.25,666.768
2025-08-08 17:30:00,4564.264,121.25,666.768
2025-08-08 17:45:00,4564.264,121.25,666.768
2025-08-08 18:00:00,1635.224,142.999,318.159
2025-08-08 18:15:00,1635.224,142.999,318.159
2025-08-08 18:30:00,1635.224,142.999,318.159
2025-08-08 18:45:00,1635.224,142.999,318.159
2025-08-08 19:00:00,91.571,114.0,31.201
2025-08-08 19:15:00,91.571,114.0,31.201
2025-08-08 19:30:00,91.571,114.0,31.201
2025-08-08 19:45:00,91.571,114.0,31.201
2025-08-08 20:00:00,0.0,97.25,0.0
2025-08-08 20:15:00,0.0,97.25,0.0
2025-08-08 20:30:00,0.0,97.25,0.0
2025-08-08 20:45:00,0.0,97.25,0.0
2025-08-08 21:00:00,0.0,66.249,0.0
2025-08-08 21:15:00,0.0,66.249,0.0
2025-08-08 21:30:00,0.0,66.249,0.0
2025-08-08 21:45:00,0.0,66.249,0.0
2025-08-08 22:00:00,0.0,93.25,0.0
2025-08-08 22:15:00,0.0,93.25,0.0
2025-08-08 22:30:00,0.0,93.25,0.0
2025-08-08 22:45:00,0.0,93.25,0.0
2025-08-08 23:00:00,0.0,93.0,0.0
2025-08-08 23:15:00,0.0,93.0,0.0
2025-08-08 23:30:00,0.0,93.0,0.0
2025-08-08 23:45:00,0.0,93.0,0.0
2025-08-09 00:00:00,0.0,123.25,11.528
2025-08-09 00:15:00,0.0,123.25,11.528
2025-08-09 00:30:00,0.0,123.25,11.528
2025-08-09 00:45:00,0.0,123.25,11.528
2025-08-09 01:00:00,0.0,161.501,28.284
2025-08-09 01:15:00,0.0,161.501,28.284
2025-08-09 01:30:00,0.0,161.501,28.284
2025-08-09 01:45:00,0.0,161.501,28.284
2025-08-09 02:00:00,0.0,231.75,28.131
2025-08-09 02:15:00,0.0,231.75,28.131
2025-08-09 02:30:00,0.0,231.75,28.131
2025-08-09 02:45:00,0.0,231.75,28.131
2025-08-09 03:00:00,0.0,331.5,27.88
2025-08-09 03:15:00,0.0,331.5,27.88
2025-08-09 03:30:00,0.0,331.5,27.88
2025-08-09 03:45:00,0.0,331.5,27.88
2025-08-09 04:00:00,128.057,442.501,26.999
2025-08-09 04:15:00,128.057,442.501,26.999
2025-08-09 04:30:00,128.057,442.501,26.999
2025-08-09 04:45:00,128.057,442.501,26.999
2025-08-09 05:00:00,1431.933,540.75,34.635
2025-08-09 05:15:00,1431.933,540.75,34.635
2025-08-09 05:30:00,1431.933,540.75,34.635
2025-08-09 05:45:00,1431.933,540.75,34.635
2025-08-09 06:00:00,3568.573,558.499,56.939
2025-08-09 06:15:00,3568.573,558.499,56.939
2025-08-09 06:30:00,3568.573,558.499,56.939
2025-08-09 06:45:00,3568.573,558.499,56.939
2025-08-09 07:00:00,7721.014,534.5,217.141
2025-08-09 07:15:00,7721.014,534.5,217.141
2025-08-09 07:30:00,7721.014,534.5,217.141
2025-08-09 07:45:00,7721.014,534.5,217.141
2025-08-09 08:00:00,13764.525,615.5,694.312
2025-08-09 08:15:00,13764.525,615.5,694.312
2025-08-09 08:30:00,13764.525,615.5,694.312
2025-08-09 08:45:00,13764.525,615.5,694.312
2025-08-09 09:00:00,17017.358,627.749,1408.446
2025-08-09 09:15:00,17017.358,627.749,1408.446
2025-08-09 09:30:00,17017.358,627.749,1408.446
2025-08-09 09:45:00,17017.358,627.749,1408.446
2025-08-09 10:00:00,19254.976,438.999,2313.706
2025-08-09 10:15:00,19254.976,438.999,2313.706
2025-08-09 10:30:00,19254.976,438.999,2313.706
2025-08-09 10:45:00,19254.976,438.999,2313.706
2025-08-09 11:00:00,20159.803,458.75,2723.673
2025-08-09 11:15:00,20159.803,458.75,2723.673
2025-08-09 11:30:00,20159.803,458.75,2723.673
2025-08-09 11:45:00,20159.803,458.75,2723.673
2025-08-09 12:00:00,21012.865,535.251,3101.582
2025-08-09 12:15:00,21012.865,535.251,3101.582
2025-08-09 12:30:00,21012.865,535.251,3101.582
2025-08-09 12:45:00,21012.865,535.251,3101.582
2025-08-09 13:00:00,18739.314,469.0,3310.924
2025-08-09 13:15:00,18739.314,469.0,3310.924
2025-08-09 13:30:00,18739.314,469.0,3310.924
2025-08-09 13:45:00,18739.314,469.0,3310.924
2025-08-09 14:00:00,16130.012,725.001,3565.591
2025-08-09 14:15:00,16130.012,725.001,3565.591
2025-08-09 14:30:00,16130.012,725.001,3565.591
2025-08-09 14:45:00,16130.012,725.001,3565.591
2025-08-09 15:00:00,13237.281,620.249,3707.863
2025-08-09 15:15:00,13237.281,620.249,3707.863
2025-08-09 15:30:00,13237.281,620.249,3707.863
2025-08-09 15:45:00,13237.281,620.249,3707.863
2025-08-09 16:00:00,9456.083,940.5,3520.372
2025-08-09 16:15:00,9456.083,940.5,3520.372
2025-08-09 16:30:00,9456.083,940.5,3520.372
2025-08-09 16:45:00,9456.083,940.5,3520.372
2025-08-09 17:00:00,5179.275,1108.25,2907.309
2025-08-09 17:15:00,5179.275,1108.25,2907.309
2025-08-09 17:30:00,5179.275,1108.25,2907.309
2025-08-09 17:45:00,5179.275,1108.25,2907.309
2025-08-09 18:00:00,1626.541,1110.0,1853.829
2025-08-09 18:15:00,1626.541,1110.0,1853.829
2025-08-09 18:30:00,1626.541,1110.0,1853.829
2025-08-09 18:45:00,1626.541,1110.0,1853.829
2025-08-09 19:00:00,36.68,1144.751,618.76
2025-08-09 19:15:00,36.68,1144.751,618.76
2025-08-09 19:30:00,36.68,1144.751,618.76
2025-08-09 19:45:00,36.68,1144.751,618.76
2025-08-09 20:00:00,0.0,1240.751,409.687
2025-08-09 20:15:00,0.0,1240.751,409.687
2025-08-09 20:30:00,0.0,1240.751,409.687
2025-08-09 20:45:00,0.0,1240.751,409.687
2025-08-09 21:00:00,0.0,1116.498,405.153
2025-08-09 21:15:00,0.0,1116.498,405.153
2025-08-09 21:30:00,0.0,1116.498,405.153
2025-08-09 21:45:00,0.0,1116.498,405.153
2025-08-09 22:00:00,0.0,1081.002,289.143
2025-08-09 22:15:00,0.0,1081.002,289.143
2025-08-09 22:30:00,0.0,1081.002,289.143
2025-08-09 22:45:00,0.0,1081.002,289.143
2025-08-09 23:00:00,0.0,932.75,254.812
2025-08-09 23:15:00,0.0,932.75,254.812
2025-08-09 23:30:00,0.0,932.75,254.812
2025-08-09 23:45:00,0.0,932.75,254.812
2025-08-10 00:00:00,0.0,697.5,220.664
2025-08-10 00:15:00,0.0,697.5,220.664
2025-08-10 00:30:00,0.0,697.5,220.664
2025-08-10 00:45:00,0.0,697.5,220.664
2025-08-10 01:00:00,0.0,732.75,199.98
2025-08-10 01:15:00,0.0,732.75,199.98
2025-08-10 01:30:00,0.0,732.75,199.98
2025-08-10 01:45:00,0.0,732.75,199.98
2025-08-10 02:00:00,0.0,868.749,135.458
2025-08-10 02:15:00,0.0,868.749,135.458
2025-08-10 02:30:00,0.0,868.749,135.458
2025-08-10 02:45:00,0.0,868.749,135.458
2025-08-10 03:00:00,0.0,910.25,69.572
2025-08-10 03:15:00,0.0,910.25,69.572
2025-08-10 03:30:00,0.0,910.25,69.572
2025-08-10 03:45:00,0.0,910.25,69.572
2025-08-10 04:00:00,90.502,761.75,55.394
2025-08-10 04:15:00,90.502,761.75,55.394
2025-08-10 04:30:00,90.502,761.75,55.394
2025-08-10 04:45:00,90.502,761.75,55.394
2025-08-10 05:00:00,1580.081,482.0,101.777
2025-08-10 05:15:00,1580.081,482.0,101.777
2025-08-10 05:30:00,1580.081,482.0,101.777
2025-08-10 05:45:00,1580.081,482.0,101.777
2025-08-10 06:00:00,5029.96,351.749,84.22
2025-08-10 06:15:00,5029.96,351.749,84.22
2025-08-10 06:30:00,5029.96,351.749,84.22
2025-08-10 06:45:00,5029.96,351.749,84.22
2025-08-10 07:00:00,9577.835,225.25,227.834
2025-08-10 07:15:00,9577.835,225.25,227.834
2025-08-10 07:30:00,9577.835,225.25,227.834
2025-08-10 07:45:00,9577.835,225.25,227.834
2025-08-10 08:00:00,13764.72,141.25,292.539
2025-08-10 08:15:00,13764.72,141.25,292.539
2025-08-10 08:30:00,13764.72,141.25,292.539
2025-08-10 08:45:00,13764.72,141.25,292.539
2025-08-10 09:00:00,16786.219,106.251,397.816
2025-08-10 09:15:00,16786.219,106.251,397.816
2025-08-10 09:30:00,16786.219,106.251,397.816
2025-08-10 09:45:00,16786.219,106.251,397.816
2025-08-10 10:00:00,19402.067,79.0,584.575
2025-08-10 10:15:00,19402.067,79.0,584.575
2025-08-10 10:30:00,19402.067,79.0,584.575
2025-08-10 10:45:00,19402.067,79.0,584.575
2025-08-10 11:00:00,19240.913,74.748,728.942
2025-08-10 11:15:00,19240.913,74.748,728.942
2025-08-10 11:30:00,19240.913,74.748,728.942
2025-08-10 11:45:00,19240.913,74.748,728.942
2025-08-10 12:00:00,19116.797,101.75,1056.972
2025-08-10 12:15:00,19116.797,101.75,1056.972
2025-08-10 12:30:00,19116.797,101.75,1056.972
2025-08-10 12:45:00,19116.797,101.75,1056.972
2025-08-10 13:00:00,18137.206,118.75,1150.643
2025-08-10 13:15:00,18137.206,118.75,1150.643
2025-08-10 13:30:00,18137.206,118.75,1150.643
2025-08-10 13:45:00,18137.206,118.75,1150.643
2025-08-10 14:00:00,16661.008,88.749,1215.477
2025-08-10 14:15:00,16661.008,88.749,1215.477
2025-08-10 14:30:00,16661.008,88.749,1215.477
2025-08-10 14:45:00,16661.008,88.749,1215.477
2025-08-10 15:00:00,13543.771,67.001,1077.958
2025-08-10 15:15:00,13543.771,67.001,1077.958
2025-08-10 15:30:00,13543.771,67.001,1077.958
2025-08-10 15:45:00,13543.771,67.001,1077.958
2025-08-10 16:00:00,9629.181,74.25,1010.816
2025-08-10 16:15:00,9629.181,74.25,1010.816
2025-08-10 16:30:00,9629.181,74.25,1010.816
2025-08-10 16:45:00,9629.181,74.25,1010.816
2025-08-10 17:00:00,5013.829,119.748,865.333
2025-08-10 17:15:00,5013.829,119.748,865.333
2025-08-10 17:30:00,5013.829,119.748,865.333
2025-08-10 17:45:00,5013.829,119.748,865.333
2025-08-10 18:00:00,1534.383,158.0,593.544
2025-08-10 18:15:00,1534.383,158.0,593.544
2025-08-10 18:30:00,1534.383,158.0,593.544
2025-08-10 18:45:00,1534.383,158.0,593.544
2025-08-10 19:00:00,23.096,175.0,263.333
2025-08-10 19:15:00,23.096,175.0,263.333
2025-08-10 19:30:00,23.096,175.0,263.333
2025-08-10 19:45:00,23.096,175.0,263.333
2025-08-10 20:00:00,0.0,243.75,116.548
2025-08-10 20:15:00,0.0,243.75,116.548
2025-08-10 20:30:00,0.0,243.75,116.548
2025-08-10 20:45:00,0.0,243.75,116.548
2025-08-10 21:00:00,0.0,377.0,59.159
2025-08-10 21:15:00,0.0,377.0,59.159
2025-08-10 21:30:00,0.0,377.0,59.159
2025-08-10 21:45:00,0.0,377.0,59.159
2025-08-10 22:00:00,0.0,354.5,62.392
2025-08-10 22:15:00,0.0,354.5,62.392
2025-08-10 22:30:00,0.0,354.5,62.392
2025-08-10 22:45:00,0.0,354.5,62.392
2025-08-10 23:00:00,0.0,363.751,96.329
2025-08-10 23:15:00,0.0,363.751,96.329
2025-08-10 23:30:00,0.0,363.751,96.329
2025-08-10 23:45:00,0.0,363.751,96.329
2025-08-11 00:00:00,0.0,412.249,129.526
2025-08-11 00:15:00,0.0,412.249,129.526
2025-08-11 00:30:00,0.0,412.249,129.526
2025-08-11 00:45:00,0.0,412.249,129.526
2025-08-11 01:00:00,0.0,398.249,91.87
2025-08-11 01:15:00,0.0,398.249,91.87
2025-08-11 01:30:00,0.0,398.249,91.87
2025-08-11 01:45:00,0.0,398.249,91.87
2025-08-11 02:00:00,0.0,365.25,60.116
2025-08-11 02:15:00,0.0,365.25,60.116
2025-08-11 02:30:00,0.0,365.25,60.116
2025-08-11 02:45:00,0.0,365.25,60.116
2025-08-11 03:00:00,0.0,304.25,56.331
2025-08-11 03:15:00,0.0,304.25,56.331
2025-08-11 03:30:00,0.0,304.25,56.331
2025-08-11 03:45:00,0.0,304.25,56.331
2025-08-11 04:00:00,90.777,250.5,31.733
2025-08-11 04:15:00,90.777,250.5,31.733
2025-08-11 04:30:00,90.777,250.5,31.733
2025-08-11 04:45:00,90.777,250.5,31.733
2025-08-11 05:00:00,1539.369,151.75,18.661
2025-08-11 05:15:00,1539.369,151.75,18.661
2025-08-11 05:30:00,1539.369,151.75,18.661
2025-08-11 05:45:00,1539.369,151.75,18.661
2025-08-11 06:00:00,5154.356,66.751,0.0
2025-08-11 06:15:00,5154.356,66.751,0.0
2025-08-11 06:30:00,5154.356,66.751,0.0
2025-08-11 06:45:00,5154.356,66.751,0.0
2025-08-11 07:00:00,9561.506,47.5,0.0
2025-08-11 07:15:00,9561.506,47.5,0.0
2025-08-11 07:30:00,9561.506,47.5,0.0
2025-08-11 07:45:00,9561.506,47.5,0.0
2025-08-11 08:00:00,13937.836,73.749,0.678
2025-08-11 08:15:00,13937.836,73.749,0.678
2025-08-11 08:30:00,13937.836,73.749,0.678
2025-08-11 08:45:00,13937.836,73.749,0.678
2025-08-11 09:00:00,17316.719,73.0,10.07
2025-08-11 09:15:00,17316.719,73.0,10.07
2025-08-11 09:30:00,17316.719,73.0,10.07
2025-08-11 09:45:00,17316.719,73.0,10.07
2025-08-11 10:00:00,19862.503,79.5,91.351
2025-08-11 10:15:00,19862.503,79.5,91.351
2025-08-11 10:30:00,19862.503,79.5,91.351
2025-08-11 10:45:00,19862.503,79.5,91.351
2025-08-11 11:00:00,20958.116,36.749,153.296
2025-08-11 11:15:00,20958.116,36.749,153.296
2025-08-11 11:30:00,20958.116,36.749,153.296
2025-08-11 11:45:00,20958.116,36.749,153.296
2025-08-11 12:00:00,20545.015,54.25,277.743
2025-08-11 12:15:00,20545.015,54.25,277.743
2025-08-11 12:30:00,20545.015,54.25,277.743
2025-08-11 12:45:00,20545.015,54.25,277.743
2025-08-11 13:00:00,19612.722,116.75,303.001
2025-08-11 13:15:00,19612.722,116.75,303.001
2025-08-11 13:30:00,19612.722,116.75,303.001
2025-08-11 13:45:00,19612.722,116.75,303.001
2025-08-11 14:00:00,17209.483,262.999,396.621
2025-08-11 14:15:00,17209.483,262.999,396.621
2025-08-11 14:30:00,17209.483,262.999,396.621
2025-08-11 14:45:00,17209.483,262.999,396.621
2025-08-11 15:00:00,13502.921,327.75,542.065
2025-08-11 15:15:00,13502.921,327.75,542.065
2025-08-11 15:30:00,13502.921,327.75,542.065
2025-08-11 15:45:00,13502.921,327.75,542.065
2025-08-11 16:00:00,9195.665,426.25,696.98
2025-08-11 16:15:00,9195.665,426.25,696.98
2025-08-11 16:30:00,9195.665,426.25,696.98
2025-08-11 16:45:00,9195.665,426.25,696.98
2025-08-11 17:00:00,4925.193,748.0,776.753
2025-08-11 17:15:00,4925.193,748.0,776.753
2025-08-11 17:30:00,4925.193,748.0,776.753
2025-08-11 17:45:00,4925.193,748.0,776.753
2025-08-11 18:00:00,1246.653,994.75,706.578
2025-08-11 18:15:00,1246.653,994.75,706.578
2025-08-11 18:30:00,1246.653,994.75,706.578
2025-08-11 18:45:00,1246.653,994.75,706.578
2025-08-11 19:00:00,8.679,1218.252,588.189
2025-08-11 19:15:00,8.679,1218.252,588.189
2025-08-11 19:30:00,8.679,1218.252,588.189
2025-08-11 19:45:00,8.679,1218.252,588.189
2025-08-11 20:00:00,0.0,1285.75,495.625
2025-08-11 20:15:00,0.0,1285.75,495.625
2025-08-11 20:30:00,0.0,1285.75,495.625
2025-08-11 20:45:00,0.0,1285.75,495.625
2025-08-11 21:00:00,0.0,1386.0,488.636
2025-08-11 21:15:00,0.0,1386.0,488.636
2025-08-11 21:30:00,0.0,1386.0,488.636
2025-08-11 21:45:00,0.0,1386.0,488.636
2025-08-11 22:00:00,0.0,1639.0,526.069
2025-08-11 22:15:00,0.0,1639.0,526.069
2025-08-11 22:30:00,0.0,1639.0,526.069
2025-08-11 22:45:00,0.0,1639.0,526.069
2025-08-11 23:00:00,0.0,1864.248,623.088
2025-08-11 23:15:00,0.0,1864.248,623.088
2025-08-11 23:30:00,0.0,1864.248,623.088
2025-08-11 23:45:00,0.0,1864.248,623.088
2025-08-12 00:00:00,0.0,1943.751,703.275
2025-08-12 00:15:00,0.0,1943.751,703.275
2025-08-12 00:30:00,0.0,1943.751,703.275
2025-08-12 00:45:00,0.0,1943.751,703.275
2025-08-12 01:00:00,0.0,1585.5,672.148
2025-08-12 01:15:00,0.0,1585.5,672.148
2025-08-12 01:30:00,0.0,1585.5,672.148
2025-08-12 01:45:00,0.0,1585.5,672.148
2025-08-12 02:00:00,0.0,1244.502,506.159
2025-08-12 02:15:00,0.0,1244.502,506.159
2025-08-12 02:30:00,0.0,1244.502,506.159
2025-08-12 02:45:00,0.0,1244.502,506.159
2025-08-12 03:00:00,0.0,1334.0,383.594
2025-08-12 03:15:00,0.0,1334.0,383.594
2025-08-12 03:30:00,0.0,1334.0,383.594
2025-08-12 03:45:00,0.0,1334.0,383.594
2025-08-12 04:00:00,48.603,881.749,348.829
2025-08-12 04:15:00,48.603,881.749,348.829
2025-08-12 04:30:00,48.603,881.749,348.829
2025-08-12 04:45:00,48.603,881.749,348.829
2025-08-12 05:00:00,985.473,519.25,560.352
2025-08-12 05:15:00,985.473,519.25,560.352
2025-08-12 05:30:00,985.473,519.25,560.352
2025-08-12 05:45:00,985.473,519.25,560.352
2025-08-12 06:00:00,3375.19,369.75,639.121
2025-08-12 06:15:00,3375.19,369.75,639.121
2025-08-12 06:30:00,3375.19,369.75,639.121
2025-08-12 06:45:00,3375.19,369.75,639.121
2025-08-12 07:00:00,5515.593,242.249,761.151
2025-08-12 07:15:00,5515.593,242.249,761.151
2025-08-12 07:30:00,5515.593,242.249,761.151
2025-08-12 07:45:00,5515.593,242.249,761.151
2025-08-12 08:00:00,9239.651,221.0,893.176
2025-08-12 08:15:00,9239.651,221.0,893.176
2025-08-12 08:30:00,9239.651,221.0,893.176
2025-08-12 08:45:00,9239.651,221.0,893.176
2025-08-12 09:00:00,13003.565,203.75,591.81
2025-08-12 09:15:00,13003.565,203.75,591.81
2025-08-12 09:30:00,13003.565,203.75,591.81
2025-08-12 09:45:00,13003.565,203.75,591.81
2025-08-12 10:00:00,15631.454,218.501,560.468
2025-08-12 10:15:00,15631.454,218.501,560.468
2025-08-12 10:30:00,15631.454,218.501,560.468
2025-08-12 10:45:00,15631.454,218.501,560.468
2025-08-12 11:00:00,18098.798,283.0,886.61
2025-08-12 11:15:00,18098.798,283.0,886.61
2025-08-12 11:30:00,18098.798,283.0,886.61
2025-08-12 11:45:00,18098.798,283.0,886.61
2025-08-12 12:00:00,18995.393,414.501,1164.905
2025-08-12 12:15:00,18995.393,414.501,1164.905
2025-08-12 12:30:00,18995.393,414.501,1164.905
2025-08-12 12:45:00,18995.393,414.501,1164.905
2025-08-12 13:00:00,18449.073,590.5,1209.005
2025-08-12 13:15:00,18449.073,590.5,1209.005
2025-08-12 13:30:00,18449.073,590.5,1209.005
2025-08-12 13:45:00,18449.073,590.5,1209.005
2025-08-12 14:00:00,16310.5,622.251,1312.8
2025-08-12 14:15:00,16310.5,622.251,1312.8
2025-08-12 14:30:00,16310.5,622.251,1312.8
2025-08-12 14:45:00,16310.5,622.251,1312.8
2025-08-12 15:00:00,12757.171,621.75,1166.568
2025-08-12 15:15:00,12757.171,621.75,1166.568
2025-08-12 15:30:00,12757.171,621.75,1166.568
2025-08-12 15:45:00,12757.171,621.75,1166.568
2025-08-12 16:00:00,8621.689,691.999,927.021
2025-08-12 16:15:00,8621.689,691.999,927.021
2025-08-12 16:30:00,8621.689,691.999,927.021
2025-08-12 16:45:00,8621.689,691.999,927.021
2025-08-12 17:00:00,4272.199,697.75,678.493
2025-08-12 17:15:00,4272.199,697.75,678.493
2025-08-12 17:30:00,4272.199,697.75,678.493
2025-08-12 17:45:00,4272.199,697.75,678.493
2025-08-12 18:00:00,1081.239,691.001,416.47
2025-08-12 18:15:00,1081.239,691.001,416.47
2025-08-12 18:30:00,1081.239,691.001,416.47
2025-08-12 18:45:00,1081.239,691.001,416.47
2025-08-12 19:00:00,23.61,874.25,379.762
2025-08-12 19:15:00,23.61,874.25,379.762
2025-08-12 19:30:00,23.61,874.25,379.762
2025-08-12 19:45:00,23.61,874.25,379.762
2025-08-12 20:00:00,0.0,914.25,401.615
2025-08-12 20:15:00,0.0,914.25,401.615
2025-08-12 20:30:00,0.0,914.25,401.615
2025-08-12 20:45:00,0.0,914.25,401.615
2025-08-12 21:00:00,0.0,713.75,323.064
2025-08-12 21:15:00,0.0,713.75,323.064
2025-08-12 21:30:00,0.0,713.75,323.064
2025-08-12 21:45:00,0.0,713.75,323.064
2025-08-12 22:00:00,0.0,456.251,293.394
2025-08-12 22:15:00,0.0,456.251,293.394
2025-08-12 22:30:00,0.0,456.251,293.394
2025-08-12 22:45:00,0.0,456.251,293.394
2025-08-12 23:00:00,0.0,290.5,168.106
2025-08-12 23:15:00,0.0,290.5,168.106
2025-08-12 23:30:00,0.0,290.5,168.106
2025-08-12 23:45:00,0.0,290.5,168.106
2025-08-13 00:00:00,0.0,206.5,98.296
2025-08-13 00:15:00,0.0,206.5,98.296
2025-08-13 00:30:00,0.0,206.5,98.296
2025-08-13 00:45:00,0.0,206.5,98.296
2025-08-13 01:00:00,0.0,111.498,95.315
2025-08-13 01:15:00,0.0,111.498,95.315
2025-08-13 01:30:00,0.0,111.498,95.315
2025-08-13 01:45:00,0.0,111.498,95.315
2025-08-13 02:00:00,0.0,71.999,68.282
2025-08-13 02:15:00,0.0,71.999,68.282
2025-08-13 02:30:00,0.0,71.999,68.282
2025-08-13 02:45:00,0.0,71.999,68.282
2025-08-13 03:00:00,0.0,101.0,81.792
2025-08-13 03:15:00,0.0,101.0,81.792
2025-08-13 03:30:00,0.0,101.0,81.792
2025-08-13 03:45:00,0.0,101.0,81.792
2025-08-13 04:00:00,67.628,75.5,110.432
2025-08-13 04:15:00,67.628,75.5,110.432
2025-08-13 04:30:00,67.628,75.5,110.432
2025-08-13 04:45:00,67.628,75.5,110.432
2025-08-13 05:00:00,1318.686,176.25,159.746
2025-08-13 05:15:00,1318.686,176.25,159.746
2025-08-13 05:30:00,1318.686,176.25,159.746
2025-08-13 05:45:00,1318.686,176.25,159.746
2025-08-13 06:00:00,4501.346,66.5,187.474
2025-08-13 06:15:00,4501.346,66.5,187.474
2025-08-13 06:30:00,4501.346,66.5,187.474
2025-08-13 06:45:00,4501.346,66.5,187.474
2025-08-13 07:00:00,8551.245,113.251,127.073
2025-08-13 07:15:00,8551.245,113.251,127.073
2025-08-13 07:30:00,8551.245,113.251,127.073
2025-08-13 07:45:00,8551.245,113.251,127.073
2025-08-13 08:00:00,12661.16,126.498,101.7
2025-08-13 08:15:00,12661.16,126.498,101.7
2025-08-13 08:30:00,12661.16,126.498,101.7
2025-08-13 08:45:00,12661.16,126.498,101.7
2025-08-13 09:00:00,16102.227,167.75,112.273
2025-08-13 09:15:00,16102.227,167.75,112.273
2025-08-13 09:30:00,16102.227,167.75,112.273
2025-08-13 09:45:00,16102.227,167.75,112.273
2025-08-13 10:00:00,18493.253,162.499,125.812
2025-08-13 10:15:00,18493.253,162.499,125.812
2025-08-13 10:30:00,18493.253,162.499,125.812
2025-08-13 10:45:00,18493.253,162.499,125.812
2025-08-13 11:00:00,19235.616,118.0,58.574
2025-08-13 11:15:00,19235.616,118.0,58.574
2025-08-13 11:30:00,19235.616,118.0,58.574
2025-08-13 11:45:00,19235.616,118.0,58.574
2025-08-13 12:00:00,19026.174,100.0,74.219
2025-08-13 12:15:00,19026.174,100.0,74.219
2025-08-13 12:30:00,19026.174,100.0,74.219
2025-08-13 12:45:00,19026.174,100.0,74.219
2025-08-13 13:00:00,17155.747,181.75,229.91
2025-08-13 13:15:00,17155.747,181.75,229.91
2025-08-13 13:30:00,17155.747,181.75,229.91
2025-08-13 13:45:00,17155.747,181.75,229.91
2025-08-13 14:00:00,13777.897,327.25,228.474
2025-08-13 14:15:00,13777.897,327.25,228.474
2025-08-13 14:30:00,13777.897,327.25,228.474
2025-08-13 14:45:00,13777.897,327.25,228.474
2025-08-13 15:00:00,9328.562,242.751,326.07
2025-08-13 15:15:00,9328.562,242.751,326.07
2025-08-13 15:30:00,9328.562,242.751,326.07
2025-08-13 15:45:00,9328.562,242.751,326.07
2025-08-13 16:00:00,5637.126,256.25,320.44
2025-08-13 16:15:00,5637.126,256.25,320.44
2025-08-13 16:30:00,5637.126,256.25,320.44
2025-08-13 16:45:00,5637.126,256.25,320.44
2025-08-13 17:00:00,2530.343,184.5,289.585
2025-08-13 17:15:00,2530.343,184.5,289.585
2025-08-13 17:30:00,2530.343,184.5,289.585
2025-08-13 17:45:00,2530.343,184.5,289.585
2025-08-13 18:00:00,749.755,70.25,297.116
2025-08-13 18:15:00,749.755,70.25,297.116
2025-08-13 18:30:00,749.755,70.25,297.116
2025-08-13 18:45:00,749.755,70.25,297.116
2025-08-13 19:00:00,27.253,43.749,114.063
2025-08-13 19:15:00,27.253,43.749,114.063
2025-08-13 19:30:00,27.253,43.749,114.063
2025-08-13 19:45:00,27.253,43.749,114.063
2025-08-13 20:00:00,0.0,39.5,0.0
2025-08-13 20:15:00,0.0,39.5,0.0
2025-08-13 20:30:00,0.0,39.5,0.0
2025-08-13 20:45:00,0.0,39.5,0.0
2025-08-13 21:00:00,0.0,63.5,0.0
2025-08-13 21:15:00,0.0,63.5,0.0
2025-08-13 21:30:00,0.0,63.5,0.0
2025-08-13 21:45:00,0.0,63.5,0.0
2025-08-13 22:00:00,0.0,106.249,0.0
2025-08-13 22:15:00,0.0,106.249,0.0
2025-08-13 22:30:00,0.0,106.249,0.0
2025-08-13 22:45:00,0.0,106.249,0.0
2025-08-13 23:00:00,0.0,228.751,0.0
2025-08-13 23:15:00,0.0,228.751,0.0
2025-08-13 23:30:00,0.0,228.751,0.0
2025-08-13 23:45:00,0.0,228.751,0.0
2025-08-14 00:00:00,0.0,363.999,59.578
2025-08-14 00:15:00,0.0,363.999,59.578
2025-08-14 00:30:00,0.0,363.999,59.578
2025-08-14 00:45:00,0.0,363.999,59.578
2025-08-14 01:00:00,0.0,389.75,113.35
2025-08-14 01:15:00,0.0,389.75,113.35
2025-08-14 01:30:00,0.0,389.75,113.35
2025-08-14 01:45:00,0.0,389.75,113.35
2025-08-14 02:00:00,0.0,206.5,111.204
2025-08-14 02:15:00,0.0,206.5,111.204
2025-08-14 02:30:00,0.0,206.5,111.204
2025-08-14 02:45:00,0.0,206.5,111.204
2025-08-14 03:00:00,0.0,640.998,121.391
2025-08-14 03:15:00,0.0,640.998,121.391
2025-08-14 03:30:00,0.0,640.998,121.391
2025-08-14 03:45:00,0.0,640.998,121.391
2025-08-14 04:00:00,20.886,420.251,105.022
2025-08-14 04:15:00,20.886,420.251,105.022
2025-08-14 04:30:00,20.886,420.251,105.022
2025-08-14 04:45:00,20.886,420.251,105.022
2025-08-14 05:00:00,459.349,311.749,117.283
2025-08-14 05:15:00,459.349,311.749,117.283
2025-08-14 05:30:00,459.349,311.749,117.283
2025-08-14 05:45:00,459.349,311.749,117.283
2025-08-14 06:00:00,1753.953,638.25,148.95
2025-08-14 06:15:00,1753.953,638.25,148.95
2025-08-14 06:30:00,1753.953,638.25,148.95
2025-08-14 06:45:00,1753.953,638.25,148.95
2025-08-14 07:00:00,5085.126,1155.25,247.668
2025-08-14 07:15:00,5085.126,1155.25,247.668
2025-08-14 07:30:00,5085.126,1155.25,247.668
2025-08-14 07:45:00,5085.126,1155.25,247.668
2025-08-14 08:00:00,9733.152,1085.751,651.179
2025-08-14 08:15:00,9733.152,1085.751,651.179
2025-08-14 08:30:00,9733.152,1085.751,651.179
2025-08-14 08:45:00,9733.152,1085.751,651.179
2025-08-14 09:00:00,13539.899,707.75,1493.794
2025-08-14 09:15:00,13539.899,707.75,1493.794
2025-08-14 09:30:00,13539.899,707.75,1493.794
2025-08-14 09:45:00,13539.899,707.75,1493.794
2025-08-14 10:00:00,16145.934,409.75,1883.733
2025-08-14 10:15:00,16145.934,409.75,1883.733
2025-08-14 10:30:00,16145.934,409.75,1883.733
2025-08-14 10:45:00,16145.934,409.75,1883.733
2025-08-14 11:00:00,16987.05,490.5,1819.112
2025-08-14 11:15:00,16987.05,490.5,1819.112
2025-08-14 11:30:00,16987.05,490.5,1819.112
2025-08-14 11:45:00,16987.05,490.5,1819.112
2025-08-14 12:00:00,17501.206,516.751,1660.157
2025-08-14 12:15:00,17501.206,516.751,1660.157
2025-08-14 12:30:00,17501.206,516.751,1660.157
2025-08-14 12:45:00,17501.206,516.751,1660.157
2025-08-14 13:00:00,17380.39,532.499,1296.834
2025-08-14 13:15:00,17380.39,532.499,1296.834
2025-08-14 13:30:00,17380.39,532.499,1296.834
2025-08-14 13:45:00,17380.39,532.499,1296.834
2025-08-14 14:00:00,15212.422,686.25,1380.467
2025-08-14 14:15:00,15212.422,686.25,1380.467
2025-08-14 14:30:00,15212.422,686.25,1380.467
2025-08-14 14:45:00,15212.422,686.25,1380.467
2025-08-14 15:00:00,12313.769,610.251,1782.789
2025-08-14 15:15:00,12313.769,610.251,1782.789
2025-08-14 15:30:00,12313.769,610.251,1782.789
2025-08-14 15:45:00,12313.769,610.251,1782.789
2025-08-14 16:00:00,7897.846,401.75,2300.368
2025-08-14 16:15:00,7897.846,401.75,2300.368
2025-08-14 16:30:00,7897.846,401.75,2300.368
2025-08-14 16:45:00,7897.846,401.75,2300.368
2025-08-14 17:00:00,4198.433,327.75,2203.675
2025-08-14 17:15:00,4198.433,327.75,2203.675
2025-08-14 17:30:00,4198.433,327.75,2203.675
2025-08-14 17:45:00,4198.433,327.75,2203.675
2025-08-14 18:00:00,1080.396,197.249,1710.43
2025-08-14 18:15:00,1080.396,197.249,1710.43
2025-08-14 18:30:00,1080.396,197.249,1710.43
2025-08-14 18:45:00,1080.396,197.249,1710.43
2025-08-14 19:00:00,16.3,75.249,872.155
2025-08-14 19:15:00,16.3,75.249,872.155
2025-08-14 19:30:00,16.3,75.249,872.155
2025-08-14 19:45:00,16.3,75.249,872.155
2025-08-14 20:00:00,0.0,82.001,369.866
2025-08-14 20:15:00,0.0,82.001,369.866
2025-08-14 20:30:00,0.0,82.001,369.866
2025-08-14 20:45:00,0.0,82.001,369.866
2025-08-14 21:00:00,0.0,135.0,259.721
2025-08-14 21:15:00,0.0,135.0,259.721
2025-08-14 21:30:00,0.0,135.0,259.721
2025-08-14 21:45:00,0.0,135.0,259.721
2025-08-14 22:00:00,0.0,150.249,151.501
2025-08-14 22:15:00,0.0,150.249,151.501
2025-08-14 22:30:00,0.0,150.249,151.501
2025-08-14 22:45:00,0.0,150.249,151.501
2025-08-14 23:00:00,0.0,242.75,73.497
2025-08-14 23:15:00,0.0,242.75,73.497
2025-08-14 23:30:00,0.0,242.75,73.497
2025-08-14 23:45:00,0.0,242.75,73.497
2025-08-15 00:00:00,0.0,248.75,81.208
2025-08-15 00:15:00,0.0,248.75,81.208
2025-08-15 00:30:00,0.0,248.75,81.208
2025-08-15 00:45:00,0.0,248.75,81.208
2025-08-15 01:00:00,0.0,188.25,58.012
2025-08-15 01:15:00,0.0,188.25,58.012
2025-08-15 01:30:00,0.0,188.25,58.012
2025-08-15 01:45:00,0.0,188.25,58.012
2025-08-15 02:00:00,0.0,170.0,40.609
2025-08-15 02:15:00,0.0,170.0,40.609
2025-08-15 02:30:00,0.0,170.0,40.609
2025-08-15 02:45:00,0.0,170.0,40.609
2025-08-15 03:00:00,0.0,153.0,50.093
2025-08-15 03:15:00,0.0,153.0,50.093
2025-08-15 03:30:00,0.0,153.0,50.093
2025-08-15 03:45:00,0.0,153.0,50.093
2025-08-15 04:00:00,40.1,170.749,65.699
2025-08-15 04:15:00,40.1,170.749,65.699
2025-08-15 04:30:00,40.1,170.749,65.699
2025-08-15 04:45:00,40.1,170.749,65.699
2025-08-15 05:00:00,1170.242,164.5,52.812
2025-08-15 05:15:00,1170.242,164.5,52.812
2025-08-15 05:30:00,1170.242,164.5,52.812
2025-08-15 05:45:00,1170.242,164.5,52.812
2025-08-15 06:00:00,4591.495,119.75,88.34
2025-08-15 06:15:00,4591.495,119.75,88.34
2025-08-15 06:30:00,4591.495,119.75,88.34
2025-08-15 06:45:00,4591.495,119.75,88.34
2025-08-15 07:00:00,9263.688,81.0,198.886
2025-08-15 07:15:00,9263.688,81.0,198.886
2025-08-15 07:30:00,9263.688,81.0,198.886
2025-08-15 07:45:00,9263.688,81.0,198.886
2025-08-15 08:00:00,13529.815,111.249,312.37
2025-08-15 08:15:00,13529.815,111.249,312.37
2025-08-15 08:30:00,13529.815,111.249,312.37
2025-08-15 08:45:00,13529.815,111.249,312.37
2025-08-15 09:00:00,16924.639,123.0,329.115
2025-08-15 09:15:00,16924.639,123.0,329.115
2025-08-15 09:30:00,16924.639,123.0,329.115
2025-08-15 09:45:00,16924.639,123.0,329.115
2025-08-15 10:00:00,18474.853,137.0,682.032
2025-08-15 10:15:00,18474.853,137.0,682.032
2025-08-15 10:30:00,18474.853,137.0,682.032
2025-08-15 10:45:00,18474.853,137.0,682.032
2025-08-15 11:00:00,18007.19,241.251,1188.477
2025-08-15 11:15:00,18007.19,241.251,1188.477
2025-08-15 11:30:00,18007.19,241.251,1188.477
2025-08-15 11:45:00,18007.19,241.251,1188.477
2025-08-15 12:00:00,17769.919,409.499,1705.716
2025-08-15 12:15:00,17769.919,409.499,1705.716
2025-08-15 12:30:00,17769.919,409.499,1705.716
2025-08-15 12:45:00,17769.919,409.499,1705.716
2025-08-15 13:00:00,16438.244,655.5,2310.27
2025-08-15 13:15:00,16438.244,655.5,2310.27
2025-08-15 13:30:00,16438.244,655.5,2310.27
2025-08-15 13:45:00,16438.244,655.5,2310.27
2025-08-15 14:00:00,15004.249,916.0,2907.912
2025-08-15 14:15:00,15004.249,916.0,2907.912
2025-08-15 14:30:00,15004.249,916.0,2907.912
2025-08-15 14:45:00,15004.249,916.0,2907.912
2025-08-15 15:00:00,10652.575,1187.25,3654.298
2025-08-15 15:15:00,10652.575,1187.25,3654.298
2025-08-15 15:30:00,10652.575,1187.25,3654.298
2025-08-15 15:45:00,10652.575,1187.25,3654.298
2025-08-15 16:00:00,7726.898,1326.501,3922.889
2025-08-15 16:15:00,7726.898,1326.501,3922.889
2025-08-15 16:30:00,7726.898,1326.501,3922.889
2025-08-15 16:45:00,7726.898,1326.501,3922.889
2025-08-15 17:00:00,3862.051,1105.752,3151.374
2025-08-15 17:15:00,3862.051,1105.752,3151.374
2025-08-15 17:30:00,3862.051,1105.752,3151.374
2025-08-15 17:45:00,3862.051,1105.752,3151.374
2025-08-15 18:00:00,864.85,816.999,1832.578
2025-08-15 18:15:00,864.85,816.999,1832.578
2025-08-15 18:30:00,864.85,816.999,1832.578
2025-08-15 18:45:00,864.85,816.999,1832.578
2025-08-15 19:00:00,3.095,713.751,986.389
2025-08-15 19:15:00,3.095,713.751,986.389
2025-08-15 19:30:00,3.095,713.751,986.389
2025-08-15 19:45:00,3.095,713.751,986.389
2025-08-15 20:00:00,0.0,863.75,896.507
2025-08-15 20:15:00,0.0,863.75,896.507
2025-08-15 20:30:00,0.0,863.75,896.507
2025-08-15 20:45:00,0.0,863.75,896.507
2025-08-15 21:00:00,0.0,1120.501,1009.16
2025-08-15 21:15:00,0.0,1120.501,1009.16
2025-08-15 21:30:00,0.0,1120.501,1009.16
2025-08-15 21:45:00,0.0,1120.501,1009.16
2025-08-15 22:00:00,0.0,1322.0,987.009
2025-08-15 22:15:00,0.0,1322.0,987.009
2025-08-15 22:30:00,0.0,1322.0,987.009
2025-08-15 22:45:00,0.0,1322.0,987.009
2025-08-15 23:00:00,0.0,1423.25,1036.042
2025-08-15 23:15:00,0.0,1423.25,1036.042
2025-08-15 23:30:00,0.0,1423.25,1036.042
2025-08-15 23:45:00,0.0,1423.25,1036.042
2025-08-16 00:00:00,0.0,1487.0,1059.43
2025-08-16 00:15:00,0.0,1487.0,1059.43
2025-08-16 00:30:00,0.0,1487.0,1059.43
2025-08-16 00:45:00,0.0,1487.0,1059.43
2025-08-16 01:00:00,0.0,1656.001,1208.838
2025-08-16 01:15:00,0.0,1656.001,1208.838
2025-08-16 01:30:00,0.0,1656.001,1208.838
2025-08-16 01:45:00,0.0,1656.001,1208.838
2025-08-16 02:00:00,0.0,1858.75,1208.869
2025-08-16 02:15:00,0.0,1858.75,1208.869
2025-08-16 02:30:00,0.0,1858.75,1208.869
2025-08-16 02:45:00,0.0,1858.75,1208.869
2025-08-16 03:00:00,0.0,1967.251,1137.194
2025-08-16 03:15:00,0.0,1967.251,1137.194
2025-08-16 03:30:00,0.0,1967.251,1137.194
2025-08-16 03:45:00,0.0,1967.251,1137.194
2025-08-16 04:00:00,11.344,1833.0,1089.539
2025-08-16 04:15:00,11.344,1833.0,1089.539
2025-08-16 04:30:00,11.344,1833.0,1089.539
2025-08-16 04:45:00,11.344,1833.0,1089.539
2025-08-16 05:00:00,250.948,1992.25,1011.31
2025-08-16 05:15:00,250.948,1992.25,1011.31
2025-08-16 05:30:00,250.948,1992.25,1011.31
2025-08-16 05:45:00,250.948,1992.25,1011.31
2025-08-16 06:00:00,1035.814,1837.001,1110.705
2025-08-16 06:15:00,1035.814,1837.001,1110.705
2025-08-16 06:30:00,1035.814,1837.001,1110.705
2025-08-16 06:45:00,1035.814,1837.001,1110.705
2025-08-16 07:00:00,2477.167,1694.751,1653.065
2025-08-16 07:15:00,2477.167,1694.751,1653.065
2025-08-16 07:30:00,2477.167,1694.751,1653.065
2025-08-16 07:45:00,2477.167,1694.751,1653.065
2025-08-16 08:00:00,4272.463,1681.75,1965.629
2025-08-16 08:15:00,4272.463,1681.75,1965.629
2025-08-16 08:30:00,4272.463,1681.75,1965.629
2025-08-16 08:45:00,4272.463,1681.75,1965.629
2025-08-16 09:00:00,5980.139,1460.75,2139.777
2025-08-16 09:15:00,5980.139,1460.75,2139.777
2025-08-16 09:30:00,5980.139,1460.75,2139.777
2025-08-16 09:45:00,5980.139,1460.75,2139.777
2025-08-16 10:00:00,7566.413,1385.25,2320.503
2025-08-16 10:15:00,7566.413,1385.25,2320.503
2025-08-16 10:30:00,7566.413,1385.25,2320.503
2025-08-16 10:45:00,7566.413,1385.25,2320.503
2025-08-16 11:00:00,10263.958,1323.0,2308.179
2025-08-16 11:15:00,10263.958,1323.0,2308.179
2025-08-16 11:30:00,10263.958,1323.0,2308.179
2025-08-16 11:45:00,10263.958,1323.0,2308.179
2025-08-16 12:00:00,10544.28,1254.75,2746.79
2025-08-16 12:15:00,10544.28,1254.75,2746.79
2025-08-16 12:30:00,10544.28,1254.75,2746.79
2025-08-16 12:45:00,10544.28,1254.75,2746.79
2025-08-16 13:00:00,10626.946,1354.75,3099.546
2025-08-16 13:15:00,10626.946,1354.75,3099.546
2025-08-16 13:30:00,10626.946,1354.75,3099.546
2025-08-16 13:45:00,10626.946,1354.75,3099.546
2025-08-16 14:00:00,10064.429,1478.251,3224.853
2025-08-16 14:15:00,10064.429,1478.251,3224.853
2025-08-16 14:30:00,10064.429,1478.251,3224.853
2025-08-16 14:45:00,10064.429,1478.251,3224.853
2025-08-16 15:00:00,8927.848,1635.749,3448.173
2025-08-16 15:15:00,8927.848,1635.749,3448.173
2025-08-16 15:30:00,8927.848,1635.749,3448.173
2025-08-16 15:45:00,8927.848,1635.749,3448.173
2025-08-16 16:00:00,6318.146,1703.249,3513.554
2025-08-16 16:15:00,6318.146,1703.249,3513.554
2025-08-16 16:30:00,6318.146,1703.249,3513.554
2025-08-16 16:45:00,6318.146,1703.249,3513.554
2025-08-16 17:00:00,3653.03,1943.0,3126.521
2025-08-16 17:15:00,3653.03,1943.0,3126.521
2025-08-16 17:30:00,3653.03,1943.0,3126.521
2025-08-16 17:45:00,3653.03,1943.0,3126.521
2025-08-16 18:00:00,1052.986,1892.25,2297.61
2025-08-16 18:15:00,1052.986,1892.25,2297.61
2025-08-16 18:30:00,1052.986,1892.25,2297.61
2025-08-16 18:45:00,1052.986,1892.25,2297.61
2025-08-16 19:00:00,6.148,1774.5,1536.833
2025-08-16 19:15:00,6.148,1774.5,1536.833
2025-08-16 19:30:00,6.148,1774.5,1536.833
2025-08-16 19:45:00,6.148,1774.5,1536.833
2025-08-16 20:00:00,0.0,1623.75,906.155
2025-08-16 20:15:00,0.0,1623.75,906.155
2025-08-16 20:30:00,0.0,1623.75,906.155
2025-08-16 20:45:00,0.0,1623.75,906.155
2025-08-16 21:00:00,0.0,1324.499,585.41
2025-08-16 21:15:00,0.0,1324.499,585.41
2025-08-16 21:30:00,0.0,1324.499,585.41
2025-08-16 21:45:00,0.0,1324.499,585.41
2025-08-16 22:00:00,0.0,1217.749,373.345
2025-08-16 22:15:00,0.0,1217.749,373.345
2025-08-16 22:30:00,0.0,1217.749,373.345
2025-08-16 22:45:00,0.0,1217.749,373.345
2025-08-16 23:00:00,0.0,1142.75,335.776
2025-08-16 23:15:00,0.0,1142.75,335.776
2025-08-16 23:30:00,0.0,1142.75,335.776
2025-08-16 23:45:00,0.0,1142.75,335.776
2025-08-17 00:00:00,0.0,1189.002,283.832
2025-08-17 00:15:00,0.0,1189.002,283.832
2025-08-17 00:30:00,0.0,1189.002,283.832
2025-08-17 00:45:00,0.0,1189.002,283.832
2025-08-17 01:00:00,0.0,1092.249,247.137
2025-08-17 01:15:00,0.0,1092.249,247.137
2025-08-17 01:30:00,0.0,1092.249,247.137
2025-08-17 01:45:00,0.0,1092.249,247.137
2025-08-17 02:00:00,0.0,1106.25,259.374
2025-08-17 02:15:00,0.0,1106.25,259.374
2025-08-17 02:30:00,0.0,1106.25,259.374
2025-08-17 02:45:00,0.0,1106.25,259.374
2025-08-17 03:00:00,0.0,1008.251,346.288
2025-08-17 03:15:00,0.0,1008.251,346.288
2025-08-17 03:30:00,0.0,1008.251,346.288
2025-08-17 03:45:00,0.0,1008.251,346.288
2025-08-17 04:00:00,24.347,910.501,333.393
2025-08-17 04:15:00,24.347,910.501,333.393
2025-08-17 04:30:00,24.347,910.501,333.393
2025-08-17 04:45:00,24.347,910.501,333.393
2025-08-17 05:00:00,754.767,854.249,333.651
2025-08-17 05:15:00,754.767,854.249,333.651
2025-08-17 05:30:00,754.767,854.249,333.651
2025-08-17 05:45:00,754.767,854.249,333.651
2025-08-17 06:00:00,2767.519,741.75,391.901
2025-08-17 06:15:00,2767.519,741.75,391.901
2025-08-17 06:30:00,2767.519,741.75,391.901
2025-08-17 06:45:00,2767.519,741.75,391.901
2025-08-17 07:00:00,5650.083,639.25,651.452
2025-08-17 07:15:00,5650.083,639.25,651.452
2025-08-17 07:30:00,5650.083,639.25,651.452
2025-08-17 07:45:00,5650.083,639.25,651.452
2025-08-17 08:00:00,7752.28,591.5,1073.449
2025-08-17 08:15:00,7752.28,591.5,1073.449
2025-08-17 08:30:00,7752.28,591.5,1073.449
2025-08-17 08:45:00,7752.28,591.5,1073.449
2025-08-17 09:00:00,7652.115,505.002,1190.608
2025-08-17 09:15:00,7652.115,505.002,1190.608
2025-08-17 09:30:00,7652.115,505.002,1190.608
2025-08-17 09:45:00,7652.115,505.002,1190.608
2025-08-17 10:00:00,8832.351,592.25,1260.123
2025-08-17 10:15:00,8832.351,592.25,1260.123
2025-08-17 10:30:00,8832.351,592.25,1260.123
2025-08-17 10:45:00,8832.351,592.25,1260.123
2025-08-17 11:00:00,9591.369,462.5,1480.981
2025-08-17 11:15:00,9591.369,462.5,1480.981
2025-08-17 11:30:00,9591.369,462.5,1480.981
2025-08-17 11:45:00,9591.369,462.5,1480.981
2025-08-17 12:00:00,8141.115,445.249,1479.46
2025-08-17 12:15:00,8141.115,445.249,1479.46
2025-08-17 12:30:00,8141.115,445.249,1479.46
2025-08-17 12:45:00,8141.115,445.249,1479.46
2025-08-17 13:00:00,7100.786,653.75,1259.567
2025-08-17 13:15:00,7100.786,653.75,1259.567
2025-08-17 13:30:00,7100.786,653.75,1259.567
2025-08-17 13:45:00,7100.786,653.75,1259.567
2025-08-17 14:00:00,5802.265,719.25,1319.153
2025-08-17 14:15:00,5802.265,719.25,1319.153
2025-08-17 14:30:00,5802.265,719.25,1319.153
2025-08-17 14:45:00,5802.265,719.25,1319.153
2025-08-17 15:00:00,4575.554,768.0,1207.626
2025-08-17 15:15:00,4575.554,768.0,1207.626
2025-08-17 15:30:00,4575.554,768.0,1207.626
2025-08-17 15:45:00,4575.554,768.0,1207.626
2025-08-17 16:00:00,3062.916,930.25,1187.736
2025-08-17 16:15:00,3062.916,930.25,1187.736
2025-08-17 16:30:00,3062.916,930.25,1187.736
2025-08-17 16:45:00,3062.916,930.25,1187.736
2025-08-17 17:00:00,1594.973,1175.749,1078.623
2025-08-17 17:15:00,1594.973,1175.749,1078.623
2025-08-17 17:30:00,1594.973,1175.749,1078.623
2025-08-17 17:45:00,1594.973,1175.749,1078.623
2025-08-17 18:00:00,304.494,1057.751,684.572
2025-08-17 18:15:00,304.494,1057.751,684.572
2025-08-17 18:30:00,304.494,1057.751,684.572
2025-08-17 18:45:00,304.494,1057.751,684.572
2025-08-17 19:00:00,0.0,972.501,433.996
2025-08-17 19:15:00,0.0,972.501,433.996
2025-08-17 19:30:00,0.0,972.501,433.996
2025-08-17 19:45:00,0.0,972.501,433.996
2025-08-17 20:00:00,0.0,799.25,256.505
2025-08-17 20:15:00,0.0,799.25,256.505
2025-08-17 20:30:00,0.0,799.25,256.505
2025-08-17 20:45:00,0.0,799.25,256.505
2025-08-17 21:00:00,0.0,724.501,250.311
2025-08-17 21:15:00,0.0,724.501,250.311
2025-08-17 21:30:00,0.0,724.501,250.311
2025-08-17 21:45:00,0.0,724.501,250.311
2025-08-17 22:00:00,0.0,691.999,181.476
2025-08-17 22:15:00,0.0,691.999,181.476
2025-08-17 22:30:00,0.0,691.999,181.476
2025-08-17 22:45:00,0.0,691.999,181.476
2025-08-17 23:00:00,0.0,482.75,116.385
2025-08-17 23:15:00,0.0,482.75,116.385
2025-08-17 23:30:00,0.0,482.75,116.385
2025-08-17 23:45:00,0.0,482.75,116.385
2025-08-18 00:00:00,0.0,385.749,85.574
2025-08-18 00:15:00,0.0,385.749,85.574
2025-08-18 00:30:00,0.0,385.749,85.574
2025-08-18 00:45:00,0.0,385.749,85.574
2025-08-18 01:00:00,0.0,303.751,83.993
2025-08-18 01:15:00,0.0,303.751,83.993
2025-08-18 01:30:00,0.0,303.751,83.993
2025-08-18 01:45:00,0.0,303.751,83.993
2025-08-18 02:00:00,0.0,250.751,82.659
2025-08-18 02:15:00,0.0,250.751,82.659
2025-08-18 02:30:00,0.0,250.751,82.659
2025-08-18 02:45:00,0.0,250.751,82.659
2025-08-18 03:00:00,0.0,199.998,97.624
2025-08-18 03:15:00,0.0,199.998,97.624
2025-08-18 03:30:00,0.0,199.998,97.624
2025-08-18 03:45:00,0.0,199.998,97.624
2025-08-18 04:00:00,22.108,170.499,108.645
2025-08-18 04:15:00,22.108,170.499,108.645
2025-08-18 04:30:00,22.108,170.499,108.645
2025-08-18 04:45:00,22.108,170.499,108.645
2025-08-18 05:00:00,785.492,114.5,89.008
2025-08-18 05:15:00,785.492,114.5,89.008
2025-08-18 05:30:00,785.492,114.5,89.008
2025-08-18 05:45:00,785.492,114.5,89.008
2025-08-18 06:00:00,3257.91,86.5,109.641
2025-08-18 06:15:00,3257.91,86.5,109.641
2025-08-18 06:30:00,3257.91,86.5,109.641
2025-08-18 06:45:00,3257.91,86.5,109.641
2025-08-18 07:00:00,6834.233,134.0,250.034
2025-08-18 07:15:00,6834.233,134.0,250.034
2025-08-18 07:30:00,6834.233,134.0,250.034
2025-08-18 07:45:00,6834.233,134.0,250.034
2025-08-18 08:00:00,11096.583,175.751,342.928
2025-08-18 08:15:00,11096.583,175.751,342.928
2025-08-18 08:30:00,11096.583,175.751,342.928
2025-08-18 08:45:00,11096.583,175.751,342.928
2025-08-18 09:00:00,14508.259,137.5,342.388
2025-08-18 09:15:00,14508.259,137.5,342.388
2025-08-18 09:30:00,14508.259,137.5,342.388
2025-08-18 09:45:00,14508.259,137.5,342.388
2025-08-18 10:00:00,15832.861,140.0,282.192
2025-08-18 10:15:00,15832.861,140.0,282.192
2025-08-18 10:30:00,15832.861,140.0,282.192
2025-08-18 10:45:00,15832.861,140.0,282.192
2025-08-18 11:00:00,16992.643,202.752,365.925
2025-08-18 11:15:00,16992.643,202.752,365.925
2025-08-18 11:30:00,16992.643,202.752,365.925
2025-08-18 11:45:00,16992.643,202.752,365.925
2025-08-18 12:00:00,16091.844,328.75,490.559
2025-08-18 12:15:00,16091.844,328.75,490.559
2025-08-18 12:30:00,16091.844,328.75,490.559
2025-08-18 12:45:00,16091.844,328.75,490.559
2025-08-18 13:00:00,16643.326,517.251,789.999
2025-08-18 13:15:00,16643.326,517.251,789.999
2025-08-18 13:30:00,16643.326,517.251,789.999
2025-08-18 13:45:00,16643.326,517.251,789.999
2025-08-18 14:00:00,15323.153,819.5,1174.776
2025-08-18 14:15:00,15323.153,819.5,1174.776
2025-08-18 14:30:00,15323.153,819.5,1174.776
2025-08-18 14:45:00,15323.153,819.5,1174.776
2025-08-18 15:00:00,12323.431,1013.75,1626.414
2025-08-18 15:15:00,12323.431,1013.75,1626.414
2025-08-18 15:30:00,12323.431,1013.75,1626.414
2025-08-18 15:45:00,12323.431,1013.75,1626.414
2025-08-18 16:00:00,8272.308,1301.0,2068.185
2025-08-18 16:15:00,8272.308,1301.0,2068.185
2025-08-18 16:30:00,8272.308,1301.0,2068.185
2025-08-18 16:45:00,8272.308,1301.0,2068.185
2025-08-18 17:00:00,4439.693,1652.249,2276.527
2025-08-18 17:15:00,4439.693,1652.249,2276.527
2025-08-18 17:30:00,4439.693,1652.249,2276.527
2025-08-18 17:45:00,4439.693,1652.249,2276.527
2025-08-18 18:00:00,1003.11,1827.5,1818.212
2025-08-18 18:15:00,1003.11,1827.5,1818.212
2025-08-18 18:30:00,1003.11,1827.5,1818.212
2025-08-18 18:45:00,1003.11,1827.5,1818.212
2025-08-18 19:00:00,0.0,1994.0,1282.802
2025-08-18 19:15:00,0.0,1994.0,1282.802
2025-08-18 19:30:00,0.0,1994.0,1282.802
2025-08-18 19:45:00,0.0,1994.0,1282.802
2025-08-18 20:00:00,0.0,2093.0,1025.374
2025-08-18 20:15:00,0.0,2093.0,1025.374
2025-08-18 20:30:00,0.0,2093.0,1025.374
2025-08-18 20:45:00,0.0,2093.0,1025.374
2025-08-18 21:00:00,0.0,1942.251,924.749
2025-08-18 21:15:00,0.0,1942.251,924.749
2025-08-18 21:30:00,0.0,1942.251,924.749
2025-08-18 21:45:00,0.0,1942.251,924.749
2025-08-18 22:00:00,0.0,1593.749,820.66
2025-08-18 22:15:00,0.0,1593.749,820.66
2025-08-18 22:30:00,0.0,1593.749,820.66
2025-08-18 22:45:00,0.0,1593.749,820.66
2025-08-18 23:00:00,0.0,1231.751,691.999
2025-08-18 23:15:00,0.0,1231.751,691.999
2025-08-18 23:30:00,0.0,1231.751,691.999
2025-08-18 23:45:00,0.0,1231.751,691.999
2025-08-19 00:00:00,0.0,847.749,453.113
2025-08-19 00:15:00,0.0,847.749,453.113
2025-08-19 00:30:00,0.0,847.749,453.113
2025-08-19 00:45:00,0.0,847.749,453.113
2025-08-19 01:00:00,0.0,725.0,301.164
2025-08-19 01:15:00,0.0,725.0,301.164
2025-08-19 01:30:00,0.0,725.0,301.164
2025-08-19 01:45:00,0.0,725.0,301.164
2025-08-19 02:00:00,0.0,743.499,311.845
2025-08-19 02:15:00,0.0,743.499,311.845
2025-08-19 02:30:00,0.0,743.499,311.845
2025-08-19 02:45:00,0.0,743.499,311.845
2025-08-19 03:00:00,0.0,810.249,370.947
2025-08-19 03:15:00,0.0,810.249,370.947
2025-08-19 03:30:00,0.0,810.249,370.947
2025-08-19 03:45:00,0.0,810.249,370.947
2025-08-19 04:00:00,25.982,901.998,402.539
2025-08-19 04:15:00,25.982,901.998,402.539
2025-08-19 04:30:00,25.982,901.998,402.539
2025-08-19 04:45:00,25.982,901.998,402.539
2025-08-19 05:00:00,1148.913,981.25,427.302
2025-08-19 05:15:00,1148.913,981.25,427.302
2025-08-19 05:30:00,1148.913,981.25,427.302
2025-08-19 05:45:00,1148.913,981.25,427.302
2025-08-19 06:00:00,4653.224,1072.251,611.389
2025-08-19 06:15:00,4653.224,1072.251,611.389
2025-08-19 06:30:00,4653.224,1072.251,611.389
2025-08-19 06:45:00,4653.224,1072.251,611.389
2025-08-19 07:00:00,9144.841,1012.5,1174.74
2025-08-19 07:15:00,9144.841,1012.5,1174.74
2025-08-19 07:30:00,9144.841,1012.5,1174.74
2025-08-19 07:45:00,9144.841,1012.5,1174.74
2025-08-19 08:00:00,13405.688,899.5,1228.978
2025-08-19 08:15:00,13405.688,899.5,1228.978
2025-08-19 08:30:00,13405.688,899.5,1228.978
2025-08-19 08:45:00,13405.688,899.5,1228.978
2025-08-19 09:00:00,17248.198,878.5,1107.677
2025-08-19 09:15:00,17248.198,878.5,1107.677
2025-08-19 09:30:00,17248.198,878.5,1107.677
2025-08-19 09:45:00,17248.198,878.5,1107.677
2025-08-19 10:00:00,19252.297,815.25,1170.05
2025-08-19 10:15:00,19252.297,815.25,1170.05
2025-08-19 10:30:00,19252.297,815.25,1170.05
2025-08-19 10:45:00,19252.297,815.25,1170.05
2025-08-19 11:00:00,19631.833,795.751,1284.757
2025-08-19 11:15:00,19631.833,795.751,1284.757
2025-08-19 11:30:00,19631.833,795.751,1284.757
2025-08-19 11:45:00,19631.833,795.751,1284.757
2025-08-19 12:00:00,19685.665,1683.75,1602.361
2025-08-19 12:15:00,19685.665,1683.75,1602.361
2025-08-19 12:30:00,19685.665,1683.75,1602.361
2025-08-19 12:45:00,19685.665,1683.75,1602.361
2025-08-19 13:00:00,18288.111,2480.001,2367.752
2025-08-19 13:15:00,18288.111,2480.001,2367.752
2025-08-19 13:30:00,18288.111,2480.001,2367.752
2025-08-19 13:45:00,18288.111,2480.001,2367.752
2025-08-19 14:00:00,15956.176,2695.999,3107.426
2025-08-19 14:15:00,15956.176,2695.999,3107.426
2025-08-19 14:30:00,15956.176,2695.999,3107.426
2025-08-19 14:45:00,15956.176,2695.999,3107.426
2025-08-19 15:00:00,12539.627,2788.752,3530.543
2025-08-19 15:15:00,12539.627,2788.752,3530.543
2025-08-19 15:30:00,12539.627,2788.752,3530.543
2025-08-19 15:45:00,12539.627,2788.752,3530.543
2025-08-19 16:00:00,8198.431,2771.501,4034.237
2025-08-19 16:15:00,8198.431,2771.501,4034.237
2025-08-19 16:30:00,8198.431,2771.501,4034.237
2025-08-19 16:45:00,8198.431,2771.501,4034.237
2025-08-19 17:00:00,3966.509,2665.5,4080.234
2025-08-19 17:15:00,3966.509,2665.5,4080.234
2025-08-19 17:30:00,3966.509,2665.5,4080.234
2025-08-19 17:45:00,3966.509,2665.5,4080.234
2025-08-19 18:00:00,907.866,2582.0,3261.494
2025-08-19 18:15:00,907.866,2582.0,3261.494
2025-08-19 18:30:00,907.866,2582.0,3261.494
2025-08-19 18:45:00,907.866,2582.0,3261.494
2025-08-19 19:00:00,0.0,2709.0,2153.296
2025-08-19 19:15:00,0.0,2709.0,2153.296
2025-08-19 19:30:00,0.0,2709.0,2153.296
2025-08-19 19:45:00,0.0,2709.0,2153.296
2025-08-19 20:00:00,0.0,2749.5,1876.278
2025-08-19 20:15:00,0.0,2749.5,1876.278
2025-08-19 20:30:00,0.0,2749.5,1876.278
2025-08-19 20:45:00,0.0,2749.5,1876.278
2025-08-19 21:00:00,0.0,2592.751,1833.791
2025-08-19 21:15:00,0.0,2592.751,1833.791
2025-08-19 21:30:00,0.0,2592.751,1833.791
2025-08-19 21:45:00,0.0,2592.751,1833.791
2025-08-19 22:00:00,0.0,2502.249,1647.313
2025-08-19 22:15:00,0.0,2502.249,1647.313
2025-08-19 22:30:00,0.0,2502.249,1647.313
2025-08-19 22:45:00,0.0,2502.249,1647.313
2025-08-19 23:00:00,0.0,2369.75,1493.556
2025-08-19 23:15:00,0.0,2369.75,1493.556
2025-08-19 23:30:00,0.0,2369.75,1493.556
2025-08-19 23:45:00,0.0,2369.75,1493.556
2025-08-20 00:00:00,0.0,2207.5,1339.681
2025-08-20 00:15:00,0.0,2207.5,1339.681
2025-08-20 00:30:00,0.0,2207.5,1339.681
2025-08-20 00:45:00,0.0,2207.5,1339.681
2025-08-20 01:00:00,0.0,1844.75,1278.904
2025-08-20 01:15:00,0.0,1844.75,1278.904
2025-08-20 01:30:00,0.0,1844.75,1278.904
2025-08-20 01:45:00,0.0,1844.75,1278.904
2025-08-20 02:00:00,0.0,1634.001,994.584
2025-08-20 02:15:00,0.0,1634.001,994.584
2025-08-20 02:30:00,0.0,1634.001,994.584
2025-08-20 02:45:00,0.0,1634.001,994.584
2025-08-20 03:00:00,0.0,1518.25,782.475
2025-08-20 03:15:00,0.0,1518.25,782.475
2025-08-20 03:30:00,0.0,1518.25,782.475
2025-08-20 03:45:00,0.0,1518.25,782.475
2025-08-20 04:00:00,15.444,1919.751,685.332
2025-08-20 04:15:00,15.444,1919.751,685.332
2025-08-20 04:30:00,15.444,1919.751,685.332
2025-08-20 04:45:00,15.444,1919.751,685.332
2025-08-20 05:00:00,592.852,2195.749,648.549
2025-08-20 05:15:00,592.852,2195.749,648.549
2025-08-20 05:30:00,592.852,2195.749,648.549
2025-08-20 05:45:00,592.852,2195.749,648.549
2025-08-20 06:00:00,2614.998,2101.25,693.767
2025-08-20 06:15:00,2614.998,2101.25,693.767
2025-08-20 06:30:00,2614.998,2101.25,693.767
2025-08-20 06:45:00,2614.998,2101.25,693.767
2025-08-20 07:00:00,5623.808,1742.5,1053.599
2025-08-20 07:15:00,5623.808,1742.5,1053.599
2025-08-20 07:30:00,5623.808,1742.5,1053.599
2025-08-20 07:45:00,5623.808,1742.5,1053.599
2025-08-20 08:00:00,9574.207,1489.25,1619.729
2025-08-20 08:15:00,9574.207,1489.25,1619.729
2025-08-20 08:30:00,9574.207,1489.25,1619.729
2025-08-20 08:45:00,9574.207,1489.25,1619.729
2025-08-20 09:00:00,12346.023,1443.75,1694.083
2025-08-20 09:15:00,12346.023,1443.75,1694.083
2025-08-20 09:30:00,12346.023,1443.75,1694.083
2025-08-20 09:45:00,12346.023,1443.75,1694.083
2025-08-20 10:00:00,16242.366,1181.25,1910.471
2025-08-20 10:15:00,16242.366,1181.25,1910.471
2025-08-20 10:30:00,16242.366,1181.25,1910.471
2025-08-20 10:45:00,16242.366,1181.25,1910.471
2025-08-20 11:00:00,18482.758,859.499,2038.525
2025-08-20 11:15:00,18482.758,859.499,2038.525
2025-08-20 11:30:00,18482.758,859.499,2038.525
2025-08-20 11:45:00,18482.758,859.499,2038.525
2025-08-20 12:00:00,18115.598,985.249,2199.531
2025-08-20 12:15:00,18115.598,985.249,2199.531
2025-08-20 12:30:00,18115.598,985.249,2199.531
2025-08-20 12:45:00,18115.598,985.249,2199.531
2025-08-20 13:00:00,17561.645,1047.5,2314.013
2025-08-20 13:15:00,17561.645,1047.5,2314.013
2025-08-20 13:30:00,17561.645,1047.5,2314.013
2025-08-20 13:45:00,17561.645,1047.5,2314.013
2025-08-20 14:00:00,15356.096,1393.999,2626.377
2025-08-20 14:15:00,15356.096,1393.999,2626.377
2025-08-20 14:30:00,15356.096,1393.999,2626.377
2025-08-20 14:45:00,15356.096,1393.999,2626.377
2025-08-20 15:00:00,11601.035,2027.0,2932.845
2025-08-20 15:15:00,11601.035,2027.0,2932.845
2025-08-20 15:30:00,11601.035,2027.0,2932.845
2025-08-20 15:45:00,11601.035,2027.0,2932.845
2025-08-20 16:00:00,7824.274,2809.251,3572.412
2025-08-20 16:15:00,7824.274,2809.251,3572.412
2025-08-20 16:30:00,7824.274,2809.251,3572.412
2025-08-20 16:45:00,7824.274,2809.251,3572.412
2025-08-20 17:00:00,3979.393,3314.999,3915.284
2025-08-20 17:15:00,3979.393,3314.999,3915.284
2025-08-20 17:30:00,3979.393,3314.999,3915.284
2025-08-20 17:45:00,3979.393,3314.999,3915.284
2025-08-20 18:00:00,863.625,3516.0,3019.907
2025-08-20 18:15:00,863.625,3516.0,3019.907
2025-08-20 18:30:00,863.625,3516.0,3019.907
2025-08-20 18:45:00,863.625,3516.0,3019.907
2025-08-20 19:00:00,0.0,3490.75,1897.125
2025-08-20 19:15:00,0.0,3490.75,1897.125
2025-08-20 19:30:00,0.0,3490.75,1897.125
2025-08-20 19:45:00,0.0,3490.75,1897.125
2025-08-20 20:00:00,0.0,3228.999,1392.351
2025-08-20 20:15:00,0.0,3228.999,1392.351
2025-08-20 20:30:00,0.0,3228.999,1392.351
2025-08-20 20:45:00,0.0,3228.999,1392.351
2025-08-20 21:00:00,0.0,2979.75,1395.93
2025-08-20 21:15:00,0.0,2979.75,1395.93
2025-08-20 21:30:00,0.0,2979.75,1395.93
2025-08-20 21:45:00,0.0,2979.75,1395.93
2025-08-20 22:00:00,0.0,2502.249,1201.496
2025-08-20 22:15:00,0.0,2502.249,1201.496
2025-08-20 22:30:00,0.0,2502.249,1201.496
2025-08-20 22:45:00,0.0,2502.249,1201.496
2025-08-20 23:00:00,0.0,2095.25,1016.544
2025-08-20 23:15:00,0.0,2095.25,1016.544
2025-08-20 23:30:00,0.0,2095.25,1016.544
2025-08-20 23:45:00,0.0,2095.25,1016.544
2025-08-21 00:00:00,0.0,1879.75,900.575
2025-08-21 00:15:00,0.0,1879.75,900.575
2025-08-21 00:30:00,0.0,1879.75,900.575
2025-08-21 00:45:00,0.0,1879.75,900.575
2025-08-21 01:00:00,0.0,1819.0,920.65
2025-08-21 01:15:00,0.0,1819.0,920.65
2025-08-21 01:30:00,0.0,1819.0,920.65
2025-08-21 01:45:00,0.0,1819.0,920.65
2025-08-21 02:00:00,0.0,1871.249,833.619
2025-08-21 02:15:00,0.0,1871.249,833.619
2025-08-21 02:30:00,0.0,1871.249,833.619
2025-08-21 02:45:00,0.0,1871.249,833.619
2025-08-21 03:00:00,0.0,1916.751,724.844
2025-08-21 03:15:00,0.0,1916.751,724.844
2025-08-21 03:30:00,0.0,1916.751,724.844
2025-08-21 03:45:00,0.0,1916.751,724.844
2025-08-21 04:00:00,18.044,2362.0,653.469
2025-08-21 04:15:00,18.044,2362.0,653.469
2025-08-21 04:30:00,18.044,2362.0,653.469
2025-08-21 04:45:00,18.044,2362.0,653.469
2025-08-21 05:00:00,1010.721,2598.75,699.932
2025-08-21 05:15:00,1010.721,2598.75,699.932
2025-08-21 05:30:00,1010.721,2598.75,699.932
2025-08-21 05:45:00,1010.721,2598.75,699.932
2025-08-21 06:00:00,4189.877,2454.749,1042.614
2025-08-21 06:15:00,4189.877,2454.749,1042.614
2025-08-21 06:30:00,4189.877,2454.749,1042.614
2025-08-21 06:45:00,4189.877,2454.749,1042.614
2025-08-21 07:00:00,8437.616,2238.5,2354.144
2025-08-21 07:15:00,8437.616,2238.5,2354.144
2025-08-21 07:30:00,8437.616,2238.5,2354.144
2025-08-21 07:45:00,8437.616,2238.5,2354.144
2025-08-21 08:00:00,12875.332,2158.0,3918.817
2025-08-21 08:15:00,12875.332,2158.0,3918.817
2025-08-21 08:30:00,12875.332,2158.0,3918.817
2025-08-21 08:45:00,12875.332,2158.0,3918.817
2025-08-21 09:00:00,14401.438,2246.0,4310.054
2025-08-21 09:15:00,14401.438,2246.0,4310.054
2025-08-21 09:30:00,14401.438,2246.0,4310.054
2025-08-21 09:45:00,14401.438,2246.0,4310.054
2025-08-21 10:00:00,16646.838,2712.25,4614.656
2025-08-21 10:15:00,16646.838,2712.25,4614.656
2025-08-21 10:30:00,16646.838,2712.25,4614.656
2025-08-21 10:45:00,16646.838,2712.25,4614.656
2025-08-21 11:00:00,17245.553,2100.751,4731.437
2025-08-21 11:15:00,17245.553,2100.751,4731.437
2025-08-21 11:30:00,17245.553,2100.751,4731.437
2025-08-21 11:45:00,17245.553,2100.751,4731.437
2025-08-21 12:00:00,16805.584,2059.751,5101.143
2025-08-21 12:15:00,16805.584,2059.751,5101.143
2025-08-21 12:30:00,16805.584,2059.751,5101.143
2025-08-21 12:45:00,16805.584,2059.751,5101.143
2025-08-21 13:00:00,14501.771,2540.502,5132.789
2025-08-21 13:15:00,14501.771,2540.502,5132.789
2025-08-21 13:30:00,14501.771,2540.502,5132.789
2025-08-21 13:45:00,14501.771,2540.502,5132.789
2025-08-21 14:00:00,12603.754,2401.251,5175.702
2025-08-21 14:15:00,12603.754,2401.251,5175.702
2025-08-21 14:30:00,12603.754,2401.251,5175.702
2025-08-21 14:45:00,12603.754,2401.251,5175.702
2025-08-21 15:00:00,10226.119,2495.999,5255.199
2025-08-21 15:15:00,10226.119,2495.999,5255.199
2025-08-21 15:30:00,10226.119,2495.999,5255.199
2025-08-21 15:45:00,10226.119,2495.999,5255.199
2025-08-21 16:00:00,7222.012,2549.5,4822.63
2025-08-21 16:15:00,7222.012,2549.5,4822.63
2025-08-21 16:30:00,7222.012,2549.5,4822.63
2025-08-21 16:45:00,7222.012,2549.5,4822.63
2025-08-21 17:00:00,2969.828,2559.25,3972.6
2025-08-21 17:15:00,2969.828,2559.25,3972.6
2025-08-21 17:30:00,2969.828,2559.25,3972.6
2025-08-21 17:45:00,2969.828,2559.25,3972.6
2025-08-21 18:00:00,560.396,2102.0,3098.374
2025-08-21 18:15:00,560.396,2102.0,3098.374
2025-08-21 18:30:00,560.396,2102.0,3098.374
2025-08-21 18:45:00,560.396,2102.0,3098.374
2025-08-21 19:00:00,0.0,2189.751,1940.123
2025-08-21 19:15:00,0.0,2189.751,1940.123
2025-08-21 19:30:00,0.0,2189.751,1940.123
2025-08-21 19:45:00,0.0,2189.751,1940.123
2025-08-21 20:00:00,0.0,1977.501,1227.678
2025-08-21 20:15:00,0.0,1977.501,1227.678
2025-08-21 20:30:00,0.0,1977.501,1227.678
2025-08-21 20:45:00,0.0,1977.501,1227.678
2025-08-21 21:00:00,0.0,1813.25,970.82
2025-08-21 21:15:00,0.0,1813.25,970.82
2025-08-21 21:30:00,0.0,1813.25,970.82
2025-08-21 21:45:00,0.0,1813.25,970.82
2025-08-21 22:00:00,0.0,1839.251,898.526
2025-08-21 22:15:00,0.0,1839.251,898.526
2025-08-21 22:30:00,0.0,1839.251,898.526
2025-08-21 22:45:00,0.0,1839.251,898.526
2025-08-21 23:00:00,0.0,1527.75,769.796
2025-08-21 23:15:00,0.0,1527.75,769.796
2025-08-21 23:30:00,0.0,1527.75,769.796
2025-08-21 23:45:00,0.0,1527.75,769.796
2025-08-22 00:00:00,0.0,1294.5,655.398
2025-08-22 00:15:00,0.0,1294.5,655.398
2025-08-22 00:30:00,0.0,1294.5,655.398
2025-08-22 00:45:00,0.0,1294.5,655.398
2025-08-22 01:00:00,0.0,1391.0,567.217
2025-08-22 01:15:00,0.0,1391.0,567.217
2025-08-22 01:30:00,0.0,1391.0,567.217
2025-08-22 01:45:00,0.0,1391.0,567.217
2025-08-22 02:00:00,0.0,1270.749,579.997
2025-08-22 02:15:00,0.0,1270.749,579.997
2025-08-22 02:30:00,0.0,1270.749,579.997
2025-08-22 02:45:00,0.0,1270.749,579.997
2025-08-22 03:00:00,0.0,1196.75,385.229
2025-08-22 03:15:00,0.0,1196.75,385.229
2025-08-22 03:30:00,0.0,1196.75,385.229
2025-08-22 03:45:00,0.0,1196.75,385.229
2025-08-22 04:00:00,7.659,1135.251,390.053
2025-08-22 04:15:00,7.659,1135.251,390.053
2025-08-22 04:30:00,7.659,1135.251,390.053
2025-08-22 04:45:00,7.659,1135.251,390.053
2025-08-22 05:00:00,401.104,1072.249,496.34
2025-08-22 05:15:00,401.104,1072.249,496.34
2025-08-22 05:30:00,401.104,1072.249,496.34
2025-08-22 05:45:00,401.104,1072.249,496.34
2025-08-22 06:00:00,1507.626,1197.25,515.16
2025-08-22 06:15:00,1507.626,1197.25,515.16
2025-08-22 06:30:00,1507.626,1197.25,515.16
2025-08-22 06:45:00,1507.626,1197.25,515.16
2025-08-22 07:00:00,3561.48,1228.999,833.351
2025-08-22 07:15:00,3561.48,1228.999,833.351
2025-08-22 07:30:00,3561.48,1228.999,833.351
2025-08-22 07:45:00,3561.48,1228.999,833.351
2025-08-22 08:00:00,6386.301,1252.0,1088.404
2025-08-22 08:15:00,6386.301,1252.0,1088.404
2025-08-22 08:30:00,6386.301,1252.0,1088.404
2025-08-22 08:45:00,6386.301,1252.0,1088.404
2025-08-22 09:00:00,7949.169,1108.75,1403.636
2025-08-22 09:15:00,7949.169,1108.75,1403.636
2025-08-22 09:30:00,7949.169,1108.75,1403.636
2025-08-22 09:45:00,7949.169,1108.75,1403.636
2025-08-22 10:00:00,8325.168,843.25,1519.081
2025-08-22 10:15:00,8325.168,843.25,1519.081
2025-08-22 10:30:00,8325.168,843.25,1519.081
2025-08-22 10:45:00,8325.168,843.25,1519.081
2025-08-22 11:00:00,9796.145,851.75,1711.858
2025-08-22 11:15:00,9796.145,851.75,1711.858
2025-08-22 11:30:00,9796.145,851.75,1711.858
2025-08-22 11:45:00,9796.145,851.75,1711.858
2025-08-22 12:00:00,9369.663,894.5,2116.916
2025-08-22 12:15:00,9369.663,894.5,2116.916
2025-08-22 12:30:00,9369.663,894.5,2116.916
2025-08-22 12:45:00,9369.663,894.5,2116.916
2025-08-22 13:00:00,8405.627,882.25,2355.178
2025-08-22 13:15:00,8405.627,882.25,2355.178
2025-08-22 13:30:00,8405.627,882.25,2355.178
2025-08-22 13:45:00,8405.627,882.25,2355.178
2025-08-22 14:00:00,7117.022,883.251,2509.292
2025-08-22 14:15:00,7117.022,883.251,2509.292
2025-08-22 14:30:00,7117.022,883.251,2509.292
2025-08-22 14:45:00,7117.022,883.251,2509.292
2025-08-22 15:00:00,5804.485,765.001,2451.529
2025-08-22 15:15:00,5804.485,765.001,2451.529
2025-08-22 15:30:00,5804.485,765.001,2451.529
2025-08-22 15:45:00,5804.485,765.001,2451.529
2025-08-22 16:00:00,3300.583,484.5,1782.555
2025-08-22 16:15:00,3300.583,484.5,1782.555
2025-08-22 16:30:00,3300.583,484.5,1782.555
2025-08-22 16:45:00,3300.583,484.5,1782.555
2025-08-22 17:00:00,1479.859,572.25,1288.867
2025-08-22 17:15:00,1479.859,572.25,1288.867
2025-08-22 17:30:00,1479.859,572.25,1288.867
2025-08-22 17:45:00,1479.859,572.25,1288.867
2025-08-22 18:00:00,357.46,870.25,743.643
2025-08-22 18:15:00,357.46,870.25,743.643
2025-08-22 18:30:00,357.46,870.25,743.643
2025-08-22 18:45:00,357.46,870.25,743.643
2025-08-22 19:00:00,0.0,894.5,195.985
2025-08-22 19:15:00,0.0,894.5,195.985
2025-08-22 19:30:00,0.0,894.5,195.985
2025-08-22 19:45:00,0.0,894.5,195.985
2025-08-22 20:00:00,0.0,1014.75,323.658
2025-08-22 20:15:00,0.0,1014.75,323.658
2025-08-22 20:30:00,0.0,1014.75,323.658
2025-08-22 20:45:00,0.0,1014.75,323.658
2025-08-22 21:00:00,0.0,1370.001,350.853
2025-08-22 21:15:00,0.0,1370.001,350.853
2025-08-22 21:30:00,0.0,1370.001,350.853
2025-08-22 21:45:00,0.0,1370.001,350.853
2025-08-22 22:00:00,0.0,1307.748,309.044
2025-08-22 22:15:00,0.0,1307.748,309.044
2025-08-22 22:30:00,0.0,1307.748,309.044
2025-08-22 22:45:00,0.0,1307.748,309.044
2025-08-22 23:00:00,0.0,1354.499,387.136
2025-08-22 23:15:00,0.0,1354.499,387.136
2025-08-22 23:30:00,0.0,1354.499,387.136
2025-08-22 23:45:00,0.0,1354.499,387.136
2025-08-23 00:00:00,0.0,1509.5,535.787
2025-08-23 00:15:00,0.0,1509.5,535.787
2025-08-23 00:30:00,0.0,1509.5,535.787
2025-08-23 00:45:00,0.0,1509.5,535.787
2025-08-23 01:00:00,0.0,1206.751,633.234
2025-08-23 01:15:00,0.0,1206.751,633.234
2025-08-23 01:30:00,0.0,1206.751,633.234
2025-08-23 01:45:00,0.0,1206.751,633.234
2025-08-23 02:00:00,0.0,1264.25,682.459
2025-08-23 02:15:00,0.0,1264.25,682.459
2025-08-23 02:30:00,0.0,1264.25,682.459
2025-08-23 02:45:00,0.0,1264.25,682.459
2025-08-23 03:00:00,0.0,1363.251,572.025
2025-08-23 03:15:00,0.0,1363.251,572.025
2025-08-23 03:30:00,0.0,1363.251,572.025
2025-08-23 03:45:00,0.0,1363.251,572.025
2025-08-23 04:00:00,5.73,1818.749,592.814
2025-08-23 04:15:00,5.73,1818.749,592.814
2025-08-23 04:30:00,5.73,1818.749,592.814
2025-08-23 04:45:00,5.73,1818.749,592.814
2025-08-23 05:00:00,377.778,1847.5,589.899
2025-08-23 05:15:00,377.778,1847.5,589.899
2025-08-23 05:30:00,377.778,1847.5,589.899
2025-08-23 05:45:00,377.778,1847.5,589.899
2025-08-23 06:00:00,2412.854,1740.75,674.373
2025-08-23 06:15:00,2412.854,1740.75,674.373
2025-08-23 06:30:00,2412.854,1740.75,674.373
2025-08-23 06:45:00,2412.854,1740.75,674.373
2025-08-23 07:00:00,5770.561,1533.25,907.687
2025-08-23 07:15:00,5770.561,1533.25,907.687
2025-08-23 07:30:00,5770.561,1533.25,907.687
2025-08-23 07:45:00,5770.561,1533.25,907.687
2025-08-23 08:00:00,8325.316,1200.252,1631.191
2025-08-23 08:15:00,8325.316,1200.252,1631.191
2025-08-23 08:30:00,8325.316,1200.252,1631.191
2025-08-23 08:45:00,8325.316,1200.252,1631.191
2025-08-23 09:00:00,10900.244,764.25,1906.188
2025-08-23 09:15:00,10900.244,764.25,1906.188
2025-08-23 09:30:00,10900.244,764.25,1906.188
2025-08-23 09:45:00,10900.244,764.25,1906.188
2025-08-23 10:00:00,12496.011,742.251,2327.774
2025-08-23 10:15:00,12496.011,742.251,2327.774
2025-08-23 10:30:00,12496.011,742.251,2327.774
2025-08-23 10:45:00,12496.011,742.251,2327.774
2025-08-23 11:00:00,12726.917,500.499,2751.399
2025-08-23 11:15:00,12726.917,500.499,2751.399
2025-08-23 11:30:00,12726.917,500.499,2751.399
2025-08-23 11:45:00,12726.917,500.499,2751.399
2025-08-23 12:00:00,13605.028,523.751,2547.067
2025-08-23 12:15:00,13605.028,523.751,2547.067
2025-08-23 12:30:00,13605.028,523.751,2547.067
2025-08-23 12:45:00,13605.028,523.751,2547.067
2025-08-23 13:00:00,12203.135,424.75,2567.847
2025-08-23 13:15:00,12203.135,424.75,2567.847
2025-08-23 13:30:00,12203.135,424.75,2567.847
2025-08-23 13:45:00,12203.135,424.75,2567.847
2025-08-23 14:00:00,11064.824,509.499,2734.746
2025-08-23 14:15:00,11064.824,509.499,2734.746
2025-08-23 14:30:00,11064.824,509.499,2734.746
2025-08-23 14:45:00,11064.824,509.499,2734.746
2025-08-23 15:00:00,8916.362,648.25,2255.881
2025-08-23 15:15:00,8916.362,648.25,2255.881
2025-08-23 15:30:00,8916.362,648.25,2255.881
2025-08-23 15:45:00,8916.362,648.25,2255.881
2025-08-23 16:00:00,6651.018,698.501,2131.913
2025-08-23 16:15:00,6651.018,698.501,2131.913
2025-08-23 16:30:00,6651.018,698.501,2131.913
2025-08-23 16:45:00,6651.018,698.501,2131.913
2025-08-23 17:00:00,3438.383,590.249,1850.637
2025-08-23 17:15:00,3438.383,590.249,1850.637
2025-08-23 17:30:00,3438.383,590.249,1850.637
2025-08-23 17:45:00,3438.383,590.249,1850.637
2025-08-23 18:00:00,547.603,518.751,922.243
2025-08-23 18:15:00,547.603,518.751,922.243
2025-08-23 18:30:00,547.603,518.751,922.243
2025-08-23 18:45:00,547.603,518.751,922.243
2025-08-23 19:00:00,0.0,412.5,249.794
2025-08-23 19:15:00,0.0,412.5,249.794
2025-08-23 19:30:00,0.0,412.5,249.794
2025-08-23 19:45:00,0.0,412.5,249.794
2025-08-23 20:00:00,0.0,276.749,60.649
2025-08-23 20:15:00,0.0,276.749,60.649
2025-08-23 20:30:00,0.0,276.749,60.649
2025-08-23 20:45:00,0.0,276.749,60.649
2025-08-23 21:00:00,0.0,164.499,18.041
2025-08-23 21:15:00,0.0,164.499,18.041
2025-08-23 21:30:00,0.0,164.499,18.041
2025-08-23 21:45:00,0.0,164.499,18.041
2025-08-23 22:00:00,0.0,123.5,0.0
2025-08-23 22:15:00,0.0,123.5,0.0
2025-08-23 22:30:00,0.0,123.5,0.0
2025-08-23 22:45:00,0.0,123.5,0.0
2025-08-23 23:00:00,0.0,86.5,0.0
2025-08-23 23:15:00,0.0,86.5,0.0
2025-08-23 23:30:00,0.0,86.5,0.0
2025-08-23 23:45:00,0.0,86.5,0.0
2025-08-24 00:00:00,0.0,47.499,0.0
2025-08-24 00:15:00,0.0,47.499,0.0
2025-08-24 00:30:00,0.0,47.499,0.0
2025-08-24 00:45:00,0.0,47.499,0.0
2025-08-24 01:00:00,0.0,157.251,3.374
2025-08-24 01:15:00,0.0,157.251,3.374
2025-08-24 01:30:00,0.0,157.251,3.374
2025-08-24 01:45:00,0.0,157.251,3.374
2025-08-24 02:00:00,0.0,29.748,39.241
2025-08-24 02:15:00,0.0,29.748,39.241
2025-08-24 02:30:00,0.0,29.748,39.241
2025-08-24 02:45:00,0.0,29.748,39.241
2025-08-24 03:00:00,0.0,68.999,22.65
2025-08-24 03:15:00,0.0,68.999,22.65
2025-08-24 03:30:00,0.0,68.999,22.65
2025-08-24 03:45:00,0.0,68.999,22.65
2025-08-24 04:00:00,9.037,112.75,12.022
2025-08-24 04:15:00,9.037,112.75,12.022
2025-08-24 04:30:00,9.037,112.75,12.022
2025-08-24 04:45:00,9.037,112.75,12.022
2025-08-24 05:00:00,744.941,162.251,7.3
2025-08-24 05:15:00,744.941,162.251,7.3
2025-08-24 05:30:00,744.941,162.251,7.3
2025-08-24 05:45:00,744.941,162.251,7.3
2025-08-24 06:00:00,3453.198,175.251,48.718
2025-08-24 06:15:00,3453.198,175.251,48.718
2025-08-24 06:30:00,3453.198,175.251,48.718
2025-08-24 06:45:00,3453.198,175.251,48.718
2025-08-24 07:00:00,7443.673,101.749,158.029
2025-08-24 07:15:00,7443.673,101.749,158.029
2025-08-24 07:30:00,7443.673,101.749,158.029
2025-08-24 07:45:00,7443.673,101.749,158.029
2025-08-24 08:00:00,11167.593,89.5,256.17
2025-08-24 08:15:00,11167.593,89.5,256.17
2025-08-24 08:30:00,11167.593,89.5,256.17
2025-08-24 08:45:00,11167.593,89.5,256.17
2025-08-24 09:00:00,14096.541,68.5,390.382
2025-08-24 09:15:00,14096.541,68.5,390.382
2025-08-24 09:30:00,14096.541,68.5,390.382
2025-08-24 09:45:00,14096.541,68.5,390.382
2025-08-24 10:00:00,15158.491,89.75,455.603
2025-08-24 10:15:00,15158.491,89.75,455.603
2025-08-24 10:30:00,15158.491,89.75,455.603
2025-08-24 10:45:00,15158.491,89.75,455.603
2025-08-24 11:00:00,16023.68,57.25,565.365
2025-08-24 11:15:00,16023.68,57.25,565.365
2025-08-24 11:30:00,16023.68,57.25,565.365
2025-08-24 11:45:00,16023.68,57.25,565.365
2025-08-24 12:00:00,14992.277,41.999,550.538
2025-08-24 12:15:00,14992.277,41.999,550.538
2025-08-24 12:30:00,14992.277,41.999,550.538
2025-08-24 12:45:00,14992.277,41.999,550.538
2025-08-24 13:00:00,16581.892,46.25,575.71
2025-08-24 13:15:00,16581.892,46.25,575.71
2025-08-24 13:30:00,16581.892,46.25,575.71
2025-08-24 13:45:00,16581.892,46.25,575.71
2025-08-24 14:00:00,13557.633,41.25,895.002
2025-08-24 14:15:00,13557.633,41.25,895.002
2025-08-24 14:30:00,13557.633,41.25,895.002
2025-08-24 14:45:00,13557.633,41.25,895.002
2025-08-24 15:00:00,11345.188,61.0,1038.013
2025-08-24 15:15:00,11345.188,61.0,1038.013
2025-08-24 15:30:00,11345.188,61.0,1038.013
2025-08-24 15:45:00,11345.188,61.0,1038.013
2025-08-24 16:00:00,7826.721,71.25,996.524
2025-08-24 16:15:00,7826.721,71.25,996.524
2025-08-24 16:30:00,7826.721,71.25,996.524
2025-08-24 16:45:00,7826.721,71.25,996.524
2025-08-24 17:00:00,3632.413,74.75,805.887
2025-08-24 17:15:00,3632.413,74.75,805.887
2025-08-24 17:30:00,3632.413,74.75,805.887
2025-08-24 17:45:00,3632.413,74.75,805.887
2025-08-24 18:00:00,633.207,56.75,376.186
2025-08-24 18:15:00,633.207,56.75,376.186
2025-08-24 18:30:00,633.207,56.75,376.186
2025-08-24 18:45:00,633.207,56.75,376.186
2025-08-24 19:00:00,0.0,35.75,73.083
2025-08-24 19:15:00,0.0,35.75,73.083
2025-08-24 19:30:00,0.0,35.75,73.083
2025-08-24 19:45:00,0.0,35.75,73.083
2025-08-24 20:00:00,0.0,33.25,10.118
2025-08-24 20:15:00,0.0,33.25,10.118
2025-08-24 20:30:00,0.0,33.25,10.118
2025-08-24 20:45:00,0.0,33.25,10.118
2025-08-24 21:00:00,0.0,20.5,0.0
2025-08-24 21:15:00,0.0,20.5,0.0
2025-08-24 21:30:00,0.0,20.5,0.0
2025-08-24 21:45:00,0.0,20.5,0.0
2025-08-24 22:00:00,0.0,19.251,0.0
2025-08-24 22:15:00,0.0,19.251,0.0
2025-08-24 22:30:00,0.0,19.251,0.0
2025-08-24 22:45:00,0.0,19.251,0.0
2025-08-24 23:00:00,0.0,38.75,0.0
2025-08-24 23:15:00,0.0,38.75,0.0
2025-08-24 23:30:00,0.0,38.75,0.0
2025-08-24 23:45:00,0.0,38.75,0.0
2025-08-25 00:00:00,0.0,118.249,0.0
2025-08-25 00:15:00,0.0,118.249,0.0
2025-08-25 00:30:00,0.0,118.249,0.0
2025-08-25 00:45:00,0.0,118.249,0.0
2025-08-25 01:00:00,0.0,184.5,0.0
2025-08-25 01:15:00,0.0,184.5,0.0
2025-08-25 01:30:00,0.0,184.5,0.0
2025-08-25 01:45:00,0.0,184.5,0.0
2025-08-25 02:00:00,0.0,238.002,10.626
2025-08-25 02:15:00,0.0,238.002,10.626
2025-08-25 02:30:00,0.0,238.002,10.626
2025-08-25 02:45:00,0.0,238.002,10.626
2025-08-25 03:00:00,0.0,260.75,27.265
2025-08-25 03:15:00,0.0,260.75,27.265
2025-08-25 03:30:00,0.0,260.75,27.265
2025-08-25 03:45:00,0.0,260.75,27.265
2025-08-25 04:00:00,11.915,326.499,10.119
2025-08-25 04:15:00,11.915,326.499,10.119
2025-08-25 04:30:00,11.915,326.499,10.119
2025-08-25 04:45:00,11.915,326.499,10.119
2025-08-25 05:00:00,822.114,332.5,46.887
2025-08-25 05:15:00,822.114,332.5,46.887
2025-08-25 05:30:00,822.114,332.5,46.887
2025-08-25 05:45:00,822.114,332.5,46.887
2025-08-25 06:00:00,3548.047,379.0,149.93
2025-08-25 06:15:00,3548.047,379.0,149.93
2025-08-25 06:30:00,3548.047,379.0,149.93
2025-08-25 06:45:00,3548.047,379.0,149.93
2025-08-25 07:00:00,7342.916,367.75,320.173
2025-08-25 07:15:00,7342.916,367.75,320.173
2025-08-25 07:30:00,7342.916,367.75,320.173
2025-08-25 07:45:00,7342.916,367.75,320.173
2025-08-25 08:00:00,11782.039,304.75,655.761
2025-08-25 08:15:00,11782.039,304.75,655.761
2025-08-25 08:30:00,11782.039,304.75,655.761
2025-08-25 08:45:00,11782.039,304.75,655.761
2025-08-25 09:00:00,14821.556,186.25,728.141
2025-08-25 09:15:00,14821.556,186.25,728.141
2025-08-25 09:30:00,14821.556,186.25,728.141
2025-08-25 09:45:00,14821.556,186.25,728.141
2025-08-25 10:00:00,16916.687,105.0,589.609
2025-08-25 10:15:00,16916.687,105.0,589.609
2025-08-25 10:30:00,16916.687,105.0,589.609
2025-08-25 10:45:00,16916.687,105.0,589.609
2025-08-25 11:00:00,17581.264,98.0,489.403
2025-08-25 11:15:00,17581.264,98.0,489.403
2025-08-25 11:30:00,17581.264,98.0,489.403
2025-08-25 11:45:00,17581.264,98.0,489.403
2025-08-25 12:00:00,17630.028,64.75,472.236
2025-08-25 12:15:00,17630.028,64.75,472.236
2025-08-25 12:30:00,17630.028,64.75,472.236
2025-08-25 12:45:00,17630.028,64.75,472.236
2025-08-25 13:00:00,16935.349,75.0,440.65
2025-08-25 13:15:00,16935.349,75.0,440.65
2025-08-25 13:30:00,16935.349,75.0,440.65
2025-08-25 13:45:00,16935.349,75.0,440.65
2025-08-25 14:00:00,14275.499,110.75,343.477
2025-08-25 14:15:00,14275.499,110.75,343.477
2025-08-25 14:30:00,14275.499,110.75,343.477
2025-08-25 14:45:00,14275.499,110.75,343.477
2025-08-25 15:00:00,11024.06,85.75,282.703
2025-08-25 15:15:00,11024.06,85.75,282.703
2025-08-25 15:30:00,11024.06,85.75,282.703
2025-08-25 15:45:00,11024.06,85.75,282.703
2025-08-25 16:00:00,7524.31,100.751,233.79
2025-08-25 16:15:00,7524.31,100.751,233.79
2025-08-25 16:30:00,7524.31,100.751,233.79
2025-08-25 16:45:00,7524.31,100.751,233.79
2025-08-25 17:00:00,3419.758,124.749,124.451
2025-08-25 17:15:00,3419.758,124.749,124.451
2025-08-25 17:30:00,3419.758,124.749,124.451
2025-08-25 17:45:00,3419.758,124.749,124.451
2025-08-25 18:00:00,572.687,178.25,93.466
2025-08-25 18:15:00,572.687,178.25,93.466
2025-08-25 18:30:00,572.687,178.25,93.466
2025-08-25 18:45:00,572.687,178.25,93.466
2025-08-25 19:00:00,0.0,279.999,82.503
2025-08-25 19:15:00,0.0,279.999,82.503
2025-08-25 19:30:00,0.0,279.999,82.503
2025-08-25 19:45:00,0.0,279.999,82.503
2025-08-25 20:00:00,0.0,418.751,53.933
2025-08-25 20:15:00,0.0,418.751,53.933
2025-08-25 20:30:00,0.0,418.751,53.933
2025-08-25 20:45:00,0.0,418.751,53.933
2025-08-25 21:00:00,0.0,672.5,63.003
2025-08-25 21:15:00,0.0,672.5,63.003
2025-08-25 21:30:00,0.0,672.5,63.003
2025-08-25 21:45:00,0.0,672.5,63.003
2025-08-25 22:00:00,0.0,913.25,152.468
2025-08-25 22:15:00,0.0,913.25,152.468
2025-08-25 22:30:00,0.0,913.25,152.468
2025-08-25 22:45:00,0.0,913.25,152.468
2025-08-25 23:00:00,0.0,1332.75,281.704
2025-08-25 23:15:00,0.0,1332.75,281.704
2025-08-25 23:30:00,0.0,1332.75,281.704
2025-08-25 23:45:00,0.0,1332.75,281.704
2025-08-26 00:00:00,0.0,1719.751,410.355
2025-08-26 00:15:00,0.0,1719.751,410.355
2025-08-26 00:30:00,0.0,1719.751,410.355
2025-08-26 00:45:00,0.0,1719.751,410.355
2025-08-26 01:00:00,0.0,1948.5,559.122
2025-08-26 01:15:00,0.0,1948.5,559.122
2025-08-26 01:30:00,0.0,1948.5,559.122
2025-08-26 01:45:00,0.0,1948.5,559.122
2025-08-26 02:00:00,0.0,2183.249,618.686
2025-08-26 02:15:00,0.0,2183.249,618.686
2025-08-26 02:30:00,0.0,2183.249,618.686
2025-08-26 02:45:00,0.0,2183.249,618.686
2025-08-26 03:00:00,0.0,2006.249,594.14
2025-08-26 03:15:00,0.0,2006.249,594.14
2025-08-26 03:30:00,0.0,2006.249,594.14
2025-08-26 03:45:00,0.0,2006.249,594.14
2025-08-26 04:00:00,4.581,1550.251,567.273
2025-08-26 04:15:00,4.581,1550.251,567.273
2025-08-26 04:30:00,4.581,1550.251,567.273
2025-08-26 04:45:00,4.581,1550.251,567.273
2025-08-26 05:00:00,789.628,1408.501,406.274
2025-08-26 05:15:00,789.628,1408.501,406.274
2025-08-26 05:30:00,789.628,1408.501,406.274
2025-08-26 05:45:00,789.628,1408.501,406.274
2025-08-26 06:00:00,3808.096,1329.0,545.922
2025-08-26 06:15:00,3808.096,1329.0,545.922
2025-08-26 06:30:00,3808.096,1329.0,545.922
2025-08-26 06:45:00,3808.096,1329.0,545.922
2025-08-26 07:00:00,7260.917,1361.5,916.673
2025-08-26 07:15:00,7260.917,1361.5,916.673
2025-08-26 07:30:00,7260.917,1361.5,916.673
2025-08-26 07:45:00,7260.917,1361.5,916.673
2025-08-26 08:00:00,11763.058,1401.25,1246.31
2025-08-26 08:15:00,11763.058,1401.25,1246.31
2025-08-26 08:30:00,11763.058,1401.25,1246.31
2025-08-26 08:45:00,11763.058,1401.25,1246.31
2025-08-26 09:00:00,15008.5,1397.25,1771.913
2025-08-26 09:15:00,15008.5,1397.25,1771.913
2025-08-26 09:30:00,15008.5,1397.25,1771.913
2025-08-26 09:45:00,15008.5,1397.25,1771.913
2025-08-26 10:00:00,16861.538,1337.75,2097.813
2025-08-26 10:15:00,16861.538,1337.75,2097.813
2025-08-26 10:30:00,16861.538,1337.75,2097.813
2025-08-26 10:45:00,16861.538,1337.75,2097.813
2025-08-26 11:00:00,16492.083,1711.751,2240.795
2025-08-26 11:15:00,16492.083,1711.751,2240.795
2025-08-26 11:30:00,16492.083,1711.751,2240.795
2025-08-26 11:45:00,16492.083,1711.751,2240.795
2025-08-26 12:00:00,13629.921,1920.499,2170.987
2025-08-26 12:15:00,13629.921,1920.499,2170.987
2025-08-26 12:30:00,13629.921,1920.499,2170.987
2025-08-26 12:45:00,13629.921,1920.499,2170.987
2025-08-26 13:00:00,10220.876,2214.0,2244.901
2025-08-26 13:15:00,10220.876,2214.0,2244.901
2025-08-26 13:30:00,10220.876,2214.0,2244.901
2025-08-26 13:45:00,10220.876,2214.0,2244.901
2025-08-26 14:00:00,8659.227,2542.749,2283.763
2025-08-26 14:15:00,8659.227,2542.749,2283.763
2025-08-26 14:30:00,8659.227,2542.749,2283.763
2025-08-26 14:45:00,8659.227,2542.749,2283.763
2025-08-26 15:00:00,7336.068,2951.501,2314.263
2025-08-26 15:15:00,7336.068,2951.501,2314.263
2025-08-26 15:30:00,7336.068,2951.501,2314.263
2025-08-26 15:45:00,7336.068,2951.501,2314.263
2025-08-26 16:00:00,5014.217,3143.75,2289.737
2025-08-26 16:15:00,5014.217,3143.75,2289.737
2025-08-26 16:30:00,5014.217,3143.75,2289.737
2025-08-26 16:45:00,5014.217,3143.75,2289.737
2025-08-26 17:00:00,2093.835,3396.0,1863.953
2025-08-26 17:15:00,2093.835,3396.0,1863.953
2025-08-26 17:30:00,2093.835,3396.0,1863.953
2025-08-26 17:45:00,2093.835,3396.0,1863.953
2025-08-26 18:00:00,329.51,3519.75,1582.581
2025-08-26 18:15:00,329.51,3519.75,1582.581
2025-08-26 18:30:00,329.51,3519.75,1582.581
2025-08-26 18:45:00,329.51,3519.75,1582.581
2025-08-26 19:00:00,0.0,2853.0,1340.18
2025-08-26 19:15:00,0.0,2853.0,1340.18
2025-08-26 19:30:00,0.0,2853.0,1340.18
2025-08-26 19:45:00,0.0,2853.0,1340.18
2025-08-26 20:00:00,0.0,2583.0,1163.218
2025-08-26 20:15:00,0.0,2583.0,1163.218
2025-08-26 20:30:00,0.0,2583.0,1163.218
2025-08-26 20:45:00,0.0,2583.0,1163.218
2025-08-26 21:00:00,0.0,2176.501,1101.911
