"MTU (CET/CEST)","Area","Sequence","Day-ahead Price (EUR/MWh)","Intraday Period (CET/CEST)","Intraday Price (EUR/MWh)"
"01/01/2025 00:00:00 - 01/01/2025 01:00:00","BZN|NL","Without Sequence","13.62","",""
"01/01/2025 01:00:00 - 01/01/2025 02:00:00","BZN|NL","Without Sequence","6.24","",""
"01/01/2025 02:00:00 - 01/01/2025 03:00:00","BZN|NL","Without Sequence","4.16","",""
"01/01/2025 03:00:00 - 01/01/2025 04:00:00","BZN|NL","Without Sequence","3.28","",""
"01/01/2025 04:00:00 - 01/01/2025 05:00:00","BZN|NL","Without Sequence","0.68","",""
"01/01/2025 05:00:00 - 01/01/2025 06:00:00","BZN|NL","Without Sequence","0.00","",""
"01/01/2025 06:00:00 - 01/01/2025 07:00:00","BZN|NL","Without Sequence","0.76","",""
"01/01/2025 07:00:00 - 01/01/2025 08:00:00","BZN|NL","Without Sequence","0.79","",""
"01/01/2025 08:00:00 - 01/01/2025 09:00:00","BZN|NL","Without Sequence","1.89","",""
"01/01/2025 09:00:00 - 01/01/2025 10:00:00","BZN|NL","Without Sequence","7.50","",""
"01/01/2025 10:00:00 - 01/01/2025 11:00:00","BZN|NL","Without Sequence","27.32","",""
"01/01/2025 11:00:00 - 01/01/2025 12:00:00","BZN|NL","Without Sequence","37.49","",""
"01/01/2025 12:00:00 - 01/01/2025 13:00:00","BZN|NL","Without Sequence","60.10","",""
"01/01/2025 13:00:00 - 01/01/2025 14:00:00","BZN|NL","Without Sequence","63.32","",""
"01/01/2025 14:00:00 - 01/01/2025 15:00:00","BZN|NL","Without Sequence","47.00","",""
"01/01/2025 15:00:00 - 01/01/2025 16:00:00","BZN|NL","Without Sequence","50.10","",""
"01/01/2025 16:00:00 - 01/01/2025 17:00:00","BZN|NL","Without Sequence","27.64","",""
"01/01/2025 17:00:00 - 01/01/2025 18:00:00","BZN|NL","Without Sequence","79.97","",""
"01/01/2025 18:00:00 - 01/01/2025 19:00:00","BZN|NL","Without Sequence","95.00","",""
"01/01/2025 19:00:00 - 01/01/2025 20:00:00","BZN|NL","Without Sequence","95.00","",""
"01/01/2025 20:00:00 - 01/01/2025 21:00:00","BZN|NL","Without Sequence","81.49","",""
"01/01/2025 21:00:00 - 01/01/2025 22:00:00","BZN|NL","Without Sequence","68.96","",""
"01/01/2025 22:00:00 - 01/01/2025 23:00:00","BZN|NL","Without Sequence","46.37","",""
"01/01/2025 23:00:00 - 02/01/2025 00:00:00","BZN|NL","Without Sequence","38.00","",""
"02/01/2025 00:00:00 - 02/01/2025 01:00:00","BZN|NL","Without Sequence","101.94","",""
"02/01/2025 01:00:00 - 02/01/2025 02:00:00","BZN|NL","Without Sequence","146.95","",""
"02/01/2025 02:00:00 - 02/01/2025 03:00:00","BZN|NL","Without Sequence","148.44","",""
"02/01/2025 03:00:00 - 02/01/2025 04:00:00","BZN|NL","Without Sequence","138.00","",""
"02/01/2025 04:00:00 - 02/01/2025 05:00:00","BZN|NL","Without Sequence","100.10","",""
"02/01/2025 05:00:00 - 02/01/2025 06:00:00","BZN|NL","Without Sequence","107.47","",""
"02/01/2025 06:00:00 - 02/01/2025 07:00:00","BZN|NL","Without Sequence","154.68","",""
"02/01/2025 07:00:00 - 02/01/2025 08:00:00","BZN|NL","Without Sequence","174.70","",""
"02/01/2025 08:00:00 - 02/01/2025 09:00:00","BZN|NL","Without Sequence","175.07","",""
"02/01/2025 09:00:00 - 02/01/2025 10:00:00","BZN|NL","Without Sequence","165.37","",""
"02/01/2025 10:00:00 - 02/01/2025 11:00:00","BZN|NL","Without Sequence","136.00","",""
"02/01/2025 11:00:00 - 02/01/2025 12:00:00","BZN|NL","Without Sequence","111.93","",""
"02/01/2025 12:00:00 - 02/01/2025 13:00:00","BZN|NL","Without Sequence","101.52","",""
"02/01/2025 13:00:00 - 02/01/2025 14:00:00","BZN|NL","Without Sequence","105.60","",""
"02/01/2025 14:00:00 - 02/01/2025 15:00:00","BZN|NL","Without Sequence","118.95","",""
"02/01/2025 15:00:00 - 02/01/2025 16:00:00","BZN|NL","Without Sequence","130.11","",""
"02/01/2025 16:00:00 - 02/01/2025 17:00:00","BZN|NL","Without Sequence","138.81","",""
"02/01/2025 17:00:00 - 02/01/2025 18:00:00","BZN|NL","Without Sequence","153.00","",""
"02/01/2025 18:00:00 - 02/01/2025 19:00:00","BZN|NL","Without Sequence","152.99","",""
"02/01/2025 19:00:00 - 02/01/2025 20:00:00","BZN|NL","Without Sequence","128.00","",""
"02/01/2025 20:00:00 - 02/01/2025 21:00:00","BZN|NL","Without Sequence","129.17","",""
"02/01/2025 21:00:00 - 02/01/2025 22:00:00","BZN|NL","Without Sequence","120.00","",""
"02/01/2025 22:00:00 - 02/01/2025 23:00:00","BZN|NL","Without Sequence","119.90","",""
"02/01/2025 23:00:00 - 03/01/2025 00:00:00","BZN|NL","Without Sequence","116.07","",""
"03/01/2025 00:00:00 - 03/01/2025 01:00:00","BZN|NL","Without Sequence","114.32","",""
"03/01/2025 01:00:00 - 03/01/2025 02:00:00","BZN|NL","Without Sequence","115.00","",""
"03/01/2025 02:00:00 - 03/01/2025 03:00:00","BZN|NL","Without Sequence","103.00","",""
"03/01/2025 03:00:00 - 03/01/2025 04:00:00","BZN|NL","Without Sequence","98.00","",""
"03/01/2025 04:00:00 - 03/01/2025 05:00:00","BZN|NL","Without Sequence","78.15","",""
"03/01/2025 05:00:00 - 03/01/2025 06:00:00","BZN|NL","Without Sequence","71.00","",""
"03/01/2025 06:00:00 - 03/01/2025 07:00:00","BZN|NL","Without Sequence","68.96","",""
"03/01/2025 07:00:00 - 03/01/2025 08:00:00","BZN|NL","Without Sequence","86.00","",""
"03/01/2025 08:00:00 - 03/01/2025 09:00:00","BZN|NL","Without Sequence","112.64","",""
"03/01/2025 09:00:00 - 03/01/2025 10:00:00","BZN|NL","Without Sequence","134.51","",""
"03/01/2025 10:00:00 - 03/01/2025 11:00:00","BZN|NL","Without Sequence","100.00","",""
"03/01/2025 11:00:00 - 03/01/2025 12:00:00","BZN|NL","Without Sequence","86.60","",""
"03/01/2025 12:00:00 - 03/01/2025 13:00:00","BZN|NL","Without Sequence","83.80","",""
"03/01/2025 13:00:00 - 03/01/2025 14:00:00","BZN|NL","Without Sequence","97.20","",""
"03/01/2025 14:00:00 - 03/01/2025 15:00:00","BZN|NL","Without Sequence","117.05","",""
"03/01/2025 15:00:00 - 03/01/2025 16:00:00","BZN|NL","Without Sequence","149.99","",""
"03/01/2025 16:00:00 - 03/01/2025 17:00:00","BZN|NL","Without Sequence","125.80","",""
"03/01/2025 17:00:00 - 03/01/2025 18:00:00","BZN|NL","Without Sequence","149.93","",""
"03/01/2025 18:00:00 - 03/01/2025 19:00:00","BZN|NL","Without Sequence","133.20","",""
"03/01/2025 19:00:00 - 03/01/2025 20:00:00","BZN|NL","Without Sequence","124.30","",""
"03/01/2025 20:00:00 - 03/01/2025 21:00:00","BZN|NL","Without Sequence","125.00","",""
"03/01/2025 21:00:00 - 03/01/2025 22:00:00","BZN|NL","Without Sequence","155.20","",""
"03/01/2025 22:00:00 - 03/01/2025 23:00:00","BZN|NL","Without Sequence","133.20","",""
"03/01/2025 23:00:00 - 04/01/2025 00:00:00","BZN|NL","Without Sequence","192.70","",""
"04/01/2025 00:00:00 - 04/01/2025 01:00:00","BZN|NL","Without Sequence","136.40","",""
"04/01/2025 01:00:00 - 04/01/2025 02:00:00","BZN|NL","Without Sequence","130.39","",""
"04/01/2025 02:00:00 - 04/01/2025 03:00:00","BZN|NL","Without Sequence","106.70","",""
"04/01/2025 03:00:00 - 04/01/2025 04:00:00","BZN|NL","Without Sequence","99.00","",""
"04/01/2025 04:00:00 - 04/01/2025 05:00:00","BZN|NL","Without Sequence","96.09","",""
"04/01/2025 05:00:00 - 04/01/2025 06:00:00","BZN|NL","Without Sequence","102.22","",""
"04/01/2025 06:00:00 - 04/01/2025 07:00:00","BZN|NL","Without Sequence","110.70","",""
"04/01/2025 07:00:00 - 04/01/2025 08:00:00","BZN|NL","Without Sequence","120.02","",""
"04/01/2025 08:00:00 - 04/01/2025 09:00:00","BZN|NL","Without Sequence","128.39","",""
"04/01/2025 09:00:00 - 04/01/2025 10:00:00","BZN|NL","Without Sequence","130.75","",""
"04/01/2025 10:00:00 - 04/01/2025 11:00:00","BZN|NL","Without Sequence","130.34","",""
"04/01/2025 11:00:00 - 04/01/2025 12:00:00","BZN|NL","Without Sequence","128.29","",""
"04/01/2025 12:00:00 - 04/01/2025 13:00:00","BZN|NL","Without Sequence","130.03","",""
"04/01/2025 13:00:00 - 04/01/2025 14:00:00","BZN|NL","Without Sequence","129.85","",""
"04/01/2025 14:00:00 - 04/01/2025 15:00:00","BZN|NL","Without Sequence","136.40","",""
"04/01/2025 15:00:00 - 04/01/2025 16:00:00","BZN|NL","Without Sequence","138.76","",""
"04/01/2025 16:00:00 - 04/01/2025 17:00:00","BZN|NL","Without Sequence","141.20","",""
"04/01/2025 17:00:00 - 04/01/2025 18:00:00","BZN|NL","Without Sequence","149.83","",""
"04/01/2025 18:00:00 - 04/01/2025 19:00:00","BZN|NL","Without Sequence","144.17","",""
"04/01/2025 19:00:00 - 04/01/2025 20:00:00","BZN|NL","Without Sequence","138.38","",""
"04/01/2025 20:00:00 - 04/01/2025 21:00:00","BZN|NL","Without Sequence","129.73","",""
"04/01/2025 21:00:00 - 04/01/2025 22:00:00","BZN|NL","Without Sequence","123.07","",""
"04/01/2025 22:00:00 - 04/01/2025 23:00:00","BZN|NL","Without Sequence","118.54","",""
"04/01/2025 23:00:00 - 05/01/2025 00:00:00","BZN|NL","Without Sequence","109.61","",""
"05/01/2025 00:00:00 - 05/01/2025 01:00:00","BZN|NL","Without Sequence","111.61","",""
"05/01/2025 01:00:00 - 05/01/2025 02:00:00","BZN|NL","Without Sequence","94.76","",""
"05/01/2025 02:00:00 - 05/01/2025 03:00:00","BZN|NL","Without Sequence","85.62","",""
"05/01/2025 03:00:00 - 05/01/2025 04:00:00","BZN|NL","Without Sequence","82.94","",""
"05/01/2025 04:00:00 - 05/01/2025 05:00:00","BZN|NL","Without Sequence","74.73","",""
"05/01/2025 05:00:00 - 05/01/2025 06:00:00","BZN|NL","Without Sequence","67.00","",""
"05/01/2025 06:00:00 - 05/01/2025 07:00:00","BZN|NL","Without Sequence","65.67","",""
"05/01/2025 07:00:00 - 05/01/2025 08:00:00","BZN|NL","Without Sequence","64.22","",""
"05/01/2025 08:00:00 - 05/01/2025 09:00:00","BZN|NL","Without Sequence","75.50","",""
"05/01/2025 09:00:00 - 05/01/2025 10:00:00","BZN|NL","Without Sequence","75.70","",""
"05/01/2025 10:00:00 - 05/01/2025 11:00:00","BZN|NL","Without Sequence","82.95","",""
"05/01/2025 11:00:00 - 05/01/2025 12:00:00","BZN|NL","Without Sequence","80.02","",""
"05/01/2025 12:00:00 - 05/01/2025 13:00:00","BZN|NL","Without Sequence","81.66","",""
"05/01/2025 13:00:00 - 05/01/2025 14:00:00","BZN|NL","Without Sequence","65.32","",""
"05/01/2025 14:00:00 - 05/01/2025 15:00:00","BZN|NL","Without Sequence","59.67","",""
"05/01/2025 15:00:00 - 05/01/2025 16:00:00","BZN|NL","Without Sequence","49.98","",""
"05/01/2025 16:00:00 - 05/01/2025 17:00:00","BZN|NL","Without Sequence","49.91","",""
"05/01/2025 17:00:00 - 05/01/2025 18:00:00","BZN|NL","Without Sequence","63.23","",""
"05/01/2025 18:00:00 - 05/01/2025 19:00:00","BZN|NL","Without Sequence","61.13","",""
"05/01/2025 19:00:00 - 05/01/2025 20:00:00","BZN|NL","Without Sequence","52.08","",""
"05/01/2025 20:00:00 - 05/01/2025 21:00:00","BZN|NL","Without Sequence","40.88","",""
"05/01/2025 21:00:00 - 05/01/2025 22:00:00","BZN|NL","Without Sequence","39.00","",""
"05/01/2025 22:00:00 - 05/01/2025 23:00:00","BZN|NL","Without Sequence","32.48","",""
"05/01/2025 23:00:00 - 06/01/2025 00:00:00","BZN|NL","Without Sequence","20.36","",""
"06/01/2025 00:00:00 - 06/01/2025 01:00:00","BZN|NL","Without Sequence","25.99","",""
"06/01/2025 01:00:00 - 06/01/2025 02:00:00","BZN|NL","Without Sequence","9.65","",""
"06/01/2025 02:00:00 - 06/01/2025 03:00:00","BZN|NL","Without Sequence","6.20","",""
"06/01/2025 03:00:00 - 06/01/2025 04:00:00","BZN|NL","Without Sequence","2.77","",""
"06/01/2025 04:00:00 - 06/01/2025 05:00:00","BZN|NL","Without Sequence","1.97","",""
"06/01/2025 05:00:00 - 06/01/2025 06:00:00","BZN|NL","Without Sequence","3.69","",""
"06/01/2025 06:00:00 - 06/01/2025 07:00:00","BZN|NL","Without Sequence","10.00","",""
"06/01/2025 07:00:00 - 06/01/2025 08:00:00","BZN|NL","Without Sequence","45.54","",""
"06/01/2025 08:00:00 - 06/01/2025 09:00:00","BZN|NL","Without Sequence","72.00","",""
"06/01/2025 09:00:00 - 06/01/2025 10:00:00","BZN|NL","Without Sequence","77.03","",""
"06/01/2025 10:00:00 - 06/01/2025 11:00:00","BZN|NL","Without Sequence","60.00","",""
"06/01/2025 11:00:00 - 06/01/2025 12:00:00","BZN|NL","Without Sequence","40.28","",""
"06/01/2025 12:00:00 - 06/01/2025 13:00:00","BZN|NL","Without Sequence","42.06","",""
"06/01/2025 13:00:00 - 06/01/2025 14:00:00","BZN|NL","Without Sequence","45.06","",""
"06/01/2025 14:00:00 - 06/01/2025 15:00:00","BZN|NL","Without Sequence","64.57","",""
"06/01/2025 15:00:00 - 06/01/2025 16:00:00","BZN|NL","Without Sequence","77.94","",""
"06/01/2025 16:00:00 - 06/01/2025 17:00:00","BZN|NL","Without Sequence","77.92","",""
"06/01/2025 17:00:00 - 06/01/2025 18:00:00","BZN|NL","Without Sequence","102.91","",""
"06/01/2025 18:00:00 - 06/01/2025 19:00:00","BZN|NL","Without Sequence","126.66","",""
"06/01/2025 19:00:00 - 06/01/2025 20:00:00","BZN|NL","Without Sequence","119.95","",""
"06/01/2025 20:00:00 - 06/01/2025 21:00:00","BZN|NL","Without Sequence","99.90","",""
"06/01/2025 21:00:00 - 06/01/2025 22:00:00","BZN|NL","Without Sequence","79.94","",""
"06/01/2025 22:00:00 - 06/01/2025 23:00:00","BZN|NL","Without Sequence","73.43","",""
"06/01/2025 23:00:00 - 07/01/2025 00:00:00","BZN|NL","Without Sequence","50.96","",""
"07/01/2025 00:00:00 - 07/01/2025 01:00:00","BZN|NL","Without Sequence","19.51","",""
"07/01/2025 01:00:00 - 07/01/2025 02:00:00","BZN|NL","Without Sequence","8.71","",""
"07/01/2025 02:00:00 - 07/01/2025 03:00:00","BZN|NL","Without Sequence","8.90","",""
"07/01/2025 03:00:00 - 07/01/2025 04:00:00","BZN|NL","Without Sequence","5.01","",""
"07/01/2025 04:00:00 - 07/01/2025 05:00:00","BZN|NL","Without Sequence","5.13","",""
"07/01/2025 05:00:00 - 07/01/2025 06:00:00","BZN|NL","Without Sequence","5.80","",""
"07/01/2025 06:00:00 - 07/01/2025 07:00:00","BZN|NL","Without Sequence","60.00","",""
"07/01/2025 07:00:00 - 07/01/2025 08:00:00","BZN|NL","Without Sequence","116.56","",""
"07/01/2025 08:00:00 - 07/01/2025 09:00:00","BZN|NL","Without Sequence","165.98","",""
"07/01/2025 09:00:00 - 07/01/2025 10:00:00","BZN|NL","Without Sequence","138.50","",""
"07/01/2025 10:00:00 - 07/01/2025 11:00:00","BZN|NL","Without Sequence","110.74","",""
"07/01/2025 11:00:00 - 07/01/2025 12:00:00","BZN|NL","Without Sequence","79.95","",""
"07/01/2025 12:00:00 - 07/01/2025 13:00:00","BZN|NL","Without Sequence","70.10","",""
"07/01/2025 13:00:00 - 07/01/2025 14:00:00","BZN|NL","Without Sequence","67.33","",""
"07/01/2025 14:00:00 - 07/01/2025 15:00:00","BZN|NL","Without Sequence","75.00","",""
"07/01/2025 15:00:00 - 07/01/2025 16:00:00","BZN|NL","Without Sequence","84.90","",""
"07/01/2025 16:00:00 - 07/01/2025 17:00:00","BZN|NL","Without Sequence","125.58","",""
"07/01/2025 17:00:00 - 07/01/2025 18:00:00","BZN|NL","Without Sequence","160.70","",""
"07/01/2025 18:00:00 - 07/01/2025 19:00:00","BZN|NL","Without Sequence","173.86","",""
"07/01/2025 19:00:00 - 07/01/2025 20:00:00","BZN|NL","Without Sequence","127.50","",""
"07/01/2025 20:00:00 - 07/01/2025 21:00:00","BZN|NL","Without Sequence","102.90","",""
"07/01/2025 21:00:00 - 07/01/2025 22:00:00","BZN|NL","Without Sequence","97.60","",""
"07/01/2025 22:00:00 - 07/01/2025 23:00:00","BZN|NL","Without Sequence","82.20","",""
"07/01/2025 23:00:00 - 08/01/2025 00:00:00","BZN|NL","Without Sequence","80.01","",""
"08/01/2025 00:00:00 - 08/01/2025 01:00:00","BZN|NL","Without Sequence","66.19","",""
"08/01/2025 01:00:00 - 08/01/2025 02:00:00","BZN|NL","Without Sequence","52.96","",""
"08/01/2025 02:00:00 - 08/01/2025 03:00:00","BZN|NL","Without Sequence","50.17","",""
"08/01/2025 03:00:00 - 08/01/2025 04:00:00","BZN|NL","Without Sequence","49.90","",""
"08/01/2025 04:00:00 - 08/01/2025 05:00:00","BZN|NL","Without Sequence","52.80","",""
"08/01/2025 05:00:00 - 08/01/2025 06:00:00","BZN|NL","Without Sequence","68.93","",""
"08/01/2025 06:00:00 - 08/01/2025 07:00:00","BZN|NL","Without Sequence","75.10","",""
"08/01/2025 07:00:00 - 08/01/2025 08:00:00","BZN|NL","Without Sequence","120.46","",""
"08/01/2025 08:00:00 - 08/01/2025 09:00:00","BZN|NL","Without Sequence","141.04","",""
"08/01/2025 09:00:00 - 08/01/2025 10:00:00","BZN|NL","Without Sequence","146.77","",""
"08/01/2025 10:00:00 - 08/01/2025 11:00:00","BZN|NL","Without Sequence","125.60","",""
"08/01/2025 11:00:00 - 08/01/2025 12:00:00","BZN|NL","Without Sequence","108.63","",""
"08/01/2025 12:00:00 - 08/01/2025 13:00:00","BZN|NL","Without Sequence","105.87","",""
"08/01/2025 13:00:00 - 08/01/2025 14:00:00","BZN|NL","Without Sequence","102.37","",""
"08/01/2025 14:00:00 - 08/01/2025 15:00:00","BZN|NL","Without Sequence","110.28","",""
"08/01/2025 15:00:00 - 08/01/2025 16:00:00","BZN|NL","Without Sequence","127.97","",""
"08/01/2025 16:00:00 - 08/01/2025 17:00:00","BZN|NL","Without Sequence","137.31","",""
"08/01/2025 17:00:00 - 08/01/2025 18:00:00","BZN|NL","Without Sequence","157.35","",""
"08/01/2025 18:00:00 - 08/01/2025 19:00:00","BZN|NL","Without Sequence","162.00","",""
"08/01/2025 19:00:00 - 08/01/2025 20:00:00","BZN|NL","Without Sequence","146.66","",""
"08/01/2025 20:00:00 - 08/01/2025 21:00:00","BZN|NL","Without Sequence","134.87","",""
"08/01/2025 21:00:00 - 08/01/2025 22:00:00","BZN|NL","Without Sequence","125.11","",""
"08/01/2025 22:00:00 - 08/01/2025 23:00:00","BZN|NL","Without Sequence","114.40","",""
"08/01/2025 23:00:00 - 09/01/2025 00:00:00","BZN|NL","Without Sequence","100.50","",""
"09/01/2025 00:00:00 - 09/01/2025 01:00:00","BZN|NL","Without Sequence","99.98","",""
"09/01/2025 01:00:00 - 09/01/2025 02:00:00","BZN|NL","Without Sequence","100.00","",""
"09/01/2025 02:00:00 - 09/01/2025 03:00:00","BZN|NL","Without Sequence","92.46","",""
"09/01/2025 03:00:00 - 09/01/2025 04:00:00","BZN|NL","Without Sequence","85.10","",""
"09/01/2025 04:00:00 - 09/01/2025 05:00:00","BZN|NL","Without Sequence","84.64","",""
"09/01/2025 05:00:00 - 09/01/2025 06:00:00","BZN|NL","Without Sequence","90.77","",""
"09/01/2025 06:00:00 - 09/01/2025 07:00:00","BZN|NL","Without Sequence","121.04","",""
"09/01/2025 07:00:00 - 09/01/2025 08:00:00","BZN|NL","Without Sequence","141.90","",""
"09/01/2025 08:00:00 - 09/01/2025 09:00:00","BZN|NL","Without Sequence","152.28","",""
"09/01/2025 09:00:00 - 09/01/2025 10:00:00","BZN|NL","Without Sequence","145.41","",""
"09/01/2025 10:00:00 - 09/01/2025 11:00:00","BZN|NL","Without Sequence","138.91","",""
"09/01/2025 11:00:00 - 09/01/2025 12:00:00","BZN|NL","Without Sequence","131.91","",""
"09/01/2025 12:00:00 - 09/01/2025 13:00:00","BZN|NL","Without Sequence","122.39","",""
"09/01/2025 13:00:00 - 09/01/2025 14:00:00","BZN|NL","Without Sequence","114.85","",""
"09/01/2025 14:00:00 - 09/01/2025 15:00:00","BZN|NL","Without Sequence","116.27","",""
"09/01/2025 15:00:00 - 09/01/2025 16:00:00","BZN|NL","Without Sequence","121.29","",""
"09/01/2025 16:00:00 - 09/01/2025 17:00:00","BZN|NL","Without Sequence","122.00","",""
"09/01/2025 17:00:00 - 09/01/2025 18:00:00","BZN|NL","Without Sequence","131.07","",""
"09/01/2025 18:00:00 - 09/01/2025 19:00:00","BZN|NL","Without Sequence","134.52","",""
"09/01/2025 19:00:00 - 09/01/2025 20:00:00","BZN|NL","Without Sequence","112.95","",""
"09/01/2025 20:00:00 - 09/01/2025 21:00:00","BZN|NL","Without Sequence","119.23","",""
"09/01/2025 21:00:00 - 09/01/2025 22:00:00","BZN|NL","Without Sequence","105.17","",""
"09/01/2025 22:00:00 - 09/01/2025 23:00:00","BZN|NL","Without Sequence","100.92","",""
"09/01/2025 23:00:00 - 10/01/2025 00:00:00","BZN|NL","Without Sequence","80.01","",""
"10/01/2025 00:00:00 - 10/01/2025 01:00:00","BZN|NL","Without Sequence","90.97","",""
"10/01/2025 01:00:00 - 10/01/2025 02:00:00","BZN|NL","Without Sequence","80.23","",""
"10/01/2025 02:00:00 - 10/01/2025 03:00:00","BZN|NL","Without Sequence","71.40","",""
"10/01/2025 03:00:00 - 10/01/2025 04:00:00","BZN|NL","Without Sequence","69.20","",""
"10/01/2025 04:00:00 - 10/01/2025 05:00:00","BZN|NL","Without Sequence","69.92","",""
"10/01/2025 05:00:00 - 10/01/2025 06:00:00","BZN|NL","Without Sequence","84.17","",""
"10/01/2025 06:00:00 - 10/01/2025 07:00:00","BZN|NL","Without Sequence","99.09","",""
"10/01/2025 07:00:00 - 10/01/2025 08:00:00","BZN|NL","Without Sequence","123.92","",""
"10/01/2025 08:00:00 - 10/01/2025 09:00:00","BZN|NL","Without Sequence","139.69","",""
"10/01/2025 09:00:00 - 10/01/2025 10:00:00","BZN|NL","Without Sequence","136.98","",""
"10/01/2025 10:00:00 - 10/01/2025 11:00:00","BZN|NL","Without Sequence","123.57","",""
"10/01/2025 11:00:00 - 10/01/2025 12:00:00","BZN|NL","Without Sequence","113.59","",""
"10/01/2025 12:00:00 - 10/01/2025 13:00:00","BZN|NL","Without Sequence","107.43","",""
"10/01/2025 13:00:00 - 10/01/2025 14:00:00","BZN|NL","Without Sequence","105.01","",""
"10/01/2025 14:00:00 - 10/01/2025 15:00:00","BZN|NL","Without Sequence","110.01","",""
"10/01/2025 15:00:00 - 10/01/2025 16:00:00","BZN|NL","Without Sequence","128.69","",""
"10/01/2025 16:00:00 - 10/01/2025 17:00:00","BZN|NL","Without Sequence","135.01","",""
"10/01/2025 17:00:00 - 10/01/2025 18:00:00","BZN|NL","Without Sequence","142.60","",""
"10/01/2025 18:00:00 - 10/01/2025 19:00:00","BZN|NL","Without Sequence","144.15","",""
"10/01/2025 19:00:00 - 10/01/2025 20:00:00","BZN|NL","Without Sequence","141.10","",""
"10/01/2025 20:00:00 - 10/01/2025 21:00:00","BZN|NL","Without Sequence","134.82","",""
"10/01/2025 21:00:00 - 10/01/2025 22:00:00","BZN|NL","Without Sequence","122.51","",""
"10/01/2025 22:00:00 - 10/01/2025 23:00:00","BZN|NL","Without Sequence","119.77","",""
"10/01/2025 23:00:00 - 11/01/2025 00:00:00","BZN|NL","Without Sequence","111.74","",""
"11/01/2025 00:00:00 - 11/01/2025 01:00:00","BZN|NL","Without Sequence","118.88","",""
"11/01/2025 01:00:00 - 11/01/2025 02:00:00","BZN|NL","Without Sequence","104.09","",""
"11/01/2025 02:00:00 - 11/01/2025 03:00:00","BZN|NL","Without Sequence","97.40","",""
"11/01/2025 03:00:00 - 11/01/2025 04:00:00","BZN|NL","Without Sequence","95.80","",""
"11/01/2025 04:00:00 - 11/01/2025 05:00:00","BZN|NL","Without Sequence","95.00","",""
"11/01/2025 05:00:00 - 11/01/2025 06:00:00","BZN|NL","Without Sequence","98.61","",""
"11/01/2025 06:00:00 - 11/01/2025 07:00:00","BZN|NL","Without Sequence","105.10","",""
"11/01/2025 07:00:00 - 11/01/2025 08:00:00","BZN|NL","Without Sequence","119.90","",""
"11/01/2025 08:00:00 - 11/01/2025 09:00:00","BZN|NL","Without Sequence","128.34","",""
"11/01/2025 09:00:00 - 11/01/2025 10:00:00","BZN|NL","Without Sequence","141.93","",""
"11/01/2025 10:00:00 - 11/01/2025 11:00:00","BZN|NL","Without Sequence","127.81","",""
"11/01/2025 11:00:00 - 11/01/2025 12:00:00","BZN|NL","Without Sequence","101.61","",""
"11/01/2025 12:00:00 - 11/01/2025 13:00:00","BZN|NL","Without Sequence","97.57","",""
"11/01/2025 13:00:00 - 11/01/2025 14:00:00","BZN|NL","Without Sequence","93.15","",""
"11/01/2025 14:00:00 - 11/01/2025 15:00:00","BZN|NL","Without Sequence","95.74","",""
"11/01/2025 15:00:00 - 11/01/2025 16:00:00","BZN|NL","Without Sequence","105.23","",""
"11/01/2025 16:00:00 - 11/01/2025 17:00:00","BZN|NL","Without Sequence","112.46","",""
"11/01/2025 17:00:00 - 11/01/2025 18:00:00","BZN|NL","Without Sequence","120.12","",""
"11/01/2025 18:00:00 - 11/01/2025 19:00:00","BZN|NL","Without Sequence","124.10","",""
"11/01/2025 19:00:00 - 11/01/2025 20:00:00","BZN|NL","Without Sequence","135.00","",""
"11/01/2025 20:00:00 - 11/01/2025 21:00:00","BZN|NL","Without Sequence","131.40","",""
"11/01/2025 21:00:00 - 11/01/2025 22:00:00","BZN|NL","Without Sequence","124.20","",""
"11/01/2025 22:00:00 - 11/01/2025 23:00:00","BZN|NL","Without Sequence","124.19","",""
"11/01/2025 23:00:00 - 12/01/2025 00:00:00","BZN|NL","Without Sequence","105.94","",""
"12/01/2025 00:00:00 - 12/01/2025 01:00:00","BZN|NL","Without Sequence","140.60","",""
"12/01/2025 01:00:00 - 12/01/2025 02:00:00","BZN|NL","Without Sequence","115.00","",""
"12/01/2025 02:00:00 - 12/01/2025 03:00:00","BZN|NL","Without Sequence","100.00","",""
"12/01/2025 03:00:00 - 12/01/2025 04:00:00","BZN|NL","Without Sequence","90.00","",""
"12/01/2025 04:00:00 - 12/01/2025 05:00:00","BZN|NL","Without Sequence","85.00","",""
"12/01/2025 05:00:00 - 12/01/2025 06:00:00","BZN|NL","Without Sequence","89.90","",""
"12/01/2025 06:00:00 - 12/01/2025 07:00:00","BZN|NL","Without Sequence","97.00","",""
"12/01/2025 07:00:00 - 12/01/2025 08:00:00","BZN|NL","Without Sequence","101.75","",""
"12/01/2025 08:00:00 - 12/01/2025 09:00:00","BZN|NL","Without Sequence","114.76","",""
"12/01/2025 09:00:00 - 12/01/2025 10:00:00","BZN|NL","Without Sequence","120.07","",""
"12/01/2025 10:00:00 - 12/01/2025 11:00:00","BZN|NL","Without Sequence","117.77","",""
"12/01/2025 11:00:00 - 12/01/2025 12:00:00","BZN|NL","Without Sequence","105.61","",""
"12/01/2025 12:00:00 - 12/01/2025 13:00:00","BZN|NL","Without Sequence","102.99","",""
"12/01/2025 13:00:00 - 12/01/2025 14:00:00","BZN|NL","Without Sequence","99.61","",""
"12/01/2025 14:00:00 - 12/01/2025 15:00:00","BZN|NL","Without Sequence","103.23","",""
"12/01/2025 15:00:00 - 12/01/2025 16:00:00","BZN|NL","Without Sequence","116.32","",""
"12/01/2025 16:00:00 - 12/01/2025 17:00:00","BZN|NL","Without Sequence","129.52","",""
"12/01/2025 17:00:00 - 12/01/2025 18:00:00","BZN|NL","Without Sequence","138.12","",""
"12/01/2025 18:00:00 - 12/01/2025 19:00:00","BZN|NL","Without Sequence","146.66","",""
"12/01/2025 19:00:00 - 12/01/2025 20:00:00","BZN|NL","Without Sequence","142.79","",""
"12/01/2025 20:00:00 - 12/01/2025 21:00:00","BZN|NL","Without Sequence","133.11","",""
"12/01/2025 21:00:00 - 12/01/2025 22:00:00","BZN|NL","Without Sequence","126.85","",""
"12/01/2025 22:00:00 - 12/01/2025 23:00:00","BZN|NL","Without Sequence","120.45","",""
"12/01/2025 23:00:00 - 13/01/2025 00:00:00","BZN|NL","Without Sequence","114.90","",""
"13/01/2025 00:00:00 - 13/01/2025 01:00:00","BZN|NL","Without Sequence","112.39","",""
"13/01/2025 01:00:00 - 13/01/2025 02:00:00","BZN|NL","Without Sequence","105.07","",""
"13/01/2025 02:00:00 - 13/01/2025 03:00:00","BZN|NL","Without Sequence","104.46","",""
"13/01/2025 03:00:00 - 13/01/2025 04:00:00","BZN|NL","Without Sequence","100.37","",""
"13/01/2025 04:00:00 - 13/01/2025 05:00:00","BZN|NL","Without Sequence","100.00","",""
"13/01/2025 05:00:00 - 13/01/2025 06:00:00","BZN|NL","Without Sequence","109.97","",""
"13/01/2025 06:00:00 - 13/01/2025 07:00:00","BZN|NL","Without Sequence","138.67","",""
"13/01/2025 07:00:00 - 13/01/2025 08:00:00","BZN|NL","Without Sequence","177.83","",""
"13/01/2025 08:00:00 - 13/01/2025 09:00:00","BZN|NL","Without Sequence","218.80","",""
"13/01/2025 09:00:00 - 13/01/2025 10:00:00","BZN|NL","Without Sequence","171.00","",""
"13/01/2025 10:00:00 - 13/01/2025 11:00:00","BZN|NL","Without Sequence","139.97","",""
"13/01/2025 11:00:00 - 13/01/2025 12:00:00","BZN|NL","Without Sequence","115.58","",""
"13/01/2025 12:00:00 - 13/01/2025 13:00:00","BZN|NL","Without Sequence","104.83","",""
"13/01/2025 13:00:00 - 13/01/2025 14:00:00","BZN|NL","Without Sequence","103.11","",""
"13/01/2025 14:00:00 - 13/01/2025 15:00:00","BZN|NL","Without Sequence","105.55","",""
"13/01/2025 15:00:00 - 13/01/2025 16:00:00","BZN|NL","Without Sequence","135.34","",""
"13/01/2025 16:00:00 - 13/01/2025 17:00:00","BZN|NL","Without Sequence","140.82","",""
"13/01/2025 17:00:00 - 13/01/2025 18:00:00","BZN|NL","Without Sequence","149.00","",""
"13/01/2025 18:00:00 - 13/01/2025 19:00:00","BZN|NL","Without Sequence","140.41","",""
"13/01/2025 19:00:00 - 13/01/2025 20:00:00","BZN|NL","Without Sequence","119.60","",""
"13/01/2025 20:00:00 - 13/01/2025 21:00:00","BZN|NL","Without Sequence","105.00","",""
"13/01/2025 21:00:00 - 13/01/2025 22:00:00","BZN|NL","Without Sequence","118.27","",""
"13/01/2025 22:00:00 - 13/01/2025 23:00:00","BZN|NL","Without Sequence","109.00","",""
"13/01/2025 23:00:00 - 14/01/2025 00:00:00","BZN|NL","Without Sequence","95.80","",""
"14/01/2025 00:00:00 - 14/01/2025 01:00:00","BZN|NL","Without Sequence","89.37","",""
"14/01/2025 01:00:00 - 14/01/2025 02:00:00","BZN|NL","Without Sequence","88.75","",""
"14/01/2025 02:00:00 - 14/01/2025 03:00:00","BZN|NL","Without Sequence","82.61","",""
"14/01/2025 03:00:00 - 14/01/2025 04:00:00","BZN|NL","Without Sequence","82.06","",""
"14/01/2025 04:00:00 - 14/01/2025 05:00:00","BZN|NL","Without Sequence","91.09","",""
"14/01/2025 05:00:00 - 14/01/2025 06:00:00","BZN|NL","Without Sequence","100.55","",""
"14/01/2025 06:00:00 - 14/01/2025 07:00:00","BZN|NL","Without Sequence","109.90","",""
"14/01/2025 07:00:00 - 14/01/2025 08:00:00","BZN|NL","Without Sequence","152.42","",""
"14/01/2025 08:00:00 - 14/01/2025 09:00:00","BZN|NL","Without Sequence","181.31","",""
"14/01/2025 09:00:00 - 14/01/2025 10:00:00","BZN|NL","Without Sequence","151.12","",""
"14/01/2025 10:00:00 - 14/01/2025 11:00:00","BZN|NL","Without Sequence","100.40","",""
"14/01/2025 11:00:00 - 14/01/2025 12:00:00","BZN|NL","Without Sequence","104.45","",""
"14/01/2025 12:00:00 - 14/01/2025 13:00:00","BZN|NL","Without Sequence","93.72","",""
"14/01/2025 13:00:00 - 14/01/2025 14:00:00","BZN|NL","Without Sequence","105.00","",""
"14/01/2025 14:00:00 - 14/01/2025 15:00:00","BZN|NL","Without Sequence","115.56","",""
"14/01/2025 15:00:00 - 14/01/2025 16:00:00","BZN|NL","Without Sequence","126.14","",""
"14/01/2025 16:00:00 - 14/01/2025 17:00:00","BZN|NL","Without Sequence","142.58","",""
"14/01/2025 17:00:00 - 14/01/2025 18:00:00","BZN|NL","Without Sequence","166.54","",""
"14/01/2025 18:00:00 - 14/01/2025 19:00:00","BZN|NL","Without Sequence","154.14","",""
"14/01/2025 19:00:00 - 14/01/2025 20:00:00","BZN|NL","Without Sequence","127.50","",""
"14/01/2025 20:00:00 - 14/01/2025 21:00:00","BZN|NL","Without Sequence","117.00","",""
"14/01/2025 21:00:00 - 14/01/2025 22:00:00","BZN|NL","Without Sequence","111.00","",""
"14/01/2025 22:00:00 - 14/01/2025 23:00:00","BZN|NL","Without Sequence","108.43","",""
"14/01/2025 23:00:00 - 15/01/2025 00:00:00","BZN|NL","Without Sequence","121.87","",""
"15/01/2025 00:00:00 - 15/01/2025 01:00:00","BZN|NL","Without Sequence","97.17","",""
"15/01/2025 01:00:00 - 15/01/2025 02:00:00","BZN|NL","Without Sequence","99.93","",""
"15/01/2025 02:00:00 - 15/01/2025 03:00:00","BZN|NL","Without Sequence","100.00","",""
"15/01/2025 03:00:00 - 15/01/2025 04:00:00","BZN|NL","Without Sequence","106.00","",""
"15/01/2025 04:00:00 - 15/01/2025 05:00:00","BZN|NL","Without Sequence","105.35","",""
"15/01/2025 05:00:00 - 15/01/2025 06:00:00","BZN|NL","Without Sequence","112.07","",""
"15/01/2025 06:00:00 - 15/01/2025 07:00:00","BZN|NL","Without Sequence","134.68","",""
"15/01/2025 07:00:00 - 15/01/2025 08:00:00","BZN|NL","Without Sequence","191.86","",""
"15/01/2025 08:00:00 - 15/01/2025 09:00:00","BZN|NL","Without Sequence","300.71","",""
"15/01/2025 09:00:00 - 15/01/2025 10:00:00","BZN|NL","Without Sequence","306.66","",""
"15/01/2025 10:00:00 - 15/01/2025 11:00:00","BZN|NL","Without Sequence","300.00","",""
"15/01/2025 11:00:00 - 15/01/2025 12:00:00","BZN|NL","Without Sequence","282.60","",""
"15/01/2025 12:00:00 - 15/01/2025 13:00:00","BZN|NL","Without Sequence","244.27","",""
"15/01/2025 13:00:00 - 15/01/2025 14:00:00","BZN|NL","Without Sequence","230.34","",""
"15/01/2025 14:00:00 - 15/01/2025 15:00:00","BZN|NL","Without Sequence","264.58","",""
"15/01/2025 15:00:00 - 15/01/2025 16:00:00","BZN|NL","Without Sequence","272.73","",""
"15/01/2025 16:00:00 - 15/01/2025 17:00:00","BZN|NL","Without Sequence","298.92","",""
"15/01/2025 17:00:00 - 15/01/2025 18:00:00","BZN|NL","Without Sequence","350.48","",""
"15/01/2025 18:00:00 - 15/01/2025 19:00:00","BZN|NL","Without Sequence","309.56","",""
"15/01/2025 19:00:00 - 15/01/2025 20:00:00","BZN|NL","Without Sequence","262.42","",""
"15/01/2025 20:00:00 - 15/01/2025 21:00:00","BZN|NL","Without Sequence","179.45","",""
"15/01/2025 21:00:00 - 15/01/2025 22:00:00","BZN|NL","Without Sequence","150.94","",""
"15/01/2025 22:00:00 - 15/01/2025 23:00:00","BZN|NL","Without Sequence","140.85","",""
"15/01/2025 23:00:00 - 16/01/2025 00:00:00","BZN|NL","Without Sequence","123.90","",""
"16/01/2025 00:00:00 - 16/01/2025 01:00:00","BZN|NL","Without Sequence","126.06","",""
"16/01/2025 01:00:00 - 16/01/2025 02:00:00","BZN|NL","Without Sequence","118.87","",""
"16/01/2025 02:00:00 - 16/01/2025 03:00:00","BZN|NL","Without Sequence","111.30","",""
"16/01/2025 03:00:00 - 16/01/2025 04:00:00","BZN|NL","Without Sequence","104.40","",""
"16/01/2025 04:00:00 - 16/01/2025 05:00:00","BZN|NL","Without Sequence","103.12","",""
"16/01/2025 05:00:00 - 16/01/2025 06:00:00","BZN|NL","Without Sequence","114.90","",""
"16/01/2025 06:00:00 - 16/01/2025 07:00:00","BZN|NL","Without Sequence","129.90","",""
"16/01/2025 07:00:00 - 16/01/2025 08:00:00","BZN|NL","Without Sequence","169.61","",""
"16/01/2025 08:00:00 - 16/01/2025 09:00:00","BZN|NL","Without Sequence","199.73","",""
"16/01/2025 09:00:00 - 16/01/2025 10:00:00","BZN|NL","Without Sequence","175.00","",""
"16/01/2025 10:00:00 - 16/01/2025 11:00:00","BZN|NL","Without Sequence","151.90","",""
"16/01/2025 11:00:00 - 16/01/2025 12:00:00","BZN|NL","Without Sequence","140.64","",""
"16/01/2025 12:00:00 - 16/01/2025 13:00:00","BZN|NL","Without Sequence","130.56","",""
"16/01/2025 13:00:00 - 16/01/2025 14:00:00","BZN|NL","Without Sequence","128.71","",""
"16/01/2025 14:00:00 - 16/01/2025 15:00:00","BZN|NL","Without Sequence","135.05","",""
"16/01/2025 15:00:00 - 16/01/2025 16:00:00","BZN|NL","Without Sequence","156.74","",""
"16/01/2025 16:00:00 - 16/01/2025 17:00:00","BZN|NL","Without Sequence","173.17","",""
"16/01/2025 17:00:00 - 16/01/2025 18:00:00","BZN|NL","Without Sequence","187.35","",""
"16/01/2025 18:00:00 - 16/01/2025 19:00:00","BZN|NL","Without Sequence","184.32","",""
"16/01/2025 19:00:00 - 16/01/2025 20:00:00","BZN|NL","Without Sequence","179.97","",""
"16/01/2025 20:00:00 - 16/01/2025 21:00:00","BZN|NL","Without Sequence","159.60","",""
"16/01/2025 21:00:00 - 16/01/2025 22:00:00","BZN|NL","Without Sequence","141.76","",""
"16/01/2025 22:00:00 - 16/01/2025 23:00:00","BZN|NL","Without Sequence","135.45","",""
"16/01/2025 23:00:00 - 17/01/2025 00:00:00","BZN|NL","Without Sequence","123.90","",""
"17/01/2025 00:00:00 - 17/01/2025 01:00:00","BZN|NL","Without Sequence","100.00","",""
"17/01/2025 01:00:00 - 17/01/2025 02:00:00","BZN|NL","Without Sequence","110.00","",""
"17/01/2025 02:00:00 - 17/01/2025 03:00:00","BZN|NL","Without Sequence","106.35","",""
"17/01/2025 03:00:00 - 17/01/2025 04:00:00","BZN|NL","Without Sequence","105.90","",""
"17/01/2025 04:00:00 - 17/01/2025 05:00:00","BZN|NL","Without Sequence","106.06","",""
"17/01/2025 05:00:00 - 17/01/2025 06:00:00","BZN|NL","Without Sequence","112.00","",""
"17/01/2025 06:00:00 - 17/01/2025 07:00:00","BZN|NL","Without Sequence","140.80","",""
"17/01/2025 07:00:00 - 17/01/2025 08:00:00","BZN|NL","Without Sequence","175.01","",""
"17/01/2025 08:00:00 - 17/01/2025 09:00:00","BZN|NL","Without Sequence","208.13","",""
"17/01/2025 09:00:00 - 17/01/2025 10:00:00","BZN|NL","Without Sequence","175.34","",""
"17/01/2025 10:00:00 - 17/01/2025 11:00:00","BZN|NL","Without Sequence","156.83","",""
"17/01/2025 11:00:00 - 17/01/2025 12:00:00","BZN|NL","Without Sequence","140.10","",""
"17/01/2025 12:00:00 - 17/01/2025 13:00:00","BZN|NL","Without Sequence","126.44","",""
"17/01/2025 13:00:00 - 17/01/2025 14:00:00","BZN|NL","Without Sequence","124.03","",""
"17/01/2025 14:00:00 - 17/01/2025 15:00:00","BZN|NL","Without Sequence","131.20","",""
"17/01/2025 15:00:00 - 17/01/2025 16:00:00","BZN|NL","Without Sequence","147.69","",""
"17/01/2025 16:00:00 - 17/01/2025 17:00:00","BZN|NL","Without Sequence","165.02","",""
"17/01/2025 17:00:00 - 17/01/2025 18:00:00","BZN|NL","Without Sequence","177.75","",""
"17/01/2025 18:00:00 - 17/01/2025 19:00:00","BZN|NL","Without Sequence","179.92","",""
"17/01/2025 19:00:00 - 17/01/2025 20:00:00","BZN|NL","Without Sequence","174.22","",""
"17/01/2025 20:00:00 - 17/01/2025 21:00:00","BZN|NL","Without Sequence","157.91","",""
"17/01/2025 21:00:00 - 17/01/2025 22:00:00","BZN|NL","Without Sequence","145.00","",""
"17/01/2025 22:00:00 - 17/01/2025 23:00:00","BZN|NL","Without Sequence","139.97","",""
"17/01/2025 23:00:00 - 18/01/2025 00:00:00","BZN|NL","Without Sequence","126.89","",""
"18/01/2025 00:00:00 - 18/01/2025 01:00:00","BZN|NL","Without Sequence","125.34","",""
"18/01/2025 01:00:00 - 18/01/2025 02:00:00","BZN|NL","Without Sequence","121.06","",""
"18/01/2025 02:00:00 - 18/01/2025 03:00:00","BZN|NL","Without Sequence","121.00","",""
"18/01/2025 03:00:00 - 18/01/2025 04:00:00","BZN|NL","Without Sequence","118.85","",""
"18/01/2025 04:00:00 - 18/01/2025 05:00:00","BZN|NL","Without Sequence","116.49","",""
"18/01/2025 05:00:00 - 18/01/2025 06:00:00","BZN|NL","Without Sequence","119.78","",""
"18/01/2025 06:00:00 - 18/01/2025 07:00:00","BZN|NL","Without Sequence","119.81","",""
"18/01/2025 07:00:00 - 18/01/2025 08:00:00","BZN|NL","Without Sequence","133.49","",""
"18/01/2025 08:00:00 - 18/01/2025 09:00:00","BZN|NL","Without Sequence","145.65","",""
"18/01/2025 09:00:00 - 18/01/2025 10:00:00","BZN|NL","Without Sequence","144.10","",""
"18/01/2025 10:00:00 - 18/01/2025 11:00:00","BZN|NL","Without Sequence","131.37","",""
"18/01/2025 11:00:00 - 18/01/2025 12:00:00","BZN|NL","Without Sequence","121.57","",""
"18/01/2025 12:00:00 - 18/01/2025 13:00:00","BZN|NL","Without Sequence","118.87","",""
"18/01/2025 13:00:00 - 18/01/2025 14:00:00","BZN|NL","Without Sequence","115.01","",""
"18/01/2025 14:00:00 - 18/01/2025 15:00:00","BZN|NL","Without Sequence","119.03","",""
"18/01/2025 15:00:00 - 18/01/2025 16:00:00","BZN|NL","Without Sequence","130.56","",""
"18/01/2025 16:00:00 - 18/01/2025 17:00:00","BZN|NL","Without Sequence","145.50","",""
"18/01/2025 17:00:00 - 18/01/2025 18:00:00","BZN|NL","Without Sequence","161.91","",""
"18/01/2025 18:00:00 - 18/01/2025 19:00:00","BZN|NL","Without Sequence","167.57","",""
"18/01/2025 19:00:00 - 18/01/2025 20:00:00","BZN|NL","Without Sequence","167.85","",""
"18/01/2025 20:00:00 - 18/01/2025 21:00:00","BZN|NL","Without Sequence","156.12","",""
"18/01/2025 21:00:00 - 18/01/2025 22:00:00","BZN|NL","Without Sequence","143.42","",""
"18/01/2025 22:00:00 - 18/01/2025 23:00:00","BZN|NL","Without Sequence","136.40","",""
"18/01/2025 23:00:00 - 19/01/2025 00:00:00","BZN|NL","Without Sequence","129.36","",""
"19/01/2025 00:00:00 - 19/01/2025 01:00:00","BZN|NL","Without Sequence","129.75","",""
"19/01/2025 01:00:00 - 19/01/2025 02:00:00","BZN|NL","Without Sequence","124.26","",""
"19/01/2025 02:00:00 - 19/01/2025 03:00:00","BZN|NL","Without Sequence","123.10","",""
"19/01/2025 03:00:00 - 19/01/2025 04:00:00","BZN|NL","Without Sequence","121.24","",""
"19/01/2025 04:00:00 - 19/01/2025 05:00:00","BZN|NL","Without Sequence","120.18","",""
"19/01/2025 05:00:00 - 19/01/2025 06:00:00","BZN|NL","Without Sequence","120.00","",""
"19/01/2025 06:00:00 - 19/01/2025 07:00:00","BZN|NL","Without Sequence","121.58","",""
"19/01/2025 07:00:00 - 19/01/2025 08:00:00","BZN|NL","Without Sequence","123.37","",""
"19/01/2025 08:00:00 - 19/01/2025 09:00:00","BZN|NL","Without Sequence","123.60","",""
"19/01/2025 09:00:00 - 19/01/2025 10:00:00","BZN|NL","Without Sequence","125.21","",""
"19/01/2025 10:00:00 - 19/01/2025 11:00:00","BZN|NL","Without Sequence","125.27","",""
"19/01/2025 11:00:00 - 19/01/2025 12:00:00","BZN|NL","Without Sequence","121.56","",""
"19/01/2025 12:00:00 - 19/01/2025 13:00:00","BZN|NL","Without Sequence","112.25","",""
"19/01/2025 13:00:00 - 19/01/2025 14:00:00","BZN|NL","Without Sequence","107.51","",""
"19/01/2025 14:00:00 - 19/01/2025 15:00:00","BZN|NL","Without Sequence","116.81","",""
"19/01/2025 15:00:00 - 19/01/2025 16:00:00","BZN|NL","Without Sequence","124.36","",""
"19/01/2025 16:00:00 - 19/01/2025 17:00:00","BZN|NL","Without Sequence","137.57","",""
"19/01/2025 17:00:00 - 19/01/2025 18:00:00","BZN|NL","Without Sequence","148.81","",""
"19/01/2025 18:00:00 - 19/01/2025 19:00:00","BZN|NL","Without Sequence","159.19","",""
"19/01/2025 19:00:00 - 19/01/2025 20:00:00","BZN|NL","Without Sequence","156.79","",""
"19/01/2025 20:00:00 - 19/01/2025 21:00:00","BZN|NL","Without Sequence","149.31","",""
"19/01/2025 21:00:00 - 19/01/2025 22:00:00","BZN|NL","Without Sequence","139.52","",""
"19/01/2025 22:00:00 - 19/01/2025 23:00:00","BZN|NL","Without Sequence","131.14","",""
"19/01/2025 23:00:00 - 20/01/2025 00:00:00","BZN|NL","Without Sequence","122.99","",""
"20/01/2025 00:00:00 - 20/01/2025 01:00:00","BZN|NL","Without Sequence","122.27","",""
"20/01/2025 01:00:00 - 20/01/2025 02:00:00","BZN|NL","Without Sequence","119.45","",""
"20/01/2025 02:00:00 - 20/01/2025 03:00:00","BZN|NL","Without Sequence","116.56","",""
"20/01/2025 03:00:00 - 20/01/2025 04:00:00","BZN|NL","Without Sequence","114.41","",""
"20/01/2025 04:00:00 - 20/01/2025 05:00:00","BZN|NL","Without Sequence","115.45","",""
"20/01/2025 05:00:00 - 20/01/2025 06:00:00","BZN|NL","Without Sequence","125.82","",""
"20/01/2025 06:00:00 - 20/01/2025 07:00:00","BZN|NL","Without Sequence","157.70","",""
"20/01/2025 07:00:00 - 20/01/2025 08:00:00","BZN|NL","Without Sequence","260.24","",""
"20/01/2025 08:00:00 - 20/01/2025 09:00:00","BZN|NL","Without Sequence","404.11","",""
"20/01/2025 09:00:00 - 20/01/2025 10:00:00","BZN|NL","Without Sequence","291.18","",""
"20/01/2025 10:00:00 - 20/01/2025 11:00:00","BZN|NL","Without Sequence","236.29","",""
"20/01/2025 11:00:00 - 20/01/2025 12:00:00","BZN|NL","Without Sequence","187.69","",""
"20/01/2025 12:00:00 - 20/01/2025 13:00:00","BZN|NL","Without Sequence","176.13","",""
"20/01/2025 13:00:00 - 20/01/2025 14:00:00","BZN|NL","Without Sequence","171.39","",""
"20/01/2025 14:00:00 - 20/01/2025 15:00:00","BZN|NL","Without Sequence","190.30","",""
"20/01/2025 15:00:00 - 20/01/2025 16:00:00","BZN|NL","Without Sequence","262.81","",""
"20/01/2025 16:00:00 - 20/01/2025 17:00:00","BZN|NL","Without Sequence","370.28","",""
"20/01/2025 17:00:00 - 20/01/2025 18:00:00","BZN|NL","Without Sequence","523.47","",""
"20/01/2025 18:00:00 - 20/01/2025 19:00:00","BZN|NL","Without Sequence","473.28","",""
"20/01/2025 19:00:00 - 20/01/2025 20:00:00","BZN|NL","Without Sequence","295.57","",""
"20/01/2025 20:00:00 - 20/01/2025 21:00:00","BZN|NL","Without Sequence","220.00","",""
"20/01/2025 21:00:00 - 20/01/2025 22:00:00","BZN|NL","Without Sequence","170.00","",""
"20/01/2025 22:00:00 - 20/01/2025 23:00:00","BZN|NL","Without Sequence","152.74","",""
"20/01/2025 23:00:00 - 21/01/2025 00:00:00","BZN|NL","Without Sequence","137.74","",""
"21/01/2025 00:00:00 - 21/01/2025 01:00:00","BZN|NL","Without Sequence","113.00","",""
"21/01/2025 01:00:00 - 21/01/2025 02:00:00","BZN|NL","Without Sequence","106.76","",""
"21/01/2025 02:00:00 - 21/01/2025 03:00:00","BZN|NL","Without Sequence","103.80","",""
"21/01/2025 03:00:00 - 21/01/2025 04:00:00","BZN|NL","Without Sequence","109.68","",""
"21/01/2025 04:00:00 - 21/01/2025 05:00:00","BZN|NL","Without Sequence","113.00","",""
"21/01/2025 05:00:00 - 21/01/2025 06:00:00","BZN|NL","Without Sequence","120.73","",""
"21/01/2025 06:00:00 - 21/01/2025 07:00:00","BZN|NL","Without Sequence","141.78","",""
"21/01/2025 07:00:00 - 21/01/2025 08:00:00","BZN|NL","Without Sequence","166.90","",""
"21/01/2025 08:00:00 - 21/01/2025 09:00:00","BZN|NL","Without Sequence","248.32","",""
"21/01/2025 09:00:00 - 21/01/2025 10:00:00","BZN|NL","Without Sequence","212.00","",""
"21/01/2025 10:00:00 - 21/01/2025 11:00:00","BZN|NL","Without Sequence","198.05","",""
"21/01/2025 11:00:00 - 21/01/2025 12:00:00","BZN|NL","Without Sequence","162.00","",""
"21/01/2025 12:00:00 - 21/01/2025 13:00:00","BZN|NL","Without Sequence","148.37","",""
"21/01/2025 13:00:00 - 21/01/2025 14:00:00","BZN|NL","Without Sequence","143.54","",""
"21/01/2025 14:00:00 - 21/01/2025 15:00:00","BZN|NL","Without Sequence","150.48","",""
"21/01/2025 15:00:00 - 21/01/2025 16:00:00","BZN|NL","Without Sequence","171.01","",""
"21/01/2025 16:00:00 - 21/01/2025 17:00:00","BZN|NL","Without Sequence","202.77","",""
"21/01/2025 17:00:00 - 21/01/2025 18:00:00","BZN|NL","Without Sequence","282.52","",""
"21/01/2025 18:00:00 - 21/01/2025 19:00:00","BZN|NL","Without Sequence","243.96","",""
"21/01/2025 19:00:00 - 21/01/2025 20:00:00","BZN|NL","Without Sequence","199.94","",""
"21/01/2025 20:00:00 - 21/01/2025 21:00:00","BZN|NL","Without Sequence","172.16","",""
"21/01/2025 21:00:00 - 21/01/2025 22:00:00","BZN|NL","Without Sequence","153.72","",""
"21/01/2025 22:00:00 - 21/01/2025 23:00:00","BZN|NL","Without Sequence","138.31","",""
"21/01/2025 23:00:00 - 22/01/2025 00:00:00","BZN|NL","Without Sequence","125.40","",""
"22/01/2025 00:00:00 - 22/01/2025 01:00:00","BZN|NL","Without Sequence","127.30","",""
"22/01/2025 01:00:00 - 22/01/2025 02:00:00","BZN|NL","Without Sequence","123.69","",""
"22/01/2025 02:00:00 - 22/01/2025 03:00:00","BZN|NL","Without Sequence","117.43","",""
"22/01/2025 03:00:00 - 22/01/2025 04:00:00","BZN|NL","Without Sequence","114.12","",""
"22/01/2025 04:00:00 - 22/01/2025 05:00:00","BZN|NL","Without Sequence","114.62","",""
"22/01/2025 05:00:00 - 22/01/2025 06:00:00","BZN|NL","Without Sequence","125.03","",""
"22/01/2025 06:00:00 - 22/01/2025 07:00:00","BZN|NL","Without Sequence","145.00","",""
"22/01/2025 07:00:00 - 22/01/2025 08:00:00","BZN|NL","Without Sequence","195.47","",""
"22/01/2025 08:00:00 - 22/01/2025 09:00:00","BZN|NL","Without Sequence","231.36","",""
"22/01/2025 09:00:00 - 22/01/2025 10:00:00","BZN|NL","Without Sequence","199.41","",""
"22/01/2025 10:00:00 - 22/01/2025 11:00:00","BZN|NL","Without Sequence","179.06","",""
"22/01/2025 11:00:00 - 22/01/2025 12:00:00","BZN|NL","Without Sequence","172.94","",""
"22/01/2025 12:00:00 - 22/01/2025 13:00:00","BZN|NL","Without Sequence","165.00","",""
"22/01/2025 13:00:00 - 22/01/2025 14:00:00","BZN|NL","Without Sequence","170.00","",""
"22/01/2025 14:00:00 - 22/01/2025 15:00:00","BZN|NL","Without Sequence","179.40","",""
"22/01/2025 15:00:00 - 22/01/2025 16:00:00","BZN|NL","Without Sequence","193.68","",""
"22/01/2025 16:00:00 - 22/01/2025 17:00:00","BZN|NL","Without Sequence","193.01","",""
"22/01/2025 17:00:00 - 22/01/2025 18:00:00","BZN|NL","Without Sequence","197.66","",""
"22/01/2025 18:00:00 - 22/01/2025 19:00:00","BZN|NL","Without Sequence","176.52","",""
"22/01/2025 19:00:00 - 22/01/2025 20:00:00","BZN|NL","Without Sequence","167.40","",""
"22/01/2025 20:00:00 - 22/01/2025 21:00:00","BZN|NL","Without Sequence","135.82","",""
"22/01/2025 21:00:00 - 22/01/2025 22:00:00","BZN|NL","Without Sequence","127.91","",""
"22/01/2025 22:00:00 - 22/01/2025 23:00:00","BZN|NL","Without Sequence","128.51","",""
"22/01/2025 23:00:00 - 23/01/2025 00:00:00","BZN|NL","Without Sequence","115.06","",""
"23/01/2025 00:00:00 - 23/01/2025 01:00:00","BZN|NL","Without Sequence","113.92","",""
"23/01/2025 01:00:00 - 23/01/2025 02:00:00","BZN|NL","Without Sequence","109.10","",""
"23/01/2025 02:00:00 - 23/01/2025 03:00:00","BZN|NL","Without Sequence","105.62","",""
"23/01/2025 03:00:00 - 23/01/2025 04:00:00","BZN|NL","Without Sequence","100.08","",""
"23/01/2025 04:00:00 - 23/01/2025 05:00:00","BZN|NL","Without Sequence","97.77","",""
"23/01/2025 05:00:00 - 23/01/2025 06:00:00","BZN|NL","Without Sequence","100.43","",""
"23/01/2025 06:00:00 - 23/01/2025 07:00:00","BZN|NL","Without Sequence","108.56","",""
"23/01/2025 07:00:00 - 23/01/2025 08:00:00","BZN|NL","Without Sequence","138.14","",""
"23/01/2025 08:00:00 - 23/01/2025 09:00:00","BZN|NL","Without Sequence","159.35","",""
"23/01/2025 09:00:00 - 23/01/2025 10:00:00","BZN|NL","Without Sequence","155.93","",""
"23/01/2025 10:00:00 - 23/01/2025 11:00:00","BZN|NL","Without Sequence","128.00","",""
"23/01/2025 11:00:00 - 23/01/2025 12:00:00","BZN|NL","Without Sequence","111.42","",""
"23/01/2025 12:00:00 - 23/01/2025 13:00:00","BZN|NL","Without Sequence","91.40","",""
"23/01/2025 13:00:00 - 23/01/2025 14:00:00","BZN|NL","Without Sequence","88.32","",""
"23/01/2025 14:00:00 - 23/01/2025 15:00:00","BZN|NL","Without Sequence","85.86","",""
"23/01/2025 15:00:00 - 23/01/2025 16:00:00","BZN|NL","Without Sequence","92.77","",""
"23/01/2025 16:00:00 - 23/01/2025 17:00:00","BZN|NL","Without Sequence","92.55","",""
"23/01/2025 17:00:00 - 23/01/2025 18:00:00","BZN|NL","Without Sequence","109.00","",""
"23/01/2025 18:00:00 - 23/01/2025 19:00:00","BZN|NL","Without Sequence","112.00","",""
"23/01/2025 19:00:00 - 23/01/2025 20:00:00","BZN|NL","Without Sequence","99.90","",""
"23/01/2025 20:00:00 - 23/01/2025 21:00:00","BZN|NL","Without Sequence","89.50","",""
"23/01/2025 21:00:00 - 23/01/2025 22:00:00","BZN|NL","Without Sequence","77.23","",""
"23/01/2025 22:00:00 - 23/01/2025 23:00:00","BZN|NL","Without Sequence","78.49","",""
"23/01/2025 23:00:00 - 24/01/2025 00:00:00","BZN|NL","Without Sequence","60.09","",""
"24/01/2025 00:00:00 - 24/01/2025 01:00:00","BZN|NL","Without Sequence","70.33","",""
"24/01/2025 01:00:00 - 24/01/2025 02:00:00","BZN|NL","Without Sequence","58.53","",""
"24/01/2025 02:00:00 - 24/01/2025 03:00:00","BZN|NL","Without Sequence","44.24","",""
"24/01/2025 03:00:00 - 24/01/2025 04:00:00","BZN|NL","Without Sequence","39.58","",""
"24/01/2025 04:00:00 - 24/01/2025 05:00:00","BZN|NL","Without Sequence","43.81","",""
"24/01/2025 05:00:00 - 24/01/2025 06:00:00","BZN|NL","Without Sequence","66.66","",""
"24/01/2025 06:00:00 - 24/01/2025 07:00:00","BZN|NL","Without Sequence","81.40","",""
"24/01/2025 07:00:00 - 24/01/2025 08:00:00","BZN|NL","Without Sequence","109.02","",""
"24/01/2025 08:00:00 - 24/01/2025 09:00:00","BZN|NL","Without Sequence","115.24","",""
"24/01/2025 09:00:00 - 24/01/2025 10:00:00","BZN|NL","Without Sequence","96.93","",""
"24/01/2025 10:00:00 - 24/01/2025 11:00:00","BZN|NL","Without Sequence","90.00","",""
"24/01/2025 11:00:00 - 24/01/2025 12:00:00","BZN|NL","Without Sequence","79.16","",""
"24/01/2025 12:00:00 - 24/01/2025 13:00:00","BZN|NL","Without Sequence","77.24","",""
"24/01/2025 13:00:00 - 24/01/2025 14:00:00","BZN|NL","Without Sequence","75.27","",""
"24/01/2025 14:00:00 - 24/01/2025 15:00:00","BZN|NL","Without Sequence","74.88","",""
"24/01/2025 15:00:00 - 24/01/2025 16:00:00","BZN|NL","Without Sequence","78.80","",""
"24/01/2025 16:00:00 - 24/01/2025 17:00:00","BZN|NL","Without Sequence","79.90","",""
"24/01/2025 17:00:00 - 24/01/2025 18:00:00","BZN|NL","Without Sequence","90.17","",""
"24/01/2025 18:00:00 - 24/01/2025 19:00:00","BZN|NL","Without Sequence","91.97","",""
"24/01/2025 19:00:00 - 24/01/2025 20:00:00","BZN|NL","Without Sequence","93.27","",""
"24/01/2025 20:00:00 - 24/01/2025 21:00:00","BZN|NL","Without Sequence","86.74","",""
"24/01/2025 21:00:00 - 24/01/2025 22:00:00","BZN|NL","Without Sequence","82.30","",""
"24/01/2025 22:00:00 - 24/01/2025 23:00:00","BZN|NL","Without Sequence","92.93","",""
"24/01/2025 23:00:00 - 25/01/2025 00:00:00","BZN|NL","Without Sequence","87.04","",""
"25/01/2025 00:00:00 - 25/01/2025 01:00:00","BZN|NL","Without Sequence","57.36","",""
"25/01/2025 01:00:00 - 25/01/2025 02:00:00","BZN|NL","Without Sequence","77.87","",""
"25/01/2025 02:00:00 - 25/01/2025 03:00:00","BZN|NL","Without Sequence","92.00","",""
"25/01/2025 03:00:00 - 25/01/2025 04:00:00","BZN|NL","Without Sequence","105.19","",""
"25/01/2025 04:00:00 - 25/01/2025 05:00:00","BZN|NL","Without Sequence","66.81","",""
"25/01/2025 05:00:00 - 25/01/2025 06:00:00","BZN|NL","Without Sequence","67.06","",""
"25/01/2025 06:00:00 - 25/01/2025 07:00:00","BZN|NL","Without Sequence","70.62","",""
"25/01/2025 07:00:00 - 25/01/2025 08:00:00","BZN|NL","Without Sequence","72.06","",""
"25/01/2025 08:00:00 - 25/01/2025 09:00:00","BZN|NL","Without Sequence","85.02","",""
"25/01/2025 09:00:00 - 25/01/2025 10:00:00","BZN|NL","Without Sequence","85.55","",""
"25/01/2025 10:00:00 - 25/01/2025 11:00:00","BZN|NL","Without Sequence","83.36","",""
"25/01/2025 11:00:00 - 25/01/2025 12:00:00","BZN|NL","Without Sequence","87.73","",""
"25/01/2025 12:00:00 - 25/01/2025 13:00:00","BZN|NL","Without Sequence","81.82","",""
"25/01/2025 13:00:00 - 25/01/2025 14:00:00","BZN|NL","Without Sequence","81.98","",""
"25/01/2025 14:00:00 - 25/01/2025 15:00:00","BZN|NL","Without Sequence","85.09","",""
"25/01/2025 15:00:00 - 25/01/2025 16:00:00","BZN|NL","Without Sequence","103.54","",""
"25/01/2025 16:00:00 - 25/01/2025 17:00:00","BZN|NL","Without Sequence","124.11","",""
"25/01/2025 17:00:00 - 25/01/2025 18:00:00","BZN|NL","Without Sequence","138.60","",""
"25/01/2025 18:00:00 - 25/01/2025 19:00:00","BZN|NL","Without Sequence","147.10","",""
"25/01/2025 19:00:00 - 25/01/2025 20:00:00","BZN|NL","Without Sequence","144.35","",""
"25/01/2025 20:00:00 - 25/01/2025 21:00:00","BZN|NL","Without Sequence","130.75","",""
"25/01/2025 21:00:00 - 25/01/2025 22:00:00","BZN|NL","Without Sequence","126.75","",""
"25/01/2025 22:00:00 - 25/01/2025 23:00:00","BZN|NL","Without Sequence","124.50","",""
"25/01/2025 23:00:00 - 26/01/2025 00:00:00","BZN|NL","Without Sequence","114.99","",""
"26/01/2025 00:00:00 - 26/01/2025 01:00:00","BZN|NL","Without Sequence","116.40","",""
"26/01/2025 01:00:00 - 26/01/2025 02:00:00","BZN|NL","Without Sequence","107.47","",""
"26/01/2025 02:00:00 - 26/01/2025 03:00:00","BZN|NL","Without Sequence","98.13","",""
"26/01/2025 03:00:00 - 26/01/2025 04:00:00","BZN|NL","Without Sequence","97.07","",""
"26/01/2025 04:00:00 - 26/01/2025 05:00:00","BZN|NL","Without Sequence","91.71","",""
"26/01/2025 05:00:00 - 26/01/2025 06:00:00","BZN|NL","Without Sequence","94.96","",""
"26/01/2025 06:00:00 - 26/01/2025 07:00:00","BZN|NL","Without Sequence","99.43","",""
"26/01/2025 07:00:00 - 26/01/2025 08:00:00","BZN|NL","Without Sequence","105.82","",""
"26/01/2025 08:00:00 - 26/01/2025 09:00:00","BZN|NL","Without Sequence","108.36","",""
"26/01/2025 09:00:00 - 26/01/2025 10:00:00","BZN|NL","Without Sequence","106.20","",""
"26/01/2025 10:00:00 - 26/01/2025 11:00:00","BZN|NL","Without Sequence","92.44","",""
"26/01/2025 11:00:00 - 26/01/2025 12:00:00","BZN|NL","Without Sequence","98.76","",""
"26/01/2025 12:00:00 - 26/01/2025 13:00:00","BZN|NL","Without Sequence","94.82","",""
"26/01/2025 13:00:00 - 26/01/2025 14:00:00","BZN|NL","Without Sequence","80.00","",""
"26/01/2025 14:00:00 - 26/01/2025 15:00:00","BZN|NL","Without Sequence","80.10","",""
"26/01/2025 15:00:00 - 26/01/2025 16:00:00","BZN|NL","Without Sequence","95.96","",""
"26/01/2025 16:00:00 - 26/01/2025 17:00:00","BZN|NL","Without Sequence","107.68","",""
"26/01/2025 17:00:00 - 26/01/2025 18:00:00","BZN|NL","Without Sequence","115.49","",""
"26/01/2025 18:00:00 - 26/01/2025 19:00:00","BZN|NL","Without Sequence","108.02","",""
"26/01/2025 19:00:00 - 26/01/2025 20:00:00","BZN|NL","Without Sequence","81.38","",""
"26/01/2025 20:00:00 - 26/01/2025 21:00:00","BZN|NL","Without Sequence","70.64","",""
"26/01/2025 21:00:00 - 26/01/2025 22:00:00","BZN|NL","Without Sequence","60.75","",""
"26/01/2025 22:00:00 - 26/01/2025 23:00:00","BZN|NL","Without Sequence","44.34","",""
"26/01/2025 23:00:00 - 27/01/2025 00:00:00","BZN|NL","Without Sequence","22.84","",""
"27/01/2025 00:00:00 - 27/01/2025 01:00:00","BZN|NL","Without Sequence","36.10","",""
"27/01/2025 01:00:00 - 27/01/2025 02:00:00","BZN|NL","Without Sequence","30.35","",""
"27/01/2025 02:00:00 - 27/01/2025 03:00:00","BZN|NL","Without Sequence","15.77","",""
"27/01/2025 03:00:00 - 27/01/2025 04:00:00","BZN|NL","Without Sequence","12.38","",""
"27/01/2025 04:00:00 - 27/01/2025 05:00:00","BZN|NL","Without Sequence","9.10","",""
"27/01/2025 05:00:00 - 27/01/2025 06:00:00","BZN|NL","Without Sequence","19.40","",""
"27/01/2025 06:00:00 - 27/01/2025 07:00:00","BZN|NL","Without Sequence","34.27","",""
"27/01/2025 07:00:00 - 27/01/2025 08:00:00","BZN|NL","Without Sequence","54.91","",""
"27/01/2025 08:00:00 - 27/01/2025 09:00:00","BZN|NL","Without Sequence","68.00","",""
"27/01/2025 09:00:00 - 27/01/2025 10:00:00","BZN|NL","Without Sequence","62.96","",""
"27/01/2025 10:00:00 - 27/01/2025 11:00:00","BZN|NL","Without Sequence","45.00","",""
"27/01/2025 11:00:00 - 27/01/2025 12:00:00","BZN|NL","Without Sequence","38.84","",""
"27/01/2025 12:00:00 - 27/01/2025 13:00:00","BZN|NL","Without Sequence","36.19","",""
"27/01/2025 13:00:00 - 27/01/2025 14:00:00","BZN|NL","Without Sequence","37.61","",""
"27/01/2025 14:00:00 - 27/01/2025 15:00:00","BZN|NL","Without Sequence","44.52","",""
"27/01/2025 15:00:00 - 27/01/2025 16:00:00","BZN|NL","Without Sequence","74.37","",""
"27/01/2025 16:00:00 - 27/01/2025 17:00:00","BZN|NL","Without Sequence","87.72","",""
"27/01/2025 17:00:00 - 27/01/2025 18:00:00","BZN|NL","Without Sequence","107.20","",""
"27/01/2025 18:00:00 - 27/01/2025 19:00:00","BZN|NL","Without Sequence","107.67","",""
"27/01/2025 19:00:00 - 27/01/2025 20:00:00","BZN|NL","Without Sequence","93.30","",""
"27/01/2025 20:00:00 - 27/01/2025 21:00:00","BZN|NL","Without Sequence","85.10","",""
"27/01/2025 21:00:00 - 27/01/2025 22:00:00","BZN|NL","Without Sequence","76.64","",""
"27/01/2025 22:00:00 - 27/01/2025 23:00:00","BZN|NL","Without Sequence","73.45","",""
"27/01/2025 23:00:00 - 28/01/2025 00:00:00","BZN|NL","Without Sequence","60.00","",""
"28/01/2025 00:00:00 - 28/01/2025 01:00:00","BZN|NL","Without Sequence","61.60","",""
"28/01/2025 01:00:00 - 28/01/2025 02:00:00","BZN|NL","Without Sequence","55.73","",""
"28/01/2025 02:00:00 - 28/01/2025 03:00:00","BZN|NL","Without Sequence","42.95","",""
"28/01/2025 03:00:00 - 28/01/2025 04:00:00","BZN|NL","Without Sequence","51.38","",""
"28/01/2025 04:00:00 - 28/01/2025 05:00:00","BZN|NL","Without Sequence","57.77","",""
"28/01/2025 05:00:00 - 28/01/2025 06:00:00","BZN|NL","Without Sequence","57.07","",""
"28/01/2025 06:00:00 - 28/01/2025 07:00:00","BZN|NL","Without Sequence","77.82","",""
"28/01/2025 07:00:00 - 28/01/2025 08:00:00","BZN|NL","Without Sequence","103.55","",""
"28/01/2025 08:00:00 - 28/01/2025 09:00:00","BZN|NL","Without Sequence","127.60","",""
"28/01/2025 09:00:00 - 28/01/2025 10:00:00","BZN|NL","Without Sequence","117.47","",""
"28/01/2025 10:00:00 - 28/01/2025 11:00:00","BZN|NL","Without Sequence","100.20","",""
"28/01/2025 11:00:00 - 28/01/2025 12:00:00","BZN|NL","Without Sequence","98.04","",""
"28/01/2025 12:00:00 - 28/01/2025 13:00:00","BZN|NL","Without Sequence","99.62","",""
"28/01/2025 13:00:00 - 28/01/2025 14:00:00","BZN|NL","Without Sequence","98.31","",""
"28/01/2025 14:00:00 - 28/01/2025 15:00:00","BZN|NL","Without Sequence","101.22","",""
"28/01/2025 15:00:00 - 28/01/2025 16:00:00","BZN|NL","Without Sequence","113.93","",""
"28/01/2025 16:00:00 - 28/01/2025 17:00:00","BZN|NL","Without Sequence","122.46","",""
"28/01/2025 17:00:00 - 28/01/2025 18:00:00","BZN|NL","Without Sequence","125.00","",""
"28/01/2025 18:00:00 - 28/01/2025 19:00:00","BZN|NL","Without Sequence","120.50","",""
"28/01/2025 19:00:00 - 28/01/2025 20:00:00","BZN|NL","Without Sequence","117.34","",""
"28/01/2025 20:00:00 - 28/01/2025 21:00:00","BZN|NL","Without Sequence","87.84","",""
"28/01/2025 21:00:00 - 28/01/2025 22:00:00","BZN|NL","Without Sequence","78.31","",""
"28/01/2025 22:00:00 - 28/01/2025 23:00:00","BZN|NL","Without Sequence","69.00","",""
"28/01/2025 23:00:00 - 29/01/2025 00:00:00","BZN|NL","Without Sequence","55.50","",""
"29/01/2025 00:00:00 - 29/01/2025 01:00:00","BZN|NL","Without Sequence","75.79","",""
"29/01/2025 01:00:00 - 29/01/2025 02:00:00","BZN|NL","Without Sequence","71.91","",""
"29/01/2025 02:00:00 - 29/01/2025 03:00:00","BZN|NL","Without Sequence","65.74","",""
"29/01/2025 03:00:00 - 29/01/2025 04:00:00","BZN|NL","Without Sequence","59.94","",""
"29/01/2025 04:00:00 - 29/01/2025 05:00:00","BZN|NL","Without Sequence","64.01","",""
"29/01/2025 05:00:00 - 29/01/2025 06:00:00","BZN|NL","Without Sequence","70.23","",""
"29/01/2025 06:00:00 - 29/01/2025 07:00:00","BZN|NL","Without Sequence","81.16","",""
"29/01/2025 07:00:00 - 29/01/2025 08:00:00","BZN|NL","Without Sequence","126.95","",""
"29/01/2025 08:00:00 - 29/01/2025 09:00:00","BZN|NL","Without Sequence","136.20","",""
"29/01/2025 09:00:00 - 29/01/2025 10:00:00","BZN|NL","Without Sequence","130.45","",""
"29/01/2025 10:00:00 - 29/01/2025 11:00:00","BZN|NL","Without Sequence","105.05","",""
"29/01/2025 11:00:00 - 29/01/2025 12:00:00","BZN|NL","Without Sequence","89.25","",""
"29/01/2025 12:00:00 - 29/01/2025 13:00:00","BZN|NL","Without Sequence","85.00","",""
"29/01/2025 13:00:00 - 29/01/2025 14:00:00","BZN|NL","Without Sequence","85.53","",""
"29/01/2025 14:00:00 - 29/01/2025 15:00:00","BZN|NL","Without Sequence","87.67","",""
"29/01/2025 15:00:00 - 29/01/2025 16:00:00","BZN|NL","Without Sequence","102.75","",""
"29/01/2025 16:00:00 - 29/01/2025 17:00:00","BZN|NL","Without Sequence","132.72","",""
"29/01/2025 17:00:00 - 29/01/2025 18:00:00","BZN|NL","Without Sequence","149.57","",""
"29/01/2025 18:00:00 - 29/01/2025 19:00:00","BZN|NL","Without Sequence","165.00","",""
"29/01/2025 19:00:00 - 29/01/2025 20:00:00","BZN|NL","Without Sequence","148.60","",""
"29/01/2025 20:00:00 - 29/01/2025 21:00:00","BZN|NL","Without Sequence","135.30","",""
"29/01/2025 21:00:00 - 29/01/2025 22:00:00","BZN|NL","Without Sequence","122.10","",""
"29/01/2025 22:00:00 - 29/01/2025 23:00:00","BZN|NL","Without Sequence","122.35","",""
"29/01/2025 23:00:00 - 30/01/2025 00:00:00","BZN|NL","Without Sequence","100.10","",""
"30/01/2025 00:00:00 - 30/01/2025 01:00:00","BZN|NL","Without Sequence","131.34","",""
"30/01/2025 01:00:00 - 30/01/2025 02:00:00","BZN|NL","Without Sequence","125.79","",""
"30/01/2025 02:00:00 - 30/01/2025 03:00:00","BZN|NL","Without Sequence","111.90","",""
"30/01/2025 03:00:00 - 30/01/2025 04:00:00","BZN|NL","Without Sequence","104.48","",""
"30/01/2025 04:00:00 - 30/01/2025 05:00:00","BZN|NL","Without Sequence","100.00","",""
"30/01/2025 05:00:00 - 30/01/2025 06:00:00","BZN|NL","Without Sequence","101.09","",""
"30/01/2025 06:00:00 - 30/01/2025 07:00:00","BZN|NL","Without Sequence","131.36","",""
"30/01/2025 07:00:00 - 30/01/2025 08:00:00","BZN|NL","Without Sequence","149.65","",""
"30/01/2025 08:00:00 - 30/01/2025 09:00:00","BZN|NL","Without Sequence","160.30","",""
"30/01/2025 09:00:00 - 30/01/2025 10:00:00","BZN|NL","Without Sequence","151.49","",""
"30/01/2025 10:00:00 - 30/01/2025 11:00:00","BZN|NL","Without Sequence","134.90","",""
"30/01/2025 11:00:00 - 30/01/2025 12:00:00","BZN|NL","Without Sequence","123.25","",""
"30/01/2025 12:00:00 - 30/01/2025 13:00:00","BZN|NL","Without Sequence","115.74","",""
"30/01/2025 13:00:00 - 30/01/2025 14:00:00","BZN|NL","Without Sequence","113.30","",""
"30/01/2025 14:00:00 - 30/01/2025 15:00:00","BZN|NL","Without Sequence","125.74","",""
"30/01/2025 15:00:00 - 30/01/2025 16:00:00","BZN|NL","Without Sequence","142.67","",""
"30/01/2025 16:00:00 - 30/01/2025 17:00:00","BZN|NL","Without Sequence","151.05","",""
"30/01/2025 17:00:00 - 30/01/2025 18:00:00","BZN|NL","Without Sequence","178.09","",""
"30/01/2025 18:00:00 - 30/01/2025 19:00:00","BZN|NL","Without Sequence","179.93","",""
"30/01/2025 19:00:00 - 30/01/2025 20:00:00","BZN|NL","Without Sequence","161.24","",""
"30/01/2025 20:00:00 - 30/01/2025 21:00:00","BZN|NL","Without Sequence","148.49","",""
"30/01/2025 21:00:00 - 30/01/2025 22:00:00","BZN|NL","Without Sequence","132.59","",""
"30/01/2025 22:00:00 - 30/01/2025 23:00:00","BZN|NL","Without Sequence","125.73","",""
"30/01/2025 23:00:00 - 31/01/2025 00:00:00","BZN|NL","Without Sequence","120.20","",""
"31/01/2025 00:00:00 - 31/01/2025 01:00:00","BZN|NL","Without Sequence","120.00","",""
"31/01/2025 01:00:00 - 31/01/2025 02:00:00","BZN|NL","Without Sequence","116.49","",""
"31/01/2025 02:00:00 - 31/01/2025 03:00:00","BZN|NL","Without Sequence","113.60","",""
"31/01/2025 03:00:00 - 31/01/2025 04:00:00","BZN|NL","Without Sequence","111.06","",""
"31/01/2025 04:00:00 - 31/01/2025 05:00:00","BZN|NL","Without Sequence","113.48","",""
"31/01/2025 05:00:00 - 31/01/2025 06:00:00","BZN|NL","Without Sequence","119.20","",""
"31/01/2025 06:00:00 - 31/01/2025 07:00:00","BZN|NL","Without Sequence","130.00","",""
"31/01/2025 07:00:00 - 31/01/2025 08:00:00","BZN|NL","Without Sequence","155.82","",""
"31/01/2025 08:00:00 - 31/01/2025 09:00:00","BZN|NL","Without Sequence","163.70","",""
"31/01/2025 09:00:00 - 31/01/2025 10:00:00","BZN|NL","Without Sequence","154.82","",""
"31/01/2025 10:00:00 - 31/01/2025 11:00:00","BZN|NL","Without Sequence","130.10","",""
"31/01/2025 11:00:00 - 31/01/2025 12:00:00","BZN|NL","Without Sequence","126.20","",""
"31/01/2025 12:00:00 - 31/01/2025 13:00:00","BZN|NL","Without Sequence","120.06","",""
"31/01/2025 13:00:00 - 31/01/2025 14:00:00","BZN|NL","Without Sequence","121.19","",""
"31/01/2025 14:00:00 - 31/01/2025 15:00:00","BZN|NL","Without Sequence","119.30","",""
"31/01/2025 15:00:00 - 31/01/2025 16:00:00","BZN|NL","Without Sequence","144.11","",""
"31/01/2025 16:00:00 - 31/01/2025 17:00:00","BZN|NL","Without Sequence","160.46","",""
"31/01/2025 17:00:00 - 31/01/2025 18:00:00","BZN|NL","Without Sequence","177.13","",""
"31/01/2025 18:00:00 - 31/01/2025 19:00:00","BZN|NL","Without Sequence","184.48","",""
"31/01/2025 19:00:00 - 31/01/2025 20:00:00","BZN|NL","Without Sequence","178.99","",""
"31/01/2025 20:00:00 - 31/01/2025 21:00:00","BZN|NL","Without Sequence","162.66","",""
"31/01/2025 21:00:00 - 31/01/2025 22:00:00","BZN|NL","Without Sequence","152.70","",""
"31/01/2025 22:00:00 - 31/01/2025 23:00:00","BZN|NL","Without Sequence","144.41","",""
"31/01/2025 23:00:00 - 01/02/2025 00:00:00","BZN|NL","Without Sequence","131.40","",""
"01/02/2025 00:00:00 - 01/02/2025 01:00:00","BZN|NL","Without Sequence","137.00","",""
"01/02/2025 01:00:00 - 01/02/2025 02:00:00","BZN|NL","Without Sequence","129.48","",""
"01/02/2025 02:00:00 - 01/02/2025 03:00:00","BZN|NL","Without Sequence","124.28","",""
"01/02/2025 03:00:00 - 01/02/2025 04:00:00","BZN|NL","Without Sequence","118.72","",""
"01/02/2025 04:00:00 - 01/02/2025 05:00:00","BZN|NL","Without Sequence","116.20","",""
"01/02/2025 05:00:00 - 01/02/2025 06:00:00","BZN|NL","Without Sequence","118.22","",""
"01/02/2025 06:00:00 - 01/02/2025 07:00:00","BZN|NL","Without Sequence","126.61","",""
"01/02/2025 07:00:00 - 01/02/2025 08:00:00","BZN|NL","Without Sequence","144.74","",""
"01/02/2025 08:00:00 - 01/02/2025 09:00:00","BZN|NL","Without Sequence","153.46","",""
"01/02/2025 09:00:00 - 01/02/2025 10:00:00","BZN|NL","Without Sequence","142.44","",""
"01/02/2025 10:00:00 - 01/02/2025 11:00:00","BZN|NL","Without Sequence","128.40","",""
"01/02/2025 11:00:00 - 01/02/2025 12:00:00","BZN|NL","Without Sequence","120.08","",""
"01/02/2025 12:00:00 - 01/02/2025 13:00:00","BZN|NL","Without Sequence","110.29","",""
"01/02/2025 13:00:00 - 01/02/2025 14:00:00","BZN|NL","Without Sequence","103.40","",""
"01/02/2025 14:00:00 - 01/02/2025 15:00:00","BZN|NL","Without Sequence","113.70","",""
"01/02/2025 15:00:00 - 01/02/2025 16:00:00","BZN|NL","Without Sequence","126.73","",""
"01/02/2025 16:00:00 - 01/02/2025 17:00:00","BZN|NL","Without Sequence","149.46","",""
"01/02/2025 17:00:00 - 01/02/2025 18:00:00","BZN|NL","Without Sequence","163.39","",""
"01/02/2025 18:00:00 - 01/02/2025 19:00:00","BZN|NL","Without Sequence","165.77","",""
"01/02/2025 19:00:00 - 01/02/2025 20:00:00","BZN|NL","Without Sequence","162.98","",""
"01/02/2025 20:00:00 - 01/02/2025 21:00:00","BZN|NL","Without Sequence","156.60","",""
"01/02/2025 21:00:00 - 01/02/2025 22:00:00","BZN|NL","Without Sequence","145.24","",""
"01/02/2025 22:00:00 - 01/02/2025 23:00:00","BZN|NL","Without Sequence","141.73","",""
"01/02/2025 23:00:00 - 02/02/2025 00:00:00","BZN|NL","Without Sequence","131.74","",""
"02/02/2025 00:00:00 - 02/02/2025 01:00:00","BZN|NL","Without Sequence","133.26","",""
"02/02/2025 01:00:00 - 02/02/2025 02:00:00","BZN|NL","Without Sequence","126.91","",""
"02/02/2025 02:00:00 - 02/02/2025 03:00:00","BZN|NL","Without Sequence","122.99","",""
"02/02/2025 03:00:00 - 02/02/2025 04:00:00","BZN|NL","Without Sequence","120.66","",""
"02/02/2025 04:00:00 - 02/02/2025 05:00:00","BZN|NL","Without Sequence","122.34","",""
"02/02/2025 05:00:00 - 02/02/2025 06:00:00","BZN|NL","Without Sequence","123.41","",""
"02/02/2025 06:00:00 - 02/02/2025 07:00:00","BZN|NL","Without Sequence","128.09","",""
"02/02/2025 07:00:00 - 02/02/2025 08:00:00","BZN|NL","Without Sequence","135.90","",""
"02/02/2025 08:00:00 - 02/02/2025 09:00:00","BZN|NL","Without Sequence","137.30","",""
"02/02/2025 09:00:00 - 02/02/2025 10:00:00","BZN|NL","Without Sequence","137.70","",""
"02/02/2025 10:00:00 - 02/02/2025 11:00:00","BZN|NL","Without Sequence","130.04","",""
"02/02/2025 11:00:00 - 02/02/2025 12:00:00","BZN|NL","Without Sequence","129.33","",""
"02/02/2025 12:00:00 - 02/02/2025 13:00:00","BZN|NL","Without Sequence","122.24","",""
"02/02/2025 13:00:00 - 02/02/2025 14:00:00","BZN|NL","Without Sequence","111.88","",""
"02/02/2025 14:00:00 - 02/02/2025 15:00:00","BZN|NL","Without Sequence","115.36","",""
"02/02/2025 15:00:00 - 02/02/2025 16:00:00","BZN|NL","Without Sequence","124.01","",""
"02/02/2025 16:00:00 - 02/02/2025 17:00:00","BZN|NL","Without Sequence","143.94","",""
"02/02/2025 17:00:00 - 02/02/2025 18:00:00","BZN|NL","Without Sequence","159.44","",""
"02/02/2025 18:00:00 - 02/02/2025 19:00:00","BZN|NL","Without Sequence","171.20","",""
"02/02/2025 19:00:00 - 02/02/2025 20:00:00","BZN|NL","Without Sequence","173.95","",""
"02/02/2025 20:00:00 - 02/02/2025 21:00:00","BZN|NL","Without Sequence","165.50","",""
"02/02/2025 21:00:00 - 02/02/2025 22:00:00","BZN|NL","Without Sequence","155.77","",""
"02/02/2025 22:00:00 - 02/02/2025 23:00:00","BZN|NL","Without Sequence","148.44","",""
"02/02/2025 23:00:00 - 03/02/2025 00:00:00","BZN|NL","Without Sequence","133.24","",""
"03/02/2025 00:00:00 - 03/02/2025 01:00:00","BZN|NL","Without Sequence","129.54","",""
"03/02/2025 01:00:00 - 03/02/2025 02:00:00","BZN|NL","Without Sequence","126.63","",""
"03/02/2025 02:00:00 - 03/02/2025 03:00:00","BZN|NL","Without Sequence","124.72","",""
"03/02/2025 03:00:00 - 03/02/2025 04:00:00","BZN|NL","Without Sequence","120.04","",""
"03/02/2025 04:00:00 - 03/02/2025 05:00:00","BZN|NL","Without Sequence","123.24","",""
"03/02/2025 05:00:00 - 03/02/2025 06:00:00","BZN|NL","Without Sequence","127.77","",""
"03/02/2025 06:00:00 - 03/02/2025 07:00:00","BZN|NL","Without Sequence","159.18","",""
"03/02/2025 07:00:00 - 03/02/2025 08:00:00","BZN|NL","Without Sequence","207.88","",""
"03/02/2025 08:00:00 - 03/02/2025 09:00:00","BZN|NL","Without Sequence","243.23","",""
"03/02/2025 09:00:00 - 03/02/2025 10:00:00","BZN|NL","Without Sequence","178.04","",""
"03/02/2025 10:00:00 - 03/02/2025 11:00:00","BZN|NL","Without Sequence","149.95","",""
"03/02/2025 11:00:00 - 03/02/2025 12:00:00","BZN|NL","Without Sequence","125.02","",""
"03/02/2025 12:00:00 - 03/02/2025 13:00:00","BZN|NL","Without Sequence","117.27","",""
"03/02/2025 13:00:00 - 03/02/2025 14:00:00","BZN|NL","Without Sequence","114.93","",""
"03/02/2025 14:00:00 - 03/02/2025 15:00:00","BZN|NL","Without Sequence","120.00","",""
"03/02/2025 15:00:00 - 03/02/2025 16:00:00","BZN|NL","Without Sequence","127.10","",""
"03/02/2025 16:00:00 - 03/02/2025 17:00:00","BZN|NL","Without Sequence","160.00","",""
"03/02/2025 17:00:00 - 03/02/2025 18:00:00","BZN|NL","Without Sequence","204.71","",""
"03/02/2025 18:00:00 - 03/02/2025 19:00:00","BZN|NL","Without Sequence","200.73","",""
"03/02/2025 19:00:00 - 03/02/2025 20:00:00","BZN|NL","Without Sequence","201.10","",""
"03/02/2025 20:00:00 - 03/02/2025 21:00:00","BZN|NL","Without Sequence","167.74","",""
"03/02/2025 21:00:00 - 03/02/2025 22:00:00","BZN|NL","Without Sequence","153.00","",""
"03/02/2025 22:00:00 - 03/02/2025 23:00:00","BZN|NL","Without Sequence","139.50","",""
"03/02/2025 23:00:00 - 04/02/2025 00:00:00","BZN|NL","Without Sequence","135.81","",""
"04/02/2025 00:00:00 - 04/02/2025 01:00:00","BZN|NL","Without Sequence","132.40","",""
"04/02/2025 01:00:00 - 04/02/2025 02:00:00","BZN|NL","Without Sequence","125.54","",""
"04/02/2025 02:00:00 - 04/02/2025 03:00:00","BZN|NL","Without Sequence","123.18","",""
"04/02/2025 03:00:00 - 04/02/2025 04:00:00","BZN|NL","Without Sequence","123.99","",""
"04/02/2025 04:00:00 - 04/02/2025 05:00:00","BZN|NL","Without Sequence","123.25","",""
"04/02/2025 05:00:00 - 04/02/2025 06:00:00","BZN|NL","Without Sequence","127.63","",""
"04/02/2025 06:00:00 - 04/02/2025 07:00:00","BZN|NL","Without Sequence","154.79","",""
"04/02/2025 07:00:00 - 04/02/2025 08:00:00","BZN|NL","Without Sequence","149.50","",""
"04/02/2025 08:00:00 - 04/02/2025 09:00:00","BZN|NL","Without Sequence","211.99","",""
"04/02/2025 09:00:00 - 04/02/2025 10:00:00","BZN|NL","Without Sequence","163.31","",""
"04/02/2025 10:00:00 - 04/02/2025 11:00:00","BZN|NL","Without Sequence","136.53","",""
"04/02/2025 11:00:00 - 04/02/2025 12:00:00","BZN|NL","Without Sequence","125.00","",""
"04/02/2025 12:00:00 - 04/02/2025 13:00:00","BZN|NL","Without Sequence","109.45","",""
"04/02/2025 13:00:00 - 04/02/2025 14:00:00","BZN|NL","Without Sequence","113.06","",""
"04/02/2025 14:00:00 - 04/02/2025 15:00:00","BZN|NL","Without Sequence","120.09","",""
"04/02/2025 15:00:00 - 04/02/2025 16:00:00","BZN|NL","Without Sequence","119.15","",""
"04/02/2025 16:00:00 - 04/02/2025 17:00:00","BZN|NL","Without Sequence","117.00","",""
"04/02/2025 17:00:00 - 04/02/2025 18:00:00","BZN|NL","Without Sequence","149.60","",""
"04/02/2025 18:00:00 - 04/02/2025 19:00:00","BZN|NL","Without Sequence","175.00","",""
"04/02/2025 19:00:00 - 04/02/2025 20:00:00","BZN|NL","Without Sequence","140.00","",""
"04/02/2025 20:00:00 - 04/02/2025 21:00:00","BZN|NL","Without Sequence","132.54","",""
"04/02/2025 21:00:00 - 04/02/2025 22:00:00","BZN|NL","Without Sequence","131.96","",""
"04/02/2025 22:00:00 - 04/02/2025 23:00:00","BZN|NL","Without Sequence","115.00","",""
"04/02/2025 23:00:00 - 05/02/2025 00:00:00","BZN|NL","Without Sequence","94.90","",""
"05/02/2025 00:00:00 - 05/02/2025 01:00:00","BZN|NL","Without Sequence","94.84","",""
"05/02/2025 01:00:00 - 05/02/2025 02:00:00","BZN|NL","Without Sequence","98.84","",""
"05/02/2025 02:00:00 - 05/02/2025 03:00:00","BZN|NL","Without Sequence","101.45","",""
"05/02/2025 03:00:00 - 05/02/2025 04:00:00","BZN|NL","Without Sequence","99.90","",""
"05/02/2025 04:00:00 - 05/02/2025 05:00:00","BZN|NL","Without Sequence","112.80","",""
"05/02/2025 05:00:00 - 05/02/2025 06:00:00","BZN|NL","Without Sequence","121.71","",""
"05/02/2025 06:00:00 - 05/02/2025 07:00:00","BZN|NL","Without Sequence","139.80","",""
"05/02/2025 07:00:00 - 05/02/2025 08:00:00","BZN|NL","Without Sequence","161.70","",""
"05/02/2025 08:00:00 - 05/02/2025 09:00:00","BZN|NL","Without Sequence","180.81","",""
"05/02/2025 09:00:00 - 05/02/2025 10:00:00","BZN|NL","Without Sequence","159.33","",""
"05/02/2025 10:00:00 - 05/02/2025 11:00:00","BZN|NL","Without Sequence","119.54","",""
"05/02/2025 11:00:00 - 05/02/2025 12:00:00","BZN|NL","Without Sequence","100.95","",""
"05/02/2025 12:00:00 - 05/02/2025 13:00:00","BZN|NL","Without Sequence","100.00","",""
"05/02/2025 13:00:00 - 05/02/2025 14:00:00","BZN|NL","Without Sequence","111.85","",""
"05/02/2025 14:00:00 - 05/02/2025 15:00:00","BZN|NL","Without Sequence","128.85","",""
"05/02/2025 15:00:00 - 05/02/2025 16:00:00","BZN|NL","Without Sequence","144.12","",""
"05/02/2025 16:00:00 - 05/02/2025 17:00:00","BZN|NL","Without Sequence","159.08","",""
"05/02/2025 17:00:00 - 05/02/2025 18:00:00","BZN|NL","Without Sequence","176.77","",""
"05/02/2025 18:00:00 - 05/02/2025 19:00:00","BZN|NL","Without Sequence","189.90","",""
"05/02/2025 19:00:00 - 05/02/2025 20:00:00","BZN|NL","Without Sequence","189.63","",""
"05/02/2025 20:00:00 - 05/02/2025 21:00:00","BZN|NL","Without Sequence","170.00","",""
"05/02/2025 21:00:00 - 05/02/2025 22:00:00","BZN|NL","Without Sequence","155.42","",""
"05/02/2025 22:00:00 - 05/02/2025 23:00:00","BZN|NL","Without Sequence","143.70","",""
"05/02/2025 23:00:00 - 06/02/2025 00:00:00","BZN|NL","Without Sequence","128.57","",""
"06/02/2025 00:00:00 - 06/02/2025 01:00:00","BZN|NL","Without Sequence","133.67","",""
"06/02/2025 01:00:00 - 06/02/2025 02:00:00","BZN|NL","Without Sequence","126.84","",""
"06/02/2025 02:00:00 - 06/02/2025 03:00:00","BZN|NL","Without Sequence","125.00","",""
"06/02/2025 03:00:00 - 06/02/2025 04:00:00","BZN|NL","Without Sequence","125.00","",""
"06/02/2025 04:00:00 - 06/02/2025 05:00:00","BZN|NL","Without Sequence","125.01","",""
"06/02/2025 05:00:00 - 06/02/2025 06:00:00","BZN|NL","Without Sequence","120.09","",""
"06/02/2025 06:00:00 - 06/02/2025 07:00:00","BZN|NL","Without Sequence","135.25","",""
"06/02/2025 07:00:00 - 06/02/2025 08:00:00","BZN|NL","Without Sequence","180.09","",""
"06/02/2025 08:00:00 - 06/02/2025 09:00:00","BZN|NL","Without Sequence","216.65","",""
"06/02/2025 09:00:00 - 06/02/2025 10:00:00","BZN|NL","Without Sequence","178.62","",""
"06/02/2025 10:00:00 - 06/02/2025 11:00:00","BZN|NL","Without Sequence","156.30","",""
"06/02/2025 11:00:00 - 06/02/2025 12:00:00","BZN|NL","Without Sequence","122.00","",""
"06/02/2025 12:00:00 - 06/02/2025 13:00:00","BZN|NL","Without Sequence","111.20","",""
"06/02/2025 13:00:00 - 06/02/2025 14:00:00","BZN|NL","Without Sequence","99.90","",""
"06/02/2025 14:00:00 - 06/02/2025 15:00:00","BZN|NL","Without Sequence","119.29","",""
"06/02/2025 15:00:00 - 06/02/2025 16:00:00","BZN|NL","Without Sequence","117.79","",""
"06/02/2025 16:00:00 - 06/02/2025 17:00:00","BZN|NL","Without Sequence","127.00","",""
"06/02/2025 17:00:00 - 06/02/2025 18:00:00","BZN|NL","Without Sequence","167.43","",""
"06/02/2025 18:00:00 - 06/02/2025 19:00:00","BZN|NL","Without Sequence","170.48","",""
"06/02/2025 19:00:00 - 06/02/2025 20:00:00","BZN|NL","Without Sequence","162.95","",""
"06/02/2025 20:00:00 - 06/02/2025 21:00:00","BZN|NL","Without Sequence","140.38","",""
"06/02/2025 21:00:00 - 06/02/2025 22:00:00","BZN|NL","Without Sequence","129.75","",""
"06/02/2025 22:00:00 - 06/02/2025 23:00:00","BZN|NL","Without Sequence","132.90","",""
"06/02/2025 23:00:00 - 07/02/2025 00:00:00","BZN|NL","Without Sequence","121.95","",""
"07/02/2025 00:00:00 - 07/02/2025 01:00:00","BZN|NL","Without Sequence","126.05","",""
"07/02/2025 01:00:00 - 07/02/2025 02:00:00","BZN|NL","Without Sequence","112.70","",""
"07/02/2025 02:00:00 - 07/02/2025 03:00:00","BZN|NL","Without Sequence","108.82","",""
"07/02/2025 03:00:00 - 07/02/2025 04:00:00","BZN|NL","Without Sequence","105.00","",""
"07/02/2025 04:00:00 - 07/02/2025 05:00:00","BZN|NL","Without Sequence","104.67","",""
"07/02/2025 05:00:00 - 07/02/2025 06:00:00","BZN|NL","Without Sequence","105.31","",""
"07/02/2025 06:00:00 - 07/02/2025 07:00:00","BZN|NL","Without Sequence","113.29","",""
"07/02/2025 07:00:00 - 07/02/2025 08:00:00","BZN|NL","Without Sequence","141.93","",""
"07/02/2025 08:00:00 - 07/02/2025 09:00:00","BZN|NL","Without Sequence","164.20","",""
"07/02/2025 09:00:00 - 07/02/2025 10:00:00","BZN|NL","Without Sequence","150.35","",""
"07/02/2025 10:00:00 - 07/02/2025 11:00:00","BZN|NL","Without Sequence","127.00","",""
"07/02/2025 11:00:00 - 07/02/2025 12:00:00","BZN|NL","Without Sequence","91.63","",""
"07/02/2025 12:00:00 - 07/02/2025 13:00:00","BZN|NL","Without Sequence","85.10","",""
"07/02/2025 13:00:00 - 07/02/2025 14:00:00","BZN|NL","Without Sequence","89.19","",""
"07/02/2025 14:00:00 - 07/02/2025 15:00:00","BZN|NL","Without Sequence","89.55","",""
"07/02/2025 15:00:00 - 07/02/2025 16:00:00","BZN|NL","Without Sequence","102.10","",""
"07/02/2025 16:00:00 - 07/02/2025 17:00:00","BZN|NL","Without Sequence","126.99","",""
"07/02/2025 17:00:00 - 07/02/2025 18:00:00","BZN|NL","Without Sequence","143.00","",""
"07/02/2025 18:00:00 - 07/02/2025 19:00:00","BZN|NL","Without Sequence","149.36","",""
"07/02/2025 19:00:00 - 07/02/2025 20:00:00","BZN|NL","Without Sequence","134.00","",""
"07/02/2025 20:00:00 - 07/02/2025 21:00:00","BZN|NL","Without Sequence","113.82","",""
"07/02/2025 21:00:00 - 07/02/2025 22:00:00","BZN|NL","Without Sequence","95.00","",""
"07/02/2025 22:00:00 - 07/02/2025 23:00:00","BZN|NL","Without Sequence","83.00","",""
"07/02/2025 23:00:00 - 08/02/2025 00:00:00","BZN|NL","Without Sequence","89.50","",""
"08/02/2025 00:00:00 - 08/02/2025 01:00:00","BZN|NL","Without Sequence","78.40","",""
"08/02/2025 01:00:00 - 08/02/2025 02:00:00","BZN|NL","Without Sequence","72.50","",""
"08/02/2025 02:00:00 - 08/02/2025 03:00:00","BZN|NL","Without Sequence","89.90","",""
"08/02/2025 03:00:00 - 08/02/2025 04:00:00","BZN|NL","Without Sequence","90.00","",""
"08/02/2025 04:00:00 - 08/02/2025 05:00:00","BZN|NL","Without Sequence","89.69","",""
"08/02/2025 05:00:00 - 08/02/2025 06:00:00","BZN|NL","Without Sequence","90.99","",""
"08/02/2025 06:00:00 - 08/02/2025 07:00:00","BZN|NL","Without Sequence","90.82","",""
"08/02/2025 07:00:00 - 08/02/2025 08:00:00","BZN|NL","Without Sequence","96.00","",""
"08/02/2025 08:00:00 - 08/02/2025 09:00:00","BZN|NL","Without Sequence","123.00","",""
"08/02/2025 09:00:00 - 08/02/2025 10:00:00","BZN|NL","Without Sequence","133.35","",""
"08/02/2025 10:00:00 - 08/02/2025 11:00:00","BZN|NL","Without Sequence","125.00","",""
"08/02/2025 11:00:00 - 08/02/2025 12:00:00","BZN|NL","Without Sequence","111.70","",""
"08/02/2025 12:00:00 - 08/02/2025 13:00:00","BZN|NL","Without Sequence","120.32","",""
"08/02/2025 13:00:00 - 08/02/2025 14:00:00","BZN|NL","Without Sequence","149.90","",""
"08/02/2025 14:00:00 - 08/02/2025 15:00:00","BZN|NL","Without Sequence","125.00","",""
"08/02/2025 15:00:00 - 08/02/2025 16:00:00","BZN|NL","Without Sequence","118.00","",""
"08/02/2025 16:00:00 - 08/02/2025 17:00:00","BZN|NL","Without Sequence","141.00","",""
"08/02/2025 17:00:00 - 08/02/2025 18:00:00","BZN|NL","Without Sequence","150.19","",""
"08/02/2025 18:00:00 - 08/02/2025 19:00:00","BZN|NL","Without Sequence","160.49","",""
"08/02/2025 19:00:00 - 08/02/2025 20:00:00","BZN|NL","Without Sequence","165.36","",""
"08/02/2025 20:00:00 - 08/02/2025 21:00:00","BZN|NL","Without Sequence","162.00","",""
"08/02/2025 21:00:00 - 08/02/2025 22:00:00","BZN|NL","Without Sequence","149.00","",""
"08/02/2025 22:00:00 - 08/02/2025 23:00:00","BZN|NL","Without Sequence","147.38","",""
"08/02/2025 23:00:00 - 09/02/2025 00:00:00","BZN|NL","Without Sequence","142.30","",""
"09/02/2025 00:00:00 - 09/02/2025 01:00:00","BZN|NL","Without Sequence","135.00","",""
"09/02/2025 01:00:00 - 09/02/2025 02:00:00","BZN|NL","Without Sequence","135.70","",""
"09/02/2025 02:00:00 - 09/02/2025 03:00:00","BZN|NL","Without Sequence","134.30","",""
"09/02/2025 03:00:00 - 09/02/2025 04:00:00","BZN|NL","Without Sequence","119.30","",""
"09/02/2025 04:00:00 - 09/02/2025 05:00:00","BZN|NL","Without Sequence","117.00","",""
"09/02/2025 05:00:00 - 09/02/2025 06:00:00","BZN|NL","Without Sequence","117.00","",""
"09/02/2025 06:00:00 - 09/02/2025 07:00:00","BZN|NL","Without Sequence","117.00","",""
"09/02/2025 07:00:00 - 09/02/2025 08:00:00","BZN|NL","Without Sequence","133.43","",""
"09/02/2025 08:00:00 - 09/02/2025 09:00:00","BZN|NL","Without Sequence","136.77","",""
"09/02/2025 09:00:00 - 09/02/2025 10:00:00","BZN|NL","Without Sequence","124.87","",""
"09/02/2025 10:00:00 - 09/02/2025 11:00:00","BZN|NL","Without Sequence","117.00","",""
"09/02/2025 11:00:00 - 09/02/2025 12:00:00","BZN|NL","Without Sequence","104.30","",""
"09/02/2025 12:00:00 - 09/02/2025 13:00:00","BZN|NL","Without Sequence","100.00","",""
"09/02/2025 13:00:00 - 09/02/2025 14:00:00","BZN|NL","Without Sequence","96.86","",""
"09/02/2025 14:00:00 - 09/02/2025 15:00:00","BZN|NL","Without Sequence","109.90","",""
"09/02/2025 15:00:00 - 09/02/2025 16:00:00","BZN|NL","Without Sequence","120.40","",""
"09/02/2025 16:00:00 - 09/02/2025 17:00:00","BZN|NL","Without Sequence","142.11","",""
"09/02/2025 17:00:00 - 09/02/2025 18:00:00","BZN|NL","Without Sequence","148.79","",""
"09/02/2025 18:00:00 - 09/02/2025 19:00:00","BZN|NL","Without Sequence","162.17","",""
"09/02/2025 19:00:00 - 09/02/2025 20:00:00","BZN|NL","Without Sequence","132.00","",""
"09/02/2025 20:00:00 - 09/02/2025 21:00:00","BZN|NL","Without Sequence","144.57","",""
"09/02/2025 21:00:00 - 09/02/2025 22:00:00","BZN|NL","Without Sequence","142.95","",""
"09/02/2025 22:00:00 - 09/02/2025 23:00:00","BZN|NL","Without Sequence","143.00","",""
"09/02/2025 23:00:00 - 10/02/2025 00:00:00","BZN|NL","Without Sequence","119.08","",""
"10/02/2025 00:00:00 - 10/02/2025 01:00:00","BZN|NL","Without Sequence","107.50","",""
"10/02/2025 01:00:00 - 10/02/2025 02:00:00","BZN|NL","Without Sequence","86.32","",""
"10/02/2025 02:00:00 - 10/02/2025 03:00:00","BZN|NL","Without Sequence","85.00","",""
"10/02/2025 03:00:00 - 10/02/2025 04:00:00","BZN|NL","Without Sequence","89.30","",""
"10/02/2025 04:00:00 - 10/02/2025 05:00:00","BZN|NL","Without Sequence","88.26","",""
"10/02/2025 05:00:00 - 10/02/2025 06:00:00","BZN|NL","Without Sequence","96.94","",""
"10/02/2025 06:00:00 - 10/02/2025 07:00:00","BZN|NL","Without Sequence","145.50","",""
"10/02/2025 07:00:00 - 10/02/2025 08:00:00","BZN|NL","Without Sequence","154.00","",""
"10/02/2025 08:00:00 - 10/02/2025 09:00:00","BZN|NL","Without Sequence","181.36","",""
"10/02/2025 09:00:00 - 10/02/2025 10:00:00","BZN|NL","Without Sequence","163.18","",""
"10/02/2025 10:00:00 - 10/02/2025 11:00:00","BZN|NL","Without Sequence","130.00","",""
"10/02/2025 11:00:00 - 10/02/2025 12:00:00","BZN|NL","Without Sequence","120.27","",""
"10/02/2025 12:00:00 - 10/02/2025 13:00:00","BZN|NL","Without Sequence","114.44","",""
"10/02/2025 13:00:00 - 10/02/2025 14:00:00","BZN|NL","Without Sequence","115.02","",""
"10/02/2025 14:00:00 - 10/02/2025 15:00:00","BZN|NL","Without Sequence","130.00","",""
"10/02/2025 15:00:00 - 10/02/2025 16:00:00","BZN|NL","Without Sequence","128.54","",""
"10/02/2025 16:00:00 - 10/02/2025 17:00:00","BZN|NL","Without Sequence","135.00","",""
"10/02/2025 17:00:00 - 10/02/2025 18:00:00","BZN|NL","Without Sequence","140.90","",""
"10/02/2025 18:00:00 - 10/02/2025 19:00:00","BZN|NL","Without Sequence","150.00","",""
"10/02/2025 19:00:00 - 10/02/2025 20:00:00","BZN|NL","Without Sequence","120.48","",""
"10/02/2025 20:00:00 - 10/02/2025 21:00:00","BZN|NL","Without Sequence","100.00","",""
"10/02/2025 21:00:00 - 10/02/2025 22:00:00","BZN|NL","Without Sequence","95.17","",""
"10/02/2025 22:00:00 - 10/02/2025 23:00:00","BZN|NL","Without Sequence","92.10","",""
"10/02/2025 23:00:00 - 11/02/2025 00:00:00","BZN|NL","Without Sequence","90.50","",""
"11/02/2025 00:00:00 - 11/02/2025 01:00:00","BZN|NL","Without Sequence","63.00","",""
"11/02/2025 01:00:00 - 11/02/2025 02:00:00","BZN|NL","Without Sequence","65.00","",""
"11/02/2025 02:00:00 - 11/02/2025 03:00:00","BZN|NL","Without Sequence","74.08","",""
"11/02/2025 03:00:00 - 11/02/2025 04:00:00","BZN|NL","Without Sequence","77.75","",""
"11/02/2025 04:00:00 - 11/02/2025 05:00:00","BZN|NL","Without Sequence","77.50","",""
"11/02/2025 05:00:00 - 11/02/2025 06:00:00","BZN|NL","Without Sequence","91.55","",""
"11/02/2025 06:00:00 - 11/02/2025 07:00:00","BZN|NL","Without Sequence","116.50","",""
"11/02/2025 07:00:00 - 11/02/2025 08:00:00","BZN|NL","Without Sequence","143.11","",""
"11/02/2025 08:00:00 - 11/02/2025 09:00:00","BZN|NL","Without Sequence","159.06","",""
"11/02/2025 09:00:00 - 11/02/2025 10:00:00","BZN|NL","Without Sequence","163.76","",""
"11/02/2025 10:00:00 - 11/02/2025 11:00:00","BZN|NL","Without Sequence","152.80","",""
"11/02/2025 11:00:00 - 11/02/2025 12:00:00","BZN|NL","Without Sequence","140.00","",""
"11/02/2025 12:00:00 - 11/02/2025 13:00:00","BZN|NL","Without Sequence","137.20","",""
"11/02/2025 13:00:00 - 11/02/2025 14:00:00","BZN|NL","Without Sequence","132.80","",""
"11/02/2025 14:00:00 - 11/02/2025 15:00:00","BZN|NL","Without Sequence","135.00","",""
"11/02/2025 15:00:00 - 11/02/2025 16:00:00","BZN|NL","Without Sequence","143.92","",""
"11/02/2025 16:00:00 - 11/02/2025 17:00:00","BZN|NL","Without Sequence","144.41","",""
"11/02/2025 17:00:00 - 11/02/2025 18:00:00","BZN|NL","Without Sequence","160.48","",""
"11/02/2025 18:00:00 - 11/02/2025 19:00:00","BZN|NL","Without Sequence","177.86","",""
"11/02/2025 19:00:00 - 11/02/2025 20:00:00","BZN|NL","Without Sequence","167.45","",""
"11/02/2025 20:00:00 - 11/02/2025 21:00:00","BZN|NL","Without Sequence","144.58","",""
"11/02/2025 21:00:00 - 11/02/2025 22:00:00","BZN|NL","Without Sequence","140.10","",""
"11/02/2025 22:00:00 - 11/02/2025 23:00:00","BZN|NL","Without Sequence","150.00","",""
"11/02/2025 23:00:00 - 12/02/2025 00:00:00","BZN|NL","Without Sequence","136.16","",""
"12/02/2025 00:00:00 - 12/02/2025 01:00:00","BZN|NL","Without Sequence","130.55","",""
"12/02/2025 01:00:00 - 12/02/2025 02:00:00","BZN|NL","Without Sequence","128.13","",""
"12/02/2025 02:00:00 - 12/02/2025 03:00:00","BZN|NL","Without Sequence","126.82","",""
"12/02/2025 03:00:00 - 12/02/2025 04:00:00","BZN|NL","Without Sequence","126.59","",""
"12/02/2025 04:00:00 - 12/02/2025 05:00:00","BZN|NL","Without Sequence","128.74","",""
"12/02/2025 05:00:00 - 12/02/2025 06:00:00","BZN|NL","Without Sequence","131.30","",""
"12/02/2025 06:00:00 - 12/02/2025 07:00:00","BZN|NL","Without Sequence","150.39","",""
"12/02/2025 07:00:00 - 12/02/2025 08:00:00","BZN|NL","Without Sequence","163.20","",""
"12/02/2025 08:00:00 - 12/02/2025 09:00:00","BZN|NL","Without Sequence","180.00","",""
"12/02/2025 09:00:00 - 12/02/2025 10:00:00","BZN|NL","Without Sequence","174.92","",""
"12/02/2025 10:00:00 - 12/02/2025 11:00:00","BZN|NL","Without Sequence","161.00","",""
"12/02/2025 11:00:00 - 12/02/2025 12:00:00","BZN|NL","Without Sequence","136.00","",""
"12/02/2025 12:00:00 - 12/02/2025 13:00:00","BZN|NL","Without Sequence","134.50","",""
"12/02/2025 13:00:00 - 12/02/2025 14:00:00","BZN|NL","Without Sequence","142.30","",""
"12/02/2025 14:00:00 - 12/02/2025 15:00:00","BZN|NL","Without Sequence","149.66","",""
"12/02/2025 15:00:00 - 12/02/2025 16:00:00","BZN|NL","Without Sequence","159.99","",""
"12/02/2025 16:00:00 - 12/02/2025 17:00:00","BZN|NL","Without Sequence","172.39","",""
"12/02/2025 17:00:00 - 12/02/2025 18:00:00","BZN|NL","Without Sequence","183.01","",""
"12/02/2025 18:00:00 - 12/02/2025 19:00:00","BZN|NL","Without Sequence","197.64","",""
"12/02/2025 19:00:00 - 12/02/2025 20:00:00","BZN|NL","Without Sequence","192.86","",""
"12/02/2025 20:00:00 - 12/02/2025 21:00:00","BZN|NL","Without Sequence","174.46","",""
"12/02/2025 21:00:00 - 12/02/2025 22:00:00","BZN|NL","Without Sequence","156.06","",""
"12/02/2025 22:00:00 - 12/02/2025 23:00:00","BZN|NL","Without Sequence","150.54","",""
"12/02/2025 23:00:00 - 13/02/2025 00:00:00","BZN|NL","Without Sequence","142.04","",""
"13/02/2025 00:00:00 - 13/02/2025 01:00:00","BZN|NL","Without Sequence","138.58","",""
"13/02/2025 01:00:00 - 13/02/2025 02:00:00","BZN|NL","Without Sequence","135.12","",""
"13/02/2025 02:00:00 - 13/02/2025 03:00:00","BZN|NL","Without Sequence","139.37","",""
"13/02/2025 03:00:00 - 13/02/2025 04:00:00","BZN|NL","Without Sequence","133.75","",""
"13/02/2025 04:00:00 - 13/02/2025 05:00:00","BZN|NL","Without Sequence","135.85","",""
"13/02/2025 05:00:00 - 13/02/2025 06:00:00","BZN|NL","Without Sequence","135.00","",""
"13/02/2025 06:00:00 - 13/02/2025 07:00:00","BZN|NL","Without Sequence","148.36","",""
"13/02/2025 07:00:00 - 13/02/2025 08:00:00","BZN|NL","Without Sequence","188.55","",""
"13/02/2025 08:00:00 - 13/02/2025 09:00:00","BZN|NL","Without Sequence","219.52","",""
"13/02/2025 09:00:00 - 13/02/2025 10:00:00","BZN|NL","Without Sequence","214.10","",""
"13/02/2025 10:00:00 - 13/02/2025 11:00:00","BZN|NL","Without Sequence","197.48","",""
"13/02/2025 11:00:00 - 13/02/2025 12:00:00","BZN|NL","Without Sequence","180.07","",""
"13/02/2025 12:00:00 - 13/02/2025 13:00:00","BZN|NL","Without Sequence","166.67","",""
"13/02/2025 13:00:00 - 13/02/2025 14:00:00","BZN|NL","Without Sequence","164.14","",""
"13/02/2025 14:00:00 - 13/02/2025 15:00:00","BZN|NL","Without Sequence","162.54","",""
"13/02/2025 15:00:00 - 13/02/2025 16:00:00","BZN|NL","Without Sequence","164.50","",""
"13/02/2025 16:00:00 - 13/02/2025 17:00:00","BZN|NL","Without Sequence","174.97","",""
"13/02/2025 17:00:00 - 13/02/2025 18:00:00","BZN|NL","Without Sequence","205.16","",""
"13/02/2025 18:00:00 - 13/02/2025 19:00:00","BZN|NL","Without Sequence","204.23","",""
"13/02/2025 19:00:00 - 13/02/2025 20:00:00","BZN|NL","Without Sequence","196.52","",""
"13/02/2025 20:00:00 - 13/02/2025 21:00:00","BZN|NL","Without Sequence","177.05","",""
"13/02/2025 21:00:00 - 13/02/2025 22:00:00","BZN|NL","Without Sequence","162.92","",""
"13/02/2025 22:00:00 - 13/02/2025 23:00:00","BZN|NL","Without Sequence","153.12","",""
"13/02/2025 23:00:00 - 14/02/2025 00:00:00","BZN|NL","Without Sequence","138.97","",""
"14/02/2025 00:00:00 - 14/02/2025 01:00:00","BZN|NL","Without Sequence","137.57","",""
"14/02/2025 01:00:00 - 14/02/2025 02:00:00","BZN|NL","Without Sequence","132.76","",""
"14/02/2025 02:00:00 - 14/02/2025 03:00:00","BZN|NL","Without Sequence","127.90","",""
"14/02/2025 03:00:00 - 14/02/2025 04:00:00","BZN|NL","Without Sequence","125.55","",""
"14/02/2025 04:00:00 - 14/02/2025 05:00:00","BZN|NL","Without Sequence","127.27","",""
"14/02/2025 05:00:00 - 14/02/2025 06:00:00","BZN|NL","Without Sequence","137.63","",""
"14/02/2025 06:00:00 - 14/02/2025 07:00:00","BZN|NL","Without Sequence","157.63","",""
"14/02/2025 07:00:00 - 14/02/2025 08:00:00","BZN|NL","Without Sequence","216.19","",""
"14/02/2025 08:00:00 - 14/02/2025 09:00:00","BZN|NL","Without Sequence","253.55","",""
"14/02/2025 09:00:00 - 14/02/2025 10:00:00","BZN|NL","Without Sequence","209.39","",""
"14/02/2025 10:00:00 - 14/02/2025 11:00:00","BZN|NL","Without Sequence","178.79","",""
"14/02/2025 11:00:00 - 14/02/2025 12:00:00","BZN|NL","Without Sequence","160.00","",""
"14/02/2025 12:00:00 - 14/02/2025 13:00:00","BZN|NL","Without Sequence","149.03","",""
"14/02/2025 13:00:00 - 14/02/2025 14:00:00","BZN|NL","Without Sequence","145.28","",""
"14/02/2025 14:00:00 - 14/02/2025 15:00:00","BZN|NL","Without Sequence","150.61","",""
"14/02/2025 15:00:00 - 14/02/2025 16:00:00","BZN|NL","Without Sequence","167.11","",""
"14/02/2025 16:00:00 - 14/02/2025 17:00:00","BZN|NL","Without Sequence","190.46","",""
"14/02/2025 17:00:00 - 14/02/2025 18:00:00","BZN|NL","Without Sequence","275.26","",""
"14/02/2025 18:00:00 - 14/02/2025 19:00:00","BZN|NL","Without Sequence","275.77","",""
"14/02/2025 19:00:00 - 14/02/2025 20:00:00","BZN|NL","Without Sequence","221.86","",""
"14/02/2025 20:00:00 - 14/02/2025 21:00:00","BZN|NL","Without Sequence","183.55","",""
"14/02/2025 21:00:00 - 14/02/2025 22:00:00","BZN|NL","Without Sequence","163.20","",""
"14/02/2025 22:00:00 - 14/02/2025 23:00:00","BZN|NL","Without Sequence","153.00","",""
"14/02/2025 23:00:00 - 15/02/2025 00:00:00","BZN|NL","Without Sequence","140.03","",""
"15/02/2025 00:00:00 - 15/02/2025 01:00:00","BZN|NL","Without Sequence","132.90","",""
"15/02/2025 01:00:00 - 15/02/2025 02:00:00","BZN|NL","Without Sequence","128.04","",""
"15/02/2025 02:00:00 - 15/02/2025 03:00:00","BZN|NL","Without Sequence","118.38","",""
"15/02/2025 03:00:00 - 15/02/2025 04:00:00","BZN|NL","Without Sequence","115.19","",""
"15/02/2025 04:00:00 - 15/02/2025 05:00:00","BZN|NL","Without Sequence","115.00","",""
"15/02/2025 05:00:00 - 15/02/2025 06:00:00","BZN|NL","Without Sequence","117.08","",""
"15/02/2025 06:00:00 - 15/02/2025 07:00:00","BZN|NL","Without Sequence","129.54","",""
"15/02/2025 07:00:00 - 15/02/2025 08:00:00","BZN|NL","Without Sequence","145.07","",""
"15/02/2025 08:00:00 - 15/02/2025 09:00:00","BZN|NL","Without Sequence","148.58","",""
"15/02/2025 09:00:00 - 15/02/2025 10:00:00","BZN|NL","Without Sequence","136.83","",""
"15/02/2025 10:00:00 - 15/02/2025 11:00:00","BZN|NL","Without Sequence","124.59","",""
"15/02/2025 11:00:00 - 15/02/2025 12:00:00","BZN|NL","Without Sequence","118.36","",""
"15/02/2025 12:00:00 - 15/02/2025 13:00:00","BZN|NL","Without Sequence","112.39","",""
"15/02/2025 13:00:00 - 15/02/2025 14:00:00","BZN|NL","Without Sequence","110.01","",""
"15/02/2025 14:00:00 - 15/02/2025 15:00:00","BZN|NL","Without Sequence","114.64","",""
"15/02/2025 15:00:00 - 15/02/2025 16:00:00","BZN|NL","Without Sequence","124.72","",""
"15/02/2025 16:00:00 - 15/02/2025 17:00:00","BZN|NL","Without Sequence","140.00","",""
"15/02/2025 17:00:00 - 15/02/2025 18:00:00","BZN|NL","Without Sequence","158.66","",""
"15/02/2025 18:00:00 - 15/02/2025 19:00:00","BZN|NL","Without Sequence","170.53","",""
"15/02/2025 19:00:00 - 15/02/2025 20:00:00","BZN|NL","Without Sequence","163.91","",""
"15/02/2025 20:00:00 - 15/02/2025 21:00:00","BZN|NL","Without Sequence","147.29","",""
"15/02/2025 21:00:00 - 15/02/2025 22:00:00","BZN|NL","Without Sequence","128.06","",""
"15/02/2025 22:00:00 - 15/02/2025 23:00:00","BZN|NL","Without Sequence","131.63","",""
"15/02/2025 23:00:00 - 16/02/2025 00:00:00","BZN|NL","Without Sequence","124.71","",""
"16/02/2025 00:00:00 - 16/02/2025 01:00:00","BZN|NL","Without Sequence","134.11","",""
"16/02/2025 01:00:00 - 16/02/2025 02:00:00","BZN|NL","Without Sequence","128.90","",""
"16/02/2025 02:00:00 - 16/02/2025 03:00:00","BZN|NL","Without Sequence","123.57","",""
"16/02/2025 03:00:00 - 16/02/2025 04:00:00","BZN|NL","Without Sequence","119.90","",""
"16/02/2025 04:00:00 - 16/02/2025 05:00:00","BZN|NL","Without Sequence","119.57","",""
"16/02/2025 05:00:00 - 16/02/2025 06:00:00","BZN|NL","Without Sequence","120.19","",""
"16/02/2025 06:00:00 - 16/02/2025 07:00:00","BZN|NL","Without Sequence","120.00","",""
"16/02/2025 07:00:00 - 16/02/2025 08:00:00","BZN|NL","Without Sequence","127.64","",""
"16/02/2025 08:00:00 - 16/02/2025 09:00:00","BZN|NL","Without Sequence","129.60","",""
"16/02/2025 09:00:00 - 16/02/2025 10:00:00","BZN|NL","Without Sequence","130.40","",""
"16/02/2025 10:00:00 - 16/02/2025 11:00:00","BZN|NL","Without Sequence","124.11","",""
"16/02/2025 11:00:00 - 16/02/2025 12:00:00","BZN|NL","Without Sequence","117.25","",""
"16/02/2025 12:00:00 - 16/02/2025 13:00:00","BZN|NL","Without Sequence","121.30","",""
"16/02/2025 13:00:00 - 16/02/2025 14:00:00","BZN|NL","Without Sequence","108.21","",""
"16/02/2025 14:00:00 - 16/02/2025 15:00:00","BZN|NL","Without Sequence","109.84","",""
"16/02/2025 15:00:00 - 16/02/2025 16:00:00","BZN|NL","Without Sequence","124.45","",""
"16/02/2025 16:00:00 - 16/02/2025 17:00:00","BZN|NL","Without Sequence","132.95","",""
"16/02/2025 17:00:00 - 16/02/2025 18:00:00","BZN|NL","Without Sequence","149.08","",""
"16/02/2025 18:00:00 - 16/02/2025 19:00:00","BZN|NL","Without Sequence","165.01","",""
"16/02/2025 19:00:00 - 16/02/2025 20:00:00","BZN|NL","Without Sequence","160.89","",""
"16/02/2025 20:00:00 - 16/02/2025 21:00:00","BZN|NL","Without Sequence","153.72","",""
"16/02/2025 21:00:00 - 16/02/2025 22:00:00","BZN|NL","Without Sequence","139.35","",""
"16/02/2025 22:00:00 - 16/02/2025 23:00:00","BZN|NL","Without Sequence","137.60","",""
"16/02/2025 23:00:00 - 17/02/2025 00:00:00","BZN|NL","Without Sequence","131.51","",""
"17/02/2025 00:00:00 - 17/02/2025 01:00:00","BZN|NL","Without Sequence","128.05","",""
"17/02/2025 01:00:00 - 17/02/2025 02:00:00","BZN|NL","Without Sequence","121.06","",""
"17/02/2025 02:00:00 - 17/02/2025 03:00:00","BZN|NL","Without Sequence","120.34","",""
"17/02/2025 03:00:00 - 17/02/2025 04:00:00","BZN|NL","Without Sequence","123.94","",""
"17/02/2025 04:00:00 - 17/02/2025 05:00:00","BZN|NL","Without Sequence","126.74","",""
"17/02/2025 05:00:00 - 17/02/2025 06:00:00","BZN|NL","Without Sequence","129.91","",""
"17/02/2025 06:00:00 - 17/02/2025 07:00:00","BZN|NL","Without Sequence","149.22","",""
"17/02/2025 07:00:00 - 17/02/2025 08:00:00","BZN|NL","Without Sequence","204.74","",""
"17/02/2025 08:00:00 - 17/02/2025 09:00:00","BZN|NL","Without Sequence","209.79","",""
"17/02/2025 09:00:00 - 17/02/2025 10:00:00","BZN|NL","Without Sequence","171.30","",""
"17/02/2025 10:00:00 - 17/02/2025 11:00:00","BZN|NL","Without Sequence","139.67","",""
"17/02/2025 11:00:00 - 17/02/2025 12:00:00","BZN|NL","Without Sequence","117.20","",""
"17/02/2025 12:00:00 - 17/02/2025 13:00:00","BZN|NL","Without Sequence","109.54","",""
"17/02/2025 13:00:00 - 17/02/2025 14:00:00","BZN|NL","Without Sequence","106.79","",""
"17/02/2025 14:00:00 - 17/02/2025 15:00:00","BZN|NL","Without Sequence","111.75","",""
"17/02/2025 15:00:00 - 17/02/2025 16:00:00","BZN|NL","Without Sequence","130.00","",""
"17/02/2025 16:00:00 - 17/02/2025 17:00:00","BZN|NL","Without Sequence","155.43","",""
"17/02/2025 17:00:00 - 17/02/2025 18:00:00","BZN|NL","Without Sequence","213.00","",""
"17/02/2025 18:00:00 - 17/02/2025 19:00:00","BZN|NL","Without Sequence","262.37","",""
"17/02/2025 19:00:00 - 17/02/2025 20:00:00","BZN|NL","Without Sequence","215.43","",""
"17/02/2025 20:00:00 - 17/02/2025 21:00:00","BZN|NL","Without Sequence","177.93","",""
"17/02/2025 21:00:00 - 17/02/2025 22:00:00","BZN|NL","Without Sequence","155.30","",""
"17/02/2025 22:00:00 - 17/02/2025 23:00:00","BZN|NL","Without Sequence","139.39","",""
"17/02/2025 23:00:00 - 18/02/2025 00:00:00","BZN|NL","Without Sequence","129.72","",""
"18/02/2025 00:00:00 - 18/02/2025 01:00:00","BZN|NL","Without Sequence","133.01","",""
"18/02/2025 01:00:00 - 18/02/2025 02:00:00","BZN|NL","Without Sequence","125.06","",""
"18/02/2025 02:00:00 - 18/02/2025 03:00:00","BZN|NL","Without Sequence","123.62","",""
"18/02/2025 03:00:00 - 18/02/2025 04:00:00","BZN|NL","Without Sequence","116.62","",""
"18/02/2025 04:00:00 - 18/02/2025 05:00:00","BZN|NL","Without Sequence","115.08","",""
"18/02/2025 05:00:00 - 18/02/2025 06:00:00","BZN|NL","Without Sequence","121.52","",""
"18/02/2025 06:00:00 - 18/02/2025 07:00:00","BZN|NL","Without Sequence","139.10","",""
"18/02/2025 07:00:00 - 18/02/2025 08:00:00","BZN|NL","Without Sequence","179.87","",""
"18/02/2025 08:00:00 - 18/02/2025 09:00:00","BZN|NL","Without Sequence","193.80","",""
"18/02/2025 09:00:00 - 18/02/2025 10:00:00","BZN|NL","Without Sequence","143.23","",""
"18/02/2025 10:00:00 - 18/02/2025 11:00:00","BZN|NL","Without Sequence","124.54","",""
"18/02/2025 11:00:00 - 18/02/2025 12:00:00","BZN|NL","Without Sequence","110.10","",""
"18/02/2025 12:00:00 - 18/02/2025 13:00:00","BZN|NL","Without Sequence","94.54","",""
"18/02/2025 13:00:00 - 18/02/2025 14:00:00","BZN|NL","Without Sequence","90.00","",""
"18/02/2025 14:00:00 - 18/02/2025 15:00:00","BZN|NL","Without Sequence","98.35","",""
"18/02/2025 15:00:00 - 18/02/2025 16:00:00","BZN|NL","Without Sequence","110.00","",""
"18/02/2025 16:00:00 - 18/02/2025 17:00:00","BZN|NL","Without Sequence","126.00","",""
"18/02/2025 17:00:00 - 18/02/2025 18:00:00","BZN|NL","Without Sequence","172.38","",""
"18/02/2025 18:00:00 - 18/02/2025 19:00:00","BZN|NL","Without Sequence","173.28","",""
"18/02/2025 19:00:00 - 18/02/2025 20:00:00","BZN|NL","Without Sequence","155.33","",""
"18/02/2025 20:00:00 - 18/02/2025 21:00:00","BZN|NL","Without Sequence","141.96","",""
"18/02/2025 21:00:00 - 18/02/2025 22:00:00","BZN|NL","Without Sequence","130.16","",""
"18/02/2025 22:00:00 - 18/02/2025 23:00:00","BZN|NL","Without Sequence","121.92","",""
"18/02/2025 23:00:00 - 19/02/2025 00:00:00","BZN|NL","Without Sequence","114.86","",""
"19/02/2025 00:00:00 - 19/02/2025 01:00:00","BZN|NL","Without Sequence","104.95","",""
"19/02/2025 01:00:00 - 19/02/2025 02:00:00","BZN|NL","Without Sequence","99.70","",""
"19/02/2025 02:00:00 - 19/02/2025 03:00:00","BZN|NL","Without Sequence","99.70","",""
"19/02/2025 03:00:00 - 19/02/2025 04:00:00","BZN|NL","Without Sequence","97.67","",""
"19/02/2025 04:00:00 - 19/02/2025 05:00:00","BZN|NL","Without Sequence","94.86","",""
"19/02/2025 05:00:00 - 19/02/2025 06:00:00","BZN|NL","Without Sequence","98.63","",""
"19/02/2025 06:00:00 - 19/02/2025 07:00:00","BZN|NL","Without Sequence","115.00","",""
"19/02/2025 07:00:00 - 19/02/2025 08:00:00","BZN|NL","Without Sequence","149.50","",""
"19/02/2025 08:00:00 - 19/02/2025 09:00:00","BZN|NL","Without Sequence","166.71","",""
"19/02/2025 09:00:00 - 19/02/2025 10:00:00","BZN|NL","Without Sequence","123.30","",""
"19/02/2025 10:00:00 - 19/02/2025 11:00:00","BZN|NL","Without Sequence","95.10","",""
"19/02/2025 11:00:00 - 19/02/2025 12:00:00","BZN|NL","Without Sequence","73.42","",""
"19/02/2025 12:00:00 - 19/02/2025 13:00:00","BZN|NL","Without Sequence","75.00","",""
"19/02/2025 13:00:00 - 19/02/2025 14:00:00","BZN|NL","Without Sequence","78.30","",""
"19/02/2025 14:00:00 - 19/02/2025 15:00:00","BZN|NL","Without Sequence","80.00","",""
"19/02/2025 15:00:00 - 19/02/2025 16:00:00","BZN|NL","Without Sequence","90.63","",""
"19/02/2025 16:00:00 - 19/02/2025 17:00:00","BZN|NL","Without Sequence","113.39","",""
"19/02/2025 17:00:00 - 19/02/2025 18:00:00","BZN|NL","Without Sequence","132.00","",""
"19/02/2025 18:00:00 - 19/02/2025 19:00:00","BZN|NL","Without Sequence","145.73","",""
"19/02/2025 19:00:00 - 19/02/2025 20:00:00","BZN|NL","Without Sequence","146.43","",""
"19/02/2025 20:00:00 - 19/02/2025 21:00:00","BZN|NL","Without Sequence","122.81","",""
"19/02/2025 21:00:00 - 19/02/2025 22:00:00","BZN|NL","Without Sequence","115.16","",""
"19/02/2025 22:00:00 - 19/02/2025 23:00:00","BZN|NL","Without Sequence","120.93","",""
"19/02/2025 23:00:00 - 20/02/2025 00:00:00","BZN|NL","Without Sequence","100.00","",""
"20/02/2025 00:00:00 - 20/02/2025 01:00:00","BZN|NL","Without Sequence","87.65","",""
"20/02/2025 01:00:00 - 20/02/2025 02:00:00","BZN|NL","Without Sequence","86.67","",""
"20/02/2025 02:00:00 - 20/02/2025 03:00:00","BZN|NL","Without Sequence","85.98","",""
"20/02/2025 03:00:00 - 20/02/2025 04:00:00","BZN|NL","Without Sequence","84.59","",""
"20/02/2025 04:00:00 - 20/02/2025 05:00:00","BZN|NL","Without Sequence","82.95","",""
"20/02/2025 05:00:00 - 20/02/2025 06:00:00","BZN|NL","Without Sequence","83.73","",""
"20/02/2025 06:00:00 - 20/02/2025 07:00:00","BZN|NL","Without Sequence","90.53","",""
"20/02/2025 07:00:00 - 20/02/2025 08:00:00","BZN|NL","Without Sequence","111.17","",""
"20/02/2025 08:00:00 - 20/02/2025 09:00:00","BZN|NL","Without Sequence","130.70","",""
"20/02/2025 09:00:00 - 20/02/2025 10:00:00","BZN|NL","Without Sequence","127.71","",""
"20/02/2025 10:00:00 - 20/02/2025 11:00:00","BZN|NL","Without Sequence","103.58","",""
"20/02/2025 11:00:00 - 20/02/2025 12:00:00","BZN|NL","Without Sequence","87.39","",""
"20/02/2025 12:00:00 - 20/02/2025 13:00:00","BZN|NL","Without Sequence","87.06","",""
"20/02/2025 13:00:00 - 20/02/2025 14:00:00","BZN|NL","Without Sequence","84.45","",""
"20/02/2025 14:00:00 - 20/02/2025 15:00:00","BZN|NL","Without Sequence","84.78","",""
"20/02/2025 15:00:00 - 20/02/2025 16:00:00","BZN|NL","Without Sequence","89.43","",""
"20/02/2025 16:00:00 - 20/02/2025 17:00:00","BZN|NL","Without Sequence","96.13","",""
"20/02/2025 17:00:00 - 20/02/2025 18:00:00","BZN|NL","Without Sequence","110.09","",""
"20/02/2025 18:00:00 - 20/02/2025 19:00:00","BZN|NL","Without Sequence","116.05","",""
"20/02/2025 19:00:00 - 20/02/2025 20:00:00","BZN|NL","Without Sequence","125.84","",""
"20/02/2025 20:00:00 - 20/02/2025 21:00:00","BZN|NL","Without Sequence","102.70","",""
"20/02/2025 21:00:00 - 20/02/2025 22:00:00","BZN|NL","Without Sequence","92.78","",""
"20/02/2025 22:00:00 - 20/02/2025 23:00:00","BZN|NL","Without Sequence","93.04","",""
"20/02/2025 23:00:00 - 21/02/2025 00:00:00","BZN|NL","Without Sequence","84.31","",""
"21/02/2025 00:00:00 - 21/02/2025 01:00:00","BZN|NL","Without Sequence","74.03","",""
"21/02/2025 01:00:00 - 21/02/2025 02:00:00","BZN|NL","Without Sequence","70.09","",""
"21/02/2025 02:00:00 - 21/02/2025 03:00:00","BZN|NL","Without Sequence","74.99","",""
"21/02/2025 03:00:00 - 21/02/2025 04:00:00","BZN|NL","Without Sequence","76.25","",""
"21/02/2025 04:00:00 - 21/02/2025 05:00:00","BZN|NL","Without Sequence","74.00","",""
"21/02/2025 05:00:00 - 21/02/2025 06:00:00","BZN|NL","Without Sequence","72.97","",""
"21/02/2025 06:00:00 - 21/02/2025 07:00:00","BZN|NL","Without Sequence","96.87","",""
"21/02/2025 07:00:00 - 21/02/2025 08:00:00","BZN|NL","Without Sequence","140.24","",""
"21/02/2025 08:00:00 - 21/02/2025 09:00:00","BZN|NL","Without Sequence","135.02","",""
"21/02/2025 09:00:00 - 21/02/2025 10:00:00","BZN|NL","Without Sequence","112.20","",""
"21/02/2025 10:00:00 - 21/02/2025 11:00:00","BZN|NL","Without Sequence","92.01","",""
"21/02/2025 11:00:00 - 21/02/2025 12:00:00","BZN|NL","Without Sequence","76.44","",""
"21/02/2025 12:00:00 - 21/02/2025 13:00:00","BZN|NL","Without Sequence","65.00","",""
"21/02/2025 13:00:00 - 21/02/2025 14:00:00","BZN|NL","Without Sequence","63.20","",""
"21/02/2025 14:00:00 - 21/02/2025 15:00:00","BZN|NL","Without Sequence","69.47","",""
"21/02/2025 15:00:00 - 21/02/2025 16:00:00","BZN|NL","Without Sequence","75.49","",""
"21/02/2025 16:00:00 - 21/02/2025 17:00:00","BZN|NL","Without Sequence","93.09","",""
"21/02/2025 17:00:00 - 21/02/2025 18:00:00","BZN|NL","Without Sequence","98.77","",""
"21/02/2025 18:00:00 - 21/02/2025 19:00:00","BZN|NL","Without Sequence","101.13","",""
"21/02/2025 19:00:00 - 21/02/2025 20:00:00","BZN|NL","Without Sequence","85.01","",""
"21/02/2025 20:00:00 - 21/02/2025 21:00:00","BZN|NL","Without Sequence","82.01","",""
"21/02/2025 21:00:00 - 21/02/2025 22:00:00","BZN|NL","Without Sequence","71.33","",""
"21/02/2025 22:00:00 - 21/02/2025 23:00:00","BZN|NL","Without Sequence","70.89","",""
"21/02/2025 23:00:00 - 22/02/2025 00:00:00","BZN|NL","Without Sequence","66.09","",""
"22/02/2025 00:00:00 - 22/02/2025 01:00:00","BZN|NL","Without Sequence","53.83","",""
"22/02/2025 01:00:00 - 22/02/2025 02:00:00","BZN|NL","Without Sequence","49.16","",""
"22/02/2025 02:00:00 - 22/02/2025 03:00:00","BZN|NL","Without Sequence","47.70","",""
"22/02/2025 03:00:00 - 22/02/2025 04:00:00","BZN|NL","Without Sequence","41.34","",""
"22/02/2025 04:00:00 - 22/02/2025 05:00:00","BZN|NL","Without Sequence","39.79","",""
"22/02/2025 05:00:00 - 22/02/2025 06:00:00","BZN|NL","Without Sequence","50.14","",""
"22/02/2025 06:00:00 - 22/02/2025 07:00:00","BZN|NL","Without Sequence","53.31","",""
"22/02/2025 07:00:00 - 22/02/2025 08:00:00","BZN|NL","Without Sequence","64.90","",""
"22/02/2025 08:00:00 - 22/02/2025 09:00:00","BZN|NL","Without Sequence","70.00","",""
"22/02/2025 09:00:00 - 22/02/2025 10:00:00","BZN|NL","Without Sequence","80.00","",""
"22/02/2025 10:00:00 - 22/02/2025 11:00:00","BZN|NL","Without Sequence","82.75","",""
"22/02/2025 11:00:00 - 22/02/2025 12:00:00","BZN|NL","Without Sequence","85.00","",""
"22/02/2025 12:00:00 - 22/02/2025 13:00:00","BZN|NL","Without Sequence","90.25","",""
"22/02/2025 13:00:00 - 22/02/2025 14:00:00","BZN|NL","Without Sequence","66.61","",""
"22/02/2025 14:00:00 - 22/02/2025 15:00:00","BZN|NL","Without Sequence","67.45","",""
"22/02/2025 15:00:00 - 22/02/2025 16:00:00","BZN|NL","Without Sequence","81.68","",""
"22/02/2025 16:00:00 - 22/02/2025 17:00:00","BZN|NL","Without Sequence","97.75","",""
"22/02/2025 17:00:00 - 22/02/2025 18:00:00","BZN|NL","Without Sequence","131.80","",""
"22/02/2025 18:00:00 - 22/02/2025 19:00:00","BZN|NL","Without Sequence","146.00","",""
"22/02/2025 19:00:00 - 22/02/2025 20:00:00","BZN|NL","Without Sequence","153.65","",""
"22/02/2025 20:00:00 - 22/02/2025 21:00:00","BZN|NL","Without Sequence","147.21","",""
"22/02/2025 21:00:00 - 22/02/2025 22:00:00","BZN|NL","Without Sequence","116.18","",""
"22/02/2025 22:00:00 - 22/02/2025 23:00:00","BZN|NL","Without Sequence","122.00","",""
"22/02/2025 23:00:00 - 23/02/2025 00:00:00","BZN|NL","Without Sequence","119.48","",""
"23/02/2025 00:00:00 - 23/02/2025 01:00:00","BZN|NL","Without Sequence","106.00","",""
"23/02/2025 01:00:00 - 23/02/2025 02:00:00","BZN|NL","Without Sequence","92.60","",""
"23/02/2025 02:00:00 - 23/02/2025 03:00:00","BZN|NL","Without Sequence","87.02","",""
"23/02/2025 03:00:00 - 23/02/2025 04:00:00","BZN|NL","Without Sequence","83.63","",""
"23/02/2025 04:00:00 - 23/02/2025 05:00:00","BZN|NL","Without Sequence","84.30","",""
"23/02/2025 05:00:00 - 23/02/2025 06:00:00","BZN|NL","Without Sequence","85.79","",""
"23/02/2025 06:00:00 - 23/02/2025 07:00:00","BZN|NL","Without Sequence","86.62","",""
"23/02/2025 07:00:00 - 23/02/2025 08:00:00","BZN|NL","Without Sequence","103.35","",""
"23/02/2025 08:00:00 - 23/02/2025 09:00:00","BZN|NL","Without Sequence","106.22","",""
"23/02/2025 09:00:00 - 23/02/2025 10:00:00","BZN|NL","Without Sequence","93.00","",""
"23/02/2025 10:00:00 - 23/02/2025 11:00:00","BZN|NL","Without Sequence","76.13","",""
"23/02/2025 11:00:00 - 23/02/2025 12:00:00","BZN|NL","Without Sequence","60.46","",""
"23/02/2025 12:00:00 - 23/02/2025 13:00:00","BZN|NL","Without Sequence","49.81","",""
"23/02/2025 13:00:00 - 23/02/2025 14:00:00","BZN|NL","Without Sequence","33.35","",""
"23/02/2025 14:00:00 - 23/02/2025 15:00:00","BZN|NL","Without Sequence","30.79","",""
"23/02/2025 15:00:00 - 23/02/2025 16:00:00","BZN|NL","Without Sequence","43.81","",""
"23/02/2025 16:00:00 - 23/02/2025 17:00:00","BZN|NL","Without Sequence","75.70","",""
"23/02/2025 17:00:00 - 23/02/2025 18:00:00","BZN|NL","Without Sequence","135.59","",""
"23/02/2025 18:00:00 - 23/02/2025 19:00:00","BZN|NL","Without Sequence","143.39","",""
"23/02/2025 19:00:00 - 23/02/2025 20:00:00","BZN|NL","Without Sequence","117.55","",""
"23/02/2025 20:00:00 - 23/02/2025 21:00:00","BZN|NL","Without Sequence","95.61","",""
"23/02/2025 21:00:00 - 23/02/2025 22:00:00","BZN|NL","Without Sequence","77.19","",""
"23/02/2025 22:00:00 - 23/02/2025 23:00:00","BZN|NL","Without Sequence","67.97","",""
"23/02/2025 23:00:00 - 24/02/2025 00:00:00","BZN|NL","Without Sequence","60.10","",""
"24/02/2025 00:00:00 - 24/02/2025 01:00:00","BZN|NL","Without Sequence","10.00","",""
"24/02/2025 01:00:00 - 24/02/2025 02:00:00","BZN|NL","Without Sequence","11.89","",""
"24/02/2025 02:00:00 - 24/02/2025 03:00:00","BZN|NL","Without Sequence","12.43","",""
"24/02/2025 03:00:00 - 24/02/2025 04:00:00","BZN|NL","Without Sequence","7.68","",""
"24/02/2025 04:00:00 - 24/02/2025 05:00:00","BZN|NL","Without Sequence","3.93","",""
"24/02/2025 05:00:00 - 24/02/2025 06:00:00","BZN|NL","Without Sequence","7.00","",""
"24/02/2025 06:00:00 - 24/02/2025 07:00:00","BZN|NL","Without Sequence","52.00","",""
"24/02/2025 07:00:00 - 24/02/2025 08:00:00","BZN|NL","Without Sequence","89.29","",""
"24/02/2025 08:00:00 - 24/02/2025 09:00:00","BZN|NL","Without Sequence","110.33","",""
"24/02/2025 09:00:00 - 24/02/2025 10:00:00","BZN|NL","Without Sequence","95.50","",""
"24/02/2025 10:00:00 - 24/02/2025 11:00:00","BZN|NL","Without Sequence","81.86","",""
"24/02/2025 11:00:00 - 24/02/2025 12:00:00","BZN|NL","Without Sequence","85.00","",""
"24/02/2025 12:00:00 - 24/02/2025 13:00:00","BZN|NL","Without Sequence","83.04","",""
"24/02/2025 13:00:00 - 24/02/2025 14:00:00","BZN|NL","Without Sequence","84.19","",""
"24/02/2025 14:00:00 - 24/02/2025 15:00:00","BZN|NL","Without Sequence","87.36","",""
"24/02/2025 15:00:00 - 24/02/2025 16:00:00","BZN|NL","Without Sequence","93.20","",""
"24/02/2025 16:00:00 - 24/02/2025 17:00:00","BZN|NL","Without Sequence","103.55","",""
"24/02/2025 17:00:00 - 24/02/2025 18:00:00","BZN|NL","Without Sequence","114.53","",""
"24/02/2025 18:00:00 - 24/02/2025 19:00:00","BZN|NL","Without Sequence","140.70","",""
"24/02/2025 19:00:00 - 24/02/2025 20:00:00","BZN|NL","Without Sequence","150.71","",""
"24/02/2025 20:00:00 - 24/02/2025 21:00:00","BZN|NL","Without Sequence","130.66","",""
"24/02/2025 21:00:00 - 24/02/2025 22:00:00","BZN|NL","Without Sequence","113.00","",""
"24/02/2025 22:00:00 - 24/02/2025 23:00:00","BZN|NL","Without Sequence","111.96","",""
"24/02/2025 23:00:00 - 25/02/2025 00:00:00","BZN|NL","Without Sequence","106.85","",""
"25/02/2025 00:00:00 - 25/02/2025 01:00:00","BZN|NL","Without Sequence","90.58","",""
"25/02/2025 01:00:00 - 25/02/2025 02:00:00","BZN|NL","Without Sequence","89.97","",""
"25/02/2025 02:00:00 - 25/02/2025 03:00:00","BZN|NL","Without Sequence","92.42","",""
"25/02/2025 03:00:00 - 25/02/2025 04:00:00","BZN|NL","Without Sequence","92.44","",""
"25/02/2025 04:00:00 - 25/02/2025 05:00:00","BZN|NL","Without Sequence","94.32","",""
"25/02/2025 05:00:00 - 25/02/2025 06:00:00","BZN|NL","Without Sequence","103.50","",""
"25/02/2025 06:00:00 - 25/02/2025 07:00:00","BZN|NL","Without Sequence","140.00","",""
"25/02/2025 07:00:00 - 25/02/2025 08:00:00","BZN|NL","Without Sequence","159.41","",""
"25/02/2025 08:00:00 - 25/02/2025 09:00:00","BZN|NL","Without Sequence","166.48","",""
"25/02/2025 09:00:00 - 25/02/2025 10:00:00","BZN|NL","Without Sequence","149.61","",""
"25/02/2025 10:00:00 - 25/02/2025 11:00:00","BZN|NL","Without Sequence","134.88","",""
"25/02/2025 11:00:00 - 25/02/2025 12:00:00","BZN|NL","Without Sequence","121.83","",""
"25/02/2025 12:00:00 - 25/02/2025 13:00:00","BZN|NL","Without Sequence","118.50","",""
"25/02/2025 13:00:00 - 25/02/2025 14:00:00","BZN|NL","Without Sequence","117.56","",""
"25/02/2025 14:00:00 - 25/02/2025 15:00:00","BZN|NL","Without Sequence","124.39","",""
"25/02/2025 15:00:00 - 25/02/2025 16:00:00","BZN|NL","Without Sequence","134.67","",""
"25/02/2025 16:00:00 - 25/02/2025 17:00:00","BZN|NL","Without Sequence","157.96","",""
"25/02/2025 17:00:00 - 25/02/2025 18:00:00","BZN|NL","Without Sequence","194.93","",""
"25/02/2025 18:00:00 - 25/02/2025 19:00:00","BZN|NL","Without Sequence","215.80","",""
"25/02/2025 19:00:00 - 25/02/2025 20:00:00","BZN|NL","Without Sequence","179.45","",""
"25/02/2025 20:00:00 - 25/02/2025 21:00:00","BZN|NL","Without Sequence","154.28","",""
"25/02/2025 21:00:00 - 25/02/2025 22:00:00","BZN|NL","Without Sequence","138.97","",""
"25/02/2025 22:00:00 - 25/02/2025 23:00:00","BZN|NL","Without Sequence","126.41","",""
"25/02/2025 23:00:00 - 26/02/2025 00:00:00","BZN|NL","Without Sequence","112.09","",""
"26/02/2025 00:00:00 - 26/02/2025 01:00:00","BZN|NL","Without Sequence","119.08","",""
"26/02/2025 01:00:00 - 26/02/2025 02:00:00","BZN|NL","Without Sequence","113.54","",""
"26/02/2025 02:00:00 - 26/02/2025 03:00:00","BZN|NL","Without Sequence","112.78","",""
"26/02/2025 03:00:00 - 26/02/2025 04:00:00","BZN|NL","Without Sequence","110.85","",""
"26/02/2025 04:00:00 - 26/02/2025 05:00:00","BZN|NL","Without Sequence","111.69","",""
"26/02/2025 05:00:00 - 26/02/2025 06:00:00","BZN|NL","Without Sequence","113.89","",""
"26/02/2025 06:00:00 - 26/02/2025 07:00:00","BZN|NL","Without Sequence","128.45","",""
"26/02/2025 07:00:00 - 26/02/2025 08:00:00","BZN|NL","Without Sequence","156.72","",""
"26/02/2025 08:00:00 - 26/02/2025 09:00:00","BZN|NL","Without Sequence","168.15","",""
"26/02/2025 09:00:00 - 26/02/2025 10:00:00","BZN|NL","Without Sequence","154.85","",""
"26/02/2025 10:00:00 - 26/02/2025 11:00:00","BZN|NL","Without Sequence","133.11","",""
"26/02/2025 11:00:00 - 26/02/2025 12:00:00","BZN|NL","Without Sequence","100.00","",""
"26/02/2025 12:00:00 - 26/02/2025 13:00:00","BZN|NL","Without Sequence","85.49","",""
"26/02/2025 13:00:00 - 26/02/2025 14:00:00","BZN|NL","Without Sequence","80.00","",""
"26/02/2025 14:00:00 - 26/02/2025 15:00:00","BZN|NL","Without Sequence","86.20","",""
"26/02/2025 15:00:00 - 26/02/2025 16:00:00","BZN|NL","Without Sequence","115.80","",""
"26/02/2025 16:00:00 - 26/02/2025 17:00:00","BZN|NL","Without Sequence","109.63","",""
"26/02/2025 17:00:00 - 26/02/2025 18:00:00","BZN|NL","Without Sequence","145.96","",""
"26/02/2025 18:00:00 - 26/02/2025 19:00:00","BZN|NL","Without Sequence","159.05","",""
"26/02/2025 19:00:00 - 26/02/2025 20:00:00","BZN|NL","Without Sequence","152.12","",""
"26/02/2025 20:00:00 - 26/02/2025 21:00:00","BZN|NL","Without Sequence","141.56","",""
"26/02/2025 21:00:00 - 26/02/2025 22:00:00","BZN|NL","Without Sequence","118.44","",""
"26/02/2025 22:00:00 - 26/02/2025 23:00:00","BZN|NL","Without Sequence","120.94","",""
"26/02/2025 23:00:00 - 27/02/2025 00:00:00","BZN|NL","Without Sequence","112.58","",""
"27/02/2025 00:00:00 - 27/02/2025 01:00:00","BZN|NL","Without Sequence","101.65","",""
"27/02/2025 01:00:00 - 27/02/2025 02:00:00","BZN|NL","Without Sequence","103.81","",""
"27/02/2025 02:00:00 - 27/02/2025 03:00:00","BZN|NL","Without Sequence","101.24","",""
"27/02/2025 03:00:00 - 27/02/2025 04:00:00","BZN|NL","Without Sequence","99.60","",""
"27/02/2025 04:00:00 - 27/02/2025 05:00:00","BZN|NL","Without Sequence","100.41","",""
"27/02/2025 05:00:00 - 27/02/2025 06:00:00","BZN|NL","Without Sequence","105.62","",""
"27/02/2025 06:00:00 - 27/02/2025 07:00:00","BZN|NL","Without Sequence","115.15","",""
"27/02/2025 07:00:00 - 27/02/2025 08:00:00","BZN|NL","Without Sequence","151.24","",""
"27/02/2025 08:00:00 - 27/02/2025 09:00:00","BZN|NL","Without Sequence","159.15","",""
"27/02/2025 09:00:00 - 27/02/2025 10:00:00","BZN|NL","Without Sequence","140.00","",""
"27/02/2025 10:00:00 - 27/02/2025 11:00:00","BZN|NL","Without Sequence","126.01","",""
"27/02/2025 11:00:00 - 27/02/2025 12:00:00","BZN|NL","Without Sequence","108.12","",""
"27/02/2025 12:00:00 - 27/02/2025 13:00:00","BZN|NL","Without Sequence","99.95","",""
"27/02/2025 13:00:00 - 27/02/2025 14:00:00","BZN|NL","Without Sequence","97.50","",""
"27/02/2025 14:00:00 - 27/02/2025 15:00:00","BZN|NL","Without Sequence","99.80","",""
"27/02/2025 15:00:00 - 27/02/2025 16:00:00","BZN|NL","Without Sequence","100.00","",""
"27/02/2025 16:00:00 - 27/02/2025 17:00:00","BZN|NL","Without Sequence","116.47","",""
"27/02/2025 17:00:00 - 27/02/2025 18:00:00","BZN|NL","Without Sequence","144.51","",""
"27/02/2025 18:00:00 - 27/02/2025 19:00:00","BZN|NL","Without Sequence","168.87","",""
"27/02/2025 19:00:00 - 27/02/2025 20:00:00","BZN|NL","Without Sequence","146.00","",""
"27/02/2025 20:00:00 - 27/02/2025 21:00:00","BZN|NL","Without Sequence","129.25","",""
"27/02/2025 21:00:00 - 27/02/2025 22:00:00","BZN|NL","Without Sequence","104.90","",""
"27/02/2025 22:00:00 - 27/02/2025 23:00:00","BZN|NL","Without Sequence","104.20","",""
"27/02/2025 23:00:00 - 28/02/2025 00:00:00","BZN|NL","Without Sequence","105.26","",""
"28/02/2025 00:00:00 - 28/02/2025 01:00:00","BZN|NL","Without Sequence","97.10","",""
"28/02/2025 01:00:00 - 28/02/2025 02:00:00","BZN|NL","Without Sequence","110.54","",""
"28/02/2025 02:00:00 - 28/02/2025 03:00:00","BZN|NL","Without Sequence","109.38","",""
"28/02/2025 03:00:00 - 28/02/2025 04:00:00","BZN|NL","Without Sequence","106.58","",""
"28/02/2025 04:00:00 - 28/02/2025 05:00:00","BZN|NL","Without Sequence","110.53","",""
"28/02/2025 05:00:00 - 28/02/2025 06:00:00","BZN|NL","Without Sequence","111.12","",""
"28/02/2025 06:00:00 - 28/02/2025 07:00:00","BZN|NL","Without Sequence","116.86","",""
"28/02/2025 07:00:00 - 28/02/2025 08:00:00","BZN|NL","Without Sequence","148.83","",""
"28/02/2025 08:00:00 - 28/02/2025 09:00:00","BZN|NL","Without Sequence","160.45","",""
"28/02/2025 09:00:00 - 28/02/2025 10:00:00","BZN|NL","Without Sequence","141.07","",""
"28/02/2025 10:00:00 - 28/02/2025 11:00:00","BZN|NL","Without Sequence","123.19","",""
"28/02/2025 11:00:00 - 28/02/2025 12:00:00","BZN|NL","Without Sequence","110.00","",""
"28/02/2025 12:00:00 - 28/02/2025 13:00:00","BZN|NL","Without Sequence","96.40","",""
"28/02/2025 13:00:00 - 28/02/2025 14:00:00","BZN|NL","Without Sequence","91.50","",""
"28/02/2025 14:00:00 - 28/02/2025 15:00:00","BZN|NL","Without Sequence","92.00","",""
"28/02/2025 15:00:00 - 28/02/2025 16:00:00","BZN|NL","Without Sequence","101.15","",""
"28/02/2025 16:00:00 - 28/02/2025 17:00:00","BZN|NL","Without Sequence","124.10","",""
"28/02/2025 17:00:00 - 28/02/2025 18:00:00","BZN|NL","Without Sequence","147.72","",""
"28/02/2025 18:00:00 - 28/02/2025 19:00:00","BZN|NL","Without Sequence","156.63","",""
"28/02/2025 19:00:00 - 28/02/2025 20:00:00","BZN|NL","Without Sequence","158.00","",""
"28/02/2025 20:00:00 - 28/02/2025 21:00:00","BZN|NL","Without Sequence","142.69","",""
"28/02/2025 21:00:00 - 28/02/2025 22:00:00","BZN|NL","Without Sequence","131.31","",""
"28/02/2025 22:00:00 - 28/02/2025 23:00:00","BZN|NL","Without Sequence","125.54","",""
"28/02/2025 23:00:00 - 01/03/2025 00:00:00","BZN|NL","Without Sequence","117.21","",""
"01/03/2025 00:00:00 - 01/03/2025 01:00:00","BZN|NL","Without Sequence","126.47","",""
"01/03/2025 01:00:00 - 01/03/2025 02:00:00","BZN|NL","Without Sequence","119.47","",""
"01/03/2025 02:00:00 - 01/03/2025 03:00:00","BZN|NL","Without Sequence","116.61","",""
"01/03/2025 03:00:00 - 01/03/2025 04:00:00","BZN|NL","Without Sequence","109.90","",""
"01/03/2025 04:00:00 - 01/03/2025 05:00:00","BZN|NL","Without Sequence","108.05","",""
"01/03/2025 05:00:00 - 01/03/2025 06:00:00","BZN|NL","Without Sequence","111.88","",""
"01/03/2025 06:00:00 - 01/03/2025 07:00:00","BZN|NL","Without Sequence","117.10","",""
"01/03/2025 07:00:00 - 01/03/2025 08:00:00","BZN|NL","Without Sequence","133.82","",""
"01/03/2025 08:00:00 - 01/03/2025 09:00:00","BZN|NL","Without Sequence","136.25","",""
"01/03/2025 09:00:00 - 01/03/2025 10:00:00","BZN|NL","Without Sequence","133.48","",""
"01/03/2025 10:00:00 - 01/03/2025 11:00:00","BZN|NL","Without Sequence","119.44","",""
"01/03/2025 11:00:00 - 01/03/2025 12:00:00","BZN|NL","Without Sequence","106.43","",""
"01/03/2025 12:00:00 - 01/03/2025 13:00:00","BZN|NL","Without Sequence","98.63","",""
"01/03/2025 13:00:00 - 01/03/2025 14:00:00","BZN|NL","Without Sequence","91.41","",""
"01/03/2025 14:00:00 - 01/03/2025 15:00:00","BZN|NL","Without Sequence","89.10","",""
"01/03/2025 15:00:00 - 01/03/2025 16:00:00","BZN|NL","Without Sequence","96.40","",""
"01/03/2025 16:00:00 - 01/03/2025 17:00:00","BZN|NL","Without Sequence","113.54","",""
"01/03/2025 17:00:00 - 01/03/2025 18:00:00","BZN|NL","Without Sequence","134.81","",""
"01/03/2025 18:00:00 - 01/03/2025 19:00:00","BZN|NL","Without Sequence","152.00","",""
"01/03/2025 19:00:00 - 01/03/2025 20:00:00","BZN|NL","Without Sequence","146.76","",""
"01/03/2025 20:00:00 - 01/03/2025 21:00:00","BZN|NL","Without Sequence","133.41","",""
"01/03/2025 21:00:00 - 01/03/2025 22:00:00","BZN|NL","Without Sequence","125.43","",""
"01/03/2025 22:00:00 - 01/03/2025 23:00:00","BZN|NL","Without Sequence","122.03","",""
"01/03/2025 23:00:00 - 02/03/2025 00:00:00","BZN|NL","Without Sequence","119.92","",""
"02/03/2025 00:00:00 - 02/03/2025 01:00:00","BZN|NL","Without Sequence","123.97","",""
"02/03/2025 01:00:00 - 02/03/2025 02:00:00","BZN|NL","Without Sequence","107.72","",""
"02/03/2025 02:00:00 - 02/03/2025 03:00:00","BZN|NL","Without Sequence","99.41","",""
"02/03/2025 03:00:00 - 02/03/2025 04:00:00","BZN|NL","Without Sequence","93.19","",""
"02/03/2025 04:00:00 - 02/03/2025 05:00:00","BZN|NL","Without Sequence","94.49","",""
"02/03/2025 05:00:00 - 02/03/2025 06:00:00","BZN|NL","Without Sequence","94.30","",""
"02/03/2025 06:00:00 - 02/03/2025 07:00:00","BZN|NL","Without Sequence","96.43","",""
"02/03/2025 07:00:00 - 02/03/2025 08:00:00","BZN|NL","Without Sequence","103.00","",""
"02/03/2025 08:00:00 - 02/03/2025 09:00:00","BZN|NL","Without Sequence","103.23","",""
"02/03/2025 09:00:00 - 02/03/2025 10:00:00","BZN|NL","Without Sequence","89.00","",""
"02/03/2025 10:00:00 - 02/03/2025 11:00:00","BZN|NL","Without Sequence","68.30","",""
"02/03/2025 11:00:00 - 02/03/2025 12:00:00","BZN|NL","Without Sequence","49.00","",""
"02/03/2025 12:00:00 - 02/03/2025 13:00:00","BZN|NL","Without Sequence","27.50","",""
"02/03/2025 13:00:00 - 02/03/2025 14:00:00","BZN|NL","Without Sequence","-3.00","",""
"02/03/2025 14:00:00 - 02/03/2025 15:00:00","BZN|NL","Without Sequence","-3.86","",""
"02/03/2025 15:00:00 - 02/03/2025 16:00:00","BZN|NL","Without Sequence","50.70","",""
"02/03/2025 16:00:00 - 02/03/2025 17:00:00","BZN|NL","Without Sequence","79.90","",""
"02/03/2025 17:00:00 - 02/03/2025 18:00:00","BZN|NL","Without Sequence","122.02","",""
"02/03/2025 18:00:00 - 02/03/2025 19:00:00","BZN|NL","Without Sequence","141.05","",""
"02/03/2025 19:00:00 - 02/03/2025 20:00:00","BZN|NL","Without Sequence","146.38","",""
"02/03/2025 20:00:00 - 02/03/2025 21:00:00","BZN|NL","Without Sequence","133.35","",""
"02/03/2025 21:00:00 - 02/03/2025 22:00:00","BZN|NL","Without Sequence","120.44","",""
"02/03/2025 22:00:00 - 02/03/2025 23:00:00","BZN|NL","Without Sequence","120.86","",""
"02/03/2025 23:00:00 - 03/03/2025 00:00:00","BZN|NL","Without Sequence","112.83","",""
"03/03/2025 00:00:00 - 03/03/2025 01:00:00","BZN|NL","Without Sequence","108.28","",""
"03/03/2025 01:00:00 - 03/03/2025 02:00:00","BZN|NL","Without Sequence","103.85","",""
"03/03/2025 02:00:00 - 03/03/2025 03:00:00","BZN|NL","Without Sequence","102.93","",""
"03/03/2025 03:00:00 - 03/03/2025 04:00:00","BZN|NL","Without Sequence","99.80","",""
"03/03/2025 04:00:00 - 03/03/2025 05:00:00","BZN|NL","Without Sequence","103.47","",""
"03/03/2025 05:00:00 - 03/03/2025 06:00:00","BZN|NL","Without Sequence","116.81","",""
"03/03/2025 06:00:00 - 03/03/2025 07:00:00","BZN|NL","Without Sequence","137.55","",""
"03/03/2025 07:00:00 - 03/03/2025 08:00:00","BZN|NL","Without Sequence","163.00","",""
"03/03/2025 08:00:00 - 03/03/2025 09:00:00","BZN|NL","Without Sequence","146.00","",""
"03/03/2025 09:00:00 - 03/03/2025 10:00:00","BZN|NL","Without Sequence","90.00","",""
"03/03/2025 10:00:00 - 03/03/2025 11:00:00","BZN|NL","Without Sequence","80.00","",""
"03/03/2025 11:00:00 - 03/03/2025 12:00:00","BZN|NL","Without Sequence","6.40","",""
"03/03/2025 12:00:00 - 03/03/2025 13:00:00","BZN|NL","Without Sequence","0.33","",""
"03/03/2025 13:00:00 - 03/03/2025 14:00:00","BZN|NL","Without Sequence","-1.76","",""
"03/03/2025 14:00:00 - 03/03/2025 15:00:00","BZN|NL","Without Sequence","60.47","",""
"03/03/2025 15:00:00 - 03/03/2025 16:00:00","BZN|NL","Without Sequence","83.47","",""
"03/03/2025 16:00:00 - 03/03/2025 17:00:00","BZN|NL","Without Sequence","106.30","",""
"03/03/2025 17:00:00 - 03/03/2025 18:00:00","BZN|NL","Without Sequence","142.75","",""
"03/03/2025 18:00:00 - 03/03/2025 19:00:00","BZN|NL","Without Sequence","180.05","",""
"03/03/2025 19:00:00 - 03/03/2025 20:00:00","BZN|NL","Without Sequence","175.82","",""
"03/03/2025 20:00:00 - 03/03/2025 21:00:00","BZN|NL","Without Sequence","150.28","",""
"03/03/2025 21:00:00 - 03/03/2025 22:00:00","BZN|NL","Without Sequence","127.39","",""
"03/03/2025 22:00:00 - 03/03/2025 23:00:00","BZN|NL","Without Sequence","125.10","",""
"03/03/2025 23:00:00 - 04/03/2025 00:00:00","BZN|NL","Without Sequence","122.79","",""
"04/03/2025 00:00:00 - 04/03/2025 01:00:00","BZN|NL","Without Sequence","121.29","",""
"04/03/2025 01:00:00 - 04/03/2025 02:00:00","BZN|NL","Without Sequence","109.76","",""
"04/03/2025 02:00:00 - 04/03/2025 03:00:00","BZN|NL","Without Sequence","103.99","",""
"04/03/2025 03:00:00 - 04/03/2025 04:00:00","BZN|NL","Without Sequence","104.95","",""
"04/03/2025 04:00:00 - 04/03/2025 05:00:00","BZN|NL","Without Sequence","100.62","",""
"04/03/2025 05:00:00 - 04/03/2025 06:00:00","BZN|NL","Without Sequence","110.39","",""
"04/03/2025 06:00:00 - 04/03/2025 07:00:00","BZN|NL","Without Sequence","138.11","",""
"04/03/2025 07:00:00 - 04/03/2025 08:00:00","BZN|NL","Without Sequence","169.62","",""
"04/03/2025 08:00:00 - 04/03/2025 09:00:00","BZN|NL","Without Sequence","141.95","",""
"04/03/2025 09:00:00 - 04/03/2025 10:00:00","BZN|NL","Without Sequence","122.00","",""
"04/03/2025 10:00:00 - 04/03/2025 11:00:00","BZN|NL","Without Sequence","89.97","",""
"04/03/2025 11:00:00 - 04/03/2025 12:00:00","BZN|NL","Without Sequence","30.00","",""
"04/03/2025 12:00:00 - 04/03/2025 13:00:00","BZN|NL","Without Sequence","-3.00","",""
"04/03/2025 13:00:00 - 04/03/2025 14:00:00","BZN|NL","Without Sequence","4.04","",""
"04/03/2025 14:00:00 - 04/03/2025 15:00:00","BZN|NL","Without Sequence","51.78","",""
"04/03/2025 15:00:00 - 04/03/2025 16:00:00","BZN|NL","Without Sequence","81.52","",""
"04/03/2025 16:00:00 - 04/03/2025 17:00:00","BZN|NL","Without Sequence","109.00","",""
"04/03/2025 17:00:00 - 04/03/2025 18:00:00","BZN|NL","Without Sequence","142.58","",""
"04/03/2025 18:00:00 - 04/03/2025 19:00:00","BZN|NL","Without Sequence","173.93","",""
"04/03/2025 19:00:00 - 04/03/2025 20:00:00","BZN|NL","Without Sequence","163.95","",""
"04/03/2025 20:00:00 - 04/03/2025 21:00:00","BZN|NL","Without Sequence","133.40","",""
"04/03/2025 21:00:00 - 04/03/2025 22:00:00","BZN|NL","Without Sequence","114.85","",""
"04/03/2025 22:00:00 - 04/03/2025 23:00:00","BZN|NL","Without Sequence","114.29","",""
"04/03/2025 23:00:00 - 05/03/2025 00:00:00","BZN|NL","Without Sequence","107.29","",""
"05/03/2025 00:00:00 - 05/03/2025 01:00:00","BZN|NL","Without Sequence","92.00","",""
"05/03/2025 01:00:00 - 05/03/2025 02:00:00","BZN|NL","Without Sequence","92.90","",""
"05/03/2025 02:00:00 - 05/03/2025 03:00:00","BZN|NL","Without Sequence","84.60","",""
"05/03/2025 03:00:00 - 05/03/2025 04:00:00","BZN|NL","Without Sequence","80.32","",""
"05/03/2025 04:00:00 - 05/03/2025 05:00:00","BZN|NL","Without Sequence","82.23","",""
"05/03/2025 05:00:00 - 05/03/2025 06:00:00","BZN|NL","Without Sequence","92.37","",""
"05/03/2025 06:00:00 - 05/03/2025 07:00:00","BZN|NL","Without Sequence","116.08","",""
"05/03/2025 07:00:00 - 05/03/2025 08:00:00","BZN|NL","Without Sequence","140.49","",""
"05/03/2025 08:00:00 - 05/03/2025 09:00:00","BZN|NL","Without Sequence","141.52","",""
"05/03/2025 09:00:00 - 05/03/2025 10:00:00","BZN|NL","Without Sequence","44.23","",""
"05/03/2025 10:00:00 - 05/03/2025 11:00:00","BZN|NL","Without Sequence","-6.24","",""
"05/03/2025 11:00:00 - 05/03/2025 12:00:00","BZN|NL","Without Sequence","-11.00","",""
"05/03/2025 12:00:00 - 05/03/2025 13:00:00","BZN|NL","Without Sequence","-20.35","",""
"05/03/2025 13:00:00 - 05/03/2025 14:00:00","BZN|NL","Without Sequence","-8.85","",""
"05/03/2025 14:00:00 - 05/03/2025 15:00:00","BZN|NL","Without Sequence","-2.00","",""
"05/03/2025 15:00:00 - 05/03/2025 16:00:00","BZN|NL","Without Sequence","48.38","",""
"05/03/2025 16:00:00 - 05/03/2025 17:00:00","BZN|NL","Without Sequence","86.10","",""
"05/03/2025 17:00:00 - 05/03/2025 18:00:00","BZN|NL","Without Sequence","127.09","",""
"05/03/2025 18:00:00 - 05/03/2025 19:00:00","BZN|NL","Without Sequence","143.78","",""
"05/03/2025 19:00:00 - 05/03/2025 20:00:00","BZN|NL","Without Sequence","146.16","",""
"05/03/2025 20:00:00 - 05/03/2025 21:00:00","BZN|NL","Without Sequence","122.31","",""
"05/03/2025 21:00:00 - 05/03/2025 22:00:00","BZN|NL","Without Sequence","107.92","",""
"05/03/2025 22:00:00 - 05/03/2025 23:00:00","BZN|NL","Without Sequence","108.78","",""
"05/03/2025 23:00:00 - 06/03/2025 00:00:00","BZN|NL","Without Sequence","97.39","",""
"06/03/2025 00:00:00 - 06/03/2025 01:00:00","BZN|NL","Without Sequence","84.10","",""
"06/03/2025 01:00:00 - 06/03/2025 02:00:00","BZN|NL","Without Sequence","84.14","",""
"06/03/2025 02:00:00 - 06/03/2025 03:00:00","BZN|NL","Without Sequence","84.83","",""
"06/03/2025 03:00:00 - 06/03/2025 04:00:00","BZN|NL","Without Sequence","84.59","",""
"06/03/2025 04:00:00 - 06/03/2025 05:00:00","BZN|NL","Without Sequence","90.10","",""
"06/03/2025 05:00:00 - 06/03/2025 06:00:00","BZN|NL","Without Sequence","93.53","",""
"06/03/2025 06:00:00 - 06/03/2025 07:00:00","BZN|NL","Without Sequence","132.87","",""
"06/03/2025 07:00:00 - 06/03/2025 08:00:00","BZN|NL","Without Sequence","147.24","",""
"06/03/2025 08:00:00 - 06/03/2025 09:00:00","BZN|NL","Without Sequence","108.50","",""
"06/03/2025 09:00:00 - 06/03/2025 10:00:00","BZN|NL","Without Sequence","78.72","",""
"06/03/2025 10:00:00 - 06/03/2025 11:00:00","BZN|NL","Without Sequence","50.62","",""
"06/03/2025 11:00:00 - 06/03/2025 12:00:00","BZN|NL","Without Sequence","1.58","",""
"06/03/2025 12:00:00 - 06/03/2025 13:00:00","BZN|NL","Without Sequence","-4.47","",""
"06/03/2025 13:00:00 - 06/03/2025 14:00:00","BZN|NL","Without Sequence","-2.04","",""
"06/03/2025 14:00:00 - 06/03/2025 15:00:00","BZN|NL","Without Sequence","13.16","",""
"06/03/2025 15:00:00 - 06/03/2025 16:00:00","BZN|NL","Without Sequence","63.61","",""
"06/03/2025 16:00:00 - 06/03/2025 17:00:00","BZN|NL","Without Sequence","100.56","",""
"06/03/2025 17:00:00 - 06/03/2025 18:00:00","BZN|NL","Without Sequence","136.82","",""
"06/03/2025 18:00:00 - 06/03/2025 19:00:00","BZN|NL","Without Sequence","155.73","",""
"06/03/2025 19:00:00 - 06/03/2025 20:00:00","BZN|NL","Without Sequence","132.33","",""
"06/03/2025 20:00:00 - 06/03/2025 21:00:00","BZN|NL","Without Sequence","110.70","",""
"06/03/2025 21:00:00 - 06/03/2025 22:00:00","BZN|NL","Without Sequence","103.37","",""
"06/03/2025 22:00:00 - 06/03/2025 23:00:00","BZN|NL","Without Sequence","96.40","",""
"06/03/2025 23:00:00 - 07/03/2025 00:00:00","BZN|NL","Without Sequence","86.00","",""
"07/03/2025 00:00:00 - 07/03/2025 01:00:00","BZN|NL","Without Sequence","84.58","",""
"07/03/2025 01:00:00 - 07/03/2025 02:00:00","BZN|NL","Without Sequence","86.00","",""
"07/03/2025 02:00:00 - 07/03/2025 03:00:00","BZN|NL","Without Sequence","87.00","",""
"07/03/2025 03:00:00 - 07/03/2025 04:00:00","BZN|NL","Without Sequence","85.88","",""
"07/03/2025 04:00:00 - 07/03/2025 05:00:00","BZN|NL","Without Sequence","90.00","",""
"07/03/2025 05:00:00 - 07/03/2025 06:00:00","BZN|NL","Without Sequence","101.30","",""
"07/03/2025 06:00:00 - 07/03/2025 07:00:00","BZN|NL","Without Sequence","107.20","",""
"07/03/2025 07:00:00 - 07/03/2025 08:00:00","BZN|NL","Without Sequence","136.59","",""
"07/03/2025 08:00:00 - 07/03/2025 09:00:00","BZN|NL","Without Sequence","117.01","",""
"07/03/2025 09:00:00 - 07/03/2025 10:00:00","BZN|NL","Without Sequence","82.11","",""
"07/03/2025 10:00:00 - 07/03/2025 11:00:00","BZN|NL","Without Sequence","63.37","",""
"07/03/2025 11:00:00 - 07/03/2025 12:00:00","BZN|NL","Without Sequence","31.81","",""
"07/03/2025 12:00:00 - 07/03/2025 13:00:00","BZN|NL","Without Sequence","12.79","",""
"07/03/2025 13:00:00 - 07/03/2025 14:00:00","BZN|NL","Without Sequence","6.79","",""
"07/03/2025 14:00:00 - 07/03/2025 15:00:00","BZN|NL","Without Sequence","32.92","",""
"07/03/2025 15:00:00 - 07/03/2025 16:00:00","BZN|NL","Without Sequence","69.98","",""
"07/03/2025 16:00:00 - 07/03/2025 17:00:00","BZN|NL","Without Sequence","110.00","",""
"07/03/2025 17:00:00 - 07/03/2025 18:00:00","BZN|NL","Without Sequence","134.83","",""
"07/03/2025 18:00:00 - 07/03/2025 19:00:00","BZN|NL","Without Sequence","195.47","",""
"07/03/2025 19:00:00 - 07/03/2025 20:00:00","BZN|NL","Without Sequence","165.80","",""
"07/03/2025 20:00:00 - 07/03/2025 21:00:00","BZN|NL","Without Sequence","136.11","",""
"07/03/2025 21:00:00 - 07/03/2025 22:00:00","BZN|NL","Without Sequence","118.55","",""
"07/03/2025 22:00:00 - 07/03/2025 23:00:00","BZN|NL","Without Sequence","109.12","",""
"07/03/2025 23:00:00 - 08/03/2025 00:00:00","BZN|NL","Without Sequence","102.42","",""
"08/03/2025 00:00:00 - 08/03/2025 01:00:00","BZN|NL","Without Sequence","117.57","",""
"08/03/2025 01:00:00 - 08/03/2025 02:00:00","BZN|NL","Without Sequence","102.51","",""
"08/03/2025 02:00:00 - 08/03/2025 03:00:00","BZN|NL","Without Sequence","97.00","",""
"08/03/2025 03:00:00 - 08/03/2025 04:00:00","BZN|NL","Without Sequence","99.36","",""
"08/03/2025 04:00:00 - 08/03/2025 05:00:00","BZN|NL","Without Sequence","100.71","",""
"08/03/2025 05:00:00 - 08/03/2025 06:00:00","BZN|NL","Without Sequence","103.41","",""
"08/03/2025 06:00:00 - 08/03/2025 07:00:00","BZN|NL","Without Sequence","114.90","",""
"08/03/2025 07:00:00 - 08/03/2025 08:00:00","BZN|NL","Without Sequence","110.00","",""
"08/03/2025 08:00:00 - 08/03/2025 09:00:00","BZN|NL","Without Sequence","98.04","",""
"08/03/2025 09:00:00 - 08/03/2025 10:00:00","BZN|NL","Without Sequence","72.54","",""
"08/03/2025 10:00:00 - 08/03/2025 11:00:00","BZN|NL","Without Sequence","18.05","",""
"08/03/2025 11:00:00 - 08/03/2025 12:00:00","BZN|NL","Without Sequence","1.52","",""
"08/03/2025 12:00:00 - 08/03/2025 13:00:00","BZN|NL","Without Sequence","-3.66","",""
"08/03/2025 13:00:00 - 08/03/2025 14:00:00","BZN|NL","Without Sequence","-0.51","",""
"08/03/2025 14:00:00 - 08/03/2025 15:00:00","BZN|NL","Without Sequence","0.07","",""
"08/03/2025 15:00:00 - 08/03/2025 16:00:00","BZN|NL","Without Sequence","45.36","",""
"08/03/2025 16:00:00 - 08/03/2025 17:00:00","BZN|NL","Without Sequence","84.59","",""
"08/03/2025 17:00:00 - 08/03/2025 18:00:00","BZN|NL","Without Sequence","130.42","",""
"08/03/2025 18:00:00 - 08/03/2025 19:00:00","BZN|NL","Without Sequence","150.90","",""
"08/03/2025 19:00:00 - 08/03/2025 20:00:00","BZN|NL","Without Sequence","122.35","",""
"08/03/2025 20:00:00 - 08/03/2025 21:00:00","BZN|NL","Without Sequence","99.06","",""
"08/03/2025 21:00:00 - 08/03/2025 22:00:00","BZN|NL","Without Sequence","90.18","",""
"08/03/2025 22:00:00 - 08/03/2025 23:00:00","BZN|NL","Without Sequence","88.06","",""
"08/03/2025 23:00:00 - 09/03/2025 00:00:00","BZN|NL","Without Sequence","86.48","",""
"09/03/2025 00:00:00 - 09/03/2025 01:00:00","BZN|NL","Without Sequence","84.97","",""
"09/03/2025 01:00:00 - 09/03/2025 02:00:00","BZN|NL","Without Sequence","86.80","",""
"09/03/2025 02:00:00 - 09/03/2025 03:00:00","BZN|NL","Without Sequence","85.70","",""
"09/03/2025 03:00:00 - 09/03/2025 04:00:00","BZN|NL","Without Sequence","95.86","",""
"09/03/2025 04:00:00 - 09/03/2025 05:00:00","BZN|NL","Without Sequence","97.72","",""
"09/03/2025 05:00:00 - 09/03/2025 06:00:00","BZN|NL","Without Sequence","99.85","",""
"09/03/2025 06:00:00 - 09/03/2025 07:00:00","BZN|NL","Without Sequence","100.00","",""
"09/03/2025 07:00:00 - 09/03/2025 08:00:00","BZN|NL","Without Sequence","87.34","",""
"09/03/2025 08:00:00 - 09/03/2025 09:00:00","BZN|NL","Without Sequence","62.21","",""
"09/03/2025 09:00:00 - 09/03/2025 10:00:00","BZN|NL","Without Sequence","29.27","",""
"09/03/2025 10:00:00 - 09/03/2025 11:00:00","BZN|NL","Without Sequence","10.10","",""
"09/03/2025 11:00:00 - 09/03/2025 12:00:00","BZN|NL","Without Sequence","-6.55","",""
"09/03/2025 12:00:00 - 09/03/2025 13:00:00","BZN|NL","Without Sequence","-12.77","",""
"09/03/2025 13:00:00 - 09/03/2025 14:00:00","BZN|NL","Without Sequence","-8.06","",""
"09/03/2025 14:00:00 - 09/03/2025 15:00:00","BZN|NL","Without Sequence","-2.21","",""
"09/03/2025 15:00:00 - 09/03/2025 16:00:00","BZN|NL","Without Sequence","17.39","",""
"09/03/2025 16:00:00 - 09/03/2025 17:00:00","BZN|NL","Without Sequence","81.00","",""
"09/03/2025 17:00:00 - 09/03/2025 18:00:00","BZN|NL","Without Sequence","112.06","",""
"09/03/2025 18:00:00 - 09/03/2025 19:00:00","BZN|NL","Without Sequence","127.46","",""
"09/03/2025 19:00:00 - 09/03/2025 20:00:00","BZN|NL","Without Sequence","134.63","",""
"09/03/2025 20:00:00 - 09/03/2025 21:00:00","BZN|NL","Without Sequence","129.78","",""
"09/03/2025 21:00:00 - 09/03/2025 22:00:00","BZN|NL","Without Sequence","121.44","",""
"09/03/2025 22:00:00 - 09/03/2025 23:00:00","BZN|NL","Without Sequence","110.01","",""
"09/03/2025 23:00:00 - 10/03/2025 00:00:00","BZN|NL","Without Sequence","103.64","",""
"10/03/2025 00:00:00 - 10/03/2025 01:00:00","BZN|NL","Without Sequence","94.94","",""
"10/03/2025 01:00:00 - 10/03/2025 02:00:00","BZN|NL","Without Sequence","91.98","",""
"10/03/2025 02:00:00 - 10/03/2025 03:00:00","BZN|NL","Without Sequence","92.64","",""
"10/03/2025 03:00:00 - 10/03/2025 04:00:00","BZN|NL","Without Sequence","92.56","",""
"10/03/2025 04:00:00 - 10/03/2025 05:00:00","BZN|NL","Without Sequence","89.98","",""
"10/03/2025 05:00:00 - 10/03/2025 06:00:00","BZN|NL","Without Sequence","101.14","",""
"10/03/2025 06:00:00 - 10/03/2025 07:00:00","BZN|NL","Without Sequence","141.76","",""
"10/03/2025 07:00:00 - 10/03/2025 08:00:00","BZN|NL","Without Sequence","149.92","",""
"10/03/2025 08:00:00 - 10/03/2025 09:00:00","BZN|NL","Without Sequence","133.32","",""
"10/03/2025 09:00:00 - 10/03/2025 10:00:00","BZN|NL","Without Sequence","98.22","",""
"10/03/2025 10:00:00 - 10/03/2025 11:00:00","BZN|NL","Without Sequence","84.12","",""
"10/03/2025 11:00:00 - 10/03/2025 12:00:00","BZN|NL","Without Sequence","77.88","",""
"10/03/2025 12:00:00 - 10/03/2025 13:00:00","BZN|NL","Without Sequence","76.02","",""
"10/03/2025 13:00:00 - 10/03/2025 14:00:00","BZN|NL","Without Sequence","77.32","",""
"10/03/2025 14:00:00 - 10/03/2025 15:00:00","BZN|NL","Without Sequence","81.90","",""
"10/03/2025 15:00:00 - 10/03/2025 16:00:00","BZN|NL","Without Sequence","90.54","",""
"10/03/2025 16:00:00 - 10/03/2025 17:00:00","BZN|NL","Without Sequence","109.40","",""
"10/03/2025 17:00:00 - 10/03/2025 18:00:00","BZN|NL","Without Sequence","136.20","",""
"10/03/2025 18:00:00 - 10/03/2025 19:00:00","BZN|NL","Without Sequence","165.35","",""
"10/03/2025 19:00:00 - 10/03/2025 20:00:00","BZN|NL","Without Sequence","156.89","",""
"10/03/2025 20:00:00 - 10/03/2025 21:00:00","BZN|NL","Without Sequence","123.20","",""
"10/03/2025 21:00:00 - 10/03/2025 22:00:00","BZN|NL","Without Sequence","108.60","",""
"10/03/2025 22:00:00 - 10/03/2025 23:00:00","BZN|NL","Without Sequence","105.16","",""
"10/03/2025 23:00:00 - 11/03/2025 00:00:00","BZN|NL","Without Sequence","96.32","",""
"11/03/2025 00:00:00 - 11/03/2025 01:00:00","BZN|NL","Without Sequence","100.64","",""
"11/03/2025 01:00:00 - 11/03/2025 02:00:00","BZN|NL","Without Sequence","97.61","",""
"11/03/2025 02:00:00 - 11/03/2025 03:00:00","BZN|NL","Without Sequence","97.56","",""
"11/03/2025 03:00:00 - 11/03/2025 04:00:00","BZN|NL","Without Sequence","97.43","",""
"11/03/2025 04:00:00 - 11/03/2025 05:00:00","BZN|NL","Without Sequence","97.11","",""
"11/03/2025 05:00:00 - 11/03/2025 06:00:00","BZN|NL","Without Sequence","103.49","",""
"11/03/2025 06:00:00 - 11/03/2025 07:00:00","BZN|NL","Without Sequence","91.88","",""
"11/03/2025 07:00:00 - 11/03/2025 08:00:00","BZN|NL","Without Sequence","139.02","",""
"11/03/2025 08:00:00 - 11/03/2025 09:00:00","BZN|NL","Without Sequence","138.58","",""
"11/03/2025 09:00:00 - 11/03/2025 10:00:00","BZN|NL","Without Sequence","125.40","",""
"11/03/2025 10:00:00 - 11/03/2025 11:00:00","BZN|NL","Without Sequence","101.52","",""
"11/03/2025 11:00:00 - 11/03/2025 12:00:00","BZN|NL","Without Sequence","96.23","",""
"11/03/2025 12:00:00 - 11/03/2025 13:00:00","BZN|NL","Without Sequence","94.16","",""
"11/03/2025 13:00:00 - 11/03/2025 14:00:00","BZN|NL","Without Sequence","94.78","",""
"11/03/2025 14:00:00 - 11/03/2025 15:00:00","BZN|NL","Without Sequence","98.05","",""
"11/03/2025 15:00:00 - 11/03/2025 16:00:00","BZN|NL","Without Sequence","106.49","",""
"11/03/2025 16:00:00 - 11/03/2025 17:00:00","BZN|NL","Without Sequence","119.51","",""
"11/03/2025 17:00:00 - 11/03/2025 18:00:00","BZN|NL","Without Sequence","139.37","",""
"11/03/2025 18:00:00 - 11/03/2025 19:00:00","BZN|NL","Without Sequence","170.88","",""
"11/03/2025 19:00:00 - 11/03/2025 20:00:00","BZN|NL","Without Sequence","169.67","",""
"11/03/2025 20:00:00 - 11/03/2025 21:00:00","BZN|NL","Without Sequence","144.93","",""
"11/03/2025 21:00:00 - 11/03/2025 22:00:00","BZN|NL","Without Sequence","130.84","",""
"11/03/2025 22:00:00 - 11/03/2025 23:00:00","BZN|NL","Without Sequence","117.40","",""
"11/03/2025 23:00:00 - 12/03/2025 00:00:00","BZN|NL","Without Sequence","106.83","",""
"12/03/2025 00:00:00 - 12/03/2025 01:00:00","BZN|NL","Without Sequence","100.93","",""
"12/03/2025 01:00:00 - 12/03/2025 02:00:00","BZN|NL","Without Sequence","98.68","",""
"12/03/2025 02:00:00 - 12/03/2025 03:00:00","BZN|NL","Without Sequence","96.97","",""
"12/03/2025 03:00:00 - 12/03/2025 04:00:00","BZN|NL","Without Sequence","95.36","",""
"12/03/2025 04:00:00 - 12/03/2025 05:00:00","BZN|NL","Without Sequence","97.70","",""
"12/03/2025 05:00:00 - 12/03/2025 06:00:00","BZN|NL","Without Sequence","103.92","",""
"12/03/2025 06:00:00 - 12/03/2025 07:00:00","BZN|NL","Without Sequence","130.43","",""
"12/03/2025 07:00:00 - 12/03/2025 08:00:00","BZN|NL","Without Sequence","142.01","",""
"12/03/2025 08:00:00 - 12/03/2025 09:00:00","BZN|NL","Without Sequence","140.10","",""
"12/03/2025 09:00:00 - 12/03/2025 10:00:00","BZN|NL","Without Sequence","125.00","",""
"12/03/2025 10:00:00 - 12/03/2025 11:00:00","BZN|NL","Without Sequence","102.65","",""
"12/03/2025 11:00:00 - 12/03/2025 12:00:00","BZN|NL","Without Sequence","98.93","",""
"12/03/2025 12:00:00 - 12/03/2025 13:00:00","BZN|NL","Without Sequence","97.74","",""
"12/03/2025 13:00:00 - 12/03/2025 14:00:00","BZN|NL","Without Sequence","92.62","",""
"12/03/2025 14:00:00 - 12/03/2025 15:00:00","BZN|NL","Without Sequence","96.80","",""
"12/03/2025 15:00:00 - 12/03/2025 16:00:00","BZN|NL","Without Sequence","100.10","",""
"12/03/2025 16:00:00 - 12/03/2025 17:00:00","BZN|NL","Without Sequence","113.00","",""
"12/03/2025 17:00:00 - 12/03/2025 18:00:00","BZN|NL","Without Sequence","138.06","",""
"12/03/2025 18:00:00 - 12/03/2025 19:00:00","BZN|NL","Without Sequence","189.38","",""
"12/03/2025 19:00:00 - 12/03/2025 20:00:00","BZN|NL","Without Sequence","179.12","",""
"12/03/2025 20:00:00 - 12/03/2025 21:00:00","BZN|NL","Without Sequence","147.80","",""
"12/03/2025 21:00:00 - 12/03/2025 22:00:00","BZN|NL","Without Sequence","132.20","",""
"12/03/2025 22:00:00 - 12/03/2025 23:00:00","BZN|NL","Without Sequence","120.00","",""
"12/03/2025 23:00:00 - 13/03/2025 00:00:00","BZN|NL","Without Sequence","109.91","",""
"13/03/2025 00:00:00 - 13/03/2025 01:00:00","BZN|NL","Without Sequence","108.52","",""
"13/03/2025 01:00:00 - 13/03/2025 02:00:00","BZN|NL","Without Sequence","102.51","",""
"13/03/2025 02:00:00 - 13/03/2025 03:00:00","BZN|NL","Without Sequence","99.59","",""
"13/03/2025 03:00:00 - 13/03/2025 04:00:00","BZN|NL","Without Sequence","96.65","",""
"13/03/2025 04:00:00 - 13/03/2025 05:00:00","BZN|NL","Without Sequence","97.19","",""
"13/03/2025 05:00:00 - 13/03/2025 06:00:00","BZN|NL","Without Sequence","105.11","",""
"13/03/2025 06:00:00 - 13/03/2025 07:00:00","BZN|NL","Without Sequence","131.27","",""
"13/03/2025 07:00:00 - 13/03/2025 08:00:00","BZN|NL","Without Sequence","155.96","",""
"13/03/2025 08:00:00 - 13/03/2025 09:00:00","BZN|NL","Without Sequence","155.10","",""
"13/03/2025 09:00:00 - 13/03/2025 10:00:00","BZN|NL","Without Sequence","130.68","",""
"13/03/2025 10:00:00 - 13/03/2025 11:00:00","BZN|NL","Without Sequence","120.40","",""
"13/03/2025 11:00:00 - 13/03/2025 12:00:00","BZN|NL","Without Sequence","103.00","",""
"13/03/2025 12:00:00 - 13/03/2025 13:00:00","BZN|NL","Without Sequence","95.62","",""
"13/03/2025 13:00:00 - 13/03/2025 14:00:00","BZN|NL","Without Sequence","96.90","",""
"13/03/2025 14:00:00 - 13/03/2025 15:00:00","BZN|NL","Without Sequence","104.00","",""
"13/03/2025 15:00:00 - 13/03/2025 16:00:00","BZN|NL","Without Sequence","104.00","",""
"13/03/2025 16:00:00 - 13/03/2025 17:00:00","BZN|NL","Without Sequence","108.81","",""
"13/03/2025 17:00:00 - 13/03/2025 18:00:00","BZN|NL","Without Sequence","138.19","",""
"13/03/2025 18:00:00 - 13/03/2025 19:00:00","BZN|NL","Without Sequence","166.05","",""
"13/03/2025 19:00:00 - 13/03/2025 20:00:00","BZN|NL","Without Sequence","173.47","",""
"13/03/2025 20:00:00 - 13/03/2025 21:00:00","BZN|NL","Without Sequence","149.00","",""
"13/03/2025 21:00:00 - 13/03/2025 22:00:00","BZN|NL","Without Sequence","135.69","",""
"13/03/2025 22:00:00 - 13/03/2025 23:00:00","BZN|NL","Without Sequence","123.48","",""
"13/03/2025 23:00:00 - 14/03/2025 00:00:00","BZN|NL","Without Sequence","111.63","",""
"14/03/2025 00:00:00 - 14/03/2025 01:00:00","BZN|NL","Without Sequence","109.09","",""
"14/03/2025 01:00:00 - 14/03/2025 02:00:00","BZN|NL","Without Sequence","106.00","",""
"14/03/2025 02:00:00 - 14/03/2025 03:00:00","BZN|NL","Without Sequence","105.90","",""
"14/03/2025 03:00:00 - 14/03/2025 04:00:00","BZN|NL","Without Sequence","103.83","",""
"14/03/2025 04:00:00 - 14/03/2025 05:00:00","BZN|NL","Without Sequence","105.30","",""
"14/03/2025 05:00:00 - 14/03/2025 06:00:00","BZN|NL","Without Sequence","113.61","",""
"14/03/2025 06:00:00 - 14/03/2025 07:00:00","BZN|NL","Without Sequence","140.97","",""
"14/03/2025 07:00:00 - 14/03/2025 08:00:00","BZN|NL","Without Sequence","155.02","",""
"14/03/2025 08:00:00 - 14/03/2025 09:00:00","BZN|NL","Without Sequence","153.05","",""
"14/03/2025 09:00:00 - 14/03/2025 10:00:00","BZN|NL","Without Sequence","131.90","",""
"14/03/2025 10:00:00 - 14/03/2025 11:00:00","BZN|NL","Without Sequence","111.81","",""
"14/03/2025 11:00:00 - 14/03/2025 12:00:00","BZN|NL","Without Sequence","101.20","",""
"14/03/2025 12:00:00 - 14/03/2025 13:00:00","BZN|NL","Without Sequence","98.64","",""
"14/03/2025 13:00:00 - 14/03/2025 14:00:00","BZN|NL","Without Sequence","100.00","",""
"14/03/2025 14:00:00 - 14/03/2025 15:00:00","BZN|NL","Without Sequence","91.12","",""
"14/03/2025 15:00:00 - 14/03/2025 16:00:00","BZN|NL","Without Sequence","106.50","",""
"14/03/2025 16:00:00 - 14/03/2025 17:00:00","BZN|NL","Without Sequence","115.60","",""
"14/03/2025 17:00:00 - 14/03/2025 18:00:00","BZN|NL","Without Sequence","133.74","",""
"14/03/2025 18:00:00 - 14/03/2025 19:00:00","BZN|NL","Without Sequence","145.69","",""
"14/03/2025 19:00:00 - 14/03/2025 20:00:00","BZN|NL","Without Sequence","150.85","",""
"14/03/2025 20:00:00 - 14/03/2025 21:00:00","BZN|NL","Without Sequence","130.01","",""
"14/03/2025 21:00:00 - 14/03/2025 22:00:00","BZN|NL","Without Sequence","111.39","",""
"14/03/2025 22:00:00 - 14/03/2025 23:00:00","BZN|NL","Without Sequence","114.00","",""
"14/03/2025 23:00:00 - 15/03/2025 00:00:00","BZN|NL","Without Sequence","105.17","",""
"15/03/2025 00:00:00 - 15/03/2025 01:00:00","BZN|NL","Without Sequence","112.15","",""
"15/03/2025 01:00:00 - 15/03/2025 02:00:00","BZN|NL","Without Sequence","103.14","",""
"15/03/2025 02:00:00 - 15/03/2025 03:00:00","BZN|NL","Without Sequence","96.00","",""
"15/03/2025 03:00:00 - 15/03/2025 04:00:00","BZN|NL","Without Sequence","89.90","",""
"15/03/2025 04:00:00 - 15/03/2025 05:00:00","BZN|NL","Without Sequence","86.90","",""
"15/03/2025 05:00:00 - 15/03/2025 06:00:00","BZN|NL","Without Sequence","90.55","",""
"15/03/2025 06:00:00 - 15/03/2025 07:00:00","BZN|NL","Without Sequence","97.01","",""
"15/03/2025 07:00:00 - 15/03/2025 08:00:00","BZN|NL","Without Sequence","99.42","",""
"15/03/2025 08:00:00 - 15/03/2025 09:00:00","BZN|NL","Without Sequence","98.74","",""
"15/03/2025 09:00:00 - 15/03/2025 10:00:00","BZN|NL","Without Sequence","86.36","",""
"15/03/2025 10:00:00 - 15/03/2025 11:00:00","BZN|NL","Without Sequence","72.48","",""
"15/03/2025 11:00:00 - 15/03/2025 12:00:00","BZN|NL","Without Sequence","66.73","",""
"15/03/2025 12:00:00 - 15/03/2025 13:00:00","BZN|NL","Without Sequence","57.22","",""
"15/03/2025 13:00:00 - 15/03/2025 14:00:00","BZN|NL","Without Sequence","48.00","",""
"15/03/2025 14:00:00 - 15/03/2025 15:00:00","BZN|NL","Without Sequence","54.51","",""
"15/03/2025 15:00:00 - 15/03/2025 16:00:00","BZN|NL","Without Sequence","64.63","",""
"15/03/2025 16:00:00 - 15/03/2025 17:00:00","BZN|NL","Without Sequence","79.76","",""
"15/03/2025 17:00:00 - 15/03/2025 18:00:00","BZN|NL","Without Sequence","115.65","",""
"15/03/2025 18:00:00 - 15/03/2025 19:00:00","BZN|NL","Without Sequence","127.48","",""
"15/03/2025 19:00:00 - 15/03/2025 20:00:00","BZN|NL","Without Sequence","132.96","",""
"15/03/2025 20:00:00 - 15/03/2025 21:00:00","BZN|NL","Without Sequence","121.46","",""
"15/03/2025 21:00:00 - 15/03/2025 22:00:00","BZN|NL","Without Sequence","108.50","",""
"15/03/2025 22:00:00 - 15/03/2025 23:00:00","BZN|NL","Without Sequence","105.02","",""
"15/03/2025 23:00:00 - 16/03/2025 00:00:00","BZN|NL","Without Sequence","95.25","",""
"16/03/2025 00:00:00 - 16/03/2025 01:00:00","BZN|NL","Without Sequence","90.01","",""
"16/03/2025 01:00:00 - 16/03/2025 02:00:00","BZN|NL","Without Sequence","85.79","",""
"16/03/2025 02:00:00 - 16/03/2025 03:00:00","BZN|NL","Without Sequence","79.62","",""
"16/03/2025 03:00:00 - 16/03/2025 04:00:00","BZN|NL","Without Sequence","78.18","",""
"16/03/2025 04:00:00 - 16/03/2025 05:00:00","BZN|NL","Without Sequence","78.60","",""
"16/03/2025 05:00:00 - 16/03/2025 06:00:00","BZN|NL","Without Sequence","80.51","",""
"16/03/2025 06:00:00 - 16/03/2025 07:00:00","BZN|NL","Without Sequence","85.14","",""
"16/03/2025 07:00:00 - 16/03/2025 08:00:00","BZN|NL","Without Sequence","82.07","",""
"16/03/2025 08:00:00 - 16/03/2025 09:00:00","BZN|NL","Without Sequence","77.95","",""
"16/03/2025 09:00:00 - 16/03/2025 10:00:00","BZN|NL","Without Sequence","57.40","",""
"16/03/2025 10:00:00 - 16/03/2025 11:00:00","BZN|NL","Without Sequence","24.19","",""
"16/03/2025 11:00:00 - 16/03/2025 12:00:00","BZN|NL","Without Sequence","-0.77","",""
"16/03/2025 12:00:00 - 16/03/2025 13:00:00","BZN|NL","Without Sequence","-10.01","",""
"16/03/2025 13:00:00 - 16/03/2025 14:00:00","BZN|NL","Without Sequence","-3.16","",""
"16/03/2025 14:00:00 - 16/03/2025 15:00:00","BZN|NL","Without Sequence","0.70","",""
"16/03/2025 15:00:00 - 16/03/2025 16:00:00","BZN|NL","Without Sequence","31.00","",""
"16/03/2025 16:00:00 - 16/03/2025 17:00:00","BZN|NL","Without Sequence","70.20","",""
"16/03/2025 17:00:00 - 16/03/2025 18:00:00","BZN|NL","Without Sequence","111.70","",""
"16/03/2025 18:00:00 - 16/03/2025 19:00:00","BZN|NL","Without Sequence","127.27","",""
"16/03/2025 19:00:00 - 16/03/2025 20:00:00","BZN|NL","Without Sequence","140.00","",""
"16/03/2025 20:00:00 - 16/03/2025 21:00:00","BZN|NL","Without Sequence","118.00","",""
"16/03/2025 21:00:00 - 16/03/2025 22:00:00","BZN|NL","Without Sequence","99.90","",""
"16/03/2025 22:00:00 - 16/03/2025 23:00:00","BZN|NL","Without Sequence","92.00","",""
"16/03/2025 23:00:00 - 17/03/2025 00:00:00","BZN|NL","Without Sequence","80.70","",""
"17/03/2025 00:00:00 - 17/03/2025 01:00:00","BZN|NL","Without Sequence","104.60","",""
"17/03/2025 01:00:00 - 17/03/2025 02:00:00","BZN|NL","Without Sequence","106.80","",""
"17/03/2025 02:00:00 - 17/03/2025 03:00:00","BZN|NL","Without Sequence","96.74","",""
"17/03/2025 03:00:00 - 17/03/2025 04:00:00","BZN|NL","Without Sequence","80.91","",""
"17/03/2025 04:00:00 - 17/03/2025 05:00:00","BZN|NL","Without Sequence","85.85","",""
"17/03/2025 05:00:00 - 17/03/2025 06:00:00","BZN|NL","Without Sequence","103.30","",""
"17/03/2025 06:00:00 - 17/03/2025 07:00:00","BZN|NL","Without Sequence","135.18","",""
"17/03/2025 07:00:00 - 17/03/2025 08:00:00","BZN|NL","Without Sequence","152.87","",""
"17/03/2025 08:00:00 - 17/03/2025 09:00:00","BZN|NL","Without Sequence","126.56","",""
"17/03/2025 09:00:00 - 17/03/2025 10:00:00","BZN|NL","Without Sequence","87.12","",""
"17/03/2025 10:00:00 - 17/03/2025 11:00:00","BZN|NL","Without Sequence","54.21","",""
"17/03/2025 11:00:00 - 17/03/2025 12:00:00","BZN|NL","Without Sequence","30.00","",""
"17/03/2025 12:00:00 - 17/03/2025 13:00:00","BZN|NL","Without Sequence","-2.00","",""
"17/03/2025 13:00:00 - 17/03/2025 14:00:00","BZN|NL","Without Sequence","-2.00","",""
"17/03/2025 14:00:00 - 17/03/2025 15:00:00","BZN|NL","Without Sequence","50.00","",""
"17/03/2025 15:00:00 - 17/03/2025 16:00:00","BZN|NL","Without Sequence","67.12","",""
"17/03/2025 16:00:00 - 17/03/2025 17:00:00","BZN|NL","Without Sequence","93.92","",""
"17/03/2025 17:00:00 - 17/03/2025 18:00:00","BZN|NL","Without Sequence","127.87","",""
"17/03/2025 18:00:00 - 17/03/2025 19:00:00","BZN|NL","Without Sequence","156.65","",""
"17/03/2025 19:00:00 - 17/03/2025 20:00:00","BZN|NL","Without Sequence","170.00","",""
"17/03/2025 20:00:00 - 17/03/2025 21:00:00","BZN|NL","Without Sequence","141.50","",""
"17/03/2025 21:00:00 - 17/03/2025 22:00:00","BZN|NL","Without Sequence","113.53","",""
"17/03/2025 22:00:00 - 17/03/2025 23:00:00","BZN|NL","Without Sequence","106.45","",""
"17/03/2025 23:00:00 - 18/03/2025 00:00:00","BZN|NL","Without Sequence","93.50","",""
"18/03/2025 00:00:00 - 18/03/2025 01:00:00","BZN|NL","Without Sequence","92.20","",""
"18/03/2025 01:00:00 - 18/03/2025 02:00:00","BZN|NL","Without Sequence","89.99","",""
"18/03/2025 02:00:00 - 18/03/2025 03:00:00","BZN|NL","Without Sequence","91.40","",""
"18/03/2025 03:00:00 - 18/03/2025 04:00:00","BZN|NL","Without Sequence","87.23","",""
"18/03/2025 04:00:00 - 18/03/2025 05:00:00","BZN|NL","Without Sequence","91.24","",""
"18/03/2025 05:00:00 - 18/03/2025 06:00:00","BZN|NL","Without Sequence","103.73","",""
"18/03/2025 06:00:00 - 18/03/2025 07:00:00","BZN|NL","Without Sequence","132.52","",""
"18/03/2025 07:00:00 - 18/03/2025 08:00:00","BZN|NL","Without Sequence","136.68","",""
"18/03/2025 08:00:00 - 18/03/2025 09:00:00","BZN|NL","Without Sequence","106.01","",""
"18/03/2025 09:00:00 - 18/03/2025 10:00:00","BZN|NL","Without Sequence","71.53","",""
"18/03/2025 10:00:00 - 18/03/2025 11:00:00","BZN|NL","Without Sequence","21.23","",""
"18/03/2025 11:00:00 - 18/03/2025 12:00:00","BZN|NL","Without Sequence","-5.13","",""
"18/03/2025 12:00:00 - 18/03/2025 13:00:00","BZN|NL","Without Sequence","-11.68","",""
"18/03/2025 13:00:00 - 18/03/2025 14:00:00","BZN|NL","Without Sequence","-2.61","",""
"18/03/2025 14:00:00 - 18/03/2025 15:00:00","BZN|NL","Without Sequence","5.29","",""
"18/03/2025 15:00:00 - 18/03/2025 16:00:00","BZN|NL","Without Sequence","43.23","",""
"18/03/2025 16:00:00 - 18/03/2025 17:00:00","BZN|NL","Without Sequence","82.71","",""
"18/03/2025 17:00:00 - 18/03/2025 18:00:00","BZN|NL","Without Sequence","124.28","",""
"18/03/2025 18:00:00 - 18/03/2025 19:00:00","BZN|NL","Without Sequence","149.97","",""
"18/03/2025 19:00:00 - 18/03/2025 20:00:00","BZN|NL","Without Sequence","159.73","",""
"18/03/2025 20:00:00 - 18/03/2025 21:00:00","BZN|NL","Without Sequence","141.49","",""
"18/03/2025 21:00:00 - 18/03/2025 22:00:00","BZN|NL","Without Sequence","117.67","",""
"18/03/2025 22:00:00 - 18/03/2025 23:00:00","BZN|NL","Without Sequence","107.37","",""
"18/03/2025 23:00:00 - 19/03/2025 00:00:00","BZN|NL","Without Sequence","100.42","",""
"19/03/2025 00:00:00 - 19/03/2025 01:00:00","BZN|NL","Without Sequence","98.68","",""
"19/03/2025 01:00:00 - 19/03/2025 02:00:00","BZN|NL","Without Sequence","94.37","",""
"19/03/2025 02:00:00 - 19/03/2025 03:00:00","BZN|NL","Without Sequence","94.90","",""
"19/03/2025 03:00:00 - 19/03/2025 04:00:00","BZN|NL","Without Sequence","96.10","",""
"19/03/2025 04:00:00 - 19/03/2025 05:00:00","BZN|NL","Without Sequence","99.68","",""
"19/03/2025 05:00:00 - 19/03/2025 06:00:00","BZN|NL","Without Sequence","109.87","",""
"19/03/2025 06:00:00 - 19/03/2025 07:00:00","BZN|NL","Without Sequence","145.37","",""
"19/03/2025 07:00:00 - 19/03/2025 08:00:00","BZN|NL","Without Sequence","146.21","",""
"19/03/2025 08:00:00 - 19/03/2025 09:00:00","BZN|NL","Without Sequence","108.14","",""
"19/03/2025 09:00:00 - 19/03/2025 10:00:00","BZN|NL","Without Sequence","75.95","",""
"19/03/2025 10:00:00 - 19/03/2025 11:00:00","BZN|NL","Without Sequence","25.87","",""
"19/03/2025 11:00:00 - 19/03/2025 12:00:00","BZN|NL","Without Sequence","0.03","",""
"19/03/2025 12:00:00 - 19/03/2025 13:00:00","BZN|NL","Without Sequence","-0.64","",""
"19/03/2025 13:00:00 - 19/03/2025 14:00:00","BZN|NL","Without Sequence","-0.18","",""
"19/03/2025 14:00:00 - 19/03/2025 15:00:00","BZN|NL","Without Sequence","1.11","",""
"19/03/2025 15:00:00 - 19/03/2025 16:00:00","BZN|NL","Without Sequence","59.82","",""
"19/03/2025 16:00:00 - 19/03/2025 17:00:00","BZN|NL","Without Sequence","99.29","",""
"19/03/2025 17:00:00 - 19/03/2025 18:00:00","BZN|NL","Without Sequence","136.97","",""
"19/03/2025 18:00:00 - 19/03/2025 19:00:00","BZN|NL","Without Sequence","225.81","",""
"19/03/2025 19:00:00 - 19/03/2025 20:00:00","BZN|NL","Without Sequence","209.83","",""
"19/03/2025 20:00:00 - 19/03/2025 21:00:00","BZN|NL","Without Sequence","164.40","",""
"19/03/2025 21:00:00 - 19/03/2025 22:00:00","BZN|NL","Without Sequence","129.46","",""
"19/03/2025 22:00:00 - 19/03/2025 23:00:00","BZN|NL","Without Sequence","117.39","",""
"19/03/2025 23:00:00 - 20/03/2025 00:00:00","BZN|NL","Without Sequence","106.44","",""
"20/03/2025 00:00:00 - 20/03/2025 01:00:00","BZN|NL","Without Sequence","108.74","",""
"20/03/2025 01:00:00 - 20/03/2025 02:00:00","BZN|NL","Without Sequence","95.11","",""
"20/03/2025 02:00:00 - 20/03/2025 03:00:00","BZN|NL","Without Sequence","93.69","",""
"20/03/2025 03:00:00 - 20/03/2025 04:00:00","BZN|NL","Without Sequence","93.00","",""
"20/03/2025 04:00:00 - 20/03/2025 05:00:00","BZN|NL","Without Sequence","91.37","",""
"20/03/2025 05:00:00 - 20/03/2025 06:00:00","BZN|NL","Without Sequence","109.00","",""
"20/03/2025 06:00:00 - 20/03/2025 07:00:00","BZN|NL","Without Sequence","132.24","",""
"20/03/2025 07:00:00 - 20/03/2025 08:00:00","BZN|NL","Without Sequence","135.15","",""
"20/03/2025 08:00:00 - 20/03/2025 09:00:00","BZN|NL","Without Sequence","99.06","",""
"20/03/2025 09:00:00 - 20/03/2025 10:00:00","BZN|NL","Without Sequence","75.00","",""
"20/03/2025 10:00:00 - 20/03/2025 11:00:00","BZN|NL","Without Sequence","34.97","",""
"20/03/2025 11:00:00 - 20/03/2025 12:00:00","BZN|NL","Without Sequence","3.42","",""
"20/03/2025 12:00:00 - 20/03/2025 13:00:00","BZN|NL","Without Sequence","0.43","",""
"20/03/2025 13:00:00 - 20/03/2025 14:00:00","BZN|NL","Without Sequence","0.65","",""
"20/03/2025 14:00:00 - 20/03/2025 15:00:00","BZN|NL","Without Sequence","14.56","",""
"20/03/2025 15:00:00 - 20/03/2025 16:00:00","BZN|NL","Without Sequence","68.25","",""
"20/03/2025 16:00:00 - 20/03/2025 17:00:00","BZN|NL","Without Sequence","104.80","",""
"20/03/2025 17:00:00 - 20/03/2025 18:00:00","BZN|NL","Without Sequence","138.13","",""
"20/03/2025 18:00:00 - 20/03/2025 19:00:00","BZN|NL","Without Sequence","246.89","",""
"20/03/2025 19:00:00 - 20/03/2025 20:00:00","BZN|NL","Without Sequence","230.35","",""
"20/03/2025 20:00:00 - 20/03/2025 21:00:00","BZN|NL","Without Sequence","153.39","",""
"20/03/2025 21:00:00 - 20/03/2025 22:00:00","BZN|NL","Without Sequence","126.07","",""
"20/03/2025 22:00:00 - 20/03/2025 23:00:00","BZN|NL","Without Sequence","110.71","",""
"20/03/2025 23:00:00 - 21/03/2025 00:00:00","BZN|NL","Without Sequence","106.64","",""
"21/03/2025 00:00:00 - 21/03/2025 01:00:00","BZN|NL","Without Sequence","108.01","",""
"21/03/2025 01:00:00 - 21/03/2025 02:00:00","BZN|NL","Without Sequence","100.10","",""
"21/03/2025 02:00:00 - 21/03/2025 03:00:00","BZN|NL","Without Sequence","97.50","",""
"21/03/2025 03:00:00 - 21/03/2025 04:00:00","BZN|NL","Without Sequence","93.38","",""
"21/03/2025 04:00:00 - 21/03/2025 05:00:00","BZN|NL","Without Sequence","90.28","",""
"21/03/2025 05:00:00 - 21/03/2025 06:00:00","BZN|NL","Without Sequence","104.49","",""
"21/03/2025 06:00:00 - 21/03/2025 07:00:00","BZN|NL","Without Sequence","125.65","",""
"21/03/2025 07:00:00 - 21/03/2025 08:00:00","BZN|NL","Without Sequence","132.12","",""
"21/03/2025 08:00:00 - 21/03/2025 09:00:00","BZN|NL","Without Sequence","99.21","",""
"21/03/2025 09:00:00 - 21/03/2025 10:00:00","BZN|NL","Without Sequence","68.80","",""
"21/03/2025 10:00:00 - 21/03/2025 11:00:00","BZN|NL","Without Sequence","40.49","",""
"21/03/2025 11:00:00 - 21/03/2025 12:00:00","BZN|NL","Without Sequence","6.40","",""
"21/03/2025 12:00:00 - 21/03/2025 13:00:00","BZN|NL","Without Sequence","-2.00","",""
"21/03/2025 13:00:00 - 21/03/2025 14:00:00","BZN|NL","Without Sequence","-2.00","",""
"21/03/2025 14:00:00 - 21/03/2025 15:00:00","BZN|NL","Without Sequence","-2.00","",""
"21/03/2025 15:00:00 - 21/03/2025 16:00:00","BZN|NL","Without Sequence","-1.59","",""
"21/03/2025 16:00:00 - 21/03/2025 17:00:00","BZN|NL","Without Sequence","42.93","",""
"21/03/2025 17:00:00 - 21/03/2025 18:00:00","BZN|NL","Without Sequence","89.73","",""
"21/03/2025 18:00:00 - 21/03/2025 19:00:00","BZN|NL","Without Sequence","111.50","",""
"21/03/2025 19:00:00 - 21/03/2025 20:00:00","BZN|NL","Without Sequence","82.00","",""
"21/03/2025 20:00:00 - 21/03/2025 21:00:00","BZN|NL","Without Sequence","68.42","",""
"21/03/2025 21:00:00 - 21/03/2025 22:00:00","BZN|NL","Without Sequence","45.69","",""
"21/03/2025 22:00:00 - 21/03/2025 23:00:00","BZN|NL","Without Sequence","29.23","",""
"21/03/2025 23:00:00 - 22/03/2025 00:00:00","BZN|NL","Without Sequence","21.08","",""
"22/03/2025 00:00:00 - 22/03/2025 01:00:00","BZN|NL","Without Sequence","26.93","",""
"22/03/2025 01:00:00 - 22/03/2025 02:00:00","BZN|NL","Without Sequence","13.87","",""
"22/03/2025 02:00:00 - 22/03/2025 03:00:00","BZN|NL","Without Sequence","10.71","",""
"22/03/2025 03:00:00 - 22/03/2025 04:00:00","BZN|NL","Without Sequence","8.40","",""
"22/03/2025 04:00:00 - 22/03/2025 05:00:00","BZN|NL","Without Sequence","11.17","",""
"22/03/2025 05:00:00 - 22/03/2025 06:00:00","BZN|NL","Without Sequence","13.53","",""
"22/03/2025 06:00:00 - 22/03/2025 07:00:00","BZN|NL","Without Sequence","13.07","",""
"22/03/2025 07:00:00 - 22/03/2025 08:00:00","BZN|NL","Without Sequence","19.88","",""
"22/03/2025 08:00:00 - 22/03/2025 09:00:00","BZN|NL","Without Sequence","3.11","",""
"22/03/2025 09:00:00 - 22/03/2025 10:00:00","BZN|NL","Without Sequence","0.00","",""
"22/03/2025 10:00:00 - 22/03/2025 11:00:00","BZN|NL","Without Sequence","-2.00","",""
"22/03/2025 11:00:00 - 22/03/2025 12:00:00","BZN|NL","Without Sequence","-6.00","",""
"22/03/2025 12:00:00 - 22/03/2025 13:00:00","BZN|NL","Without Sequence","-16.84","",""
"22/03/2025 13:00:00 - 22/03/2025 14:00:00","BZN|NL","Without Sequence","-12.00","",""
"22/03/2025 14:00:00 - 22/03/2025 15:00:00","BZN|NL","Without Sequence","-6.79","",""
"22/03/2025 15:00:00 - 22/03/2025 16:00:00","BZN|NL","Without Sequence","-1.51","",""
"22/03/2025 16:00:00 - 22/03/2025 17:00:00","BZN|NL","Without Sequence","40.00","",""
"22/03/2025 17:00:00 - 22/03/2025 18:00:00","BZN|NL","Without Sequence","126.75","",""
"22/03/2025 18:00:00 - 22/03/2025 19:00:00","BZN|NL","Without Sequence","154.00","",""
"22/03/2025 19:00:00 - 22/03/2025 20:00:00","BZN|NL","Without Sequence","156.00","",""
"22/03/2025 20:00:00 - 22/03/2025 21:00:00","BZN|NL","Without Sequence","108.30","",""
"22/03/2025 21:00:00 - 22/03/2025 22:00:00","BZN|NL","Without Sequence","99.90","",""
"22/03/2025 22:00:00 - 22/03/2025 23:00:00","BZN|NL","Without Sequence","100.10","",""
"22/03/2025 23:00:00 - 23/03/2025 00:00:00","BZN|NL","Without Sequence","98.00","",""
"23/03/2025 00:00:00 - 23/03/2025 01:00:00","BZN|NL","Without Sequence","91.00","",""
"23/03/2025 01:00:00 - 23/03/2025 02:00:00","BZN|NL","Without Sequence","80.00","",""
"23/03/2025 02:00:00 - 23/03/2025 03:00:00","BZN|NL","Without Sequence","90.00","",""
"23/03/2025 03:00:00 - 23/03/2025 04:00:00","BZN|NL","Without Sequence","92.81","",""
"23/03/2025 04:00:00 - 23/03/2025 05:00:00","BZN|NL","Without Sequence","92.79","",""
"23/03/2025 05:00:00 - 23/03/2025 06:00:00","BZN|NL","Without Sequence","90.00","",""
"23/03/2025 06:00:00 - 23/03/2025 07:00:00","BZN|NL","Without Sequence","94.00","",""
"23/03/2025 07:00:00 - 23/03/2025 08:00:00","BZN|NL","Without Sequence","101.91","",""
"23/03/2025 08:00:00 - 23/03/2025 09:00:00","BZN|NL","Without Sequence","79.73","",""
"23/03/2025 09:00:00 - 23/03/2025 10:00:00","BZN|NL","Without Sequence","23.14","",""
"23/03/2025 10:00:00 - 23/03/2025 11:00:00","BZN|NL","Without Sequence","13.78","",""
"23/03/2025 11:00:00 - 23/03/2025 12:00:00","BZN|NL","Without Sequence","9.60","",""
"23/03/2025 12:00:00 - 23/03/2025 13:00:00","BZN|NL","Without Sequence","13.49","",""
"23/03/2025 13:00:00 - 23/03/2025 14:00:00","BZN|NL","Without Sequence","5.01","",""
"23/03/2025 14:00:00 - 23/03/2025 15:00:00","BZN|NL","Without Sequence","11.46","",""
"23/03/2025 15:00:00 - 23/03/2025 16:00:00","BZN|NL","Without Sequence","41.77","",""
"23/03/2025 16:00:00 - 23/03/2025 17:00:00","BZN|NL","Without Sequence","93.52","",""
"23/03/2025 17:00:00 - 23/03/2025 18:00:00","BZN|NL","Without Sequence","117.08","",""
"23/03/2025 18:00:00 - 23/03/2025 19:00:00","BZN|NL","Without Sequence","140.00","",""
"23/03/2025 19:00:00 - 23/03/2025 20:00:00","BZN|NL","Without Sequence","140.96","",""
"23/03/2025 20:00:00 - 23/03/2025 21:00:00","BZN|NL","Without Sequence","139.70","",""
"23/03/2025 21:00:00 - 23/03/2025 22:00:00","BZN|NL","Without Sequence","128.12","",""
"23/03/2025 22:00:00 - 23/03/2025 23:00:00","BZN|NL","Without Sequence","123.52","",""
"23/03/2025 23:00:00 - 24/03/2025 00:00:00","BZN|NL","Without Sequence","114.24","",""
"24/03/2025 00:00:00 - 24/03/2025 01:00:00","BZN|NL","Without Sequence","108.50","",""
"24/03/2025 01:00:00 - 24/03/2025 02:00:00","BZN|NL","Without Sequence","102.81","",""
"24/03/2025 02:00:00 - 24/03/2025 03:00:00","BZN|NL","Without Sequence","99.11","",""
"24/03/2025 03:00:00 - 24/03/2025 04:00:00","BZN|NL","Without Sequence","96.30","",""
"24/03/2025 04:00:00 - 24/03/2025 05:00:00","BZN|NL","Without Sequence","98.64","",""
"24/03/2025 05:00:00 - 24/03/2025 06:00:00","BZN|NL","Without Sequence","114.90","",""
"24/03/2025 06:00:00 - 24/03/2025 07:00:00","BZN|NL","Without Sequence","137.41","",""
"24/03/2025 07:00:00 - 24/03/2025 08:00:00","BZN|NL","Without Sequence","161.62","",""
"24/03/2025 08:00:00 - 24/03/2025 09:00:00","BZN|NL","Without Sequence","159.09","",""
"24/03/2025 09:00:00 - 24/03/2025 10:00:00","BZN|NL","Without Sequence","132.84","",""
"24/03/2025 10:00:00 - 24/03/2025 11:00:00","BZN|NL","Without Sequence","110.25","",""
"24/03/2025 11:00:00 - 24/03/2025 12:00:00","BZN|NL","Without Sequence","101.16","",""
"24/03/2025 12:00:00 - 24/03/2025 13:00:00","BZN|NL","Without Sequence","94.43","",""
"24/03/2025 13:00:00 - 24/03/2025 14:00:00","BZN|NL","Without Sequence","91.50","",""
"24/03/2025 14:00:00 - 24/03/2025 15:00:00","BZN|NL","Without Sequence","92.91","",""
"24/03/2025 15:00:00 - 24/03/2025 16:00:00","BZN|NL","Without Sequence","99.59","",""
"24/03/2025 16:00:00 - 24/03/2025 17:00:00","BZN|NL","Without Sequence","119.91","",""
"24/03/2025 17:00:00 - 24/03/2025 18:00:00","BZN|NL","Without Sequence","146.43","",""
"24/03/2025 18:00:00 - 24/03/2025 19:00:00","BZN|NL","Without Sequence","200.61","",""
"24/03/2025 19:00:00 - 24/03/2025 20:00:00","BZN|NL","Without Sequence","190.85","",""
"24/03/2025 20:00:00 - 24/03/2025 21:00:00","BZN|NL","Without Sequence","161.30","",""
"24/03/2025 21:00:00 - 24/03/2025 22:00:00","BZN|NL","Without Sequence","135.78","",""
"24/03/2025 22:00:00 - 24/03/2025 23:00:00","BZN|NL","Without Sequence","122.96","",""
"24/03/2025 23:00:00 - 25/03/2025 00:00:00","BZN|NL","Without Sequence","113.30","",""
"25/03/2025 00:00:00 - 25/03/2025 01:00:00","BZN|NL","Without Sequence","100.62","",""
"25/03/2025 01:00:00 - 25/03/2025 02:00:00","BZN|NL","Without Sequence","99.00","",""
"25/03/2025 02:00:00 - 25/03/2025 03:00:00","BZN|NL","Without Sequence","97.15","",""
"25/03/2025 03:00:00 - 25/03/2025 04:00:00","BZN|NL","Without Sequence","96.40","",""
"25/03/2025 04:00:00 - 25/03/2025 05:00:00","BZN|NL","Without Sequence","95.64","",""
"25/03/2025 05:00:00 - 25/03/2025 06:00:00","BZN|NL","Without Sequence","101.60","",""
"25/03/2025 06:00:00 - 25/03/2025 07:00:00","BZN|NL","Without Sequence","127.85","",""
"25/03/2025 07:00:00 - 25/03/2025 08:00:00","BZN|NL","Without Sequence","139.10","",""
"25/03/2025 08:00:00 - 25/03/2025 09:00:00","BZN|NL","Without Sequence","130.06","",""
"25/03/2025 09:00:00 - 25/03/2025 10:00:00","BZN|NL","Without Sequence","106.04","",""
"25/03/2025 10:00:00 - 25/03/2025 11:00:00","BZN|NL","Without Sequence","90.65","",""
"25/03/2025 11:00:00 - 25/03/2025 12:00:00","BZN|NL","Without Sequence","78.19","",""
"25/03/2025 12:00:00 - 25/03/2025 13:00:00","BZN|NL","Without Sequence","68.61","",""
"25/03/2025 13:00:00 - 25/03/2025 14:00:00","BZN|NL","Without Sequence","68.29","",""
"25/03/2025 14:00:00 - 25/03/2025 15:00:00","BZN|NL","Without Sequence","77.43","",""
"25/03/2025 15:00:00 - 25/03/2025 16:00:00","BZN|NL","Without Sequence","88.82","",""
"25/03/2025 16:00:00 - 25/03/2025 17:00:00","BZN|NL","Without Sequence","101.89","",""
"25/03/2025 17:00:00 - 25/03/2025 18:00:00","BZN|NL","Without Sequence","130.98","",""
"25/03/2025 18:00:00 - 25/03/2025 19:00:00","BZN|NL","Without Sequence","154.56","",""
"25/03/2025 19:00:00 - 25/03/2025 20:00:00","BZN|NL","Without Sequence","165.40","",""
"25/03/2025 20:00:00 - 25/03/2025 21:00:00","BZN|NL","Without Sequence","148.60","",""
"25/03/2025 21:00:00 - 25/03/2025 22:00:00","BZN|NL","Without Sequence","122.50","",""
"25/03/2025 22:00:00 - 25/03/2025 23:00:00","BZN|NL","Without Sequence","113.45","",""
"25/03/2025 23:00:00 - 26/03/2025 00:00:00","BZN|NL","Without Sequence","102.05","",""
"26/03/2025 00:00:00 - 26/03/2025 01:00:00","BZN|NL","Without Sequence","101.02","",""
"26/03/2025 01:00:00 - 26/03/2025 02:00:00","BZN|NL","Without Sequence","97.95","",""
"26/03/2025 02:00:00 - 26/03/2025 03:00:00","BZN|NL","Without Sequence","97.34","",""
"26/03/2025 03:00:00 - 26/03/2025 04:00:00","BZN|NL","Without Sequence","97.39","",""
"26/03/2025 04:00:00 - 26/03/2025 05:00:00","BZN|NL","Without Sequence","95.72","",""
"26/03/2025 05:00:00 - 26/03/2025 06:00:00","BZN|NL","Without Sequence","96.97","",""
"26/03/2025 06:00:00 - 26/03/2025 07:00:00","BZN|NL","Without Sequence","124.47","",""
"26/03/2025 07:00:00 - 26/03/2025 08:00:00","BZN|NL","Without Sequence","139.46","",""
"26/03/2025 08:00:00 - 26/03/2025 09:00:00","BZN|NL","Without Sequence","136.44","",""
"26/03/2025 09:00:00 - 26/03/2025 10:00:00","BZN|NL","Without Sequence","111.03","",""
"26/03/2025 10:00:00 - 26/03/2025 11:00:00","BZN|NL","Without Sequence","98.99","",""
"26/03/2025 11:00:00 - 26/03/2025 12:00:00","BZN|NL","Without Sequence","95.13","",""
"26/03/2025 12:00:00 - 26/03/2025 13:00:00","BZN|NL","Without Sequence","94.17","",""
"26/03/2025 13:00:00 - 26/03/2025 14:00:00","BZN|NL","Without Sequence","83.57","",""
"26/03/2025 14:00:00 - 26/03/2025 15:00:00","BZN|NL","Without Sequence","88.00","",""
"26/03/2025 15:00:00 - 26/03/2025 16:00:00","BZN|NL","Without Sequence","91.17","",""
"26/03/2025 16:00:00 - 26/03/2025 17:00:00","BZN|NL","Without Sequence","99.05","",""
"26/03/2025 17:00:00 - 26/03/2025 18:00:00","BZN|NL","Without Sequence","129.63","",""
"26/03/2025 18:00:00 - 26/03/2025 19:00:00","BZN|NL","Without Sequence","157.32","",""
"26/03/2025 19:00:00 - 26/03/2025 20:00:00","BZN|NL","Without Sequence","167.56","",""
"26/03/2025 20:00:00 - 26/03/2025 21:00:00","BZN|NL","Without Sequence","150.00","",""
"26/03/2025 21:00:00 - 26/03/2025 22:00:00","BZN|NL","Without Sequence","126.33","",""
"26/03/2025 22:00:00 - 26/03/2025 23:00:00","BZN|NL","Without Sequence","117.48","",""
"26/03/2025 23:00:00 - 27/03/2025 00:00:00","BZN|NL","Without Sequence","106.89","",""
"27/03/2025 00:00:00 - 27/03/2025 01:00:00","BZN|NL","Without Sequence","103.91","",""
"27/03/2025 01:00:00 - 27/03/2025 02:00:00","BZN|NL","Without Sequence","97.39","",""
"27/03/2025 02:00:00 - 27/03/2025 03:00:00","BZN|NL","Without Sequence","96.61","",""
"27/03/2025 03:00:00 - 27/03/2025 04:00:00","BZN|NL","Without Sequence","95.84","",""
"27/03/2025 04:00:00 - 27/03/2025 05:00:00","BZN|NL","Without Sequence","92.16","",""
"27/03/2025 05:00:00 - 27/03/2025 06:00:00","BZN|NL","Without Sequence","102.01","",""
"27/03/2025 06:00:00 - 27/03/2025 07:00:00","BZN|NL","Without Sequence","125.05","",""
"27/03/2025 07:00:00 - 27/03/2025 08:00:00","BZN|NL","Without Sequence","137.79","",""
"27/03/2025 08:00:00 - 27/03/2025 09:00:00","BZN|NL","Without Sequence","123.50","",""
"27/03/2025 09:00:00 - 27/03/2025 10:00:00","BZN|NL","Without Sequence","89.92","",""
"27/03/2025 10:00:00 - 27/03/2025 11:00:00","BZN|NL","Without Sequence","70.78","",""
"27/03/2025 11:00:00 - 27/03/2025 12:00:00","BZN|NL","Without Sequence","44.90","",""
"27/03/2025 12:00:00 - 27/03/2025 13:00:00","BZN|NL","Without Sequence","12.00","",""
"27/03/2025 13:00:00 - 27/03/2025 14:00:00","BZN|NL","Without Sequence","4.12","",""
"27/03/2025 14:00:00 - 27/03/2025 15:00:00","BZN|NL","Without Sequence","29.03","",""
"27/03/2025 15:00:00 - 27/03/2025 16:00:00","BZN|NL","Without Sequence","68.80","",""
"27/03/2025 16:00:00 - 27/03/2025 17:00:00","BZN|NL","Without Sequence","87.08","",""
"27/03/2025 17:00:00 - 27/03/2025 18:00:00","BZN|NL","Without Sequence","116.62","",""
"27/03/2025 18:00:00 - 27/03/2025 19:00:00","BZN|NL","Without Sequence","151.07","",""
"27/03/2025 19:00:00 - 27/03/2025 20:00:00","BZN|NL","Without Sequence","167.44","",""
"27/03/2025 20:00:00 - 27/03/2025 21:00:00","BZN|NL","Without Sequence","140.71","",""
"27/03/2025 21:00:00 - 27/03/2025 22:00:00","BZN|NL","Without Sequence","122.74","",""
"27/03/2025 22:00:00 - 27/03/2025 23:00:00","BZN|NL","Without Sequence","111.60","",""
"27/03/2025 23:00:00 - 28/03/2025 00:00:00","BZN|NL","Without Sequence","99.58","",""
"28/03/2025 00:00:00 - 28/03/2025 01:00:00","BZN|NL","Without Sequence","85.21","",""
"28/03/2025 01:00:00 - 28/03/2025 02:00:00","BZN|NL","Without Sequence","79.05","",""
"28/03/2025 02:00:00 - 28/03/2025 03:00:00","BZN|NL","Without Sequence","78.99","",""
"28/03/2025 03:00:00 - 28/03/2025 04:00:00","BZN|NL","Without Sequence","77.89","",""
"28/03/2025 04:00:00 - 28/03/2025 05:00:00","BZN|NL","Without Sequence","78.47","",""
"28/03/2025 05:00:00 - 28/03/2025 06:00:00","BZN|NL","Without Sequence","92.34","",""
"28/03/2025 06:00:00 - 28/03/2025 07:00:00","BZN|NL","Without Sequence","122.80","",""
"28/03/2025 07:00:00 - 28/03/2025 08:00:00","BZN|NL","Without Sequence","122.20","",""
"28/03/2025 08:00:00 - 28/03/2025 09:00:00","BZN|NL","Without Sequence","102.08","",""
"28/03/2025 09:00:00 - 28/03/2025 10:00:00","BZN|NL","Without Sequence","71.60","",""
"28/03/2025 10:00:00 - 28/03/2025 11:00:00","BZN|NL","Without Sequence","20.47","",""
"28/03/2025 11:00:00 - 28/03/2025 12:00:00","BZN|NL","Without Sequence","-2.00","",""
"28/03/2025 12:00:00 - 28/03/2025 13:00:00","BZN|NL","Without Sequence","-2.00","",""
"28/03/2025 13:00:00 - 28/03/2025 14:00:00","BZN|NL","Without Sequence","-0.03","",""
"28/03/2025 14:00:00 - 28/03/2025 15:00:00","BZN|NL","Without Sequence","13.43","",""
"28/03/2025 15:00:00 - 28/03/2025 16:00:00","BZN|NL","Without Sequence","66.41","",""
"28/03/2025 16:00:00 - 28/03/2025 17:00:00","BZN|NL","Without Sequence","99.85","",""
"28/03/2025 17:00:00 - 28/03/2025 18:00:00","BZN|NL","Without Sequence","120.84","",""
"28/03/2025 18:00:00 - 28/03/2025 19:00:00","BZN|NL","Without Sequence","153.59","",""
"28/03/2025 19:00:00 - 28/03/2025 20:00:00","BZN|NL","Without Sequence","158.28","",""
"28/03/2025 20:00:00 - 28/03/2025 21:00:00","BZN|NL","Without Sequence","143.18","",""
"28/03/2025 21:00:00 - 28/03/2025 22:00:00","BZN|NL","Without Sequence","118.60","",""
"28/03/2025 22:00:00 - 28/03/2025 23:00:00","BZN|NL","Without Sequence","112.50","",""
"28/03/2025 23:00:00 - 29/03/2025 00:00:00","BZN|NL","Without Sequence","107.34","",""
"29/03/2025 00:00:00 - 29/03/2025 01:00:00","BZN|NL","Without Sequence","104.32","",""
"29/03/2025 01:00:00 - 29/03/2025 02:00:00","BZN|NL","Without Sequence","96.17","",""
"29/03/2025 02:00:00 - 29/03/2025 03:00:00","BZN|NL","Without Sequence","89.10","",""
"29/03/2025 03:00:00 - 29/03/2025 04:00:00","BZN|NL","Without Sequence","88.04","",""
"29/03/2025 04:00:00 - 29/03/2025 05:00:00","BZN|NL","Without Sequence","89.27","",""
"29/03/2025 05:00:00 - 29/03/2025 06:00:00","BZN|NL","Without Sequence","87.07","",""
"29/03/2025 06:00:00 - 29/03/2025 07:00:00","BZN|NL","Without Sequence","91.00","",""
"29/03/2025 07:00:00 - 29/03/2025 08:00:00","BZN|NL","Without Sequence","92.93","",""
"29/03/2025 08:00:00 - 29/03/2025 09:00:00","BZN|NL","Without Sequence","85.67","",""
"29/03/2025 09:00:00 - 29/03/2025 10:00:00","BZN|NL","Without Sequence","70.62","",""
"29/03/2025 10:00:00 - 29/03/2025 11:00:00","BZN|NL","Without Sequence","59.25","",""
"29/03/2025 11:00:00 - 29/03/2025 12:00:00","BZN|NL","Without Sequence","59.46","",""
"29/03/2025 12:00:00 - 29/03/2025 13:00:00","BZN|NL","Without Sequence","59.92","",""
"29/03/2025 13:00:00 - 29/03/2025 14:00:00","BZN|NL","Without Sequence","0.88","",""
"29/03/2025 14:00:00 - 29/03/2025 15:00:00","BZN|NL","Without Sequence","2.34","",""
"29/03/2025 15:00:00 - 29/03/2025 16:00:00","BZN|NL","Without Sequence","23.64","",""
"29/03/2025 16:00:00 - 29/03/2025 17:00:00","BZN|NL","Without Sequence","58.00","",""
"29/03/2025 17:00:00 - 29/03/2025 18:00:00","BZN|NL","Without Sequence","90.49","",""
"29/03/2025 18:00:00 - 29/03/2025 19:00:00","BZN|NL","Without Sequence","136.70","",""
"29/03/2025 19:00:00 - 29/03/2025 20:00:00","BZN|NL","Without Sequence","143.96","",""
"29/03/2025 20:00:00 - 29/03/2025 21:00:00","BZN|NL","Without Sequence","114.77","",""
"29/03/2025 21:00:00 - 29/03/2025 22:00:00","BZN|NL","Without Sequence","93.81","",""
"29/03/2025 22:00:00 - 29/03/2025 23:00:00","BZN|NL","Without Sequence","76.65","",""
"29/03/2025 23:00:00 - 30/03/2025 00:00:00","BZN|NL","Without Sequence","61.95","",""
"30/03/2025 00:00:00 - 30/03/2025 01:00:00 (CET)","BZN|NL","Without Sequence","17.50","",""
"30/03/2025 01:00:00 (CET) - 30/03/2025 03:00:00 (CEST)","BZN|NL","Without Sequence","12.20","",""
"30/03/2025 03:00:00 (CEST) - 30/03/2025 04:00:00","BZN|NL","Without Sequence","2.31","",""
"30/03/2025 04:00:00 - 30/03/2025 05:00:00","BZN|NL","Without Sequence","1.20","",""
"30/03/2025 05:00:00 - 30/03/2025 06:00:00","BZN|NL","Without Sequence","0.09","",""
"30/03/2025 06:00:00 - 30/03/2025 07:00:00","BZN|NL","Without Sequence","0.00","",""
"30/03/2025 07:00:00 - 30/03/2025 08:00:00","BZN|NL","Without Sequence","-0.03","",""
"30/03/2025 08:00:00 - 30/03/2025 09:00:00","BZN|NL","Without Sequence","-0.01","",""
"30/03/2025 09:00:00 - 30/03/2025 10:00:00","BZN|NL","Without Sequence","-0.04","",""
"30/03/2025 10:00:00 - 30/03/2025 11:00:00","BZN|NL","Without Sequence","-3.47","",""
"30/03/2025 11:00:00 - 30/03/2025 12:00:00","BZN|NL","Without Sequence","-15.00","",""
"30/03/2025 12:00:00 - 30/03/2025 13:00:00","BZN|NL","Without Sequence","-33.00","",""
"30/03/2025 13:00:00 - 30/03/2025 14:00:00","BZN|NL","Without Sequence","-33.00","",""
"30/03/2025 14:00:00 - 30/03/2025 15:00:00","BZN|NL","Without Sequence","-33.00","",""
"30/03/2025 15:00:00 - 30/03/2025 16:00:00","BZN|NL","Without Sequence","-15.34","",""
"30/03/2025 16:00:00 - 30/03/2025 17:00:00","BZN|NL","Without Sequence","-4.01","",""
"30/03/2025 17:00:00 - 30/03/2025 18:00:00","BZN|NL","Without Sequence","0.07","",""
"30/03/2025 18:00:00 - 30/03/2025 19:00:00","BZN|NL","Without Sequence","14.41","",""
"30/03/2025 19:00:00 - 30/03/2025 20:00:00","BZN|NL","Without Sequence","60.83","",""
"30/03/2025 20:00:00 - 30/03/2025 21:00:00","BZN|NL","Without Sequence","62.70","",""
"30/03/2025 21:00:00 - 30/03/2025 22:00:00","BZN|NL","Without Sequence","65.00","",""
"30/03/2025 22:00:00 - 30/03/2025 23:00:00","BZN|NL","Without Sequence","61.71","",""
"30/03/2025 23:00:00 - 31/03/2025 00:00:00","BZN|NL","Without Sequence","56.44","",""
"31/03/2025 00:00:00 - 31/03/2025 01:00:00","BZN|NL","Without Sequence","65.41","",""
"31/03/2025 01:00:00 - 31/03/2025 02:00:00","BZN|NL","Without Sequence","63.25","",""
"31/03/2025 02:00:00 - 31/03/2025 03:00:00","BZN|NL","Without Sequence","64.41","",""
"31/03/2025 03:00:00 - 31/03/2025 04:00:00","BZN|NL","Without Sequence","67.22","",""
"31/03/2025 04:00:00 - 31/03/2025 05:00:00","BZN|NL","Without Sequence","68.97","",""
"31/03/2025 05:00:00 - 31/03/2025 06:00:00","BZN|NL","Without Sequence","88.00","",""
"31/03/2025 06:00:00 - 31/03/2025 07:00:00","BZN|NL","Without Sequence","104.90","",""
"31/03/2025 07:00:00 - 31/03/2025 08:00:00","BZN|NL","Without Sequence","142.67","",""
"31/03/2025 08:00:00 - 31/03/2025 09:00:00","BZN|NL","Without Sequence","174.16","",""
"31/03/2025 09:00:00 - 31/03/2025 10:00:00","BZN|NL","Without Sequence","118.63","",""
"31/03/2025 10:00:00 - 31/03/2025 11:00:00","BZN|NL","Without Sequence","99.35","",""
"31/03/2025 11:00:00 - 31/03/2025 12:00:00","BZN|NL","Without Sequence","74.76","",""
"31/03/2025 12:00:00 - 31/03/2025 13:00:00","BZN|NL","Without Sequence","25.00","",""
"31/03/2025 13:00:00 - 31/03/2025 14:00:00","BZN|NL","Without Sequence","-3.00","",""
"31/03/2025 14:00:00 - 31/03/2025 15:00:00","BZN|NL","Without Sequence","-3.00","",""
"31/03/2025 15:00:00 - 31/03/2025 16:00:00","BZN|NL","Without Sequence","49.90","",""
"31/03/2025 16:00:00 - 31/03/2025 17:00:00","BZN|NL","Without Sequence","63.31","",""
"31/03/2025 17:00:00 - 31/03/2025 18:00:00","BZN|NL","Without Sequence","87.27","",""
"31/03/2025 18:00:00 - 31/03/2025 19:00:00","BZN|NL","Without Sequence","116.65","",""
"31/03/2025 19:00:00 - 31/03/2025 20:00:00","BZN|NL","Without Sequence","166.50","",""
"31/03/2025 20:00:00 - 31/03/2025 21:00:00","BZN|NL","Without Sequence","168.67","",""
"31/03/2025 21:00:00 - 31/03/2025 22:00:00","BZN|NL","Without Sequence","129.71","",""
"31/03/2025 22:00:00 - 31/03/2025 23:00:00","BZN|NL","Without Sequence","112.54","",""
"31/03/2025 23:00:00 - 01/04/2025 00:00:00","BZN|NL","Without Sequence","101.30","",""
"01/04/2025 00:00:00 - 01/04/2025 01:00:00","BZN|NL","Without Sequence","100.36","",""
"01/04/2025 01:00:00 - 01/04/2025 02:00:00","BZN|NL","Without Sequence","93.07","",""
"01/04/2025 02:00:00 - 01/04/2025 03:00:00","BZN|NL","Without Sequence","90.84","",""
"01/04/2025 03:00:00 - 01/04/2025 04:00:00","BZN|NL","Without Sequence","90.50","",""
"01/04/2025 04:00:00 - 01/04/2025 05:00:00","BZN|NL","Without Sequence","88.71","",""
"01/04/2025 05:00:00 - 01/04/2025 06:00:00","BZN|NL","Without Sequence","97.55","",""
"01/04/2025 06:00:00 - 01/04/2025 07:00:00","BZN|NL","Without Sequence","121.83","",""
"01/04/2025 07:00:00 - 01/04/2025 08:00:00","BZN|NL","Without Sequence","175.74","",""
"01/04/2025 08:00:00 - 01/04/2025 09:00:00","BZN|NL","Without Sequence","159.37","",""
"01/04/2025 09:00:00 - 01/04/2025 10:00:00","BZN|NL","Without Sequence","106.42","",""
"01/04/2025 10:00:00 - 01/04/2025 11:00:00","BZN|NL","Without Sequence","77.50","",""
"01/04/2025 11:00:00 - 01/04/2025 12:00:00","BZN|NL","Without Sequence","52.72","",""
"01/04/2025 12:00:00 - 01/04/2025 13:00:00","BZN|NL","Without Sequence","10.00","",""
"01/04/2025 13:00:00 - 01/04/2025 14:00:00","BZN|NL","Without Sequence","-20.00","",""
"01/04/2025 14:00:00 - 01/04/2025 15:00:00","BZN|NL","Without Sequence","-30.00","",""
"01/04/2025 15:00:00 - 01/04/2025 16:00:00","BZN|NL","Without Sequence","-3.00","",""
"01/04/2025 16:00:00 - 01/04/2025 17:00:00","BZN|NL","Without Sequence","41.10","",""
"01/04/2025 17:00:00 - 01/04/2025 18:00:00","BZN|NL","Without Sequence","68.67","",""
"01/04/2025 18:00:00 - 01/04/2025 19:00:00","BZN|NL","Without Sequence","105.78","",""
"01/04/2025 19:00:00 - 01/04/2025 20:00:00","BZN|NL","Without Sequence","139.72","",""
"01/04/2025 20:00:00 - 01/04/2025 21:00:00","BZN|NL","Without Sequence","131.18","",""
"01/04/2025 21:00:00 - 01/04/2025 22:00:00","BZN|NL","Without Sequence","104.26","",""
"01/04/2025 22:00:00 - 01/04/2025 23:00:00","BZN|NL","Without Sequence","92.67","",""
"01/04/2025 23:00:00 - 02/04/2025 00:00:00","BZN|NL","Without Sequence","77.65","",""
"02/04/2025 00:00:00 - 02/04/2025 01:00:00","BZN|NL","Without Sequence","65.63","",""
"02/04/2025 01:00:00 - 02/04/2025 02:00:00","BZN|NL","Without Sequence","63.04","",""
"02/04/2025 02:00:00 - 02/04/2025 03:00:00","BZN|NL","Without Sequence","62.75","",""
"02/04/2025 03:00:00 - 02/04/2025 04:00:00","BZN|NL","Without Sequence","63.52","",""
"02/04/2025 04:00:00 - 02/04/2025 05:00:00","BZN|NL","Without Sequence","64.13","",""
"02/04/2025 05:00:00 - 02/04/2025 06:00:00","BZN|NL","Without Sequence","77.41","",""
"02/04/2025 06:00:00 - 02/04/2025 07:00:00","BZN|NL","Without Sequence","107.62","",""
"02/04/2025 07:00:00 - 02/04/2025 08:00:00","BZN|NL","Without Sequence","145.00","",""
"02/04/2025 08:00:00 - 02/04/2025 09:00:00","BZN|NL","Without Sequence","122.96","",""
"02/04/2025 09:00:00 - 02/04/2025 10:00:00","BZN|NL","Without Sequence","79.70","",""
"02/04/2025 10:00:00 - 02/04/2025 11:00:00","BZN|NL","Without Sequence","41.35","",""
"02/04/2025 11:00:00 - 02/04/2025 12:00:00","BZN|NL","Without Sequence","-9.90","",""
"02/04/2025 12:00:00 - 02/04/2025 13:00:00","BZN|NL","Without Sequence","-30.00","",""
"02/04/2025 13:00:00 - 02/04/2025 14:00:00","BZN|NL","Without Sequence","-50.00","",""
"02/04/2025 14:00:00 - 02/04/2025 15:00:00","BZN|NL","Without Sequence","-54.00","",""
"02/04/2025 15:00:00 - 02/04/2025 16:00:00","BZN|NL","Without Sequence","-48.01","",""
"02/04/2025 16:00:00 - 02/04/2025 17:00:00","BZN|NL","Without Sequence","-25.37","",""
"02/04/2025 17:00:00 - 02/04/2025 18:00:00","BZN|NL","Without Sequence","-0.01","",""
"02/04/2025 18:00:00 - 02/04/2025 19:00:00","BZN|NL","Without Sequence","76.58","",""
"02/04/2025 19:00:00 - 02/04/2025 20:00:00","BZN|NL","Without Sequence","114.00","",""
"02/04/2025 20:00:00 - 02/04/2025 21:00:00","BZN|NL","Without Sequence","114.00","",""
"02/04/2025 21:00:00 - 02/04/2025 22:00:00","BZN|NL","Without Sequence","96.07","",""
"02/04/2025 22:00:00 - 02/04/2025 23:00:00","BZN|NL","Without Sequence","82.63","",""
"02/04/2025 23:00:00 - 03/04/2025 00:00:00","BZN|NL","Without Sequence","71.43","",""
"03/04/2025 00:00:00 - 03/04/2025 01:00:00","BZN|NL","Without Sequence","62.83","",""
"03/04/2025 01:00:00 - 03/04/2025 02:00:00","BZN|NL","Without Sequence","59.20","",""
"03/04/2025 02:00:00 - 03/04/2025 03:00:00","BZN|NL","Without Sequence","58.70","",""
"03/04/2025 03:00:00 - 03/04/2025 04:00:00","BZN|NL","Without Sequence","59.49","",""
"03/04/2025 04:00:00 - 03/04/2025 05:00:00","BZN|NL","Without Sequence","61.36","",""
"03/04/2025 05:00:00 - 03/04/2025 06:00:00","BZN|NL","Without Sequence","75.00","",""
"03/04/2025 06:00:00 - 03/04/2025 07:00:00","BZN|NL","Without Sequence","118.90","",""
"03/04/2025 07:00:00 - 03/04/2025 08:00:00","BZN|NL","Without Sequence","153.81","",""
"03/04/2025 08:00:00 - 03/04/2025 09:00:00","BZN|NL","Without Sequence","133.30","",""
"03/04/2025 09:00:00 - 03/04/2025 10:00:00","BZN|NL","Without Sequence","79.11","",""
"03/04/2025 10:00:00 - 03/04/2025 11:00:00","BZN|NL","Without Sequence","37.37","",""
"03/04/2025 11:00:00 - 03/04/2025 12:00:00","BZN|NL","Without Sequence","-0.16","",""
"03/04/2025 12:00:00 - 03/04/2025 13:00:00","BZN|NL","Without Sequence","-2.00","",""
"03/04/2025 13:00:00 - 03/04/2025 14:00:00","BZN|NL","Without Sequence","-14.60","",""
"03/04/2025 14:00:00 - 03/04/2025 15:00:00","BZN|NL","Without Sequence","-9.82","",""
"03/04/2025 15:00:00 - 03/04/2025 16:00:00","BZN|NL","Without Sequence","-1.59","",""
"03/04/2025 16:00:00 - 03/04/2025 17:00:00","BZN|NL","Without Sequence","0.08","",""
"03/04/2025 17:00:00 - 03/04/2025 18:00:00","BZN|NL","Without Sequence","68.83","",""
"03/04/2025 18:00:00 - 03/04/2025 19:00:00","BZN|NL","Without Sequence","130.36","",""
"03/04/2025 19:00:00 - 03/04/2025 20:00:00","BZN|NL","Without Sequence","160.91","",""
"03/04/2025 20:00:00 - 03/04/2025 21:00:00","BZN|NL","Without Sequence","153.31","",""
"03/04/2025 21:00:00 - 03/04/2025 22:00:00","BZN|NL","Without Sequence","131.47","",""
"03/04/2025 22:00:00 - 03/04/2025 23:00:00","BZN|NL","Without Sequence","111.37","",""
"03/04/2025 23:00:00 - 04/04/2025 00:00:00","BZN|NL","Without Sequence","102.68","",""
"04/04/2025 00:00:00 - 04/04/2025 01:00:00","BZN|NL","Without Sequence","104.97","",""
"04/04/2025 01:00:00 - 04/04/2025 02:00:00","BZN|NL","Without Sequence","98.88","",""
"04/04/2025 02:00:00 - 04/04/2025 03:00:00","BZN|NL","Without Sequence","98.87","",""
"04/04/2025 03:00:00 - 04/04/2025 04:00:00","BZN|NL","Without Sequence","98.95","",""
"04/04/2025 04:00:00 - 04/04/2025 05:00:00","BZN|NL","Without Sequence","100.30","",""
"04/04/2025 05:00:00 - 04/04/2025 06:00:00","BZN|NL","Without Sequence","105.37","",""
"04/04/2025 06:00:00 - 04/04/2025 07:00:00","BZN|NL","Without Sequence","135.16","",""
"04/04/2025 07:00:00 - 04/04/2025 08:00:00","BZN|NL","Without Sequence","166.83","",""
"04/04/2025 08:00:00 - 04/04/2025 09:00:00","BZN|NL","Without Sequence","136.73","",""
"04/04/2025 09:00:00 - 04/04/2025 10:00:00","BZN|NL","Without Sequence","94.48","",""
"04/04/2025 10:00:00 - 04/04/2025 11:00:00","BZN|NL","Without Sequence","60.91","",""
"04/04/2025 11:00:00 - 04/04/2025 12:00:00","BZN|NL","Without Sequence","7.82","",""
"04/04/2025 12:00:00 - 04/04/2025 13:00:00","BZN|NL","Without Sequence","0.00","",""
"04/04/2025 13:00:00 - 04/04/2025 14:00:00","BZN|NL","Without Sequence","-2.27","",""
"04/04/2025 14:00:00 - 04/04/2025 15:00:00","BZN|NL","Without Sequence","-2.14","",""
"04/04/2025 15:00:00 - 04/04/2025 16:00:00","BZN|NL","Without Sequence","-0.11","",""
"04/04/2025 16:00:00 - 04/04/2025 17:00:00","BZN|NL","Without Sequence","24.78","",""
"04/04/2025 17:00:00 - 04/04/2025 18:00:00","BZN|NL","Without Sequence","70.73","",""
"04/04/2025 18:00:00 - 04/04/2025 19:00:00","BZN|NL","Without Sequence","111.03","",""
"04/04/2025 19:00:00 - 04/04/2025 20:00:00","BZN|NL","Without Sequence","132.99","",""
"04/04/2025 20:00:00 - 04/04/2025 21:00:00","BZN|NL","Without Sequence","140.06","",""
"04/04/2025 21:00:00 - 04/04/2025 22:00:00","BZN|NL","Without Sequence","109.00","",""
"04/04/2025 22:00:00 - 04/04/2025 23:00:00","BZN|NL","Without Sequence","98.10","",""
"04/04/2025 23:00:00 - 05/04/2025 00:00:00","BZN|NL","Without Sequence","91.06","",""
"05/04/2025 00:00:00 - 05/04/2025 01:00:00","BZN|NL","Without Sequence","98.80","",""
"05/04/2025 01:00:00 - 05/04/2025 02:00:00","BZN|NL","Without Sequence","94.27","",""
"05/04/2025 02:00:00 - 05/04/2025 03:00:00","BZN|NL","Without Sequence","92.43","",""
"05/04/2025 03:00:00 - 05/04/2025 04:00:00","BZN|NL","Without Sequence","92.15","",""
"05/04/2025 04:00:00 - 05/04/2025 05:00:00","BZN|NL","Without Sequence","90.38","",""
"05/04/2025 05:00:00 - 05/04/2025 06:00:00","BZN|NL","Without Sequence","89.31","",""
"05/04/2025 06:00:00 - 05/04/2025 07:00:00","BZN|NL","Without Sequence","92.49","",""
"05/04/2025 07:00:00 - 05/04/2025 08:00:00","BZN|NL","Without Sequence","98.60","",""
"05/04/2025 08:00:00 - 05/04/2025 09:00:00","BZN|NL","Without Sequence","93.75","",""
"05/04/2025 09:00:00 - 05/04/2025 10:00:00","BZN|NL","Without Sequence","55.85","",""
"05/04/2025 10:00:00 - 05/04/2025 11:00:00","BZN|NL","Without Sequence","0.66","",""
"05/04/2025 11:00:00 - 05/04/2025 12:00:00","BZN|NL","Without Sequence","-2.00","",""
"05/04/2025 12:00:00 - 05/04/2025 13:00:00","BZN|NL","Without Sequence","-60.00","",""
"05/04/2025 13:00:00 - 05/04/2025 14:00:00","BZN|NL","Without Sequence","-54.71","",""
"05/04/2025 14:00:00 - 05/04/2025 15:00:00","BZN|NL","Without Sequence","-52.88","",""
"05/04/2025 15:00:00 - 05/04/2025 16:00:00","BZN|NL","Without Sequence","-29.90","",""
"05/04/2025 16:00:00 - 05/04/2025 17:00:00","BZN|NL","Without Sequence","-4.23","",""
"05/04/2025 17:00:00 - 05/04/2025 18:00:00","BZN|NL","Without Sequence","0.27","",""
"05/04/2025 18:00:00 - 05/04/2025 19:00:00","BZN|NL","Without Sequence","64.51","",""
"05/04/2025 19:00:00 - 05/04/2025 20:00:00","BZN|NL","Without Sequence","98.30","",""
"05/04/2025 20:00:00 - 05/04/2025 21:00:00","BZN|NL","Without Sequence","100.00","",""
"05/04/2025 21:00:00 - 05/04/2025 22:00:00","BZN|NL","Without Sequence","84.36","",""
"05/04/2025 22:00:00 - 05/04/2025 23:00:00","BZN|NL","Without Sequence","78.99","",""
"05/04/2025 23:00:00 - 06/04/2025 00:00:00","BZN|NL","Without Sequence","68.75","",""
"06/04/2025 00:00:00 - 06/04/2025 01:00:00","BZN|NL","Without Sequence","70.45","",""
"06/04/2025 01:00:00 - 06/04/2025 02:00:00","BZN|NL","Without Sequence","61.00","",""
"06/04/2025 02:00:00 - 06/04/2025 03:00:00","BZN|NL","Without Sequence","60.22","",""
"06/04/2025 03:00:00 - 06/04/2025 04:00:00","BZN|NL","Without Sequence","64.53","",""
"06/04/2025 04:00:00 - 06/04/2025 05:00:00","BZN|NL","Without Sequence","65.91","",""
"06/04/2025 05:00:00 - 06/04/2025 06:00:00","BZN|NL","Without Sequence","72.78","",""
"06/04/2025 06:00:00 - 06/04/2025 07:00:00","BZN|NL","Without Sequence","73.39","",""
"06/04/2025 07:00:00 - 06/04/2025 08:00:00","BZN|NL","Without Sequence","75.00","",""
"06/04/2025 08:00:00 - 06/04/2025 09:00:00","BZN|NL","Without Sequence","40.52","",""
"06/04/2025 09:00:00 - 06/04/2025 10:00:00","BZN|NL","Without Sequence","0.10","",""
"06/04/2025 10:00:00 - 06/04/2025 11:00:00","BZN|NL","Without Sequence","-2.00","",""
"06/04/2025 11:00:00 - 06/04/2025 12:00:00","BZN|NL","Without Sequence","-27.54","",""
"06/04/2025 12:00:00 - 06/04/2025 13:00:00","BZN|NL","Without Sequence","-60.00","",""
"06/04/2025 13:00:00 - 06/04/2025 14:00:00","BZN|NL","Without Sequence","-106.24","",""
"06/04/2025 14:00:00 - 06/04/2025 15:00:00","BZN|NL","Without Sequence","-114.54","",""
"06/04/2025 15:00:00 - 06/04/2025 16:00:00","BZN|NL","Without Sequence","-69.88","",""
"06/04/2025 16:00:00 - 06/04/2025 17:00:00","BZN|NL","Without Sequence","-18.94","",""
"06/04/2025 17:00:00 - 06/04/2025 18:00:00","BZN|NL","Without Sequence","1.62","",""
"06/04/2025 18:00:00 - 06/04/2025 19:00:00","BZN|NL","Without Sequence","96.58","",""
"06/04/2025 19:00:00 - 06/04/2025 20:00:00","BZN|NL","Without Sequence","120.25","",""
"06/04/2025 20:00:00 - 06/04/2025 21:00:00","BZN|NL","Without Sequence","128.01","",""
"06/04/2025 21:00:00 - 06/04/2025 22:00:00","BZN|NL","Without Sequence","117.15","",""
"06/04/2025 22:00:00 - 06/04/2025 23:00:00","BZN|NL","Without Sequence","108.19","",""
"06/04/2025 23:00:00 - 07/04/2025 00:00:00","BZN|NL","Without Sequence","97.38","",""
"07/04/2025 00:00:00 - 07/04/2025 01:00:00","BZN|NL","Without Sequence","83.64","",""
"07/04/2025 01:00:00 - 07/04/2025 02:00:00","BZN|NL","Without Sequence","81.66","",""
"07/04/2025 02:00:00 - 07/04/2025 03:00:00","BZN|NL","Without Sequence","78.69","",""
"07/04/2025 03:00:00 - 07/04/2025 04:00:00","BZN|NL","Without Sequence","79.97","",""
"07/04/2025 04:00:00 - 07/04/2025 05:00:00","BZN|NL","Without Sequence","82.80","",""
"07/04/2025 05:00:00 - 07/04/2025 06:00:00","BZN|NL","Without Sequence","93.45","",""
"07/04/2025 06:00:00 - 07/04/2025 07:00:00","BZN|NL","Without Sequence","124.04","",""
"07/04/2025 07:00:00 - 07/04/2025 08:00:00","BZN|NL","Without Sequence","179.14","",""
"07/04/2025 08:00:00 - 07/04/2025 09:00:00","BZN|NL","Without Sequence","144.61","",""
"07/04/2025 09:00:00 - 07/04/2025 10:00:00","BZN|NL","Without Sequence","105.10","",""
"07/04/2025 10:00:00 - 07/04/2025 11:00:00","BZN|NL","Without Sequence","79.03","",""
"07/04/2025 11:00:00 - 07/04/2025 12:00:00","BZN|NL","Without Sequence","60.85","",""
"07/04/2025 12:00:00 - 07/04/2025 13:00:00","BZN|NL","Without Sequence","11.80","",""
"07/04/2025 13:00:00 - 07/04/2025 14:00:00","BZN|NL","Without Sequence","2.19","",""
"07/04/2025 14:00:00 - 07/04/2025 15:00:00","BZN|NL","Without Sequence","2.20","",""
"07/04/2025 15:00:00 - 07/04/2025 16:00:00","BZN|NL","Without Sequence","54.53","",""
"07/04/2025 16:00:00 - 07/04/2025 17:00:00","BZN|NL","Without Sequence","62.61","",""
"07/04/2025 17:00:00 - 07/04/2025 18:00:00","BZN|NL","Without Sequence","92.54","",""
"07/04/2025 18:00:00 - 07/04/2025 19:00:00","BZN|NL","Without Sequence","115.74","",""
"07/04/2025 19:00:00 - 07/04/2025 20:00:00","BZN|NL","Without Sequence","151.00","",""
"07/04/2025 20:00:00 - 07/04/2025 21:00:00","BZN|NL","Without Sequence","152.26","",""
"07/04/2025 21:00:00 - 07/04/2025 22:00:00","BZN|NL","Without Sequence","137.97","",""
"07/04/2025 22:00:00 - 07/04/2025 23:00:00","BZN|NL","Without Sequence","107.50","",""
"07/04/2025 23:00:00 - 08/04/2025 00:00:00","BZN|NL","Without Sequence","104.45","",""
"08/04/2025 00:00:00 - 08/04/2025 01:00:00","BZN|NL","Without Sequence","81.78","",""
"08/04/2025 01:00:00 - 08/04/2025 02:00:00","BZN|NL","Without Sequence","84.14","",""
"08/04/2025 02:00:00 - 08/04/2025 03:00:00","BZN|NL","Without Sequence","80.42","",""
"08/04/2025 03:00:00 - 08/04/2025 04:00:00","BZN|NL","Without Sequence","79.53","",""
"08/04/2025 04:00:00 - 08/04/2025 05:00:00","BZN|NL","Without Sequence","84.11","",""
"08/04/2025 05:00:00 - 08/04/2025 06:00:00","BZN|NL","Without Sequence","91.60","",""
"08/04/2025 06:00:00 - 08/04/2025 07:00:00","BZN|NL","Without Sequence","132.00","",""
"08/04/2025 07:00:00 - 08/04/2025 08:00:00","BZN|NL","Without Sequence","165.30","",""
"08/04/2025 08:00:00 - 08/04/2025 09:00:00","BZN|NL","Without Sequence","136.77","",""
"08/04/2025 09:00:00 - 08/04/2025 10:00:00","BZN|NL","Without Sequence","91.26","",""
"08/04/2025 10:00:00 - 08/04/2025 11:00:00","BZN|NL","Without Sequence","72.12","",""
"08/04/2025 11:00:00 - 08/04/2025 12:00:00","BZN|NL","Without Sequence","52.78","",""
"08/04/2025 12:00:00 - 08/04/2025 13:00:00","BZN|NL","Without Sequence","18.36","",""
"08/04/2025 13:00:00 - 08/04/2025 14:00:00","BZN|NL","Without Sequence","14.12","",""
"08/04/2025 14:00:00 - 08/04/2025 15:00:00","BZN|NL","Without Sequence","22.67","",""
"08/04/2025 15:00:00 - 08/04/2025 16:00:00","BZN|NL","Without Sequence","45.94","",""
"08/04/2025 16:00:00 - 08/04/2025 17:00:00","BZN|NL","Without Sequence","63.05","",""
"08/04/2025 17:00:00 - 08/04/2025 18:00:00","BZN|NL","Without Sequence","81.55","",""
"08/04/2025 18:00:00 - 08/04/2025 19:00:00","BZN|NL","Without Sequence","109.01","",""
"08/04/2025 19:00:00 - 08/04/2025 20:00:00","BZN|NL","Without Sequence","135.71","",""
"08/04/2025 20:00:00 - 08/04/2025 21:00:00","BZN|NL","Without Sequence","167.37","",""
"08/04/2025 21:00:00 - 08/04/2025 22:00:00","BZN|NL","Without Sequence","137.58","",""
"08/04/2025 22:00:00 - 08/04/2025 23:00:00","BZN|NL","Without Sequence","115.35","",""
"08/04/2025 23:00:00 - 09/04/2025 00:00:00","BZN|NL","Without Sequence","97.20","",""
"09/04/2025 00:00:00 - 09/04/2025 01:00:00","BZN|NL","Without Sequence","95.00","",""
"09/04/2025 01:00:00 - 09/04/2025 02:00:00","BZN|NL","Without Sequence","85.00","",""
"09/04/2025 02:00:00 - 09/04/2025 03:00:00","BZN|NL","Without Sequence","85.60","",""
"09/04/2025 03:00:00 - 09/04/2025 04:00:00","BZN|NL","Without Sequence","84.15","",""
"09/04/2025 04:00:00 - 09/04/2025 05:00:00","BZN|NL","Without Sequence","86.45","",""
"09/04/2025 05:00:00 - 09/04/2025 06:00:00","BZN|NL","Without Sequence","95.64","",""
"09/04/2025 06:00:00 - 09/04/2025 07:00:00","BZN|NL","Without Sequence","123.40","",""
"09/04/2025 07:00:00 - 09/04/2025 08:00:00","BZN|NL","Without Sequence","153.41","",""
"09/04/2025 08:00:00 - 09/04/2025 09:00:00","BZN|NL","Without Sequence","128.06","",""
"09/04/2025 09:00:00 - 09/04/2025 10:00:00","BZN|NL","Without Sequence","95.00","",""
"09/04/2025 10:00:00 - 09/04/2025 11:00:00","BZN|NL","Without Sequence","77.39","",""
"09/04/2025 11:00:00 - 09/04/2025 12:00:00","BZN|NL","Without Sequence","50.59","",""
"09/04/2025 12:00:00 - 09/04/2025 13:00:00","BZN|NL","Without Sequence","11.30","",""
"09/04/2025 13:00:00 - 09/04/2025 14:00:00","BZN|NL","Without Sequence","0.00","",""
"09/04/2025 14:00:00 - 09/04/2025 15:00:00","BZN|NL","Without Sequence","-1.59","",""
"09/04/2025 15:00:00 - 09/04/2025 16:00:00","BZN|NL","Without Sequence","15.00","",""
"09/04/2025 16:00:00 - 09/04/2025 17:00:00","BZN|NL","Without Sequence","45.79","",""
"09/04/2025 17:00:00 - 09/04/2025 18:00:00","BZN|NL","Without Sequence","70.92","",""
"09/04/2025 18:00:00 - 09/04/2025 19:00:00","BZN|NL","Without Sequence","93.51","",""
"09/04/2025 19:00:00 - 09/04/2025 20:00:00","BZN|NL","Without Sequence","118.89","",""
"09/04/2025 20:00:00 - 09/04/2025 21:00:00","BZN|NL","Without Sequence","129.19","",""
"09/04/2025 21:00:00 - 09/04/2025 22:00:00","BZN|NL","Without Sequence","104.17","",""
"09/04/2025 22:00:00 - 09/04/2025 23:00:00","BZN|NL","Without Sequence","94.80","",""
"09/04/2025 23:00:00 - 10/04/2025 00:00:00","BZN|NL","Without Sequence","89.51","",""
"10/04/2025 00:00:00 - 10/04/2025 01:00:00","BZN|NL","Without Sequence","85.00","",""
"10/04/2025 01:00:00 - 10/04/2025 02:00:00","BZN|NL","Without Sequence","83.95","",""
"10/04/2025 02:00:00 - 10/04/2025 03:00:00","BZN|NL","Without Sequence","83.95","",""
"10/04/2025 03:00:00 - 10/04/2025 04:00:00","BZN|NL","Without Sequence","82.64","",""
"10/04/2025 04:00:00 - 10/04/2025 05:00:00","BZN|NL","Without Sequence","82.24","",""
"10/04/2025 05:00:00 - 10/04/2025 06:00:00","BZN|NL","Without Sequence","87.82","",""
"10/04/2025 06:00:00 - 10/04/2025 07:00:00","BZN|NL","Without Sequence","115.69","",""
"10/04/2025 07:00:00 - 10/04/2025 08:00:00","BZN|NL","Without Sequence","149.04","",""
"10/04/2025 08:00:00 - 10/04/2025 09:00:00","BZN|NL","Without Sequence","130.59","",""
"10/04/2025 09:00:00 - 10/04/2025 10:00:00","BZN|NL","Without Sequence","99.43","",""
"10/04/2025 10:00:00 - 10/04/2025 11:00:00","BZN|NL","Without Sequence","85.71","",""
"10/04/2025 11:00:00 - 10/04/2025 12:00:00","BZN|NL","Without Sequence","62.59","",""
"10/04/2025 12:00:00 - 10/04/2025 13:00:00","BZN|NL","Without Sequence","27.02","",""
"10/04/2025 13:00:00 - 10/04/2025 14:00:00","BZN|NL","Without Sequence","1.67","",""
"10/04/2025 14:00:00 - 10/04/2025 15:00:00","BZN|NL","Without Sequence","0.06","",""
"10/04/2025 15:00:00 - 10/04/2025 16:00:00","BZN|NL","Without Sequence","1.00","",""
"10/04/2025 16:00:00 - 10/04/2025 17:00:00","BZN|NL","Without Sequence","44.83","",""
"10/04/2025 17:00:00 - 10/04/2025 18:00:00","BZN|NL","Without Sequence","64.89","",""
"10/04/2025 18:00:00 - 10/04/2025 19:00:00","BZN|NL","Without Sequence","92.13","",""
"10/04/2025 19:00:00 - 10/04/2025 20:00:00","BZN|NL","Without Sequence","132.00","",""
"10/04/2025 20:00:00 - 10/04/2025 21:00:00","BZN|NL","Without Sequence","132.31","",""
"10/04/2025 21:00:00 - 10/04/2025 22:00:00","BZN|NL","Without Sequence","94.70","",""
"10/04/2025 22:00:00 - 10/04/2025 23:00:00","BZN|NL","Without Sequence","88.45","",""
"10/04/2025 23:00:00 - 11/04/2025 00:00:00","BZN|NL","Without Sequence","87.13","",""
"11/04/2025 00:00:00 - 11/04/2025 01:00:00","BZN|NL","Without Sequence","96.00","",""
"11/04/2025 01:00:00 - 11/04/2025 02:00:00","BZN|NL","Without Sequence","85.10","",""
"11/04/2025 02:00:00 - 11/04/2025 03:00:00","BZN|NL","Without Sequence","89.00","",""
"11/04/2025 03:00:00 - 11/04/2025 04:00:00","BZN|NL","Without Sequence","75.30","",""
"11/04/2025 04:00:00 - 11/04/2025 05:00:00","BZN|NL","Without Sequence","75.00","",""
"11/04/2025 05:00:00 - 11/04/2025 06:00:00","BZN|NL","Without Sequence","85.10","",""
"11/04/2025 06:00:00 - 11/04/2025 07:00:00","BZN|NL","Without Sequence","91.92","",""
"11/04/2025 07:00:00 - 11/04/2025 08:00:00","BZN|NL","Without Sequence","116.08","",""
"11/04/2025 08:00:00 - 11/04/2025 09:00:00","BZN|NL","Without Sequence","131.18","",""
"11/04/2025 09:00:00 - 11/04/2025 10:00:00","BZN|NL","Without Sequence","112.00","",""
"11/04/2025 10:00:00 - 11/04/2025 11:00:00","BZN|NL","Without Sequence","20.05","",""
"11/04/2025 11:00:00 - 11/04/2025 12:00:00","BZN|NL","Without Sequence","-2.00","",""
"11/04/2025 12:00:00 - 11/04/2025 13:00:00","BZN|NL","Without Sequence","-5.74","",""
"11/04/2025 13:00:00 - 11/04/2025 14:00:00","BZN|NL","Without Sequence","-8.82","",""
"11/04/2025 14:00:00 - 11/04/2025 15:00:00","BZN|NL","Without Sequence","-5.09","",""
"11/04/2025 15:00:00 - 11/04/2025 16:00:00","BZN|NL","Without Sequence","-0.10","",""
"11/04/2025 16:00:00 - 11/04/2025 17:00:00","BZN|NL","Without Sequence","-0.48","",""
"11/04/2025 17:00:00 - 11/04/2025 18:00:00","BZN|NL","Without Sequence","63.44","",""
"11/04/2025 18:00:00 - 11/04/2025 19:00:00","BZN|NL","Without Sequence","102.70","",""
"11/04/2025 19:00:00 - 11/04/2025 20:00:00","BZN|NL","Without Sequence","127.30","",""
"11/04/2025 20:00:00 - 11/04/2025 21:00:00","BZN|NL","Without Sequence","147.45","",""
"11/04/2025 21:00:00 - 11/04/2025 22:00:00","BZN|NL","Without Sequence","125.00","",""
"11/04/2025 22:00:00 - 11/04/2025 23:00:00","BZN|NL","Without Sequence","112.71","",""
"11/04/2025 23:00:00 - 12/04/2025 00:00:00","BZN|NL","Without Sequence","100.64","",""
"12/04/2025 00:00:00 - 12/04/2025 01:00:00","BZN|NL","Without Sequence","101.93","",""
"12/04/2025 01:00:00 - 12/04/2025 02:00:00","BZN|NL","Without Sequence","98.43","",""
"12/04/2025 02:00:00 - 12/04/2025 03:00:00","BZN|NL","Without Sequence","95.38","",""
"12/04/2025 03:00:00 - 12/04/2025 04:00:00","BZN|NL","Without Sequence","89.09","",""
"12/04/2025 04:00:00 - 12/04/2025 05:00:00","BZN|NL","Without Sequence","89.13","",""
"12/04/2025 05:00:00 - 12/04/2025 06:00:00","BZN|NL","Without Sequence","89.11","",""
"12/04/2025 06:00:00 - 12/04/2025 07:00:00","BZN|NL","Without Sequence","93.51","",""
"12/04/2025 07:00:00 - 12/04/2025 08:00:00","BZN|NL","Without Sequence","90.13","",""
"12/04/2025 08:00:00 - 12/04/2025 09:00:00","BZN|NL","Without Sequence","90.29","",""
"12/04/2025 09:00:00 - 12/04/2025 10:00:00","BZN|NL","Without Sequence","62.04","",""
"12/04/2025 10:00:00 - 12/04/2025 11:00:00","BZN|NL","Without Sequence","20.19","",""
"12/04/2025 11:00:00 - 12/04/2025 12:00:00","BZN|NL","Without Sequence","0.00","",""
"12/04/2025 12:00:00 - 12/04/2025 13:00:00","BZN|NL","Without Sequence","-18.55","",""
"12/04/2025 13:00:00 - 12/04/2025 14:00:00","BZN|NL","Without Sequence","-51.54","",""
"12/04/2025 14:00:00 - 12/04/2025 15:00:00","BZN|NL","Without Sequence","-63.79","",""
"12/04/2025 15:00:00 - 12/04/2025 16:00:00","BZN|NL","Without Sequence","-31.31","",""
"12/04/2025 16:00:00 - 12/04/2025 17:00:00","BZN|NL","Without Sequence","-0.06","",""
"12/04/2025 17:00:00 - 12/04/2025 18:00:00","BZN|NL","Without Sequence","53.34","",""
"12/04/2025 18:00:00 - 12/04/2025 19:00:00","BZN|NL","Without Sequence","98.85","",""
"12/04/2025 19:00:00 - 12/04/2025 20:00:00","BZN|NL","Without Sequence","134.20","",""
"12/04/2025 20:00:00 - 12/04/2025 21:00:00","BZN|NL","Without Sequence","117.46","",""
"12/04/2025 21:00:00 - 12/04/2025 22:00:00","BZN|NL","Without Sequence","89.24","",""
"12/04/2025 22:00:00 - 12/04/2025 23:00:00","BZN|NL","Without Sequence","82.00","",""
"12/04/2025 23:00:00 - 13/04/2025 00:00:00","BZN|NL","Without Sequence","69.90","",""
"13/04/2025 00:00:00 - 13/04/2025 01:00:00","BZN|NL","Without Sequence","63.99","",""
"13/04/2025 01:00:00 - 13/04/2025 02:00:00","BZN|NL","Without Sequence","56.00","",""
"13/04/2025 02:00:00 - 13/04/2025 03:00:00","BZN|NL","Without Sequence","42.36","",""
"13/04/2025 03:00:00 - 13/04/2025 04:00:00","BZN|NL","Without Sequence","29.50","",""
"13/04/2025 04:00:00 - 13/04/2025 05:00:00","BZN|NL","Without Sequence","34.90","",""
"13/04/2025 05:00:00 - 13/04/2025 06:00:00","BZN|NL","Without Sequence","34.90","",""
"13/04/2025 06:00:00 - 13/04/2025 07:00:00","BZN|NL","Without Sequence","32.25","",""
"13/04/2025 07:00:00 - 13/04/2025 08:00:00","BZN|NL","Without Sequence","27.75","",""
"13/04/2025 08:00:00 - 13/04/2025 09:00:00","BZN|NL","Without Sequence","34.50","",""
"13/04/2025 09:00:00 - 13/04/2025 10:00:00","BZN|NL","Without Sequence","8.43","",""
"13/04/2025 10:00:00 - 13/04/2025 11:00:00","BZN|NL","Without Sequence","0.00","",""
"13/04/2025 11:00:00 - 13/04/2025 12:00:00","BZN|NL","Without Sequence","-0.02","",""
"13/04/2025 12:00:00 - 13/04/2025 13:00:00","BZN|NL","Without Sequence","-2.00","",""
"13/04/2025 13:00:00 - 13/04/2025 14:00:00","BZN|NL","Without Sequence","-18.84","",""
"13/04/2025 14:00:00 - 13/04/2025 15:00:00","BZN|NL","Without Sequence","-25.38","",""
"13/04/2025 15:00:00 - 13/04/2025 16:00:00","BZN|NL","Without Sequence","-9.93","",""
"13/04/2025 16:00:00 - 13/04/2025 17:00:00","BZN|NL","Without Sequence","-0.01","",""
"13/04/2025 17:00:00 - 13/04/2025 18:00:00","BZN|NL","Without Sequence","16.35","",""
"13/04/2025 18:00:00 - 13/04/2025 19:00:00","BZN|NL","Without Sequence","90.02","",""
"13/04/2025 19:00:00 - 13/04/2025 20:00:00","BZN|NL","Without Sequence","109.57","",""
"13/04/2025 20:00:00 - 13/04/2025 21:00:00","BZN|NL","Without Sequence","112.74","",""
"13/04/2025 21:00:00 - 13/04/2025 22:00:00","BZN|NL","Without Sequence","106.96","",""
"13/04/2025 22:00:00 - 13/04/2025 23:00:00","BZN|NL","Without Sequence","97.65","",""
"13/04/2025 23:00:00 - 14/04/2025 00:00:00","BZN|NL","Without Sequence","90.00","",""
"14/04/2025 00:00:00 - 14/04/2025 01:00:00","BZN|NL","Without Sequence","81.61","",""
"14/04/2025 01:00:00 - 14/04/2025 02:00:00","BZN|NL","Without Sequence","77.99","",""
"14/04/2025 02:00:00 - 14/04/2025 03:00:00","BZN|NL","Without Sequence","77.51","",""
"14/04/2025 03:00:00 - 14/04/2025 04:00:00","BZN|NL","Without Sequence","77.55","",""
"14/04/2025 04:00:00 - 14/04/2025 05:00:00","BZN|NL","Without Sequence","79.25","",""
"14/04/2025 05:00:00 - 14/04/2025 06:00:00","BZN|NL","Without Sequence","88.68","",""
"14/04/2025 06:00:00 - 14/04/2025 07:00:00","BZN|NL","Without Sequence","114.59","",""
"14/04/2025 07:00:00 - 14/04/2025 08:00:00","BZN|NL","Without Sequence","150.52","",""
"14/04/2025 08:00:00 - 14/04/2025 09:00:00","BZN|NL","Without Sequence","143.70","",""
"14/04/2025 09:00:00 - 14/04/2025 10:00:00","BZN|NL","Without Sequence","100.06","",""
"14/04/2025 10:00:00 - 14/04/2025 11:00:00","BZN|NL","Without Sequence","85.10","",""
"14/04/2025 11:00:00 - 14/04/2025 12:00:00","BZN|NL","Without Sequence","70.00","",""
"14/04/2025 12:00:00 - 14/04/2025 13:00:00","BZN|NL","Without Sequence","60.84","",""
"14/04/2025 13:00:00 - 14/04/2025 14:00:00","BZN|NL","Without Sequence","56.56","",""
"14/04/2025 14:00:00 - 14/04/2025 15:00:00","BZN|NL","Without Sequence","56.52","",""
"14/04/2025 15:00:00 - 14/04/2025 16:00:00","BZN|NL","Without Sequence","66.44","",""
"14/04/2025 16:00:00 - 14/04/2025 17:00:00","BZN|NL","Without Sequence","76.56","",""
"14/04/2025 17:00:00 - 14/04/2025 18:00:00","BZN|NL","Without Sequence","88.88","",""
"14/04/2025 18:00:00 - 14/04/2025 19:00:00","BZN|NL","Without Sequence","108.30","",""
"14/04/2025 19:00:00 - 14/04/2025 20:00:00","BZN|NL","Without Sequence","180.00","",""
"14/04/2025 20:00:00 - 14/04/2025 21:00:00","BZN|NL","Without Sequence","148.66","",""
"14/04/2025 21:00:00 - 14/04/2025 22:00:00","BZN|NL","Without Sequence","97.81","",""
"14/04/2025 22:00:00 - 14/04/2025 23:00:00","BZN|NL","Without Sequence","77.69","",""
"14/04/2025 23:00:00 - 15/04/2025 00:00:00","BZN|NL","Without Sequence","76.00","",""
"15/04/2025 00:00:00 - 15/04/2025 01:00:00","BZN|NL","Without Sequence","78.90","",""
"15/04/2025 01:00:00 - 15/04/2025 02:00:00","BZN|NL","Without Sequence","74.00","",""
"15/04/2025 02:00:00 - 15/04/2025 03:00:00","BZN|NL","Without Sequence","69.90","",""
"15/04/2025 03:00:00 - 15/04/2025 04:00:00","BZN|NL","Without Sequence","70.00","",""
"15/04/2025 04:00:00 - 15/04/2025 05:00:00","BZN|NL","Without Sequence","66.30","",""
"15/04/2025 05:00:00 - 15/04/2025 06:00:00","BZN|NL","Without Sequence","65.00","",""
"15/04/2025 06:00:00 - 15/04/2025 07:00:00","BZN|NL","Without Sequence","77.38","",""
"15/04/2025 07:00:00 - 15/04/2025 08:00:00","BZN|NL","Without Sequence","92.60","",""
"15/04/2025 08:00:00 - 15/04/2025 09:00:00","BZN|NL","Without Sequence","97.00","",""
"15/04/2025 09:00:00 - 15/04/2025 10:00:00","BZN|NL","Without Sequence","67.97","",""
"15/04/2025 10:00:00 - 15/04/2025 11:00:00","BZN|NL","Without Sequence","48.93","",""
"15/04/2025 11:00:00 - 15/04/2025 12:00:00","BZN|NL","Without Sequence","2.92","",""
"15/04/2025 12:00:00 - 15/04/2025 13:00:00","BZN|NL","Without Sequence","1.57","",""
"15/04/2025 13:00:00 - 15/04/2025 14:00:00","BZN|NL","Without Sequence","0.00","",""
"15/04/2025 14:00:00 - 15/04/2025 15:00:00","BZN|NL","Without Sequence","2.71","",""
"15/04/2025 15:00:00 - 15/04/2025 16:00:00","BZN|NL","Without Sequence","44.86","",""
"15/04/2025 16:00:00 - 15/04/2025 17:00:00","BZN|NL","Without Sequence","78.00","",""
"15/04/2025 17:00:00 - 15/04/2025 18:00:00","BZN|NL","Without Sequence","92.00","",""
"15/04/2025 18:00:00 - 15/04/2025 19:00:00","BZN|NL","Without Sequence","100.37","",""
"15/04/2025 19:00:00 - 15/04/2025 20:00:00","BZN|NL","Without Sequence","125.88","",""
"15/04/2025 20:00:00 - 15/04/2025 21:00:00","BZN|NL","Without Sequence","133.17","",""
"15/04/2025 21:00:00 - 15/04/2025 22:00:00","BZN|NL","Without Sequence","105.96","",""
"15/04/2025 22:00:00 - 15/04/2025 23:00:00","BZN|NL","Without Sequence","96.52","",""
"15/04/2025 23:00:00 - 16/04/2025 00:00:00","BZN|NL","Without Sequence","88.82","",""
"16/04/2025 00:00:00 - 16/04/2025 01:00:00","BZN|NL","Without Sequence","85.40","",""
"16/04/2025 01:00:00 - 16/04/2025 02:00:00","BZN|NL","Without Sequence","78.48","",""
"16/04/2025 02:00:00 - 16/04/2025 03:00:00","BZN|NL","Without Sequence","78.30","",""
"16/04/2025 03:00:00 - 16/04/2025 04:00:00","BZN|NL","Without Sequence","70.57","",""
"16/04/2025 04:00:00 - 16/04/2025 05:00:00","BZN|NL","Without Sequence","69.97","",""
"16/04/2025 05:00:00 - 16/04/2025 06:00:00","BZN|NL","Without Sequence","78.96","",""
"16/04/2025 06:00:00 - 16/04/2025 07:00:00","BZN|NL","Without Sequence","101.50","",""
"16/04/2025 07:00:00 - 16/04/2025 08:00:00","BZN|NL","Without Sequence","124.47","",""
"16/04/2025 08:00:00 - 16/04/2025 09:00:00","BZN|NL","Without Sequence","109.94","",""
"16/04/2025 09:00:00 - 16/04/2025 10:00:00","BZN|NL","Without Sequence","93.35","",""
"16/04/2025 10:00:00 - 16/04/2025 11:00:00","BZN|NL","Without Sequence","77.98","",""
"16/04/2025 11:00:00 - 16/04/2025 12:00:00","BZN|NL","Without Sequence","61.70","",""
"16/04/2025 12:00:00 - 16/04/2025 13:00:00","BZN|NL","Without Sequence","33.47","",""
"16/04/2025 13:00:00 - 16/04/2025 14:00:00","BZN|NL","Without Sequence","21.34","",""
"16/04/2025 14:00:00 - 16/04/2025 15:00:00","BZN|NL","Without Sequence","25.09","",""
"16/04/2025 15:00:00 - 16/04/2025 16:00:00","BZN|NL","Without Sequence","55.00","",""
"16/04/2025 16:00:00 - 16/04/2025 17:00:00","BZN|NL","Without Sequence","68.00","",""
"16/04/2025 17:00:00 - 16/04/2025 18:00:00","BZN|NL","Without Sequence","89.00","",""
"16/04/2025 18:00:00 - 16/04/2025 19:00:00","BZN|NL","Without Sequence","114.87","",""
"16/04/2025 19:00:00 - 16/04/2025 20:00:00","BZN|NL","Without Sequence","146.00","",""
"16/04/2025 20:00:00 - 16/04/2025 21:00:00","BZN|NL","Without Sequence","136.92","",""
"16/04/2025 21:00:00 - 16/04/2025 22:00:00","BZN|NL","Without Sequence","119.82","",""
"16/04/2025 22:00:00 - 16/04/2025 23:00:00","BZN|NL","Without Sequence","109.26","",""
"16/04/2025 23:00:00 - 17/04/2025 00:00:00","BZN|NL","Without Sequence","98.59","",""
"17/04/2025 00:00:00 - 17/04/2025 01:00:00","BZN|NL","Without Sequence","88.99","",""
"17/04/2025 01:00:00 - 17/04/2025 02:00:00","BZN|NL","Without Sequence","83.99","",""
"17/04/2025 02:00:00 - 17/04/2025 03:00:00","BZN|NL","Without Sequence","81.67","",""
"17/04/2025 03:00:00 - 17/04/2025 04:00:00","BZN|NL","Without Sequence","80.07","",""
"17/04/2025 04:00:00 - 17/04/2025 05:00:00","BZN|NL","Without Sequence","81.28","",""
"17/04/2025 05:00:00 - 17/04/2025 06:00:00","BZN|NL","Without Sequence","87.43","",""
"17/04/2025 06:00:00 - 17/04/2025 07:00:00","BZN|NL","Without Sequence","105.06","",""
"17/04/2025 07:00:00 - 17/04/2025 08:00:00","BZN|NL","Without Sequence","122.33","",""
"17/04/2025 08:00:00 - 17/04/2025 09:00:00","BZN|NL","Without Sequence","130.90","",""
"17/04/2025 09:00:00 - 17/04/2025 10:00:00","BZN|NL","Without Sequence","120.10","",""
"17/04/2025 10:00:00 - 17/04/2025 11:00:00","BZN|NL","Without Sequence","105.69","",""
"17/04/2025 11:00:00 - 17/04/2025 12:00:00","BZN|NL","Without Sequence","83.13","",""
"17/04/2025 12:00:00 - 17/04/2025 13:00:00","BZN|NL","Without Sequence","80.04","",""
"17/04/2025 13:00:00 - 17/04/2025 14:00:00","BZN|NL","Without Sequence","79.36","",""
"17/04/2025 14:00:00 - 17/04/2025 15:00:00","BZN|NL","Without Sequence","78.10","",""
"17/04/2025 15:00:00 - 17/04/2025 16:00:00","BZN|NL","Without Sequence","77.65","",""
"17/04/2025 16:00:00 - 17/04/2025 17:00:00","BZN|NL","Without Sequence","87.00","",""
"17/04/2025 17:00:00 - 17/04/2025 18:00:00","BZN|NL","Without Sequence","94.55","",""
"17/04/2025 18:00:00 - 17/04/2025 19:00:00","BZN|NL","Without Sequence","110.76","",""
"17/04/2025 19:00:00 - 17/04/2025 20:00:00","BZN|NL","Without Sequence","125.97","",""
"17/04/2025 20:00:00 - 17/04/2025 21:00:00","BZN|NL","Without Sequence","120.37","",""
"17/04/2025 21:00:00 - 17/04/2025 22:00:00","BZN|NL","Without Sequence","117.80","",""
"17/04/2025 22:00:00 - 17/04/2025 23:00:00","BZN|NL","Without Sequence","98.90","",""
"17/04/2025 23:00:00 - 18/04/2025 00:00:00","BZN|NL","Without Sequence","96.27","",""
"18/04/2025 00:00:00 - 18/04/2025 01:00:00","BZN|NL","Without Sequence","99.41","",""
"18/04/2025 01:00:00 - 18/04/2025 02:00:00","BZN|NL","Without Sequence","88.00","",""
"18/04/2025 02:00:00 - 18/04/2025 03:00:00","BZN|NL","Without Sequence","88.00","",""
"18/04/2025 03:00:00 - 18/04/2025 04:00:00","BZN|NL","Without Sequence","84.00","",""
"18/04/2025 04:00:00 - 18/04/2025 05:00:00","BZN|NL","Without Sequence","79.68","",""
"18/04/2025 05:00:00 - 18/04/2025 06:00:00","BZN|NL","Without Sequence","74.90","",""
"18/04/2025 06:00:00 - 18/04/2025 07:00:00","BZN|NL","Without Sequence","80.00","",""
"18/04/2025 07:00:00 - 18/04/2025 08:00:00","BZN|NL","Without Sequence","96.70","",""
"18/04/2025 08:00:00 - 18/04/2025 09:00:00","BZN|NL","Without Sequence","108.00","",""
"18/04/2025 09:00:00 - 18/04/2025 10:00:00","BZN|NL","Without Sequence","102.59","",""
"18/04/2025 10:00:00 - 18/04/2025 11:00:00","BZN|NL","Without Sequence","92.88","",""
"18/04/2025 11:00:00 - 18/04/2025 12:00:00","BZN|NL","Without Sequence","77.99","",""
"18/04/2025 12:00:00 - 18/04/2025 13:00:00","BZN|NL","Without Sequence","69.93","",""
"18/04/2025 13:00:00 - 18/04/2025 14:00:00","BZN|NL","Without Sequence","55.48","",""
"18/04/2025 14:00:00 - 18/04/2025 15:00:00","BZN|NL","Without Sequence","52.98","",""
"18/04/2025 15:00:00 - 18/04/2025 16:00:00","BZN|NL","Without Sequence","55.02","",""
"18/04/2025 16:00:00 - 18/04/2025 17:00:00","BZN|NL","Without Sequence","65.81","",""
"18/04/2025 17:00:00 - 18/04/2025 18:00:00","BZN|NL","Without Sequence","83.35","",""
"18/04/2025 18:00:00 - 18/04/2025 19:00:00","BZN|NL","Without Sequence","99.24","",""
"18/04/2025 19:00:00 - 18/04/2025 20:00:00","BZN|NL","Without Sequence","118.93","",""
"18/04/2025 20:00:00 - 18/04/2025 21:00:00","BZN|NL","Without Sequence","121.59","",""
"18/04/2025 21:00:00 - 18/04/2025 22:00:00","BZN|NL","Without Sequence","111.76","",""
"18/04/2025 22:00:00 - 18/04/2025 23:00:00","BZN|NL","Without Sequence","99.55","",""
"18/04/2025 23:00:00 - 19/04/2025 00:00:00","BZN|NL","Without Sequence","90.00","",""
"19/04/2025 00:00:00 - 19/04/2025 01:00:00","BZN|NL","Without Sequence","81.45","",""
"19/04/2025 01:00:00 - 19/04/2025 02:00:00","BZN|NL","Without Sequence","74.38","",""
"19/04/2025 02:00:00 - 19/04/2025 03:00:00","BZN|NL","Without Sequence","78.60","",""
"19/04/2025 03:00:00 - 19/04/2025 04:00:00","BZN|NL","Without Sequence","76.21","",""
"19/04/2025 04:00:00 - 19/04/2025 05:00:00","BZN|NL","Without Sequence","78.92","",""
"19/04/2025 05:00:00 - 19/04/2025 06:00:00","BZN|NL","Without Sequence","83.05","",""
"19/04/2025 06:00:00 - 19/04/2025 07:00:00","BZN|NL","Without Sequence","88.35","",""
"19/04/2025 07:00:00 - 19/04/2025 08:00:00","BZN|NL","Without Sequence","84.93","",""
"19/04/2025 08:00:00 - 19/04/2025 09:00:00","BZN|NL","Without Sequence","78.39","",""
"19/04/2025 09:00:00 - 19/04/2025 10:00:00","BZN|NL","Without Sequence","70.56","",""
"19/04/2025 10:00:00 - 19/04/2025 11:00:00","BZN|NL","Without Sequence","28.51","",""
"19/04/2025 11:00:00 - 19/04/2025 12:00:00","BZN|NL","Without Sequence","4.54","",""
"19/04/2025 12:00:00 - 19/04/2025 13:00:00","BZN|NL","Without Sequence","0.00","",""
"19/04/2025 13:00:00 - 19/04/2025 14:00:00","BZN|NL","Without Sequence","-5.64","",""
"19/04/2025 14:00:00 - 19/04/2025 15:00:00","BZN|NL","Without Sequence","-11.77","",""
"19/04/2025 15:00:00 - 19/04/2025 16:00:00","BZN|NL","Without Sequence","-1.60","",""
"19/04/2025 16:00:00 - 19/04/2025 17:00:00","BZN|NL","Without Sequence","0.20","",""
"19/04/2025 17:00:00 - 19/04/2025 18:00:00","BZN|NL","Without Sequence","56.15","",""
"19/04/2025 18:00:00 - 19/04/2025 19:00:00","BZN|NL","Without Sequence","92.91","",""
"19/04/2025 19:00:00 - 19/04/2025 20:00:00","BZN|NL","Without Sequence","113.98","",""
"19/04/2025 20:00:00 - 19/04/2025 21:00:00","BZN|NL","Without Sequence","126.68","",""
"19/04/2025 21:00:00 - 19/04/2025 22:00:00","BZN|NL","Without Sequence","119.90","",""
"19/04/2025 22:00:00 - 19/04/2025 23:00:00","BZN|NL","Without Sequence","103.90","",""
"19/04/2025 23:00:00 - 20/04/2025 00:00:00","BZN|NL","Without Sequence","94.41","",""
"20/04/2025 00:00:00 - 20/04/2025 01:00:00","BZN|NL","Without Sequence","98.00","",""
"20/04/2025 01:00:00 - 20/04/2025 02:00:00","BZN|NL","Without Sequence","90.75","",""
"20/04/2025 02:00:00 - 20/04/2025 03:00:00","BZN|NL","Without Sequence","103.34","",""
"20/04/2025 03:00:00 - 20/04/2025 04:00:00","BZN|NL","Without Sequence","96.00","",""
"20/04/2025 04:00:00 - 20/04/2025 05:00:00","BZN|NL","Without Sequence","100.30","",""
"20/04/2025 05:00:00 - 20/04/2025 06:00:00","BZN|NL","Without Sequence","123.79","",""
"20/04/2025 06:00:00 - 20/04/2025 07:00:00","BZN|NL","Without Sequence","123.46","",""
"20/04/2025 07:00:00 - 20/04/2025 08:00:00","BZN|NL","Without Sequence","105.99","",""
"20/04/2025 08:00:00 - 20/04/2025 09:00:00","BZN|NL","Without Sequence","93.18","",""
"20/04/2025 09:00:00 - 20/04/2025 10:00:00","BZN|NL","Without Sequence","19.50","",""
"20/04/2025 10:00:00 - 20/04/2025 11:00:00","BZN|NL","Without Sequence","-0.02","",""
"20/04/2025 11:00:00 - 20/04/2025 12:00:00","BZN|NL","Without Sequence","-9.08","",""
"20/04/2025 12:00:00 - 20/04/2025 13:00:00","BZN|NL","Without Sequence","-30.00","",""
"20/04/2025 13:00:00 - 20/04/2025 14:00:00","BZN|NL","Without Sequence","-57.90","",""
"20/04/2025 14:00:00 - 20/04/2025 15:00:00","BZN|NL","Without Sequence","-27.40","",""
"20/04/2025 15:00:00 - 20/04/2025 16:00:00","BZN|NL","Without Sequence","-5.15","",""
"20/04/2025 16:00:00 - 20/04/2025 17:00:00","BZN|NL","Without Sequence","0.00","",""
"20/04/2025 17:00:00 - 20/04/2025 18:00:00","BZN|NL","Without Sequence","81.36","",""
"20/04/2025 18:00:00 - 20/04/2025 19:00:00","BZN|NL","Without Sequence","106.81","",""
"20/04/2025 19:00:00 - 20/04/2025 20:00:00","BZN|NL","Without Sequence","126.92","",""
"20/04/2025 20:00:00 - 20/04/2025 21:00:00","BZN|NL","Without Sequence","144.95","",""
"20/04/2025 21:00:00 - 20/04/2025 22:00:00","BZN|NL","Without Sequence","145.99","",""
"20/04/2025 22:00:00 - 20/04/2025 23:00:00","BZN|NL","Without Sequence","122.49","",""
"20/04/2025 23:00:00 - 21/04/2025 00:00:00","BZN|NL","Without Sequence","110.01","",""
"21/04/2025 00:00:00 - 21/04/2025 01:00:00","BZN|NL","Without Sequence","110.63","",""
"21/04/2025 01:00:00 - 21/04/2025 02:00:00","BZN|NL","Without Sequence","95.43","",""
"21/04/2025 02:00:00 - 21/04/2025 03:00:00","BZN|NL","Without Sequence","98.62","",""
"21/04/2025 03:00:00 - 21/04/2025 04:00:00","BZN|NL","Without Sequence","100.00","",""
"21/04/2025 04:00:00 - 21/04/2025 05:00:00","BZN|NL","Without Sequence","97.98","",""
"21/04/2025 05:00:00 - 21/04/2025 06:00:00","BZN|NL","Without Sequence","100.00","",""
"21/04/2025 06:00:00 - 21/04/2025 07:00:00","BZN|NL","Without Sequence","100.65","",""
"21/04/2025 07:00:00 - 21/04/2025 08:00:00","BZN|NL","Without Sequence","94.65","",""
"21/04/2025 08:00:00 - 21/04/2025 09:00:00","BZN|NL","Without Sequence","91.30","",""
"21/04/2025 09:00:00 - 21/04/2025 10:00:00","BZN|NL","Without Sequence","92.71","",""
"21/04/2025 10:00:00 - 21/04/2025 11:00:00","BZN|NL","Without Sequence","68.08","",""
"21/04/2025 11:00:00 - 21/04/2025 12:00:00","BZN|NL","Without Sequence","40.00","",""
"21/04/2025 12:00:00 - 21/04/2025 13:00:00","BZN|NL","Without Sequence","15.52","",""
"21/04/2025 13:00:00 - 21/04/2025 14:00:00","BZN|NL","Without Sequence","8.91","",""
"21/04/2025 14:00:00 - 21/04/2025 15:00:00","BZN|NL","Without Sequence","8.36","",""
"21/04/2025 15:00:00 - 21/04/2025 16:00:00","BZN|NL","Without Sequence","10.37","",""
"21/04/2025 16:00:00 - 21/04/2025 17:00:00","BZN|NL","Without Sequence","56.36","",""
"21/04/2025 17:00:00 - 21/04/2025 18:00:00","BZN|NL","Without Sequence","100.17","",""
"21/04/2025 18:00:00 - 21/04/2025 19:00:00","BZN|NL","Without Sequence","104.37","",""
"21/04/2025 19:00:00 - 21/04/2025 20:00:00","BZN|NL","Without Sequence","123.11","",""
"21/04/2025 20:00:00 - 21/04/2025 21:00:00","BZN|NL","Without Sequence","140.00","",""
"21/04/2025 21:00:00 - 21/04/2025 22:00:00","BZN|NL","Without Sequence","132.10","",""
"21/04/2025 22:00:00 - 21/04/2025 23:00:00","BZN|NL","Without Sequence","122.77","",""
"21/04/2025 23:00:00 - 22/04/2025 00:00:00","BZN|NL","Without Sequence","107.13","",""
"22/04/2025 00:00:00 - 22/04/2025 01:00:00","BZN|NL","Without Sequence","95.67","",""
"22/04/2025 01:00:00 - 22/04/2025 02:00:00","BZN|NL","Without Sequence","88.40","",""
"22/04/2025 02:00:00 - 22/04/2025 03:00:00","BZN|NL","Without Sequence","86.98","",""
"22/04/2025 03:00:00 - 22/04/2025 04:00:00","BZN|NL","Without Sequence","84.62","",""
"22/04/2025 04:00:00 - 22/04/2025 05:00:00","BZN|NL","Without Sequence","83.89","",""
"22/04/2025 05:00:00 - 22/04/2025 06:00:00","BZN|NL","Without Sequence","95.09","",""
"22/04/2025 06:00:00 - 22/04/2025 07:00:00","BZN|NL","Without Sequence","117.40","",""
"22/04/2025 07:00:00 - 22/04/2025 08:00:00","BZN|NL","Without Sequence","146.14","",""
"22/04/2025 08:00:00 - 22/04/2025 09:00:00","BZN|NL","Without Sequence","147.00","",""
"22/04/2025 09:00:00 - 22/04/2025 10:00:00","BZN|NL","Without Sequence","112.52","",""
"22/04/2025 10:00:00 - 22/04/2025 11:00:00","BZN|NL","Without Sequence","98.32","",""
"22/04/2025 11:00:00 - 22/04/2025 12:00:00","BZN|NL","Without Sequence","90.81","",""
"22/04/2025 12:00:00 - 22/04/2025 13:00:00","BZN|NL","Without Sequence","81.42","",""
"22/04/2025 13:00:00 - 22/04/2025 14:00:00","BZN|NL","Without Sequence","69.76","",""
"22/04/2025 14:00:00 - 22/04/2025 15:00:00","BZN|NL","Without Sequence","70.34","",""
"22/04/2025 15:00:00 - 22/04/2025 16:00:00","BZN|NL","Without Sequence","78.45","",""
"22/04/2025 16:00:00 - 22/04/2025 17:00:00","BZN|NL","Without Sequence","82.00","",""
"22/04/2025 17:00:00 - 22/04/2025 18:00:00","BZN|NL","Without Sequence","96.30","",""
"22/04/2025 18:00:00 - 22/04/2025 19:00:00","BZN|NL","Without Sequence","114.90","",""
"22/04/2025 19:00:00 - 22/04/2025 20:00:00","BZN|NL","Without Sequence","178.72","",""
"22/04/2025 20:00:00 - 22/04/2025 21:00:00","BZN|NL","Without Sequence","253.35","",""
"22/04/2025 21:00:00 - 22/04/2025 22:00:00","BZN|NL","Without Sequence","157.73","",""
"22/04/2025 22:00:00 - 22/04/2025 23:00:00","BZN|NL","Without Sequence","121.00","",""
"22/04/2025 23:00:00 - 23/04/2025 00:00:00","BZN|NL","Without Sequence","107.49","",""
"23/04/2025 00:00:00 - 23/04/2025 01:00:00","BZN|NL","Without Sequence","101.72","",""
"23/04/2025 01:00:00 - 23/04/2025 02:00:00","BZN|NL","Without Sequence","94.18","",""
"23/04/2025 02:00:00 - 23/04/2025 03:00:00","BZN|NL","Without Sequence","91.72","",""
"23/04/2025 03:00:00 - 23/04/2025 04:00:00","BZN|NL","Without Sequence","90.32","",""
"23/04/2025 04:00:00 - 23/04/2025 05:00:00","BZN|NL","Without Sequence","93.91","",""
"23/04/2025 05:00:00 - 23/04/2025 06:00:00","BZN|NL","Without Sequence","99.80","",""
"23/04/2025 06:00:00 - 23/04/2025 07:00:00","BZN|NL","Without Sequence","131.81","",""
"23/04/2025 07:00:00 - 23/04/2025 08:00:00","BZN|NL","Without Sequence","150.10","",""
"23/04/2025 08:00:00 - 23/04/2025 09:00:00","BZN|NL","Without Sequence","130.74","",""
"23/04/2025 09:00:00 - 23/04/2025 10:00:00","BZN|NL","Without Sequence","103.41","",""
"23/04/2025 10:00:00 - 23/04/2025 11:00:00","BZN|NL","Without Sequence","92.00","",""
"23/04/2025 11:00:00 - 23/04/2025 12:00:00","BZN|NL","Without Sequence","94.39","",""
"23/04/2025 12:00:00 - 23/04/2025 13:00:00","BZN|NL","Without Sequence","81.04","",""
"23/04/2025 13:00:00 - 23/04/2025 14:00:00","BZN|NL","Without Sequence","83.23","",""
"23/04/2025 14:00:00 - 23/04/2025 15:00:00","BZN|NL","Without Sequence","85.07","",""
"23/04/2025 15:00:00 - 23/04/2025 16:00:00","BZN|NL","Without Sequence","91.30","",""
"23/04/2025 16:00:00 - 23/04/2025 17:00:00","BZN|NL","Without Sequence","94.00","",""
"23/04/2025 17:00:00 - 23/04/2025 18:00:00","BZN|NL","Without Sequence","102.88","",""
"23/04/2025 18:00:00 - 23/04/2025 19:00:00","BZN|NL","Without Sequence","121.90","",""
"23/04/2025 19:00:00 - 23/04/2025 20:00:00","BZN|NL","Without Sequence","147.99","",""
"23/04/2025 20:00:00 - 23/04/2025 21:00:00","BZN|NL","Without Sequence","144.53","",""
"23/04/2025 21:00:00 - 23/04/2025 22:00:00","BZN|NL","Without Sequence","124.56","",""
"23/04/2025 22:00:00 - 23/04/2025 23:00:00","BZN|NL","Without Sequence","107.77","",""
"23/04/2025 23:00:00 - 24/04/2025 00:00:00","BZN|NL","Without Sequence","94.40","",""
"24/04/2025 00:00:00 - 24/04/2025 01:00:00","BZN|NL","Without Sequence","92.40","",""
"24/04/2025 01:00:00 - 24/04/2025 02:00:00","BZN|NL","Without Sequence","86.89","",""
"24/04/2025 02:00:00 - 24/04/2025 03:00:00","BZN|NL","Without Sequence","85.06","",""
"24/04/2025 03:00:00 - 24/04/2025 04:00:00","BZN|NL","Without Sequence","84.54","",""
"24/04/2025 04:00:00 - 24/04/2025 05:00:00","BZN|NL","Without Sequence","81.66","",""
"24/04/2025 05:00:00 - 24/04/2025 06:00:00","BZN|NL","Without Sequence","87.89","",""
"24/04/2025 06:00:00 - 24/04/2025 07:00:00","BZN|NL","Without Sequence","100.00","",""
"24/04/2025 07:00:00 - 24/04/2025 08:00:00","BZN|NL","Without Sequence","114.07","",""
"24/04/2025 08:00:00 - 24/04/2025 09:00:00","BZN|NL","Without Sequence","117.46","",""
"24/04/2025 09:00:00 - 24/04/2025 10:00:00","BZN|NL","Without Sequence","109.09","",""
"24/04/2025 10:00:00 - 24/04/2025 11:00:00","BZN|NL","Without Sequence","96.67","",""
"24/04/2025 11:00:00 - 24/04/2025 12:00:00","BZN|NL","Without Sequence","93.55","",""
"24/04/2025 12:00:00 - 24/04/2025 13:00:00","BZN|NL","Without Sequence","81.51","",""
"24/04/2025 13:00:00 - 24/04/2025 14:00:00","BZN|NL","Without Sequence","78.72","",""
"24/04/2025 14:00:00 - 24/04/2025 15:00:00","BZN|NL","Without Sequence","77.05","",""
"24/04/2025 15:00:00 - 24/04/2025 16:00:00","BZN|NL","Without Sequence","76.57","",""
"24/04/2025 16:00:00 - 24/04/2025 17:00:00","BZN|NL","Without Sequence","80.20","",""
"24/04/2025 17:00:00 - 24/04/2025 18:00:00","BZN|NL","Without Sequence","89.96","",""
"24/04/2025 18:00:00 - 24/04/2025 19:00:00","BZN|NL","Without Sequence","98.17","",""
"24/04/2025 19:00:00 - 24/04/2025 20:00:00","BZN|NL","Without Sequence","110.90","",""
"24/04/2025 20:00:00 - 24/04/2025 21:00:00","BZN|NL","Without Sequence","119.40","",""
"24/04/2025 21:00:00 - 24/04/2025 22:00:00","BZN|NL","Without Sequence","114.48","",""
"24/04/2025 22:00:00 - 24/04/2025 23:00:00","BZN|NL","Without Sequence","106.53","",""
"24/04/2025 23:00:00 - 25/04/2025 00:00:00","BZN|NL","Without Sequence","93.10","",""
"25/04/2025 00:00:00 - 25/04/2025 01:00:00","BZN|NL","Without Sequence","88.63","",""
"25/04/2025 01:00:00 - 25/04/2025 02:00:00","BZN|NL","Without Sequence","80.55","",""
"25/04/2025 02:00:00 - 25/04/2025 03:00:00","BZN|NL","Without Sequence","80.56","",""
"25/04/2025 03:00:00 - 25/04/2025 04:00:00","BZN|NL","Without Sequence","80.45","",""
"25/04/2025 04:00:00 - 25/04/2025 05:00:00","BZN|NL","Without Sequence","82.31","",""
"25/04/2025 05:00:00 - 25/04/2025 06:00:00","BZN|NL","Without Sequence","91.61","",""
"25/04/2025 06:00:00 - 25/04/2025 07:00:00","BZN|NL","Without Sequence","102.94","",""
"25/04/2025 07:00:00 - 25/04/2025 08:00:00","BZN|NL","Without Sequence","113.39","",""
"25/04/2025 08:00:00 - 25/04/2025 09:00:00","BZN|NL","Without Sequence","113.05","",""
"25/04/2025 09:00:00 - 25/04/2025 10:00:00","BZN|NL","Without Sequence","99.41","",""
"25/04/2025 10:00:00 - 25/04/2025 11:00:00","BZN|NL","Without Sequence","93.33","",""
"25/04/2025 11:00:00 - 25/04/2025 12:00:00","BZN|NL","Without Sequence","81.65","",""
"25/04/2025 12:00:00 - 25/04/2025 13:00:00","BZN|NL","Without Sequence","64.99","",""
"25/04/2025 13:00:00 - 25/04/2025 14:00:00","BZN|NL","Without Sequence","45.98","",""
"25/04/2025 14:00:00 - 25/04/2025 15:00:00","BZN|NL","Without Sequence","37.75","",""
"25/04/2025 15:00:00 - 25/04/2025 16:00:00","BZN|NL","Without Sequence","52.76","",""
"25/04/2025 16:00:00 - 25/04/2025 17:00:00","BZN|NL","Without Sequence","64.90","",""
"25/04/2025 17:00:00 - 25/04/2025 18:00:00","BZN|NL","Without Sequence","82.00","",""
"25/04/2025 18:00:00 - 25/04/2025 19:00:00","BZN|NL","Without Sequence","96.70","",""
"25/04/2025 19:00:00 - 25/04/2025 20:00:00","BZN|NL","Without Sequence","114.95","",""
"25/04/2025 20:00:00 - 25/04/2025 21:00:00","BZN|NL","Without Sequence","125.99","",""
"25/04/2025 21:00:00 - 25/04/2025 22:00:00","BZN|NL","Without Sequence","109.63","",""
"25/04/2025 22:00:00 - 25/04/2025 23:00:00","BZN|NL","Without Sequence","100.37","",""
"25/04/2025 23:00:00 - 26/04/2025 00:00:00","BZN|NL","Without Sequence","92.09","",""
"26/04/2025 00:00:00 - 26/04/2025 01:00:00","BZN|NL","Without Sequence","95.77","",""
"26/04/2025 01:00:00 - 26/04/2025 02:00:00","BZN|NL","Without Sequence","87.77","",""
"26/04/2025 02:00:00 - 26/04/2025 03:00:00","BZN|NL","Without Sequence","85.55","",""
"26/04/2025 03:00:00 - 26/04/2025 04:00:00","BZN|NL","Without Sequence","84.78","",""
"26/04/2025 04:00:00 - 26/04/2025 05:00:00","BZN|NL","Without Sequence","84.07","",""
"26/04/2025 05:00:00 - 26/04/2025 06:00:00","BZN|NL","Without Sequence","86.59","",""
"26/04/2025 06:00:00 - 26/04/2025 07:00:00","BZN|NL","Without Sequence","90.75","",""
"26/04/2025 07:00:00 - 26/04/2025 08:00:00","BZN|NL","Without Sequence","88.59","",""
"26/04/2025 08:00:00 - 26/04/2025 09:00:00","BZN|NL","Without Sequence","86.21","",""
"26/04/2025 09:00:00 - 26/04/2025 10:00:00","BZN|NL","Without Sequence","34.45","",""
"26/04/2025 10:00:00 - 26/04/2025 11:00:00","BZN|NL","Without Sequence","2.55","",""
"26/04/2025 11:00:00 - 26/04/2025 12:00:00","BZN|NL","Without Sequence","-0.01","",""
"26/04/2025 12:00:00 - 26/04/2025 13:00:00","BZN|NL","Without Sequence","-13.37","",""
"26/04/2025 13:00:00 - 26/04/2025 14:00:00","BZN|NL","Without Sequence","-26.20","",""
"26/04/2025 14:00:00 - 26/04/2025 15:00:00","BZN|NL","Without Sequence","-16.79","",""
"26/04/2025 15:00:00 - 26/04/2025 16:00:00","BZN|NL","Without Sequence","-2.16","",""
"26/04/2025 16:00:00 - 26/04/2025 17:00:00","BZN|NL","Without Sequence","-0.02","",""
"26/04/2025 17:00:00 - 26/04/2025 18:00:00","BZN|NL","Without Sequence","30.99","",""
"26/04/2025 18:00:00 - 26/04/2025 19:00:00","BZN|NL","Without Sequence","78.86","",""
"26/04/2025 19:00:00 - 26/04/2025 20:00:00","BZN|NL","Without Sequence","99.95","",""
"26/04/2025 20:00:00 - 26/04/2025 21:00:00","BZN|NL","Without Sequence","114.88","",""
"26/04/2025 21:00:00 - 26/04/2025 22:00:00","BZN|NL","Without Sequence","105.59","",""
"26/04/2025 22:00:00 - 26/04/2025 23:00:00","BZN|NL","Without Sequence","100.00","",""
"26/04/2025 23:00:00 - 27/04/2025 00:00:00","BZN|NL","Without Sequence","101.54","",""
"27/04/2025 00:00:00 - 27/04/2025 01:00:00","BZN|NL","Without Sequence","111.82","",""
"27/04/2025 01:00:00 - 27/04/2025 02:00:00","BZN|NL","Without Sequence","95.60","",""
"27/04/2025 02:00:00 - 27/04/2025 03:00:00","BZN|NL","Without Sequence","95.60","",""
"27/04/2025 03:00:00 - 27/04/2025 04:00:00","BZN|NL","Without Sequence","95.60","",""
"27/04/2025 04:00:00 - 27/04/2025 05:00:00","BZN|NL","Without Sequence","95.60","",""
"27/04/2025 05:00:00 - 27/04/2025 06:00:00","BZN|NL","Without Sequence","85.00","",""
"27/04/2025 06:00:00 - 27/04/2025 07:00:00","BZN|NL","Without Sequence","79.77","",""
"27/04/2025 07:00:00 - 27/04/2025 08:00:00","BZN|NL","Without Sequence","69.90","",""
"27/04/2025 08:00:00 - 27/04/2025 09:00:00","BZN|NL","Without Sequence","39.90","",""
"27/04/2025 09:00:00 - 27/04/2025 10:00:00","BZN|NL","Without Sequence","0.04","",""
"27/04/2025 10:00:00 - 27/04/2025 11:00:00","BZN|NL","Without Sequence","-3.00","",""
"27/04/2025 11:00:00 - 27/04/2025 12:00:00","BZN|NL","Without Sequence","-54.00","",""
"27/04/2025 12:00:00 - 27/04/2025 13:00:00","BZN|NL","Without Sequence","-147.22","",""
"27/04/2025 13:00:00 - 27/04/2025 14:00:00","BZN|NL","Without Sequence","-189.90","",""
"27/04/2025 14:00:00 - 27/04/2025 15:00:00","BZN|NL","Without Sequence","-150.00","",""
"27/04/2025 15:00:00 - 27/04/2025 16:00:00","BZN|NL","Without Sequence","-49.98","",""
"27/04/2025 16:00:00 - 27/04/2025 17:00:00","BZN|NL","Without Sequence","-5.17","",""
"27/04/2025 17:00:00 - 27/04/2025 18:00:00","BZN|NL","Without Sequence","18.35","",""
"27/04/2025 18:00:00 - 27/04/2025 19:00:00","BZN|NL","Without Sequence","89.73","",""
"27/04/2025 19:00:00 - 27/04/2025 20:00:00","BZN|NL","Without Sequence","111.39","",""
"27/04/2025 20:00:00 - 27/04/2025 21:00:00","BZN|NL","Without Sequence","126.00","",""
"27/04/2025 21:00:00 - 27/04/2025 22:00:00","BZN|NL","Without Sequence","110.00","",""
"27/04/2025 22:00:00 - 27/04/2025 23:00:00","BZN|NL","Without Sequence","99.00","",""
"27/04/2025 23:00:00 - 28/04/2025 00:00:00","BZN|NL","Without Sequence","93.56","",""
"28/04/2025 00:00:00 - 28/04/2025 01:00:00","BZN|NL","Without Sequence","91.10","",""
"28/04/2025 01:00:00 - 28/04/2025 02:00:00","BZN|NL","Without Sequence","85.10","",""
"28/04/2025 02:00:00 - 28/04/2025 03:00:00","BZN|NL","Without Sequence","83.10","",""
"28/04/2025 03:00:00 - 28/04/2025 04:00:00","BZN|NL","Without Sequence","84.29","",""
"28/04/2025 04:00:00 - 28/04/2025 05:00:00","BZN|NL","Without Sequence","90.82","",""
"28/04/2025 05:00:00 - 28/04/2025 06:00:00","BZN|NL","Without Sequence","97.09","",""
"28/04/2025 06:00:00 - 28/04/2025 07:00:00","BZN|NL","Without Sequence","140.00","",""
"28/04/2025 07:00:00 - 28/04/2025 08:00:00","BZN|NL","Without Sequence","131.09","",""
"28/04/2025 08:00:00 - 28/04/2025 09:00:00","BZN|NL","Without Sequence","96.79","",""
"28/04/2025 09:00:00 - 28/04/2025 10:00:00","BZN|NL","Without Sequence","67.37","",""
"28/04/2025 10:00:00 - 28/04/2025 11:00:00","BZN|NL","Without Sequence","10.00","",""
"28/04/2025 11:00:00 - 28/04/2025 12:00:00","BZN|NL","Without Sequence","-0.01","",""
"28/04/2025 12:00:00 - 28/04/2025 13:00:00","BZN|NL","Without Sequence","-6.81","",""
"28/04/2025 13:00:00 - 28/04/2025 14:00:00","BZN|NL","Without Sequence","-5.90","",""
"28/04/2025 14:00:00 - 28/04/2025 15:00:00","BZN|NL","Without Sequence","-6.18","",""
"28/04/2025 15:00:00 - 28/04/2025 16:00:00","BZN|NL","Without Sequence","-1.54","",""
"28/04/2025 16:00:00 - 28/04/2025 17:00:00","BZN|NL","Without Sequence","1.74","",""
"28/04/2025 17:00:00 - 28/04/2025 18:00:00","BZN|NL","Without Sequence","68.67","",""
"28/04/2025 18:00:00 - 28/04/2025 19:00:00","BZN|NL","Without Sequence","95.00","",""
"28/04/2025 19:00:00 - 28/04/2025 20:00:00","BZN|NL","Without Sequence","139.75","",""
"28/04/2025 20:00:00 - 28/04/2025 21:00:00","BZN|NL","Without Sequence","192.44","",""
"28/04/2025 21:00:00 - 28/04/2025 22:00:00","BZN|NL","Without Sequence","128.83","",""
"28/04/2025 22:00:00 - 28/04/2025 23:00:00","BZN|NL","Without Sequence","106.00","",""
"28/04/2025 23:00:00 - 29/04/2025 00:00:00","BZN|NL","Without Sequence","96.16","",""
"29/04/2025 00:00:00 - 29/04/2025 01:00:00","BZN|NL","Without Sequence","89.47","",""
"29/04/2025 01:00:00 - 29/04/2025 02:00:00","BZN|NL","Without Sequence","85.08","",""
"29/04/2025 02:00:00 - 29/04/2025 03:00:00","BZN|NL","Without Sequence","80.31","",""
"29/04/2025 03:00:00 - 29/04/2025 04:00:00","BZN|NL","Without Sequence","77.64","",""
"29/04/2025 04:00:00 - 29/04/2025 05:00:00","BZN|NL","Without Sequence","76.77","",""
"29/04/2025 05:00:00 - 29/04/2025 06:00:00","BZN|NL","Without Sequence","85.18","",""
"29/04/2025 06:00:00 - 29/04/2025 07:00:00","BZN|NL","Without Sequence","106.24","",""
"29/04/2025 07:00:00 - 29/04/2025 08:00:00","BZN|NL","Without Sequence","112.47","",""
"29/04/2025 08:00:00 - 29/04/2025 09:00:00","BZN|NL","Without Sequence","99.98","",""
"29/04/2025 09:00:00 - 29/04/2025 10:00:00","BZN|NL","Without Sequence","78.00","",""
"29/04/2025 10:00:00 - 29/04/2025 11:00:00","BZN|NL","Without Sequence","8.90","",""
"29/04/2025 11:00:00 - 29/04/2025 12:00:00","BZN|NL","Without Sequence","0.00","",""
"29/04/2025 12:00:00 - 29/04/2025 13:00:00","BZN|NL","Without Sequence","-0.76","",""
"29/04/2025 13:00:00 - 29/04/2025 14:00:00","BZN|NL","Without Sequence","-1.90","",""
"29/04/2025 14:00:00 - 29/04/2025 15:00:00","BZN|NL","Without Sequence","-1.67","",""
"29/04/2025 15:00:00 - 29/04/2025 16:00:00","BZN|NL","Without Sequence","-0.01","",""
"29/04/2025 16:00:00 - 29/04/2025 17:00:00","BZN|NL","Without Sequence","12.87","",""
"29/04/2025 17:00:00 - 29/04/2025 18:00:00","BZN|NL","Without Sequence","73.80","",""
"29/04/2025 18:00:00 - 29/04/2025 19:00:00","BZN|NL","Without Sequence","97.33","",""
"29/04/2025 19:00:00 - 29/04/2025 20:00:00","BZN|NL","Without Sequence","125.00","",""
"29/04/2025 20:00:00 - 29/04/2025 21:00:00","BZN|NL","Without Sequence","157.86","",""
"29/04/2025 21:00:00 - 29/04/2025 22:00:00","BZN|NL","Without Sequence","129.11","",""
"29/04/2025 22:00:00 - 29/04/2025 23:00:00","BZN|NL","Without Sequence","106.53","",""
"29/04/2025 23:00:00 - 30/04/2025 00:00:00","BZN|NL","Without Sequence","96.50","",""
"30/04/2025 00:00:00 - 30/04/2025 01:00:00","BZN|NL","Without Sequence","95.00","",""
"30/04/2025 01:00:00 - 30/04/2025 02:00:00","BZN|NL","Without Sequence","89.91","",""
"30/04/2025 02:00:00 - 30/04/2025 03:00:00","BZN|NL","Without Sequence","85.49","",""
"30/04/2025 03:00:00 - 30/04/2025 04:00:00","BZN|NL","Without Sequence","86.77","",""
"30/04/2025 04:00:00 - 30/04/2025 05:00:00","BZN|NL","Without Sequence","88.68","",""
"30/04/2025 05:00:00 - 30/04/2025 06:00:00","BZN|NL","Without Sequence","93.78","",""
"30/04/2025 06:00:00 - 30/04/2025 07:00:00","BZN|NL","Without Sequence","115.27","",""
"30/04/2025 07:00:00 - 30/04/2025 08:00:00","BZN|NL","Without Sequence","120.30","",""
"30/04/2025 08:00:00 - 30/04/2025 09:00:00","BZN|NL","Without Sequence","99.90","",""
"30/04/2025 09:00:00 - 30/04/2025 10:00:00","BZN|NL","Without Sequence","87.81","",""
"30/04/2025 10:00:00 - 30/04/2025 11:00:00","BZN|NL","Without Sequence","7.08","",""
"30/04/2025 11:00:00 - 30/04/2025 12:00:00","BZN|NL","Without Sequence","0.00","",""
"30/04/2025 12:00:00 - 30/04/2025 13:00:00","BZN|NL","Without Sequence","-1.00","",""
"30/04/2025 13:00:00 - 30/04/2025 14:00:00","BZN|NL","Without Sequence","-6.21","",""
"30/04/2025 14:00:00 - 30/04/2025 15:00:00","BZN|NL","Without Sequence","-3.00","",""
"30/04/2025 15:00:00 - 30/04/2025 16:00:00","BZN|NL","Without Sequence","-0.02","",""
"30/04/2025 16:00:00 - 30/04/2025 17:00:00","BZN|NL","Without Sequence","17.27","",""
"30/04/2025 17:00:00 - 30/04/2025 18:00:00","BZN|NL","Without Sequence","76.18","",""
"30/04/2025 18:00:00 - 30/04/2025 19:00:00","BZN|NL","Without Sequence","99.00","",""
"30/04/2025 19:00:00 - 30/04/2025 20:00:00","BZN|NL","Without Sequence","125.40","",""
"30/04/2025 20:00:00 - 30/04/2025 21:00:00","BZN|NL","Without Sequence","176.43","",""
"30/04/2025 21:00:00 - 30/04/2025 22:00:00","BZN|NL","Without Sequence","128.00","",""
"30/04/2025 22:00:00 - 30/04/2025 23:00:00","BZN|NL","Without Sequence","108.01","",""
"30/04/2025 23:00:00 - 01/05/2025 00:00:00","BZN|NL","Without Sequence","97.53","",""
"01/05/2025 00:00:00 - 01/05/2025 01:00:00","BZN|NL","Without Sequence","92.95","",""
"01/05/2025 01:00:00 - 01/05/2025 02:00:00","BZN|NL","Without Sequence","87.45","",""
"01/05/2025 02:00:00 - 01/05/2025 03:00:00","BZN|NL","Without Sequence","85.93","",""
"01/05/2025 03:00:00 - 01/05/2025 04:00:00","BZN|NL","Without Sequence","86.64","",""
"01/05/2025 04:00:00 - 01/05/2025 05:00:00","BZN|NL","Without Sequence","85.90","",""
"01/05/2025 05:00:00 - 01/05/2025 06:00:00","BZN|NL","Without Sequence","80.70","",""
"01/05/2025 06:00:00 - 01/05/2025 07:00:00","BZN|NL","Without Sequence","87.25","",""
"01/05/2025 07:00:00 - 01/05/2025 08:00:00","BZN|NL","Without Sequence","87.41","",""
"01/05/2025 08:00:00 - 01/05/2025 09:00:00","BZN|NL","Without Sequence","85.18","",""
"01/05/2025 09:00:00 - 01/05/2025 10:00:00","BZN|NL","Without Sequence","0.00","",""
"01/05/2025 10:00:00 - 01/05/2025 11:00:00","BZN|NL","Without Sequence","-3.00","",""
"01/05/2025 11:00:00 - 01/05/2025 12:00:00","BZN|NL","Without Sequence","-40.10","",""
"01/05/2025 12:00:00 - 01/05/2025 13:00:00","BZN|NL","Without Sequence","-108.07","",""
"01/05/2025 13:00:00 - 01/05/2025 14:00:00","BZN|NL","Without Sequence","-142.42","",""
"01/05/2025 14:00:00 - 01/05/2025 15:00:00","BZN|NL","Without Sequence","-118.10","",""
"01/05/2025 15:00:00 - 01/05/2025 16:00:00","BZN|NL","Without Sequence","-49.99","",""
"01/05/2025 16:00:00 - 01/05/2025 17:00:00","BZN|NL","Without Sequence","-5.17","",""
"01/05/2025 17:00:00 - 01/05/2025 18:00:00","BZN|NL","Without Sequence","46.24","",""
"01/05/2025 18:00:00 - 01/05/2025 19:00:00","BZN|NL","Without Sequence","96.17","",""
"01/05/2025 19:00:00 - 01/05/2025 20:00:00","BZN|NL","Without Sequence","129.87","",""
"01/05/2025 20:00:00 - 01/05/2025 21:00:00","BZN|NL","Without Sequence","165.08","",""
"01/05/2025 21:00:00 - 01/05/2025 22:00:00","BZN|NL","Without Sequence","126.70","",""
"01/05/2025 22:00:00 - 01/05/2025 23:00:00","BZN|NL","Without Sequence","104.86","",""
"01/05/2025 23:00:00 - 02/05/2025 00:00:00","BZN|NL","Without Sequence","90.89","",""
"02/05/2025 00:00:00 - 02/05/2025 01:00:00","BZN|NL","Without Sequence","96.00","",""
"02/05/2025 01:00:00 - 02/05/2025 02:00:00","BZN|NL","Without Sequence","92.20","",""
"02/05/2025 02:00:00 - 02/05/2025 03:00:00","BZN|NL","Without Sequence","82.00","",""
"02/05/2025 03:00:00 - 02/05/2025 04:00:00","BZN|NL","Without Sequence","71.54","",""
"02/05/2025 04:00:00 - 02/05/2025 05:00:00","BZN|NL","Without Sequence","68.68","",""
"02/05/2025 05:00:00 - 02/05/2025 06:00:00","BZN|NL","Without Sequence","70.00","",""
"02/05/2025 06:00:00 - 02/05/2025 07:00:00","BZN|NL","Without Sequence","88.40","",""
"02/05/2025 07:00:00 - 02/05/2025 08:00:00","BZN|NL","Without Sequence","102.90","",""
"02/05/2025 08:00:00 - 02/05/2025 09:00:00","BZN|NL","Without Sequence","93.75","",""
"02/05/2025 09:00:00 - 02/05/2025 10:00:00","BZN|NL","Without Sequence","76.39","",""
"02/05/2025 10:00:00 - 02/05/2025 11:00:00","BZN|NL","Without Sequence","0.85","",""
"02/05/2025 11:00:00 - 02/05/2025 12:00:00","BZN|NL","Without Sequence","-0.01","",""
"02/05/2025 12:00:00 - 02/05/2025 13:00:00","BZN|NL","Without Sequence","-0.80","",""
"02/05/2025 13:00:00 - 02/05/2025 14:00:00","BZN|NL","Without Sequence","-3.00","",""
"02/05/2025 14:00:00 - 02/05/2025 15:00:00","BZN|NL","Without Sequence","-4.00","",""
"02/05/2025 15:00:00 - 02/05/2025 16:00:00","BZN|NL","Without Sequence","-0.08","",""
"02/05/2025 16:00:00 - 02/05/2025 17:00:00","BZN|NL","Without Sequence","0.30","",""
"02/05/2025 17:00:00 - 02/05/2025 18:00:00","BZN|NL","Without Sequence","61.44","",""
"02/05/2025 18:00:00 - 02/05/2025 19:00:00","BZN|NL","Without Sequence","95.18","",""
"02/05/2025 19:00:00 - 02/05/2025 20:00:00","BZN|NL","Without Sequence","107.98","",""
"02/05/2025 20:00:00 - 02/05/2025 21:00:00","BZN|NL","Without Sequence","140.35","",""
"02/05/2025 21:00:00 - 02/05/2025 22:00:00","BZN|NL","Without Sequence","117.73","",""
"02/05/2025 22:00:00 - 02/05/2025 23:00:00","BZN|NL","Without Sequence","103.26","",""
"02/05/2025 23:00:00 - 03/05/2025 00:00:00","BZN|NL","Without Sequence","92.80","",""
"03/05/2025 00:00:00 - 03/05/2025 01:00:00","BZN|NL","Without Sequence","93.74","",""
"03/05/2025 01:00:00 - 03/05/2025 02:00:00","BZN|NL","Without Sequence","89.00","",""
"03/05/2025 02:00:00 - 03/05/2025 03:00:00","BZN|NL","Without Sequence","88.72","",""
"03/05/2025 03:00:00 - 03/05/2025 04:00:00","BZN|NL","Without Sequence","92.45","",""
"03/05/2025 04:00:00 - 03/05/2025 05:00:00","BZN|NL","Without Sequence","95.44","",""
"03/05/2025 05:00:00 - 03/05/2025 06:00:00","BZN|NL","Without Sequence","97.20","",""
"03/05/2025 06:00:00 - 03/05/2025 07:00:00","BZN|NL","Without Sequence","101.64","",""
"03/05/2025 07:00:00 - 03/05/2025 08:00:00","BZN|NL","Without Sequence","97.36","",""
"03/05/2025 08:00:00 - 03/05/2025 09:00:00","BZN|NL","Without Sequence","85.86","",""
"03/05/2025 09:00:00 - 03/05/2025 10:00:00","BZN|NL","Without Sequence","13.53","",""
"03/05/2025 10:00:00 - 03/05/2025 11:00:00","BZN|NL","Without Sequence","0.01","",""
"03/05/2025 11:00:00 - 03/05/2025 12:00:00","BZN|NL","Without Sequence","-0.01","",""
"03/05/2025 12:00:00 - 03/05/2025 13:00:00","BZN|NL","Without Sequence","-1.16","",""
"03/05/2025 13:00:00 - 03/05/2025 14:00:00","BZN|NL","Without Sequence","-3.04","",""
"03/05/2025 14:00:00 - 03/05/2025 15:00:00","BZN|NL","Without Sequence","-2.69","",""
"03/05/2025 15:00:00 - 03/05/2025 16:00:00","BZN|NL","Without Sequence","-0.03","",""
"03/05/2025 16:00:00 - 03/05/2025 17:00:00","BZN|NL","Without Sequence","0.00","",""
"03/05/2025 17:00:00 - 03/05/2025 18:00:00","BZN|NL","Without Sequence","26.91","",""
"03/05/2025 18:00:00 - 03/05/2025 19:00:00","BZN|NL","Without Sequence","60.10","",""
"03/05/2025 19:00:00 - 03/05/2025 20:00:00","BZN|NL","Without Sequence","74.22","",""
"03/05/2025 20:00:00 - 03/05/2025 21:00:00","BZN|NL","Without Sequence","86.28","",""
"03/05/2025 21:00:00 - 03/05/2025 22:00:00","BZN|NL","Without Sequence","85.37","",""
"03/05/2025 22:00:00 - 03/05/2025 23:00:00","BZN|NL","Without Sequence","92.95","",""
"03/05/2025 23:00:00 - 04/05/2025 00:00:00","BZN|NL","Without Sequence","86.00","",""
"04/05/2025 00:00:00 - 04/05/2025 01:00:00","BZN|NL","Without Sequence","59.95","",""
"04/05/2025 01:00:00 - 04/05/2025 02:00:00","BZN|NL","Without Sequence","44.90","",""
"04/05/2025 02:00:00 - 04/05/2025 03:00:00","BZN|NL","Without Sequence","33.40","",""
"04/05/2025 03:00:00 - 04/05/2025 04:00:00","BZN|NL","Without Sequence","21.61","",""
"04/05/2025 04:00:00 - 04/05/2025 05:00:00","BZN|NL","Without Sequence","20.02","",""
"04/05/2025 05:00:00 - 04/05/2025 06:00:00","BZN|NL","Without Sequence","15.58","",""
"04/05/2025 06:00:00 - 04/05/2025 07:00:00","BZN|NL","Without Sequence","13.62","",""
"04/05/2025 07:00:00 - 04/05/2025 08:00:00","BZN|NL","Without Sequence","7.83","",""
"04/05/2025 08:00:00 - 04/05/2025 09:00:00","BZN|NL","Without Sequence","2.93","",""
"04/05/2025 09:00:00 - 04/05/2025 10:00:00","BZN|NL","Without Sequence","0.00","",""
"04/05/2025 10:00:00 - 04/05/2025 11:00:00","BZN|NL","Without Sequence","-0.01","",""
"04/05/2025 11:00:00 - 04/05/2025 12:00:00","BZN|NL","Without Sequence","-0.01","",""
"04/05/2025 12:00:00 - 04/05/2025 13:00:00","BZN|NL","Without Sequence","-0.02","",""
"04/05/2025 13:00:00 - 04/05/2025 14:00:00","BZN|NL","Without Sequence","-2.00","",""
"04/05/2025 14:00:00 - 04/05/2025 15:00:00","BZN|NL","Without Sequence","-5.01","",""
"04/05/2025 15:00:00 - 04/05/2025 16:00:00","BZN|NL","Without Sequence","-1.59","",""
"04/05/2025 16:00:00 - 04/05/2025 17:00:00","BZN|NL","Without Sequence","-0.01","",""
"04/05/2025 17:00:00 - 04/05/2025 18:00:00","BZN|NL","Without Sequence","8.94","",""
"04/05/2025 18:00:00 - 04/05/2025 19:00:00","BZN|NL","Without Sequence","73.24","",""
"04/05/2025 19:00:00 - 04/05/2025 20:00:00","BZN|NL","Without Sequence","90.00","",""
"04/05/2025 20:00:00 - 04/05/2025 21:00:00","BZN|NL","Without Sequence","104.97","",""
"04/05/2025 21:00:00 - 04/05/2025 22:00:00","BZN|NL","Without Sequence","118.20","",""
"04/05/2025 22:00:00 - 04/05/2025 23:00:00","BZN|NL","Without Sequence","104.79","",""
"04/05/2025 23:00:00 - 05/05/2025 00:00:00","BZN|NL","Without Sequence","84.36","",""
"05/05/2025 00:00:00 - 05/05/2025 01:00:00","BZN|NL","Without Sequence","83.55","",""
"05/05/2025 01:00:00 - 05/05/2025 02:00:00","BZN|NL","Without Sequence","70.71","",""
"05/05/2025 02:00:00 - 05/05/2025 03:00:00","BZN|NL","Without Sequence","81.60","",""
"05/05/2025 03:00:00 - 05/05/2025 04:00:00","BZN|NL","Without Sequence","85.61","",""
"05/05/2025 04:00:00 - 05/05/2025 05:00:00","BZN|NL","Without Sequence","82.00","",""
"05/05/2025 05:00:00 - 05/05/2025 06:00:00","BZN|NL","Without Sequence","89.80","",""
"05/05/2025 06:00:00 - 05/05/2025 07:00:00","BZN|NL","Without Sequence","117.14","",""
"05/05/2025 07:00:00 - 05/05/2025 08:00:00","BZN|NL","Without Sequence","116.95","",""
"05/05/2025 08:00:00 - 05/05/2025 09:00:00","BZN|NL","Without Sequence","99.50","",""
"05/05/2025 09:00:00 - 05/05/2025 10:00:00","BZN|NL","Without Sequence","80.93","",""
"05/05/2025 10:00:00 - 05/05/2025 11:00:00","BZN|NL","Without Sequence","70.13","",""
"05/05/2025 11:00:00 - 05/05/2025 12:00:00","BZN|NL","Without Sequence","53.87","",""
"05/05/2025 12:00:00 - 05/05/2025 13:00:00","BZN|NL","Without Sequence","4.90","",""
"05/05/2025 13:00:00 - 05/05/2025 14:00:00","BZN|NL","Without Sequence","-2.00","",""
"05/05/2025 14:00:00 - 05/05/2025 15:00:00","BZN|NL","Without Sequence","-2.00","",""
"05/05/2025 15:00:00 - 05/05/2025 16:00:00","BZN|NL","Without Sequence","-1.60","",""
"05/05/2025 16:00:00 - 05/05/2025 17:00:00","BZN|NL","Without Sequence","1.00","",""
"05/05/2025 17:00:00 - 05/05/2025 18:00:00","BZN|NL","Without Sequence","76.56","",""
"05/05/2025 18:00:00 - 05/05/2025 19:00:00","BZN|NL","Without Sequence","86.53","",""
"05/05/2025 19:00:00 - 05/05/2025 20:00:00","BZN|NL","Without Sequence","111.55","",""
"05/05/2025 20:00:00 - 05/05/2025 21:00:00","BZN|NL","Without Sequence","100.00","",""
"05/05/2025 21:00:00 - 05/05/2025 22:00:00","BZN|NL","Without Sequence","119.00","",""
"05/05/2025 22:00:00 - 05/05/2025 23:00:00","BZN|NL","Without Sequence","103.13","",""
"05/05/2025 23:00:00 - 06/05/2025 00:00:00","BZN|NL","Without Sequence","89.43","",""
"06/05/2025 00:00:00 - 06/05/2025 01:00:00","BZN|NL","Without Sequence","82.46","",""
"06/05/2025 01:00:00 - 06/05/2025 02:00:00","BZN|NL","Without Sequence","81.41","",""
"06/05/2025 02:00:00 - 06/05/2025 03:00:00","BZN|NL","Without Sequence","86.00","",""
"06/05/2025 03:00:00 - 06/05/2025 04:00:00","BZN|NL","Without Sequence","84.86","",""
"06/05/2025 04:00:00 - 06/05/2025 05:00:00","BZN|NL","Without Sequence","82.19","",""
"06/05/2025 05:00:00 - 06/05/2025 06:00:00","BZN|NL","Without Sequence","91.66","",""
"06/05/2025 06:00:00 - 06/05/2025 07:00:00","BZN|NL","Without Sequence","110.20","",""
"06/05/2025 07:00:00 - 06/05/2025 08:00:00","BZN|NL","Without Sequence","125.38","",""
"06/05/2025 08:00:00 - 06/05/2025 09:00:00","BZN|NL","Without Sequence","106.75","",""
"06/05/2025 09:00:00 - 06/05/2025 10:00:00","BZN|NL","Without Sequence","92.00","",""
"06/05/2025 10:00:00 - 06/05/2025 11:00:00","BZN|NL","Without Sequence","66.00","",""
"06/05/2025 11:00:00 - 06/05/2025 12:00:00","BZN|NL","Without Sequence","52.13","",""
"06/05/2025 12:00:00 - 06/05/2025 13:00:00","BZN|NL","Without Sequence","37.34","",""
"06/05/2025 13:00:00 - 06/05/2025 14:00:00","BZN|NL","Without Sequence","32.16","",""
"06/05/2025 14:00:00 - 06/05/2025 15:00:00","BZN|NL","Without Sequence","38.77","",""
"06/05/2025 15:00:00 - 06/05/2025 16:00:00","BZN|NL","Without Sequence","56.24","",""
"06/05/2025 16:00:00 - 06/05/2025 17:00:00","BZN|NL","Without Sequence","63.82","",""
"06/05/2025 17:00:00 - 06/05/2025 18:00:00","BZN|NL","Without Sequence","78.58","",""
"06/05/2025 18:00:00 - 06/05/2025 19:00:00","BZN|NL","Without Sequence","93.34","",""
"06/05/2025 19:00:00 - 06/05/2025 20:00:00","BZN|NL","Without Sequence","123.55","",""
"06/05/2025 20:00:00 - 06/05/2025 21:00:00","BZN|NL","Without Sequence","167.69","",""
"06/05/2025 21:00:00 - 06/05/2025 22:00:00","BZN|NL","Without Sequence","140.10","",""
"06/05/2025 22:00:00 - 06/05/2025 23:00:00","BZN|NL","Without Sequence","122.80","",""
"06/05/2025 23:00:00 - 07/05/2025 00:00:00","BZN|NL","Without Sequence","102.04","",""
"07/05/2025 00:00:00 - 07/05/2025 01:00:00","BZN|NL","Without Sequence","88.20","",""
"07/05/2025 01:00:00 - 07/05/2025 02:00:00","BZN|NL","Without Sequence","82.64","",""
"07/05/2025 02:00:00 - 07/05/2025 03:00:00","BZN|NL","Without Sequence","81.78","",""
"07/05/2025 03:00:00 - 07/05/2025 04:00:00","BZN|NL","Without Sequence","85.33","",""
"07/05/2025 04:00:00 - 07/05/2025 05:00:00","BZN|NL","Without Sequence","97.27","",""
"07/05/2025 05:00:00 - 07/05/2025 06:00:00","BZN|NL","Without Sequence","112.50","",""
"07/05/2025 06:00:00 - 07/05/2025 07:00:00","BZN|NL","Without Sequence","137.52","",""
"07/05/2025 07:00:00 - 07/05/2025 08:00:00","BZN|NL","Without Sequence","143.95","",""
"07/05/2025 08:00:00 - 07/05/2025 09:00:00","BZN|NL","Without Sequence","130.16","",""
"07/05/2025 09:00:00 - 07/05/2025 10:00:00","BZN|NL","Without Sequence","96.86","",""
"07/05/2025 10:00:00 - 07/05/2025 11:00:00","BZN|NL","Without Sequence","78.61","",""
"07/05/2025 11:00:00 - 07/05/2025 12:00:00","BZN|NL","Without Sequence","66.36","",""
"07/05/2025 12:00:00 - 07/05/2025 13:00:00","BZN|NL","Without Sequence","57.20","",""
"07/05/2025 13:00:00 - 07/05/2025 14:00:00","BZN|NL","Without Sequence","56.38","",""
"07/05/2025 14:00:00 - 07/05/2025 15:00:00","BZN|NL","Without Sequence","59.90","",""
"07/05/2025 15:00:00 - 07/05/2025 16:00:00","BZN|NL","Without Sequence","66.84","",""
"07/05/2025 16:00:00 - 07/05/2025 17:00:00","BZN|NL","Without Sequence","72.96","",""
"07/05/2025 17:00:00 - 07/05/2025 18:00:00","BZN|NL","Without Sequence","84.70","",""
"07/05/2025 18:00:00 - 07/05/2025 19:00:00","BZN|NL","Without Sequence","99.92","",""
"07/05/2025 19:00:00 - 07/05/2025 20:00:00","BZN|NL","Without Sequence","119.57","",""
"07/05/2025 20:00:00 - 07/05/2025 21:00:00","BZN|NL","Without Sequence","151.00","",""
"07/05/2025 21:00:00 - 07/05/2025 22:00:00","BZN|NL","Without Sequence","127.04","",""
"07/05/2025 22:00:00 - 07/05/2025 23:00:00","BZN|NL","Without Sequence","105.59","",""
"07/05/2025 23:00:00 - 08/05/2025 00:00:00","BZN|NL","Without Sequence","93.11","",""
"08/05/2025 00:00:00 - 08/05/2025 01:00:00","BZN|NL","Without Sequence","91.59","",""
"08/05/2025 01:00:00 - 08/05/2025 02:00:00","BZN|NL","Without Sequence","87.59","",""
"08/05/2025 02:00:00 - 08/05/2025 03:00:00","BZN|NL","Without Sequence","87.40","",""
"08/05/2025 03:00:00 - 08/05/2025 04:00:00","BZN|NL","Without Sequence","88.32","",""
"08/05/2025 04:00:00 - 08/05/2025 05:00:00","BZN|NL","Without Sequence","96.09","",""
"08/05/2025 05:00:00 - 08/05/2025 06:00:00","BZN|NL","Without Sequence","108.87","",""
"08/05/2025 06:00:00 - 08/05/2025 07:00:00","BZN|NL","Without Sequence","124.06","",""
"08/05/2025 07:00:00 - 08/05/2025 08:00:00","BZN|NL","Without Sequence","138.93","",""
"08/05/2025 08:00:00 - 08/05/2025 09:00:00","BZN|NL","Without Sequence","128.39","",""
"08/05/2025 09:00:00 - 08/05/2025 10:00:00","BZN|NL","Without Sequence","96.29","",""
"08/05/2025 10:00:00 - 08/05/2025 11:00:00","BZN|NL","Without Sequence","81.95","",""
"08/05/2025 11:00:00 - 08/05/2025 12:00:00","BZN|NL","Without Sequence","62.99","",""
"08/05/2025 12:00:00 - 08/05/2025 13:00:00","BZN|NL","Without Sequence","54.05","",""
"08/05/2025 13:00:00 - 08/05/2025 14:00:00","BZN|NL","Without Sequence","50.00","",""
"08/05/2025 14:00:00 - 08/05/2025 15:00:00","BZN|NL","Without Sequence","56.00","",""
"08/05/2025 15:00:00 - 08/05/2025 16:00:00","BZN|NL","Without Sequence","65.97","",""
"08/05/2025 16:00:00 - 08/05/2025 17:00:00","BZN|NL","Without Sequence","75.55","",""
"08/05/2025 17:00:00 - 08/05/2025 18:00:00","BZN|NL","Without Sequence","81.26","",""
"08/05/2025 18:00:00 - 08/05/2025 19:00:00","BZN|NL","Without Sequence","96.76","",""
"08/05/2025 19:00:00 - 08/05/2025 20:00:00","BZN|NL","Without Sequence","127.20","",""
"08/05/2025 20:00:00 - 08/05/2025 21:00:00","BZN|NL","Without Sequence","185.69","",""
"08/05/2025 21:00:00 - 08/05/2025 22:00:00","BZN|NL","Without Sequence","147.87","",""
"08/05/2025 22:00:00 - 08/05/2025 23:00:00","BZN|NL","Without Sequence","110.72","",""
"08/05/2025 23:00:00 - 09/05/2025 00:00:00","BZN|NL","Without Sequence","102.39","",""
"09/05/2025 00:00:00 - 09/05/2025 01:00:00","BZN|NL","Without Sequence","103.65","",""
"09/05/2025 01:00:00 - 09/05/2025 02:00:00","BZN|NL","Without Sequence","90.88","",""
"09/05/2025 02:00:00 - 09/05/2025 03:00:00","BZN|NL","Without Sequence","88.33","",""
"09/05/2025 03:00:00 - 09/05/2025 04:00:00","BZN|NL","Without Sequence","89.66","",""
"09/05/2025 04:00:00 - 09/05/2025 05:00:00","BZN|NL","Without Sequence","99.00","",""
"09/05/2025 05:00:00 - 09/05/2025 06:00:00","BZN|NL","Without Sequence","109.07","",""
"09/05/2025 06:00:00 - 09/05/2025 07:00:00","BZN|NL","Without Sequence","141.00","",""
"09/05/2025 07:00:00 - 09/05/2025 08:00:00","BZN|NL","Without Sequence","137.88","",""
"09/05/2025 08:00:00 - 09/05/2025 09:00:00","BZN|NL","Without Sequence","107.22","",""
"09/05/2025 09:00:00 - 09/05/2025 10:00:00","BZN|NL","Without Sequence","77.53","",""
"09/05/2025 10:00:00 - 09/05/2025 11:00:00","BZN|NL","Without Sequence","46.18","",""
"09/05/2025 11:00:00 - 09/05/2025 12:00:00","BZN|NL","Without Sequence","0.10","",""
"09/05/2025 12:00:00 - 09/05/2025 13:00:00","BZN|NL","Without Sequence","-0.54","",""
"09/05/2025 13:00:00 - 09/05/2025 14:00:00","BZN|NL","Without Sequence","-0.03","",""
"09/05/2025 14:00:00 - 09/05/2025 15:00:00","BZN|NL","Without Sequence","-0.01","",""
"09/05/2025 15:00:00 - 09/05/2025 16:00:00","BZN|NL","Without Sequence","-0.20","",""
"09/05/2025 16:00:00 - 09/05/2025 17:00:00","BZN|NL","Without Sequence","46.01","",""
"09/05/2025 17:00:00 - 09/05/2025 18:00:00","BZN|NL","Without Sequence","70.04","",""
"09/05/2025 18:00:00 - 09/05/2025 19:00:00","BZN|NL","Without Sequence","93.25","",""
"09/05/2025 19:00:00 - 09/05/2025 20:00:00","BZN|NL","Without Sequence","119.69","",""
"09/05/2025 20:00:00 - 09/05/2025 21:00:00","BZN|NL","Without Sequence","152.56","",""
"09/05/2025 21:00:00 - 09/05/2025 22:00:00","BZN|NL","Without Sequence","138.83","",""
"09/05/2025 22:00:00 - 09/05/2025 23:00:00","BZN|NL","Without Sequence","112.99","",""
"09/05/2025 23:00:00 - 10/05/2025 00:00:00","BZN|NL","Without Sequence","98.06","",""
"10/05/2025 00:00:00 - 10/05/2025 01:00:00","BZN|NL","Without Sequence","116.00","",""
"10/05/2025 01:00:00 - 10/05/2025 02:00:00","BZN|NL","Without Sequence","96.92","",""
"10/05/2025 02:00:00 - 10/05/2025 03:00:00","BZN|NL","Without Sequence","92.87","",""
"10/05/2025 03:00:00 - 10/05/2025 04:00:00","BZN|NL","Without Sequence","95.70","",""
"10/05/2025 04:00:00 - 10/05/2025 05:00:00","BZN|NL","Without Sequence","101.48","",""
"10/05/2025 05:00:00 - 10/05/2025 06:00:00","BZN|NL","Without Sequence","100.47","",""
"10/05/2025 06:00:00 - 10/05/2025 07:00:00","BZN|NL","Without Sequence","97.82","",""
"10/05/2025 07:00:00 - 10/05/2025 08:00:00","BZN|NL","Without Sequence","96.48","",""
"10/05/2025 08:00:00 - 10/05/2025 09:00:00","BZN|NL","Without Sequence","74.99","",""
"10/05/2025 09:00:00 - 10/05/2025 10:00:00","BZN|NL","Without Sequence","8.29","",""
"10/05/2025 10:00:00 - 10/05/2025 11:00:00","BZN|NL","Without Sequence","-0.07","",""
"10/05/2025 11:00:00 - 10/05/2025 12:00:00","BZN|NL","Without Sequence","-22.91","",""
"10/05/2025 12:00:00 - 10/05/2025 13:00:00","BZN|NL","Without Sequence","-70.00","",""
"10/05/2025 13:00:00 - 10/05/2025 14:00:00","BZN|NL","Without Sequence","-127.10","",""
"10/05/2025 14:00:00 - 10/05/2025 15:00:00","BZN|NL","Without Sequence","-110.61","",""
"10/05/2025 15:00:00 - 10/05/2025 16:00:00","BZN|NL","Without Sequence","-49.50","",""
"10/05/2025 16:00:00 - 10/05/2025 17:00:00","BZN|NL","Without Sequence","-5.91","",""
"10/05/2025 17:00:00 - 10/05/2025 18:00:00","BZN|NL","Without Sequence","20.17","",""
"10/05/2025 18:00:00 - 10/05/2025 19:00:00","BZN|NL","Without Sequence","84.00","",""
"10/05/2025 19:00:00 - 10/05/2025 20:00:00","BZN|NL","Without Sequence","113.20","",""
"10/05/2025 20:00:00 - 10/05/2025 21:00:00","BZN|NL","Without Sequence","145.14","",""
"10/05/2025 21:00:00 - 10/05/2025 22:00:00","BZN|NL","Without Sequence","131.24","",""
"10/05/2025 22:00:00 - 10/05/2025 23:00:00","BZN|NL","Without Sequence","102.40","",""
"10/05/2025 23:00:00 - 11/05/2025 00:00:00","BZN|NL","Without Sequence","89.56","",""
"11/05/2025 00:00:00 - 11/05/2025 01:00:00","BZN|NL","Without Sequence","97.80","",""
"11/05/2025 01:00:00 - 11/05/2025 02:00:00","BZN|NL","Without Sequence","89.92","",""
"11/05/2025 02:00:00 - 11/05/2025 03:00:00","BZN|NL","Without Sequence","90.06","",""
"11/05/2025 03:00:00 - 11/05/2025 04:00:00","BZN|NL","Without Sequence","89.72","",""
"11/05/2025 04:00:00 - 11/05/2025 05:00:00","BZN|NL","Without Sequence","89.49","",""
"11/05/2025 05:00:00 - 11/05/2025 06:00:00","BZN|NL","Without Sequence","89.46","",""
"11/05/2025 06:00:00 - 11/05/2025 07:00:00","BZN|NL","Without Sequence","82.34","",""
"11/05/2025 07:00:00 - 11/05/2025 08:00:00","BZN|NL","Without Sequence","62.22","",""
"11/05/2025 08:00:00 - 11/05/2025 09:00:00","BZN|NL","Without Sequence","4.96","",""
"11/05/2025 09:00:00 - 11/05/2025 10:00:00","BZN|NL","Without Sequence","-0.10","",""
"11/05/2025 10:00:00 - 11/05/2025 11:00:00","BZN|NL","Without Sequence","-12.01","",""
"11/05/2025 11:00:00 - 11/05/2025 12:00:00","BZN|NL","Without Sequence","-67.42","",""
"11/05/2025 12:00:00 - 11/05/2025 13:00:00","BZN|NL","Without Sequence","-319.12","",""
"11/05/2025 13:00:00 - 11/05/2025 14:00:00","BZN|NL","Without Sequence","-350.00","",""
"11/05/2025 14:00:00 - 11/05/2025 15:00:00","BZN|NL","Without Sequence","-299.93","",""
"11/05/2025 15:00:00 - 11/05/2025 16:00:00","BZN|NL","Without Sequence","-109.96","",""
"11/05/2025 16:00:00 - 11/05/2025 17:00:00","BZN|NL","Without Sequence","-18.45","",""
"11/05/2025 17:00:00 - 11/05/2025 18:00:00","BZN|NL","Without Sequence","-0.12","",""
"11/05/2025 18:00:00 - 11/05/2025 19:00:00","BZN|NL","Without Sequence","77.01","",""
"11/05/2025 19:00:00 - 11/05/2025 20:00:00","BZN|NL","Without Sequence","111.95","",""
"11/05/2025 20:00:00 - 11/05/2025 21:00:00","BZN|NL","Without Sequence","124.86","",""
"11/05/2025 21:00:00 - 11/05/2025 22:00:00","BZN|NL","Without Sequence","115.30","",""
"11/05/2025 22:00:00 - 11/05/2025 23:00:00","BZN|NL","Without Sequence","98.45","",""
"11/05/2025 23:00:00 - 12/05/2025 00:00:00","BZN|NL","Without Sequence","84.68","",""
"12/05/2025 00:00:00 - 12/05/2025 01:00:00","BZN|NL","Without Sequence","81.70","",""
"12/05/2025 01:00:00 - 12/05/2025 02:00:00","BZN|NL","Without Sequence","77.25","",""
"12/05/2025 02:00:00 - 12/05/2025 03:00:00","BZN|NL","Without Sequence","77.02","",""
"12/05/2025 03:00:00 - 12/05/2025 04:00:00","BZN|NL","Without Sequence","77.44","",""
"12/05/2025 04:00:00 - 12/05/2025 05:00:00","BZN|NL","Without Sequence","80.33","",""
"12/05/2025 05:00:00 - 12/05/2025 06:00:00","BZN|NL","Without Sequence","91.15","",""
"12/05/2025 06:00:00 - 12/05/2025 07:00:00","BZN|NL","Without Sequence","123.15","",""
"12/05/2025 07:00:00 - 12/05/2025 08:00:00","BZN|NL","Without Sequence","127.71","",""
"12/05/2025 08:00:00 - 12/05/2025 09:00:00","BZN|NL","Without Sequence","106.21","",""
"12/05/2025 09:00:00 - 12/05/2025 10:00:00","BZN|NL","Without Sequence","62.26","",""
"12/05/2025 10:00:00 - 12/05/2025 11:00:00","BZN|NL","Without Sequence","-2.00","",""
"12/05/2025 11:00:00 - 12/05/2025 12:00:00","BZN|NL","Without Sequence","-6.02","",""
"12/05/2025 12:00:00 - 12/05/2025 13:00:00","BZN|NL","Without Sequence","-44.18","",""
"12/05/2025 13:00:00 - 12/05/2025 14:00:00","BZN|NL","Without Sequence","-56.96","",""
"12/05/2025 14:00:00 - 12/05/2025 15:00:00","BZN|NL","Without Sequence","-48.23","",""
"12/05/2025 15:00:00 - 12/05/2025 16:00:00","BZN|NL","Without Sequence","-10.89","",""
"12/05/2025 16:00:00 - 12/05/2025 17:00:00","BZN|NL","Without Sequence","-3.72","",""
"12/05/2025 17:00:00 - 12/05/2025 18:00:00","BZN|NL","Without Sequence","64.47","",""
"12/05/2025 18:00:00 - 12/05/2025 19:00:00","BZN|NL","Without Sequence","95.57","",""
"12/05/2025 19:00:00 - 12/05/2025 20:00:00","BZN|NL","Without Sequence","130.01","",""
"12/05/2025 20:00:00 - 12/05/2025 21:00:00","BZN|NL","Without Sequence","169.42","",""
"12/05/2025 21:00:00 - 12/05/2025 22:00:00","BZN|NL","Without Sequence","117.58","",""
"12/05/2025 22:00:00 - 12/05/2025 23:00:00","BZN|NL","Without Sequence","101.14","",""
"12/05/2025 23:00:00 - 13/05/2025 00:00:00","BZN|NL","Without Sequence","90.44","",""
"13/05/2025 00:00:00 - 13/05/2025 01:00:00","BZN|NL","Without Sequence","87.18","",""
"13/05/2025 01:00:00 - 13/05/2025 02:00:00","BZN|NL","Without Sequence","85.00","",""
"13/05/2025 02:00:00 - 13/05/2025 03:00:00","BZN|NL","Without Sequence","85.03","",""
"13/05/2025 03:00:00 - 13/05/2025 04:00:00","BZN|NL","Without Sequence","91.12","",""
"13/05/2025 04:00:00 - 13/05/2025 05:00:00","BZN|NL","Without Sequence","93.62","",""
"13/05/2025 05:00:00 - 13/05/2025 06:00:00","BZN|NL","Without Sequence","97.93","",""
"13/05/2025 06:00:00 - 13/05/2025 07:00:00","BZN|NL","Without Sequence","130.31","",""
"13/05/2025 07:00:00 - 13/05/2025 08:00:00","BZN|NL","Without Sequence","126.43","",""
"13/05/2025 08:00:00 - 13/05/2025 09:00:00","BZN|NL","Without Sequence","101.90","",""
"13/05/2025 09:00:00 - 13/05/2025 10:00:00","BZN|NL","Without Sequence","75.51","",""
"13/05/2025 10:00:00 - 13/05/2025 11:00:00","BZN|NL","Without Sequence","16.00","",""
"13/05/2025 11:00:00 - 13/05/2025 12:00:00","BZN|NL","Without Sequence","-1.08","",""
"13/05/2025 12:00:00 - 13/05/2025 13:00:00","BZN|NL","Without Sequence","-9.90","",""
"13/05/2025 13:00:00 - 13/05/2025 14:00:00","BZN|NL","Without Sequence","-21.62","",""
"13/05/2025 14:00:00 - 13/05/2025 15:00:00","BZN|NL","Without Sequence","-7.33","",""
"13/05/2025 15:00:00 - 13/05/2025 16:00:00","BZN|NL","Without Sequence","-4.16","",""
"13/05/2025 16:00:00 - 13/05/2025 17:00:00","BZN|NL","Without Sequence","0.10","",""
"13/05/2025 17:00:00 - 13/05/2025 18:00:00","BZN|NL","Without Sequence","69.25","",""
"13/05/2025 18:00:00 - 13/05/2025 19:00:00","BZN|NL","Without Sequence","97.00","",""
"13/05/2025 19:00:00 - 13/05/2025 20:00:00","BZN|NL","Without Sequence","124.57","",""
"13/05/2025 20:00:00 - 13/05/2025 21:00:00","BZN|NL","Without Sequence","212.92","",""
"13/05/2025 21:00:00 - 13/05/2025 22:00:00","BZN|NL","Without Sequence","148.37","",""
"13/05/2025 22:00:00 - 13/05/2025 23:00:00","BZN|NL","Without Sequence","112.23","",""
"13/05/2025 23:00:00 - 14/05/2025 00:00:00","BZN|NL","Without Sequence","99.21","",""
"14/05/2025 00:00:00 - 14/05/2025 01:00:00","BZN|NL","Without Sequence","97.48","",""
"14/05/2025 01:00:00 - 14/05/2025 02:00:00","BZN|NL","Without Sequence","89.86","",""
"14/05/2025 02:00:00 - 14/05/2025 03:00:00","BZN|NL","Without Sequence","87.78","",""
"14/05/2025 03:00:00 - 14/05/2025 04:00:00","BZN|NL","Without Sequence","88.50","",""
"14/05/2025 04:00:00 - 14/05/2025 05:00:00","BZN|NL","Without Sequence","94.52","",""
"14/05/2025 05:00:00 - 14/05/2025 06:00:00","BZN|NL","Without Sequence","102.22","",""
"14/05/2025 06:00:00 - 14/05/2025 07:00:00","BZN|NL","Without Sequence","128.58","",""
"14/05/2025 07:00:00 - 14/05/2025 08:00:00","BZN|NL","Without Sequence","122.43","",""
"14/05/2025 08:00:00 - 14/05/2025 09:00:00","BZN|NL","Without Sequence","101.62","",""
"14/05/2025 09:00:00 - 14/05/2025 10:00:00","BZN|NL","Without Sequence","68.17","",""
"14/05/2025 10:00:00 - 14/05/2025 11:00:00","BZN|NL","Without Sequence","0.10","",""
"14/05/2025 11:00:00 - 14/05/2025 12:00:00","BZN|NL","Without Sequence","-2.63","",""
"14/05/2025 12:00:00 - 14/05/2025 13:00:00","BZN|NL","Without Sequence","-27.77","",""
"14/05/2025 13:00:00 - 14/05/2025 14:00:00","BZN|NL","Without Sequence","-42.87","",""
"14/05/2025 14:00:00 - 14/05/2025 15:00:00","BZN|NL","Without Sequence","-46.00","",""
"14/05/2025 15:00:00 - 14/05/2025 16:00:00","BZN|NL","Without Sequence","-17.75","",""
"14/05/2025 16:00:00 - 14/05/2025 17:00:00","BZN|NL","Without Sequence","-2.00","",""
"14/05/2025 17:00:00 - 14/05/2025 18:00:00","BZN|NL","Without Sequence","28.79","",""
"14/05/2025 18:00:00 - 14/05/2025 19:00:00","BZN|NL","Without Sequence","84.56","",""
"14/05/2025 19:00:00 - 14/05/2025 20:00:00","BZN|NL","Without Sequence","106.71","",""
"14/05/2025 20:00:00 - 14/05/2025 21:00:00","BZN|NL","Without Sequence","162.71","",""
"14/05/2025 21:00:00 - 14/05/2025 22:00:00","BZN|NL","Without Sequence","133.11","",""
"14/05/2025 22:00:00 - 14/05/2025 23:00:00","BZN|NL","Without Sequence","108.56","",""
"14/05/2025 23:00:00 - 15/05/2025 00:00:00","BZN|NL","Without Sequence","95.30","",""
"15/05/2025 00:00:00 - 15/05/2025 01:00:00","BZN|NL","Without Sequence","97.02","",""
"15/05/2025 01:00:00 - 15/05/2025 02:00:00","BZN|NL","Without Sequence","88.00","",""
"15/05/2025 02:00:00 - 15/05/2025 03:00:00","BZN|NL","Without Sequence","82.24","",""
"15/05/2025 03:00:00 - 15/05/2025 04:00:00","BZN|NL","Without Sequence","81.67","",""
"15/05/2025 04:00:00 - 15/05/2025 05:00:00","BZN|NL","Without Sequence","85.01","",""
"15/05/2025 05:00:00 - 15/05/2025 06:00:00","BZN|NL","Without Sequence","94.83","",""
"15/05/2025 06:00:00 - 15/05/2025 07:00:00","BZN|NL","Without Sequence","119.90","",""
"15/05/2025 07:00:00 - 15/05/2025 08:00:00","BZN|NL","Without Sequence","127.85","",""
"15/05/2025 08:00:00 - 15/05/2025 09:00:00","BZN|NL","Without Sequence","112.74","",""
"15/05/2025 09:00:00 - 15/05/2025 10:00:00","BZN|NL","Without Sequence","94.10","",""
"15/05/2025 10:00:00 - 15/05/2025 11:00:00","BZN|NL","Without Sequence","8.86","",""
"15/05/2025 11:00:00 - 15/05/2025 12:00:00","BZN|NL","Without Sequence","-0.08","",""
"15/05/2025 12:00:00 - 15/05/2025 13:00:00","BZN|NL","Without Sequence","-9.09","",""
"15/05/2025 13:00:00 - 15/05/2025 14:00:00","BZN|NL","Without Sequence","-30.12","",""
"15/05/2025 14:00:00 - 15/05/2025 15:00:00","BZN|NL","Without Sequence","-30.00","",""
"15/05/2025 15:00:00 - 15/05/2025 16:00:00","BZN|NL","Without Sequence","-18.60","",""
"15/05/2025 16:00:00 - 15/05/2025 17:00:00","BZN|NL","Without Sequence","-2.00","",""
"15/05/2025 17:00:00 - 15/05/2025 18:00:00","BZN|NL","Without Sequence","0.00","",""
"15/05/2025 18:00:00 - 15/05/2025 19:00:00","BZN|NL","Without Sequence","68.91","",""
"15/05/2025 19:00:00 - 15/05/2025 20:00:00","BZN|NL","Without Sequence","99.27","",""
"15/05/2025 20:00:00 - 15/05/2025 21:00:00","BZN|NL","Without Sequence","130.74","",""
"15/05/2025 21:00:00 - 15/05/2025 22:00:00","BZN|NL","Without Sequence","125.13","",""
"15/05/2025 22:00:00 - 15/05/2025 23:00:00","BZN|NL","Without Sequence","114.35","",""
"15/05/2025 23:00:00 - 16/05/2025 00:00:00","BZN|NL","Without Sequence","100.21","",""
"16/05/2025 00:00:00 - 16/05/2025 01:00:00","BZN|NL","Without Sequence","94.50","",""
"16/05/2025 01:00:00 - 16/05/2025 02:00:00","BZN|NL","Without Sequence","88.47","",""
"16/05/2025 02:00:00 - 16/05/2025 03:00:00","BZN|NL","Without Sequence","84.91","",""
"16/05/2025 03:00:00 - 16/05/2025 04:00:00","BZN|NL","Without Sequence","85.00","",""
"16/05/2025 04:00:00 - 16/05/2025 05:00:00","BZN|NL","Without Sequence","88.76","",""
"16/05/2025 05:00:00 - 16/05/2025 06:00:00","BZN|NL","Without Sequence","105.40","",""
"16/05/2025 06:00:00 - 16/05/2025 07:00:00","BZN|NL","Without Sequence","118.42","",""
"16/05/2025 07:00:00 - 16/05/2025 08:00:00","BZN|NL","Without Sequence","121.17","",""
"16/05/2025 08:00:00 - 16/05/2025 09:00:00","BZN|NL","Without Sequence","111.28","",""
"16/05/2025 09:00:00 - 16/05/2025 10:00:00","BZN|NL","Without Sequence","70.10","",""
"16/05/2025 10:00:00 - 16/05/2025 11:00:00","BZN|NL","Without Sequence","8.17","",""
"16/05/2025 11:00:00 - 16/05/2025 12:00:00","BZN|NL","Without Sequence","-0.78","",""
"16/05/2025 12:00:00 - 16/05/2025 13:00:00","BZN|NL","Without Sequence","-3.51","",""
"16/05/2025 13:00:00 - 16/05/2025 14:00:00","BZN|NL","Without Sequence","-9.90","",""
"16/05/2025 14:00:00 - 16/05/2025 15:00:00","BZN|NL","Without Sequence","-20.00","",""
"16/05/2025 15:00:00 - 16/05/2025 16:00:00","BZN|NL","Without Sequence","-14.91","",""
"16/05/2025 16:00:00 - 16/05/2025 17:00:00","BZN|NL","Without Sequence","-3.00","",""
"16/05/2025 17:00:00 - 16/05/2025 18:00:00","BZN|NL","Without Sequence","61.40","",""
"16/05/2025 18:00:00 - 16/05/2025 19:00:00","BZN|NL","Without Sequence","88.51","",""
"16/05/2025 19:00:00 - 16/05/2025 20:00:00","BZN|NL","Without Sequence","101.52","",""
"16/05/2025 20:00:00 - 16/05/2025 21:00:00","BZN|NL","Without Sequence","153.45","",""
"16/05/2025 21:00:00 - 16/05/2025 22:00:00","BZN|NL","Without Sequence","149.05","",""
"16/05/2025 22:00:00 - 16/05/2025 23:00:00","BZN|NL","Without Sequence","117.90","",""
"16/05/2025 23:00:00 - 17/05/2025 00:00:00","BZN|NL","Without Sequence","104.55","",""
"17/05/2025 00:00:00 - 17/05/2025 01:00:00","BZN|NL","Without Sequence","92.50","",""
"17/05/2025 01:00:00 - 17/05/2025 02:00:00","BZN|NL","Without Sequence","94.94","",""
"17/05/2025 02:00:00 - 17/05/2025 03:00:00","BZN|NL","Without Sequence","92.17","",""
"17/05/2025 03:00:00 - 17/05/2025 04:00:00","BZN|NL","Without Sequence","90.00","",""
"17/05/2025 04:00:00 - 17/05/2025 05:00:00","BZN|NL","Without Sequence","89.90","",""
"17/05/2025 05:00:00 - 17/05/2025 06:00:00","BZN|NL","Without Sequence","90.00","",""
"17/05/2025 06:00:00 - 17/05/2025 07:00:00","BZN|NL","Without Sequence","91.56","",""
"17/05/2025 07:00:00 - 17/05/2025 08:00:00","BZN|NL","Without Sequence","91.67","",""
"17/05/2025 08:00:00 - 17/05/2025 09:00:00","BZN|NL","Without Sequence","55.69","",""
"17/05/2025 09:00:00 - 17/05/2025 10:00:00","BZN|NL","Without Sequence","0.73","",""
"17/05/2025 10:00:00 - 17/05/2025 11:00:00","BZN|NL","Without Sequence","-0.06","",""
"17/05/2025 11:00:00 - 17/05/2025 12:00:00","BZN|NL","Without Sequence","-4.26","",""
"17/05/2025 12:00:00 - 17/05/2025 13:00:00","BZN|NL","Without Sequence","-4.90","",""
"17/05/2025 13:00:00 - 17/05/2025 14:00:00","BZN|NL","Without Sequence","-10.02","",""
"17/05/2025 14:00:00 - 17/05/2025 15:00:00","BZN|NL","Without Sequence","-11.26","",""
"17/05/2025 15:00:00 - 17/05/2025 16:00:00","BZN|NL","Without Sequence","-5.79","",""
"17/05/2025 16:00:00 - 17/05/2025 17:00:00","BZN|NL","Without Sequence","-1.09","",""
"17/05/2025 17:00:00 - 17/05/2025 18:00:00","BZN|NL","Without Sequence","4.50","",""
"17/05/2025 18:00:00 - 17/05/2025 19:00:00","BZN|NL","Without Sequence","68.32","",""
"17/05/2025 19:00:00 - 17/05/2025 20:00:00","BZN|NL","Without Sequence","98.32","",""
"17/05/2025 20:00:00 - 17/05/2025 21:00:00","BZN|NL","Without Sequence","113.96","",""
"17/05/2025 21:00:00 - 17/05/2025 22:00:00","BZN|NL","Without Sequence","137.63","",""
"17/05/2025 22:00:00 - 17/05/2025 23:00:00","BZN|NL","Without Sequence","132.00","",""
"17/05/2025 23:00:00 - 18/05/2025 00:00:00","BZN|NL","Without Sequence","101.38","",""
"18/05/2025 00:00:00 - 18/05/2025 01:00:00","BZN|NL","Without Sequence","106.73","",""
"18/05/2025 01:00:00 - 18/05/2025 02:00:00","BZN|NL","Without Sequence","101.49","",""
"18/05/2025 02:00:00 - 18/05/2025 03:00:00","BZN|NL","Without Sequence","98.57","",""
"18/05/2025 03:00:00 - 18/05/2025 04:00:00","BZN|NL","Without Sequence","97.40","",""
"18/05/2025 04:00:00 - 18/05/2025 05:00:00","BZN|NL","Without Sequence","98.41","",""
"18/05/2025 05:00:00 - 18/05/2025 06:00:00","BZN|NL","Without Sequence","97.80","",""
"18/05/2025 06:00:00 - 18/05/2025 07:00:00","BZN|NL","Without Sequence","91.95","",""
"18/05/2025 07:00:00 - 18/05/2025 08:00:00","BZN|NL","Without Sequence","87.48","",""
"18/05/2025 08:00:00 - 18/05/2025 09:00:00","BZN|NL","Without Sequence","85.56","",""
"18/05/2025 09:00:00 - 18/05/2025 10:00:00","BZN|NL","Without Sequence","16.02","",""
"18/05/2025 10:00:00 - 18/05/2025 11:00:00","BZN|NL","Without Sequence","0.02","",""
"18/05/2025 11:00:00 - 18/05/2025 12:00:00","BZN|NL","Without Sequence","-0.20","",""
"18/05/2025 12:00:00 - 18/05/2025 13:00:00","BZN|NL","Without Sequence","-2.00","",""
"18/05/2025 13:00:00 - 18/05/2025 14:00:00","BZN|NL","Without Sequence","-7.37","",""
"18/05/2025 14:00:00 - 18/05/2025 15:00:00","BZN|NL","Without Sequence","-15.00","",""
"18/05/2025 15:00:00 - 18/05/2025 16:00:00","BZN|NL","Without Sequence","-8.97","",""
"18/05/2025 16:00:00 - 18/05/2025 17:00:00","BZN|NL","Without Sequence","-0.20","",""
"18/05/2025 17:00:00 - 18/05/2025 18:00:00","BZN|NL","Without Sequence","9.63","",""
"18/05/2025 18:00:00 - 18/05/2025 19:00:00","BZN|NL","Without Sequence","85.65","",""
"18/05/2025 19:00:00 - 18/05/2025 20:00:00","BZN|NL","Without Sequence","97.52","",""
"18/05/2025 20:00:00 - 18/05/2025 21:00:00","BZN|NL","Without Sequence","117.79","",""
"18/05/2025 21:00:00 - 18/05/2025 22:00:00","BZN|NL","Without Sequence","128.00","",""
"18/05/2025 22:00:00 - 18/05/2025 23:00:00","BZN|NL","Without Sequence","115.40","",""
"18/05/2025 23:00:00 - 19/05/2025 00:00:00","BZN|NL","Without Sequence","100.00","",""
"19/05/2025 00:00:00 - 19/05/2025 01:00:00","BZN|NL","Without Sequence","110.48","",""
"19/05/2025 01:00:00 - 19/05/2025 02:00:00","BZN|NL","Without Sequence","99.03","",""
"19/05/2025 02:00:00 - 19/05/2025 03:00:00","BZN|NL","Without Sequence","93.37","",""
"19/05/2025 03:00:00 - 19/05/2025 04:00:00","BZN|NL","Without Sequence","90.10","",""
"19/05/2025 04:00:00 - 19/05/2025 05:00:00","BZN|NL","Without Sequence","90.75","",""
"19/05/2025 05:00:00 - 19/05/2025 06:00:00","BZN|NL","Without Sequence","102.40","",""
"19/05/2025 06:00:00 - 19/05/2025 07:00:00","BZN|NL","Without Sequence","128.00","",""
"19/05/2025 07:00:00 - 19/05/2025 08:00:00","BZN|NL","Without Sequence","137.53","",""
"19/05/2025 08:00:00 - 19/05/2025 09:00:00","BZN|NL","Without Sequence","115.74","",""
"19/05/2025 09:00:00 - 19/05/2025 10:00:00","BZN|NL","Without Sequence","90.39","",""
"19/05/2025 10:00:00 - 19/05/2025 11:00:00","BZN|NL","Without Sequence","64.33","",""
"19/05/2025 11:00:00 - 19/05/2025 12:00:00","BZN|NL","Without Sequence","27.57","",""
"19/05/2025 12:00:00 - 19/05/2025 13:00:00","BZN|NL","Without Sequence","12.77","",""
"19/05/2025 13:00:00 - 19/05/2025 14:00:00","BZN|NL","Without Sequence","5.00","",""
"19/05/2025 14:00:00 - 19/05/2025 15:00:00","BZN|NL","Without Sequence","8.00","",""
"19/05/2025 15:00:00 - 19/05/2025 16:00:00","BZN|NL","Without Sequence","25.94","",""
"19/05/2025 16:00:00 - 19/05/2025 17:00:00","BZN|NL","Without Sequence","66.04","",""
"19/05/2025 17:00:00 - 19/05/2025 18:00:00","BZN|NL","Without Sequence","88.99","",""
"19/05/2025 18:00:00 - 19/05/2025 19:00:00","BZN|NL","Without Sequence","106.16","",""
"19/05/2025 19:00:00 - 19/05/2025 20:00:00","BZN|NL","Without Sequence","134.88","",""
"19/05/2025 20:00:00 - 19/05/2025 21:00:00","BZN|NL","Without Sequence","193.35","",""
"19/05/2025 21:00:00 - 19/05/2025 22:00:00","BZN|NL","Without Sequence","150.00","",""
"19/05/2025 22:00:00 - 19/05/2025 23:00:00","BZN|NL","Without Sequence","117.09","",""
"19/05/2025 23:00:00 - 20/05/2025 00:00:00","BZN|NL","Without Sequence","103.10","",""
"20/05/2025 00:00:00 - 20/05/2025 01:00:00","BZN|NL","Without Sequence","109.03","",""
"20/05/2025 01:00:00 - 20/05/2025 02:00:00","BZN|NL","Without Sequence","102.12","",""
"20/05/2025 02:00:00 - 20/05/2025 03:00:00","BZN|NL","Without Sequence","97.41","",""
"20/05/2025 03:00:00 - 20/05/2025 04:00:00","BZN|NL","Without Sequence","97.10","",""
"20/05/2025 04:00:00 - 20/05/2025 05:00:00","BZN|NL","Without Sequence","96.62","",""
"20/05/2025 05:00:00 - 20/05/2025 06:00:00","BZN|NL","Without Sequence","107.90","",""
"20/05/2025 06:00:00 - 20/05/2025 07:00:00","BZN|NL","Without Sequence","139.27","",""
"20/05/2025 07:00:00 - 20/05/2025 08:00:00","BZN|NL","Without Sequence","126.00","",""
"20/05/2025 08:00:00 - 20/05/2025 09:00:00","BZN|NL","Without Sequence","108.20","",""
"20/05/2025 09:00:00 - 20/05/2025 10:00:00","BZN|NL","Without Sequence","90.51","",""
"20/05/2025 10:00:00 - 20/05/2025 11:00:00","BZN|NL","Without Sequence","57.07","",""
"20/05/2025 11:00:00 - 20/05/2025 12:00:00","BZN|NL","Without Sequence","15.95","",""
"20/05/2025 12:00:00 - 20/05/2025 13:00:00","BZN|NL","Without Sequence","0.00","",""
"20/05/2025 13:00:00 - 20/05/2025 14:00:00","BZN|NL","Without Sequence","-0.29","",""
"20/05/2025 14:00:00 - 20/05/2025 15:00:00","BZN|NL","Without Sequence","-0.52","",""
"20/05/2025 15:00:00 - 20/05/2025 16:00:00","BZN|NL","Without Sequence","6.00","",""
"20/05/2025 16:00:00 - 20/05/2025 17:00:00","BZN|NL","Without Sequence","57.52","",""
"20/05/2025 17:00:00 - 20/05/2025 18:00:00","BZN|NL","Without Sequence","87.16","",""
"20/05/2025 18:00:00 - 20/05/2025 19:00:00","BZN|NL","Without Sequence","101.19","",""
"20/05/2025 19:00:00 - 20/05/2025 20:00:00","BZN|NL","Without Sequence","128.48","",""
"20/05/2025 20:00:00 - 20/05/2025 21:00:00","BZN|NL","Without Sequence","171.83","",""
"20/05/2025 21:00:00 - 20/05/2025 22:00:00","BZN|NL","Without Sequence","137.05","",""
"20/05/2025 22:00:00 - 20/05/2025 23:00:00","BZN|NL","Without Sequence","111.76","",""
"20/05/2025 23:00:00 - 21/05/2025 00:00:00","BZN|NL","Without Sequence","98.82","",""
"21/05/2025 00:00:00 - 21/05/2025 01:00:00","BZN|NL","Without Sequence","107.93","",""
"21/05/2025 01:00:00 - 21/05/2025 02:00:00","BZN|NL","Without Sequence","102.33","",""
"21/05/2025 02:00:00 - 21/05/2025 03:00:00","BZN|NL","Without Sequence","97.90","",""
"21/05/2025 03:00:00 - 21/05/2025 04:00:00","BZN|NL","Without Sequence","94.90","",""
"21/05/2025 04:00:00 - 21/05/2025 05:00:00","BZN|NL","Without Sequence","93.70","",""
"21/05/2025 05:00:00 - 21/05/2025 06:00:00","BZN|NL","Without Sequence","95.00","",""
"21/05/2025 06:00:00 - 21/05/2025 07:00:00","BZN|NL","Without Sequence","105.54","",""
"21/05/2025 07:00:00 - 21/05/2025 08:00:00","BZN|NL","Without Sequence","113.00","",""
"21/05/2025 08:00:00 - 21/05/2025 09:00:00","BZN|NL","Without Sequence","107.82","",""
"21/05/2025 09:00:00 - 21/05/2025 10:00:00","BZN|NL","Without Sequence","84.82","",""
"21/05/2025 10:00:00 - 21/05/2025 11:00:00","BZN|NL","Without Sequence","42.22","",""
"21/05/2025 11:00:00 - 21/05/2025 12:00:00","BZN|NL","Without Sequence","0.15","",""
"21/05/2025 12:00:00 - 21/05/2025 13:00:00","BZN|NL","Without Sequence","-2.00","",""
"21/05/2025 13:00:00 - 21/05/2025 14:00:00","BZN|NL","Without Sequence","-6.00","",""
"21/05/2025 14:00:00 - 21/05/2025 15:00:00","BZN|NL","Without Sequence","-6.04","",""
"21/05/2025 15:00:00 - 21/05/2025 16:00:00","BZN|NL","Without Sequence","-3.40","",""
"21/05/2025 16:00:00 - 21/05/2025 17:00:00","BZN|NL","Without Sequence","0.00","",""
"21/05/2025 17:00:00 - 21/05/2025 18:00:00","BZN|NL","Without Sequence","49.08","",""
"21/05/2025 18:00:00 - 21/05/2025 19:00:00","BZN|NL","Without Sequence","86.32","",""
"21/05/2025 19:00:00 - 21/05/2025 20:00:00","BZN|NL","Without Sequence","100.10","",""
"21/05/2025 20:00:00 - 21/05/2025 21:00:00","BZN|NL","Without Sequence","114.35","",""
"21/05/2025 21:00:00 - 21/05/2025 22:00:00","BZN|NL","Without Sequence","130.00","",""
"21/05/2025 22:00:00 - 21/05/2025 23:00:00","BZN|NL","Without Sequence","122.27","",""
"21/05/2025 23:00:00 - 22/05/2025 00:00:00","BZN|NL","Without Sequence","114.90","",""
"22/05/2025 00:00:00 - 22/05/2025 01:00:00","BZN|NL","Without Sequence","116.70","",""
"22/05/2025 01:00:00 - 22/05/2025 02:00:00","BZN|NL","Without Sequence","108.15","",""
"22/05/2025 02:00:00 - 22/05/2025 03:00:00","BZN|NL","Without Sequence","115.00","",""
"22/05/2025 03:00:00 - 22/05/2025 04:00:00","BZN|NL","Without Sequence","99.20","",""
"22/05/2025 04:00:00 - 22/05/2025 05:00:00","BZN|NL","Without Sequence","83.34","",""
"22/05/2025 05:00:00 - 22/05/2025 06:00:00","BZN|NL","Without Sequence","90.00","",""
"22/05/2025 06:00:00 - 22/05/2025 07:00:00","BZN|NL","Without Sequence","100.00","",""
"22/05/2025 07:00:00 - 22/05/2025 08:00:00","BZN|NL","Without Sequence","106.01","",""
"22/05/2025 08:00:00 - 22/05/2025 09:00:00","BZN|NL","Without Sequence","98.16","",""
"22/05/2025 09:00:00 - 22/05/2025 10:00:00","BZN|NL","Without Sequence","54.54","",""
"22/05/2025 10:00:00 - 22/05/2025 11:00:00","BZN|NL","Without Sequence","-2.00","",""
"22/05/2025 11:00:00 - 22/05/2025 12:00:00","BZN|NL","Without Sequence","-3.00","",""
"22/05/2025 12:00:00 - 22/05/2025 13:00:00","BZN|NL","Without Sequence","-7.01","",""
"22/05/2025 13:00:00 - 22/05/2025 14:00:00","BZN|NL","Without Sequence","-14.00","",""
"22/05/2025 14:00:00 - 22/05/2025 15:00:00","BZN|NL","Without Sequence","-17.50","",""
"22/05/2025 15:00:00 - 22/05/2025 16:00:00","BZN|NL","Without Sequence","-10.90","",""
"22/05/2025 16:00:00 - 22/05/2025 17:00:00","BZN|NL","Without Sequence","-2.99","",""
"22/05/2025 17:00:00 - 22/05/2025 18:00:00","BZN|NL","Without Sequence","-0.75","",""
"22/05/2025 18:00:00 - 22/05/2025 19:00:00","BZN|NL","Without Sequence","45.66","",""
"22/05/2025 19:00:00 - 22/05/2025 20:00:00","BZN|NL","Without Sequence","97.32","",""
"22/05/2025 20:00:00 - 22/05/2025 21:00:00","BZN|NL","Without Sequence","115.72","",""
"22/05/2025 21:00:00 - 22/05/2025 22:00:00","BZN|NL","Without Sequence","127.25","",""
"22/05/2025 22:00:00 - 22/05/2025 23:00:00","BZN|NL","Without Sequence","124.20","",""
"22/05/2025 23:00:00 - 23/05/2025 00:00:00","BZN|NL","Without Sequence","108.52","",""
"23/05/2025 00:00:00 - 23/05/2025 01:00:00","BZN|NL","Without Sequence","90.15","",""
"23/05/2025 01:00:00 - 23/05/2025 02:00:00","BZN|NL","Without Sequence","93.16","",""
"23/05/2025 02:00:00 - 23/05/2025 03:00:00","BZN|NL","Without Sequence","87.12","",""
"23/05/2025 03:00:00 - 23/05/2025 04:00:00","BZN|NL","Without Sequence","86.53","",""
"23/05/2025 04:00:00 - 23/05/2025 05:00:00","BZN|NL","Without Sequence","83.00","",""
"23/05/2025 05:00:00 - 23/05/2025 06:00:00","BZN|NL","Without Sequence","95.89","",""
"23/05/2025 06:00:00 - 23/05/2025 07:00:00","BZN|NL","Without Sequence","115.49","",""
"23/05/2025 07:00:00 - 23/05/2025 08:00:00","BZN|NL","Without Sequence","120.91","",""
"23/05/2025 08:00:00 - 23/05/2025 09:00:00","BZN|NL","Without Sequence","103.48","",""
"23/05/2025 09:00:00 - 23/05/2025 10:00:00","BZN|NL","Without Sequence","76.79","",""
"23/05/2025 10:00:00 - 23/05/2025 11:00:00","BZN|NL","Without Sequence","61.96","",""
"23/05/2025 11:00:00 - 23/05/2025 12:00:00","BZN|NL","Without Sequence","47.45","",""
"23/05/2025 12:00:00 - 23/05/2025 13:00:00","BZN|NL","Without Sequence","13.03","",""
"23/05/2025 13:00:00 - 23/05/2025 14:00:00","BZN|NL","Without Sequence","-0.01","",""
"23/05/2025 14:00:00 - 23/05/2025 15:00:00","BZN|NL","Without Sequence","-0.86","",""
"23/05/2025 15:00:00 - 23/05/2025 16:00:00","BZN|NL","Without Sequence","-1.05","",""
"23/05/2025 16:00:00 - 23/05/2025 17:00:00","BZN|NL","Without Sequence","20.86","",""
"23/05/2025 17:00:00 - 23/05/2025 18:00:00","BZN|NL","Without Sequence","62.86","",""
"23/05/2025 18:00:00 - 23/05/2025 19:00:00","BZN|NL","Without Sequence","87.70","",""
"23/05/2025 19:00:00 - 23/05/2025 20:00:00","BZN|NL","Without Sequence","107.60","",""
"23/05/2025 20:00:00 - 23/05/2025 21:00:00","BZN|NL","Without Sequence","119.80","",""
"23/05/2025 21:00:00 - 23/05/2025 22:00:00","BZN|NL","Without Sequence","131.50","",""
"23/05/2025 22:00:00 - 23/05/2025 23:00:00","BZN|NL","Without Sequence","123.43","",""
"23/05/2025 23:00:00 - 24/05/2025 00:00:00","BZN|NL","Without Sequence","102.87","",""
"24/05/2025 00:00:00 - 24/05/2025 01:00:00","BZN|NL","Without Sequence","97.60","",""
"24/05/2025 01:00:00 - 24/05/2025 02:00:00","BZN|NL","Without Sequence","94.76","",""
"24/05/2025 02:00:00 - 24/05/2025 03:00:00","BZN|NL","Without Sequence","88.74","",""
"24/05/2025 03:00:00 - 24/05/2025 04:00:00","BZN|NL","Without Sequence","82.60","",""
"24/05/2025 04:00:00 - 24/05/2025 05:00:00","BZN|NL","Without Sequence","76.43","",""
"24/05/2025 05:00:00 - 24/05/2025 06:00:00","BZN|NL","Without Sequence","71.79","",""
"24/05/2025 06:00:00 - 24/05/2025 07:00:00","BZN|NL","Without Sequence","71.70","",""
"24/05/2025 07:00:00 - 24/05/2025 08:00:00","BZN|NL","Without Sequence","69.18","",""
"24/05/2025 08:00:00 - 24/05/2025 09:00:00","BZN|NL","Without Sequence","53.45","",""
"24/05/2025 09:00:00 - 24/05/2025 10:00:00","BZN|NL","Without Sequence","12.26","",""
"24/05/2025 10:00:00 - 24/05/2025 11:00:00","BZN|NL","Without Sequence","-0.01","",""
"24/05/2025 11:00:00 - 24/05/2025 12:00:00","BZN|NL","Without Sequence","-0.09","",""
"24/05/2025 12:00:00 - 24/05/2025 13:00:00","BZN|NL","Without Sequence","-0.12","",""
"24/05/2025 13:00:00 - 24/05/2025 14:00:00","BZN|NL","Without Sequence","-0.16","",""
"24/05/2025 14:00:00 - 24/05/2025 15:00:00","BZN|NL","Without Sequence","0.23","",""
"24/05/2025 15:00:00 - 24/05/2025 16:00:00","BZN|NL","Without Sequence","5.97","",""
"24/05/2025 16:00:00 - 24/05/2025 17:00:00","BZN|NL","Without Sequence","20.00","",""
"24/05/2025 17:00:00 - 24/05/2025 18:00:00","BZN|NL","Without Sequence","66.00","",""
"24/05/2025 18:00:00 - 24/05/2025 19:00:00","BZN|NL","Without Sequence","88.00","",""
"24/05/2025 19:00:00 - 24/05/2025 20:00:00","BZN|NL","Without Sequence","106.42","",""
"24/05/2025 20:00:00 - 24/05/2025 21:00:00","BZN|NL","Without Sequence","104.35","",""
"24/05/2025 21:00:00 - 24/05/2025 22:00:00","BZN|NL","Without Sequence","102.22","",""
"24/05/2025 22:00:00 - 24/05/2025 23:00:00","BZN|NL","Without Sequence","89.09","",""
"24/05/2025 23:00:00 - 25/05/2025 00:00:00","BZN|NL","Without Sequence","73.22","",""
"25/05/2025 00:00:00 - 25/05/2025 01:00:00","BZN|NL","Without Sequence","20.21","",""
"25/05/2025 01:00:00 - 25/05/2025 02:00:00","BZN|NL","Without Sequence","20.84","",""
"25/05/2025 02:00:00 - 25/05/2025 03:00:00","BZN|NL","Without Sequence","14.10","",""
"25/05/2025 03:00:00 - 25/05/2025 04:00:00","BZN|NL","Without Sequence","8.38","",""
"25/05/2025 04:00:00 - 25/05/2025 05:00:00","BZN|NL","Without Sequence","3.90","",""
"25/05/2025 05:00:00 - 25/05/2025 06:00:00","BZN|NL","Without Sequence","2.04","",""
"25/05/2025 06:00:00 - 25/05/2025 07:00:00","BZN|NL","Without Sequence","0.99","",""
"25/05/2025 07:00:00 - 25/05/2025 08:00:00","BZN|NL","Without Sequence","1.03","",""
"25/05/2025 08:00:00 - 25/05/2025 09:00:00","BZN|NL","Without Sequence","0.03","",""
"25/05/2025 09:00:00 - 25/05/2025 10:00:00","BZN|NL","Without Sequence","-0.16","",""
"25/05/2025 10:00:00 - 25/05/2025 11:00:00","BZN|NL","Without Sequence","-2.00","",""
"25/05/2025 11:00:00 - 25/05/2025 12:00:00","BZN|NL","Without Sequence","-9.13","",""
"25/05/2025 12:00:00 - 25/05/2025 13:00:00","BZN|NL","Without Sequence","-17.09","",""
"25/05/2025 13:00:00 - 25/05/2025 14:00:00","BZN|NL","Without Sequence","-30.00","",""
"25/05/2025 14:00:00 - 25/05/2025 15:00:00","BZN|NL","Without Sequence","-31.80","",""
"25/05/2025 15:00:00 - 25/05/2025 16:00:00","BZN|NL","Without Sequence","-25.75","",""
"25/05/2025 16:00:00 - 25/05/2025 17:00:00","BZN|NL","Without Sequence","-11.97","",""
"25/05/2025 17:00:00 - 25/05/2025 18:00:00","BZN|NL","Without Sequence","-0.07","",""
"25/05/2025 18:00:00 - 25/05/2025 19:00:00","BZN|NL","Without Sequence","9.29","",""
"25/05/2025 19:00:00 - 25/05/2025 20:00:00","BZN|NL","Without Sequence","82.96","",""
"25/05/2025 20:00:00 - 25/05/2025 21:00:00","BZN|NL","Without Sequence","100.00","",""
"25/05/2025 21:00:00 - 25/05/2025 22:00:00","BZN|NL","Without Sequence","115.00","",""
"25/05/2025 22:00:00 - 25/05/2025 23:00:00","BZN|NL","Without Sequence","102.23","",""
"25/05/2025 23:00:00 - 26/05/2025 00:00:00","BZN|NL","Without Sequence","92.92","",""
"26/05/2025 00:00:00 - 26/05/2025 01:00:00","BZN|NL","Without Sequence","82.97","",""
"26/05/2025 01:00:00 - 26/05/2025 02:00:00","BZN|NL","Without Sequence","74.74","",""
"26/05/2025 02:00:00 - 26/05/2025 03:00:00","BZN|NL","Without Sequence","65.10","",""
"26/05/2025 03:00:00 - 26/05/2025 04:00:00","BZN|NL","Without Sequence","63.50","",""
"26/05/2025 04:00:00 - 26/05/2025 05:00:00","BZN|NL","Without Sequence","67.98","",""
"26/05/2025 05:00:00 - 26/05/2025 06:00:00","BZN|NL","Without Sequence","76.00","",""
"26/05/2025 06:00:00 - 26/05/2025 07:00:00","BZN|NL","Without Sequence","104.47","",""
"26/05/2025 07:00:00 - 26/05/2025 08:00:00","BZN|NL","Without Sequence","134.18","",""
"26/05/2025 08:00:00 - 26/05/2025 09:00:00","BZN|NL","Without Sequence","113.22","",""
"26/05/2025 09:00:00 - 26/05/2025 10:00:00","BZN|NL","Without Sequence","76.59","",""
"26/05/2025 10:00:00 - 26/05/2025 11:00:00","BZN|NL","Without Sequence","2.20","",""
"26/05/2025 11:00:00 - 26/05/2025 12:00:00","BZN|NL","Without Sequence","-0.81","",""
"26/05/2025 12:00:00 - 26/05/2025 13:00:00","BZN|NL","Without Sequence","-3.00","",""
"26/05/2025 13:00:00 - 26/05/2025 14:00:00","BZN|NL","Without Sequence","-3.00","",""
"26/05/2025 14:00:00 - 26/05/2025 15:00:00","BZN|NL","Without Sequence","-2.14","",""
"26/05/2025 15:00:00 - 26/05/2025 16:00:00","BZN|NL","Without Sequence","-3.00","",""
"26/05/2025 16:00:00 - 26/05/2025 17:00:00","BZN|NL","Without Sequence","-2.00","",""
"26/05/2025 17:00:00 - 26/05/2025 18:00:00","BZN|NL","Without Sequence","15.10","",""
"26/05/2025 18:00:00 - 26/05/2025 19:00:00","BZN|NL","Without Sequence","86.00","",""
"26/05/2025 19:00:00 - 26/05/2025 20:00:00","BZN|NL","Without Sequence","106.05","",""
"26/05/2025 20:00:00 - 26/05/2025 21:00:00","BZN|NL","Without Sequence","150.00","",""
"26/05/2025 21:00:00 - 26/05/2025 22:00:00","BZN|NL","Without Sequence","148.07","",""
"26/05/2025 22:00:00 - 26/05/2025 23:00:00","BZN|NL","Without Sequence","112.00","",""
"26/05/2025 23:00:00 - 27/05/2025 00:00:00","BZN|NL","Without Sequence","90.68","",""
"27/05/2025 00:00:00 - 27/05/2025 01:00:00","BZN|NL","Without Sequence","76.77","",""
"27/05/2025 01:00:00 - 27/05/2025 02:00:00","BZN|NL","Without Sequence","65.69","",""
"27/05/2025 02:00:00 - 27/05/2025 03:00:00","BZN|NL","Without Sequence","44.90","",""
"27/05/2025 03:00:00 - 27/05/2025 04:00:00","BZN|NL","Without Sequence","20.00","",""
"27/05/2025 04:00:00 - 27/05/2025 05:00:00","BZN|NL","Without Sequence","16.40","",""
"27/05/2025 05:00:00 - 27/05/2025 06:00:00","BZN|NL","Without Sequence","45.50","",""
"27/05/2025 06:00:00 - 27/05/2025 07:00:00","BZN|NL","Without Sequence","51.40","",""
"27/05/2025 07:00:00 - 27/05/2025 08:00:00","BZN|NL","Without Sequence","65.23","",""
"27/05/2025 08:00:00 - 27/05/2025 09:00:00","BZN|NL","Without Sequence","65.77","",""
"27/05/2025 09:00:00 - 27/05/2025 10:00:00","BZN|NL","Without Sequence","50.17","",""
"27/05/2025 10:00:00 - 27/05/2025 11:00:00","BZN|NL","Without Sequence","4.26","",""
"27/05/2025 11:00:00 - 27/05/2025 12:00:00","BZN|NL","Without Sequence","2.94","",""
"27/05/2025 12:00:00 - 27/05/2025 13:00:00","BZN|NL","Without Sequence","0.02","",""
"27/05/2025 13:00:00 - 27/05/2025 14:00:00","BZN|NL","Without Sequence","-0.08","",""
"27/05/2025 14:00:00 - 27/05/2025 15:00:00","BZN|NL","Without Sequence","-0.19","",""
"27/05/2025 15:00:00 - 27/05/2025 16:00:00","BZN|NL","Without Sequence","2.19","",""
"27/05/2025 16:00:00 - 27/05/2025 17:00:00","BZN|NL","Without Sequence","49.15","",""
"27/05/2025 17:00:00 - 27/05/2025 18:00:00","BZN|NL","Without Sequence","99.18","",""
"27/05/2025 18:00:00 - 27/05/2025 19:00:00","BZN|NL","Without Sequence","107.50","",""
"27/05/2025 19:00:00 - 27/05/2025 20:00:00","BZN|NL","Without Sequence","119.10","",""
"27/05/2025 20:00:00 - 27/05/2025 21:00:00","BZN|NL","Without Sequence","141.14","",""
"27/05/2025 21:00:00 - 27/05/2025 22:00:00","BZN|NL","Without Sequence","111.80","",""
"27/05/2025 22:00:00 - 27/05/2025 23:00:00","BZN|NL","Without Sequence","100.59","",""
"27/05/2025 23:00:00 - 28/05/2025 00:00:00","BZN|NL","Without Sequence","82.16","",""
"28/05/2025 00:00:00 - 28/05/2025 01:00:00","BZN|NL","Without Sequence","70.28","",""
"28/05/2025 01:00:00 - 28/05/2025 02:00:00","BZN|NL","Without Sequence","61.54","",""
"28/05/2025 02:00:00 - 28/05/2025 03:00:00","BZN|NL","Without Sequence","60.25","",""
"28/05/2025 03:00:00 - 28/05/2025 04:00:00","BZN|NL","Without Sequence","53.54","",""
"28/05/2025 04:00:00 - 28/05/2025 05:00:00","BZN|NL","Without Sequence","57.39","",""
"28/05/2025 05:00:00 - 28/05/2025 06:00:00","BZN|NL","Without Sequence","65.21","",""
"28/05/2025 06:00:00 - 28/05/2025 07:00:00","BZN|NL","Without Sequence","85.97","",""
"28/05/2025 07:00:00 - 28/05/2025 08:00:00","BZN|NL","Without Sequence","102.72","",""
"28/05/2025 08:00:00 - 28/05/2025 09:00:00","BZN|NL","Without Sequence","128.00","",""
"28/05/2025 09:00:00 - 28/05/2025 10:00:00","BZN|NL","Without Sequence","100.00","",""
"28/05/2025 10:00:00 - 28/05/2025 11:00:00","BZN|NL","Without Sequence","69.78","",""
"28/05/2025 11:00:00 - 28/05/2025 12:00:00","BZN|NL","Without Sequence","61.23","",""
"28/05/2025 12:00:00 - 28/05/2025 13:00:00","BZN|NL","Without Sequence","56.19","",""
"28/05/2025 13:00:00 - 28/05/2025 14:00:00","BZN|NL","Without Sequence","49.74","",""
"28/05/2025 14:00:00 - 28/05/2025 15:00:00","BZN|NL","Without Sequence","45.71","",""
"28/05/2025 15:00:00 - 28/05/2025 16:00:00","BZN|NL","Without Sequence","36.73","",""
"28/05/2025 16:00:00 - 28/05/2025 17:00:00","BZN|NL","Without Sequence","57.90","",""
"28/05/2025 17:00:00 - 28/05/2025 18:00:00","BZN|NL","Without Sequence","74.14","",""
"28/05/2025 18:00:00 - 28/05/2025 19:00:00","BZN|NL","Without Sequence","94.99","",""
"28/05/2025 19:00:00 - 28/05/2025 20:00:00","BZN|NL","Without Sequence","117.36","",""
"28/05/2025 20:00:00 - 28/05/2025 21:00:00","BZN|NL","Without Sequence","127.56","",""
"28/05/2025 21:00:00 - 28/05/2025 22:00:00","BZN|NL","Without Sequence","166.83","",""
"28/05/2025 22:00:00 - 28/05/2025 23:00:00","BZN|NL","Without Sequence","138.86","",""
"28/05/2025 23:00:00 - 29/05/2025 00:00:00","BZN|NL","Without Sequence","104.90","",""
"29/05/2025 00:00:00 - 29/05/2025 01:00:00","BZN|NL","Without Sequence","112.24","",""
"29/05/2025 01:00:00 - 29/05/2025 02:00:00","BZN|NL","Without Sequence","108.80","",""
"29/05/2025 02:00:00 - 29/05/2025 03:00:00","BZN|NL","Without Sequence","102.10","",""
"29/05/2025 03:00:00 - 29/05/2025 04:00:00","BZN|NL","Without Sequence","101.64","",""
"29/05/2025 04:00:00 - 29/05/2025 05:00:00","BZN|NL","Without Sequence","102.51","",""
"29/05/2025 05:00:00 - 29/05/2025 06:00:00","BZN|NL","Without Sequence","99.80","",""
"29/05/2025 06:00:00 - 29/05/2025 07:00:00","BZN|NL","Without Sequence","98.18","",""
"29/05/2025 07:00:00 - 29/05/2025 08:00:00","BZN|NL","Without Sequence","93.82","",""
"29/05/2025 08:00:00 - 29/05/2025 09:00:00","BZN|NL","Without Sequence","90.17","",""
"29/05/2025 09:00:00 - 29/05/2025 10:00:00","BZN|NL","Without Sequence","73.45","",""
"29/05/2025 10:00:00 - 29/05/2025 11:00:00","BZN|NL","Without Sequence","28.13","",""
"29/05/2025 11:00:00 - 29/05/2025 12:00:00","BZN|NL","Without Sequence","2.33","",""
"29/05/2025 12:00:00 - 29/05/2025 13:00:00","BZN|NL","Without Sequence","0.00","",""
"29/05/2025 13:00:00 - 29/05/2025 14:00:00","BZN|NL","Without Sequence","-2.00","",""
"29/05/2025 14:00:00 - 29/05/2025 15:00:00","BZN|NL","Without Sequence","-2.00","",""
"29/05/2025 15:00:00 - 29/05/2025 16:00:00","BZN|NL","Without Sequence","-2.76","",""
"29/05/2025 16:00:00 - 29/05/2025 17:00:00","BZN|NL","Without Sequence","-1.59","",""
"29/05/2025 17:00:00 - 29/05/2025 18:00:00","BZN|NL","Without Sequence","20.00","",""
"29/05/2025 18:00:00 - 29/05/2025 19:00:00","BZN|NL","Without Sequence","59.62","",""
"29/05/2025 19:00:00 - 29/05/2025 20:00:00","BZN|NL","Without Sequence","73.51","",""
"29/05/2025 20:00:00 - 29/05/2025 21:00:00","BZN|NL","Without Sequence","75.20","",""
"29/05/2025 21:00:00 - 29/05/2025 22:00:00","BZN|NL","Without Sequence","73.40","",""
"29/05/2025 22:00:00 - 29/05/2025 23:00:00","BZN|NL","Without Sequence","76.30","",""
"29/05/2025 23:00:00 - 30/05/2025 00:00:00","BZN|NL","Without Sequence","57.00","",""
"30/05/2025 00:00:00 - 30/05/2025 01:00:00","BZN|NL","Without Sequence","44.90","",""
"30/05/2025 01:00:00 - 30/05/2025 02:00:00","BZN|NL","Without Sequence","27.46","",""
"30/05/2025 02:00:00 - 30/05/2025 03:00:00","BZN|NL","Without Sequence","33.48","",""
"30/05/2025 03:00:00 - 30/05/2025 04:00:00","BZN|NL","Without Sequence","33.95","",""
"30/05/2025 04:00:00 - 30/05/2025 05:00:00","BZN|NL","Without Sequence","37.39","",""
"30/05/2025 05:00:00 - 30/05/2025 06:00:00","BZN|NL","Without Sequence","55.08","",""
"30/05/2025 06:00:00 - 30/05/2025 07:00:00","BZN|NL","Without Sequence","67.73","",""
"30/05/2025 07:00:00 - 30/05/2025 08:00:00","BZN|NL","Without Sequence","68.38","",""
"30/05/2025 08:00:00 - 30/05/2025 09:00:00","BZN|NL","Without Sequence","53.01","",""
"30/05/2025 09:00:00 - 30/05/2025 10:00:00","BZN|NL","Without Sequence","29.13","",""
"30/05/2025 10:00:00 - 30/05/2025 11:00:00","BZN|NL","Without Sequence","1.83","",""
"30/05/2025 11:00:00 - 30/05/2025 12:00:00","BZN|NL","Without Sequence","-0.05","",""
"30/05/2025 12:00:00 - 30/05/2025 13:00:00","BZN|NL","Without Sequence","-0.71","",""
"30/05/2025 13:00:00 - 30/05/2025 14:00:00","BZN|NL","Without Sequence","-2.82","",""
"30/05/2025 14:00:00 - 30/05/2025 15:00:00","BZN|NL","Without Sequence","-3.19","",""
"30/05/2025 15:00:00 - 30/05/2025 16:00:00","BZN|NL","Without Sequence","-1.72","",""
"30/05/2025 16:00:00 - 30/05/2025 17:00:00","BZN|NL","Without Sequence","-0.03","",""
"30/05/2025 17:00:00 - 30/05/2025 18:00:00","BZN|NL","Without Sequence","7.00","",""
"30/05/2025 18:00:00 - 30/05/2025 19:00:00","BZN|NL","Without Sequence","70.04","",""
"30/05/2025 19:00:00 - 30/05/2025 20:00:00","BZN|NL","Without Sequence","110.00","",""
"30/05/2025 20:00:00 - 30/05/2025 21:00:00","BZN|NL","Without Sequence","135.27","",""
"30/05/2025 21:00:00 - 30/05/2025 22:00:00","BZN|NL","Without Sequence","150.18","",""
"30/05/2025 22:00:00 - 30/05/2025 23:00:00","BZN|NL","Without Sequence","130.19","",""
"30/05/2025 23:00:00 - 31/05/2025 00:00:00","BZN|NL","Without Sequence","108.15","",""
"31/05/2025 00:00:00 - 31/05/2025 01:00:00","BZN|NL","Without Sequence","107.00","",""
"31/05/2025 01:00:00 - 31/05/2025 02:00:00","BZN|NL","Without Sequence","97.70","",""
"31/05/2025 02:00:00 - 31/05/2025 03:00:00","BZN|NL","Without Sequence","94.81","",""
"31/05/2025 03:00:00 - 31/05/2025 04:00:00","BZN|NL","Without Sequence","93.63","",""
"31/05/2025 04:00:00 - 31/05/2025 05:00:00","BZN|NL","Without Sequence","94.13","",""
"31/05/2025 05:00:00 - 31/05/2025 06:00:00","BZN|NL","Without Sequence","92.58","",""
"31/05/2025 06:00:00 - 31/05/2025 07:00:00","BZN|NL","Without Sequence","94.79","",""
"31/05/2025 07:00:00 - 31/05/2025 08:00:00","BZN|NL","Without Sequence","85.80","",""
"31/05/2025 08:00:00 - 31/05/2025 09:00:00","BZN|NL","Without Sequence","53.81","",""
"31/05/2025 09:00:00 - 31/05/2025 10:00:00","BZN|NL","Without Sequence","1.00","",""
"31/05/2025 10:00:00 - 31/05/2025 11:00:00","BZN|NL","Without Sequence","-0.02","",""
"31/05/2025 11:00:00 - 31/05/2025 12:00:00","BZN|NL","Without Sequence","-1.00","",""
"31/05/2025 12:00:00 - 31/05/2025 13:00:00","BZN|NL","Without Sequence","-3.07","",""
"31/05/2025 13:00:00 - 31/05/2025 14:00:00","BZN|NL","Without Sequence","-13.17","",""
"31/05/2025 14:00:00 - 31/05/2025 15:00:00","BZN|NL","Without Sequence","-7.75","",""
"31/05/2025 15:00:00 - 31/05/2025 16:00:00","BZN|NL","Without Sequence","-3.00","",""
"31/05/2025 16:00:00 - 31/05/2025 17:00:00","BZN|NL","Without Sequence","-0.05","",""
"31/05/2025 17:00:00 - 31/05/2025 18:00:00","BZN|NL","Without Sequence","36.50","",""
"31/05/2025 18:00:00 - 31/05/2025 19:00:00","BZN|NL","Without Sequence","88.85","",""
"31/05/2025 19:00:00 - 31/05/2025 20:00:00","BZN|NL","Without Sequence","131.41","",""
"31/05/2025 20:00:00 - 31/05/2025 21:00:00","BZN|NL","Without Sequence","192.35","",""
"31/05/2025 21:00:00 - 31/05/2025 22:00:00","BZN|NL","Without Sequence","192.37","",""
"31/05/2025 22:00:00 - 31/05/2025 23:00:00","BZN|NL","Without Sequence","135.76","",""
"31/05/2025 23:00:00 - 01/06/2025 00:00:00","BZN|NL","Without Sequence","99.79","",""
"01/06/2025 00:00:00 - 01/06/2025 01:00:00","BZN|NL","Without Sequence","98.40","",""
"01/06/2025 01:00:00 - 01/06/2025 02:00:00","BZN|NL","Without Sequence","85.22","",""
"01/06/2025 02:00:00 - 01/06/2025 03:00:00","BZN|NL","Without Sequence","86.56","",""
"01/06/2025 03:00:00 - 01/06/2025 04:00:00","BZN|NL","Without Sequence","80.60","",""
"01/06/2025 04:00:00 - 01/06/2025 05:00:00","BZN|NL","Without Sequence","78.53","",""
"01/06/2025 05:00:00 - 01/06/2025 06:00:00","BZN|NL","Without Sequence","70.66","",""
"01/06/2025 06:00:00 - 01/06/2025 07:00:00","BZN|NL","Without Sequence","37.45","",""
"01/06/2025 07:00:00 - 01/06/2025 08:00:00","BZN|NL","Without Sequence","13.00","",""
"01/06/2025 08:00:00 - 01/06/2025 09:00:00","BZN|NL","Without Sequence","2.40","",""
"01/06/2025 09:00:00 - 01/06/2025 10:00:00","BZN|NL","Without Sequence","-0.01","",""
"01/06/2025 10:00:00 - 01/06/2025 11:00:00","BZN|NL","Without Sequence","-0.60","",""
"01/06/2025 11:00:00 - 01/06/2025 12:00:00","BZN|NL","Without Sequence","-2.11","",""
"01/06/2025 12:00:00 - 01/06/2025 13:00:00","BZN|NL","Without Sequence","-5.48","",""
"01/06/2025 13:00:00 - 01/06/2025 14:00:00","BZN|NL","Without Sequence","-12.93","",""
"01/06/2025 14:00:00 - 01/06/2025 15:00:00","BZN|NL","Without Sequence","-20.41","",""
"01/06/2025 15:00:00 - 01/06/2025 16:00:00","BZN|NL","Without Sequence","-15.61","",""
"01/06/2025 16:00:00 - 01/06/2025 17:00:00","BZN|NL","Without Sequence","-6.00","",""
"01/06/2025 17:00:00 - 01/06/2025 18:00:00","BZN|NL","Without Sequence","-0.91","",""
"01/06/2025 18:00:00 - 01/06/2025 19:00:00","BZN|NL","Without Sequence","17.00","",""
"01/06/2025 19:00:00 - 01/06/2025 20:00:00","BZN|NL","Without Sequence","71.81","",""
"01/06/2025 20:00:00 - 01/06/2025 21:00:00","BZN|NL","Without Sequence","89.66","",""
"01/06/2025 21:00:00 - 01/06/2025 22:00:00","BZN|NL","Without Sequence","114.90","",""
"01/06/2025 22:00:00 - 01/06/2025 23:00:00","BZN|NL","Without Sequence","101.98","",""
"01/06/2025 23:00:00 - 02/06/2025 00:00:00","BZN|NL","Without Sequence","83.54","",""
"02/06/2025 00:00:00 - 02/06/2025 01:00:00","BZN|NL","Without Sequence","75.30","",""
"02/06/2025 01:00:00 - 02/06/2025 02:00:00","BZN|NL","Without Sequence","70.00","",""
"02/06/2025 02:00:00 - 02/06/2025 03:00:00","BZN|NL","Without Sequence","71.65","",""
"02/06/2025 03:00:00 - 02/06/2025 04:00:00","BZN|NL","Without Sequence","73.71","",""
"02/06/2025 04:00:00 - 02/06/2025 05:00:00","BZN|NL","Without Sequence","76.60","",""
"02/06/2025 05:00:00 - 02/06/2025 06:00:00","BZN|NL","Without Sequence","82.57","",""
"02/06/2025 06:00:00 - 02/06/2025 07:00:00","BZN|NL","Without Sequence","105.10","",""
"02/06/2025 07:00:00 - 02/06/2025 08:00:00","BZN|NL","Without Sequence","123.86","",""
"02/06/2025 08:00:00 - 02/06/2025 09:00:00","BZN|NL","Without Sequence","105.40","",""
"02/06/2025 09:00:00 - 02/06/2025 10:00:00","BZN|NL","Without Sequence","82.56","",""
"02/06/2025 10:00:00 - 02/06/2025 11:00:00","BZN|NL","Without Sequence","54.19","",""
"02/06/2025 11:00:00 - 02/06/2025 12:00:00","BZN|NL","Without Sequence","33.21","",""
"02/06/2025 12:00:00 - 02/06/2025 13:00:00","BZN|NL","Without Sequence","20.00","",""
"02/06/2025 13:00:00 - 02/06/2025 14:00:00","BZN|NL","Without Sequence","12.78","",""
"02/06/2025 14:00:00 - 02/06/2025 15:00:00","BZN|NL","Without Sequence","11.00","",""
"02/06/2025 15:00:00 - 02/06/2025 16:00:00","BZN|NL","Without Sequence","19.75","",""
"02/06/2025 16:00:00 - 02/06/2025 17:00:00","BZN|NL","Without Sequence","48.31","",""
"02/06/2025 17:00:00 - 02/06/2025 18:00:00","BZN|NL","Without Sequence","71.98","",""
"02/06/2025 18:00:00 - 02/06/2025 19:00:00","BZN|NL","Without Sequence","86.78","",""
"02/06/2025 19:00:00 - 02/06/2025 20:00:00","BZN|NL","Without Sequence","109.66","",""
"02/06/2025 20:00:00 - 02/06/2025 21:00:00","BZN|NL","Without Sequence","189.36","",""
"02/06/2025 21:00:00 - 02/06/2025 22:00:00","BZN|NL","Without Sequence","239.26","",""
"02/06/2025 22:00:00 - 02/06/2025 23:00:00","BZN|NL","Without Sequence","143.11","",""
"02/06/2025 23:00:00 - 03/06/2025 00:00:00","BZN|NL","Without Sequence","106.36","",""
"03/06/2025 00:00:00 - 03/06/2025 01:00:00","BZN|NL","Without Sequence","100.73","",""
"03/06/2025 01:00:00 - 03/06/2025 02:00:00","BZN|NL","Without Sequence","96.00","",""
"03/06/2025 02:00:00 - 03/06/2025 03:00:00","BZN|NL","Without Sequence","94.03","",""
"03/06/2025 03:00:00 - 03/06/2025 04:00:00","BZN|NL","Without Sequence","85.44","",""
"03/06/2025 04:00:00 - 03/06/2025 05:00:00","BZN|NL","Without Sequence","81.58","",""
"03/06/2025 05:00:00 - 03/06/2025 06:00:00","BZN|NL","Without Sequence","91.83","",""
"03/06/2025 06:00:00 - 03/06/2025 07:00:00","BZN|NL","Without Sequence","112.33","",""
"03/06/2025 07:00:00 - 03/06/2025 08:00:00","BZN|NL","Without Sequence","101.21","",""
"03/06/2025 08:00:00 - 03/06/2025 09:00:00","BZN|NL","Without Sequence","77.40","",""
"03/06/2025 09:00:00 - 03/06/2025 10:00:00","BZN|NL","Without Sequence","32.20","",""
"03/06/2025 10:00:00 - 03/06/2025 11:00:00","BZN|NL","Without Sequence","0.00","",""
"03/06/2025 11:00:00 - 03/06/2025 12:00:00","BZN|NL","Without Sequence","-2.00","",""
"03/06/2025 12:00:00 - 03/06/2025 13:00:00","BZN|NL","Without Sequence","-2.00","",""
"03/06/2025 13:00:00 - 03/06/2025 14:00:00","BZN|NL","Without Sequence","-3.00","",""
"03/06/2025 14:00:00 - 03/06/2025 15:00:00","BZN|NL","Without Sequence","-10.00","",""
"03/06/2025 15:00:00 - 03/06/2025 16:00:00","BZN|NL","Without Sequence","-5.00","",""
"03/06/2025 16:00:00 - 03/06/2025 17:00:00","BZN|NL","Without Sequence","-2.00","",""
"03/06/2025 17:00:00 - 03/06/2025 18:00:00","BZN|NL","Without Sequence","0.10","",""
"03/06/2025 18:00:00 - 03/06/2025 19:00:00","BZN|NL","Without Sequence","69.90","",""
"03/06/2025 19:00:00 - 03/06/2025 20:00:00","BZN|NL","Without Sequence","94.91","",""
"03/06/2025 20:00:00 - 03/06/2025 21:00:00","BZN|NL","Without Sequence","123.79","",""
"03/06/2025 21:00:00 - 03/06/2025 22:00:00","BZN|NL","Without Sequence","105.61","",""
"03/06/2025 22:00:00 - 03/06/2025 23:00:00","BZN|NL","Without Sequence","103.98","",""
"03/06/2025 23:00:00 - 04/06/2025 00:00:00","BZN|NL","Without Sequence","93.37","",""
"04/06/2025 00:00:00 - 04/06/2025 01:00:00","BZN|NL","Without Sequence","71.27","",""
"04/06/2025 01:00:00 - 04/06/2025 02:00:00","BZN|NL","Without Sequence","62.77","",""
"04/06/2025 02:00:00 - 04/06/2025 03:00:00","BZN|NL","Without Sequence","60.93","",""
"04/06/2025 03:00:00 - 04/06/2025 04:00:00","BZN|NL","Without Sequence","61.32","",""
"04/06/2025 04:00:00 - 04/06/2025 05:00:00","BZN|NL","Without Sequence","64.11","",""
"04/06/2025 05:00:00 - 04/06/2025 06:00:00","BZN|NL","Without Sequence","75.17","",""
"04/06/2025 06:00:00 - 04/06/2025 07:00:00","BZN|NL","Without Sequence","108.32","",""
"04/06/2025 07:00:00 - 04/06/2025 08:00:00","BZN|NL","Without Sequence","115.78","",""
"04/06/2025 08:00:00 - 04/06/2025 09:00:00","BZN|NL","Without Sequence","112.40","",""
"04/06/2025 09:00:00 - 04/06/2025 10:00:00","BZN|NL","Without Sequence","102.95","",""
"04/06/2025 10:00:00 - 04/06/2025 11:00:00","BZN|NL","Without Sequence","70.68","",""
"04/06/2025 11:00:00 - 04/06/2025 12:00:00","BZN|NL","Without Sequence","45.00","",""
"04/06/2025 12:00:00 - 04/06/2025 13:00:00","BZN|NL","Without Sequence","19.96","",""
"04/06/2025 13:00:00 - 04/06/2025 14:00:00","BZN|NL","Without Sequence","9.69","",""
"04/06/2025 14:00:00 - 04/06/2025 15:00:00","BZN|NL","Without Sequence","16.00","",""
"04/06/2025 15:00:00 - 04/06/2025 16:00:00","BZN|NL","Without Sequence","34.61","",""
"04/06/2025 16:00:00 - 04/06/2025 17:00:00","BZN|NL","Without Sequence","46.91","",""
"04/06/2025 17:00:00 - 04/06/2025 18:00:00","BZN|NL","Without Sequence","73.10","",""
"04/06/2025 18:00:00 - 04/06/2025 19:00:00","BZN|NL","Without Sequence","95.00","",""
"04/06/2025 19:00:00 - 04/06/2025 20:00:00","BZN|NL","Without Sequence","108.00","",""
"04/06/2025 20:00:00 - 04/06/2025 21:00:00","BZN|NL","Without Sequence","137.57","",""
"04/06/2025 21:00:00 - 04/06/2025 22:00:00","BZN|NL","Without Sequence","136.00","",""
"04/06/2025 22:00:00 - 04/06/2025 23:00:00","BZN|NL","Without Sequence","117.89","",""
"04/06/2025 23:00:00 - 05/06/2025 00:00:00","BZN|NL","Without Sequence","100.52","",""
"05/06/2025 00:00:00 - 05/06/2025 01:00:00","BZN|NL","Without Sequence","95.82","",""
"05/06/2025 01:00:00 - 05/06/2025 02:00:00","BZN|NL","Without Sequence","85.97","",""
"05/06/2025 02:00:00 - 05/06/2025 03:00:00","BZN|NL","Without Sequence","80.48","",""
"05/06/2025 03:00:00 - 05/06/2025 04:00:00","BZN|NL","Without Sequence","79.79","",""
"05/06/2025 04:00:00 - 05/06/2025 05:00:00","BZN|NL","Without Sequence","80.57","",""
"05/06/2025 05:00:00 - 05/06/2025 06:00:00","BZN|NL","Without Sequence","81.00","",""
"05/06/2025 06:00:00 - 05/06/2025 07:00:00","BZN|NL","Without Sequence","113.78","",""
"05/06/2025 07:00:00 - 05/06/2025 08:00:00","BZN|NL","Without Sequence","116.85","",""
"05/06/2025 08:00:00 - 05/06/2025 09:00:00","BZN|NL","Without Sequence","112.78","",""
"05/06/2025 09:00:00 - 05/06/2025 10:00:00","BZN|NL","Without Sequence","92.20","",""
"05/06/2025 10:00:00 - 05/06/2025 11:00:00","BZN|NL","Without Sequence","65.01","",""
"05/06/2025 11:00:00 - 05/06/2025 12:00:00","BZN|NL","Without Sequence","45.03","",""
"05/06/2025 12:00:00 - 05/06/2025 13:00:00","BZN|NL","Without Sequence","21.15","",""
"05/06/2025 13:00:00 - 05/06/2025 14:00:00","BZN|NL","Without Sequence","11.03","",""
"05/06/2025 14:00:00 - 05/06/2025 15:00:00","BZN|NL","Without Sequence","7.60","",""
"05/06/2025 15:00:00 - 05/06/2025 16:00:00","BZN|NL","Without Sequence","19.87","",""
"05/06/2025 16:00:00 - 05/06/2025 17:00:00","BZN|NL","Without Sequence","57.50","",""
"05/06/2025 17:00:00 - 05/06/2025 18:00:00","BZN|NL","Without Sequence","72.98","",""
"05/06/2025 18:00:00 - 05/06/2025 19:00:00","BZN|NL","Without Sequence","94.44","",""
"05/06/2025 19:00:00 - 05/06/2025 20:00:00","BZN|NL","Without Sequence","107.13","",""
"05/06/2025 20:00:00 - 05/06/2025 21:00:00","BZN|NL","Without Sequence","126.20","",""
"05/06/2025 21:00:00 - 05/06/2025 22:00:00","BZN|NL","Without Sequence","120.37","",""
"05/06/2025 22:00:00 - 05/06/2025 23:00:00","BZN|NL","Without Sequence","103.39","",""
"05/06/2025 23:00:00 - 06/06/2025 00:00:00","BZN|NL","Without Sequence","81.90","",""
"06/06/2025 00:00:00 - 06/06/2025 01:00:00","BZN|NL","Without Sequence","70.21","",""
"06/06/2025 01:00:00 - 06/06/2025 02:00:00","BZN|NL","Without Sequence","58.35","",""
"06/06/2025 02:00:00 - 06/06/2025 03:00:00","BZN|NL","Without Sequence","59.90","",""
"06/06/2025 03:00:00 - 06/06/2025 04:00:00","BZN|NL","Without Sequence","55.27","",""
"06/06/2025 04:00:00 - 06/06/2025 05:00:00","BZN|NL","Without Sequence","48.14","",""
"06/06/2025 05:00:00 - 06/06/2025 06:00:00","BZN|NL","Without Sequence","54.48","",""
"06/06/2025 06:00:00 - 06/06/2025 07:00:00","BZN|NL","Without Sequence","64.19","",""
"06/06/2025 07:00:00 - 06/06/2025 08:00:00","BZN|NL","Without Sequence","68.97","",""
"06/06/2025 08:00:00 - 06/06/2025 09:00:00","BZN|NL","Without Sequence","56.56","",""
"06/06/2025 09:00:00 - 06/06/2025 10:00:00","BZN|NL","Without Sequence","4.07","",""
"06/06/2025 10:00:00 - 06/06/2025 11:00:00","BZN|NL","Without Sequence","-0.01","",""
"06/06/2025 11:00:00 - 06/06/2025 12:00:00","BZN|NL","Without Sequence","-0.20","",""
"06/06/2025 12:00:00 - 06/06/2025 13:00:00","BZN|NL","Without Sequence","-2.00","",""
"06/06/2025 13:00:00 - 06/06/2025 14:00:00","BZN|NL","Without Sequence","-3.94","",""
"06/06/2025 14:00:00 - 06/06/2025 15:00:00","BZN|NL","Without Sequence","-4.20","",""
"06/06/2025 15:00:00 - 06/06/2025 16:00:00","BZN|NL","Without Sequence","-3.69","",""
"06/06/2025 16:00:00 - 06/06/2025 17:00:00","BZN|NL","Without Sequence","-0.03","",""
"06/06/2025 17:00:00 - 06/06/2025 18:00:00","BZN|NL","Without Sequence","1.00","",""
"06/06/2025 18:00:00 - 06/06/2025 19:00:00","BZN|NL","Without Sequence","46.29","",""
"06/06/2025 19:00:00 - 06/06/2025 20:00:00","BZN|NL","Without Sequence","82.76","",""
"06/06/2025 20:00:00 - 06/06/2025 21:00:00","BZN|NL","Without Sequence","111.05","",""
"06/06/2025 21:00:00 - 06/06/2025 22:00:00","BZN|NL","Without Sequence","129.29","",""
"06/06/2025 22:00:00 - 06/06/2025 23:00:00","BZN|NL","Without Sequence","127.72","",""
"06/06/2025 23:00:00 - 07/06/2025 00:00:00","BZN|NL","Without Sequence","103.41","",""
"07/06/2025 00:00:00 - 07/06/2025 01:00:00","BZN|NL","Without Sequence","100.46","",""
"07/06/2025 01:00:00 - 07/06/2025 02:00:00","BZN|NL","Without Sequence","94.60","",""
"07/06/2025 02:00:00 - 07/06/2025 03:00:00","BZN|NL","Without Sequence","87.66","",""
"07/06/2025 03:00:00 - 07/06/2025 04:00:00","BZN|NL","Without Sequence","94.00","",""
"07/06/2025 04:00:00 - 07/06/2025 05:00:00","BZN|NL","Without Sequence","94.75","",""
"07/06/2025 05:00:00 - 07/06/2025 06:00:00","BZN|NL","Without Sequence","94.49","",""
"07/06/2025 06:00:00 - 07/06/2025 07:00:00","BZN|NL","Without Sequence","95.00","",""
"07/06/2025 07:00:00 - 07/06/2025 08:00:00","BZN|NL","Without Sequence","98.69","",""
"07/06/2025 08:00:00 - 07/06/2025 09:00:00","BZN|NL","Without Sequence","90.41","",""
"07/06/2025 09:00:00 - 07/06/2025 10:00:00","BZN|NL","Without Sequence","75.25","",""
"07/06/2025 10:00:00 - 07/06/2025 11:00:00","BZN|NL","Without Sequence","34.05","",""
"07/06/2025 11:00:00 - 07/06/2025 12:00:00","BZN|NL","Without Sequence","9.44","",""
"07/06/2025 12:00:00 - 07/06/2025 13:00:00","BZN|NL","Without Sequence","1.19","",""
"07/06/2025 13:00:00 - 07/06/2025 14:00:00","BZN|NL","Without Sequence","-0.01","",""
"07/06/2025 14:00:00 - 07/06/2025 15:00:00","BZN|NL","Without Sequence","-0.02","",""
"07/06/2025 15:00:00 - 07/06/2025 16:00:00","BZN|NL","Without Sequence","-0.02","",""
"07/06/2025 16:00:00 - 07/06/2025 17:00:00","BZN|NL","Without Sequence","-0.61","",""
"07/06/2025 17:00:00 - 07/06/2025 18:00:00","BZN|NL","Without Sequence","23.24","",""
"07/06/2025 18:00:00 - 07/06/2025 19:00:00","BZN|NL","Without Sequence","65.04","",""
"07/06/2025 19:00:00 - 07/06/2025 20:00:00","BZN|NL","Without Sequence","82.00","",""
"07/06/2025 20:00:00 - 07/06/2025 21:00:00","BZN|NL","Without Sequence","126.53","",""
"07/06/2025 21:00:00 - 07/06/2025 22:00:00","BZN|NL","Without Sequence","128.00","",""
"07/06/2025 22:00:00 - 07/06/2025 23:00:00","BZN|NL","Without Sequence","111.56","",""
"07/06/2025 23:00:00 - 08/06/2025 00:00:00","BZN|NL","Without Sequence","82.00","",""
"08/06/2025 00:00:00 - 08/06/2025 01:00:00","BZN|NL","Without Sequence","95.02","",""
"08/06/2025 01:00:00 - 08/06/2025 02:00:00","BZN|NL","Without Sequence","81.82","",""
"08/06/2025 02:00:00 - 08/06/2025 03:00:00","BZN|NL","Without Sequence","73.87","",""
"08/06/2025 03:00:00 - 08/06/2025 04:00:00","BZN|NL","Without Sequence","63.39","",""
"08/06/2025 04:00:00 - 08/06/2025 05:00:00","BZN|NL","Without Sequence","57.17","",""
"08/06/2025 05:00:00 - 08/06/2025 06:00:00","BZN|NL","Without Sequence","47.32","",""
"08/06/2025 06:00:00 - 08/06/2025 07:00:00","BZN|NL","Without Sequence","33.07","",""
"08/06/2025 07:00:00 - 08/06/2025 08:00:00","BZN|NL","Without Sequence","3.09","",""
"08/06/2025 08:00:00 - 08/06/2025 09:00:00","BZN|NL","Without Sequence","0.00","",""
"08/06/2025 09:00:00 - 08/06/2025 10:00:00","BZN|NL","Without Sequence","-0.50","",""
"08/06/2025 10:00:00 - 08/06/2025 11:00:00","BZN|NL","Without Sequence","-2.00","",""
"08/06/2025 11:00:00 - 08/06/2025 12:00:00","BZN|NL","Without Sequence","-8.10","",""
"08/06/2025 12:00:00 - 08/06/2025 13:00:00","BZN|NL","Without Sequence","-19.85","",""
"08/06/2025 13:00:00 - 08/06/2025 14:00:00","BZN|NL","Without Sequence","-39.92","",""
"08/06/2025 14:00:00 - 08/06/2025 15:00:00","BZN|NL","Without Sequence","-52.83","",""
"08/06/2025 15:00:00 - 08/06/2025 16:00:00","BZN|NL","Without Sequence","-52.99","",""
"08/06/2025 16:00:00 - 08/06/2025 17:00:00","BZN|NL","Without Sequence","-35.97","",""
"08/06/2025 17:00:00 - 08/06/2025 18:00:00","BZN|NL","Without Sequence","-14.06","",""
"08/06/2025 18:00:00 - 08/06/2025 19:00:00","BZN|NL","Without Sequence","0.01","",""
"08/06/2025 19:00:00 - 08/06/2025 20:00:00","BZN|NL","Without Sequence","39.99","",""
"08/06/2025 20:00:00 - 08/06/2025 21:00:00","BZN|NL","Without Sequence","82.70","",""
"08/06/2025 21:00:00 - 08/06/2025 22:00:00","BZN|NL","Without Sequence","94.68","",""
"08/06/2025 22:00:00 - 08/06/2025 23:00:00","BZN|NL","Without Sequence","130.13","",""
"08/06/2025 23:00:00 - 09/06/2025 00:00:00","BZN|NL","Without Sequence","113.40","",""
"09/06/2025 00:00:00 - 09/06/2025 01:00:00","BZN|NL","Without Sequence","110.91","",""
"09/06/2025 01:00:00 - 09/06/2025 02:00:00","BZN|NL","Without Sequence","86.00","",""
"09/06/2025 02:00:00 - 09/06/2025 03:00:00","BZN|NL","Without Sequence","65.00","",""
"09/06/2025 03:00:00 - 09/06/2025 04:00:00","BZN|NL","Without Sequence","60.90","",""
"09/06/2025 04:00:00 - 09/06/2025 05:00:00","BZN|NL","Without Sequence","69.90","",""
"09/06/2025 05:00:00 - 09/06/2025 06:00:00","BZN|NL","Without Sequence","70.00","",""
"09/06/2025 06:00:00 - 09/06/2025 07:00:00","BZN|NL","Without Sequence","59.82","",""
"09/06/2025 07:00:00 - 09/06/2025 08:00:00","BZN|NL","Without Sequence","54.78","",""
"09/06/2025 08:00:00 - 09/06/2025 09:00:00","BZN|NL","Without Sequence","5.13","",""
"09/06/2025 09:00:00 - 09/06/2025 10:00:00","BZN|NL","Without Sequence","0.00","",""
"09/06/2025 10:00:00 - 09/06/2025 11:00:00","BZN|NL","Without Sequence","-0.97","",""
"09/06/2025 11:00:00 - 09/06/2025 12:00:00","BZN|NL","Without Sequence","-3.40","",""
"09/06/2025 12:00:00 - 09/06/2025 13:00:00","BZN|NL","Without Sequence","-9.03","",""
"09/06/2025 13:00:00 - 09/06/2025 14:00:00","BZN|NL","Without Sequence","-18.45","",""
"09/06/2025 14:00:00 - 09/06/2025 15:00:00","BZN|NL","Without Sequence","-15.66","",""
"09/06/2025 15:00:00 - 09/06/2025 16:00:00","BZN|NL","Without Sequence","-4.16","",""
"09/06/2025 16:00:00 - 09/06/2025 17:00:00","BZN|NL","Without Sequence","-0.85","",""
"09/06/2025 17:00:00 - 09/06/2025 18:00:00","BZN|NL","Without Sequence","2.16","",""
"09/06/2025 18:00:00 - 09/06/2025 19:00:00","BZN|NL","Without Sequence","65.85","",""
"09/06/2025 19:00:00 - 09/06/2025 20:00:00","BZN|NL","Without Sequence","111.28","",""
"09/06/2025 20:00:00 - 09/06/2025 21:00:00","BZN|NL","Without Sequence","134.27","",""
"09/06/2025 21:00:00 - 09/06/2025 22:00:00","BZN|NL","Without Sequence","146.69","",""
"09/06/2025 22:00:00 - 09/06/2025 23:00:00","BZN|NL","Without Sequence","130.00","",""
"09/06/2025 23:00:00 - 10/06/2025 00:00:00","BZN|NL","Without Sequence","96.12","",""
"10/06/2025 00:00:00 - 10/06/2025 01:00:00","BZN|NL","Without Sequence","82.96","",""
"10/06/2025 01:00:00 - 10/06/2025 02:00:00","BZN|NL","Without Sequence","74.70","",""
"10/06/2025 02:00:00 - 10/06/2025 03:00:00","BZN|NL","Without Sequence","67.80","",""
"10/06/2025 03:00:00 - 10/06/2025 04:00:00","BZN|NL","Without Sequence","57.71","",""
"10/06/2025 04:00:00 - 10/06/2025 05:00:00","BZN|NL","Without Sequence","51.92","",""
"10/06/2025 05:00:00 - 10/06/2025 06:00:00","BZN|NL","Without Sequence","56.04","",""
"10/06/2025 06:00:00 - 10/06/2025 07:00:00","BZN|NL","Without Sequence","67.71","",""
"10/06/2025 07:00:00 - 10/06/2025 08:00:00","BZN|NL","Without Sequence","80.22","",""
"10/06/2025 08:00:00 - 10/06/2025 09:00:00","BZN|NL","Without Sequence","80.00","",""
"10/06/2025 09:00:00 - 10/06/2025 10:00:00","BZN|NL","Without Sequence","65.09","",""
"10/06/2025 10:00:00 - 10/06/2025 11:00:00","BZN|NL","Without Sequence","21.25","",""
"10/06/2025 11:00:00 - 10/06/2025 12:00:00","BZN|NL","Without Sequence","13.80","",""
"10/06/2025 12:00:00 - 10/06/2025 13:00:00","BZN|NL","Without Sequence","0.10","",""
"10/06/2025 13:00:00 - 10/06/2025 14:00:00","BZN|NL","Without Sequence","5.05","",""
"10/06/2025 14:00:00 - 10/06/2025 15:00:00","BZN|NL","Without Sequence","5.00","",""
"10/06/2025 15:00:00 - 10/06/2025 16:00:00","BZN|NL","Without Sequence","0.99","",""
"10/06/2025 16:00:00 - 10/06/2025 17:00:00","BZN|NL","Without Sequence","10.00","",""
"10/06/2025 17:00:00 - 10/06/2025 18:00:00","BZN|NL","Without Sequence","59.66","",""
"10/06/2025 18:00:00 - 10/06/2025 19:00:00","BZN|NL","Without Sequence","87.18","",""
"10/06/2025 19:00:00 - 10/06/2025 20:00:00","BZN|NL","Without Sequence","102.43","",""
"10/06/2025 20:00:00 - 10/06/2025 21:00:00","BZN|NL","Without Sequence","113.33","",""
"10/06/2025 21:00:00 - 10/06/2025 22:00:00","BZN|NL","Without Sequence","123.30","",""
"10/06/2025 22:00:00 - 10/06/2025 23:00:00","BZN|NL","Without Sequence","113.37","",""
"10/06/2025 23:00:00 - 11/06/2025 00:00:00","BZN|NL","Without Sequence","104.95","",""
"11/06/2025 00:00:00 - 11/06/2025 01:00:00","BZN|NL","Without Sequence","114.31","",""
"11/06/2025 01:00:00 - 11/06/2025 02:00:00","BZN|NL","Without Sequence","92.00","",""
"11/06/2025 02:00:00 - 11/06/2025 03:00:00","BZN|NL","Without Sequence","83.75","",""
"11/06/2025 03:00:00 - 11/06/2025 04:00:00","BZN|NL","Without Sequence","95.00","",""
"11/06/2025 04:00:00 - 11/06/2025 05:00:00","BZN|NL","Without Sequence","86.00","",""
"11/06/2025 05:00:00 - 11/06/2025 06:00:00","BZN|NL","Without Sequence","90.00","",""
"11/06/2025 06:00:00 - 11/06/2025 07:00:00","BZN|NL","Without Sequence","112.19","",""
"11/06/2025 07:00:00 - 11/06/2025 08:00:00","BZN|NL","Without Sequence","120.20","",""
"11/06/2025 08:00:00 - 11/06/2025 09:00:00","BZN|NL","Without Sequence","100.00","",""
"11/06/2025 09:00:00 - 11/06/2025 10:00:00","BZN|NL","Without Sequence","85.39","",""
"11/06/2025 10:00:00 - 11/06/2025 11:00:00","BZN|NL","Without Sequence","31.91","",""
"11/06/2025 11:00:00 - 11/06/2025 12:00:00","BZN|NL","Without Sequence","1.20","",""
"11/06/2025 12:00:00 - 11/06/2025 13:00:00","BZN|NL","Without Sequence","-0.20","",""
"11/06/2025 13:00:00 - 11/06/2025 14:00:00","BZN|NL","Without Sequence","-0.64","",""
"11/06/2025 14:00:00 - 11/06/2025 15:00:00","BZN|NL","Without Sequence","-3.00","",""
"11/06/2025 15:00:00 - 11/06/2025 16:00:00","BZN|NL","Without Sequence","-1.59","",""
"11/06/2025 16:00:00 - 11/06/2025 17:00:00","BZN|NL","Without Sequence","2.00","",""
"11/06/2025 17:00:00 - 11/06/2025 18:00:00","BZN|NL","Without Sequence","64.04","",""
"11/06/2025 18:00:00 - 11/06/2025 19:00:00","BZN|NL","Without Sequence","99.70","",""
"11/06/2025 19:00:00 - 11/06/2025 20:00:00","BZN|NL","Without Sequence","130.32","",""
"11/06/2025 20:00:00 - 11/06/2025 21:00:00","BZN|NL","Without Sequence","208.38","",""
"11/06/2025 21:00:00 - 11/06/2025 22:00:00","BZN|NL","Without Sequence","180.00","",""
"11/06/2025 22:00:00 - 11/06/2025 23:00:00","BZN|NL","Without Sequence","119.34","",""
"11/06/2025 23:00:00 - 12/06/2025 00:00:00","BZN|NL","Without Sequence","96.68","",""
"12/06/2025 00:00:00 - 12/06/2025 01:00:00","BZN|NL","Without Sequence","92.97","",""
"12/06/2025 01:00:00 - 12/06/2025 02:00:00","BZN|NL","Without Sequence","87.06","",""
"12/06/2025 02:00:00 - 12/06/2025 03:00:00","BZN|NL","Without Sequence","80.00","",""
"12/06/2025 03:00:00 - 12/06/2025 04:00:00","BZN|NL","Without Sequence","80.00","",""
"12/06/2025 04:00:00 - 12/06/2025 05:00:00","BZN|NL","Without Sequence","82.37","",""
"12/06/2025 05:00:00 - 12/06/2025 06:00:00","BZN|NL","Without Sequence","87.36","",""
"12/06/2025 06:00:00 - 12/06/2025 07:00:00","BZN|NL","Without Sequence","105.73","",""
"12/06/2025 07:00:00 - 12/06/2025 08:00:00","BZN|NL","Without Sequence","98.72","",""
"12/06/2025 08:00:00 - 12/06/2025 09:00:00","BZN|NL","Without Sequence","78.93","",""
"12/06/2025 09:00:00 - 12/06/2025 10:00:00","BZN|NL","Without Sequence","36.09","",""
"12/06/2025 10:00:00 - 12/06/2025 11:00:00","BZN|NL","Without Sequence","0.00","",""
"12/06/2025 11:00:00 - 12/06/2025 12:00:00","BZN|NL","Without Sequence","-2.00","",""
"12/06/2025 12:00:00 - 12/06/2025 13:00:00","BZN|NL","Without Sequence","-17.66","",""
"12/06/2025 13:00:00 - 12/06/2025 14:00:00","BZN|NL","Without Sequence","-30.96","",""
"12/06/2025 14:00:00 - 12/06/2025 15:00:00","BZN|NL","Without Sequence","-31.29","",""
"12/06/2025 15:00:00 - 12/06/2025 16:00:00","BZN|NL","Without Sequence","-14.00","",""
"12/06/2025 16:00:00 - 12/06/2025 17:00:00","BZN|NL","Without Sequence","-2.78","",""
"12/06/2025 17:00:00 - 12/06/2025 18:00:00","BZN|NL","Without Sequence","14.90","",""
"12/06/2025 18:00:00 - 12/06/2025 19:00:00","BZN|NL","Without Sequence","79.96","",""
"12/06/2025 19:00:00 - 12/06/2025 20:00:00","BZN|NL","Without Sequence","112.39","",""
"12/06/2025 20:00:00 - 12/06/2025 21:00:00","BZN|NL","Without Sequence","132.00","",""
"12/06/2025 21:00:00 - 12/06/2025 22:00:00","BZN|NL","Without Sequence","113.33","",""
"12/06/2025 22:00:00 - 12/06/2025 23:00:00","BZN|NL","Without Sequence","105.94","",""
"12/06/2025 23:00:00 - 13/06/2025 00:00:00","BZN|NL","Without Sequence","94.90","",""
"13/06/2025 00:00:00 - 13/06/2025 01:00:00","BZN|NL","Without Sequence","87.71","",""
"13/06/2025 01:00:00 - 13/06/2025 02:00:00","BZN|NL","Without Sequence","87.00","",""
"13/06/2025 02:00:00 - 13/06/2025 03:00:00","BZN|NL","Without Sequence","89.90","",""
"13/06/2025 03:00:00 - 13/06/2025 04:00:00","BZN|NL","Without Sequence","91.00","",""
"13/06/2025 04:00:00 - 13/06/2025 05:00:00","BZN|NL","Without Sequence","97.54","",""
"13/06/2025 05:00:00 - 13/06/2025 06:00:00","BZN|NL","Without Sequence","100.00","",""
"13/06/2025 06:00:00 - 13/06/2025 07:00:00","BZN|NL","Without Sequence","109.25","",""
"13/06/2025 07:00:00 - 13/06/2025 08:00:00","BZN|NL","Without Sequence","121.60","",""
"13/06/2025 08:00:00 - 13/06/2025 09:00:00","BZN|NL","Without Sequence","115.00","",""
"13/06/2025 09:00:00 - 13/06/2025 10:00:00","BZN|NL","Without Sequence","80.00","",""
"13/06/2025 10:00:00 - 13/06/2025 11:00:00","BZN|NL","Without Sequence","23.00","",""
"13/06/2025 11:00:00 - 13/06/2025 12:00:00","BZN|NL","Without Sequence","0.69","",""
"13/06/2025 12:00:00 - 13/06/2025 13:00:00","BZN|NL","Without Sequence","-0.08","",""
"13/06/2025 13:00:00 - 13/06/2025 14:00:00","BZN|NL","Without Sequence","-0.29","",""
"13/06/2025 14:00:00 - 13/06/2025 15:00:00","BZN|NL","Without Sequence","-1.45","",""
"13/06/2025 15:00:00 - 13/06/2025 16:00:00","BZN|NL","Without Sequence","-1.38","",""
"13/06/2025 16:00:00 - 13/06/2025 17:00:00","BZN|NL","Without Sequence","1.03","",""
"13/06/2025 17:00:00 - 13/06/2025 18:00:00","BZN|NL","Without Sequence","68.90","",""
"13/06/2025 18:00:00 - 13/06/2025 19:00:00","BZN|NL","Without Sequence","95.00","",""
"13/06/2025 19:00:00 - 13/06/2025 20:00:00","BZN|NL","Without Sequence","122.39","",""
"13/06/2025 20:00:00 - 13/06/2025 21:00:00","BZN|NL","Without Sequence","123.00","",""
"13/06/2025 21:00:00 - 13/06/2025 22:00:00","BZN|NL","Without Sequence","121.00","",""
"13/06/2025 22:00:00 - 13/06/2025 23:00:00","BZN|NL","Without Sequence","108.60","",""
"13/06/2025 23:00:00 - 14/06/2025 00:00:00","BZN|NL","Without Sequence","93.90","",""
"14/06/2025 00:00:00 - 14/06/2025 01:00:00","BZN|NL","Without Sequence","96.00","",""
"14/06/2025 01:00:00 - 14/06/2025 02:00:00","BZN|NL","Without Sequence","78.50","",""
"14/06/2025 02:00:00 - 14/06/2025 03:00:00","BZN|NL","Without Sequence","91.10","",""
"14/06/2025 03:00:00 - 14/06/2025 04:00:00","BZN|NL","Without Sequence","83.21","",""
"14/06/2025 04:00:00 - 14/06/2025 05:00:00","BZN|NL","Without Sequence","96.00","",""
"14/06/2025 05:00:00 - 14/06/2025 06:00:00","BZN|NL","Without Sequence","97.50","",""
"14/06/2025 06:00:00 - 14/06/2025 07:00:00","BZN|NL","Without Sequence","84.00","",""
"14/06/2025 07:00:00 - 14/06/2025 08:00:00","BZN|NL","Without Sequence","85.89","",""
"14/06/2025 08:00:00 - 14/06/2025 09:00:00","BZN|NL","Without Sequence","24.00","",""
"14/06/2025 09:00:00 - 14/06/2025 10:00:00","BZN|NL","Without Sequence","0.00","",""
"14/06/2025 10:00:00 - 14/06/2025 11:00:00","BZN|NL","Without Sequence","-0.81","",""
"14/06/2025 11:00:00 - 14/06/2025 12:00:00","BZN|NL","Without Sequence","-4.99","",""
"14/06/2025 12:00:00 - 14/06/2025 13:00:00","BZN|NL","Without Sequence","-14.56","",""
"14/06/2025 13:00:00 - 14/06/2025 14:00:00","BZN|NL","Without Sequence","-19.50","",""
"14/06/2025 14:00:00 - 14/06/2025 15:00:00","BZN|NL","Without Sequence","-24.37","",""
"14/06/2025 15:00:00 - 14/06/2025 16:00:00","BZN|NL","Without Sequence","-6.70","",""
"14/06/2025 16:00:00 - 14/06/2025 17:00:00","BZN|NL","Without Sequence","-0.37","",""
"14/06/2025 17:00:00 - 14/06/2025 18:00:00","BZN|NL","Without Sequence","8.86","",""
"14/06/2025 18:00:00 - 14/06/2025 19:00:00","BZN|NL","Without Sequence","72.39","",""
"14/06/2025 19:00:00 - 14/06/2025 20:00:00","BZN|NL","Without Sequence","112.82","",""
"14/06/2025 20:00:00 - 14/06/2025 21:00:00","BZN|NL","Without Sequence","121.77","",""
"14/06/2025 21:00:00 - 14/06/2025 22:00:00","BZN|NL","Without Sequence","126.80","",""
"14/06/2025 22:00:00 - 14/06/2025 23:00:00","BZN|NL","Without Sequence","120.10","",""
"14/06/2025 23:00:00 - 15/06/2025 00:00:00","BZN|NL","Without Sequence","111.21","",""
"15/06/2025 00:00:00 - 15/06/2025 01:00:00","BZN|NL","Without Sequence","97.10","",""
"15/06/2025 01:00:00 - 15/06/2025 02:00:00","BZN|NL","Without Sequence","99.40","",""
"15/06/2025 02:00:00 - 15/06/2025 03:00:00","BZN|NL","Without Sequence","95.10","",""
"15/06/2025 03:00:00 - 15/06/2025 04:00:00","BZN|NL","Without Sequence","94.86","",""
"15/06/2025 04:00:00 - 15/06/2025 05:00:00","BZN|NL","Without Sequence","94.35","",""
"15/06/2025 05:00:00 - 15/06/2025 06:00:00","BZN|NL","Without Sequence","94.38","",""
"15/06/2025 06:00:00 - 15/06/2025 07:00:00","BZN|NL","Without Sequence","89.10","",""
"15/06/2025 07:00:00 - 15/06/2025 08:00:00","BZN|NL","Without Sequence","73.00","",""
"15/06/2025 08:00:00 - 15/06/2025 09:00:00","BZN|NL","Without Sequence","53.86","",""
"15/06/2025 09:00:00 - 15/06/2025 10:00:00","BZN|NL","Without Sequence","5.55","",""
"15/06/2025 10:00:00 - 15/06/2025 11:00:00","BZN|NL","Without Sequence","0.00","",""
"15/06/2025 11:00:00 - 15/06/2025 12:00:00","BZN|NL","Without Sequence","-0.02","",""
"15/06/2025 12:00:00 - 15/06/2025 13:00:00","BZN|NL","Without Sequence","-1.24","",""
"15/06/2025 13:00:00 - 15/06/2025 14:00:00","BZN|NL","Without Sequence","-5.63","",""
"15/06/2025 14:00:00 - 15/06/2025 15:00:00","BZN|NL","Without Sequence","-5.00","",""
"15/06/2025 15:00:00 - 15/06/2025 16:00:00","BZN|NL","Without Sequence","-2.00","",""
"15/06/2025 16:00:00 - 15/06/2025 17:00:00","BZN|NL","Without Sequence","-0.01","",""
"15/06/2025 17:00:00 - 15/06/2025 18:00:00","BZN|NL","Without Sequence","45.02","",""
"15/06/2025 18:00:00 - 15/06/2025 19:00:00","BZN|NL","Without Sequence","86.67","",""
"15/06/2025 19:00:00 - 15/06/2025 20:00:00","BZN|NL","Without Sequence","101.48","",""
"15/06/2025 20:00:00 - 15/06/2025 21:00:00","BZN|NL","Without Sequence","125.00","",""
"15/06/2025 21:00:00 - 15/06/2025 22:00:00","BZN|NL","Without Sequence","140.32","",""
"15/06/2025 22:00:00 - 15/06/2025 23:00:00","BZN|NL","Without Sequence","135.62","",""
"15/06/2025 23:00:00 - 16/06/2025 00:00:00","BZN|NL","Without Sequence","106.54","",""
"16/06/2025 00:00:00 - 16/06/2025 01:00:00","BZN|NL","Without Sequence","117.10","",""
"16/06/2025 01:00:00 - 16/06/2025 02:00:00","BZN|NL","Without Sequence","97.79","",""
"16/06/2025 02:00:00 - 16/06/2025 03:00:00","BZN|NL","Without Sequence","97.57","",""
"16/06/2025 03:00:00 - 16/06/2025 04:00:00","BZN|NL","Without Sequence","84.00","",""
"16/06/2025 04:00:00 - 16/06/2025 05:00:00","BZN|NL","Without Sequence","83.21","",""
"16/06/2025 05:00:00 - 16/06/2025 06:00:00","BZN|NL","Without Sequence","99.04","",""
"16/06/2025 06:00:00 - 16/06/2025 07:00:00","BZN|NL","Without Sequence","115.57","",""
"16/06/2025 07:00:00 - 16/06/2025 08:00:00","BZN|NL","Without Sequence","125.00","",""
"16/06/2025 08:00:00 - 16/06/2025 09:00:00","BZN|NL","Without Sequence","119.24","",""
"16/06/2025 09:00:00 - 16/06/2025 10:00:00","BZN|NL","Without Sequence","95.04","",""
"16/06/2025 10:00:00 - 16/06/2025 11:00:00","BZN|NL","Without Sequence","57.11","",""
"16/06/2025 11:00:00 - 16/06/2025 12:00:00","BZN|NL","Without Sequence","13.83","",""
"16/06/2025 12:00:00 - 16/06/2025 13:00:00","BZN|NL","Without Sequence","2.11","",""
"16/06/2025 13:00:00 - 16/06/2025 14:00:00","BZN|NL","Without Sequence","0.79","",""
"16/06/2025 14:00:00 - 16/06/2025 15:00:00","BZN|NL","Without Sequence","0.70","",""
"16/06/2025 15:00:00 - 16/06/2025 16:00:00","BZN|NL","Without Sequence","1.15","",""
"16/06/2025 16:00:00 - 16/06/2025 17:00:00","BZN|NL","Without Sequence","13.61","",""
"16/06/2025 17:00:00 - 16/06/2025 18:00:00","BZN|NL","Without Sequence","69.08","",""
"16/06/2025 18:00:00 - 16/06/2025 19:00:00","BZN|NL","Without Sequence","98.70","",""
"16/06/2025 19:00:00 - 16/06/2025 20:00:00","BZN|NL","Without Sequence","117.93","",""
"16/06/2025 20:00:00 - 16/06/2025 21:00:00","BZN|NL","Without Sequence","186.10","",""
"16/06/2025 21:00:00 - 16/06/2025 22:00:00","BZN|NL","Without Sequence","190.00","",""
"16/06/2025 22:00:00 - 16/06/2025 23:00:00","BZN|NL","Without Sequence","133.67","",""
"16/06/2025 23:00:00 - 17/06/2025 00:00:00","BZN|NL","Without Sequence","112.00","",""
"17/06/2025 00:00:00 - 17/06/2025 01:00:00","BZN|NL","Without Sequence","106.00","",""
"17/06/2025 01:00:00 - 17/06/2025 02:00:00","BZN|NL","Without Sequence","101.77","",""
"17/06/2025 02:00:00 - 17/06/2025 03:00:00","BZN|NL","Without Sequence","97.12","",""
"17/06/2025 03:00:00 - 17/06/2025 04:00:00","BZN|NL","Without Sequence","95.82","",""
"17/06/2025 04:00:00 - 17/06/2025 05:00:00","BZN|NL","Without Sequence","97.33","",""
"17/06/2025 05:00:00 - 17/06/2025 06:00:00","BZN|NL","Without Sequence","103.83","",""
"17/06/2025 06:00:00 - 17/06/2025 07:00:00","BZN|NL","Without Sequence","120.90","",""
"17/06/2025 07:00:00 - 17/06/2025 08:00:00","BZN|NL","Without Sequence","108.45","",""
"17/06/2025 08:00:00 - 17/06/2025 09:00:00","BZN|NL","Without Sequence","101.00","",""
"17/06/2025 09:00:00 - 17/06/2025 10:00:00","BZN|NL","Without Sequence","86.52","",""
"17/06/2025 10:00:00 - 17/06/2025 11:00:00","BZN|NL","Without Sequence","4.38","",""
"17/06/2025 11:00:00 - 17/06/2025 12:00:00","BZN|NL","Without Sequence","-0.36","",""
"17/06/2025 12:00:00 - 17/06/2025 13:00:00","BZN|NL","Without Sequence","-0.55","",""
"17/06/2025 13:00:00 - 17/06/2025 14:00:00","BZN|NL","Without Sequence","-2.43","",""
"17/06/2025 14:00:00 - 17/06/2025 15:00:00","BZN|NL","Without Sequence","-2.74","",""
"17/06/2025 15:00:00 - 17/06/2025 16:00:00","BZN|NL","Without Sequence","-1.63","",""
"17/06/2025 16:00:00 - 17/06/2025 17:00:00","BZN|NL","Without Sequence","10.00","",""
"17/06/2025 17:00:00 - 17/06/2025 18:00:00","BZN|NL","Without Sequence","80.10","",""
"17/06/2025 18:00:00 - 17/06/2025 19:00:00","BZN|NL","Without Sequence","105.00","",""
"17/06/2025 19:00:00 - 17/06/2025 20:00:00","BZN|NL","Without Sequence","128.00","",""
"17/06/2025 20:00:00 - 17/06/2025 21:00:00","BZN|NL","Without Sequence","237.60","",""
"17/06/2025 21:00:00 - 17/06/2025 22:00:00","BZN|NL","Without Sequence","235.69","",""
"17/06/2025 22:00:00 - 17/06/2025 23:00:00","BZN|NL","Without Sequence","140.39","",""
"17/06/2025 23:00:00 - 18/06/2025 00:00:00","BZN|NL","Without Sequence","116.58","",""
"18/06/2025 00:00:00 - 18/06/2025 01:00:00","BZN|NL","Without Sequence","113.00","",""
"18/06/2025 01:00:00 - 18/06/2025 02:00:00","BZN|NL","Without Sequence","107.08","",""
"18/06/2025 02:00:00 - 18/06/2025 03:00:00","BZN|NL","Without Sequence","101.61","",""
"18/06/2025 03:00:00 - 18/06/2025 04:00:00","BZN|NL","Without Sequence","96.34","",""
"18/06/2025 04:00:00 - 18/06/2025 05:00:00","BZN|NL","Without Sequence","97.33","",""
"18/06/2025 05:00:00 - 18/06/2025 06:00:00","BZN|NL","Without Sequence","104.43","",""
"18/06/2025 06:00:00 - 18/06/2025 07:00:00","BZN|NL","Without Sequence","113.15","",""
"18/06/2025 07:00:00 - 18/06/2025 08:00:00","BZN|NL","Without Sequence","115.62","",""
"18/06/2025 08:00:00 - 18/06/2025 09:00:00","BZN|NL","Without Sequence","115.30","",""
"18/06/2025 09:00:00 - 18/06/2025 10:00:00","BZN|NL","Without Sequence","89.64","",""
"18/06/2025 10:00:00 - 18/06/2025 11:00:00","BZN|NL","Without Sequence","21.78","",""
"18/06/2025 11:00:00 - 18/06/2025 12:00:00","BZN|NL","Without Sequence","1.17","",""
"18/06/2025 12:00:00 - 18/06/2025 13:00:00","BZN|NL","Without Sequence","-0.13","",""
"18/06/2025 13:00:00 - 18/06/2025 14:00:00","BZN|NL","Without Sequence","-0.48","",""
"18/06/2025 14:00:00 - 18/06/2025 15:00:00","BZN|NL","Without Sequence","-1.04","",""
"18/06/2025 15:00:00 - 18/06/2025 16:00:00","BZN|NL","Without Sequence","-0.30","",""
"18/06/2025 16:00:00 - 18/06/2025 17:00:00","BZN|NL","Without Sequence","2.22","",""
"18/06/2025 17:00:00 - 18/06/2025 18:00:00","BZN|NL","Without Sequence","73.12","",""
"18/06/2025 18:00:00 - 18/06/2025 19:00:00","BZN|NL","Without Sequence","105.38","",""
"18/06/2025 19:00:00 - 18/06/2025 20:00:00","BZN|NL","Without Sequence","116.89","",""
"18/06/2025 20:00:00 - 18/06/2025 21:00:00","BZN|NL","Without Sequence","141.39","",""
"18/06/2025 21:00:00 - 18/06/2025 22:00:00","BZN|NL","Without Sequence","175.32","",""
"18/06/2025 22:00:00 - 18/06/2025 23:00:00","BZN|NL","Without Sequence","136.07","",""
"18/06/2025 23:00:00 - 19/06/2025 00:00:00","BZN|NL","Without Sequence","120.00","",""
"19/06/2025 00:00:00 - 19/06/2025 01:00:00","BZN|NL","Without Sequence","111.79","",""
"19/06/2025 01:00:00 - 19/06/2025 02:00:00","BZN|NL","Without Sequence","109.08","",""
"19/06/2025 02:00:00 - 19/06/2025 03:00:00","BZN|NL","Without Sequence","107.40","",""
"19/06/2025 03:00:00 - 19/06/2025 04:00:00","BZN|NL","Without Sequence","104.27","",""
"19/06/2025 04:00:00 - 19/06/2025 05:00:00","BZN|NL","Without Sequence","104.23","",""
"19/06/2025 05:00:00 - 19/06/2025 06:00:00","BZN|NL","Without Sequence","107.60","",""
"19/06/2025 06:00:00 - 19/06/2025 07:00:00","BZN|NL","Without Sequence","104.90","",""
"19/06/2025 07:00:00 - 19/06/2025 08:00:00","BZN|NL","Without Sequence","100.47","",""
"19/06/2025 08:00:00 - 19/06/2025 09:00:00","BZN|NL","Without Sequence","89.56","",""
"19/06/2025 09:00:00 - 19/06/2025 10:00:00","BZN|NL","Without Sequence","9.75","",""
"19/06/2025 10:00:00 - 19/06/2025 11:00:00","BZN|NL","Without Sequence","-0.58","",""
"19/06/2025 11:00:00 - 19/06/2025 12:00:00","BZN|NL","Without Sequence","-9.02","",""
"19/06/2025 12:00:00 - 19/06/2025 13:00:00","BZN|NL","Without Sequence","-6.02","",""
"19/06/2025 13:00:00 - 19/06/2025 14:00:00","BZN|NL","Without Sequence","-6.07","",""
"19/06/2025 14:00:00 - 19/06/2025 15:00:00","BZN|NL","Without Sequence","-5.09","",""
"19/06/2025 15:00:00 - 19/06/2025 16:00:00","BZN|NL","Without Sequence","-7.84","",""
"19/06/2025 16:00:00 - 19/06/2025 17:00:00","BZN|NL","Without Sequence","-3.12","",""
"19/06/2025 17:00:00 - 19/06/2025 18:00:00","BZN|NL","Without Sequence","6.59","",""
"19/06/2025 18:00:00 - 19/06/2025 19:00:00","BZN|NL","Without Sequence","84.41","",""
"19/06/2025 19:00:00 - 19/06/2025 20:00:00","BZN|NL","Without Sequence","118.78","",""
"19/06/2025 20:00:00 - 19/06/2025 21:00:00","BZN|NL","Without Sequence","141.56","",""
"19/06/2025 21:00:00 - 19/06/2025 22:00:00","BZN|NL","Without Sequence","146.97","",""
"19/06/2025 22:00:00 - 19/06/2025 23:00:00","BZN|NL","Without Sequence","130.80","",""
"19/06/2025 23:00:00 - 20/06/2025 00:00:00","BZN|NL","Without Sequence","110.00","",""
"20/06/2025 00:00:00 - 20/06/2025 01:00:00","BZN|NL","Without Sequence","109.01","",""
"20/06/2025 01:00:00 - 20/06/2025 02:00:00","BZN|NL","Without Sequence","104.57","",""
"20/06/2025 02:00:00 - 20/06/2025 03:00:00","BZN|NL","Without Sequence","100.56","",""
"20/06/2025 03:00:00 - 20/06/2025 04:00:00","BZN|NL","Without Sequence","104.00","",""
"20/06/2025 04:00:00 - 20/06/2025 05:00:00","BZN|NL","Without Sequence","99.48","",""
"20/06/2025 05:00:00 - 20/06/2025 06:00:00","BZN|NL","Without Sequence","109.04","",""
"20/06/2025 06:00:00 - 20/06/2025 07:00:00","BZN|NL","Without Sequence","120.90","",""
"20/06/2025 07:00:00 - 20/06/2025 08:00:00","BZN|NL","Without Sequence","118.66","",""
"20/06/2025 08:00:00 - 20/06/2025 09:00:00","BZN|NL","Without Sequence","111.00","",""
"20/06/2025 09:00:00 - 20/06/2025 10:00:00","BZN|NL","Without Sequence","81.69","",""
"20/06/2025 10:00:00 - 20/06/2025 11:00:00","BZN|NL","Without Sequence","21.44","",""
"20/06/2025 11:00:00 - 20/06/2025 12:00:00","BZN|NL","Without Sequence","5.99","",""
"20/06/2025 12:00:00 - 20/06/2025 13:00:00","BZN|NL","Without Sequence","1.88","",""
"20/06/2025 13:00:00 - 20/06/2025 14:00:00","BZN|NL","Without Sequence","-0.51","",""
"20/06/2025 14:00:00 - 20/06/2025 15:00:00","BZN|NL","Without Sequence","-0.08","",""
"20/06/2025 15:00:00 - 20/06/2025 16:00:00","BZN|NL","Without Sequence","0.78","",""
"20/06/2025 16:00:00 - 20/06/2025 17:00:00","BZN|NL","Without Sequence","29.61","",""
"20/06/2025 17:00:00 - 20/06/2025 18:00:00","BZN|NL","Without Sequence","87.73","",""
"20/06/2025 18:00:00 - 20/06/2025 19:00:00","BZN|NL","Without Sequence","111.23","",""
"20/06/2025 19:00:00 - 20/06/2025 20:00:00","BZN|NL","Without Sequence","135.40","",""
"20/06/2025 20:00:00 - 20/06/2025 21:00:00","BZN|NL","Without Sequence","194.78","",""
"20/06/2025 21:00:00 - 20/06/2025 22:00:00","BZN|NL","Without Sequence","178.63","",""
"20/06/2025 22:00:00 - 20/06/2025 23:00:00","BZN|NL","Without Sequence","137.05","",""
"20/06/2025 23:00:00 - 21/06/2025 00:00:00","BZN|NL","Without Sequence","121.38","",""
"21/06/2025 00:00:00 - 21/06/2025 01:00:00","BZN|NL","Without Sequence","118.52","",""
"21/06/2025 01:00:00 - 21/06/2025 02:00:00","BZN|NL","Without Sequence","110.48","",""
"21/06/2025 02:00:00 - 21/06/2025 03:00:00","BZN|NL","Without Sequence","108.15","",""
"21/06/2025 03:00:00 - 21/06/2025 04:00:00","BZN|NL","Without Sequence","106.30","",""
"21/06/2025 04:00:00 - 21/06/2025 05:00:00","BZN|NL","Without Sequence","110.00","",""
"21/06/2025 05:00:00 - 21/06/2025 06:00:00","BZN|NL","Without Sequence","104.94","",""
"21/06/2025 06:00:00 - 21/06/2025 07:00:00","BZN|NL","Without Sequence","100.75","",""
"21/06/2025 07:00:00 - 21/06/2025 08:00:00","BZN|NL","Without Sequence","90.74","",""
"21/06/2025 08:00:00 - 21/06/2025 09:00:00","BZN|NL","Without Sequence","75.93","",""
"21/06/2025 09:00:00 - 21/06/2025 10:00:00","BZN|NL","Without Sequence","23.40","",""
"21/06/2025 10:00:00 - 21/06/2025 11:00:00","BZN|NL","Without Sequence","0.49","",""
"21/06/2025 11:00:00 - 21/06/2025 12:00:00","BZN|NL","Without Sequence","-2.01","",""
"21/06/2025 12:00:00 - 21/06/2025 13:00:00","BZN|NL","Without Sequence","-12.40","",""
"21/06/2025 13:00:00 - 21/06/2025 14:00:00","BZN|NL","Without Sequence","-26.06","",""
"21/06/2025 14:00:00 - 21/06/2025 15:00:00","BZN|NL","Without Sequence","-27.78","",""
"21/06/2025 15:00:00 - 21/06/2025 16:00:00","BZN|NL","Without Sequence","-3.00","",""
"21/06/2025 16:00:00 - 21/06/2025 17:00:00","BZN|NL","Without Sequence","0.09","",""
"21/06/2025 17:00:00 - 21/06/2025 18:00:00","BZN|NL","Without Sequence","60.20","",""
"21/06/2025 18:00:00 - 21/06/2025 19:00:00","BZN|NL","Without Sequence","100.89","",""
"21/06/2025 19:00:00 - 21/06/2025 20:00:00","BZN|NL","Without Sequence","127.90","",""
"21/06/2025 20:00:00 - 21/06/2025 21:00:00","BZN|NL","Without Sequence","156.74","",""
"21/06/2025 21:00:00 - 21/06/2025 22:00:00","BZN|NL","Without Sequence","165.85","",""
"21/06/2025 22:00:00 - 21/06/2025 23:00:00","BZN|NL","Without Sequence","141.04","",""
"21/06/2025 23:00:00 - 22/06/2025 00:00:00","BZN|NL","Without Sequence","119.32","",""
"22/06/2025 00:00:00 - 22/06/2025 01:00:00","BZN|NL","Without Sequence","106.90","",""
"22/06/2025 01:00:00 - 22/06/2025 02:00:00","BZN|NL","Without Sequence","101.07","",""
"22/06/2025 02:00:00 - 22/06/2025 03:00:00","BZN|NL","Without Sequence","99.00","",""
"22/06/2025 03:00:00 - 22/06/2025 04:00:00","BZN|NL","Without Sequence","90.58","",""
"22/06/2025 04:00:00 - 22/06/2025 05:00:00","BZN|NL","Without Sequence","87.82","",""
"22/06/2025 05:00:00 - 22/06/2025 06:00:00","BZN|NL","Without Sequence","80.08","",""
"22/06/2025 06:00:00 - 22/06/2025 07:00:00","BZN|NL","Without Sequence","67.56","",""
"22/06/2025 07:00:00 - 22/06/2025 08:00:00","BZN|NL","Without Sequence","26.44","",""
"22/06/2025 08:00:00 - 22/06/2025 09:00:00","BZN|NL","Without Sequence","0.00","",""
"22/06/2025 09:00:00 - 22/06/2025 10:00:00","BZN|NL","Without Sequence","-0.09","",""
"22/06/2025 10:00:00 - 22/06/2025 11:00:00","BZN|NL","Without Sequence","-11.11","",""
"22/06/2025 11:00:00 - 22/06/2025 12:00:00","BZN|NL","Without Sequence","-18.72","",""
"22/06/2025 12:00:00 - 22/06/2025 13:00:00","BZN|NL","Without Sequence","-6.00","",""
"22/06/2025 13:00:00 - 22/06/2025 14:00:00","BZN|NL","Without Sequence","-6.05","",""
"22/06/2025 14:00:00 - 22/06/2025 15:00:00","BZN|NL","Without Sequence","-9.73","",""
"22/06/2025 15:00:00 - 22/06/2025 16:00:00","BZN|NL","Without Sequence","-6.78","",""
"22/06/2025 16:00:00 - 22/06/2025 17:00:00","BZN|NL","Without Sequence","-7.56","",""
"22/06/2025 17:00:00 - 22/06/2025 18:00:00","BZN|NL","Without Sequence","-0.10","",""
"22/06/2025 18:00:00 - 22/06/2025 19:00:00","BZN|NL","Without Sequence","59.38","",""
"22/06/2025 19:00:00 - 22/06/2025 20:00:00","BZN|NL","Without Sequence","102.80","",""
"22/06/2025 20:00:00 - 22/06/2025 21:00:00","BZN|NL","Without Sequence","121.77","",""
"22/06/2025 21:00:00 - 22/06/2025 22:00:00","BZN|NL","Without Sequence","131.98","",""
"22/06/2025 22:00:00 - 22/06/2025 23:00:00","BZN|NL","Without Sequence","124.25","",""
"22/06/2025 23:00:00 - 23/06/2025 00:00:00","BZN|NL","Without Sequence","101.63","",""
"23/06/2025 00:00:00 - 23/06/2025 01:00:00","BZN|NL","Without Sequence","66.02","",""
"23/06/2025 01:00:00 - 23/06/2025 02:00:00","BZN|NL","Without Sequence","58.02","",""
"23/06/2025 02:00:00 - 23/06/2025 03:00:00","BZN|NL","Without Sequence","56.77","",""
"23/06/2025 03:00:00 - 23/06/2025 04:00:00","BZN|NL","Without Sequence","56.81","",""
"23/06/2025 04:00:00 - 23/06/2025 05:00:00","BZN|NL","Without Sequence","63.60","",""
"23/06/2025 05:00:00 - 23/06/2025 06:00:00","BZN|NL","Without Sequence","73.78","",""
"23/06/2025 06:00:00 - 23/06/2025 07:00:00","BZN|NL","Without Sequence","80.74","",""
"23/06/2025 07:00:00 - 23/06/2025 08:00:00","BZN|NL","Without Sequence","83.63","",""
"23/06/2025 08:00:00 - 23/06/2025 09:00:00","BZN|NL","Without Sequence","73.20","",""
"23/06/2025 09:00:00 - 23/06/2025 10:00:00","BZN|NL","Without Sequence","18.64","",""
"23/06/2025 10:00:00 - 23/06/2025 11:00:00","BZN|NL","Without Sequence","0.51","",""
"23/06/2025 11:00:00 - 23/06/2025 12:00:00","BZN|NL","Without Sequence","-4.48","",""
"23/06/2025 12:00:00 - 23/06/2025 13:00:00","BZN|NL","Without Sequence","-9.90","",""
"23/06/2025 13:00:00 - 23/06/2025 14:00:00","BZN|NL","Without Sequence","-20.35","",""
"23/06/2025 14:00:00 - 23/06/2025 15:00:00","BZN|NL","Without Sequence","-30.00","",""
"23/06/2025 15:00:00 - 23/06/2025 16:00:00","BZN|NL","Without Sequence","-32.69","",""
"23/06/2025 16:00:00 - 23/06/2025 17:00:00","BZN|NL","Without Sequence","-23.00","",""
"23/06/2025 17:00:00 - 23/06/2025 18:00:00","BZN|NL","Without Sequence","-9.90","",""
"23/06/2025 18:00:00 - 23/06/2025 19:00:00","BZN|NL","Without Sequence","3.79","",""
"23/06/2025 19:00:00 - 23/06/2025 20:00:00","BZN|NL","Without Sequence","55.07","",""
"23/06/2025 20:00:00 - 23/06/2025 21:00:00","BZN|NL","Without Sequence","100.00","",""
"23/06/2025 21:00:00 - 23/06/2025 22:00:00","BZN|NL","Without Sequence","111.00","",""
"23/06/2025 22:00:00 - 23/06/2025 23:00:00","BZN|NL","Without Sequence","127.00","",""
"23/06/2025 23:00:00 - 24/06/2025 00:00:00","BZN|NL","Without Sequence","103.87","",""
"24/06/2025 00:00:00 - 24/06/2025 01:00:00","BZN|NL","Without Sequence","82.84","",""
"24/06/2025 01:00:00 - 24/06/2025 02:00:00","BZN|NL","Without Sequence","71.67","",""
"24/06/2025 02:00:00 - 24/06/2025 03:00:00","BZN|NL","Without Sequence","65.08","",""
"24/06/2025 03:00:00 - 24/06/2025 04:00:00","BZN|NL","Without Sequence","70.00","",""
"24/06/2025 04:00:00 - 24/06/2025 05:00:00","BZN|NL","Without Sequence","66.52","",""
"24/06/2025 05:00:00 - 24/06/2025 06:00:00","BZN|NL","Without Sequence","70.43","",""
"24/06/2025 06:00:00 - 24/06/2025 07:00:00","BZN|NL","Without Sequence","93.47","",""
"24/06/2025 07:00:00 - 24/06/2025 08:00:00","BZN|NL","Without Sequence","89.90","",""
"24/06/2025 08:00:00 - 24/06/2025 09:00:00","BZN|NL","Without Sequence","86.86","",""
"24/06/2025 09:00:00 - 24/06/2025 10:00:00","BZN|NL","Without Sequence","59.20","",""
"24/06/2025 10:00:00 - 24/06/2025 11:00:00","BZN|NL","Without Sequence","0.00","",""
"24/06/2025 11:00:00 - 24/06/2025 12:00:00","BZN|NL","Without Sequence","-0.40","",""
"24/06/2025 12:00:00 - 24/06/2025 13:00:00","BZN|NL","Without Sequence","-2.00","",""
"24/06/2025 13:00:00 - 24/06/2025 14:00:00","BZN|NL","Without Sequence","-2.68","",""
"24/06/2025 14:00:00 - 24/06/2025 15:00:00","BZN|NL","Without Sequence","-2.02","",""
"24/06/2025 15:00:00 - 24/06/2025 16:00:00","BZN|NL","Without Sequence","-2.00","",""
"24/06/2025 16:00:00 - 24/06/2025 17:00:00","BZN|NL","Without Sequence","-0.39","",""
"24/06/2025 17:00:00 - 24/06/2025 18:00:00","BZN|NL","Without Sequence","6.72","",""
"24/06/2025 18:00:00 - 24/06/2025 19:00:00","BZN|NL","Without Sequence","64.39","",""
"24/06/2025 19:00:00 - 24/06/2025 20:00:00","BZN|NL","Without Sequence","99.11","",""
"24/06/2025 20:00:00 - 24/06/2025 21:00:00","BZN|NL","Without Sequence","124.85","",""
"24/06/2025 21:00:00 - 24/06/2025 22:00:00","BZN|NL","Without Sequence","123.49","",""
"24/06/2025 22:00:00 - 24/06/2025 23:00:00","BZN|NL","Without Sequence","118.97","",""
"24/06/2025 23:00:00 - 25/06/2025 00:00:00","BZN|NL","Without Sequence","99.19","",""
"25/06/2025 00:00:00 - 25/06/2025 01:00:00","BZN|NL","Without Sequence","85.60","",""
"25/06/2025 01:00:00 - 25/06/2025 02:00:00","BZN|NL","Without Sequence","80.20","",""
"25/06/2025 02:00:00 - 25/06/2025 03:00:00","BZN|NL","Without Sequence","80.20","",""
"25/06/2025 03:00:00 - 25/06/2025 04:00:00","BZN|NL","Without Sequence","82.90","",""
"25/06/2025 04:00:00 - 25/06/2025 05:00:00","BZN|NL","Without Sequence","88.00","",""
"25/06/2025 05:00:00 - 25/06/2025 06:00:00","BZN|NL","Without Sequence","97.00","",""
"25/06/2025 06:00:00 - 25/06/2025 07:00:00","BZN|NL","Without Sequence","109.10","",""
"25/06/2025 07:00:00 - 25/06/2025 08:00:00","BZN|NL","Without Sequence","122.60","",""
"25/06/2025 08:00:00 - 25/06/2025 09:00:00","BZN|NL","Without Sequence","136.00","",""
"25/06/2025 09:00:00 - 25/06/2025 10:00:00","BZN|NL","Without Sequence","124.30","",""
"25/06/2025 10:00:00 - 25/06/2025 11:00:00","BZN|NL","Without Sequence","125.00","",""
"25/06/2025 11:00:00 - 25/06/2025 12:00:00","BZN|NL","Without Sequence","69.55","",""
"25/06/2025 12:00:00 - 25/06/2025 13:00:00","BZN|NL","Without Sequence","25.10","",""
"25/06/2025 13:00:00 - 25/06/2025 14:00:00","BZN|NL","Without Sequence","4.27","",""
"25/06/2025 14:00:00 - 25/06/2025 15:00:00","BZN|NL","Without Sequence","4.59","",""
"25/06/2025 15:00:00 - 25/06/2025 16:00:00","BZN|NL","Without Sequence","8.88","",""
"25/06/2025 16:00:00 - 25/06/2025 17:00:00","BZN|NL","Without Sequence","25.27","",""
"25/06/2025 17:00:00 - 25/06/2025 18:00:00","BZN|NL","Without Sequence","85.07","",""
"25/06/2025 18:00:00 - 25/06/2025 19:00:00","BZN|NL","Without Sequence","106.29","",""
"25/06/2025 19:00:00 - 25/06/2025 20:00:00","BZN|NL","Without Sequence","134.82","",""
"25/06/2025 20:00:00 - 25/06/2025 21:00:00","BZN|NL","Without Sequence","200.00","",""
"25/06/2025 21:00:00 - 25/06/2025 22:00:00","BZN|NL","Without Sequence","247.02","",""
"25/06/2025 22:00:00 - 25/06/2025 23:00:00","BZN|NL","Without Sequence","173.62","",""
"25/06/2025 23:00:00 - 26/06/2025 00:00:00","BZN|NL","Without Sequence","123.78","",""
"26/06/2025 00:00:00 - 26/06/2025 01:00:00","BZN|NL","Without Sequence","119.95","",""
"26/06/2025 01:00:00 - 26/06/2025 02:00:00","BZN|NL","Without Sequence","106.37","",""
"26/06/2025 02:00:00 - 26/06/2025 03:00:00","BZN|NL","Without Sequence","101.31","",""
"26/06/2025 03:00:00 - 26/06/2025 04:00:00","BZN|NL","Without Sequence","95.18","",""
"26/06/2025 04:00:00 - 26/06/2025 05:00:00","BZN|NL","Without Sequence","95.62","",""
"26/06/2025 05:00:00 - 26/06/2025 06:00:00","BZN|NL","Without Sequence","99.43","",""
"26/06/2025 06:00:00 - 26/06/2025 07:00:00","BZN|NL","Without Sequence","116.12","",""
"26/06/2025 07:00:00 - 26/06/2025 08:00:00","BZN|NL","Without Sequence","120.19","",""
"26/06/2025 08:00:00 - 26/06/2025 09:00:00","BZN|NL","Without Sequence","106.79","",""
"26/06/2025 09:00:00 - 26/06/2025 10:00:00","BZN|NL","Without Sequence","95.70","",""
"26/06/2025 10:00:00 - 26/06/2025 11:00:00","BZN|NL","Without Sequence","93.03","",""
"26/06/2025 11:00:00 - 26/06/2025 12:00:00","BZN|NL","Without Sequence","77.89","",""
"26/06/2025 12:00:00 - 26/06/2025 13:00:00","BZN|NL","Without Sequence","69.80","",""
"26/06/2025 13:00:00 - 26/06/2025 14:00:00","BZN|NL","Without Sequence","57.38","",""
"26/06/2025 14:00:00 - 26/06/2025 15:00:00","BZN|NL","Without Sequence","49.16","",""
"26/06/2025 15:00:00 - 26/06/2025 16:00:00","BZN|NL","Without Sequence","46.73","",""
"26/06/2025 16:00:00 - 26/06/2025 17:00:00","BZN|NL","Without Sequence","50.00","",""
"26/06/2025 17:00:00 - 26/06/2025 18:00:00","BZN|NL","Without Sequence","69.66","",""
"26/06/2025 18:00:00 - 26/06/2025 19:00:00","BZN|NL","Without Sequence","87.74","",""
"26/06/2025 19:00:00 - 26/06/2025 20:00:00","BZN|NL","Without Sequence","99.00","",""
"26/06/2025 20:00:00 - 26/06/2025 21:00:00","BZN|NL","Without Sequence","106.86","",""
"26/06/2025 21:00:00 - 26/06/2025 22:00:00","BZN|NL","Without Sequence","105.16","",""
"26/06/2025 22:00:00 - 26/06/2025 23:00:00","BZN|NL","Without Sequence","109.90","",""
"26/06/2025 23:00:00 - 27/06/2025 00:00:00","BZN|NL","Without Sequence","98.00","",""
"27/06/2025 00:00:00 - 27/06/2025 01:00:00","BZN|NL","Without Sequence","85.41","",""
"27/06/2025 01:00:00 - 27/06/2025 02:00:00","BZN|NL","Without Sequence","89.24","",""
"27/06/2025 02:00:00 - 27/06/2025 03:00:00","BZN|NL","Without Sequence","96.05","",""
"27/06/2025 03:00:00 - 27/06/2025 04:00:00","BZN|NL","Without Sequence","90.10","",""
"27/06/2025 04:00:00 - 27/06/2025 05:00:00","BZN|NL","Without Sequence","83.19","",""
"27/06/2025 05:00:00 - 27/06/2025 06:00:00","BZN|NL","Without Sequence","89.24","",""
"27/06/2025 06:00:00 - 27/06/2025 07:00:00","BZN|NL","Without Sequence","105.54","",""
"27/06/2025 07:00:00 - 27/06/2025 08:00:00","BZN|NL","Without Sequence","113.20","",""
"27/06/2025 08:00:00 - 27/06/2025 09:00:00","BZN|NL","Without Sequence","107.70","",""
"27/06/2025 09:00:00 - 27/06/2025 10:00:00","BZN|NL","Without Sequence","98.42","",""
"27/06/2025 10:00:00 - 27/06/2025 11:00:00","BZN|NL","Without Sequence","81.25","",""
"27/06/2025 11:00:00 - 27/06/2025 12:00:00","BZN|NL","Without Sequence","67.45","",""
"27/06/2025 12:00:00 - 27/06/2025 13:00:00","BZN|NL","Without Sequence","54.55","",""
"27/06/2025 13:00:00 - 27/06/2025 14:00:00","BZN|NL","Without Sequence","28.30","",""
"27/06/2025 14:00:00 - 27/06/2025 15:00:00","BZN|NL","Without Sequence","5.30","",""
"27/06/2025 15:00:00 - 27/06/2025 16:00:00","BZN|NL","Without Sequence","11.55","",""
"27/06/2025 16:00:00 - 27/06/2025 17:00:00","BZN|NL","Without Sequence","30.00","",""
"27/06/2025 17:00:00 - 27/06/2025 18:00:00","BZN|NL","Without Sequence","70.68","",""
"27/06/2025 18:00:00 - 27/06/2025 19:00:00","BZN|NL","Without Sequence","91.63","",""
"27/06/2025 19:00:00 - 27/06/2025 20:00:00","BZN|NL","Without Sequence","107.67","",""
"27/06/2025 20:00:00 - 27/06/2025 21:00:00","BZN|NL","Without Sequence","124.48","",""
"27/06/2025 21:00:00 - 27/06/2025 22:00:00","BZN|NL","Without Sequence","135.05","",""
"27/06/2025 22:00:00 - 27/06/2025 23:00:00","BZN|NL","Without Sequence","121.86","",""
"27/06/2025 23:00:00 - 28/06/2025 00:00:00","BZN|NL","Without Sequence","107.62","",""
"28/06/2025 00:00:00 - 28/06/2025 01:00:00","BZN|NL","Without Sequence","94.83","",""
"28/06/2025 01:00:00 - 28/06/2025 02:00:00","BZN|NL","Without Sequence","88.24","",""
"28/06/2025 02:00:00 - 28/06/2025 03:00:00","BZN|NL","Without Sequence","79.98","",""
"28/06/2025 03:00:00 - 28/06/2025 04:00:00","BZN|NL","Without Sequence","71.51","",""
"28/06/2025 04:00:00 - 28/06/2025 05:00:00","BZN|NL","Without Sequence","68.00","",""
"28/06/2025 05:00:00 - 28/06/2025 06:00:00","BZN|NL","Without Sequence","71.68","",""
"28/06/2025 06:00:00 - 28/06/2025 07:00:00","BZN|NL","Without Sequence","68.72","",""
"28/06/2025 07:00:00 - 28/06/2025 08:00:00","BZN|NL","Without Sequence","57.35","",""
"28/06/2025 08:00:00 - 28/06/2025 09:00:00","BZN|NL","Without Sequence","27.80","",""
"28/06/2025 09:00:00 - 28/06/2025 10:00:00","BZN|NL","Without Sequence","2.34","",""
"28/06/2025 10:00:00 - 28/06/2025 11:00:00","BZN|NL","Without Sequence","0.01","",""
"28/06/2025 11:00:00 - 28/06/2025 12:00:00","BZN|NL","Without Sequence","-0.03","",""
"28/06/2025 12:00:00 - 28/06/2025 13:00:00","BZN|NL","Without Sequence","-0.57","",""
"28/06/2025 13:00:00 - 28/06/2025 14:00:00","BZN|NL","Without Sequence","-2.00","",""
"28/06/2025 14:00:00 - 28/06/2025 15:00:00","BZN|NL","Without Sequence","-2.77","",""
"28/06/2025 15:00:00 - 28/06/2025 16:00:00","BZN|NL","Without Sequence","-1.50","",""
"28/06/2025 16:00:00 - 28/06/2025 17:00:00","BZN|NL","Without Sequence","-0.50","",""
"28/06/2025 17:00:00 - 28/06/2025 18:00:00","BZN|NL","Without Sequence","2.73","",""
"28/06/2025 18:00:00 - 28/06/2025 19:00:00","BZN|NL","Without Sequence","61.73","",""
"28/06/2025 19:00:00 - 28/06/2025 20:00:00","BZN|NL","Without Sequence","94.83","",""
"28/06/2025 20:00:00 - 28/06/2025 21:00:00","BZN|NL","Without Sequence","109.00","",""
"28/06/2025 21:00:00 - 28/06/2025 22:00:00","BZN|NL","Without Sequence","122.40","",""
"28/06/2025 22:00:00 - 28/06/2025 23:00:00","BZN|NL","Without Sequence","119.67","",""
"28/06/2025 23:00:00 - 29/06/2025 00:00:00","BZN|NL","Without Sequence","103.50","",""
"29/06/2025 00:00:00 - 29/06/2025 01:00:00","BZN|NL","Without Sequence","95.07","",""
"29/06/2025 01:00:00 - 29/06/2025 02:00:00","BZN|NL","Without Sequence","89.42","",""
"29/06/2025 02:00:00 - 29/06/2025 03:00:00","BZN|NL","Without Sequence","89.66","",""
"29/06/2025 03:00:00 - 29/06/2025 04:00:00","BZN|NL","Without Sequence","86.82","",""
"29/06/2025 04:00:00 - 29/06/2025 05:00:00","BZN|NL","Without Sequence","85.50","",""
"29/06/2025 05:00:00 - 29/06/2025 06:00:00","BZN|NL","Without Sequence","85.30","",""
"29/06/2025 06:00:00 - 29/06/2025 07:00:00","BZN|NL","Without Sequence","86.46","",""
"29/06/2025 07:00:00 - 29/06/2025 08:00:00","BZN|NL","Without Sequence","75.13","",""
"29/06/2025 08:00:00 - 29/06/2025 09:00:00","BZN|NL","Without Sequence","47.57","",""
"29/06/2025 09:00:00 - 29/06/2025 10:00:00","BZN|NL","Without Sequence","5.34","",""
"29/06/2025 10:00:00 - 29/06/2025 11:00:00","BZN|NL","Without Sequence","0.00","",""
"29/06/2025 11:00:00 - 29/06/2025 12:00:00","BZN|NL","Without Sequence","-0.26","",""
"29/06/2025 12:00:00 - 29/06/2025 13:00:00","BZN|NL","Without Sequence","-8.39","",""
"29/06/2025 13:00:00 - 29/06/2025 14:00:00","BZN|NL","Without Sequence","-25.00","",""
"29/06/2025 14:00:00 - 29/06/2025 15:00:00","BZN|NL","Without Sequence","-29.55","",""
"29/06/2025 15:00:00 - 29/06/2025 16:00:00","BZN|NL","Without Sequence","-9.90","",""
"29/06/2025 16:00:00 - 29/06/2025 17:00:00","BZN|NL","Without Sequence","-1.50","",""
"29/06/2025 17:00:00 - 29/06/2025 18:00:00","BZN|NL","Without Sequence","7.99","",""
"29/06/2025 18:00:00 - 29/06/2025 19:00:00","BZN|NL","Without Sequence","78.00","",""
"29/06/2025 19:00:00 - 29/06/2025 20:00:00","BZN|NL","Without Sequence","102.14","",""
"29/06/2025 20:00:00 - 29/06/2025 21:00:00","BZN|NL","Without Sequence","111.98","",""
"29/06/2025 21:00:00 - 29/06/2025 22:00:00","BZN|NL","Without Sequence","118.07","",""
"29/06/2025 22:00:00 - 29/06/2025 23:00:00","BZN|NL","Without Sequence","113.73","",""
"29/06/2025 23:00:00 - 30/06/2025 00:00:00","BZN|NL","Without Sequence","101.00","",""
"30/06/2025 00:00:00 - 30/06/2025 01:00:00","BZN|NL","Without Sequence","98.73","",""
"30/06/2025 01:00:00 - 30/06/2025 02:00:00","BZN|NL","Without Sequence","89.03","",""
"30/06/2025 02:00:00 - 30/06/2025 03:00:00","BZN|NL","Without Sequence","85.03","",""
"30/06/2025 03:00:00 - 30/06/2025 04:00:00","BZN|NL","Without Sequence","84.13","",""
"30/06/2025 04:00:00 - 30/06/2025 05:00:00","BZN|NL","Without Sequence","86.11","",""
"30/06/2025 05:00:00 - 30/06/2025 06:00:00","BZN|NL","Without Sequence","96.00","",""
"30/06/2025 06:00:00 - 30/06/2025 07:00:00","BZN|NL","Without Sequence","114.90","",""
"30/06/2025 07:00:00 - 30/06/2025 08:00:00","BZN|NL","Without Sequence","111.70","",""
"30/06/2025 08:00:00 - 30/06/2025 09:00:00","BZN|NL","Without Sequence","108.17","",""
"30/06/2025 09:00:00 - 30/06/2025 10:00:00","BZN|NL","Without Sequence","91.94","",""
"30/06/2025 10:00:00 - 30/06/2025 11:00:00","BZN|NL","Without Sequence","77.41","",""
"30/06/2025 11:00:00 - 30/06/2025 12:00:00","BZN|NL","Without Sequence","49.86","",""
"30/06/2025 12:00:00 - 30/06/2025 13:00:00","BZN|NL","Without Sequence","4.77","",""
"30/06/2025 13:00:00 - 30/06/2025 14:00:00","BZN|NL","Without Sequence","-2.00","",""
"30/06/2025 14:00:00 - 30/06/2025 15:00:00","BZN|NL","Without Sequence","0.10","",""
"30/06/2025 15:00:00 - 30/06/2025 16:00:00","BZN|NL","Without Sequence","61.20","",""
"30/06/2025 16:00:00 - 30/06/2025 17:00:00","BZN|NL","Without Sequence","80.50","",""
"30/06/2025 17:00:00 - 30/06/2025 18:00:00","BZN|NL","Without Sequence","91.77","",""
"30/06/2025 18:00:00 - 30/06/2025 19:00:00","BZN|NL","Without Sequence","110.01","",""
"30/06/2025 19:00:00 - 30/06/2025 20:00:00","BZN|NL","Without Sequence","178.94","",""
"30/06/2025 20:00:00 - 30/06/2025 21:00:00","BZN|NL","Without Sequence","289.45","",""
"30/06/2025 21:00:00 - 30/06/2025 22:00:00","BZN|NL","Without Sequence","236.00","",""
"30/06/2025 22:00:00 - 30/06/2025 23:00:00","BZN|NL","Without Sequence","157.00","",""
"30/06/2025 23:00:00 - 01/07/2025 00:00:00","BZN|NL","Without Sequence","122.65","",""
"01/07/2025 00:00:00 - 01/07/2025 01:00:00","BZN|NL","Without Sequence","111.28","",""
"01/07/2025 01:00:00 - 01/07/2025 02:00:00","BZN|NL","Without Sequence","95.39","",""
"01/07/2025 02:00:00 - 01/07/2025 03:00:00","BZN|NL","Without Sequence","89.10","",""
"01/07/2025 03:00:00 - 01/07/2025 04:00:00","BZN|NL","Without Sequence","88.06","",""
"01/07/2025 04:00:00 - 01/07/2025 05:00:00","BZN|NL","Without Sequence","90.01","",""
"01/07/2025 05:00:00 - 01/07/2025 06:00:00","BZN|NL","Without Sequence","96.62","",""
"01/07/2025 06:00:00 - 01/07/2025 07:00:00","BZN|NL","Without Sequence","114.97","",""
"01/07/2025 07:00:00 - 01/07/2025 08:00:00","BZN|NL","Without Sequence","120.10","",""
"01/07/2025 08:00:00 - 01/07/2025 09:00:00","BZN|NL","Without Sequence","114.28","",""
"01/07/2025 09:00:00 - 01/07/2025 10:00:00","BZN|NL","Without Sequence","91.70","",""
"01/07/2025 10:00:00 - 01/07/2025 11:00:00","BZN|NL","Without Sequence","90.11","",""
"01/07/2025 11:00:00 - 01/07/2025 12:00:00","BZN|NL","Without Sequence","73.79","",""
"01/07/2025 12:00:00 - 01/07/2025 13:00:00","BZN|NL","Without Sequence","40.30","",""
"01/07/2025 13:00:00 - 01/07/2025 14:00:00","BZN|NL","Without Sequence","42.47","",""
"01/07/2025 14:00:00 - 01/07/2025 15:00:00","BZN|NL","Without Sequence","47.54","",""
"01/07/2025 15:00:00 - 01/07/2025 16:00:00","BZN|NL","Without Sequence","78.15","",""
"01/07/2025 16:00:00 - 01/07/2025 17:00:00","BZN|NL","Without Sequence","90.80","",""
"01/07/2025 17:00:00 - 01/07/2025 18:00:00","BZN|NL","Without Sequence","102.25","",""
"01/07/2025 18:00:00 - 01/07/2025 19:00:00","BZN|NL","Without Sequence","152.44","",""
"01/07/2025 19:00:00 - 01/07/2025 20:00:00","BZN|NL","Without Sequence","320.00","",""
"01/07/2025 20:00:00 - 01/07/2025 21:00:00","BZN|NL","Without Sequence","517.57","",""
"01/07/2025 21:00:00 - 01/07/2025 22:00:00","BZN|NL","Without Sequence","470.16","",""
"01/07/2025 22:00:00 - 01/07/2025 23:00:00","BZN|NL","Without Sequence","278.18","",""
"01/07/2025 23:00:00 - 02/07/2025 00:00:00","BZN|NL","Without Sequence","161.35","",""
"02/07/2025 00:00:00 - 02/07/2025 01:00:00","BZN|NL","Without Sequence","119.29","",""
"02/07/2025 01:00:00 - 02/07/2025 02:00:00","BZN|NL","Without Sequence","102.70","",""
"02/07/2025 02:00:00 - 02/07/2025 03:00:00","BZN|NL","Without Sequence","92.54","",""
"02/07/2025 03:00:00 - 02/07/2025 04:00:00","BZN|NL","Without Sequence","92.08","",""
"02/07/2025 04:00:00 - 02/07/2025 05:00:00","BZN|NL","Without Sequence","95.77","",""
"02/07/2025 05:00:00 - 02/07/2025 06:00:00","BZN|NL","Without Sequence","104.86","",""
"02/07/2025 06:00:00 - 02/07/2025 07:00:00","BZN|NL","Without Sequence","123.69","",""
"02/07/2025 07:00:00 - 02/07/2025 08:00:00","BZN|NL","Without Sequence","112.00","",""
"02/07/2025 08:00:00 - 02/07/2025 09:00:00","BZN|NL","Without Sequence","104.52","",""
"02/07/2025 09:00:00 - 02/07/2025 10:00:00","BZN|NL","Without Sequence","92.49","",""
"02/07/2025 10:00:00 - 02/07/2025 11:00:00","BZN|NL","Without Sequence","81.06","",""
"02/07/2025 11:00:00 - 02/07/2025 12:00:00","BZN|NL","Without Sequence","72.78","",""
"02/07/2025 12:00:00 - 02/07/2025 13:00:00","BZN|NL","Without Sequence","25.00","",""
"02/07/2025 13:00:00 - 02/07/2025 14:00:00","BZN|NL","Without Sequence","32.59","",""
"02/07/2025 14:00:00 - 02/07/2025 15:00:00","BZN|NL","Without Sequence","46.58","",""
"02/07/2025 15:00:00 - 02/07/2025 16:00:00","BZN|NL","Without Sequence","71.51","",""
"02/07/2025 16:00:00 - 02/07/2025 17:00:00","BZN|NL","Without Sequence","79.61","",""
"02/07/2025 17:00:00 - 02/07/2025 18:00:00","BZN|NL","Without Sequence","91.14","",""
"02/07/2025 18:00:00 - 02/07/2025 19:00:00","BZN|NL","Without Sequence","131.90","",""
"02/07/2025 19:00:00 - 02/07/2025 20:00:00","BZN|NL","Without Sequence","231.19","",""
"02/07/2025 20:00:00 - 02/07/2025 21:00:00","BZN|NL","Without Sequence","316.12","",""
"02/07/2025 21:00:00 - 02/07/2025 22:00:00","BZN|NL","Without Sequence","213.59","",""
"02/07/2025 22:00:00 - 02/07/2025 23:00:00","BZN|NL","Without Sequence","140.80","",""
"02/07/2025 23:00:00 - 03/07/2025 00:00:00","BZN|NL","Without Sequence","108.59","",""
"03/07/2025 00:00:00 - 03/07/2025 01:00:00","BZN|NL","Without Sequence","83.92","",""
"03/07/2025 01:00:00 - 03/07/2025 02:00:00","BZN|NL","Without Sequence","80.91","",""
"03/07/2025 02:00:00 - 03/07/2025 03:00:00","BZN|NL","Without Sequence","79.00","",""
"03/07/2025 03:00:00 - 03/07/2025 04:00:00","BZN|NL","Without Sequence","78.93","",""
"03/07/2025 04:00:00 - 03/07/2025 05:00:00","BZN|NL","Without Sequence","80.88","",""
"03/07/2025 05:00:00 - 03/07/2025 06:00:00","BZN|NL","Without Sequence","86.45","",""
"03/07/2025 06:00:00 - 03/07/2025 07:00:00","BZN|NL","Without Sequence","106.96","",""
"03/07/2025 07:00:00 - 03/07/2025 08:00:00","BZN|NL","Without Sequence","112.00","",""
"03/07/2025 08:00:00 - 03/07/2025 09:00:00","BZN|NL","Without Sequence","104.90","",""
"03/07/2025 09:00:00 - 03/07/2025 10:00:00","BZN|NL","Without Sequence","90.45","",""
"03/07/2025 10:00:00 - 03/07/2025 11:00:00","BZN|NL","Without Sequence","75.06","",""
"03/07/2025 11:00:00 - 03/07/2025 12:00:00","BZN|NL","Without Sequence","57.35","",""
"03/07/2025 12:00:00 - 03/07/2025 13:00:00","BZN|NL","Without Sequence","42.16","",""
"03/07/2025 13:00:00 - 03/07/2025 14:00:00","BZN|NL","Without Sequence","34.12","",""
"03/07/2025 14:00:00 - 03/07/2025 15:00:00","BZN|NL","Without Sequence","7.21","",""
"03/07/2025 15:00:00 - 03/07/2025 16:00:00","BZN|NL","Without Sequence","16.38","",""
"03/07/2025 16:00:00 - 03/07/2025 17:00:00","BZN|NL","Without Sequence","55.68","",""
"03/07/2025 17:00:00 - 03/07/2025 18:00:00","BZN|NL","Without Sequence","80.99","",""
"03/07/2025 18:00:00 - 03/07/2025 19:00:00","BZN|NL","Without Sequence","95.74","",""
"03/07/2025 19:00:00 - 03/07/2025 20:00:00","BZN|NL","Without Sequence","108.71","",""
"03/07/2025 20:00:00 - 03/07/2025 21:00:00","BZN|NL","Without Sequence","154.16","",""
"03/07/2025 21:00:00 - 03/07/2025 22:00:00","BZN|NL","Without Sequence","179.22","",""
"03/07/2025 22:00:00 - 03/07/2025 23:00:00","BZN|NL","Without Sequence","146.43","",""
"03/07/2025 23:00:00 - 04/07/2025 00:00:00","BZN|NL","Without Sequence","130.00","",""
"04/07/2025 00:00:00 - 04/07/2025 01:00:00","BZN|NL","Without Sequence","110.00","",""
"04/07/2025 01:00:00 - 04/07/2025 02:00:00","BZN|NL","Without Sequence","103.46","",""
"04/07/2025 02:00:00 - 04/07/2025 03:00:00","BZN|NL","Without Sequence","99.98","",""
"04/07/2025 03:00:00 - 04/07/2025 04:00:00","BZN|NL","Without Sequence","96.38","",""
"04/07/2025 04:00:00 - 04/07/2025 05:00:00","BZN|NL","Without Sequence","99.92","",""
"04/07/2025 05:00:00 - 04/07/2025 06:00:00","BZN|NL","Without Sequence","104.07","",""
"04/07/2025 06:00:00 - 04/07/2025 07:00:00","BZN|NL","Without Sequence","107.22","",""
"04/07/2025 07:00:00 - 04/07/2025 08:00:00","BZN|NL","Without Sequence","111.29","",""
"04/07/2025 08:00:00 - 04/07/2025 09:00:00","BZN|NL","Without Sequence","100.00","",""
"04/07/2025 09:00:00 - 04/07/2025 10:00:00","BZN|NL","Without Sequence","91.15","",""
"04/07/2025 10:00:00 - 04/07/2025 11:00:00","BZN|NL","Without Sequence","70.01","",""
"04/07/2025 11:00:00 - 04/07/2025 12:00:00","BZN|NL","Without Sequence","2.00","",""
"04/07/2025 12:00:00 - 04/07/2025 13:00:00","BZN|NL","Without Sequence","-0.05","",""
"04/07/2025 13:00:00 - 04/07/2025 14:00:00","BZN|NL","Without Sequence","-1.56","",""
"04/07/2025 14:00:00 - 04/07/2025 15:00:00","BZN|NL","Without Sequence","-1.37","",""
"04/07/2025 15:00:00 - 04/07/2025 16:00:00","BZN|NL","Without Sequence","-0.61","",""
"04/07/2025 16:00:00 - 04/07/2025 17:00:00","BZN|NL","Without Sequence","2.33","",""
"04/07/2025 17:00:00 - 04/07/2025 18:00:00","BZN|NL","Without Sequence","61.43","",""
"04/07/2025 18:00:00 - 04/07/2025 19:00:00","BZN|NL","Without Sequence","89.07","",""
"04/07/2025 19:00:00 - 04/07/2025 20:00:00","BZN|NL","Without Sequence","97.51","",""
"04/07/2025 20:00:00 - 04/07/2025 21:00:00","BZN|NL","Without Sequence","127.67","",""
"04/07/2025 21:00:00 - 04/07/2025 22:00:00","BZN|NL","Without Sequence","145.02","",""
"04/07/2025 22:00:00 - 04/07/2025 23:00:00","BZN|NL","Without Sequence","122.96","",""
"04/07/2025 23:00:00 - 05/07/2025 00:00:00","BZN|NL","Without Sequence","103.00","",""
"05/07/2025 00:00:00 - 05/07/2025 01:00:00","BZN|NL","Without Sequence","95.38","",""
"05/07/2025 01:00:00 - 05/07/2025 02:00:00","BZN|NL","Without Sequence","88.36","",""
"05/07/2025 02:00:00 - 05/07/2025 03:00:00","BZN|NL","Without Sequence","90.28","",""
"05/07/2025 03:00:00 - 05/07/2025 04:00:00","BZN|NL","Without Sequence","87.91","",""
"05/07/2025 04:00:00 - 05/07/2025 05:00:00","BZN|NL","Without Sequence","89.26","",""
"05/07/2025 05:00:00 - 05/07/2025 06:00:00","BZN|NL","Without Sequence","78.80","",""
"05/07/2025 06:00:00 - 05/07/2025 07:00:00","BZN|NL","Without Sequence","79.40","",""
"05/07/2025 07:00:00 - 05/07/2025 08:00:00","BZN|NL","Without Sequence","43.31","",""
"05/07/2025 08:00:00 - 05/07/2025 09:00:00","BZN|NL","Without Sequence","17.86","",""
"05/07/2025 09:00:00 - 05/07/2025 10:00:00","BZN|NL","Without Sequence","3.34","",""
"05/07/2025 10:00:00 - 05/07/2025 11:00:00","BZN|NL","Without Sequence","0.00","",""
"05/07/2025 11:00:00 - 05/07/2025 12:00:00","BZN|NL","Without Sequence","-0.04","",""
"05/07/2025 12:00:00 - 05/07/2025 13:00:00","BZN|NL","Without Sequence","-0.49","",""
"05/07/2025 13:00:00 - 05/07/2025 14:00:00","BZN|NL","Without Sequence","-2.00","",""
"05/07/2025 14:00:00 - 05/07/2025 15:00:00","BZN|NL","Without Sequence","-1.49","",""
"05/07/2025 15:00:00 - 05/07/2025 16:00:00","BZN|NL","Without Sequence","-0.90","",""
"05/07/2025 16:00:00 - 05/07/2025 17:00:00","BZN|NL","Without Sequence","-2.00","",""
"05/07/2025 17:00:00 - 05/07/2025 18:00:00","BZN|NL","Without Sequence","0.00","",""
"05/07/2025 18:00:00 - 05/07/2025 19:00:00","BZN|NL","Without Sequence","41.43","",""
"05/07/2025 19:00:00 - 05/07/2025 20:00:00","BZN|NL","Without Sequence","84.93","",""
"05/07/2025 20:00:00 - 05/07/2025 21:00:00","BZN|NL","Without Sequence","109.81","",""
"05/07/2025 21:00:00 - 05/07/2025 22:00:00","BZN|NL","Without Sequence","116.00","",""
"05/07/2025 22:00:00 - 05/07/2025 23:00:00","BZN|NL","Without Sequence","116.00","",""
"05/07/2025 23:00:00 - 06/07/2025 00:00:00","BZN|NL","Without Sequence","107.23","",""
"06/07/2025 00:00:00 - 06/07/2025 01:00:00","BZN|NL","Without Sequence","94.27","",""
"06/07/2025 01:00:00 - 06/07/2025 02:00:00","BZN|NL","Without Sequence","87.71","",""
"06/07/2025 02:00:00 - 06/07/2025 03:00:00","BZN|NL","Without Sequence","82.98","",""
"06/07/2025 03:00:00 - 06/07/2025 04:00:00","BZN|NL","Without Sequence","80.20","",""
"06/07/2025 04:00:00 - 06/07/2025 05:00:00","BZN|NL","Without Sequence","80.88","",""
"06/07/2025 05:00:00 - 06/07/2025 06:00:00","BZN|NL","Without Sequence","85.93","",""
"06/07/2025 06:00:00 - 06/07/2025 07:00:00","BZN|NL","Without Sequence","84.73","",""
"06/07/2025 07:00:00 - 06/07/2025 08:00:00","BZN|NL","Without Sequence","83.96","",""
"06/07/2025 08:00:00 - 06/07/2025 09:00:00","BZN|NL","Without Sequence","75.63","",""
"06/07/2025 09:00:00 - 06/07/2025 10:00:00","BZN|NL","Without Sequence","54.81","",""
"06/07/2025 10:00:00 - 06/07/2025 11:00:00","BZN|NL","Without Sequence","27.65","",""
"06/07/2025 11:00:00 - 06/07/2025 12:00:00","BZN|NL","Without Sequence","20.00","",""
"06/07/2025 12:00:00 - 06/07/2025 13:00:00","BZN|NL","Without Sequence","20.10","",""
"06/07/2025 13:00:00 - 06/07/2025 14:00:00","BZN|NL","Without Sequence","32.02","",""
"06/07/2025 14:00:00 - 06/07/2025 15:00:00","BZN|NL","Without Sequence","17.00","",""
"06/07/2025 15:00:00 - 06/07/2025 16:00:00","BZN|NL","Without Sequence","58.02","",""
"06/07/2025 16:00:00 - 06/07/2025 17:00:00","BZN|NL","Without Sequence","80.00","",""
"06/07/2025 17:00:00 - 06/07/2025 18:00:00","BZN|NL","Without Sequence","107.02","",""
"06/07/2025 18:00:00 - 06/07/2025 19:00:00","BZN|NL","Without Sequence","112.31","",""
"06/07/2025 19:00:00 - 06/07/2025 20:00:00","BZN|NL","Without Sequence","124.30","",""
"06/07/2025 20:00:00 - 06/07/2025 21:00:00","BZN|NL","Without Sequence","135.41","",""
"06/07/2025 21:00:00 - 06/07/2025 22:00:00","BZN|NL","Without Sequence","139.41","",""
"06/07/2025 22:00:00 - 06/07/2025 23:00:00","BZN|NL","Without Sequence","128.10","",""
"06/07/2025 23:00:00 - 07/07/2025 00:00:00","BZN|NL","Without Sequence","115.33","",""
"07/07/2025 00:00:00 - 07/07/2025 01:00:00","BZN|NL","Without Sequence","125.88","",""
"07/07/2025 01:00:00 - 07/07/2025 02:00:00","BZN|NL","Without Sequence","114.37","",""
"07/07/2025 02:00:00 - 07/07/2025 03:00:00","BZN|NL","Without Sequence","108.06","",""
"07/07/2025 03:00:00 - 07/07/2025 04:00:00","BZN|NL","Without Sequence","101.00","",""
"07/07/2025 04:00:00 - 07/07/2025 05:00:00","BZN|NL","Without Sequence","101.00","",""
"07/07/2025 05:00:00 - 07/07/2025 06:00:00","BZN|NL","Without Sequence","100.90","",""
"07/07/2025 06:00:00 - 07/07/2025 07:00:00","BZN|NL","Without Sequence","119.75","",""
"07/07/2025 07:00:00 - 07/07/2025 08:00:00","BZN|NL","Without Sequence","123.58","",""
"07/07/2025 08:00:00 - 07/07/2025 09:00:00","BZN|NL","Without Sequence","142.81","",""
"07/07/2025 09:00:00 - 07/07/2025 10:00:00","BZN|NL","Without Sequence","123.29","",""
"07/07/2025 10:00:00 - 07/07/2025 11:00:00","BZN|NL","Without Sequence","98.34","",""
"07/07/2025 11:00:00 - 07/07/2025 12:00:00","BZN|NL","Without Sequence","92.37","",""
"07/07/2025 12:00:00 - 07/07/2025 13:00:00","BZN|NL","Without Sequence","78.72","",""
"07/07/2025 13:00:00 - 07/07/2025 14:00:00","BZN|NL","Without Sequence","60.78","",""
"07/07/2025 14:00:00 - 07/07/2025 15:00:00","BZN|NL","Without Sequence","29.09","",""
"07/07/2025 15:00:00 - 07/07/2025 16:00:00","BZN|NL","Without Sequence","6.16","",""
"07/07/2025 16:00:00 - 07/07/2025 17:00:00","BZN|NL","Without Sequence","11.00","",""
"07/07/2025 17:00:00 - 07/07/2025 18:00:00","BZN|NL","Without Sequence","60.31","",""
"07/07/2025 18:00:00 - 07/07/2025 19:00:00","BZN|NL","Without Sequence","77.98","",""
"07/07/2025 19:00:00 - 07/07/2025 20:00:00","BZN|NL","Without Sequence","89.35","",""
"07/07/2025 20:00:00 - 07/07/2025 21:00:00","BZN|NL","Without Sequence","100.20","",""
"07/07/2025 21:00:00 - 07/07/2025 22:00:00","BZN|NL","Without Sequence","116.67","",""
"07/07/2025 22:00:00 - 07/07/2025 23:00:00","BZN|NL","Without Sequence","118.74","",""
"07/07/2025 23:00:00 - 08/07/2025 00:00:00","BZN|NL","Without Sequence","100.00","",""
"08/07/2025 00:00:00 - 08/07/2025 01:00:00","BZN|NL","Without Sequence","107.82","",""
"08/07/2025 01:00:00 - 08/07/2025 02:00:00","BZN|NL","Without Sequence","96.77","",""
"08/07/2025 02:00:00 - 08/07/2025 03:00:00","BZN|NL","Without Sequence","81.49","",""
"08/07/2025 03:00:00 - 08/07/2025 04:00:00","BZN|NL","Without Sequence","85.00","",""
"08/07/2025 04:00:00 - 08/07/2025 05:00:00","BZN|NL","Without Sequence","85.88","",""
"08/07/2025 05:00:00 - 08/07/2025 06:00:00","BZN|NL","Without Sequence","91.14","",""
"08/07/2025 06:00:00 - 08/07/2025 07:00:00","BZN|NL","Without Sequence","107.99","",""
"08/07/2025 07:00:00 - 08/07/2025 08:00:00","BZN|NL","Without Sequence","118.65","",""
"08/07/2025 08:00:00 - 08/07/2025 09:00:00","BZN|NL","Without Sequence","117.76","",""
"08/07/2025 09:00:00 - 08/07/2025 10:00:00","BZN|NL","Without Sequence","98.83","",""
"08/07/2025 10:00:00 - 08/07/2025 11:00:00","BZN|NL","Without Sequence","77.01","",""
"08/07/2025 11:00:00 - 08/07/2025 12:00:00","BZN|NL","Without Sequence","68.95","",""
"08/07/2025 12:00:00 - 08/07/2025 13:00:00","BZN|NL","Without Sequence","55.16","",""
"08/07/2025 13:00:00 - 08/07/2025 14:00:00","BZN|NL","Without Sequence","48.35","",""
"08/07/2025 14:00:00 - 08/07/2025 15:00:00","BZN|NL","Without Sequence","46.05","",""
"08/07/2025 15:00:00 - 08/07/2025 16:00:00","BZN|NL","Without Sequence","47.58","",""
"08/07/2025 16:00:00 - 08/07/2025 17:00:00","BZN|NL","Without Sequence","60.32","",""
"08/07/2025 17:00:00 - 08/07/2025 18:00:00","BZN|NL","Without Sequence","84.35","",""
"08/07/2025 18:00:00 - 08/07/2025 19:00:00","BZN|NL","Without Sequence","87.41","",""
"08/07/2025 19:00:00 - 08/07/2025 20:00:00","BZN|NL","Without Sequence","107.00","",""
"08/07/2025 20:00:00 - 08/07/2025 21:00:00","BZN|NL","Without Sequence","126.49","",""
"08/07/2025 21:00:00 - 08/07/2025 22:00:00","BZN|NL","Without Sequence","127.50","",""
"08/07/2025 22:00:00 - 08/07/2025 23:00:00","BZN|NL","Without Sequence","118.12","",""
"08/07/2025 23:00:00 - 09/07/2025 00:00:00","BZN|NL","Without Sequence","102.19","",""
"09/07/2025 00:00:00 - 09/07/2025 01:00:00","BZN|NL","Without Sequence","99.51","",""
"09/07/2025 01:00:00 - 09/07/2025 02:00:00","BZN|NL","Without Sequence","91.29","",""
"09/07/2025 02:00:00 - 09/07/2025 03:00:00","BZN|NL","Without Sequence","88.57","",""
"09/07/2025 03:00:00 - 09/07/2025 04:00:00","BZN|NL","Without Sequence","90.42","",""
"09/07/2025 04:00:00 - 09/07/2025 05:00:00","BZN|NL","Without Sequence","91.56","",""
"09/07/2025 05:00:00 - 09/07/2025 06:00:00","BZN|NL","Without Sequence","100.00","",""
"09/07/2025 06:00:00 - 09/07/2025 07:00:00","BZN|NL","Without Sequence","113.66","",""
"09/07/2025 07:00:00 - 09/07/2025 08:00:00","BZN|NL","Without Sequence","116.46","",""
"09/07/2025 08:00:00 - 09/07/2025 09:00:00","BZN|NL","Without Sequence","119.37","",""
"09/07/2025 09:00:00 - 09/07/2025 10:00:00","BZN|NL","Without Sequence","99.01","",""
"09/07/2025 10:00:00 - 09/07/2025 11:00:00","BZN|NL","Without Sequence","90.97","",""
"09/07/2025 11:00:00 - 09/07/2025 12:00:00","BZN|NL","Without Sequence","83.91","",""
"09/07/2025 12:00:00 - 09/07/2025 13:00:00","BZN|NL","Without Sequence","69.90","",""
"09/07/2025 13:00:00 - 09/07/2025 14:00:00","BZN|NL","Without Sequence","42.46","",""
"09/07/2025 14:00:00 - 09/07/2025 15:00:00","BZN|NL","Without Sequence","36.00","",""
"09/07/2025 15:00:00 - 09/07/2025 16:00:00","BZN|NL","Without Sequence","41.54","",""
"09/07/2025 16:00:00 - 09/07/2025 17:00:00","BZN|NL","Without Sequence","76.83","",""
"09/07/2025 17:00:00 - 09/07/2025 18:00:00","BZN|NL","Without Sequence","91.49","",""
"09/07/2025 18:00:00 - 09/07/2025 19:00:00","BZN|NL","Without Sequence","103.70","",""
"09/07/2025 19:00:00 - 09/07/2025 20:00:00","BZN|NL","Without Sequence","117.72","",""
"09/07/2025 20:00:00 - 09/07/2025 21:00:00","BZN|NL","Without Sequence","140.60","",""
"09/07/2025 21:00:00 - 09/07/2025 22:00:00","BZN|NL","Without Sequence","146.61","",""
"09/07/2025 22:00:00 - 09/07/2025 23:00:00","BZN|NL","Without Sequence","122.00","",""
"09/07/2025 23:00:00 - 10/07/2025 00:00:00","BZN|NL","Without Sequence","106.06","",""
"10/07/2025 00:00:00 - 10/07/2025 01:00:00","BZN|NL","Without Sequence","100.91","",""
"10/07/2025 01:00:00 - 10/07/2025 02:00:00","BZN|NL","Without Sequence","95.73","",""
"10/07/2025 02:00:00 - 10/07/2025 03:00:00","BZN|NL","Without Sequence","89.10","",""
"10/07/2025 03:00:00 - 10/07/2025 04:00:00","BZN|NL","Without Sequence","86.45","",""
"10/07/2025 04:00:00 - 10/07/2025 05:00:00","BZN|NL","Without Sequence","87.97","",""
"10/07/2025 05:00:00 - 10/07/2025 06:00:00","BZN|NL","Without Sequence","98.24","",""
"10/07/2025 06:00:00 - 10/07/2025 07:00:00","BZN|NL","Without Sequence","108.11","",""
"10/07/2025 07:00:00 - 10/07/2025 08:00:00","BZN|NL","Without Sequence","107.54","",""
"10/07/2025 08:00:00 - 10/07/2025 09:00:00","BZN|NL","Without Sequence","107.23","",""
"10/07/2025 09:00:00 - 10/07/2025 10:00:00","BZN|NL","Without Sequence","93.70","",""
"10/07/2025 10:00:00 - 10/07/2025 11:00:00","BZN|NL","Without Sequence","87.77","",""
"10/07/2025 11:00:00 - 10/07/2025 12:00:00","BZN|NL","Without Sequence","69.54","",""
"10/07/2025 12:00:00 - 10/07/2025 13:00:00","BZN|NL","Without Sequence","45.39","",""
"10/07/2025 13:00:00 - 10/07/2025 14:00:00","BZN|NL","Without Sequence","40.07","",""
"10/07/2025 14:00:00 - 10/07/2025 15:00:00","BZN|NL","Without Sequence","39.90","",""
"10/07/2025 15:00:00 - 10/07/2025 16:00:00","BZN|NL","Without Sequence","56.88","",""
"10/07/2025 16:00:00 - 10/07/2025 17:00:00","BZN|NL","Without Sequence","76.80","",""
"10/07/2025 17:00:00 - 10/07/2025 18:00:00","BZN|NL","Without Sequence","89.96","",""
"10/07/2025 18:00:00 - 10/07/2025 19:00:00","BZN|NL","Without Sequence","100.20","",""
"10/07/2025 19:00:00 - 10/07/2025 20:00:00","BZN|NL","Without Sequence","115.88","",""
"10/07/2025 20:00:00 - 10/07/2025 21:00:00","BZN|NL","Without Sequence","137.20","",""
"10/07/2025 21:00:00 - 10/07/2025 22:00:00","BZN|NL","Without Sequence","135.96","",""
"10/07/2025 22:00:00 - 10/07/2025 23:00:00","BZN|NL","Without Sequence","121.83","",""
"10/07/2025 23:00:00 - 11/07/2025 00:00:00","BZN|NL","Without Sequence","108.87","",""
"11/07/2025 00:00:00 - 11/07/2025 01:00:00","BZN|NL","Without Sequence","108.81","",""
"11/07/2025 01:00:00 - 11/07/2025 02:00:00","BZN|NL","Without Sequence","103.38","",""
"11/07/2025 02:00:00 - 11/07/2025 03:00:00","BZN|NL","Without Sequence","99.28","",""
"11/07/2025 03:00:00 - 11/07/2025 04:00:00","BZN|NL","Without Sequence","93.64","",""
"11/07/2025 04:00:00 - 11/07/2025 05:00:00","BZN|NL","Without Sequence","94.16","",""
"11/07/2025 05:00:00 - 11/07/2025 06:00:00","BZN|NL","Without Sequence","100.59","",""
"11/07/2025 06:00:00 - 11/07/2025 07:00:00","BZN|NL","Without Sequence","109.99","",""
"11/07/2025 07:00:00 - 11/07/2025 08:00:00","BZN|NL","Without Sequence","109.90","",""
"11/07/2025 08:00:00 - 11/07/2025 09:00:00","BZN|NL","Without Sequence","112.43","",""
"11/07/2025 09:00:00 - 11/07/2025 10:00:00","BZN|NL","Without Sequence","98.00","",""
"11/07/2025 10:00:00 - 11/07/2025 11:00:00","BZN|NL","Without Sequence","90.14","",""
"11/07/2025 11:00:00 - 11/07/2025 12:00:00","BZN|NL","Without Sequence","80.20","",""
"11/07/2025 12:00:00 - 11/07/2025 13:00:00","BZN|NL","Without Sequence","75.43","",""
"11/07/2025 13:00:00 - 11/07/2025 14:00:00","BZN|NL","Without Sequence","48.02","",""
"11/07/2025 14:00:00 - 11/07/2025 15:00:00","BZN|NL","Without Sequence","32.04","",""
"11/07/2025 15:00:00 - 11/07/2025 16:00:00","BZN|NL","Without Sequence","38.10","",""
"11/07/2025 16:00:00 - 11/07/2025 17:00:00","BZN|NL","Without Sequence","63.97","",""
"11/07/2025 17:00:00 - 11/07/2025 18:00:00","BZN|NL","Without Sequence","89.56","",""
"11/07/2025 18:00:00 - 11/07/2025 19:00:00","BZN|NL","Without Sequence","90.76","",""
"11/07/2025 19:00:00 - 11/07/2025 20:00:00","BZN|NL","Without Sequence","106.80","",""
"11/07/2025 20:00:00 - 11/07/2025 21:00:00","BZN|NL","Without Sequence","125.55","",""
"11/07/2025 21:00:00 - 11/07/2025 22:00:00","BZN|NL","Without Sequence","127.69","",""
"11/07/2025 22:00:00 - 11/07/2025 23:00:00","BZN|NL","Without Sequence","116.28","",""
"11/07/2025 23:00:00 - 12/07/2025 00:00:00","BZN|NL","Without Sequence","106.29","",""
"12/07/2025 00:00:00 - 12/07/2025 01:00:00","BZN|NL","Without Sequence","114.79","",""
"12/07/2025 01:00:00 - 12/07/2025 02:00:00","BZN|NL","Without Sequence","107.65","",""
"12/07/2025 02:00:00 - 12/07/2025 03:00:00","BZN|NL","Without Sequence","107.89","",""
"12/07/2025 03:00:00 - 12/07/2025 04:00:00","BZN|NL","Without Sequence","101.12","",""
"12/07/2025 04:00:00 - 12/07/2025 05:00:00","BZN|NL","Without Sequence","97.43","",""
"12/07/2025 05:00:00 - 12/07/2025 06:00:00","BZN|NL","Without Sequence","93.75","",""
"12/07/2025 06:00:00 - 12/07/2025 07:00:00","BZN|NL","Without Sequence","88.46","",""
"12/07/2025 07:00:00 - 12/07/2025 08:00:00","BZN|NL","Without Sequence","91.43","",""
"12/07/2025 08:00:00 - 12/07/2025 09:00:00","BZN|NL","Without Sequence","93.69","",""
"12/07/2025 09:00:00 - 12/07/2025 10:00:00","BZN|NL","Without Sequence","59.85","",""
"12/07/2025 10:00:00 - 12/07/2025 11:00:00","BZN|NL","Without Sequence","18.19","",""
"12/07/2025 11:00:00 - 12/07/2025 12:00:00","BZN|NL","Without Sequence","3.00","",""
"12/07/2025 12:00:00 - 12/07/2025 13:00:00","BZN|NL","Without Sequence","0.22","",""
"12/07/2025 13:00:00 - 12/07/2025 14:00:00","BZN|NL","Without Sequence","0.00","",""
"12/07/2025 14:00:00 - 12/07/2025 15:00:00","BZN|NL","Without Sequence","0.00","",""
"12/07/2025 15:00:00 - 12/07/2025 16:00:00","BZN|NL","Without Sequence","0.22","",""
"12/07/2025 16:00:00 - 12/07/2025 17:00:00","BZN|NL","Without Sequence","16.77","",""
"12/07/2025 17:00:00 - 12/07/2025 18:00:00","BZN|NL","Without Sequence","71.27","",""
"12/07/2025 18:00:00 - 12/07/2025 19:00:00","BZN|NL","Without Sequence","102.00","",""
"12/07/2025 19:00:00 - 12/07/2025 20:00:00","BZN|NL","Without Sequence","106.85","",""
"12/07/2025 20:00:00 - 12/07/2025 21:00:00","BZN|NL","Without Sequence","120.00","",""
"12/07/2025 21:00:00 - 12/07/2025 22:00:00","BZN|NL","Without Sequence","128.52","",""
"12/07/2025 22:00:00 - 12/07/2025 23:00:00","BZN|NL","Without Sequence","126.14","",""
"12/07/2025 23:00:00 - 13/07/2025 00:00:00","BZN|NL","Without Sequence","117.56","",""
"13/07/2025 00:00:00 - 13/07/2025 01:00:00","BZN|NL","Without Sequence","118.35","",""
"13/07/2025 01:00:00 - 13/07/2025 02:00:00","BZN|NL","Without Sequence","112.92","",""
"13/07/2025 02:00:00 - 13/07/2025 03:00:00","BZN|NL","Without Sequence","114.53","",""
"13/07/2025 03:00:00 - 13/07/2025 04:00:00","BZN|NL","Without Sequence","111.49","",""
"13/07/2025 04:00:00 - 13/07/2025 05:00:00","BZN|NL","Without Sequence","110.37","",""
"13/07/2025 05:00:00 - 13/07/2025 06:00:00","BZN|NL","Without Sequence","106.41","",""
"13/07/2025 06:00:00 - 13/07/2025 07:00:00","BZN|NL","Without Sequence","99.90","",""
"13/07/2025 07:00:00 - 13/07/2025 08:00:00","BZN|NL","Without Sequence","97.47","",""
"13/07/2025 08:00:00 - 13/07/2025 09:00:00","BZN|NL","Without Sequence","92.27","",""
"13/07/2025 09:00:00 - 13/07/2025 10:00:00","BZN|NL","Without Sequence","60.00","",""
"13/07/2025 10:00:00 - 13/07/2025 11:00:00","BZN|NL","Without Sequence","4.28","",""
"13/07/2025 11:00:00 - 13/07/2025 12:00:00","BZN|NL","Without Sequence","0.05","",""
"13/07/2025 12:00:00 - 13/07/2025 13:00:00","BZN|NL","Without Sequence","0.00","",""
"13/07/2025 13:00:00 - 13/07/2025 14:00:00","BZN|NL","Without Sequence","0.00","",""
"13/07/2025 14:00:00 - 13/07/2025 15:00:00","BZN|NL","Without Sequence","0.00","",""
"13/07/2025 15:00:00 - 13/07/2025 16:00:00","BZN|NL","Without Sequence","0.00","",""
"13/07/2025 16:00:00 - 13/07/2025 17:00:00","BZN|NL","Without Sequence","2.59","",""
"13/07/2025 17:00:00 - 13/07/2025 18:00:00","BZN|NL","Without Sequence","85.06","",""
"13/07/2025 18:00:00 - 13/07/2025 19:00:00","BZN|NL","Without Sequence","101.65","",""
"13/07/2025 19:00:00 - 13/07/2025 20:00:00","BZN|NL","Without Sequence","115.62","",""
"13/07/2025 20:00:00 - 13/07/2025 21:00:00","BZN|NL","Without Sequence","120.21","",""
"13/07/2025 21:00:00 - 13/07/2025 22:00:00","BZN|NL","Without Sequence","128.02","",""
"13/07/2025 22:00:00 - 13/07/2025 23:00:00","BZN|NL","Without Sequence","126.94","",""
"13/07/2025 23:00:00 - 14/07/2025 00:00:00","BZN|NL","Without Sequence","115.41","",""
"14/07/2025 00:00:00 - 14/07/2025 01:00:00","BZN|NL","Without Sequence","117.10","",""
"14/07/2025 01:00:00 - 14/07/2025 02:00:00","BZN|NL","Without Sequence","104.01","",""
"14/07/2025 02:00:00 - 14/07/2025 03:00:00","BZN|NL","Without Sequence","98.17","",""
"14/07/2025 03:00:00 - 14/07/2025 04:00:00","BZN|NL","Without Sequence","94.94","",""
"14/07/2025 04:00:00 - 14/07/2025 05:00:00","BZN|NL","Without Sequence","99.11","",""
"14/07/2025 05:00:00 - 14/07/2025 06:00:00","BZN|NL","Without Sequence","107.18","",""
"14/07/2025 06:00:00 - 14/07/2025 07:00:00","BZN|NL","Without Sequence","119.15","",""
"14/07/2025 07:00:00 - 14/07/2025 08:00:00","BZN|NL","Without Sequence","124.00","",""
"14/07/2025 08:00:00 - 14/07/2025 09:00:00","BZN|NL","Without Sequence","112.21","",""
"14/07/2025 09:00:00 - 14/07/2025 10:00:00","BZN|NL","Without Sequence","99.69","",""
"14/07/2025 10:00:00 - 14/07/2025 11:00:00","BZN|NL","Without Sequence","94.58","",""
"14/07/2025 11:00:00 - 14/07/2025 12:00:00","BZN|NL","Without Sequence","84.02","",""
"14/07/2025 12:00:00 - 14/07/2025 13:00:00","BZN|NL","Without Sequence","68.00","",""
"14/07/2025 13:00:00 - 14/07/2025 14:00:00","BZN|NL","Without Sequence","61.21","",""
"14/07/2025 14:00:00 - 14/07/2025 15:00:00","BZN|NL","Without Sequence","54.22","",""
"14/07/2025 15:00:00 - 14/07/2025 16:00:00","BZN|NL","Without Sequence","51.10","",""
"14/07/2025 16:00:00 - 14/07/2025 17:00:00","BZN|NL","Without Sequence","66.00","",""
"14/07/2025 17:00:00 - 14/07/2025 18:00:00","BZN|NL","Without Sequence","80.89","",""
"14/07/2025 18:00:00 - 14/07/2025 19:00:00","BZN|NL","Without Sequence","96.10","",""
"14/07/2025 19:00:00 - 14/07/2025 20:00:00","BZN|NL","Without Sequence","98.00","",""
"14/07/2025 20:00:00 - 14/07/2025 21:00:00","BZN|NL","Without Sequence","116.13","",""
"14/07/2025 21:00:00 - 14/07/2025 22:00:00","BZN|NL","Without Sequence","138.76","",""
"14/07/2025 22:00:00 - 14/07/2025 23:00:00","BZN|NL","Without Sequence","125.12","",""
"14/07/2025 23:00:00 - 15/07/2025 00:00:00","BZN|NL","Without Sequence","111.17","",""
"15/07/2025 00:00:00 - 15/07/2025 01:00:00","BZN|NL","Without Sequence","99.90","",""
"15/07/2025 01:00:00 - 15/07/2025 02:00:00","BZN|NL","Without Sequence","96.79","",""
"15/07/2025 02:00:00 - 15/07/2025 03:00:00","BZN|NL","Without Sequence","90.24","",""
"15/07/2025 03:00:00 - 15/07/2025 04:00:00","BZN|NL","Without Sequence","86.45","",""
"15/07/2025 04:00:00 - 15/07/2025 05:00:00","BZN|NL","Without Sequence","85.10","",""
"15/07/2025 05:00:00 - 15/07/2025 06:00:00","BZN|NL","Without Sequence","91.07","",""
"15/07/2025 06:00:00 - 15/07/2025 07:00:00","BZN|NL","Without Sequence","103.52","",""
"15/07/2025 07:00:00 - 15/07/2025 08:00:00","BZN|NL","Without Sequence","110.00","",""
"15/07/2025 08:00:00 - 15/07/2025 09:00:00","BZN|NL","Without Sequence","105.55","",""
"15/07/2025 09:00:00 - 15/07/2025 10:00:00","BZN|NL","Without Sequence","88.67","",""
"15/07/2025 10:00:00 - 15/07/2025 11:00:00","BZN|NL","Without Sequence","71.53","",""
"15/07/2025 11:00:00 - 15/07/2025 12:00:00","BZN|NL","Without Sequence","61.47","",""
"15/07/2025 12:00:00 - 15/07/2025 13:00:00","BZN|NL","Without Sequence","17.00","",""
"15/07/2025 13:00:00 - 15/07/2025 14:00:00","BZN|NL","Without Sequence","7.22","",""
"15/07/2025 14:00:00 - 15/07/2025 15:00:00","BZN|NL","Without Sequence","13.15","",""
"15/07/2025 15:00:00 - 15/07/2025 16:00:00","BZN|NL","Without Sequence","31.22","",""
"15/07/2025 16:00:00 - 15/07/2025 17:00:00","BZN|NL","Without Sequence","58.14","",""
"15/07/2025 17:00:00 - 15/07/2025 18:00:00","BZN|NL","Without Sequence","80.28","",""
"15/07/2025 18:00:00 - 15/07/2025 19:00:00","BZN|NL","Without Sequence","96.91","",""
"15/07/2025 19:00:00 - 15/07/2025 20:00:00","BZN|NL","Without Sequence","106.45","",""
"15/07/2025 20:00:00 - 15/07/2025 21:00:00","BZN|NL","Without Sequence","119.66","",""
"15/07/2025 21:00:00 - 15/07/2025 22:00:00","BZN|NL","Without Sequence","119.90","",""
"15/07/2025 22:00:00 - 15/07/2025 23:00:00","BZN|NL","Without Sequence","115.71","",""
"15/07/2025 23:00:00 - 16/07/2025 00:00:00","BZN|NL","Without Sequence","98.70","",""
"16/07/2025 00:00:00 - 16/07/2025 01:00:00","BZN|NL","Without Sequence","95.83","",""
"16/07/2025 01:00:00 - 16/07/2025 02:00:00","BZN|NL","Without Sequence","91.04","",""
"16/07/2025 02:00:00 - 16/07/2025 03:00:00","BZN|NL","Without Sequence","84.00","",""
"16/07/2025 03:00:00 - 16/07/2025 04:00:00","BZN|NL","Without Sequence","80.43","",""
"16/07/2025 04:00:00 - 16/07/2025 05:00:00","BZN|NL","Without Sequence","80.96","",""
"16/07/2025 05:00:00 - 16/07/2025 06:00:00","BZN|NL","Without Sequence","86.65","",""
"16/07/2025 06:00:00 - 16/07/2025 07:00:00","BZN|NL","Without Sequence","101.12","",""
"16/07/2025 07:00:00 - 16/07/2025 08:00:00","BZN|NL","Without Sequence","109.08","",""
"16/07/2025 08:00:00 - 16/07/2025 09:00:00","BZN|NL","Without Sequence","109.09","",""
"16/07/2025 09:00:00 - 16/07/2025 10:00:00","BZN|NL","Without Sequence","99.90","",""
"16/07/2025 10:00:00 - 16/07/2025 11:00:00","BZN|NL","Without Sequence","82.65","",""
"16/07/2025 11:00:00 - 16/07/2025 12:00:00","BZN|NL","Without Sequence","75.64","",""
"16/07/2025 12:00:00 - 16/07/2025 13:00:00","BZN|NL","Without Sequence","78.01","",""
"16/07/2025 13:00:00 - 16/07/2025 14:00:00","BZN|NL","Without Sequence","72.43","",""
"16/07/2025 14:00:00 - 16/07/2025 15:00:00","BZN|NL","Without Sequence","62.85","",""
"16/07/2025 15:00:00 - 16/07/2025 16:00:00","BZN|NL","Without Sequence","63.25","",""
"16/07/2025 16:00:00 - 16/07/2025 17:00:00","BZN|NL","Without Sequence","73.51","",""
"16/07/2025 17:00:00 - 16/07/2025 18:00:00","BZN|NL","Without Sequence","84.43","",""
"16/07/2025 18:00:00 - 16/07/2025 19:00:00","BZN|NL","Without Sequence","98.65","",""
"16/07/2025 19:00:00 - 16/07/2025 20:00:00","BZN|NL","Without Sequence","109.68","",""
"16/07/2025 20:00:00 - 16/07/2025 21:00:00","BZN|NL","Without Sequence","120.80","",""
"16/07/2025 21:00:00 - 16/07/2025 22:00:00","BZN|NL","Without Sequence","132.70","",""
"16/07/2025 22:00:00 - 16/07/2025 23:00:00","BZN|NL","Without Sequence","121.28","",""
"16/07/2025 23:00:00 - 17/07/2025 00:00:00","BZN|NL","Without Sequence","110.75","",""
"17/07/2025 00:00:00 - 17/07/2025 01:00:00","BZN|NL","Without Sequence","103.91","",""
"17/07/2025 01:00:00 - 17/07/2025 02:00:00","BZN|NL","Without Sequence","98.42","",""
"17/07/2025 02:00:00 - 17/07/2025 03:00:00","BZN|NL","Without Sequence","90.04","",""
"17/07/2025 03:00:00 - 17/07/2025 04:00:00","BZN|NL","Without Sequence","85.20","",""
"17/07/2025 04:00:00 - 17/07/2025 05:00:00","BZN|NL","Without Sequence","86.49","",""
"17/07/2025 05:00:00 - 17/07/2025 06:00:00","BZN|NL","Without Sequence","89.24","",""
"17/07/2025 06:00:00 - 17/07/2025 07:00:00","BZN|NL","Without Sequence","104.36","",""
"17/07/2025 07:00:00 - 17/07/2025 08:00:00","BZN|NL","Without Sequence","109.94","",""
"17/07/2025 08:00:00 - 17/07/2025 09:00:00","BZN|NL","Without Sequence","105.92","",""
"17/07/2025 09:00:00 - 17/07/2025 10:00:00","BZN|NL","Without Sequence","93.10","",""
"17/07/2025 10:00:00 - 17/07/2025 11:00:00","BZN|NL","Without Sequence","85.00","",""
"17/07/2025 11:00:00 - 17/07/2025 12:00:00","BZN|NL","Without Sequence","77.07","",""
"17/07/2025 12:00:00 - 17/07/2025 13:00:00","BZN|NL","Without Sequence","70.17","",""
"17/07/2025 13:00:00 - 17/07/2025 14:00:00","BZN|NL","Without Sequence","55.48","",""
"17/07/2025 14:00:00 - 17/07/2025 15:00:00","BZN|NL","Without Sequence","50.23","",""
"17/07/2025 15:00:00 - 17/07/2025 16:00:00","BZN|NL","Without Sequence","66.29","",""
"17/07/2025 16:00:00 - 17/07/2025 17:00:00","BZN|NL","Without Sequence","75.29","",""
"17/07/2025 17:00:00 - 17/07/2025 18:00:00","BZN|NL","Without Sequence","82.93","",""
"17/07/2025 18:00:00 - 17/07/2025 19:00:00","BZN|NL","Without Sequence","96.59","",""
"17/07/2025 19:00:00 - 17/07/2025 20:00:00","BZN|NL","Without Sequence","111.17","",""
"17/07/2025 20:00:00 - 17/07/2025 21:00:00","BZN|NL","Without Sequence","122.01","",""
"17/07/2025 21:00:00 - 17/07/2025 22:00:00","BZN|NL","Without Sequence","133.12","",""
"17/07/2025 22:00:00 - 17/07/2025 23:00:00","BZN|NL","Without Sequence","125.07","",""
"17/07/2025 23:00:00 - 18/07/2025 00:00:00","BZN|NL","Without Sequence","114.18","",""
"18/07/2025 00:00:00 - 18/07/2025 01:00:00","BZN|NL","Without Sequence","107.74","",""
"18/07/2025 01:00:00 - 18/07/2025 02:00:00","BZN|NL","Without Sequence","98.62","",""
"18/07/2025 02:00:00 - 18/07/2025 03:00:00","BZN|NL","Without Sequence","95.72","",""
"18/07/2025 03:00:00 - 18/07/2025 04:00:00","BZN|NL","Without Sequence","95.30","",""
"18/07/2025 04:00:00 - 18/07/2025 05:00:00","BZN|NL","Without Sequence","97.06","",""
"18/07/2025 05:00:00 - 18/07/2025 06:00:00","BZN|NL","Without Sequence","106.47","",""
"18/07/2025 06:00:00 - 18/07/2025 07:00:00","BZN|NL","Without Sequence","112.66","",""
"18/07/2025 07:00:00 - 18/07/2025 08:00:00","BZN|NL","Without Sequence","113.60","",""
"18/07/2025 08:00:00 - 18/07/2025 09:00:00","BZN|NL","Without Sequence","109.39","",""
"18/07/2025 09:00:00 - 18/07/2025 10:00:00","BZN|NL","Without Sequence","99.21","",""
"18/07/2025 10:00:00 - 18/07/2025 11:00:00","BZN|NL","Without Sequence","85.63","",""
"18/07/2025 11:00:00 - 18/07/2025 12:00:00","BZN|NL","Without Sequence","82.08","",""
"18/07/2025 12:00:00 - 18/07/2025 13:00:00","BZN|NL","Without Sequence","80.00","",""
"18/07/2025 13:00:00 - 18/07/2025 14:00:00","BZN|NL","Without Sequence","73.02","",""
"18/07/2025 14:00:00 - 18/07/2025 15:00:00","BZN|NL","Without Sequence","71.20","",""
"18/07/2025 15:00:00 - 18/07/2025 16:00:00","BZN|NL","Without Sequence","72.68","",""
"18/07/2025 16:00:00 - 18/07/2025 17:00:00","BZN|NL","Without Sequence","80.55","",""
"18/07/2025 17:00:00 - 18/07/2025 18:00:00","BZN|NL","Without Sequence","84.68","",""
"18/07/2025 18:00:00 - 18/07/2025 19:00:00","BZN|NL","Without Sequence","99.78","",""
"18/07/2025 19:00:00 - 18/07/2025 20:00:00","BZN|NL","Without Sequence","120.28","",""
"18/07/2025 20:00:00 - 18/07/2025 21:00:00","BZN|NL","Without Sequence","146.55","",""
"18/07/2025 21:00:00 - 18/07/2025 22:00:00","BZN|NL","Without Sequence","147.00","",""
"18/07/2025 22:00:00 - 18/07/2025 23:00:00","BZN|NL","Without Sequence","126.88","",""
"18/07/2025 23:00:00 - 19/07/2025 00:00:00","BZN|NL","Without Sequence","113.93","",""
"19/07/2025 00:00:00 - 19/07/2025 01:00:00","BZN|NL","Without Sequence","107.60","",""
"19/07/2025 01:00:00 - 19/07/2025 02:00:00","BZN|NL","Without Sequence","105.35","",""
"19/07/2025 02:00:00 - 19/07/2025 03:00:00","BZN|NL","Without Sequence","102.66","",""
"19/07/2025 03:00:00 - 19/07/2025 04:00:00","BZN|NL","Without Sequence","101.63","",""
"19/07/2025 04:00:00 - 19/07/2025 05:00:00","BZN|NL","Without Sequence","98.38","",""
"19/07/2025 05:00:00 - 19/07/2025 06:00:00","BZN|NL","Without Sequence","93.69","",""
"19/07/2025 06:00:00 - 19/07/2025 07:00:00","BZN|NL","Without Sequence","96.29","",""
"19/07/2025 07:00:00 - 19/07/2025 08:00:00","BZN|NL","Without Sequence","87.91","",""
"19/07/2025 08:00:00 - 19/07/2025 09:00:00","BZN|NL","Without Sequence","82.52","",""
"19/07/2025 09:00:00 - 19/07/2025 10:00:00","BZN|NL","Without Sequence","56.00","",""
"19/07/2025 10:00:00 - 19/07/2025 11:00:00","BZN|NL","Without Sequence","10.00","",""
"19/07/2025 11:00:00 - 19/07/2025 12:00:00","BZN|NL","Without Sequence","0.65","",""
"19/07/2025 12:00:00 - 19/07/2025 13:00:00","BZN|NL","Without Sequence","0.00","",""
"19/07/2025 13:00:00 - 19/07/2025 14:00:00","BZN|NL","Without Sequence","-0.01","",""
"19/07/2025 14:00:00 - 19/07/2025 15:00:00","BZN|NL","Without Sequence","0.00","",""
"19/07/2025 15:00:00 - 19/07/2025 16:00:00","BZN|NL","Without Sequence","2.19","",""
"19/07/2025 16:00:00 - 19/07/2025 17:00:00","BZN|NL","Without Sequence","31.84","",""
"19/07/2025 17:00:00 - 19/07/2025 18:00:00","BZN|NL","Without Sequence","86.98","",""
"19/07/2025 18:00:00 - 19/07/2025 19:00:00","BZN|NL","Without Sequence","98.40","",""
"19/07/2025 19:00:00 - 19/07/2025 20:00:00","BZN|NL","Without Sequence","115.82","",""
"19/07/2025 20:00:00 - 19/07/2025 21:00:00","BZN|NL","Without Sequence","121.26","",""
"19/07/2025 21:00:00 - 19/07/2025 22:00:00","BZN|NL","Without Sequence","112.15","",""
"19/07/2025 22:00:00 - 19/07/2025 23:00:00","BZN|NL","Without Sequence","106.27","",""
"19/07/2025 23:00:00 - 20/07/2025 00:00:00","BZN|NL","Without Sequence","99.38","",""
"20/07/2025 00:00:00 - 20/07/2025 01:00:00","BZN|NL","Without Sequence","83.76","",""
"20/07/2025 01:00:00 - 20/07/2025 02:00:00","BZN|NL","Without Sequence","88.94","",""
"20/07/2025 02:00:00 - 20/07/2025 03:00:00","BZN|NL","Without Sequence","98.53","",""
"20/07/2025 03:00:00 - 20/07/2025 04:00:00","BZN|NL","Without Sequence","94.18","",""
"20/07/2025 04:00:00 - 20/07/2025 05:00:00","BZN|NL","Without Sequence","101.70","",""
"20/07/2025 05:00:00 - 20/07/2025 06:00:00","BZN|NL","Without Sequence","98.44","",""
"20/07/2025 06:00:00 - 20/07/2025 07:00:00","BZN|NL","Without Sequence","97.20","",""
"20/07/2025 07:00:00 - 20/07/2025 08:00:00","BZN|NL","Without Sequence","88.44","",""
"20/07/2025 08:00:00 - 20/07/2025 09:00:00","BZN|NL","Without Sequence","88.20","",""
"20/07/2025 09:00:00 - 20/07/2025 10:00:00","BZN|NL","Without Sequence","62.86","",""
"20/07/2025 10:00:00 - 20/07/2025 11:00:00","BZN|NL","Without Sequence","14.47","",""
"20/07/2025 11:00:00 - 20/07/2025 12:00:00","BZN|NL","Without Sequence","3.30","",""
"20/07/2025 12:00:00 - 20/07/2025 13:00:00","BZN|NL","Without Sequence","0.00","",""
"20/07/2025 13:00:00 - 20/07/2025 14:00:00","BZN|NL","Without Sequence","-0.01","",""
"20/07/2025 14:00:00 - 20/07/2025 15:00:00","BZN|NL","Without Sequence","0.00","",""
"20/07/2025 15:00:00 - 20/07/2025 16:00:00","BZN|NL","Without Sequence","14.63","",""
"20/07/2025 16:00:00 - 20/07/2025 17:00:00","BZN|NL","Without Sequence","69.33","",""
"20/07/2025 17:00:00 - 20/07/2025 18:00:00","BZN|NL","Without Sequence","85.96","",""
"20/07/2025 18:00:00 - 20/07/2025 19:00:00","BZN|NL","Without Sequence","107.03","",""
"20/07/2025 19:00:00 - 20/07/2025 20:00:00","BZN|NL","Without Sequence","112.00","",""
"20/07/2025 20:00:00 - 20/07/2025 21:00:00","BZN|NL","Without Sequence","116.00","",""
"20/07/2025 21:00:00 - 20/07/2025 22:00:00","BZN|NL","Without Sequence","124.90","",""
"20/07/2025 22:00:00 - 20/07/2025 23:00:00","BZN|NL","Without Sequence","120.88","",""
"20/07/2025 23:00:00 - 21/07/2025 00:00:00","BZN|NL","Without Sequence","109.05","",""
"21/07/2025 00:00:00 - 21/07/2025 01:00:00","BZN|NL","Without Sequence","92.00","",""
"21/07/2025 01:00:00 - 21/07/2025 02:00:00","BZN|NL","Without Sequence","85.71","",""
"21/07/2025 02:00:00 - 21/07/2025 03:00:00","BZN|NL","Without Sequence","87.71","",""
"21/07/2025 03:00:00 - 21/07/2025 04:00:00","BZN|NL","Without Sequence","87.20","",""
"21/07/2025 04:00:00 - 21/07/2025 05:00:00","BZN|NL","Without Sequence","84.12","",""
"21/07/2025 05:00:00 - 21/07/2025 06:00:00","BZN|NL","Without Sequence","92.86","",""
"21/07/2025 06:00:00 - 21/07/2025 07:00:00","BZN|NL","Without Sequence","103.88","",""
"21/07/2025 07:00:00 - 21/07/2025 08:00:00","BZN|NL","Without Sequence","100.10","",""
"21/07/2025 08:00:00 - 21/07/2025 09:00:00","BZN|NL","Without Sequence","95.29","",""
"21/07/2025 09:00:00 - 21/07/2025 10:00:00","BZN|NL","Without Sequence","90.85","",""
"21/07/2025 10:00:00 - 21/07/2025 11:00:00","BZN|NL","Without Sequence","69.95","",""
"21/07/2025 11:00:00 - 21/07/2025 12:00:00","BZN|NL","Without Sequence","67.06","",""
"21/07/2025 12:00:00 - 21/07/2025 13:00:00","BZN|NL","Without Sequence","74.01","",""
"21/07/2025 13:00:00 - 21/07/2025 14:00:00","BZN|NL","Without Sequence","74.96","",""
"21/07/2025 14:00:00 - 21/07/2025 15:00:00","BZN|NL","Without Sequence","78.62","",""
"21/07/2025 15:00:00 - 21/07/2025 16:00:00","BZN|NL","Without Sequence","77.70","",""
"21/07/2025 16:00:00 - 21/07/2025 17:00:00","BZN|NL","Without Sequence","83.10","",""
"21/07/2025 17:00:00 - 21/07/2025 18:00:00","BZN|NL","Without Sequence","96.87","",""
"21/07/2025 18:00:00 - 21/07/2025 19:00:00","BZN|NL","Without Sequence","103.44","",""
"21/07/2025 19:00:00 - 21/07/2025 20:00:00","BZN|NL","Without Sequence","129.29","",""
"21/07/2025 20:00:00 - 21/07/2025 21:00:00","BZN|NL","Without Sequence","135.43","",""
"21/07/2025 21:00:00 - 21/07/2025 22:00:00","BZN|NL","Without Sequence","129.63","",""
"21/07/2025 22:00:00 - 21/07/2025 23:00:00","BZN|NL","Without Sequence","111.07","",""
"21/07/2025 23:00:00 - 22/07/2025 00:00:00","BZN|NL","Without Sequence","100.04","",""
"22/07/2025 00:00:00 - 22/07/2025 01:00:00","BZN|NL","Without Sequence","94.74","",""
"22/07/2025 01:00:00 - 22/07/2025 02:00:00","BZN|NL","Without Sequence","87.20","",""
"22/07/2025 02:00:00 - 22/07/2025 03:00:00","BZN|NL","Without Sequence","85.48","",""
"22/07/2025 03:00:00 - 22/07/2025 04:00:00","BZN|NL","Without Sequence","82.00","",""
"22/07/2025 04:00:00 - 22/07/2025 05:00:00","BZN|NL","Without Sequence","81.00","",""
"22/07/2025 05:00:00 - 22/07/2025 06:00:00","BZN|NL","Without Sequence","86.71","",""
"22/07/2025 06:00:00 - 22/07/2025 07:00:00","BZN|NL","Without Sequence","105.69","",""
"22/07/2025 07:00:00 - 22/07/2025 08:00:00","BZN|NL","Without Sequence","106.40","",""
"22/07/2025 08:00:00 - 22/07/2025 09:00:00","BZN|NL","Without Sequence","106.30","",""
"22/07/2025 09:00:00 - 22/07/2025 10:00:00","BZN|NL","Without Sequence","88.90","",""
"22/07/2025 10:00:00 - 22/07/2025 11:00:00","BZN|NL","Without Sequence","78.32","",""
"22/07/2025 11:00:00 - 22/07/2025 12:00:00","BZN|NL","Without Sequence","63.37","",""
"22/07/2025 12:00:00 - 22/07/2025 13:00:00","BZN|NL","Without Sequence","38.26","",""
"22/07/2025 13:00:00 - 22/07/2025 14:00:00","BZN|NL","Without Sequence","10.71","",""
"22/07/2025 14:00:00 - 22/07/2025 15:00:00","BZN|NL","Without Sequence","0.45","",""
"22/07/2025 15:00:00 - 22/07/2025 16:00:00","BZN|NL","Without Sequence","4.54","",""
"22/07/2025 16:00:00 - 22/07/2025 17:00:00","BZN|NL","Without Sequence","36.99","",""
"22/07/2025 17:00:00 - 22/07/2025 18:00:00","BZN|NL","Without Sequence","75.79","",""
"22/07/2025 18:00:00 - 22/07/2025 19:00:00","BZN|NL","Without Sequence","87.55","",""
"22/07/2025 19:00:00 - 22/07/2025 20:00:00","BZN|NL","Without Sequence","107.81","",""
"22/07/2025 20:00:00 - 22/07/2025 21:00:00","BZN|NL","Without Sequence","113.33","",""
"22/07/2025 21:00:00 - 22/07/2025 22:00:00","BZN|NL","Without Sequence","113.62","",""
"22/07/2025 22:00:00 - 22/07/2025 23:00:00","BZN|NL","Without Sequence","108.63","",""
"22/07/2025 23:00:00 - 23/07/2025 00:00:00","BZN|NL","Without Sequence","103.11","",""
"23/07/2025 00:00:00 - 23/07/2025 01:00:00","BZN|NL","Without Sequence","87.96","",""
"23/07/2025 01:00:00 - 23/07/2025 02:00:00","BZN|NL","Without Sequence","80.16","",""
"23/07/2025 02:00:00 - 23/07/2025 03:00:00","BZN|NL","Without Sequence","78.66","",""
"23/07/2025 03:00:00 - 23/07/2025 04:00:00","BZN|NL","Without Sequence","76.70","",""
"23/07/2025 04:00:00 - 23/07/2025 05:00:00","BZN|NL","Without Sequence","78.00","",""
"23/07/2025 05:00:00 - 23/07/2025 06:00:00","BZN|NL","Without Sequence","79.80","",""
"23/07/2025 06:00:00 - 23/07/2025 07:00:00","BZN|NL","Without Sequence","91.82","",""
"23/07/2025 07:00:00 - 23/07/2025 08:00:00","BZN|NL","Without Sequence","99.89","",""
"23/07/2025 08:00:00 - 23/07/2025 09:00:00","BZN|NL","Without Sequence","96.50","",""
"23/07/2025 09:00:00 - 23/07/2025 10:00:00","BZN|NL","Without Sequence","86.53","",""
"23/07/2025 10:00:00 - 23/07/2025 11:00:00","BZN|NL","Without Sequence","85.07","",""
"23/07/2025 11:00:00 - 23/07/2025 12:00:00","BZN|NL","Without Sequence","81.70","",""
"23/07/2025 12:00:00 - 23/07/2025 13:00:00","BZN|NL","Without Sequence","71.47","",""
"23/07/2025 13:00:00 - 23/07/2025 14:00:00","BZN|NL","Without Sequence","52.81","",""
"23/07/2025 14:00:00 - 23/07/2025 15:00:00","BZN|NL","Without Sequence","54.00","",""
"23/07/2025 15:00:00 - 23/07/2025 16:00:00","BZN|NL","Without Sequence","53.73","",""
"23/07/2025 16:00:00 - 23/07/2025 17:00:00","BZN|NL","Without Sequence","68.82","",""
"23/07/2025 17:00:00 - 23/07/2025 18:00:00","BZN|NL","Without Sequence","79.50","",""
"23/07/2025 18:00:00 - 23/07/2025 19:00:00","BZN|NL","Without Sequence","88.56","",""
"23/07/2025 19:00:00 - 23/07/2025 20:00:00","BZN|NL","Without Sequence","106.76","",""
"23/07/2025 20:00:00 - 23/07/2025 21:00:00","BZN|NL","Without Sequence","114.70","",""
"23/07/2025 21:00:00 - 23/07/2025 22:00:00","BZN|NL","Without Sequence","120.00","",""
"23/07/2025 22:00:00 - 23/07/2025 23:00:00","BZN|NL","Without Sequence","110.72","",""
"23/07/2025 23:00:00 - 24/07/2025 00:00:00","BZN|NL","Without Sequence","103.06","",""
"24/07/2025 00:00:00 - 24/07/2025 01:00:00","BZN|NL","Without Sequence","97.50","",""
"24/07/2025 01:00:00 - 24/07/2025 02:00:00","BZN|NL","Without Sequence","92.97","",""
"24/07/2025 02:00:00 - 24/07/2025 03:00:00","BZN|NL","Without Sequence","88.06","",""
"24/07/2025 03:00:00 - 24/07/2025 04:00:00","BZN|NL","Without Sequence","87.01","",""
"24/07/2025 04:00:00 - 24/07/2025 05:00:00","BZN|NL","Without Sequence","89.83","",""
"24/07/2025 05:00:00 - 24/07/2025 06:00:00","BZN|NL","Without Sequence","99.90","",""
"24/07/2025 06:00:00 - 24/07/2025 07:00:00","BZN|NL","Without Sequence","109.22","",""
"24/07/2025 07:00:00 - 24/07/2025 08:00:00","BZN|NL","Without Sequence","91.48","",""
"24/07/2025 08:00:00 - 24/07/2025 09:00:00","BZN|NL","Without Sequence","94.90","",""
"24/07/2025 09:00:00 - 24/07/2025 10:00:00","BZN|NL","Without Sequence","95.47","",""
"24/07/2025 10:00:00 - 24/07/2025 11:00:00","BZN|NL","Without Sequence","86.58","",""
"24/07/2025 11:00:00 - 24/07/2025 12:00:00","BZN|NL","Without Sequence","81.72","",""
"24/07/2025 12:00:00 - 24/07/2025 13:00:00","BZN|NL","Without Sequence","80.60","",""
"24/07/2025 13:00:00 - 24/07/2025 14:00:00","BZN|NL","Without Sequence","74.00","",""
"24/07/2025 14:00:00 - 24/07/2025 15:00:00","BZN|NL","Without Sequence","74.42","",""
"24/07/2025 15:00:00 - 24/07/2025 16:00:00","BZN|NL","Without Sequence","77.93","",""
"24/07/2025 16:00:00 - 24/07/2025 17:00:00","BZN|NL","Without Sequence","83.81","",""
"24/07/2025 17:00:00 - 24/07/2025 18:00:00","BZN|NL","Without Sequence","93.66","",""
"24/07/2025 18:00:00 - 24/07/2025 19:00:00","BZN|NL","Without Sequence","104.00","",""
"24/07/2025 19:00:00 - 24/07/2025 20:00:00","BZN|NL","Without Sequence","110.07","",""
"24/07/2025 20:00:00 - 24/07/2025 21:00:00","BZN|NL","Without Sequence","147.56","",""
"24/07/2025 21:00:00 - 24/07/2025 22:00:00","BZN|NL","Without Sequence","135.61","",""
"24/07/2025 22:00:00 - 24/07/2025 23:00:00","BZN|NL","Without Sequence","117.40","",""
"24/07/2025 23:00:00 - 25/07/2025 00:00:00","BZN|NL","Without Sequence","108.60","",""
"25/07/2025 00:00:00 - 25/07/2025 01:00:00","BZN|NL","Without Sequence","109.21","",""
"25/07/2025 01:00:00 - 25/07/2025 02:00:00","BZN|NL","Without Sequence","102.90","",""
"25/07/2025 02:00:00 - 25/07/2025 03:00:00","BZN|NL","Without Sequence","94.90","",""
"25/07/2025 03:00:00 - 25/07/2025 04:00:00","BZN|NL","Without Sequence","88.93","",""
"25/07/2025 04:00:00 - 25/07/2025 05:00:00","BZN|NL","Without Sequence","91.71","",""
"25/07/2025 05:00:00 - 25/07/2025 06:00:00","BZN|NL","Without Sequence","94.22","",""
"25/07/2025 06:00:00 - 25/07/2025 07:00:00","BZN|NL","Without Sequence","106.10","",""
"25/07/2025 07:00:00 - 25/07/2025 08:00:00","BZN|NL","Without Sequence","108.00","",""
"25/07/2025 08:00:00 - 25/07/2025 09:00:00","BZN|NL","Without Sequence","110.11","",""
"25/07/2025 09:00:00 - 25/07/2025 10:00:00","BZN|NL","Without Sequence","96.79","",""
"25/07/2025 10:00:00 - 25/07/2025 11:00:00","BZN|NL","Without Sequence","90.10","",""
"25/07/2025 11:00:00 - 25/07/2025 12:00:00","BZN|NL","Without Sequence","83.65","",""
"25/07/2025 12:00:00 - 25/07/2025 13:00:00","BZN|NL","Without Sequence","81.35","",""
"25/07/2025 13:00:00 - 25/07/2025 14:00:00","BZN|NL","Without Sequence","72.68","",""
"25/07/2025 14:00:00 - 25/07/2025 15:00:00","BZN|NL","Without Sequence","68.32","",""
"25/07/2025 15:00:00 - 25/07/2025 16:00:00","BZN|NL","Without Sequence","74.54","",""
"25/07/2025 16:00:00 - 25/07/2025 17:00:00","BZN|NL","Without Sequence","76.92","",""
"25/07/2025 17:00:00 - 25/07/2025 18:00:00","BZN|NL","Without Sequence","81.52","",""
"25/07/2025 18:00:00 - 25/07/2025 19:00:00","BZN|NL","Without Sequence","88.85","",""
"25/07/2025 19:00:00 - 25/07/2025 20:00:00","BZN|NL","Without Sequence","104.11","",""
"25/07/2025 20:00:00 - 25/07/2025 21:00:00","BZN|NL","Without Sequence","117.44","",""
"25/07/2025 21:00:00 - 25/07/2025 22:00:00","BZN|NL","Without Sequence","120.70","",""
"25/07/2025 22:00:00 - 25/07/2025 23:00:00","BZN|NL","Without Sequence","114.00","",""
"25/07/2025 23:00:00 - 26/07/2025 00:00:00","BZN|NL","Without Sequence","109.54","",""
"26/07/2025 00:00:00 - 26/07/2025 01:00:00","BZN|NL","Without Sequence","109.17","",""
"26/07/2025 01:00:00 - 26/07/2025 02:00:00","BZN|NL","Without Sequence","99.27","",""
"26/07/2025 02:00:00 - 26/07/2025 03:00:00","BZN|NL","Without Sequence","93.73","",""
"26/07/2025 03:00:00 - 26/07/2025 04:00:00","BZN|NL","Without Sequence","91.60","",""
"26/07/2025 04:00:00 - 26/07/2025 05:00:00","BZN|NL","Without Sequence","90.08","",""
"26/07/2025 05:00:00 - 26/07/2025 06:00:00","BZN|NL","Without Sequence","89.36","",""
"26/07/2025 06:00:00 - 26/07/2025 07:00:00","BZN|NL","Without Sequence","92.39","",""
"26/07/2025 07:00:00 - 26/07/2025 08:00:00","BZN|NL","Without Sequence","90.91","",""
"26/07/2025 08:00:00 - 26/07/2025 09:00:00","BZN|NL","Without Sequence","84.68","",""
"26/07/2025 09:00:00 - 26/07/2025 10:00:00","BZN|NL","Without Sequence","79.16","",""
"26/07/2025 10:00:00 - 26/07/2025 11:00:00","BZN|NL","Without Sequence","71.41","",""
"26/07/2025 11:00:00 - 26/07/2025 12:00:00","BZN|NL","Without Sequence","66.22","",""
"26/07/2025 12:00:00 - 26/07/2025 13:00:00","BZN|NL","Without Sequence","59.22","",""
"26/07/2025 13:00:00 - 26/07/2025 14:00:00","BZN|NL","Without Sequence","44.58","",""
"26/07/2025 14:00:00 - 26/07/2025 15:00:00","BZN|NL","Without Sequence","44.02","",""
"26/07/2025 15:00:00 - 26/07/2025 16:00:00","BZN|NL","Without Sequence","60.14","",""
"26/07/2025 16:00:00 - 26/07/2025 17:00:00","BZN|NL","Without Sequence","66.37","",""
"26/07/2025 17:00:00 - 26/07/2025 18:00:00","BZN|NL","Without Sequence","76.21","",""
"26/07/2025 18:00:00 - 26/07/2025 19:00:00","BZN|NL","Without Sequence","89.44","",""
"26/07/2025 19:00:00 - 26/07/2025 20:00:00","BZN|NL","Without Sequence","110.78","",""
"26/07/2025 20:00:00 - 26/07/2025 21:00:00","BZN|NL","Without Sequence","121.95","",""
"26/07/2025 21:00:00 - 26/07/2025 22:00:00","BZN|NL","Without Sequence","128.23","",""
"26/07/2025 22:00:00 - 26/07/2025 23:00:00","BZN|NL","Without Sequence","119.76","",""
"26/07/2025 23:00:00 - 27/07/2025 00:00:00","BZN|NL","Without Sequence","110.40","",""
"27/07/2025 00:00:00 - 27/07/2025 01:00:00","BZN|NL","Without Sequence","106.28","",""
"27/07/2025 01:00:00 - 27/07/2025 02:00:00","BZN|NL","Without Sequence","102.12","",""
"27/07/2025 02:00:00 - 27/07/2025 03:00:00","BZN|NL","Without Sequence","99.90","",""
"27/07/2025 03:00:00 - 27/07/2025 04:00:00","BZN|NL","Without Sequence","92.07","",""
"27/07/2025 04:00:00 - 27/07/2025 05:00:00","BZN|NL","Without Sequence","91.99","",""
"27/07/2025 05:00:00 - 27/07/2025 06:00:00","BZN|NL","Without Sequence","89.88","",""
"27/07/2025 06:00:00 - 27/07/2025 07:00:00","BZN|NL","Without Sequence","88.79","",""
"27/07/2025 07:00:00 - 27/07/2025 08:00:00","BZN|NL","Without Sequence","86.20","",""
"27/07/2025 08:00:00 - 27/07/2025 09:00:00","BZN|NL","Without Sequence","86.45","",""
"27/07/2025 09:00:00 - 27/07/2025 10:00:00","BZN|NL","Without Sequence","85.64","",""
"27/07/2025 10:00:00 - 27/07/2025 11:00:00","BZN|NL","Without Sequence","71.98","",""
"27/07/2025 11:00:00 - 27/07/2025 12:00:00","BZN|NL","Without Sequence","68.00","",""
"27/07/2025 12:00:00 - 27/07/2025 13:00:00","BZN|NL","Without Sequence","44.94","",""
"27/07/2025 13:00:00 - 27/07/2025 14:00:00","BZN|NL","Without Sequence","15.04","",""
"27/07/2025 14:00:00 - 27/07/2025 15:00:00","BZN|NL","Without Sequence","8.85","",""
"27/07/2025 15:00:00 - 27/07/2025 16:00:00","BZN|NL","Without Sequence","17.30","",""
"27/07/2025 16:00:00 - 27/07/2025 17:00:00","BZN|NL","Without Sequence","48.10","",""
"27/07/2025 17:00:00 - 27/07/2025 18:00:00","BZN|NL","Without Sequence","80.00","",""
"27/07/2025 18:00:00 - 27/07/2025 19:00:00","BZN|NL","Without Sequence","92.68","",""
"27/07/2025 19:00:00 - 27/07/2025 20:00:00","BZN|NL","Without Sequence","104.67","",""
"27/07/2025 20:00:00 - 27/07/2025 21:00:00","BZN|NL","Without Sequence","109.90","",""
"27/07/2025 21:00:00 - 27/07/2025 22:00:00","BZN|NL","Without Sequence","114.71","",""
"27/07/2025 22:00:00 - 27/07/2025 23:00:00","BZN|NL","Without Sequence","107.33","",""
"27/07/2025 23:00:00 - 28/07/2025 00:00:00","BZN|NL","Without Sequence","104.27","",""
"28/07/2025 00:00:00 - 28/07/2025 01:00:00","BZN|NL","Without Sequence","100.00","",""
"28/07/2025 01:00:00 - 28/07/2025 02:00:00","BZN|NL","Without Sequence","88.77","",""
"28/07/2025 02:00:00 - 28/07/2025 03:00:00","BZN|NL","Without Sequence","83.73","",""
"28/07/2025 03:00:00 - 28/07/2025 04:00:00","BZN|NL","Without Sequence","77.39","",""
"28/07/2025 04:00:00 - 28/07/2025 05:00:00","BZN|NL","Without Sequence","76.00","",""
"28/07/2025 05:00:00 - 28/07/2025 06:00:00","BZN|NL","Without Sequence","84.34","",""
"28/07/2025 06:00:00 - 28/07/2025 07:00:00","BZN|NL","Without Sequence","98.62","",""
"28/07/2025 07:00:00 - 28/07/2025 08:00:00","BZN|NL","Without Sequence","108.91","",""
"28/07/2025 08:00:00 - 28/07/2025 09:00:00","BZN|NL","Without Sequence","112.00","",""
"28/07/2025 09:00:00 - 28/07/2025 10:00:00","BZN|NL","Without Sequence","92.97","",""
"28/07/2025 10:00:00 - 28/07/2025 11:00:00","BZN|NL","Without Sequence","85.34","",""
"28/07/2025 11:00:00 - 28/07/2025 12:00:00","BZN|NL","Without Sequence","79.41","",""
"28/07/2025 12:00:00 - 28/07/2025 13:00:00","BZN|NL","Without Sequence","71.49","",""
"28/07/2025 13:00:00 - 28/07/2025 14:00:00","BZN|NL","Without Sequence","67.24","",""
"28/07/2025 14:00:00 - 28/07/2025 15:00:00","BZN|NL","Without Sequence","58.00","",""
"28/07/2025 15:00:00 - 28/07/2025 16:00:00","BZN|NL","Without Sequence","62.84","",""
"28/07/2025 16:00:00 - 28/07/2025 17:00:00","BZN|NL","Without Sequence","66.03","",""
"28/07/2025 17:00:00 - 28/07/2025 18:00:00","BZN|NL","Without Sequence","77.31","",""
"28/07/2025 18:00:00 - 28/07/2025 19:00:00","BZN|NL","Without Sequence","89.33","",""
"28/07/2025 19:00:00 - 28/07/2025 20:00:00","BZN|NL","Without Sequence","99.90","",""
"28/07/2025 20:00:00 - 28/07/2025 21:00:00","BZN|NL","Without Sequence","120.00","",""
"28/07/2025 21:00:00 - 28/07/2025 22:00:00","BZN|NL","Without Sequence","119.90","",""
"28/07/2025 22:00:00 - 28/07/2025 23:00:00","BZN|NL","Without Sequence","107.55","",""
"28/07/2025 23:00:00 - 29/07/2025 00:00:00","BZN|NL","Without Sequence","90.00","",""
"29/07/2025 00:00:00 - 29/07/2025 01:00:00","BZN|NL","Without Sequence","85.21","",""
"29/07/2025 01:00:00 - 29/07/2025 02:00:00","BZN|NL","Without Sequence","80.48","",""
"29/07/2025 02:00:00 - 29/07/2025 03:00:00","BZN|NL","Without Sequence","79.36","",""
"29/07/2025 03:00:00 - 29/07/2025 04:00:00","BZN|NL","Without Sequence","78.22","",""
"29/07/2025 04:00:00 - 29/07/2025 05:00:00","BZN|NL","Without Sequence","79.29","",""
"29/07/2025 05:00:00 - 29/07/2025 06:00:00","BZN|NL","Without Sequence","88.36","",""
"29/07/2025 06:00:00 - 29/07/2025 07:00:00","BZN|NL","Without Sequence","100.60","",""
"29/07/2025 07:00:00 - 29/07/2025 08:00:00","BZN|NL","Without Sequence","110.00","",""
"29/07/2025 08:00:00 - 29/07/2025 09:00:00","BZN|NL","Without Sequence","103.20","",""
"29/07/2025 09:00:00 - 29/07/2025 10:00:00","BZN|NL","Without Sequence","76.72","",""
"29/07/2025 10:00:00 - 29/07/2025 11:00:00","BZN|NL","Without Sequence","61.66","",""
"29/07/2025 11:00:00 - 29/07/2025 12:00:00","BZN|NL","Without Sequence","50.59","",""
"29/07/2025 12:00:00 - 29/07/2025 13:00:00","BZN|NL","Without Sequence","25.70","",""
"29/07/2025 13:00:00 - 29/07/2025 14:00:00","BZN|NL","Without Sequence","4.32","",""
"29/07/2025 14:00:00 - 29/07/2025 15:00:00","BZN|NL","Without Sequence","1.49","",""
"29/07/2025 15:00:00 - 29/07/2025 16:00:00","BZN|NL","Without Sequence","6.74","",""
"29/07/2025 16:00:00 - 29/07/2025 17:00:00","BZN|NL","Without Sequence","42.50","",""
"29/07/2025 17:00:00 - 29/07/2025 18:00:00","BZN|NL","Without Sequence","76.00","",""
"29/07/2025 18:00:00 - 29/07/2025 19:00:00","BZN|NL","Without Sequence","91.40","",""
"29/07/2025 19:00:00 - 29/07/2025 20:00:00","BZN|NL","Without Sequence","111.18","",""
"29/07/2025 20:00:00 - 29/07/2025 21:00:00","BZN|NL","Without Sequence","134.86","",""
"29/07/2025 21:00:00 - 29/07/2025 22:00:00","BZN|NL","Without Sequence","129.90","",""
"29/07/2025 22:00:00 - 29/07/2025 23:00:00","BZN|NL","Without Sequence","113.12","",""
"29/07/2025 23:00:00 - 30/07/2025 00:00:00","BZN|NL","Without Sequence","104.59","",""
"30/07/2025 00:00:00 - 30/07/2025 01:00:00","BZN|NL","Without Sequence","92.16","",""
"30/07/2025 01:00:00 - 30/07/2025 02:00:00","BZN|NL","Without Sequence","87.99","",""
"30/07/2025 02:00:00 - 30/07/2025 03:00:00","BZN|NL","Without Sequence","86.00","",""
"30/07/2025 03:00:00 - 30/07/2025 04:00:00","BZN|NL","Without Sequence","77.18","",""
"30/07/2025 04:00:00 - 30/07/2025 05:00:00","BZN|NL","Without Sequence","78.25","",""
"30/07/2025 05:00:00 - 30/07/2025 06:00:00","BZN|NL","Without Sequence","87.65","",""
"30/07/2025 06:00:00 - 30/07/2025 07:00:00","BZN|NL","Without Sequence","96.46","",""
"30/07/2025 07:00:00 - 30/07/2025 08:00:00","BZN|NL","Without Sequence","95.05","",""
"30/07/2025 08:00:00 - 30/07/2025 09:00:00","BZN|NL","Without Sequence","98.31","",""
"30/07/2025 09:00:00 - 30/07/2025 10:00:00","BZN|NL","Without Sequence","82.55","",""
"30/07/2025 10:00:00 - 30/07/2025 11:00:00","BZN|NL","Without Sequence","63.29","",""
"30/07/2025 11:00:00 - 30/07/2025 12:00:00","BZN|NL","Without Sequence","40.37","",""
"30/07/2025 12:00:00 - 30/07/2025 13:00:00","BZN|NL","Without Sequence","24.79","",""
"30/07/2025 13:00:00 - 30/07/2025 14:00:00","BZN|NL","Without Sequence","17.69","",""
"30/07/2025 14:00:00 - 30/07/2025 15:00:00","BZN|NL","Without Sequence","10.70","",""
"30/07/2025 15:00:00 - 30/07/2025 16:00:00","BZN|NL","Without Sequence","27.40","",""
"30/07/2025 16:00:00 - 30/07/2025 17:00:00","BZN|NL","Without Sequence","41.31","",""
"30/07/2025 17:00:00 - 30/07/2025 18:00:00","BZN|NL","Without Sequence","69.19","",""
"30/07/2025 18:00:00 - 30/07/2025 19:00:00","BZN|NL","Without Sequence","87.18","",""
"30/07/2025 19:00:00 - 30/07/2025 20:00:00","BZN|NL","Without Sequence","105.00","",""
"30/07/2025 20:00:00 - 30/07/2025 21:00:00","BZN|NL","Without Sequence","115.55","",""
"30/07/2025 21:00:00 - 30/07/2025 22:00:00","BZN|NL","Without Sequence","111.06","",""
"30/07/2025 22:00:00 - 30/07/2025 23:00:00","BZN|NL","Without Sequence","104.15","",""
"30/07/2025 23:00:00 - 31/07/2025 00:00:00","BZN|NL","Without Sequence","93.03","",""
"31/07/2025 00:00:00 - 31/07/2025 01:00:00","BZN|NL","Without Sequence","89.47","",""
"31/07/2025 01:00:00 - 31/07/2025 02:00:00","BZN|NL","Without Sequence","83.48","",""
"31/07/2025 02:00:00 - 31/07/2025 03:00:00","BZN|NL","Without Sequence","79.95","",""
"31/07/2025 03:00:00 - 31/07/2025 04:00:00","BZN|NL","Without Sequence","79.52","",""
"31/07/2025 04:00:00 - 31/07/2025 05:00:00","BZN|NL","Without Sequence","78.51","",""
"31/07/2025 05:00:00 - 31/07/2025 06:00:00","BZN|NL","Without Sequence","83.24","",""
"31/07/2025 06:00:00 - 31/07/2025 07:00:00","BZN|NL","Without Sequence","100.75","",""
"31/07/2025 07:00:00 - 31/07/2025 08:00:00","BZN|NL","Without Sequence","100.51","",""
"31/07/2025 08:00:00 - 31/07/2025 09:00:00","BZN|NL","Without Sequence","94.29","",""
"31/07/2025 09:00:00 - 31/07/2025 10:00:00","BZN|NL","Without Sequence","93.90","",""
"31/07/2025 10:00:00 - 31/07/2025 11:00:00","BZN|NL","Without Sequence","74.17","",""
"31/07/2025 11:00:00 - 31/07/2025 12:00:00","BZN|NL","Without Sequence","65.84","",""
"31/07/2025 12:00:00 - 31/07/2025 13:00:00","BZN|NL","Without Sequence","58.00","",""
"31/07/2025 13:00:00 - 31/07/2025 14:00:00","BZN|NL","Without Sequence","43.55","",""
"31/07/2025 14:00:00 - 31/07/2025 15:00:00","BZN|NL","Without Sequence","33.40","",""
"31/07/2025 15:00:00 - 31/07/2025 16:00:00","BZN|NL","Without Sequence","50.58","",""
"31/07/2025 16:00:00 - 31/07/2025 17:00:00","BZN|NL","Without Sequence","68.30","",""
"31/07/2025 17:00:00 - 31/07/2025 18:00:00","BZN|NL","Without Sequence","84.56","",""
"31/07/2025 18:00:00 - 31/07/2025 19:00:00","BZN|NL","Without Sequence","96.82","",""
"31/07/2025 19:00:00 - 31/07/2025 20:00:00","BZN|NL","Without Sequence","116.17","",""
"31/07/2025 20:00:00 - 31/07/2025 21:00:00","BZN|NL","Without Sequence","131.93","",""
"31/07/2025 21:00:00 - 31/07/2025 22:00:00","BZN|NL","Without Sequence","126.71","",""
"31/07/2025 22:00:00 - 31/07/2025 23:00:00","BZN|NL","Without Sequence","114.77","",""
"31/07/2025 23:00:00 - 01/08/2025 00:00:00","BZN|NL","Without Sequence","103.41","",""
"01/08/2025 00:00:00 - 01/08/2025 01:00:00","BZN|NL","Without Sequence","105.47","",""
"01/08/2025 01:00:00 - 01/08/2025 02:00:00","BZN|NL","Without Sequence","98.54","",""
"01/08/2025 02:00:00 - 01/08/2025 03:00:00","BZN|NL","Without Sequence","92.15","",""
"01/08/2025 03:00:00 - 01/08/2025 04:00:00","BZN|NL","Without Sequence","89.01","",""
"01/08/2025 04:00:00 - 01/08/2025 05:00:00","BZN|NL","Without Sequence","90.67","",""
"01/08/2025 05:00:00 - 01/08/2025 06:00:00","BZN|NL","Without Sequence","97.56","",""
"01/08/2025 06:00:00 - 01/08/2025 07:00:00","BZN|NL","Without Sequence","104.30","",""
"01/08/2025 07:00:00 - 01/08/2025 08:00:00","BZN|NL","Without Sequence","108.00","",""
"01/08/2025 08:00:00 - 01/08/2025 09:00:00","BZN|NL","Without Sequence","106.64","",""
"01/08/2025 09:00:00 - 01/08/2025 10:00:00","BZN|NL","Without Sequence","103.67","",""
"01/08/2025 10:00:00 - 01/08/2025 11:00:00","BZN|NL","Without Sequence","97.95","",""
"01/08/2025 11:00:00 - 01/08/2025 12:00:00","BZN|NL","Without Sequence","84.10","",""
"01/08/2025 12:00:00 - 01/08/2025 13:00:00","BZN|NL","Without Sequence","69.76","",""
"01/08/2025 13:00:00 - 01/08/2025 14:00:00","BZN|NL","Without Sequence","55.76","",""
"01/08/2025 14:00:00 - 01/08/2025 15:00:00","BZN|NL","Without Sequence","44.25","",""
"01/08/2025 15:00:00 - 01/08/2025 16:00:00","BZN|NL","Without Sequence","43.21","",""
"01/08/2025 16:00:00 - 01/08/2025 17:00:00","BZN|NL","Without Sequence","62.23","",""
"01/08/2025 17:00:00 - 01/08/2025 18:00:00","BZN|NL","Without Sequence","76.58","",""
"01/08/2025 18:00:00 - 01/08/2025 19:00:00","BZN|NL","Without Sequence","90.10","",""
"01/08/2025 19:00:00 - 01/08/2025 20:00:00","BZN|NL","Without Sequence","109.51","",""
"01/08/2025 20:00:00 - 01/08/2025 21:00:00","BZN|NL","Without Sequence","118.13","",""
"01/08/2025 21:00:00 - 01/08/2025 22:00:00","BZN|NL","Without Sequence","117.51","",""
"01/08/2025 22:00:00 - 01/08/2025 23:00:00","BZN|NL","Without Sequence","110.72","",""
"01/08/2025 23:00:00 - 02/08/2025 00:00:00","BZN|NL","Without Sequence","102.73","",""
"02/08/2025 00:00:00 - 02/08/2025 01:00:00","BZN|NL","Without Sequence","104.06","",""
"02/08/2025 01:00:00 - 02/08/2025 02:00:00","BZN|NL","Without Sequence","98.54","",""
"02/08/2025 02:00:00 - 02/08/2025 03:00:00","BZN|NL","Without Sequence","94.88","",""
"02/08/2025 03:00:00 - 02/08/2025 04:00:00","BZN|NL","Without Sequence","87.94","",""
"02/08/2025 04:00:00 - 02/08/2025 05:00:00","BZN|NL","Without Sequence","87.03","",""
"02/08/2025 05:00:00 - 02/08/2025 06:00:00","BZN|NL","Without Sequence","86.40","",""
"02/08/2025 06:00:00 - 02/08/2025 07:00:00","BZN|NL","Without Sequence","86.96","",""
"02/08/2025 07:00:00 - 02/08/2025 08:00:00","BZN|NL","Without Sequence","80.78","",""
"02/08/2025 08:00:00 - 02/08/2025 09:00:00","BZN|NL","Without Sequence","75.51","",""
"02/08/2025 09:00:00 - 02/08/2025 10:00:00","BZN|NL","Without Sequence","59.76","",""
"02/08/2025 10:00:00 - 02/08/2025 11:00:00","BZN|NL","Without Sequence","28.59","",""
"02/08/2025 11:00:00 - 02/08/2025 12:00:00","BZN|NL","Without Sequence","5.68","",""
"02/08/2025 12:00:00 - 02/08/2025 13:00:00","BZN|NL","Without Sequence","2.95","",""
"02/08/2025 13:00:00 - 02/08/2025 14:00:00","BZN|NL","Without Sequence","0.00","",""
"02/08/2025 14:00:00 - 02/08/2025 15:00:00","BZN|NL","Without Sequence","0.00","",""
"02/08/2025 15:00:00 - 02/08/2025 16:00:00","BZN|NL","Without Sequence","0.00","",""
"02/08/2025 16:00:00 - 02/08/2025 17:00:00","BZN|NL","Without Sequence","4.44","",""
"02/08/2025 17:00:00 - 02/08/2025 18:00:00","BZN|NL","Without Sequence","52.46","",""
"02/08/2025 18:00:00 - 02/08/2025 19:00:00","BZN|NL","Without Sequence","83.08","",""
"02/08/2025 19:00:00 - 02/08/2025 20:00:00","BZN|NL","Without Sequence","108.91","",""
"02/08/2025 20:00:00 - 02/08/2025 21:00:00","BZN|NL","Without Sequence","116.15","",""
"02/08/2025 21:00:00 - 02/08/2025 22:00:00","BZN|NL","Without Sequence","110.00","",""
"02/08/2025 22:00:00 - 02/08/2025 23:00:00","BZN|NL","Without Sequence","105.22","",""
"02/08/2025 23:00:00 - 03/08/2025 00:00:00","BZN|NL","Without Sequence","97.58","",""
"03/08/2025 00:00:00 - 03/08/2025 01:00:00","BZN|NL","Without Sequence","85.82","",""
"03/08/2025 01:00:00 - 03/08/2025 02:00:00","BZN|NL","Without Sequence","77.52","",""
"03/08/2025 02:00:00 - 03/08/2025 03:00:00","BZN|NL","Without Sequence","73.53","",""
"03/08/2025 03:00:00 - 03/08/2025 04:00:00","BZN|NL","Without Sequence","65.97","",""
"03/08/2025 04:00:00 - 03/08/2025 05:00:00","BZN|NL","Without Sequence","62.72","",""
"03/08/2025 05:00:00 - 03/08/2025 06:00:00","BZN|NL","Without Sequence","59.98","",""
"03/08/2025 06:00:00 - 03/08/2025 07:00:00","BZN|NL","Without Sequence","46.80","",""
"03/08/2025 07:00:00 - 03/08/2025 08:00:00","BZN|NL","Without Sequence","32.00","",""
"03/08/2025 08:00:00 - 03/08/2025 09:00:00","BZN|NL","Without Sequence","6.16","",""
"03/08/2025 09:00:00 - 03/08/2025 10:00:00","BZN|NL","Without Sequence","0.00","",""
"03/08/2025 10:00:00 - 03/08/2025 11:00:00","BZN|NL","Without Sequence","-1.01","",""
"03/08/2025 11:00:00 - 03/08/2025 12:00:00","BZN|NL","Without Sequence","-2.10","",""
"03/08/2025 12:00:00 - 03/08/2025 13:00:00","BZN|NL","Without Sequence","-3.00","",""
"03/08/2025 13:00:00 - 03/08/2025 14:00:00","BZN|NL","Without Sequence","-9.90","",""
"03/08/2025 14:00:00 - 03/08/2025 15:00:00","BZN|NL","Without Sequence","-10.08","",""
"03/08/2025 15:00:00 - 03/08/2025 16:00:00","BZN|NL","Without Sequence","-4.98","",""
"03/08/2025 16:00:00 - 03/08/2025 17:00:00","BZN|NL","Without Sequence","-1.50","",""
"03/08/2025 17:00:00 - 03/08/2025 18:00:00","BZN|NL","Without Sequence","3.16","",""
"03/08/2025 18:00:00 - 03/08/2025 19:00:00","BZN|NL","Without Sequence","66.20","",""
"03/08/2025 19:00:00 - 03/08/2025 20:00:00","BZN|NL","Without Sequence","93.06","",""
"03/08/2025 20:00:00 - 03/08/2025 21:00:00","BZN|NL","Without Sequence","100.86","",""
"03/08/2025 21:00:00 - 03/08/2025 22:00:00","BZN|NL","Without Sequence","96.07","",""
"03/08/2025 22:00:00 - 03/08/2025 23:00:00","BZN|NL","Without Sequence","97.34","",""
"03/08/2025 23:00:00 - 04/08/2025 00:00:00","BZN|NL","Without Sequence","85.09","",""
"04/08/2025 00:00:00 - 04/08/2025 01:00:00","BZN|NL","Without Sequence","81.05","",""
"04/08/2025 01:00:00 - 04/08/2025 02:00:00","BZN|NL","Without Sequence","70.07","",""
"04/08/2025 02:00:00 - 04/08/2025 03:00:00","BZN|NL","Without Sequence","69.97","",""
"04/08/2025 03:00:00 - 04/08/2025 04:00:00","BZN|NL","Without Sequence","74.22","",""
"04/08/2025 04:00:00 - 04/08/2025 05:00:00","BZN|NL","Without Sequence","75.69","",""
"04/08/2025 05:00:00 - 04/08/2025 06:00:00","BZN|NL","Without Sequence","85.45","",""
"04/08/2025 06:00:00 - 04/08/2025 07:00:00","BZN|NL","Without Sequence","98.08","",""
"04/08/2025 07:00:00 - 04/08/2025 08:00:00","BZN|NL","Without Sequence","106.76","",""
"04/08/2025 08:00:00 - 04/08/2025 09:00:00","BZN|NL","Without Sequence","105.06","",""
"04/08/2025 09:00:00 - 04/08/2025 10:00:00","BZN|NL","Without Sequence","100.92","",""
"04/08/2025 10:00:00 - 04/08/2025 11:00:00","BZN|NL","Without Sequence","78.36","",""
"04/08/2025 11:00:00 - 04/08/2025 12:00:00","BZN|NL","Without Sequence","49.54","",""
"04/08/2025 12:00:00 - 04/08/2025 13:00:00","BZN|NL","Without Sequence","13.41","",""
"04/08/2025 13:00:00 - 04/08/2025 14:00:00","BZN|NL","Without Sequence","4.05","",""
"04/08/2025 14:00:00 - 04/08/2025 15:00:00","BZN|NL","Without Sequence","0.65","",""
"04/08/2025 15:00:00 - 04/08/2025 16:00:00","BZN|NL","Without Sequence","0.02","",""
"04/08/2025 16:00:00 - 04/08/2025 17:00:00","BZN|NL","Without Sequence","11.19","",""
"04/08/2025 17:00:00 - 04/08/2025 18:00:00","BZN|NL","Without Sequence","38.28","",""
"04/08/2025 18:00:00 - 04/08/2025 19:00:00","BZN|NL","Without Sequence","65.08","",""
"04/08/2025 19:00:00 - 04/08/2025 20:00:00","BZN|NL","Without Sequence","83.64","",""
"04/08/2025 20:00:00 - 04/08/2025 21:00:00","BZN|NL","Without Sequence","80.56","",""
"04/08/2025 21:00:00 - 04/08/2025 22:00:00","BZN|NL","Without Sequence","73.79","",""
"04/08/2025 22:00:00 - 04/08/2025 23:00:00","BZN|NL","Without Sequence","67.05","",""
"04/08/2025 23:00:00 - 05/08/2025 00:00:00","BZN|NL","Without Sequence","48.59","",""
"05/08/2025 00:00:00 - 05/08/2025 01:00:00","BZN|NL","Without Sequence","20.00","",""
"05/08/2025 01:00:00 - 05/08/2025 02:00:00","BZN|NL","Without Sequence","13.15","",""
"05/08/2025 02:00:00 - 05/08/2025 03:00:00","BZN|NL","Without Sequence","13.62","",""
"05/08/2025 03:00:00 - 05/08/2025 04:00:00","BZN|NL","Without Sequence","20.46","",""
"05/08/2025 04:00:00 - 05/08/2025 05:00:00","BZN|NL","Without Sequence","46.56","",""
"05/08/2025 05:00:00 - 05/08/2025 06:00:00","BZN|NL","Without Sequence","67.84","",""
"05/08/2025 06:00:00 - 05/08/2025 07:00:00","BZN|NL","Without Sequence","82.81","",""
"05/08/2025 07:00:00 - 05/08/2025 08:00:00","BZN|NL","Without Sequence","82.72","",""
"05/08/2025 08:00:00 - 05/08/2025 09:00:00","BZN|NL","Without Sequence","63.04","",""
"05/08/2025 09:00:00 - 05/08/2025 10:00:00","BZN|NL","Without Sequence","3.51","",""
"05/08/2025 10:00:00 - 05/08/2025 11:00:00","BZN|NL","Without Sequence","-1.50","",""
"05/08/2025 11:00:00 - 05/08/2025 12:00:00","BZN|NL","Without Sequence","-6.00","",""
"05/08/2025 12:00:00 - 05/08/2025 13:00:00","BZN|NL","Without Sequence","-12.22","",""
"05/08/2025 13:00:00 - 05/08/2025 14:00:00","BZN|NL","Without Sequence","-29.09","",""
"05/08/2025 14:00:00 - 05/08/2025 15:00:00","BZN|NL","Without Sequence","-21.97","",""
"05/08/2025 15:00:00 - 05/08/2025 16:00:00","BZN|NL","Without Sequence","-12.66","",""
"05/08/2025 16:00:00 - 05/08/2025 17:00:00","BZN|NL","Without Sequence","-11.20","",""
"05/08/2025 17:00:00 - 05/08/2025 18:00:00","BZN|NL","Without Sequence","-1.73","",""
"05/08/2025 18:00:00 - 05/08/2025 19:00:00","BZN|NL","Without Sequence","0.87","",""
"05/08/2025 19:00:00 - 05/08/2025 20:00:00","BZN|NL","Without Sequence","71.04","",""
"05/08/2025 20:00:00 - 05/08/2025 21:00:00","BZN|NL","Without Sequence","89.24","",""
"05/08/2025 21:00:00 - 05/08/2025 22:00:00","BZN|NL","Without Sequence","104.27","",""
"05/08/2025 22:00:00 - 05/08/2025 23:00:00","BZN|NL","Without Sequence","97.25","",""
"05/08/2025 23:00:00 - 06/08/2025 00:00:00","BZN|NL","Without Sequence","84.00","",""
"06/08/2025 00:00:00 - 06/08/2025 01:00:00","BZN|NL","Without Sequence","81.00","",""
"06/08/2025 01:00:00 - 06/08/2025 02:00:00","BZN|NL","Without Sequence","58.07","",""
"06/08/2025 02:00:00 - 06/08/2025 03:00:00","BZN|NL","Without Sequence","58.36","",""
"06/08/2025 03:00:00 - 06/08/2025 04:00:00","BZN|NL","Without Sequence","58.43","",""
"06/08/2025 04:00:00 - 06/08/2025 05:00:00","BZN|NL","Without Sequence","58.65","",""
"06/08/2025 05:00:00 - 06/08/2025 06:00:00","BZN|NL","Without Sequence","93.41","",""
"06/08/2025 06:00:00 - 06/08/2025 07:00:00","BZN|NL","Without Sequence","109.90","",""
"06/08/2025 07:00:00 - 06/08/2025 08:00:00","BZN|NL","Without Sequence","105.90","",""
"06/08/2025 08:00:00 - 06/08/2025 09:00:00","BZN|NL","Without Sequence","93.46","",""
"06/08/2025 09:00:00 - 06/08/2025 10:00:00","BZN|NL","Without Sequence","32.03","",""
"06/08/2025 10:00:00 - 06/08/2025 11:00:00","BZN|NL","Without Sequence","-0.01","",""
"06/08/2025 11:00:00 - 06/08/2025 12:00:00","BZN|NL","Without Sequence","-2.00","",""
"06/08/2025 12:00:00 - 06/08/2025 13:00:00","BZN|NL","Without Sequence","-6.83","",""
"06/08/2025 13:00:00 - 06/08/2025 14:00:00","BZN|NL","Without Sequence","-11.00","",""
"06/08/2025 14:00:00 - 06/08/2025 15:00:00","BZN|NL","Without Sequence","-6.00","",""
"06/08/2025 15:00:00 - 06/08/2025 16:00:00","BZN|NL","Without Sequence","-3.08","",""
"06/08/2025 16:00:00 - 06/08/2025 17:00:00","BZN|NL","Without Sequence","2.13","",""
"06/08/2025 17:00:00 - 06/08/2025 18:00:00","BZN|NL","Without Sequence","52.12","",""
"06/08/2025 18:00:00 - 06/08/2025 19:00:00","BZN|NL","Without Sequence","97.37","",""
"06/08/2025 19:00:00 - 06/08/2025 20:00:00","BZN|NL","Without Sequence","112.91","",""
"06/08/2025 20:00:00 - 06/08/2025 21:00:00","BZN|NL","Without Sequence","165.36","",""
"06/08/2025 21:00:00 - 06/08/2025 22:00:00","BZN|NL","Without Sequence","158.21","",""
"06/08/2025 22:00:00 - 06/08/2025 23:00:00","BZN|NL","Without Sequence","110.00","",""
"06/08/2025 23:00:00 - 07/08/2025 00:00:00","BZN|NL","Without Sequence","101.60","",""
"07/08/2025 00:00:00 - 07/08/2025 01:00:00","BZN|NL","Without Sequence","97.58","",""
"07/08/2025 01:00:00 - 07/08/2025 02:00:00","BZN|NL","Without Sequence","94.00","",""
"07/08/2025 02:00:00 - 07/08/2025 03:00:00","BZN|NL","Without Sequence","88.13","",""
"07/08/2025 03:00:00 - 07/08/2025 04:00:00","BZN|NL","Without Sequence","83.38","",""
"07/08/2025 04:00:00 - 07/08/2025 05:00:00","BZN|NL","Without Sequence","82.07","",""
"07/08/2025 05:00:00 - 07/08/2025 06:00:00","BZN|NL","Without Sequence","84.87","",""
"07/08/2025 06:00:00 - 07/08/2025 07:00:00","BZN|NL","Without Sequence","99.45","",""
"07/08/2025 07:00:00 - 07/08/2025 08:00:00","BZN|NL","Without Sequence","101.92","",""
"07/08/2025 08:00:00 - 07/08/2025 09:00:00","BZN|NL","Without Sequence","94.67","",""
"07/08/2025 09:00:00 - 07/08/2025 10:00:00","BZN|NL","Without Sequence","74.53","",""
"07/08/2025 10:00:00 - 07/08/2025 11:00:00","BZN|NL","Without Sequence","22.22","",""
"07/08/2025 11:00:00 - 07/08/2025 12:00:00","BZN|NL","Without Sequence","0.00","",""
"07/08/2025 12:00:00 - 07/08/2025 13:00:00","BZN|NL","Without Sequence","-0.10","",""
"07/08/2025 13:00:00 - 07/08/2025 14:00:00","BZN|NL","Without Sequence","-1.89","",""
"07/08/2025 14:00:00 - 07/08/2025 15:00:00","BZN|NL","Without Sequence","-0.21","",""
"07/08/2025 15:00:00 - 07/08/2025 16:00:00","BZN|NL","Without Sequence","-0.01","",""
"07/08/2025 16:00:00 - 07/08/2025 17:00:00","BZN|NL","Without Sequence","2.05","",""
"07/08/2025 17:00:00 - 07/08/2025 18:00:00","BZN|NL","Without Sequence","64.08","",""
"07/08/2025 18:00:00 - 07/08/2025 19:00:00","BZN|NL","Without Sequence","91.58","",""
"07/08/2025 19:00:00 - 07/08/2025 20:00:00","BZN|NL","Without Sequence","106.00","",""
"07/08/2025 20:00:00 - 07/08/2025 21:00:00","BZN|NL","Without Sequence","112.34","",""
"07/08/2025 21:00:00 - 07/08/2025 22:00:00","BZN|NL","Without Sequence","126.34","",""
"07/08/2025 22:00:00 - 07/08/2025 23:00:00","BZN|NL","Without Sequence","110.00","",""
"07/08/2025 23:00:00 - 08/08/2025 00:00:00","BZN|NL","Without Sequence","101.28","",""
"08/08/2025 00:00:00 - 08/08/2025 01:00:00","BZN|NL","Without Sequence","91.00","",""
"08/08/2025 01:00:00 - 08/08/2025 02:00:00","BZN|NL","Without Sequence","87.92","",""
"08/08/2025 02:00:00 - 08/08/2025 03:00:00","BZN|NL","Without Sequence","84.64","",""
"08/08/2025 03:00:00 - 08/08/2025 04:00:00","BZN|NL","Without Sequence","81.00","",""
"08/08/2025 04:00:00 - 08/08/2025 05:00:00","BZN|NL","Without Sequence","80.88","",""
"08/08/2025 05:00:00 - 08/08/2025 06:00:00","BZN|NL","Without Sequence","89.55","",""
"08/08/2025 06:00:00 - 08/08/2025 07:00:00","BZN|NL","Without Sequence","100.43","",""
"08/08/2025 07:00:00 - 08/08/2025 08:00:00","BZN|NL","Without Sequence","103.05","",""
"08/08/2025 08:00:00 - 08/08/2025 09:00:00","BZN|NL","Without Sequence","108.11","",""
"08/08/2025 09:00:00 - 08/08/2025 10:00:00","BZN|NL","Without Sequence","89.90","",""
"08/08/2025 10:00:00 - 08/08/2025 11:00:00","BZN|NL","Without Sequence","66.00","",""
"08/08/2025 11:00:00 - 08/08/2025 12:00:00","BZN|NL","Without Sequence","8.39","",""
"08/08/2025 12:00:00 - 08/08/2025 13:00:00","BZN|NL","Without Sequence","0.00","",""
"08/08/2025 13:00:00 - 08/08/2025 14:00:00","BZN|NL","Without Sequence","-0.01","",""
"08/08/2025 14:00:00 - 08/08/2025 15:00:00","BZN|NL","Without Sequence","-0.02","",""
"08/08/2025 15:00:00 - 08/08/2025 16:00:00","BZN|NL","Without Sequence","-0.01","",""
"08/08/2025 16:00:00 - 08/08/2025 17:00:00","BZN|NL","Without Sequence","10.49","",""
"08/08/2025 17:00:00 - 08/08/2025 18:00:00","BZN|NL","Without Sequence","70.10","",""
"08/08/2025 18:00:00 - 08/08/2025 19:00:00","BZN|NL","Without Sequence","101.44","",""
"08/08/2025 19:00:00 - 08/08/2025 20:00:00","BZN|NL","Without Sequence","113.56","",""
"08/08/2025 20:00:00 - 08/08/2025 21:00:00","BZN|NL","Without Sequence","144.62","",""
"08/08/2025 21:00:00 - 08/08/2025 22:00:00","BZN|NL","Without Sequence","151.51","",""
"08/08/2025 22:00:00 - 08/08/2025 23:00:00","BZN|NL","Without Sequence","121.59","",""
"08/08/2025 23:00:00 - 09/08/2025 00:00:00","BZN|NL","Without Sequence","108.46","",""
"09/08/2025 00:00:00 - 09/08/2025 01:00:00","BZN|NL","Without Sequence","101.08","",""
"09/08/2025 01:00:00 - 09/08/2025 02:00:00","BZN|NL","Without Sequence","97.98","",""
"09/08/2025 02:00:00 - 09/08/2025 03:00:00","BZN|NL","Without Sequence","96.16","",""
"09/08/2025 03:00:00 - 09/08/2025 04:00:00","BZN|NL","Without Sequence","92.93","",""
"09/08/2025 04:00:00 - 09/08/2025 05:00:00","BZN|NL","Without Sequence","92.05","",""
"09/08/2025 05:00:00 - 09/08/2025 06:00:00","BZN|NL","Without Sequence","92.63","",""
"09/08/2025 06:00:00 - 09/08/2025 07:00:00","BZN|NL","Without Sequence","96.10","",""
"09/08/2025 07:00:00 - 09/08/2025 08:00:00","BZN|NL","Without Sequence","90.06","",""
"09/08/2025 08:00:00 - 09/08/2025 09:00:00","BZN|NL","Without Sequence","69.75","",""
"09/08/2025 09:00:00 - 09/08/2025 10:00:00","BZN|NL","Without Sequence","15.34","",""
"09/08/2025 10:00:00 - 09/08/2025 11:00:00","BZN|NL","Without Sequence","-0.02","",""
"09/08/2025 11:00:00 - 09/08/2025 12:00:00","BZN|NL","Without Sequence","-1.00","",""
"09/08/2025 12:00:00 - 09/08/2025 13:00:00","BZN|NL","Without Sequence","-6.00","",""
"09/08/2025 13:00:00 - 09/08/2025 14:00:00","BZN|NL","Without Sequence","-20.00","",""
"09/08/2025 14:00:00 - 09/08/2025 15:00:00","BZN|NL","Without Sequence","-20.14","",""
"09/08/2025 15:00:00 - 09/08/2025 16:00:00","BZN|NL","Without Sequence","-4.29","",""
"09/08/2025 16:00:00 - 09/08/2025 17:00:00","BZN|NL","Without Sequence","-0.05","",""
"09/08/2025 17:00:00 - 09/08/2025 18:00:00","BZN|NL","Without Sequence","3.55","",""
"09/08/2025 18:00:00 - 09/08/2025 19:00:00","BZN|NL","Without Sequence","81.00","",""
"09/08/2025 19:00:00 - 09/08/2025 20:00:00","BZN|NL","Without Sequence","101.43","",""
"09/08/2025 20:00:00 - 09/08/2025 21:00:00","BZN|NL","Without Sequence","123.36","",""
"09/08/2025 21:00:00 - 09/08/2025 22:00:00","BZN|NL","Without Sequence","116.41","",""
"09/08/2025 22:00:00 - 09/08/2025 23:00:00","BZN|NL","Without Sequence","106.23","",""
"09/08/2025 23:00:00 - 10/08/2025 00:00:00","BZN|NL","Without Sequence","96.63","",""
"10/08/2025 00:00:00 - 10/08/2025 01:00:00","BZN|NL","Without Sequence","85.87","",""
"10/08/2025 01:00:00 - 10/08/2025 02:00:00","BZN|NL","Without Sequence","85.69","",""
"10/08/2025 02:00:00 - 10/08/2025 03:00:00","BZN|NL","Without Sequence","86.97","",""
"10/08/2025 03:00:00 - 10/08/2025 04:00:00","BZN|NL","Without Sequence","82.39","",""
"10/08/2025 04:00:00 - 10/08/2025 05:00:00","BZN|NL","Without Sequence","86.00","",""
"10/08/2025 05:00:00 - 10/08/2025 06:00:00","BZN|NL","Without Sequence","89.51","",""
"10/08/2025 06:00:00 - 10/08/2025 07:00:00","BZN|NL","Without Sequence","88.11","",""
"10/08/2025 07:00:00 - 10/08/2025 08:00:00","BZN|NL","Without Sequence","78.55","",""
"10/08/2025 08:00:00 - 10/08/2025 09:00:00","BZN|NL","Without Sequence","28.80","",""
"10/08/2025 09:00:00 - 10/08/2025 10:00:00","BZN|NL","Without Sequence","-0.01","",""
"10/08/2025 10:00:00 - 10/08/2025 11:00:00","BZN|NL","Without Sequence","-2.64","",""
"10/08/2025 11:00:00 - 10/08/2025 12:00:00","BZN|NL","Without Sequence","-15.60","",""
"10/08/2025 12:00:00 - 10/08/2025 13:00:00","BZN|NL","Without Sequence","-55.67","",""
"10/08/2025 13:00:00 - 10/08/2025 14:00:00","BZN|NL","Without Sequence","-64.79","",""
"10/08/2025 14:00:00 - 10/08/2025 15:00:00","BZN|NL","Without Sequence","-51.02","",""
"10/08/2025 15:00:00 - 10/08/2025 16:00:00","BZN|NL","Without Sequence","-20.57","",""
"10/08/2025 16:00:00 - 10/08/2025 17:00:00","BZN|NL","Without Sequence","-1.20","",""
"10/08/2025 17:00:00 - 10/08/2025 18:00:00","BZN|NL","Without Sequence","2.13","",""
"10/08/2025 18:00:00 - 10/08/2025 19:00:00","BZN|NL","Without Sequence","77.79","",""
"10/08/2025 19:00:00 - 10/08/2025 20:00:00","BZN|NL","Without Sequence","105.49","",""
"10/08/2025 20:00:00 - 10/08/2025 21:00:00","BZN|NL","Without Sequence","121.51","",""
"10/08/2025 21:00:00 - 10/08/2025 22:00:00","BZN|NL","Without Sequence","122.45","",""
"10/08/2025 22:00:00 - 10/08/2025 23:00:00","BZN|NL","Without Sequence","106.43","",""
"10/08/2025 23:00:00 - 11/08/2025 00:00:00","BZN|NL","Without Sequence","99.45","",""
"11/08/2025 00:00:00 - 11/08/2025 01:00:00","BZN|NL","Without Sequence","96.00","",""
"11/08/2025 01:00:00 - 11/08/2025 02:00:00","BZN|NL","Without Sequence","90.58","",""
"11/08/2025 02:00:00 - 11/08/2025 03:00:00","BZN|NL","Without Sequence","86.00","",""
"11/08/2025 03:00:00 - 11/08/2025 04:00:00","BZN|NL","Without Sequence","85.02","",""
"11/08/2025 04:00:00 - 11/08/2025 05:00:00","BZN|NL","Without Sequence","89.44","",""
"11/08/2025 05:00:00 - 11/08/2025 06:00:00","BZN|NL","Without Sequence","97.24","",""
"11/08/2025 06:00:00 - 11/08/2025 07:00:00","BZN|NL","Without Sequence","128.95","",""
"11/08/2025 07:00:00 - 11/08/2025 08:00:00","BZN|NL","Without Sequence","132.65","",""
"11/08/2025 08:00:00 - 11/08/2025 09:00:00","BZN|NL","Without Sequence","106.19","",""
"11/08/2025 09:00:00 - 11/08/2025 10:00:00","BZN|NL","Without Sequence","91.13","",""
"11/08/2025 10:00:00 - 11/08/2025 11:00:00","BZN|NL","Without Sequence","49.62","",""
"11/08/2025 11:00:00 - 11/08/2025 12:00:00","BZN|NL","Without Sequence","2.54","",""
"11/08/2025 12:00:00 - 11/08/2025 13:00:00","BZN|NL","Without Sequence","0.00","",""
"11/08/2025 13:00:00 - 11/08/2025 14:00:00","BZN|NL","Without Sequence","0.00","",""
"11/08/2025 14:00:00 - 11/08/2025 15:00:00","BZN|NL","Without Sequence","0.00","",""
"11/08/2025 15:00:00 - 11/08/2025 16:00:00","BZN|NL","Without Sequence","9.00","",""
"11/08/2025 16:00:00 - 11/08/2025 17:00:00","BZN|NL","Without Sequence","54.55","",""
"11/08/2025 17:00:00 - 11/08/2025 18:00:00","BZN|NL","Without Sequence","88.65","",""
"11/08/2025 18:00:00 - 11/08/2025 19:00:00","BZN|NL","Without Sequence","106.26","",""
"11/08/2025 19:00:00 - 11/08/2025 20:00:00","BZN|NL","Without Sequence","149.82","",""
"11/08/2025 20:00:00 - 11/08/2025 21:00:00","BZN|NL","Without Sequence","185.00","",""
"11/08/2025 21:00:00 - 11/08/2025 22:00:00","BZN|NL","Without Sequence","138.86","",""
"11/08/2025 22:00:00 - 11/08/2025 23:00:00","BZN|NL","Without Sequence","108.87","",""
"11/08/2025 23:00:00 - 12/08/2025 00:00:00","BZN|NL","Without Sequence","96.00","",""
"12/08/2025 00:00:00 - 12/08/2025 01:00:00","BZN|NL","Without Sequence","93.00","",""
"12/08/2025 01:00:00 - 12/08/2025 02:00:00","BZN|NL","Without Sequence","89.67","",""
"12/08/2025 02:00:00 - 12/08/2025 03:00:00","BZN|NL","Without Sequence","85.41","",""
"12/08/2025 03:00:00 - 12/08/2025 04:00:00","BZN|NL","Without Sequence","84.09","",""
"12/08/2025 04:00:00 - 12/08/2025 05:00:00","BZN|NL","Without Sequence","83.48","",""
"12/08/2025 05:00:00 - 12/08/2025 06:00:00","BZN|NL","Without Sequence","88.87","",""
"12/08/2025 06:00:00 - 12/08/2025 07:00:00","BZN|NL","Without Sequence","101.51","",""
"12/08/2025 07:00:00 - 12/08/2025 08:00:00","BZN|NL","Without Sequence","101.96","",""
"12/08/2025 08:00:00 - 12/08/2025 09:00:00","BZN|NL","Without Sequence","98.64","",""
"12/08/2025 09:00:00 - 12/08/2025 10:00:00","BZN|NL","Without Sequence","92.74","",""
"12/08/2025 10:00:00 - 12/08/2025 11:00:00","BZN|NL","Without Sequence","79.35","",""
"12/08/2025 11:00:00 - 12/08/2025 12:00:00","BZN|NL","Without Sequence","40.00","",""
"12/08/2025 12:00:00 - 12/08/2025 13:00:00","BZN|NL","Without Sequence","8.38","",""
"12/08/2025 13:00:00 - 12/08/2025 14:00:00","BZN|NL","Without Sequence","3.00","",""
"12/08/2025 14:00:00 - 12/08/2025 15:00:00","BZN|NL","Without Sequence","5.15","",""
"12/08/2025 15:00:00 - 12/08/2025 16:00:00","BZN|NL","Without Sequence","35.05","",""
"12/08/2025 16:00:00 - 12/08/2025 17:00:00","BZN|NL","Without Sequence","71.89","",""
"12/08/2025 17:00:00 - 12/08/2025 18:00:00","BZN|NL","Without Sequence","95.00","",""
"12/08/2025 18:00:00 - 12/08/2025 19:00:00","BZN|NL","Without Sequence","101.03","",""
"12/08/2025 19:00:00 - 12/08/2025 20:00:00","BZN|NL","Without Sequence","149.44","",""
"12/08/2025 20:00:00 - 12/08/2025 21:00:00","BZN|NL","Without Sequence","155.65","",""
"12/08/2025 21:00:00 - 12/08/2025 22:00:00","BZN|NL","Without Sequence","140.35","",""
"12/08/2025 22:00:00 - 12/08/2025 23:00:00","BZN|NL","Without Sequence","114.07","",""
"12/08/2025 23:00:00 - 13/08/2025 00:00:00","BZN|NL","Without Sequence","94.00","",""
"13/08/2025 00:00:00 - 13/08/2025 01:00:00","BZN|NL","Without Sequence","91.76","",""
"13/08/2025 01:00:00 - 13/08/2025 02:00:00","BZN|NL","Without Sequence","90.00","",""
"13/08/2025 02:00:00 - 13/08/2025 03:00:00","BZN|NL","Without Sequence","86.89","",""
"13/08/2025 03:00:00 - 13/08/2025 04:00:00","BZN|NL","Without Sequence","84.71","",""
"13/08/2025 04:00:00 - 13/08/2025 05:00:00","BZN|NL","Without Sequence","87.07","",""
"13/08/2025 05:00:00 - 13/08/2025 06:00:00","BZN|NL","Without Sequence","93.24","",""
"13/08/2025 06:00:00 - 13/08/2025 07:00:00","BZN|NL","Without Sequence","108.01","",""
"13/08/2025 07:00:00 - 13/08/2025 08:00:00","BZN|NL","Without Sequence","106.99","",""
"13/08/2025 08:00:00 - 13/08/2025 09:00:00","BZN|NL","Without Sequence","105.95","",""
"13/08/2025 09:00:00 - 13/08/2025 10:00:00","BZN|NL","Without Sequence","92.80","",""
"13/08/2025 10:00:00 - 13/08/2025 11:00:00","BZN|NL","Without Sequence","87.77","",""
"13/08/2025 11:00:00 - 13/08/2025 12:00:00","BZN|NL","Without Sequence","67.97","",""
"13/08/2025 12:00:00 - 13/08/2025 13:00:00","BZN|NL","Without Sequence","44.52","",""
"13/08/2025 13:00:00 - 13/08/2025 14:00:00","BZN|NL","Without Sequence","29.18","",""
"13/08/2025 14:00:00 - 13/08/2025 15:00:00","BZN|NL","Without Sequence","40.37","",""
"13/08/2025 15:00:00 - 13/08/2025 16:00:00","BZN|NL","Without Sequence","70.90","",""
"13/08/2025 16:00:00 - 13/08/2025 17:00:00","BZN|NL","Without Sequence","84.30","",""
"13/08/2025 17:00:00 - 13/08/2025 18:00:00","BZN|NL","Without Sequence","96.64","",""
"13/08/2025 18:00:00 - 13/08/2025 19:00:00","BZN|NL","Without Sequence","115.31","",""
"13/08/2025 19:00:00 - 13/08/2025 20:00:00","BZN|NL","Without Sequence","186.98","",""
"13/08/2025 20:00:00 - 13/08/2025 21:00:00","BZN|NL","Without Sequence","226.46","",""
"13/08/2025 21:00:00 - 13/08/2025 22:00:00","BZN|NL","Without Sequence","154.69","",""
"13/08/2025 22:00:00 - 13/08/2025 23:00:00","BZN|NL","Without Sequence","123.21","",""
"13/08/2025 23:00:00 - 14/08/2025 00:00:00","BZN|NL","Without Sequence","106.27","",""
"14/08/2025 00:00:00 - 14/08/2025 01:00:00","BZN|NL","Without Sequence","98.10","",""
"14/08/2025 01:00:00 - 14/08/2025 02:00:00","BZN|NL","Without Sequence","92.00","",""
"14/08/2025 02:00:00 - 14/08/2025 03:00:00","BZN|NL","Without Sequence","88.45","",""
"14/08/2025 03:00:00 - 14/08/2025 04:00:00","BZN|NL","Without Sequence","87.34","",""
"14/08/2025 04:00:00 - 14/08/2025 05:00:00","BZN|NL","Without Sequence","87.84","",""
"14/08/2025 05:00:00 - 14/08/2025 06:00:00","BZN|NL","Without Sequence","95.08","",""
"14/08/2025 06:00:00 - 14/08/2025 07:00:00","BZN|NL","Without Sequence","104.94","",""
"14/08/2025 07:00:00 - 14/08/2025 08:00:00","BZN|NL","Without Sequence","107.53","",""
"14/08/2025 08:00:00 - 14/08/2025 09:00:00","BZN|NL","Without Sequence","99.47","",""
"14/08/2025 09:00:00 - 14/08/2025 10:00:00","BZN|NL","Without Sequence","91.06","",""
"14/08/2025 10:00:00 - 14/08/2025 11:00:00","BZN|NL","Without Sequence","81.22","",""
"14/08/2025 11:00:00 - 14/08/2025 12:00:00","BZN|NL","Without Sequence","67.41","",""
"14/08/2025 12:00:00 - 14/08/2025 13:00:00","BZN|NL","Without Sequence","53.87","",""
"14/08/2025 13:00:00 - 14/08/2025 14:00:00","BZN|NL","Without Sequence","40.99","",""
"14/08/2025 14:00:00 - 14/08/2025 15:00:00","BZN|NL","Without Sequence","54.90","",""
"14/08/2025 15:00:00 - 14/08/2025 16:00:00","BZN|NL","Without Sequence","69.43","",""
"14/08/2025 16:00:00 - 14/08/2025 17:00:00","BZN|NL","Without Sequence","78.99","",""
"14/08/2025 17:00:00 - 14/08/2025 18:00:00","BZN|NL","Without Sequence","95.79","",""
"14/08/2025 18:00:00 - 14/08/2025 19:00:00","BZN|NL","Without Sequence","114.10","",""
"14/08/2025 19:00:00 - 14/08/2025 20:00:00","BZN|NL","Without Sequence","220.27","",""
"14/08/2025 20:00:00 - 14/08/2025 21:00:00","BZN|NL","Without Sequence","275.26","",""
"14/08/2025 21:00:00 - 14/08/2025 22:00:00","BZN|NL","Without Sequence","157.56","",""
"14/08/2025 22:00:00 - 14/08/2025 23:00:00","BZN|NL","Without Sequence","120.72","",""
"14/08/2025 23:00:00 - 15/08/2025 00:00:00","BZN|NL","Without Sequence","105.95","",""
"15/08/2025 00:00:00 - 15/08/2025 01:00:00","BZN|NL","Without Sequence","98.42","",""
"15/08/2025 01:00:00 - 15/08/2025 02:00:00","BZN|NL","Without Sequence","96.46","",""
"15/08/2025 02:00:00 - 15/08/2025 03:00:00","BZN|NL","Without Sequence","93.82","",""
"15/08/2025 03:00:00 - 15/08/2025 04:00:00","BZN|NL","Without Sequence","90.42","",""
"15/08/2025 04:00:00 - 15/08/2025 05:00:00","BZN|NL","Without Sequence","92.86","",""
"15/08/2025 05:00:00 - 15/08/2025 06:00:00","BZN|NL","Without Sequence","94.91","",""
"15/08/2025 06:00:00 - 15/08/2025 07:00:00","BZN|NL","Without Sequence","98.99","",""
"15/08/2025 07:00:00 - 15/08/2025 08:00:00","BZN|NL","Without Sequence","98.09","",""
"15/08/2025 08:00:00 - 15/08/2025 09:00:00","BZN|NL","Without Sequence","99.81","",""
"15/08/2025 09:00:00 - 15/08/2025 10:00:00","BZN|NL","Without Sequence","87.82","",""
"15/08/2025 10:00:00 - 15/08/2025 11:00:00","BZN|NL","Without Sequence","43.90","",""
"15/08/2025 11:00:00 - 15/08/2025 12:00:00","BZN|NL","Without Sequence","3.00","",""
"15/08/2025 12:00:00 - 15/08/2025 13:00:00","BZN|NL","Without Sequence","0.08","",""
"15/08/2025 13:00:00 - 15/08/2025 14:00:00","BZN|NL","Without Sequence","0.00","",""
"15/08/2025 14:00:00 - 15/08/2025 15:00:00","BZN|NL","Without Sequence","0.00","",""
"15/08/2025 15:00:00 - 15/08/2025 16:00:00","BZN|NL","Without Sequence","1.72","",""
"15/08/2025 16:00:00 - 15/08/2025 17:00:00","BZN|NL","Without Sequence","26.83","",""
"15/08/2025 17:00:00 - 15/08/2025 18:00:00","BZN|NL","Without Sequence","73.06","",""
"15/08/2025 18:00:00 - 15/08/2025 19:00:00","BZN|NL","Without Sequence","99.53","",""
"15/08/2025 19:00:00 - 15/08/2025 20:00:00","BZN|NL","Without Sequence","116.08","",""
"15/08/2025 20:00:00 - 15/08/2025 21:00:00","BZN|NL","Without Sequence","125.63","",""
"15/08/2025 21:00:00 - 15/08/2025 22:00:00","BZN|NL","Without Sequence","112.73","",""
"15/08/2025 22:00:00 - 15/08/2025 23:00:00","BZN|NL","Without Sequence","106.33","",""
"15/08/2025 23:00:00 - 16/08/2025 00:00:00","BZN|NL","Without Sequence","96.28","",""
"16/08/2025 00:00:00 - 16/08/2025 01:00:00","BZN|NL","Without Sequence","99.02","",""
"16/08/2025 01:00:00 - 16/08/2025 02:00:00","BZN|NL","Without Sequence","93.33","",""
"16/08/2025 02:00:00 - 16/08/2025 03:00:00","BZN|NL","Without Sequence","90.74","",""
"16/08/2025 03:00:00 - 16/08/2025 04:00:00","BZN|NL","Without Sequence","85.03","",""
"16/08/2025 04:00:00 - 16/08/2025 05:00:00","BZN|NL","Without Sequence","82.73","",""
"16/08/2025 05:00:00 - 16/08/2025 06:00:00","BZN|NL","Without Sequence","87.09","",""
"16/08/2025 06:00:00 - 16/08/2025 07:00:00","BZN|NL","Without Sequence","90.68","",""
"16/08/2025 07:00:00 - 16/08/2025 08:00:00","BZN|NL","Without Sequence","88.00","",""
"16/08/2025 08:00:00 - 16/08/2025 09:00:00","BZN|NL","Without Sequence","84.75","",""
"16/08/2025 09:00:00 - 16/08/2025 10:00:00","BZN|NL","Without Sequence","80.00","",""
"16/08/2025 10:00:00 - 16/08/2025 11:00:00","BZN|NL","Without Sequence","30.00","",""
"16/08/2025 11:00:00 - 16/08/2025 12:00:00","BZN|NL","Without Sequence","3.80","",""
"16/08/2025 12:00:00 - 16/08/2025 13:00:00","BZN|NL","Without Sequence","0.17","",""
"16/08/2025 13:00:00 - 16/08/2025 14:00:00","BZN|NL","Without Sequence","-0.01","",""
"16/08/2025 14:00:00 - 16/08/2025 15:00:00","BZN|NL","Without Sequence","-0.01","",""
"16/08/2025 15:00:00 - 16/08/2025 16:00:00","BZN|NL","Without Sequence","-0.01","",""
"16/08/2025 16:00:00 - 16/08/2025 17:00:00","BZN|NL","Without Sequence","0.91","",""
"16/08/2025 17:00:00 - 16/08/2025 18:00:00","BZN|NL","Without Sequence","16.36","",""
"16/08/2025 18:00:00 - 16/08/2025 19:00:00","BZN|NL","Without Sequence","70.20","",""
"16/08/2025 19:00:00 - 16/08/2025 20:00:00","BZN|NL","Without Sequence","95.00","",""
"16/08/2025 20:00:00 - 16/08/2025 21:00:00","BZN|NL","Without Sequence","105.94","",""
"16/08/2025 21:00:00 - 16/08/2025 22:00:00","BZN|NL","Without Sequence","101.98","",""
"16/08/2025 22:00:00 - 16/08/2025 23:00:00","BZN|NL","Without Sequence","95.04","",""
"16/08/2025 23:00:00 - 17/08/2025 00:00:00","BZN|NL","Without Sequence","89.96","",""
"17/08/2025 00:00:00 - 17/08/2025 01:00:00","BZN|NL","Without Sequence","94.40","",""
"17/08/2025 01:00:00 - 17/08/2025 02:00:00","BZN|NL","Without Sequence","88.65","",""
"17/08/2025 02:00:00 - 17/08/2025 03:00:00","BZN|NL","Without Sequence","88.00","",""
"17/08/2025 03:00:00 - 17/08/2025 04:00:00","BZN|NL","Without Sequence","86.63","",""
"17/08/2025 04:00:00 - 17/08/2025 05:00:00","BZN|NL","Without Sequence","90.00","",""
"17/08/2025 05:00:00 - 17/08/2025 06:00:00","BZN|NL","Without Sequence","92.00","",""
"17/08/2025 06:00:00 - 17/08/2025 07:00:00","BZN|NL","Without Sequence","89.57","",""
"17/08/2025 07:00:00 - 17/08/2025 08:00:00","BZN|NL","Without Sequence","84.56","",""
"17/08/2025 08:00:00 - 17/08/2025 09:00:00","BZN|NL","Without Sequence","81.93","",""
"17/08/2025 09:00:00 - 17/08/2025 10:00:00","BZN|NL","Without Sequence","48.04","",""
"17/08/2025 10:00:00 - 17/08/2025 11:00:00","BZN|NL","Without Sequence","9.86","",""
"17/08/2025 11:00:00 - 17/08/2025 12:00:00","BZN|NL","Without Sequence","4.38","",""
"17/08/2025 12:00:00 - 17/08/2025 13:00:00","BZN|NL","Without Sequence","3.00","",""
"17/08/2025 13:00:00 - 17/08/2025 14:00:00","BZN|NL","Without Sequence","2.02","",""
"17/08/2025 14:00:00 - 17/08/2025 15:00:00","BZN|NL","Without Sequence","2.68","",""
"17/08/2025 15:00:00 - 17/08/2025 16:00:00","BZN|NL","Without Sequence","0.65","",""
"17/08/2025 16:00:00 - 17/08/2025 17:00:00","BZN|NL","Without Sequence","12.42","",""
"17/08/2025 17:00:00 - 17/08/2025 18:00:00","BZN|NL","Without Sequence","77.75","",""
"17/08/2025 18:00:00 - 17/08/2025 19:00:00","BZN|NL","Without Sequence","93.60","",""
"17/08/2025 19:00:00 - 17/08/2025 20:00:00","BZN|NL","Without Sequence","110.00","",""
"17/08/2025 20:00:00 - 17/08/2025 21:00:00","BZN|NL","Without Sequence","110.66","",""
"17/08/2025 21:00:00 - 17/08/2025 22:00:00","BZN|NL","Without Sequence","110.15","",""
"17/08/2025 22:00:00 - 17/08/2025 23:00:00","BZN|NL","Without Sequence","105.09","",""
"17/08/2025 23:00:00 - 18/08/2025 00:00:00","BZN|NL","Without Sequence","102.54","",""
"18/08/2025 00:00:00 - 18/08/2025 01:00:00","BZN|NL","Without Sequence","91.99","",""
"18/08/2025 01:00:00 - 18/08/2025 02:00:00","BZN|NL","Without Sequence","87.13","",""
"18/08/2025 02:00:00 - 18/08/2025 03:00:00","BZN|NL","Without Sequence","83.07","",""
"18/08/2025 03:00:00 - 18/08/2025 04:00:00","BZN|NL","Without Sequence","81.63","",""
"18/08/2025 04:00:00 - 18/08/2025 05:00:00","BZN|NL","Without Sequence","88.44","",""
"18/08/2025 05:00:00 - 18/08/2025 06:00:00","BZN|NL","Without Sequence","92.32","",""
"18/08/2025 06:00:00 - 18/08/2025 07:00:00","BZN|NL","Without Sequence","113.00","",""
"18/08/2025 07:00:00 - 18/08/2025 08:00:00","BZN|NL","Without Sequence","130.13","",""
"18/08/2025 08:00:00 - 18/08/2025 09:00:00","BZN|NL","Without Sequence","108.82","",""
"18/08/2025 09:00:00 - 18/08/2025 10:00:00","BZN|NL","Without Sequence","89.89","",""
"18/08/2025 10:00:00 - 18/08/2025 11:00:00","BZN|NL","Without Sequence","78.80","",""
"18/08/2025 11:00:00 - 18/08/2025 12:00:00","BZN|NL","Without Sequence","45.93","",""
"18/08/2025 12:00:00 - 18/08/2025 13:00:00","BZN|NL","Without Sequence","20.04","",""
"18/08/2025 13:00:00 - 18/08/2025 14:00:00","BZN|NL","Without Sequence","14.23","",""
"18/08/2025 14:00:00 - 18/08/2025 15:00:00","BZN|NL","Without Sequence","18.34","",""
"18/08/2025 15:00:00 - 18/08/2025 16:00:00","BZN|NL","Without Sequence","54.56","",""
"18/08/2025 16:00:00 - 18/08/2025 17:00:00","BZN|NL","Without Sequence","71.06","",""
"18/08/2025 17:00:00 - 18/08/2025 18:00:00","BZN|NL","Without Sequence","89.38","",""
"18/08/2025 18:00:00 - 18/08/2025 19:00:00","BZN|NL","Without Sequence","95.70","",""
"18/08/2025 19:00:00 - 18/08/2025 20:00:00","BZN|NL","Without Sequence","128.20","",""
"18/08/2025 20:00:00 - 18/08/2025 21:00:00","BZN|NL","Without Sequence","190.15","",""
"18/08/2025 21:00:00 - 18/08/2025 22:00:00","BZN|NL","Without Sequence","124.67","",""
"18/08/2025 22:00:00 - 18/08/2025 23:00:00","BZN|NL","Without Sequence","104.90","",""
"18/08/2025 23:00:00 - 19/08/2025 00:00:00","BZN|NL","Without Sequence","91.10","",""
"19/08/2025 00:00:00 - 19/08/2025 01:00:00","BZN|NL","Without Sequence","98.91","",""
"19/08/2025 01:00:00 - 19/08/2025 02:00:00","BZN|NL","Without Sequence","90.00","",""
"19/08/2025 02:00:00 - 19/08/2025 03:00:00","BZN|NL","Without Sequence","84.55","",""
"19/08/2025 03:00:00 - 19/08/2025 04:00:00","BZN|NL","Without Sequence","81.94","",""
"19/08/2025 04:00:00 - 19/08/2025 05:00:00","BZN|NL","Without Sequence","83.40","",""
"19/08/2025 05:00:00 - 19/08/2025 06:00:00","BZN|NL","Without Sequence","94.57","",""
"19/08/2025 06:00:00 - 19/08/2025 07:00:00","BZN|NL","Without Sequence","104.51","",""
"19/08/2025 07:00:00 - 19/08/2025 08:00:00","BZN|NL","Without Sequence","108.86","",""
"19/08/2025 08:00:00 - 19/08/2025 09:00:00","BZN|NL","Without Sequence","98.05","",""
"19/08/2025 09:00:00 - 19/08/2025 10:00:00","BZN|NL","Without Sequence","88.57","",""
"19/08/2025 10:00:00 - 19/08/2025 11:00:00","BZN|NL","Without Sequence","69.64","",""
"19/08/2025 11:00:00 - 19/08/2025 12:00:00","BZN|NL","Without Sequence","43.23","",""
"19/08/2025 12:00:00 - 19/08/2025 13:00:00","BZN|NL","Without Sequence","22.85","",""
"19/08/2025 13:00:00 - 19/08/2025 14:00:00","BZN|NL","Without Sequence","3.00","",""
"19/08/2025 14:00:00 - 19/08/2025 15:00:00","BZN|NL","Without Sequence","0.50","",""
"19/08/2025 15:00:00 - 19/08/2025 16:00:00","BZN|NL","Without Sequence","14.70","",""
"19/08/2025 16:00:00 - 19/08/2025 17:00:00","BZN|NL","Without Sequence","59.05","",""
"19/08/2025 17:00:00 - 19/08/2025 18:00:00","BZN|NL","Without Sequence","87.77","",""
"19/08/2025 18:00:00 - 19/08/2025 19:00:00","BZN|NL","Without Sequence","92.41","",""
"19/08/2025 19:00:00 - 19/08/2025 20:00:00","BZN|NL","Without Sequence","110.10","",""
"19/08/2025 20:00:00 - 19/08/2025 21:00:00","BZN|NL","Without Sequence","124.62","",""
"19/08/2025 21:00:00 - 19/08/2025 22:00:00","BZN|NL","Without Sequence","109.25","",""
"19/08/2025 22:00:00 - 19/08/2025 23:00:00","BZN|NL","Without Sequence","103.67","",""
"19/08/2025 23:00:00 - 20/08/2025 00:00:00","BZN|NL","Without Sequence","95.06","",""
"20/08/2025 00:00:00 - 20/08/2025 01:00:00","BZN|NL","Without Sequence","94.14","",""
"20/08/2025 01:00:00 - 20/08/2025 02:00:00","BZN|NL","Without Sequence","88.23","",""
"20/08/2025 02:00:00 - 20/08/2025 03:00:00","BZN|NL","Without Sequence","82.89","",""
"20/08/2025 03:00:00 - 20/08/2025 04:00:00","BZN|NL","Without Sequence","80.67","",""
"20/08/2025 04:00:00 - 20/08/2025 05:00:00","BZN|NL","Without Sequence","79.37","",""
"20/08/2025 05:00:00 - 20/08/2025 06:00:00","BZN|NL","Without Sequence","88.36","",""
"20/08/2025 06:00:00 - 20/08/2025 07:00:00","BZN|NL","Without Sequence","101.36","",""
"20/08/2025 07:00:00 - 20/08/2025 08:00:00","BZN|NL","Without Sequence","104.46","",""
"20/08/2025 08:00:00 - 20/08/2025 09:00:00","BZN|NL","Without Sequence","105.69","",""
"20/08/2025 09:00:00 - 20/08/2025 10:00:00","BZN|NL","Without Sequence","91.00","",""
"20/08/2025 10:00:00 - 20/08/2025 11:00:00","BZN|NL","Without Sequence","83.89","",""
"20/08/2025 11:00:00 - 20/08/2025 12:00:00","BZN|NL","Without Sequence","67.97","",""
"20/08/2025 12:00:00 - 20/08/2025 13:00:00","BZN|NL","Without Sequence","49.06","",""
"20/08/2025 13:00:00 - 20/08/2025 14:00:00","BZN|NL","Without Sequence","35.00","",""
"20/08/2025 14:00:00 - 20/08/2025 15:00:00","BZN|NL","Without Sequence","40.09","",""
"20/08/2025 15:00:00 - 20/08/2025 16:00:00","BZN|NL","Without Sequence","64.52","",""
"20/08/2025 16:00:00 - 20/08/2025 17:00:00","BZN|NL","Without Sequence","73.51","",""
"20/08/2025 17:00:00 - 20/08/2025 18:00:00","BZN|NL","Without Sequence","93.02","",""
"20/08/2025 18:00:00 - 20/08/2025 19:00:00","BZN|NL","Without Sequence","95.10","",""
"20/08/2025 19:00:00 - 20/08/2025 20:00:00","BZN|NL","Without Sequence","102.33","",""
"20/08/2025 20:00:00 - 20/08/2025 21:00:00","BZN|NL","Without Sequence","129.90","",""
"20/08/2025 21:00:00 - 20/08/2025 22:00:00","BZN|NL","Without Sequence","115.00","",""
"20/08/2025 22:00:00 - 20/08/2025 23:00:00","BZN|NL","Without Sequence","103.44","",""
"20/08/2025 23:00:00 - 21/08/2025 00:00:00","BZN|NL","Without Sequence","96.12","",""
"21/08/2025 00:00:00 - 21/08/2025 01:00:00","BZN|NL","Without Sequence","94.50","",""
"21/08/2025 01:00:00 - 21/08/2025 02:00:00","BZN|NL","Without Sequence","88.86","",""
"21/08/2025 02:00:00 - 21/08/2025 03:00:00","BZN|NL","Without Sequence","87.52","",""
"21/08/2025 03:00:00 - 21/08/2025 04:00:00","BZN|NL","Without Sequence","90.88","",""
"21/08/2025 04:00:00 - 21/08/2025 05:00:00","BZN|NL","Without Sequence","92.37","",""
"21/08/2025 05:00:00 - 21/08/2025 06:00:00","BZN|NL","Without Sequence","97.96","",""
"21/08/2025 06:00:00 - 21/08/2025 07:00:00","BZN|NL","Without Sequence","105.90","",""
"21/08/2025 07:00:00 - 21/08/2025 08:00:00","BZN|NL","Without Sequence","111.00","",""
"21/08/2025 08:00:00 - 21/08/2025 09:00:00","BZN|NL","Without Sequence","106.91","",""
"21/08/2025 09:00:00 - 21/08/2025 10:00:00","BZN|NL","Without Sequence","89.34","",""
"21/08/2025 10:00:00 - 21/08/2025 11:00:00","BZN|NL","Without Sequence","75.20","",""
"21/08/2025 11:00:00 - 21/08/2025 12:00:00","BZN|NL","Without Sequence","66.48","",""
"21/08/2025 12:00:00 - 21/08/2025 13:00:00","BZN|NL","Without Sequence","57.69","",""
"21/08/2025 13:00:00 - 21/08/2025 14:00:00","BZN|NL","Without Sequence","42.90","",""
"21/08/2025 14:00:00 - 21/08/2025 15:00:00","BZN|NL","Without Sequence","37.00","",""
"21/08/2025 15:00:00 - 21/08/2025 16:00:00","BZN|NL","Without Sequence","48.20","",""
"21/08/2025 16:00:00 - 21/08/2025 17:00:00","BZN|NL","Without Sequence","60.10","",""
"21/08/2025 17:00:00 - 21/08/2025 18:00:00","BZN|NL","Without Sequence","81.55","",""
"21/08/2025 18:00:00 - 21/08/2025 19:00:00","BZN|NL","Without Sequence","94.00","",""
"21/08/2025 19:00:00 - 21/08/2025 20:00:00","BZN|NL","Without Sequence","100.56","",""
"21/08/2025 20:00:00 - 21/08/2025 21:00:00","BZN|NL","Without Sequence","116.56","",""
"21/08/2025 21:00:00 - 21/08/2025 22:00:00","BZN|NL","Without Sequence","114.48","",""
"21/08/2025 22:00:00 - 21/08/2025 23:00:00","BZN|NL","Without Sequence","111.00","",""
"21/08/2025 23:00:00 - 22/08/2025 00:00:00","BZN|NL","Without Sequence","100.91","",""
"22/08/2025 00:00:00 - 22/08/2025 01:00:00","BZN|NL","Without Sequence","91.99","",""
"22/08/2025 01:00:00 - 22/08/2025 02:00:00","BZN|NL","Without Sequence","85.59","",""
"22/08/2025 02:00:00 - 22/08/2025 03:00:00","BZN|NL","Without Sequence","82.13","",""
"22/08/2025 03:00:00 - 22/08/2025 04:00:00","BZN|NL","Without Sequence","81.69","",""
"22/08/2025 04:00:00 - 22/08/2025 05:00:00","BZN|NL","Without Sequence","82.88","",""
"22/08/2025 05:00:00 - 22/08/2025 06:00:00","BZN|NL","Without Sequence","87.76","",""
"22/08/2025 06:00:00 - 22/08/2025 07:00:00","BZN|NL","Without Sequence","105.91","",""
"22/08/2025 07:00:00 - 22/08/2025 08:00:00","BZN|NL","Without Sequence","110.00","",""
"22/08/2025 08:00:00 - 22/08/2025 09:00:00","BZN|NL","Without Sequence","105.69","",""
"22/08/2025 09:00:00 - 22/08/2025 10:00:00","BZN|NL","Without Sequence","93.96","",""
"22/08/2025 10:00:00 - 22/08/2025 11:00:00","BZN|NL","Without Sequence","85.63","",""
"22/08/2025 11:00:00 - 22/08/2025 12:00:00","BZN|NL","Without Sequence","82.50","",""
"22/08/2025 12:00:00 - 22/08/2025 13:00:00","BZN|NL","Without Sequence","68.00","",""
"22/08/2025 13:00:00 - 22/08/2025 14:00:00","BZN|NL","Without Sequence","48.00","",""
"22/08/2025 14:00:00 - 22/08/2025 15:00:00","BZN|NL","Without Sequence","33.55","",""
"22/08/2025 15:00:00 - 22/08/2025 16:00:00","BZN|NL","Without Sequence","33.13","",""
"22/08/2025 16:00:00 - 22/08/2025 17:00:00","BZN|NL","Without Sequence","60.00","",""
"22/08/2025 17:00:00 - 22/08/2025 18:00:00","BZN|NL","Without Sequence","79.90","",""
"22/08/2025 18:00:00 - 22/08/2025 19:00:00","BZN|NL","Without Sequence","98.10","",""
"22/08/2025 19:00:00 - 22/08/2025 20:00:00","BZN|NL","Without Sequence","109.24","",""
"22/08/2025 20:00:00 - 22/08/2025 21:00:00","BZN|NL","Without Sequence","114.20","",""
"22/08/2025 21:00:00 - 22/08/2025 22:00:00","BZN|NL","Without Sequence","108.04","",""
"22/08/2025 22:00:00 - 22/08/2025 23:00:00","BZN|NL","Without Sequence","103.30","",""
"22/08/2025 23:00:00 - 23/08/2025 00:00:00","BZN|NL","Without Sequence","94.37","",""
"23/08/2025 00:00:00 - 23/08/2025 01:00:00","BZN|NL","Without Sequence","95.33","",""
"23/08/2025 01:00:00 - 23/08/2025 02:00:00","BZN|NL","Without Sequence","89.32","",""
"23/08/2025 02:00:00 - 23/08/2025 03:00:00","BZN|NL","Without Sequence","89.08","",""
"23/08/2025 03:00:00 - 23/08/2025 04:00:00","BZN|NL","Without Sequence","86.57","",""
"23/08/2025 04:00:00 - 23/08/2025 05:00:00","BZN|NL","Without Sequence","87.41","",""
"23/08/2025 05:00:00 - 23/08/2025 06:00:00","BZN|NL","Without Sequence","86.87","",""
"23/08/2025 06:00:00 - 23/08/2025 07:00:00","BZN|NL","Without Sequence","87.11","",""
"23/08/2025 07:00:00 - 23/08/2025 08:00:00","BZN|NL","Without Sequence","86.84","",""
"23/08/2025 08:00:00 - 23/08/2025 09:00:00","BZN|NL","Without Sequence","86.55","",""
"23/08/2025 09:00:00 - 23/08/2025 10:00:00","BZN|NL","Without Sequence","70.10","",""
"23/08/2025 10:00:00 - 23/08/2025 11:00:00","BZN|NL","Without Sequence","23.66","",""
"23/08/2025 11:00:00 - 23/08/2025 12:00:00","BZN|NL","Without Sequence","4.01","",""
"23/08/2025 12:00:00 - 23/08/2025 13:00:00","BZN|NL","Without Sequence","3.00","",""
"23/08/2025 13:00:00 - 23/08/2025 14:00:00","BZN|NL","Without Sequence","2.01","",""
"23/08/2025 14:00:00 - 23/08/2025 15:00:00","BZN|NL","Without Sequence","1.83","",""
"23/08/2025 15:00:00 - 23/08/2025 16:00:00","BZN|NL","Without Sequence","3.52","",""
"23/08/2025 16:00:00 - 23/08/2025 17:00:00","BZN|NL","Without Sequence","12.10","",""
"23/08/2025 17:00:00 - 23/08/2025 18:00:00","BZN|NL","Without Sequence","72.00","",""
"23/08/2025 18:00:00 - 23/08/2025 19:00:00","BZN|NL","Without Sequence","98.23","",""
"23/08/2025 19:00:00 - 23/08/2025 20:00:00","BZN|NL","Without Sequence","113.12","",""
"23/08/2025 20:00:00 - 23/08/2025 21:00:00","BZN|NL","Without Sequence","124.01","",""
"23/08/2025 21:00:00 - 23/08/2025 22:00:00","BZN|NL","Without Sequence","121.00","",""
"23/08/2025 22:00:00 - 23/08/2025 23:00:00","BZN|NL","Without Sequence","111.16","",""
"23/08/2025 23:00:00 - 24/08/2025 00:00:00","BZN|NL","Without Sequence","105.29","",""
"24/08/2025 00:00:00 - 24/08/2025 01:00:00","BZN|NL","Without Sequence","100.50","",""
"24/08/2025 01:00:00 - 24/08/2025 02:00:00","BZN|NL","Without Sequence","95.15","",""
"24/08/2025 02:00:00 - 24/08/2025 03:00:00","BZN|NL","Without Sequence","95.33","",""
"24/08/2025 03:00:00 - 24/08/2025 04:00:00","BZN|NL","Without Sequence","93.22","",""
"24/08/2025 04:00:00 - 24/08/2025 05:00:00","BZN|NL","Without Sequence","92.48","",""
"24/08/2025 05:00:00 - 24/08/2025 06:00:00","BZN|NL","Without Sequence","91.72","",""
"24/08/2025 06:00:00 - 24/08/2025 07:00:00","BZN|NL","Without Sequence","90.00","",""
"24/08/2025 07:00:00 - 24/08/2025 08:00:00","BZN|NL","Without Sequence","85.42","",""
"24/08/2025 08:00:00 - 24/08/2025 09:00:00","BZN|NL","Without Sequence","86.71","",""
"24/08/2025 09:00:00 - 24/08/2025 10:00:00","BZN|NL","Without Sequence","5.11","",""
"24/08/2025 10:00:00 - 24/08/2025 11:00:00","BZN|NL","Without Sequence","-0.01","",""
"24/08/2025 11:00:00 - 24/08/2025 12:00:00","BZN|NL","Without Sequence","-0.07","",""
"24/08/2025 12:00:00 - 24/08/2025 13:00:00","BZN|NL","Without Sequence","-1.98","",""
"24/08/2025 13:00:00 - 24/08/2025 14:00:00","BZN|NL","Without Sequence","-7.45","",""
"24/08/2025 14:00:00 - 24/08/2025 15:00:00","BZN|NL","Without Sequence","-7.40","",""
"24/08/2025 15:00:00 - 24/08/2025 16:00:00","BZN|NL","Without Sequence","-0.10","",""
"24/08/2025 16:00:00 - 24/08/2025 17:00:00","BZN|NL","Without Sequence","0.00","",""
"24/08/2025 17:00:00 - 24/08/2025 18:00:00","BZN|NL","Without Sequence","56.76","",""
"24/08/2025 18:00:00 - 24/08/2025 19:00:00","BZN|NL","Without Sequence","96.35","",""
"24/08/2025 19:00:00 - 24/08/2025 20:00:00","BZN|NL","Without Sequence","112.48","",""
"24/08/2025 20:00:00 - 24/08/2025 21:00:00","BZN|NL","Without Sequence","117.57","",""
"24/08/2025 21:00:00 - 24/08/2025 22:00:00","BZN|NL","Without Sequence","114.32","",""
"24/08/2025 22:00:00 - 24/08/2025 23:00:00","BZN|NL","Without Sequence","107.50","",""
"24/08/2025 23:00:00 - 25/08/2025 00:00:00","BZN|NL","Without Sequence","100.52","",""
"25/08/2025 00:00:00 - 25/08/2025 01:00:00","BZN|NL","Without Sequence","95.28","",""
"25/08/2025 01:00:00 - 25/08/2025 02:00:00","BZN|NL","Without Sequence","87.03","",""
"25/08/2025 02:00:00 - 25/08/2025 03:00:00","BZN|NL","Without Sequence","85.44","",""
"25/08/2025 03:00:00 - 25/08/2025 04:00:00","BZN|NL","Without Sequence","84.83","",""
"25/08/2025 04:00:00 - 25/08/2025 05:00:00","BZN|NL","Without Sequence","83.55","",""
"25/08/2025 05:00:00 - 25/08/2025 06:00:00","BZN|NL","Without Sequence","100.12","",""
"25/08/2025 06:00:00 - 25/08/2025 07:00:00","BZN|NL","Without Sequence","115.38","",""
"25/08/2025 07:00:00 - 25/08/2025 08:00:00","BZN|NL","Without Sequence","125.00","",""
"25/08/2025 08:00:00 - 25/08/2025 09:00:00","BZN|NL","Without Sequence","110.04","",""
"25/08/2025 09:00:00 - 25/08/2025 10:00:00","BZN|NL","Without Sequence","91.97","",""
"25/08/2025 10:00:00 - 25/08/2025 11:00:00","BZN|NL","Without Sequence","72.98","",""
"25/08/2025 11:00:00 - 25/08/2025 12:00:00","BZN|NL","Without Sequence","35.02","",""
"25/08/2025 12:00:00 - 25/08/2025 13:00:00","BZN|NL","Without Sequence","10.00","",""
"25/08/2025 13:00:00 - 25/08/2025 14:00:00","BZN|NL","Without Sequence","5.93","",""
"25/08/2025 14:00:00 - 25/08/2025 15:00:00","BZN|NL","Without Sequence","6.78","",""
"25/08/2025 15:00:00 - 25/08/2025 16:00:00","BZN|NL","Without Sequence","25.20","",""
"25/08/2025 16:00:00 - 25/08/2025 17:00:00","BZN|NL","Without Sequence","56.39","",""
"25/08/2025 17:00:00 - 25/08/2025 18:00:00","BZN|NL","Without Sequence","84.90","",""
"25/08/2025 18:00:00 - 25/08/2025 19:00:00","BZN|NL","Without Sequence","107.69","",""
"25/08/2025 19:00:00 - 25/08/2025 20:00:00","BZN|NL","Without Sequence","144.85","",""
"25/08/2025 20:00:00 - 25/08/2025 21:00:00","BZN|NL","Without Sequence","189.87","",""
"25/08/2025 21:00:00 - 25/08/2025 22:00:00","BZN|NL","Without Sequence","136.07","",""
"25/08/2025 22:00:00 - 25/08/2025 23:00:00","BZN|NL","Without Sequence","115.04","",""
"25/08/2025 23:00:00 - 26/08/2025 00:00:00","BZN|NL","Without Sequence","105.15","",""
"26/08/2025 00:00:00 - 26/08/2025 01:00:00","BZN|NL","Without Sequence","104.56","",""
"26/08/2025 01:00:00 - 26/08/2025 02:00:00","BZN|NL","Without Sequence","96.93","",""
"26/08/2025 02:00:00 - 26/08/2025 03:00:00","BZN|NL","Without Sequence","86.00","",""
"26/08/2025 03:00:00 - 26/08/2025 04:00:00","BZN|NL","Without Sequence","80.62","",""
"26/08/2025 04:00:00 - 26/08/2025 05:00:00","BZN|NL","Without Sequence","82.58","",""
"26/08/2025 05:00:00 - 26/08/2025 06:00:00","BZN|NL","Without Sequence","94.25","",""
"26/08/2025 06:00:00 - 26/08/2025 07:00:00","BZN|NL","Without Sequence","92.00","",""
"26/08/2025 07:00:00 - 26/08/2025 08:00:00","BZN|NL","Without Sequence","106.20","",""
"26/08/2025 08:00:00 - 26/08/2025 09:00:00","BZN|NL","Without Sequence","104.62","",""
"26/08/2025 09:00:00 - 26/08/2025 10:00:00","BZN|NL","Without Sequence","90.00","",""
"26/08/2025 10:00:00 - 26/08/2025 11:00:00","BZN|NL","Without Sequence","77.80","",""
"26/08/2025 11:00:00 - 26/08/2025 12:00:00","BZN|NL","Without Sequence","61.35","",""
"26/08/2025 12:00:00 - 26/08/2025 13:00:00","BZN|NL","Without Sequence","41.75","",""
"26/08/2025 13:00:00 - 26/08/2025 14:00:00","BZN|NL","Without Sequence","26.28","",""
"26/08/2025 14:00:00 - 26/08/2025 15:00:00","BZN|NL","Without Sequence","38.05","",""
"26/08/2025 15:00:00 - 26/08/2025 16:00:00","BZN|NL","Without Sequence","70.10","",""
"26/08/2025 16:00:00 - 26/08/2025 17:00:00","BZN|NL","Without Sequence","83.82","",""
"26/08/2025 17:00:00 - 26/08/2025 18:00:00","BZN|NL","Without Sequence","98.44","",""
"26/08/2025 18:00:00 - 26/08/2025 19:00:00","BZN|NL","Without Sequence","116.03","",""
"26/08/2025 19:00:00 - 26/08/2025 20:00:00","BZN|NL","Without Sequence","152.52","",""
"26/08/2025 20:00:00 - 26/08/2025 21:00:00","BZN|NL","Without Sequence","170.01","",""
"26/08/2025 21:00:00 - 26/08/2025 22:00:00","BZN|NL","Without Sequence","123.30","",""
"26/08/2025 22:00:00 - 26/08/2025 23:00:00","BZN|NL","Without Sequence","109.47","",""
"26/08/2025 23:00:00 - 27/08/2025 00:00:00","BZN|NL","Without Sequence","97.67","",""
"27/08/2025 00:00:00 - 27/08/2025 01:00:00","BZN|NL","Without Sequence","95.40","",""
"27/08/2025 01:00:00 - 27/08/2025 02:00:00","BZN|NL","Without Sequence","89.98","",""
"27/08/2025 02:00:00 - 27/08/2025 03:00:00","BZN|NL","Without Sequence","86.52","",""
"27/08/2025 03:00:00 - 27/08/2025 04:00:00","BZN|NL","Without Sequence","83.80","",""
"27/08/2025 04:00:00 - 27/08/2025 05:00:00","BZN|NL","Without Sequence","84.49","",""
"27/08/2025 05:00:00 - 27/08/2025 06:00:00","BZN|NL","Without Sequence","91.23","",""
"27/08/2025 06:00:00 - 27/08/2025 07:00:00","BZN|NL","Without Sequence","99.90","",""
"27/08/2025 07:00:00 - 27/08/2025 08:00:00","BZN|NL","Without Sequence","108.17","",""
"27/08/2025 08:00:00 - 27/08/2025 09:00:00","BZN|NL","Without Sequence","113.64","",""
"27/08/2025 09:00:00 - 27/08/2025 10:00:00","BZN|NL","Without Sequence","101.63","",""
"27/08/2025 10:00:00 - 27/08/2025 11:00:00","BZN|NL","Without Sequence","85.45","",""
"27/08/2025 11:00:00 - 27/08/2025 12:00:00","BZN|NL","Without Sequence","79.01","",""
"27/08/2025 12:00:00 - 27/08/2025 13:00:00","BZN|NL","Without Sequence","64.16","",""
"27/08/2025 13:00:00 - 27/08/2025 14:00:00","BZN|NL","Without Sequence","50.42","",""
"27/08/2025 14:00:00 - 27/08/2025 15:00:00","BZN|NL","Without Sequence","50.89","",""
"27/08/2025 15:00:00 - 27/08/2025 16:00:00","BZN|NL","Without Sequence","74.09","",""
"27/08/2025 16:00:00 - 27/08/2025 17:00:00","BZN|NL","Without Sequence","81.32","",""
"27/08/2025 17:00:00 - 27/08/2025 18:00:00","BZN|NL","Without Sequence","100.93","",""
"27/08/2025 18:00:00 - 27/08/2025 19:00:00","BZN|NL","Without Sequence","122.72","",""
"27/08/2025 19:00:00 - 27/08/2025 20:00:00","BZN|NL","Without Sequence","184.98","",""
"27/08/2025 20:00:00 - 27/08/2025 21:00:00","BZN|NL","Without Sequence","197.16","",""
"27/08/2025 21:00:00 - 27/08/2025 22:00:00","BZN|NL","Without Sequence","121.26","",""
"27/08/2025 22:00:00 - 27/08/2025 23:00:00","BZN|NL","Without Sequence","113.63","",""
"27/08/2025 23:00:00 - 28/08/2025 00:00:00","BZN|NL","Without Sequence","103.57","",""
"28/08/2025 00:00:00 - 28/08/2025 01:00:00","BZN|NL","Without Sequence","97.15","",""
"28/08/2025 01:00:00 - 28/08/2025 02:00:00","BZN|NL","Without Sequence","91.62","",""
"28/08/2025 02:00:00 - 28/08/2025 03:00:00","BZN|NL","Without Sequence","87.58","",""
"28/08/2025 03:00:00 - 28/08/2025 04:00:00","BZN|NL","Without Sequence","84.77","",""
"28/08/2025 04:00:00 - 28/08/2025 05:00:00","BZN|NL","Without Sequence","86.72","",""
"28/08/2025 05:00:00 - 28/08/2025 06:00:00","BZN|NL","Without Sequence","95.49","",""
"28/08/2025 06:00:00 - 28/08/2025 07:00:00","BZN|NL","Without Sequence","112.32","",""
"28/08/2025 07:00:00 - 28/08/2025 08:00:00","BZN|NL","Without Sequence","128.90","",""
"28/08/2025 08:00:00 - 28/08/2025 09:00:00","BZN|NL","Without Sequence","135.03","",""
"28/08/2025 09:00:00 - 28/08/2025 10:00:00","BZN|NL","Without Sequence","119.39","",""
"28/08/2025 10:00:00 - 28/08/2025 11:00:00","BZN|NL","Without Sequence","103.63","",""
"28/08/2025 11:00:00 - 28/08/2025 12:00:00","BZN|NL","Without Sequence","96.12","",""
"28/08/2025 12:00:00 - 28/08/2025 13:00:00","BZN|NL","Without Sequence","88.19","",""
"28/08/2025 13:00:00 - 28/08/2025 14:00:00","BZN|NL","Without Sequence","86.12","",""
"28/08/2025 14:00:00 - 28/08/2025 15:00:00","BZN|NL","Without Sequence","84.87","",""
"28/08/2025 15:00:00 - 28/08/2025 16:00:00","BZN|NL","Without Sequence","85.27","",""
"28/08/2025 16:00:00 - 28/08/2025 17:00:00","BZN|NL","Without Sequence","81.75","",""
"28/08/2025 17:00:00 - 28/08/2025 18:00:00","BZN|NL","Without Sequence","98.99","",""
"28/08/2025 18:00:00 - 28/08/2025 19:00:00","BZN|NL","Without Sequence","98.30","",""
"28/08/2025 19:00:00 - 28/08/2025 20:00:00","BZN|NL","Without Sequence","117.27","",""
"28/08/2025 20:00:00 - 28/08/2025 21:00:00","BZN|NL","Without Sequence","124.00","",""
"28/08/2025 21:00:00 - 28/08/2025 22:00:00","BZN|NL","Without Sequence","108.00","",""
"28/08/2025 22:00:00 - 28/08/2025 23:00:00","BZN|NL","Without Sequence","101.40","",""
"28/08/2025 23:00:00 - 29/08/2025 00:00:00","BZN|NL","Without Sequence","80.62","",""
