"validfrom (UTC)","validto (UTC)",point,type,granularity,timezone,activity,classification,"capacity (kW)","volume (kWh)",percentage,"emission (kg CO2)","emissionfactor (kg CO2/kWh)"
"2024-12-31 23:00:00","2025-01-01 00:00:00",Nederland,Wind,Hour,UTC,Providing,Current,6519520,6519520,0.99503552913666,0,0
"2025-01-01 00:00:00","2025-01-01 01:00:00",Nederland,Wind,Hour,UTC,Providing,Current,5917659,5917659,0.903171479702,0,0
"2025-01-01 01:00:00","2025-01-01 02:00:00",Nederland,Wind,Hour,UTC,Providing,Current,4994553,4994553,0.76227927207947,0,0
"2025-01-01 02:00:00","2025-01-01 03:00:00",Nederland,Wind,Hour,UTC,Providing,Current,4990896,4990896,0.76171624660492,0,0
"2025-01-01 03:00:00","2025-01-01 04:00:00",Nederland,Wind,Hour,UTC,Providing,Current,4988425,4988425,0.76133447885513,0,0
"2025-01-01 04:00:00","2025-01-01 05:00:00",Nederland,Wind,Hour,UTC,Providing,Current,4995848,4995848,0.76246249675751,0,0
"2025-01-01 05:00:00","2025-01-01 06:00:00",Nederland,Wind,Hour,UTC,Providing,Current,5000998,5000998,0.76324373483658,0,0
"2025-01-01 06:00:00","2025-01-01 07:00:00",Nederland,Wind,Hour,UTC,Providing,Current,5545243,5545243,0.84630000591278,0,0
"2025-01-01 07:00:00","2025-01-01 08:00:00",Nederland,Wind,Hour,UTC,Providing,Current,5000109,5000109,0.76309823989868,0,0
"2025-01-01 08:00:00","2025-01-01 09:00:00",Nederland,Wind,Hour,UTC,Providing,Current,5006276,5006276,0.76403498649597,0,0
"2025-01-01 09:00:00","2025-01-01 10:00:00",Nederland,Wind,Hour,UTC,Providing,Current,5008423,5008423,0.76435774564743,0,0
"2025-01-01 10:00:00","2025-01-01 11:00:00",Nederland,Wind,Hour,UTC,Providing,Current,5008986,5008986,0.76443898677826,0,0
"2025-01-01 11:00:00","2025-01-01 12:00:00",Nederland,Wind,Hour,UTC,Providing,Current,4859352,4859352,0.74159824848175,0,0
"2025-01-01 12:00:00","2025-01-01 13:00:00",Nederland,Wind,Hour,UTC,Providing,Current,4557821,4557821,0.69557601213455,0,0
"2025-01-01 13:00:00","2025-01-01 14:00:00",Nederland,Wind,Hour,UTC,Providing,Current,4968952,4968952,0.7583150267601,0,0
"2025-01-01 14:00:00","2025-01-01 15:00:00",Nederland,Wind,Hour,UTC,Providing,Current,5521656,5521656,0.84265822172165,0,0
"2025-01-01 15:00:00","2025-01-01 16:00:00",Nederland,Wind,Hour,UTC,Providing,Current,6551295,6551295,0.99978572130203,0,0
"2025-01-01 16:00:00","2025-01-01 17:00:00",Nederland,Wind,Hour,UTC,Providing,Current,6371756,6371756,0.97237950563431,0,0
"2025-01-01 17:00:00","2025-01-01 18:00:00",Nederland,Wind,Hour,UTC,Providing,Current,5262636,5262636,0.80311399698257,0,0
"2025-01-01 18:00:00","2025-01-01 19:00:00",Nederland,Wind,Hour,UTC,Providing,Current,5026362,5026362,0.76705223321915,0,0
"2025-01-01 19:00:00","2025-01-01 20:00:00",Nederland,Wind,Hour,UTC,Providing,Current,4969390,4969390,0.7583532333374,0,0
"2025-01-01 20:00:00","2025-01-01 21:00:00",Nederland,Wind,Hour,UTC,Providing,Current,5463986,5463986,0.83382576704025,0,0
"2025-01-01 21:00:00","2025-01-01 22:00:00",Nederland,Wind,Hour,UTC,Providing,Current,5849626,5849626,0.89267027378082,0,0
"2025-01-01 22:00:00","2025-01-01 23:00:00",Nederland,Wind,Hour,UTC,Providing,Current,5931133,5931133,0.90510302782059,0,0
"2025-01-01 23:00:00","2025-01-02 00:00:00",Nederland,Wind,Hour,UTC,Providing,Current,5857030,5857030,0.89378952980042,0,0
"2025-01-02 00:00:00","2025-01-02 01:00:00",Nederland,Wind,Hour,UTC,Providing,Current,4657518,4657518,0.71073800325394,0,0
"2025-01-02 01:00:00","2025-01-02 02:00:00",Nederland,Wind,Hour,UTC,Providing,Current,2180400,2180400,0.33272725343704,0,0
"2025-01-02 02:00:00","2025-01-02 03:00:00",Nederland,Wind,Hour,UTC,Providing,Current,1290672,1290672,0.19695450365543,0,0
"2025-01-02 03:00:00","2025-01-02 04:00:00",Nederland,Wind,Hour,UTC,Providing,Current,1003721,1003721,0.15316499769688,0,0
"2025-01-02 04:00:00","2025-01-02 05:00:00",Nederland,Wind,Hour,UTC,Providing,Current,756568,756568,0.11544947326183,0,0
"2025-01-02 05:00:00","2025-01-02 06:00:00",Nederland,Wind,Hour,UTC,Providing,Current,588753,588753,0.089840978384018,0,0
"2025-01-02 06:00:00","2025-01-02 07:00:00",Nederland,Wind,Hour,UTC,Providing,Current,551794,551794,0.084200672805309,0,0
"2025-01-02 07:00:00","2025-01-02 08:00:00",Nederland,Wind,Hour,UTC,Providing,Current,402255,402255,0.061381500214338,0,0
"2025-01-02 08:00:00","2025-01-02 09:00:00",Nederland,Wind,Hour,UTC,Providing,Current,408922,408922,0.062398426234722,0,0
"2025-01-02 09:00:00","2025-01-02 10:00:00",Nederland,Wind,Hour,UTC,Providing,Current,475339,475339,0.072532698512077,0,0
"2025-01-02 10:00:00","2025-01-02 11:00:00",Nederland,Wind,Hour,UTC,Providing,Current,622846,622846,0.095040522515774,0,0
"2025-01-02 11:00:00","2025-01-02 12:00:00",Nederland,Wind,Hour,UTC,Providing,Current,1071732,1071732,0.16353525221348,0,0
"2025-01-02 12:00:00","2025-01-02 13:00:00",Nederland,Wind,Hour,UTC,Providing,Current,1741282,1741282,0.26570001244545,0,0
"2025-01-02 13:00:00","2025-01-02 14:00:00",Nederland,Wind,Hour,UTC,Providing,Current,2118461,2118461,0.32325100898743,0,0
"2025-01-02 14:00:00","2025-01-02 15:00:00",Nederland,Wind,Hour,UTC,Providing,Current,1658415,1658415,0.25305226445198,0,0
"2025-01-02 15:00:00","2025-01-02 16:00:00",Nederland,Wind,Hour,UTC,Providing,Current,1477348,1477348,0.22542224824429,0,0
"2025-01-02 16:00:00","2025-01-02 17:00:00",Nederland,Wind,Hour,UTC,Providing,Current,1333784,1333784,0.20351524651051,0,0
"2025-01-02 17:00:00","2025-01-02 18:00:00",Nederland,Wind,Hour,UTC,Providing,Current,1431043,1431043,0.21835425496101,0,0
"2025-01-02 18:00:00","2025-01-02 19:00:00",Nederland,Wind,Hour,UTC,Providing,Current,1630252,1630252,0.24874874949455,0,0
"2025-01-02 19:00:00","2025-01-02 20:00:00",Nederland,Wind,Hour,UTC,Providing,Current,1806529,1806529,0.27564400434494,0,0
"2025-01-02 20:00:00","2025-01-02 21:00:00",Nederland,Wind,Hour,UTC,Providing,Current,1921037,1921037,0.29311373829842,0,0
"2025-01-02 21:00:00","2025-01-02 22:00:00",Nederland,Wind,Hour,UTC,Providing,Current,1752961,1752961,0.26746675372124,0,0
"2025-01-02 22:00:00","2025-01-02 23:00:00",Nederland,Wind,Hour,UTC,Providing,Current,1547859,1547859,0.23617100715637,0,0
"2025-01-02 23:00:00","2025-01-03 00:00:00",Nederland,Wind,Hour,UTC,Providing,Current,1645914,1645914,0.25113049149513,0,0
"2025-01-03 00:00:00","2025-01-03 01:00:00",Nederland,Wind,Hour,UTC,Providing,Current,1618077,1618077,0.24688175320625,0,0
"2025-01-03 01:00:00","2025-01-03 02:00:00",Nederland,Wind,Hour,UTC,Providing,Current,1937499,1937499,0.29561623930931,0,0
"2025-01-03 02:00:00","2025-01-03 03:00:00",Nederland,Wind,Hour,UTC,Providing,Current,2047739,2047739,0.31243449449539,0,0
"2025-01-03 03:00:00","2025-01-03 04:00:00",Nederland,Wind,Hour,UTC,Providing,Current,2245754,2245754,0.34264451265335,0,0
"2025-01-03 04:00:00","2025-01-03 05:00:00",Nederland,Wind,Hour,UTC,Providing,Current,2721226,2721226,0.41518700122833,0,0
"2025-01-03 05:00:00","2025-01-03 06:00:00",Nederland,Wind,Hour,UTC,Providing,Current,3513913,3513913,0.53612625598907,0,0
"2025-01-03 06:00:00","2025-01-03 07:00:00",Nederland,Wind,Hour,UTC,Providing,Current,4324637,4324637,0.65981650352478,0,0
"2025-01-03 07:00:00","2025-01-03 08:00:00",Nederland,Wind,Hour,UTC,Providing,Current,4378530,4378530,0.66803449392319,0,0
"2025-01-03 08:00:00","2025-01-03 09:00:00",Nederland,Wind,Hour,UTC,Providing,Current,4821699,4821699,0.73564475774765,0,0
"2025-01-03 09:00:00","2025-01-03 10:00:00",Nederland,Wind,Hour,UTC,Providing,Current,5248739,5248739,0.8007932305336,0,0
"2025-01-03 10:00:00","2025-01-03 11:00:00",Nederland,Wind,Hour,UTC,Providing,Current,5479588,5479588,0.83600825071335,0,0
"2025-01-03 11:00:00","2025-01-03 12:00:00",Nederland,Wind,Hour,UTC,Providing,Current,5174549,5174549,0.78946399688721,0,0
"2025-01-03 12:00:00","2025-01-03 13:00:00",Nederland,Wind,Hour,UTC,Providing,Current,4219156,4219156,0.643698990345,0,0
"2025-01-03 13:00:00","2025-01-03 14:00:00",Nederland,Wind,Hour,UTC,Providing,Current,3975338,3975338,0.60649698972702,0,0
"2025-01-03 14:00:00","2025-01-03 15:00:00",Nederland,Wind,Hour,UTC,Providing,Current,3610910,3610910,0.55089473724365,0,0
"2025-01-03 15:00:00","2025-01-03 16:00:00",Nederland,Wind,Hour,UTC,Providing,Current,2845564,2845564,0.43412750959396,0,0
"2025-01-03 16:00:00","2025-01-03 17:00:00",Nederland,Wind,Hour,UTC,Providing,Current,1924284,1924284,0.29357248544693,0,0
"2025-01-03 17:00:00","2025-01-03 18:00:00",Nederland,Wind,Hour,UTC,Providing,Current,1576540,1576540,0.24051874876022,0,0
"2025-01-03 18:00:00","2025-01-03 19:00:00",Nederland,Wind,Hour,UTC,Providing,Current,1292627,1292627,0.19720324873924,0,0
"2025-01-03 19:00:00","2025-01-03 20:00:00",Nederland,Wind,Hour,UTC,Providing,Current,999302,999302,0.15245249867439,0,0
"2025-01-03 20:00:00","2025-01-03 21:00:00",Nederland,Wind,Hour,UTC,Providing,Current,938809,938809,0.14322300255299,0,0
"2025-01-03 21:00:00","2025-01-03 22:00:00",Nederland,Wind,Hour,UTC,Providing,Current,699466,699466,0.10670852661133,0,0
"2025-01-03 22:00:00","2025-01-03 23:00:00",Nederland,Wind,Hour,UTC,Providing,Current,509739,509739,0.077763848006725,0,0
"2025-01-03 23:00:00","2025-01-04 00:00:00",Nederland,Wind,Hour,UTC,Providing,Current,668890,668890,0.10204284638166,0,0
"2025-01-04 00:00:00","2025-01-04 01:00:00",Nederland,Wind,Hour,UTC,Providing,Current,500591,500591,0.076367348432541,0,0
"2025-01-04 01:00:00","2025-01-04 02:00:00",Nederland,Wind,Hour,UTC,Providing,Current,526096,526096,0.080257751047611,0,0
"2025-01-04 02:00:00","2025-01-04 03:00:00",Nederland,Wind,Hour,UTC,Providing,Current,449856,449856,0.068626627326012,0,0
"2025-01-04 03:00:00","2025-01-04 04:00:00",Nederland,Wind,Hour,UTC,Providing,Current,375287,375287,0.05725060030818,0,0
"2025-01-04 04:00:00","2025-01-04 05:00:00",Nederland,Wind,Hour,UTC,Providing,Current,291461,291461,0.04446255043149,0,0
"2025-01-04 05:00:00","2025-01-04 06:00:00",Nederland,Wind,Hour,UTC,Providing,Current,311288,311288,0.0474868491292,0,0
"2025-01-04 06:00:00","2025-01-04 07:00:00",Nederland,Wind,Hour,UTC,Providing,Current,263398,263398,0.040180999785662,0,0
"2025-01-04 07:00:00","2025-01-04 08:00:00",Nederland,Wind,Hour,UTC,Providing,Current,354454,354454,0.054071124643087,0,0
"2025-01-04 08:00:00","2025-01-04 09:00:00",Nederland,Wind,Hour,UTC,Providing,Current,731209,731209,0.11154329776764,0,0
"2025-01-04 09:00:00","2025-01-04 10:00:00",Nederland,Wind,Hour,UTC,Providing,Current,900076,900076,0.13730275630951,0,0
"2025-01-04 10:00:00","2025-01-04 11:00:00",Nederland,Wind,Hour,UTC,Providing,Current,1285577,1285577,0.19610799849033,0,0
"2025-01-04 11:00:00","2025-01-04 12:00:00",Nederland,Wind,Hour,UTC,Providing,Current,1661747,1661747,0.25348925590515,0,0
"2025-01-04 12:00:00","2025-01-04 13:00:00",Nederland,Wind,Hour,UTC,Providing,Current,2017953,2017953,0.30782449245453,0,0
"2025-01-04 13:00:00","2025-01-04 14:00:00",Nederland,Wind,Hour,UTC,Providing,Current,1660262,1660262,0.25325998663902,0,0
"2025-01-04 14:00:00","2025-01-04 15:00:00",Nederland,Wind,Hour,UTC,Providing,Current,1529951,1529951,0.23338024318218,0,0
"2025-01-04 15:00:00","2025-01-04 16:00:00",Nederland,Wind,Hour,UTC,Providing,Current,1485938,1485938,0.22666475176811,0,0
"2025-01-04 16:00:00","2025-01-04 17:00:00",Nederland,Wind,Hour,UTC,Providing,Current,1184864,1184864,0.18073800206184,0,0
"2025-01-04 17:00:00","2025-01-04 18:00:00",Nederland,Wind,Hour,UTC,Providing,Current,1099801,1099801,0.16776150465012,0,0
"2025-01-04 18:00:00","2025-01-04 19:00:00",Nederland,Wind,Hour,UTC,Providing,Current,910815,910815,0.1389332562685,0,0
"2025-01-04 19:00:00","2025-01-04 20:00:00",Nederland,Wind,Hour,UTC,Providing,Current,909323,909323,0.13870500028133,0,0
"2025-01-04 20:00:00","2025-01-04 21:00:00",Nederland,Wind,Hour,UTC,Providing,Current,780742,780742,0.11909075081348,0,0
"2025-01-04 21:00:00","2025-01-04 22:00:00",Nederland,Wind,Hour,UTC,Providing,Current,851942,851942,0.12995049357414,0,0
"2025-01-04 22:00:00","2025-01-04 23:00:00",Nederland,Wind,Hour,UTC,Providing,Current,854213,854213,0.13029624521732,0,0
"2025-01-04 23:00:00","2025-01-05 00:00:00",Nederland,Wind,Hour,UTC,Providing,Current,698735,698735,0.10657999664545,0,0
"2025-01-05 00:00:00","2025-01-05 01:00:00",Nederland,Wind,Hour,UTC,Providing,Current,797628,797628,0.12166325002909,0,0
"2025-01-05 01:00:00","2025-01-05 02:00:00",Nederland,Wind,Hour,UTC,Providing,Current,908483,908483,0.13857124745846,0,0
"2025-01-05 02:00:00","2025-01-05 03:00:00",Nederland,Wind,Hour,UTC,Providing,Current,1260471,1260471,0.19225925207138,0,0
"2025-01-05 03:00:00","2025-01-05 04:00:00",Nederland,Wind,Hour,UTC,Providing,Current,1823410,1823410,0.27812224626541,0,0
"2025-01-05 04:00:00","2025-01-05 05:00:00",Nederland,Wind,Hour,UTC,Providing,Current,2207106,2207106,0.33664473891258,0,0
"2025-01-05 05:00:00","2025-01-05 06:00:00",Nederland,Wind,Hour,UTC,Providing,Current,2853148,2853148,0.43518126010895,0,0
"2025-01-05 06:00:00","2025-01-05 07:00:00",Nederland,Wind,Hour,UTC,Providing,Current,3652590,3652590,0.55711376667023,0,0
"2025-01-05 07:00:00","2025-01-05 08:00:00",Nederland,Wind,Hour,UTC,Providing,Current,4249094,4249094,0.64809197187424,0,0
"2025-01-05 08:00:00","2025-01-05 09:00:00",Nederland,Wind,Hour,UTC,Providing,Current,4513890,4513890,0.68847572803497,0,0
"2025-01-05 09:00:00","2025-01-05 10:00:00",Nederland,Wind,Hour,UTC,Providing,Current,4595959,4595959,0.70098876953125,0,0
"2025-01-05 10:00:00","2025-01-05 11:00:00",Nederland,Wind,Hour,UTC,Providing,Current,4598546,4598546,0.70137900114059,0,0
"2025-01-05 11:00:00","2025-01-05 12:00:00",Nederland,Wind,Hour,UTC,Providing,Current,4581535,4581535,0.69878000020981,0,0
"2025-01-05 12:00:00","2025-01-05 13:00:00",Nederland,Wind,Hour,UTC,Providing,Current,4156812,4156812,0.63399702310562,0,0
"2025-01-05 13:00:00","2025-01-05 14:00:00",Nederland,Wind,Hour,UTC,Providing,Current,4104715,4104715,0.6260472536087,0,0
"2025-01-05 14:00:00","2025-01-05 15:00:00",Nederland,Wind,Hour,UTC,Providing,Current,4058809,4058809,0.61904174089432,0,0
"2025-01-05 15:00:00","2025-01-05 16:00:00",Nederland,Wind,Hour,UTC,Providing,Current,4027458,4027458,0.61425650119781,0,0
"2025-01-05 16:00:00","2025-01-05 17:00:00",Nederland,Wind,Hour,UTC,Providing,Current,4438989,4438989,0.67701774835587,0,0
"2025-01-05 17:00:00","2025-01-05 18:00:00",Nederland,Wind,Hour,UTC,Providing,Current,4807524,4807524,0.7332209944725,0,0
"2025-01-05 18:00:00","2025-01-05 19:00:00",Nederland,Wind,Hour,UTC,Providing,Current,5003044,5003044,0.76303577423096,0,0
"2025-01-05 19:00:00","2025-01-05 20:00:00",Nederland,Wind,Hour,UTC,Providing,Current,5363208,5363208,0.81796073913574,0,0
"2025-01-05 20:00:00","2025-01-05 21:00:00",Nederland,Wind,Hour,UTC,Providing,Current,5946143,5946143,0.90686023235321,0,0
"2025-01-05 21:00:00","2025-01-05 22:00:00",Nederland,Wind,Hour,UTC,Providing,Current,6258428,6258428,0.9544820189476,0,0
"2025-01-05 22:00:00","2025-01-05 23:00:00",Nederland,Wind,Hour,UTC,Providing,Current,6327987,6327987,0.96508449316025,0,0
"2025-01-05 23:00:00","2025-01-06 00:00:00",Nederland,Wind,Hour,UTC,Providing,Current,6346329,6346329,0.96787548065186,0,0
"2025-01-06 00:00:00","2025-01-06 01:00:00",Nederland,Wind,Hour,UTC,Providing,Current,6349757,6349757,0.96839249134064,0,0
"2025-01-06 01:00:00","2025-01-06 02:00:00",Nederland,Wind,Hour,UTC,Providing,Current,6365786,6365786,0.97083097696304,0,0
"2025-01-06 02:00:00","2025-01-06 03:00:00",Nederland,Wind,Hour,UTC,Providing,Current,6358798,6358798,0.96975922584534,0,0
"2025-01-06 03:00:00","2025-01-06 04:00:00",Nederland,Wind,Hour,UTC,Providing,Current,6348957,6348957,0.96825224161148,0,0
"2025-01-06 04:00:00","2025-01-06 05:00:00",Nederland,Wind,Hour,UTC,Providing,Current,6405595,6405595,0.97688376903534,0,0
"2025-01-06 05:00:00","2025-01-06 06:00:00",Nederland,Wind,Hour,UTC,Providing,Current,6445041,6445041,0.98289322853088,0,0
"2025-01-06 06:00:00","2025-01-06 07:00:00",Nederland,Wind,Hour,UTC,Providing,Current,6456073,6456073,0.9845694899559,0,0
"2025-01-06 07:00:00","2025-01-06 08:00:00",Nederland,Wind,Hour,UTC,Providing,Current,6475489,6475489,0.98752427101135,0,0
"2025-01-06 08:00:00","2025-01-06 09:00:00",Nederland,Wind,Hour,UTC,Providing,Current,6498396,6498396,0.99101150035858,0,0
"2025-01-06 09:00:00","2025-01-06 10:00:00",Nederland,Wind,Hour,UTC,Providing,Current,6524789,6524789,0.99503022432327,0,0
"2025-01-06 10:00:00","2025-01-06 11:00:00",Nederland,Wind,Hour,UTC,Providing,Current,6546048,6546048,0.99826598167419,0,0
"2025-01-06 11:00:00","2025-01-06 12:00:00",Nederland,Wind,Hour,UTC,Providing,Current,6547623,6547623,0.99849998950958,0,0
"2025-01-06 12:00:00","2025-01-06 13:00:00",Nederland,Wind,Hour,UTC,Providing,Current,6433046,6433046,0.98102098703384,0,0
"2025-01-06 13:00:00","2025-01-06 14:00:00",Nederland,Wind,Hour,UTC,Providing,Current,5001074,5001074,0.76264476776123,0,0
"2025-01-06 14:00:00","2025-01-06 15:00:00",Nederland,Wind,Hour,UTC,Providing,Current,3691470,3691470,0.56293177604675,0,0
"2025-01-06 15:00:00","2025-01-06 16:00:00",Nederland,Wind,Hour,UTC,Providing,Current,4437669,4437669,0.67671900987625,0,0
"2025-01-06 16:00:00","2025-01-06 17:00:00",Nederland,Wind,Hour,UTC,Providing,Current,4749800,4749800,0.72431272268295,0,0
"2025-01-06 17:00:00","2025-01-06 18:00:00",Nederland,Wind,Hour,UTC,Providing,Current,5684138,5684138,0.86678749322891,0,0
"2025-01-06 18:00:00","2025-01-06 19:00:00",Nederland,Wind,Hour,UTC,Providing,Current,5812151,5812151,0.88630324602127,0,0
"2025-01-06 19:00:00","2025-01-06 20:00:00",Nederland,Wind,Hour,UTC,Providing,Current,5740483,5740483,0.8753690123558,0,0
"2025-01-06 20:00:00","2025-01-06 21:00:00",Nederland,Wind,Hour,UTC,Providing,Current,5976773,5976773,0.91139525175095,0,0
"2025-01-06 21:00:00","2025-01-06 22:00:00",Nederland,Wind,Hour,UTC,Providing,Current,6129268,6129268,0.93464297056198,0,0
"2025-01-06 22:00:00","2025-01-06 23:00:00",Nederland,Wind,Hour,UTC,Providing,Current,6052075,6052075,0.92286652326584,0,0
"2025-01-06 23:00:00","2025-01-07 00:00:00",Nederland,Wind,Hour,UTC,Providing,Current,6026778,6026778,0.91900300979614,0,0
"2025-01-07 00:00:00","2025-01-07 01:00:00",Nederland,Wind,Hour,UTC,Providing,Current,6004008,6004008,0.91552549600601,0,0
"2025-01-07 01:00:00","2025-01-07 02:00:00",Nederland,Wind,Hour,UTC,Providing,Current,5783646,5783646,0.88191801309586,0,0
"2025-01-07 02:00:00","2025-01-07 03:00:00",Nederland,Wind,Hour,UTC,Providing,Current,5687045,5687045,0.86718225479126,0,0
"2025-01-07 03:00:00","2025-01-07 04:00:00",Nederland,Wind,Hour,UTC,Providing,Current,5665789,5665789,0.86393547058105,0,0
"2025-01-07 04:00:00","2025-01-07 05:00:00",Nederland,Wind,Hour,UTC,Providing,Current,5557268,5557268,0.84738272428513,0,0
"2025-01-07 05:00:00","2025-01-07 06:00:00",Nederland,Wind,Hour,UTC,Providing,Current,5279018,5279018,0.80494952201843,0,0
"2025-01-07 06:00:00","2025-01-07 07:00:00",Nederland,Wind,Hour,UTC,Providing,Current,5219674,5219674,0.79589575529099,0,0
"2025-01-07 07:00:00","2025-01-07 08:00:00",Nederland,Wind,Hour,UTC,Providing,Current,5066869,5066869,0.7725909948349,0,0
"2025-01-07 08:00:00","2025-01-07 09:00:00",Nederland,Wind,Hour,UTC,Providing,Current,4650320,4650320,0.70907175540924,0,0
"2025-01-07 09:00:00","2025-01-07 10:00:00",Nederland,Wind,Hour,UTC,Providing,Current,4635297,4635297,0.70677673816681,0,0
"2025-01-07 10:00:00","2025-01-07 11:00:00",Nederland,Wind,Hour,UTC,Providing,Current,4956586,4956586,0.75576102733612,0,0
"2025-01-07 11:00:00","2025-01-07 12:00:00",Nederland,Wind,Hour,UTC,Providing,Current,5603184,5603184,0.85434675216675,0,0
"2025-01-07 12:00:00","2025-01-07 13:00:00",Nederland,Wind,Hour,UTC,Providing,Current,5814922,5814922,0.88662576675415,0,0
"2025-01-07 13:00:00","2025-01-07 14:00:00",Nederland,Wind,Hour,UTC,Providing,Current,6067790,6067790,0.92517602443695,0,0
"2025-01-07 14:00:00","2025-01-07 15:00:00",Nederland,Wind,Hour,UTC,Providing,Current,5812082,5812082,0.88618177175522,0,0
"2025-01-07 15:00:00","2025-01-07 16:00:00",Nederland,Wind,Hour,UTC,Providing,Current,5486997,5486997,0.83661025762558,0,0
"2025-01-07 16:00:00","2025-01-07 17:00:00",Nederland,Wind,Hour,UTC,Providing,Current,4988443,4988443,0.76059025526047,0,0
"2025-01-07 17:00:00","2025-01-07 18:00:00",Nederland,Wind,Hour,UTC,Providing,Current,4825666,4825666,0.73576676845551,0,0
"2025-01-07 18:00:00","2025-01-07 19:00:00",Nederland,Wind,Hour,UTC,Providing,Current,4828031,4828031,0.7361227273941,0,0
"2025-01-07 19:00:00","2025-01-07 20:00:00",Nederland,Wind,Hour,UTC,Providing,Current,4567779,4567779,0.69643801450729,0,0
"2025-01-07 20:00:00","2025-01-07 21:00:00",Nederland,Wind,Hour,UTC,Providing,Current,4512405,4512405,0.68799149990082,0,0
"2025-01-07 21:00:00","2025-01-07 22:00:00",Nederland,Wind,Hour,UTC,Providing,Current,4503442,4503442,0.68662077188492,0,0
"2025-01-07 22:00:00","2025-01-07 23:00:00",Nederland,Wind,Hour,UTC,Providing,Current,4333062,4333062,0.66063898801804,0,0
"2025-01-07 23:00:00","2025-01-08 00:00:00",Nederland,Wind,Hour,UTC,Providing,Current,4162538,4162538,0.63463622331619,0,0
"2025-01-08 00:00:00","2025-01-08 01:00:00",Nederland,Wind,Hour,UTC,Providing,Current,3913670,3913670,0.59668922424316,0,0
"2025-01-08 01:00:00","2025-01-08 02:00:00",Nederland,Wind,Hour,UTC,Providing,Current,3901464,3901464,0.59482473134995,0,0
"2025-01-08 02:00:00","2025-01-08 03:00:00",Nederland,Wind,Hour,UTC,Providing,Current,4035384,4035384,0.61523848772049,0,0
"2025-01-08 03:00:00","2025-01-08 04:00:00",Nederland,Wind,Hour,UTC,Providing,Current,3608714,3608714,0.55018424987793,0,0
"2025-01-08 04:00:00","2025-01-08 05:00:00",Nederland,Wind,Hour,UTC,Providing,Current,3467757,3467757,0.52869075536728,0,0
"2025-01-08 05:00:00","2025-01-08 06:00:00",Nederland,Wind,Hour,UTC,Providing,Current,3159862,3159862,0.48174625635147,0,0
"2025-01-08 06:00:00","2025-01-08 07:00:00",Nederland,Wind,Hour,UTC,Providing,Current,3265306,3265306,0.49781900644302,0,0
"2025-01-08 07:00:00","2025-01-08 08:00:00",Nederland,Wind,Hour,UTC,Providing,Current,3197115,3197115,0.48741975426674,0,0
"2025-01-08 08:00:00","2025-01-08 09:00:00",Nederland,Wind,Hour,UTC,Providing,Current,3031454,3031454,0.4621610045433,0,0
"2025-01-08 09:00:00","2025-01-08 10:00:00",Nederland,Wind,Hour,UTC,Providing,Current,3036160,3036160,0.46287524700165,0,0
"2025-01-08 10:00:00","2025-01-08 11:00:00",Nederland,Wind,Hour,UTC,Providing,Current,3199095,3199095,0.48771274089813,0,0
"2025-01-08 11:00:00","2025-01-08 12:00:00",Nederland,Wind,Hour,UTC,Providing,Current,3221424,3221424,0.49111375212669,0,0
"2025-01-08 12:00:00","2025-01-08 13:00:00",Nederland,Wind,Hour,UTC,Providing,Current,2933894,2933894,0.44727626442909,0,0
"2025-01-08 13:00:00","2025-01-08 14:00:00",Nederland,Wind,Hour,UTC,Providing,Current,2117953,2117953,0.32288300991058,0,0
"2025-01-08 14:00:00","2025-01-08 15:00:00",Nederland,Wind,Hour,UTC,Providing,Current,1365022,1365022,0.20809699594975,0,0
"2025-01-08 15:00:00","2025-01-08 16:00:00",Nederland,Wind,Hour,UTC,Providing,Current,701353,701353,0.10692010074854,0,0
"2025-01-08 16:00:00","2025-01-08 17:00:00",Nederland,Wind,Hour,UTC,Providing,Current,342680,342680,0.052240751683712,0,0
"2025-01-08 17:00:00","2025-01-08 18:00:00",Nederland,Wind,Hour,UTC,Providing,Current,290069,290069,0.044220048934221,0,0
"2025-01-08 18:00:00","2025-01-08 19:00:00",Nederland,Wind,Hour,UTC,Providing,Current,351270,351270,0.053549598902464,0,0
"2025-01-08 19:00:00","2025-01-08 20:00:00",Nederland,Wind,Hour,UTC,Providing,Current,258835,258835,0.039458025246859,0,0
"2025-01-08 20:00:00","2025-01-08 21:00:00",Nederland,Wind,Hour,UTC,Providing,Current,302753,302753,0.046152774244547,0,0
"2025-01-08 21:00:00","2025-01-08 22:00:00",Nederland,Wind,Hour,UTC,Providing,Current,507391,507391,0.077348098158836,0,0
"2025-01-08 22:00:00","2025-01-08 23:00:00",Nederland,Wind,Hour,UTC,Providing,Current,561753,561753,0.08563470095396,0,0
"2025-01-08 23:00:00","2025-01-09 00:00:00",Nederland,Wind,Hour,UTC,Providing,Current,294009,294009,0.044819001108408,0,0
"2025-01-09 00:00:00","2025-01-09 01:00:00",Nederland,Wind,Hour,UTC,Providing,Current,96604,96604,0.014726299792528,0,0
"2025-01-09 01:00:00","2025-01-09 02:00:00",Nederland,Wind,Hour,UTC,Providing,Current,62817,62817,0.0095757702365518,0,0
"2025-01-09 02:00:00","2025-01-09 03:00:00",Nederland,Wind,Hour,UTC,Providing,Current,71975,71975,0.010971714742482,0,0
"2025-01-09 03:00:00","2025-01-09 04:00:00",Nederland,Wind,Hour,UTC,Providing,Current,78334,78334,0.011941032484174,0,0
"2025-01-09 04:00:00","2025-01-09 05:00:00",Nederland,Wind,Hour,UTC,Providing,Current,82704,82704,0.012607077136636,0,0
"2025-01-09 05:00:00","2025-01-09 06:00:00",Nederland,Wind,Hour,UTC,Providing,Current,149678,149678,0.022816199809313,0,0
"2025-01-09 06:00:00","2025-01-09 07:00:00",Nederland,Wind,Hour,UTC,Providing,Current,178145,178145,0.02715539932251,0,0
"2025-01-09 07:00:00","2025-01-09 08:00:00",Nederland,Wind,Hour,UTC,Providing,Current,255851,255851,0.039000224322081,0,0
"2025-01-09 08:00:00","2025-01-09 09:00:00",Nederland,Wind,Hour,UTC,Providing,Current,171877,171877,0.02619962580502,0,0
"2025-01-09 09:00:00","2025-01-09 10:00:00",Nederland,Wind,Hour,UTC,Providing,Current,182610,182610,0.0278355255723,0,0
"2025-01-09 10:00:00","2025-01-09 11:00:00",Nederland,Wind,Hour,UTC,Providing,Current,265352,265352,0.040447700768709,0,0
"2025-01-09 11:00:00","2025-01-09 12:00:00",Nederland,Wind,Hour,UTC,Providing,Current,579822,579822,0.088381871581078,0,0
"2025-01-09 12:00:00","2025-01-09 13:00:00",Nederland,Wind,Hour,UTC,Providing,Current,1528482,1528482,0.23298424482346,0,0
"2025-01-09 13:00:00","2025-01-09 14:00:00",Nederland,Wind,Hour,UTC,Providing,Current,1895302,1895302,0.28889626264572,0,0
"2025-01-09 14:00:00","2025-01-09 15:00:00",Nederland,Wind,Hour,UTC,Providing,Current,2520761,2520761,0.38423123955727,0,0
"2025-01-09 15:00:00","2025-01-09 16:00:00",Nederland,Wind,Hour,UTC,Providing,Current,2561683,2561683,0.39046600461006,0,0
"2025-01-09 16:00:00","2025-01-09 17:00:00",Nederland,Wind,Hour,UTC,Providing,Current,3023265,3023265,0.46082025766373,0,0
"2025-01-09 17:00:00","2025-01-09 18:00:00",Nederland,Wind,Hour,UTC,Providing,Current,2883448,2883448,0.43950599431992,0,0
"2025-01-09 18:00:00","2025-01-09 19:00:00",Nederland,Wind,Hour,UTC,Providing,Current,2822429,2822429,0.43020251393318,0,0
"2025-01-09 19:00:00","2025-01-09 20:00:00",Nederland,Wind,Hour,UTC,Providing,Current,2829206,2829206,0.43123298883438,0,0
"2025-01-09 20:00:00","2025-01-09 21:00:00",Nederland,Wind,Hour,UTC,Providing,Current,3107718,3107718,0.4736810028553,0,0
"2025-01-09 21:00:00","2025-01-09 22:00:00",Nederland,Wind,Hour,UTC,Providing,Current,3250167,3250167,0.49539050459862,0,0
"2025-01-09 22:00:00","2025-01-09 23:00:00",Nederland,Wind,Hour,UTC,Providing,Current,3298650,3298650,0.50277674198151,0,0
"2025-01-09 23:00:00","2025-01-10 00:00:00",Nederland,Wind,Hour,UTC,Providing,Current,3673279,3673279,0.55987399816513,0,0
"2025-01-10 00:00:00","2025-01-10 01:00:00",Nederland,Wind,Hour,UTC,Providing,Current,3357041,3357041,0.51167047023773,0,0
"2025-01-10 01:00:00","2025-01-10 02:00:00",Nederland,Wind,Hour,UTC,Providing,Current,2945924,2945924,0.44900625944138,0,0
"2025-01-10 02:00:00","2025-01-10 03:00:00",Nederland,Wind,Hour,UTC,Providing,Current,2534099,2534099,0.38623523712158,0,0
"2025-01-10 03:00:00","2025-01-10 04:00:00",Nederland,Wind,Hour,UTC,Providing,Current,2342454,2342454,0.35702323913574,0,0
"2025-01-10 04:00:00","2025-01-10 05:00:00",Nederland,Wind,Hour,UTC,Providing,Current,2303970,2303970,0.35115548968315,0,0
"2025-01-10 05:00:00","2025-01-10 06:00:00",Nederland,Wind,Hour,UTC,Providing,Current,2461205,2461205,0.37511798739433,0,0
"2025-01-10 06:00:00","2025-01-10 07:00:00",Nederland,Wind,Hour,UTC,Providing,Current,2345871,2345871,0.35753750801086,0,0
"2025-01-10 07:00:00","2025-01-10 08:00:00",Nederland,Wind,Hour,UTC,Providing,Current,2388928,2388928,0.36409750580788,0,0
"2025-01-10 08:00:00","2025-01-10 09:00:00",Nederland,Wind,Hour,UTC,Providing,Current,2217573,2217573,0.33797925710678,0,0
"2025-01-10 09:00:00","2025-01-10 10:00:00",Nederland,Wind,Hour,UTC,Providing,Current,2558794,2558794,0.38998201489449,0,0
"2025-01-10 10:00:00","2025-01-10 11:00:00",Nederland,Wind,Hour,UTC,Providing,Current,2798903,2798903,0.42657425999641,0,0
"2025-01-10 11:00:00","2025-01-10 12:00:00",Nederland,Wind,Hour,UTC,Providing,Current,2832629,2832629,0.43171149492264,0,0
"2025-01-10 12:00:00","2025-01-10 13:00:00",Nederland,Wind,Hour,UTC,Providing,Current,2919363,2919363,0.44492724537849,0,0
"2025-01-10 13:00:00","2025-01-10 14:00:00",Nederland,Wind,Hour,UTC,Providing,Current,2247983,2247983,0.34260350465775,0,0
"2025-01-10 14:00:00","2025-01-10 15:00:00",Nederland,Wind,Hour,UTC,Providing,Current,1523610,1523610,0.23220400512218,0,0
"2025-01-10 15:00:00","2025-01-10 16:00:00",Nederland,Wind,Hour,UTC,Providing,Current,848401,848401,0.12929849326611,0,0
"2025-01-10 16:00:00","2025-01-10 17:00:00",Nederland,Wind,Hour,UTC,Providing,Current,575902,575902,0.087768599390984,0,0
"2025-01-10 17:00:00","2025-01-10 18:00:00",Nederland,Wind,Hour,UTC,Providing,Current,364326,364326,0.055523626506329,0,0
"2025-01-10 18:00:00","2025-01-10 19:00:00",Nederland,Wind,Hour,UTC,Providing,Current,144200,144200,0.021976074203849,0,0
"2025-01-10 19:00:00","2025-01-10 20:00:00",Nederland,Wind,Hour,UTC,Providing,Current,99405,99405,0.015149224549532,0,0
"2025-01-10 20:00:00","2025-01-10 21:00:00",Nederland,Wind,Hour,UTC,Providing,Current,114052,114052,0.017381299287081,0,0
"2025-01-10 21:00:00","2025-01-10 22:00:00",Nederland,Wind,Hour,UTC,Providing,Current,71701,71701,0.010927025228739,0,0
"2025-01-10 22:00:00","2025-01-10 23:00:00",Nederland,Wind,Hour,UTC,Providing,Current,28370,28370,0.004323486238718,0,0
"2025-01-10 23:00:00","2025-01-11 00:00:00",Nederland,Wind,Hour,UTC,Providing,Current,25746,25746,0.0039235651493073,0,0
"2025-01-11 00:00:00","2025-01-11 01:00:00",Nederland,Wind,Hour,UTC,Providing,Current,10003,10003,0.001524401945062,0,0
"2025-01-11 01:00:00","2025-01-11 02:00:00",Nederland,Wind,Hour,UTC,Providing,Current,17671,17671,0.002692939247936,0,0
"2025-01-11 02:00:00","2025-01-11 03:00:00",Nederland,Wind,Hour,UTC,Providing,Current,23581,23581,0.0035935649648309,0,0
"2025-01-11 03:00:00","2025-01-11 04:00:00",Nederland,Wind,Hour,UTC,Providing,Current,6064,6064,0.00092410302022472,0,0
"2025-01-11 04:00:00","2025-01-11 05:00:00",Nederland,Wind,Hour,UTC,Providing,Current,3191,3191,0.00048627750948071,0,0
"2025-01-11 05:00:00","2025-01-11 06:00:00",Nederland,Wind,Hour,UTC,Providing,Current,45145,45145,0.0068796225823462,0,0
"2025-01-11 06:00:00","2025-01-11 07:00:00",Nederland,Wind,Hour,UTC,Providing,Current,83826,83826,0.012774134986103,0,0
"2025-01-11 07:00:00","2025-01-11 08:00:00",Nederland,Wind,Hour,UTC,Providing,Current,142724,142724,0.021749375388026,0,0
"2025-01-11 08:00:00","2025-01-11 09:00:00",Nederland,Wind,Hour,UTC,Providing,Current,166665,166665,0.025397524237633,0,0
"2025-01-11 09:00:00","2025-01-11 10:00:00",Nederland,Wind,Hour,UTC,Providing,Current,230152,230152,0.035071849822998,0,0
"2025-01-11 10:00:00","2025-01-11 11:00:00",Nederland,Wind,Hour,UTC,Providing,Current,264551,264551,0.040313549339771,0,0
"2025-01-11 11:00:00","2025-01-11 12:00:00",Nederland,Wind,Hour,UTC,Providing,Current,425002,425002,0.064763374626637,0,0
"2025-01-11 12:00:00","2025-01-11 13:00:00",Nederland,Wind,Hour,UTC,Providing,Current,862665,862665,0.13145524263382,0,0
"2025-01-11 13:00:00","2025-01-11 14:00:00",Nederland,Wind,Hour,UTC,Providing,Current,1086246,1086246,0.16552449762821,0,0
"2025-01-11 14:00:00","2025-01-11 15:00:00",Nederland,Wind,Hour,UTC,Providing,Current,1103041,1103041,0.16808250546455,0,0
"2025-01-11 15:00:00","2025-01-11 16:00:00",Nederland,Wind,Hour,UTC,Providing,Current,924495,924495,0.14087450504303,0,0
"2025-01-11 16:00:00","2025-01-11 17:00:00",Nederland,Wind,Hour,UTC,Providing,Current,754124,754124,0.11491250246763,0,0
"2025-01-11 17:00:00","2025-01-11 18:00:00",Nederland,Wind,Hour,UTC,Providing,Current,636451,636451,0.096981227397919,0,0
"2025-01-11 18:00:00","2025-01-11 19:00:00",Nederland,Wind,Hour,UTC,Providing,Current,600363,600363,0.091481573879719,0,0
"2025-01-11 19:00:00","2025-01-11 20:00:00",Nederland,Wind,Hour,UTC,Providing,Current,426975,426975,0.065060824155807,0,0
"2025-01-11 20:00:00","2025-01-11 21:00:00",Nederland,Wind,Hour,UTC,Providing,Current,276458,276458,0.042125351727009,0,0
"2025-01-11 21:00:00","2025-01-11 22:00:00",Nederland,Wind,Hour,UTC,Providing,Current,174639,174639,0.026610475033522,0,0
"2025-01-11 22:00:00","2025-01-11 23:00:00",Nederland,Wind,Hour,UTC,Providing,Current,102696,102696,0.015648122876883,0,0
"2025-01-11 23:00:00","2025-01-12 00:00:00",Nederland,Wind,Hour,UTC,Providing,Current,50627,50627,0.0077141574583948,0,0
"2025-01-12 00:00:00","2025-01-12 01:00:00",Nederland,Wind,Hour,UTC,Providing,Current,46337,46337,0.0070604351349175,0,0
"2025-01-12 01:00:00","2025-01-12 02:00:00",Nederland,Wind,Hour,UTC,Providing,Current,76045,76045,0.011586990207434,0,0
"2025-01-12 02:00:00","2025-01-12 03:00:00",Nederland,Wind,Hour,UTC,Providing,Current,124959,124959,0.019039925187826,0,0
"2025-01-12 03:00:00","2025-01-12 04:00:00",Nederland,Wind,Hour,UTC,Providing,Current,223727,223727,0.034088976681232,0,0
"2025-01-12 04:00:00","2025-01-12 05:00:00",Nederland,Wind,Hour,UTC,Providing,Current,197932,197932,0.030158400535583,0,0
"2025-01-12 05:00:00","2025-01-12 06:00:00",Nederland,Wind,Hour,UTC,Providing,Current,107216,107216,0.016336150467396,0,0
"2025-01-12 06:00:00","2025-01-12 07:00:00",Nederland,Wind,Hour,UTC,Providing,Current,40497,40497,0.0061703524552286,0,0
"2025-01-12 07:00:00","2025-01-12 08:00:00",Nederland,Wind,Hour,UTC,Providing,Current,71793,71793,0.010938707739115,0,0
"2025-01-12 08:00:00","2025-01-12 09:00:00",Nederland,Wind,Hour,UTC,Providing,Current,124176,124176,0.0189199000597,0,0
"2025-01-12 09:00:00","2025-01-12 10:00:00",Nederland,Wind,Hour,UTC,Providing,Current,96703,96703,0.014733949676156,0,0
"2025-01-12 10:00:00","2025-01-12 11:00:00",Nederland,Wind,Hour,UTC,Providing,Current,89381,89381,0.013618274591863,0,0
"2025-01-12 11:00:00","2025-01-12 12:00:00",Nederland,Wind,Hour,UTC,Providing,Current,124243,124243,0.018929749727249,0,0
"2025-01-12 12:00:00","2025-01-12 13:00:00",Nederland,Wind,Hour,UTC,Providing,Current,98172,98172,0.014957482926548,0,0
"2025-01-12 13:00:00","2025-01-12 14:00:00",Nederland,Wind,Hour,UTC,Providing,Current,34593,34593,0.0052705551497638,0,0
"2025-01-12 14:00:00","2025-01-12 15:00:00",Nederland,Wind,Hour,UTC,Providing,Current,50791,50791,0.0077384300529957,0,0
"2025-01-12 15:00:00","2025-01-12 16:00:00",Nederland,Wind,Hour,UTC,Providing,Current,27298,27298,0.0041590449400246,0,0
"2025-01-12 16:00:00","2025-01-12 17:00:00",Nederland,Wind,Hour,UTC,Providing,Current,25271,25271,0.0038501950912178,0,0
"2025-01-12 17:00:00","2025-01-12 18:00:00",Nederland,Wind,Hour,UTC,Providing,Current,23768,23768,0.003621177515015,0,0
"2025-01-12 18:00:00","2025-01-12 19:00:00",Nederland,Wind,Hour,UTC,Providing,Current,19868,19868,0.0030269774142653,0,0
"2025-01-12 19:00:00","2025-01-12 20:00:00",Nederland,Wind,Hour,UTC,Providing,Current,3268,3268,0.00049789249897003,0,0
"2025-01-12 20:00:00","2025-01-12 21:00:00",Nederland,Wind,Hour,UTC,Providing,Current,0,0,0,0,0
"2025-01-12 21:00:00","2025-01-12 22:00:00",Nederland,Wind,Hour,UTC,Providing,Current,0,0,0,0,0
"2025-01-12 22:00:00","2025-01-12 23:00:00",Nederland,Wind,Hour,UTC,Providing,Current,0,0,0,0,0
"2025-01-12 23:00:00","2025-01-13 00:00:00",Nederland,Wind,Hour,UTC,Providing,Current,7076,7076,0.001078023458831,0,0
"2025-01-13 00:00:00","2025-01-13 01:00:00",Nederland,Wind,Hour,UTC,Providing,Current,23984,23984,0.0036539274733514,0,0
"2025-01-13 01:00:00","2025-01-13 02:00:00",Nederland,Wind,Hour,UTC,Providing,Current,38902,38902,0.0059266248717904,0,0
"2025-01-13 02:00:00","2025-01-13 03:00:00",Nederland,Wind,Hour,UTC,Providing,Current,62367,62367,0.0095014050602913,0,0
"2025-01-13 03:00:00","2025-01-13 04:00:00",Nederland,Wind,Hour,UTC,Providing,Current,88597,88597,0.013497374951839,0,0
"2025-01-13 04:00:00","2025-01-13 05:00:00",Nederland,Wind,Hour,UTC,Providing,Current,87404,87404,0.013315537944436,0,0
"2025-01-13 05:00:00","2025-01-13 06:00:00",Nederland,Wind,Hour,UTC,Providing,Current,159178,159178,0.024249775335193,0,0
"2025-01-13 06:00:00","2025-01-13 07:00:00",Nederland,Wind,Hour,UTC,Providing,Current,217366,217366,0.033114150166512,0,0
"2025-01-13 07:00:00","2025-01-13 08:00:00",Nederland,Wind,Hour,UTC,Providing,Current,320416,320416,0.04881277680397,0,0
"2025-01-13 08:00:00","2025-01-13 09:00:00",Nederland,Wind,Hour,UTC,Providing,Current,420550,420550,0.064066998660564,0,0
"2025-01-13 09:00:00","2025-01-13 10:00:00",Nederland,Wind,Hour,UTC,Providing,Current,676544,676544,0.10306452214718,0,0
"2025-01-13 10:00:00","2025-01-13 11:00:00",Nederland,Wind,Hour,UTC,Providing,Current,983615,983615,0.14984300732613,0,0
"2025-01-13 11:00:00","2025-01-13 12:00:00",Nederland,Wind,Hour,UTC,Providing,Current,1370683,1370683,0.20880724489689,0,0
"2025-01-13 12:00:00","2025-01-13 13:00:00",Nederland,Wind,Hour,UTC,Providing,Current,1814808,1814808,0.276462495327,0,0
"2025-01-13 13:00:00","2025-01-13 14:00:00",Nederland,Wind,Hour,UTC,Providing,Current,2135731,2135731,0.32534924149513,0,0
"2025-01-13 14:00:00","2025-01-13 15:00:00",Nederland,Wind,Hour,UTC,Providing,Current,1849604,1849604,0.2817602455616,0,0
"2025-01-13 15:00:00","2025-01-13 16:00:00",Nederland,Wind,Hour,UTC,Providing,Current,1267510,1267510,0.19308525323868,0,0
"2025-01-13 16:00:00","2025-01-13 17:00:00",Nederland,Wind,Hour,UTC,Providing,Current,1033647,1033647,0.15745900571346,0,0
"2025-01-13 17:00:00","2025-01-13 18:00:00",Nederland,Wind,Hour,UTC,Providing,Current,1007587,1007587,0.15348799526691,0,0
"2025-01-13 18:00:00","2025-01-13 19:00:00",Nederland,Wind,Hour,UTC,Providing,Current,1278034,1278034,0.19468474388123,0,0
"2025-01-13 19:00:00","2025-01-13 20:00:00",Nederland,Wind,Hour,UTC,Providing,Current,1510667,1510667,0.23012074828148,0,0
"2025-01-13 20:00:00","2025-01-13 21:00:00",Nederland,Wind,Hour,UTC,Providing,Current,1416980,1416980,0.2158479988575,0,0
"2025-01-13 21:00:00","2025-01-13 22:00:00",Nederland,Wind,Hour,UTC,Providing,Current,1382153,1382153,0.21054150164127,0,0
"2025-01-13 22:00:00","2025-01-13 23:00:00",Nederland,Wind,Hour,UTC,Providing,Current,1708575,1708575,0.26026326417923,0,0
"2025-01-13 23:00:00","2025-01-14 00:00:00",Nederland,Wind,Hour,UTC,Providing,Current,1984971,1984971,0.30236425995827,0,0
"2025-01-14 00:00:00","2025-01-14 01:00:00",Nederland,Wind,Hour,UTC,Providing,Current,1939678,1939678,0.29546299576759,0,0
"2025-01-14 01:00:00","2025-01-14 02:00:00",Nederland,Wind,Hour,UTC,Providing,Current,2024777,2024777,0.3084237575531,0,0
"2025-01-14 02:00:00","2025-01-14 03:00:00",Nederland,Wind,Hour,UTC,Providing,Current,2641325,2641325,0.40233650803566,0,0
"2025-01-14 03:00:00","2025-01-14 04:00:00",Nederland,Wind,Hour,UTC,Providing,Current,2795403,2795403,0.42580398917198,0,0
"2025-01-14 04:00:00","2025-01-14 05:00:00",Nederland,Wind,Hour,UTC,Providing,Current,2659732,2659732,0.40513551235199,0,0
"2025-01-14 05:00:00","2025-01-14 06:00:00",Nederland,Wind,Hour,UTC,Providing,Current,2630826,2630826,0.40072974562645,0,0
"2025-01-14 06:00:00","2025-01-14 07:00:00",Nederland,Wind,Hour,UTC,Providing,Current,2976779,2976779,0.45342299342155,0,0
"2025-01-14 07:00:00","2025-01-14 08:00:00",Nederland,Wind,Hour,UTC,Providing,Current,3093180,3093180,0.47115024924278,0,0
"2025-01-14 08:00:00","2025-01-14 09:00:00",Nederland,Wind,Hour,UTC,Providing,Current,2777499,2777499,0.4230634868145,0,0
"2025-01-14 09:00:00","2025-01-14 10:00:00",Nederland,Wind,Hour,UTC,Providing,Current,2714749,2714749,0.41350299119949,0,0
"2025-01-14 10:00:00","2025-01-14 11:00:00",Nederland,Wind,Hour,UTC,Providing,Current,2820396,2820396,0.42959225177765,0,0
"2025-01-14 11:00:00","2025-01-14 12:00:00",Nederland,Wind,Hour,UTC,Providing,Current,3037526,3037526,0.46266150474548,0,0
"2025-01-14 12:00:00","2025-01-14 13:00:00",Nederland,Wind,Hour,UTC,Providing,Current,2841651,2841651,0.43282425403595,0,0
"2025-01-14 13:00:00","2025-01-14 14:00:00",Nederland,Wind,Hour,UTC,Providing,Current,2918926,2918926,0.44459176063538,0,0
"2025-01-14 14:00:00","2025-01-14 15:00:00",Nederland,Wind,Hour,UTC,Providing,Current,2295001,2295001,0.34955725073814,0,0
"2025-01-14 15:00:00","2025-01-14 16:00:00",Nederland,Wind,Hour,UTC,Providing,Current,1935399,1935399,0.29478374123573,0,0
"2025-01-14 16:00:00","2025-01-14 17:00:00",Nederland,Wind,Hour,UTC,Providing,Current,1479543,1479543,0.22535000741482,0,0
"2025-01-14 17:00:00","2025-01-14 18:00:00",Nederland,Wind,Hour,UTC,Providing,Current,1099269,1099269,0.16742925345898,0,0
"2025-01-14 18:00:00","2025-01-14 19:00:00",Nederland,Wind,Hour,UTC,Providing,Current,1031704,1031704,0.15713749825954,0,0
"2025-01-14 19:00:00","2025-01-14 20:00:00",Nederland,Wind,Hour,UTC,Providing,Current,996306,996306,0.15174500644207,0,0
"2025-01-14 20:00:00","2025-01-14 21:00:00",Nederland,Wind,Hour,UTC,Providing,Current,807898,807898,0.12304825335741,0,0
"2025-01-14 21:00:00","2025-01-14 22:00:00",Nederland,Wind,Hour,UTC,Providing,Current,505684,505684,0.077018603682518,0,0
"2025-01-14 22:00:00","2025-01-14 23:00:00",Nederland,Wind,Hour,UTC,Providing,Current,324216,324216,0.049379676580429,0,0
"2025-01-14 23:00:00","2025-01-15 00:00:00",Nederland,Wind,Hour,UTC,Providing,Current,242015,242015,0.036859851330519,0,0
"2025-01-15 00:00:00","2025-01-15 01:00:00",Nederland,Wind,Hour,UTC,Providing,Current,167176,167176,0.025461399927735,0,0
"2025-01-15 01:00:00","2025-01-15 02:00:00",Nederland,Wind,Hour,UTC,Providing,Current,204501,204501,0.0311459004879,0,0
"2025-01-15 02:00:00","2025-01-15 03:00:00",Nederland,Wind,Hour,UTC,Providing,Current,182344,182344,0.027771174907684,0,0
"2025-01-15 03:00:00","2025-01-15 04:00:00",Nederland,Wind,Hour,UTC,Providing,Current,208706,208706,0.031785923987627,0,0
"2025-01-15 04:00:00","2025-01-15 05:00:00",Nederland,Wind,Hour,UTC,Providing,Current,201705,201705,0.030719500035048,0,0
"2025-01-15 05:00:00","2025-01-15 06:00:00",Nederland,Wind,Hour,UTC,Providing,Current,228431,228431,0.034789625555277,0,0
"2025-01-15 06:00:00","2025-01-15 07:00:00",Nederland,Wind,Hour,UTC,Providing,Current,158828,158828,0.024189099669456,0,0
"2025-01-15 07:00:00","2025-01-15 08:00:00",Nederland,Wind,Hour,UTC,Providing,Current,52156,52156,0.0079431645572186,0,0
"2025-01-15 08:00:00","2025-01-15 09:00:00",Nederland,Wind,Hour,UTC,Providing,Current,29613,29613,0.0045099197886884,0,0
"2025-01-15 09:00:00","2025-01-15 10:00:00",Nederland,Wind,Hour,UTC,Providing,Current,9624,9624,0.0014656849671155,0,0
"2025-01-15 10:00:00","2025-01-15 11:00:00",Nederland,Wind,Hour,UTC,Providing,Current,22695,22695,0.0034562938380986,0,0
"2025-01-15 11:00:00","2025-01-15 12:00:00",Nederland,Wind,Hour,UTC,Providing,Current,64589,64589,0.0098364250734448,0,0
"2025-01-15 12:00:00","2025-01-15 13:00:00",Nederland,Wind,Hour,UTC,Providing,Current,84828,84828,0.012918599881232,0,0
"2025-01-15 13:00:00","2025-01-15 14:00:00",Nederland,Wind,Hour,UTC,Providing,Current,95805,95805,0.014590200036764,0,0
"2025-01-15 14:00:00","2025-01-15 15:00:00",Nederland,Wind,Hour,UTC,Providing,Current,58309,58309,0.0088798645883799,0,0
"2025-01-15 15:00:00","2025-01-15 16:00:00",Nederland,Wind,Hour,UTC,Providing,Current,55277,55277,0.0084180701524019,0,0
"2025-01-15 16:00:00","2025-01-15 17:00:00",Nederland,Wind,Hour,UTC,Providing,Current,50361,50361,0.0076693627052009,0,0
"2025-01-15 17:00:00","2025-01-15 18:00:00",Nederland,Wind,Hour,UTC,Providing,Current,63095,63095,0.0096085174009204,0,0
"2025-01-15 18:00:00","2025-01-15 19:00:00",Nederland,Wind,Hour,UTC,Providing,Current,69542,69542,0.010590249672532,0,0
"2025-01-15 19:00:00","2025-01-15 20:00:00",Nederland,Wind,Hour,UTC,Providing,Current,64024,64024,0.0097498800605536,0,0
"2025-01-15 20:00:00","2025-01-15 21:00:00",Nederland,Wind,Hour,UTC,Providing,Current,72426,72426,0.011029317043722,0,0
"2025-01-15 21:00:00","2025-01-15 22:00:00",Nederland,Wind,Hour,UTC,Providing,Current,85891,85891,0.013079725205898,0,0
"2025-01-15 22:00:00","2025-01-15 23:00:00",Nederland,Wind,Hour,UTC,Providing,Current,92949,92949,0.014154450036585,0,0
"2025-01-15 23:00:00","2025-01-16 00:00:00",Nederland,Wind,Hour,UTC,Providing,Current,110976,110976,0.016899524256587,0,0
"2025-01-16 00:00:00","2025-01-16 01:00:00",Nederland,Wind,Hour,UTC,Providing,Current,88060,88060,0.013409799896181,0,0
"2025-01-16 01:00:00","2025-01-16 02:00:00",Nederland,Wind,Hour,UTC,Providing,Current,45370,45370,0.0069089098833501,0,0
"2025-01-16 02:00:00","2025-01-16 03:00:00",Nederland,Wind,Hour,UTC,Providing,Current,33277,33277,0.0050673601217568,0,0
"2025-01-16 03:00:00","2025-01-16 04:00:00",Nederland,Wind,Hour,UTC,Providing,Current,51510,51510,0.007843810133636,0,0
"2025-01-16 04:00:00","2025-01-16 05:00:00",Nederland,Wind,Hour,UTC,Providing,Current,95474,95474,0.014538425020874,0,0
"2025-01-16 05:00:00","2025-01-16 06:00:00",Nederland,Wind,Hour,UTC,Providing,Current,163851,163851,0.024950450286269,0,0
"2025-01-16 06:00:00","2025-01-16 07:00:00",Nederland,Wind,Hour,UTC,Providing,Current,167108,167108,0.025446249172091,0,0
"2025-01-16 07:00:00","2025-01-16 08:00:00",Nederland,Wind,Hour,UTC,Providing,Current,180790,180790,0.027529500424862,0,0
"2025-01-16 08:00:00","2025-01-16 09:00:00",Nederland,Wind,Hour,UTC,Providing,Current,320999,320999,0.04887929931283,0,0
"2025-01-16 09:00:00","2025-01-16 10:00:00",Nederland,Wind,Hour,UTC,Providing,Current,701072,701072,0.10675337165594,0,0
"2025-01-16 10:00:00","2025-01-16 11:00:00",Nederland,Wind,Hour,UTC,Providing,Current,889347,889347,0.13542124629021,0,0
"2025-01-16 11:00:00","2025-01-16 12:00:00",Nederland,Wind,Hour,UTC,Providing,Current,1087647,1087647,0.16561575233936,0,0
"2025-01-16 12:00:00","2025-01-16 13:00:00",Nederland,Wind,Hour,UTC,Providing,Current,1291213,1291213,0.19661125540733,0,0
"2025-01-16 13:00:00","2025-01-16 14:00:00",Nederland,Wind,Hour,UTC,Providing,Current,1201483,1201483,0.18294724822044,0,0
"2025-01-16 14:00:00","2025-01-16 15:00:00",Nederland,Wind,Hour,UTC,Providing,Current,939084,939084,0.14299149811268,0,0
"2025-01-16 15:00:00","2025-01-16 16:00:00",Nederland,Wind,Hour,UTC,Providing,Current,748983,748983,0.11404450237751,0,0
"2025-01-16 16:00:00","2025-01-16 17:00:00",Nederland,Wind,Hour,UTC,Providing,Current,596917,596917,0.090889528393745,0,0
"2025-01-16 17:00:00","2025-01-16 18:00:00",Nederland,Wind,Hour,UTC,Providing,Current,534285,534285,0.081352353096008,0,0
"2025-01-16 18:00:00","2025-01-16 19:00:00",Nederland,Wind,Hour,UTC,Providing,Current,537329,537329,0.081815302371979,0,0
"2025-01-16 19:00:00","2025-01-16 20:00:00",Nederland,Wind,Hour,UTC,Providing,Current,592519,592519,0.090218149125576,0,0
"2025-01-16 20:00:00","2025-01-16 21:00:00",Nederland,Wind,Hour,UTC,Providing,Current,638553,638553,0.097226701676846,0,0
"2025-01-16 21:00:00","2025-01-16 22:00:00",Nederland,Wind,Hour,UTC,Providing,Current,834367,834367,0.12704099714756,0,0
"2025-01-16 22:00:00","2025-01-16 23:00:00",Nederland,Wind,Hour,UTC,Providing,Current,939015,939015,0.1429737508297,0,0
"2025-01-16 23:00:00","2025-01-17 00:00:00",Nederland,Wind,Hour,UTC,Providing,Current,988131,988131,0.15045100450516,0,0
"2025-01-17 00:00:00","2025-01-17 01:00:00",Nederland,Wind,Hour,UTC,Providing,Current,1026046,1026046,0.15622299909592,0,0
"2025-01-17 01:00:00","2025-01-17 02:00:00",Nederland,Wind,Hour,UTC,Providing,Current,992947,992947,0.15118224918842,0,0
"2025-01-17 02:00:00","2025-01-17 03:00:00",Nederland,Wind,Hour,UTC,Providing,Current,862224,862224,0.13127824664116,0,0
"2025-01-17 03:00:00","2025-01-17 04:00:00",Nederland,Wind,Hour,UTC,Providing,Current,686290,686290,0.10449087619781,0,0
"2025-01-17 04:00:00","2025-01-17 05:00:00",Nederland,Wind,Hour,UTC,Providing,Current,531053,531053,0.080854699015617,0,0
"2025-01-17 05:00:00","2025-01-17 06:00:00",Nederland,Wind,Hour,UTC,Providing,Current,462664,462664,0.070441775023937,0,0
"2025-01-17 06:00:00","2025-01-17 07:00:00",Nederland,Wind,Hour,UTC,Providing,Current,484501,484501,0.073766022920609,0,0
"2025-01-17 07:00:00","2025-01-17 08:00:00",Nederland,Wind,Hour,UTC,Providing,Current,407557,407557,0.062050826847553,0,0
"2025-01-17 08:00:00","2025-01-17 09:00:00",Nederland,Wind,Hour,UTC,Providing,Current,308810,308810,0.047016225755215,0,0
"2025-01-17 09:00:00","2025-01-17 10:00:00",Nederland,Wind,Hour,UTC,Providing,Current,294006,294006,0.044762048870325,0,0
"2025-01-17 10:00:00","2025-01-17 11:00:00",Nederland,Wind,Hour,UTC,Providing,Current,425776,425776,0.06482344865799,0,0
"2025-01-17 11:00:00","2025-01-17 12:00:00",Nederland,Wind,Hour,UTC,Providing,Current,597423,597423,0.090955771505833,0,0
"2025-01-17 12:00:00","2025-01-17 13:00:00",Nederland,Wind,Hour,UTC,Providing,Current,556066,556066,0.084658771753311,0,0
"2025-01-17 13:00:00","2025-01-17 14:00:00",Nederland,Wind,Hour,UTC,Providing,Current,457926,457926,0.069716900587082,0,0
"2025-01-17 14:00:00","2025-01-17 15:00:00",Nederland,Wind,Hour,UTC,Providing,Current,418963,418963,0.063784599304199,0,0
"2025-01-17 15:00:00","2025-01-17 16:00:00",Nederland,Wind,Hour,UTC,Providing,Current,259722,259722,0.039540875703096,0,0
"2025-01-17 16:00:00","2025-01-17 17:00:00",Nederland,Wind,Hour,UTC,Providing,Current,211615,211615,0.03221670165658,0,0
"2025-01-17 17:00:00","2025-01-17 18:00:00",Nederland,Wind,Hour,UTC,Providing,Current,199374,199374,0.030352925881743,0,0
"2025-01-17 18:00:00","2025-01-17 19:00:00",Nederland,Wind,Hour,UTC,Providing,Current,97486,97486,0.014841275289655,0,0
"2025-01-17 19:00:00","2025-01-17 20:00:00",Nederland,Wind,Hour,UTC,Providing,Current,74801,74801,0.011387649923563,0,0
"2025-01-17 20:00:00","2025-01-17 21:00:00",Nederland,Wind,Hour,UTC,Providing,Current,40409,40409,0.0061517977155745,0,0
"2025-01-17 21:00:00","2025-01-17 22:00:00",Nederland,Wind,Hour,UTC,Providing,Current,13627,13627,0.0020745398942381,0,0
"2025-01-17 22:00:00","2025-01-17 23:00:00",Nederland,Wind,Hour,UTC,Providing,Current,23764,23764,0.0036177474539727,0,0
"2025-01-17 23:00:00","2025-01-18 00:00:00",Nederland,Wind,Hour,UTC,Providing,Current,64087,64087,0.0097563127055764,0,0
"2025-01-18 00:00:00","2025-01-18 01:00:00",Nederland,Wind,Hour,UTC,Providing,Current,137628,137628,0.020951725542545,0,0
"2025-01-18 01:00:00","2025-01-18 02:00:00",Nederland,Wind,Hour,UTC,Providing,Current,152416,152416,0.023202825337648,0,0
"2025-01-18 02:00:00","2025-01-18 03:00:00",Nederland,Wind,Hour,UTC,Providing,Current,58785,58785,0.0089489873498678,0,0
"2025-01-18 03:00:00","2025-01-18 04:00:00",Nederland,Wind,Hour,UTC,Providing,Current,3534,3534,0.00053798750741407,0,0
"2025-01-18 04:00:00","2025-01-18 05:00:00",Nederland,Wind,Hour,UTC,Providing,Current,0,0,0,0,0
"2025-01-18 05:00:00","2025-01-18 06:00:00",Nederland,Wind,Hour,UTC,Providing,Current,20220,20220,0.0030780830420554,0,0
"2025-01-18 06:00:00","2025-01-18 07:00:00",Nederland,Wind,Hour,UTC,Providing,Current,157941,157941,0.02404317446053,0,0
"2025-01-18 07:00:00","2025-01-18 08:00:00",Nederland,Wind,Hour,UTC,Providing,Current,257626,257626,0.039217825978994,0,0
"2025-01-18 08:00:00","2025-01-18 09:00:00",Nederland,Wind,Hour,UTC,Providing,Current,310393,310393,0.047250173985958,0,0
"2025-01-18 09:00:00","2025-01-18 10:00:00",Nederland,Wind,Hour,UTC,Providing,Current,370730,370730,0.056434750556946,0,0
"2025-01-18 10:00:00","2025-01-18 11:00:00",Nederland,Wind,Hour,UTC,Providing,Current,318209,318209,0.048439376056194,0,0
"2025-01-18 11:00:00","2025-01-18 12:00:00",Nederland,Wind,Hour,UTC,Providing,Current,146380,146380,0.0222825743258,0,0
"2025-01-18 12:00:00","2025-01-18 13:00:00",Nederland,Wind,Hour,UTC,Providing,Current,183536,183536,0.027938425540924,0,0
"2025-01-18 13:00:00","2025-01-18 14:00:00",Nederland,Wind,Hour,UTC,Providing,Current,271504,271504,0.041328899562359,0,0
"2025-01-18 14:00:00","2025-01-18 15:00:00",Nederland,Wind,Hour,UTC,Providing,Current,264727,264727,0.040297076106071,0,0
"2025-01-18 15:00:00","2025-01-18 16:00:00",Nederland,Wind,Hour,UTC,Providing,Current,280322,280322,0.042670700699091,0,0
"2025-01-18 16:00:00","2025-01-18 17:00:00",Nederland,Wind,Hour,UTC,Providing,Current,373273,373273,0.056819349527359,0,0
"2025-01-18 17:00:00","2025-01-18 18:00:00",Nederland,Wind,Hour,UTC,Providing,Current,397152,397152,0.060453824698925,0,0
"2025-01-18 18:00:00","2025-01-18 19:00:00",Nederland,Wind,Hour,UTC,Providing,Current,429580,429580,0.065389551222324,0,0
"2025-01-18 19:00:00","2025-01-18 20:00:00",Nederland,Wind,Hour,UTC,Providing,Current,442059,442059,0.067288652062416,0,0
"2025-01-18 20:00:00","2025-01-18 21:00:00",Nederland,Wind,Hour,UTC,Providing,Current,421131,421131,0.064102672040462,0,0
"2025-01-18 21:00:00","2025-01-18 22:00:00",Nederland,Wind,Hour,UTC,Providing,Current,317427,317427,0.048317026346922,0,0
"2025-01-18 22:00:00","2025-01-18 23:00:00",Nederland,Wind,Hour,UTC,Providing,Current,245423,245423,0.037356726825237,0,0
"2025-01-18 23:00:00","2025-01-19 00:00:00",Nederland,Wind,Hour,UTC,Providing,Current,182991,182991,0.027853550389409,0,0
"2025-01-19 00:00:00","2025-01-19 01:00:00",Nederland,Wind,Hour,UTC,Providing,Current,108860,108860,0.016569774597883,0,0
"2025-01-19 01:00:00","2025-01-19 02:00:00",Nederland,Wind,Hour,UTC,Providing,Current,42364,42364,0.00644825771451,0,0
"2025-01-19 02:00:00","2025-01-19 03:00:00",Nederland,Wind,Hour,UTC,Providing,Current,27340,27340,0.0041614123620093,0,0
"2025-01-19 03:00:00","2025-01-19 04:00:00",Nederland,Wind,Hour,UTC,Providing,Current,72443,72443,0.011026472784579,0,0
"2025-01-19 04:00:00","2025-01-19 05:00:00",Nederland,Wind,Hour,UTC,Providing,Current,40819,40819,0.0062129776924849,0,0
"2025-01-19 05:00:00","2025-01-19 06:00:00",Nederland,Wind,Hour,UTC,Providing,Current,80092,80092,0.012190555222332,0,0
"2025-01-19 06:00:00","2025-01-19 07:00:00",Nederland,Wind,Hour,UTC,Providing,Current,128357,128357,0.019536700099707,0,0
"2025-01-19 07:00:00","2025-01-19 08:00:00",Nederland,Wind,Hour,UTC,Providing,Current,96589,96589,0.014701325446367,0,0
"2025-01-19 08:00:00","2025-01-19 09:00:00",Nederland,Wind,Hour,UTC,Providing,Current,84907,84907,0.012923199683428,0,0
"2025-01-19 09:00:00","2025-01-19 10:00:00",Nederland,Wind,Hour,UTC,Providing,Current,59314,59314,0.0090277995914221,0,0
"2025-01-19 10:00:00","2025-01-19 11:00:00",Nederland,Wind,Hour,UTC,Providing,Current,40324,40324,0.0061374050565064,0,0
"2025-01-19 11:00:00","2025-01-19 12:00:00",Nederland,Wind,Hour,UTC,Providing,Current,38871,38871,0.0059162150137126,0,0
"2025-01-19 12:00:00","2025-01-19 13:00:00",Nederland,Wind,Hour,UTC,Providing,Current,37158,37158,0.0056554600596428,0,0
"2025-01-19 13:00:00","2025-01-19 14:00:00",Nederland,Wind,Hour,UTC,Providing,Current,15557,15557,0.0023677675053477,0,0
"2025-01-19 14:00:00","2025-01-19 15:00:00",Nederland,Wind,Hour,UTC,Providing,Current,0,0,0,0,0
"2025-01-19 15:00:00","2025-01-19 16:00:00",Nederland,Wind,Hour,UTC,Providing,Current,0,0,0,0,0
"2025-01-19 16:00:00","2025-01-19 17:00:00",Nederland,Wind,Hour,UTC,Providing,Current,0,0,0,0,0
"2025-01-19 17:00:00","2025-01-19 18:00:00",Nederland,Wind,Hour,UTC,Providing,Current,0,0,0,0,0
"2025-01-19 18:00:00","2025-01-19 19:00:00",Nederland,Wind,Hour,UTC,Providing,Current,0,0,0,0,0
"2025-01-19 19:00:00","2025-01-19 20:00:00",Nederland,Wind,Hour,UTC,Providing,Current,0,0,0,0,0
"2025-01-19 20:00:00","2025-01-19 21:00:00",Nederland,Wind,Hour,UTC,Providing,Current,0,0,0,0,0
"2025-01-19 21:00:00","2025-01-19 22:00:00",Nederland,Wind,Hour,UTC,Providing,Current,0,0,0,0,0
"2025-01-19 22:00:00","2025-01-19 23:00:00",Nederland,Wind,Hour,UTC,Providing,Current,6012,6012,0.00091497047105804,0,0
"2025-01-19 23:00:00","2025-01-20 00:00:00",Nederland,Wind,Hour,UTC,Providing,Current,9041,9041,0.0013759500579908,0,0
"2025-01-20 00:00:00","2025-01-20 01:00:00",Nederland,Wind,Hour,UTC,Providing,Current,0,0,0,0,0
"2025-01-20 01:00:00","2025-01-20 02:00:00",Nederland,Wind,Hour,UTC,Providing,Current,0,0,0,0,0
"2025-01-20 02:00:00","2025-01-20 03:00:00",Nederland,Wind,Hour,UTC,Providing,Current,39566,39566,0.0060214223340154,0,0
"2025-01-20 03:00:00","2025-01-20 04:00:00",Nederland,Wind,Hour,UTC,Providing,Current,88746,88746,0.013505875132978,0,0
"2025-01-20 04:00:00","2025-01-20 05:00:00",Nederland,Wind,Hour,UTC,Providing,Current,112289,112289,0.017088700085878,0,0
"2025-01-20 05:00:00","2025-01-20 06:00:00",Nederland,Wind,Hour,UTC,Providing,Current,127410,127410,0.019389800727367,0,0
"2025-01-20 06:00:00","2025-01-20 07:00:00",Nederland,Wind,Hour,UTC,Providing,Current,197767,197767,0.03009682521224,0,0
"2025-01-20 07:00:00","2025-01-20 08:00:00",Nederland,Wind,Hour,UTC,Providing,Current,390229,390229,0.059385925531387,0,0
"2025-01-20 08:00:00","2025-01-20 09:00:00",Nederland,Wind,Hour,UTC,Providing,Current,476225,476225,0.07247257232666,0,0
"2025-01-20 09:00:00","2025-01-20 10:00:00",Nederland,Wind,Hour,UTC,Providing,Current,507898,507898,0.07729209959507,0,0
"2025-01-20 10:00:00","2025-01-20 11:00:00",Nederland,Wind,Hour,UTC,Providing,Current,557403,557403,0.084825277328491,0,0
"2025-01-20 11:00:00","2025-01-20 12:00:00",Nederland,Wind,Hour,UTC,Providing,Current,744326,744326,0.11327037215233,0,0
"2025-01-20 12:00:00","2025-01-20 13:00:00",Nederland,Wind,Hour,UTC,Providing,Current,1011267,1011267,0.15389224886894,0,0
"2025-01-20 13:00:00","2025-01-20 14:00:00",Nederland,Wind,Hour,UTC,Providing,Current,1154929,1154929,0.17575299739838,0,0
"2025-01-20 14:00:00","2025-01-20 15:00:00",Nederland,Wind,Hour,UTC,Providing,Current,1334158,1334158,0.20302650332451,0,0
"2025-01-20 15:00:00","2025-01-20 16:00:00",Nederland,Wind,Hour,UTC,Providing,Current,1395485,1395485,0.21235750615597,0,0
"2025-01-20 16:00:00","2025-01-20 17:00:00",Nederland,Wind,Hour,UTC,Providing,Current,1268241,1268241,0.19299300014973,0,0
"2025-01-20 17:00:00","2025-01-20 18:00:00",Nederland,Wind,Hour,UTC,Providing,Current,1240834,1240834,0.18882125616074,0,0
"2025-01-20 18:00:00","2025-01-20 19:00:00",Nederland,Wind,Hour,UTC,Providing,Current,1161054,1161054,0.17667950689793,0,0
"2025-01-20 19:00:00","2025-01-20 20:00:00",Nederland,Wind,Hour,UTC,Providing,Current,1420627,1420627,0.2161779999733,0,0
"2025-01-20 20:00:00","2025-01-20 21:00:00",Nederland,Wind,Hour,UTC,Providing,Current,1662156,1662156,0.25293025374413,0,0
"2025-01-20 21:00:00","2025-01-20 22:00:00",Nederland,Wind,Hour,UTC,Providing,Current,1786251,1786251,0.27181199193001,0,0
"2025-01-20 22:00:00","2025-01-20 23:00:00",Nederland,Wind,Hour,UTC,Providing,Current,1681600,1681600,0.25588575005531,0,0
"2025-01-20 23:00:00","2025-01-21 00:00:00",Nederland,Wind,Hour,UTC,Providing,Current,1510982,1510982,0.22992174327374,0,0
"2025-01-21 00:00:00","2025-01-21 01:00:00",Nederland,Wind,Hour,UTC,Providing,Current,1528676,1528676,0.23261274397373,0,0
"2025-01-21 01:00:00","2025-01-21 02:00:00",Nederland,Wind,Hour,UTC,Providing,Current,1565001,1565001,0.23813900351524,0,0
"2025-01-21 02:00:00","2025-01-21 03:00:00",Nederland,Wind,Hour,UTC,Providing,Current,1590160,1590160,0.24196550250053,0,0
"2025-01-21 03:00:00","2025-01-21 04:00:00",Nederland,Wind,Hour,UTC,Providing,Current,1845765,1845765,0.28085774183273,0,0
"2025-01-21 04:00:00","2025-01-21 05:00:00",Nederland,Wind,Hour,UTC,Providing,Current,2079230,2079230,0.31638050079346,0,0
"2025-01-21 05:00:00","2025-01-21 06:00:00",Nederland,Wind,Hour,UTC,Providing,Current,2037573,2037573,0.31003999710083,0,0
"2025-01-21 06:00:00","2025-01-21 07:00:00",Nederland,Wind,Hour,UTC,Providing,Current,2048601,2048601,0.31171625852585,0,0
"2025-01-21 07:00:00","2025-01-21 08:00:00",Nederland,Wind,Hour,UTC,Providing,Current,1924066,1924066,0.29276499152184,0,0
"2025-01-21 08:00:00","2025-01-21 09:00:00",Nederland,Wind,Hour,UTC,Providing,Current,1924007,1924007,0.29275399446487,0,0
"2025-01-21 09:00:00","2025-01-21 10:00:00",Nederland,Wind,Hour,UTC,Providing,Current,1959779,1959779,0.29819524288177,0,0
"2025-01-21 10:00:00","2025-01-21 11:00:00",Nederland,Wind,Hour,UTC,Providing,Current,1886748,1886748,0.28708124160767,0,0
"2025-01-21 11:00:00","2025-01-21 12:00:00",Nederland,Wind,Hour,UTC,Providing,Current,2027389,2027389,0.30847901105881,0,0
"2025-01-21 12:00:00","2025-01-21 13:00:00",Nederland,Wind,Hour,UTC,Providing,Current,1802026,1802026,0.27418699860573,0,0
"2025-01-21 13:00:00","2025-01-21 14:00:00",Nederland,Wind,Hour,UTC,Providing,Current,1562242,1562242,0.23770099878311,0,0
"2025-01-21 14:00:00","2025-01-21 15:00:00",Nederland,Wind,Hour,UTC,Providing,Current,1319126,1319126,0.2007087469101,0,0
"2025-01-21 15:00:00","2025-01-21 16:00:00",Nederland,Wind,Hour,UTC,Providing,Current,977095,977095,0.14866699278355,0,0
"2025-01-21 16:00:00","2025-01-21 17:00:00",Nederland,Wind,Hour,UTC,Providing,Current,773870,773870,0.11774475127459,0,0
"2025-01-21 17:00:00","2025-01-21 18:00:00",Nederland,Wind,Hour,UTC,Providing,Current,807697,807697,0.12289100140333,0,0
"2025-01-21 18:00:00","2025-01-21 19:00:00",Nederland,Wind,Hour,UTC,Providing,Current,866491,866491,0.1318357437849,0,0
"2025-01-21 19:00:00","2025-01-21 20:00:00",Nederland,Wind,Hour,UTC,Providing,Current,841584,841584,0.12804524600506,0,0
"2025-01-21 20:00:00","2025-01-21 21:00:00",Nederland,Wind,Hour,UTC,Providing,Current,915763,915763,0.13933074474335,0,0
"2025-01-21 21:00:00","2025-01-21 22:00:00",Nederland,Wind,Hour,UTC,Providing,Current,929161,929161,0.14136849343777,0,0
"2025-01-21 22:00:00","2025-01-21 23:00:00",Nederland,Wind,Hour,UTC,Providing,Current,603341,603341,0.091795578598976,0,0
"2025-01-21 23:00:00","2025-01-22 00:00:00",Nederland,Wind,Hour,UTC,Providing,Current,459904,459904,0.069971799850464,0,0
"2025-01-22 00:00:00","2025-01-22 01:00:00",Nederland,Wind,Hour,UTC,Providing,Current,298539,298539,0.045420724898577,0,0
"2025-01-22 01:00:00","2025-01-22 02:00:00",Nederland,Wind,Hour,UTC,Providing,Current,223696,223696,0.03403364866972,0,0
"2025-01-22 02:00:00","2025-01-22 03:00:00",Nederland,Wind,Hour,UTC,Providing,Current,339887,339887,0.051710899919271,0,0
"2025-01-22 03:00:00","2025-01-22 04:00:00",Nederland,Wind,Hour,UTC,Providing,Current,358391,358391,0.054525800049305,0,0
"2025-01-22 04:00:00","2025-01-22 05:00:00",Nederland,Wind,Hour,UTC,Providing,Current,427996,427996,0.065115123987198,0,0
"2025-01-22 05:00:00","2025-01-22 06:00:00",Nederland,Wind,Hour,UTC,Providing,Current,409335,409335,0.062275651842356,0,0
"2025-01-22 06:00:00","2025-01-22 07:00:00",Nederland,Wind,Hour,UTC,Providing,Current,372347,372347,0.056648001074791,0,0
"2025-01-22 07:00:00","2025-01-22 08:00:00",Nederland,Wind,Hour,UTC,Providing,Current,383609,383609,0.058361023664474,0,0
"2025-01-22 08:00:00","2025-01-22 09:00:00",Nederland,Wind,Hour,UTC,Providing,Current,391494,391494,0.059560250490904,0,0
"2025-01-22 09:00:00","2025-01-22 10:00:00",Nederland,Wind,Hour,UTC,Providing,Current,406563,406563,0.061852399259806,0,0
"2025-01-22 10:00:00","2025-01-22 11:00:00",Nederland,Wind,Hour,UTC,Providing,Current,494457,494457,0.075223624706268,0,0
"2025-01-22 11:00:00","2025-01-22 12:00:00",Nederland,Wind,Hour,UTC,Providing,Current,446094,446094,0.067865572869778,0,0
"2025-01-22 12:00:00","2025-01-22 13:00:00",Nederland,Wind,Hour,UTC,Providing,Current,496652,496652,0.075556628406048,0,0
"2025-01-22 13:00:00","2025-01-22 14:00:00",Nederland,Wind,Hour,UTC,Providing,Current,487250,487250,0.074125878512859,0,0
"2025-01-22 14:00:00","2025-01-22 15:00:00",Nederland,Wind,Hour,UTC,Providing,Current,302329,302329,0.045993324369192,0,0
"2025-01-22 15:00:00","2025-01-22 16:00:00",Nederland,Wind,Hour,UTC,Providing,Current,178396,178396,0.027139224112034,0,0
"2025-01-22 16:00:00","2025-01-22 17:00:00",Nederland,Wind,Hour,UTC,Providing,Current,187266,187266,0.028488425537944,0,0
"2025-01-22 17:00:00","2025-01-22 18:00:00",Nederland,Wind,Hour,UTC,Providing,Current,118436,118436,0.018017325550318,0,0
"2025-01-22 18:00:00","2025-01-22 19:00:00",Nederland,Wind,Hour,UTC,Providing,Current,124466,124466,0.018934549763799,0,0
"2025-01-22 19:00:00","2025-01-22 20:00:00",Nederland,Wind,Hour,UTC,Providing,Current,194041,194041,0.029518550261855,0,0
"2025-01-22 20:00:00","2025-01-22 21:00:00",Nederland,Wind,Hour,UTC,Providing,Current,214539,214539,0.032636623829603,0,0
"2025-01-22 21:00:00","2025-01-22 22:00:00",Nederland,Wind,Hour,UTC,Providing,Current,175838,175838,0.026749074459076,0,0
"2025-01-22 22:00:00","2025-01-22 23:00:00",Nederland,Wind,Hour,UTC,Providing,Current,165612,165612,0.025193324312568,0,0
"2025-01-22 23:00:00","2025-01-23 00:00:00",Nederland,Wind,Hour,UTC,Providing,Current,252297,252297,0.038379825651646,0,0
"2025-01-23 00:00:00","2025-01-23 01:00:00",Nederland,Wind,Hour,UTC,Providing,Current,332620,332620,0.050598323345184,0,0
"2025-01-23 01:00:00","2025-01-23 02:00:00",Nederland,Wind,Hour,UTC,Providing,Current,516695,516695,0.07859942317009,0,0
"2025-01-23 02:00:00","2025-01-23 03:00:00",Nederland,Wind,Hour,UTC,Providing,Current,763896,763896,0.11620274931192,0,0
"2025-01-23 03:00:00","2025-01-23 04:00:00",Nederland,Wind,Hour,UTC,Providing,Current,1114456,1114456,0.16952849924564,0,0
"2025-01-23 04:00:00","2025-01-23 05:00:00",Nederland,Wind,Hour,UTC,Providing,Current,1807118,1807118,0.27489298582077,0,0
"2025-01-23 05:00:00","2025-01-23 06:00:00",Nederland,Wind,Hour,UTC,Providing,Current,2380520,2380520,0.36211475729942,0,0
"2025-01-23 06:00:00","2025-01-23 07:00:00",Nederland,Wind,Hour,UTC,Providing,Current,2766803,2766803,0.42087176442146,0,0
"2025-01-23 07:00:00","2025-01-23 08:00:00",Nederland,Wind,Hour,UTC,Providing,Current,2947652,2947652,0.44837900996208,0,0
"2025-01-23 08:00:00","2025-01-23 09:00:00",Nederland,Wind,Hour,UTC,Providing,Current,3306322,3306322,0.50293475389481,0,0
"2025-01-23 09:00:00","2025-01-23 10:00:00",Nederland,Wind,Hour,UTC,Providing,Current,3718289,3718289,0.56559675931931,0,0
"2025-01-23 10:00:00","2025-01-23 11:00:00",Nederland,Wind,Hour,UTC,Providing,Current,4282636,4282636,0.65143650770187,0,0
"2025-01-23 11:00:00","2025-01-23 12:00:00",Nederland,Wind,Hour,UTC,Providing,Current,4680014,4680014,0.71187776327133,0,0
"2025-01-23 12:00:00","2025-01-23 13:00:00",Nederland,Wind,Hour,UTC,Providing,Current,4839462,4839462,0.7361267209053,0,0
"2025-01-23 13:00:00","2025-01-23 14:00:00",Nederland,Wind,Hour,UTC,Providing,Current,5182520,5182520,0.78830397129059,0,0
"2025-01-23 14:00:00","2025-01-23 15:00:00",Nederland,Wind,Hour,UTC,Providing,Current,5216795,5216795,0.79351276159286,0,0
"2025-01-23 15:00:00","2025-01-23 16:00:00",Nederland,Wind,Hour,UTC,Providing,Current,5316685,5316685,0.80870151519775,0,0
"2025-01-23 16:00:00","2025-01-23 17:00:00",Nederland,Wind,Hour,UTC,Providing,Current,5504395,5504395,0.83724826574326,0,0
"2025-01-23 17:00:00","2025-01-23 18:00:00",Nederland,Wind,Hour,UTC,Providing,Current,5360113,5360113,0.81529724597931,0,0
"2025-01-23 18:00:00","2025-01-23 19:00:00",Nederland,Wind,Hour,UTC,Providing,Current,5645144,5645144,0.85864651203156,0,0
"2025-01-23 19:00:00","2025-01-23 20:00:00",Nederland,Wind,Hour,UTC,Providing,Current,6021667,6021667,0.915911257267,0,0
"2025-01-23 20:00:00","2025-01-23 21:00:00",Nederland,Wind,Hour,UTC,Providing,Current,6154648,6154648,0.93613225221634,0,0
"2025-01-23 21:00:00","2025-01-23 22:00:00",Nederland,Wind,Hour,UTC,Providing,Current,5942080,5942080,0.90379422903061,0,0
"2025-01-23 22:00:00","2025-01-23 23:00:00",Nederland,Wind,Hour,UTC,Providing,Current,5676220,5676220,0.86335176229477,0,0
"2025-01-23 23:00:00","2025-01-24 00:00:00",Nederland,Wind,Hour,UTC,Providing,Current,5211060,5211060,0.79259622097015,0,0
"2025-01-24 00:00:00","2025-01-24 01:00:00",Nederland,Wind,Hour,UTC,Providing,Current,4731457,4731457,0.71964448690414,0,0
"2025-01-24 01:00:00","2025-01-24 02:00:00",Nederland,Wind,Hour,UTC,Providing,Current,4315145,4315145,0.65632027387619,0,0
"2025-01-24 02:00:00","2025-01-24 03:00:00",Nederland,Wind,Hour,UTC,Providing,Current,4061769,4061769,0.61777848005295,0,0
"2025-01-24 03:00:00","2025-01-24 04:00:00",Nederland,Wind,Hour,UTC,Providing,Current,3911436,3911436,0.59490972757339,0,0
"2025-01-24 04:00:00","2025-01-24 05:00:00",Nederland,Wind,Hour,UTC,Providing,Current,4138087,4138087,0.62937849760056,0,0
"2025-01-24 05:00:00","2025-01-24 06:00:00",Nederland,Wind,Hour,UTC,Providing,Current,4831625,4831625,0.73485672473907,0,0
"2025-01-24 06:00:00","2025-01-24 07:00:00",Nederland,Wind,Hour,UTC,Providing,Current,5556040,5556040,0.84503000974655,0,0
"2025-01-24 07:00:00","2025-01-24 08:00:00",Nederland,Wind,Hour,UTC,Providing,Current,5987885,5987885,0.91070449352264,0,0
"2025-01-24 08:00:00","2025-01-24 09:00:00",Nederland,Wind,Hour,UTC,Providing,Current,6297048,6297048,0.9577197432518,0,0
"2025-01-24 09:00:00","2025-01-24 10:00:00",Nederland,Wind,Hour,UTC,Providing,Current,6478257,6478257,0.98527377843857,0,0
"2025-01-24 10:00:00","2025-01-24 11:00:00",Nederland,Wind,Hour,UTC,Providing,Current,6533008,6533008,0.99359452724457,0,0
"2025-01-24 11:00:00","2025-01-24 12:00:00",Nederland,Wind,Hour,UTC,Providing,Current,6523524,6523524,0.99214601516724,0,0
"2025-01-24 12:00:00","2025-01-24 13:00:00",Nederland,Wind,Hour,UTC,Providing,Current,6517507,6517507,0.99122452735901,0,0
"2025-01-24 13:00:00","2025-01-24 14:00:00",Nederland,Wind,Hour,UTC,Providing,Current,6503253,6503253,0.98905050754547,0,0
"2025-01-24 14:00:00","2025-01-24 15:00:00",Nederland,Wind,Hour,UTC,Providing,Current,6484113,6484113,0.98613351583481,0,0
"2025-01-24 15:00:00","2025-01-24 16:00:00",Nederland,Wind,Hour,UTC,Providing,Current,6389988,6389988,0.97181272506714,0,0
"2025-01-24 16:00:00","2025-01-24 17:00:00",Nederland,Wind,Hour,UTC,Providing,Current,6157273,6157273,0.93641477823257,0,0
"2025-01-24 17:00:00","2025-01-24 18:00:00",Nederland,Wind,Hour,UTC,Providing,Current,5941971,5941971,0.90366524457932,0,0
"2025-01-24 18:00:00","2025-01-24 19:00:00",Nederland,Wind,Hour,UTC,Providing,Current,5475823,5475823,0.83276724815369,0,0
"2025-01-24 19:00:00","2025-01-24 20:00:00",Nederland,Wind,Hour,UTC,Providing,Current,4416405,4416405,0.67164623737335,0,0
"2025-01-24 20:00:00","2025-01-24 21:00:00",Nederland,Wind,Hour,UTC,Providing,Current,3525652,3525652,0.53617751598358,0,0
"2025-01-24 21:00:00","2025-01-24 22:00:00",Nederland,Wind,Hour,UTC,Providing,Current,2413206,2413206,0.36699524521828,0,0
"2025-01-24 22:00:00","2025-01-24 23:00:00",Nederland,Wind,Hour,UTC,Providing,Current,1682700,1682700,0.25589999556541,0,0
"2025-01-24 23:00:00","2025-01-25 00:00:00",Nederland,Wind,Hour,UTC,Providing,Current,1219106,1219106,0.18539699912071,0,0
"2025-01-25 00:00:00","2025-01-25 01:00:00",Nederland,Wind,Hour,UTC,Providing,Current,953049,953049,0.14493499696255,0,0
"2025-01-25 01:00:00","2025-01-25 02:00:00",Nederland,Wind,Hour,UTC,Providing,Current,820949,820949,0.12484499812126,0,0
"2025-01-25 02:00:00","2025-01-25 03:00:00",Nederland,Wind,Hour,UTC,Providing,Current,738947,738947,0.11237400025129,0,0
"2025-01-25 03:00:00","2025-01-25 04:00:00",Nederland,Wind,Hour,UTC,Providing,Current,600528,600528,0.091323651373386,0,0
"2025-01-25 04:00:00","2025-01-25 05:00:00",Nederland,Wind,Hour,UTC,Providing,Current,671117,671117,0.10205754637718,0,0
"2025-01-25 05:00:00","2025-01-25 06:00:00",Nederland,Wind,Hour,UTC,Providing,Current,605850,605850,0.092131853103638,0,0
"2025-01-25 06:00:00","2025-01-25 07:00:00",Nederland,Wind,Hour,UTC,Providing,Current,553494,553494,0.08416947722435,0,0
"2025-01-25 07:00:00","2025-01-25 08:00:00",Nederland,Wind,Hour,UTC,Providing,Current,522821,522821,0.079504601657391,0,0
"2025-01-25 08:00:00","2025-01-25 09:00:00",Nederland,Wind,Hour,UTC,Providing,Current,650368,650368,0.098899997770786,0,0
"2025-01-25 09:00:00","2025-01-25 10:00:00",Nederland,Wind,Hour,UTC,Providing,Current,1053393,1053393,0.16018575429916,0,0
"2025-01-25 10:00:00","2025-01-25 11:00:00",Nederland,Wind,Hour,UTC,Providing,Current,1546907,1546907,0.23523150384426,0,0
"2025-01-25 11:00:00","2025-01-25 12:00:00",Nederland,Wind,Hour,UTC,Providing,Current,2086950,2086950,0.31735125184059,0,0
"2025-01-25 12:00:00","2025-01-25 13:00:00",Nederland,Wind,Hour,UTC,Providing,Current,2424052,2424052,0.36861026287079,0,0
"2025-01-25 13:00:00","2025-01-25 14:00:00",Nederland,Wind,Hour,UTC,Providing,Current,2075985,2075985,0.31567999720573,0,0
"2025-01-25 14:00:00","2025-01-25 15:00:00",Nederland,Wind,Hour,UTC,Providing,Current,1425394,1425394,0.21674799919128,0,0
"2025-01-25 15:00:00","2025-01-25 16:00:00",Nederland,Wind,Hour,UTC,Providing,Current,875749,875749,0.13316728174686,0,0
"2025-01-25 16:00:00","2025-01-25 17:00:00",Nederland,Wind,Hour,UTC,Providing,Current,326024,326024,0.049575198441744,0,0
"2025-01-25 17:00:00","2025-01-25 18:00:00",Nederland,Wind,Hour,UTC,Providing,Current,95450,95450,0.014514025300741,0,0
"2025-01-25 18:00:00","2025-01-25 19:00:00",Nederland,Wind,Hour,UTC,Providing,Current,61938,61938,0.0094181671738625,0,0
"2025-01-25 19:00:00","2025-01-25 20:00:00",Nederland,Wind,Hour,UTC,Providing,Current,39521,39521,0.006009447388351,0,0
"2025-01-25 20:00:00","2025-01-25 21:00:00",Nederland,Wind,Hour,UTC,Providing,Current,36864,36864,0.0056053972803056,0,0
"2025-01-25 21:00:00","2025-01-25 22:00:00",Nederland,Wind,Hour,UTC,Providing,Current,15514,15514,0.0023589849006385,0,0
"2025-01-25 22:00:00","2025-01-25 23:00:00",Nederland,Wind,Hour,UTC,Providing,Current,4195,4195,0.00063786777900532,0,0
"2025-01-25 23:00:00","2025-01-26 00:00:00",Nederland,Wind,Hour,UTC,Providing,Current,4664,4664,0.00070917623816058,0,0
"2025-01-26 00:00:00","2025-01-26 01:00:00",Nederland,Wind,Hour,UTC,Providing,Current,21049,21049,0.0032005524262786,0,0
"2025-01-26 01:00:00","2025-01-26 02:00:00",Nederland,Wind,Hour,UTC,Providing,Current,23138,23138,0.0035181625280529,0,0
"2025-01-26 02:00:00","2025-01-26 03:00:00",Nederland,Wind,Hour,UTC,Providing,Current,28225,28225,0.0042916224338114,0,0
"2025-01-26 03:00:00","2025-01-26 04:00:00",Nederland,Wind,Hour,UTC,Providing,Current,21083,21083,0.0032056625932455,0,0
"2025-01-26 04:00:00","2025-01-26 05:00:00",Nederland,Wind,Hour,UTC,Providing,Current,39429,39429,0.0059951147995889,0,0
"2025-01-26 05:00:00","2025-01-26 06:00:00",Nederland,Wind,Hour,UTC,Providing,Current,112433,112433,0.017095174640417,0,0
"2025-01-26 06:00:00","2025-01-26 07:00:00",Nederland,Wind,Hour,UTC,Providing,Current,222272,222272,0.033795725554228,0,0
"2025-01-26 07:00:00","2025-01-26 08:00:00",Nederland,Wind,Hour,UTC,Providing,Current,275211,275211,0.04184465110302,0,0
"2025-01-26 08:00:00","2025-01-26 09:00:00",Nederland,Wind,Hour,UTC,Providing,Current,439017,439017,0.066750198602676,0,0
"2025-01-26 09:00:00","2025-01-26 10:00:00",Nederland,Wind,Hour,UTC,Providing,Current,973118,973118,0.14795625209808,0,0
"2025-01-26 10:00:00","2025-01-26 11:00:00",Nederland,Wind,Hour,UTC,Providing,Current,1866397,1866397,0.28377225995064,0,0
"2025-01-26 11:00:00","2025-01-26 12:00:00",Nederland,Wind,Hour,UTC,Providing,Current,2567821,2567821,0.390416264534,0,0
"2025-01-26 12:00:00","2025-01-26 13:00:00",Nederland,Wind,Hour,UTC,Providing,Current,2954352,2954352,0.44918274879456,0,0
"2025-01-26 13:00:00","2025-01-26 14:00:00",Nederland,Wind,Hour,UTC,Providing,Current,3313643,3313643,0.50380623340607,0,0
"2025-01-26 14:00:00","2025-01-26 15:00:00",Nederland,Wind,Hour,UTC,Providing,Current,3694036,3694036,0.56163775920868,0,0
"2025-01-26 15:00:00","2025-01-26 16:00:00",Nederland,Wind,Hour,UTC,Providing,Current,3850469,3850469,0.58541822433472,0,0
"2025-01-26 16:00:00","2025-01-26 17:00:00",Nederland,Wind,Hour,UTC,Providing,Current,4277231,4277231,0.65029799938202,0,0
"2025-01-26 17:00:00","2025-01-26 18:00:00",Nederland,Wind,Hour,UTC,Providing,Current,4777688,4777688,0.72638148069382,0,0
"2025-01-26 18:00:00","2025-01-26 19:00:00",Nederland,Wind,Hour,UTC,Providing,Current,5509762,5509762,0.83767849206924,0,0
"2025-01-26 19:00:00","2025-01-26 20:00:00",Nederland,Wind,Hour,UTC,Providing,Current,5702917,5702917,0.86703902482986,0,0
"2025-01-26 20:00:00","2025-01-26 21:00:00",Nederland,Wind,Hour,UTC,Providing,Current,5635782,5635782,0.85682725906372,0,0
"2025-01-26 21:00:00","2025-01-26 22:00:00",Nederland,Wind,Hour,UTC,Providing,Current,5671982,5671982,0.86232525110245,0,0
"2025-01-26 22:00:00","2025-01-26 23:00:00",Nederland,Wind,Hour,UTC,Providing,Current,5304569,5304569,0.80646175146103,0,0
"2025-01-26 23:00:00","2025-01-27 00:00:00",Nederland,Wind,Hour,UTC,Providing,Current,4800397,4800397,0.72980725765228,0,0
"2025-01-27 00:00:00","2025-01-27 01:00:00",Nederland,Wind,Hour,UTC,Providing,Current,4389013,4389013,0.6672597527504,0,0
"2025-01-27 01:00:00","2025-01-27 02:00:00",Nederland,Wind,Hour,UTC,Providing,Current,4778243,4778243,0.72642976045609,0,0
"2025-01-27 02:00:00","2025-01-27 03:00:00",Nederland,Wind,Hour,UTC,Providing,Current,5107789,5107789,0.77652525901794,0,0
"2025-01-27 03:00:00","2025-01-27 04:00:00",Nederland,Wind,Hour,UTC,Providing,Current,5626640,5626640,0.85539972782135,0,0
"2025-01-27 04:00:00","2025-01-27 05:00:00",Nederland,Wind,Hour,UTC,Providing,Current,6198493,6198493,0.94233101606369,0,0
"2025-01-27 05:00:00","2025-01-27 06:00:00",Nederland,Wind,Hour,UTC,Providing,Current,6398625,6398625,0.97275024652481,0,0
"2025-01-27 06:00:00","2025-01-27 07:00:00",Nederland,Wind,Hour,UTC,Providing,Current,6454819,6454819,0.98128724098206,0,0
"2025-01-27 07:00:00","2025-01-27 08:00:00",Nederland,Wind,Hour,UTC,Providing,Current,6398476,6398476,0.97271549701691,0,0
"2025-01-27 08:00:00","2025-01-27 09:00:00",Nederland,Wind,Hour,UTC,Providing,Current,6268004,6268004,0.95287448167801,0,0
"2025-01-27 09:00:00","2025-01-27 10:00:00",Nederland,Wind,Hour,UTC,Providing,Current,6293235,6293235,0.95670425891876,0,0
"2025-01-27 10:00:00","2025-01-27 11:00:00",Nederland,Wind,Hour,UTC,Providing,Current,6349725,6349725,0.96528601646423,0,0
"2025-01-27 11:00:00","2025-01-27 12:00:00",Nederland,Wind,Hour,UTC,Providing,Current,6364096,6364096,0.96746474504471,0,0
"2025-01-27 12:00:00","2025-01-27 13:00:00",Nederland,Wind,Hour,UTC,Providing,Current,6363171,6363171,0.96731775999069,0,0
"2025-01-27 13:00:00","2025-01-27 14:00:00",Nederland,Wind,Hour,UTC,Providing,Current,6211722,6211722,0.94428950548172,0,0
"2025-01-27 14:00:00","2025-01-27 15:00:00",Nederland,Wind,Hour,UTC,Providing,Current,5879102,5879102,0.8937194943428,0,0
"2025-01-27 15:00:00","2025-01-27 16:00:00",Nederland,Wind,Hour,UTC,Providing,Current,5084017,5084017,0.77284902334213,0,0
"2025-01-27 16:00:00","2025-01-27 17:00:00",Nederland,Wind,Hour,UTC,Providing,Current,4165449,4165449,0.63320827484131,0,0
"2025-01-27 17:00:00","2025-01-27 18:00:00",Nederland,Wind,Hour,UTC,Providing,Current,3604708,3604708,0.54796451330185,0,0
"2025-01-27 18:00:00","2025-01-27 19:00:00",Nederland,Wind,Hour,UTC,Providing,Current,4085409,4085409,0.62103325128555,0,0
"2025-01-27 19:00:00","2025-01-27 20:00:00",Nederland,Wind,Hour,UTC,Providing,Current,4157858,4157858,0.63204276561737,0,0
"2025-01-27 20:00:00","2025-01-27 21:00:00",Nederland,Wind,Hour,UTC,Providing,Current,4260335,4260335,0.64761626720428,0,0
"2025-01-27 21:00:00","2025-01-27 22:00:00",Nederland,Wind,Hour,UTC,Providing,Current,4197280,4197280,0.63802725076675,0,0
"2025-01-27 22:00:00","2025-01-27 23:00:00",Nederland,Wind,Hour,UTC,Providing,Current,3968926,3968926,0.60331147909164,0,0
"2025-01-27 23:00:00","2025-01-28 00:00:00",Nederland,Wind,Hour,UTC,Providing,Current,4359154,4359154,0.66262549161911,0,0
"2025-01-28 00:00:00","2025-01-28 01:00:00",Nederland,Wind,Hour,UTC,Providing,Current,4913115,4913115,0.74682724475861,0,0
"2025-01-28 01:00:00","2025-01-28 02:00:00",Nederland,Wind,Hour,UTC,Providing,Current,5060488,5060488,0.76922398805618,0,0
"2025-01-28 02:00:00","2025-01-28 03:00:00",Nederland,Wind,Hour,UTC,Providing,Current,4613904,4613904,0.70133650302887,0,0
"2025-01-28 03:00:00","2025-01-28 04:00:00",Nederland,Wind,Hour,UTC,Providing,Current,4017574,4017574,0.61068749427795,0,0
"2025-01-28 04:00:00","2025-01-28 05:00:00",Nederland,Wind,Hour,UTC,Providing,Current,3921907,3921907,0.59614199399948,0,0
"2025-01-28 05:00:00","2025-01-28 06:00:00",Nederland,Wind,Hour,UTC,Providing,Current,4869349,4869349,0.74015152454376,0,0
"2025-01-28 06:00:00","2025-01-28 07:00:00",Nederland,Wind,Hour,UTC,Providing,Current,5436729,5436729,0.8263892531395,0,0
"2025-01-28 07:00:00","2025-01-28 08:00:00",Nederland,Wind,Hour,UTC,Providing,Current,5052205,5052205,0.76793652772903,0,0
"2025-01-28 08:00:00","2025-01-28 09:00:00",Nederland,Wind,Hour,UTC,Providing,Current,4925101,4925101,0.74861174821854,0,0
"2025-01-28 09:00:00","2025-01-28 10:00:00",Nederland,Wind,Hour,UTC,Providing,Current,5489306,5489306,0.83436524868011,0,0
"2025-01-28 10:00:00","2025-01-28 11:00:00",Nederland,Wind,Hour,UTC,Providing,Current,5951303,5951303,0.90458250045776,0,0
"2025-01-28 11:00:00","2025-01-28 12:00:00",Nederland,Wind,Hour,UTC,Providing,Current,5964448,5964448,0.90657502412796,0,0
"2025-01-28 12:00:00","2025-01-28 13:00:00",Nederland,Wind,Hour,UTC,Providing,Current,5762131,5762131,0.87581825256348,0,0
"2025-01-28 13:00:00","2025-01-28 14:00:00",Nederland,Wind,Hour,UTC,Providing,Current,5328493,5328493,0.8099017739296,0,0
"2025-01-28 14:00:00","2025-01-28 15:00:00",Nederland,Wind,Hour,UTC,Providing,Current,4586459,4586459,0.69711250066757,0,0
"2025-01-28 15:00:00","2025-01-28 16:00:00",Nederland,Wind,Hour,UTC,Providing,Current,4627531,4627531,0.70335072278976,0,0
"2025-01-28 16:00:00","2025-01-28 17:00:00",Nederland,Wind,Hour,UTC,Providing,Current,4611558,4611558,0.70091849565506,0,0
"2025-01-28 17:00:00","2025-01-28 18:00:00",Nederland,Wind,Hour,UTC,Providing,Current,4908226,4908226,0.74600499868393,0,0
"2025-01-28 18:00:00","2025-01-28 19:00:00",Nederland,Wind,Hour,UTC,Providing,Current,5011314,5011314,0.76166898012161,0,0
"2025-01-28 19:00:00","2025-01-28 20:00:00",Nederland,Wind,Hour,UTC,Providing,Current,4955637,4955637,0.75320202112198,0,0
"2025-01-28 20:00:00","2025-01-28 21:00:00",Nederland,Wind,Hour,UTC,Providing,Current,4913980,4913980,0.74686574935913,0,0
"2025-01-28 21:00:00","2025-01-28 22:00:00",Nederland,Wind,Hour,UTC,Providing,Current,4786756,4786756,0.72752451896667,0,0
"2025-01-28 22:00:00","2025-01-28 23:00:00",Nederland,Wind,Hour,UTC,Providing,Current,4706987,4706987,0.71539622545242,0,0
"2025-01-28 23:00:00","2025-01-29 00:00:00",Nederland,Wind,Hour,UTC,Providing,Current,4646817,4646817,0.70624697208405,0,0
"2025-01-29 00:00:00","2025-01-29 01:00:00",Nederland,Wind,Hour,UTC,Providing,Current,4535570,4535570,0.68933475017548,0,0
"2025-01-29 01:00:00","2025-01-29 02:00:00",Nederland,Wind,Hour,UTC,Providing,Current,4563074,4563074,0.69351047277451,0,0
"2025-01-29 02:00:00","2025-01-29 03:00:00",Nederland,Wind,Hour,UTC,Providing,Current,4668617,4668617,0.70954698324203,0,0
"2025-01-29 03:00:00","2025-01-29 04:00:00",Nederland,Wind,Hour,UTC,Providing,Current,5031096,5031096,0.76463252305984,0,0
"2025-01-29 04:00:00","2025-01-29 05:00:00",Nederland,Wind,Hour,UTC,Providing,Current,5447192,5447192,0.82786625623703,0,0
"2025-01-29 05:00:00","2025-01-29 06:00:00",Nederland,Wind,Hour,UTC,Providing,Current,5620050,5620050,0.85413175821304,0,0
"2025-01-29 06:00:00","2025-01-29 07:00:00",Nederland,Wind,Hour,UTC,Providing,Current,5676079,5676079,0.8626417517662,0,0
"2025-01-29 07:00:00","2025-01-29 08:00:00",Nederland,Wind,Hour,UTC,Providing,Current,5470070,5470070,0.83132773637772,0,0
"2025-01-29 08:00:00","2025-01-29 09:00:00",Nederland,Wind,Hour,UTC,Providing,Current,5186813,5186813,0.78827422857285,0,0
"2025-01-29 09:00:00","2025-01-29 10:00:00",Nederland,Wind,Hour,UTC,Providing,Current,5104188,5104188,0.77571249008179,0,0
"2025-01-29 10:00:00","2025-01-29 11:00:00",Nederland,Wind,Hour,UTC,Providing,Current,5116943,5116943,0.77764576673508,0,0
"2025-01-29 11:00:00","2025-01-29 12:00:00",Nederland,Wind,Hour,UTC,Providing,Current,5244868,5244868,0.79708224534988,0,0
"2025-01-29 12:00:00","2025-01-29 13:00:00",Nederland,Wind,Hour,UTC,Providing,Current,5230700,5230700,0.79492402076721,0,0
"2025-01-29 13:00:00","2025-01-29 14:00:00",Nederland,Wind,Hour,UTC,Providing,Current,4873541,4873541,0.74064099788666,0,0
"2025-01-29 14:00:00","2025-01-29 15:00:00",Nederland,Wind,Hour,UTC,Providing,Current,4115575,4115575,0.62544775009155,0,0
"2025-01-29 15:00:00","2025-01-29 16:00:00",Nederland,Wind,Hour,UTC,Providing,Current,3315107,3315107,0.50379675626755,0,0
"2025-01-29 16:00:00","2025-01-29 17:00:00",Nederland,Wind,Hour,UTC,Providing,Current,2420555,2420555,0.36784926056862,0,0
"2025-01-29 17:00:00","2025-01-29 18:00:00",Nederland,Wind,Hour,UTC,Providing,Current,1678995,1678995,0.25515350699425,0,0
"2025-01-29 18:00:00","2025-01-29 19:00:00",Nederland,Wind,Hour,UTC,Providing,Current,1413423,1413423,0.21479375660419,0,0
"2025-01-29 19:00:00","2025-01-29 20:00:00",Nederland,Wind,Hour,UTC,Providing,Current,1069344,1069344,0.16250425577164,0,0
"2025-01-29 20:00:00","2025-01-29 21:00:00",Nederland,Wind,Hour,UTC,Providing,Current,760197,760197,0.11552350223064,0,0
"2025-01-29 21:00:00","2025-01-29 22:00:00",Nederland,Wind,Hour,UTC,Providing,Current,624708,624708,0.094933174550533,0,0
"2025-01-29 22:00:00","2025-01-29 23:00:00",Nederland,Wind,Hour,UTC,Providing,Current,463937,463937,0.070501402020454,0,0
"2025-01-29 23:00:00","2025-01-30 00:00:00",Nederland,Wind,Hour,UTC,Providing,Current,397924,397924,0.060469500720501,0,0
"2025-01-30 00:00:00","2025-01-30 01:00:00",Nederland,Wind,Hour,UTC,Providing,Current,216800,216800,0.03294524922967,0,0
"2025-01-30 01:00:00","2025-01-30 02:00:00",Nederland,Wind,Hour,UTC,Providing,Current,181494,181494,0.027579950168729,0,0
"2025-01-30 02:00:00","2025-01-30 03:00:00",Nederland,Wind,Hour,UTC,Providing,Current,187279,187279,0.028458824381232,0,0
"2025-01-30 03:00:00","2025-01-30 04:00:00",Nederland,Wind,Hour,UTC,Providing,Current,152943,152943,0.02324097417295,0,0
"2025-01-30 04:00:00","2025-01-30 05:00:00",Nederland,Wind,Hour,UTC,Providing,Current,156583,156583,0.023793974891305,0,0
"2025-01-30 05:00:00","2025-01-30 06:00:00",Nederland,Wind,Hour,UTC,Providing,Current,205117,205117,0.031168900430202,0,0
"2025-01-30 06:00:00","2025-01-30 07:00:00",Nederland,Wind,Hour,UTC,Providing,Current,196716,196716,0.02989212423563,0,0
"2025-01-30 07:00:00","2025-01-30 08:00:00",Nederland,Wind,Hour,UTC,Providing,Current,150706,150706,0.022900499403477,0,0
"2025-01-30 08:00:00","2025-01-30 09:00:00",Nederland,Wind,Hour,UTC,Providing,Current,220118,220118,0.033447798341513,0,0
"2025-01-30 09:00:00","2025-01-30 10:00:00",Nederland,Wind,Hour,UTC,Providing,Current,281446,281446,0.042766526341438,0,0
"2025-01-30 10:00:00","2025-01-30 11:00:00",Nederland,Wind,Hour,UTC,Providing,Current,412845,412845,0.062732622027397,0,0
"2025-01-30 11:00:00","2025-01-30 12:00:00",Nederland,Wind,Hour,UTC,Providing,Current,797847,797847,0.12123344838619,0,0
"2025-01-30 12:00:00","2025-01-30 13:00:00",Nederland,Wind,Hour,UTC,Providing,Current,1083047,1083047,0.16456900537014,0,0
"2025-01-30 13:00:00","2025-01-30 14:00:00",Nederland,Wind,Hour,UTC,Providing,Current,1216382,1216382,0.18482799828053,0,0
"2025-01-30 14:00:00","2025-01-30 15:00:00",Nederland,Wind,Hour,UTC,Providing,Current,1303608,1303608,0.19808100163937,0,0
"2025-01-30 15:00:00","2025-01-30 16:00:00",Nederland,Wind,Hour,UTC,Providing,Current,1286509,1286509,0.1954814940691,0,0
"2025-01-30 16:00:00","2025-01-30 17:00:00",Nederland,Wind,Hour,UTC,Providing,Current,966185,966185,0.14680825173855,0,0
"2025-01-30 17:00:00","2025-01-30 18:00:00",Nederland,Wind,Hour,UTC,Providing,Current,746742,746742,0.11346375197172,0,0
"2025-01-30 18:00:00","2025-01-30 19:00:00",Nederland,Wind,Hour,UTC,Providing,Current,885455,885455,0.13453975319862,0,0
"2025-01-30 19:00:00","2025-01-30 20:00:00",Nederland,Wind,Hour,UTC,Providing,Current,1044821,1044821,0.15875400602818,0,0
"2025-01-30 20:00:00","2025-01-30 21:00:00",Nederland,Wind,Hour,UTC,Providing,Current,866975,866975,0.13173024356365,0,0
"2025-01-30 21:00:00","2025-01-30 22:00:00",Nederland,Wind,Hour,UTC,Providing,Current,763440,763440,0.11599849909544,0,0
"2025-01-30 22:00:00","2025-01-30 23:00:00",Nederland,Wind,Hour,UTC,Providing,Current,575942,575942,0.087508976459503,0,0
"2025-01-30 23:00:00","2025-01-31 00:00:00",Nederland,Wind,Hour,UTC,Providing,Current,661467,661467,0.10050312429667,0,0
"2025-01-31 00:00:00","2025-01-31 01:00:00",Nederland,Wind,Hour,UTC,Providing,Current,675272,675272,0.10259982198477,0,0
"2025-01-31 01:00:00","2025-01-31 02:00:00",Nederland,Wind,Hour,UTC,Providing,Current,693440,693440,0.10535977780819,0,0
"2025-01-31 02:00:00","2025-01-31 03:00:00",Nederland,Wind,Hour,UTC,Providing,Current,624814,624814,0.094932250678539,0,0
"2025-01-31 03:00:00","2025-01-31 04:00:00",Nederland,Wind,Hour,UTC,Providing,Current,615621,615621,0.093534901738167,0,0
"2025-01-31 04:00:00","2025-01-31 05:00:00",Nederland,Wind,Hour,UTC,Providing,Current,549092,549092,0.083426274359226,0,0
"2025-01-31 05:00:00","2025-01-31 06:00:00",Nederland,Wind,Hour,UTC,Providing,Current,464750,464750,0.070611327886581,0,0
"2025-01-31 06:00:00","2025-01-31 07:00:00",Nederland,Wind,Hour,UTC,Providing,Current,554421,554421,0.084234848618507,0,0
"2025-01-31 07:00:00","2025-01-31 08:00:00",Nederland,Wind,Hour,UTC,Providing,Current,654345,654345,0.099415898323059,0,0
"2025-01-31 08:00:00","2025-01-31 09:00:00",Nederland,Wind,Hour,UTC,Providing,Current,653901,653901,0.099347896873951,0,0
"2025-01-31 09:00:00","2025-01-31 10:00:00",Nederland,Wind,Hour,UTC,Providing,Current,570836,570836,0.086727224290371,0,0
"2025-01-31 10:00:00","2025-01-31 11:00:00",Nederland,Wind,Hour,UTC,Providing,Current,567230,567230,0.086178801953793,0,0
"2025-01-31 11:00:00","2025-01-31 12:00:00",Nederland,Wind,Hour,UTC,Providing,Current,742190,742190,0.11275950074196,0,0
"2025-01-31 12:00:00","2025-01-31 13:00:00",Nederland,Wind,Hour,UTC,Providing,Current,808129,808129,0.12277674674988,0,0
"2025-01-31 13:00:00","2025-01-31 14:00:00",Nederland,Wind,Hour,UTC,Providing,Current,851552,851552,0.12937299907207,0,0
"2025-01-31 14:00:00","2025-01-31 15:00:00",Nederland,Wind,Hour,UTC,Providing,Current,695590,695590,0.1056777536869,0,0
"2025-01-31 15:00:00","2025-01-31 16:00:00",Nederland,Wind,Hour,UTC,Providing,Current,414453,414453,0.062965624034405,0,0
"2025-01-31 16:00:00","2025-01-31 17:00:00",Nederland,Wind,Hour,UTC,Providing,Current,190923,190923,0.029005700722337,0,0
"2025-01-31 17:00:00","2025-01-31 18:00:00",Nederland,Wind,Hour,UTC,Providing,Current,69628,69628,0.010578069835901,0,0
"2025-01-31 18:00:00","2025-01-31 19:00:00",Nederland,Wind,Hour,UTC,Providing,Current,0,0,0,0,0
"2025-01-31 19:00:00","2025-01-31 20:00:00",Nederland,Wind,Hour,UTC,Providing,Current,6075,6075,0.0009229175047949,0,0
"2025-01-31 20:00:00","2025-01-31 21:00:00",Nederland,Wind,Hour,UTC,Providing,Current,40172,40172,0.0061029200442135,0,0
"2025-01-31 21:00:00","2025-01-31 22:00:00",Nederland,Wind,Hour,UTC,Providing,Current,54968,54968,0.0083506749942899,0,0
"2025-01-31 22:00:00","2025-01-31 23:00:00",Nederland,Wind,Hour,UTC,Providing,Current,28763,28763,0.0043696174398065,0,0
"2025-01-31 23:00:00","2025-02-01 00:00:00",Nederland,Wind,Hour,UTC,Providing,Current,27216,27216,0.0041345697827637,0,0
"2025-02-01 00:00:00","2025-02-01 01:00:00",Nederland,Wind,Hour,UTC,Providing,Current,17512,17512,0.0026603550650179,0,0
"2025-02-01 01:00:00","2025-02-01 02:00:00",Nederland,Wind,Hour,UTC,Providing,Current,0,0,0,0,0
"2025-02-01 02:00:00","2025-02-01 03:00:00",Nederland,Wind,Hour,UTC,Providing,Current,61420,61420,0.009330584667623,0,0
"2025-02-01 03:00:00","2025-02-01 04:00:00",Nederland,Wind,Hour,UTC,Providing,Current,46655,46655,0.0070875152014196,0,0
"2025-02-01 04:00:00","2025-02-01 05:00:00",Nederland,Wind,Hour,UTC,Providing,Current,0,0,0,0,0
"2025-02-01 05:00:00","2025-02-01 06:00:00",Nederland,Wind,Hour,UTC,Providing,Current,0,0,0,0,0
"2025-02-01 06:00:00","2025-02-01 07:00:00",Nederland,Wind,Hour,UTC,Providing,Current,10776,10776,0.0016369825461879,0,0
"2025-02-01 07:00:00","2025-02-01 08:00:00",Nederland,Wind,Hour,UTC,Providing,Current,27695,27695,0.0042071277275681,0,0
"2025-02-01 08:00:00","2025-02-01 09:00:00",Nederland,Wind,Hour,UTC,Providing,Current,40407,40407,0.0061381626874208,0,0
"2025-02-01 09:00:00","2025-02-01 10:00:00",Nederland,Wind,Hour,UTC,Providing,Current,48725,48725,0.007401695009321,0,0
"2025-02-01 10:00:00","2025-02-01 11:00:00",Nederland,Wind,Hour,UTC,Providing,Current,70782,70782,0.010752244852483,0,0
"2025-02-01 11:00:00","2025-02-01 12:00:00",Nederland,Wind,Hour,UTC,Providing,Current,173840,173840,0.026407299563289,0,0
"2025-02-01 12:00:00","2025-02-01 13:00:00",Nederland,Wind,Hour,UTC,Providing,Current,235440,235440,0.035764448344707,0,0
"2025-02-01 13:00:00","2025-02-01 14:00:00",Nederland,Wind,Hour,UTC,Providing,Current,245651,245651,0.03731532394886,0,0
"2025-02-01 14:00:00","2025-02-01 15:00:00",Nederland,Wind,Hour,UTC,Providing,Current,228066,228066,0.03464387357235,0,0
"2025-02-01 15:00:00","2025-02-01 16:00:00",Nederland,Wind,Hour,UTC,Providing,Current,149052,149052,0.022641250863671,0,0
"2025-02-01 16:00:00","2025-02-01 17:00:00",Nederland,Wind,Hour,UTC,Providing,Current,26835,26835,0.0040762624703348,0,0
"2025-02-01 17:00:00","2025-02-01 18:00:00",Nederland,Wind,Hour,UTC,Providing,Current,24918,24918,0.0037850399967283,0,0
"2025-02-01 18:00:00","2025-02-01 19:00:00",Nederland,Wind,Hour,UTC,Providing,Current,44333,44333,0.0067341350950301,0,0
"2025-02-01 19:00:00","2025-02-01 20:00:00",Nederland,Wind,Hour,UTC,Providing,Current,106945,106945,0.016244750469923,0,0
"2025-02-01 20:00:00","2025-02-01 21:00:00",Nederland,Wind,Hour,UTC,Providing,Current,111250,111250,0.016898574307561,0,0
"2025-02-01 21:00:00","2025-02-01 22:00:00",Nederland,Wind,Hour,UTC,Providing,Current,107703,107703,0.016359675675631,0,0
"2025-02-01 22:00:00","2025-02-01 23:00:00",Nederland,Wind,Hour,UTC,Providing,Current,171818,171818,0.026098325848579,0,0
"2025-02-01 23:00:00","2025-02-02 00:00:00",Nederland,Wind,Hour,UTC,Providing,Current,199476,199476,0.030299250036478,0,0
"2025-02-02 00:00:00","2025-02-02 01:00:00",Nederland,Wind,Hour,UTC,Providing,Current,213056,213056,0.032361775636673,0,0
"2025-02-02 01:00:00","2025-02-02 02:00:00",Nederland,Wind,Hour,UTC,Providing,Current,197557,197557,0.030007375404239,0,0
"2025-02-02 02:00:00","2025-02-02 03:00:00",Nederland,Wind,Hour,UTC,Providing,Current,98292,98292,0.014929724857211,0,0
"2025-02-02 03:00:00","2025-02-02 04:00:00",Nederland,Wind,Hour,UTC,Providing,Current,62925,62925,0.0095577202737331,0,0
"2025-02-02 04:00:00","2025-02-02 05:00:00",Nederland,Wind,Hour,UTC,Providing,Current,76367,76367,0.011599324643612,0,0
"2025-02-02 05:00:00","2025-02-02 06:00:00",Nederland,Wind,Hour,UTC,Providing,Current,139039,139039,0.021118450909853,0,0
"2025-02-02 06:00:00","2025-02-02 07:00:00",Nederland,Wind,Hour,UTC,Providing,Current,229915,229915,0.034921251237392,0,0
"2025-02-02 07:00:00","2025-02-02 08:00:00",Nederland,Wind,Hour,UTC,Providing,Current,286682,286682,0.043543174862862,0,0
"2025-02-02 08:00:00","2025-02-02 09:00:00",Nederland,Wind,Hour,UTC,Providing,Current,373603,373603,0.056744951754808,0,0
"2025-02-02 09:00:00","2025-02-02 10:00:00",Nederland,Wind,Hour,UTC,Providing,Current,460885,460885,0.070001423358917,0,0
"2025-02-02 10:00:00","2025-02-02 11:00:00",Nederland,Wind,Hour,UTC,Providing,Current,361619,361619,0.054924074560404,0,0
"2025-02-02 11:00:00","2025-02-02 12:00:00",Nederland,Wind,Hour,UTC,Providing,Current,288779,288779,0.043860599398613,0,0
"2025-02-02 12:00:00","2025-02-02 13:00:00",Nederland,Wind,Hour,UTC,Providing,Current,257463,257463,0.039103973656893,0,0
"2025-02-02 13:00:00","2025-02-02 14:00:00",Nederland,Wind,Hour,UTC,Providing,Current,197383,197383,0.029978724196553,0,0
"2025-02-02 14:00:00","2025-02-02 15:00:00",Nederland,Wind,Hour,UTC,Providing,Current,102584,102584,0.015580475330353,0,0
"2025-02-02 15:00:00","2025-02-02 16:00:00",Nederland,Wind,Hour,UTC,Providing,Current,34140,34140,0.0051851575262845,0,0
"2025-02-02 16:00:00","2025-02-02 17:00:00",Nederland,Wind,Hour,UTC,Providing,Current,18873,18873,0.0028663976117969,0,0
"2025-02-02 17:00:00","2025-02-02 18:00:00",Nederland,Wind,Hour,UTC,Providing,Current,69133,69133,0.010499714873731,0,0
"2025-02-02 18:00:00","2025-02-02 19:00:00",Nederland,Wind,Hour,UTC,Providing,Current,70270,70270,0.010672350414097,0,0
"2025-02-02 19:00:00","2025-02-02 20:00:00",Nederland,Wind,Hour,UTC,Providing,Current,26818,26818,0.0040729925967753,0,0
"2025-02-02 20:00:00","2025-02-02 21:00:00",Nederland,Wind,Hour,UTC,Providing,Current,24304,24304,0.0036911549977958,0,0
"2025-02-02 21:00:00","2025-02-02 22:00:00",Nederland,Wind,Hour,UTC,Providing,Current,37957,37957,0.0057646576315165,0,0
"2025-02-02 22:00:00","2025-02-02 23:00:00",Nederland,Wind,Hour,UTC,Providing,Current,66917,66917,0.010162837803364,0,0
"2025-02-02 23:00:00","2025-02-03 00:00:00",Nederland,Wind,Hour,UTC,Providing,Current,117115,117115,0.017786424607038,0,0
"2025-02-03 00:00:00","2025-02-03 01:00:00",Nederland,Wind,Hour,UTC,Providing,Current,196781,196781,0.029885249212384,0,0
"2025-02-03 01:00:00","2025-02-03 02:00:00",Nederland,Wind,Hour,UTC,Providing,Current,368337,368337,0.055939201265574,0,0
"2025-02-03 02:00:00","2025-02-03 03:00:00",Nederland,Wind,Hour,UTC,Providing,Current,425946,425946,0.064687877893448,0,0
"2025-02-03 03:00:00","2025-02-03 04:00:00",Nederland,Wind,Hour,UTC,Providing,Current,260429,260429,0.039550799876451,0,0
"2025-02-03 04:00:00","2025-02-03 05:00:00",Nederland,Wind,Hour,UTC,Providing,Current,124904,124904,0.018968800082803,0,0
"2025-02-03 05:00:00","2025-02-03 06:00:00",Nederland,Wind,Hour,UTC,Providing,Current,74114,74114,0.011255382560194,0,0
"2025-02-03 06:00:00","2025-02-03 07:00:00",Nederland,Wind,Hour,UTC,Providing,Current,141200,141200,0.021443324163556,0,0
"2025-02-03 07:00:00","2025-02-03 08:00:00",Nederland,Wind,Hour,UTC,Providing,Current,186938,186938,0.02838915027678,0,0
"2025-02-03 08:00:00","2025-02-03 09:00:00",Nederland,Wind,Hour,UTC,Providing,Current,278770,278770,0.042334850877523,0,0
"2025-02-03 09:00:00","2025-02-03 10:00:00",Nederland,Wind,Hour,UTC,Providing,Current,313292,313292,0.047577176243067,0,0
"2025-02-03 10:00:00","2025-02-03 11:00:00",Nederland,Wind,Hour,UTC,Providing,Current,394247,394247,0.059870775789022,0,0
"2025-02-03 11:00:00","2025-02-03 12:00:00",Nederland,Wind,Hour,UTC,Providing,Current,630033,630033,0.095677025616169,0,0
"2025-02-03 12:00:00","2025-02-03 13:00:00",Nederland,Wind,Hour,UTC,Providing,Current,718132,718132,0.10905499756336,0,0
"2025-02-03 13:00:00","2025-02-03 14:00:00",Nederland,Wind,Hour,UTC,Providing,Current,855514,855514,0.12991699576378,0,0
"2025-02-03 14:00:00","2025-02-03 15:00:00",Nederland,Wind,Hour,UTC,Providing,Current,747870,747870,0.11356949806213,0,0
"2025-02-03 15:00:00","2025-02-03 16:00:00",Nederland,Wind,Hour,UTC,Providing,Current,628130,628130,0.095385551452637,0,0
"2025-02-03 16:00:00","2025-02-03 17:00:00",Nederland,Wind,Hour,UTC,Providing,Current,519351,519351,0.078866302967072,0,0
"2025-02-03 17:00:00","2025-02-03 18:00:00",Nederland,Wind,Hour,UTC,Providing,Current,456400,456400,0.069306425750256,0,0
"2025-02-03 18:00:00","2025-02-03 19:00:00",Nederland,Wind,Hour,UTC,Providing,Current,458850,458850,0.069678023457527,0,0
"2025-02-03 19:00:00","2025-02-03 20:00:00",Nederland,Wind,Hour,UTC,Providing,Current,497494,497494,0.075545772910118,0,0
"2025-02-03 20:00:00","2025-02-03 21:00:00",Nederland,Wind,Hour,UTC,Providing,Current,481517,481517,0.073119200766087,0,0
"2025-02-03 21:00:00","2025-02-03 22:00:00",Nederland,Wind,Hour,UTC,Providing,Current,556268,556268,0.084469728171825,0,0
"2025-02-03 22:00:00","2025-02-03 23:00:00",Nederland,Wind,Hour,UTC,Providing,Current,584421,584421,0.088744223117828,0,0
"2025-02-03 23:00:00","2025-02-04 00:00:00",Nederland,Wind,Hour,UTC,Providing,Current,713751,713751,0.10838217288256,0,0
"2025-02-04 00:00:00","2025-02-04 01:00:00",Nederland,Wind,Hour,UTC,Providing,Current,841434,841434,0.12777000665665,0,0
"2025-02-04 01:00:00","2025-02-04 02:00:00",Nederland,Wind,Hour,UTC,Providing,Current,986834,986834,0.14984749257565,0,0
"2025-02-04 02:00:00","2025-02-04 03:00:00",Nederland,Wind,Hour,UTC,Providing,Current,1178315,1178315,0.17892250418663,0,0
"2025-02-04 03:00:00","2025-02-04 04:00:00",Nederland,Wind,Hour,UTC,Providing,Current,1338953,1338953,0.20331324636936,0,0
"2025-02-04 04:00:00","2025-02-04 05:00:00",Nederland,Wind,Hour,UTC,Providing,Current,1388282,1388282,0.21080274879932,0,0
"2025-02-04 05:00:00","2025-02-04 06:00:00",Nederland,Wind,Hour,UTC,Providing,Current,1648573,1648573,0.25032448768616,0,0
"2025-02-04 06:00:00","2025-02-04 07:00:00",Nederland,Wind,Hour,UTC,Providing,Current,1873663,1873663,0.28450125455856,0,0
"2025-02-04 07:00:00","2025-02-04 08:00:00",Nederland,Wind,Hour,UTC,Providing,Current,2048623,2048623,0.31106576323509,0,0
"2025-02-04 08:00:00","2025-02-04 09:00:00",Nederland,Wind,Hour,UTC,Providing,Current,2159090,2159090,0.32783699035645,0,0
"2025-02-04 09:00:00","2025-02-04 10:00:00",Nederland,Wind,Hour,UTC,Providing,Current,2444186,2444186,0.37112399935722,0,0
"2025-02-04 10:00:00","2025-02-04 11:00:00",Nederland,Wind,Hour,UTC,Providing,Current,2731225,2731225,0.41470500826836,0,0
"2025-02-04 11:00:00","2025-02-04 12:00:00",Nederland,Wind,Hour,UTC,Providing,Current,2946075,2946075,0.44732475280762,0,0
"2025-02-04 12:00:00","2025-02-04 13:00:00",Nederland,Wind,Hour,UTC,Providing,Current,3167400,3167400,0.48092725872993,0,0
"2025-02-04 13:00:00","2025-02-04 14:00:00",Nederland,Wind,Hour,UTC,Providing,Current,3297494,3297494,0.50067675113678,0,0
"2025-02-04 14:00:00","2025-02-04 15:00:00",Nederland,Wind,Hour,UTC,Providing,Current,3450973,3450973,0.52397727966309,0,0
"2025-02-04 15:00:00","2025-02-04 16:00:00",Nederland,Wind,Hour,UTC,Providing,Current,3760035,3760035,0.57090026140213,0,0
"2025-02-04 16:00:00","2025-02-04 17:00:00",Nederland,Wind,Hour,UTC,Providing,Current,3575998,3575998,0.54295372962952,0,0
"2025-02-04 17:00:00","2025-02-04 18:00:00",Nederland,Wind,Hour,UTC,Providing,Current,2917312,2917312,0.44294100999832,0,0
"2025-02-04 18:00:00","2025-02-04 19:00:00",Nederland,Wind,Hour,UTC,Providing,Current,2968397,2968397,0.45069426298141,0,0
"2025-02-04 19:00:00","2025-02-04 20:00:00",Nederland,Wind,Hour,UTC,Providing,Current,3445987,3445987,0.52320426702499,0,0
"2025-02-04 20:00:00","2025-02-04 21:00:00",Nederland,Wind,Hour,UTC,Providing,Current,3841977,3841977,0.58332347869873,0,0
"2025-02-04 21:00:00","2025-02-04 22:00:00",Nederland,Wind,Hour,UTC,Providing,Current,3841277,3841277,0.5832137465477,0,0
"2025-02-04 22:00:00","2025-02-04 23:00:00",Nederland,Wind,Hour,UTC,Providing,Current,3588581,3588581,0.54484397172928,0,0
"2025-02-04 23:00:00","2025-02-05 00:00:00",Nederland,Wind,Hour,UTC,Providing,Current,3608033,3608033,0.54779398441315,0,0
"2025-02-05 00:00:00","2025-02-05 01:00:00",Nederland,Wind,Hour,UTC,Providing,Current,3679242,3679242,0.55860197544098,0,0
"2025-02-05 01:00:00","2025-02-05 02:00:00",Nederland,Wind,Hour,UTC,Providing,Current,3589368,3589368,0.54495352506638,0,0
"2025-02-05 02:00:00","2025-02-05 03:00:00",Nederland,Wind,Hour,UTC,Providing,Current,3258901,3258901,0.49477750062943,0,0
"2025-02-05 03:00:00","2025-02-05 04:00:00",Nederland,Wind,Hour,UTC,Providing,Current,2763149,2763149,0.419508010149,0,0
"2025-02-05 04:00:00","2025-02-05 05:00:00",Nederland,Wind,Hour,UTC,Providing,Current,2174236,2174236,0.33009573817253,0,0
"2025-02-05 05:00:00","2025-02-05 06:00:00",Nederland,Wind,Hour,UTC,Providing,Current,1778209,1778209,0.26996850967407,0,0
"2025-02-05 06:00:00","2025-02-05 07:00:00",Nederland,Wind,Hour,UTC,Providing,Current,1379135,1379135,0.20937974750996,0,0
"2025-02-05 07:00:00","2025-02-05 08:00:00",Nederland,Wind,Hour,UTC,Providing,Current,1013462,1013462,0.15386225283146,0,0
"2025-02-05 08:00:00","2025-02-05 09:00:00",Nederland,Wind,Hour,UTC,Providing,Current,753286,753286,0.11436224728823,0,0
"2025-02-05 09:00:00","2025-02-05 10:00:00",Nederland,Wind,Hour,UTC,Providing,Current,822850,822850,0.12492249906063,0,0
"2025-02-05 10:00:00","2025-02-05 11:00:00",Nederland,Wind,Hour,UTC,Providing,Current,934074,934074,0.14180724322796,0,0
"2025-02-05 11:00:00","2025-02-05 12:00:00",Nederland,Wind,Hour,UTC,Providing,Current,1006653,1006653,0.15282499790192,0,0
"2025-02-05 12:00:00","2025-02-05 13:00:00",Nederland,Wind,Hour,UTC,Providing,Current,1113798,1113798,0.16909025609493,0,0
"2025-02-05 13:00:00","2025-02-05 14:00:00",Nederland,Wind,Hour,UTC,Providing,Current,1027281,1027281,0.15595449507236,0,0
"2025-02-05 14:00:00","2025-02-05 15:00:00",Nederland,Wind,Hour,UTC,Providing,Current,918466,918466,0.139434248209,0,0
"2025-02-05 15:00:00","2025-02-05 16:00:00",Nederland,Wind,Hour,UTC,Providing,Current,520233,520233,0.078977152705193,0,0
"2025-02-05 16:00:00","2025-02-05 17:00:00",Nederland,Wind,Hour,UTC,Providing,Current,207793,207793,0.031545098870993,0,0
"2025-02-05 17:00:00","2025-02-05 18:00:00",Nederland,Wind,Hour,UTC,Providing,Current,90358,90358,0.013717190362513,0,0
"2025-02-05 18:00:00","2025-02-05 19:00:00",Nederland,Wind,Hour,UTC,Providing,Current,37254,37254,0.0056554675102234,0,0
"2025-02-05 19:00:00","2025-02-05 20:00:00",Nederland,Wind,Hour,UTC,Providing,Current,54580,54580,0.0082856453955173,0,0
"2025-02-05 20:00:00","2025-02-05 21:00:00",Nederland,Wind,Hour,UTC,Providing,Current,37679,37679,0.0057199099101126,0,0
"2025-02-05 21:00:00","2025-02-05 22:00:00",Nederland,Wind,Hour,UTC,Providing,Current,34202,34202,0.0051920497789979,0,0
"2025-02-05 22:00:00","2025-02-05 23:00:00",Nederland,Wind,Hour,UTC,Providing,Current,20159,20159,0.0030602274928242,0,0
"2025-02-05 23:00:00","2025-02-06 00:00:00",Nederland,Wind,Hour,UTC,Providing,Current,19136,19136,0.002904909895733,0,0
"2025-02-06 00:00:00","2025-02-06 01:00:00",Nederland,Wind,Hour,UTC,Providing,Current,12544,12544,0.0019042149651796,0,0
"2025-02-06 01:00:00","2025-02-06 02:00:00",Nederland,Wind,Hour,UTC,Providing,Current,0,0,0,0,0
"2025-02-06 02:00:00","2025-02-06 03:00:00",Nederland,Wind,Hour,UTC,Providing,Current,0,0,0,0,0
"2025-02-06 03:00:00","2025-02-06 04:00:00",Nederland,Wind,Hour,UTC,Providing,Current,6425,6425,0.0009753120248206,0,0
"2025-02-06 04:00:00","2025-02-06 05:00:00",Nederland,Wind,Hour,UTC,Providing,Current,33231,33231,0.0050444277003407,0,0
"2025-02-06 05:00:00","2025-02-06 06:00:00",Nederland,Wind,Hour,UTC,Providing,Current,20566,20566,0.0031218775548041,0,0
"2025-02-06 06:00:00","2025-02-06 07:00:00",Nederland,Wind,Hour,UTC,Providing,Current,52490,52490,0.0079678203910589,0,0
"2025-02-06 07:00:00","2025-02-06 08:00:00",Nederland,Wind,Hour,UTC,Providing,Current,139841,139841,0.021227274090052,0,0
"2025-02-06 08:00:00","2025-02-06 09:00:00",Nederland,Wind,Hour,UTC,Providing,Current,239941,239941,0.036421850323677,0,0
"2025-02-06 09:00:00","2025-02-06 10:00:00",Nederland,Wind,Hour,UTC,Providing,Current,539193,539193,0.081846177577972,0,0
"2025-02-06 10:00:00","2025-02-06 11:00:00",Nederland,Wind,Hour,UTC,Providing,Current,1032514,1032514,0.15672850608826,0,0
"2025-02-06 11:00:00","2025-02-06 12:00:00",Nederland,Wind,Hour,UTC,Providing,Current,1751490,1751490,0.26586225628853,0,0
"2025-02-06 12:00:00","2025-02-06 13:00:00",Nederland,Wind,Hour,UTC,Providing,Current,2306816,2306816,0.35015425086021,0,0
"2025-02-06 13:00:00","2025-02-06 14:00:00",Nederland,Wind,Hour,UTC,Providing,Current,2744806,2744806,0.41663500666618,0,0
"2025-02-06 14:00:00","2025-02-06 15:00:00",Nederland,Wind,Hour,UTC,Providing,Current,3375402,3375402,0.5123502612114,0,0
"2025-02-06 15:00:00","2025-02-06 16:00:00",Nederland,Wind,Hour,UTC,Providing,Current,3040981,3040981,0.46158576011658,0,0
"2025-02-06 16:00:00","2025-02-06 17:00:00",Nederland,Wind,Hour,UTC,Providing,Current,2115087,2115087,0.32104349136353,0,0
"2025-02-06 17:00:00","2025-02-06 18:00:00",Nederland,Wind,Hour,UTC,Providing,Current,1426079,1426079,0.21645949780941,0,0
"2025-02-06 18:00:00","2025-02-06 19:00:00",Nederland,Wind,Hour,UTC,Providing,Current,1574355,1574355,0.23896424472332,0,0
"2025-02-06 19:00:00","2025-02-06 20:00:00",Nederland,Wind,Hour,UTC,Providing,Current,2036508,2036508,0.30911049246788,0,0
"2025-02-06 20:00:00","2025-02-06 21:00:00",Nederland,Wind,Hour,UTC,Providing,Current,2324472,2324472,0.35281676054001,0,0
"2025-02-06 21:00:00","2025-02-06 22:00:00",Nederland,Wind,Hour,UTC,Providing,Current,2593125,2593125,0.39359149336815,0,0
"2025-02-06 22:00:00","2025-02-06 23:00:00",Nederland,Wind,Hour,UTC,Providing,Current,2497792,2497792,0.37911948561668,0,0
"2025-02-06 23:00:00","2025-02-07 00:00:00",Nederland,Wind,Hour,UTC,Providing,Current,2604792,2604792,0.39535775780678,0,0
"2025-02-07 00:00:00","2025-02-07 01:00:00",Nederland,Wind,Hour,UTC,Providing,Current,3048263,3048263,0.4626649916172,0,0
"2025-02-07 01:00:00","2025-02-07 02:00:00",Nederland,Wind,Hour,UTC,Providing,Current,3710482,3710482,0.56317299604416,0,0
"2025-02-07 02:00:00","2025-02-07 03:00:00",Nederland,Wind,Hour,UTC,Providing,Current,4376715,4376715,0.66428923606873,0,0
"2025-02-07 03:00:00","2025-02-07 04:00:00",Nederland,Wind,Hour,UTC,Providing,Current,4577214,4577214,0.69471597671509,0,0
"2025-02-07 04:00:00","2025-02-07 05:00:00",Nederland,Wind,Hour,UTC,Providing,Current,5076669,5076669,0.7705169916153,0,0
"2025-02-07 05:00:00","2025-02-07 06:00:00",Nederland,Wind,Hour,UTC,Providing,Current,5785773,5785773,0.87813675403595,0,0
"2025-02-07 06:00:00","2025-02-07 07:00:00",Nederland,Wind,Hour,UTC,Providing,Current,6160853,6160853,0.93505877256393,0,0
"2025-02-07 07:00:00","2025-02-07 08:00:00",Nederland,Wind,Hour,UTC,Providing,Current,6206135,6206135,0.94192576408386,0,0
"2025-02-07 08:00:00","2025-02-07 09:00:00",Nederland,Wind,Hour,UTC,Providing,Current,6349800,6349800,0.96372425556183,0,0
"2025-02-07 09:00:00","2025-02-07 10:00:00",Nederland,Wind,Hour,UTC,Providing,Current,6434121,6434121,0.97651547193527,0,0
"2025-02-07 10:00:00","2025-02-07 11:00:00",Nederland,Wind,Hour,UTC,Providing,Current,6480414,6480414,0.98353552818298,0,0
"2025-02-07 11:00:00","2025-02-07 12:00:00",Nederland,Wind,Hour,UTC,Providing,Current,6525730,6525730,0.99040699005127,0,0
"2025-02-07 12:00:00","2025-02-07 13:00:00",Nederland,Wind,Hour,UTC,Providing,Current,6513840,6513840,0.98859626054764,0,0
"2025-02-07 13:00:00","2025-02-07 14:00:00",Nederland,Wind,Hour,UTC,Providing,Current,6513854,6513854,0.98859226703644,0,0
"2025-02-07 14:00:00","2025-02-07 15:00:00",Nederland,Wind,Hour,UTC,Providing,Current,6491744,6491744,0.98523074388504,0,0
"2025-02-07 15:00:00","2025-02-07 16:00:00",Nederland,Wind,Hour,UTC,Providing,Current,6437769,6437769,0.97703301906586,0,0
"2025-02-07 16:00:00","2025-02-07 17:00:00",Nederland,Wind,Hour,UTC,Providing,Current,6394114,6394114,0.97040152549744,0,0
"2025-02-07 17:00:00","2025-02-07 18:00:00",Nederland,Wind,Hour,UTC,Providing,Current,6131342,6131342,0.93051600456238,0,0
"2025-02-07 18:00:00","2025-02-07 19:00:00",Nederland,Wind,Hour,UTC,Providing,Current,6097754,6097754,0.92541301250458,0,0
"2025-02-07 19:00:00","2025-02-07 20:00:00",Nederland,Wind,Hour,UTC,Providing,Current,5940937,5940937,0.90160822868347,0,0
"2025-02-07 20:00:00","2025-02-07 21:00:00",Nederland,Wind,Hour,UTC,Providing,Current,5640295,5640295,0.855976998806,0,0
"2025-02-07 21:00:00","2025-02-07 22:00:00",Nederland,Wind,Hour,UTC,Providing,Current,5555851,5555851,0.84315627813339,0,0
"2025-02-07 22:00:00","2025-02-07 23:00:00",Nederland,Wind,Hour,UTC,Providing,Current,5385704,5385704,0.81733000278473,0,0
"2025-02-07 23:00:00","2025-02-08 00:00:00",Nederland,Wind,Hour,UTC,Providing,Current,5179621,5179621,0.78604972362518,0,0
"2025-02-08 00:00:00","2025-02-08 01:00:00",Nederland,Wind,Hour,UTC,Providing,Current,4848553,4848553,0.73580324649811,0,0
"2025-02-08 01:00:00","2025-02-08 02:00:00",Nederland,Wind,Hour,UTC,Providing,Current,4575966,4575966,0.69443172216415,0,0
"2025-02-08 02:00:00","2025-02-08 03:00:00",Nederland,Wind,Hour,UTC,Providing,Current,4421983,4421983,0.67106002569199,0,0
"2025-02-08 03:00:00","2025-02-08 04:00:00",Nederland,Wind,Hour,UTC,Providing,Current,4268069,4268069,0.64769798517227,0,0
"2025-02-08 04:00:00","2025-02-08 05:00:00",Nederland,Wind,Hour,UTC,Providing,Current,4273185,4273185,0.64847052097321,0,0
"2025-02-08 05:00:00","2025-02-08 06:00:00",Nederland,Wind,Hour,UTC,Providing,Current,4191322,4191322,0.63604372739792,0,0
"2025-02-08 06:00:00","2025-02-08 07:00:00",Nederland,Wind,Hour,UTC,Providing,Current,4179907,4179907,0.63430774211884,0,0
"2025-02-08 07:00:00","2025-02-08 08:00:00",Nederland,Wind,Hour,UTC,Providing,Current,3933576,3933576,0.59692275524139,0,0
"2025-02-08 08:00:00","2025-02-08 09:00:00",Nederland,Wind,Hour,UTC,Providing,Current,3710027,3710027,0.5629957318306,0,0
"2025-02-08 09:00:00","2025-02-08 10:00:00",Nederland,Wind,Hour,UTC,Providing,Current,3168195,3168195,0.48076975345612,0,0
"2025-02-08 10:00:00","2025-02-08 11:00:00",Nederland,Wind,Hour,UTC,Providing,Current,2952163,2952163,0.44798448681831,0,0
"2025-02-08 11:00:00","2025-02-08 12:00:00",Nederland,Wind,Hour,UTC,Providing,Current,2605191,2605191,0.39532950520515,0,0
"2025-02-08 12:00:00","2025-02-08 13:00:00",Nederland,Wind,Hour,UTC,Providing,Current,2186645,2186645,0.33181473612785,0,0
"2025-02-08 13:00:00","2025-02-08 14:00:00",Nederland,Wind,Hour,UTC,Providing,Current,1844603,1844603,0.279909491539,0,0
"2025-02-08 14:00:00","2025-02-08 15:00:00",Nederland,Wind,Hour,UTC,Providing,Current,1161760,1161760,0.17629024386406,0,0
"2025-02-08 15:00:00","2025-02-08 16:00:00",Nederland,Wind,Hour,UTC,Providing,Current,717408,717408,0.10886167734861,0,0
"2025-02-08 16:00:00","2025-02-08 17:00:00",Nederland,Wind,Hour,UTC,Providing,Current,372268,372268,0.056488774716854,0,0
"2025-02-08 17:00:00","2025-02-08 18:00:00",Nederland,Wind,Hour,UTC,Providing,Current,175814,175814,0.026678225025535,0,0
"2025-02-08 18:00:00","2025-02-08 19:00:00",Nederland,Wind,Hour,UTC,Providing,Current,184374,184374,0.027976974844933,0,0
"2025-02-08 19:00:00","2025-02-08 20:00:00",Nederland,Wind,Hour,UTC,Providing,Current,212408,212408,0.032230626791716,0,0
"2025-02-08 20:00:00","2025-02-08 21:00:00",Nederland,Wind,Hour,UTC,Providing,Current,237276,237276,0.036003898829222,0,0
"2025-02-08 21:00:00","2025-02-08 22:00:00",Nederland,Wind,Hour,UTC,Providing,Current,263026,263026,0.03991087526083,0,0
"2025-02-08 22:00:00","2025-02-08 23:00:00",Nederland,Wind,Hour,UTC,Providing,Current,317528,317528,0.04818057641387,0,0
"2025-02-08 23:00:00","2025-02-09 00:00:00",Nederland,Wind,Hour,UTC,Providing,Current,243928,243928,0.037012573331594,0,0
"2025-02-09 00:00:00","2025-02-09 01:00:00",Nederland,Wind,Hour,UTC,Providing,Current,140912,140912,0.021381249651313,0,0
"2025-02-09 01:00:00","2025-02-09 02:00:00",Nederland,Wind,Hour,UTC,Providing,Current,179010,179010,0.027161849662662,0,0
"2025-02-09 02:00:00","2025-02-09 03:00:00",Nederland,Wind,Hour,UTC,Providing,Current,335474,335474,0.050902374088764,0,0
"2025-02-09 03:00:00","2025-02-09 04:00:00",Nederland,Wind,Hour,UTC,Providing,Current,440215,440215,0.066794574260712,0,0
"2025-02-09 04:00:00","2025-02-09 05:00:00",Nederland,Wind,Hour,UTC,Providing,Current,645282,645282,0.09790912270546,0,0
"2025-02-09 05:00:00","2025-02-09 06:00:00",Nederland,Wind,Hour,UTC,Providing,Current,750499,750499,0.11387325078249,0,0
"2025-02-09 06:00:00","2025-02-09 07:00:00",Nederland,Wind,Hour,UTC,Providing,Current,873280,873280,0.1325020045042,0,0
"2025-02-09 07:00:00","2025-02-09 08:00:00",Nederland,Wind,Hour,UTC,Providing,Current,850491,850491,0.12904325127602,0,0
"2025-02-09 08:00:00","2025-02-09 09:00:00",Nederland,Wind,Hour,UTC,Providing,Current,857378,857378,0.13008749485016,0,0
"2025-02-09 09:00:00","2025-02-09 10:00:00",Nederland,Wind,Hour,UTC,Providing,Current,1163606,1163606,0.17654925584793,0,0
"2025-02-09 10:00:00","2025-02-09 11:00:00",Nederland,Wind,Hour,UTC,Providing,Current,1536681,1536681,0.23315325379372,0,0
"2025-02-09 11:00:00","2025-02-09 12:00:00",Nederland,Wind,Hour,UTC,Providing,Current,1855007,1855007,0.28144949674606,0,0
"2025-02-09 12:00:00","2025-02-09 13:00:00",Nederland,Wind,Hour,UTC,Providing,Current,2349300,2349300,0.35644349455833,0,0
"2025-02-09 13:00:00","2025-02-09 14:00:00",Nederland,Wind,Hour,UTC,Providing,Current,2558694,2558694,0.38821125030518,0,0
"2025-02-09 14:00:00","2025-02-09 15:00:00",Nederland,Wind,Hour,UTC,Providing,Current,2491108,2491108,0.37795451283455,0,0
"2025-02-09 15:00:00","2025-02-09 16:00:00",Nederland,Wind,Hour,UTC,Providing,Current,2604197,2604197,0.39510974287987,0,0
"2025-02-09 16:00:00","2025-02-09 17:00:00",Nederland,Wind,Hour,UTC,Providing,Current,2497729,2497729,0.37895426154137,0,0
"2025-02-09 17:00:00","2025-02-09 18:00:00",Nederland,Wind,Hour,UTC,Providing,Current,2530889,2530889,0.3839827477932,0,0
"2025-02-09 18:00:00","2025-02-09 19:00:00",Nederland,Wind,Hour,UTC,Providing,Current,2355583,2355583,0.35738325119019,0,0
"2025-02-09 19:00:00","2025-02-09 20:00:00",Nederland,Wind,Hour,UTC,Providing,Current,2871034,2871034,0.43558374047279,0,0
"2025-02-09 20:00:00","2025-02-09 21:00:00",Nederland,Wind,Hour,UTC,Providing,Current,3190279,3190279,0.48401549458504,0,0
"2025-02-09 21:00:00","2025-02-09 22:00:00",Nederland,Wind,Hour,UTC,Providing,Current,3526248,3526248,0.53498423099518,0,0
"2025-02-09 22:00:00","2025-02-09 23:00:00",Nederland,Wind,Hour,UTC,Providing,Current,3501030,3501030,0.53115475177765,0,0
"2025-02-09 23:00:00","2025-02-10 00:00:00",Nederland,Wind,Hour,UTC,Providing,Current,3809903,3809903,0.57801127433777,0,0
"2025-02-10 00:00:00","2025-02-10 01:00:00",Nederland,Wind,Hour,UTC,Providing,Current,3835836,3835836,0.58194249868393,0,0
"2025-02-10 01:00:00","2025-02-10 02:00:00",Nederland,Wind,Hour,UTC,Providing,Current,3814008,3814008,0.5786269903183,0,0
"2025-02-10 02:00:00","2025-02-10 03:00:00",Nederland,Wind,Hour,UTC,Providing,Current,4004996,4004996,0.60759824514389,0,0
"2025-02-10 03:00:00","2025-02-10 04:00:00",Nederland,Wind,Hour,UTC,Providing,Current,4012371,4012371,0.60871350765228,0,0
"2025-02-10 04:00:00","2025-02-10 05:00:00",Nederland,Wind,Hour,UTC,Providing,Current,4404134,4404134,0.66814297437668,0,0
"2025-02-10 05:00:00","2025-02-10 06:00:00",Nederland,Wind,Hour,UTC,Providing,Current,4472014,4472014,0.67843675613403,0,0
"2025-02-10 06:00:00","2025-02-10 07:00:00",Nederland,Wind,Hour,UTC,Providing,Current,4520059,4520059,0.68572151660919,0,0
"2025-02-10 07:00:00","2025-02-10 08:00:00",Nederland,Wind,Hour,UTC,Providing,Current,4691285,4691285,0.71169298887253,0,0
"2025-02-10 08:00:00","2025-02-10 09:00:00",Nederland,Wind,Hour,UTC,Providing,Current,4955472,4955472,0.75176674127579,0,0
"2025-02-10 09:00:00","2025-02-10 10:00:00",Nederland,Wind,Hour,UTC,Providing,Current,5340681,5340681,0.81019973754883,0,0
"2025-02-10 10:00:00","2025-02-10 11:00:00",Nederland,Wind,Hour,UTC,Providing,Current,5838856,5838856,0.88576924800873,0,0
"2025-02-10 11:00:00","2025-02-10 12:00:00",Nederland,Wind,Hour,UTC,Providing,Current,5990974,5990974,0.908840239048,0,0
"2025-02-10 12:00:00","2025-02-10 13:00:00",Nederland,Wind,Hour,UTC,Providing,Current,6018067,6018067,0.91294449567795,0,0
"2025-02-10 13:00:00","2025-02-10 14:00:00",Nederland,Wind,Hour,UTC,Providing,Current,6054451,6054451,0.9184582233429,0,0
"2025-02-10 14:00:00","2025-02-10 15:00:00",Nederland,Wind,Hour,UTC,Providing,Current,5996353,5996353,0.90963900089264,0,0
"2025-02-10 15:00:00","2025-02-10 16:00:00",Nederland,Wind,Hour,UTC,Providing,Current,5813352,5813352,0.88187277317047,0,0
"2025-02-10 16:00:00","2025-02-10 17:00:00",Nederland,Wind,Hour,UTC,Providing,Current,5676312,5676312,0.86107850074768,0,0
"2025-02-10 17:00:00","2025-02-10 18:00:00",Nederland,Wind,Hour,UTC,Providing,Current,5666132,5666132,0.85952925682068,0,0
"2025-02-10 18:00:00","2025-02-10 19:00:00",Nederland,Wind,Hour,UTC,Providing,Current,5551835,5551835,0.84218549728394,0,0
"2025-02-10 19:00:00","2025-02-10 20:00:00",Nederland,Wind,Hour,UTC,Providing,Current,5684013,5684013,0.86223101615906,0,0
"2025-02-10 20:00:00","2025-02-10 21:00:00",Nederland,Wind,Hour,UTC,Providing,Current,5681966,5681966,0.86191499233246,0,0
"2025-02-10 21:00:00","2025-02-10 22:00:00",Nederland,Wind,Hour,UTC,Providing,Current,5490809,5490809,0.83291274309158,0,0
"2025-02-10 22:00:00","2025-02-10 23:00:00",Nederland,Wind,Hour,UTC,Providing,Current,5708832,5708832,0.86597973108292,0,0
"2025-02-10 23:00:00","2025-02-11 00:00:00",Nederland,Wind,Hour,UTC,Providing,Current,5860895,5860895,0.88904076814651,0,0
"2025-02-11 00:00:00","2025-02-11 01:00:00",Nederland,Wind,Hour,UTC,Providing,Current,5654146,5654146,0.85767376422882,0,0
"2025-02-11 01:00:00","2025-02-11 02:00:00",Nederland,Wind,Hour,UTC,Providing,Current,5247396,5247396,0.79596924781799,0,0
"2025-02-11 02:00:00","2025-02-11 03:00:00",Nederland,Wind,Hour,UTC,Providing,Current,5011235,5011235,0.76014125347137,0,0
"2025-02-11 03:00:00","2025-02-11 04:00:00",Nederland,Wind,Hour,UTC,Providing,Current,4834295,4834295,0.73329722881317,0,0
"2025-02-11 04:00:00","2025-02-11 05:00:00",Nederland,Wind,Hour,UTC,Providing,Current,4768086,4768086,0.72324973344803,0,0
"2025-02-11 05:00:00","2025-02-11 06:00:00",Nederland,Wind,Hour,UTC,Providing,Current,4563519,4563519,0.69221550226212,0,0
"2025-02-11 06:00:00","2025-02-11 07:00:00",Nederland,Wind,Hour,UTC,Providing,Current,4441731,4441731,0.6737380027771,0,0
"2025-02-11 07:00:00","2025-02-11 08:00:00",Nederland,Wind,Hour,UTC,Providing,Current,4376578,4376578,0.6638514995575,0,0
"2025-02-11 08:00:00","2025-02-11 09:00:00",Nederland,Wind,Hour,UTC,Providing,Current,4360172,4360172,0.66135847568512,0,0
"2025-02-11 09:00:00","2025-02-11 10:00:00",Nederland,Wind,Hour,UTC,Providing,Current,4175957,4175957,0.63341277837753,0,0
"2025-02-11 10:00:00","2025-02-11 11:00:00",Nederland,Wind,Hour,UTC,Providing,Current,3938916,3938916,0.59745424985886,0,0
"2025-02-11 11:00:00","2025-02-11 12:00:00",Nederland,Wind,Hour,UTC,Providing,Current,3511974,3511974,0.53269273042679,0,0
"2025-02-11 12:00:00","2025-02-11 13:00:00",Nederland,Wind,Hour,UTC,Providing,Current,3235793,3235793,0.49079874157906,0,0
"2025-02-11 13:00:00","2025-02-11 14:00:00",Nederland,Wind,Hour,UTC,Providing,Current,3168399,3168399,0.48057350516319,0,0
"2025-02-11 14:00:00","2025-02-11 15:00:00",Nederland,Wind,Hour,UTC,Providing,Current,2852615,2852615,0.43267351388931,0,0
"2025-02-11 15:00:00","2025-02-11 16:00:00",Nederland,Wind,Hour,UTC,Providing,Current,2566228,2566228,0.38923326134682,0,0
"2025-02-11 16:00:00","2025-02-11 17:00:00",Nederland,Wind,Hour,UTC,Providing,Current,2529982,2529982,0.38373324275017,0,0
"2025-02-11 17:00:00","2025-02-11 18:00:00",Nederland,Wind,Hour,UTC,Providing,Current,2333340,2333340,0.35390549898148,0,0
"2025-02-11 18:00:00","2025-02-11 19:00:00",Nederland,Wind,Hour,UTC,Providing,Current,2117151,2117151,0.32111325860023,0,0
"2025-02-11 19:00:00","2025-02-11 20:00:00",Nederland,Wind,Hour,UTC,Providing,Current,2006681,2006681,0.30435624718666,0,0
"2025-02-11 20:00:00","2025-02-11 21:00:00",Nederland,Wind,Hour,UTC,Providing,Current,1928692,1928692,0.29252550005913,0,0
"2025-02-11 21:00:00","2025-02-11 22:00:00",Nederland,Wind,Hour,UTC,Providing,Current,1811490,1811490,0.27474799752235,0,0
"2025-02-11 22:00:00","2025-02-11 23:00:00",Nederland,Wind,Hour,UTC,Providing,Current,1715020,1715020,0.26011449098587,0,0
"2025-02-11 23:00:00","2025-02-12 00:00:00",Nederland,Wind,Hour,UTC,Providing,Current,1485131,1485131,0.22524625062943,0,0
"2025-02-12 00:00:00","2025-02-12 01:00:00",Nederland,Wind,Hour,UTC,Providing,Current,1243591,1243591,0.18861125409603,0,0
"2025-02-12 01:00:00","2025-02-12 02:00:00",Nederland,Wind,Hour,UTC,Providing,Current,840833,840833,0.12752549350262,0,0
"2025-02-12 02:00:00","2025-02-12 03:00:00",Nederland,Wind,Hour,UTC,Providing,Current,740016,740016,0.11223474889994,0,0
"2025-02-12 03:00:00","2025-02-12 04:00:00",Nederland,Wind,Hour,UTC,Providing,Current,633511,633511,0.096080623567104,0,0
"2025-02-12 04:00:00","2025-02-12 05:00:00",Nederland,Wind,Hour,UTC,Providing,Current,520241,520241,0.078901298344135,0,0
"2025-02-12 05:00:00","2025-02-12 06:00:00",Nederland,Wind,Hour,UTC,Providing,Current,358214,358214,0.054327450692654,0,0
"2025-02-12 06:00:00","2025-02-12 07:00:00",Nederland,Wind,Hour,UTC,Providing,Current,432497,432497,0.06559295207262,0,0
"2025-02-12 07:00:00","2025-02-12 08:00:00",Nederland,Wind,Hour,UTC,Providing,Current,506145,506145,0.076761998236179,0,0
"2025-02-12 08:00:00","2025-02-12 09:00:00",Nederland,Wind,Hour,UTC,Providing,Current,491999,491999,0.074616149067879,0,0
"2025-02-12 09:00:00","2025-02-12 10:00:00",Nederland,Wind,Hour,UTC,Providing,Current,410745,410745,0.062292873859406,0,0
"2025-02-12 10:00:00","2025-02-12 11:00:00",Nederland,Wind,Hour,UTC,Providing,Current,350675,350675,0.053182426840067,0,0
"2025-02-12 11:00:00","2025-02-12 12:00:00",Nederland,Wind,Hour,UTC,Providing,Current,283204,283204,0.042949676513672,0,0
"2025-02-12 12:00:00","2025-02-12 13:00:00",Nederland,Wind,Hour,UTC,Providing,Current,284685,284685,0.043173998594284,0,0
"2025-02-12 13:00:00","2025-02-12 14:00:00",Nederland,Wind,Hour,UTC,Providing,Current,308298,308298,0.046754751354456,0,0
"2025-02-12 14:00:00","2025-02-12 15:00:00",Nederland,Wind,Hour,UTC,Providing,Current,347083,347083,0.052636325359344,0,0
"2025-02-12 15:00:00","2025-02-12 16:00:00",Nederland,Wind,Hour,UTC,Providing,Current,384290,384290,0.058278575539589,0,0
"2025-02-12 16:00:00","2025-02-12 17:00:00",Nederland,Wind,Hour,UTC,Providing,Current,376814,376814,0.057144474238157,0,0
"2025-02-12 17:00:00","2025-02-12 18:00:00",Nederland,Wind,Hour,UTC,Providing,Current,502395,502395,0.076188549399376,0,0
"2025-02-12 18:00:00","2025-02-12 19:00:00",Nederland,Wind,Hour,UTC,Providing,Current,404525,404525,0.061346098780632,0,0
"2025-02-12 19:00:00","2025-02-12 20:00:00",Nederland,Wind,Hour,UTC,Providing,Current,465692,465692,0.070621624588966,0,0
"2025-02-12 20:00:00","2025-02-12 21:00:00",Nederland,Wind,Hour,UTC,Providing,Current,591261,591261,0.089663326740265,0,0
"2025-02-12 21:00:00","2025-02-12 22:00:00",Nederland,Wind,Hour,UTC,Providing,Current,634464,634464,0.096214428544044,0,0
"2025-02-12 22:00:00","2025-02-12 23:00:00",Nederland,Wind,Hour,UTC,Providing,Current,736659,736659,0.1117110773921,0,0
"2025-02-12 23:00:00","2025-02-13 00:00:00",Nederland,Wind,Hour,UTC,Providing,Current,760584,760584,0.11533875018358,0,0
"2025-02-13 00:00:00","2025-02-13 01:00:00",Nederland,Wind,Hour,UTC,Providing,Current,974740,974740,0.14781324565411,0,0
"2025-02-13 01:00:00","2025-02-13 02:00:00",Nederland,Wind,Hour,UTC,Providing,Current,1063230,1063230,0.16123124957085,0,0
"2025-02-13 02:00:00","2025-02-13 03:00:00",Nederland,Wind,Hour,UTC,Providing,Current,1203718,1203718,0.18253450095654,0,0
"2025-02-13 03:00:00","2025-02-13 04:00:00",Nederland,Wind,Hour,UTC,Providing,Current,1452990,1452990,0.22033299505711,0,0
"2025-02-13 04:00:00","2025-02-13 05:00:00",Nederland,Wind,Hour,UTC,Providing,Current,1736883,1736883,0.26338151097298,0,0
"2025-02-13 05:00:00","2025-02-13 06:00:00",Nederland,Wind,Hour,UTC,Providing,Current,1953587,1953587,0.29624050855637,0,0
"2025-02-13 06:00:00","2025-02-13 07:00:00",Nederland,Wind,Hour,UTC,Providing,Current,2147555,2147555,0.32565200328827,0,0
"2025-02-13 07:00:00","2025-02-13 08:00:00",Nederland,Wind,Hour,UTC,Providing,Current,1960974,1960974,0.29735699295998,0,0
"2025-02-13 08:00:00","2025-02-13 09:00:00",Nederland,Wind,Hour,UTC,Providing,Current,1615137,1615137,0.24491375684738,0,0
"2025-02-13 09:00:00","2025-02-13 10:00:00",Nederland,Wind,Hour,UTC,Providing,Current,1279111,1279111,0.1939587444067,0,0
"2025-02-13 10:00:00","2025-02-13 11:00:00",Nederland,Wind,Hour,UTC,Providing,Current,1228022,1228022,0.18621075153351,0,0
"2025-02-13 11:00:00","2025-02-13 12:00:00",Nederland,Wind,Hour,UTC,Providing,Current,1469322,1469322,0.2227987498045,0,0
"2025-02-13 12:00:00","2025-02-13 13:00:00",Nederland,Wind,Hour,UTC,Providing,Current,1611814,1611814,0.24440374970436,0,0
"2025-02-13 13:00:00","2025-02-13 14:00:00",Nederland,Wind,Hour,UTC,Providing,Current,1277140,1277140,0.19365525245667,0,0
"2025-02-13 14:00:00","2025-02-13 15:00:00",Nederland,Wind,Hour,UTC,Providing,Current,1153344,1153344,0.17488250136375,0,0
"2025-02-13 15:00:00","2025-02-13 16:00:00",Nederland,Wind,Hour,UTC,Providing,Current,1113702,1113702,0.16887049376965,0,0
"2025-02-13 16:00:00","2025-02-13 17:00:00",Nederland,Wind,Hour,UTC,Providing,Current,1007212,1007212,0.1527227461338,0,0
"2025-02-13 17:00:00","2025-02-13 18:00:00",Nederland,Wind,Hour,UTC,Providing,Current,796853,796853,0.12082525342703,0,0
"2025-02-13 18:00:00","2025-02-13 19:00:00",Nederland,Wind,Hour,UTC,Providing,Current,465587,465587,0.070595622062683,0,0
"2025-02-13 19:00:00","2025-02-13 20:00:00",Nederland,Wind,Hour,UTC,Providing,Current,215776,215776,0.032717298716307,0,0
"2025-02-13 20:00:00","2025-02-13 21:00:00",Nederland,Wind,Hour,UTC,Providing,Current,92237,92237,0.013985457830131,0,0
"2025-02-13 21:00:00","2025-02-13 22:00:00",Nederland,Wind,Hour,UTC,Providing,Current,57690,57690,0.0087472097948194,0,0
"2025-02-13 22:00:00","2025-02-13 23:00:00",Nederland,Wind,Hour,UTC,Providing,Current,47273,47273,0.0071676950901747,0,0
"2025-02-13 23:00:00","2025-02-14 00:00:00",Nederland,Wind,Hour,UTC,Providing,Current,31731,31731,0.0048111299984157,0,0
"2025-02-14 00:00:00","2025-02-14 01:00:00",Nederland,Wind,Hour,UTC,Providing,Current,13585,13585,0.002059780061245,0,0
"2025-02-14 01:00:00","2025-02-14 02:00:00",Nederland,Wind,Hour,UTC,Providing,Current,0,0,0,0,0
"2025-02-14 02:00:00","2025-02-14 03:00:00",Nederland,Wind,Hour,UTC,Providing,Current,0,0,0,0,0
"2025-02-14 03:00:00","2025-02-14 04:00:00",Nederland,Wind,Hour,UTC,Providing,Current,0,0,0,0,0
"2025-02-14 04:00:00","2025-02-14 05:00:00",Nederland,Wind,Hour,UTC,Providing,Current,0,0,0,0,0
"2025-02-14 05:00:00","2025-02-14 06:00:00",Nederland,Wind,Hour,UTC,Providing,Current,0,0,0,0,0
"2025-02-14 06:00:00","2025-02-14 07:00:00",Nederland,Wind,Hour,UTC,Providing,Current,0,0,0,0,0
"2025-02-14 07:00:00","2025-02-14 08:00:00",Nederland,Wind,Hour,UTC,Providing,Current,0,0,0,0,0
"2025-02-14 08:00:00","2025-02-14 09:00:00",Nederland,Wind,Hour,UTC,Providing,Current,0,0,0,0,0
"2025-02-14 09:00:00","2025-02-14 10:00:00",Nederland,Wind,Hour,UTC,Providing,Current,10805,10805,0.0016381749883294,0,0
"2025-02-14 10:00:00","2025-02-14 11:00:00",Nederland,Wind,Hour,UTC,Providing,Current,75814,75814,0.01149432733655,0,0
"2025-02-14 11:00:00","2025-02-14 12:00:00",Nederland,Wind,Hour,UTC,Providing,Current,126200,126200,0.019133299589157,0,0
"2025-02-14 12:00:00","2025-02-14 13:00:00",Nederland,Wind,Hour,UTC,Providing,Current,160521,160521,0.024336624890566,0,0
"2025-02-14 13:00:00","2025-02-14 14:00:00",Nederland,Wind,Hour,UTC,Providing,Current,196392,196392,0.029774824157357,0,0
"2025-02-14 14:00:00","2025-02-14 15:00:00",Nederland,Wind,Hour,UTC,Providing,Current,217926,217926,0.033039376139641,0,0
"2025-02-14 15:00:00","2025-02-14 16:00:00",Nederland,Wind,Hour,UTC,Providing,Current,269864,269864,0.040913373231888,0,0
"2025-02-14 16:00:00","2025-02-14 17:00:00",Nederland,Wind,Hour,UTC,Providing,Current,281416,281416,0.042664475739002,0,0
"2025-02-14 17:00:00","2025-02-14 18:00:00",Nederland,Wind,Hour,UTC,Providing,Current,259402,259402,0.039326749742031,0,0
"2025-02-14 18:00:00","2025-02-14 19:00:00",Nederland,Wind,Hour,UTC,Providing,Current,202988,202988,0.030773900449276,0,0
"2025-02-14 19:00:00","2025-02-14 20:00:00",Nederland,Wind,Hour,UTC,Providing,Current,166843,166843,0.025293974205852,0,0
"2025-02-14 20:00:00","2025-02-14 21:00:00",Nederland,Wind,Hour,UTC,Providing,Current,125375,125375,0.019007174298167,0,0
"2025-02-14 21:00:00","2025-02-14 22:00:00",Nederland,Wind,Hour,UTC,Providing,Current,101689,101689,0.015416200272739,0,0
"2025-02-14 22:00:00","2025-02-14 23:00:00",Nederland,Wind,Hour,UTC,Providing,Current,114148,114148,0.017304949462414,0,0
"2025-02-14 23:00:00","2025-02-15 00:00:00",Nederland,Wind,Hour,UTC,Providing,Current,87313,87313,0.013236625120044,0,0
"2025-02-15 00:00:00","2025-02-15 01:00:00",Nederland,Wind,Hour,UTC,Providing,Current,116480,116480,0.017658224329352,0,0
"2025-02-15 01:00:00","2025-02-15 02:00:00",Nederland,Wind,Hour,UTC,Providing,Current,32503,32503,0.0049273874610662,0,0
"2025-02-15 02:00:00","2025-02-15 03:00:00",Nederland,Wind,Hour,UTC,Providing,Current,13156,13156,0.0019944123923779,0,0
"2025-02-15 03:00:00","2025-02-15 04:00:00",Nederland,Wind,Hour,UTC,Providing,Current,31804,31804,0.0048213573172688,0,0
"2025-02-15 04:00:00","2025-02-15 05:00:00",Nederland,Wind,Hour,UTC,Providing,Current,38231,38231,0.0057956324890256,0,0
"2025-02-15 05:00:00","2025-02-15 06:00:00",Nederland,Wind,Hour,UTC,Providing,Current,23646,23646,0.0035845974925905,0,0
"2025-02-15 06:00:00","2025-02-15 07:00:00",Nederland,Wind,Hour,UTC,Providing,Current,48450,48450,0.0073446873575449,0,0
"2025-02-15 07:00:00","2025-02-15 08:00:00",Nederland,Wind,Hour,UTC,Providing,Current,80812,80812,0.012250450439751,0,0
"2025-02-15 08:00:00","2025-02-15 09:00:00",Nederland,Wind,Hour,UTC,Providing,Current,82737,82737,0.012542225420475,0,0
"2025-02-15 09:00:00","2025-02-15 10:00:00",Nederland,Wind,Hour,UTC,Providing,Current,94159,94159,0.014273574575782,0,0
"2025-02-15 10:00:00","2025-02-15 11:00:00",Nederland,Wind,Hour,UTC,Providing,Current,148306,148306,0.022481625899673,0,0
"2025-02-15 11:00:00","2025-02-15 12:00:00",Nederland,Wind,Hour,UTC,Providing,Current,212469,212469,0.032207850366831,0,0
"2025-02-15 12:00:00","2025-02-15 13:00:00",Nederland,Wind,Hour,UTC,Providing,Current,244535,244535,0.037068475037813,0,0
"2025-02-15 13:00:00","2025-02-15 14:00:00",Nederland,Wind,Hour,UTC,Providing,Current,193761,193761,0.029371550306678,0,0
"2025-02-15 14:00:00","2025-02-15 15:00:00",Nederland,Wind,Hour,UTC,Providing,Current,192590,192590,0.029193874448538,0,0
"2025-02-15 15:00:00","2025-02-15 16:00:00",Nederland,Wind,Hour,UTC,Providing,Current,257454,257454,0.03902605175972,0,0
"2025-02-15 16:00:00","2025-02-15 17:00:00",Nederland,Wind,Hour,UTC,Providing,Current,215677,215677,0.032693151384592,0,0
"2025-02-15 17:00:00","2025-02-15 18:00:00",Nederland,Wind,Hour,UTC,Providing,Current,232252,232252,0.03520542383194,0,0
"2025-02-15 18:00:00","2025-02-15 19:00:00",Nederland,Wind,Hour,UTC,Providing,Current,232899,232899,0.035303276032209,0,0
"2025-02-15 19:00:00","2025-02-15 20:00:00",Nederland,Wind,Hour,UTC,Providing,Current,212268,212268,0.032175775617361,0,0
"2025-02-15 20:00:00","2025-02-15 21:00:00",Nederland,Wind,Hour,UTC,Providing,Current,256760,256760,0.038919676095247,0,0
"2025-02-15 21:00:00","2025-02-15 22:00:00",Nederland,Wind,Hour,UTC,Providing,Current,321294,321294,0.048701424151659,0,0
"2025-02-15 22:00:00","2025-02-15 23:00:00",Nederland,Wind,Hour,UTC,Providing,Current,481663,481663,0.073009550571442,0,0
"2025-02-15 23:00:00","2025-02-16 00:00:00",Nederland,Wind,Hour,UTC,Providing,Current,482438,482438,0.073126599192619,0,0
"2025-02-16 00:00:00","2025-02-16 01:00:00",Nederland,Wind,Hour,UTC,Providing,Current,551466,551466,0.083589121699333,0,0
"2025-02-16 01:00:00","2025-02-16 02:00:00",Nederland,Wind,Hour,UTC,Providing,Current,601273,601273,0.091138146817684,0,0
"2025-02-16 02:00:00","2025-02-16 03:00:00",Nederland,Wind,Hour,UTC,Providing,Current,683430,683430,0.10359039902687,0,0
"2025-02-16 03:00:00","2025-02-16 04:00:00",Nederland,Wind,Hour,UTC,Providing,Current,909715,909715,0.13788874447346,0,0
"2025-02-16 04:00:00","2025-02-16 05:00:00",Nederland,Wind,Hour,UTC,Providing,Current,826573,826573,0.12528574466705,0,0
"2025-02-16 05:00:00","2025-02-16 06:00:00",Nederland,Wind,Hour,UTC,Providing,Current,866862,866862,0.13139149546623,0,0
"2025-02-16 06:00:00","2025-02-16 07:00:00",Nederland,Wind,Hour,UTC,Providing,Current,1097118,1097118,0.16629074513912,0,0
"2025-02-16 07:00:00","2025-02-16 08:00:00",Nederland,Wind,Hour,UTC,Providing,Current,1403276,1403276,0.21269400417805,0,0
"2025-02-16 08:00:00","2025-02-16 09:00:00",Nederland,Wind,Hour,UTC,Providing,Current,1777682,1777682,0.26944100856781,0,0
"2025-02-16 09:00:00","2025-02-16 10:00:00",Nederland,Wind,Hour,UTC,Providing,Current,2402444,2402444,0.36413300037384,0,0
"2025-02-16 10:00:00","2025-02-16 11:00:00",Nederland,Wind,Hour,UTC,Providing,Current,2940191,2940191,0.44563525915146,0,0
"2025-02-16 11:00:00","2025-02-16 12:00:00",Nederland,Wind,Hour,UTC,Providing,Current,3390245,3390245,0.51384550333023,0,0
"2025-02-16 12:00:00","2025-02-16 13:00:00",Nederland,Wind,Hour,UTC,Providing,Current,3619346,3619346,0.54856598377228,0,0
"2025-02-16 13:00:00","2025-02-16 14:00:00",Nederland,Wind,Hour,UTC,Providing,Current,3814706,3814706,0.57817202806473,0,0
"2025-02-16 14:00:00","2025-02-16 15:00:00",Nederland,Wind,Hour,UTC,Providing,Current,3984512,3984512,0.60390472412109,0,0
"2025-02-16 15:00:00","2025-02-16 16:00:00",Nederland,Wind,Hour,UTC,Providing,Current,3814101,3814101,0.57807326316833,0,0
"2025-02-16 16:00:00","2025-02-16 17:00:00",Nederland,Wind,Hour,UTC,Providing,Current,3037777,3037777,0.46040898561478,0,0
"2025-02-16 17:00:00","2025-02-16 18:00:00",Nederland,Wind,Hour,UTC,Providing,Current,1907745,1907745,0.28913825750351,0,0
"2025-02-16 18:00:00","2025-02-16 19:00:00",Nederland,Wind,Hour,UTC,Providing,Current,1454150,1454150,0.22039000689983,0,0
"2025-02-16 19:00:00","2025-02-16 20:00:00",Nederland,Wind,Hour,UTC,Providing,Current,1480608,1480608,0.22439849376678,0,0
"2025-02-16 20:00:00","2025-02-16 21:00:00",Nederland,Wind,Hour,UTC,Providing,Current,1533977,1533977,0.2324855029583,0,0
"2025-02-16 21:00:00","2025-02-16 22:00:00",Nederland,Wind,Hour,UTC,Providing,Current,1426638,1426638,0.21621625125408,0,0
"2025-02-16 22:00:00","2025-02-16 23:00:00",Nederland,Wind,Hour,UTC,Providing,Current,1065239,1065239,0.16144299507141,0,0
"2025-02-16 23:00:00","2025-02-17 00:00:00",Nederland,Wind,Hour,UTC,Providing,Current,753026,753026,0.11412449926138,0,0
"2025-02-17 00:00:00","2025-02-17 01:00:00",Nederland,Wind,Hour,UTC,Providing,Current,666746,666746,0.10104777663946,0,0
"2025-02-17 01:00:00","2025-02-17 02:00:00",Nederland,Wind,Hour,UTC,Providing,Current,569293,569293,0.086277902126312,0,0
"2025-02-17 02:00:00","2025-02-17 03:00:00",Nederland,Wind,Hour,UTC,Providing,Current,637973,637973,0.096685975790024,0,0
"2025-02-17 03:00:00","2025-02-17 04:00:00",Nederland,Wind,Hour,UTC,Providing,Current,645384,645384,0.097808673977852,0,0
"2025-02-17 04:00:00","2025-02-17 05:00:00",Nederland,Wind,Hour,UTC,Providing,Current,557881,557881,0.08454679697752,0,0
"2025-02-17 05:00:00","2025-02-17 06:00:00",Nederland,Wind,Hour,UTC,Providing,Current,462338,462338,0.070066846907139,0,0
"2025-02-17 06:00:00","2025-02-17 07:00:00",Nederland,Wind,Hour,UTC,Providing,Current,365170,365170,0.055340774357319,0,0
"2025-02-17 07:00:00","2025-02-17 08:00:00",Nederland,Wind,Hour,UTC,Providing,Current,387390,387390,0.058707799762487,0,0
"2025-02-17 08:00:00","2025-02-17 09:00:00",Nederland,Wind,Hour,UTC,Providing,Current,542810,542810,0.082260727882385,0,0
"2025-02-17 09:00:00","2025-02-17 10:00:00",Nederland,Wind,Hour,UTC,Providing,Current,701837,701837,0.10635975003242,0,0
"2025-02-17 10:00:00","2025-02-17 11:00:00",Nederland,Wind,Hour,UTC,Providing,Current,531011,531011,0.080471649765968,0,0
"2025-02-17 11:00:00","2025-02-17 12:00:00",Nederland,Wind,Hour,UTC,Providing,Current,522327,522327,0.079155124723911,0,0
"2025-02-17 12:00:00","2025-02-17 13:00:00",Nederland,Wind,Hour,UTC,Providing,Current,913887,913887,0.13849249482155,0,0
"2025-02-17 13:00:00","2025-02-17 14:00:00",Nederland,Wind,Hour,UTC,Providing,Current,1350616,1350616,0.20467400550842,0,0
"2025-02-17 14:00:00","2025-02-17 15:00:00",Nederland,Wind,Hour,UTC,Providing,Current,1631431,1631431,0.24722799658775,0,0
"2025-02-17 15:00:00","2025-02-17 16:00:00",Nederland,Wind,Hour,UTC,Providing,Current,1597222,1597222,0.24204224348068,0,0
"2025-02-17 16:00:00","2025-02-17 17:00:00",Nederland,Wind,Hour,UTC,Providing,Current,1343953,1343953,0.20366075634956,0,0
"2025-02-17 17:00:00","2025-02-17 18:00:00",Nederland,Wind,Hour,UTC,Providing,Current,895268,895268,0.13566674292088,0,0
"2025-02-17 18:00:00","2025-02-17 19:00:00",Nederland,Wind,Hour,UTC,Providing,Current,714834,714834,0.10832349956036,0,0
"2025-02-17 19:00:00","2025-02-17 20:00:00",Nederland,Wind,Hour,UTC,Providing,Current,712750,712750,0.10800725221634,0,0
"2025-02-17 20:00:00","2025-02-17 21:00:00",Nederland,Wind,Hour,UTC,Providing,Current,775765,775765,0.11755525320768,0,0
"2025-02-17 21:00:00","2025-02-17 22:00:00",Nederland,Wind,Hour,UTC,Providing,Current,750002,750002,0.11365074664354,0,0
"2025-02-17 22:00:00","2025-02-17 23:00:00",Nederland,Wind,Hour,UTC,Providing,Current,823913,823913,0.12484999746084,0,0
"2025-02-17 23:00:00","2025-02-18 00:00:00",Nederland,Wind,Hour,UTC,Providing,Current,925338,925338,0.14021849632263,0,0
"2025-02-18 00:00:00","2025-02-18 01:00:00",Nederland,Wind,Hour,UTC,Providing,Current,1029509,1029509,0.15600274503231,0,0
"2025-02-18 01:00:00","2025-02-18 02:00:00",Nederland,Wind,Hour,UTC,Providing,Current,1027684,1027684,0.15572500228882,0,0
"2025-02-18 02:00:00","2025-02-18 03:00:00",Nederland,Wind,Hour,UTC,Providing,Current,965487,965487,0.14629949629307,0,0
"2025-02-18 03:00:00","2025-02-18 04:00:00",Nederland,Wind,Hour,UTC,Providing,Current,1195003,1195003,0.18107675015926,0,0
"2025-02-18 04:00:00","2025-02-18 05:00:00",Nederland,Wind,Hour,UTC,Providing,Current,1556142,1556142,0.23579800128937,0,0
"2025-02-18 05:00:00","2025-02-18 06:00:00",Nederland,Wind,Hour,UTC,Providing,Current,1627050,1627050,0.24654075503349,0,0
"2025-02-18 06:00:00","2025-02-18 07:00:00",Nederland,Wind,Hour,UTC,Providing,Current,1574570,1574570,0.23858724534512,0,0
"2025-02-18 07:00:00","2025-02-18 08:00:00",Nederland,Wind,Hour,UTC,Providing,Current,1276552,1276552,0.1934289932251,0,0
"2025-02-18 08:00:00","2025-02-18 09:00:00",Nederland,Wind,Hour,UTC,Providing,Current,1372607,1372607,0.20798200368881,0,0
"2025-02-18 09:00:00","2025-02-18 10:00:00",Nederland,Wind,Hour,UTC,Providing,Current,1892088,1892088,0.28669399023056,0,0
"2025-02-18 10:00:00","2025-02-18 11:00:00",Nederland,Wind,Hour,UTC,Providing,Current,2286444,2286444,0.34644550085068,0,0
"2025-02-18 11:00:00","2025-02-18 12:00:00",Nederland,Wind,Hour,UTC,Providing,Current,2647499,2647499,0.4011510014534,0,0
"2025-02-18 12:00:00","2025-02-18 13:00:00",Nederland,Wind,Hour,UTC,Providing,Current,2987262,2987262,0.4526289999485,0,0
"2025-02-18 13:00:00","2025-02-18 14:00:00",Nederland,Wind,Hour,UTC,Providing,Current,3586019,3586019,0.54334950447083,0,0
"2025-02-18 14:00:00","2025-02-18 15:00:00",Nederland,Wind,Hour,UTC,Providing,Current,3994867,3994867,0.60529351234436,0,0
"2025-02-18 15:00:00","2025-02-18 16:00:00",Nederland,Wind,Hour,UTC,Providing,Current,4051716,4051716,0.61390352249146,0,0
"2025-02-18 16:00:00","2025-02-18 17:00:00",Nederland,Wind,Hour,UTC,Providing,Current,3606388,3606388,0.54642552137375,0,0
"2025-02-18 17:00:00","2025-02-18 18:00:00",Nederland,Wind,Hour,UTC,Providing,Current,2924540,2924540,0.44311198592186,0,0
"2025-02-18 18:00:00","2025-02-18 19:00:00",Nederland,Wind,Hour,UTC,Providing,Current,2749719,2749719,0.41662123799324,0,0
"2025-02-18 19:00:00","2025-02-18 20:00:00",Nederland,Wind,Hour,UTC,Providing,Current,2974631,2974631,0.45069551467896,0,0
"2025-02-18 20:00:00","2025-02-18 21:00:00",Nederland,Wind,Hour,UTC,Providing,Current,3084258,3084258,0.46730273962021,0,0
"2025-02-18 21:00:00","2025-02-18 22:00:00",Nederland,Wind,Hour,UTC,Providing,Current,2995005,2995005,0.45377698540688,0,0
"2025-02-18 22:00:00","2025-02-18 23:00:00",Nederland,Wind,Hour,UTC,Providing,Current,2989017,2989017,0.45286700129509,0,0
"2025-02-18 23:00:00","2025-02-19 00:00:00",Nederland,Wind,Hour,UTC,Providing,Current,3109310,3109310,0.47108975052834,0,0
"2025-02-19 00:00:00","2025-02-19 01:00:00",Nederland,Wind,Hour,UTC,Providing,Current,3059691,3059691,0.46356925368309,0,0
"2025-02-19 01:00:00","2025-02-19 02:00:00",Nederland,Wind,Hour,UTC,Providing,Current,3266008,3266008,0.49482500553131,0,0
"2025-02-19 02:00:00","2025-02-19 03:00:00",Nederland,Wind,Hour,UTC,Providing,Current,3426743,3426743,0.51917427778244,0,0
"2025-02-19 03:00:00","2025-02-19 04:00:00",Nederland,Wind,Hour,UTC,Providing,Current,3422378,3422378,0.51850950717926,0,0
"2025-02-19 04:00:00","2025-02-19 05:00:00",Nederland,Wind,Hour,UTC,Providing,Current,3508078,3508078,0.53149026632309,0,0
"2025-02-19 05:00:00","2025-02-19 06:00:00",Nederland,Wind,Hour,UTC,Providing,Current,3472575,3472575,0.5261082649231,0,0
"2025-02-19 06:00:00","2025-02-19 07:00:00",Nederland,Wind,Hour,UTC,Providing,Current,3219122,3219122,0.48770600557327,0,0
"2025-02-19 07:00:00","2025-02-19 08:00:00",Nederland,Wind,Hour,UTC,Providing,Current,3480358,3480358,0.52728074789047,0,0
"2025-02-19 08:00:00","2025-02-19 09:00:00",Nederland,Wind,Hour,UTC,Providing,Current,3902824,3902824,0.59128147363663,0,0
"2025-02-19 09:00:00","2025-02-19 10:00:00",Nederland,Wind,Hour,UTC,Providing,Current,4423498,4423498,0.6701597571373,0,0
"2025-02-19 10:00:00","2025-02-19 11:00:00",Nederland,Wind,Hour,UTC,Providing,Current,4640747,4640747,0.70306873321533,0,0
"2025-02-19 11:00:00","2025-02-19 12:00:00",Nederland,Wind,Hour,UTC,Providing,Current,4631151,4631151,0.70161074399948,0,0
"2025-02-19 12:00:00","2025-02-19 13:00:00",Nederland,Wind,Hour,UTC,Providing,Current,4463297,4463297,0.67617672681808,0,0
"2025-02-19 13:00:00","2025-02-19 14:00:00",Nederland,Wind,Hour,UTC,Providing,Current,4328234,4328234,0.6557109951973,0,0
"2025-02-19 14:00:00","2025-02-19 15:00:00",Nederland,Wind,Hour,UTC,Providing,Current,3771180,3771180,0.57131600379944,0,0
"2025-02-19 15:00:00","2025-02-19 16:00:00",Nederland,Wind,Hour,UTC,Providing,Current,2822026,2822026,0.42752125859261,0,0
"2025-02-19 16:00:00","2025-02-19 17:00:00",Nederland,Wind,Hour,UTC,Providing,Current,2147145,2147145,0.3252782523632,0,0
"2025-02-19 17:00:00","2025-02-19 18:00:00",Nederland,Wind,Hour,UTC,Providing,Current,1535876,1535876,0.23267349600792,0,0
"2025-02-19 18:00:00","2025-02-19 19:00:00",Nederland,Wind,Hour,UTC,Providing,Current,1464161,1464161,0.22180800139904,0,0
"2025-02-19 19:00:00","2025-02-19 20:00:00",Nederland,Wind,Hour,UTC,Providing,Current,1529963,1529963,0.23177500069141,0,0
"2025-02-19 20:00:00","2025-02-19 21:00:00",Nederland,Wind,Hour,UTC,Providing,Current,1622099,1622099,0.2457309961319,0,0
"2025-02-19 21:00:00","2025-02-19 22:00:00",Nederland,Wind,Hour,UTC,Providing,Current,1607768,1607768,0.2435584962368,0,0
"2025-02-19 22:00:00","2025-02-19 23:00:00",Nederland,Wind,Hour,UTC,Providing,Current,1464641,1464641,0.22187499701977,0,0
"2025-02-19 23:00:00","2025-02-20 00:00:00",Nederland,Wind,Hour,UTC,Providing,Current,1399833,1399833,0.21205624938011,0,0
"2025-02-20 00:00:00","2025-02-20 01:00:00",Nederland,Wind,Hour,UTC,Providing,Current,1033289,1033289,0.15652875602245,0,0
"2025-02-20 01:00:00","2025-02-20 02:00:00",Nederland,Wind,Hour,UTC,Providing,Current,996713,996713,0.1509869992733,0,0
"2025-02-20 02:00:00","2025-02-20 03:00:00",Nederland,Wind,Hour,UTC,Providing,Current,1191245,1191245,0.18045425415039,0,0
"2025-02-20 03:00:00","2025-02-20 04:00:00",Nederland,Wind,Hour,UTC,Providing,Current,1090624,1090624,0.16521100699902,0,0
"2025-02-20 04:00:00","2025-02-20 05:00:00",Nederland,Wind,Hour,UTC,Providing,Current,1149681,1149681,0.17415624856949,0,0
"2025-02-20 05:00:00","2025-02-20 06:00:00",Nederland,Wind,Hour,UTC,Providing,Current,1452233,1452233,0.21998600661755,0,0
"2025-02-20 06:00:00","2025-02-20 07:00:00",Nederland,Wind,Hour,UTC,Providing,Current,1486086,1486086,0.22511249780655,0,0
"2025-02-20 07:00:00","2025-02-20 08:00:00",Nederland,Wind,Hour,UTC,Providing,Current,1212563,1212563,0.18367825448513,0,0
"2025-02-20 08:00:00","2025-02-20 09:00:00",Nederland,Wind,Hour,UTC,Providing,Current,1394346,1394346,0.21121349930763,0,0
"2025-02-20 09:00:00","2025-02-20 10:00:00",Nederland,Wind,Hour,UTC,Providing,Current,1715322,1715322,0.25983273983002,0,0
"2025-02-20 10:00:00","2025-02-20 11:00:00",Nederland,Wind,Hour,UTC,Providing,Current,2060576,2060576,0.31212875247002,0,0
"2025-02-20 11:00:00","2025-02-20 12:00:00",Nederland,Wind,Hour,UTC,Providing,Current,2434535,2434535,0.36877250671387,0,0
"2025-02-20 12:00:00","2025-02-20 13:00:00",Nederland,Wind,Hour,UTC,Providing,Current,2636579,2636579,0.39937475323677,0,0
"2025-02-20 13:00:00","2025-02-20 14:00:00",Nederland,Wind,Hour,UTC,Providing,Current,2708005,2708005,0.41019150614738,0,0
"2025-02-20 14:00:00","2025-02-20 15:00:00",Nederland,Wind,Hour,UTC,Providing,Current,2589669,2589669,0.39226424694061,0,0
"2025-02-20 15:00:00","2025-02-20 16:00:00",Nederland,Wind,Hour,UTC,Providing,Current,2716910,2716910,0.41153499484062,0,0
"2025-02-20 16:00:00","2025-02-20 17:00:00",Nederland,Wind,Hour,UTC,Providing,Current,2860756,2860756,0.43332099914551,0,0
"2025-02-20 17:00:00","2025-02-20 18:00:00",Nederland,Wind,Hour,UTC,Providing,Current,2997811,2997811,0.45407798886299,0,0
"2025-02-20 18:00:00","2025-02-20 19:00:00",Nederland,Wind,Hour,UTC,Providing,Current,3164092,3164092,0.4792614877224,0,0
"2025-02-20 19:00:00","2025-02-20 20:00:00",Nederland,Wind,Hour,UTC,Providing,Current,3117231,3117231,0.47216099500656,0,0
"2025-02-20 20:00:00","2025-02-20 21:00:00",Nederland,Wind,Hour,UTC,Providing,Current,2834713,2834713,0.4293657541275,0,0
"2025-02-20 21:00:00","2025-02-20 22:00:00",Nederland,Wind,Hour,UTC,Providing,Current,3125554,3125554,0.47341576218605,0,0
"2025-02-20 22:00:00","2025-02-20 23:00:00",Nederland,Wind,Hour,UTC,Providing,Current,3138831,3138831,0.47542375326157,0,0
"2025-02-20 23:00:00","2025-02-21 00:00:00",Nederland,Wind,Hour,UTC,Providing,Current,3287098,3287098,0.49787774682045,0,0
"2025-02-21 00:00:00","2025-02-21 01:00:00",Nederland,Wind,Hour,UTC,Providing,Current,3164175,3164175,0.47925674915314,0,0
"2025-02-21 01:00:00","2025-02-21 02:00:00",Nederland,Wind,Hour,UTC,Providing,Current,2594314,2594314,0.39294075965881,0,0
"2025-02-21 02:00:00","2025-02-21 03:00:00",Nederland,Wind,Hour,UTC,Providing,Current,1960983,1960983,0.29701325297356,0,0
"2025-02-21 03:00:00","2025-02-21 04:00:00",Nederland,Wind,Hour,UTC,Providing,Current,1724692,1724692,0.2612227499485,0,0
"2025-02-21 04:00:00","2025-02-21 05:00:00",Nederland,Wind,Hour,UTC,Providing,Current,1601942,1601942,0.24262949824333,0,0
"2025-02-21 05:00:00","2025-02-21 06:00:00",Nederland,Wind,Hour,UTC,Providing,Current,1504834,1504834,0.2279202491045,0,0
"2025-02-21 06:00:00","2025-02-21 07:00:00",Nederland,Wind,Hour,UTC,Providing,Current,1535269,1535269,0.23252825438976,0,0
"2025-02-21 07:00:00","2025-02-21 08:00:00",Nederland,Wind,Hour,UTC,Providing,Current,1568837,1568837,0.23761075735092,0,0
"2025-02-21 08:00:00","2025-02-21 09:00:00",Nederland,Wind,Hour,UTC,Providing,Current,2136894,2136894,0.32364475727081,0,0
"2025-02-21 09:00:00","2025-02-21 10:00:00",Nederland,Wind,Hour,UTC,Providing,Current,3016998,3016998,0.45693901181221,0,0
"2025-02-21 10:00:00","2025-02-21 11:00:00",Nederland,Wind,Hour,UTC,Providing,Current,3649350,3649350,0.55270826816559,0,0
"2025-02-21 11:00:00","2025-02-21 12:00:00",Nederland,Wind,Hour,UTC,Providing,Current,4222798,4222798,0.63955527544022,0,0
"2025-02-21 12:00:00","2025-02-21 13:00:00",Nederland,Wind,Hour,UTC,Providing,Current,4803959,4803959,0.72756922245026,0,0
"2025-02-21 13:00:00","2025-02-21 14:00:00",Nederland,Wind,Hour,UTC,Providing,Current,5068657,5068657,0.76765352487564,0,0
"2025-02-21 14:00:00","2025-02-21 15:00:00",Nederland,Wind,Hour,UTC,Providing,Current,4528690,4528690,0.68587076663971,0,0
"2025-02-21 15:00:00","2025-02-21 16:00:00",Nederland,Wind,Hour,UTC,Providing,Current,4072507,4072507,0.61677801609039,0,0
"2025-02-21 16:00:00","2025-02-21 17:00:00",Nederland,Wind,Hour,UTC,Providing,Current,3692852,3692852,0.5592759847641,0,0
"2025-02-21 17:00:00","2025-02-21 18:00:00",Nederland,Wind,Hour,UTC,Providing,Current,3054107,3054107,0.46253624558449,0,0
"2025-02-21 18:00:00","2025-02-21 19:00:00",Nederland,Wind,Hour,UTC,Providing,Current,2870416,2870416,0.43471425771713,0,0
"2025-02-21 19:00:00","2025-02-21 20:00:00",Nederland,Wind,Hour,UTC,Providing,Current,3248125,3248125,0.49191349744797,0,0
"2025-02-21 20:00:00","2025-02-21 21:00:00",Nederland,Wind,Hour,UTC,Providing,Current,3354791,3354791,0.50806474685669,0,0
"2025-02-21 21:00:00","2025-02-21 22:00:00",Nederland,Wind,Hour,UTC,Providing,Current,2795345,2795345,0.42333701252937,0,0
"2025-02-21 22:00:00","2025-02-21 23:00:00",Nederland,Wind,Hour,UTC,Providing,Current,2392427,2392427,0.36231550574303,0,0
"2025-02-21 23:00:00","2025-02-22 00:00:00",Nederland,Wind,Hour,UTC,Providing,Current,1951537,1951537,0.29554423689842,0,0
"2025-02-22 00:00:00","2025-02-22 01:00:00",Nederland,Wind,Hour,UTC,Providing,Current,1905508,1905508,0.28857150673866,0,0
"2025-02-22 01:00:00","2025-02-22 02:00:00",Nederland,Wind,Hour,UTC,Providing,Current,1893776,1893776,0.28679299354553,0,0
"2025-02-22 02:00:00","2025-02-22 03:00:00",Nederland,Wind,Hour,UTC,Providing,Current,1906875,1906875,0.28877499699593,0,0
"2025-02-22 03:00:00","2025-02-22 04:00:00",Nederland,Wind,Hour,UTC,Providing,Current,2028079,2028079,0.30712774395943,0,0
"2025-02-22 04:00:00","2025-02-22 05:00:00",Nederland,Wind,Hour,UTC,Providing,Current,2038991,2038991,0.30877900123596,0,0
"2025-02-22 05:00:00","2025-02-22 06:00:00",Nederland,Wind,Hour,UTC,Providing,Current,2059159,2059159,0.31183099746704,0,0
"2025-02-22 06:00:00","2025-02-22 07:00:00",Nederland,Wind,Hour,UTC,Providing,Current,2295580,2295580,0.34763124585152,0,0
"2025-02-22 07:00:00","2025-02-22 08:00:00",Nederland,Wind,Hour,UTC,Providing,Current,2526523,2526523,0.38260200619698,0,0
"2025-02-22 08:00:00","2025-02-22 09:00:00",Nederland,Wind,Hour,UTC,Providing,Current,2845365,2845365,0.43088299036026,0,0
"2025-02-22 09:00:00","2025-02-22 10:00:00",Nederland,Wind,Hour,UTC,Providing,Current,3029938,3029938,0.45883050560951,0,0
"2025-02-22 10:00:00","2025-02-22 11:00:00",Nederland,Wind,Hour,UTC,Providing,Current,3033887,3033887,0.45942574739456,0,0
"2025-02-22 11:00:00","2025-02-22 12:00:00",Nederland,Wind,Hour,UTC,Providing,Current,3024972,3024972,0.45807299017906,0,0
"2025-02-22 12:00:00","2025-02-22 13:00:00",Nederland,Wind,Hour,UTC,Providing,Current,2959932,2959932,0.44822123646736,0,0
"2025-02-22 13:00:00","2025-02-22 14:00:00",Nederland,Wind,Hour,UTC,Providing,Current,2892092,2892092,0.43794548511505,0,0
"2025-02-22 14:00:00","2025-02-22 15:00:00",Nederland,Wind,Hour,UTC,Providing,Current,2628762,2628762,0.39806723594666,0,0
"2025-02-22 15:00:00","2025-02-22 16:00:00",Nederland,Wind,Hour,UTC,Providing,Current,2401082,2401082,0.36358800530434,0,0
"2025-02-22 16:00:00","2025-02-22 17:00:00",Nederland,Wind,Hour,UTC,Providing,Current,1921718,1921718,0.29099750518799,0,0
"2025-02-22 17:00:00","2025-02-22 18:00:00",Nederland,Wind,Hour,UTC,Providing,Current,1596923,1596923,0.2418134957552,0,0
"2025-02-22 18:00:00","2025-02-22 19:00:00",Nederland,Wind,Hour,UTC,Providing,Current,1576997,1576997,0.23879474401474,0,0
"2025-02-22 19:00:00","2025-02-22 20:00:00",Nederland,Wind,Hour,UTC,Providing,Current,1320407,1320407,0.19993974268436,0,0
"2025-02-22 20:00:00","2025-02-22 21:00:00",Nederland,Wind,Hour,UTC,Providing,Current,1231757,1231757,0.18651500344276,0,0
"2025-02-22 21:00:00","2025-02-22 22:00:00",Nederland,Wind,Hour,UTC,Providing,Current,1298821,1298821,0.19666874408722,0,0
"2025-02-22 22:00:00","2025-02-22 23:00:00",Nederland,Wind,Hour,UTC,Providing,Current,1152388,1152388,0.17449474334717,0,0
"2025-02-22 23:00:00","2025-02-23 00:00:00",Nederland,Wind,Hour,UTC,Providing,Current,1019505,1019505,0.15437249839306,0,0
"2025-02-23 00:00:00","2025-02-23 01:00:00",Nederland,Wind,Hour,UTC,Providing,Current,1199101,1199101,0.18156549334526,0,0
"2025-02-23 01:00:00","2025-02-23 02:00:00",Nederland,Wind,Hour,UTC,Providing,Current,1328539,1328539,0.20116375386715,0,0
"2025-02-23 02:00:00","2025-02-23 03:00:00",Nederland,Wind,Hour,UTC,Providing,Current,1711433,1711433,0.25913900136948,0,0
"2025-02-23 03:00:00","2025-02-23 04:00:00",Nederland,Wind,Hour,UTC,Providing,Current,1722161,1722161,0.26076173782349,0,0
"2025-02-23 04:00:00","2025-02-23 05:00:00",Nederland,Wind,Hour,UTC,Providing,Current,1605154,1605154,0.24304349720478,0,0
"2025-02-23 05:00:00","2025-02-23 06:00:00",Nederland,Wind,Hour,UTC,Providing,Current,1558209,1558209,0.23593375086784,0,0
"2025-02-23 06:00:00","2025-02-23 07:00:00",Nederland,Wind,Hour,UTC,Providing,Current,2010876,2010876,0.30447176098824,0,0
"2025-02-23 07:00:00","2025-02-23 08:00:00",Nederland,Wind,Hour,UTC,Providing,Current,1953869,1953869,0.29583850502968,0,0
"2025-02-23 08:00:00","2025-02-23 09:00:00",Nederland,Wind,Hour,UTC,Providing,Current,2346916,2346916,0.35534799098969,0,0
"2025-02-23 09:00:00","2025-02-23 10:00:00",Nederland,Wind,Hour,UTC,Providing,Current,3000272,3000272,0.45427051186562,0,0
"2025-02-23 10:00:00","2025-02-23 11:00:00",Nederland,Wind,Hour,UTC,Providing,Current,3655427,3655427,0.5534639954567,0,0
"2025-02-23 11:00:00","2025-02-23 12:00:00",Nederland,Wind,Hour,UTC,Providing,Current,3825220,3825220,0.57916849851608,0,0
"2025-02-23 12:00:00","2025-02-23 13:00:00",Nederland,Wind,Hour,UTC,Providing,Current,4339949,4339949,0.6570982336998,0,0
"2025-02-23 13:00:00","2025-02-23 14:00:00",Nederland,Wind,Hour,UTC,Providing,Current,4717605,4717605,0.71427327394485,0,0
"2025-02-23 14:00:00","2025-02-23 15:00:00",Nederland,Wind,Hour,UTC,Providing,Current,4816001,4816001,0.72916674613953,0,0
"2025-02-23 15:00:00","2025-02-23 16:00:00",Nederland,Wind,Hour,UTC,Providing,Current,4266255,4266255,0.64592826366425,0,0
"2025-02-23 16:00:00","2025-02-23 17:00:00",Nederland,Wind,Hour,UTC,Providing,Current,3332644,3332644,0.50457274913788,0,0
"2025-02-23 17:00:00","2025-02-23 18:00:00",Nederland,Wind,Hour,UTC,Providing,Current,2697866,2697866,0.40846276283264,0,0
"2025-02-23 18:00:00","2025-02-23 19:00:00",Nederland,Wind,Hour,UTC,Providing,Current,2664266,2664266,0.40337300300598,0,0
"2025-02-23 19:00:00","2025-02-23 20:00:00",Nederland,Wind,Hour,UTC,Providing,Current,3286633,3286633,0.49759748578072,0,0
"2025-02-23 20:00:00","2025-02-23 21:00:00",Nederland,Wind,Hour,UTC,Providing,Current,4115209,4115209,0.62304025888443,0,0
"2025-02-23 21:00:00","2025-02-23 22:00:00",Nederland,Wind,Hour,UTC,Providing,Current,4792185,4792185,0.72552925348282,0,0
"2025-02-23 22:00:00","2025-02-23 23:00:00",Nederland,Wind,Hour,UTC,Providing,Current,5028632,5028632,0.76132225990295,0,0
"2025-02-23 23:00:00","2025-02-24 00:00:00",Nederland,Wind,Hour,UTC,Providing,Current,5003057,5003057,0.7574457526207,0,0
"2025-02-24 00:00:00","2025-02-24 01:00:00",Nederland,Wind,Hour,UTC,Providing,Current,5069030,5069030,0.76742899417877,0,0
"2025-02-24 01:00:00","2025-02-24 02:00:00",Nederland,Wind,Hour,UTC,Providing,Current,5236233,5236233,0.79273772239685,0,0
"2025-02-24 02:00:00","2025-02-24 03:00:00",Nederland,Wind,Hour,UTC,Providing,Current,5225973,5225973,0.79117977619171,0,0
"2025-02-24 03:00:00","2025-02-24 04:00:00",Nederland,Wind,Hour,UTC,Providing,Current,5302253,5302253,0.80272299051285,0,0
"2025-02-24 04:00:00","2025-02-24 05:00:00",Nederland,Wind,Hour,UTC,Providing,Current,5303347,5303347,0.80288374423981,0,0
"2025-02-24 05:00:00","2025-02-24 06:00:00",Nederland,Wind,Hour,UTC,Providing,Current,5182690,5182690,0.78461223840714,0,0
"2025-02-24 06:00:00","2025-02-24 07:00:00",Nederland,Wind,Hour,UTC,Providing,Current,5204474,5204474,0.78790551424026,0,0
"2025-02-24 07:00:00","2025-02-24 08:00:00",Nederland,Wind,Hour,UTC,Providing,Current,5391823,5391823,0.8162630200386,0,0
"2025-02-24 08:00:00","2025-02-24 09:00:00",Nederland,Wind,Hour,UTC,Providing,Current,5592810,5592810,0.84668499231339,0,0
"2025-02-24 09:00:00","2025-02-24 10:00:00",Nederland,Wind,Hour,UTC,Providing,Current,5799767,5799767,0.87801027297974,0,0
"2025-02-24 10:00:00","2025-02-24 11:00:00",Nederland,Wind,Hour,UTC,Providing,Current,5972853,5972853,0.90420824289322,0,0
"2025-02-24 11:00:00","2025-02-24 12:00:00",Nederland,Wind,Hour,UTC,Providing,Current,6114916,6114916,0.92570847272873,0,0
"2025-02-24 12:00:00","2025-02-24 13:00:00",Nederland,Wind,Hour,UTC,Providing,Current,6036177,6036177,0.91378277540207,0,0
"2025-02-24 13:00:00","2025-02-24 14:00:00",Nederland,Wind,Hour,UTC,Providing,Current,5930728,5930728,0.897813975811,0,0
"2025-02-24 14:00:00","2025-02-24 15:00:00",Nederland,Wind,Hour,UTC,Providing,Current,5848557,5848557,0.88536924123764,0,0
"2025-02-24 15:00:00","2025-02-24 16:00:00",Nederland,Wind,Hour,UTC,Providing,Current,5659755,5659755,0.85678273439407,0,0
"2025-02-24 16:00:00","2025-02-24 17:00:00",Nederland,Wind,Hour,UTC,Providing,Current,5095561,5095561,0.77136951684952,0,0
"2025-02-24 17:00:00","2025-02-24 18:00:00",Nederland,Wind,Hour,UTC,Providing,Current,4243518,4243518,0.64238250255585,0,0
"2025-02-24 18:00:00","2025-02-24 19:00:00",Nederland,Wind,Hour,UTC,Providing,Current,3776257,3776257,0.5716450214386,0,0
"2025-02-24 19:00:00","2025-02-24 20:00:00",Nederland,Wind,Hour,UTC,Providing,Current,3595018,3595018,0.54420572519302,0,0
"2025-02-24 20:00:00","2025-02-24 21:00:00",Nederland,Wind,Hour,UTC,Providing,Current,3333939,3333939,0.50468122959137,0,0
"2025-02-24 21:00:00","2025-02-24 22:00:00",Nederland,Wind,Hour,UTC,Providing,Current,3205643,3205643,0.48525750637054,0,0
"2025-02-24 22:00:00","2025-02-24 23:00:00",Nederland,Wind,Hour,UTC,Providing,Current,2972276,2972276,0.44992825388908,0,0
"2025-02-24 23:00:00","2025-02-25 00:00:00",Nederland,Wind,Hour,UTC,Providing,Current,2578613,2578613,0.39033499360085,0,0
"2025-02-25 00:00:00","2025-02-25 01:00:00",Nederland,Wind,Hour,UTC,Providing,Current,2082959,2082959,0.31530374288559,0,0
"2025-02-25 01:00:00","2025-02-25 02:00:00",Nederland,Wind,Hour,UTC,Providing,Current,1871810,1871810,0.28334000706673,0,0
"2025-02-25 02:00:00","2025-02-25 03:00:00",Nederland,Wind,Hour,UTC,Providing,Current,1536918,1536918,0.23264500498772,0,0
"2025-02-25 03:00:00","2025-02-25 04:00:00",Nederland,Wind,Hour,UTC,Providing,Current,1410024,1410024,0.21343599259853,0,0
"2025-02-25 04:00:00","2025-02-25 05:00:00",Nederland,Wind,Hour,UTC,Providing,Current,1134671,1134671,0.17175425589085,0,0
"2025-02-25 05:00:00","2025-02-25 06:00:00",Nederland,Wind,Hour,UTC,Providing,Current,849712,849712,0.12861974537373,0,0
"2025-02-25 06:00:00","2025-02-25 07:00:00",Nederland,Wind,Hour,UTC,Providing,Current,892147,892147,0.13504199683666,0,0
"2025-02-25 07:00:00","2025-02-25 08:00:00",Nederland,Wind,Hour,UTC,Providing,Current,1021388,1021388,0.15460374951363,0,0
"2025-02-25 08:00:00","2025-02-25 09:00:00",Nederland,Wind,Hour,UTC,Providing,Current,1176266,1176266,0.17804600298405,0,0
"2025-02-25 09:00:00","2025-02-25 10:00:00",Nederland,Wind,Hour,UTC,Providing,Current,1268284,1268284,0.19197325408459,0,0
"2025-02-25 10:00:00","2025-02-25 11:00:00",Nederland,Wind,Hour,UTC,Providing,Current,1223595,1223595,0.18520799279213,0,0
"2025-02-25 11:00:00","2025-02-25 12:00:00",Nederland,Wind,Hour,UTC,Providing,Current,1132149,1132149,0.17136499285698,0,0
"2025-02-25 12:00:00","2025-02-25 13:00:00",Nederland,Wind,Hour,UTC,Providing,Current,1011303,1011303,0.15307274460793,0,0
"2025-02-25 13:00:00","2025-02-25 14:00:00",Nederland,Wind,Hour,UTC,Providing,Current,608841,608841,0.092154823243618,0,0
"2025-02-25 14:00:00","2025-02-25 15:00:00",Nederland,Wind,Hour,UTC,Providing,Current,287984,287984,0.043589249253273,0,0
"2025-02-25 15:00:00","2025-02-25 16:00:00",Nederland,Wind,Hour,UTC,Providing,Current,188371,188371,0.02851165086031,0,0
"2025-02-25 16:00:00","2025-02-25 17:00:00",Nederland,Wind,Hour,UTC,Providing,Current,207803,207803,0.031452674418688,0,0
"2025-02-25 17:00:00","2025-02-25 18:00:00",Nederland,Wind,Hour,UTC,Providing,Current,161501,161501,0.024444349110126,0,0
"2025-02-25 18:00:00","2025-02-25 19:00:00",Nederland,Wind,Hour,UTC,Providing,Current,142397,142397,0.021552674472332,0,0
"2025-02-25 19:00:00","2025-02-25 20:00:00",Nederland,Wind,Hour,UTC,Providing,Current,213579,213579,0.032326299697161,0,0
"2025-02-25 20:00:00","2025-02-25 21:00:00",Nederland,Wind,Hour,UTC,Providing,Current,405104,405104,0.061314225196838,0,0
"2025-02-25 21:00:00","2025-02-25 22:00:00",Nederland,Wind,Hour,UTC,Providing,Current,344506,344506,0.052142150700092,0,0
"2025-02-25 22:00:00","2025-02-25 23:00:00",Nederland,Wind,Hour,UTC,Providing,Current,334116,334116,0.050569273531437,0,0
"2025-02-25 23:00:00","2025-02-26 00:00:00",Nederland,Wind,Hour,UTC,Providing,Current,316820,316820,0.047951199114323,0,0
"2025-02-26 00:00:00","2025-02-26 01:00:00",Nederland,Wind,Hour,UTC,Providing,Current,275683,275683,0.041724774986506,0,0
"2025-02-26 01:00:00","2025-02-26 02:00:00",Nederland,Wind,Hour,UTC,Providing,Current,307919,307919,0.046603426337242,0,0
"2025-02-26 02:00:00","2025-02-26 03:00:00",Nederland,Wind,Hour,UTC,Providing,Current,275265,275265,0.041661001741886,0,0
"2025-02-26 03:00:00","2025-02-26 04:00:00",Nederland,Wind,Hour,UTC,Providing,Current,173463,173463,0.026253249496222,0,0
"2025-02-26 04:00:00","2025-02-26 05:00:00",Nederland,Wind,Hour,UTC,Providing,Current,161001,161001,0.02436700090766,0,0
"2025-02-26 05:00:00","2025-02-26 06:00:00",Nederland,Wind,Hour,UTC,Providing,Current,179987,179987,0.027240274474025,0,0
"2025-02-26 06:00:00","2025-02-26 07:00:00",Nederland,Wind,Hour,UTC,Providing,Current,215394,215394,0.032598774880171,0,0
"2025-02-26 07:00:00","2025-02-26 08:00:00",Nederland,Wind,Hour,UTC,Providing,Current,139829,139829,0.021162249147892,0,0
"2025-02-26 08:00:00","2025-02-26 09:00:00",Nederland,Wind,Hour,UTC,Providing,Current,249291,249291,0.037728451192379,0,0
"2025-02-26 09:00:00","2025-02-26 10:00:00",Nederland,Wind,Hour,UTC,Providing,Current,556467,556467,0.084216877818108,0,0
"2025-02-26 10:00:00","2025-02-26 11:00:00",Nederland,Wind,Hour,UTC,Providing,Current,1123701,1123701,0.17006200551987,0,0
"2025-02-26 11:00:00","2025-02-26 12:00:00",Nederland,Wind,Hour,UTC,Providing,Current,1720481,1720481,0.26037800312042,0,0
"2025-02-26 12:00:00","2025-02-26 13:00:00",Nederland,Wind,Hour,UTC,Providing,Current,2505243,2505243,0.37914150953293,0,0
"2025-02-26 13:00:00","2025-02-26 14:00:00",Nederland,Wind,Hour,UTC,Providing,Current,2915230,2915230,0.44118574261665,0,0
"2025-02-26 14:00:00","2025-02-26 15:00:00",Nederland,Wind,Hour,UTC,Providing,Current,3068487,3068487,0.46437698602676,0,0
"2025-02-26 15:00:00","2025-02-26 16:00:00",Nederland,Wind,Hour,UTC,Providing,Current,2985628,2985628,0.45183449983597,0,0
"2025-02-26 16:00:00","2025-02-26 17:00:00",Nederland,Wind,Hour,UTC,Providing,Current,2281116,2281116,0.34521400928497,0,0
"2025-02-26 17:00:00","2025-02-26 18:00:00",Nederland,Wind,Hour,UTC,Providing,Current,1903361,1903361,0.28804451227188,0,0
"2025-02-26 18:00:00","2025-02-26 19:00:00",Nederland,Wind,Hour,UTC,Providing,Current,2391992,2391992,0.36198899149895,0,0
"2025-02-26 19:00:00","2025-02-26 20:00:00",Nederland,Wind,Hour,UTC,Providing,Current,3062205,3062205,0.46341198682785,0,0
"2025-02-26 20:00:00","2025-02-26 21:00:00",Nederland,Wind,Hour,UTC,Providing,Current,3323801,3323801,0.50299674272537,0,0
"2025-02-26 21:00:00","2025-02-26 22:00:00",Nederland,Wind,Hour,UTC,Providing,Current,3556523,3556523,0.53821152448654,0,0
"2025-02-26 22:00:00","2025-02-26 23:00:00",Nederland,Wind,Hour,UTC,Providing,Current,3673824,3673824,0.55595922470093,0,0
"2025-02-26 23:00:00","2025-02-27 00:00:00",Nederland,Wind,Hour,UTC,Providing,Current,3127115,3127115,0.47322300076485,0,0
"2025-02-27 00:00:00","2025-02-27 01:00:00",Nederland,Wind,Hour,UTC,Providing,Current,2395675,2395675,0.36253276467323,0,0
"2025-02-27 01:00:00","2025-02-27 02:00:00",Nederland,Wind,Hour,UTC,Providing,Current,1788001,1788001,0.27057299017906,0,0
"2025-02-27 02:00:00","2025-02-27 03:00:00",Nederland,Wind,Hour,UTC,Providing,Current,1488213,1488213,0.22520549595356,0,0
"2025-02-27 03:00:00","2025-02-27 04:00:00",Nederland,Wind,Hour,UTC,Providing,Current,1470993,1470993,0.22259849309921,0,0
"2025-02-27 04:00:00","2025-02-27 05:00:00",Nederland,Wind,Hour,UTC,Providing,Current,1267584,1267584,0.19181625545025,0,0
"2025-02-27 05:00:00","2025-02-27 06:00:00",Nederland,Wind,Hour,UTC,Providing,Current,1275538,1275538,0.19301849603653,0,0
"2025-02-27 06:00:00","2025-02-27 07:00:00",Nederland,Wind,Hour,UTC,Providing,Current,1173829,1173829,0.1776267439127,0,0
"2025-02-27 07:00:00","2025-02-27 08:00:00",Nederland,Wind,Hour,UTC,Providing,Current,890698,890698,0.13478174805641,0,0
"2025-02-27 08:00:00","2025-02-27 09:00:00",Nederland,Wind,Hour,UTC,Providing,Current,876476,876476,0.13262900710106,0,0
"2025-02-27 09:00:00","2025-02-27 10:00:00",Nederland,Wind,Hour,UTC,Providing,Current,1294826,1294826,0.19593225419521,0,0
"2025-02-27 10:00:00","2025-02-27 11:00:00",Nederland,Wind,Hour,UTC,Providing,Current,2173848,2173848,0.32894375920296,0,0
"2025-02-27 11:00:00","2025-02-27 12:00:00",Nederland,Wind,Hour,UTC,Providing,Current,2704125,2704125,0.40918225049973,0,0
"2025-02-27 12:00:00","2025-02-27 13:00:00",Nederland,Wind,Hour,UTC,Providing,Current,2522082,2522082,0.38163325190544,0,0
"2025-02-27 13:00:00","2025-02-27 14:00:00",Nederland,Wind,Hour,UTC,Providing,Current,2187394,2187394,0.33098724484444,0,0
"2025-02-27 14:00:00","2025-02-27 15:00:00",Nederland,Wind,Hour,UTC,Providing,Current,2225774,2225774,0.33679273724556,0,0
"2025-02-27 15:00:00","2025-02-27 16:00:00",Nederland,Wind,Hour,UTC,Providing,Current,1738027,1738027,0.26298776268959,0,0
"2025-02-27 16:00:00","2025-02-27 17:00:00",Nederland,Wind,Hour,UTC,Providing,Current,1246007,1246007,0.1885370016098,0,0
"2025-02-27 17:00:00","2025-02-27 18:00:00",Nederland,Wind,Hour,UTC,Providing,Current,1170565,1170565,0.17712099850178,0,0
"2025-02-27 18:00:00","2025-02-27 19:00:00",Nederland,Wind,Hour,UTC,Providing,Current,1237667,1237667,0.18727275729179,0,0
"2025-02-27 19:00:00","2025-02-27 20:00:00",Nederland,Wind,Hour,UTC,Providing,Current,1431182,1431182,0.21655249595642,0,0
"2025-02-27 20:00:00","2025-02-27 21:00:00",Nederland,Wind,Hour,UTC,Providing,Current,1510655,1510655,0.22857575118542,0,0
"2025-02-27 21:00:00","2025-02-27 22:00:00",Nederland,Wind,Hour,UTC,Providing,Current,1751975,1751975,0.2650882601738,0,0
"2025-02-27 22:00:00","2025-02-27 23:00:00",Nederland,Wind,Hour,UTC,Providing,Current,1946331,1946331,0.29449424147606,0,0
"2025-02-27 23:00:00","2025-02-28 00:00:00",Nederland,Wind,Hour,UTC,Providing,Current,1601330,1601330,0.24229174852371,0,0
"2025-02-28 00:00:00","2025-02-28 01:00:00",Nederland,Wind,Hour,UTC,Providing,Current,1775621,1775621,0.26866126060486,0,0
"2025-02-28 01:00:00","2025-02-28 02:00:00",Nederland,Wind,Hour,UTC,Providing,Current,1960481,1960481,0.29662975668907,0,0
"2025-02-28 02:00:00","2025-02-28 03:00:00",Nederland,Wind,Hour,UTC,Providing,Current,1984752,1984752,0.30030000209808,0,0
"2025-02-28 03:00:00","2025-02-28 04:00:00",Nederland,Wind,Hour,UTC,Providing,Current,1943081,1943081,0.29399326443672,0,0
"2025-02-28 04:00:00","2025-02-28 05:00:00",Nederland,Wind,Hour,UTC,Providing,Current,1776902,1776902,0.26884850859642,0,0
"2025-02-28 05:00:00","2025-02-28 06:00:00",Nederland,Wind,Hour,UTC,Providing,Current,1039511,1039511,0.15727899968624,0,0
"2025-02-28 06:00:00","2025-02-28 07:00:00",Nederland,Wind,Hour,UTC,Providing,Current,819545,819545,0.12399700284004,0,0
"2025-02-28 07:00:00","2025-02-28 08:00:00",Nederland,Wind,Hour,UTC,Providing,Current,1127597,1127597,0.17060400545597,0,0
"2025-02-28 08:00:00","2025-02-28 09:00:00",Nederland,Wind,Hour,UTC,Providing,Current,1368955,1368955,0.20712000131607,0,0
"2025-02-28 09:00:00","2025-02-28 10:00:00",Nederland,Wind,Hour,UTC,Providing,Current,2264275,2264275,0.34257826209068,0,0
"2025-02-28 10:00:00","2025-02-28 11:00:00",Nederland,Wind,Hour,UTC,Providing,Current,2458359,2458359,0.3719402551651,0,0
"2025-02-28 11:00:00","2025-02-28 12:00:00",Nederland,Wind,Hour,UTC,Providing,Current,2220640,2220640,0.3359722495079,0,0
"2025-02-28 12:00:00","2025-02-28 13:00:00",Nederland,Wind,Hour,UTC,Providing,Current,2276364,2276364,0.34440076351166,0,0
"2025-02-28 13:00:00","2025-02-28 14:00:00",Nederland,Wind,Hour,UTC,Providing,Current,2227044,2227044,0.33693674206734,0,0
"2025-02-28 14:00:00","2025-02-28 15:00:00",Nederland,Wind,Hour,UTC,Providing,Current,2037172,2037172,0.30820849537849,0,0
"2025-02-28 15:00:00","2025-02-28 16:00:00",Nederland,Wind,Hour,UTC,Providing,Current,1765165,1765165,0.26705449819565,0,0
"2025-02-28 16:00:00","2025-02-28 17:00:00",Nederland,Wind,Hour,UTC,Providing,Current,1244680,1244680,0.18830825388432,0,0
"2025-02-28 17:00:00","2025-02-28 18:00:00",Nederland,Wind,Hour,UTC,Providing,Current,693789,693789,0.10496304929256,0,0
"2025-02-28 18:00:00","2025-02-28 19:00:00",Nederland,Wind,Hour,UTC,Providing,Current,427496,427496,0.0646753013134,0,0
"2025-02-28 19:00:00","2025-02-28 20:00:00",Nederland,Wind,Hour,UTC,Providing,Current,263829,263829,0.039914075285196,0,0
"2025-02-28 20:00:00","2025-02-28 21:00:00",Nederland,Wind,Hour,UTC,Providing,Current,213954,213954,0.032368376851082,0,0
"2025-02-28 21:00:00","2025-02-28 22:00:00",Nederland,Wind,Hour,UTC,Providing,Current,280617,280617,0.042453348636627,0,0
"2025-02-28 22:00:00","2025-02-28 23:00:00",Nederland,Wind,Hour,UTC,Providing,Current,201534,201534,0.030489075928926,0,0
"2025-02-28 23:00:00","2025-03-01 00:00:00",Nederland,Wind,Hour,UTC,Providing,Current,108543,108543,0.016420800238848,0,0
"2025-03-01 00:00:00","2025-03-01 01:00:00",Nederland,Wind,Hour,UTC,Providing,Current,56898,56898,0.0086076995357871,0,0
"2025-03-01 01:00:00","2025-03-01 02:00:00",Nederland,Wind,Hour,UTC,Providing,Current,63933,63933,0.0096719097346067,0,0
"2025-03-01 02:00:00","2025-03-01 03:00:00",Nederland,Wind,Hour,UTC,Providing,Current,76774,76774,0.011614450253546,0,0
"2025-03-01 03:00:00","2025-03-01 04:00:00",Nederland,Wind,Hour,UTC,Providing,Current,80744,80744,0.012214959599078,0,0
"2025-03-01 04:00:00","2025-03-01 05:00:00",Nederland,Wind,Hour,UTC,Providing,Current,58311,58311,0.0088212424889207,0,0
"2025-03-01 05:00:00","2025-03-01 06:00:00",Nederland,Wind,Hour,UTC,Providing,Current,20827,20827,0.0031506745144725,0,0
"2025-03-01 06:00:00","2025-03-01 07:00:00",Nederland,Wind,Hour,UTC,Providing,Current,15079,15079,0.0022811100352556,0,0
"2025-03-01 07:00:00","2025-03-01 08:00:00",Nederland,Wind,Hour,UTC,Providing,Current,3436,3436,0.00051978748524562,0,0
"2025-03-01 08:00:00","2025-03-01 09:00:00",Nederland,Wind,Hour,UTC,Providing,Current,58036,58036,0.0087794177234173,0,0
"2025-03-01 09:00:00","2025-03-01 10:00:00",Nederland,Wind,Hour,UTC,Providing,Current,412562,412562,0.062410101294518,0,0
"2025-03-01 10:00:00","2025-03-01 11:00:00",Nederland,Wind,Hour,UTC,Providing,Current,712615,712615,0.10779985040426,0,0
"2025-03-01 11:00:00","2025-03-01 12:00:00",Nederland,Wind,Hour,UTC,Providing,Current,819912,819912,0.12403000146151,0,0
"2025-03-01 12:00:00","2025-03-01 13:00:00",Nederland,Wind,Hour,UTC,Providing,Current,742046,742046,0.11225075274706,0,0
"2025-03-01 13:00:00","2025-03-01 14:00:00",Nederland,Wind,Hour,UTC,Providing,Current,502305,502305,0.075984098017216,0,0
"2025-03-01 14:00:00","2025-03-01 15:00:00",Nederland,Wind,Hour,UTC,Providing,Current,370678,370678,0.056072451174259,0,0
"2025-03-01 15:00:00","2025-03-01 16:00:00",Nederland,Wind,Hour,UTC,Providing,Current,308964,308964,0.046736650168896,0,0
"2025-03-01 16:00:00","2025-03-01 17:00:00",Nederland,Wind,Hour,UTC,Providing,Current,289743,289743,0.043828848749399,0,0
"2025-03-01 17:00:00","2025-03-01 18:00:00",Nederland,Wind,Hour,UTC,Providing,Current,159781,159781,0.024169599637389,0,0
"2025-03-01 18:00:00","2025-03-01 19:00:00",Nederland,Wind,Hour,UTC,Providing,Current,48157,48157,0.0072845201939344,0,0
"2025-03-01 19:00:00","2025-03-01 20:00:00",Nederland,Wind,Hour,UTC,Providing,Current,27676,27676,0.0041864216327667,0,0
"2025-03-01 20:00:00","2025-03-01 21:00:00",Nederland,Wind,Hour,UTC,Providing,Current,0,0,0,0,0
"2025-03-01 21:00:00","2025-03-01 22:00:00",Nederland,Wind,Hour,UTC,Providing,Current,0,0,0,0,0
"2025-03-01 22:00:00","2025-03-01 23:00:00",Nederland,Wind,Hour,UTC,Providing,Current,0,0,0,0,0
"2025-03-01 23:00:00","2025-03-02 00:00:00",Nederland,Wind,Hour,UTC,Providing,Current,0,0,0,0,0
"2025-03-02 00:00:00","2025-03-02 01:00:00",Nederland,Wind,Hour,UTC,Providing,Current,0,0,0,0,0
"2025-03-02 01:00:00","2025-03-02 02:00:00",Nederland,Wind,Hour,UTC,Providing,Current,0,0,0,0,0
"2025-03-02 02:00:00","2025-03-02 03:00:00",Nederland,Wind,Hour,UTC,Providing,Current,0,0,0,0,0
"2025-03-02 03:00:00","2025-03-02 04:00:00",Nederland,Wind,Hour,UTC,Providing,Current,3037,3037,0.00045936749665998,0,0
"2025-03-02 04:00:00","2025-03-02 05:00:00",Nederland,Wind,Hour,UTC,Providing,Current,24081,24081,0.0036424126010388,0,0
"2025-03-02 05:00:00","2025-03-02 06:00:00",Nederland,Wind,Hour,UTC,Providing,Current,39647,39647,0.0059968372806907,0,0
"2025-03-02 06:00:00","2025-03-02 07:00:00",Nederland,Wind,Hour,UTC,Providing,Current,58957,58957,0.008917530067265,0,0
"2025-03-02 07:00:00","2025-03-02 08:00:00",Nederland,Wind,Hour,UTC,Providing,Current,68765,68765,0.010400962084532,0,0
"2025-03-02 08:00:00","2025-03-02 09:00:00",Nederland,Wind,Hour,UTC,Providing,Current,122870,122870,0.01858445070684,0,0
"2025-03-02 09:00:00","2025-03-02 10:00:00",Nederland,Wind,Hour,UTC,Providing,Current,223831,223831,0.033854901790619,0,0
"2025-03-02 10:00:00","2025-03-02 11:00:00",Nederland,Wind,Hour,UTC,Providing,Current,373100,373100,0.056431774049997,0,0
"2025-03-02 11:00:00","2025-03-02 12:00:00",Nederland,Wind,Hour,UTC,Providing,Current,460316,460316,0.069622874259949,0,0
"2025-03-02 12:00:00","2025-03-02 13:00:00",Nederland,Wind,Hour,UTC,Providing,Current,389894,389894,0.058971174061298,0,0
"2025-03-02 13:00:00","2025-03-02 14:00:00",Nederland,Wind,Hour,UTC,Providing,Current,317494,317494,0.048020426183939,0,0
"2025-03-02 14:00:00","2025-03-02 15:00:00",Nederland,Wind,Hour,UTC,Providing,Current,339747,339747,0.051385849714279,0,0
"2025-03-02 15:00:00","2025-03-02 16:00:00",Nederland,Wind,Hour,UTC,Providing,Current,322109,322109,0.048717848956585,0,0
"2025-03-02 16:00:00","2025-03-02 17:00:00",Nederland,Wind,Hour,UTC,Providing,Current,253078,253078,0.038276899605989,0,0
"2025-03-02 17:00:00","2025-03-02 18:00:00",Nederland,Wind,Hour,UTC,Providing,Current,128494,128494,0.019434025511146,0,0
"2025-03-02 18:00:00","2025-03-02 19:00:00",Nederland,Wind,Hour,UTC,Providing,Current,66783,66783,0.010100495070219,0,0
"2025-03-02 19:00:00","2025-03-02 20:00:00",Nederland,Wind,Hour,UTC,Providing,Current,61813,61813,0.0093487473204732,0,0
"2025-03-02 20:00:00","2025-03-02 21:00:00",Nederland,Wind,Hour,UTC,Providing,Current,34922,34922,0.0052816648967564,0,0
"2025-03-02 21:00:00","2025-03-02 22:00:00",Nederland,Wind,Hour,UTC,Providing,Current,45978,45978,0.0069537498056889,0,0
"2025-03-02 22:00:00","2025-03-02 23:00:00",Nederland,Wind,Hour,UTC,Providing,Current,51691,51691,0.0078177396208048,0,0
"2025-03-02 23:00:00","2025-03-03 00:00:00",Nederland,Wind,Hour,UTC,Providing,Current,46800,46800,0.0070779798552394,0,0
"2025-03-03 00:00:00","2025-03-03 01:00:00",Nederland,Wind,Hour,UTC,Providing,Current,69754,69754,0.010549454949796,0,0
"2025-03-03 01:00:00","2025-03-03 02:00:00",Nederland,Wind,Hour,UTC,Providing,Current,75781,75781,0.011460900306702,0,0
"2025-03-03 02:00:00","2025-03-03 03:00:00",Nederland,Wind,Hour,UTC,Providing,Current,56923,56923,0.0086088078096509,0,0
"2025-03-03 03:00:00","2025-03-03 04:00:00",Nederland,Wind,Hour,UTC,Providing,Current,145128,145128,0.021948449313641,0,0
"2025-03-03 04:00:00","2025-03-03 05:00:00",Nederland,Wind,Hour,UTC,Providing,Current,175786,175786,0.026584850624204,0,0
"2025-03-03 05:00:00","2025-03-03 06:00:00",Nederland,Wind,Hour,UTC,Providing,Current,140549,140549,0.021255699917674,0,0
"2025-03-03 06:00:00","2025-03-03 07:00:00",Nederland,Wind,Hour,UTC,Providing,Current,74680,74680,0.011294024996459,0,0
"2025-03-03 07:00:00","2025-03-03 08:00:00",Nederland,Wind,Hour,UTC,Providing,Current,89286,89286,0.013502850197256,0,0
"2025-03-03 08:00:00","2025-03-03 09:00:00",Nederland,Wind,Hour,UTC,Providing,Current,113804,113804,0.017210625112057,0,0
"2025-03-03 09:00:00","2025-03-03 10:00:00",Nederland,Wind,Hour,UTC,Providing,Current,224512,224512,0.033952850848436,0,0
"2025-03-03 10:00:00","2025-03-03 11:00:00",Nederland,Wind,Hour,UTC,Providing,Current,346740,346740,0.052436973899603,0,0
"2025-03-03 11:00:00","2025-03-03 12:00:00",Nederland,Wind,Hour,UTC,Providing,Current,472262,472262,0.071419097483158,0,0
"2025-03-03 12:00:00","2025-03-03 13:00:00",Nederland,Wind,Hour,UTC,Providing,Current,555769,555769,0.084047123789787,0,0
"2025-03-03 13:00:00","2025-03-03 14:00:00",Nederland,Wind,Hour,UTC,Providing,Current,635150,635150,0.096051074564457,0,0
"2025-03-03 14:00:00","2025-03-03 15:00:00",Nederland,Wind,Hour,UTC,Providing,Current,618272,618272,0.093498103320599,0,0
"2025-03-03 15:00:00","2025-03-03 16:00:00",Nederland,Wind,Hour,UTC,Providing,Current,482798,482798,0.073010623455048,0,0
"2025-03-03 16:00:00","2025-03-03 17:00:00",Nederland,Wind,Hour,UTC,Providing,Current,273207,273207,0.041315201669931,0,0
"2025-03-03 17:00:00","2025-03-03 18:00:00",Nederland,Wind,Hour,UTC,Providing,Current,78439,78439,0.011861705221236,0,0
"2025-03-03 18:00:00","2025-03-03 19:00:00",Nederland,Wind,Hour,UTC,Providing,Current,29269,29269,0.0044260923750699,0,0
"2025-03-03 19:00:00","2025-03-03 20:00:00",Nederland,Wind,Hour,UTC,Providing,Current,29183,29183,0.0044130547903478,0,0
"2025-03-03 20:00:00","2025-03-03 21:00:00",Nederland,Wind,Hour,UTC,Providing,Current,42908,42908,0.0064885122701526,0,0
"2025-03-03 21:00:00","2025-03-03 22:00:00",Nederland,Wind,Hour,UTC,Providing,Current,63119,63119,0.0095447571948171,0,0
"2025-03-03 22:00:00","2025-03-03 23:00:00",Nederland,Wind,Hour,UTC,Providing,Current,57943,57943,0.0087619870901108,0,0
"2025-03-03 23:00:00","2025-03-04 00:00:00",Nederland,Wind,Hour,UTC,Providing,Current,59619,59619,0.0090153701603413,0,0
"2025-03-04 00:00:00","2025-03-04 01:00:00",Nederland,Wind,Hour,UTC,Providing,Current,58548,58548,0.0088533647358418,0,0
"2025-03-04 01:00:00","2025-03-04 02:00:00",Nederland,Wind,Hour,UTC,Providing,Current,38774,38774,0.0058631948195398,0,0
"2025-03-04 02:00:00","2025-03-04 03:00:00",Nederland,Wind,Hour,UTC,Providing,Current,42911,42911,0.0064887274056673,0,0
"2025-03-04 03:00:00","2025-03-04 04:00:00",Nederland,Wind,Hour,UTC,Providing,Current,48228,48228,0.0072926823049784,0,0
"2025-03-04 04:00:00","2025-03-04 05:00:00",Nederland,Wind,Hour,UTC,Providing,Current,144494,144494,0.021849175915122,0,0
"2025-03-04 05:00:00","2025-03-04 06:00:00",Nederland,Wind,Hour,UTC,Providing,Current,182266,182266,0.027560574933887,0,0
"2025-03-04 06:00:00","2025-03-04 07:00:00",Nederland,Wind,Hour,UTC,Providing,Current,176316,176316,0.026660725474358,0,0
"2025-03-04 07:00:00","2025-03-04 08:00:00",Nederland,Wind,Hour,UTC,Providing,Current,275231,275231,0.041617400944233,0,0
"2025-03-04 08:00:00","2025-03-04 09:00:00",Nederland,Wind,Hour,UTC,Providing,Current,346393,346393,0.052377376705408,0,0
"2025-03-04 09:00:00","2025-03-04 10:00:00",Nederland,Wind,Hour,UTC,Providing,Current,390988,390988,0.059120126068592,0,0
"2025-03-04 10:00:00","2025-03-04 11:00:00",Nederland,Wind,Hour,UTC,Providing,Current,591761,591761,0.089477799832821,0,0
"2025-03-04 11:00:00","2025-03-04 12:00:00",Nederland,Wind,Hour,UTC,Providing,Current,855845,855845,0.12940825521946,0,0
"2025-03-04 12:00:00","2025-03-04 13:00:00",Nederland,Wind,Hour,UTC,Providing,Current,1023993,1023993,0.15483224391937,0,0
"2025-03-04 13:00:00","2025-03-04 14:00:00",Nederland,Wind,Hour,UTC,Providing,Current,1074784,1074784,0.16251100599766,0,0
"2025-03-04 14:00:00","2025-03-04 15:00:00",Nederland,Wind,Hour,UTC,Providing,Current,884717,884717,0.13377125561237,0,0
"2025-03-04 15:00:00","2025-03-04 16:00:00",Nederland,Wind,Hour,UTC,Providing,Current,636331,636331,0.096214100718498,0,0
"2025-03-04 16:00:00","2025-03-04 17:00:00",Nederland,Wind,Hour,UTC,Providing,Current,614240,614240,0.092873401939869,0,0
"2025-03-04 17:00:00","2025-03-04 18:00:00",Nederland,Wind,Hour,UTC,Providing,Current,620763,620763,0.093859098851681,0,0
"2025-03-04 18:00:00","2025-03-04 19:00:00",Nederland,Wind,Hour,UTC,Providing,Current,358769,358769,0.054245375096798,0,0
"2025-03-04 19:00:00","2025-03-04 20:00:00",Nederland,Wind,Hour,UTC,Providing,Current,198246,198246,0.029974350705743,0,0
"2025-03-04 20:00:00","2025-03-04 21:00:00",Nederland,Wind,Hour,UTC,Providing,Current,141568,141568,0.021404625847936,0,0
"2025-03-04 21:00:00","2025-03-04 22:00:00",Nederland,Wind,Hour,UTC,Providing,Current,158008,158008,0.02389015071094,0,0
"2025-03-04 22:00:00","2025-03-04 23:00:00",Nederland,Wind,Hour,UTC,Providing,Current,271296,271296,0.041018575429916,0,0
"2025-03-04 23:00:00","2025-03-05 00:00:00",Nederland,Wind,Hour,UTC,Providing,Current,551673,551673,0.083409622311592,0,0
"2025-03-05 00:00:00","2025-03-05 01:00:00",Nederland,Wind,Hour,UTC,Providing,Current,908921,908921,0.13742250204086,0,0
"2025-03-05 01:00:00","2025-03-05 02:00:00",Nederland,Wind,Hour,UTC,Providing,Current,887296,887296,0.13415250182152,0,0
"2025-03-05 02:00:00","2025-03-05 03:00:00",Nederland,Wind,Hour,UTC,Providing,Current,634275,634275,0.095896773040295,0,0
"2025-03-05 03:00:00","2025-03-05 04:00:00",Nederland,Wind,Hour,UTC,Providing,Current,866528,866528,0.13101075589657,0,0
"2025-03-05 04:00:00","2025-03-05 05:00:00",Nederland,Wind,Hour,UTC,Providing,Current,967214,967214,0.14623199403286,0,0
"2025-03-05 05:00:00","2025-03-05 06:00:00",Nederland,Wind,Hour,UTC,Providing,Current,884157,884157,0.133674249053,0,0
"2025-03-05 06:00:00","2025-03-05 07:00:00",Nederland,Wind,Hour,UTC,Providing,Current,987331,987331,0.14927199482918,0,0
"2025-03-05 07:00:00","2025-03-05 08:00:00",Nederland,Wind,Hour,UTC,Providing,Current,1206253,1206253,0.18236899375916,0,0
"2025-03-05 08:00:00","2025-03-05 09:00:00",Nederland,Wind,Hour,UTC,Providing,Current,1585729,1585729,0.23973925411701,0,0
"2025-03-05 09:00:00","2025-03-05 10:00:00",Nederland,Wind,Hour,UTC,Providing,Current,1620755,1620755,0.24503299593925,0,0
"2025-03-05 10:00:00","2025-03-05 11:00:00",Nederland,Wind,Hour,UTC,Providing,Current,1396346,1396346,0.2111044973135,0,0
"2025-03-05 11:00:00","2025-03-05 12:00:00",Nederland,Wind,Hour,UTC,Providing,Current,1206859,1206859,0.18245625495911,0,0
"2025-03-05 12:00:00","2025-03-05 13:00:00",Nederland,Wind,Hour,UTC,Providing,Current,1050056,1050056,0.15874925255775,0,0
"2025-03-05 13:00:00","2025-03-05 14:00:00",Nederland,Wind,Hour,UTC,Providing,Current,883995,883995,0.13364325463772,0,0
"2025-03-05 14:00:00","2025-03-05 15:00:00",Nederland,Wind,Hour,UTC,Providing,Current,796147,796147,0.12036149948835,0,0
"2025-03-05 15:00:00","2025-03-05 16:00:00",Nederland,Wind,Hour,UTC,Providing,Current,731335,731335,0.11056250333786,0,0
"2025-03-05 16:00:00","2025-03-05 17:00:00",Nederland,Wind,Hour,UTC,Providing,Current,689438,689438,0.10422749817371,0,0
"2025-03-05 17:00:00","2025-03-05 18:00:00",Nederland,Wind,Hour,UTC,Providing,Current,640617,640617,0.096846602857113,0,0
"2025-03-05 18:00:00","2025-03-05 19:00:00",Nederland,Wind,Hour,UTC,Providing,Current,621013,621013,0.093882322311401,0,0
"2025-03-05 19:00:00","2025-03-05 20:00:00",Nederland,Wind,Hour,UTC,Providing,Current,559109,559109,0.084523424506187,0,0
"2025-03-05 20:00:00","2025-03-05 21:00:00",Nederland,Wind,Hour,UTC,Providing,Current,319756,319756,0.048338875174522,0,0
"2025-03-05 21:00:00","2025-03-05 22:00:00",Nederland,Wind,Hour,UTC,Providing,Current,330474,330474,0.049958825111389,0,0
"2025-03-05 22:00:00","2025-03-05 23:00:00",Nederland,Wind,Hour,UTC,Providing,Current,362325,362325,0.054773524403572,0,0
"2025-03-05 23:00:00","2025-03-06 00:00:00",Nederland,Wind,Hour,UTC,Providing,Current,354615,354615,0.053607676178217,0,0
"2025-03-06 00:00:00","2025-03-06 01:00:00",Nederland,Wind,Hour,UTC,Providing,Current,291016,291016,0.043993026018143,0,0
"2025-03-06 01:00:00","2025-03-06 02:00:00",Nederland,Wind,Hour,UTC,Providing,Current,245701,245701,0.037142500281334,0,0
"2025-03-06 02:00:00","2025-03-06 03:00:00",Nederland,Wind,Hour,UTC,Providing,Current,229860,229860,0.03474760055542,0,0
"2025-03-06 03:00:00","2025-03-06 04:00:00",Nederland,Wind,Hour,UTC,Providing,Current,203706,203706,0.030793799087405,0,0
"2025-03-06 04:00:00","2025-03-06 05:00:00",Nederland,Wind,Hour,UTC,Providing,Current,234258,234258,0.035412024706602,0,0
"2025-03-06 05:00:00","2025-03-06 06:00:00",Nederland,Wind,Hour,UTC,Providing,Current,316022,316022,0.047771725803614,0,0
"2025-03-06 06:00:00","2025-03-06 07:00:00",Nederland,Wind,Hour,UTC,Providing,Current,333870,333870,0.050469398498535,0,0
"2025-03-06 07:00:00","2025-03-06 08:00:00",Nederland,Wind,Hour,UTC,Providing,Current,354523,354523,0.053591076284647,0,0
"2025-03-06 08:00:00","2025-03-06 09:00:00",Nederland,Wind,Hour,UTC,Providing,Current,414267,414267,0.062621846795082,0,0
"2025-03-06 09:00:00","2025-03-06 10:00:00",Nederland,Wind,Hour,UTC,Providing,Current,605021,605021,0.091456227004528,0,0
"2025-03-06 10:00:00","2025-03-06 11:00:00",Nederland,Wind,Hour,UTC,Providing,Current,774628,774628,0.11709350347519,0,0
"2025-03-06 11:00:00","2025-03-06 12:00:00",Nederland,Wind,Hour,UTC,Providing,Current,1100666,1100666,0.16637675464153,0,0
"2025-03-06 12:00:00","2025-03-06 13:00:00",Nederland,Wind,Hour,UTC,Providing,Current,1599181,1599181,0.24173100292683,0,0
"2025-03-06 13:00:00","2025-03-06 14:00:00",Nederland,Wind,Hour,UTC,Providing,Current,1987338,1987338,0.30040276050568,0,0
"2025-03-06 14:00:00","2025-03-06 15:00:00",Nederland,Wind,Hour,UTC,Providing,Current,2084268,2084268,0.31505250930786,0,0
"2025-03-06 15:00:00","2025-03-06 16:00:00",Nederland,Wind,Hour,UTC,Providing,Current,1728519,1728519,0.26127699017525,0,0
"2025-03-06 16:00:00","2025-03-06 17:00:00",Nederland,Wind,Hour,UTC,Providing,Current,961917,961917,0.14539933204651,0,0
"2025-03-06 17:00:00","2025-03-06 18:00:00",Nederland,Wind,Hour,UTC,Providing,Current,337582,337582,0.051027100533247,0,0
"2025-03-06 18:00:00","2025-03-06 19:00:00",Nederland,Wind,Hour,UTC,Providing,Current,297045,297045,0.044899426400661,0,0
"2025-03-06 19:00:00","2025-03-06 20:00:00",Nederland,Wind,Hour,UTC,Providing,Current,339877,339877,0.051373299211264,0,0
"2025-03-06 20:00:00","2025-03-06 21:00:00",Nederland,Wind,Hour,UTC,Providing,Current,267261,267261,0.040396999567747,0,0
"2025-03-06 21:00:00","2025-03-06 22:00:00",Nederland,Wind,Hour,UTC,Providing,Current,267574,267574,0.040444049984217,0,0
"2025-03-06 22:00:00","2025-03-06 23:00:00",Nederland,Wind,Hour,UTC,Providing,Current,282577,282577,0.04271150007844,0,0
"2025-03-06 23:00:00","2025-03-07 00:00:00",Nederland,Wind,Hour,UTC,Providing,Current,448680,448680,0.067817501723766,0,0
"2025-03-07 00:00:00","2025-03-07 01:00:00",Nederland,Wind,Hour,UTC,Providing,Current,524441,524441,0.079268246889114,0,0
"2025-03-07 01:00:00","2025-03-07 02:00:00",Nederland,Wind,Hour,UTC,Providing,Current,547471,547471,0.082748651504517,0,0
"2025-03-07 02:00:00","2025-03-07 03:00:00",Nederland,Wind,Hour,UTC,Providing,Current,558858,558858,0.084469251334667,0,0
"2025-03-07 03:00:00","2025-03-07 04:00:00",Nederland,Wind,Hour,UTC,Providing,Current,609965,609965,0.092193275690079,0,0
"2025-03-07 04:00:00","2025-03-07 05:00:00",Nederland,Wind,Hour,UTC,Providing,Current,689801,689801,0.10425947606564,0,0
"2025-03-07 05:00:00","2025-03-07 06:00:00",Nederland,Wind,Hour,UTC,Providing,Current,673668,673668,0.10182055085897,0,0
"2025-03-07 06:00:00","2025-03-07 07:00:00",Nederland,Wind,Hour,UTC,Providing,Current,530665,530665,0.080205999314785,0,0
"2025-03-07 07:00:00","2025-03-07 08:00:00",Nederland,Wind,Hour,UTC,Providing,Current,514743,514743,0.077799022197723,0,0
"2025-03-07 08:00:00","2025-03-07 09:00:00",Nederland,Wind,Hour,UTC,Providing,Current,769277,769277,0.11626892536879,0,0
"2025-03-07 09:00:00","2025-03-07 10:00:00",Nederland,Wind,Hour,UTC,Providing,Current,1103547,1103547,0.16678950190544,0,0
"2025-03-07 10:00:00","2025-03-07 11:00:00",Nederland,Wind,Hour,UTC,Providing,Current,1209178,1209178,0.1827535033226,0,0
"2025-03-07 11:00:00","2025-03-07 12:00:00",Nederland,Wind,Hour,UTC,Providing,Current,1075459,1075459,0.16254225373268,0,0
"2025-03-07 12:00:00","2025-03-07 13:00:00",Nederland,Wind,Hour,UTC,Providing,Current,1253142,1253142,0.1893957555294,0,0
"2025-03-07 13:00:00","2025-03-07 14:00:00",Nederland,Wind,Hour,UTC,Providing,Current,1542636,1542636,0.23314775526524,0,0
"2025-03-07 14:00:00","2025-03-07 15:00:00",Nederland,Wind,Hour,UTC,Providing,Current,1629901,1629901,0.24633499979973,0,0
"2025-03-07 15:00:00","2025-03-07 16:00:00",Nederland,Wind,Hour,UTC,Providing,Current,1066173,1066173,0.1611350029707,0,0
"2025-03-07 16:00:00","2025-03-07 17:00:00",Nederland,Wind,Hour,UTC,Providing,Current,511290,511290,0.077272847294807,0,0
"2025-03-07 17:00:00","2025-03-07 18:00:00",Nederland,Wind,Hour,UTC,Providing,Current,145215,145215,0.021946649998426,0,0
"2025-03-07 18:00:00","2025-03-07 19:00:00",Nederland,Wind,Hour,UTC,Providing,Current,48395,48395,0.0073139951564372,0,0
"2025-03-07 19:00:00","2025-03-07 20:00:00",Nederland,Wind,Hour,UTC,Providing,Current,2701,2701,0.00040820249705575,0,0
"2025-03-07 20:00:00","2025-03-07 21:00:00",Nederland,Wind,Hour,UTC,Providing,Current,13883,13883,0.0020981281995773,0,0
"2025-03-07 21:00:00","2025-03-07 22:00:00",Nederland,Wind,Hour,UTC,Providing,Current,57248,57248,0.0086517976596951,0,0
"2025-03-07 22:00:00","2025-03-07 23:00:00",Nederland,Wind,Hour,UTC,Providing,Current,71674,71674,0.01083190459758,0,0
"2025-03-07 23:00:00","2025-03-08 00:00:00",Nederland,Wind,Hour,UTC,Providing,Current,135301,135301,0.020447574555874,0,0
"2025-03-08 00:00:00","2025-03-08 01:00:00",Nederland,Wind,Hour,UTC,Providing,Current,157039,157039,0.023732600733638,0,0
"2025-03-08 01:00:00","2025-03-08 02:00:00",Nederland,Wind,Hour,UTC,Providing,Current,186530,186530,0.028189299628139,0,0
"2025-03-08 02:00:00","2025-03-08 03:00:00",Nederland,Wind,Hour,UTC,Providing,Current,170090,170090,0.025704650208354,0,0
"2025-03-08 03:00:00","2025-03-08 04:00:00",Nederland,Wind,Hour,UTC,Providing,Current,139932,139932,0.021146925166249,0,0
"2025-03-08 04:00:00","2025-03-08 05:00:00",Nederland,Wind,Hour,UTC,Providing,Current,146029,146029,0.022068150341511,0,0
"2025-03-08 05:00:00","2025-03-08 06:00:00",Nederland,Wind,Hour,UTC,Providing,Current,213074,213074,0.032199926674366,0,0
"2025-03-08 06:00:00","2025-03-08 07:00:00",Nederland,Wind,Hour,UTC,Providing,Current,198544,198544,0.030003949999809,0,0
"2025-03-08 07:00:00","2025-03-08 08:00:00",Nederland,Wind,Hour,UTC,Providing,Current,238265,238265,0.036006398499012,0,0
"2025-03-08 08:00:00","2025-03-08 09:00:00",Nederland,Wind,Hour,UTC,Providing,Current,337791,337791,0.051046326756477,0,0
"2025-03-08 09:00:00","2025-03-08 10:00:00",Nederland,Wind,Hour,UTC,Providing,Current,458977,458977,0.06935927271843,0,0
"2025-03-08 10:00:00","2025-03-08 11:00:00",Nederland,Wind,Hour,UTC,Providing,Current,650118,650118,0.098243400454521,0,0
"2025-03-08 11:00:00","2025-03-08 12:00:00",Nederland,Wind,Hour,UTC,Providing,Current,1170494,1170494,0.17687925696373,0,0
"2025-03-08 12:00:00","2025-03-08 13:00:00",Nederland,Wind,Hour,UTC,Providing,Current,1538722,1538722,0.23252299427986,0,0
"2025-03-08 13:00:00","2025-03-08 14:00:00",Nederland,Wind,Hour,UTC,Providing,Current,2004934,2004934,0.30297249555588,0,0
"2025-03-08 14:00:00","2025-03-08 15:00:00",Nederland,Wind,Hour,UTC,Providing,Current,2310437,2310437,0.34913575649261,0,0
"2025-03-08 15:00:00","2025-03-08 16:00:00",Nederland,Wind,Hour,UTC,Providing,Current,2247436,2247436,0.33961349725723,0,0
"2025-03-08 16:00:00","2025-03-08 17:00:00",Nederland,Wind,Hour,UTC,Providing,Current,1756909,1756909,0.26548799872398,0,0
"2025-03-08 17:00:00","2025-03-08 18:00:00",Nederland,Wind,Hour,UTC,Providing,Current,1141634,1141634,0.17251175642014,0,0
"2025-03-08 18:00:00","2025-03-08 19:00:00",Nederland,Wind,Hour,UTC,Providing,Current,775709,775709,0.11721675097942,0,0
"2025-03-08 19:00:00","2025-03-08 20:00:00",Nederland,Wind,Hour,UTC,Providing,Current,792081,792081,0.11968950182199,0,0
"2025-03-08 20:00:00","2025-03-08 21:00:00",Nederland,Wind,Hour,UTC,Providing,Current,864133,864133,0.13057674467564,0,0
"2025-03-08 21:00:00","2025-03-08 22:00:00",Nederland,Wind,Hour,UTC,Providing,Current,912725,912725,0.13791799545288,0,0
"2025-03-08 22:00:00","2025-03-08 23:00:00",Nederland,Wind,Hour,UTC,Providing,Current,845334,845334,0.12773424386978,0,0
"2025-03-08 23:00:00","2025-03-09 00:00:00",Nederland,Wind,Hour,UTC,Providing,Current,800673,800673,0.12098500132561,0,0
"2025-03-09 00:00:00","2025-03-09 01:00:00",Nederland,Wind,Hour,UTC,Providing,Current,782795,782795,0.11828275024891,0,0
"2025-03-09 01:00:00","2025-03-09 02:00:00",Nederland,Wind,Hour,UTC,Providing,Current,661990,661990,0.10002829879522,0,0
"2025-03-09 02:00:00","2025-03-09 03:00:00",Nederland,Wind,Hour,UTC,Providing,Current,509073,509073,0.076921574771404,0,0
"2025-03-09 03:00:00","2025-03-09 04:00:00",Nederland,Wind,Hour,UTC,Providing,Current,502372,502372,0.075908549129963,0,0
"2025-03-09 04:00:00","2025-03-09 05:00:00",Nederland,Wind,Hour,UTC,Providing,Current,519349,519349,0.078473322093487,0,0
"2025-03-09 05:00:00","2025-03-09 06:00:00",Nederland,Wind,Hour,UTC,Providing,Current,516195,516195,0.077996246516705,0,0
"2025-03-09 06:00:00","2025-03-09 07:00:00",Nederland,Wind,Hour,UTC,Providing,Current,416663,416663,0.062956750392914,0,0
"2025-03-09 07:00:00","2025-03-09 08:00:00",Nederland,Wind,Hour,UTC,Providing,Current,432082,432082,0.065286099910736,0,0
"2025-03-09 08:00:00","2025-03-09 09:00:00",Nederland,Wind,Hour,UTC,Providing,Current,581336,581336,0.087837249040604,0,0
"2025-03-09 09:00:00","2025-03-09 10:00:00",Nederland,Wind,Hour,UTC,Providing,Current,841274,841274,0.12711174786091,0,0
"2025-03-09 10:00:00","2025-03-09 11:00:00",Nederland,Wind,Hour,UTC,Providing,Current,928115,928115,0.14023250341415,0,0
"2025-03-09 11:00:00","2025-03-09 12:00:00",Nederland,Wind,Hour,UTC,Providing,Current,988906,988906,0.14941650629044,0,0
"2025-03-09 12:00:00","2025-03-09 13:00:00",Nederland,Wind,Hour,UTC,Providing,Current,1373379,1373379,0.20750625431538,0,0
"2025-03-09 13:00:00","2025-03-09 14:00:00",Nederland,Wind,Hour,UTC,Providing,Current,1480460,1480460,0.2236839979887,0,0
"2025-03-09 14:00:00","2025-03-09 15:00:00",Nederland,Wind,Hour,UTC,Providing,Current,1338679,1338679,0.20226100087166,0,0
"2025-03-09 15:00:00","2025-03-09 16:00:00",Nederland,Wind,Hour,UTC,Providing,Current,989877,989877,0.14955949783325,0,0
"2025-03-09 16:00:00","2025-03-09 17:00:00",Nederland,Wind,Hour,UTC,Providing,Current,579714,579714,0.087587922811508,0,0
"2025-03-09 17:00:00","2025-03-09 18:00:00",Nederland,Wind,Hour,UTC,Providing,Current,389748,389748,0.058885924518108,0,0
"2025-03-09 18:00:00","2025-03-09 19:00:00",Nederland,Wind,Hour,UTC,Providing,Current,356307,356307,0.053833074867725,0,0
"2025-03-09 19:00:00","2025-03-09 20:00:00",Nederland,Wind,Hour,UTC,Providing,Current,371450,371450,0.056120626628399,0,0
"2025-03-09 20:00:00","2025-03-09 21:00:00",Nederland,Wind,Hour,UTC,Providing,Current,373072,373072,0.056365348398685,0,0
"2025-03-09 21:00:00","2025-03-09 22:00:00",Nederland,Wind,Hour,UTC,Providing,Current,246596,246596,0.037256576120853,0,0
"2025-03-09 22:00:00","2025-03-09 23:00:00",Nederland,Wind,Hour,UTC,Providing,Current,162406,162406,0.024536700919271,0,0
"2025-03-09 23:00:00","2025-03-10 00:00:00",Nederland,Wind,Hour,UTC,Providing,Current,143363,143363,0.021659500896931,0,0
"2025-03-10 00:00:00","2025-03-10 01:00:00",Nederland,Wind,Hour,UTC,Providing,Current,125091,125091,0.018898824229836,0,0
"2025-03-10 01:00:00","2025-03-10 02:00:00",Nederland,Wind,Hour,UTC,Providing,Current,81937,81937,0.012379025109112,0,0
"2025-03-10 02:00:00","2025-03-10 03:00:00",Nederland,Wind,Hour,UTC,Providing,Current,76488,76488,0.011555724777281,0,0
"2025-03-10 03:00:00","2025-03-10 04:00:00",Nederland,Wind,Hour,UTC,Providing,Current,69103,69103,0.010439935140312,0,0
"2025-03-10 04:00:00","2025-03-10 05:00:00",Nederland,Wind,Hour,UTC,Providing,Current,42245,42245,0.0063822348602116,0,0
"2025-03-10 05:00:00","2025-03-10 06:00:00",Nederland,Wind,Hour,UTC,Providing,Current,77420,77420,0.011696299538016,0,0
"2025-03-10 06:00:00","2025-03-10 07:00:00",Nederland,Wind,Hour,UTC,Providing,Current,151741,151741,0.022924274206161,0,0
"2025-03-10 07:00:00","2025-03-10 08:00:00",Nederland,Wind,Hour,UTC,Providing,Current,141335,141335,0.021352050825953,0,0
"2025-03-10 08:00:00","2025-03-10 09:00:00",Nederland,Wind,Hour,UTC,Providing,Current,111677,111677,0.016871374100447,0,0
"2025-03-10 09:00:00","2025-03-10 10:00:00",Nederland,Wind,Hour,UTC,Providing,Current,431265,431265,0.065152153372765,0,0
"2025-03-10 10:00:00","2025-03-10 11:00:00",Nederland,Wind,Hour,UTC,Providing,Current,613224,613224,0.092640571296215,0,0
"2025-03-10 11:00:00","2025-03-10 12:00:00",Nederland,Wind,Hour,UTC,Providing,Current,711975,711975,0.10755849629641,0,0
"2025-03-10 12:00:00","2025-03-10 13:00:00",Nederland,Wind,Hour,UTC,Providing,Current,714513,714513,0.10794100165367,0,0
"2025-03-10 13:00:00","2025-03-10 14:00:00",Nederland,Wind,Hour,UTC,Providing,Current,675484,675484,0.1020445227623,0,0
"2025-03-10 14:00:00","2025-03-10 15:00:00",Nederland,Wind,Hour,UTC,Providing,Current,998705,998705,0.15087200701237,0,0
"2025-03-10 15:00:00","2025-03-10 16:00:00",Nederland,Wind,Hour,UTC,Providing,Current,1083942,1083942,0.16374725103378,0,0
"2025-03-10 16:00:00","2025-03-10 17:00:00",Nederland,Wind,Hour,UTC,Providing,Current,1080629,1080629,0.1632457524538,0,0
"2025-03-10 17:00:00","2025-03-10 18:00:00",Nederland,Wind,Hour,UTC,Providing,Current,836009,836009,0.12629149854183,0,0
"2025-03-10 18:00:00","2025-03-10 19:00:00",Nederland,Wind,Hour,UTC,Providing,Current,555547,555547,0.083923071622849,0,0
"2025-03-10 19:00:00","2025-03-10 20:00:00",Nederland,Wind,Hour,UTC,Providing,Current,463014,463014,0.069944247603416,0,0
"2025-03-10 20:00:00","2025-03-10 21:00:00",Nederland,Wind,Hour,UTC,Providing,Current,383987,383987,0.058005824685097,0,0
"2025-03-10 21:00:00","2025-03-10 22:00:00",Nederland,Wind,Hour,UTC,Providing,Current,375543,375543,0.056729901582003,0,0
"2025-03-10 22:00:00","2025-03-10 23:00:00",Nederland,Wind,Hour,UTC,Providing,Current,579574,579574,0.087550446391106,0,0
"2025-03-10 23:00:00","2025-03-11 00:00:00",Nederland,Wind,Hour,UTC,Providing,Current,799921,799921,0.12083549797535,0,0
"2025-03-11 00:00:00","2025-03-11 01:00:00",Nederland,Wind,Hour,UTC,Providing,Current,1080267,1080267,0.16318325698376,0,0
"2025-03-11 01:00:00","2025-03-11 02:00:00",Nederland,Wind,Hour,UTC,Providing,Current,1257886,1257886,0.1900127530098,0,0
"2025-03-11 02:00:00","2025-03-11 03:00:00",Nederland,Wind,Hour,UTC,Providing,Current,1272648,1272648,0.1922415047884,0,0
"2025-03-11 03:00:00","2025-03-11 04:00:00",Nederland,Wind,Hour,UTC,Providing,Current,1559565,1559565,0.23558050394058,0,0
"2025-03-11 04:00:00","2025-03-11 05:00:00",Nederland,Wind,Hour,UTC,Providing,Current,1590597,1590597,0.24026650190353,0,0
"2025-03-11 05:00:00","2025-03-11 06:00:00",Nederland,Wind,Hour,UTC,Providing,Current,1934483,1934483,0.29221025109291,0,0
"2025-03-11 06:00:00","2025-03-11 07:00:00",Nederland,Wind,Hour,UTC,Providing,Current,1567969,1567969,0.23684574663639,0,0
"2025-03-11 07:00:00","2025-03-11 08:00:00",Nederland,Wind,Hour,UTC,Providing,Current,1339431,1339431,0.20232324302197,0,0
"2025-03-11 08:00:00","2025-03-11 09:00:00",Nederland,Wind,Hour,UTC,Providing,Current,1594678,1594678,0.24087700247765,0,0
"2025-03-11 09:00:00","2025-03-11 10:00:00",Nederland,Wind,Hour,UTC,Providing,Current,1975580,1975580,0.29841101169586,0,0
"2025-03-11 10:00:00","2025-03-11 11:00:00",Nederland,Wind,Hour,UTC,Providing,Current,2189555,2189555,0.33072975277901,0,0
"2025-03-11 11:00:00","2025-03-11 12:00:00",Nederland,Wind,Hour,UTC,Providing,Current,2515626,2515626,0.37997999787331,0,0
"2025-03-11 12:00:00","2025-03-11 13:00:00",Nederland,Wind,Hour,UTC,Providing,Current,2778594,2778594,0.41969799995422,0,0
"2025-03-11 13:00:00","2025-03-11 14:00:00",Nederland,Wind,Hour,UTC,Providing,Current,3230213,3230213,0.48791098594666,0,0
"2025-03-11 14:00:00","2025-03-11 15:00:00",Nederland,Wind,Hour,UTC,Providing,Current,3441832,3441832,0.51987200975418,0,0
"2025-03-11 15:00:00","2025-03-11 16:00:00",Nederland,Wind,Hour,UTC,Providing,Current,3471399,3471399,0.52433449029922,0,0
"2025-03-11 16:00:00","2025-03-11 17:00:00",Nederland,Wind,Hour,UTC,Providing,Current,3333115,3333115,0.50344449281693,0,0
"2025-03-11 17:00:00","2025-03-11 18:00:00",Nederland,Wind,Hour,UTC,Providing,Current,2630318,2630318,0.39728924632072,0,0
"2025-03-11 18:00:00","2025-03-11 19:00:00",Nederland,Wind,Hour,UTC,Providing,Current,1739711,1739711,0.26276823878288,0,0
"2025-03-11 19:00:00","2025-03-11 20:00:00",Nederland,Wind,Hour,UTC,Providing,Current,1362745,1362745,0.20582950115204,0,0
"2025-03-11 20:00:00","2025-03-11 21:00:00",Nederland,Wind,Hour,UTC,Providing,Current,1049928,1049928,0.15858049690723,0,0
"2025-03-11 21:00:00","2025-03-11 22:00:00",Nederland,Wind,Hour,UTC,Providing,Current,912421,912421,0.13781075179577,0,0
"2025-03-11 22:00:00","2025-03-11 23:00:00",Nederland,Wind,Hour,UTC,Providing,Current,629967,629967,0.095148824155331,0,0
"2025-03-11 23:00:00","2025-03-12 00:00:00",Nederland,Wind,Hour,UTC,Providing,Current,457983,457983,0.069172278046608,0,0
"2025-03-12 00:00:00","2025-03-12 01:00:00",Nederland,Wind,Hour,UTC,Providing,Current,487111,487111,0.073571175336838,0,0
"2025-03-12 01:00:00","2025-03-12 02:00:00",Nederland,Wind,Hour,UTC,Providing,Current,555627,555627,0.083919003605843,0,0
"2025-03-12 02:00:00","2025-03-12 03:00:00",Nederland,Wind,Hour,UTC,Providing,Current,530832,530832,0.080173648893833,0,0
"2025-03-12 03:00:00","2025-03-12 04:00:00",Nederland,Wind,Hour,UTC,Providing,Current,492422,492422,0.074371948838234,0,0
"2025-03-12 04:00:00","2025-03-12 05:00:00",Nederland,Wind,Hour,UTC,Providing,Current,551248,551248,0.083256103098392,0,0
"2025-03-12 05:00:00","2025-03-12 06:00:00",Nederland,Wind,Hour,UTC,Providing,Current,578093,578093,0.087310023605824,0,0
"2025-03-12 06:00:00","2025-03-12 07:00:00",Nederland,Wind,Hour,UTC,Providing,Current,665916,665916,0.10057342797518,0,0
"2025-03-12 07:00:00","2025-03-12 08:00:00",Nederland,Wind,Hour,UTC,Providing,Current,785921,785921,0.1186970025301,0,0
"2025-03-12 08:00:00","2025-03-12 09:00:00",Nederland,Wind,Hour,UTC,Providing,Current,1346020,1346020,0.20328724384308,0,0
"2025-03-12 09:00:00","2025-03-12 10:00:00",Nederland,Wind,Hour,UTC,Providing,Current,1743478,1743478,0.26331275701523,0,0
"2025-03-12 10:00:00","2025-03-12 11:00:00",Nederland,Wind,Hour,UTC,Providing,Current,1927686,1927686,0.29113149642944,0,0
"2025-03-12 11:00:00","2025-03-12 12:00:00",Nederland,Wind,Hour,UTC,Providing,Current,2321774,2321774,0.35064700245857,0,0
"2025-03-12 12:00:00","2025-03-12 13:00:00",Nederland,Wind,Hour,UTC,Providing,Current,2245809,2245809,0.33917224407196,0,0
"2025-03-12 13:00:00","2025-03-12 14:00:00",Nederland,Wind,Hour,UTC,Providing,Current,2392477,2392477,0.36132049560547,0,0
"2025-03-12 14:00:00","2025-03-12 15:00:00",Nederland,Wind,Hour,UTC,Providing,Current,2188345,2188345,0.33048948645592,0,0
"2025-03-12 15:00:00","2025-03-12 16:00:00",Nederland,Wind,Hour,UTC,Providing,Current,1875483,1875483,0.28323873877525,0,0
"2025-03-12 16:00:00","2025-03-12 17:00:00",Nederland,Wind,Hour,UTC,Providing,Current,1564045,1564045,0.2362032532692,0,0
"2025-03-12 17:00:00","2025-03-12 18:00:00",Nederland,Wind,Hour,UTC,Providing,Current,661044,661044,0.099830873310566,0,0
"2025-03-12 18:00:00","2025-03-12 19:00:00",Nederland,Wind,Hour,UTC,Providing,Current,230020,230020,0.034737400710583,0,0
"2025-03-12 19:00:00","2025-03-12 20:00:00",Nederland,Wind,Hour,UTC,Providing,Current,84476,84476,0.012757397256792,0,0
"2025-03-12 20:00:00","2025-03-12 21:00:00",Nederland,Wind,Hour,UTC,Providing,Current,48302,48302,0.0072944248095155,0,0
"2025-03-12 21:00:00","2025-03-12 22:00:00",Nederland,Wind,Hour,UTC,Providing,Current,34815,34815,0.0052576251327991,0,0
"2025-03-12 22:00:00","2025-03-12 23:00:00",Nederland,Wind,Hour,UTC,Providing,Current,68178,68178,0.010295905172825,0,0
"2025-03-12 23:00:00","2025-03-13 00:00:00",Nederland,Wind,Hour,UTC,Providing,Current,76396,76396,0.011536874808371,0,0
"2025-03-13 00:00:00","2025-03-13 01:00:00",Nederland,Wind,Hour,UTC,Providing,Current,122633,122633,0.018519200384617,0,0
"2025-03-13 01:00:00","2025-03-13 02:00:00",Nederland,Wind,Hour,UTC,Providing,Current,158775,158775,0.0239770244807,0,0
"2025-03-13 02:00:00","2025-03-13 03:00:00",Nederland,Wind,Hour,UTC,Providing,Current,134614,134614,0.020328249782324,0,0
"2025-03-13 03:00:00","2025-03-13 04:00:00",Nederland,Wind,Hour,UTC,Providing,Current,107300,107300,0.016203425824642,0,0
"2025-03-13 04:00:00","2025-03-13 05:00:00",Nederland,Wind,Hour,UTC,Providing,Current,118618,118618,0.01791244931519,0,0
"2025-03-13 05:00:00","2025-03-13 06:00:00",Nederland,Wind,Hour,UTC,Providing,Current,88899,88899,0.013424525037408,0,0
"2025-03-13 06:00:00","2025-03-13 07:00:00",Nederland,Wind,Hour,UTC,Providing,Current,132911,132911,0.02007057517767,0,0
"2025-03-13 07:00:00","2025-03-13 08:00:00",Nederland,Wind,Hour,UTC,Providing,Current,226678,226678,0.034229900687933,0,0
"2025-03-13 08:00:00","2025-03-13 09:00:00",Nederland,Wind,Hour,UTC,Providing,Current,423447,423447,0.063942946493626,0,0
"2025-03-13 09:00:00","2025-03-13 10:00:00",Nederland,Wind,Hour,UTC,Providing,Current,539815,539815,0.081514723598957,0,0
"2025-03-13 10:00:00","2025-03-13 11:00:00",Nederland,Wind,Hour,UTC,Providing,Current,938598,938598,0.14173200726509,0,0
"2025-03-13 11:00:00","2025-03-13 12:00:00",Nederland,Wind,Hour,UTC,Providing,Current,1462452,1462452,0.22083474695683,0,0
"2025-03-13 12:00:00","2025-03-13 13:00:00",Nederland,Wind,Hour,UTC,Providing,Current,2048649,2048649,0.30935001373291,0,0
"2025-03-13 13:00:00","2025-03-13 14:00:00",Nederland,Wind,Hour,UTC,Providing,Current,2489446,2489446,0.37590923905373,0,0
"2025-03-13 14:00:00","2025-03-13 15:00:00",Nederland,Wind,Hour,UTC,Providing,Current,2751650,2751650,0.41549974679947,0,0
"2025-03-13 15:00:00","2025-03-13 16:00:00",Nederland,Wind,Hour,UTC,Providing,Current,3246476,3246476,0.49021574854851,0,0
"2025-03-13 16:00:00","2025-03-13 17:00:00",Nederland,Wind,Hour,UTC,Providing,Current,2950160,2950160,0.44546926021576,0,0
"2025-03-13 17:00:00","2025-03-13 18:00:00",Nederland,Wind,Hour,UTC,Providing,Current,2258093,2258093,0.34096625447273,0,0
"2025-03-13 18:00:00","2025-03-13 19:00:00",Nederland,Wind,Hour,UTC,Providing,Current,1356864,1356864,0.20488174259663,0,0
"2025-03-13 19:00:00","2025-03-13 20:00:00",Nederland,Wind,Hour,UTC,Providing,Current,754135,754135,0.11387097835541,0,0
"2025-03-13 20:00:00","2025-03-13 21:00:00",Nederland,Wind,Hour,UTC,Providing,Current,519521,519521,0.078444875776768,0,0
"2025-03-13 21:00:00","2025-03-13 22:00:00",Nederland,Wind,Hour,UTC,Providing,Current,310635,310635,0.046903900802135,0,0
"2025-03-13 22:00:00","2025-03-13 23:00:00",Nederland,Wind,Hour,UTC,Providing,Current,292864,292864,0.044220350682735,0,0
"2025-03-13 23:00:00","2025-03-14 00:00:00",Nederland,Wind,Hour,UTC,Providing,Current,120697,120697,0.018224250525236,0,0
"2025-03-14 00:00:00","2025-03-14 01:00:00",Nederland,Wind,Hour,UTC,Providing,Current,66206,66206,0.0099965073168278,0,0
"2025-03-14 01:00:00","2025-03-14 02:00:00",Nederland,Wind,Hour,UTC,Providing,Current,36250,36250,0.005473387427628,0,0
"2025-03-14 02:00:00","2025-03-14 03:00:00",Nederland,Wind,Hour,UTC,Providing,Current,25841,25841,0.0039017074741423,0,0
"2025-03-14 03:00:00","2025-03-14 04:00:00",Nederland,Wind,Hour,UTC,Providing,Current,49454,49454,0.0074669676832855,0,0
"2025-03-14 04:00:00","2025-03-14 05:00:00",Nederland,Wind,Hour,UTC,Providing,Current,114961,114961,0.017357649281621,0,0
"2025-03-14 05:00:00","2025-03-14 06:00:00",Nederland,Wind,Hour,UTC,Providing,Current,86180,86180,0.013011979870498,0,0
"2025-03-14 06:00:00","2025-03-14 07:00:00",Nederland,Wind,Hour,UTC,Providing,Current,41973,41973,0.0063373050652444,0,0
"2025-03-14 07:00:00","2025-03-14 08:00:00",Nederland,Wind,Hour,UTC,Providing,Current,64239,64239,0.0096990671008825,0,0
"2025-03-14 08:00:00","2025-03-14 09:00:00",Nederland,Wind,Hour,UTC,Providing,Current,58579,58579,0.0088444603607059,0,0
"2025-03-14 09:00:00","2025-03-14 10:00:00",Nederland,Wind,Hour,UTC,Providing,Current,414831,414831,0.062632150948048,0,0
"2025-03-14 10:00:00","2025-03-14 11:00:00",Nederland,Wind,Hour,UTC,Providing,Current,960394,960394,0.1450017541647,0,0
"2025-03-14 11:00:00","2025-03-14 12:00:00",Nederland,Wind,Hour,UTC,Providing,Current,1295572,1295572,0.19560624659061,0,0
"2025-03-14 12:00:00","2025-03-14 13:00:00",Nederland,Wind,Hour,UTC,Providing,Current,1880235,1880235,0.28387698531151,0,0
"2025-03-14 13:00:00","2025-03-14 14:00:00",Nederland,Wind,Hour,UTC,Providing,Current,2230351,2230351,0.33673548698425,0,0
"2025-03-14 14:00:00","2025-03-14 15:00:00",Nederland,Wind,Hour,UTC,Providing,Current,2742873,2742873,0.41411298513412,0,0
"2025-03-14 15:00:00","2025-03-14 16:00:00",Nederland,Wind,Hour,UTC,Providing,Current,3304736,3304736,0.4989385008812,0,0
"2025-03-14 16:00:00","2025-03-14 17:00:00",Nederland,Wind,Hour,UTC,Providing,Current,3367060,3367060,0.50834500789642,0,0
"2025-03-14 17:00:00","2025-03-14 18:00:00",Nederland,Wind,Hour,UTC,Providing,Current,3164041,3164041,0.47769099473953,0,0
"2025-03-14 18:00:00","2025-03-14 19:00:00",Nederland,Wind,Hour,UTC,Providing,Current,2277971,2277971,0.34391474723816,0,0
"2025-03-14 19:00:00","2025-03-14 20:00:00",Nederland,Wind,Hour,UTC,Providing,Current,1815538,1815538,0.2740975022316,0,0
"2025-03-14 20:00:00","2025-03-14 21:00:00",Nederland,Wind,Hour,UTC,Providing,Current,1741538,1741538,0.2629237473011,0,0
"2025-03-14 21:00:00","2025-03-14 22:00:00",Nederland,Wind,Hour,UTC,Providing,Current,1728383,1728383,0.26093626022339,0,0
"2025-03-14 22:00:00","2025-03-14 23:00:00",Nederland,Wind,Hour,UTC,Providing,Current,1516127,1516127,0.22889049351215,0,0
"2025-03-14 23:00:00","2025-03-15 00:00:00",Nederland,Wind,Hour,UTC,Providing,Current,1399680,1399680,0.21130900084972,0,0
"2025-03-15 00:00:00","2025-03-15 01:00:00",Nederland,Wind,Hour,UTC,Providing,Current,1133184,1133184,0.17107500135899,0,0
"2025-03-15 01:00:00","2025-03-15 02:00:00",Nederland,Wind,Hour,UTC,Providing,Current,1167714,1167714,0.17628675699234,0,0
"2025-03-15 02:00:00","2025-03-15 03:00:00",Nederland,Wind,Hour,UTC,Providing,Current,1305854,1305854,0.19714049994946,0,0
"2025-03-15 03:00:00","2025-03-15 04:00:00",Nederland,Wind,Hour,UTC,Providing,Current,1429123,1429123,0.21574850380421,0,0
"2025-03-15 04:00:00","2025-03-15 05:00:00",Nederland,Wind,Hour,UTC,Providing,Current,1313604,1313604,0.19830824434757,0,0
"2025-03-15 05:00:00","2025-03-15 06:00:00",Nederland,Wind,Hour,UTC,Providing,Current,1255169,1255169,0.18948499858379,0,0
"2025-03-15 06:00:00","2025-03-15 07:00:00",Nederland,Wind,Hour,UTC,Providing,Current,1322042,1322042,0.19957925379276,0,0
"2025-03-15 07:00:00","2025-03-15 08:00:00",Nederland,Wind,Hour,UTC,Providing,Current,1604541,1604541,0.24222449958324,0,0
"2025-03-15 08:00:00","2025-03-15 09:00:00",Nederland,Wind,Hour,UTC,Providing,Current,3042423,3042423,0.45928698778152,0,0
"2025-03-15 09:00:00","2025-03-15 10:00:00",Nederland,Wind,Hour,UTC,Providing,Current,4208435,4208435,0.63530552387238,0,0
"2025-03-15 10:00:00","2025-03-15 11:00:00",Nederland,Wind,Hour,UTC,Providing,Current,4306017,4306017,0.65003252029419,0,0
"2025-03-15 11:00:00","2025-03-15 12:00:00",Nederland,Wind,Hour,UTC,Providing,Current,3954248,3954248,0.59692597389221,0,0
"2025-03-15 12:00:00","2025-03-15 13:00:00",Nederland,Wind,Hour,UTC,Providing,Current,3700686,3700686,0.55864548683167,0,0
"2025-03-15 13:00:00","2025-03-15 14:00:00",Nederland,Wind,Hour,UTC,Providing,Current,3668616,3668616,0.5538005232811,0,0
"2025-03-15 14:00:00","2025-03-15 15:00:00",Nederland,Wind,Hour,UTC,Providing,Current,3949858,3949858,0.59625226259232,0,0
"2025-03-15 15:00:00","2025-03-15 16:00:00",Nederland,Wind,Hour,UTC,Providing,Current,4385281,4385281,0.66197776794434,0,0
"2025-03-15 16:00:00","2025-03-15 17:00:00",Nederland,Wind,Hour,UTC,Providing,Current,4530891,4530891,0.68395376205444,0,0
"2025-03-15 17:00:00","2025-03-15 18:00:00",Nederland,Wind,Hour,UTC,Providing,Current,4102992,4102992,0.61935722827911,0,0
"2025-03-15 18:00:00","2025-03-15 19:00:00",Nederland,Wind,Hour,UTC,Providing,Current,3023971,3023971,0.45647349953651,0,0
"2025-03-15 19:00:00","2025-03-15 20:00:00",Nederland,Wind,Hour,UTC,Providing,Current,2316278,2316278,0.34964400529861,0,0
"2025-03-15 20:00:00","2025-03-15 21:00:00",Nederland,Wind,Hour,UTC,Providing,Current,1879192,1879192,0.28366351127625,0,0
"2025-03-15 21:00:00","2025-03-15 22:00:00",Nederland,Wind,Hour,UTC,Providing,Current,1561315,1561315,0.23567874729633,0,0
"2025-03-15 22:00:00","2025-03-15 23:00:00",Nederland,Wind,Hour,UTC,Providing,Current,1352668,1352668,0.2041825056076,0,0
"2025-03-15 23:00:00","2025-03-16 00:00:00",Nederland,Wind,Hour,UTC,Providing,Current,1095626,1095626,0.16538125276566,0,0
"2025-03-16 00:00:00","2025-03-16 01:00:00",Nederland,Wind,Hour,UTC,Providing,Current,863944,863944,0.13040900230408,0,0
"2025-03-16 01:00:00","2025-03-16 02:00:00",Nederland,Wind,Hour,UTC,Providing,Current,744242,744242,0.11233949661255,0,0
"2025-03-16 02:00:00","2025-03-16 03:00:00",Nederland,Wind,Hour,UTC,Providing,Current,646989,646989,0.097659222781658,0,0
"2025-03-16 03:00:00","2025-03-16 04:00:00",Nederland,Wind,Hour,UTC,Providing,Current,572238,572238,0.086375452578068,0,0
"2025-03-16 04:00:00","2025-03-16 05:00:00",Nederland,Wind,Hour,UTC,Providing,Current,479538,479538,0.07238257676363,0,0
"2025-03-16 05:00:00","2025-03-16 06:00:00",Nederland,Wind,Hour,UTC,Providing,Current,475177,475177,0.071723878383636,0,0
"2025-03-16 06:00:00","2025-03-16 07:00:00",Nederland,Wind,Hour,UTC,Providing,Current,457009,457009,0.068981148302555,0,0
"2025-03-16 07:00:00","2025-03-16 08:00:00",Nederland,Wind,Hour,UTC,Providing,Current,432297,432297,0.06525070220232,0,0
"2025-03-16 08:00:00","2025-03-16 09:00:00",Nederland,Wind,Hour,UTC,Providing,Current,690114,690114,0.10416474938393,0,0
"2025-03-16 09:00:00","2025-03-16 10:00:00",Nederland,Wind,Hour,UTC,Providing,Current,1068985,1068985,0.16135025024414,0,0
"2025-03-16 10:00:00","2025-03-16 11:00:00",Nederland,Wind,Hour,UTC,Providing,Current,1335896,1335896,0.20163574814796,0,0
"2025-03-16 11:00:00","2025-03-16 12:00:00",Nederland,Wind,Hour,UTC,Providing,Current,1377491,1377491,0.20791274309158,0,0
"2025-03-16 12:00:00","2025-03-16 13:00:00",Nederland,Wind,Hour,UTC,Providing,Current,1402870,1402870,0.21174174547195,0,0
"2025-03-16 13:00:00","2025-03-16 14:00:00",Nederland,Wind,Hour,UTC,Providing,Current,1658032,1658032,0.25025326013565,0,0
"2025-03-16 14:00:00","2025-03-16 15:00:00",Nederland,Wind,Hour,UTC,Providing,Current,2072264,2072264,0.31277275085449,0,0
"2025-03-16 15:00:00","2025-03-16 16:00:00",Nederland,Wind,Hour,UTC,Providing,Current,2576879,2576879,0.38893350958824,0,0
"2025-03-16 16:00:00","2025-03-16 17:00:00",Nederland,Wind,Hour,UTC,Providing,Current,2585948,2585948,0.39030000567436,0,0
"2025-03-16 17:00:00","2025-03-16 18:00:00",Nederland,Wind,Hour,UTC,Providing,Current,2055794,2055794,0.31028124690056,0,0
"2025-03-16 18:00:00","2025-03-16 19:00:00",Nederland,Wind,Hour,UTC,Providing,Current,1186722,1186722,0.17911125719547,0,0
"2025-03-16 19:00:00","2025-03-16 20:00:00",Nederland,Wind,Hour,UTC,Providing,Current,874333,874333,0.13196174800396,0,0
"2025-03-16 20:00:00","2025-03-16 21:00:00",Nederland,Wind,Hour,UTC,Providing,Current,804004,804004,0.12134625017643,0,0
"2025-03-16 21:00:00","2025-03-16 22:00:00",Nederland,Wind,Hour,UTC,Providing,Current,728730,728730,0.10998450219631,0,0
"2025-03-16 22:00:00","2025-03-16 23:00:00",Nederland,Wind,Hour,UTC,Providing,Current,796349,796349,0.12018924951553,0,0
"2025-03-16 23:00:00","2025-03-17 00:00:00",Nederland,Wind,Hour,UTC,Providing,Current,966529,966529,0.14587299525738,0,0
"2025-03-17 00:00:00","2025-03-17 01:00:00",Nederland,Wind,Hour,UTC,Providing,Current,863627,863627,0.13034200668335,0,0
"2025-03-17 01:00:00","2025-03-17 02:00:00",Nederland,Wind,Hour,UTC,Providing,Current,763083,763083,0.11516650021076,0,0
"2025-03-17 02:00:00","2025-03-17 03:00:00",Nederland,Wind,Hour,UTC,Providing,Current,798138,798138,0.12045650184155,0,0
"2025-03-17 03:00:00","2025-03-17 04:00:00",Nederland,Wind,Hour,UTC,Providing,Current,1092537,1092537,0.1648865044117,0,0
"2025-03-17 04:00:00","2025-03-17 05:00:00",Nederland,Wind,Hour,UTC,Providing,Current,1403846,1403846,0.21186849474907,0,0
"2025-03-17 05:00:00","2025-03-17 06:00:00",Nederland,Wind,Hour,UTC,Providing,Current,1632857,1632857,0.24642899632454,0,0
"2025-03-17 06:00:00","2025-03-17 07:00:00",Nederland,Wind,Hour,UTC,Providing,Current,1682781,1682781,0.25396224856377,0,0
"2025-03-17 07:00:00","2025-03-17 08:00:00",Nederland,Wind,Hour,UTC,Providing,Current,2283770,2283770,0.34466001391411,0,0
"2025-03-17 08:00:00","2025-03-17 09:00:00",Nederland,Wind,Hour,UTC,Providing,Current,3540081,3540081,0.53425550460815,0,0
"2025-03-17 09:00:00","2025-03-17 10:00:00",Nederland,Wind,Hour,UTC,Providing,Current,4134593,4134593,0.6239732503891,0,0
"2025-03-17 10:00:00","2025-03-17 11:00:00",Nederland,Wind,Hour,UTC,Providing,Current,3860017,3860017,0.58253198862076,0,0
"2025-03-17 11:00:00","2025-03-17 12:00:00",Nederland,Wind,Hour,UTC,Providing,Current,4142794,4142794,0.62520325183868,0,0
"2025-03-17 12:00:00","2025-03-17 13:00:00",Nederland,Wind,Hour,UTC,Providing,Current,4528863,4528863,0.68346148729324,0,0
"2025-03-17 13:00:00","2025-03-17 14:00:00",Nederland,Wind,Hour,UTC,Providing,Current,4253423,4253423,0.64189076423645,0,0
"2025-03-17 14:00:00","2025-03-17 15:00:00",Nederland,Wind,Hour,UTC,Providing,Current,4170330,4170330,0.62934672832489,0,0
"2025-03-17 15:00:00","2025-03-17 16:00:00",Nederland,Wind,Hour,UTC,Providing,Current,4224588,4224588,0.63753098249435,0,0
"2025-03-17 16:00:00","2025-03-17 17:00:00",Nederland,Wind,Hour,UTC,Providing,Current,4101714,4101714,0.61898422241211,0,0
"2025-03-17 17:00:00","2025-03-17 18:00:00",Nederland,Wind,Hour,UTC,Providing,Current,3112017,3112017,0.46962773799896,0,0
"2025-03-17 18:00:00","2025-03-17 19:00:00",Nederland,Wind,Hour,UTC,Providing,Current,1929337,1929337,0.29114973545074,0,0
"2025-03-17 19:00:00","2025-03-17 20:00:00",Nederland,Wind,Hour,UTC,Providing,Current,1641542,1641542,0.24771800637245,0,0
"2025-03-17 20:00:00","2025-03-17 21:00:00",Nederland,Wind,Hour,UTC,Providing,Current,1534762,1534762,0.23160299658775,0,0
"2025-03-17 21:00:00","2025-03-17 22:00:00",Nederland,Wind,Hour,UTC,Providing,Current,1499075,1499075,0.22621649503708,0,0
"2025-03-17 22:00:00","2025-03-17 23:00:00",Nederland,Wind,Hour,UTC,Providing,Current,1517647,1517647,0.22901774942875,0,0
"2025-03-17 23:00:00","2025-03-18 00:00:00",Nederland,Wind,Hour,UTC,Providing,Current,1479505,1479505,0.22326050698757,0,0
"2025-03-18 00:00:00","2025-03-18 01:00:00",Nederland,Wind,Hour,UTC,Providing,Current,1269082,1269082,0.19150599837303,0,0
"2025-03-18 01:00:00","2025-03-18 02:00:00",Nederland,Wind,Hour,UTC,Providing,Current,1181149,1181149,0.17823575437069,0,0
"2025-03-18 02:00:00","2025-03-18 03:00:00",Nederland,Wind,Hour,UTC,Providing,Current,927305,927305,0.13992950320244,0,0
"2025-03-18 03:00:00","2025-03-18 04:00:00",Nederland,Wind,Hour,UTC,Providing,Current,733769,733769,0.11072450131178,0,0
"2025-03-18 04:00:00","2025-03-18 05:00:00",Nederland,Wind,Hour,UTC,Providing,Current,702596,702596,0.10601975023746,0,0
"2025-03-18 05:00:00","2025-03-18 06:00:00",Nederland,Wind,Hour,UTC,Providing,Current,707614,707614,0.10677649825811,0,0
"2025-03-18 06:00:00","2025-03-18 07:00:00",Nederland,Wind,Hour,UTC,Providing,Current,682602,682602,0.10300157219172,0,0
"2025-03-18 07:00:00","2025-03-18 08:00:00",Nederland,Wind,Hour,UTC,Providing,Current,749660,749660,0.11311975121498,0,0
"2025-03-18 08:00:00","2025-03-18 09:00:00",Nederland,Wind,Hour,UTC,Providing,Current,1151304,1151304,0.17372450232506,0,0
"2025-03-18 09:00:00","2025-03-18 10:00:00",Nederland,Wind,Hour,UTC,Providing,Current,1700649,1700649,0.2566157579422,0,0
"2025-03-18 10:00:00","2025-03-18 11:00:00",Nederland,Wind,Hour,UTC,Providing,Current,2350442,2350442,0.35466274619102,0,0
"2025-03-18 11:00:00","2025-03-18 12:00:00",Nederland,Wind,Hour,UTC,Providing,Current,2834558,2834558,0.42770925164223,0,0
"2025-03-18 12:00:00","2025-03-18 13:00:00",Nederland,Wind,Hour,UTC,Providing,Current,3360732,3360732,0.50710099935532,0,0
"2025-03-18 13:00:00","2025-03-18 14:00:00",Nederland,Wind,Hour,UTC,Providing,Current,3535213,3535213,0.53342527151108,0,0
"2025-03-18 14:00:00","2025-03-18 15:00:00",Nederland,Wind,Hour,UTC,Providing,Current,3836414,3836414,0.57886922359467,0,0
"2025-03-18 15:00:00","2025-03-18 16:00:00",Nederland,Wind,Hour,UTC,Providing,Current,4239227,4239227,0.6396449804306,0,0
"2025-03-18 16:00:00","2025-03-18 17:00:00",Nederland,Wind,Hour,UTC,Providing,Current,4177242,4177242,0.63028877973557,0,0
"2025-03-18 17:00:00","2025-03-18 18:00:00",Nederland,Wind,Hour,UTC,Providing,Current,3120947,3120947,0.47090524435043,0,0
"2025-03-18 18:00:00","2025-03-18 19:00:00",Nederland,Wind,Hour,UTC,Providing,Current,2091338,2091338,0.31555050611496,0,0
"2025-03-18 19:00:00","2025-03-18 20:00:00",Nederland,Wind,Hour,UTC,Providing,Current,1723425,1723425,0.26003649830818,0,0
"2025-03-18 20:00:00","2025-03-18 21:00:00",Nederland,Wind,Hour,UTC,Providing,Current,1407460,1407460,0.21236124634743,0,0
"2025-03-18 21:00:00","2025-03-18 22:00:00",Nederland,Wind,Hour,UTC,Providing,Current,1181745,1181745,0.17830374836922,0,0
"2025-03-18 22:00:00","2025-03-18 23:00:00",Nederland,Wind,Hour,UTC,Providing,Current,861607,861607,0.12999975681305,0,0
"2025-03-18 23:00:00","2025-03-19 00:00:00",Nederland,Wind,Hour,UTC,Providing,Current,696320,696320,0.10506074875593,0,0
"2025-03-19 00:00:00","2025-03-19 01:00:00",Nederland,Wind,Hour,UTC,Providing,Current,643862,643862,0.097145147621632,0,0
"2025-03-19 01:00:00","2025-03-19 02:00:00",Nederland,Wind,Hour,UTC,Providing,Current,536361,536361,0.080925025045872,0,0
"2025-03-19 02:00:00","2025-03-19 03:00:00",Nederland,Wind,Hour,UTC,Providing,Current,441007,441007,0.066537797451019,0,0
"2025-03-19 03:00:00","2025-03-19 04:00:00",Nederland,Wind,Hour,UTC,Providing,Current,363589,363589,0.05485687404871,0,0
"2025-03-19 04:00:00","2025-03-19 05:00:00",Nederland,Wind,Hour,UTC,Providing,Current,316176,316176,0.047703098505735,0,0
"2025-03-19 05:00:00","2025-03-19 06:00:00",Nederland,Wind,Hour,UTC,Providing,Current,373209,373209,0.056307598948479,0,0
"2025-03-19 06:00:00","2025-03-19 07:00:00",Nederland,Wind,Hour,UTC,Providing,Current,359656,359656,0.054262451827526,0,0
"2025-03-19 07:00:00","2025-03-19 08:00:00",Nederland,Wind,Hour,UTC,Providing,Current,413318,413318,0.062358226627111,0,0
"2025-03-19 08:00:00","2025-03-19 09:00:00",Nederland,Wind,Hour,UTC,Providing,Current,537648,537648,0.081115677952766,0,0
"2025-03-19 09:00:00","2025-03-19 10:00:00",Nederland,Wind,Hour,UTC,Providing,Current,611783,611783,0.092299975454807,0,0
"2025-03-19 10:00:00","2025-03-19 11:00:00",Nederland,Wind,Hour,UTC,Providing,Current,670428,670428,0.1011471003294,0,0
"2025-03-19 11:00:00","2025-03-19 12:00:00",Nederland,Wind,Hour,UTC,Providing,Current,705975,705975,0.10650937259197,0,0
"2025-03-19 12:00:00","2025-03-19 13:00:00",Nederland,Wind,Hour,UTC,Providing,Current,940665,940665,0.14191600680351,0,0
"2025-03-19 13:00:00","2025-03-19 14:00:00",Nederland,Wind,Hour,UTC,Providing,Current,975017,975017,0.14709775149822,0,0
"2025-03-19 14:00:00","2025-03-19 15:00:00",Nederland,Wind,Hour,UTC,Providing,Current,810849,810849,0.12232950329781,0,0
"2025-03-19 15:00:00","2025-03-19 16:00:00",Nederland,Wind,Hour,UTC,Providing,Current,660051,660051,0.099578477442265,0,0
"2025-03-19 16:00:00","2025-03-19 17:00:00",Nederland,Wind,Hour,UTC,Providing,Current,571890,571890,0.086277551949024,0,0
"2025-03-19 17:00:00","2025-03-19 18:00:00",Nederland,Wind,Hour,UTC,Providing,Current,304690,304690,0.045966476202011,0,0
"2025-03-19 18:00:00","2025-03-19 19:00:00",Nederland,Wind,Hour,UTC,Providing,Current,62975,62975,0.0095005529001355,0,0
"2025-03-19 19:00:00","2025-03-19 20:00:00",Nederland,Wind,Hour,UTC,Providing,Current,0,0,0,0,0
"2025-03-19 20:00:00","2025-03-19 21:00:00",Nederland,Wind,Hour,UTC,Providing,Current,0,0,0,0,0
"2025-03-19 21:00:00","2025-03-19 22:00:00",Nederland,Wind,Hour,UTC,Providing,Current,0,0,0,0,0
"2025-03-19 22:00:00","2025-03-19 23:00:00",Nederland,Wind,Hour,UTC,Providing,Current,0,0,0,0,0
"2025-03-19 23:00:00","2025-03-20 00:00:00",Nederland,Wind,Hour,UTC,Providing,Current,12615,12615,0.0019030624534935,0,0
"2025-03-20 00:00:00","2025-03-20 01:00:00",Nederland,Wind,Hour,UTC,Providing,Current,21817,21817,0.0032912350725383,0,0
"2025-03-20 01:00:00","2025-03-20 02:00:00",Nederland,Wind,Hour,UTC,Providing,Current,27390,27390,0.0041319322772324,0,0
"2025-03-20 02:00:00","2025-03-20 03:00:00",Nederland,Wind,Hour,UTC,Providing,Current,37533,37533,0.0056620249524713,0,0
"2025-03-20 03:00:00","2025-03-20 04:00:00",Nederland,Wind,Hour,UTC,Providing,Current,36194,36194,0.0054599973373115,0,0
"2025-03-20 04:00:00","2025-03-20 05:00:00",Nederland,Wind,Hour,UTC,Providing,Current,40845,40845,0.0061615775339305,0,0
"2025-03-20 05:00:00","2025-03-20 06:00:00",Nederland,Wind,Hour,UTC,Providing,Current,50934,50934,0.0076834848150611,0,0
"2025-03-20 06:00:00","2025-03-20 07:00:00",Nederland,Wind,Hour,UTC,Providing,Current,82926,82926,0.012509444728494,0,0
"2025-03-20 07:00:00","2025-03-20 08:00:00",Nederland,Wind,Hour,UTC,Providing,Current,113533,113533,0.017126450315118,0,0
"2025-03-20 08:00:00","2025-03-20 09:00:00",Nederland,Wind,Hour,UTC,Providing,Current,197608,197608,0.029808975756168,0,0
"2025-03-20 09:00:00","2025-03-20 10:00:00",Nederland,Wind,Hour,UTC,Providing,Current,199410,199410,0.030080650001764,0,0
"2025-03-20 10:00:00","2025-03-20 11:00:00",Nederland,Wind,Hour,UTC,Providing,Current,59542,59542,0.0089817401021719,0,0
"2025-03-20 11:00:00","2025-03-20 12:00:00",Nederland,Wind,Hour,UTC,Providing,Current,3334,3334,0.00050292001105845,0,0
"2025-03-20 12:00:00","2025-03-20 13:00:00",Nederland,Wind,Hour,UTC,Providing,Current,47378,47378,0.0071467426605523,0,0
"2025-03-20 13:00:00","2025-03-20 14:00:00",Nederland,Wind,Hour,UTC,Providing,Current,78720,78720,0.011874482035637,0,0
"2025-03-20 14:00:00","2025-03-20 15:00:00",Nederland,Wind,Hour,UTC,Providing,Current,177467,177467,0.026769725605845,0,0
"2025-03-20 15:00:00","2025-03-20 16:00:00",Nederland,Wind,Hour,UTC,Providing,Current,171913,171913,0.025931799784303,0,0
"2025-03-20 16:00:00","2025-03-20 17:00:00",Nederland,Wind,Hour,UTC,Providing,Current,103126,103126,0.015555649995804,0,0
"2025-03-20 17:00:00","2025-03-20 18:00:00",Nederland,Wind,Hour,UTC,Providing,Current,199425,199425,0.03008135035634,0,0
"2025-03-20 18:00:00","2025-03-20 19:00:00",Nederland,Wind,Hour,UTC,Providing,Current,199384,199384,0.030075024813414,0,0
"2025-03-20 19:00:00","2025-03-20 20:00:00",Nederland,Wind,Hour,UTC,Providing,Current,123267,123267,0.018593424931169,0,0
"2025-03-20 20:00:00","2025-03-20 21:00:00",Nederland,Wind,Hour,UTC,Providing,Current,152456,152456,0.022996125742793,0,0
"2025-03-20 21:00:00","2025-03-20 22:00:00",Nederland,Wind,Hour,UTC,Providing,Current,237095,237095,0.035762649029493,0,0
"2025-03-20 22:00:00","2025-03-20 23:00:00",Nederland,Wind,Hour,UTC,Providing,Current,365808,365808,0.055176973342896,0,0
"2025-03-20 23:00:00","2025-03-21 00:00:00",Nederland,Wind,Hour,UTC,Providing,Current,470980,470980,0.071040272712708,0,0
"2025-03-21 00:00:00","2025-03-21 01:00:00",Nederland,Wind,Hour,UTC,Providing,Current,467773,467773,0.070556074380875,0,0
"2025-03-21 01:00:00","2025-03-21 02:00:00",Nederland,Wind,Hour,UTC,Providing,Current,373418,373418,0.056323774158955,0,0
"2025-03-21 02:00:00","2025-03-21 03:00:00",Nederland,Wind,Hour,UTC,Providing,Current,379310,379310,0.057212151587009,0,0
"2025-03-21 03:00:00","2025-03-21 04:00:00",Nederland,Wind,Hour,UTC,Providing,Current,494388,494388,0.074569150805473,0,0
"2025-03-21 04:00:00","2025-03-21 05:00:00",Nederland,Wind,Hour,UTC,Providing,Current,610249,610249,0.092044077813625,0,0
"2025-03-21 05:00:00","2025-03-21 06:00:00",Nederland,Wind,Hour,UTC,Providing,Current,726962,726962,0.10964725166559,0,0
"2025-03-21 06:00:00","2025-03-21 07:00:00",Nederland,Wind,Hour,UTC,Providing,Current,958524,958524,0.14457274973392,0,0
"2025-03-21 07:00:00","2025-03-21 08:00:00",Nederland,Wind,Hour,UTC,Providing,Current,1319850,1319850,0.19906975328922,0,0
"2025-03-21 08:00:00","2025-03-21 09:00:00",Nederland,Wind,Hour,UTC,Providing,Current,1887190,1887190,0.28463849425316,0,0
"2025-03-21 09:00:00","2025-03-21 10:00:00",Nederland,Wind,Hour,UTC,Providing,Current,2706656,2706656,0.40823298692703,0,0
"2025-03-21 10:00:00","2025-03-21 11:00:00",Nederland,Wind,Hour,UTC,Providing,Current,3645834,3645834,0.54988175630569,0,0
"2025-03-21 11:00:00","2025-03-21 12:00:00",Nederland,Wind,Hour,UTC,Providing,Current,4540203,4540203,0.68477022647858,0,0
"2025-03-21 12:00:00","2025-03-21 13:00:00",Nederland,Wind,Hour,UTC,Providing,Current,5323924,5323924,0.80296951532364,0,0
"2025-03-21 13:00:00","2025-03-21 14:00:00",Nederland,Wind,Hour,UTC,Providing,Current,5698846,5698846,0.85951101779938,0,0
"2025-03-21 14:00:00","2025-03-21 15:00:00",Nederland,Wind,Hour,UTC,Providing,Current,5861096,5861096,0.88397622108459,0,0
"2025-03-21 15:00:00","2025-03-21 16:00:00",Nederland,Wind,Hour,UTC,Providing,Current,5781055,5781055,0.87189900875092,0,0
"2025-03-21 16:00:00","2025-03-21 17:00:00",Nederland,Wind,Hour,UTC,Providing,Current,5295871,5295871,0.79871875047684,0,0
"2025-03-21 17:00:00","2025-03-21 18:00:00",Nederland,Wind,Hour,UTC,Providing,Current,4018673,4018673,0.60608899593353,0,0
"2025-03-21 18:00:00","2025-03-21 19:00:00",Nederland,Wind,Hour,UTC,Providing,Current,3378871,3378871,0.50959223508835,0,0
"2025-03-21 19:00:00","2025-03-21 20:00:00",Nederland,Wind,Hour,UTC,Providing,Current,3452922,3452922,0.52075701951981,0,0
"2025-03-21 20:00:00","2025-03-21 21:00:00",Nederland,Wind,Hour,UTC,Providing,Current,3941743,3941743,0.59447574615479,0,0
"2025-03-21 21:00:00","2025-03-21 22:00:00",Nederland,Wind,Hour,UTC,Providing,Current,3817445,3817445,0.57572597265244,0,0
"2025-03-21 22:00:00","2025-03-21 23:00:00",Nederland,Wind,Hour,UTC,Providing,Current,3686599,3686599,0.55598926544189,0,0
"2025-03-21 23:00:00","2025-03-22 00:00:00",Nederland,Wind,Hour,UTC,Providing,Current,3656690,3656690,0.55147498846054,0,0
"2025-03-22 00:00:00","2025-03-22 01:00:00",Nederland,Wind,Hour,UTC,Providing,Current,3779562,3779562,0.57000201940536,0,0
"2025-03-22 01:00:00","2025-03-22 02:00:00",Nederland,Wind,Hour,UTC,Providing,Current,3674972,3674972,0.55422526597977,0,0
"2025-03-22 02:00:00","2025-03-22 03:00:00",Nederland,Wind,Hour,UTC,Providing,Current,3435515,3435515,0.51810926198959,0,0
"2025-03-22 03:00:00","2025-03-22 04:00:00",Nederland,Wind,Hour,UTC,Providing,Current,3126672,3126672,0.47152999043465,0,0
"2025-03-22 04:00:00","2025-03-22 05:00:00",Nederland,Wind,Hour,UTC,Providing,Current,2760181,2760181,0.4162575006485,0,0
"2025-03-22 05:00:00","2025-03-22 06:00:00",Nederland,Wind,Hour,UTC,Providing,Current,2516851,2516851,0.37955874204636,0,0
"2025-03-22 06:00:00","2025-03-22 07:00:00",Nederland,Wind,Hour,UTC,Providing,Current,2785615,2785615,0.42008799314499,0,0
"2025-03-22 07:00:00","2025-03-22 08:00:00",Nederland,Wind,Hour,UTC,Providing,Current,3484746,3484746,0.52551776170731,0,0
"2025-03-22 08:00:00","2025-03-22 09:00:00",Nederland,Wind,Hour,UTC,Providing,Current,4040565,4040565,0.60933423042297,0,0
"2025-03-22 09:00:00","2025-03-22 10:00:00",Nederland,Wind,Hour,UTC,Providing,Current,4629144,4629144,0.69809025526047,0,0
"2025-03-22 10:00:00","2025-03-22 11:00:00",Nederland,Wind,Hour,UTC,Providing,Current,4743471,4743471,0.71532672643661,0,0
"2025-03-22 11:00:00","2025-03-22 12:00:00",Nederland,Wind,Hour,UTC,Providing,Current,4752130,4752130,0.71662801504135,0,0
"2025-03-22 12:00:00","2025-03-22 13:00:00",Nederland,Wind,Hour,UTC,Providing,Current,4914609,4914609,0.74112552404404,0,0
"2025-03-22 13:00:00","2025-03-22 14:00:00",Nederland,Wind,Hour,UTC,Providing,Current,4902281,4902281,0.73926174640656,0,0
"2025-03-22 14:00:00","2025-03-22 15:00:00",Nederland,Wind,Hour,UTC,Providing,Current,4608442,4608442,0.69494676589966,0,0
"2025-03-22 15:00:00","2025-03-22 16:00:00",Nederland,Wind,Hour,UTC,Providing,Current,4242797,4242797,0.63980376720428,0,0
"2025-03-22 16:00:00","2025-03-22 17:00:00",Nederland,Wind,Hour,UTC,Providing,Current,3620925,3620925,0.54602372646332,0,0
"2025-03-22 17:00:00","2025-03-22 18:00:00",Nederland,Wind,Hour,UTC,Providing,Current,3153107,3153107,0.47547549009323,0,0
"2025-03-22 18:00:00","2025-03-22 19:00:00",Nederland,Wind,Hour,UTC,Providing,Current,3043967,3043967,0.45901450514793,0,0
"2025-03-22 19:00:00","2025-03-22 20:00:00",Nederland,Wind,Hour,UTC,Providing,Current,2980409,2980409,0.4494277536869,0,0
"2025-03-22 20:00:00","2025-03-22 21:00:00",Nederland,Wind,Hour,UTC,Providing,Current,2837384,2837384,0.42785799503326,0,0
"2025-03-22 21:00:00","2025-03-22 22:00:00",Nederland,Wind,Hour,UTC,Providing,Current,2716445,2716445,0.40961825847626,0,0
"2025-03-22 22:00:00","2025-03-22 23:00:00",Nederland,Wind,Hour,UTC,Providing,Current,3405910,3405910,0.51358127593994,0,0
"2025-03-22 23:00:00","2025-03-23 00:00:00",Nederland,Wind,Hour,UTC,Providing,Current,2980572,2980572,0.44944125413895,0,0
"2025-03-23 00:00:00","2025-03-23 01:00:00",Nederland,Wind,Hour,UTC,Providing,Current,2514608,2514608,0.37917599081993,0,0
"2025-03-23 01:00:00","2025-03-23 02:00:00",Nederland,Wind,Hour,UTC,Providing,Current,2284805,2284805,0.34452176094055,0,0
"2025-03-23 02:00:00","2025-03-23 03:00:00",Nederland,Wind,Hour,UTC,Providing,Current,2110639,2110639,0.31825798749924,0,0
"2025-03-23 03:00:00","2025-03-23 04:00:00",Nederland,Wind,Hour,UTC,Providing,Current,1919501,1919501,0.28943476080894,0,0
"2025-03-23 04:00:00","2025-03-23 05:00:00",Nederland,Wind,Hour,UTC,Providing,Current,1499380,1499380,0.2260850071907,0,0
"2025-03-23 05:00:00","2025-03-23 06:00:00",Nederland,Wind,Hour,UTC,Providing,Current,1346964,1346964,0.20310175418854,0,0
"2025-03-23 06:00:00","2025-03-23 07:00:00",Nederland,Wind,Hour,UTC,Providing,Current,1256637,1256637,0.18948024511337,0,0
"2025-03-23 07:00:00","2025-03-23 08:00:00",Nederland,Wind,Hour,UTC,Providing,Current,1245170,1245170,0.18775025010109,0,0
"2025-03-23 08:00:00","2025-03-23 09:00:00",Nederland,Wind,Hour,UTC,Providing,Current,1290159,1290159,0.19453275203705,0,0
"2025-03-23 09:00:00","2025-03-23 10:00:00",Nederland,Wind,Hour,UTC,Providing,Current,1329004,1329004,0.20038850605488,0,0
"2025-03-23 10:00:00","2025-03-23 11:00:00",Nederland,Wind,Hour,UTC,Providing,Current,1284977,1284977,0.19374875724316,0,0
"2025-03-23 11:00:00","2025-03-23 12:00:00",Nederland,Wind,Hour,UTC,Providing,Current,1147520,1147520,0.17302225530148,0,0
"2025-03-23 12:00:00","2025-03-23 13:00:00",Nederland,Wind,Hour,UTC,Providing,Current,709496,709496,0.10697644948959,0,0
"2025-03-23 13:00:00","2025-03-23 14:00:00",Nederland,Wind,Hour,UTC,Providing,Current,457392,457392,0.068964272737503,0,0
"2025-03-23 14:00:00","2025-03-23 15:00:00",Nederland,Wind,Hour,UTC,Providing,Current,389272,389272,0.05869297683239,0,0
"2025-03-23 15:00:00","2025-03-23 16:00:00",Nederland,Wind,Hour,UTC,Providing,Current,265204,265204,0.039986226707697,0,0
"2025-03-23 16:00:00","2025-03-23 17:00:00",Nederland,Wind,Hour,UTC,Providing,Current,168198,168198,0.025359975174069,0,0
"2025-03-23 17:00:00","2025-03-23 18:00:00",Nederland,Wind,Hour,UTC,Providing,Current,147524,147524,0.02224270068109,0,0
"2025-03-23 18:00:00","2025-03-23 19:00:00",Nederland,Wind,Hour,UTC,Providing,Current,61651,61651,0.0092952977865934,0,0
"2025-03-23 19:00:00","2025-03-23 20:00:00",Nederland,Wind,Hour,UTC,Providing,Current,88788,88788,0.013386727310717,0,0
"2025-03-23 20:00:00","2025-03-23 21:00:00",Nederland,Wind,Hour,UTC,Providing,Current,83019,83019,0.012516840361059,0,0
"2025-03-23 21:00:00","2025-03-23 22:00:00",Nederland,Wind,Hour,UTC,Providing,Current,59434,59434,0.0089608496055007,0,0
"2025-03-23 22:00:00","2025-03-23 23:00:00",Nederland,Wind,Hour,UTC,Providing,Current,30688,30688,0.0046267923898995,0,0
"2025-03-23 23:00:00","2025-03-24 00:00:00",Nederland,Wind,Hour,UTC,Providing,Current,3683,3683,0.00055528001394123,0,0
"2025-03-24 00:00:00","2025-03-24 01:00:00",Nederland,Wind,Hour,UTC,Providing,Current,0,0,0,0,0
"2025-03-24 01:00:00","2025-03-24 02:00:00",Nederland,Wind,Hour,UTC,Providing,Current,0,0,0,0,0
"2025-03-24 02:00:00","2025-03-24 03:00:00",Nederland,Wind,Hour,UTC,Providing,Current,0,0,0,0,0
"2025-03-24 03:00:00","2025-03-24 04:00:00",Nederland,Wind,Hour,UTC,Providing,Current,38162,38162,0.0057534575462341,0,0
"2025-03-24 04:00:00","2025-03-24 05:00:00",Nederland,Wind,Hour,UTC,Providing,Current,148035,148035,0.022318225353956,0,0
"2025-03-24 05:00:00","2025-03-24 06:00:00",Nederland,Wind,Hour,UTC,Providing,Current,364967,364967,0.055023249238729,0,0
"2025-03-24 06:00:00","2025-03-24 07:00:00",Nederland,Wind,Hour,UTC,Providing,Current,480385,480385,0.072423525154591,0,0
"2025-03-24 07:00:00","2025-03-24 08:00:00",Nederland,Wind,Hour,UTC,Providing,Current,484309,484309,0.07301464676857,0,0
"2025-03-24 08:00:00","2025-03-24 09:00:00",Nederland,Wind,Hour,UTC,Providing,Current,614441,614441,0.092632822692394,0,0
"2025-03-24 09:00:00","2025-03-24 10:00:00",Nederland,Wind,Hour,UTC,Providing,Current,629978,629978,0.0949746966362,0,0
"2025-03-24 10:00:00","2025-03-24 11:00:00",Nederland,Wind,Hour,UTC,Providing,Current,853603,853603,0.12868699431419,0,0
"2025-03-24 11:00:00","2025-03-24 12:00:00",Nederland,Wind,Hour,UTC,Providing,Current,1197899,1197899,0.18059100210667,0,0
"2025-03-24 12:00:00","2025-03-24 13:00:00",Nederland,Wind,Hour,UTC,Providing,Current,1741856,1741856,0.26259475946426,0,0
"2025-03-24 13:00:00","2025-03-24 14:00:00",Nederland,Wind,Hour,UTC,Providing,Current,2096791,2096791,0.31610125303268,0,0
"2025-03-24 14:00:00","2025-03-24 15:00:00",Nederland,Wind,Hour,UTC,Providing,Current,2222248,2222248,0.33501249551773,0,0
"2025-03-24 15:00:00","2025-03-24 16:00:00",Nederland,Wind,Hour,UTC,Providing,Current,2419600,2419600,0.36476200819016,0,0
"2025-03-24 16:00:00","2025-03-24 17:00:00",Nederland,Wind,Hour,UTC,Providing,Current,2465628,2465628,0.37169849872589,0,0
"2025-03-24 17:00:00","2025-03-24 18:00:00",Nederland,Wind,Hour,UTC,Providing,Current,2002717,2002717,0.30191150307655,0,0
"2025-03-24 18:00:00","2025-03-24 19:00:00",Nederland,Wind,Hour,UTC,Providing,Current,1525573,1525573,0.22998024523258,0,0
"2025-03-24 19:00:00","2025-03-24 20:00:00",Nederland,Wind,Hour,UTC,Providing,Current,1196173,1196173,0.18032224476337,0,0
"2025-03-24 20:00:00","2025-03-24 21:00:00",Nederland,Wind,Hour,UTC,Providing,Current,725871,725871,0.10942380130291,0,0
"2025-03-24 21:00:00","2025-03-24 22:00:00",Nederland,Wind,Hour,UTC,Providing,Current,527925,527925,0.079583324491978,0,0
"2025-03-24 22:00:00","2025-03-24 23:00:00",Nederland,Wind,Hour,UTC,Providing,Current,467506,467506,0.070474848151207,0,0
"2025-03-24 23:00:00","2025-03-25 00:00:00",Nederland,Wind,Hour,UTC,Providing,Current,470913,470913,0.070988051593304,0,0
"2025-03-25 00:00:00","2025-03-25 01:00:00",Nederland,Wind,Hour,UTC,Providing,Current,360862,360862,0.054397974163294,0,0
"2025-03-25 01:00:00","2025-03-25 02:00:00",Nederland,Wind,Hour,UTC,Providing,Current,389611,389611,0.058731373399496,0,0
"2025-03-25 02:00:00","2025-03-25 03:00:00",Nederland,Wind,Hour,UTC,Providing,Current,541494,541494,0.081626273691654,0,0
"2025-03-25 03:00:00","2025-03-25 04:00:00",Nederland,Wind,Hour,UTC,Providing,Current,525903,525903,0.079275600612164,0,0
"2025-03-25 04:00:00","2025-03-25 05:00:00",Nederland,Wind,Hour,UTC,Providing,Current,447964,447964,0.067526452243328,0,0
"2025-03-25 05:00:00","2025-03-25 06:00:00",Nederland,Wind,Hour,UTC,Providing,Current,618242,618242,0.093193724751472,0,0
"2025-03-25 06:00:00","2025-03-25 07:00:00",Nederland,Wind,Hour,UTC,Providing,Current,632457,632457,0.095336027443409,0,0
"2025-03-25 07:00:00","2025-03-25 08:00:00",Nederland,Wind,Hour,UTC,Providing,Current,1206752,1206752,0.18190349638462,0,0
"2025-03-25 08:00:00","2025-03-25 09:00:00",Nederland,Wind,Hour,UTC,Providing,Current,2133457,2133457,0.32159098982811,0,0
"2025-03-25 09:00:00","2025-03-25 10:00:00",Nederland,Wind,Hour,UTC,Providing,Current,2535480,2535480,0.38218849897385,0,0
"2025-03-25 10:00:00","2025-03-25 11:00:00",Nederland,Wind,Hour,UTC,Providing,Current,2825120,2825120,0.42584550380707,0,0
"2025-03-25 11:00:00","2025-03-25 12:00:00",Nederland,Wind,Hour,UTC,Providing,Current,3048973,3048973,0.4595847427845,0,0
"2025-03-25 12:00:00","2025-03-25 13:00:00",Nederland,Wind,Hour,UTC,Providing,Current,3065287,3065287,0.46204099059105,0,0
"2025-03-25 13:00:00","2025-03-25 14:00:00",Nederland,Wind,Hour,UTC,Providing,Current,3040910,3040910,0.45836374163628,0,0
"2025-03-25 14:00:00","2025-03-25 15:00:00",Nederland,Wind,Hour,UTC,Providing,Current,2951378,2951378,0.44486576318741,0,0
"2025-03-25 15:00:00","2025-03-25 16:00:00",Nederland,Wind,Hour,UTC,Providing,Current,2356732,2356732,0.35523149371147,0,0
"2025-03-25 16:00:00","2025-03-25 17:00:00",Nederland,Wind,Hour,UTC,Providing,Current,1930149,1930149,0.29093074798584,0,0
"2025-03-25 17:00:00","2025-03-25 18:00:00",Nederland,Wind,Hour,UTC,Providing,Current,1417007,1417007,0.21358375251293,0,0
"2025-03-25 18:00:00","2025-03-25 19:00:00",Nederland,Wind,Hour,UTC,Providing,Current,1186249,1186249,0.17880074679852,0,0
"2025-03-25 19:00:00","2025-03-25 20:00:00",Nederland,Wind,Hour,UTC,Providing,Current,978443,978443,0.14747774600983,0,0
"2025-03-25 20:00:00","2025-03-25 21:00:00",Nederland,Wind,Hour,UTC,Providing,Current,1115852,1115852,0.16818800568581,0,0
"2025-03-25 21:00:00","2025-03-25 22:00:00",Nederland,Wind,Hour,UTC,Providing,Current,936144,936144,0.1411004960537,0,0
"2025-03-25 22:00:00","2025-03-25 23:00:00",Nederland,Wind,Hour,UTC,Providing,Current,773419,773419,0.11657275259495,0,0
"2025-03-25 23:00:00","2025-03-26 00:00:00",Nederland,Wind,Hour,UTC,Providing,Current,980350,980350,0.14776149392128,0,0
"2025-03-26 00:00:00","2025-03-26 01:00:00",Nederland,Wind,Hour,UTC,Providing,Current,1049905,1049905,0.15824374556541,0,0
"2025-03-26 01:00:00","2025-03-26 02:00:00",Nederland,Wind,Hour,UTC,Providing,Current,986770,986770,0.14872725307941,0,0
"2025-03-26 02:00:00","2025-03-26 03:00:00",Nederland,Wind,Hour,UTC,Providing,Current,781804,781804,0.11783350259066,0,0
"2025-03-26 03:00:00","2025-03-26 04:00:00",Nederland,Wind,Hour,UTC,Providing,Current,794850,794850,0.11979924887419,0,0
"2025-03-26 04:00:00","2025-03-26 05:00:00",Nederland,Wind,Hour,UTC,Providing,Current,824924,824924,0.12433149665594,0,0
"2025-03-26 05:00:00","2025-03-26 06:00:00",Nederland,Wind,Hour,UTC,Providing,Current,983490,983490,0.14822925627232,0,0
"2025-03-26 06:00:00","2025-03-26 07:00:00",Nederland,Wind,Hour,UTC,Providing,Current,992254,992254,0.14954949915409,0,0
"2025-03-26 07:00:00","2025-03-26 08:00:00",Nederland,Wind,Hour,UTC,Providing,Current,909184,909184,0.137028247118,0,0
"2025-03-26 08:00:00","2025-03-26 09:00:00",Nederland,Wind,Hour,UTC,Providing,Current,1227244,1227244,0.18496349453926,0,0
"2025-03-26 09:00:00","2025-03-26 10:00:00",Nederland,Wind,Hour,UTC,Providing,Current,1528081,1528081,0.23030300438404,0,0
"2025-03-26 10:00:00","2025-03-26 11:00:00",Nederland,Wind,Hour,UTC,Providing,Current,1521426,1521426,0.22929875552654,0,0
"2025-03-26 11:00:00","2025-03-26 12:00:00",Nederland,Wind,Hour,UTC,Providing,Current,1525026,1525026,0.22983975708485,0,0
"2025-03-26 12:00:00","2025-03-26 13:00:00",Nederland,Wind,Hour,UTC,Providing,Current,1507280,1507280,0.22716374695301,0,0
"2025-03-26 13:00:00","2025-03-26 14:00:00",Nederland,Wind,Hour,UTC,Providing,Current,1269412,1269412,0.19131325185299,0,0
"2025-03-26 14:00:00","2025-03-26 15:00:00",Nederland,Wind,Hour,UTC,Providing,Current,910516,910516,0.13722324371338,0,0
"2025-03-26 15:00:00","2025-03-26 16:00:00",Nederland,Wind,Hour,UTC,Providing,Current,768515,768515,0.11582124978304,0,0
"2025-03-26 16:00:00","2025-03-26 17:00:00",Nederland,Wind,Hour,UTC,Providing,Current,766899,766899,0.11557734757662,0,0
"2025-03-26 17:00:00","2025-03-26 18:00:00",Nederland,Wind,Hour,UTC,Providing,Current,419271,419271,0.063186876475811,0,0
"2025-03-26 18:00:00","2025-03-26 19:00:00",Nederland,Wind,Hour,UTC,Providing,Current,85897,85897,0.012945152819157,0,0
"2025-03-26 19:00:00","2025-03-26 20:00:00",Nederland,Wind,Hour,UTC,Providing,Current,19993,19993,0.0030130376107991,0,0
"2025-03-26 20:00:00","2025-03-26 21:00:00",Nederland,Wind,Hour,UTC,Providing,Current,0,0,0,0,0
"2025-03-26 21:00:00","2025-03-26 22:00:00",Nederland,Wind,Hour,UTC,Providing,Current,0,0,0,0,0
"2025-03-26 22:00:00","2025-03-26 23:00:00",Nederland,Wind,Hour,UTC,Providing,Current,17933,17933,0.0027025325689465,0,0
"2025-03-26 23:00:00","2025-03-27 00:00:00",Nederland,Wind,Hour,UTC,Providing,Current,43291,43291,0.0065239872783422,0,0
"2025-03-27 00:00:00","2025-03-27 01:00:00",Nederland,Wind,Hour,UTC,Providing,Current,55734,55734,0.0083991074934602,0,0
"2025-03-27 01:00:00","2025-03-27 02:00:00",Nederland,Wind,Hour,UTC,Providing,Current,66128,66128,0.0099653974175453,0,0
"2025-03-27 02:00:00","2025-03-27 03:00:00",Nederland,Wind,Hour,UTC,Providing,Current,78182,78182,0.011781875044107,0,0
"2025-03-27 03:00:00","2025-03-27 04:00:00",Nederland,Wind,Hour,UTC,Providing,Current,95070,95070,0.014326775446534,0,0
"2025-03-27 04:00:00","2025-03-27 05:00:00",Nederland,Wind,Hour,UTC,Providing,Current,176615,176615,0.026615200564265,0,0
"2025-03-27 05:00:00","2025-03-27 06:00:00",Nederland,Wind,Hour,UTC,Providing,Current,239127,239127,0.036035299301147,0,0
"2025-03-27 06:00:00","2025-03-27 07:00:00",Nederland,Wind,Hour,UTC,Providing,Current,236895,236895,0.035698726773262,0,0
"2025-03-27 07:00:00","2025-03-27 08:00:00",Nederland,Wind,Hour,UTC,Providing,Current,275278,275278,0.041482549160719,0,0
"2025-03-27 08:00:00","2025-03-27 09:00:00",Nederland,Wind,Hour,UTC,Providing,Current,657435,657435,0.099070526659489,0,0
"2025-03-27 09:00:00","2025-03-27 10:00:00",Nederland,Wind,Hour,UTC,Providing,Current,1130345,1130345,0.17033325135708,0,0
"2025-03-27 10:00:00","2025-03-27 11:00:00",Nederland,Wind,Hour,UTC,Providing,Current,1184049,1184049,0.17842499911785,0,0
"2025-03-27 11:00:00","2025-03-27 12:00:00",Nederland,Wind,Hour,UTC,Providing,Current,1066903,1066903,0.16077125072479,0,0
"2025-03-27 12:00:00","2025-03-27 13:00:00",Nederland,Wind,Hour,UTC,Providing,Current,1204570,1204570,0.18151499330997,0,0
"2025-03-27 13:00:00","2025-03-27 14:00:00",Nederland,Wind,Hour,UTC,Providing,Current,1255573,1255573,0.18919950723648,0,0
"2025-03-27 14:00:00","2025-03-27 15:00:00",Nederland,Wind,Hour,UTC,Providing,Current,1163041,1163041,0.17525500059128,0,0
"2025-03-27 15:00:00","2025-03-27 16:00:00",Nederland,Wind,Hour,UTC,Providing,Current,875798,875798,0.13197049498558,0,0
"2025-03-27 16:00:00","2025-03-27 17:00:00",Nederland,Wind,Hour,UTC,Providing,Current,669190,669190,0.10083685070276,0,0
"2025-03-27 17:00:00","2025-03-27 18:00:00",Nederland,Wind,Hour,UTC,Providing,Current,339384,339384,0.051139775663614,0,0
"2025-03-27 18:00:00","2025-03-27 19:00:00",Nederland,Wind,Hour,UTC,Providing,Current,137820,137820,0.020767150446773,0,0
"2025-03-27 19:00:00","2025-03-27 20:00:00",Nederland,Wind,Hour,UTC,Providing,Current,161947,161947,0.024402549490333,0,0
"2025-03-27 20:00:00","2025-03-27 21:00:00",Nederland,Wind,Hour,UTC,Providing,Current,221339,221339,0.033351648598909,0,0
"2025-03-27 21:00:00","2025-03-27 22:00:00",Nederland,Wind,Hour,UTC,Providing,Current,193119,193119,0.029099250212312,0,0
"2025-03-27 22:00:00","2025-03-27 23:00:00",Nederland,Wind,Hour,UTC,Providing,Current,282803,282803,0.042612574994564,0,0
"2025-03-27 23:00:00","2025-03-28 00:00:00",Nederland,Wind,Hour,UTC,Providing,Current,443603,443603,0.066841401159763,0,0
"2025-03-28 00:00:00","2025-03-28 01:00:00",Nederland,Wind,Hour,UTC,Providing,Current,501370,501370,0.075545199215412,0,0
"2025-03-28 01:00:00","2025-03-28 02:00:00",Nederland,Wind,Hour,UTC,Providing,Current,527693,527693,0.079511001706123,0,0
"2025-03-28 02:00:00","2025-03-28 03:00:00",Nederland,Wind,Hour,UTC,Providing,Current,690216,690216,0.10399877279997,0,0
"2025-03-28 03:00:00","2025-03-28 04:00:00",Nederland,Wind,Hour,UTC,Providing,Current,735558,735558,0.11083024740219,0,0
"2025-03-28 04:00:00","2025-03-28 05:00:00",Nederland,Wind,Hour,UTC,Providing,Current,1071226,1071226,0.16140575706959,0,0
"2025-03-28 05:00:00","2025-03-28 06:00:00",Nederland,Wind,Hour,UTC,Providing,Current,1446148,1446148,0.21789525449276,0,0
"2025-03-28 06:00:00","2025-03-28 07:00:00",Nederland,Wind,Hour,UTC,Providing,Current,1728570,1728570,0.26044675707817,0,0
"2025-03-28 07:00:00","2025-03-28 08:00:00",Nederland,Wind,Hour,UTC,Providing,Current,2169167,2169167,0.32683050632477,0,0
"2025-03-28 08:00:00","2025-03-28 09:00:00",Nederland,Wind,Hour,UTC,Providing,Current,2768823,2768823,0.41717875003815,0,0
"2025-03-28 09:00:00","2025-03-28 10:00:00",Nederland,Wind,Hour,UTC,Providing,Current,3291265,3291265,0.49589225649834,0,0
"2025-03-28 10:00:00","2025-03-28 11:00:00",Nederland,Wind,Hour,UTC,Providing,Current,3385388,3385388,0.51007050275803,0,0
"2025-03-28 11:00:00","2025-03-28 12:00:00",Nederland,Wind,Hour,UTC,Providing,Current,3537347,3537347,0.53296250104904,0,0
"2025-03-28 12:00:00","2025-03-28 13:00:00",Nederland,Wind,Hour,UTC,Providing,Current,3287814,3287814,0.49536299705505,0,0
"2025-03-28 13:00:00","2025-03-28 14:00:00",Nederland,Wind,Hour,UTC,Providing,Current,3130661,3130661,0.4716824889183,0,0
"2025-03-28 14:00:00","2025-03-28 15:00:00",Nederland,Wind,Hour,UTC,Providing,Current,3054222,3054222,0.46016299724579,0,0
"2025-03-28 15:00:00","2025-03-28 16:00:00",Nederland,Wind,Hour,UTC,Providing,Current,2687734,2687734,0.40494376420975,0,0
"2025-03-28 16:00:00","2025-03-28 17:00:00",Nederland,Wind,Hour,UTC,Providing,Current,1975144,1975144,0.29758051037788,0,0
"2025-03-28 17:00:00","2025-03-28 18:00:00",Nederland,Wind,Hour,UTC,Providing,Current,975785,975785,0.14701350033283,0,0
"2025-03-28 18:00:00","2025-03-28 19:00:00",Nederland,Wind,Hour,UTC,Providing,Current,472127,472127,0.071131028234959,0,0
"2025-03-28 19:00:00","2025-03-28 20:00:00",Nederland,Wind,Hour,UTC,Providing,Current,267398,267398,0.040286149829626,0,0
"2025-03-28 20:00:00","2025-03-28 21:00:00",Nederland,Wind,Hour,UTC,Providing,Current,203719,203719,0.03069207444787,0,0
"2025-03-28 21:00:00","2025-03-28 22:00:00",Nederland,Wind,Hour,UTC,Providing,Current,262345,262345,0.039524376392365,0,0
"2025-03-28 22:00:00","2025-03-28 23:00:00",Nederland,Wind,Hour,UTC,Providing,Current,286297,286297,0.043132673949003,0,0
"2025-03-28 23:00:00","2025-03-29 00:00:00",Nederland,Wind,Hour,UTC,Providing,Current,279715,279715,0.042140800505877,0,0
"2025-03-29 00:00:00","2025-03-29 01:00:00",Nederland,Wind,Hour,UTC,Providing,Current,285358,285358,0.042990650981665,0,0
"2025-03-29 01:00:00","2025-03-29 02:00:00",Nederland,Wind,Hour,UTC,Providing,Current,334996,334996,0.050468601286411,0,0
"2025-03-29 02:00:00","2025-03-29 03:00:00",Nederland,Wind,Hour,UTC,Providing,Current,324401,324401,0.048872098326683,0,0
"2025-03-29 03:00:00","2025-03-29 04:00:00",Nederland,Wind,Hour,UTC,Providing,Current,302828,302828,0.045621749013662,0,0
"2025-03-29 04:00:00","2025-03-29 05:00:00",Nederland,Wind,Hour,UTC,Providing,Current,370301,370301,0.055786423385143,0,0
"2025-03-29 05:00:00","2025-03-29 06:00:00",Nederland,Wind,Hour,UTC,Providing,Current,458073,458073,0.069008946418762,0,0
"2025-03-29 06:00:00","2025-03-29 07:00:00",Nederland,Wind,Hour,UTC,Providing,Current,403095,403095,0.060726124793291,0,0
"2025-03-29 07:00:00","2025-03-29 08:00:00",Nederland,Wind,Hour,UTC,Providing,Current,520103,520103,0.078352726995945,0,0
"2025-03-29 08:00:00","2025-03-29 09:00:00",Nederland,Wind,Hour,UTC,Providing,Current,1037736,1037736,0.15633249282837,0,0
"2025-03-29 09:00:00","2025-03-29 10:00:00",Nederland,Wind,Hour,UTC,Providing,Current,1279716,1279716,0.1927855014801,0,0
"2025-03-29 10:00:00","2025-03-29 11:00:00",Nederland,Wind,Hour,UTC,Providing,Current,1618931,1618931,0.24388499557972,0,0
"2025-03-29 11:00:00","2025-03-29 12:00:00",Nederland,Wind,Hour,UTC,Providing,Current,1942968,1942968,0.29269826412201,0,0
"2025-03-29 12:00:00","2025-03-29 13:00:00",Nederland,Wind,Hour,UTC,Providing,Current,2226187,2226187,0.33536174893379,0,0
"2025-03-29 13:00:00","2025-03-29 14:00:00",Nederland,Wind,Hour,UTC,Providing,Current,2573376,2573376,0.38766148686409,0,0
"2025-03-29 14:00:00","2025-03-29 15:00:00",Nederland,Wind,Hour,UTC,Providing,Current,2323980,2323980,0.35008949041367,0,0
"2025-03-29 15:00:00","2025-03-29 16:00:00",Nederland,Wind,Hour,UTC,Providing,Current,1849727,1849727,0.27864524722099,0,0
"2025-03-29 16:00:00","2025-03-29 17:00:00",Nederland,Wind,Hour,UTC,Providing,Current,1570463,1570463,0.23657500743866,0,0
"2025-03-29 17:00:00","2025-03-29 18:00:00",Nederland,Wind,Hour,UTC,Providing,Current,1278325,1278325,0.19256600737572,0,0
"2025-03-29 18:00:00","2025-03-29 19:00:00",Nederland,Wind,Hour,UTC,Providing,Current,986317,986317,0.14857749640942,0,0
"2025-03-29 19:00:00","2025-03-29 20:00:00",Nederland,Wind,Hour,UTC,Providing,Current,1034701,1034701,0.15586474537849,0,0
"2025-03-29 20:00:00","2025-03-29 21:00:00",Nederland,Wind,Hour,UTC,Providing,Current,1526312,1526312,0.22991874814034,0,0
"2025-03-29 21:00:00","2025-03-29 22:00:00",Nederland,Wind,Hour,UTC,Providing,Current,2282501,2282501,0.34382626414299,0,0
"2025-03-29 22:00:00","2025-03-29 23:00:00",Nederland,Wind,Hour,UTC,Providing,Current,3489161,3489161,0.52558898925781,0,0
"2025-03-29 23:00:00","2025-03-30 00:00:00",Nederland,Wind,Hour,UTC,Providing,Current,4419788,4419788,0.66576951742172,0,0
"2025-03-30 00:00:00","2025-03-30 01:00:00",Nederland,Wind,Hour,UTC,Providing,Current,5508744,5508744,0.82979822158813,0,0
"2025-03-30 01:00:00","2025-03-30 02:00:00",Nederland,Wind,Hour,UTC,Providing,Current,5891733,5891733,0.88748323917389,0,0
"2025-03-30 02:00:00","2025-03-30 03:00:00",Nederland,Wind,Hour,UTC,Providing,Current,6113404,6113404,0.92086851596832,0,0
"2025-03-30 03:00:00","2025-03-30 04:00:00",Nederland,Wind,Hour,UTC,Providing,Current,6076622,6076622,0.91532224416733,0,0
"2025-03-30 04:00:00","2025-03-30 05:00:00",Nederland,Wind,Hour,UTC,Providing,Current,6133877,6133877,0.92394077777863,0,0
"2025-03-30 05:00:00","2025-03-30 06:00:00",Nederland,Wind,Hour,UTC,Providing,Current,6172647,6172647,0.92977476119995,0,0
"2025-03-30 06:00:00","2025-03-30 07:00:00",Nederland,Wind,Hour,UTC,Providing,Current,6091101,6091101,0.91748625040054,0,0
"2025-03-30 07:00:00","2025-03-30 08:00:00",Nederland,Wind,Hour,UTC,Providing,Current,6085390,6085390,0.91662049293518,0,0
"2025-03-30 08:00:00","2025-03-30 09:00:00",Nederland,Wind,Hour,UTC,Providing,Current,6203717,6203717,0.93443751335144,0,0
"2025-03-30 09:00:00","2025-03-30 10:00:00",Nederland,Wind,Hour,UTC,Providing,Current,6373923,6373923,0.96006923913956,0,0
"2025-03-30 10:00:00","2025-03-30 11:00:00",Nederland,Wind,Hour,UTC,Providing,Current,6502229,6502229,0.97938901185989,0,0
"2025-03-30 11:00:00","2025-03-30 12:00:00",Nederland,Wind,Hour,UTC,Providing,Current,6512757,6512757,0.98096877336502,0,0
"2025-03-30 12:00:00","2025-03-30 13:00:00",Nederland,Wind,Hour,UTC,Providing,Current,6513969,6513969,0.98114550113678,0,0
"2025-03-30 13:00:00","2025-03-30 14:00:00",Nederland,Wind,Hour,UTC,Providing,Current,6539192,6539192,0.98493874073029,0,0
"2025-03-30 14:00:00","2025-03-30 15:00:00",Nederland,Wind,Hour,UTC,Providing,Current,6525146,6525146,0.98281651735306,0,0
"2025-03-30 15:00:00","2025-03-30 16:00:00",Nederland,Wind,Hour,UTC,Providing,Current,6459531,6459531,0.97292774915695,0,0
"2025-03-30 16:00:00","2025-03-30 17:00:00",Nederland,Wind,Hour,UTC,Providing,Current,6388561,6388561,0.96223247051239,0,0
"2025-03-30 17:00:00","2025-03-30 18:00:00",Nederland,Wind,Hour,UTC,Providing,Current,6157712,6157712,0.92745649814606,0,0
"2025-03-30 18:00:00","2025-03-30 19:00:00",Nederland,Wind,Hour,UTC,Providing,Current,5565003,5565003,0.83817923069,0,0
"2025-03-30 19:00:00","2025-03-30 20:00:00",Nederland,Wind,Hour,UTC,Providing,Current,5142577,5142577,0.77455049753189,0,0
"2025-03-30 20:00:00","2025-03-30 21:00:00",Nederland,Wind,Hour,UTC,Providing,Current,5084781,5084781,0.76584100723267,0,0
"2025-03-30 21:00:00","2025-03-30 22:00:00",Nederland,Wind,Hour,UTC,Providing,Current,5155699,5155699,0.77651727199554,0,0
"2025-03-30 22:00:00","2025-03-30 23:00:00",Nederland,Wind,Hour,UTC,Providing,Current,4788933,4788933,0.7212730050087,0,0
"2025-03-30 23:00:00","2025-03-31 00:00:00",Nederland,Wind,Hour,UTC,Providing,Current,4248753,4248753,0.63991099596024,0,0
"2025-03-31 00:00:00","2025-03-31 01:00:00",Nederland,Wind,Hour,UTC,Providing,Current,3632647,3632647,0.54711502790451,0,0
"2025-03-31 01:00:00","2025-03-31 02:00:00",Nederland,Wind,Hour,UTC,Providing,Current,3450542,3450542,0.51968497037888,0,0
"2025-03-31 02:00:00","2025-03-31 03:00:00",Nederland,Wind,Hour,UTC,Providing,Current,3148236,3148236,0.47415176033974,0,0
"2025-03-31 03:00:00","2025-03-31 04:00:00",Nederland,Wind,Hour,UTC,Providing,Current,2903699,2903699,0.4373194873333,0,0
"2025-03-31 04:00:00","2025-03-31 05:00:00",Nederland,Wind,Hour,UTC,Providing,Current,2384001,2384001,0.3590469956398,0,0
"2025-03-31 05:00:00","2025-03-31 06:00:00",Nederland,Wind,Hour,UTC,Providing,Current,1968525,1968525,0.29647174477577,0,0
"2025-03-31 06:00:00","2025-03-31 07:00:00",Nederland,Wind,Hour,UTC,Providing,Current,1709991,1709991,0.25753325223923,0,0
"2025-03-31 07:00:00","2025-03-31 08:00:00",Nederland,Wind,Hour,UTC,Providing,Current,2005038,2005038,0.30196648836136,0,0
"2025-03-31 08:00:00","2025-03-31 09:00:00",Nederland,Wind,Hour,UTC,Providing,Current,2525609,2525609,0.38036450743675,0,0
"2025-03-31 09:00:00","2025-03-31 10:00:00",Nederland,Wind,Hour,UTC,Providing,Current,2869888,2869888,0.43221148848534,0,0
"2025-03-31 10:00:00","2025-03-31 11:00:00",Nederland,Wind,Hour,UTC,Providing,Current,2762225,2762225,0.41599449515343,0,0
"2025-03-31 11:00:00","2025-03-31 12:00:00",Nederland,Wind,Hour,UTC,Providing,Current,2866719,2866719,0.4317287504673,0,0
"2025-03-31 12:00:00","2025-03-31 13:00:00",Nederland,Wind,Hour,UTC,Providing,Current,2876959,2876959,0.43326848745346,0,0
"2025-03-31 13:00:00","2025-03-31 14:00:00",Nederland,Wind,Hour,UTC,Providing,Current,2823367,2823367,0.42519474029541,0,0
"2025-03-31 14:00:00","2025-03-31 15:00:00",Nederland,Wind,Hour,UTC,Providing,Current,2669873,2669873,0.40207624435425,0,0
"2025-03-31 15:00:00","2025-03-31 16:00:00",Nederland,Wind,Hour,UTC,Providing,Current,2643085,2643085,0.39803975820541,0,0
"2025-03-31 16:00:00","2025-03-31 17:00:00",Nederland,Wind,Hour,UTC,Providing,Current,2683922,2683922,0.40418699383736,0,0
"2025-03-31 17:00:00","2025-03-31 18:00:00",Nederland,Wind,Hour,UTC,Providing,Current,2326990,2326990,0.35043275356293,0,0
"2025-03-31 18:00:00","2025-03-31 19:00:00",Nederland,Wind,Hour,UTC,Providing,Current,1429153,1429153,0.21522200107574,0,0
"2025-03-31 19:00:00","2025-03-31 20:00:00",Nederland,Wind,Hour,UTC,Providing,Current,857412,857412,0.1291202455759,0,0
"2025-03-31 20:00:00","2025-03-31 21:00:00",Nederland,Wind,Hour,UTC,Providing,Current,554046,554046,0.083434924483299,0,0
"2025-03-31 21:00:00","2025-03-31 22:00:00",Nederland,Wind,Hour,UTC,Providing,Current,400320,400320,0.060284625738859,0,0
"2025-03-31 22:00:00","2025-03-31 23:00:00",Nederland,Wind,Hour,UTC,Providing,Current,281487,281487,0.042389176785946,0,0
"2025-03-31 23:00:00","2025-04-01 00:00:00",Nederland,Wind,Hour,UTC,Providing,Current,291827,291827,0.043946001678705,0,0
"2025-04-01 00:00:00","2025-04-01 01:00:00",Nederland,Wind,Hour,UTC,Providing,Current,243194,243194,0.036622174084187,0,0
"2025-04-01 01:00:00","2025-04-01 02:00:00",Nederland,Wind,Hour,UTC,Providing,Current,234170,234170,0.035263050347567,0,0
"2025-04-01 02:00:00","2025-04-01 03:00:00",Nederland,Wind,Hour,UTC,Providing,Current,246009,246009,0.037045601755381,0,0
"2025-04-01 03:00:00","2025-04-01 04:00:00",Nederland,Wind,Hour,UTC,Providing,Current,324495,324495,0.04886420071125,0,0
"2025-04-01 04:00:00","2025-04-01 05:00:00",Nederland,Wind,Hour,UTC,Providing,Current,384793,384793,0.057943899184465,0,0
"2025-04-01 05:00:00","2025-04-01 06:00:00",Nederland,Wind,Hour,UTC,Providing,Current,417176,417176,0.062819853425026,0,0
"2025-04-01 06:00:00","2025-04-01 07:00:00",Nederland,Wind,Hour,UTC,Providing,Current,525905,525905,0.079192198812962,0,0
"2025-04-01 07:00:00","2025-04-01 08:00:00",Nederland,Wind,Hour,UTC,Providing,Current,742254,742254,0.11176995187998,0,0
"2025-04-01 08:00:00","2025-04-01 09:00:00",Nederland,Wind,Hour,UTC,Providing,Current,1153556,1153556,0.1737032532692,0,0
"2025-04-01 09:00:00","2025-04-01 10:00:00",Nederland,Wind,Hour,UTC,Providing,Current,1610905,1610905,0.24256999790668,0,0
"2025-04-01 10:00:00","2025-04-01 11:00:00",Nederland,Wind,Hour,UTC,Providing,Current,2464314,2464314,0.37107375264168,0,0
"2025-04-01 11:00:00","2025-04-01 12:00:00",Nederland,Wind,Hour,UTC,Providing,Current,3507163,3507163,0.52810150384903,0,0
"2025-04-01 12:00:00","2025-04-01 13:00:00",Nederland,Wind,Hour,UTC,Providing,Current,4350752,4350752,0.65512377023697,0,0
"2025-04-01 13:00:00","2025-04-01 14:00:00",Nederland,Wind,Hour,UTC,Providing,Current,4713660,4713660,0.7097652554512,0,0
"2025-04-01 14:00:00","2025-04-01 15:00:00",Nederland,Wind,Hour,UTC,Providing,Current,4891281,4891281,0.73650598526001,0,0
"2025-04-01 15:00:00","2025-04-01 16:00:00",Nederland,Wind,Hour,UTC,Providing,Current,5303039,5303039,0.79850149154663,0,0
"2025-04-01 16:00:00","2025-04-01 17:00:00",Nederland,Wind,Hour,UTC,Providing,Current,5363283,5363283,0.80756777524948,0,0
"2025-04-01 17:00:00","2025-04-01 18:00:00",Nederland,Wind,Hour,UTC,Providing,Current,4723209,4723209,0.71118551492691,0,0
"2025-04-01 18:00:00","2025-04-01 19:00:00",Nederland,Wind,Hour,UTC,Providing,Current,3321540,3321540,0.5001295208931,0,0
"2025-04-01 19:00:00","2025-04-01 20:00:00",Nederland,Wind,Hour,UTC,Providing,Current,2158354,2158354,0.32498475909233,0,0
"2025-04-01 20:00:00","2025-04-01 21:00:00",Nederland,Wind,Hour,UTC,Providing,Current,1949666,1949666,0.29356050491333,0,0
"2025-04-01 21:00:00","2025-04-01 22:00:00",Nederland,Wind,Hour,UTC,Providing,Current,1976719,1976719,0.29763200879097,0,0
"2025-04-01 22:00:00","2025-04-01 23:00:00",Nederland,Wind,Hour,UTC,Providing,Current,1963118,1963118,0.29558226466179,0,0
"2025-04-01 23:00:00","2025-04-02 00:00:00",Nederland,Wind,Hour,UTC,Providing,Current,1741901,1741901,0.26227250695229,0,0
"2025-04-02 00:00:00","2025-04-02 01:00:00",Nederland,Wind,Hour,UTC,Providing,Current,1594014,1594014,0.24000425636768,0,0
"2025-04-02 01:00:00","2025-04-02 02:00:00",Nederland,Wind,Hour,UTC,Providing,Current,1521457,1521457,0.2290782481432,0,0
"2025-04-02 02:00:00","2025-04-02 03:00:00",Nederland,Wind,Hour,UTC,Providing,Current,1506924,1506924,0.22688874602318,0,0
"2025-04-02 03:00:00","2025-04-02 04:00:00",Nederland,Wind,Hour,UTC,Providing,Current,1640365,1640365,0.24697850644588,0,0
"2025-04-02 04:00:00","2025-04-02 05:00:00",Nederland,Wind,Hour,UTC,Providing,Current,2000956,2000956,0.30126824975014,0,0
"2025-04-02 05:00:00","2025-04-02 06:00:00",Nederland,Wind,Hour,UTC,Providing,Current,1969603,1969603,0.29654601216316,0,0
"2025-04-02 06:00:00","2025-04-02 07:00:00",Nederland,Wind,Hour,UTC,Providing,Current,2213339,2213339,0.33324125409126,0,0
"2025-04-02 07:00:00","2025-04-02 08:00:00",Nederland,Wind,Hour,UTC,Providing,Current,3192788,3192788,0.48070424795151,0,0
"2025-04-02 08:00:00","2025-04-02 09:00:00",Nederland,Wind,Hour,UTC,Providing,Current,4174349,4174349,0.62848377227783,0,0
"2025-04-02 09:00:00","2025-04-02 10:00:00",Nederland,Wind,Hour,UTC,Providing,Current,4727894,4727894,0.7118204832077,0,0
"2025-04-02 10:00:00","2025-04-02 11:00:00",Nederland,Wind,Hour,UTC,Providing,Current,5077514,5077514,0.76445376873016,0,0
"2025-04-02 11:00:00","2025-04-02 12:00:00",Nederland,Wind,Hour,UTC,Providing,Current,5321029,5321029,0.8011115193367,0,0
"2025-04-02 12:00:00","2025-04-02 13:00:00",Nederland,Wind,Hour,UTC,Providing,Current,5785458,5785458,0.87102872133255,0,0
"2025-04-02 13:00:00","2025-04-02 14:00:00",Nederland,Wind,Hour,UTC,Providing,Current,6281684,6281684,0.94573199748993,0,0
"2025-04-02 14:00:00","2025-04-02 15:00:00",Nederland,Wind,Hour,UTC,Providing,Current,6450690,6450690,0.97117048501968,0,0
"2025-04-02 15:00:00","2025-04-02 16:00:00",Nederland,Wind,Hour,UTC,Providing,Current,6476489,6476489,0.97504872083664,0,0
"2025-04-02 16:00:00","2025-04-02 17:00:00",Nederland,Wind,Hour,UTC,Providing,Current,6328539,6328539,0.95276874303818,0,0
"2025-04-02 17:00:00","2025-04-02 18:00:00",Nederland,Wind,Hour,UTC,Providing,Current,5774468,5774468,0.86934727430344,0,0
"2025-04-02 18:00:00","2025-04-02 19:00:00",Nederland,Wind,Hour,UTC,Providing,Current,4559609,4559609,0.68644577264786,0,0
"2025-04-02 19:00:00","2025-04-02 20:00:00",Nederland,Wind,Hour,UTC,Providing,Current,4057139,4057139,0.61079525947571,0,0
"2025-04-02 20:00:00","2025-04-02 21:00:00",Nederland,Wind,Hour,UTC,Providing,Current,3978653,3978653,0.59897601604462,0,0
"2025-04-02 21:00:00","2025-04-02 22:00:00",Nederland,Wind,Hour,UTC,Providing,Current,3590170,3590170,0.54048752784729,0,0
"2025-04-02 22:00:00","2025-04-02 23:00:00",Nederland,Wind,Hour,UTC,Providing,Current,3596516,3596516,0.541439473629,0,0
"2025-04-02 23:00:00","2025-04-03 00:00:00",Nederland,Wind,Hour,UTC,Providing,Current,3383893,3383893,0.50942701101303,0,0
"2025-04-03 00:00:00","2025-04-03 01:00:00",Nederland,Wind,Hour,UTC,Providing,Current,3016328,3016328,0.45408925414085,0,0
"2025-04-03 01:00:00","2025-04-03 02:00:00",Nederland,Wind,Hour,UTC,Providing,Current,2934192,2934192,0.44172149896622,0,0
"2025-04-03 02:00:00","2025-04-03 03:00:00",Nederland,Wind,Hour,UTC,Providing,Current,2794043,2794043,0.42061999440193,0,0
"2025-04-03 03:00:00","2025-04-03 04:00:00",Nederland,Wind,Hour,UTC,Providing,Current,2449152,2449152,0.36869749426842,0,0
"2025-04-03 04:00:00","2025-04-03 05:00:00",Nederland,Wind,Hour,UTC,Providing,Current,2332519,2332519,0.35113725066185,0,0
"2025-04-03 05:00:00","2025-04-03 06:00:00",Nederland,Wind,Hour,UTC,Providing,Current,2277432,2277432,0.34284248948097,0,0
"2025-04-03 06:00:00","2025-04-03 07:00:00",Nederland,Wind,Hour,UTC,Providing,Current,2569068,2569068,0.38674274086952,0,0
"2025-04-03 07:00:00","2025-04-03 08:00:00",Nederland,Wind,Hour,UTC,Providing,Current,3137641,3137641,0.47233149409294,0,0
"2025-04-03 08:00:00","2025-04-03 09:00:00",Nederland,Wind,Hour,UTC,Providing,Current,3772802,3772802,0.5679435133934,0,0
"2025-04-03 09:00:00","2025-04-03 10:00:00",Nederland,Wind,Hour,UTC,Providing,Current,4060956,4060956,0.61131727695465,0,0
"2025-04-03 10:00:00","2025-04-03 11:00:00",Nederland,Wind,Hour,UTC,Providing,Current,4168298,4168298,0.62747198343277,0,0
"2025-04-03 11:00:00","2025-04-03 12:00:00",Nederland,Wind,Hour,UTC,Providing,Current,4542863,4542863,0.68385273218155,0,0
"2025-04-03 12:00:00","2025-04-03 13:00:00",Nederland,Wind,Hour,UTC,Providing,Current,5035076,5035076,0.75794297456741,0,0
"2025-04-03 13:00:00","2025-04-03 14:00:00",Nederland,Wind,Hour,UTC,Providing,Current,5116627,5116627,0.7702140212059,0,0
"2025-04-03 14:00:00","2025-04-03 15:00:00",Nederland,Wind,Hour,UTC,Providing,Current,4873119,4873119,0.73355400562286,0,0
"2025-04-03 15:00:00","2025-04-03 16:00:00",Nederland,Wind,Hour,UTC,Providing,Current,4466364,4466364,0.67232072353363,0,0
"2025-04-03 16:00:00","2025-04-03 17:00:00",Nederland,Wind,Hour,UTC,Providing,Current,3666421,3666421,0.55190223455429,0,0
"2025-04-03 17:00:00","2025-04-03 18:00:00",Nederland,Wind,Hour,UTC,Providing,Current,2241579,2241579,0.33742025494576,0,0
"2025-04-03 18:00:00","2025-04-03 19:00:00",Nederland,Wind,Hour,UTC,Providing,Current,1027943,1027943,0.15473300218582,0,0
"2025-04-03 19:00:00","2025-04-03 20:00:00",Nederland,Wind,Hour,UTC,Providing,Current,827155,827155,0.12450824677944,0,0
"2025-04-03 20:00:00","2025-04-03 21:00:00",Nederland,Wind,Hour,UTC,Providing,Current,635281,635281,0.095625802874565,0,0
"2025-04-03 21:00:00","2025-04-03 22:00:00",Nederland,Wind,Hour,UTC,Providing,Current,563054,563054,0.084753252565861,0,0
"2025-04-03 22:00:00","2025-04-03 23:00:00",Nederland,Wind,Hour,UTC,Providing,Current,549228,549228,0.082671575248241,0,0
"2025-04-03 23:00:00","2025-04-04 00:00:00",Nederland,Wind,Hour,UTC,Providing,Current,594551,594551,0.089493200182915,0,0
"2025-04-04 00:00:00","2025-04-04 01:00:00",Nederland,Wind,Hour,UTC,Providing,Current,414927,414927,0.062455374747515,0,0
"2025-04-04 01:00:00","2025-04-04 02:00:00",Nederland,Wind,Hour,UTC,Providing,Current,396908,396908,0.059742774814367,0,0
"2025-04-04 02:00:00","2025-04-04 03:00:00",Nederland,Wind,Hour,UTC,Providing,Current,281388,281388,0.04235440120101,0,0
"2025-04-04 03:00:00","2025-04-04 04:00:00",Nederland,Wind,Hour,UTC,Providing,Current,219430,219430,0.033028300851583,0,0
"2025-04-04 04:00:00","2025-04-04 05:00:00",Nederland,Wind,Hour,UTC,Providing,Current,239183,239183,0.036001276224852,0,0
"2025-04-04 05:00:00","2025-04-04 06:00:00",Nederland,Wind,Hour,UTC,Providing,Current,197488,197488,0.02972524985671,0,0
"2025-04-04 06:00:00","2025-04-04 07:00:00",Nederland,Wind,Hour,UTC,Providing,Current,236876,236876,0.035653576254845,0,0
"2025-04-04 07:00:00","2025-04-04 08:00:00",Nederland,Wind,Hour,UTC,Providing,Current,370761,370761,0.055805023759604,0,0
"2025-04-04 08:00:00","2025-04-04 09:00:00",Nederland,Wind,Hour,UTC,Providing,Current,563698,563698,0.084844425320625,0,0
"2025-04-04 09:00:00","2025-04-04 10:00:00",Nederland,Wind,Hour,UTC,Providing,Current,859382,859382,0.12934824824333,0,0
"2025-04-04 10:00:00","2025-04-04 11:00:00",Nederland,Wind,Hour,UTC,Providing,Current,1685047,1685047,0.25361976027489,0,0
"2025-04-04 11:00:00","2025-04-04 12:00:00",Nederland,Wind,Hour,UTC,Providing,Current,2442979,2442979,0.367695748806,0,0
"2025-04-04 12:00:00","2025-04-04 13:00:00",Nederland,Wind,Hour,UTC,Providing,Current,2542370,2542370,0.382652759552,0,0
"2025-04-04 13:00:00","2025-04-04 14:00:00",Nederland,Wind,Hour,UTC,Providing,Current,2572338,2572338,0.38716074824333,0,0
"2025-04-04 14:00:00","2025-04-04 15:00:00",Nederland,Wind,Hour,UTC,Providing,Current,3386465,3386465,0.50969123840332,0,0
"2025-04-04 15:00:00","2025-04-04 16:00:00",Nederland,Wind,Hour,UTC,Providing,Current,3683424,3683424,0.55438274145126,0,0
"2025-04-04 16:00:00","2025-04-04 17:00:00",Nederland,Wind,Hour,UTC,Providing,Current,3886235,3886235,0.58490377664566,0,0
"2025-04-04 17:00:00","2025-04-04 18:00:00",Nederland,Wind,Hour,UTC,Providing,Current,3615182,3615182,0.54410523176193,0,0
"2025-04-04 18:00:00","2025-04-04 19:00:00",Nederland,Wind,Hour,UTC,Providing,Current,2748064,2748064,0.41359674930573,0,0
"2025-04-04 19:00:00","2025-04-04 20:00:00",Nederland,Wind,Hour,UTC,Providing,Current,2523227,2523227,0.37975525856018,0,0
"2025-04-04 20:00:00","2025-04-04 21:00:00",Nederland,Wind,Hour,UTC,Providing,Current,2563175,2563175,0.38576498627663,0,0
"2025-04-04 21:00:00","2025-04-04 22:00:00",Nederland,Wind,Hour,UTC,Providing,Current,2215762,2215762,0.33347624540329,0,0
"2025-04-04 22:00:00","2025-04-04 23:00:00",Nederland,Wind,Hour,UTC,Providing,Current,1874055,1874055,0.28204724192619,0,0
"2025-04-04 23:00:00","2025-04-05 00:00:00",Nederland,Wind,Hour,UTC,Providing,Current,1735387,1735387,0.26117625832558,0,0
"2025-04-05 00:00:00","2025-04-05 01:00:00",Nederland,Wind,Hour,UTC,Providing,Current,1280487,1280487,0.19271224737167,0,0
"2025-04-05 01:00:00","2025-04-05 02:00:00",Nederland,Wind,Hour,UTC,Providing,Current,1099022,1099022,0.16540099680424,0,0
"2025-04-05 02:00:00","2025-04-05 03:00:00",Nederland,Wind,Hour,UTC,Providing,Current,1123158,1123158,0.16903199255466,0,0
"2025-04-05 03:00:00","2025-04-05 04:00:00",Nederland,Wind,Hour,UTC,Providing,Current,1267894,1267894,0.19081324338913,0,0
"2025-04-05 04:00:00","2025-04-05 05:00:00",Nederland,Wind,Hour,UTC,Providing,Current,1410992,1410992,0.21234774589539,0,0
"2025-04-05 05:00:00","2025-04-05 06:00:00",Nederland,Wind,Hour,UTC,Providing,Current,1583286,1583286,0.23827575147152,0,0
"2025-04-05 06:00:00","2025-04-05 07:00:00",Nederland,Wind,Hour,UTC,Providing,Current,2048055,2048055,0.30821898579597,0,0
"2025-04-05 07:00:00","2025-04-05 08:00:00",Nederland,Wind,Hour,UTC,Providing,Current,3501538,3501538,0.52695548534393,0,0
"2025-04-05 08:00:00","2025-04-05 09:00:00",Nederland,Wind,Hour,UTC,Providing,Current,4542816,4542816,0.68365597724915,0,0
"2025-04-05 09:00:00","2025-04-05 10:00:00",Nederland,Wind,Hour,UTC,Providing,Current,4777954,4777954,0.71903800964355,0,0
"2025-04-05 10:00:00","2025-04-05 11:00:00",Nederland,Wind,Hour,UTC,Providing,Current,4871564,4871564,0.73312050104141,0,0
"2025-04-05 11:00:00","2025-04-05 12:00:00",Nederland,Wind,Hour,UTC,Providing,Current,5052137,5052137,0.76029050350189,0,0
"2025-04-05 12:00:00","2025-04-05 13:00:00",Nederland,Wind,Hour,UTC,Providing,Current,5286837,5286837,0.79560548067093,0,0
"2025-04-05 13:00:00","2025-04-05 14:00:00",Nederland,Wind,Hour,UTC,Providing,Current,5477768,5477768,0.82433301210403,0,0
"2025-04-05 14:00:00","2025-04-05 15:00:00",Nederland,Wind,Hour,UTC,Providing,Current,5680855,5680855,0.85488975048065,0,0
"2025-04-05 15:00:00","2025-04-05 16:00:00",Nederland,Wind,Hour,UTC,Providing,Current,5964227,5964227,0.89752775430679,0,0
"2025-04-05 16:00:00","2025-04-05 17:00:00",Nederland,Wind,Hour,UTC,Providing,Current,6064287,6064287,0.91257977485657,0,0
"2025-04-05 17:00:00","2025-04-05 18:00:00",Nederland,Wind,Hour,UTC,Providing,Current,5914217,5914217,0.88999098539352,0,0
"2025-04-05 18:00:00","2025-04-05 19:00:00",Nederland,Wind,Hour,UTC,Providing,Current,4948995,4948995,0.74473702907562,0,0
"2025-04-05 19:00:00","2025-04-05 20:00:00",Nederland,Wind,Hour,UTC,Providing,Current,4040408,4040408,0.60800647735596,0,0
"2025-04-05 20:00:00","2025-04-05 21:00:00",Nederland,Wind,Hour,UTC,Providing,Current,3472962,3472962,0.5226132273674,0,0
"2025-04-05 21:00:00","2025-04-05 22:00:00",Nederland,Wind,Hour,UTC,Providing,Current,3628188,3628188,0.54596823453903,0,0
"2025-04-05 22:00:00","2025-04-05 23:00:00",Nederland,Wind,Hour,UTC,Providing,Current,3542443,3542443,0.5330622792244,0,0
"2025-04-05 23:00:00","2025-04-06 00:00:00",Nederland,Wind,Hour,UTC,Providing,Current,3367387,3367387,0.50671672821045,0,0
"2025-04-06 00:00:00","2025-04-06 01:00:00",Nederland,Wind,Hour,UTC,Providing,Current,3084687,3084687,0.46417400240898,0,0
"2025-04-06 01:00:00","2025-04-06 02:00:00",Nederland,Wind,Hour,UTC,Providing,Current,2726839,2726839,0.41032326221466,0,0
"2025-04-06 02:00:00","2025-04-06 03:00:00",Nederland,Wind,Hour,UTC,Providing,Current,2519895,2519895,0.37918099761009,0,0
"2025-04-06 03:00:00","2025-04-06 04:00:00",Nederland,Wind,Hour,UTC,Providing,Current,2777253,2777253,0.41790449619293,0,0
"2025-04-06 04:00:00","2025-04-06 05:00:00",Nederland,Wind,Hour,UTC,Providing,Current,2735303,2735303,0.41158926486969,0,0
"2025-04-06 05:00:00","2025-04-06 06:00:00",Nederland,Wind,Hour,UTC,Providing,Current,2482819,2482819,0.37359523773193,0,0
"2025-04-06 06:00:00","2025-04-06 07:00:00",Nederland,Wind,Hour,UTC,Providing,Current,2747656,2747656,0.41344323754311,0,0
"2025-04-06 07:00:00","2025-04-06 08:00:00",Nederland,Wind,Hour,UTC,Providing,Current,3570666,3570666,0.53727924823761,0,0
"2025-04-06 08:00:00","2025-04-06 09:00:00",Nederland,Wind,Hour,UTC,Providing,Current,4085150,4085150,0.61469000577927,0,0
"2025-04-06 09:00:00","2025-04-06 10:00:00",Nederland,Wind,Hour,UTC,Providing,Current,3988352,3988352,0.60012102127075,0,0
"2025-04-06 10:00:00","2025-04-06 11:00:00",Nederland,Wind,Hour,UTC,Providing,Current,3948930,3948930,0.59418576955795,0,0
"2025-04-06 11:00:00","2025-04-06 12:00:00",Nederland,Wind,Hour,UTC,Providing,Current,3974763,3974763,0.59806925058365,0,0
"2025-04-06 12:00:00","2025-04-06 13:00:00",Nederland,Wind,Hour,UTC,Providing,Current,3972898,3972898,0.59778475761414,0,0
"2025-04-06 13:00:00","2025-04-06 14:00:00",Nederland,Wind,Hour,UTC,Providing,Current,3883877,3883877,0.58438676595688,0,0
"2025-04-06 14:00:00","2025-04-06 15:00:00",Nederland,Wind,Hour,UTC,Providing,Current,3554687,3554687,0.53485172986984,0,0
"2025-04-06 15:00:00","2025-04-06 16:00:00",Nederland,Wind,Hour,UTC,Providing,Current,3915727,3915727,0.58917152881622,0,0
"2025-04-06 16:00:00","2025-04-06 17:00:00",Nederland,Wind,Hour,UTC,Providing,Current,3900911,3900911,0.58693873882294,0,0
"2025-04-06 17:00:00","2025-04-06 18:00:00",Nederland,Wind,Hour,UTC,Providing,Current,3846425,3846425,0.57873702049255,0,0
"2025-04-06 18:00:00","2025-04-06 19:00:00",Nederland,Wind,Hour,UTC,Providing,Current,2975983,2975983,0.44776675105095,0,0
"2025-04-06 19:00:00","2025-04-06 20:00:00",Nederland,Wind,Hour,UTC,Providing,Current,1933969,1933969,0.29098349809647,0,0
"2025-04-06 20:00:00","2025-04-06 21:00:00",Nederland,Wind,Hour,UTC,Providing,Current,1786090,1786090,0.26873201131821,0,0
"2025-04-06 21:00:00","2025-04-06 22:00:00",Nederland,Wind,Hour,UTC,Providing,Current,1363287,1363287,0.20511649549007,0,0
"2025-04-06 22:00:00","2025-04-06 23:00:00",Nederland,Wind,Hour,UTC,Providing,Current,1179293,1179293,0.17743225395679,0,0
"2025-04-06 23:00:00","2025-04-07 00:00:00",Nederland,Wind,Hour,UTC,Providing,Current,870293,870293,0.1309402436018,0,0
"2025-04-07 00:00:00","2025-04-07 01:00:00",Nederland,Wind,Hour,UTC,Providing,Current,670203,670203,0.10083497315645,0,0
"2025-04-07 01:00:00","2025-04-07 02:00:00",Nederland,Wind,Hour,UTC,Providing,Current,503246,503246,0.07571517676115,0,0
"2025-04-07 02:00:00","2025-04-07 03:00:00",Nederland,Wind,Hour,UTC,Providing,Current,421481,421481,0.063412971794605,0,0
"2025-04-07 03:00:00","2025-04-07 04:00:00",Nederland,Wind,Hour,UTC,Providing,Current,384638,384638,0.057869449257851,0,0
"2025-04-07 04:00:00","2025-04-07 05:00:00",Nederland,Wind,Hour,UTC,Providing,Current,291681,291681,0.04388365149498,0,0
"2025-04-07 05:00:00","2025-04-07 06:00:00",Nederland,Wind,Hour,UTC,Providing,Current,245322,245322,0.03690867498517,0,0
"2025-04-07 06:00:00","2025-04-07 07:00:00",Nederland,Wind,Hour,UTC,Providing,Current,191743,191743,0.028847549110651,0,0
"2025-04-07 07:00:00","2025-04-07 08:00:00",Nederland,Wind,Hour,UTC,Providing,Current,270876,270876,0.040752749890089,0,0
"2025-04-07 08:00:00","2025-04-07 09:00:00",Nederland,Wind,Hour,UTC,Providing,Current,392835,392835,0.059100925922394,0,0
"2025-04-07 09:00:00","2025-04-07 10:00:00",Nederland,Wind,Hour,UTC,Providing,Current,479136,479136,0.072084203362465,0,0
"2025-04-07 10:00:00","2025-04-07 11:00:00",Nederland,Wind,Hour,UTC,Providing,Current,689620,689620,0.10375010222197,0,0
"2025-04-07 11:00:00","2025-04-07 12:00:00",Nederland,Wind,Hour,UTC,Providing,Current,678195,678195,0.10203070193529,0,0
"2025-04-07 12:00:00","2025-04-07 13:00:00",Nederland,Wind,Hour,UTC,Providing,Current,787695,787695,0.11850350350142,0,0
"2025-04-07 13:00:00","2025-04-07 14:00:00",Nederland,Wind,Hour,UTC,Providing,Current,1040620,1040620,0.1565535068512,0,0
"2025-04-07 14:00:00","2025-04-07 15:00:00",Nederland,Wind,Hour,UTC,Providing,Current,1207820,1207820,0.18170650303364,0,0
"2025-04-07 15:00:00","2025-04-07 16:00:00",Nederland,Wind,Hour,UTC,Providing,Current,1849889,1849889,0.27829849720001,0,0
"2025-04-07 16:00:00","2025-04-07 17:00:00",Nederland,Wind,Hour,UTC,Providing,Current,2484995,2484995,0.37384176254272,0,0
"2025-04-07 17:00:00","2025-04-07 18:00:00",Nederland,Wind,Hour,UTC,Providing,Current,2682544,2682544,0.40355876088142,0,0
"2025-04-07 18:00:00","2025-04-07 19:00:00",Nederland,Wind,Hour,UTC,Providing,Current,2225272,2225272,0.3347652554512,0,0
"2025-04-07 19:00:00","2025-04-07 20:00:00",Nederland,Wind,Hour,UTC,Providing,Current,1537869,1537869,0.23135225474834,0,0
"2025-04-07 20:00:00","2025-04-07 21:00:00",Nederland,Wind,Hour,UTC,Providing,Current,1136884,1136884,0.17102825641632,0,0
"2025-04-07 21:00:00","2025-04-07 22:00:00",Nederland,Wind,Hour,UTC,Providing,Current,968438,968438,0.14568674564362,0,0
"2025-04-07 22:00:00","2025-04-07 23:00:00",Nederland,Wind,Hour,UTC,Providing,Current,882875,882875,0.1328144967556,0,0
"2025-04-07 23:00:00","2025-04-08 00:00:00",Nederland,Wind,Hour,UTC,Providing,Current,773151,773151,0.11630772799253,0,0
"2025-04-08 00:00:00","2025-04-08 01:00:00",Nederland,Wind,Hour,UTC,Providing,Current,470776,470776,0.070819921791553,0,0
"2025-04-08 01:00:00","2025-04-08 02:00:00",Nederland,Wind,Hour,UTC,Providing,Current,439669,439669,0.066140025854111,0,0
"2025-04-08 02:00:00","2025-04-08 03:00:00",Nederland,Wind,Hour,UTC,Providing,Current,412772,412772,0.062093500047922,0,0
"2025-04-08 03:00:00","2025-04-08 04:00:00",Nederland,Wind,Hour,UTC,Providing,Current,383504,383504,0.05769032612443,0,0
"2025-04-08 04:00:00","2025-04-08 05:00:00",Nederland,Wind,Hour,UTC,Providing,Current,277756,277756,0.041782449930906,0,0
"2025-04-08 05:00:00","2025-04-08 06:00:00",Nederland,Wind,Hour,UTC,Providing,Current,240232,240232,0.036137524992228,0,0
"2025-04-08 06:00:00","2025-04-08 07:00:00",Nederland,Wind,Hour,UTC,Providing,Current,286621,286621,0.043115448206663,0,0
"2025-04-08 07:00:00","2025-04-08 08:00:00",Nederland,Wind,Hour,UTC,Providing,Current,486223,486223,0.073140472173691,0,0
"2025-04-08 08:00:00","2025-04-08 09:00:00",Nederland,Wind,Hour,UTC,Providing,Current,591871,591871,0.089032128453255,0,0
"2025-04-08 09:00:00","2025-04-08 10:00:00",Nederland,Wind,Hour,UTC,Providing,Current,511231,511231,0.076901398599148,0,0
"2025-04-08 10:00:00","2025-04-08 11:00:00",Nederland,Wind,Hour,UTC,Providing,Current,424648,424648,0.06387685239315,0,0
"2025-04-08 11:00:00","2025-04-08 12:00:00",Nederland,Wind,Hour,UTC,Providing,Current,441012,441012,0.066337928175926,0,0
"2025-04-08 12:00:00","2025-04-08 13:00:00",Nederland,Wind,Hour,UTC,Providing,Current,594972,594972,0.089496374130249,0,0
"2025-04-08 13:00:00","2025-04-08 14:00:00",Nederland,Wind,Hour,UTC,Providing,Current,676711,676711,0.10179100185633,0,0
"2025-04-08 14:00:00","2025-04-08 15:00:00",Nederland,Wind,Hour,UTC,Providing,Current,751460,751460,0.11303424835205,0,0
"2025-04-08 15:00:00","2025-04-08 16:00:00",Nederland,Wind,Hour,UTC,Providing,Current,1108489,1108489,0.16673700511456,0,0
"2025-04-08 16:00:00","2025-04-08 17:00:00",Nederland,Wind,Hour,UTC,Providing,Current,1838225,1838225,0.27650099992752,0,0
"2025-04-08 17:00:00","2025-04-08 18:00:00",Nederland,Wind,Hour,UTC,Providing,Current,2208311,2208311,0.332166492939,0,0
"2025-04-08 18:00:00","2025-04-08 19:00:00",Nederland,Wind,Hour,UTC,Providing,Current,2099637,2099637,0.31581825017929,0,0
"2025-04-08 19:00:00","2025-04-08 20:00:00",Nederland,Wind,Hour,UTC,Providing,Current,1565088,1565088,0.2354120016098,0,0
"2025-04-08 20:00:00","2025-04-08 21:00:00",Nederland,Wind,Hour,UTC,Providing,Current,1300126,1300126,0.19555674493313,0,0
"2025-04-08 21:00:00","2025-04-08 22:00:00",Nederland,Wind,Hour,UTC,Providing,Current,966661,966661,0.14539824426174,0,0
"2025-04-08 22:00:00","2025-04-08 23:00:00",Nederland,Wind,Hour,UTC,Providing,Current,635198,635198,0.095541328191757,0,0
"2025-04-08 23:00:00","2025-04-09 00:00:00",Nederland,Wind,Hour,UTC,Providing,Current,448295,448295,0.06742849946022,0,0
"2025-04-09 00:00:00","2025-04-09 01:00:00",Nederland,Wind,Hour,UTC,Providing,Current,383571,383571,0.057692926377058,0,0
"2025-04-09 01:00:00","2025-04-09 02:00:00",Nederland,Wind,Hour,UTC,Providing,Current,320075,320075,0.048142176121473,0,0
"2025-04-09 02:00:00","2025-04-09 03:00:00",Nederland,Wind,Hour,UTC,Providing,Current,239669,239669,0.036048199981451,0,0
"2025-04-09 03:00:00","2025-04-09 04:00:00",Nederland,Wind,Hour,UTC,Providing,Current,272557,272557,0.04099452495575,0,0
"2025-04-09 04:00:00","2025-04-09 05:00:00",Nederland,Wind,Hour,UTC,Providing,Current,467423,467423,0.070303350687027,0,0
"2025-04-09 05:00:00","2025-04-09 06:00:00",Nederland,Wind,Hour,UTC,Providing,Current,694071,694071,0.10439225286245,0,0
"2025-04-09 06:00:00","2025-04-09 07:00:00",Nederland,Wind,Hour,UTC,Providing,Current,858483,858483,0.12911950051785,0,0
"2025-04-09 07:00:00","2025-04-09 08:00:00",Nederland,Wind,Hour,UTC,Providing,Current,1630997,1630997,0.24530725181103,0,0
"2025-04-09 08:00:00","2025-04-09 09:00:00",Nederland,Wind,Hour,UTC,Providing,Current,1918219,1918219,0.28850525617599,0,0
"2025-04-09 09:00:00","2025-04-09 10:00:00",Nederland,Wind,Hour,UTC,Providing,Current,1878906,1878906,0.282590508461,0,0
"2025-04-09 10:00:00","2025-04-09 11:00:00",Nederland,Wind,Hour,UTC,Providing,Current,1927198,1927198,0.28985199332237,0,0
"2025-04-09 11:00:00","2025-04-09 12:00:00",Nederland,Wind,Hour,UTC,Providing,Current,2249775,2249775,0.33836600184441,0,0
"2025-04-09 12:00:00","2025-04-09 13:00:00",Nederland,Wind,Hour,UTC,Providing,Current,2726583,2726583,0.41007500886917,0,0
"2025-04-09 13:00:00","2025-04-09 14:00:00",Nederland,Wind,Hour,UTC,Providing,Current,3374621,3374621,0.50753623247147,0,0
"2025-04-09 14:00:00","2025-04-09 15:00:00",Nederland,Wind,Hour,UTC,Providing,Current,3645946,3645946,0.54833948612213,0,0
"2025-04-09 15:00:00","2025-04-09 16:00:00",Nederland,Wind,Hour,UTC,Providing,Current,3515346,3515346,0.52869427204132,0,0
"2025-04-09 16:00:00","2025-04-09 17:00:00",Nederland,Wind,Hour,UTC,Providing,Current,3852776,3852776,0.57943898439407,0,0
"2025-04-09 17:00:00","2025-04-09 18:00:00",Nederland,Wind,Hour,UTC,Providing,Current,4044878,4044878,0.60832625627518,0,0
"2025-04-09 18:00:00","2025-04-09 19:00:00",Nederland,Wind,Hour,UTC,Providing,Current,3768011,3768011,0.56668400764465,0,0
"2025-04-09 19:00:00","2025-04-09 20:00:00",Nederland,Wind,Hour,UTC,Providing,Current,2827347,2827347,0.42521175742149,0,0
"2025-04-09 20:00:00","2025-04-09 21:00:00",Nederland,Wind,Hour,UTC,Providing,Current,2518961,2518961,0.37883025407791,0,0
"2025-04-09 21:00:00","2025-04-09 22:00:00",Nederland,Wind,Hour,UTC,Providing,Current,2428206,2428206,0.36517924070358,0,0
"2025-04-09 22:00:00","2025-04-09 23:00:00",Nederland,Wind,Hour,UTC,Providing,Current,1908656,1908656,0.28704226016998,0,0
"2025-04-09 23:00:00","2025-04-10 00:00:00",Nederland,Wind,Hour,UTC,Providing,Current,1949874,1949874,0.29323899745941,0,0
"2025-04-10 00:00:00","2025-04-10 01:00:00",Nederland,Wind,Hour,UTC,Providing,Current,1869421,1869421,0.28113800287247,0,0
"2025-04-10 01:00:00","2025-04-10 02:00:00",Nederland,Wind,Hour,UTC,Providing,Current,1810566,1810566,0.27228525280952,0,0
"2025-04-10 02:00:00","2025-04-10 03:00:00",Nederland,Wind,Hour,UTC,Providing,Current,1958891,1958891,0.29458948969841,0,0
"2025-04-10 03:00:00","2025-04-10 04:00:00",Nederland,Wind,Hour,UTC,Providing,Current,2066033,2066033,0.31070023775101,0,0
"2025-04-10 04:00:00","2025-04-10 05:00:00",Nederland,Wind,Hour,UTC,Providing,Current,1881217,1881217,0.28290525078773,0,0
"2025-04-10 05:00:00","2025-04-10 06:00:00",Nederland,Wind,Hour,UTC,Providing,Current,1937074,1937074,0.29130300879478,0,0
"2025-04-10 06:00:00","2025-04-10 07:00:00",Nederland,Wind,Hour,UTC,Providing,Current,1881761,1881761,0.28298351168633,0,0
"2025-04-10 07:00:00","2025-04-10 08:00:00",Nederland,Wind,Hour,UTC,Providing,Current,2163713,2163713,0.32538175582886,0,0
"2025-04-10 08:00:00","2025-04-10 09:00:00",Nederland,Wind,Hour,UTC,Providing,Current,2345087,2345087,0.35265526175499,0,0
"2025-04-10 09:00:00","2025-04-10 10:00:00",Nederland,Wind,Hour,UTC,Providing,Current,2356373,2356373,0.35435023903847,0,0
"2025-04-10 10:00:00","2025-04-10 11:00:00",Nederland,Wind,Hour,UTC,Providing,Current,2175242,2175242,0.32710975408554,0,0
"2025-04-10 11:00:00","2025-04-10 12:00:00",Nederland,Wind,Hour,UTC,Providing,Current,2033998,2033998,0.30586776137352,0,0
"2025-04-10 12:00:00","2025-04-10 13:00:00",Nederland,Wind,Hour,UTC,Providing,Current,2077825,2077825,0.31245625019073,0,0
"2025-04-10 13:00:00","2025-04-10 14:00:00",Nederland,Wind,Hour,UTC,Providing,Current,2208213,2208213,0.3320617377758,0,0
"2025-04-10 14:00:00","2025-04-10 15:00:00",Nederland,Wind,Hour,UTC,Providing,Current,1985002,1985002,0.29849424958229,0,0
"2025-04-10 15:00:00","2025-04-10 16:00:00",Nederland,Wind,Hour,UTC,Providing,Current,1804472,1804472,0.27134549617767,0,0
"2025-04-10 16:00:00","2025-04-10 17:00:00",Nederland,Wind,Hour,UTC,Providing,Current,1743976,1743976,0.26224675774574,0,0
"2025-04-10 17:00:00","2025-04-10 18:00:00",Nederland,Wind,Hour,UTC,Providing,Current,1617047,1617047,0.24315850436687,0,0
"2025-04-10 18:00:00","2025-04-10 19:00:00",Nederland,Wind,Hour,UTC,Providing,Current,1227219,1227219,0.18453824520111,0,0
"2025-04-10 19:00:00","2025-04-10 20:00:00",Nederland,Wind,Hour,UTC,Providing,Current,794899,794899,0.11952924728394,0,0
"2025-04-10 20:00:00","2025-04-10 21:00:00",Nederland,Wind,Hour,UTC,Providing,Current,824859,824859,0.12403350323439,0,0
"2025-04-10 21:00:00","2025-04-10 22:00:00",Nederland,Wind,Hour,UTC,Providing,Current,1243287,1243287,0.18695099651814,0,0
"2025-04-10 22:00:00","2025-04-10 23:00:00",Nederland,Wind,Hour,UTC,Providing,Current,1197087,1197087,0.18000300228596,0,0
"2025-04-10 23:00:00","2025-04-11 00:00:00",Nederland,Wind,Hour,UTC,Providing,Current,916821,916821,0.13785925507545,0,0
"2025-04-11 00:00:00","2025-04-11 01:00:00",Nederland,Wind,Hour,UTC,Providing,Current,862771,862771,0.12973099946976,0,0
"2025-04-11 01:00:00","2025-04-11 02:00:00",Nederland,Wind,Hour,UTC,Providing,Current,755290,755290,0.11356875300407,0,0
"2025-04-11 02:00:00","2025-04-11 03:00:00",Nederland,Wind,Hour,UTC,Providing,Current,708660,708660,0.10655675083399,0,0
"2025-04-11 03:00:00","2025-04-11 04:00:00",Nederland,Wind,Hour,UTC,Providing,Current,590354,590354,0.088767252862453,0,0
"2025-04-11 04:00:00","2025-04-11 05:00:00",Nederland,Wind,Hour,UTC,Providing,Current,469390,469390,0.070578321814537,0,0
"2025-04-11 05:00:00","2025-04-11 06:00:00",Nederland,Wind,Hour,UTC,Providing,Current,584315,584315,0.087858147919178,0,0
"2025-04-11 06:00:00","2025-04-11 07:00:00",Nederland,Wind,Hour,UTC,Providing,Current,705277,705277,0.10604522377253,0,0
"2025-04-11 07:00:00","2025-04-11 08:00:00",Nederland,Wind,Hour,UTC,Providing,Current,1128370,1128370,0.16966074705124,0,0
"2025-04-11 08:00:00","2025-04-11 09:00:00",Nederland,Wind,Hour,UTC,Providing,Current,1626903,1626903,0.24461799860001,0,0
"2025-04-11 09:00:00","2025-04-11 10:00:00",Nederland,Wind,Hour,UTC,Providing,Current,2093905,2093905,0.31483376026154,0,0
"2025-04-11 10:00:00","2025-04-11 11:00:00",Nederland,Wind,Hour,UTC,Providing,Current,2561413,2561413,0.38512450456619,0,0
"2025-04-11 11:00:00","2025-04-11 12:00:00",Nederland,Wind,Hour,UTC,Providing,Current,2955198,2955198,0.44432973861694,0,0
"2025-04-11 12:00:00","2025-04-11 13:00:00",Nederland,Wind,Hour,UTC,Providing,Current,3052760,3052760,0.45899599790573,0,0
"2025-04-11 13:00:00","2025-04-11 14:00:00",Nederland,Wind,Hour,UTC,Providing,Current,2771508,2771508,0.41670599579811,0,0
"2025-04-11 14:00:00","2025-04-11 15:00:00",Nederland,Wind,Hour,UTC,Providing,Current,2137637,2137637,0.32139924168587,0,0
"2025-04-11 15:00:00","2025-04-11 16:00:00",Nederland,Wind,Hour,UTC,Providing,Current,1504513,1504513,0.22620624303818,0,0
"2025-04-11 16:00:00","2025-04-11 17:00:00",Nederland,Wind,Hour,UTC,Providing,Current,922068,922068,0.13863350450993,0,0
"2025-04-11 17:00:00","2025-04-11 18:00:00",Nederland,Wind,Hour,UTC,Providing,Current,555847,555847,0.08357147872448,0,0
"2025-04-11 18:00:00","2025-04-11 19:00:00",Nederland,Wind,Hour,UTC,Providing,Current,258459,258459,0.038859024643898,0,0
"2025-04-11 19:00:00","2025-04-11 20:00:00",Nederland,Wind,Hour,UTC,Providing,Current,25036,25036,0.0037641199305654,0,0
"2025-04-11 20:00:00","2025-04-11 21:00:00",Nederland,Wind,Hour,UTC,Providing,Current,0,0,0,0,0
"2025-04-11 21:00:00","2025-04-11 22:00:00",Nederland,Wind,Hour,UTC,Providing,Current,0,0,0,0,0
"2025-04-11 22:00:00","2025-04-11 23:00:00",Nederland,Wind,Hour,UTC,Providing,Current,0,0,0,0,0
"2025-04-11 23:00:00","2025-04-12 00:00:00",Nederland,Wind,Hour,UTC,Providing,Current,0,0,0,0,0
"2025-04-12 00:00:00","2025-04-12 01:00:00",Nederland,Wind,Hour,UTC,Providing,Current,0,0,0,0,0
"2025-04-12 01:00:00","2025-04-12 02:00:00",Nederland,Wind,Hour,UTC,Providing,Current,0,0,0,0,0
"2025-04-12 02:00:00","2025-04-12 03:00:00",Nederland,Wind,Hour,UTC,Providing,Current,0,0,0,0,0
"2025-04-12 03:00:00","2025-04-12 04:00:00",Nederland,Wind,Hour,UTC,Providing,Current,0,0,0,0,0
"2025-04-12 04:00:00","2025-04-12 05:00:00",Nederland,Wind,Hour,UTC,Providing,Current,25808,25808,0.0038799599278718,0,0
"2025-04-12 05:00:00","2025-04-12 06:00:00",Nederland,Wind,Hour,UTC,Providing,Current,69628,69628,0.010467785410583,0,0
"2025-04-12 06:00:00","2025-04-12 07:00:00",Nederland,Wind,Hour,UTC,Providing,Current,177411,177411,0.026671575382352,0,0
"2025-04-12 07:00:00","2025-04-12 08:00:00",Nederland,Wind,Hour,UTC,Providing,Current,394353,394353,0.059285748749971,0,0
"2025-04-12 08:00:00","2025-04-12 09:00:00",Nederland,Wind,Hour,UTC,Providing,Current,880839,880839,0.13242174685001,0,0
"2025-04-12 09:00:00","2025-04-12 10:00:00",Nederland,Wind,Hour,UTC,Providing,Current,1664890,1664890,0.25029098987579,0,0
"2025-04-12 10:00:00","2025-04-12 11:00:00",Nederland,Wind,Hour,UTC,Providing,Current,2379076,2379076,0.35765624046326,0,0
"2025-04-12 11:00:00","2025-04-12 12:00:00",Nederland,Wind,Hour,UTC,Providing,Current,2987701,2987701,0.44915026426315,0,0
"2025-04-12 12:00:00","2025-04-12 13:00:00",Nederland,Wind,Hour,UTC,Providing,Current,3559814,3559814,0.5351545214653,0,0
"2025-04-12 13:00:00","2025-04-12 14:00:00",Nederland,Wind,Hour,UTC,Providing,Current,3921189,3921189,0.58947724103928,0,0
"2025-04-12 14:00:00","2025-04-12 15:00:00",Nederland,Wind,Hour,UTC,Providing,Current,4053556,4053556,0.60937249660492,0,0
"2025-04-12 15:00:00","2025-04-12 16:00:00",Nederland,Wind,Hour,UTC,Providing,Current,4152850,4152850,0.62429547309875,0,0
"2025-04-12 16:00:00","2025-04-12 17:00:00",Nederland,Wind,Hour,UTC,Providing,Current,4044625,4044625,0.60802227258682,0,0
"2025-04-12 17:00:00","2025-04-12 18:00:00",Nederland,Wind,Hour,UTC,Providing,Current,3380191,3380191,0.50813573598862,0,0
"2025-04-12 18:00:00","2025-04-12 19:00:00",Nederland,Wind,Hour,UTC,Providing,Current,2024707,2024707,0.30436724424362,0,0
"2025-04-12 19:00:00","2025-04-12 20:00:00",Nederland,Wind,Hour,UTC,Providing,Current,1767158,1767158,0.26564925909042,0,0
"2025-04-12 20:00:00","2025-04-12 21:00:00",Nederland,Wind,Hour,UTC,Providing,Current,2094970,2094970,0.31492576003075,0,0
"2025-04-12 21:00:00","2025-04-12 22:00:00",Nederland,Wind,Hour,UTC,Providing,Current,2206852,2206852,0.33174249529839,0,0
"2025-04-12 22:00:00","2025-04-12 23:00:00",Nederland,Wind,Hour,UTC,Providing,Current,2399605,2399605,0.36071574687958,0,0
"2025-04-12 23:00:00","2025-04-13 00:00:00",Nederland,Wind,Hour,UTC,Providing,Current,2385192,2385192,0.3585470020771,0,0
"2025-04-13 00:00:00","2025-04-13 01:00:00",Nederland,Wind,Hour,UTC,Providing,Current,2158133,2158133,0.32441276311874,0,0
"2025-04-13 01:00:00","2025-04-13 02:00:00",Nederland,Wind,Hour,UTC,Providing,Current,1779110,1779110,0.26743623614311,0,0
"2025-04-13 02:00:00","2025-04-13 03:00:00",Nederland,Wind,Hour,UTC,Providing,Current,1737886,1737886,0.26123774051666,0,0
"2025-04-13 03:00:00","2025-04-13 04:00:00",Nederland,Wind,Hour,UTC,Providing,Current,1842005,1842005,0.27688699960709,0,0
"2025-04-13 04:00:00","2025-04-13 05:00:00",Nederland,Wind,Hour,UTC,Providing,Current,1867086,1867086,0.28065550327301,0,0
"2025-04-13 05:00:00","2025-04-13 06:00:00",Nederland,Wind,Hour,UTC,Providing,Current,2214524,2214524,0.33287924528122,0,0
"2025-04-13 06:00:00","2025-04-13 07:00:00",Nederland,Wind,Hour,UTC,Providing,Current,2755180,2755180,0.41414651274681,0,0
"2025-04-13 07:00:00","2025-04-13 08:00:00",Nederland,Wind,Hour,UTC,Providing,Current,3587464,3587464,0.53924798965454,0,0
"2025-04-13 08:00:00","2025-04-13 09:00:00",Nederland,Wind,Hour,UTC,Providing,Current,4594738,4594738,0.69065177440643,0,0
"2025-04-13 09:00:00","2025-04-13 10:00:00",Nederland,Wind,Hour,UTC,Providing,Current,5162149,5162149,0.77593672275543,0,0
"2025-04-13 10:00:00","2025-04-13 11:00:00",Nederland,Wind,Hour,UTC,Providing,Current,5449800,5449800,0.81916922330856,0,0
"2025-04-13 11:00:00","2025-04-13 12:00:00",Nederland,Wind,Hour,UTC,Providing,Current,5271389,5271389,0.79234701395035,0,0
"2025-04-13 12:00:00","2025-04-13 13:00:00",Nederland,Wind,Hour,UTC,Providing,Current,4647723,4647723,0.69859927892685,0,0
"2025-04-13 13:00:00","2025-04-13 14:00:00",Nederland,Wind,Hour,UTC,Providing,Current,4393520,4393520,0.66038572788239,0,0
"2025-04-13 14:00:00","2025-04-13 15:00:00",Nederland,Wind,Hour,UTC,Providing,Current,4157258,4157258,0.62486952543259,0,0
"2025-04-13 15:00:00","2025-04-13 16:00:00",Nederland,Wind,Hour,UTC,Providing,Current,3693709,3693709,0.55519098043442,0,0
"2025-04-13 16:00:00","2025-04-13 17:00:00",Nederland,Wind,Hour,UTC,Providing,Current,3229216,3229216,0.4853712618351,0,0
"2025-04-13 17:00:00","2025-04-13 18:00:00",Nederland,Wind,Hour,UTC,Providing,Current,2813101,2813101,0.42282399535179,0,0
"2025-04-13 18:00:00","2025-04-13 19:00:00",Nederland,Wind,Hour,UTC,Providing,Current,2398240,2398240,0.36046573519707,0,0
"2025-04-13 19:00:00","2025-04-13 20:00:00",Nederland,Wind,Hour,UTC,Providing,Current,1755479,1755479,0.26385474205017,0,0
"2025-04-13 20:00:00","2025-04-13 21:00:00",Nederland,Wind,Hour,UTC,Providing,Current,1034757,1034757,0.15552625060081,0,0
"2025-04-13 21:00:00","2025-04-13 22:00:00",Nederland,Wind,Hour,UTC,Providing,Current,1196792,1196792,0.17987950146198,0,0
"2025-04-13 22:00:00","2025-04-13 23:00:00",Nederland,Wind,Hour,UTC,Providing,Current,1585998,1585998,0.23837649822235,0,0
"2025-04-13 23:00:00","2025-04-14 00:00:00",Nederland,Wind,Hour,UTC,Providing,Current,1842065,1842065,0.2768619954586,0,0
"2025-04-14 00:00:00","2025-04-14 01:00:00",Nederland,Wind,Hour,UTC,Providing,Current,2075079,2075079,0.31188198924065,0,0
"2025-04-14 01:00:00","2025-04-14 02:00:00",Nederland,Wind,Hour,UTC,Providing,Current,1815260,1815260,0.27282974123955,0,0
"2025-04-14 02:00:00","2025-04-14 03:00:00",Nederland,Wind,Hour,UTC,Providing,Current,1222785,1222785,0.18378074467182,0,0
"2025-04-14 03:00:00","2025-04-14 04:00:00",Nederland,Wind,Hour,UTC,Providing,Current,670718,670718,0.10080625116825,0,0
"2025-04-14 04:00:00","2025-04-14 05:00:00",Nederland,Wind,Hour,UTC,Providing,Current,487425,487425,0.073257625102997,0,0
"2025-04-14 05:00:00","2025-04-14 06:00:00",Nederland,Wind,Hour,UTC,Providing,Current,578075,578075,0.086881324648857,0,0
"2025-04-14 06:00:00","2025-04-14 07:00:00",Nederland,Wind,Hour,UTC,Providing,Current,759030,759030,0.11407724767923,0,0
"2025-04-14 07:00:00","2025-04-14 08:00:00",Nederland,Wind,Hour,UTC,Providing,Current,904600,904600,0.13595449924469,0,0
"2025-04-14 08:00:00","2025-04-14 09:00:00",Nederland,Wind,Hour,UTC,Providing,Current,983227,983227,0.14777049422264,0,0
"2025-04-14 09:00:00","2025-04-14 10:00:00",Nederland,Wind,Hour,UTC,Providing,Current,790304,790304,0.11877524852753,0,0
"2025-04-14 10:00:00","2025-04-14 11:00:00",Nederland,Wind,Hour,UTC,Providing,Current,718343,718343,0.10795924812555,0,0
"2025-04-14 11:00:00","2025-04-14 12:00:00",Nederland,Wind,Hour,UTC,Providing,Current,701780,701780,0.10546950250864,0,0
"2025-04-14 12:00:00","2025-04-14 13:00:00",Nederland,Wind,Hour,UTC,Providing,Current,523616,523616,0.078693099319935,0,0
"2025-04-14 13:00:00","2025-04-14 14:00:00",Nederland,Wind,Hour,UTC,Providing,Current,413633,413633,0.062163576483727,0,0
"2025-04-14 14:00:00","2025-04-14 15:00:00",Nederland,Wind,Hour,UTC,Providing,Current,352505,352505,0.052976526319981,0,0
"2025-04-14 15:00:00","2025-04-14 16:00:00",Nederland,Wind,Hour,UTC,Providing,Current,402531,402531,0.060494348406792,0,0
"2025-04-14 16:00:00","2025-04-14 17:00:00",Nederland,Wind,Hour,UTC,Providing,Current,457155,457155,0.068703100085258,0,0
"2025-04-14 17:00:00","2025-04-14 18:00:00",Nederland,Wind,Hour,UTC,Providing,Current,564411,564411,0.084821425378323,0,0
"2025-04-14 18:00:00","2025-04-14 19:00:00",Nederland,Wind,Hour,UTC,Providing,Current,511589,511589,0.07688269764185,0,0
"2025-04-14 19:00:00","2025-04-14 20:00:00",Nederland,Wind,Hour,UTC,Providing,Current,526207,526207,0.079079046845436,0,0
"2025-04-14 20:00:00","2025-04-14 21:00:00",Nederland,Wind,Hour,UTC,Providing,Current,771186,771186,0.11589419841766,0,0
"2025-04-14 21:00:00","2025-04-14 22:00:00",Nederland,Wind,Hour,UTC,Providing,Current,1127609,1127609,0.16945624351501,0,0
"2025-04-14 22:00:00","2025-04-14 23:00:00",Nederland,Wind,Hour,UTC,Providing,Current,1605950,1605950,0.24133950471878,0,0
"2025-04-14 23:00:00","2025-04-15 00:00:00",Nederland,Wind,Hour,UTC,Providing,Current,1935189,1935189,0.29081550240517,0,0
"2025-04-15 00:00:00","2025-04-15 01:00:00",Nederland,Wind,Hour,UTC,Providing,Current,2108765,2108765,0.3168979883194,0,0
"2025-04-15 01:00:00","2025-04-15 02:00:00",Nederland,Wind,Hour,UTC,Providing,Current,2217879,2217879,0.33329325914383,0,0
"2025-04-15 02:00:00","2025-04-15 03:00:00",Nederland,Wind,Hour,UTC,Providing,Current,2054765,2054765,0.30877923965454,0,0
"2025-04-15 03:00:00","2025-04-15 04:00:00",Nederland,Wind,Hour,UTC,Providing,Current,1947511,1947511,0.29265999794006,0,0
"2025-04-15 04:00:00","2025-04-15 05:00:00",Nederland,Wind,Hour,UTC,Providing,Current,1623835,1623835,0.24401849508286,0,0
"2025-04-15 05:00:00","2025-04-15 06:00:00",Nederland,Wind,Hour,UTC,Providing,Current,1588526,1588526,0.23871074616909,0,0
"2025-04-15 06:00:00","2025-04-15 07:00:00",Nederland,Wind,Hour,UTC,Providing,Current,1758016,1758016,0.26417875289917,0,0
"2025-04-15 07:00:00","2025-04-15 08:00:00",Nederland,Wind,Hour,UTC,Providing,Current,2018725,2018725,0.30335399508476,0,0
"2025-04-15 08:00:00","2025-04-15 09:00:00",Nederland,Wind,Hour,UTC,Providing,Current,2356762,2356762,0.3541487455368,0,0
"2025-04-15 09:00:00","2025-04-15 10:00:00",Nederland,Wind,Hour,UTC,Providing,Current,2466966,2466966,0.37070673704147,0,0
"2025-04-15 10:00:00","2025-04-15 11:00:00",Nederland,Wind,Hour,UTC,Providing,Current,2639376,2639376,0.39661198854446,0,0
"2025-04-15 11:00:00","2025-04-15 12:00:00",Nederland,Wind,Hour,UTC,Providing,Current,2669222,2669222,0.40109476447105,0,0
"2025-04-15 12:00:00","2025-04-15 13:00:00",Nederland,Wind,Hour,UTC,Providing,Current,3029294,3029294,0.45519825816154,0,0
"2025-04-15 13:00:00","2025-04-15 14:00:00",Nederland,Wind,Hour,UTC,Providing,Current,2947552,2947552,0.4429127573967,0,0
"2025-04-15 14:00:00","2025-04-15 15:00:00",Nederland,Wind,Hour,UTC,Providing,Current,2785103,2785103,0.41849973797798,0,0
"2025-04-15 15:00:00","2025-04-15 16:00:00",Nederland,Wind,Hour,UTC,Providing,Current,2242193,2242193,0.33691826462746,0,0
"2025-04-15 16:00:00","2025-04-15 17:00:00",Nederland,Wind,Hour,UTC,Providing,Current,1234951,1234951,0.18556599318981,0,0
"2025-04-15 17:00:00","2025-04-15 18:00:00",Nederland,Wind,Hour,UTC,Providing,Current,843067,843067,0.12668018043041,0,0
"2025-04-15 18:00:00","2025-04-15 19:00:00",Nederland,Wind,Hour,UTC,Providing,Current,305511,305511,0.045906126499176,0,0
"2025-04-15 19:00:00","2025-04-15 20:00:00",Nederland,Wind,Hour,UTC,Providing,Current,65075,65075,0.0097781177610159,0,0
"2025-04-15 20:00:00","2025-04-15 21:00:00",Nederland,Wind,Hour,UTC,Providing,Current,87922,87922,0.013210974633694,0,0
"2025-04-15 21:00:00","2025-04-15 22:00:00",Nederland,Wind,Hour,UTC,Providing,Current,121488,121488,0.018254449591041,0,0
"2025-04-15 22:00:00","2025-04-15 23:00:00",Nederland,Wind,Hour,UTC,Providing,Current,168087,168087,0.025256125256419,0,0
"2025-04-15 23:00:00","2025-04-16 00:00:00",Nederland,Wind,Hour,UTC,Providing,Current,247453,247453,0.037181101739407,0,0
"2025-04-16 00:00:00","2025-04-16 01:00:00",Nederland,Wind,Hour,UTC,Providing,Current,491876,491876,0.073906548321247,0,0
"2025-04-16 01:00:00","2025-04-16 02:00:00",Nederland,Wind,Hour,UTC,Providing,Current,757640,757640,0.11383797228336,0,0
"2025-04-16 02:00:00","2025-04-16 03:00:00",Nederland,Wind,Hour,UTC,Providing,Current,918650,918650,0.13802950084209,0,0
"2025-04-16 03:00:00","2025-04-16 04:00:00",Nederland,Wind,Hour,UTC,Providing,Current,1042937,1042937,0.15670275688171,0,0
"2025-04-16 04:00:00","2025-04-16 05:00:00",Nederland,Wind,Hour,UTC,Providing,Current,1080025,1080025,0.16227449476719,0,0
"2025-04-16 05:00:00","2025-04-16 06:00:00",Nederland,Wind,Hour,UTC,Providing,Current,1145851,1145851,0.17216399312019,0,0
"2025-04-16 06:00:00","2025-04-16 07:00:00",Nederland,Wind,Hour,UTC,Providing,Current,1036463,1036463,0.15572725236416,0,0
"2025-04-16 07:00:00","2025-04-16 08:00:00",Nederland,Wind,Hour,UTC,Providing,Current,1130268,1130268,0.1698205024004,0,0
"2025-04-16 08:00:00","2025-04-16 09:00:00",Nederland,Wind,Hour,UTC,Providing,Current,1002509,1002509,0.15062400698662,0,0
"2025-04-16 09:00:00","2025-04-16 10:00:00",Nederland,Wind,Hour,UTC,Providing,Current,1018685,1018685,0.15305325388908,0,0
"2025-04-16 10:00:00","2025-04-16 11:00:00",Nederland,Wind,Hour,UTC,Providing,Current,1492969,1492969,0.22431150078773,0,0
"2025-04-16 11:00:00","2025-04-16 12:00:00",Nederland,Wind,Hour,UTC,Providing,Current,1485063,1485063,0.22312225401402,0,0
"2025-04-16 12:00:00","2025-04-16 13:00:00",Nederland,Wind,Hour,UTC,Providing,Current,1562016,1562016,0.2346825003624,0,0
"2025-04-16 13:00:00","2025-04-16 14:00:00",Nederland,Wind,Hour,UTC,Providing,Current,1514788,1514788,0.22758549451828,0,0
"2025-04-16 14:00:00","2025-04-16 15:00:00",Nederland,Wind,Hour,UTC,Providing,Current,1133455,1133455,0.17029200494289,0,0
"2025-04-16 15:00:00","2025-04-16 16:00:00",Nederland,Wind,Hour,UTC,Providing,Current,723760,723760,0.10873825103045,0,0
"2025-04-16 16:00:00","2025-04-16 17:00:00",Nederland,Wind,Hour,UTC,Providing,Current,551981,551981,0.08292942494154,0,0
"2025-04-16 17:00:00","2025-04-16 18:00:00",Nederland,Wind,Hour,UTC,Providing,Current,354394,354394,0.053243674337864,0,0
"2025-04-16 18:00:00","2025-04-16 19:00:00",Nederland,Wind,Hour,UTC,Providing,Current,133252,133252,0.020019499585032,0,0
"2025-04-16 19:00:00","2025-04-16 20:00:00",Nederland,Wind,Hour,UTC,Providing,Current,51671,51671,0.0077628898434341,0,0
"2025-04-16 20:00:00","2025-04-16 21:00:00",Nederland,Wind,Hour,UTC,Providing,Current,46094,46094,0.0069249775260687,0,0
"2025-04-16 21:00:00","2025-04-16 22:00:00",Nederland,Wind,Hour,UTC,Providing,Current,61123,61123,0.0091828126460314,0,0
"2025-04-16 22:00:00","2025-04-16 23:00:00",Nederland,Wind,Hour,UTC,Providing,Current,54461,54461,0.0081818997859955,0,0
"2025-04-16 23:00:00","2025-04-17 00:00:00",Nederland,Wind,Hour,UTC,Providing,Current,49306,49306,0.0074073877185583,0,0
"2025-04-17 00:00:00","2025-04-17 01:00:00",Nederland,Wind,Hour,UTC,Providing,Current,48272,48272,0.0072520100511611,0,0
"2025-04-17 01:00:00","2025-04-17 02:00:00",Nederland,Wind,Hour,UTC,Providing,Current,26075,26075,0.0039172801189125,0,0
"2025-04-17 02:00:00","2025-04-17 03:00:00",Nederland,Wind,Hour,UTC,Providing,Current,29776,29776,0.0044732601381838,0,0
"2025-04-17 03:00:00","2025-04-17 04:00:00",Nederland,Wind,Hour,UTC,Providing,Current,26245,26245,0.0039427722804248,0,0
"2025-04-17 04:00:00","2025-04-17 05:00:00",Nederland,Wind,Hour,UTC,Providing,Current,56818,56818,0.0085356878116727,0,0
"2025-04-17 05:00:00","2025-04-17 06:00:00",Nederland,Wind,Hour,UTC,Providing,Current,38518,38518,0.005786472465843,0,0
"2025-04-17 06:00:00","2025-04-17 07:00:00",Nederland,Wind,Hour,UTC,Providing,Current,20065,20065,0.0030142974574119,0,0
"2025-04-17 07:00:00","2025-04-17 08:00:00",Nederland,Wind,Hour,UTC,Providing,Current,98768,98768,0.014837490394711,0,0
"2025-04-17 08:00:00","2025-04-17 09:00:00",Nederland,Wind,Hour,UTC,Providing,Current,371186,371186,0.055761326104403,0,0
"2025-04-17 09:00:00","2025-04-17 10:00:00",Nederland,Wind,Hour,UTC,Providing,Current,537637,537637,0.080765902996063,0,0
"2025-04-17 10:00:00","2025-04-17 11:00:00",Nederland,Wind,Hour,UTC,Providing,Current,679349,679349,0.10205374658108,0,0
"2025-04-17 11:00:00","2025-04-17 12:00:00",Nederland,Wind,Hour,UTC,Providing,Current,685977,685977,0.1030490025878,0,0
"2025-04-17 12:00:00","2025-04-17 13:00:00",Nederland,Wind,Hour,UTC,Providing,Current,853476,853476,0.12820999324322,0,0
"2025-04-17 13:00:00","2025-04-17 14:00:00",Nederland,Wind,Hour,UTC,Providing,Current,900762,900762,0.13531275093555,0,0
"2025-04-17 14:00:00","2025-04-17 15:00:00",Nederland,Wind,Hour,UTC,Providing,Current,861099,861099,0.12935374677181,0,0
"2025-04-17 15:00:00","2025-04-17 16:00:00",Nederland,Wind,Hour,UTC,Providing,Current,833688,833688,0.12523524463177,0,0
"2025-04-17 16:00:00","2025-04-17 17:00:00",Nederland,Wind,Hour,UTC,Providing,Current,545227,545227,0.081902496516705,0,0
"2025-04-17 17:00:00","2025-04-17 18:00:00",Nederland,Wind,Hour,UTC,Providing,Current,296639,296639,0.044560100883245,0,0
"2025-04-17 18:00:00","2025-04-17 19:00:00",Nederland,Wind,Hour,UTC,Providing,Current,196028,196028,0.029446449130774,0,0
"2025-04-17 19:00:00","2025-04-17 20:00:00",Nederland,Wind,Hour,UTC,Providing,Current,69986,69986,0.010512920096517,0,0
"2025-04-17 20:00:00","2025-04-17 21:00:00",Nederland,Wind,Hour,UTC,Providing,Current,75502,75502,0.011341424658895,0,0
"2025-04-17 21:00:00","2025-04-17 22:00:00",Nederland,Wind,Hour,UTC,Providing,Current,110979,110979,0.016670474782586,0,0
"2025-04-17 22:00:00","2025-04-17 23:00:00",Nederland,Wind,Hour,UTC,Providing,Current,221234,221234,0.033231973648071,0,0
"2025-04-17 23:00:00","2025-04-18 00:00:00",Nederland,Wind,Hour,UTC,Providing,Current,258186,258186,0.038782350718975,0,0
"2025-04-18 00:00:00","2025-04-18 01:00:00",Nederland,Wind,Hour,UTC,Providing,Current,328691,328691,0.049372676759958,0,0
"2025-04-18 01:00:00","2025-04-18 02:00:00",Nederland,Wind,Hour,UTC,Providing,Current,158489,158489,0.023806475102901,0,0
"2025-04-18 02:00:00","2025-04-18 03:00:00",Nederland,Wind,Hour,UTC,Providing,Current,87781,87781,0.013185424730182,0,0
"2025-04-18 03:00:00","2025-04-18 04:00:00",Nederland,Wind,Hour,UTC,Providing,Current,124851,124851,0.01875352486968,0,0
"2025-04-18 04:00:00","2025-04-18 05:00:00",Nederland,Wind,Hour,UTC,Providing,Current,144682,144682,0.021732175722718,0,0
"2025-04-18 05:00:00","2025-04-18 06:00:00",Nederland,Wind,Hour,UTC,Providing,Current,103816,103816,0.015593725256622,0,0
"2025-04-18 06:00:00","2025-04-18 07:00:00",Nederland,Wind,Hour,UTC,Providing,Current,40443,40443,0.0060747172683477,0,0
"2025-04-18 07:00:00","2025-04-18 08:00:00",Nederland,Wind,Hour,UTC,Providing,Current,110037,110037,0.016527950763702,0,0
"2025-04-18 08:00:00","2025-04-18 09:00:00",Nederland,Wind,Hour,UTC,Providing,Current,124291,124291,0.018668824806809,0,0
"2025-04-18 09:00:00","2025-04-18 10:00:00",Nederland,Wind,Hour,UTC,Providing,Current,199099,199099,0.029905000701547,0,0
"2025-04-18 10:00:00","2025-04-18 11:00:00",Nederland,Wind,Hour,UTC,Providing,Current,241724,241724,0.036307100206614,0,0
"2025-04-18 11:00:00","2025-04-18 12:00:00",Nederland,Wind,Hour,UTC,Providing,Current,273031,273031,0.041009224951267,0,0
"2025-04-18 12:00:00","2025-04-18 13:00:00",Nederland,Wind,Hour,UTC,Providing,Current,332980,332980,0.050013225525618,0,0
"2025-04-18 13:00:00","2025-04-18 14:00:00",Nederland,Wind,Hour,UTC,Providing,Current,492037,492037,0.073902927339077,0,0
"2025-04-18 14:00:00","2025-04-18 15:00:00",Nederland,Wind,Hour,UTC,Providing,Current,624875,624875,0.093854375183582,0,0
"2025-04-18 15:00:00","2025-04-18 16:00:00",Nederland,Wind,Hour,UTC,Providing,Current,719682,719682,0.10809350013733,0,0
"2025-04-18 16:00:00","2025-04-18 17:00:00",Nederland,Wind,Hour,UTC,Providing,Current,852853,852853,0.12809425592422,0,0
"2025-04-18 17:00:00","2025-04-18 18:00:00",Nederland,Wind,Hour,UTC,Providing,Current,891306,891306,0.1338690072298,0,0
"2025-04-18 18:00:00","2025-04-18 19:00:00",Nederland,Wind,Hour,UTC,Providing,Current,819382,819382,0.12306574732065,0,0
"2025-04-18 19:00:00","2025-04-18 20:00:00",Nederland,Wind,Hour,UTC,Providing,Current,659302,659302,0.099022246897221,0,0
"2025-04-18 20:00:00","2025-04-18 21:00:00",Nederland,Wind,Hour,UTC,Providing,Current,670520,670520,0.10070642828941,0,0
"2025-04-18 21:00:00","2025-04-18 22:00:00",Nederland,Wind,Hour,UTC,Providing,Current,535670,535670,0.080452628433704,0,0
"2025-04-18 22:00:00","2025-04-18 23:00:00",Nederland,Wind,Hour,UTC,Providing,Current,394336,394336,0.05922520160675,0,0
"2025-04-18 23:00:00","2025-04-19 00:00:00",Nederland,Wind,Hour,UTC,Providing,Current,405303,405303,0.060871951282024,0,0
"2025-04-19 00:00:00","2025-04-19 01:00:00",Nederland,Wind,Hour,UTC,Providing,Current,346991,346991,0.052113801240921,0,0
"2025-04-19 01:00:00","2025-04-19 02:00:00",Nederland,Wind,Hour,UTC,Providing,Current,308812,308812,0.046379525214434,0,0
"2025-04-19 02:00:00","2025-04-19 03:00:00",Nederland,Wind,Hour,UTC,Providing,Current,216837,216837,0.032565899193287,0,0
"2025-04-19 03:00:00","2025-04-19 04:00:00",Nederland,Wind,Hour,UTC,Providing,Current,170605,170605,0.025622300803661,0,0
"2025-04-19 04:00:00","2025-04-19 05:00:00",Nederland,Wind,Hour,UTC,Providing,Current,235296,235296,0.035337723791599,0,0
"2025-04-19 05:00:00","2025-04-19 06:00:00",Nederland,Wind,Hour,UTC,Providing,Current,277653,277653,0.041698798537254,0,0
"2025-04-19 06:00:00","2025-04-19 07:00:00",Nederland,Wind,Hour,UTC,Providing,Current,310797,310797,0.046676199883223,0,0
"2025-04-19 07:00:00","2025-04-19 08:00:00",Nederland,Wind,Hour,UTC,Providing,Current,487204,487204,0.073168948292732,0,0
"2025-04-19 08:00:00","2025-04-19 09:00:00",Nederland,Wind,Hour,UTC,Providing,Current,560778,560778,0.084217846393585,0,0
"2025-04-19 09:00:00","2025-04-19 10:00:00",Nederland,Wind,Hour,UTC,Providing,Current,670486,670486,0.10069317370653,0,0
"2025-04-19 10:00:00","2025-04-19 11:00:00",Nederland,Wind,Hour,UTC,Providing,Current,1047768,1047768,0.15735225379467,0,0
"2025-04-19 11:00:00","2025-04-19 12:00:00",Nederland,Wind,Hour,UTC,Providing,Current,1440231,1440231,0.21629025042057,0,0
"2025-04-19 12:00:00","2025-04-19 13:00:00",Nederland,Wind,Hour,UTC,Providing,Current,1898561,1898561,0.28511974215508,0,0
"2025-04-19 13:00:00","2025-04-19 14:00:00",Nederland,Wind,Hour,UTC,Providing,Current,2298170,2298170,0.34512948989868,0,0
"2025-04-19 14:00:00","2025-04-19 15:00:00",Nederland,Wind,Hour,UTC,Providing,Current,2465485,2465485,0.37025374174118,0,0
"2025-04-19 15:00:00","2025-04-19 16:00:00",Nederland,Wind,Hour,UTC,Providing,Current,2711699,2711699,0.40722650289536,0,0
"2025-04-19 16:00:00","2025-04-19 17:00:00",Nederland,Wind,Hour,UTC,Providing,Current,2647571,2647571,0.39759373664856,0,0
"2025-04-19 17:00:00","2025-04-19 18:00:00",Nederland,Wind,Hour,UTC,Providing,Current,2593444,2593444,0.3894630074501,0,0
"2025-04-19 18:00:00","2025-04-19 19:00:00",Nederland,Wind,Hour,UTC,Providing,Current,2233038,2233038,0.33533799648285,0,0
"2025-04-19 19:00:00","2025-04-19 20:00:00",Nederland,Wind,Hour,UTC,Providing,Current,1595844,1595844,0.23964850604534,0,0
"2025-04-19 20:00:00","2025-04-19 21:00:00",Nederland,Wind,Hour,UTC,Providing,Current,1316282,1316282,0.1976652443409,0,0
"2025-04-19 21:00:00","2025-04-19 22:00:00",Nederland,Wind,Hour,UTC,Providing,Current,1022542,1022542,0.15355350077152,0,0
"2025-04-19 22:00:00","2025-04-19 23:00:00",Nederland,Wind,Hour,UTC,Providing,Current,926319,926319,0.13910299539566,0,0
"2025-04-19 23:00:00","2025-04-20 00:00:00",Nederland,Wind,Hour,UTC,Providing,Current,785249,785249,0.11791799962521,0,0
"2025-04-20 00:00:00","2025-04-20 01:00:00",Nederland,Wind,Hour,UTC,Providing,Current,648639,648639,0.097403399646282,0,0
"2025-04-20 01:00:00","2025-04-20 02:00:00",Nederland,Wind,Hour,UTC,Providing,Current,616567,616567,0.092586599290371,0,0
"2025-04-20 02:00:00","2025-04-20 03:00:00",Nederland,Wind,Hour,UTC,Providing,Current,502641,502641,0.075478501617908,0,0
"2025-04-20 03:00:00","2025-04-20 04:00:00",Nederland,Wind,Hour,UTC,Providing,Current,541972,541972,0.081384047865868,0,0
"2025-04-20 04:00:00","2025-04-20 05:00:00",Nederland,Wind,Hour,UTC,Providing,Current,438096,438096,0.065785378217697,0,0
"2025-04-20 05:00:00","2025-04-20 06:00:00",Nederland,Wind,Hour,UTC,Providing,Current,309223,309223,0.046433251351118,0,0
"2025-04-20 06:00:00","2025-04-20 07:00:00",Nederland,Wind,Hour,UTC,Providing,Current,307767,307767,0.046214323490858,0,0
"2025-04-20 07:00:00","2025-04-20 08:00:00",Nederland,Wind,Hour,UTC,Providing,Current,405855,405855,0.060942851006985,0,0
"2025-04-20 08:00:00","2025-04-20 09:00:00",Nederland,Wind,Hour,UTC,Providing,Current,459906,459906,0.069058649241924,0,0
"2025-04-20 09:00:00","2025-04-20 10:00:00",Nederland,Wind,Hour,UTC,Providing,Current,484525,484525,0.072754971683025,0,0
"2025-04-20 10:00:00","2025-04-20 11:00:00",Nederland,Wind,Hour,UTC,Providing,Current,481523,481523,0.072303749620914,0,0
"2025-04-20 11:00:00","2025-04-20 12:00:00",Nederland,Wind,Hour,UTC,Providing,Current,561810,561810,0.084358848631382,0,0
"2025-04-20 12:00:00","2025-04-20 13:00:00",Nederland,Wind,Hour,UTC,Providing,Current,594968,594968,0.089337147772312,0,0
"2025-04-20 13:00:00","2025-04-20 14:00:00",Nederland,Wind,Hour,UTC,Providing,Current,656741,656741,0.098611950874329,0,0
"2025-04-20 14:00:00","2025-04-20 15:00:00",Nederland,Wind,Hour,UTC,Providing,Current,803281,803281,0.12061475217342,0,0
"2025-04-20 15:00:00","2025-04-20 16:00:00",Nederland,Wind,Hour,UTC,Providing,Current,979200,979200,0.14702850580215,0,0
"2025-04-20 16:00:00","2025-04-20 17:00:00",Nederland,Wind,Hour,UTC,Providing,Current,1084442,1084442,0.16282999515533,0,0
"2025-04-20 17:00:00","2025-04-20 18:00:00",Nederland,Wind,Hour,UTC,Providing,Current,1041006,1041006,0.15630699694157,0,0
"2025-04-20 18:00:00","2025-04-20 19:00:00",Nederland,Wind,Hour,UTC,Providing,Current,806187,806187,0.12104824930429,0,0
"2025-04-20 19:00:00","2025-04-20 20:00:00",Nederland,Wind,Hour,UTC,Providing,Current,414023,414023,0.062164798378944,0,0
"2025-04-20 20:00:00","2025-04-20 21:00:00",Nederland,Wind,Hour,UTC,Providing,Current,184426,184426,0.0276910495013,0,0
"2025-04-20 21:00:00","2025-04-20 22:00:00",Nederland,Wind,Hour,UTC,Providing,Current,107392,107392,0.016124499961734,0,0
"2025-04-20 22:00:00","2025-04-20 23:00:00",Nederland,Wind,Hour,UTC,Providing,Current,19026,19026,0.0028566694818437,0,0
"2025-04-20 23:00:00","2025-04-21 00:00:00",Nederland,Wind,Hour,UTC,Providing,Current,3038,3038,0.00045613999827765,0,0
"2025-04-21 00:00:00","2025-04-21 01:00:00",Nederland,Wind,Hour,UTC,Providing,Current,0,0,0,0,0
"2025-04-21 01:00:00","2025-04-21 02:00:00",Nederland,Wind,Hour,UTC,Providing,Current,0,0,0,0,0
"2025-04-21 02:00:00","2025-04-21 03:00:00",Nederland,Wind,Hour,UTC,Providing,Current,0,0,0,0,0
"2025-04-21 03:00:00","2025-04-21 04:00:00",Nederland,Wind,Hour,UTC,Providing,Current,5867,5867,0.0008808764978312,0,0
"2025-04-21 04:00:00","2025-04-21 05:00:00",Nederland,Wind,Hour,UTC,Providing,Current,11694,11694,0.0017557324608788,0,0
"2025-04-21 05:00:00","2025-04-21 06:00:00",Nederland,Wind,Hour,UTC,Providing,Current,0,0,0,0,0
"2025-04-21 06:00:00","2025-04-21 07:00:00",Nederland,Wind,Hour,UTC,Providing,Current,0,0,0,0,0
"2025-04-21 07:00:00","2025-04-21 08:00:00",Nederland,Wind,Hour,UTC,Providing,Current,12943,12943,0.001943220035173,0,0
"2025-04-21 08:00:00","2025-04-21 09:00:00",Nederland,Wind,Hour,UTC,Providing,Current,10289,10289,0.00154474505689,0,0
"2025-04-21 09:00:00","2025-04-21 10:00:00",Nederland,Wind,Hour,UTC,Providing,Current,102131,102131,0.015333450399339,0,0
"2025-04-21 10:00:00","2025-04-21 11:00:00",Nederland,Wind,Hour,UTC,Providing,Current,98573,98573,0.014799199998379,0,0
"2025-04-21 11:00:00","2025-04-21 12:00:00",Nederland,Wind,Hour,UTC,Providing,Current,49448,49448,0.0074237901717424,0,0
"2025-04-21 12:00:00","2025-04-21 13:00:00",Nederland,Wind,Hour,UTC,Providing,Current,123813,123813,0.01858832500875,0,0
"2025-04-21 13:00:00","2025-04-21 14:00:00",Nederland,Wind,Hour,UTC,Providing,Current,328161,328161,0.049267299473286,0,0
"2025-04-21 14:00:00","2025-04-21 15:00:00",Nederland,Wind,Hour,UTC,Providing,Current,330507,330507,0.049619201570749,0,0
"2025-04-21 15:00:00","2025-04-21 16:00:00",Nederland,Wind,Hour,UTC,Providing,Current,272599,272599,0.040925174951553,0,0
"2025-04-21 16:00:00","2025-04-21 17:00:00",Nederland,Wind,Hour,UTC,Providing,Current,194924,194924,0.029263699427247,0,0
"2025-04-21 17:00:00","2025-04-21 18:00:00",Nederland,Wind,Hour,UTC,Providing,Current,49195,49195,0.007385547272861,0,0
"2025-04-21 18:00:00","2025-04-21 19:00:00",Nederland,Wind,Hour,UTC,Providing,Current,51825,51825,0.0077803176827729,0,0
"2025-04-21 19:00:00","2025-04-21 20:00:00",Nederland,Wind,Hour,UTC,Providing,Current,80412,80412,0.012071907520294,0,0
"2025-04-21 20:00:00","2025-04-21 21:00:00",Nederland,Wind,Hour,UTC,Providing,Current,116923,116923,0.017553074285388,0,0
"2025-04-21 21:00:00","2025-04-21 22:00:00",Nederland,Wind,Hour,UTC,Providing,Current,79971,79971,0.01200557500124,0,0
"2025-04-21 22:00:00","2025-04-21 23:00:00",Nederland,Wind,Hour,UTC,Providing,Current,78500,78500,0.011784674599767,0,0
"2025-04-21 23:00:00","2025-04-22 00:00:00",Nederland,Wind,Hour,UTC,Providing,Current,70758,70758,0.010622355155647,0,0
"2025-04-22 00:00:00","2025-04-22 01:00:00",Nederland,Wind,Hour,UTC,Providing,Current,65803,65803,0.0098784398287535,0,0
"2025-04-22 01:00:00","2025-04-22 02:00:00",Nederland,Wind,Hour,UTC,Providing,Current,135340,135340,0.020317275077105,0,0
"2025-04-22 02:00:00","2025-04-22 03:00:00",Nederland,Wind,Hour,UTC,Providing,Current,176683,176683,0.026523549109697,0,0
"2025-04-22 03:00:00","2025-04-22 04:00:00",Nederland,Wind,Hour,UTC,Providing,Current,282138,282138,0.04235415160656,0,0
"2025-04-22 04:00:00","2025-04-22 05:00:00",Nederland,Wind,Hour,UTC,Providing,Current,252750,252750,0.037942223250866,0,0
"2025-04-22 05:00:00","2025-04-22 06:00:00",Nederland,Wind,Hour,UTC,Providing,Current,283237,283237,0.042518600821495,0,0
"2025-04-22 06:00:00","2025-04-22 07:00:00",Nederland,Wind,Hour,UTC,Providing,Current,418471,418471,0.062819078564644,0,0
"2025-04-22 07:00:00","2025-04-22 08:00:00",Nederland,Wind,Hour,UTC,Providing,Current,540773,540773,0.081178076565266,0,0
"2025-04-22 08:00:00","2025-04-22 09:00:00",Nederland,Wind,Hour,UTC,Providing,Current,637366,637366,0.095677398145199,0,0
"2025-04-22 09:00:00","2025-04-22 10:00:00",Nederland,Wind,Hour,UTC,Providing,Current,845782,845782,0.12696275115013,0,0
"2025-04-22 10:00:00","2025-04-22 11:00:00",Nederland,Wind,Hour,UTC,Providing,Current,1123942,1123942,0.16871725022793,0,0
"2025-04-22 11:00:00","2025-04-22 12:00:00",Nederland,Wind,Hour,UTC,Providing,Current,1486423,1486423,0.22312849760056,0,0
"2025-04-22 12:00:00","2025-04-22 13:00:00",Nederland,Wind,Hour,UTC,Providing,Current,1629726,1629726,0.24463850259781,0,0
"2025-04-22 13:00:00","2025-04-22 14:00:00",Nederland,Wind,Hour,UTC,Providing,Current,1584579,1584579,0.23785999417305,0,0
"2025-04-22 14:00:00","2025-04-22 15:00:00",Nederland,Wind,Hour,UTC,Providing,Current,1368146,1368146,0.20537024736404,0,0
"2025-04-22 15:00:00","2025-04-22 16:00:00",Nederland,Wind,Hour,UTC,Providing,Current,1081042,1081042,0.16227249801159,0,0
"2025-04-22 16:00:00","2025-04-22 17:00:00",Nederland,Wind,Hour,UTC,Providing,Current,666662,666662,0.10007047653198,0,0
"2025-04-22 17:00:00","2025-04-22 18:00:00",Nederland,Wind,Hour,UTC,Providing,Current,246896,246896,0.037060476839542,0,0
"2025-04-22 18:00:00","2025-04-22 19:00:00",Nederland,Wind,Hour,UTC,Providing,Current,16171,16171,0.0024273449089378,0,0
"2025-04-22 19:00:00","2025-04-22 20:00:00",Nederland,Wind,Hour,UTC,Providing,Current,0,0,0,0,0
"2025-04-22 20:00:00","2025-04-22 21:00:00",Nederland,Wind,Hour,UTC,Providing,Current,0,0,0,0,0
"2025-04-22 21:00:00","2025-04-22 22:00:00",Nederland,Wind,Hour,UTC,Providing,Current,0,0,0,0,0
"2025-04-22 22:00:00","2025-04-22 23:00:00",Nederland,Wind,Hour,UTC,Providing,Current,0,0,0,0,0
"2025-04-22 23:00:00","2025-04-23 00:00:00",Nederland,Wind,Hour,UTC,Providing,Current,0,0,0,0,0
"2025-04-23 00:00:00","2025-04-23 01:00:00",Nederland,Wind,Hour,UTC,Providing,Current,0,0,0,0,0
"2025-04-23 01:00:00","2025-04-23 02:00:00",Nederland,Wind,Hour,UTC,Providing,Current,0,0,0,0,0
"2025-04-23 02:00:00","2025-04-23 03:00:00",Nederland,Wind,Hour,UTC,Providing,Current,0,0,0,0,0
"2025-04-23 03:00:00","2025-04-23 04:00:00",Nederland,Wind,Hour,UTC,Providing,Current,0,0,0,0,0
"2025-04-23 04:00:00","2025-04-23 05:00:00",Nederland,Wind,Hour,UTC,Providing,Current,11790,11790,0.0017696225550026,0,0
"2025-04-23 05:00:00","2025-04-23 06:00:00",Nederland,Wind,Hour,UTC,Providing,Current,43941,43941,0.0065952925942838,0,0
"2025-04-23 06:00:00","2025-04-23 07:00:00",Nederland,Wind,Hour,UTC,Providing,Current,136104,136104,0.020428324118257,0,0
"2025-04-23 07:00:00","2025-04-23 08:00:00",Nederland,Wind,Hour,UTC,Providing,Current,297756,297756,0.044690974056721,0,0
"2025-04-23 08:00:00","2025-04-23 09:00:00",Nederland,Wind,Hour,UTC,Providing,Current,409546,409546,0.061469476670027,0,0
"2025-04-23 09:00:00","2025-04-23 10:00:00",Nederland,Wind,Hour,UTC,Providing,Current,562126,562126,0.084369949996471,0,0
"2025-04-23 10:00:00","2025-04-23 11:00:00",Nederland,Wind,Hour,UTC,Providing,Current,574273,574273,0.086192548274994,0,0
"2025-04-23 11:00:00","2025-04-23 12:00:00",Nederland,Wind,Hour,UTC,Providing,Current,580100,580100,0.087066598236561,0,0
"2025-04-23 12:00:00","2025-04-23 13:00:00",Nederland,Wind,Hour,UTC,Providing,Current,624496,624496,0.093729473650455,0,0
"2025-04-23 13:00:00","2025-04-23 14:00:00",Nederland,Wind,Hour,UTC,Providing,Current,748056,748056,0.11227349936962,0,0
"2025-04-23 14:00:00","2025-04-23 15:00:00",Nederland,Wind,Hour,UTC,Providing,Current,915294,915294,0.13737300038338,0,0
"2025-04-23 15:00:00","2025-04-23 16:00:00",Nederland,Wind,Hour,UTC,Providing,Current,1262923,1262923,0.18954625725746,0,0
"2025-04-23 16:00:00","2025-04-23 17:00:00",Nederland,Wind,Hour,UTC,Providing,Current,1432175,1432175,0.21494725346565,0,0
"2025-04-23 17:00:00","2025-04-23 18:00:00",Nederland,Wind,Hour,UTC,Providing,Current,1607244,1607244,0.24122075736523,0,0
"2025-04-23 18:00:00","2025-04-23 19:00:00",Nederland,Wind,Hour,UTC,Providing,Current,1439180,1439180,0.21599574387074,0,0
"2025-04-23 19:00:00","2025-04-23 20:00:00",Nederland,Wind,Hour,UTC,Providing,Current,1293303,1293303,0.19410100579262,0,0
"2025-04-23 20:00:00","2025-04-23 21:00:00",Nederland,Wind,Hour,UTC,Providing,Current,1169018,1169018,0.17544674873352,0,0
"2025-04-23 21:00:00","2025-04-23 22:00:00",Nederland,Wind,Hour,UTC,Providing,Current,1307269,1307269,0.19619424641132,0,0
"2025-04-23 22:00:00","2025-04-23 23:00:00",Nederland,Wind,Hour,UTC,Providing,Current,1430449,1430449,0.21468000113964,0,0
"2025-04-23 23:00:00","2025-04-24 00:00:00",Nederland,Wind,Hour,UTC,Providing,Current,1558886,1558886,0.23395450413227,0,0
"2025-04-24 00:00:00","2025-04-24 01:00:00",Nederland,Wind,Hour,UTC,Providing,Current,1572908,1572908,0.23605725169182,0,0
"2025-04-24 01:00:00","2025-04-24 02:00:00",Nederland,Wind,Hour,UTC,Providing,Current,1549138,1549138,0.23248824477196,0,0
"2025-04-24 02:00:00","2025-04-24 03:00:00",Nederland,Wind,Hour,UTC,Providing,Current,1743606,1743606,0.26167199015617,0,0
"2025-04-24 03:00:00","2025-04-24 04:00:00",Nederland,Wind,Hour,UTC,Providing,Current,1769701,1769701,0.26558649539948,0,0
"2025-04-24 04:00:00","2025-04-24 05:00:00",Nederland,Wind,Hour,UTC,Providing,Current,1725732,1725732,0.25898650288582,0,0
"2025-04-24 05:00:00","2025-04-24 06:00:00",Nederland,Wind,Hour,UTC,Providing,Current,1827877,1827877,0.27431398630142,0,0
"2025-04-24 06:00:00","2025-04-24 07:00:00",Nederland,Wind,Hour,UTC,Providing,Current,1881704,1881704,0.28239023685455,0,0
"2025-04-24 07:00:00","2025-04-24 08:00:00",Nederland,Wind,Hour,UTC,Providing,Current,2074743,2074743,0.31135773658752,0,0
"2025-04-24 08:00:00","2025-04-24 09:00:00",Nederland,Wind,Hour,UTC,Providing,Current,2301928,2301928,0.34544950723648,0,0
"2025-04-24 09:00:00","2025-04-24 10:00:00",Nederland,Wind,Hour,UTC,Providing,Current,2558822,2558822,0.38399875164032,0,0
"2025-04-24 10:00:00","2025-04-24 11:00:00",Nederland,Wind,Hour,UTC,Providing,Current,2997163,2997163,0.44977724552155,0,0
"2025-04-24 11:00:00","2025-04-24 12:00:00",Nederland,Wind,Hour,UTC,Providing,Current,2946641,2946641,0.44219300150871,0,0
"2025-04-24 12:00:00","2025-04-24 13:00:00",Nederland,Wind,Hour,UTC,Providing,Current,3191519,3191519,0.4789380133152,0,0
"2025-04-24 13:00:00","2025-04-24 14:00:00",Nederland,Wind,Hour,UTC,Providing,Current,3318467,3318467,0.49798575043678,0,0
"2025-04-24 14:00:00","2025-04-24 15:00:00",Nederland,Wind,Hour,UTC,Providing,Current,3791520,3791520,0.56897073984146,0,0
"2025-04-24 15:00:00","2025-04-24 16:00:00",Nederland,Wind,Hour,UTC,Providing,Current,3742483,3742483,0.56160849332809,0,0
"2025-04-24 16:00:00","2025-04-24 17:00:00",Nederland,Wind,Hour,UTC,Providing,Current,3597983,3597983,0.53992122411728,0,0
"2025-04-24 17:00:00","2025-04-24 18:00:00",Nederland,Wind,Hour,UTC,Providing,Current,3079204,3079204,0.46206951141357,0,0
"2025-04-24 18:00:00","2025-04-24 19:00:00",Nederland,Wind,Hour,UTC,Providing,Current,2407534,2407534,0.36127525568008,0,0
"2025-04-24 19:00:00","2025-04-24 20:00:00",Nederland,Wind,Hour,UTC,Providing,Current,1972669,1972669,0.29601773619652,0,0
"2025-04-24 20:00:00","2025-04-24 21:00:00",Nederland,Wind,Hour,UTC,Providing,Current,1739378,1739378,0.26100873947144,0,0
"2025-04-24 21:00:00","2025-04-24 22:00:00",Nederland,Wind,Hour,UTC,Providing,Current,1580139,1580139,0.2371120005846,0,0
"2025-04-24 22:00:00","2025-04-24 23:00:00",Nederland,Wind,Hour,UTC,Providing,Current,1570204,1570204,0.23561950027943,0,0
"2025-04-24 23:00:00","2025-04-25 00:00:00",Nederland,Wind,Hour,UTC,Providing,Current,1298659,1298659,0.19487124681473,0,0
"2025-04-25 00:00:00","2025-04-25 01:00:00",Nederland,Wind,Hour,UTC,Providing,Current,1056461,1056461,0.15852700173855,0,0
"2025-04-25 01:00:00","2025-04-25 02:00:00",Nederland,Wind,Hour,UTC,Providing,Current,820966,820966,0.12318900227547,0,0
"2025-04-25 02:00:00","2025-04-25 03:00:00",Nederland,Wind,Hour,UTC,Providing,Current,904137,904137,0.13566824793816,0,0
"2025-04-25 03:00:00","2025-04-25 04:00:00",Nederland,Wind,Hour,UTC,Providing,Current,846411,846411,0.12700575590134,0,0
"2025-04-25 04:00:00","2025-04-25 05:00:00",Nederland,Wind,Hour,UTC,Providing,Current,1002992,1002992,0.15049999952316,0,0
"2025-04-25 05:00:00","2025-04-25 06:00:00",Nederland,Wind,Hour,UTC,Providing,Current,1002694,1002694,0.15045450627804,0,0
"2025-04-25 06:00:00","2025-04-25 07:00:00",Nederland,Wind,Hour,UTC,Providing,Current,1198387,1198387,0.17981724441051,0,0
"2025-04-25 07:00:00","2025-04-25 08:00:00",Nederland,Wind,Hour,UTC,Providing,Current,1302139,1302139,0.19538375735283,0,0
"2025-04-25 08:00:00","2025-04-25 09:00:00",Nederland,Wind,Hour,UTC,Providing,Current,1079017,1079017,0.16190375387669,0,0
"2025-04-25 09:00:00","2025-04-25 10:00:00",Nederland,Wind,Hour,UTC,Providing,Current,871210,871210,0.13072225451469,0,0
"2025-04-25 10:00:00","2025-04-25 11:00:00",Nederland,Wind,Hour,UTC,Providing,Current,767544,767544,0.11516650021076,0,0
"2025-04-25 11:00:00","2025-04-25 12:00:00",Nederland,Wind,Hour,UTC,Providing,Current,646213,646213,0.096960723400116,0,0
"2025-04-25 12:00:00","2025-04-25 13:00:00",Nederland,Wind,Hour,UTC,Providing,Current,628482,628482,0.094299778342247,0,0
"2025-04-25 13:00:00","2025-04-25 14:00:00",Nederland,Wind,Hour,UTC,Providing,Current,643896,643896,0.096611976623535,0,0
"2025-04-25 14:00:00","2025-04-25 15:00:00",Nederland,Wind,Hour,UTC,Providing,Current,809093,809093,0.12139774858952,0,0
"2025-04-25 15:00:00","2025-04-25 16:00:00",Nederland,Wind,Hour,UTC,Providing,Current,994440,994440,0.14920674264431,0,0
"2025-04-25 16:00:00","2025-04-25 17:00:00",Nederland,Wind,Hour,UTC,Providing,Current,1055652,1055652,0.15839025378227,0,0
"2025-04-25 17:00:00","2025-04-25 18:00:00",Nederland,Wind,Hour,UTC,Providing,Current,1026414,1026414,0.15400224924088,0,0
"2025-04-25 18:00:00","2025-04-25 19:00:00",Nederland,Wind,Hour,UTC,Providing,Current,734392,734392,0.11018694937229,0,0
"2025-04-25 19:00:00","2025-04-25 20:00:00",Nederland,Wind,Hour,UTC,Providing,Current,450782,450782,0.067634128034115,0,0
"2025-04-25 20:00:00","2025-04-25 21:00:00",Nederland,Wind,Hour,UTC,Providing,Current,344928,344928,0.051751751452684,0,0
"2025-04-25 21:00:00","2025-04-25 22:00:00",Nederland,Wind,Hour,UTC,Providing,Current,139450,139450,0.020922450348735,0,0
"2025-04-25 22:00:00","2025-04-25 23:00:00",Nederland,Wind,Hour,UTC,Providing,Current,106576,106576,0.015990074723959,0,0
"2025-04-25 23:00:00","2025-04-26 00:00:00",Nederland,Wind,Hour,UTC,Providing,Current,177755,177755,0.026669200509787,0,0
"2025-04-26 00:00:00","2025-04-26 01:00:00",Nederland,Wind,Hour,UTC,Providing,Current,133804,133804,0.020074950531125,0,0
"2025-04-26 01:00:00","2025-04-26 02:00:00",Nederland,Wind,Hour,UTC,Providing,Current,97766,97766,0.014668025076389,0,0
"2025-04-26 02:00:00","2025-04-26 03:00:00",Nederland,Wind,Hour,UTC,Providing,Current,97741,97741,0.014664149843156,0,0
"2025-04-26 03:00:00","2025-04-26 04:00:00",Nederland,Wind,Hour,UTC,Providing,Current,183890,183890,0.027589000761509,0,0
"2025-04-26 04:00:00","2025-04-26 05:00:00",Nederland,Wind,Hour,UTC,Providing,Current,126322,126322,0.018951950594783,0,0
"2025-04-26 05:00:00","2025-04-26 06:00:00",Nederland,Wind,Hour,UTC,Providing,Current,207420,207420,0.031118825078011,0,0
"2025-04-26 06:00:00","2025-04-26 07:00:00",Nederland,Wind,Hour,UTC,Providing,Current,372026,372026,0.055813975632191,0,0
"2025-04-26 07:00:00","2025-04-26 08:00:00",Nederland,Wind,Hour,UTC,Providing,Current,551004,551004,0.082665026187897,0,0
"2025-04-26 08:00:00","2025-04-26 09:00:00",Nederland,Wind,Hour,UTC,Providing,Current,576924,576924,0.086553201079369,0,0
"2025-04-26 09:00:00","2025-04-26 10:00:00",Nederland,Wind,Hour,UTC,Providing,Current,555707,555707,0.083369575440884,0,0
"2025-04-26 10:00:00","2025-04-26 11:00:00",Nederland,Wind,Hour,UTC,Providing,Current,731574,731574,0.10975332558155,0,0
"2025-04-26 11:00:00","2025-04-26 12:00:00",Nederland,Wind,Hour,UTC,Providing,Current,989934,989934,0.14851224422455,0,0
"2025-04-26 12:00:00","2025-04-26 13:00:00",Nederland,Wind,Hour,UTC,Providing,Current,1184894,1184894,0.17775949835777,0,0
"2025-04-26 13:00:00","2025-04-26 14:00:00",Nederland,Wind,Hour,UTC,Providing,Current,1256085,1256085,0.18843899667263,0,0
"2025-04-26 14:00:00","2025-04-26 15:00:00",Nederland,Wind,Hour,UTC,Providing,Current,1195998,1195998,0.17942349612713,0,0
"2025-04-26 15:00:00","2025-04-26 16:00:00",Nederland,Wind,Hour,UTC,Providing,Current,1273311,1273311,0.19102075695992,0,0
"2025-04-26 16:00:00","2025-04-26 17:00:00",Nederland,Wind,Hour,UTC,Providing,Current,1235320,1235320,0.1853202432394,0,0
"2025-04-26 17:00:00","2025-04-26 18:00:00",Nederland,Wind,Hour,UTC,Providing,Current,1067019,1067019,0.16007074713707,0,0
"2025-04-26 18:00:00","2025-04-26 19:00:00",Nederland,Wind,Hour,UTC,Providing,Current,740630,740630,0.1111064478755,0,0
"2025-04-26 19:00:00","2025-04-26 20:00:00",Nederland,Wind,Hour,UTC,Providing,Current,482924,482924,0.072445899248123,0,0
"2025-04-26 20:00:00","2025-04-26 21:00:00",Nederland,Wind,Hour,UTC,Providing,Current,386621,386621,0.057998649775982,0,0
"2025-04-26 21:00:00","2025-04-26 22:00:00",Nederland,Wind,Hour,UTC,Providing,Current,300592,300592,0.045092798769474,0,0
"2025-04-26 22:00:00","2025-04-26 23:00:00",Nederland,Wind,Hour,UTC,Providing,Current,261032,261032,0.039158023893833,0,0
"2025-04-26 23:00:00","2025-04-27 00:00:00",Nederland,Wind,Hour,UTC,Providing,Current,212090,212090,0.031815901398659,0,0
"2025-04-27 00:00:00","2025-04-27 01:00:00",Nederland,Wind,Hour,UTC,Providing,Current,195686,195686,0.029354950413108,0,0
"2025-04-27 01:00:00","2025-04-27 02:00:00",Nederland,Wind,Hour,UTC,Providing,Current,122373,122373,0.018357150256634,0,0
"2025-04-27 02:00:00","2025-04-27 03:00:00",Nederland,Wind,Hour,UTC,Providing,Current,198128,198128,0.029720924794674,0,0
"2025-04-27 03:00:00","2025-04-27 04:00:00",Nederland,Wind,Hour,UTC,Providing,Current,331024,331024,0.049656175076962,0,0
"2025-04-27 04:00:00","2025-04-27 05:00:00",Nederland,Wind,Hour,UTC,Providing,Current,304759,304759,0.045715924352407,0,0
"2025-04-27 05:00:00","2025-04-27 06:00:00",Nederland,Wind,Hour,UTC,Providing,Current,274962,274962,0.041245900094509,0,0
"2025-04-27 06:00:00","2025-04-27 07:00:00",Nederland,Wind,Hour,UTC,Providing,Current,334715,334715,0.050208900123835,0,0
"2025-04-27 07:00:00","2025-04-27 08:00:00",Nederland,Wind,Hour,UTC,Providing,Current,369152,369152,0.055374298244715,0,0
"2025-04-27 08:00:00","2025-04-27 09:00:00",Nederland,Wind,Hour,UTC,Providing,Current,199229,199229,0.029884975403547,0,0
"2025-04-27 09:00:00","2025-04-27 10:00:00",Nederland,Wind,Hour,UTC,Providing,Current,211094,211094,0.031664550304413,0,0
"2025-04-27 10:00:00","2025-04-27 11:00:00",Nederland,Wind,Hour,UTC,Providing,Current,454097,454097,0.068115122616291,0,0
"2025-04-27 11:00:00","2025-04-27 12:00:00",Nederland,Wind,Hour,UTC,Providing,Current,377779,377779,0.056667000055313,0,0
"2025-04-27 12:00:00","2025-04-27 13:00:00",Nederland,Wind,Hour,UTC,Providing,Current,303542,303542,0.045531123876572,0,0
"2025-04-27 13:00:00","2025-04-27 14:00:00",Nederland,Wind,Hour,UTC,Providing,Current,352872,352872,0.052930276840925,0,0
"2025-04-27 14:00:00","2025-04-27 15:00:00",Nederland,Wind,Hour,UTC,Providing,Current,423745,423745,0.063560724258423,0,0
"2025-04-27 15:00:00","2025-04-27 16:00:00",Nederland,Wind,Hour,UTC,Providing,Current,522810,522810,0.078419774770737,0,0
"2025-04-27 16:00:00","2025-04-27 17:00:00",Nederland,Wind,Hour,UTC,Providing,Current,596408,596408,0.089458651840687,0,0
"2025-04-27 17:00:00","2025-04-27 18:00:00",Nederland,Wind,Hour,UTC,Providing,Current,688451,688451,0.10326419770718,0,0
"2025-04-27 18:00:00","2025-04-27 19:00:00",Nederland,Wind,Hour,UTC,Providing,Current,648539,648539,0.097276978194714,0,0
"2025-04-27 19:00:00","2025-04-27 20:00:00",Nederland,Wind,Hour,UTC,Providing,Current,389408,389408,0.058408476412296,0,0
"2025-04-27 20:00:00","2025-04-27 21:00:00",Nederland,Wind,Hour,UTC,Providing,Current,177512,177512,0.026625400409102,0,0
"2025-04-27 21:00:00","2025-04-27 22:00:00",Nederland,Wind,Hour,UTC,Providing,Current,19590,19590,0.0029383299406618,0,0
"2025-04-27 22:00:00","2025-04-27 23:00:00",Nederland,Wind,Hour,UTC,Providing,Current,0,0,0,0,0
"2025-04-27 23:00:00","2025-04-28 00:00:00",Nederland,Wind,Hour,UTC,Providing,Current,0,0,0,0,0
"2025-04-28 00:00:00","2025-04-28 01:00:00",Nederland,Wind,Hour,UTC,Providing,Current,0,0,0,0,0
"2025-04-28 01:00:00","2025-04-28 02:00:00",Nederland,Wind,Hour,UTC,Providing,Current,0,0,0,0,0
"2025-04-28 02:00:00","2025-04-28 03:00:00",Nederland,Wind,Hour,UTC,Providing,Current,0,0,0,0,0
"2025-04-28 03:00:00","2025-04-28 04:00:00",Nederland,Wind,Hour,UTC,Providing,Current,0,0,0,0,0
"2025-04-28 04:00:00","2025-04-28 05:00:00",Nederland,Wind,Hour,UTC,Providing,Current,0,0,0,0,0
"2025-04-28 05:00:00","2025-04-28 06:00:00",Nederland,Wind,Hour,UTC,Providing,Current,0,0,0,0,0
"2025-04-28 06:00:00","2025-04-28 07:00:00",Nederland,Wind,Hour,UTC,Providing,Current,0,0,0,0,0
"2025-04-28 07:00:00","2025-04-28 08:00:00",Nederland,Wind,Hour,UTC,Providing,Current,0,0,0,0,0
"2025-04-28 08:00:00","2025-04-28 09:00:00",Nederland,Wind,Hour,UTC,Providing,Current,15029,15029,0.0022540625650436,0,0
"2025-04-28 09:00:00","2025-04-28 10:00:00",Nederland,Wind,Hour,UTC,Providing,Current,34067,34067,0.0051093702204525,0,0
"2025-04-28 10:00:00","2025-04-28 11:00:00",Nederland,Wind,Hour,UTC,Providing,Current,95477,95477,0.01431957539171,0,0
"2025-04-28 11:00:00","2025-04-28 12:00:00",Nederland,Wind,Hour,UTC,Providing,Current,167927,167927,0.025185374543071,0,0
"2025-04-28 12:00:00","2025-04-28 13:00:00",Nederland,Wind,Hour,UTC,Providing,Current,238788,238788,0.035812798887491,0,0
"2025-04-28 13:00:00","2025-04-28 14:00:00",Nederland,Wind,Hour,UTC,Providing,Current,434814,434814,0.065211825072765,0,0
"2025-04-28 14:00:00","2025-04-28 15:00:00",Nederland,Wind,Hour,UTC,Providing,Current,599982,599982,0.08998254686594,0,0
"2025-04-28 15:00:00","2025-04-28 16:00:00",Nederland,Wind,Hour,UTC,Providing,Current,676125,676125,0.10140157490969,0,0
"2025-04-28 16:00:00","2025-04-28 17:00:00",Nederland,Wind,Hour,UTC,Providing,Current,684853,684853,0.10270967334509,0,0
"2025-04-28 17:00:00","2025-04-28 18:00:00",Nederland,Wind,Hour,UTC,Providing,Current,667530,667530,0.10011135041714,0,0
"2025-04-28 18:00:00","2025-04-28 19:00:00",Nederland,Wind,Hour,UTC,Providing,Current,458427,458427,0.068751126527786,0,0
"2025-04-28 19:00:00","2025-04-28 20:00:00",Nederland,Wind,Hour,UTC,Providing,Current,225774,225774,0.033859524875879,0,0
"2025-04-28 20:00:00","2025-04-28 21:00:00",Nederland,Wind,Hour,UTC,Providing,Current,79522,79522,0.011925932951272,0,0
"2025-04-28 21:00:00","2025-04-28 22:00:00",Nederland,Wind,Hour,UTC,Providing,Current,95091,95091,0.014260674826801,0,0
"2025-04-28 22:00:00","2025-04-28 23:00:00",Nederland,Wind,Hour,UTC,Providing,Current,46913,46913,0.0070354552008212,0,0
"2025-04-28 23:00:00","2025-04-29 00:00:00",Nederland,Wind,Hour,UTC,Providing,Current,14740,14740,0.0022105174139142,0,0
"2025-04-29 00:00:00","2025-04-29 01:00:00",Nederland,Wind,Hour,UTC,Providing,Current,0,0,0,0,0
"2025-04-29 01:00:00","2025-04-29 02:00:00",Nederland,Wind,Hour,UTC,Providing,Current,15732,15732,0.0023592535872012,0,0
"2025-04-29 02:00:00","2025-04-29 03:00:00",Nederland,Wind,Hour,UTC,Providing,Current,19222,19222,0.0028826149646193,0,0
"2025-04-29 03:00:00","2025-04-29 04:00:00",Nederland,Wind,Hour,UTC,Providing,Current,2998,2998,0.0004495925095398,0,0
"2025-04-29 04:00:00","2025-04-29 05:00:00",Nederland,Wind,Hour,UTC,Providing,Current,0,0,0,0,0
"2025-04-29 05:00:00","2025-04-29 06:00:00",Nederland,Wind,Hour,UTC,Providing,Current,0,0,0,0,0
"2025-04-29 06:00:00","2025-04-29 07:00:00",Nederland,Wind,Hour,UTC,Providing,Current,22759,22759,0.0034129549749196,0,0
"2025-04-29 07:00:00","2025-04-29 08:00:00",Nederland,Wind,Hour,UTC,Providing,Current,117870,117870,0.017675742506981,0,0
"2025-04-29 08:00:00","2025-04-29 09:00:00",Nederland,Wind,Hour,UTC,Providing,Current,181761,181761,0.027256650850177,0,0
"2025-04-29 09:00:00","2025-04-29 10:00:00",Nederland,Wind,Hour,UTC,Providing,Current,181377,181377,0.027198925614357,0,0
"2025-04-29 10:00:00","2025-04-29 11:00:00",Nederland,Wind,Hour,UTC,Providing,Current,264153,264153,0.039611600339413,0,0
"2025-04-29 11:00:00","2025-04-29 12:00:00",Nederland,Wind,Hour,UTC,Providing,Current,337314,337314,0.050582274794579,0,0
"2025-04-29 12:00:00","2025-04-29 13:00:00",Nederland,Wind,Hour,UTC,Providing,Current,479302,479302,0.07187382131815,0,0
"2025-04-29 13:00:00","2025-04-29 14:00:00",Nederland,Wind,Hour,UTC,Providing,Current,635453,635453,0.095288798213005,0,0
"2025-04-29 14:00:00","2025-04-29 15:00:00",Nederland,Wind,Hour,UTC,Providing,Current,841376,841376,0.12616750597954,0,0
"2025-04-29 15:00:00","2025-04-29 16:00:00",Nederland,Wind,Hour,UTC,Providing,Current,1135050,1135050,0.17020325362682,0,0
"2025-04-29 16:00:00","2025-04-29 17:00:00",Nederland,Wind,Hour,UTC,Providing,Current,1304457,1304457,0.19560524821281,0,0
"2025-04-29 17:00:00","2025-04-29 18:00:00",Nederland,Wind,Hour,UTC,Providing,Current,1498063,1498063,0.22463549673557,0,0
"2025-04-29 18:00:00","2025-04-29 19:00:00",Nederland,Wind,Hour,UTC,Providing,Current,1134265,1134265,0.17008274793625,0,0
"2025-04-29 19:00:00","2025-04-29 20:00:00",Nederland,Wind,Hour,UTC,Providing,Current,775486,775486,0.11628325283527,0,0
"2025-04-29 20:00:00","2025-04-29 21:00:00",Nederland,Wind,Hour,UTC,Providing,Current,727688,727688,0.10911549627781,0,0
"2025-04-29 21:00:00","2025-04-29 22:00:00",Nederland,Wind,Hour,UTC,Providing,Current,618654,618654,0.092765301465988,0,0
"2025-04-29 22:00:00","2025-04-29 23:00:00",Nederland,Wind,Hour,UTC,Providing,Current,492215,492215,0.073805652558804,0,0
"2025-04-29 23:00:00","2025-04-30 00:00:00",Nederland,Wind,Hour,UTC,Providing,Current,392563,392563,0.058862898498774,0,0
"2025-04-30 00:00:00","2025-04-30 01:00:00",Nederland,Wind,Hour,UTC,Providing,Current,263194,263194,0.039464399218559,0,0
"2025-04-30 01:00:00","2025-04-30 02:00:00",Nederland,Wind,Hour,UTC,Providing,Current,202654,202654,0.030386600643396,0,0
"2025-04-30 02:00:00","2025-04-30 03:00:00",Nederland,Wind,Hour,UTC,Providing,Current,131147,131147,0.019664475694299,0,0
"2025-04-30 03:00:00","2025-04-30 04:00:00",Nederland,Wind,Hour,UTC,Providing,Current,117949,117949,0.017685450613499,0,0
"2025-04-30 04:00:00","2025-04-30 05:00:00",Nederland,Wind,Hour,UTC,Providing,Current,78961,78961,0.011839450336993,0,0
"2025-04-30 05:00:00","2025-04-30 06:00:00",Nederland,Wind,Hour,UTC,Providing,Current,73234,73234,0.010980674996972,0,0
"2025-04-30 06:00:00","2025-04-30 07:00:00",Nederland,Wind,Hour,UTC,Providing,Current,67689,67689,0.010149205103517,0,0
"2025-04-30 07:00:00","2025-04-30 08:00:00",Nederland,Wind,Hour,UTC,Providing,Current,93416,93416,0.014006574638188,0,0
"2025-04-30 08:00:00","2025-04-30 09:00:00",Nederland,Wind,Hour,UTC,Providing,Current,41395,41395,0.0062066377140582,0,0
"2025-04-30 09:00:00","2025-04-30 10:00:00",Nederland,Wind,Hour,UTC,Providing,Current,85890,85890,0.012877974659204,0,0
"2025-04-30 10:00:00","2025-04-30 11:00:00",Nederland,Wind,Hour,UTC,Providing,Current,94503,94503,0.014169307425618,0,0
"2025-04-30 11:00:00","2025-04-30 12:00:00",Nederland,Wind,Hour,UTC,Providing,Current,123424,123424,0.018505474552512,0,0
"2025-04-30 12:00:00","2025-04-30 13:00:00",Nederland,Wind,Hour,UTC,Providing,Current,203039,203039,0.030442224815488,0,0
"2025-04-30 13:00:00","2025-04-30 14:00:00",Nederland,Wind,Hour,UTC,Providing,Current,289963,289963,0.043474748730659,0,0
"2025-04-30 14:00:00","2025-04-30 15:00:00",Nederland,Wind,Hour,UTC,Providing,Current,477998,477998,0.071666821837425,0,0
"2025-04-30 15:00:00","2025-04-30 16:00:00",Nederland,Wind,Hour,UTC,Providing,Current,685385,685385,0.10275987535715,0,0
"2025-04-30 16:00:00","2025-04-30 17:00:00",Nederland,Wind,Hour,UTC,Providing,Current,1027378,1027378,0.15403400361538,0,0
"2025-04-30 17:00:00","2025-04-30 18:00:00",Nederland,Wind,Hour,UTC,Providing,Current,1068914,1068914,0.16026075184345,0,0
"2025-04-30 18:00:00","2025-04-30 19:00:00",Nederland,Wind,Hour,UTC,Providing,Current,797138,797138,0.11951297521591,0,0
"2025-04-30 19:00:00","2025-04-30 20:00:00",Nederland,Wind,Hour,UTC,Providing,Current,417766,417766,0.062634274363518,0,0
"2025-04-30 20:00:00","2025-04-30 21:00:00",Nederland,Wind,Hour,UTC,Providing,Current,330076,330076,0.04948690161109,0,0
"2025-04-30 21:00:00","2025-04-30 22:00:00",Nederland,Wind,Hour,UTC,Providing,Current,297389,297389,0.044585976749659,0,0
"2025-04-30 22:00:00","2025-04-30 23:00:00",Nederland,Wind,Hour,UTC,Providing,Current,192730,192730,0.028894849121571,0,0
"2025-04-30 23:00:00","2025-05-01 00:00:00",Nederland,Wind,Hour,UTC,Providing,Current,116549,116549,0.017473349347711,0,0
"2025-05-01 00:00:00","2025-05-01 01:00:00",Nederland,Wind,Hour,UTC,Providing,Current,102289,102289,0.015335375443101,0,0
"2025-05-01 01:00:00","2025-05-01 02:00:00",Nederland,Wind,Hour,UTC,Providing,Current,98254,98254,0.014730350114405,0,0
"2025-05-01 02:00:00","2025-05-01 03:00:00",Nederland,Wind,Hour,UTC,Providing,Current,48236,48236,0.007231552619487,0,0
"2025-05-01 03:00:00","2025-05-01 04:00:00",Nederland,Wind,Hour,UTC,Providing,Current,41534,41534,0.0062267472967505,0,0
"2025-05-01 04:00:00","2025-05-01 05:00:00",Nederland,Wind,Hour,UTC,Providing,Current,35711,35711,0.0053537325002253,0,0
"2025-05-01 05:00:00","2025-05-01 06:00:00",Nederland,Wind,Hour,UTC,Providing,Current,32413,32413,0.004859272390604,0,0
"2025-05-01 06:00:00","2025-05-01 07:00:00",Nederland,Wind,Hour,UTC,Providing,Current,30483,30483,0.0045699025504291,0,0
"2025-05-01 07:00:00","2025-05-01 08:00:00",Nederland,Wind,Hour,UTC,Providing,Current,58564,58564,0.0087796552106738,0,0
"2025-05-01 08:00:00","2025-05-01 09:00:00",Nederland,Wind,Hour,UTC,Providing,Current,71087,71087,0.010657000355422,0,0
"2025-05-01 09:00:00","2025-05-01 10:00:00",Nederland,Wind,Hour,UTC,Providing,Current,70299,70299,0.010538750328124,0,0
"2025-05-01 10:00:00","2025-05-01 11:00:00",Nederland,Wind,Hour,UTC,Providing,Current,125538,125538,0.018819749355316,0,0
"2025-05-01 11:00:00","2025-05-01 12:00:00",Nederland,Wind,Hour,UTC,Providing,Current,137839,137839,0.020663725212216,0,0
"2025-05-01 12:00:00","2025-05-01 13:00:00",Nederland,Wind,Hour,UTC,Providing,Current,186182,186182,0.027910724282265,0,0
"2025-05-01 13:00:00","2025-05-01 14:00:00",Nederland,Wind,Hour,UTC,Providing,Current,195161,195161,0.029256600886583,0,0
"2025-05-01 14:00:00","2025-05-01 15:00:00",Nederland,Wind,Hour,UTC,Providing,Current,247249,247249,0.037064898759127,0,0
"2025-05-01 15:00:00","2025-05-01 16:00:00",Nederland,Wind,Hour,UTC,Providing,Current,209159,209159,0.031354624778032,0,0
"2025-05-01 16:00:00","2025-05-01 17:00:00",Nederland,Wind,Hour,UTC,Providing,Current,192113,192113,0.028799125924706,0,0
"2025-05-01 17:00:00","2025-05-01 18:00:00",Nederland,Wind,Hour,UTC,Providing,Current,157732,157732,0.023645024746656,0,0
"2025-05-01 18:00:00","2025-05-01 19:00:00",Nederland,Wind,Hour,UTC,Providing,Current,30750,30750,0.0046096001751721,0,0
"2025-05-01 19:00:00","2025-05-01 20:00:00",Nederland,Wind,Hour,UTC,Providing,Current,0,0,0,0,0
"2025-05-01 20:00:00","2025-05-01 21:00:00",Nederland,Wind,Hour,UTC,Providing,Current,0,0,0,0,0
"2025-05-01 21:00:00","2025-05-01 22:00:00",Nederland,Wind,Hour,UTC,Providing,Current,0,0,0,0,0
"2025-05-01 22:00:00","2025-05-01 23:00:00",Nederland,Wind,Hour,UTC,Providing,Current,0,0,0,0,0
"2025-05-01 23:00:00","2025-05-02 00:00:00",Nederland,Wind,Hour,UTC,Providing,Current,0,0,0,0,0
"2025-05-02 00:00:00","2025-05-02 01:00:00",Nederland,Wind,Hour,UTC,Providing,Current,0,0,0,0,0
"2025-05-02 01:00:00","2025-05-02 02:00:00",Nederland,Wind,Hour,UTC,Providing,Current,21885,21885,0.0032805365044624,0,0
"2025-05-02 02:00:00","2025-05-02 03:00:00",Nederland,Wind,Hour,UTC,Providing,Current,36975,36975,0.0055424799211323,0,0
"2025-05-02 03:00:00","2025-05-02 04:00:00",Nederland,Wind,Hour,UTC,Providing,Current,42700,42700,0.0064006098546088,0,0
"2025-05-02 04:00:00","2025-05-02 05:00:00",Nederland,Wind,Hour,UTC,Providing,Current,63046,63046,0.0094503425061703,0,0
"2025-05-02 05:00:00","2025-05-02 06:00:00",Nederland,Wind,Hour,UTC,Providing,Current,50547,50547,0.0075767748057842,0,0
"2025-05-02 06:00:00","2025-05-02 07:00:00",Nederland,Wind,Hour,UTC,Providing,Current,12398,12398,0.0018583900528029,0,0
"2025-05-02 07:00:00","2025-05-02 08:00:00",Nederland,Wind,Hour,UTC,Providing,Current,43275,43275,0.0064866351895034,0,0
"2025-05-02 08:00:00","2025-05-02 09:00:00",Nederland,Wind,Hour,UTC,Providing,Current,124301,124301,0.018631774932146,0,0
"2025-05-02 09:00:00","2025-05-02 10:00:00",Nederland,Wind,Hour,UTC,Providing,Current,219459,219459,0.032895050942898,0,0
"2025-05-02 10:00:00","2025-05-02 11:00:00",Nederland,Wind,Hour,UTC,Providing,Current,628093,628093,0.094145447015762,0,0
"2025-05-02 11:00:00","2025-05-02 12:00:00",Nederland,Wind,Hour,UTC,Providing,Current,1383457,1383457,0.20736600458622,0,0
"2025-05-02 12:00:00","2025-05-02 13:00:00",Nederland,Wind,Hour,UTC,Providing,Current,1875309,1875309,0.28108775615692,0,0
"2025-05-02 13:00:00","2025-05-02 14:00:00",Nederland,Wind,Hour,UTC,Providing,Current,2110570,2110570,0.31634899973869,0,0
"2025-05-02 14:00:00","2025-05-02 15:00:00",Nederland,Wind,Hour,UTC,Providing,Current,2164065,2164065,0.32436525821686,0,0
"2025-05-02 15:00:00","2025-05-02 16:00:00",Nederland,Wind,Hour,UTC,Providing,Current,2027497,2027497,0.30389350652695,0,0
"2025-05-02 16:00:00","2025-05-02 17:00:00",Nederland,Wind,Hour,UTC,Providing,Current,2067901,2067901,0.30994775891304,0,0
"2025-05-02 17:00:00","2025-05-02 18:00:00",Nederland,Wind,Hour,UTC,Providing,Current,1971673,1971673,0.29552274942398,0,0
"2025-05-02 18:00:00","2025-05-02 19:00:00",Nederland,Wind,Hour,UTC,Providing,Current,1641296,1641296,0.24600300192833,0,0
"2025-05-02 19:00:00","2025-05-02 20:00:00",Nederland,Wind,Hour,UTC,Providing,Current,1149128,1149128,0.17223425209522,0,0
"2025-05-02 20:00:00","2025-05-02 21:00:00",Nederland,Wind,Hour,UTC,Providing,Current,1149380,1149380,0.17227099835873,0,0
"2025-05-02 21:00:00","2025-05-02 22:00:00",Nederland,Wind,Hour,UTC,Providing,Current,949609,949609,0.14232775568962,0,0
"2025-05-02 22:00:00","2025-05-02 23:00:00",Nederland,Wind,Hour,UTC,Providing,Current,637279,637279,0.095515303313732,0,0
"2025-05-02 23:00:00","2025-05-03 00:00:00",Nederland,Wind,Hour,UTC,Providing,Current,381761,381761,0.057217873632908,0,0
"2025-05-03 00:00:00","2025-05-03 01:00:00",Nederland,Wind,Hour,UTC,Providing,Current,266740,266740,0.039978425949812,0,0
"2025-05-03 01:00:00","2025-05-03 02:00:00",Nederland,Wind,Hour,UTC,Providing,Current,215020,215020,0.032226551324129,0,0
"2025-05-03 02:00:00","2025-05-03 03:00:00",Nederland,Wind,Hour,UTC,Providing,Current,161837,161837,0.024255499243736,0,0
"2025-05-03 03:00:00","2025-05-03 04:00:00",Nederland,Wind,Hour,UTC,Providing,Current,147918,147918,0.022169200703502,0,0
"2025-05-03 04:00:00","2025-05-03 05:00:00",Nederland,Wind,Hour,UTC,Providing,Current,121880,121880,0.018266649916768,0,0
"2025-05-03 05:00:00","2025-05-03 06:00:00",Nederland,Wind,Hour,UTC,Providing,Current,71170,71170,0.010666495189071,0,0
"2025-05-03 06:00:00","2025-05-03 07:00:00",Nederland,Wind,Hour,UTC,Providing,Current,158257,158257,0.023718349635601,0,0
"2025-05-03 07:00:00","2025-05-03 08:00:00",Nederland,Wind,Hour,UTC,Providing,Current,261789,261789,0.039234675467014,0,0
"2025-05-03 08:00:00","2025-05-03 09:00:00",Nederland,Wind,Hour,UTC,Providing,Current,229648,229648,0.034417450428009,0,0
"2025-05-03 09:00:00","2025-05-03 10:00:00",Nederland,Wind,Hour,UTC,Providing,Current,105304,105304,0.015781875699759,0,0
"2025-05-03 10:00:00","2025-05-03 11:00:00",Nederland,Wind,Hour,UTC,Providing,Current,114878,114878,0.017216574400663,0,0
"2025-05-03 11:00:00","2025-05-03 12:00:00",Nederland,Wind,Hour,UTC,Providing,Current,465666,465666,0.06978815048933,0,0
"2025-05-03 12:00:00","2025-05-03 13:00:00",Nederland,Wind,Hour,UTC,Providing,Current,1212942,1212942,0.18177950382233,0,0
"2025-05-03 13:00:00","2025-05-03 14:00:00",Nederland,Wind,Hour,UTC,Providing,Current,1917820,1917820,0.28741574287415,0,0
"2025-05-03 14:00:00","2025-05-03 15:00:00",Nederland,Wind,Hour,UTC,Providing,Current,2607858,2607858,0.39082649350166,0,0
"2025-05-03 15:00:00","2025-05-03 16:00:00",Nederland,Wind,Hour,UTC,Providing,Current,3645232,3645232,0.54628902673721,0,0
"2025-05-03 16:00:00","2025-05-03 17:00:00",Nederland,Wind,Hour,UTC,Providing,Current,5023433,5023433,0.75282698869705,0,0
"2025-05-03 17:00:00","2025-05-03 18:00:00",Nederland,Wind,Hour,UTC,Providing,Current,5089155,5089155,0.76267147064209,0,0
"2025-05-03 18:00:00","2025-05-03 19:00:00",Nederland,Wind,Hour,UTC,Providing,Current,4615222,4615222,0.69164299964905,0,0
"2025-05-03 19:00:00","2025-05-03 20:00:00",Nederland,Wind,Hour,UTC,Providing,Current,4127417,4127417,0.6185359954834,0,0
"2025-05-03 20:00:00","2025-05-03 21:00:00",Nederland,Wind,Hour,UTC,Providing,Current,3624773,3624773,0.54320651292801,0,0
"2025-05-03 21:00:00","2025-05-03 22:00:00",Nederland,Wind,Hour,UTC,Providing,Current,3485525,3485525,0.52233523130417,0,0
"2025-05-03 22:00:00","2025-05-03 23:00:00",Nederland,Wind,Hour,UTC,Providing,Current,2751503,2751503,0.41233348846436,0,0
"2025-05-03 23:00:00","2025-05-04 00:00:00",Nederland,Wind,Hour,UTC,Providing,Current,2090128,2090128,0.31321975588799,0,0
"2025-05-04 00:00:00","2025-05-04 01:00:00",Nederland,Wind,Hour,UTC,Providing,Current,1789632,1789632,0.2681867480278,0,0
"2025-05-04 01:00:00","2025-05-04 02:00:00",Nederland,Wind,Hour,UTC,Providing,Current,1868001,1868001,0.27992874383926,0,0
"2025-05-04 02:00:00","2025-05-04 03:00:00",Nederland,Wind,Hour,UTC,Providing,Current,1981340,1981340,0.29691150784492,0,0
"2025-05-04 03:00:00","2025-05-04 04:00:00",Nederland,Wind,Hour,UTC,Providing,Current,2812830,2812830,0.42151075601578,0,0
"2025-05-04 04:00:00","2025-05-04 05:00:00",Nederland,Wind,Hour,UTC,Providing,Current,2597636,2597636,0.38926100730896,0,0
"2025-05-04 05:00:00","2025-05-04 06:00:00",Nederland,Wind,Hour,UTC,Providing,Current,2473528,2473528,0.37066075205803,0,0
"2025-05-04 06:00:00","2025-05-04 07:00:00",Nederland,Wind,Hour,UTC,Providing,Current,2935569,2935569,0.4398957490921,0,0
"2025-05-04 07:00:00","2025-05-04 08:00:00",Nederland,Wind,Hour,UTC,Providing,Current,3422188,3422188,0.51281249523163,0,0
"2025-05-04 08:00:00","2025-05-04 09:00:00",Nederland,Wind,Hour,UTC,Providing,Current,3472384,3472384,0.5203310251236,0,0
"2025-05-04 09:00:00","2025-05-04 10:00:00",Nederland,Wind,Hour,UTC,Providing,Current,3765514,3765514,0.56425273418427,0,0
"2025-05-04 10:00:00","2025-05-04 11:00:00",Nederland,Wind,Hour,UTC,Providing,Current,3854611,3854611,0.5776002407074,0,0
"2025-05-04 11:00:00","2025-05-04 12:00:00",Nederland,Wind,Hour,UTC,Providing,Current,4115907,4115907,0.61675047874451,0,0
"2025-05-04 12:00:00","2025-05-04 13:00:00",Nederland,Wind,Hour,UTC,Providing,Current,4215834,4215834,0.63172024488449,0,0
"2025-05-04 13:00:00","2025-05-04 14:00:00",Nederland,Wind,Hour,UTC,Providing,Current,4276035,4276035,0.64073699712753,0,0
"2025-05-04 14:00:00","2025-05-04 15:00:00",Nederland,Wind,Hour,UTC,Providing,Current,4483554,4483554,0.6718282699585,0,0
"2025-05-04 15:00:00","2025-05-04 16:00:00",Nederland,Wind,Hour,UTC,Providing,Current,4233662,4233662,0.6343799829483,0,0
"2025-05-04 16:00:00","2025-05-04 17:00:00",Nederland,Wind,Hour,UTC,Providing,Current,3967046,3967046,0.59442627429962,0,0
"2025-05-04 17:00:00","2025-05-04 18:00:00",Nederland,Wind,Hour,UTC,Providing,Current,3693346,3693346,0.55341148376465,0,0
"2025-05-04 18:00:00","2025-05-04 19:00:00",Nederland,Wind,Hour,UTC,Providing,Current,2918630,2918630,0.43732500076294,0,0
"2025-05-04 19:00:00","2025-05-04 20:00:00",Nederland,Wind,Hour,UTC,Providing,Current,1948976,1948976,0.29203125834465,0,0
"2025-05-04 20:00:00","2025-05-04 21:00:00",Nederland,Wind,Hour,UTC,Providing,Current,1243654,1243654,0.18634575605392,0,0
"2025-05-04 21:00:00","2025-05-04 22:00:00",Nederland,Wind,Hour,UTC,Providing,Current,787187,787187,0.1179493740201,0,0
"2025-05-04 22:00:00","2025-05-04 23:00:00",Nederland,Wind,Hour,UTC,Providing,Current,389636,389636,0.058381300419569,0,0
"2025-05-04 23:00:00","2025-05-05 00:00:00",Nederland,Wind,Hour,UTC,Providing,Current,178436,178436,0.026735849678516,0,0
"2025-05-05 00:00:00","2025-05-05 01:00:00",Nederland,Wind,Hour,UTC,Providing,Current,118709,118709,0.017786599695683,0,0
"2025-05-05 01:00:00","2025-05-05 02:00:00",Nederland,Wind,Hour,UTC,Providing,Current,45924,45924,0.0068809147924185,0,0
"2025-05-05 02:00:00","2025-05-05 03:00:00",Nederland,Wind,Hour,UTC,Providing,Current,82784,82784,0.012403660453856,0,0
"2025-05-05 03:00:00","2025-05-05 04:00:00",Nederland,Wind,Hour,UTC,Providing,Current,237166,237166,0.035534776747227,0,0
"2025-05-05 04:00:00","2025-05-05 05:00:00",Nederland,Wind,Hour,UTC,Providing,Current,308507,308507,0.046223551034927,0,0
"2025-05-05 05:00:00","2025-05-05 06:00:00",Nederland,Wind,Hour,UTC,Providing,Current,573074,573074,0.085863098502159,0,0
"2025-05-05 06:00:00","2025-05-05 07:00:00",Nederland,Wind,Hour,UTC,Providing,Current,1003978,1003978,0.15042375028133,0,0
"2025-05-05 07:00:00","2025-05-05 08:00:00",Nederland,Wind,Hour,UTC,Providing,Current,2665891,2665891,0.39942276477814,0,0
"2025-05-05 08:00:00","2025-05-05 09:00:00",Nederland,Wind,Hour,UTC,Providing,Current,4100848,4100848,0.61441475152969,0,0
"2025-05-05 09:00:00","2025-05-05 10:00:00",Nederland,Wind,Hour,UTC,Providing,Current,4526909,4526909,0.67824572324753,0,0
"2025-05-05 10:00:00","2025-05-05 11:00:00",Nederland,Wind,Hour,UTC,Providing,Current,4614475,4614475,0.69136124849319,0,0
"2025-05-05 11:00:00","2025-05-05 12:00:00",Nederland,Wind,Hour,UTC,Providing,Current,4621796,4621796,0.6924535036087,0,0
"2025-05-05 12:00:00","2025-05-05 13:00:00",Nederland,Wind,Hour,UTC,Providing,Current,4901363,4901363,0.73433476686478,0,0
"2025-05-05 13:00:00","2025-05-05 14:00:00",Nederland,Wind,Hour,UTC,Providing,Current,5137323,5137323,0.76968222856522,0,0
"2025-05-05 14:00:00","2025-05-05 15:00:00",Nederland,Wind,Hour,UTC,Providing,Current,5358865,5358865,0.80286902189255,0,0
"2025-05-05 15:00:00","2025-05-05 16:00:00",Nederland,Wind,Hour,UTC,Providing,Current,5349679,5349679,0.80148822069168,0,0
"2025-05-05 16:00:00","2025-05-05 17:00:00",Nederland,Wind,Hour,UTC,Providing,Current,5292250,5292250,0.79287898540497,0,0
"2025-05-05 17:00:00","2025-05-05 18:00:00",Nederland,Wind,Hour,UTC,Providing,Current,5165212,5165212,0.77384173870087,0,0
"2025-05-05 18:00:00","2025-05-05 19:00:00",Nederland,Wind,Hour,UTC,Providing,Current,4820711,4820711,0.72222501039505,0,0
"2025-05-05 19:00:00","2025-05-05 20:00:00",Nederland,Wind,Hour,UTC,Providing,Current,3740307,3740307,0.56035852432251,0,0
"2025-05-05 20:00:00","2025-05-05 21:00:00",Nederland,Wind,Hour,UTC,Providing,Current,2646731,2646731,0.39652076363564,0,0
"2025-05-05 21:00:00","2025-05-05 22:00:00",Nederland,Wind,Hour,UTC,Providing,Current,2266118,2266118,0.33949699997902,0,0
"2025-05-05 22:00:00","2025-05-05 23:00:00",Nederland,Wind,Hour,UTC,Providing,Current,1816914,1816914,0.27219799160957,0,0
"2025-05-05 23:00:00","2025-05-06 00:00:00",Nederland,Wind,Hour,UTC,Providing,Current,1420830,1420830,0.21285824477673,0,0
"2025-05-06 00:00:00","2025-05-06 01:00:00",Nederland,Wind,Hour,UTC,Providing,Current,1211439,1211439,0.18148775398731,0,0
"2025-05-06 01:00:00","2025-05-06 02:00:00",Nederland,Wind,Hour,UTC,Providing,Current,1026178,1026178,0.15373249351978,0,0
"2025-05-06 02:00:00","2025-05-06 03:00:00",Nederland,Wind,Hour,UTC,Providing,Current,807043,807043,0.1209032535553,0,0
"2025-05-06 03:00:00","2025-05-06 04:00:00",Nederland,Wind,Hour,UTC,Providing,Current,518955,518955,0.077744022011757,0,0
"2025-05-06 04:00:00","2025-05-06 05:00:00",Nederland,Wind,Hour,UTC,Providing,Current,388513,388513,0.058202300220728,0,0
"2025-05-06 05:00:00","2025-05-06 06:00:00",Nederland,Wind,Hour,UTC,Providing,Current,375474,375474,0.056248623877764,0,0
"2025-05-06 06:00:00","2025-05-06 07:00:00",Nederland,Wind,Hour,UTC,Providing,Current,726395,726395,0.10881837457418,0,0
"2025-05-06 07:00:00","2025-05-06 08:00:00",Nederland,Wind,Hour,UTC,Providing,Current,1519500,1519500,0.22762875258923,0,0
"2025-05-06 08:00:00","2025-05-06 09:00:00",Nederland,Wind,Hour,UTC,Providing,Current,1865602,1865602,0.27947473526001,0,0
"2025-05-06 09:00:00","2025-05-06 10:00:00",Nederland,Wind,Hour,UTC,Providing,Current,2125003,2125003,0.31833249330521,0,0
"2025-05-06 10:00:00","2025-05-06 11:00:00",Nederland,Wind,Hour,UTC,Providing,Current,2463273,2463273,0.36900424957275,0,0
"2025-05-06 11:00:00","2025-05-06 12:00:00",Nederland,Wind,Hour,UTC,Providing,Current,2665623,2665623,0.39931425452232,0,0
"2025-05-06 12:00:00","2025-05-06 13:00:00",Nederland,Wind,Hour,UTC,Providing,Current,3405200,3405200,0.51010048389435,0,0
"2025-05-06 13:00:00","2025-05-06 14:00:00",Nederland,Wind,Hour,UTC,Providing,Current,4214104,4214104,0.63127100467682,0,0
"2025-05-06 14:00:00","2025-05-06 15:00:00",Nederland,Wind,Hour,UTC,Providing,Current,4468758,4468758,0.66941422224045,0,0
"2025-05-06 15:00:00","2025-05-06 16:00:00",Nederland,Wind,Hour,UTC,Providing,Current,4642329,4642329,0.69541049003601,0,0
"2025-05-06 16:00:00","2025-05-06 17:00:00",Nederland,Wind,Hour,UTC,Providing,Current,4382545,4382545,0.65649151802063,0,0
"2025-05-06 17:00:00","2025-05-06 18:00:00",Nederland,Wind,Hour,UTC,Providing,Current,3933260,3933260,0.58918625116348,0,0
"2025-05-06 18:00:00","2025-05-06 19:00:00",Nederland,Wind,Hour,UTC,Providing,Current,3412096,3412096,0.51111501455307,0,0
"2025-05-06 19:00:00","2025-05-06 20:00:00",Nederland,Wind,Hour,UTC,Providing,Current,2769488,2769488,0.41485300660133,0,0
"2025-05-06 20:00:00","2025-05-06 21:00:00",Nederland,Wind,Hour,UTC,Providing,Current,2192462,2192462,0.32841598987579,0,0
"2025-05-06 21:00:00","2025-05-06 22:00:00",Nederland,Wind,Hour,UTC,Providing,Current,1974264,1974264,0.29572948813438,0,0
"2025-05-06 22:00:00","2025-05-06 23:00:00",Nederland,Wind,Hour,UTC,Providing,Current,1749660,1749660,0.26208400726318,0,0
"2025-05-06 23:00:00","2025-05-07 00:00:00",Nederland,Wind,Hour,UTC,Providing,Current,1269425,1269425,0.19014750421047,0,0
"2025-05-07 00:00:00","2025-05-07 01:00:00",Nederland,Wind,Hour,UTC,Providing,Current,876652,876652,0.13131299614906,0,0
"2025-05-07 01:00:00","2025-05-07 02:00:00",Nederland,Wind,Hour,UTC,Providing,Current,652861,652861,0.097791023552418,0,0
"2025-05-07 02:00:00","2025-05-07 03:00:00",Nederland,Wind,Hour,UTC,Providing,Current,668888,668888,0.10019110143185,0,0
"2025-05-07 03:00:00","2025-05-07 04:00:00",Nederland,Wind,Hour,UTC,Providing,Current,653704,653704,0.097916275262833,0,0
"2025-05-07 04:00:00","2025-05-07 05:00:00",Nederland,Wind,Hour,UTC,Providing,Current,680456,680456,0.1019224524498,0,0
"2025-05-07 05:00:00","2025-05-07 06:00:00",Nederland,Wind,Hour,UTC,Providing,Current,685404,685404,0.10266330093145,0,0
"2025-05-07 06:00:00","2025-05-07 07:00:00",Nederland,Wind,Hour,UTC,Providing,Current,1306024,1306024,0.19562150537968,0,0
"2025-05-07 07:00:00","2025-05-07 08:00:00",Nederland,Wind,Hour,UTC,Providing,Current,1915337,1915337,0.28688499331474,0,0
"2025-05-07 08:00:00","2025-05-07 09:00:00",Nederland,Wind,Hour,UTC,Providing,Current,1599745,1599745,0.23961324989796,0,0
"2025-05-07 09:00:00","2025-05-07 10:00:00",Nederland,Wind,Hour,UTC,Providing,Current,1464697,1464697,0.21938399970531,0,0
"2025-05-07 10:00:00","2025-05-07 11:00:00",Nederland,Wind,Hour,UTC,Providing,Current,1303114,1303114,0.19518074393272,0,0
"2025-05-07 11:00:00","2025-05-07 12:00:00",Nederland,Wind,Hour,UTC,Providing,Current,1424231,1424231,0.21332049369812,0,0
"2025-05-07 12:00:00","2025-05-07 13:00:00",Nederland,Wind,Hour,UTC,Providing,Current,1705527,1705527,0.25545099377632,0,0
"2025-05-07 13:00:00","2025-05-07 14:00:00",Nederland,Wind,Hour,UTC,Providing,Current,2491625,2491625,0.37318900227547,0,0
"2025-05-07 14:00:00","2025-05-07 15:00:00",Nederland,Wind,Hour,UTC,Providing,Current,3213750,3213750,0.48134449124336,0,0
"2025-05-07 15:00:00","2025-05-07 16:00:00",Nederland,Wind,Hour,UTC,Providing,Current,3638281,3638281,0.54492598772049,0,0
"2025-05-07 16:00:00","2025-05-07 17:00:00",Nederland,Wind,Hour,UTC,Providing,Current,4103563,4103563,0.61461025476456,0,0
"2025-05-07 17:00:00","2025-05-07 18:00:00",Nederland,Wind,Hour,UTC,Providing,Current,3883519,3883519,0.58164972066879,0,0
"2025-05-07 18:00:00","2025-05-07 19:00:00",Nederland,Wind,Hour,UTC,Providing,Current,3181067,3181067,0.47643774747849,0,0
"2025-05-07 19:00:00","2025-05-07 20:00:00",Nederland,Wind,Hour,UTC,Providing,Current,2216909,2216909,0.33203074336052,0,0
"2025-05-07 20:00:00","2025-05-07 21:00:00",Nederland,Wind,Hour,UTC,Providing,Current,1920343,1920343,0.28761199116707,0,0
"2025-05-07 21:00:00","2025-05-07 22:00:00",Nederland,Wind,Hour,UTC,Providing,Current,2106250,2106250,0.31545349955559,0,0
"2025-05-07 22:00:00","2025-05-07 23:00:00",Nederland,Wind,Hour,UTC,Providing,Current,1770861,1770861,0.26522076129913,0,0
"2025-05-07 23:00:00","2025-05-08 00:00:00",Nederland,Wind,Hour,UTC,Providing,Current,1362105,1362105,0.20400024950504,0,0
"2025-05-08 00:00:00","2025-05-08 01:00:00",Nederland,Wind,Hour,UTC,Providing,Current,1004017,1004017,0.15036900341511,0,0
"2025-05-08 01:00:00","2025-05-08 02:00:00",Nederland,Wind,Hour,UTC,Providing,Current,734763,734763,0.11004275083542,0,0
"2025-05-08 02:00:00","2025-05-08 03:00:00",Nederland,Wind,Hour,UTC,Providing,Current,644793,644793,0.096567697823048,0,0
"2025-05-08 03:00:00","2025-05-08 04:00:00",Nederland,Wind,Hour,UTC,Providing,Current,592594,592594,0.088749647140503,0,0
"2025-05-08 04:00:00","2025-05-08 05:00:00",Nederland,Wind,Hour,UTC,Providing,Current,588484,588484,0.088133573532104,0,0
"2025-05-08 05:00:00","2025-05-08 06:00:00",Nederland,Wind,Hour,UTC,Providing,Current,628622,628622,0.094144150614738,0,0
"2025-05-08 06:00:00","2025-05-08 07:00:00",Nederland,Wind,Hour,UTC,Providing,Current,789466,789466,0.11823199689388,0,0
"2025-05-08 07:00:00","2025-05-08 08:00:00",Nederland,Wind,Hour,UTC,Providing,Current,937794,937794,0.14044524729252,0,0
"2025-05-08 08:00:00","2025-05-08 09:00:00",Nederland,Wind,Hour,UTC,Providing,Current,844712,844712,0.12650400400162,0,0
"2025-05-08 09:00:00","2025-05-08 10:00:00",Nederland,Wind,Hour,UTC,Providing,Current,1047257,1047257,0.15683649480343,0,0
"2025-05-08 10:00:00","2025-05-08 11:00:00",Nederland,Wind,Hour,UTC,Providing,Current,1410111,1410111,0.21117599308491,0,0
"2025-05-08 11:00:00","2025-05-08 12:00:00",Nederland,Wind,Hour,UTC,Providing,Current,1571457,1571457,0.23533700406551,0,0
"2025-05-08 12:00:00","2025-05-08 13:00:00",Nederland,Wind,Hour,UTC,Providing,Current,1929901,1929901,0.28901499509811,0,0
"2025-05-08 13:00:00","2025-05-08 14:00:00",Nederland,Wind,Hour,UTC,Providing,Current,2253705,2253705,0.33750474452972,0,0
"2025-05-08 14:00:00","2025-05-08 15:00:00",Nederland,Wind,Hour,UTC,Providing,Current,2645351,2645351,0.39615324139595,0,0
"2025-05-08 15:00:00","2025-05-08 16:00:00",Nederland,Wind,Hour,UTC,Providing,Current,2819451,2819451,0.42222300171852,0,0
"2025-05-08 16:00:00","2025-05-08 17:00:00",Nederland,Wind,Hour,UTC,Providing,Current,2596046,2596046,0.38876500725746,0,0
"2025-05-08 17:00:00","2025-05-08 18:00:00",Nederland,Wind,Hour,UTC,Providing,Current,2672963,2672963,0.40028074383736,0,0
"2025-05-08 18:00:00","2025-05-08 19:00:00",Nederland,Wind,Hour,UTC,Providing,Current,2218182,2218182,0.33217450976372,0,0
"2025-05-08 19:00:00","2025-05-08 20:00:00",Nederland,Wind,Hour,UTC,Providing,Current,1572286,1572286,0.23544974625111,0,0
"2025-05-08 20:00:00","2025-05-08 21:00:00",Nederland,Wind,Hour,UTC,Providing,Current,889868,889868,0.13325700163841,0,0
"2025-05-08 21:00:00","2025-05-08 22:00:00",Nederland,Wind,Hour,UTC,Providing,Current,805188,805188,0.1205752491951,0,0
"2025-05-08 22:00:00","2025-05-08 23:00:00",Nederland,Wind,Hour,UTC,Providing,Current,582590,582590,0.087241224944592,0,0
"2025-05-08 23:00:00","2025-05-09 00:00:00",Nederland,Wind,Hour,UTC,Providing,Current,630056,630056,0.09434849768877,0,0
"2025-05-09 00:00:00","2025-05-09 01:00:00",Nederland,Wind,Hour,UTC,Providing,Current,541474,541474,0.081083200871944,0,0
"2025-05-09 01:00:00","2025-05-09 02:00:00",Nederland,Wind,Hour,UTC,Providing,Current,483005,483005,0.072327300906181,0,0
"2025-05-09 02:00:00","2025-05-09 03:00:00",Nederland,Wind,Hour,UTC,Providing,Current,394480,394480,0.059070851653814,0,0
"2025-05-09 03:00:00","2025-05-09 04:00:00",Nederland,Wind,Hour,UTC,Providing,Current,210675,210675,0.031547024846077,0,0
"2025-05-09 04:00:00","2025-05-09 05:00:00",Nederland,Wind,Hour,UTC,Providing,Current,118808,118808,0.017790500074625,0,0
"2025-05-09 05:00:00","2025-05-09 06:00:00",Nederland,Wind,Hour,UTC,Providing,Current,175666,175666,0.026304349303246,0,0
"2025-05-09 06:00:00","2025-05-09 07:00:00",Nederland,Wind,Hour,UTC,Providing,Current,295598,295598,0.044262800365686,0,0
"2025-05-09 07:00:00","2025-05-09 08:00:00",Nederland,Wind,Hour,UTC,Providing,Current,610675,610675,0.091441951692104,0,0
"2025-05-09 08:00:00","2025-05-09 09:00:00",Nederland,Wind,Hour,UTC,Providing,Current,1106569,1106569,0.16569550335407,0,0
"2025-05-09 09:00:00","2025-05-09 10:00:00",Nederland,Wind,Hour,UTC,Providing,Current,1609508,1609508,0.2410030066967,0,0
"2025-05-09 10:00:00","2025-05-09 11:00:00",Nederland,Wind,Hour,UTC,Providing,Current,2059478,2059478,0.30837848782539,0,0
"2025-05-09 11:00:00","2025-05-09 12:00:00",Nederland,Wind,Hour,UTC,Providing,Current,2244452,2244452,0.33607348799706,0,0
"2025-05-09 12:00:00","2025-05-09 13:00:00",Nederland,Wind,Hour,UTC,Providing,Current,2329575,2329575,0.34881725907326,0,0
"2025-05-09 13:00:00","2025-05-09 14:00:00",Nederland,Wind,Hour,UTC,Providing,Current,2515232,2515232,0.37661424279213,0,0
"2025-05-09 14:00:00","2025-05-09 15:00:00",Nederland,Wind,Hour,UTC,Providing,Current,2787698,2787698,0.41740900278091,0,0
"2025-05-09 15:00:00","2025-05-09 16:00:00",Nederland,Wind,Hour,UTC,Providing,Current,3062418,3062418,0.45854049921036,0,0
"2025-05-09 16:00:00","2025-05-09 17:00:00",Nederland,Wind,Hour,UTC,Providing,Current,3440188,3440188,0.51510125398636,0,0
"2025-05-09 17:00:00","2025-05-09 18:00:00",Nederland,Wind,Hour,UTC,Providing,Current,3586953,3586953,0.53707325458527,0,0
"2025-05-09 18:00:00","2025-05-09 19:00:00",Nederland,Wind,Hour,UTC,Providing,Current,3292135,3292135,0.49292775988579,0,0
"2025-05-09 19:00:00","2025-05-09 20:00:00",Nederland,Wind,Hour,UTC,Providing,Current,2059707,2059707,0.30839550495148,0,0
"2025-05-09 20:00:00","2025-05-09 21:00:00",Nederland,Wind,Hour,UTC,Providing,Current,1565802,1565802,0.23444275557995,0,0
"2025-05-09 21:00:00","2025-05-09 22:00:00",Nederland,Wind,Hour,UTC,Providing,Current,1452424,1452424,0.21746574342251,0,0
"2025-05-09 22:00:00","2025-05-09 23:00:00",Nederland,Wind,Hour,UTC,Providing,Current,1228431,1228431,0.18392699956894,0,0
"2025-05-09 23:00:00","2025-05-10 00:00:00",Nederland,Wind,Hour,UTC,Providing,Current,897100,897100,0.13431775569916,0,0
"2025-05-10 00:00:00","2025-05-10 01:00:00",Nederland,Wind,Hour,UTC,Providing,Current,790958,790958,0.11842497438192,0,0
"2025-05-10 01:00:00","2025-05-10 02:00:00",Nederland,Wind,Hour,UTC,Providing,Current,477854,477854,0.071545422077179,0,0
"2025-05-10 02:00:00","2025-05-10 03:00:00",Nederland,Wind,Hour,UTC,Providing,Current,327960,327960,0.049102649092674,0,0
"2025-05-10 03:00:00","2025-05-10 04:00:00",Nederland,Wind,Hour,UTC,Providing,Current,292355,292355,0.043771576136351,0,0
"2025-05-10 04:00:00","2025-05-10 05:00:00",Nederland,Wind,Hour,UTC,Providing,Current,353262,353262,0.052890248596668,0,0
"2025-05-10 05:00:00","2025-05-10 06:00:00",Nederland,Wind,Hour,UTC,Providing,Current,317864,317864,0.04759019985795,0,0
"2025-05-10 06:00:00","2025-05-10 07:00:00",Nederland,Wind,Hour,UTC,Providing,Current,478612,478612,0.071656696498394,0,0
"2025-05-10 07:00:00","2025-05-10 08:00:00",Nederland,Wind,Hour,UTC,Providing,Current,547570,547570,0.081980474293232,0,0
"2025-05-10 08:00:00","2025-05-10 09:00:00",Nederland,Wind,Hour,UTC,Providing,Current,568502,568502,0.085113801062107,0,0
"2025-05-10 09:00:00","2025-05-10 10:00:00",Nederland,Wind,Hour,UTC,Providing,Current,762350,762350,0.11413525044918,0,0
"2025-05-10 10:00:00","2025-05-10 11:00:00",Nederland,Wind,Hour,UTC,Providing,Current,1154170,1154170,0.17279525101185,0,0
"2025-05-10 11:00:00","2025-05-10 12:00:00",Nederland,Wind,Hour,UTC,Providing,Current,1496971,1496971,0.22411625087261,0,0
"2025-05-10 12:00:00","2025-05-10 13:00:00",Nederland,Wind,Hour,UTC,Providing,Current,1735289,1735289,0.25979399681091,0,0
"2025-05-10 13:00:00","2025-05-10 14:00:00",Nederland,Wind,Hour,UTC,Providing,Current,2248971,2248971,0.33669650554657,0,0
"2025-05-10 14:00:00","2025-05-10 15:00:00",Nederland,Wind,Hour,UTC,Providing,Current,2770849,2770849,0.41482475399971,0,0
"2025-05-10 15:00:00","2025-05-10 16:00:00",Nederland,Wind,Hour,UTC,Providing,Current,3240102,3240102,0.4850740134716,0,0
"2025-05-10 16:00:00","2025-05-10 17:00:00",Nederland,Wind,Hour,UTC,Providing,Current,3697719,3697719,0.55358052253723,0,0
"2025-05-10 17:00:00","2025-05-10 18:00:00",Nederland,Wind,Hour,UTC,Providing,Current,3917714,3917714,0.58651202917099,0,0
"2025-05-10 18:00:00","2025-05-10 19:00:00",Nederland,Wind,Hour,UTC,Providing,Current,3594987,3594987,0.53819400072098,0,0
"2025-05-10 19:00:00","2025-05-10 20:00:00",Nederland,Wind,Hour,UTC,Providing,Current,2504128,2504128,0.37488275766373,0,0
"2025-05-10 20:00:00","2025-05-10 21:00:00",Nederland,Wind,Hour,UTC,Providing,Current,1922863,1922863,0.28786200284958,0,0
"2025-05-10 21:00:00","2025-05-10 22:00:00",Nederland,Wind,Hour,UTC,Providing,Current,1757188,1757188,0.26305824518204,0,0
"2025-05-10 22:00:00","2025-05-10 23:00:00",Nederland,Wind,Hour,UTC,Providing,Current,1691444,1691444,0.25321424007416,0,0
"2025-05-10 23:00:00","2025-05-11 00:00:00",Nederland,Wind,Hour,UTC,Providing,Current,1593266,1593266,0.23851549625397,0,0
"2025-05-11 00:00:00","2025-05-11 01:00:00",Nederland,Wind,Hour,UTC,Providing,Current,1355845,1355845,0.20297199487686,0,0
"2025-05-11 01:00:00","2025-05-11 02:00:00",Nederland,Wind,Hour,UTC,Providing,Current,1244412,1244412,0.18628899753094,0,0
"2025-05-11 02:00:00","2025-05-11 03:00:00",Nederland,Wind,Hour,UTC,Providing,Current,989137,989137,0.14807325601578,0,0
"2025-05-11 03:00:00","2025-05-11 04:00:00",Nederland,Wind,Hour,UTC,Providing,Current,906699,906699,0.13573125004768,0,0
"2025-05-11 04:00:00","2025-05-11 05:00:00",Nederland,Wind,Hour,UTC,Providing,Current,780487,780487,0.11683700233698,0,0
"2025-05-11 05:00:00","2025-05-11 06:00:00",Nederland,Wind,Hour,UTC,Providing,Current,843025,843025,0.12619824707508,0,0
"2025-05-11 06:00:00","2025-05-11 07:00:00",Nederland,Wind,Hour,UTC,Providing,Current,1144134,1144134,0.17127199470997,0,0
"2025-05-11 07:00:00","2025-05-11 08:00:00",Nederland,Wind,Hour,UTC,Providing,Current,1370711,1370711,0.20518824458122,0,0
"2025-05-11 08:00:00","2025-05-11 09:00:00",Nederland,Wind,Hour,UTC,Providing,Current,1550557,1550557,0.23210875689983,0,0
"2025-05-11 09:00:00","2025-05-11 10:00:00",Nederland,Wind,Hour,UTC,Providing,Current,1914057,1914057,0.28652051091194,0,0
"2025-05-11 10:00:00","2025-05-11 11:00:00",Nederland,Wind,Hour,UTC,Providing,Current,2725773,2725773,0.40802648663521,0,0
"2025-05-11 11:00:00","2025-05-11 12:00:00",Nederland,Wind,Hour,UTC,Providing,Current,3067802,3067802,0.45922276377678,0,0
"2025-05-11 12:00:00","2025-05-11 13:00:00",Nederland,Wind,Hour,UTC,Providing,Current,2732643,2732643,0.40904998779297,0,0
"2025-05-11 13:00:00","2025-05-11 14:00:00",Nederland,Wind,Hour,UTC,Providing,Current,2370537,2370537,0.35484400391579,0,0
"2025-05-11 14:00:00","2025-05-11 15:00:00",Nederland,Wind,Hour,UTC,Providing,Current,2022505,2022505,0.30274549126625,0,0
"2025-05-11 15:00:00","2025-05-11 16:00:00",Nederland,Wind,Hour,UTC,Providing,Current,1960932,1960932,0.29352673888206,0,0
"2025-05-11 16:00:00","2025-05-11 17:00:00",Nederland,Wind,Hour,UTC,Providing,Current,2009818,2009818,0.30084276199341,0,0
"2025-05-11 17:00:00","2025-05-11 18:00:00",Nederland,Wind,Hour,UTC,Providing,Current,1994915,1994915,0.29860976338387,0,0
"2025-05-11 18:00:00","2025-05-11 19:00:00",Nederland,Wind,Hour,UTC,Providing,Current,1552925,1552925,0.23244924843311,0,0
"2025-05-11 19:00:00","2025-05-11 20:00:00",Nederland,Wind,Hour,UTC,Providing,Current,1091708,1091708,0.1634107530117,0,0
"2025-05-11 20:00:00","2025-05-11 21:00:00",Nederland,Wind,Hour,UTC,Providing,Current,1033433,1033433,0.15468725562096,0,0
"2025-05-11 21:00:00","2025-05-11 22:00:00",Nederland,Wind,Hour,UTC,Providing,Current,1093874,1093874,0.16373300552368,0,0
"2025-05-11 22:00:00","2025-05-11 23:00:00",Nederland,Wind,Hour,UTC,Providing,Current,1178688,1178688,0.1764270067215,0,0
"2025-05-11 23:00:00","2025-05-12 00:00:00",Nederland,Wind,Hour,UTC,Providing,Current,1363372,1363372,0.20406974852085,0,0
"2025-05-12 00:00:00","2025-05-12 01:00:00",Nederland,Wind,Hour,UTC,Providing,Current,1209956,1209956,0.18110525608063,0,0
"2025-05-12 01:00:00","2025-05-12 02:00:00",Nederland,Wind,Hour,UTC,Providing,Current,1225900,1225900,0.18349049985409,0,0
"2025-05-12 02:00:00","2025-05-12 03:00:00",Nederland,Wind,Hour,UTC,Providing,Current,1268039,1268039,0.18979699909687,0,0
"2025-05-12 03:00:00","2025-05-12 04:00:00",Nederland,Wind,Hour,UTC,Providing,Current,1224108,1224108,0.18322025239468,0,0
"2025-05-12 04:00:00","2025-05-12 05:00:00",Nederland,Wind,Hour,UTC,Providing,Current,1467890,1467890,0.21970725059509,0,0
"2025-05-12 05:00:00","2025-05-12 06:00:00",Nederland,Wind,Hour,UTC,Providing,Current,1822025,1822025,0.27271100878716,0,0
"2025-05-12 06:00:00","2025-05-12 07:00:00",Nederland,Wind,Hour,UTC,Providing,Current,2385533,2385533,0.35705149173737,0,0
"2025-05-12 07:00:00","2025-05-12 08:00:00",Nederland,Wind,Hour,UTC,Providing,Current,2766948,2766948,0.41413649916649,0,0
"2025-05-12 08:00:00","2025-05-12 09:00:00",Nederland,Wind,Hour,UTC,Providing,Current,2764756,2764756,0.41380649805069,0,0
"2025-05-12 09:00:00","2025-05-12 10:00:00",Nederland,Wind,Hour,UTC,Providing,Current,3014939,3014939,0.45124873518944,0,0
"2025-05-12 10:00:00","2025-05-12 11:00:00",Nederland,Wind,Hour,UTC,Providing,Current,3718842,3718842,0.55659925937653,0,0
"2025-05-12 11:00:00","2025-05-12 12:00:00",Nederland,Wind,Hour,UTC,Providing,Current,4093133,4093133,0.6126155257225,0,0
"2025-05-12 12:00:00","2025-05-12 13:00:00",Nederland,Wind,Hour,UTC,Providing,Current,4351617,4351617,0.65129852294922,0,0
"2025-05-12 13:00:00","2025-05-12 14:00:00",Nederland,Wind,Hour,UTC,Providing,Current,4373744,4373744,0.65460622310638,0,0
"2025-05-12 14:00:00","2025-05-12 15:00:00",Nederland,Wind,Hour,UTC,Providing,Current,4230695,4230695,0.63319277763367,0,0
"2025-05-12 15:00:00","2025-05-12 16:00:00",Nederland,Wind,Hour,UTC,Providing,Current,4051878,4051878,0.60642600059509,0,0
"2025-05-12 16:00:00","2025-05-12 17:00:00",Nederland,Wind,Hour,UTC,Providing,Current,3862633,3862633,0.57809925079346,0,0
"2025-05-12 17:00:00","2025-05-12 18:00:00",Nederland,Wind,Hour,UTC,Providing,Current,3922314,3922314,0.58702772855759,0,0
"2025-05-12 18:00:00","2025-05-12 19:00:00",Nederland,Wind,Hour,UTC,Providing,Current,3284889,3284889,0.49162548780441,0,0
"2025-05-12 19:00:00","2025-05-12 20:00:00",Nederland,Wind,Hour,UTC,Providing,Current,2022166,2022166,0.30264124274254,0,0
"2025-05-12 20:00:00","2025-05-12 21:00:00",Nederland,Wind,Hour,UTC,Providing,Current,1576010,1576010,0.2358669936657,0,0
"2025-05-12 21:00:00","2025-05-12 22:00:00",Nederland,Wind,Hour,UTC,Providing,Current,1535648,1535648,0.22982500493526,0,0
"2025-05-12 22:00:00","2025-05-12 23:00:00",Nederland,Wind,Hour,UTC,Providing,Current,1614229,1614229,0.24158400297165,0,0
"2025-05-12 23:00:00","2025-05-13 00:00:00",Nederland,Wind,Hour,UTC,Providing,Current,1610538,1610538,0.24102975428104,0,0
"2025-05-13 00:00:00","2025-05-13 01:00:00",Nederland,Wind,Hour,UTC,Providing,Current,1611919,1611919,0.24123525619507,0,0
"2025-05-13 01:00:00","2025-05-13 02:00:00",Nederland,Wind,Hour,UTC,Providing,Current,1678340,1678340,0.25117400288582,0,0
"2025-05-13 02:00:00","2025-05-13 03:00:00",Nederland,Wind,Hour,UTC,Providing,Current,1770441,1770441,0.26495599746704,0,0
"2025-05-13 03:00:00","2025-05-13 04:00:00",Nederland,Wind,Hour,UTC,Providing,Current,1618437,1618437,0.24220649898052,0,0
"2025-05-13 04:00:00","2025-05-13 05:00:00",Nederland,Wind,Hour,UTC,Providing,Current,1416119,1416119,0.21192725002766,0,0
"2025-05-13 05:00:00","2025-05-13 06:00:00",Nederland,Wind,Hour,UTC,Providing,Current,1604783,1604783,0.24016000330448,0,0
"2025-05-13 06:00:00","2025-05-13 07:00:00",Nederland,Wind,Hour,UTC,Providing,Current,1904542,1904542,0.28501775860786,0,0
"2025-05-13 07:00:00","2025-05-13 08:00:00",Nederland,Wind,Hour,UTC,Providing,Current,1810499,1810499,0.27094250917435,0,0
"2025-05-13 08:00:00","2025-05-13 09:00:00",Nederland,Wind,Hour,UTC,Providing,Current,1908547,1908547,0.28561374545097,0,0
"2025-05-13 09:00:00","2025-05-13 10:00:00",Nederland,Wind,Hour,UTC,Providing,Current,2497403,2497403,0.37373349070549,0,0
"2025-05-13 10:00:00","2025-05-13 11:00:00",Nederland,Wind,Hour,UTC,Providing,Current,2907418,2907418,0.43508926033974,0,0
"2025-05-13 11:00:00","2025-05-13 12:00:00",Nederland,Wind,Hour,UTC,Providing,Current,2849098,2849098,0.42635923624039,0,0
"2025-05-13 12:00:00","2025-05-13 13:00:00",Nederland,Wind,Hour,UTC,Providing,Current,2742156,2742156,0.41035324335098,0,0
"2025-05-13 13:00:00","2025-05-13 14:00:00",Nederland,Wind,Hour,UTC,Providing,Current,2693922,2693922,0.40313273668289,0,0
"2025-05-13 14:00:00","2025-05-13 15:00:00",Nederland,Wind,Hour,UTC,Providing,Current,2514044,2514044,0.37621223926544,0,0
"2025-05-13 15:00:00","2025-05-13 16:00:00",Nederland,Wind,Hour,UTC,Providing,Current,2354141,2354141,0.3522817492485,0,0
"2025-05-13 16:00:00","2025-05-13 17:00:00",Nederland,Wind,Hour,UTC,Providing,Current,2299759,2299759,0.34414175152779,0,0
"2025-05-13 17:00:00","2025-05-13 18:00:00",Nederland,Wind,Hour,UTC,Providing,Current,2559606,2559606,0.3830235004425,0,0
"2025-05-13 18:00:00","2025-05-13 19:00:00",Nederland,Wind,Hour,UTC,Providing,Current,2641848,2641848,0.39532798528671,0,0
"2025-05-13 19:00:00","2025-05-13 20:00:00",Nederland,Wind,Hour,UTC,Providing,Current,2018256,2018256,0.30201125144958,0,0
"2025-05-13 20:00:00","2025-05-13 21:00:00",Nederland,Wind,Hour,UTC,Providing,Current,1536712,1536712,0.22995175421238,0,0
"2025-05-13 21:00:00","2025-05-13 22:00:00",Nederland,Wind,Hour,UTC,Providing,Current,1102848,1102848,0.16502775251865,0,0
"2025-05-13 22:00:00","2025-05-13 23:00:00",Nederland,Wind,Hour,UTC,Providing,Current,858225,858225,0.12842224538326,0,0
"2025-05-13 23:00:00","2025-05-14 00:00:00",Nederland,Wind,Hour,UTC,Providing,Current,785446,785446,0.1175307482481,0,0
"2025-05-14 00:00:00","2025-05-14 01:00:00",Nederland,Wind,Hour,UTC,Providing,Current,740362,740362,0.11078424751759,0,0
"2025-05-14 01:00:00","2025-05-14 02:00:00",Nederland,Wind,Hour,UTC,Providing,Current,551325,551325,0.082497097551823,0,0
"2025-05-14 02:00:00","2025-05-14 03:00:00",Nederland,Wind,Hour,UTC,Providing,Current,341830,341830,0.051149148494005,0,0
"2025-05-14 03:00:00","2025-05-14 04:00:00",Nederland,Wind,Hour,UTC,Providing,Current,219301,219301,0.032814551144838,0,0
"2025-05-14 04:00:00","2025-05-14 05:00:00",Nederland,Wind,Hour,UTC,Providing,Current,252098,252098,0.037721801549196,0,0
"2025-05-14 05:00:00","2025-05-14 06:00:00",Nederland,Wind,Hour,UTC,Providing,Current,251288,251288,0.037600349634886,0,0
"2025-05-14 06:00:00","2025-05-14 07:00:00",Nederland,Wind,Hour,UTC,Providing,Current,432698,432698,0.06474445015192,0,0
"2025-05-14 07:00:00","2025-05-14 08:00:00",Nederland,Wind,Hour,UTC,Providing,Current,835707,835707,0.12504556775093,0,0
"2025-05-14 08:00:00","2025-05-14 09:00:00",Nederland,Wind,Hour,UTC,Providing,Current,1396103,1396103,0.20889574289322,0,0
"2025-05-14 09:00:00","2025-05-14 10:00:00",Nederland,Wind,Hour,UTC,Providing,Current,2044311,2044311,0.30588400363922,0,0
"2025-05-14 10:00:00","2025-05-14 11:00:00",Nederland,Wind,Hour,UTC,Providing,Current,2755676,2755676,0.41232049465179,0,0
"2025-05-14 11:00:00","2025-05-14 12:00:00",Nederland,Wind,Hour,UTC,Providing,Current,2984312,2984312,0.44652798771858,0,0
"2025-05-14 12:00:00","2025-05-14 13:00:00",Nederland,Wind,Hour,UTC,Providing,Current,3282633,3282633,0.49116125702858,0,0
"2025-05-14 13:00:00","2025-05-14 14:00:00",Nederland,Wind,Hour,UTC,Providing,Current,4021488,4021488,0.6017079949379,0,0
"2025-05-14 14:00:00","2025-05-14 15:00:00",Nederland,Wind,Hour,UTC,Providing,Current,4646230,4646230,0.69517952203751,0,0
"2025-05-14 15:00:00","2025-05-14 16:00:00",Nederland,Wind,Hour,UTC,Providing,Current,4679779,4679779,0.70019501447678,0,0
"2025-05-14 16:00:00","2025-05-14 17:00:00",Nederland,Wind,Hour,UTC,Providing,Current,4860339,4860339,0.72720623016357,0,0
"2025-05-14 17:00:00","2025-05-14 18:00:00",Nederland,Wind,Hour,UTC,Providing,Current,4945618,4945618,0.73996126651764,0,0
"2025-05-14 18:00:00","2025-05-14 19:00:00",Nederland,Wind,Hour,UTC,Providing,Current,4377620,4377620,0.65497350692749,0,0
"2025-05-14 19:00:00","2025-05-14 20:00:00",Nederland,Wind,Hour,UTC,Providing,Current,3623922,3623922,0.54220300912857,0,0
"2025-05-14 20:00:00","2025-05-14 21:00:00",Nederland,Wind,Hour,UTC,Providing,Current,2978610,2978610,0.44565001130104,0,0
"2025-05-14 21:00:00","2025-05-14 22:00:00",Nederland,Wind,Hour,UTC,Providing,Current,2461008,2461008,0.36820575594902,0,0
"2025-05-14 22:00:00","2025-05-14 23:00:00",Nederland,Wind,Hour,UTC,Providing,Current,2122286,2122286,0.31752574443817,0,0
"2025-05-14 23:00:00","2025-05-15 00:00:00",Nederland,Wind,Hour,UTC,Providing,Current,2051184,2051184,0.30688574910164,0,0
"2025-05-15 00:00:00","2025-05-15 01:00:00",Nederland,Wind,Hour,UTC,Providing,Current,1921261,1921261,0.28744599223137,0,0
"2025-05-15 01:00:00","2025-05-15 02:00:00",Nederland,Wind,Hour,UTC,Providing,Current,1939620,1939620,0.29019099473953,0,0
"2025-05-15 02:00:00","2025-05-15 03:00:00",Nederland,Wind,Hour,UTC,Providing,Current,2212286,2212286,0.33098325133324,0,0
"2025-05-15 03:00:00","2025-05-15 04:00:00",Nederland,Wind,Hour,UTC,Providing,Current,2191577,2191577,0.32788249850273,0,0
"2025-05-15 04:00:00","2025-05-15 05:00:00",Nederland,Wind,Hour,UTC,Providing,Current,2254894,2254894,0.33735349774361,0,0
"2025-05-15 05:00:00","2025-05-15 06:00:00",Nederland,Wind,Hour,UTC,Providing,Current,2428944,2428944,0.36339074373245,0,0
"2025-05-15 06:00:00","2025-05-15 07:00:00",Nederland,Wind,Hour,UTC,Providing,Current,2598063,2598063,0.38868999481201,0,0
"2025-05-15 07:00:00","2025-05-15 08:00:00",Nederland,Wind,Hour,UTC,Providing,Current,2403318,2403318,0.35955274105072,0,0
"2025-05-15 08:00:00","2025-05-15 09:00:00",Nederland,Wind,Hour,UTC,Providing,Current,2034721,2034721,0.30440598726273,0,0
"2025-05-15 09:00:00","2025-05-15 10:00:00",Nederland,Wind,Hour,UTC,Providing,Current,1995259,1995259,0.29850050806999,0,0
"2025-05-15 10:00:00","2025-05-15 11:00:00",Nederland,Wind,Hour,UTC,Providing,Current,2666047,2666047,0.39885100722313,0,0
"2025-05-15 11:00:00","2025-05-15 12:00:00",Nederland,Wind,Hour,UTC,Providing,Current,3563737,3563737,0.5331454873085,0,0
"2025-05-15 12:00:00","2025-05-15 13:00:00",Nederland,Wind,Hour,UTC,Providing,Current,4312661,4312661,0.6451832652092,0,0
"2025-05-15 13:00:00","2025-05-15 14:00:00",Nederland,Wind,Hour,UTC,Providing,Current,4821021,4821021,0.72123050689697,0,0
"2025-05-15 14:00:00","2025-05-15 15:00:00",Nederland,Wind,Hour,UTC,Providing,Current,5110080,5110080,0.76446950435638,0,0
"2025-05-15 15:00:00","2025-05-15 16:00:00",Nederland,Wind,Hour,UTC,Providing,Current,5118536,5118536,0.76572972536087,0,0
"2025-05-15 16:00:00","2025-05-15 17:00:00",Nederland,Wind,Hour,UTC,Providing,Current,5170524,5170524,0.77350223064423,0,0
"2025-05-15 17:00:00","2025-05-15 18:00:00",Nederland,Wind,Hour,UTC,Providing,Current,5213737,5213737,0.77996200323105,0,0
"2025-05-15 18:00:00","2025-05-15 19:00:00",Nederland,Wind,Hour,UTC,Providing,Current,4651638,4651638,0.69586926698685,0,0
"2025-05-15 19:00:00","2025-05-15 20:00:00",Nederland,Wind,Hour,UTC,Providing,Current,3353369,3353369,0.50164973735809,0,0
"2025-05-15 20:00:00","2025-05-15 21:00:00",Nederland,Wind,Hour,UTC,Providing,Current,2352848,2352848,0.35197374224663,0,0
"2025-05-15 21:00:00","2025-05-15 22:00:00",Nederland,Wind,Hour,UTC,Providing,Current,1935369,1935369,0.28951925039291,0,0
"2025-05-15 22:00:00","2025-05-15 23:00:00",Nederland,Wind,Hour,UTC,Providing,Current,1566595,1566595,0.23435175418854,0,0
"2025-05-15 23:00:00","2025-05-16 00:00:00",Nederland,Wind,Hour,UTC,Providing,Current,1006280,1006280,0.15053175389767,0,0
"2025-05-16 00:00:00","2025-05-16 01:00:00",Nederland,Wind,Hour,UTC,Providing,Current,544647,544647,0.081474378705025,0,0
"2025-05-16 01:00:00","2025-05-16 02:00:00",Nederland,Wind,Hour,UTC,Providing,Current,476088,476088,0.071218103170395,0,0
"2025-05-16 02:00:00","2025-05-16 03:00:00",Nederland,Wind,Hour,UTC,Providing,Current,404254,404254,0.060472074896097,0,0
"2025-05-16 03:00:00","2025-05-16 04:00:00",Nederland,Wind,Hour,UTC,Providing,Current,391717,391717,0.058596301823854,0,0
"2025-05-16 04:00:00","2025-05-16 05:00:00",Nederland,Wind,Hour,UTC,Providing,Current,352792,352792,0.052773274481297,0,0
"2025-05-16 05:00:00","2025-05-16 06:00:00",Nederland,Wind,Hour,UTC,Providing,Current,377273,377273,0.05643492564559,0,0
"2025-05-16 06:00:00","2025-05-16 07:00:00",Nederland,Wind,Hour,UTC,Providing,Current,726149,726149,0.10862144827843,0,0
"2025-05-16 07:00:00","2025-05-16 08:00:00",Nederland,Wind,Hour,UTC,Providing,Current,1704873,1704873,0.25502276420593,0,0
"2025-05-16 08:00:00","2025-05-16 09:00:00",Nederland,Wind,Hour,UTC,Providing,Current,2076988,2076988,0.31068375706673,0,0
"2025-05-16 09:00:00","2025-05-16 10:00:00",Nederland,Wind,Hour,UTC,Providing,Current,2633986,2633986,0.39399901032448,0,0
"2025-05-16 10:00:00","2025-05-16 11:00:00",Nederland,Wind,Hour,UTC,Providing,Current,3240250,3240250,0.48468273878098,0,0
"2025-05-16 11:00:00","2025-05-16 12:00:00",Nederland,Wind,Hour,UTC,Providing,Current,3413603,3413603,0.51060998439789,0,0
"2025-05-16 12:00:00","2025-05-16 13:00:00",Nederland,Wind,Hour,UTC,Providing,Current,3791977,3791977,0.56720423698425,0,0
"2025-05-16 13:00:00","2025-05-16 14:00:00",Nederland,Wind,Hour,UTC,Providing,Current,4063343,4063343,0.60779148340225,0,0
"2025-05-16 14:00:00","2025-05-16 15:00:00",Nederland,Wind,Hour,UTC,Providing,Current,4203075,4203075,0.62868851423264,0,0
"2025-05-16 15:00:00","2025-05-16 16:00:00",Nederland,Wind,Hour,UTC,Providing,Current,4110720,4110720,0.61487072706223,0,0
"2025-05-16 16:00:00","2025-05-16 17:00:00",Nederland,Wind,Hour,UTC,Providing,Current,3846932,3846932,0.57541072368622,0,0
"2025-05-16 17:00:00","2025-05-16 18:00:00",Nederland,Wind,Hour,UTC,Providing,Current,3330083,3330083,0.49809876084328,0,0
"2025-05-16 18:00:00","2025-05-16 19:00:00",Nederland,Wind,Hour,UTC,Providing,Current,2979051,2979051,0.44558998942375,0,0
"2025-05-16 19:00:00","2025-05-16 20:00:00",Nederland,Wind,Hour,UTC,Providing,Current,2286933,2286933,0.3420652449131,0,0
"2025-05-16 20:00:00","2025-05-16 21:00:00",Nederland,Wind,Hour,UTC,Providing,Current,1516351,1516351,0.22680474817753,0,0
"2025-05-16 21:00:00","2025-05-16 22:00:00",Nederland,Wind,Hour,UTC,Providing,Current,1358590,1358590,0.20320700109005,0,0
"2025-05-16 22:00:00","2025-05-16 23:00:00",Nederland,Wind,Hour,UTC,Providing,Current,1255473,1255473,0.18778200447559,0,0
"2025-05-16 23:00:00","2025-05-17 00:00:00",Nederland,Wind,Hour,UTC,Providing,Current,1098727,1098727,0.16433675587177,0,0
"2025-05-17 00:00:00","2025-05-17 01:00:00",Nederland,Wind,Hour,UTC,Providing,Current,815555,815555,0.12198174744844,0,0
"2025-05-17 01:00:00","2025-05-17 02:00:00",Nederland,Wind,Hour,UTC,Providing,Current,664239,664239,0.099349021911621,0,0
"2025-05-17 02:00:00","2025-05-17 03:00:00",Nederland,Wind,Hour,UTC,Providing,Current,619850,619850,0.092709273099899,0,0
"2025-05-17 03:00:00","2025-05-17 04:00:00",Nederland,Wind,Hour,UTC,Providing,Current,632109,632109,0.094542227685452,0,0
"2025-05-17 04:00:00","2025-05-17 05:00:00",Nederland,Wind,Hour,UTC,Providing,Current,624305,624305,0.093374453485012,0,0
"2025-05-17 05:00:00","2025-05-17 06:00:00",Nederland,Wind,Hour,UTC,Providing,Current,850802,850802,0.12724974751472,0,0
"2025-05-17 06:00:00","2025-05-17 07:00:00",Nederland,Wind,Hour,UTC,Providing,Current,1537124,1537124,0.22989775240421,0,0
"2025-05-17 07:00:00","2025-05-17 08:00:00",Nederland,Wind,Hour,UTC,Providing,Current,2014329,2014329,0.30126824975014,0,0
"2025-05-17 08:00:00","2025-05-17 09:00:00",Nederland,Wind,Hour,UTC,Providing,Current,2363824,2363824,0.35353773832321,0,0
"2025-05-17 09:00:00","2025-05-17 10:00:00",Nederland,Wind,Hour,UTC,Providing,Current,2850572,2850572,0.42633375525475,0,0
"2025-05-17 10:00:00","2025-05-17 11:00:00",Nederland,Wind,Hour,UTC,Providing,Current,3231324,3231324,0.48327648639679,0,0
"2025-05-17 11:00:00","2025-05-17 12:00:00",Nederland,Wind,Hour,UTC,Providing,Current,3496116,3496116,0.52287572622299,0,0
"2025-05-17 12:00:00","2025-05-17 13:00:00",Nederland,Wind,Hour,UTC,Providing,Current,4139390,4139390,0.61907923221588,0,0
"2025-05-17 13:00:00","2025-05-17 14:00:00",Nederland,Wind,Hour,UTC,Providing,Current,4635311,4635311,0.69324398040771,0,0
"2025-05-17 14:00:00","2025-05-17 15:00:00",Nederland,Wind,Hour,UTC,Providing,Current,4792559,4792559,0.71675723791122,0,0
"2025-05-17 15:00:00","2025-05-17 16:00:00",Nederland,Wind,Hour,UTC,Providing,Current,4577312,4577312,0.68456149101257,0,0
"2025-05-17 16:00:00","2025-05-17 17:00:00",Nederland,Wind,Hour,UTC,Providing,Current,4105817,4105817,0.61404323577881,0,0
"2025-05-17 17:00:00","2025-05-17 18:00:00",Nederland,Wind,Hour,UTC,Providing,Current,3679044,3679044,0.55021399259567,0,0
"2025-05-17 18:00:00","2025-05-17 19:00:00",Nederland,Wind,Hour,UTC,Providing,Current,2895967,2895967,0.43309950828552,0,0
"2025-05-17 19:00:00","2025-05-17 20:00:00",Nederland,Wind,Hour,UTC,Providing,Current,1979583,1979583,0.29605001211166,0,0
"2025-05-17 20:00:00","2025-05-17 21:00:00",Nederland,Wind,Hour,UTC,Providing,Current,1408462,1408462,0.21063649654388,0,0
"2025-05-17 21:00:00","2025-05-17 22:00:00",Nederland,Wind,Hour,UTC,Providing,Current,1225481,1225481,0.18327024579048,0,0
"2025-05-17 22:00:00","2025-05-17 23:00:00",Nederland,Wind,Hour,UTC,Providing,Current,1389124,1389124,0.20774200558662,0,0
"2025-05-17 23:00:00","2025-05-18 00:00:00",Nederland,Wind,Hour,UTC,Providing,Current,1219304,1219304,0.18234474956989,0,0
"2025-05-18 00:00:00","2025-05-18 01:00:00",Nederland,Wind,Hour,UTC,Providing,Current,940114,940114,0.1405912488699,0,0
"2025-05-18 01:00:00","2025-05-18 02:00:00",Nederland,Wind,Hour,UTC,Providing,Current,771258,771258,0.11533875018358,0,0
"2025-05-18 02:00:00","2025-05-18 03:00:00",Nederland,Wind,Hour,UTC,Providing,Current,731477,731477,0.1093887463212,0,0
"2025-05-18 03:00:00","2025-05-18 04:00:00",Nederland,Wind,Hour,UTC,Providing,Current,681859,681859,0.10196825116873,0,0
"2025-05-18 04:00:00","2025-05-18 05:00:00",Nederland,Wind,Hour,UTC,Providing,Current,582787,582787,0.087151996791363,0,0
"2025-05-18 05:00:00","2025-05-18 06:00:00",Nederland,Wind,Hour,UTC,Providing,Current,385549,385549,0.057655949145555,0,0
"2025-05-18 06:00:00","2025-05-18 07:00:00",Nederland,Wind,Hour,UTC,Providing,Current,402468,402468,0.060185700654984,0,0
"2025-05-18 07:00:00","2025-05-18 08:00:00",Nederland,Wind,Hour,UTC,Providing,Current,506538,506538,0.075748026371002,0,0
"2025-05-18 08:00:00","2025-05-18 09:00:00",Nederland,Wind,Hour,UTC,Providing,Current,574813,574813,0.085957400500774,0,0
"2025-05-18 09:00:00","2025-05-18 10:00:00",Nederland,Wind,Hour,UTC,Providing,Current,616816,616816,0.092237949371338,0,0
"2025-05-18 10:00:00","2025-05-18 11:00:00",Nederland,Wind,Hour,UTC,Providing,Current,708031,708031,0.10587749630213,0,0
"2025-05-18 11:00:00","2025-05-18 12:00:00",Nederland,Wind,Hour,UTC,Providing,Current,723295,723295,0.1081592515111,0,0
"2025-05-18 12:00:00","2025-05-18 13:00:00",Nederland,Wind,Hour,UTC,Providing,Current,857453,857453,0.12822024524212,0,0
"2025-05-18 13:00:00","2025-05-18 14:00:00",Nederland,Wind,Hour,UTC,Providing,Current,1303761,1303761,0.19495825469494,0,0
"2025-05-18 14:00:00","2025-05-18 15:00:00",Nederland,Wind,Hour,UTC,Providing,Current,1999040,1999040,0.29892501235008,0,0
"2025-05-18 15:00:00","2025-05-18 16:00:00",Nederland,Wind,Hour,UTC,Providing,Current,2820414,2820414,0.42174598574638,0,0
"2025-05-18 16:00:00","2025-05-18 17:00:00",Nederland,Wind,Hour,UTC,Providing,Current,3132152,3132152,0.46835848689079,0,0
"2025-05-18 17:00:00","2025-05-18 18:00:00",Nederland,Wind,Hour,UTC,Providing,Current,2671930,2671930,0.39953774213791,0,0
"2025-05-18 18:00:00","2025-05-18 19:00:00",Nederland,Wind,Hour,UTC,Providing,Current,2015265,2015265,0.30134373903275,0,0
"2025-05-18 19:00:00","2025-05-18 20:00:00",Nederland,Wind,Hour,UTC,Providing,Current,996130,996130,0.14895099401474,0,0
"2025-05-18 20:00:00","2025-05-18 21:00:00",Nederland,Wind,Hour,UTC,Providing,Current,586044,586044,0.087630428373814,0,0
"2025-05-18 21:00:00","2025-05-18 22:00:00",Nederland,Wind,Hour,UTC,Providing,Current,409855,409855,0.061284750699997,0,0
"2025-05-18 22:00:00","2025-05-18 23:00:00",Nederland,Wind,Hour,UTC,Providing,Current,251832,251832,0.037655673921108,0,0
"2025-05-18 23:00:00","2025-05-19 00:00:00",Nederland,Wind,Hour,UTC,Providing,Current,135716,135716,0.020293075591326,0,0
"2025-05-19 00:00:00","2025-05-19 01:00:00",Nederland,Wind,Hour,UTC,Providing,Current,95653,95653,0.014302524738014,0,0
"2025-05-19 01:00:00","2025-05-19 02:00:00",Nederland,Wind,Hour,UTC,Providing,Current,87634,87634,0.013103400357068,0,0
"2025-05-19 02:00:00","2025-05-19 03:00:00",Nederland,Wind,Hour,UTC,Providing,Current,78237,78237,0.011698249727488,0,0
"2025-05-19 03:00:00","2025-05-19 04:00:00",Nederland,Wind,Hour,UTC,Providing,Current,78629,78629,0.011756800115108,0,0
"2025-05-19 04:00:00","2025-05-19 05:00:00",Nederland,Wind,Hour,UTC,Providing,Current,73746,73746,0.011026600375772,0,0
"2025-05-19 05:00:00","2025-05-19 06:00:00",Nederland,Wind,Hour,UTC,Providing,Current,147485,147485,0.022052025422454,0,0
"2025-05-19 06:00:00","2025-05-19 07:00:00",Nederland,Wind,Hour,UTC,Providing,Current,237019,237019,0.035438973456621,0,0
"2025-05-19 07:00:00","2025-05-19 08:00:00",Nederland,Wind,Hour,UTC,Providing,Current,357101,357101,0.053393248468637,0,0
"2025-05-19 08:00:00","2025-05-19 09:00:00",Nederland,Wind,Hour,UTC,Providing,Current,408847,408847,0.061129901558161,0,0
"2025-05-19 09:00:00","2025-05-19 10:00:00",Nederland,Wind,Hour,UTC,Providing,Current,521650,521650,0.077995449304581,0,0
"2025-05-19 10:00:00","2025-05-19 11:00:00",Nederland,Wind,Hour,UTC,Providing,Current,889864,889864,0.13304850459099,0,0
"2025-05-19 11:00:00","2025-05-19 12:00:00",Nederland,Wind,Hour,UTC,Providing,Current,1207343,1207343,0.18051575124264,0,0
"2025-05-19 12:00:00","2025-05-19 13:00:00",Nederland,Wind,Hour,UTC,Providing,Current,1515751,1515751,0.22662599384785,0,0
"2025-05-19 13:00:00","2025-05-19 14:00:00",Nederland,Wind,Hour,UTC,Providing,Current,1938791,1938791,0.28987476229668,0,0
"2025-05-19 14:00:00","2025-05-19 15:00:00",Nederland,Wind,Hour,UTC,Providing,Current,2340354,2340354,0.34991124272346,0,0
"2025-05-19 15:00:00","2025-05-19 16:00:00",Nederland,Wind,Hour,UTC,Providing,Current,2818653,2818653,0.42142075300217,0,0
"2025-05-19 16:00:00","2025-05-19 17:00:00",Nederland,Wind,Hour,UTC,Providing,Current,3126113,3126113,0.46738651394844,0,0
"2025-05-19 17:00:00","2025-05-19 18:00:00",Nederland,Wind,Hour,UTC,Providing,Current,2916110,2916110,0.43598625063896,0,0
"2025-05-19 18:00:00","2025-05-19 19:00:00",Nederland,Wind,Hour,UTC,Providing,Current,2622308,2622308,0.39205750823021,0,0
"2025-05-19 19:00:00","2025-05-19 20:00:00",Nederland,Wind,Hour,UTC,Providing,Current,1573911,1573911,0.23531174659729,0,0
"2025-05-19 20:00:00","2025-05-19 21:00:00",Nederland,Wind,Hour,UTC,Providing,Current,800897,800897,0.11973950266838,0,0
"2025-05-19 21:00:00","2025-05-19 22:00:00",Nederland,Wind,Hour,UTC,Providing,Current,553671,553671,0.082777075469494,0,0
"2025-05-19 22:00:00","2025-05-19 23:00:00",Nederland,Wind,Hour,UTC,Providing,Current,417810,417810,0.062464650720358,0,0
"2025-05-19 23:00:00","2025-05-20 00:00:00",Nederland,Wind,Hour,UTC,Providing,Current,331891,331891,0.049619026482105,0,0
"2025-05-20 00:00:00","2025-05-20 01:00:00",Nederland,Wind,Hour,UTC,Providing,Current,220178,220178,0.032917276024818,0,0
"2025-05-20 01:00:00","2025-05-20 02:00:00",Nederland,Wind,Hour,UTC,Providing,Current,109223,109223,0.016329100355506,0,0
"2025-05-20 02:00:00","2025-05-20 03:00:00",Nederland,Wind,Hour,UTC,Providing,Current,105995,105995,0.015846375375986,0,0
"2025-05-20 03:00:00","2025-05-20 04:00:00",Nederland,Wind,Hour,UTC,Providing,Current,102561,102561,0.015332899987698,0,0
"2025-05-20 04:00:00","2025-05-20 05:00:00",Nederland,Wind,Hour,UTC,Providing,Current,73149,73149,0.010935749858618,0,0
"2025-05-20 05:00:00","2025-05-20 06:00:00",Nederland,Wind,Hour,UTC,Providing,Current,97521,97521,0.014579274691641,0,0
"2025-05-20 06:00:00","2025-05-20 07:00:00",Nederland,Wind,Hour,UTC,Providing,Current,159441,159441,0.023836024105549,0,0
"2025-05-20 07:00:00","2025-05-20 08:00:00",Nederland,Wind,Hour,UTC,Providing,Current,267809,267809,0.040036551654339,0,0
"2025-05-20 08:00:00","2025-05-20 09:00:00",Nederland,Wind,Hour,UTC,Providing,Current,446579,446579,0.066761650145054,0,0
"2025-05-20 09:00:00","2025-05-20 10:00:00",Nederland,Wind,Hour,UTC,Providing,Current,661220,661220,0.098848827183247,0,0
"2025-05-20 10:00:00","2025-05-20 11:00:00",Nederland,Wind,Hour,UTC,Providing,Current,1014909,1014909,0.15172274410725,0,0
"2025-05-20 11:00:00","2025-05-20 12:00:00",Nederland,Wind,Hour,UTC,Providing,Current,1486649,1486649,0.22224375605583,0,0
"2025-05-20 12:00:00","2025-05-20 13:00:00",Nederland,Wind,Hour,UTC,Providing,Current,2092712,2092712,0.31284350156784,0,0
"2025-05-20 13:00:00","2025-05-20 14:00:00",Nederland,Wind,Hour,UTC,Providing,Current,2598711,2598711,0.38848423957825,0,0
"2025-05-20 14:00:00","2025-05-20 15:00:00",Nederland,Wind,Hour,UTC,Providing,Current,3124372,3124372,0.4670632481575,0,0
"2025-05-20 15:00:00","2025-05-20 16:00:00",Nederland,Wind,Hour,UTC,Providing,Current,3348219,3348219,0.50052350759506,0,0
"2025-05-20 16:00:00","2025-05-20 17:00:00",Nederland,Wind,Hour,UTC,Providing,Current,3267917,3267917,0.48851600289345,0,0
"2025-05-20 17:00:00","2025-05-20 18:00:00",Nederland,Wind,Hour,UTC,Providing,Current,2821277,2821277,0.4217457473278,0,0
"2025-05-20 18:00:00","2025-05-20 19:00:00",Nederland,Wind,Hour,UTC,Providing,Current,2229961,2229961,0.3333492577076,0,0
"2025-05-20 19:00:00","2025-05-20 20:00:00",Nederland,Wind,Hour,UTC,Providing,Current,1398944,1398944,0.20912225544453,0,0
"2025-05-20 20:00:00","2025-05-20 21:00:00",Nederland,Wind,Hour,UTC,Providing,Current,711580,711580,0.10637032240629,0,0
"2025-05-20 21:00:00","2025-05-20 22:00:00",Nederland,Wind,Hour,UTC,Providing,Current,469656,469656,0.070206001400948,0,0
"2025-05-20 22:00:00","2025-05-20 23:00:00",Nederland,Wind,Hour,UTC,Providing,Current,348745,348745,0.052131451666355,0,0
"2025-05-20 23:00:00","2025-05-21 00:00:00",Nederland,Wind,Hour,UTC,Providing,Current,307349,307349,0.045943148434162,0,0
"2025-05-21 00:00:00","2025-05-21 01:00:00",Nederland,Wind,Hour,UTC,Providing,Current,286809,286809,0.042872551828623,0,0
"2025-05-21 01:00:00","2025-05-21 02:00:00",Nederland,Wind,Hour,UTC,Providing,Current,323796,323796,0.048401098698378,0,0
"2025-05-21 02:00:00","2025-05-21 03:00:00",Nederland,Wind,Hour,UTC,Providing,Current,481072,481072,0.07191027700901,0,0
"2025-05-21 03:00:00","2025-05-21 04:00:00",Nederland,Wind,Hour,UTC,Providing,Current,651979,651979,0.097456723451614,0,0
"2025-05-21 04:00:00","2025-05-21 05:00:00",Nederland,Wind,Hour,UTC,Providing,Current,839921,839921,0.12554900348186,0,0
"2025-05-21 05:00:00","2025-05-21 06:00:00",Nederland,Wind,Hour,UTC,Providing,Current,1000767,1000767,0.14959125220776,0,0
"2025-05-21 06:00:00","2025-05-21 07:00:00",Nederland,Wind,Hour,UTC,Providing,Current,1455775,1455775,0.21760274469852,0,0
"2025-05-21 07:00:00","2025-05-21 08:00:00",Nederland,Wind,Hour,UTC,Providing,Current,2256480,2256480,0.33728674054146,0,0
"2025-05-21 08:00:00","2025-05-21 09:00:00",Nederland,Wind,Hour,UTC,Providing,Current,2773285,2773285,0.41453325748444,0,0
"2025-05-21 09:00:00","2025-05-21 10:00:00",Nederland,Wind,Hour,UTC,Providing,Current,2883381,2883381,0.43098750710487,0,0
"2025-05-21 10:00:00","2025-05-21 11:00:00",Nederland,Wind,Hour,UTC,Providing,Current,3213909,3213909,0.48038923740387,0,0
"2025-05-21 11:00:00","2025-05-21 12:00:00",Nederland,Wind,Hour,UTC,Providing,Current,3582893,3582893,0.53553849458694,0,0
"2025-05-21 12:00:00","2025-05-21 13:00:00",Nederland,Wind,Hour,UTC,Providing,Current,3856269,3856269,0.5763972401619,0,0
"2025-05-21 13:00:00","2025-05-21 14:00:00",Nederland,Wind,Hour,UTC,Providing,Current,4050618,4050618,0.60544276237488,0,0
"2025-05-21 14:00:00","2025-05-21 15:00:00",Nederland,Wind,Hour,UTC,Providing,Current,4310952,4310952,0.64435052871704,0,0
"2025-05-21 15:00:00","2025-05-21 16:00:00",Nederland,Wind,Hour,UTC,Providing,Current,4595000,4595000,0.68680250644684,0,0
"2025-05-21 16:00:00","2025-05-21 17:00:00",Nederland,Wind,Hour,UTC,Providing,Current,4737372,4737372,0.70807802677155,0,0
"2025-05-21 17:00:00","2025-05-21 18:00:00",Nederland,Wind,Hour,UTC,Providing,Current,4580654,4580654,0.68465000391006,0,0
"2025-05-21 18:00:00","2025-05-21 19:00:00",Nederland,Wind,Hour,UTC,Providing,Current,3868401,3868401,0.57818925380707,0,0
"2025-05-21 19:00:00","2025-05-21 20:00:00",Nederland,Wind,Hour,UTC,Providing,Current,2839188,2839188,0.42435574531555,0,0
"2025-05-21 20:00:00","2025-05-21 21:00:00",Nederland,Wind,Hour,UTC,Providing,Current,1800935,1800935,0.269172757864,0,0
"2025-05-21 21:00:00","2025-05-21 22:00:00",Nederland,Wind,Hour,UTC,Providing,Current,1272326,1272326,0.19016425311565,0,0
"2025-05-21 22:00:00","2025-05-21 23:00:00",Nederland,Wind,Hour,UTC,Providing,Current,1130391,1130391,0.16894899308681,0,0
"2025-05-21 23:00:00","2025-05-22 00:00:00",Nederland,Wind,Hour,UTC,Providing,Current,1146263,1146263,0.17132049798965,0,0
"2025-05-22 00:00:00","2025-05-22 01:00:00",Nederland,Wind,Hour,UTC,Providing,Current,1238302,1238302,0.18507550656796,0,0
"2025-05-22 01:00:00","2025-05-22 02:00:00",Nederland,Wind,Hour,UTC,Providing,Current,1487799,1487799,0.22236399352551,0,0
"2025-05-22 02:00:00","2025-05-22 03:00:00",Nederland,Wind,Hour,UTC,Providing,Current,1826911,1826911,0.27304524183273,0,0
"2025-05-22 03:00:00","2025-05-22 04:00:00",Nederland,Wind,Hour,UTC,Providing,Current,2206502,2206502,0.32977575063705,0,0
"2025-05-22 04:00:00","2025-05-22 05:00:00",Nederland,Wind,Hour,UTC,Providing,Current,2126982,2126982,0.31788900494576,0,0
"2025-05-22 05:00:00","2025-05-22 06:00:00",Nederland,Wind,Hour,UTC,Providing,Current,2305170,2305170,0.34451851248741,0,0
"2025-05-22 06:00:00","2025-05-22 07:00:00",Nederland,Wind,Hour,UTC,Providing,Current,3291052,3291052,0.4918597638607,0,0
"2025-05-22 07:00:00","2025-05-22 08:00:00",Nederland,Wind,Hour,UTC,Providing,Current,4372386,4372386,0.65346497297287,0,0
"2025-05-22 08:00:00","2025-05-22 09:00:00",Nederland,Wind,Hour,UTC,Providing,Current,4581140,4581140,0.68465948104858,0,0
"2025-05-22 09:00:00","2025-05-22 10:00:00",Nederland,Wind,Hour,UTC,Providing,Current,4925652,4925652,0.73614275455475,0,0
"2025-05-22 10:00:00","2025-05-22 11:00:00",Nederland,Wind,Hour,UTC,Providing,Current,5315981,5315981,0.79447323083878,0,0
"2025-05-22 11:00:00","2025-05-22 12:00:00",Nederland,Wind,Hour,UTC,Providing,Current,5616897,5616897,0.83943998813629,0,0
"2025-05-22 12:00:00","2025-05-22 13:00:00",Nederland,Wind,Hour,UTC,Providing,Current,5634955,5634955,0.84213352203369,0,0
"2025-05-22 13:00:00","2025-05-22 14:00:00",Nederland,Wind,Hour,UTC,Providing,Current,5748196,5748196,0.85905176401138,0,0
"2025-05-22 14:00:00","2025-05-22 15:00:00",Nederland,Wind,Hour,UTC,Providing,Current,5612940,5612940,0.83883327245712,0,0
"2025-05-22 15:00:00","2025-05-22 16:00:00",Nederland,Wind,Hour,UTC,Providing,Current,5640486,5640486,0.84294474124908,0,0
"2025-05-22 16:00:00","2025-05-22 17:00:00",Nederland,Wind,Hour,UTC,Providing,Current,5524171,5524171,0.8255569934845,0,0
"2025-05-22 17:00:00","2025-05-22 18:00:00",Nederland,Wind,Hour,UTC,Providing,Current,4917314,4917314,0.73486125469208,0,0
"2025-05-22 18:00:00","2025-05-22 19:00:00",Nederland,Wind,Hour,UTC,Providing,Current,4281922,4281922,0.63990199565887,0,0
"2025-05-22 19:00:00","2025-05-22 20:00:00",Nederland,Wind,Hour,UTC,Providing,Current,2802164,2802164,0.41876050829887,0,0
"2025-05-22 20:00:00","2025-05-22 21:00:00",Nederland,Wind,Hour,UTC,Providing,Current,1887467,1887467,0.28206449747086,0,0
"2025-05-22 21:00:00","2025-05-22 22:00:00",Nederland,Wind,Hour,UTC,Providing,Current,1677613,1677613,0.25070226192474,0,0
"2025-05-22 22:00:00","2025-05-22 23:00:00",Nederland,Wind,Hour,UTC,Providing,Current,1813412,1813412,0.27099451422691,0,0
"2025-05-22 23:00:00","2025-05-23 00:00:00",Nederland,Wind,Hour,UTC,Providing,Current,1584902,1584902,0.23684474825859,0,0
"2025-05-23 00:00:00","2025-05-23 01:00:00",Nederland,Wind,Hour,UTC,Providing,Current,1759272,1759272,0.26290050148964,0,0
"2025-05-23 01:00:00","2025-05-23 02:00:00",Nederland,Wind,Hour,UTC,Providing,Current,1871255,1871255,0.27963349223137,0,0
"2025-05-23 02:00:00","2025-05-23 03:00:00",Nederland,Wind,Hour,UTC,Providing,Current,1855143,1855143,0.27722400426865,0,0
"2025-05-23 03:00:00","2025-05-23 04:00:00",Nederland,Wind,Hour,UTC,Providing,Current,2199715,2199715,0.32871323823929,0,0
"2025-05-23 04:00:00","2025-05-23 05:00:00",Nederland,Wind,Hour,UTC,Providing,Current,2239922,2239922,0.33471950888634,0,0
"2025-05-23 05:00:00","2025-05-23 06:00:00",Nederland,Wind,Hour,UTC,Providing,Current,2499805,2499805,0.37355199456215,0,0
"2025-05-23 06:00:00","2025-05-23 07:00:00",Nederland,Wind,Hour,UTC,Providing,Current,3131349,3131349,0.46792274713516,0,0
"2025-05-23 07:00:00","2025-05-23 08:00:00",Nederland,Wind,Hour,UTC,Providing,Current,3607131,3607131,0.53901624679565,0,0
"2025-05-23 08:00:00","2025-05-23 09:00:00",Nederland,Wind,Hour,UTC,Providing,Current,4172788,4172788,0.62353926897049,0,0
"2025-05-23 09:00:00","2025-05-23 10:00:00",Nederland,Wind,Hour,UTC,Providing,Current,3882907,3882907,0.58021873235703,0,0
"2025-05-23 10:00:00","2025-05-23 11:00:00",Nederland,Wind,Hour,UTC,Providing,Current,4061891,4061891,0.60695999860764,0,0
"2025-05-23 11:00:00","2025-05-23 12:00:00",Nederland,Wind,Hour,UTC,Providing,Current,4801852,4801852,0.71752673387527,0,0
"2025-05-23 12:00:00","2025-05-23 13:00:00",Nederland,Wind,Hour,UTC,Providing,Current,4711003,4711003,0.70394724607468,0,0
"2025-05-23 13:00:00","2025-05-23 14:00:00",Nederland,Wind,Hour,UTC,Providing,Current,5464435,5464435,0.81652474403381,0,0
"2025-05-23 14:00:00","2025-05-23 15:00:00",Nederland,Wind,Hour,UTC,Providing,Current,5479151,5479151,0.81871849298477,0,0
"2025-05-23 15:00:00","2025-05-23 16:00:00",Nederland,Wind,Hour,UTC,Providing,Current,5401264,5401264,0.80707550048828,0,0
"2025-05-23 16:00:00","2025-05-23 17:00:00",Nederland,Wind,Hour,UTC,Providing,Current,4875809,4875809,0.72855573892593,0,0
"2025-05-23 17:00:00","2025-05-23 18:00:00",Nederland,Wind,Hour,UTC,Providing,Current,4257516,4257516,0.63616502285004,0,0
"2025-05-23 18:00:00","2025-05-23 19:00:00",Nederland,Wind,Hour,UTC,Providing,Current,2740008,2740008,0.40941399335861,0,0
"2025-05-23 19:00:00","2025-05-23 20:00:00",Nederland,Wind,Hour,UTC,Providing,Current,1158156,1158156,0.1730515062809,0,0
"2025-05-23 20:00:00","2025-05-23 21:00:00",Nederland,Wind,Hour,UTC,Providing,Current,426127,426127,0.063671447336674,0,0
"2025-05-23 21:00:00","2025-05-23 22:00:00",Nederland,Wind,Hour,UTC,Providing,Current,370903,370903,0.055419575423002,0,0
"2025-05-23 22:00:00","2025-05-23 23:00:00",Nederland,Wind,Hour,UTC,Providing,Current,483655,483655,0.072266273200512,0,0
"2025-05-23 23:00:00","2025-05-24 00:00:00",Nederland,Wind,Hour,UTC,Providing,Current,563540,563540,0.084201946854591,0,0
"2025-05-24 00:00:00","2025-05-24 01:00:00",Nederland,Wind,Hour,UTC,Providing,Current,620692,620692,0.092740699648857,0,0
"2025-05-24 01:00:00","2025-05-24 02:00:00",Nederland,Wind,Hour,UTC,Providing,Current,871401,871401,0.13019974529743,0,0
"2025-05-24 02:00:00","2025-05-24 03:00:00",Nederland,Wind,Hour,UTC,Providing,Current,1140263,1140263,0.17037025094032,0,0
"2025-05-24 03:00:00","2025-05-24 04:00:00",Nederland,Wind,Hour,UTC,Providing,Current,1366429,1366429,0.20416149497032,0,0
"2025-05-24 04:00:00","2025-05-24 05:00:00",Nederland,Wind,Hour,UTC,Providing,Current,1637286,1637286,0.24462924897671,0,0
"2025-05-24 05:00:00","2025-05-24 06:00:00",Nederland,Wind,Hour,UTC,Providing,Current,2368803,2368803,0.35392451286316,0,0
"2025-05-24 06:00:00","2025-05-24 07:00:00",Nederland,Wind,Hour,UTC,Providing,Current,3309902,3309902,0.49453151226044,0,0
"2025-05-24 07:00:00","2025-05-24 08:00:00",Nederland,Wind,Hour,UTC,Providing,Current,3935088,3935088,0.58793675899506,0,0
"2025-05-24 08:00:00","2025-05-24 09:00:00",Nederland,Wind,Hour,UTC,Providing,Current,4343865,4343865,0.64900773763657,0,0
"2025-05-24 09:00:00","2025-05-24 10:00:00",Nederland,Wind,Hour,UTC,Providing,Current,4498883,4498883,0.67216449975967,0,0
"2025-05-24 10:00:00","2025-05-24 11:00:00",Nederland,Wind,Hour,UTC,Providing,Current,4498750,4498750,0.67214047908783,0,0
"2025-05-24 11:00:00","2025-05-24 12:00:00",Nederland,Wind,Hour,UTC,Providing,Current,4745919,4745919,0.70906472206116,0,0
"2025-05-24 12:00:00","2025-05-24 13:00:00",Nederland,Wind,Hour,UTC,Providing,Current,4912557,4912557,0.73395675420761,0,0
"2025-05-24 13:00:00","2025-05-24 14:00:00",Nederland,Wind,Hour,UTC,Providing,Current,4939711,4939711,0.73800897598267,0,0
"2025-05-24 14:00:00","2025-05-24 15:00:00",Nederland,Wind,Hour,UTC,Providing,Current,5046858,5046858,0.75401276350021,0,0
"2025-05-24 15:00:00","2025-05-24 16:00:00",Nederland,Wind,Hour,UTC,Providing,Current,4596948,4596948,0.68679076433182,0,0
"2025-05-24 16:00:00","2025-05-24 17:00:00",Nederland,Wind,Hour,UTC,Providing,Current,3991646,3991646,0.59635400772095,0,0
"2025-05-24 17:00:00","2025-05-24 18:00:00",Nederland,Wind,Hour,UTC,Providing,Current,3141230,3141230,0.46929875016212,0,0
"2025-05-24 18:00:00","2025-05-24 19:00:00",Nederland,Wind,Hour,UTC,Providing,Current,2946244,2946244,0.44016525149345,0,0
"2025-05-24 19:00:00","2025-05-24 20:00:00",Nederland,Wind,Hour,UTC,Providing,Current,2831090,2831090,0.42295876145363,0,0
"2025-05-24 20:00:00","2025-05-24 21:00:00",Nederland,Wind,Hour,UTC,Providing,Current,2847264,2847264,0.42537224292755,0,0
"2025-05-24 21:00:00","2025-05-24 22:00:00",Nederland,Wind,Hour,UTC,Providing,Current,3083833,3083833,0.46071249246597,0,0
"2025-05-24 22:00:00","2025-05-24 23:00:00",Nederland,Wind,Hour,UTC,Providing,Current,3320783,3320783,0.49610874056816,0,0
"2025-05-24 23:00:00","2025-05-25 00:00:00",Nederland,Wind,Hour,UTC,Providing,Current,3578301,3578301,0.53457748889923,0,0
"2025-05-25 00:00:00","2025-05-25 01:00:00",Nederland,Wind,Hour,UTC,Providing,Current,3792798,3792798,0.56661850214005,0,0
"2025-05-25 01:00:00","2025-05-25 02:00:00",Nederland,Wind,Hour,UTC,Providing,Current,3935933,3935933,0.58799827098846,0,0
"2025-05-25 02:00:00","2025-05-25 03:00:00",Nederland,Wind,Hour,UTC,Providing,Current,3888023,3888023,0.58083724975586,0,0
"2025-05-25 03:00:00","2025-05-25 04:00:00",Nederland,Wind,Hour,UTC,Providing,Current,4023396,4023396,0.60105723142624,0,0
"2025-05-25 04:00:00","2025-05-25 05:00:00",Nederland,Wind,Hour,UTC,Providing,Current,4069744,4069744,0.6079775094986,0,0
"2025-05-25 05:00:00","2025-05-25 06:00:00",Nederland,Wind,Hour,UTC,Providing,Current,4649672,4649672,0.69460850954056,0,0
"2025-05-25 06:00:00","2025-05-25 07:00:00",Nederland,Wind,Hour,UTC,Providing,Current,4852665,4852665,0.72492873668671,0,0
"2025-05-25 07:00:00","2025-05-25 08:00:00",Nederland,Wind,Hour,UTC,Providing,Current,5052607,5052607,0.75479274988174,0,0
"2025-05-25 08:00:00","2025-05-25 09:00:00",Nederland,Wind,Hour,UTC,Providing,Current,5086445,5086445,0.75984352827072,0,0
"2025-05-25 09:00:00","2025-05-25 10:00:00",Nederland,Wind,Hour,UTC,Providing,Current,5397218,5397218,0.80626326799393,0,0
"2025-05-25 10:00:00","2025-05-25 11:00:00",Nederland,Wind,Hour,UTC,Providing,Current,5763021,5763021,0.8609037399292,0,0
"2025-05-25 11:00:00","2025-05-25 12:00:00",Nederland,Wind,Hour,UTC,Providing,Current,6097373,6097373,0.9108447432518,0,0
"2025-05-25 12:00:00","2025-05-25 13:00:00",Nederland,Wind,Hour,UTC,Providing,Current,6329985,6329985,0.94558751583099,0,0
"2025-05-25 13:00:00","2025-05-25 14:00:00",Nederland,Wind,Hour,UTC,Providing,Current,6130560,6130560,0.91579127311707,0,0
"2025-05-25 14:00:00","2025-05-25 15:00:00",Nederland,Wind,Hour,UTC,Providing,Current,5812990,5812990,0.86834722757339,0,0
"2025-05-25 15:00:00","2025-05-25 16:00:00",Nederland,Wind,Hour,UTC,Providing,Current,5433637,5433637,0.8116739988327,0,0
"2025-05-25 16:00:00","2025-05-25 17:00:00",Nederland,Wind,Hour,UTC,Providing,Current,3865924,3865924,0.57748651504517,0,0
"2025-05-25 17:00:00","2025-05-25 18:00:00",Nederland,Wind,Hour,UTC,Providing,Current,2090324,2090324,0.31224775314331,0,0
"2025-05-25 18:00:00","2025-05-25 19:00:00",Nederland,Wind,Hour,UTC,Providing,Current,1334276,1334276,0.19930975139141,0,0
"2025-05-25 19:00:00","2025-05-25 20:00:00",Nederland,Wind,Hour,UTC,Providing,Current,1118194,1118194,0.16703149676323,0,0
"2025-05-25 20:00:00","2025-05-25 21:00:00",Nederland,Wind,Hour,UTC,Providing,Current,997273,997273,0.14896750450134,0,0
"2025-05-25 21:00:00","2025-05-25 22:00:00",Nederland,Wind,Hour,UTC,Providing,Current,969052,969052,0.14475125074387,0,0
"2025-05-25 22:00:00","2025-05-25 23:00:00",Nederland,Wind,Hour,UTC,Providing,Current,798357,798357,0.11925300210714,0,0
"2025-05-25 23:00:00","2025-05-26 00:00:00",Nederland,Wind,Hour,UTC,Providing,Current,833081,833081,0.12443900108337,0,0
"2025-05-26 00:00:00","2025-05-26 01:00:00",Nederland,Wind,Hour,UTC,Providing,Current,866978,866978,0.12950150668621,0,0
"2025-05-26 01:00:00","2025-05-26 02:00:00",Nederland,Wind,Hour,UTC,Providing,Current,1193060,1193060,0.17820775508881,0,0
"2025-05-26 02:00:00","2025-05-26 03:00:00",Nederland,Wind,Hour,UTC,Providing,Current,1355562,1355562,0.20247949659824,0,0
"2025-05-26 03:00:00","2025-05-26 04:00:00",Nederland,Wind,Hour,UTC,Providing,Current,1331147,1331147,0.19883149862289,0,0
"2025-05-26 04:00:00","2025-05-26 05:00:00",Nederland,Wind,Hour,UTC,Providing,Current,1115039,1115039,0.16655075550079,0,0
"2025-05-26 05:00:00","2025-05-26 06:00:00",Nederland,Wind,Hour,UTC,Providing,Current,1361211,1361211,0.20331950485706,0,0
"2025-05-26 06:00:00","2025-05-26 07:00:00",Nederland,Wind,Hour,UTC,Providing,Current,2289850,2289850,0.34202501177788,0,0
"2025-05-26 07:00:00","2025-05-26 08:00:00",Nederland,Wind,Hour,UTC,Providing,Current,3493977,3493977,0.52187752723694,0,0
"2025-05-26 08:00:00","2025-05-26 09:00:00",Nederland,Wind,Hour,UTC,Providing,Current,3914833,3914833,0.58473497629166,0,0
"2025-05-26 09:00:00","2025-05-26 10:00:00",Nederland,Wind,Hour,UTC,Providing,Current,4241532,4241532,0.63352799415588,0,0
"2025-05-26 10:00:00","2025-05-26 11:00:00",Nederland,Wind,Hour,UTC,Providing,Current,4818882,4818882,0.71975827217102,0,0
"2025-05-26 11:00:00","2025-05-26 12:00:00",Nederland,Wind,Hour,UTC,Providing,Current,5499907,5499907,0.8214727640152,0,0
"2025-05-26 12:00:00","2025-05-26 13:00:00",Nederland,Wind,Hour,UTC,Providing,Current,5773689,5773689,0.86236000061035,0,0
"2025-05-26 13:00:00","2025-05-26 14:00:00",Nederland,Wind,Hour,UTC,Providing,Current,5903898,5903898,0.88180249929428,0,0
"2025-05-26 14:00:00","2025-05-26 15:00:00",Nederland,Wind,Hour,UTC,Providing,Current,5855523,5855523,0.87457197904587,0,0
"2025-05-26 15:00:00","2025-05-26 16:00:00",Nederland,Wind,Hour,UTC,Providing,Current,5930242,5930242,0.885726749897,0,0
"2025-05-26 16:00:00","2025-05-26 17:00:00",Nederland,Wind,Hour,UTC,Providing,Current,5759416,5759416,0.860207259655,0,0
"2025-05-26 17:00:00","2025-05-26 18:00:00",Nederland,Wind,Hour,UTC,Providing,Current,5268214,5268214,0.78683799505234,0,0
"2025-05-26 18:00:00","2025-05-26 19:00:00",Nederland,Wind,Hour,UTC,Providing,Current,4569369,4569369,0.68245726823807,0,0
"2025-05-26 19:00:00","2025-05-26 20:00:00",Nederland,Wind,Hour,UTC,Providing,Current,3794282,3794282,0.56669098138809,0,0
"2025-05-26 20:00:00","2025-05-26 21:00:00",Nederland,Wind,Hour,UTC,Providing,Current,3691679,3691679,0.55136322975159,0,0
"2025-05-26 21:00:00","2025-05-26 22:00:00",Nederland,Wind,Hour,UTC,Providing,Current,3802941,3802941,0.56797701120377,0,0
"2025-05-26 22:00:00","2025-05-26 23:00:00",Nederland,Wind,Hour,UTC,Providing,Current,3849472,3849472,0.57492327690125,0,0
"2025-05-26 23:00:00","2025-05-27 00:00:00",Nederland,Wind,Hour,UTC,Providing,Current,4038334,4038334,0.60312622785568,0,0
"2025-05-27 00:00:00","2025-05-27 01:00:00",Nederland,Wind,Hour,UTC,Providing,Current,4577852,4577852,0.68369901180267,0,0
"2025-05-27 01:00:00","2025-05-27 02:00:00",Nederland,Wind,Hour,UTC,Providing,Current,4977707,4977707,0.74341249465942,0,0
"2025-05-27 02:00:00","2025-05-27 03:00:00",Nederland,Wind,Hour,UTC,Providing,Current,5402867,5402867,0.806904733181,0,0
"2025-05-27 03:00:00","2025-05-27 04:00:00",Nederland,Wind,Hour,UTC,Providing,Current,5726223,5726223,0.85519200563431,0,0
"2025-05-27 04:00:00","2025-05-27 05:00:00",Nederland,Wind,Hour,UTC,Providing,Current,5842942,5842942,0.87261801958084,0,0
"2025-05-27 05:00:00","2025-05-27 06:00:00",Nederland,Wind,Hour,UTC,Providing,Current,5979904,5979904,0.89306724071503,0,0
"2025-05-27 06:00:00","2025-05-27 07:00:00",Nederland,Wind,Hour,UTC,Providing,Current,6098550,6098550,0.91078102588654,0,0
"2025-05-27 07:00:00","2025-05-27 08:00:00",Nederland,Wind,Hour,UTC,Providing,Current,6082611,6082611,0.90839499235153,0,0
"2025-05-27 08:00:00","2025-05-27 09:00:00",Nederland,Wind,Hour,UTC,Providing,Current,5989716,5989716,0.89451652765274,0,0
"2025-05-27 09:00:00","2025-05-27 10:00:00",Nederland,Wind,Hour,UTC,Providing,Current,5713591,5713591,0.85327422618866,0,0
"2025-05-27 10:00:00","2025-05-27 11:00:00",Nederland,Wind,Hour,UTC,Providing,Current,5575313,5575313,0.83261847496033,0,0
"2025-05-27 11:00:00","2025-05-27 12:00:00",Nederland,Wind,Hour,UTC,Providing,Current,5606266,5606266,0.83723598718643,0,0
"2025-05-27 12:00:00","2025-05-27 13:00:00",Nederland,Wind,Hour,UTC,Providing,Current,5544072,5544072,0.82794272899628,0,0
"2025-05-27 13:00:00","2025-05-27 14:00:00",Nederland,Wind,Hour,UTC,Providing,Current,5997508,5997508,0.89565247297287,0,0
"2025-05-27 14:00:00","2025-05-27 15:00:00",Nederland,Wind,Hour,UTC,Providing,Current,5555545,5555545,0.82964599132538,0,0
"2025-05-27 15:00:00","2025-05-27 16:00:00",Nederland,Wind,Hour,UTC,Providing,Current,4845393,4845393,0.72358977794647,0,0
"2025-05-27 16:00:00","2025-05-27 17:00:00",Nederland,Wind,Hour,UTC,Providing,Current,3963552,3963552,0.59189575910568,0,0
"2025-05-27 17:00:00","2025-05-27 18:00:00",Nederland,Wind,Hour,UTC,Providing,Current,3625233,3625233,0.54136973619461,0,0
"2025-05-27 18:00:00","2025-05-27 19:00:00",Nederland,Wind,Hour,UTC,Providing,Current,4090655,4090655,0.6108689904213,0,0
"2025-05-27 19:00:00","2025-05-27 20:00:00",Nederland,Wind,Hour,UTC,Providing,Current,4338363,4338363,0.64785647392273,0,0
"2025-05-27 20:00:00","2025-05-27 21:00:00",Nederland,Wind,Hour,UTC,Providing,Current,4494091,4494091,0.67110723257065,0,0
"2025-05-27 21:00:00","2025-05-27 22:00:00",Nederland,Wind,Hour,UTC,Providing,Current,4853026,4853026,0.72470301389694,0,0
"2025-05-27 22:00:00","2025-05-27 23:00:00",Nederland,Wind,Hour,UTC,Providing,Current,5375882,5375882,0.80277651548386,0,0
"2025-05-27 23:00:00","2025-05-28 00:00:00",Nederland,Wind,Hour,UTC,Providing,Current,5746156,5746156,0.85806375741959,0,0
"2025-05-28 00:00:00","2025-05-28 01:00:00",Nederland,Wind,Hour,UTC,Providing,Current,5764004,5764004,0.86072373390198,0,0
"2025-05-28 01:00:00","2025-05-28 02:00:00",Nederland,Wind,Hour,UTC,Providing,Current,5734242,5734242,0.85627424716949,0,0
"2025-05-28 02:00:00","2025-05-28 03:00:00",Nederland,Wind,Hour,UTC,Providing,Current,5463545,5463545,0.81584697961807,0,0
"2025-05-28 03:00:00","2025-05-28 04:00:00",Nederland,Wind,Hour,UTC,Providing,Current,5283584,5283584,0.78896951675415,0,0
"2025-05-28 04:00:00","2025-05-28 05:00:00",Nederland,Wind,Hour,UTC,Providing,Current,5107994,5107994,0.76274472475052,0,0
"2025-05-28 05:00:00","2025-05-28 06:00:00",Nederland,Wind,Hour,UTC,Providing,Current,4524899,4524899,0.67567074298859,0,0
"2025-05-28 06:00:00","2025-05-28 07:00:00",Nederland,Wind,Hour,UTC,Providing,Current,4304223,4304223,0.6427149772644,0,0
"2025-05-28 07:00:00","2025-05-28 08:00:00",Nederland,Wind,Hour,UTC,Providing,Current,3885597,3885597,0.58020126819611,0,0
"2025-05-28 08:00:00","2025-05-28 09:00:00",Nederland,Wind,Hour,UTC,Providing,Current,3546203,3546203,0.52951973676682,0,0
"2025-05-28 09:00:00","2025-05-28 10:00:00",Nederland,Wind,Hour,UTC,Providing,Current,3302452,3302452,0.49311923980713,0,0
"2025-05-28 10:00:00","2025-05-28 11:00:00",Nederland,Wind,Hour,UTC,Providing,Current,3203011,3203011,0.47826823592186,0,0
"2025-05-28 11:00:00","2025-05-28 12:00:00",Nederland,Wind,Hour,UTC,Providing,Current,3402070,3402070,0.50798797607422,0,0
"2025-05-28 12:00:00","2025-05-28 13:00:00",Nederland,Wind,Hour,UTC,Providing,Current,3538774,3538774,0.52839702367783,0,0
"2025-05-28 13:00:00","2025-05-28 14:00:00",Nederland,Wind,Hour,UTC,Providing,Current,3889526,3889526,0.58076673746109,0,0
"2025-05-28 14:00:00","2025-05-28 15:00:00",Nederland,Wind,Hour,UTC,Providing,Current,4008331,4008331,0.59850251674652,0,0
"2025-05-28 15:00:00","2025-05-28 16:00:00",Nederland,Wind,Hour,UTC,Providing,Current,3898278,3898278,0.58206647634506,0,0
"2025-05-28 16:00:00","2025-05-28 17:00:00",Nederland,Wind,Hour,UTC,Providing,Current,3495808,3495808,0.52196902036667,0,0
"2025-05-28 17:00:00","2025-05-28 18:00:00",Nederland,Wind,Hour,UTC,Providing,Current,2525716,2525716,0.37711951136589,0,0
"2025-05-28 18:00:00","2025-05-28 19:00:00",Nederland,Wind,Hour,UTC,Providing,Current,1515085,1515085,0.22621874511242,0,0
"2025-05-28 19:00:00","2025-05-28 20:00:00",Nederland,Wind,Hour,UTC,Providing,Current,514824,514824,0.076868548989296,0,0
"2025-05-28 20:00:00","2025-05-28 21:00:00",Nederland,Wind,Hour,UTC,Providing,Current,172953,172953,0.025823475793004,0,0
"2025-05-28 21:00:00","2025-05-28 22:00:00",Nederland,Wind,Hour,UTC,Providing,Current,132830,132830,0.0198326241225,0,0
"2025-05-28 22:00:00","2025-05-28 23:00:00",Nederland,Wind,Hour,UTC,Providing,Current,123802,123802,0.018484549596906,0,0
"2025-05-28 23:00:00","2025-05-29 00:00:00",Nederland,Wind,Hour,UTC,Providing,Current,75097,75097,0.011212462559342,0,0
"2025-05-29 00:00:00","2025-05-29 01:00:00",Nederland,Wind,Hour,UTC,Providing,Current,65099,65099,0.0097196400165558,0,0
"2025-05-29 01:00:00","2025-05-29 02:00:00",Nederland,Wind,Hour,UTC,Providing,Current,37994,37994,0.0056726825423539,0,0
"2025-05-29 02:00:00","2025-05-29 03:00:00",Nederland,Wind,Hour,UTC,Providing,Current,15563,15563,0.0023236100096256,0,0
"2025-05-29 03:00:00","2025-05-29 04:00:00",Nederland,Wind,Hour,UTC,Providing,Current,21729,21729,0.0032441974617541,0,0
"2025-05-29 04:00:00","2025-05-29 05:00:00",Nederland,Wind,Hour,UTC,Providing,Current,63361,63361,0.0094598820433021,0,0
"2025-05-29 05:00:00","2025-05-29 06:00:00",Nederland,Wind,Hour,UTC,Providing,Current,182337,182337,0.02722305059433,0,0
"2025-05-29 06:00:00","2025-05-29 07:00:00",Nederland,Wind,Hour,UTC,Providing,Current,386066,386066,0.0576396510005,0,0
"2025-05-29 07:00:00","2025-05-29 08:00:00",Nederland,Wind,Hour,UTC,Providing,Current,663622,663622,0.099078148603439,0,0
"2025-05-29 08:00:00","2025-05-29 09:00:00",Nederland,Wind,Hour,UTC,Providing,Current,1344771,1344771,0.20077200233936,0,0
"2025-05-29 09:00:00","2025-05-29 10:00:00",Nederland,Wind,Hour,UTC,Providing,Current,2381978,2381978,0.35562273859978,0,0
"2025-05-29 10:00:00","2025-05-29 11:00:00",Nederland,Wind,Hour,UTC,Providing,Current,3543727,3543727,0.52906548976898,0,0
"2025-05-29 11:00:00","2025-05-29 12:00:00",Nederland,Wind,Hour,UTC,Providing,Current,4228572,4228572,0.63130623102188,0,0
"2025-05-29 12:00:00","2025-05-29 13:00:00",Nederland,Wind,Hour,UTC,Providing,Current,4754040,4754040,0.70975226163864,0,0
"2025-05-29 13:00:00","2025-05-29 14:00:00",Nederland,Wind,Hour,UTC,Providing,Current,4884044,4884044,0.72915649414062,0,0
"2025-05-29 14:00:00","2025-05-29 15:00:00",Nederland,Wind,Hour,UTC,Providing,Current,4806123,4806123,0.71751922369003,0,0
"2025-05-29 15:00:00","2025-05-29 16:00:00",Nederland,Wind,Hour,UTC,Providing,Current,4874060,4874060,0.72765702009201,0,0
"2025-05-29 16:00:00","2025-05-29 17:00:00",Nederland,Wind,Hour,UTC,Providing,Current,4822996,4822996,0.72002923488617,0,0
"2025-05-29 17:00:00","2025-05-29 18:00:00",Nederland,Wind,Hour,UTC,Providing,Current,4561071,4561071,0.68092226982117,0,0
"2025-05-29 18:00:00","2025-05-29 19:00:00",Nederland,Wind,Hour,UTC,Providing,Current,4526434,4526434,0.67574697732925,0,0
"2025-05-29 19:00:00","2025-05-29 20:00:00",Nederland,Wind,Hour,UTC,Providing,Current,4283279,4283279,0.63944298028946,0,0
"2025-05-29 20:00:00","2025-05-29 21:00:00",Nederland,Wind,Hour,UTC,Providing,Current,4304044,4304044,0.6425387263298,0,0
"2025-05-29 21:00:00","2025-05-29 22:00:00",Nederland,Wind,Hour,UTC,Providing,Current,4325102,4325102,0.64567822217941,0,0
"2025-05-29 22:00:00","2025-05-29 23:00:00",Nederland,Wind,Hour,UTC,Providing,Current,4386804,4386804,0.65488600730896,0,0
"2025-05-29 23:00:00","2025-05-30 00:00:00",Nederland,Wind,Hour,UTC,Providing,Current,4258376,4258376,0.63570922613144,0,0
"2025-05-30 00:00:00","2025-05-30 01:00:00",Nederland,Wind,Hour,UTC,Providing,Current,3728258,3728258,0.55656749010086,0,0
"2025-05-30 01:00:00","2025-05-30 02:00:00",Nederland,Wind,Hour,UTC,Providing,Current,3106712,3106712,0.46377798914909,0,0
"2025-05-30 02:00:00","2025-05-30 03:00:00",Nederland,Wind,Hour,UTC,Providing,Current,2456679,2456679,0.36673724651337,0,0
"2025-05-30 03:00:00","2025-05-30 04:00:00",Nederland,Wind,Hour,UTC,Providing,Current,2175949,2175949,0.32482776045799,0,0
"2025-05-30 04:00:00","2025-05-30 05:00:00",Nederland,Wind,Hour,UTC,Providing,Current,2265128,2265128,0.33813801407814,0,0
"2025-05-30 05:00:00","2025-05-30 06:00:00",Nederland,Wind,Hour,UTC,Providing,Current,2552132,2552132,0.38097950816154,0,0
"2025-05-30 06:00:00","2025-05-30 07:00:00",Nederland,Wind,Hour,UTC,Providing,Current,3208194,3208194,0.47891300916672,0,0
"2025-05-30 07:00:00","2025-05-30 08:00:00",Nederland,Wind,Hour,UTC,Providing,Current,3653694,3653694,0.54541301727295,0,0
"2025-05-30 08:00:00","2025-05-30 09:00:00",Nederland,Wind,Hour,UTC,Providing,Current,3851813,3851813,0.57498425245285,0,0
"2025-05-30 09:00:00","2025-05-30 10:00:00",Nederland,Wind,Hour,UTC,Providing,Current,4209104,4209104,0.62831526994705,0,0
"2025-05-30 10:00:00","2025-05-30 11:00:00",Nederland,Wind,Hour,UTC,Providing,Current,4603476,4603476,0.68718123435974,0,0
"2025-05-30 11:00:00","2025-05-30 12:00:00",Nederland,Wind,Hour,UTC,Providing,Current,4567680,4567680,0.68183350563049,0,0
"2025-05-30 12:00:00","2025-05-30 13:00:00",Nederland,Wind,Hour,UTC,Providing,Current,4674177,4674177,0.6977264881134,0,0
"2025-05-30 13:00:00","2025-05-30 14:00:00",Nederland,Wind,Hour,UTC,Providing,Current,4969208,4969208,0.74176222085953,0,0
"2025-05-30 14:00:00","2025-05-30 15:00:00",Nederland,Wind,Hour,UTC,Providing,Current,4577800,4577800,0.68333172798157,0,0
"2025-05-30 15:00:00","2025-05-30 16:00:00",Nederland,Wind,Hour,UTC,Providing,Current,3854271,3854271,0.57532650232315,0,0
"2025-05-30 16:00:00","2025-05-30 17:00:00",Nederland,Wind,Hour,UTC,Providing,Current,3457996,3457996,0.51617151498795,0,0
"2025-05-30 17:00:00","2025-05-30 18:00:00",Nederland,Wind,Hour,UTC,Providing,Current,2376309,2376309,0.35470700263977,0,0
"2025-05-30 18:00:00","2025-05-30 19:00:00",Nederland,Wind,Hour,UTC,Providing,Current,1123652,1123652,0.16772450506687,0,0
"2025-05-30 19:00:00","2025-05-30 20:00:00",Nederland,Wind,Hour,UTC,Providing,Current,376234,376234,0.056159049272537,0,0
"2025-05-30 20:00:00","2025-05-30 21:00:00",Nederland,Wind,Hour,UTC,Providing,Current,80008,80008,0.011942427605391,0,0
"2025-05-30 21:00:00","2025-05-30 22:00:00",Nederland,Wind,Hour,UTC,Providing,Current,41225,41225,0.0061534252017736,0,0
"2025-05-30 22:00:00","2025-05-30 23:00:00",Nederland,Wind,Hour,UTC,Providing,Current,33704,33704,0.0050307773053646,0,0
"2025-05-30 23:00:00","2025-05-31 00:00:00",Nederland,Wind,Hour,UTC,Providing,Current,25277,25277,0.0037729099858552,0,0
"2025-05-31 00:00:00","2025-05-31 01:00:00",Nederland,Wind,Hour,UTC,Providing,Current,41262,41262,0.0061588301323354,0,0
"2025-05-31 01:00:00","2025-05-31 02:00:00",Nederland,Wind,Hour,UTC,Providing,Current,62827,62827,0.0093776052817702,0,0
"2025-05-31 02:00:00","2025-05-31 03:00:00",Nederland,Wind,Hour,UTC,Providing,Current,87573,87573,0.013071137480438,0,0
"2025-05-31 03:00:00","2025-05-31 04:00:00",Nederland,Wind,Hour,UTC,Providing,Current,96944,96944,0.014469750225544,0,0
"2025-05-31 04:00:00","2025-05-31 05:00:00",Nederland,Wind,Hour,UTC,Providing,Current,73018,73018,0.01089852489531,0,0
"2025-05-31 05:00:00","2025-05-31 06:00:00",Nederland,Wind,Hour,UTC,Providing,Current,95099,95099,0.014194174669683,0,0
"2025-05-31 06:00:00","2025-05-31 07:00:00",Nederland,Wind,Hour,UTC,Providing,Current,162894,162894,0.024312924593687,0,0
"2025-05-31 07:00:00","2025-05-31 08:00:00",Nederland,Wind,Hour,UTC,Providing,Current,207908,207908,0.031031375750899,0,0
"2025-05-31 08:00:00","2025-05-31 09:00:00",Nederland,Wind,Hour,UTC,Providing,Current,251870,251870,0.037592675536871,0,0
"2025-05-31 09:00:00","2025-05-31 10:00:00",Nederland,Wind,Hour,UTC,Providing,Current,253360,253360,0.037814851850271,0,0
"2025-05-31 10:00:00","2025-05-31 11:00:00",Nederland,Wind,Hour,UTC,Providing,Current,255869,255869,0.038189075887203,0,0
"2025-05-31 11:00:00","2025-05-31 12:00:00",Nederland,Wind,Hour,UTC,Providing,Current,236164,236164,0.035247851163149,0,0
"2025-05-31 12:00:00","2025-05-31 13:00:00",Nederland,Wind,Hour,UTC,Providing,Current,286891,286891,0.042818676680326,0,0
"2025-05-31 13:00:00","2025-05-31 14:00:00",Nederland,Wind,Hour,UTC,Providing,Current,318013,318013,0.047463349997997,0,0
"2025-05-31 14:00:00","2025-05-31 15:00:00",Nederland,Wind,Hour,UTC,Providing,Current,277678,277678,0.041443098336458,0,0
"2025-05-31 15:00:00","2025-05-31 16:00:00",Nederland,Wind,Hour,UTC,Providing,Current,191105,191105,0.028522050008178,0,0
"2025-05-31 16:00:00","2025-05-31 17:00:00",Nederland,Wind,Hour,UTC,Providing,Current,131193,131193,0.01958017423749,0,0
"2025-05-31 17:00:00","2025-05-31 18:00:00",Nederland,Wind,Hour,UTC,Providing,Current,111068,111068,0.016576500609517,0,0
"2025-05-31 18:00:00","2025-05-31 19:00:00",Nederland,Wind,Hour,UTC,Providing,Current,76000,76000,0.011342637240887,0,0
"2025-05-31 19:00:00","2025-05-31 20:00:00",Nederland,Wind,Hour,UTC,Providing,Current,60693,60693,0.009058085270226,0,0
"2025-05-31 20:00:00","2025-05-31 21:00:00",Nederland,Wind,Hour,UTC,Providing,Current,62506,62506,0.00932861212641,0,0
"2025-05-31 21:00:00","2025-05-31 22:00:00",Nederland,Wind,Hour,UTC,Providing,Current,108559,108559,0.016201596707106,0,0
"2025-05-31 22:00:00","2025-05-31 23:00:00",Nederland,Wind,Hour,UTC,Providing,Current,157396,157396,0.023490024730563,0,0
"2025-05-31 23:00:00","2025-06-01 00:00:00",Nederland,Wind,Hour,UTC,Providing,Current,291195,291195,0.043458126485348,0,0
"2025-06-01 00:00:00","2025-06-01 01:00:00",Nederland,Wind,Hour,UTC,Providing,Current,762386,762386,0.11377837508917,0,0
"2025-06-01 01:00:00","2025-06-01 02:00:00",Nederland,Wind,Hour,UTC,Providing,Current,1045929,1045929,0.1560932546854,0,0
"2025-06-01 02:00:00","2025-06-01 03:00:00",Nederland,Wind,Hour,UTC,Providing,Current,1133084,1133084,0.16909900307655,0,0
"2025-06-01 03:00:00","2025-06-01 04:00:00",Nederland,Wind,Hour,UTC,Providing,Current,1230544,1230544,0.18364274501801,0,0
"2025-06-01 04:00:00","2025-06-01 05:00:00",Nederland,Wind,Hour,UTC,Providing,Current,1601253,1601253,0.2389647513628,0,0
"2025-06-01 05:00:00","2025-06-01 06:00:00",Nederland,Wind,Hour,UTC,Providing,Current,1776629,1776629,0.2651352584362,0,0
"2025-06-01 06:00:00","2025-06-01 07:00:00",Nederland,Wind,Hour,UTC,Providing,Current,2213565,2213565,0.33033975958824,0,0
"2025-06-01 07:00:00","2025-06-01 08:00:00",Nederland,Wind,Hour,UTC,Providing,Current,2461338,2461338,0.36731401085854,0,0
"2025-06-01 08:00:00","2025-06-01 09:00:00",Nederland,Wind,Hour,UTC,Providing,Current,2956952,2956952,0.4412730038166,0,0
"2025-06-01 09:00:00","2025-06-01 10:00:00",Nederland,Wind,Hour,UTC,Providing,Current,3477925,3477925,0.51901602745056,0,0
"2025-06-01 10:00:00","2025-06-01 11:00:00",Nederland,Wind,Hour,UTC,Providing,Current,3817325,3817325,0.56966173648834,0,0
"2025-06-01 11:00:00","2025-06-01 12:00:00",Nederland,Wind,Hour,UTC,Providing,Current,3765103,3765103,0.56186497211456,0,0
"2025-06-01 12:00:00","2025-06-01 13:00:00",Nederland,Wind,Hour,UTC,Providing,Current,3878754,3878754,0.57882177829742,0,0
"2025-06-01 13:00:00","2025-06-01 14:00:00",Nederland,Wind,Hour,UTC,Providing,Current,4583194,4583194,0.6839399933815,0,0
"2025-06-01 14:00:00","2025-06-01 15:00:00",Nederland,Wind,Hour,UTC,Providing,Current,5037169,5037169,0.75168150663376,0,0
"2025-06-01 15:00:00","2025-06-01 16:00:00",Nederland,Wind,Hour,UTC,Providing,Current,5347398,5347398,0.79797101020813,0,0
"2025-06-01 16:00:00","2025-06-01 17:00:00",Nederland,Wind,Hour,UTC,Providing,Current,5352744,5352744,0.79876399040222,0,0
"2025-06-01 17:00:00","2025-06-01 18:00:00",Nederland,Wind,Hour,UTC,Providing,Current,4894986,4894986,0.73045027256012,0,0
"2025-06-01 18:00:00","2025-06-01 19:00:00",Nederland,Wind,Hour,UTC,Providing,Current,3633128,3633128,0.54214751720428,0,0
"2025-06-01 19:00:00","2025-06-01 20:00:00",Nederland,Wind,Hour,UTC,Providing,Current,2140247,2140247,0.31937301158905,0,0
"2025-06-01 20:00:00","2025-06-01 21:00:00",Nederland,Wind,Hour,UTC,Providing,Current,1384933,1384933,0.20666199922562,0,0
"2025-06-01 21:00:00","2025-06-01 22:00:00",Nederland,Wind,Hour,UTC,Providing,Current,1361391,1361391,0.2031475007534,0,0
"2025-06-01 22:00:00","2025-06-01 23:00:00",Nederland,Wind,Hour,UTC,Providing,Current,1422226,1422226,0.21222424507141,0,0
"2025-06-01 23:00:00","2025-06-02 00:00:00",Nederland,Wind,Hour,UTC,Providing,Current,1329975,1329975,0.19845725595951,0,0
"2025-06-02 00:00:00","2025-06-02 01:00:00",Nederland,Wind,Hour,UTC,Providing,Current,1295068,1295068,0.19324724376202,0,0
"2025-06-02 01:00:00","2025-06-02 02:00:00",Nederland,Wind,Hour,UTC,Providing,Current,1201803,1201803,0.17932924628258,0,0
"2025-06-02 02:00:00","2025-06-02 03:00:00",Nederland,Wind,Hour,UTC,Providing,Current,1103786,1103786,0.16470250487328,0,0
"2025-06-02 03:00:00","2025-06-02 04:00:00",Nederland,Wind,Hour,UTC,Providing,Current,901960,901960,0.13458624482155,0,0
"2025-06-02 04:00:00","2025-06-02 05:00:00",Nederland,Wind,Hour,UTC,Providing,Current,769060,769060,0.11475449800491,0,0
"2025-06-02 05:00:00","2025-06-02 06:00:00",Nederland,Wind,Hour,UTC,Providing,Current,990664,990664,0.14782024919987,0,0
"2025-06-02 06:00:00","2025-06-02 07:00:00",Nederland,Wind,Hour,UTC,Providing,Current,1315275,1315275,0.19625525176525,0,0
"2025-06-02 07:00:00","2025-06-02 08:00:00",Nederland,Wind,Hour,UTC,Providing,Current,1624866,1624866,0.24244874715805,0,0
"2025-06-02 08:00:00","2025-06-02 09:00:00",Nederland,Wind,Hour,UTC,Providing,Current,1854289,1854289,0.2766794860363,0,0
"2025-06-02 09:00:00","2025-06-02 10:00:00",Nederland,Wind,Hour,UTC,Providing,Current,2101421,2101421,0.31355199217796,0,0
"2025-06-02 10:00:00","2025-06-02 11:00:00",Nederland,Wind,Hour,UTC,Providing,Current,2780310,2780310,0.41484624147415,0,0
"2025-06-02 11:00:00","2025-06-02 12:00:00",Nederland,Wind,Hour,UTC,Providing,Current,3484433,3484433,0.51990449428558,0,0
"2025-06-02 12:00:00","2025-06-02 13:00:00",Nederland,Wind,Hour,UTC,Providing,Current,3718092,3718092,0.55476474761963,0,0
"2025-06-02 13:00:00","2025-06-02 14:00:00",Nederland,Wind,Hour,UTC,Providing,Current,3886797,3886797,0.57993298768997,0,0
"2025-06-02 14:00:00","2025-06-02 15:00:00",Nederland,Wind,Hour,UTC,Providing,Current,3735307,3735307,0.55732673406601,0,0
"2025-06-02 15:00:00","2025-06-02 16:00:00",Nederland,Wind,Hour,UTC,Providing,Current,3091110,3091110,0.46120625734329,0,0
"2025-06-02 16:00:00","2025-06-02 17:00:00",Nederland,Wind,Hour,UTC,Providing,Current,2405402,2405402,0.35889375209808,0,0
"2025-06-02 17:00:00","2025-06-02 18:00:00",Nederland,Wind,Hour,UTC,Providing,Current,1428940,1428940,0.21320125460625,0,0
"2025-06-02 18:00:00","2025-06-02 19:00:00",Nederland,Wind,Hour,UTC,Providing,Current,603749,603749,0.09008027613163,0,0
"2025-06-02 19:00:00","2025-06-02 20:00:00",Nederland,Wind,Hour,UTC,Providing,Current,122857,122857,0.018330350518227,0,0
"2025-06-02 20:00:00","2025-06-02 21:00:00",Nederland,Wind,Hour,UTC,Providing,Current,0,0,0,0,0
"2025-06-02 21:00:00","2025-06-02 22:00:00",Nederland,Wind,Hour,UTC,Providing,Current,0,0,0,0,0
"2025-06-02 22:00:00","2025-06-02 23:00:00",Nederland,Wind,Hour,UTC,Providing,Current,45614,45614,0.0068054925650358,0,0
"2025-06-02 23:00:00","2025-06-03 00:00:00",Nederland,Wind,Hour,UTC,Providing,Current,159655,159655,0.02381999976933,0,0
"2025-06-03 00:00:00","2025-06-03 01:00:00",Nederland,Wind,Hour,UTC,Providing,Current,285121,285121,0.042538899928331,0,0
"2025-06-03 01:00:00","2025-06-03 02:00:00",Nederland,Wind,Hour,UTC,Providing,Current,475018,475018,0.07087030261755,0,0
"2025-06-03 02:00:00","2025-06-03 03:00:00",Nederland,Wind,Hour,UTC,Providing,Current,782940,782940,0.11680989712477,0,0
"2025-06-03 03:00:00","2025-06-03 04:00:00",Nederland,Wind,Hour,UTC,Providing,Current,1128146,1128146,0.16831174492836,0,0
"2025-06-03 04:00:00","2025-06-03 05:00:00",Nederland,Wind,Hour,UTC,Providing,Current,1416943,1416943,0.21139675378799,0,0
"2025-06-03 05:00:00","2025-06-03 06:00:00",Nederland,Wind,Hour,UTC,Providing,Current,1719068,1719068,0.2564702630043,0,0
"2025-06-03 06:00:00","2025-06-03 07:00:00",Nederland,Wind,Hour,UTC,Providing,Current,1857746,1857746,0.27715775370598,0,0
"2025-06-03 07:00:00","2025-06-03 08:00:00",Nederland,Wind,Hour,UTC,Providing,Current,2748215,2748215,0.4100047647953,0,0
"2025-06-03 08:00:00","2025-06-03 09:00:00",Nederland,Wind,Hour,UTC,Providing,Current,4167872,4167872,0.62179899215698,0,0
"2025-06-03 09:00:00","2025-06-03 10:00:00",Nederland,Wind,Hour,UTC,Providing,Current,5358388,5358388,0.79940551519394,0,0
"2025-06-03 10:00:00","2025-06-03 11:00:00",Nederland,Wind,Hour,UTC,Providing,Current,6094194,6094194,0.90917348861694,0,0
"2025-06-03 11:00:00","2025-06-03 12:00:00",Nederland,Wind,Hour,UTC,Providing,Current,6362244,6362244,0.94915699958801,0,0
"2025-06-03 12:00:00","2025-06-03 13:00:00",Nederland,Wind,Hour,UTC,Providing,Current,6321039,6321039,0.94300401210785,0,0
"2025-06-03 13:00:00","2025-06-03 14:00:00",Nederland,Wind,Hour,UTC,Providing,Current,6275690,6275690,0.93623298406601,0,0
"2025-06-03 14:00:00","2025-06-03 15:00:00",Nederland,Wind,Hour,UTC,Providing,Current,6096626,6096626,0.90951400995255,0,0
"2025-06-03 15:00:00","2025-06-03 16:00:00",Nederland,Wind,Hour,UTC,Providing,Current,5753369,5753369,0.85830026865005,0,0
"2025-06-03 16:00:00","2025-06-03 17:00:00",Nederland,Wind,Hour,UTC,Providing,Current,4547759,4547759,0.67844074964523,0,0
"2025-06-03 17:00:00","2025-06-03 18:00:00",Nederland,Wind,Hour,UTC,Providing,Current,3972865,3972865,0.59267377853394,0,0
"2025-06-03 18:00:00","2025-06-03 19:00:00",Nederland,Wind,Hour,UTC,Providing,Current,3515355,3515355,0.52441900968552,0,0
"2025-06-03 19:00:00","2025-06-03 20:00:00",Nederland,Wind,Hour,UTC,Providing,Current,3347773,3347773,0.49941599369049,0,0
"2025-06-03 20:00:00","2025-06-03 21:00:00",Nederland,Wind,Hour,UTC,Providing,Current,2979560,2979560,0.44448399543762,0,0
"2025-06-03 21:00:00","2025-06-03 22:00:00",Nederland,Wind,Hour,UTC,Providing,Current,2659197,2659197,0.39669024944305,0,0
"2025-06-03 22:00:00","2025-06-03 23:00:00",Nederland,Wind,Hour,UTC,Providing,Current,2430349,2430349,0.36254951357841,0,0
"2025-06-03 23:00:00","2025-06-04 00:00:00",Nederland,Wind,Hour,UTC,Providing,Current,2239634,2239634,0.33409723639488,0,0
"2025-06-04 00:00:00","2025-06-04 01:00:00",Nederland,Wind,Hour,UTC,Providing,Current,2140259,2140259,0.31927099823952,0,0
"2025-06-04 01:00:00","2025-06-04 02:00:00",Nederland,Wind,Hour,UTC,Providing,Current,2099824,2099824,0.31323724985123,0,0
"2025-06-04 02:00:00","2025-06-04 03:00:00",Nederland,Wind,Hour,UTC,Providing,Current,1909639,1909639,0.28486499190331,0,0
"2025-06-04 03:00:00","2025-06-04 04:00:00",Nederland,Wind,Hour,UTC,Providing,Current,1995334,1995334,0.29764676094055,0,0
"2025-06-04 04:00:00","2025-06-04 05:00:00",Nederland,Wind,Hour,UTC,Providing,Current,1868634,1868634,0.27874499559402,0,0
"2025-06-04 05:00:00","2025-06-04 06:00:00",Nederland,Wind,Hour,UTC,Providing,Current,1709856,1709856,0.25505849719048,0,0
"2025-06-04 06:00:00","2025-06-04 07:00:00",Nederland,Wind,Hour,UTC,Providing,Current,2079000,2079000,0.31012150645256,0,0
"2025-06-04 07:00:00","2025-06-04 08:00:00",Nederland,Wind,Hour,UTC,Providing,Current,2466395,2466395,0.36790624260902,0,0
"2025-06-04 08:00:00","2025-06-04 09:00:00",Nederland,Wind,Hour,UTC,Providing,Current,3034483,3034483,0.45264375209808,0,0
"2025-06-04 09:00:00","2025-06-04 10:00:00",Nederland,Wind,Hour,UTC,Providing,Current,3581446,3581446,0.53422927856445,0,0
"2025-06-04 10:00:00","2025-06-04 11:00:00",Nederland,Wind,Hour,UTC,Providing,Current,3915516,3915516,0.58405774831772,0,0
"2025-06-04 11:00:00","2025-06-04 12:00:00",Nederland,Wind,Hour,UTC,Providing,Current,3907649,3907649,0.58288025856018,0,0
"2025-06-04 12:00:00","2025-06-04 13:00:00",Nederland,Wind,Hour,UTC,Providing,Current,3964771,3964771,0.59139752388,0,0
"2025-06-04 13:00:00","2025-06-04 14:00:00",Nederland,Wind,Hour,UTC,Providing,Current,4232612,4232612,0.63134551048279,0,0
"2025-06-04 14:00:00","2025-06-04 15:00:00",Nederland,Wind,Hour,UTC,Providing,Current,4293638,4293638,0.64044427871704,0,0
"2025-06-04 15:00:00","2025-06-04 16:00:00",Nederland,Wind,Hour,UTC,Providing,Current,4132766,4132766,0.61644500494003,0,0
"2025-06-04 16:00:00","2025-06-04 17:00:00",Nederland,Wind,Hour,UTC,Providing,Current,3987886,3987886,0.59483098983765,0,0
"2025-06-04 17:00:00","2025-06-04 18:00:00",Nederland,Wind,Hour,UTC,Providing,Current,3410951,3410951,0.50877249240875,0,0
"2025-06-04 18:00:00","2025-06-04 19:00:00",Nederland,Wind,Hour,UTC,Providing,Current,2770867,2770867,0.41329574584961,0,0
"2025-06-04 19:00:00","2025-06-04 20:00:00",Nederland,Wind,Hour,UTC,Providing,Current,1795832,1795832,0.26786050200462,0,0
"2025-06-04 20:00:00","2025-06-04 21:00:00",Nederland,Wind,Hour,UTC,Providing,Current,1134675,1134675,0.16924324631691,0,0
"2025-06-04 21:00:00","2025-06-04 22:00:00",Nederland,Wind,Hour,UTC,Providing,Current,955964,955964,0.14258675277233,0,0
"2025-06-04 22:00:00","2025-06-04 23:00:00",Nederland,Wind,Hour,UTC,Providing,Current,1288427,1288427,0.19217374920845,0,0
"2025-06-04 23:00:00","2025-06-05 00:00:00",Nederland,Wind,Hour,UTC,Providing,Current,1388568,1388568,0.20710924267769,0,0
"2025-06-05 00:00:00","2025-06-05 01:00:00",Nederland,Wind,Hour,UTC,Providing,Current,1416452,1416452,0.21126675605774,0,0
"2025-06-05 01:00:00","2025-06-05 02:00:00",Nederland,Wind,Hour,UTC,Providing,Current,1672957,1672957,0.2495235055685,0,0
"2025-06-05 02:00:00","2025-06-05 03:00:00",Nederland,Wind,Hour,UTC,Providing,Current,1809041,1809041,0.26981925964355,0,0
"2025-06-05 03:00:00","2025-06-05 04:00:00",Nederland,Wind,Hour,UTC,Providing,Current,1799332,1799332,0.2683692574501,0,0
"2025-06-05 04:00:00","2025-06-05 05:00:00",Nederland,Wind,Hour,UTC,Providing,Current,1848204,1848204,0.27565675973892,0,0
"2025-06-05 05:00:00","2025-06-05 06:00:00",Nederland,Wind,Hour,UTC,Providing,Current,2280206,2280206,0.34008699655533,0,0
"2025-06-05 06:00:00","2025-06-05 07:00:00",Nederland,Wind,Hour,UTC,Providing,Current,3018752,3018752,0.45023649930954,0,0
"2025-06-05 07:00:00","2025-06-05 08:00:00",Nederland,Wind,Hour,UTC,Providing,Current,4000154,4000154,0.59660577774048,0,0
"2025-06-05 08:00:00","2025-06-05 09:00:00",Nederland,Wind,Hour,UTC,Providing,Current,4757725,4757725,0.70959001779556,0,0
"2025-06-05 09:00:00","2025-06-05 10:00:00",Nederland,Wind,Hour,UTC,Providing,Current,5288786,5288786,0.78879052400589,0,0
"2025-06-05 10:00:00","2025-06-05 11:00:00",Nederland,Wind,Hour,UTC,Providing,Current,5375637,5375637,0.80173873901367,0,0
"2025-06-05 11:00:00","2025-06-05 12:00:00",Nederland,Wind,Hour,UTC,Providing,Current,5124874,5124874,0.76433449983597,0,0
"2025-06-05 12:00:00","2025-06-05 13:00:00",Nederland,Wind,Hour,UTC,Providing,Current,4977882,4977882,0.74240750074387,0,0
"2025-06-05 13:00:00","2025-06-05 14:00:00",Nederland,Wind,Hour,UTC,Providing,Current,4795466,4795466,0.71519726514816,0,0
"2025-06-05 14:00:00","2025-06-05 15:00:00",Nederland,Wind,Hour,UTC,Providing,Current,4723723,4723723,0.70449322462082,0,0
"2025-06-05 15:00:00","2025-06-05 16:00:00",Nederland,Wind,Hour,UTC,Providing,Current,4178397,4178397,0.6231597661972,0,0
"2025-06-05 16:00:00","2025-06-05 17:00:00",Nederland,Wind,Hour,UTC,Providing,Current,3388637,3388637,0.50537300109863,0,0
"2025-06-05 17:00:00","2025-06-05 18:00:00",Nederland,Wind,Hour,UTC,Providing,Current,2889732,2889732,0.43096524477005,0,0
"2025-06-05 18:00:00","2025-06-05 19:00:00",Nederland,Wind,Hour,UTC,Providing,Current,2306360,2306360,0.34396076202393,0,0
"2025-06-05 19:00:00","2025-06-05 20:00:00",Nederland,Wind,Hour,UTC,Providing,Current,2180178,2180178,0.32514050602913,0,0
"2025-06-05 20:00:00","2025-06-05 21:00:00",Nederland,Wind,Hour,UTC,Providing,Current,2676318,2676318,0.39912974834442,0,0
"2025-06-05 21:00:00","2025-06-05 22:00:00",Nederland,Wind,Hour,UTC,Providing,Current,3101248,3101248,0.46249824762344,0,0
"2025-06-05 22:00:00","2025-06-05 23:00:00",Nederland,Wind,Hour,UTC,Providing,Current,3624248,3624248,0.54049152135849,0,0
"2025-06-05 23:00:00","2025-06-06 00:00:00",Nederland,Wind,Hour,UTC,Providing,Current,3681409,3681409,0.54901272058487,0,0
"2025-06-06 00:00:00","2025-06-06 01:00:00",Nederland,Wind,Hour,UTC,Providing,Current,3967149,3967149,0.59162175655365,0,0
"2025-06-06 01:00:00","2025-06-06 02:00:00",Nederland,Wind,Hour,UTC,Providing,Current,3933320,3933320,0.58657324314117,0,0
"2025-06-06 02:00:00","2025-06-06 03:00:00",Nederland,Wind,Hour,UTC,Providing,Current,3871530,3871530,0.57735526561737,0,0
"2025-06-06 03:00:00","2025-06-06 04:00:00",Nederland,Wind,Hour,UTC,Providing,Current,4036259,4036259,0.6019172668457,0,0
"2025-06-06 04:00:00","2025-06-06 05:00:00",Nederland,Wind,Hour,UTC,Providing,Current,4562047,4562047,0.68032252788544,0,0
"2025-06-06 05:00:00","2025-06-06 06:00:00",Nederland,Wind,Hour,UTC,Providing,Current,4612529,4612529,0.68784648180008,0,0
"2025-06-06 06:00:00","2025-06-06 07:00:00",Nederland,Wind,Hour,UTC,Providing,Current,5078300,5078300,0.7573002576828,0,0
"2025-06-06 07:00:00","2025-06-06 08:00:00",Nederland,Wind,Hour,UTC,Providing,Current,6045029,6045029,0.90145802497864,0,0
"2025-06-06 08:00:00","2025-06-06 09:00:00",Nederland,Wind,Hour,UTC,Providing,Current,6283429,6283429,0.93700349330902,0,0
"2025-06-06 09:00:00","2025-06-06 10:00:00",Nederland,Wind,Hour,UTC,Providing,Current,6385936,6385936,0.95228397846222,0,0
"2025-06-06 10:00:00","2025-06-06 11:00:00",Nederland,Wind,Hour,UTC,Providing,Current,6425980,6425980,0.95824950933456,0,0
"2025-06-06 11:00:00","2025-06-06 12:00:00",Nederland,Wind,Hour,UTC,Providing,Current,6406943,6406943,0.95540475845337,0,0
"2025-06-06 12:00:00","2025-06-06 13:00:00",Nederland,Wind,Hour,UTC,Providing,Current,6417492,6417492,0.95697200298309,0,0
"2025-06-06 13:00:00","2025-06-06 14:00:00",Nederland,Wind,Hour,UTC,Providing,Current,6379533,6379533,0.95130574703217,0,0
"2025-06-06 14:00:00","2025-06-06 15:00:00",Nederland,Wind,Hour,UTC,Providing,Current,6308899,6308899,0.94076699018478,0,0
"2025-06-06 15:00:00","2025-06-06 16:00:00",Nederland,Wind,Hour,UTC,Providing,Current,5845397,5845397,0.87164551019669,0,0
"2025-06-06 16:00:00","2025-06-06 17:00:00",Nederland,Wind,Hour,UTC,Providing,Current,5710841,5710841,0.85157573223114,0,0
"2025-06-06 17:00:00","2025-06-06 18:00:00",Nederland,Wind,Hour,UTC,Providing,Current,4821517,4821517,0.71895974874496,0,0
"2025-06-06 18:00:00","2025-06-06 19:00:00",Nederland,Wind,Hour,UTC,Providing,Current,3142621,3142621,0.46860826015472,0,0
"2025-06-06 19:00:00","2025-06-06 20:00:00",Nederland,Wind,Hour,UTC,Providing,Current,1665436,1665436,0.24833799898624,0,0
"2025-06-06 20:00:00","2025-06-06 21:00:00",Nederland,Wind,Hour,UTC,Providing,Current,884125,884125,0.1318337470293,0,0
"2025-06-06 21:00:00","2025-06-06 22:00:00",Nederland,Wind,Hour,UTC,Providing,Current,897910,897910,0.13388824462891,0,0
"2025-06-06 22:00:00","2025-06-06 23:00:00",Nederland,Wind,Hour,UTC,Providing,Current,944988,944988,0.14090724289417,0,0
"2025-06-06 23:00:00","2025-06-07 00:00:00",Nederland,Wind,Hour,UTC,Providing,Current,956960,956960,0.1426917463541,0,0
"2025-06-07 00:00:00","2025-06-07 01:00:00",Nederland,Wind,Hour,UTC,Providing,Current,1041223,1041223,0.15525524318218,0,0
"2025-06-07 01:00:00","2025-06-07 02:00:00",Nederland,Wind,Hour,UTC,Providing,Current,1064702,1064702,0.15875500440598,0,0
"2025-06-07 02:00:00","2025-06-07 03:00:00",Nederland,Wind,Hour,UTC,Providing,Current,972575,972575,0.14501725137234,0,0
"2025-06-07 03:00:00","2025-06-07 04:00:00",Nederland,Wind,Hour,UTC,Providing,Current,1042206,1042206,0.15539875626564,0,0
"2025-06-07 04:00:00","2025-06-07 05:00:00",Nederland,Wind,Hour,UTC,Providing,Current,1065657,1065657,0.15889449417591,0,0
"2025-06-07 05:00:00","2025-06-07 06:00:00",Nederland,Wind,Hour,UTC,Providing,Current,1153396,1153396,0.17197574675083,0,0
"2025-06-07 06:00:00","2025-06-07 07:00:00",Nederland,Wind,Hour,UTC,Providing,Current,1549308,1549308,0.23100650310516,0,0
"2025-06-07 07:00:00","2025-06-07 08:00:00",Nederland,Wind,Hour,UTC,Providing,Current,1862743,1862743,0.27773851156235,0,0
"2025-06-07 08:00:00","2025-06-07 09:00:00",Nederland,Wind,Hour,UTC,Providing,Current,2069995,2069995,0.30863875150681,0,0
"2025-06-07 09:00:00","2025-06-07 10:00:00",Nederland,Wind,Hour,UTC,Providing,Current,2502758,2502758,0.3731614947319,0,0
"2025-06-07 10:00:00","2025-06-07 11:00:00",Nederland,Wind,Hour,UTC,Providing,Current,3038553,3038553,0.45304599404335,0,0
"2025-06-07 11:00:00","2025-06-07 12:00:00",Nederland,Wind,Hour,UTC,Providing,Current,3253881,3253881,0.48514801263809,0,0
"2025-06-07 12:00:00","2025-06-07 13:00:00",Nederland,Wind,Hour,UTC,Providing,Current,3204764,3204764,0.47782224416733,0,0
"2025-06-07 13:00:00","2025-06-07 14:00:00",Nederland,Wind,Hour,UTC,Providing,Current,3470756,3470756,0.5174777507782,0,0
"2025-06-07 14:00:00","2025-06-07 15:00:00",Nederland,Wind,Hour,UTC,Providing,Current,3083572,3083572,0.45974698662758,0,0
"2025-06-07 15:00:00","2025-06-07 16:00:00",Nederland,Wind,Hour,UTC,Providing,Current,3394478,3394478,0.50609874725342,0,0
"2025-06-07 16:00:00","2025-06-07 17:00:00",Nederland,Wind,Hour,UTC,Providing,Current,3890876,3890876,0.58010548353195,0,0
"2025-06-07 17:00:00","2025-06-07 18:00:00",Nederland,Wind,Hour,UTC,Providing,Current,3534930,3534930,0.52703326940536,0,0
"2025-06-07 18:00:00","2025-06-07 19:00:00",Nederland,Wind,Hour,UTC,Providing,Current,2389703,2389703,0.35628598928452,0,0
"2025-06-07 19:00:00","2025-06-07 20:00:00",Nederland,Wind,Hour,UTC,Providing,Current,1172233,1172233,0.17476925253868,0,0
"2025-06-07 20:00:00","2025-06-07 21:00:00",Nederland,Wind,Hour,UTC,Providing,Current,692732,692732,0.10327939689159,0,0
"2025-06-07 21:00:00","2025-06-07 22:00:00",Nederland,Wind,Hour,UTC,Providing,Current,669499,669499,0.09981519728899,0,0
"2025-06-07 22:00:00","2025-06-07 23:00:00",Nederland,Wind,Hour,UTC,Providing,Current,781849,781849,0.11656449735165,0,0
"2025-06-07 23:00:00","2025-06-08 00:00:00",Nederland,Wind,Hour,UTC,Providing,Current,1474711,1474711,0.21986074745655,0,0
"2025-06-08 00:00:00","2025-06-08 01:00:00",Nederland,Wind,Hour,UTC,Providing,Current,1838123,1838123,0.27403923869133,0,0
"2025-06-08 01:00:00","2025-06-08 02:00:00",Nederland,Wind,Hour,UTC,Providing,Current,2737279,2737279,0.40808874368668,0,0
"2025-06-08 02:00:00","2025-06-08 03:00:00",Nederland,Wind,Hour,UTC,Providing,Current,4036104,4036104,0.60172152519226,0,0
"2025-06-08 03:00:00","2025-06-08 04:00:00",Nederland,Wind,Hour,UTC,Providing,Current,4189548,4189548,0.62459373474121,0,0
"2025-06-08 04:00:00","2025-06-08 05:00:00",Nederland,Wind,Hour,UTC,Providing,Current,3482036,3482036,0.51911199092865,0,0
"2025-06-08 05:00:00","2025-06-08 06:00:00",Nederland,Wind,Hour,UTC,Providing,Current,3293056,3293056,0.49093523621559,0,0
"2025-06-08 06:00:00","2025-06-08 07:00:00",Nederland,Wind,Hour,UTC,Providing,Current,3523625,3523625,0.52530574798584,0,0
"2025-06-08 07:00:00","2025-06-08 08:00:00",Nederland,Wind,Hour,UTC,Providing,Current,3607737,3607737,0.53784197568893,0,0
"2025-06-08 08:00:00","2025-06-08 09:00:00",Nederland,Wind,Hour,UTC,Providing,Current,3878809,3878809,0.57824951410294,0,0
"2025-06-08 09:00:00","2025-06-08 10:00:00",Nederland,Wind,Hour,UTC,Providing,Current,4370753,4370753,0.65158474445343,0,0
"2025-06-08 10:00:00","2025-06-08 11:00:00",Nederland,Wind,Hour,UTC,Providing,Current,5251869,5251869,0.7829350233078,0,0
"2025-06-08 11:00:00","2025-06-08 12:00:00",Nederland,Wind,Hour,UTC,Providing,Current,5370839,5370839,0.80066573619843,0,0
"2025-06-08 12:00:00","2025-06-08 13:00:00",Nederland,Wind,Hour,UTC,Providing,Current,5483936,5483936,0.81752097606659,0,0
"2025-06-08 13:00:00","2025-06-08 14:00:00",Nederland,Wind,Hour,UTC,Providing,Current,5665283,5665283,0.84455025196075,0,0
"2025-06-08 14:00:00","2025-06-08 15:00:00",Nederland,Wind,Hour,UTC,Providing,Current,5806499,5806499,0.86559647321701,0,0
"2025-06-08 15:00:00","2025-06-08 16:00:00",Nederland,Wind,Hour,UTC,Providing,Current,5579759,5579759,0.83179074525833,0,0
"2025-06-08 16:00:00","2025-06-08 17:00:00",Nederland,Wind,Hour,UTC,Providing,Current,5662003,5662003,0.84404575824738,0,0
"2025-06-08 17:00:00","2025-06-08 18:00:00",Nederland,Wind,Hour,UTC,Providing,Current,5538173,5538173,0.82558101415634,0,0
"2025-06-08 18:00:00","2025-06-08 19:00:00",Nederland,Wind,Hour,UTC,Providing,Current,4445268,4445268,0.66265648603439,0,0
"2025-06-08 19:00:00","2025-06-08 20:00:00",Nederland,Wind,Hour,UTC,Providing,Current,2721945,2721945,0.4057582616806,0,0
"2025-06-08 20:00:00","2025-06-08 21:00:00",Nederland,Wind,Hour,UTC,Providing,Current,1389273,1389273,0.20709675550461,0,0
"2025-06-08 21:00:00","2025-06-08 22:00:00",Nederland,Wind,Hour,UTC,Providing,Current,1116193,1116193,0.16638775169849,0,0
"2025-06-08 22:00:00","2025-06-08 23:00:00",Nederland,Wind,Hour,UTC,Providing,Current,1339385,1339385,0.19965724647045,0,0
"2025-06-08 23:00:00","2025-06-09 00:00:00",Nederland,Wind,Hour,UTC,Providing,Current,1272626,1272626,0.18970474600792,0,0
"2025-06-09 00:00:00","2025-06-09 01:00:00",Nederland,Wind,Hour,UTC,Providing,Current,1036109,1036109,0.15444724261761,0,0
"2025-06-09 01:00:00","2025-06-09 02:00:00",Nederland,Wind,Hour,UTC,Providing,Current,892075,892075,0.13297624886036,0,0
"2025-06-09 02:00:00","2025-06-09 03:00:00",Nederland,Wind,Hour,UTC,Providing,Current,636870,636870,0.094933576881886,0,0
"2025-06-09 03:00:00","2025-06-09 04:00:00",Nederland,Wind,Hour,UTC,Providing,Current,516491,516491,0.076989151537418,0,0
"2025-06-09 04:00:00","2025-06-09 05:00:00",Nederland,Wind,Hour,UTC,Providing,Current,486705,486705,0.072548747062683,0,0
"2025-06-09 05:00:00","2025-06-09 06:00:00",Nederland,Wind,Hour,UTC,Providing,Current,464874,464874,0.069294147193432,0,0
"2025-06-09 06:00:00","2025-06-09 07:00:00",Nederland,Wind,Hour,UTC,Providing,Current,775353,775353,0.11557352542877,0,0
"2025-06-09 07:00:00","2025-06-09 08:00:00",Nederland,Wind,Hour,UTC,Providing,Current,1170690,1170690,0.17450100183487,0,0
"2025-06-09 08:00:00","2025-06-09 09:00:00",Nederland,Wind,Hour,UTC,Providing,Current,1767988,1767988,0.26353150606155,0,0
"2025-06-09 09:00:00","2025-06-09 10:00:00",Nederland,Wind,Hour,UTC,Providing,Current,2391756,2391756,0.35650676488876,0,0
"2025-06-09 10:00:00","2025-06-09 11:00:00",Nederland,Wind,Hour,UTC,Providing,Current,2750024,2750024,0.40990599989891,0,0
"2025-06-09 11:00:00","2025-06-09 12:00:00",Nederland,Wind,Hour,UTC,Providing,Current,3116648,3116648,0.46455076336861,0,0
"2025-06-09 12:00:00","2025-06-09 13:00:00",Nederland,Wind,Hour,UTC,Providing,Current,3193061,3193061,0.47593775391579,0,0
"2025-06-09 13:00:00","2025-06-09 14:00:00",Nederland,Wind,Hour,UTC,Providing,Current,3292413,3292413,0.49074348807335,0,0
"2025-06-09 14:00:00","2025-06-09 15:00:00",Nederland,Wind,Hour,UTC,Providing,Current,3072711,3072711,0.45799350738525,0,0
"2025-06-09 15:00:00","2025-06-09 16:00:00",Nederland,Wind,Hour,UTC,Providing,Current,2846549,2846549,0.424281001091,0,0
"2025-06-09 16:00:00","2025-06-09 17:00:00",Nederland,Wind,Hour,UTC,Providing,Current,2579215,2579215,0.38443225622177,0,0
"2025-06-09 17:00:00","2025-06-09 18:00:00",Nederland,Wind,Hour,UTC,Providing,Current,2106363,2106363,0.31395149230957,0,0
"2025-06-09 18:00:00","2025-06-09 19:00:00",Nederland,Wind,Hour,UTC,Providing,Current,1405816,1405816,0.20953449606895,0,0
"2025-06-09 19:00:00","2025-06-09 20:00:00",Nederland,Wind,Hour,UTC,Providing,Current,876955,876955,0.13070806860924,0,0
"2025-06-09 20:00:00","2025-06-09 21:00:00",Nederland,Wind,Hour,UTC,Providing,Current,553513,553513,0.082499124109745,0,0
"2025-06-09 21:00:00","2025-06-09 22:00:00",Nederland,Wind,Hour,UTC,Providing,Current,728305,728305,0.10855054855347,0,0
"2025-06-09 22:00:00","2025-06-09 23:00:00",Nederland,Wind,Hour,UTC,Providing,Current,946683,946683,0.14109799265862,0,0
"2025-06-09 23:00:00","2025-06-10 00:00:00",Nederland,Wind,Hour,UTC,Providing,Current,1207089,1207089,0.17990900576115,0,0
"2025-06-10 00:00:00","2025-06-10 01:00:00",Nederland,Wind,Hour,UTC,Providing,Current,1484696,1484696,0.2212832570076,0,0
"2025-06-10 01:00:00","2025-06-10 02:00:00",Nederland,Wind,Hour,UTC,Providing,Current,1954199,1954199,0.2912575006485,0,0
"2025-06-10 02:00:00","2025-06-10 03:00:00",Nederland,Wind,Hour,UTC,Providing,Current,2317884,2317884,0.34545975923538,0,0
"2025-06-10 03:00:00","2025-06-10 04:00:00",Nederland,Wind,Hour,UTC,Providing,Current,2739727,2739727,0.40832901000977,0,0
"2025-06-10 04:00:00","2025-06-10 05:00:00",Nederland,Wind,Hour,UTC,Providing,Current,3242658,3242658,0.48328301310539,0,0
"2025-06-10 05:00:00","2025-06-10 06:00:00",Nederland,Wind,Hour,UTC,Providing,Current,3655149,3655149,0.54475700855255,0,0
"2025-06-10 06:00:00","2025-06-10 07:00:00",Nederland,Wind,Hour,UTC,Providing,Current,4233477,4233477,0.63094598054886,0,0
"2025-06-10 07:00:00","2025-06-10 08:00:00",Nederland,Wind,Hour,UTC,Providing,Current,4830253,4830253,0.71988373994827,0,0
"2025-06-10 08:00:00","2025-06-10 09:00:00",Nederland,Wind,Hour,UTC,Providing,Current,5022320,5022320,0.74850422143936,0,0
"2025-06-10 09:00:00","2025-06-10 10:00:00",Nederland,Wind,Hour,UTC,Providing,Current,5022380,5022380,0.74850827455521,0,0
"2025-06-10 10:00:00","2025-06-10 11:00:00",Nederland,Wind,Hour,UTC,Providing,Current,5309740,5309740,0.79132997989655,0,0
"2025-06-10 11:00:00","2025-06-10 12:00:00",Nederland,Wind,Hour,UTC,Providing,Current,5305602,5305602,0.79070872068405,0,0
"2025-06-10 12:00:00","2025-06-10 13:00:00",Nederland,Wind,Hour,UTC,Providing,Current,5558300,5558300,0.82836401462555,0,0
"2025-06-10 13:00:00","2025-06-10 14:00:00",Nederland,Wind,Hour,UTC,Providing,Current,5953131,5953131,0.8872007727623,0,0
"2025-06-10 14:00:00","2025-06-10 15:00:00",Nederland,Wind,Hour,UTC,Providing,Current,6186420,6186420,0.92196226119995,0,0
"2025-06-10 15:00:00","2025-06-10 16:00:00",Nederland,Wind,Hour,UTC,Providing,Current,6168562,6168562,0.91929548978806,0,0
"2025-06-10 16:00:00","2025-06-10 17:00:00",Nederland,Wind,Hour,UTC,Providing,Current,5707945,5707945,0.85064476728439,0,0
"2025-06-10 17:00:00","2025-06-10 18:00:00",Nederland,Wind,Hour,UTC,Providing,Current,4847494,4847494,0.72240900993347,0,0
"2025-06-10 18:00:00","2025-06-10 19:00:00",Nederland,Wind,Hour,UTC,Providing,Current,3879112,3879112,0.5780902504921,0,0
"2025-06-10 19:00:00","2025-06-10 20:00:00",Nederland,Wind,Hour,UTC,Providing,Current,2472278,2472278,0.36843276023865,0,0
"2025-06-10 20:00:00","2025-06-10 21:00:00",Nederland,Wind,Hour,UTC,Providing,Current,1269827,1269827,0.18923549354076,0,0
"2025-06-10 21:00:00","2025-06-10 22:00:00",Nederland,Wind,Hour,UTC,Providing,Current,815283,815283,0.12149675190449,0,0
"2025-06-10 22:00:00","2025-06-10 23:00:00",Nederland,Wind,Hour,UTC,Providing,Current,613742,613742,0.091461524367332,0,0
"2025-06-10 23:00:00","2025-06-11 00:00:00",Nederland,Wind,Hour,UTC,Providing,Current,470444,470444,0.070106476545334,0,0
"2025-06-11 00:00:00","2025-06-11 01:00:00",Nederland,Wind,Hour,UTC,Providing,Current,329174,329174,0.049053825438023,0,0
"2025-06-11 01:00:00","2025-06-11 02:00:00",Nederland,Wind,Hour,UTC,Providing,Current,252224,252224,0.037586398422718,0,0
"2025-06-11 02:00:00","2025-06-11 03:00:00",Nederland,Wind,Hour,UTC,Providing,Current,183102,183102,0.027285674586892,0,0
"2025-06-11 03:00:00","2025-06-11 04:00:00",Nederland,Wind,Hour,UTC,Providing,Current,149576,149576,0.022289549931884,0,0
"2025-06-11 04:00:00","2025-06-11 05:00:00",Nederland,Wind,Hour,UTC,Providing,Current,93206,93206,0.013889322057366,0,0
"2025-06-11 05:00:00","2025-06-11 06:00:00",Nederland,Wind,Hour,UTC,Providing,Current,56006,56006,0.0083458153530955,0,0
"2025-06-11 06:00:00","2025-06-11 07:00:00",Nederland,Wind,Hour,UTC,Providing,Current,59907,59907,0.0089270696043968,0,0
"2025-06-11 07:00:00","2025-06-11 08:00:00",Nederland,Wind,Hour,UTC,Providing,Current,135487,135487,0.020189525559545,0,0
"2025-06-11 08:00:00","2025-06-11 09:00:00",Nederland,Wind,Hour,UTC,Providing,Current,124693,124693,0.018580975010991,0,0
"2025-06-11 09:00:00","2025-06-11 10:00:00",Nederland,Wind,Hour,UTC,Providing,Current,131949,131949,0.019662100821733,0,0
"2025-06-11 10:00:00","2025-06-11 11:00:00",Nederland,Wind,Hour,UTC,Providing,Current,140263,140263,0.020900849252939,0,0
"2025-06-11 11:00:00","2025-06-11 12:00:00",Nederland,Wind,Hour,UTC,Providing,Current,202207,202207,0.030131049454212,0,0
"2025-06-11 12:00:00","2025-06-11 13:00:00",Nederland,Wind,Hour,UTC,Providing,Current,288434,288434,0.042979549616575,0,0
"2025-06-11 13:00:00","2025-06-11 14:00:00",Nederland,Wind,Hour,UTC,Providing,Current,401037,401037,0.059758149087429,0,0
"2025-06-11 14:00:00","2025-06-11 15:00:00",Nederland,Wind,Hour,UTC,Providing,Current,682515,682515,0.10170040279627,0,0
"2025-06-11 15:00:00","2025-06-11 16:00:00",Nederland,Wind,Hour,UTC,Providing,Current,1004229,1004229,0.1496375054121,0,0
"2025-06-11 16:00:00","2025-06-11 17:00:00",Nederland,Wind,Hour,UTC,Providing,Current,1344272,1344272,0.20030525326729,0,0
"2025-06-11 17:00:00","2025-06-11 18:00:00",Nederland,Wind,Hour,UTC,Providing,Current,1572224,1572224,0.23427000641823,0,0
"2025-06-11 18:00:00","2025-06-11 19:00:00",Nederland,Wind,Hour,UTC,Providing,Current,1624080,1624080,0.24199524521828,0,0
"2025-06-11 19:00:00","2025-06-11 20:00:00",Nederland,Wind,Hour,UTC,Providing,Current,1388524,1388524,0.20689524710178,0,0
"2025-06-11 20:00:00","2025-06-11 21:00:00",Nederland,Wind,Hour,UTC,Providing,Current,1166901,1166901,0.17387150228024,0,0
"2025-06-11 21:00:00","2025-06-11 22:00:00",Nederland,Wind,Hour,UTC,Providing,Current,1235116,1235116,0.18403449654579,0,0
"2025-06-11 22:00:00","2025-06-11 23:00:00",Nederland,Wind,Hour,UTC,Providing,Current,1412364,1412364,0.2104434967041,0,0
"2025-06-11 23:00:00","2025-06-12 00:00:00",Nederland,Wind,Hour,UTC,Providing,Current,1700490,1700490,0.25337299704552,0,0
"2025-06-12 00:00:00","2025-06-12 01:00:00",Nederland,Wind,Hour,UTC,Providing,Current,1941834,1941834,0.28933149576187,0,0
"2025-06-12 01:00:00","2025-06-12 02:00:00",Nederland,Wind,Hour,UTC,Providing,Current,1948684,1948684,0.29035049676895,0,0
"2025-06-12 02:00:00","2025-06-12 03:00:00",Nederland,Wind,Hour,UTC,Providing,Current,1815451,1815451,0.27049750089645,0,0
"2025-06-12 03:00:00","2025-06-12 04:00:00",Nederland,Wind,Hour,UTC,Providing,Current,1820722,1820722,0.27128100395203,0,0
"2025-06-12 04:00:00","2025-06-12 05:00:00",Nederland,Wind,Hour,UTC,Providing,Current,1861811,1861811,0.27740150690079,0,0
"2025-06-12 05:00:00","2025-06-12 06:00:00",Nederland,Wind,Hour,UTC,Providing,Current,2189327,2189327,0.32619774341583,0,0
"2025-06-12 06:00:00","2025-06-12 07:00:00",Nederland,Wind,Hour,UTC,Providing,Current,2899313,2899313,0.43197923898697,0,0
"2025-06-12 07:00:00","2025-06-12 08:00:00",Nederland,Wind,Hour,UTC,Providing,Current,3605093,3605093,0.53713297843933,0,0
"2025-06-12 08:00:00","2025-06-12 09:00:00",Nederland,Wind,Hour,UTC,Providing,Current,4003959,4003959,0.59655702114105,0,0
"2025-06-12 09:00:00","2025-06-12 10:00:00",Nederland,Wind,Hour,UTC,Providing,Current,4574071,4574071,0.68149477243423,0,0
"2025-06-12 10:00:00","2025-06-12 11:00:00",Nederland,Wind,Hour,UTC,Providing,Current,5271988,5271988,0.78547352552414,0,0
"2025-06-12 11:00:00","2025-06-12 12:00:00",Nederland,Wind,Hour,UTC,Providing,Current,5469860,5469860,0.81494975090027,0,0
"2025-06-12 12:00:00","2025-06-12 13:00:00",Nederland,Wind,Hour,UTC,Providing,Current,5547390,5547390,0.82649552822113,0,0
"2025-06-12 13:00:00","2025-06-12 14:00:00",Nederland,Wind,Hour,UTC,Providing,Current,5447391,5447391,0.81159198284149,0,0
"2025-06-12 14:00:00","2025-06-12 15:00:00",Nederland,Wind,Hour,UTC,Providing,Current,5316498,5316498,0.7920857667923,0,0
"2025-06-12 15:00:00","2025-06-12 16:00:00",Nederland,Wind,Hour,UTC,Providing,Current,5060069,5060069,0.75387674570084,0,0
"2025-06-12 16:00:00","2025-06-12 17:00:00",Nederland,Wind,Hour,UTC,Providing,Current,4613418,4613418,0.6873282790184,0,0
"2025-06-12 17:00:00","2025-06-12 18:00:00",Nederland,Wind,Hour,UTC,Providing,Current,3876459,3876459,0.57752925157547,0,0
"2025-06-12 18:00:00","2025-06-12 19:00:00",Nederland,Wind,Hour,UTC,Providing,Current,2871812,2871812,0.42785024642944,0,0
"2025-06-12 19:00:00","2025-06-12 20:00:00",Nederland,Wind,Hour,UTC,Providing,Current,1699296,1699296,0.25316399335861,0,0
"2025-06-12 20:00:00","2025-06-12 21:00:00",Nederland,Wind,Hour,UTC,Providing,Current,1200762,1200762,0.17889100313187,0,0
"2025-06-12 21:00:00","2025-06-12 22:00:00",Nederland,Wind,Hour,UTC,Providing,Current,1029581,1029581,0.15338675677776,0,0
"2025-06-12 22:00:00","2025-06-12 23:00:00",Nederland,Wind,Hour,UTC,Providing,Current,976315,976315,0.14545050263405,0,0
"2025-06-12 23:00:00","2025-06-13 00:00:00",Nederland,Wind,Hour,UTC,Providing,Current,946161,946161,0.14095750451088,0,0
"2025-06-13 00:00:00","2025-06-13 01:00:00",Nederland,Wind,Hour,UTC,Providing,Current,833223,833223,0.12413124740124,0,0
"2025-06-13 01:00:00","2025-06-13 02:00:00",Nederland,Wind,Hour,UTC,Providing,Current,748918,748918,0.1115709990263,0,0
"2025-06-13 02:00:00","2025-06-13 03:00:00",Nederland,Wind,Hour,UTC,Providing,Current,700330,700330,0.10433174669743,0,0
"2025-06-13 03:00:00","2025-06-13 04:00:00",Nederland,Wind,Hour,UTC,Providing,Current,547279,547279,0.081530652940273,0,0
"2025-06-13 04:00:00","2025-06-13 05:00:00",Nederland,Wind,Hour,UTC,Providing,Current,423248,423248,0.063052803277969,0,0
"2025-06-13 05:00:00","2025-06-13 06:00:00",Nederland,Wind,Hour,UTC,Providing,Current,459148,459148,0.068400524556637,0,0
"2025-06-13 06:00:00","2025-06-13 07:00:00",Nederland,Wind,Hour,UTC,Providing,Current,385009,385009,0.057355500757694,0,0
"2025-06-13 07:00:00","2025-06-13 08:00:00",Nederland,Wind,Hour,UTC,Providing,Current,411125,411125,0.061245676130056,0,0
"2025-06-13 08:00:00","2025-06-13 09:00:00",Nederland,Wind,Hour,UTC,Providing,Current,248942,248942,0.037084873765707,0,0
"2025-06-13 09:00:00","2025-06-13 10:00:00",Nederland,Wind,Hour,UTC,Providing,Current,248752,248752,0.037056349217892,0,0
"2025-06-13 10:00:00","2025-06-13 11:00:00",Nederland,Wind,Hour,UTC,Providing,Current,429082,429082,0.063919574022293,0,0
"2025-06-13 11:00:00","2025-06-13 12:00:00",Nederland,Wind,Hour,UTC,Providing,Current,616259,616259,0.091802403330803,0,0
"2025-06-13 12:00:00","2025-06-13 13:00:00",Nederland,Wind,Hour,UTC,Providing,Current,709124,709124,0.10563550144434,0,0
"2025-06-13 13:00:00","2025-06-13 14:00:00",Nederland,Wind,Hour,UTC,Providing,Current,792144,792144,0.11800199747086,0,0
"2025-06-13 14:00:00","2025-06-13 15:00:00",Nederland,Wind,Hour,UTC,Providing,Current,1053115,1053115,0.15687674283981,0,0
"2025-06-13 15:00:00","2025-06-13 16:00:00",Nederland,Wind,Hour,UTC,Providing,Current,1045570,1045570,0.1557520031929,0,0
"2025-06-13 16:00:00","2025-06-13 17:00:00",Nederland,Wind,Hour,UTC,Providing,Current,1031844,1031844,0.15370625257492,0,0
"2025-06-13 17:00:00","2025-06-13 18:00:00",Nederland,Wind,Hour,UTC,Providing,Current,938620,938620,0.13981850445271,0,0
"2025-06-13 18:00:00","2025-06-13 19:00:00",Nederland,Wind,Hour,UTC,Providing,Current,863511,863511,0.12862925231457,0,0
"2025-06-13 19:00:00","2025-06-13 20:00:00",Nederland,Wind,Hour,UTC,Providing,Current,860263,860263,0.12814475595951,0,0
"2025-06-13 20:00:00","2025-06-13 21:00:00",Nederland,Wind,Hour,UTC,Providing,Current,930026,930026,0.13853575289249,0,0
"2025-06-13 21:00:00","2025-06-13 22:00:00",Nederland,Wind,Hour,UTC,Providing,Current,1188848,1188848,0.17708849906921,0,0
"2025-06-13 22:00:00","2025-06-13 23:00:00",Nederland,Wind,Hour,UTC,Providing,Current,1589919,1589919,0.23682974278927,0,0
"2025-06-13 23:00:00","2025-06-14 00:00:00",Nederland,Wind,Hour,UTC,Providing,Current,1745407,1745407,0.2599892616272,0,0
"2025-06-14 00:00:00","2025-06-14 01:00:00",Nederland,Wind,Hour,UTC,Providing,Current,1911447,1911447,0.28472000360489,0,0
"2025-06-14 01:00:00","2025-06-14 02:00:00",Nederland,Wind,Hour,UTC,Providing,Current,2103365,2103365,0.31330573558807,0,0
"2025-06-14 02:00:00","2025-06-14 03:00:00",Nederland,Wind,Hour,UTC,Providing,Current,1631460,1631460,0.24301199615002,0,0
"2025-06-14 03:00:00","2025-06-14 04:00:00",Nederland,Wind,Hour,UTC,Providing,Current,1094439,1094439,0.16301974654198,0,0
"2025-06-14 04:00:00","2025-06-14 05:00:00",Nederland,Wind,Hour,UTC,Providing,Current,548370,548370,0.081680722534657,0,0
"2025-06-14 05:00:00","2025-06-14 06:00:00",Nederland,Wind,Hour,UTC,Providing,Current,390548,390548,0.058172449469566,0,0
"2025-06-14 06:00:00","2025-06-14 07:00:00",Nederland,Wind,Hour,UTC,Providing,Current,614684,614684,0.091557152569294,0,0
"2025-06-14 07:00:00","2025-06-14 08:00:00",Nederland,Wind,Hour,UTC,Providing,Current,667045,667045,0.099355652928352,0,0
"2025-06-14 08:00:00","2025-06-14 09:00:00",Nederland,Wind,Hour,UTC,Providing,Current,767577,767577,0.1143290027976,0,0
"2025-06-14 09:00:00","2025-06-14 10:00:00",Nederland,Wind,Hour,UTC,Providing,Current,929185,929185,0.13839949667454,0,0
"2025-06-14 10:00:00","2025-06-14 11:00:00",Nederland,Wind,Hour,UTC,Providing,Current,1191040,1191040,0.17740100622177,0,0
"2025-06-14 11:00:00","2025-06-14 12:00:00",Nederland,Wind,Hour,UTC,Providing,Current,1747664,1747664,0.26030623912811,0,0
"2025-06-14 12:00:00","2025-06-14 13:00:00",Nederland,Wind,Hour,UTC,Providing,Current,1743640,1743640,0.25970575213432,0,0
"2025-06-14 13:00:00","2025-06-14 14:00:00",Nederland,Wind,Hour,UTC,Providing,Current,1567569,1567569,0.23347924649715,0,0
"2025-06-14 14:00:00","2025-06-14 15:00:00",Nederland,Wind,Hour,UTC,Providing,Current,1762360,1762360,0.26249098777771,0,0
"2025-06-14 15:00:00","2025-06-14 16:00:00",Nederland,Wind,Hour,UTC,Providing,Current,1693831,1693831,0.25228226184845,0,0
"2025-06-14 16:00:00","2025-06-14 17:00:00",Nederland,Wind,Hour,UTC,Providing,Current,2005569,2005569,0.2987112402916,0,0
"2025-06-14 17:00:00","2025-06-14 18:00:00",Nederland,Wind,Hour,UTC,Providing,Current,2556696,2556696,0.38079398870468,0,0
"2025-06-14 18:00:00","2025-06-14 19:00:00",Nederland,Wind,Hour,UTC,Providing,Current,2239554,2239554,0.33355724811554,0,0
"2025-06-14 19:00:00","2025-06-14 20:00:00",Nederland,Wind,Hour,UTC,Providing,Current,1927670,1927670,0.28710350394249,0,0
"2025-06-14 20:00:00","2025-06-14 21:00:00",Nederland,Wind,Hour,UTC,Providing,Current,1796493,1796493,0.26756474375725,0,0
"2025-06-14 21:00:00","2025-06-14 22:00:00",Nederland,Wind,Hour,UTC,Providing,Current,1397168,1397168,0.20808924734592,0,0
"2025-06-14 22:00:00","2025-06-14 23:00:00",Nederland,Wind,Hour,UTC,Providing,Current,1153129,1153129,0.1717417538166,0,0
"2025-06-14 23:00:00","2025-06-15 00:00:00",Nederland,Wind,Hour,UTC,Providing,Current,890705,890705,0.1326567530632,0,0
"2025-06-15 00:00:00","2025-06-15 01:00:00",Nederland,Wind,Hour,UTC,Providing,Current,889172,889172,0.13242775201797,0,0
"2025-06-15 01:00:00","2025-06-15 02:00:00",Nederland,Wind,Hour,UTC,Providing,Current,771963,771963,0.114970497787,0,0
"2025-06-15 02:00:00","2025-06-15 03:00:00",Nederland,Wind,Hour,UTC,Providing,Current,776076,776076,0.11558225005865,0,0
"2025-06-15 03:00:00","2025-06-15 04:00:00",Nederland,Wind,Hour,UTC,Providing,Current,859915,859915,0.12806774675846,0,0
"2025-06-15 04:00:00","2025-06-15 05:00:00",Nederland,Wind,Hour,UTC,Providing,Current,757318,757318,0.11278750002384,0,0
"2025-06-15 05:00:00","2025-06-15 06:00:00",Nederland,Wind,Hour,UTC,Providing,Current,936577,936577,0.13948349654675,0,0
"2025-06-15 06:00:00","2025-06-15 07:00:00",Nederland,Wind,Hour,UTC,Providing,Current,1591714,1591714,0.23705099523067,0,0
"2025-06-15 07:00:00","2025-06-15 08:00:00",Nederland,Wind,Hour,UTC,Providing,Current,2126175,2126175,0.31664550304413,0,0
"2025-06-15 08:00:00","2025-06-15 09:00:00",Nederland,Wind,Hour,UTC,Providing,Current,2161621,2161621,0.32192224264145,0,0
"2025-06-15 09:00:00","2025-06-15 10:00:00",Nederland,Wind,Hour,UTC,Providing,Current,2013577,2013577,0.29987299442291,0,0
"2025-06-15 10:00:00","2025-06-15 11:00:00",Nederland,Wind,Hour,UTC,Providing,Current,2466793,2466793,0.3673657476902,0,0
"2025-06-15 11:00:00","2025-06-15 12:00:00",Nederland,Wind,Hour,UTC,Providing,Current,3217260,3217260,0.47912573814392,0,0
"2025-06-15 12:00:00","2025-06-15 13:00:00",Nederland,Wind,Hour,UTC,Providing,Current,3634734,3634734,0.5412945151329,0,0
"2025-06-15 13:00:00","2025-06-15 14:00:00",Nederland,Wind,Hour,UTC,Providing,Current,3807991,3807991,0.5670930147171,0,0
"2025-06-15 14:00:00","2025-06-15 15:00:00",Nederland,Wind,Hour,UTC,Providing,Current,3730060,3730060,0.55548375844955,0,0
"2025-06-15 15:00:00","2025-06-15 16:00:00",Nederland,Wind,Hour,UTC,Providing,Current,3691807,3691807,0.54978400468826,0,0
"2025-06-15 16:00:00","2025-06-15 17:00:00",Nederland,Wind,Hour,UTC,Providing,Current,3769700,3769700,0.56138050556183,0,0
"2025-06-15 17:00:00","2025-06-15 18:00:00",Nederland,Wind,Hour,UTC,Providing,Current,3191952,3191952,0.47533974051476,0,0
"2025-06-15 18:00:00","2025-06-15 19:00:00",Nederland,Wind,Hour,UTC,Providing,Current,2228213,2228213,0.33181923627853,0,0
"2025-06-15 19:00:00","2025-06-15 20:00:00",Nederland,Wind,Hour,UTC,Providing,Current,1117154,1117154,0.16636225581169,0,0
"2025-06-15 20:00:00","2025-06-15 21:00:00",Nederland,Wind,Hour,UTC,Providing,Current,367900,367900,0.054786000400782,0,0
"2025-06-15 21:00:00","2025-06-15 22:00:00",Nederland,Wind,Hour,UTC,Providing,Current,187880,187880,0.027978049591184,0,0
"2025-06-15 22:00:00","2025-06-15 23:00:00",Nederland,Wind,Hour,UTC,Providing,Current,162580,162580,0.024210350587964,0,0
"2025-06-15 23:00:00","2025-06-16 00:00:00",Nederland,Wind,Hour,UTC,Providing,Current,190398,190398,0.028352674096823,0,0
"2025-06-16 00:00:00","2025-06-16 01:00:00",Nederland,Wind,Hour,UTC,Providing,Current,205899,205899,0.030660800635815,0,0
"2025-06-16 01:00:00","2025-06-16 02:00:00",Nederland,Wind,Hour,UTC,Providing,Current,166971,166971,0.024863824248314,0,0
"2025-06-16 02:00:00","2025-06-16 03:00:00",Nederland,Wind,Hour,UTC,Providing,Current,154879,154879,0.023063050583005,0,0
"2025-06-16 03:00:00","2025-06-16 04:00:00",Nederland,Wind,Hour,UTC,Providing,Current,130681,130681,0.019459599629045,0,0
"2025-06-16 04:00:00","2025-06-16 05:00:00",Nederland,Wind,Hour,UTC,Providing,Current,143803,143803,0.021413424983621,0,0
"2025-06-16 05:00:00","2025-06-16 06:00:00",Nederland,Wind,Hour,UTC,Providing,Current,229446,229446,0.034166175872087,0,0
"2025-06-16 06:00:00","2025-06-16 07:00:00",Nederland,Wind,Hour,UTC,Providing,Current,375708,375708,0.055945299565792,0,0
"2025-06-16 07:00:00","2025-06-16 08:00:00",Nederland,Wind,Hour,UTC,Providing,Current,449102,449102,0.066873721778393,0,0
"2025-06-16 08:00:00","2025-06-16 09:00:00",Nederland,Wind,Hour,UTC,Providing,Current,604890,604890,0.090070851147175,0,0
"2025-06-16 09:00:00","2025-06-16 10:00:00",Nederland,Wind,Hour,UTC,Providing,Current,694202,694202,0.10336922854185,0,0
"2025-06-16 10:00:00","2025-06-16 11:00:00",Nederland,Wind,Hour,UTC,Providing,Current,831602,831602,0.12382774800062,0,0
"2025-06-16 11:00:00","2025-06-16 12:00:00",Nederland,Wind,Hour,UTC,Providing,Current,1417088,1417088,0.21100699901581,0,0
"2025-06-16 12:00:00","2025-06-16 13:00:00",Nederland,Wind,Hour,UTC,Providing,Current,1894520,1894520,0.28209576010704,0,0
"2025-06-16 13:00:00","2025-06-16 14:00:00",Nederland,Wind,Hour,UTC,Providing,Current,1968999,1968999,0.29318401217461,0,0
"2025-06-16 14:00:00","2025-06-16 15:00:00",Nederland,Wind,Hour,UTC,Providing,Current,1951477,1951477,0.2905730009079,0,0
"2025-06-16 15:00:00","2025-06-16 16:00:00",Nederland,Wind,Hour,UTC,Providing,Current,1784293,1784293,0.26567798852921,0,0
"2025-06-16 16:00:00","2025-06-16 17:00:00",Nederland,Wind,Hour,UTC,Providing,Current,1441244,1441244,0.21459725499153,0,0
"2025-06-16 17:00:00","2025-06-16 18:00:00",Nederland,Wind,Hour,UTC,Providing,Current,998823,998823,0.14872099459171,0,0
"2025-06-16 18:00:00","2025-06-16 19:00:00",Nederland,Wind,Hour,UTC,Providing,Current,482250,482250,0.071804776787758,0,0
"2025-06-16 19:00:00","2025-06-16 20:00:00",Nederland,Wind,Hour,UTC,Providing,Current,180525,180525,0.026879200711846,0,0
"2025-06-16 20:00:00","2025-06-16 21:00:00",Nederland,Wind,Hour,UTC,Providing,Current,55725,55725,0.008297105319798,0,0
"2025-06-16 21:00:00","2025-06-16 22:00:00",Nederland,Wind,Hour,UTC,Providing,Current,20342,20342,0.0030287750996649,0,0
"2025-06-16 22:00:00","2025-06-16 23:00:00",Nederland,Wind,Hour,UTC,Providing,Current,9465,9465,0.0014092625351623,0,0
"2025-06-16 23:00:00","2025-06-17 00:00:00",Nederland,Wind,Hour,UTC,Providing,Current,0,0,0,0,0
"2025-06-17 00:00:00","2025-06-17 01:00:00",Nederland,Wind,Hour,UTC,Providing,Current,26317,26317,0.0039183376356959,0,0
"2025-06-17 01:00:00","2025-06-17 02:00:00",Nederland,Wind,Hour,UTC,Providing,Current,55024,55024,0.0081924721598625,0,0
"2025-06-17 02:00:00","2025-06-17 03:00:00",Nederland,Wind,Hour,UTC,Providing,Current,56895,56895,0.0084709953516722,0,0
"2025-06-17 03:00:00","2025-06-17 04:00:00",Nederland,Wind,Hour,UTC,Providing,Current,53118,53118,0.0079085975885391,0,0
"2025-06-17 04:00:00","2025-06-17 05:00:00",Nederland,Wind,Hour,UTC,Providing,Current,92782,92782,0.013814000412822,0,0
"2025-06-17 05:00:00","2025-06-17 06:00:00",Nederland,Wind,Hour,UTC,Providing,Current,193339,193339,0.028785375878215,0,0
"2025-06-17 06:00:00","2025-06-17 07:00:00",Nederland,Wind,Hour,UTC,Providing,Current,497601,497601,0.074085026979446,0,0
"2025-06-17 07:00:00","2025-06-17 08:00:00",Nederland,Wind,Hour,UTC,Providing,Current,1114100,1114100,0.16587150096893,0,0
"2025-06-17 08:00:00","2025-06-17 09:00:00",Nederland,Wind,Hour,UTC,Providing,Current,1298776,1298776,0.19336549937725,0,0
"2025-06-17 09:00:00","2025-06-17 10:00:00",Nederland,Wind,Hour,UTC,Providing,Current,1466617,1466617,0.21835249662399,0,0
"2025-06-17 10:00:00","2025-06-17 11:00:00",Nederland,Wind,Hour,UTC,Providing,Current,1737514,1737514,0.25868248939514,0,0
"2025-06-17 11:00:00","2025-06-17 12:00:00",Nederland,Wind,Hour,UTC,Providing,Current,1973514,1973514,0.29381674528122,0,0
"2025-06-17 12:00:00","2025-06-17 13:00:00",Nederland,Wind,Hour,UTC,Providing,Current,2143058,2143058,0.31905651092529,0,0
"2025-06-17 13:00:00","2025-06-17 14:00:00",Nederland,Wind,Hour,UTC,Providing,Current,2429274,2429274,0.36166575551033,0,0
"2025-06-17 14:00:00","2025-06-17 15:00:00",Nederland,Wind,Hour,UTC,Providing,Current,2761541,2761541,0.41113075613976,0,0
"2025-06-17 15:00:00","2025-06-17 16:00:00",Nederland,Wind,Hour,UTC,Providing,Current,2428413,2428413,0.36153349280357,0,0
"2025-06-17 16:00:00","2025-06-17 17:00:00",Nederland,Wind,Hour,UTC,Providing,Current,1723390,1723390,0.25657048821449,0,0
"2025-06-17 17:00:00","2025-06-17 18:00:00",Nederland,Wind,Hour,UTC,Providing,Current,1096776,1096776,0.16328200697899,0,0
"2025-06-17 18:00:00","2025-06-17 19:00:00",Nederland,Wind,Hour,UTC,Providing,Current,630240,630240,0.093826226890087,0,0
"2025-06-17 19:00:00","2025-06-17 20:00:00",Nederland,Wind,Hour,UTC,Providing,Current,221391,221391,0.032959099858999,0,0
"2025-06-17 20:00:00","2025-06-17 21:00:00",Nederland,Wind,Hour,UTC,Providing,Current,48953,48953,0.0072877323254943,0,0
"2025-06-17 21:00:00","2025-06-17 22:00:00",Nederland,Wind,Hour,UTC,Providing,Current,6669,6669,0.00099282094743103,0,0
"2025-06-17 22:00:00","2025-06-17 23:00:00",Nederland,Wind,Hour,UTC,Providing,Current,0,0,0,0,0
"2025-06-17 23:00:00","2025-06-18 00:00:00",Nederland,Wind,Hour,UTC,Providing,Current,0,0,0,0,0
"2025-06-18 00:00:00","2025-06-18 01:00:00",Nederland,Wind,Hour,UTC,Providing,Current,16674,16674,0.002482230309397,0,0
"2025-06-18 01:00:00","2025-06-18 02:00:00",Nederland,Wind,Hour,UTC,Providing,Current,6343,6343,0.00094426277792081,0,0
"2025-06-18 02:00:00","2025-06-18 03:00:00",Nederland,Wind,Hour,UTC,Providing,Current,19518,19518,0.0029055725317448,0,0
"2025-06-18 03:00:00","2025-06-18 04:00:00",Nederland,Wind,Hour,UTC,Providing,Current,28162,28162,0.0041923499666154,0,0
"2025-06-18 04:00:00","2025-06-18 05:00:00",Nederland,Wind,Hour,UTC,Providing,Current,35743,35743,0.0053208624012768,0,0
"2025-06-18 05:00:00","2025-06-18 06:00:00",Nederland,Wind,Hour,UTC,Providing,Current,84767,84767,0.012618717737496,0,0
"2025-06-18 06:00:00","2025-06-18 07:00:00",Nederland,Wind,Hour,UTC,Providing,Current,148914,148914,0.02216774970293,0,0
"2025-06-18 07:00:00","2025-06-18 08:00:00",Nederland,Wind,Hour,UTC,Providing,Current,212973,212973,0.031703550368547,0,0
"2025-06-18 08:00:00","2025-06-18 09:00:00",Nederland,Wind,Hour,UTC,Providing,Current,305249,305249,0.045439623296261,0,0
"2025-06-18 09:00:00","2025-06-18 10:00:00",Nederland,Wind,Hour,UTC,Providing,Current,610801,610801,0.090923801064491,0,0
"2025-06-18 10:00:00","2025-06-18 11:00:00",Nederland,Wind,Hour,UTC,Providing,Current,704544,704544,0.10487777739763,0,0
"2025-06-18 11:00:00","2025-06-18 12:00:00",Nederland,Wind,Hour,UTC,Providing,Current,1111879,1111879,0.16551224887371,0,0
"2025-06-18 12:00:00","2025-06-18 13:00:00",Nederland,Wind,Hour,UTC,Providing,Current,1597523,1597523,0.23780274391174,0,0
"2025-06-18 13:00:00","2025-06-18 14:00:00",Nederland,Wind,Hour,UTC,Providing,Current,1968396,1968396,0.29300823807716,0,0
"2025-06-18 14:00:00","2025-06-18 15:00:00",Nederland,Wind,Hour,UTC,Providing,Current,2070604,2070604,0.308220744133,0,0
"2025-06-18 15:00:00","2025-06-18 16:00:00",Nederland,Wind,Hour,UTC,Providing,Current,2173462,2173462,0.32352975010872,0,0
"2025-06-18 16:00:00","2025-06-18 17:00:00",Nederland,Wind,Hour,UTC,Providing,Current,2464778,2464778,0.36689123511314,0,0
"2025-06-18 17:00:00","2025-06-18 18:00:00",Nederland,Wind,Hour,UTC,Providing,Current,2535498,2535498,0.37741574645042,0,0
"2025-06-18 18:00:00","2025-06-18 19:00:00",Nederland,Wind,Hour,UTC,Providing,Current,1711369,1711369,0.2547402381897,0,0
"2025-06-18 19:00:00","2025-06-18 20:00:00",Nederland,Wind,Hour,UTC,Providing,Current,771315,771315,0.11481104791164,0,0
"2025-06-18 20:00:00","2025-06-18 21:00:00",Nederland,Wind,Hour,UTC,Providing,Current,296891,296891,0.044192273169756,0,0
"2025-06-18 21:00:00","2025-06-18 22:00:00",Nederland,Wind,Hour,UTC,Providing,Current,89762,89762,0.013361005112529,0,0
"2025-06-18 22:00:00","2025-06-18 23:00:00",Nederland,Wind,Hour,UTC,Providing,Current,26455,26455,0.0039377827197313,0,0
"2025-06-18 23:00:00","2025-06-19 00:00:00",Nederland,Wind,Hour,UTC,Providing,Current,21282,21282,0.0031677675433457,0,0
"2025-06-19 00:00:00","2025-06-19 01:00:00",Nederland,Wind,Hour,UTC,Providing,Current,3303,3303,0.00049164000665769,0,0
"2025-06-19 01:00:00","2025-06-19 02:00:00",Nederland,Wind,Hour,UTC,Providing,Current,0,0,0,0,0
"2025-06-19 02:00:00","2025-06-19 03:00:00",Nederland,Wind,Hour,UTC,Providing,Current,18754,18754,0.0027914303354919,0,0
"2025-06-19 03:00:00","2025-06-19 04:00:00",Nederland,Wind,Hour,UTC,Providing,Current,28036,28036,0.004172982648015,0,0
"2025-06-19 04:00:00","2025-06-19 05:00:00",Nederland,Wind,Hour,UTC,Providing,Current,33797,33797,0.0050304373726249,0,0
"2025-06-19 05:00:00","2025-06-19 06:00:00",Nederland,Wind,Hour,UTC,Providing,Current,66471,66471,0.0098936650902033,0,0
"2025-06-19 06:00:00","2025-06-19 07:00:00",Nederland,Wind,Hour,UTC,Providing,Current,317936,317936,0.047321848571301,0,0
"2025-06-19 07:00:00","2025-06-19 08:00:00",Nederland,Wind,Hour,UTC,Providing,Current,681931,681931,0.10149852186441,0,0
"2025-06-19 08:00:00","2025-06-19 09:00:00",Nederland,Wind,Hour,UTC,Providing,Current,675642,675642,0.10056170076132,0,0
"2025-06-19 09:00:00","2025-06-19 10:00:00",Nederland,Wind,Hour,UTC,Providing,Current,615796,615796,0.091654002666473,0,0
"2025-06-19 10:00:00","2025-06-19 11:00:00",Nederland,Wind,Hour,UTC,Providing,Current,485067,485067,0.072196073830128,0,0
"2025-06-19 11:00:00","2025-06-19 12:00:00",Nederland,Wind,Hour,UTC,Providing,Current,527881,527881,0.078567922115326,0,0
"2025-06-19 12:00:00","2025-06-19 13:00:00",Nederland,Wind,Hour,UTC,Providing,Current,576634,576634,0.085823602974415,0,0
"2025-06-19 13:00:00","2025-06-19 14:00:00",Nederland,Wind,Hour,UTC,Providing,Current,640048,640048,0.095261253416538,0,0
"2025-06-19 14:00:00","2025-06-19 15:00:00",Nederland,Wind,Hour,UTC,Providing,Current,748954,748954,0.11146975308657,0,0
"2025-06-19 15:00:00","2025-06-19 16:00:00",Nederland,Wind,Hour,UTC,Providing,Current,940283,940283,0.13994525372982,0,0
"2025-06-19 16:00:00","2025-06-19 17:00:00",Nederland,Wind,Hour,UTC,Providing,Current,1127730,1127730,0.16784200072289,0,0
"2025-06-19 17:00:00","2025-06-19 18:00:00",Nederland,Wind,Hour,UTC,Providing,Current,1166656,1166656,0.17363449931145,0,0
"2025-06-19 18:00:00","2025-06-19 19:00:00",Nederland,Wind,Hour,UTC,Providing,Current,1252821,1252821,0.18645749986172,0,0
"2025-06-19 19:00:00","2025-06-19 20:00:00",Nederland,Wind,Hour,UTC,Providing,Current,912146,912146,0.13575400412083,0,0
"2025-06-19 20:00:00","2025-06-19 21:00:00",Nederland,Wind,Hour,UTC,Providing,Current,578437,578437,0.086087748408318,0,0
"2025-06-19 21:00:00","2025-06-19 22:00:00",Nederland,Wind,Hour,UTC,Providing,Current,467368,467368,0.069557122886181,0,0
"2025-06-19 22:00:00","2025-06-19 23:00:00",Nederland,Wind,Hour,UTC,Providing,Current,467905,467905,0.069636628031731,0,0
"2025-06-19 23:00:00","2025-06-20 00:00:00",Nederland,Wind,Hour,UTC,Providing,Current,476136,476136,0.070861175656319,0,0
"2025-06-20 00:00:00","2025-06-20 01:00:00",Nederland,Wind,Hour,UTC,Providing,Current,380503,380503,0.056628223508596,0,0
"2025-06-20 01:00:00","2025-06-20 02:00:00",Nederland,Wind,Hour,UTC,Providing,Current,398008,398008,0.059233024716377,0,0
"2025-06-20 02:00:00","2025-06-20 03:00:00",Nederland,Wind,Hour,UTC,Providing,Current,442221,442221,0.065812572836876,0,0
"2025-06-20 03:00:00","2025-06-20 04:00:00",Nederland,Wind,Hour,UTC,Providing,Current,420036,420036,0.062510550022125,0,0
"2025-06-20 04:00:00","2025-06-20 05:00:00",Nederland,Wind,Hour,UTC,Providing,Current,439999,439999,0.065481096506119,0,0
"2025-06-20 05:00:00","2025-06-20 06:00:00",Nederland,Wind,Hour,UTC,Providing,Current,503297,503297,0.074900701642036,0,0
"2025-06-20 06:00:00","2025-06-20 07:00:00",Nederland,Wind,Hour,UTC,Providing,Current,703512,703512,0.10469584912062,0,0
"2025-06-20 07:00:00","2025-06-20 08:00:00",Nederland,Wind,Hour,UTC,Providing,Current,808275,808275,0.12028624862432,0,0
"2025-06-20 08:00:00","2025-06-20 09:00:00",Nederland,Wind,Hour,UTC,Providing,Current,542675,542675,0.080759473145008,0,0
"2025-06-20 09:00:00","2025-06-20 10:00:00",Nederland,Wind,Hour,UTC,Providing,Current,399949,399949,0.059519000351429,0,0
"2025-06-20 10:00:00","2025-06-20 11:00:00",Nederland,Wind,Hour,UTC,Providing,Current,368609,368609,0.05485475063324,0,0
"2025-06-20 11:00:00","2025-06-20 12:00:00",Nederland,Wind,Hour,UTC,Providing,Current,512582,512582,0.076279699802399,0,0
"2025-06-20 12:00:00","2025-06-20 13:00:00",Nederland,Wind,Hour,UTC,Providing,Current,654338,654338,0.097374498844147,0,0
"2025-06-20 13:00:00","2025-06-20 14:00:00",Nederland,Wind,Hour,UTC,Providing,Current,748242,748242,0.11134800314903,0,0
"2025-06-20 14:00:00","2025-06-20 15:00:00",Nederland,Wind,Hour,UTC,Providing,Current,1065818,1065818,0.15860624611378,0,0
"2025-06-20 15:00:00","2025-06-20 16:00:00",Nederland,Wind,Hour,UTC,Providing,Current,1475959,1475959,0.21963874995708,0,0
"2025-06-20 16:00:00","2025-06-20 17:00:00",Nederland,Wind,Hour,UTC,Providing,Current,1570009,1570009,0.23363299667835,0,0
"2025-06-20 17:00:00","2025-06-20 18:00:00",Nederland,Wind,Hour,UTC,Providing,Current,1432641,1432641,0.21319000422955,0,0
"2025-06-20 18:00:00","2025-06-20 19:00:00",Nederland,Wind,Hour,UTC,Providing,Current,1172670,1172670,0.17450299859047,0,0
"2025-06-20 19:00:00","2025-06-20 20:00:00",Nederland,Wind,Hour,UTC,Providing,Current,596645,596645,0.088785275816917,0,0
"2025-06-20 20:00:00","2025-06-20 21:00:00",Nederland,Wind,Hour,UTC,Providing,Current,288426,288426,0.042919676750898,0,0
"2025-06-20 21:00:00","2025-06-20 22:00:00",Nederland,Wind,Hour,UTC,Providing,Current,273390,273390,0.040681924670935,0,0
"2025-06-20 22:00:00","2025-06-20 23:00:00",Nederland,Wind,Hour,UTC,Providing,Current,303279,303279,0.04512932524085,0,0
"2025-06-20 23:00:00","2025-06-21 00:00:00",Nederland,Wind,Hour,UTC,Providing,Current,386814,386814,0.057559374719858,0,0
"2025-06-21 00:00:00","2025-06-21 01:00:00",Nederland,Wind,Hour,UTC,Providing,Current,342057,342057,0.050899051129818,0,0
"2025-06-21 01:00:00","2025-06-21 02:00:00",Nederland,Wind,Hour,UTC,Providing,Current,324791,324791,0.048329524695873,0,0
"2025-06-21 02:00:00","2025-06-21 03:00:00",Nederland,Wind,Hour,UTC,Providing,Current,236073,236073,0.035127874463797,0,0
"2025-06-21 03:00:00","2025-06-21 04:00:00",Nederland,Wind,Hour,UTC,Providing,Current,217928,217928,0.032427698373795,0,0
"2025-06-21 04:00:00","2025-06-21 05:00:00",Nederland,Wind,Hour,UTC,Providing,Current,252509,252509,0.037573125213385,0,0
"2025-06-21 05:00:00","2025-06-21 06:00:00",Nederland,Wind,Hour,UTC,Providing,Current,228923,228923,0.034063350409269,0,0
"2025-06-21 06:00:00","2025-06-21 07:00:00",Nederland,Wind,Hour,UTC,Providing,Current,263688,263688,0.039236050099134,0,0
"2025-06-21 07:00:00","2025-06-21 08:00:00",Nederland,Wind,Hour,UTC,Providing,Current,425980,425980,0.06338432431221,0,0
"2025-06-21 08:00:00","2025-06-21 09:00:00",Nederland,Wind,Hour,UTC,Providing,Current,413587,413587,0.061539925634861,0,0
"2025-06-21 09:00:00","2025-06-21 10:00:00",Nederland,Wind,Hour,UTC,Providing,Current,458988,458988,0.06829497218132,0,0
"2025-06-21 10:00:00","2025-06-21 11:00:00",Nederland,Wind,Hour,UTC,Providing,Current,669497,669497,0.099617049098015,0,0
"2025-06-21 11:00:00","2025-06-21 12:00:00",Nederland,Wind,Hour,UTC,Providing,Current,756506,756506,0.1125624999404,0,0
"2025-06-21 12:00:00","2025-06-21 13:00:00",Nederland,Wind,Hour,UTC,Providing,Current,757328,757328,0.11268424987793,0,0
"2025-06-21 13:00:00","2025-06-21 14:00:00",Nederland,Wind,Hour,UTC,Providing,Current,673977,673977,0.10028177499771,0,0
"2025-06-21 14:00:00","2025-06-21 15:00:00",Nederland,Wind,Hour,UTC,Providing,Current,544195,544195,0.080970823764801,0,0
"2025-06-21 15:00:00","2025-06-21 16:00:00",Nederland,Wind,Hour,UTC,Providing,Current,436973,436973,0.065016873180866,0,0
"2025-06-21 16:00:00","2025-06-21 17:00:00",Nederland,Wind,Hour,UTC,Providing,Current,379540,379540,0.056471075862646,0,0
"2025-06-21 17:00:00","2025-06-21 18:00:00",Nederland,Wind,Hour,UTC,Providing,Current,278180,278180,0.041389673948288,0,0
"2025-06-21 18:00:00","2025-06-21 19:00:00",Nederland,Wind,Hour,UTC,Providing,Current,129599,129599,0.019282599911094,0,0
"2025-06-21 19:00:00","2025-06-21 20:00:00",Nederland,Wind,Hour,UTC,Providing,Current,71299,71299,0.01060825958848,0,0
"2025-06-21 20:00:00","2025-06-21 21:00:00",Nederland,Wind,Hour,UTC,Providing,Current,102005,102005,0.015176800079644,0,0
"2025-06-21 21:00:00","2025-06-21 22:00:00",Nederland,Wind,Hour,UTC,Providing,Current,91302,91302,0.013584249652922,0,0
"2025-06-21 22:00:00","2025-06-21 23:00:00",Nederland,Wind,Hour,UTC,Providing,Current,201204,201204,0.029935700818896,0,0
"2025-06-21 23:00:00","2025-06-22 00:00:00",Nederland,Wind,Hour,UTC,Providing,Current,340757,340757,0.050698474049568,0,0
"2025-06-22 00:00:00","2025-06-22 01:00:00",Nederland,Wind,Hour,UTC,Providing,Current,379113,379113,0.05640485137701,0,0
"2025-06-22 01:00:00","2025-06-22 02:00:00",Nederland,Wind,Hour,UTC,Providing,Current,313469,313469,0.046637948602438,0,0
"2025-06-22 02:00:00","2025-06-22 03:00:00",Nederland,Wind,Hour,UTC,Providing,Current,407015,407015,0.060555350035429,0,0
"2025-06-22 03:00:00","2025-06-22 04:00:00",Nederland,Wind,Hour,UTC,Providing,Current,595735,595735,0.088632524013519,0,0
"2025-06-22 04:00:00","2025-06-22 05:00:00",Nederland,Wind,Hour,UTC,Providing,Current,732292,732292,0.10894849896431,0,0
"2025-06-22 05:00:00","2025-06-22 06:00:00",Nederland,Wind,Hour,UTC,Providing,Current,930354,930354,0.13841499388218,0,0
"2025-06-22 06:00:00","2025-06-22 07:00:00",Nederland,Wind,Hour,UTC,Providing,Current,1295623,1295623,0.19275699555874,0,0
"2025-06-22 07:00:00","2025-06-22 08:00:00",Nederland,Wind,Hour,UTC,Providing,Current,1858197,1858197,0.27645274996758,0,0
"2025-06-22 08:00:00","2025-06-22 09:00:00",Nederland,Wind,Hour,UTC,Providing,Current,2713381,2713381,0.4036799967289,0,0
"2025-06-22 09:00:00","2025-06-22 10:00:00",Nederland,Wind,Hour,UTC,Providing,Current,2927490,2927490,0.43553099036217,0,0
"2025-06-22 10:00:00","2025-06-22 11:00:00",Nederland,Wind,Hour,UTC,Providing,Current,1820253,1820253,0.27080273628235,0,0
"2025-06-22 11:00:00","2025-06-22 12:00:00",Nederland,Wind,Hour,UTC,Providing,Current,988598,988598,0.14707474410534,0,0
"2025-06-22 12:00:00","2025-06-22 13:00:00",Nederland,Wind,Hour,UTC,Providing,Current,1685561,1685561,0.25076100230217,0,0
"2025-06-22 13:00:00","2025-06-22 14:00:00",Nederland,Wind,Hour,UTC,Providing,Current,2624684,2624684,0.39047250151634,0,0
"2025-06-22 14:00:00","2025-06-22 15:00:00",Nederland,Wind,Hour,UTC,Providing,Current,3595049,3595049,0.53482925891876,0,0
"2025-06-22 15:00:00","2025-06-22 16:00:00",Nederland,Wind,Hour,UTC,Providing,Current,4332586,4332586,0.64454752206802,0,0
"2025-06-22 16:00:00","2025-06-22 17:00:00",Nederland,Wind,Hour,UTC,Providing,Current,3833935,3833935,0.57036125659943,0,0
"2025-06-22 17:00:00","2025-06-22 18:00:00",Nederland,Wind,Hour,UTC,Providing,Current,3865287,3865287,0.57502174377441,0,0
"2025-06-22 18:00:00","2025-06-22 19:00:00",Nederland,Wind,Hour,UTC,Providing,Current,3868917,3868917,0.57555848360062,0,0
"2025-06-22 19:00:00","2025-06-22 20:00:00",Nederland,Wind,Hour,UTC,Providing,Current,3572938,3572938,0.53152400255203,0,0
"2025-06-22 20:00:00","2025-06-22 21:00:00",Nederland,Wind,Hour,UTC,Providing,Current,3577746,3577746,0.5322357416153,0,0
"2025-06-22 21:00:00","2025-06-22 22:00:00",Nederland,Wind,Hour,UTC,Providing,Current,3674873,3674873,0.54668152332306,0,0
"2025-06-22 22:00:00","2025-06-22 23:00:00",Nederland,Wind,Hour,UTC,Providing,Current,3881874,3881874,0.57747149467468,0,0
"2025-06-22 23:00:00","2025-06-23 00:00:00",Nederland,Wind,Hour,UTC,Providing,Current,4240126,4240126,0.63076198101044,0,0
"2025-06-23 00:00:00","2025-06-23 01:00:00",Nederland,Wind,Hour,UTC,Providing,Current,4467548,4467548,0.66458922624588,0,0
"2025-06-23 01:00:00","2025-06-23 02:00:00",Nederland,Wind,Hour,UTC,Providing,Current,4028698,4028698,0.59930276870728,0,0
"2025-06-23 02:00:00","2025-06-23 03:00:00",Nederland,Wind,Hour,UTC,Providing,Current,4043176,4043176,0.60145252943039,0,0
"2025-06-23 03:00:00","2025-06-23 04:00:00",Nederland,Wind,Hour,UTC,Providing,Current,4345506,4345506,0.64642250537872,0,0
"2025-06-23 04:00:00","2025-06-23 05:00:00",Nederland,Wind,Hour,UTC,Providing,Current,4591512,4591512,0.68301326036453,0,0
"2025-06-23 05:00:00","2025-06-23 06:00:00",Nederland,Wind,Hour,UTC,Providing,Current,5195096,5195096,0.77279502153397,0,0
"2025-06-23 06:00:00","2025-06-23 07:00:00",Nederland,Wind,Hour,UTC,Providing,Current,5571083,5571083,0.82871997356415,0,0
"2025-06-23 07:00:00","2025-06-23 08:00:00",Nederland,Wind,Hour,UTC,Providing,Current,5809029,5809029,0.86410999298096,0,0
"2025-06-23 08:00:00","2025-06-23 09:00:00",Nederland,Wind,Hour,UTC,Providing,Current,5886878,5886878,0.87568497657776,0,0
"2025-06-23 09:00:00","2025-06-23 10:00:00",Nederland,Wind,Hour,UTC,Providing,Current,6013910,6013910,0.89457601308823,0,0
"2025-06-23 10:00:00","2025-06-23 11:00:00",Nederland,Wind,Hour,UTC,Providing,Current,6234340,6234340,0.92735922336578,0,0
"2025-06-23 11:00:00","2025-06-23 12:00:00",Nederland,Wind,Hour,UTC,Providing,Current,6457124,6457124,0.96049273014069,0,0
"2025-06-23 12:00:00","2025-06-23 13:00:00",Nederland,Wind,Hour,UTC,Providing,Current,6516073,6516073,0.96925550699234,0,0
"2025-06-23 13:00:00","2025-06-23 14:00:00",Nederland,Wind,Hour,UTC,Providing,Current,6590761,6590761,0.98035901784897,0,0
"2025-06-23 14:00:00","2025-06-23 15:00:00",Nederland,Wind,Hour,UTC,Providing,Current,6501606,6501606,0.9670917391777,0,0
"2025-06-23 15:00:00","2025-06-23 16:00:00",Nederland,Wind,Hour,UTC,Providing,Current,6359627,6359627,0.94596672058105,0,0
"2025-06-23 16:00:00","2025-06-23 17:00:00",Nederland,Wind,Hour,UTC,Providing,Current,6131431,6131431,0.91201823949814,0,0
"2025-06-23 17:00:00","2025-06-23 18:00:00",Nederland,Wind,Hour,UTC,Providing,Current,5682380,5682380,0.84521925449371,0,0
"2025-06-23 18:00:00","2025-06-23 19:00:00",Nederland,Wind,Hour,UTC,Providing,Current,4827466,4827466,0.71805149316788,0,0
"2025-06-23 19:00:00","2025-06-23 20:00:00",Nederland,Wind,Hour,UTC,Providing,Current,3886936,3886936,0.57815074920654,0,0
"2025-06-23 20:00:00","2025-06-23 21:00:00",Nederland,Wind,Hour,UTC,Providing,Current,3006179,3006179,0.44714251160622,0,0
"2025-06-23 21:00:00","2025-06-23 22:00:00",Nederland,Wind,Hour,UTC,Providing,Current,2460016,2460016,0.36590349674225,0,0
"2025-06-23 22:00:00","2025-06-23 23:00:00",Nederland,Wind,Hour,UTC,Providing,Current,2270769,2270769,0.33775225281715,0,0
"2025-06-23 23:00:00","2025-06-24 00:00:00",Nederland,Wind,Hour,UTC,Providing,Current,2066326,2066326,0.30734199285507,0,0
"2025-06-24 00:00:00","2025-06-24 01:00:00",Nederland,Wind,Hour,UTC,Providing,Current,1787022,1787022,0.2657972574234,0,0
"2025-06-24 01:00:00","2025-06-24 02:00:00",Nederland,Wind,Hour,UTC,Providing,Current,1632560,1632560,0.24282149970531,0,0
"2025-06-24 02:00:00","2025-06-24 03:00:00",Nederland,Wind,Hour,UTC,Providing,Current,1644619,1644619,0.24461349844933,0,0
"2025-06-24 03:00:00","2025-06-24 04:00:00",Nederland,Wind,Hour,UTC,Providing,Current,1687420,1687420,0.25097799301147,0,0
"2025-06-24 04:00:00","2025-06-24 05:00:00",Nederland,Wind,Hour,UTC,Providing,Current,1744967,1744967,0.25953549146652,0,0
"2025-06-24 05:00:00","2025-06-24 06:00:00",Nederland,Wind,Hour,UTC,Providing,Current,2301449,2301449,0.34230148792267,0,0
"2025-06-24 06:00:00","2025-06-24 07:00:00",Nederland,Wind,Hour,UTC,Providing,Current,3021159,3021159,0.44934326410294,0,0
"2025-06-24 07:00:00","2025-06-24 08:00:00",Nederland,Wind,Hour,UTC,Providing,Current,3803078,3803078,0.56563627719879,0,0
"2025-06-24 08:00:00","2025-06-24 09:00:00",Nederland,Wind,Hour,UTC,Providing,Current,4750356,4750356,0.7065212726593,0,0
"2025-06-24 09:00:00","2025-06-24 10:00:00",Nederland,Wind,Hour,UTC,Providing,Current,5824284,5824284,0.86624199151993,0,0
"2025-06-24 10:00:00","2025-06-24 11:00:00",Nederland,Wind,Hour,UTC,Providing,Current,6103978,6103978,0.90783524513245,0,0
"2025-06-24 11:00:00","2025-06-24 12:00:00",Nederland,Wind,Hour,UTC,Providing,Current,6252438,6252438,0.92990952730179,0,0
"2025-06-24 12:00:00","2025-06-24 13:00:00",Nederland,Wind,Hour,UTC,Providing,Current,6261810,6261810,0.93129777908325,0,0
"2025-06-24 13:00:00","2025-06-24 14:00:00",Nederland,Wind,Hour,UTC,Providing,Current,5964202,5964202,0.88703000545502,0,0
"2025-06-24 14:00:00","2025-06-24 15:00:00",Nederland,Wind,Hour,UTC,Providing,Current,5897511,5897511,0.87710601091385,0,0
"2025-06-24 15:00:00","2025-06-24 16:00:00",Nederland,Wind,Hour,UTC,Providing,Current,5798587,5798587,0.86238849163055,0,0
"2025-06-24 16:00:00","2025-06-24 17:00:00",Nederland,Wind,Hour,UTC,Providing,Current,5616787,5616787,0.83534550666809,0,0
"2025-06-24 17:00:00","2025-06-24 18:00:00",Nederland,Wind,Hour,UTC,Providing,Current,5414389,5414389,0.80523926019669,0,0
"2025-06-24 18:00:00","2025-06-24 19:00:00",Nederland,Wind,Hour,UTC,Providing,Current,4895672,4895672,0.72808998823166,0,0
"2025-06-24 19:00:00","2025-06-24 20:00:00",Nederland,Wind,Hour,UTC,Providing,Current,4617354,4617354,0.68669426441193,0,0
"2025-06-24 20:00:00","2025-06-24 21:00:00",Nederland,Wind,Hour,UTC,Providing,Current,4388985,4388985,0.65272700786591,0,0
"2025-06-24 21:00:00","2025-06-24 22:00:00",Nederland,Wind,Hour,UTC,Providing,Current,3945903,3945903,0.5868284702301,0,0
"2025-06-24 22:00:00","2025-06-24 23:00:00",Nederland,Wind,Hour,UTC,Providing,Current,3523464,3523464,0.52400124073029,0,0
"2025-06-24 23:00:00","2025-06-25 00:00:00",Nederland,Wind,Hour,UTC,Providing,Current,3101365,3101365,0.46122449636459,0,0
"2025-06-25 00:00:00","2025-06-25 01:00:00",Nederland,Wind,Hour,UTC,Providing,Current,2784700,2784700,0.41412875056267,0,0
"2025-06-25 01:00:00","2025-06-25 02:00:00",Nederland,Wind,Hour,UTC,Providing,Current,2384867,2384867,0.35466524958611,0,0
"2025-06-25 02:00:00","2025-06-25 03:00:00",Nederland,Wind,Hour,UTC,Providing,Current,2273729,2273729,0.33813524246216,0,0
"2025-06-25 03:00:00","2025-06-25 04:00:00",Nederland,Wind,Hour,UTC,Providing,Current,2041886,2041886,0.30365499854088,0,0
"2025-06-25 04:00:00","2025-06-25 05:00:00",Nederland,Wind,Hour,UTC,Providing,Current,1839293,1839293,0.27352523803711,0,0
"2025-06-25 05:00:00","2025-06-25 06:00:00",Nederland,Wind,Hour,UTC,Providing,Current,1622893,1622893,0.24134249985218,0,0
"2025-06-25 06:00:00","2025-06-25 07:00:00",Nederland,Wind,Hour,UTC,Providing,Current,1873967,1873967,0.27867823839188,0,0
"2025-06-25 07:00:00","2025-06-25 08:00:00",Nederland,Wind,Hour,UTC,Providing,Current,1970079,1970079,0.29296898841858,0,0
"2025-06-25 08:00:00","2025-06-25 09:00:00",Nederland,Wind,Hour,UTC,Providing,Current,1906942,1906942,0.28357848525047,0,0
"2025-06-25 09:00:00","2025-06-25 10:00:00",Nederland,Wind,Hour,UTC,Providing,Current,1755181,1755181,0.26100873947144,0,0
"2025-06-25 10:00:00","2025-06-25 11:00:00",Nederland,Wind,Hour,UTC,Providing,Current,1548981,1548981,0.23034374415874,0,0
"2025-06-25 11:00:00","2025-06-25 12:00:00",Nederland,Wind,Hour,UTC,Providing,Current,1595469,1595469,0.2372554987669,0,0
"2025-06-25 12:00:00","2025-06-25 13:00:00",Nederland,Wind,Hour,UTC,Providing,Current,1632643,1632643,0.24278225004673,0,0
"2025-06-25 13:00:00","2025-06-25 14:00:00",Nederland,Wind,Hour,UTC,Providing,Current,1265092,1265092,0.18812400102615,0,0
"2025-06-25 14:00:00","2025-06-25 15:00:00",Nederland,Wind,Hour,UTC,Providing,Current,1010339,1010339,0.15024049580097,0,0
"2025-06-25 15:00:00","2025-06-25 16:00:00",Nederland,Wind,Hour,UTC,Providing,Current,736961,736961,0.10958775132895,0,0
"2025-06-25 16:00:00","2025-06-25 17:00:00",Nederland,Wind,Hour,UTC,Providing,Current,530910,530910,0.078947000205517,0,0
"2025-06-25 17:00:00","2025-06-25 18:00:00",Nederland,Wind,Hour,UTC,Providing,Current,283134,283134,0.042102124541998,0,0
"2025-06-25 18:00:00","2025-06-25 19:00:00",Nederland,Wind,Hour,UTC,Providing,Current,194855,194855,0.02897484973073,0,0
"2025-06-25 19:00:00","2025-06-25 20:00:00",Nederland,Wind,Hour,UTC,Providing,Current,157424,157424,0.023408750072122,0,0
"2025-06-25 20:00:00","2025-06-25 21:00:00",Nederland,Wind,Hour,UTC,Providing,Current,115199,115199,0.017129825428128,0,0
"2025-06-25 21:00:00","2025-06-25 22:00:00",Nederland,Wind,Hour,UTC,Providing,Current,104100,104100,0.015479350462556,0,0
"2025-06-25 22:00:00","2025-06-25 23:00:00",Nederland,Wind,Hour,UTC,Providing,Current,198106,198106,0.029457524418831,0,0
"2025-06-25 23:00:00","2025-06-26 00:00:00",Nederland,Wind,Hour,UTC,Providing,Current,395347,395347,0.058786101639271,0,0
"2025-06-26 00:00:00","2025-06-26 01:00:00",Nederland,Wind,Hour,UTC,Providing,Current,442519,442519,0.065799921751022,0,0
"2025-06-26 01:00:00","2025-06-26 02:00:00",Nederland,Wind,Hour,UTC,Providing,Current,347340,347340,0.051647048443556,0,0
"2025-06-26 02:00:00","2025-06-26 03:00:00",Nederland,Wind,Hour,UTC,Providing,Current,201808,201808,0.030007300898433,0,0
"2025-06-26 03:00:00","2025-06-26 04:00:00",Nederland,Wind,Hour,UTC,Providing,Current,140015,140015,0.020819025114179,0,0
"2025-06-26 04:00:00","2025-06-26 05:00:00",Nederland,Wind,Hour,UTC,Providing,Current,275763,275763,0.041003324091434,0,0
"2025-06-26 05:00:00","2025-06-26 06:00:00",Nederland,Wind,Hour,UTC,Providing,Current,541769,541769,0.080555275082588,0,0
"2025-06-26 06:00:00","2025-06-26 07:00:00",Nederland,Wind,Hour,UTC,Providing,Current,1097333,1097333,0.16316099464893,0,0
"2025-06-26 07:00:00","2025-06-26 08:00:00",Nederland,Wind,Hour,UTC,Providing,Current,1464635,1464635,0.21777300536633,0,0
"2025-06-26 08:00:00","2025-06-26 09:00:00",Nederland,Wind,Hour,UTC,Providing,Current,1874092,1874092,0.27865275740623,0,0
"2025-06-26 09:00:00","2025-06-26 10:00:00",Nederland,Wind,Hour,UTC,Providing,Current,2436785,2436785,0.36231523752213,0,0
"2025-06-26 10:00:00","2025-06-26 11:00:00",Nederland,Wind,Hour,UTC,Providing,Current,3158731,3158731,0.46965575218201,0,0
"2025-06-26 11:00:00","2025-06-26 12:00:00",Nederland,Wind,Hour,UTC,Providing,Current,4288226,4288226,0.63759052753448,0,0
"2025-06-26 12:00:00","2025-06-26 13:00:00",Nederland,Wind,Hour,UTC,Providing,Current,5064239,5064239,0.75296676158905,0,0
"2025-06-26 13:00:00","2025-06-26 14:00:00",Nederland,Wind,Hour,UTC,Providing,Current,5466299,5466299,0.81274127960205,0,0
"2025-06-26 14:00:00","2025-06-26 15:00:00",Nederland,Wind,Hour,UTC,Providing,Current,6005073,6005073,0.892842233181,0,0
"2025-06-26 15:00:00","2025-06-26 16:00:00",Nederland,Wind,Hour,UTC,Providing,Current,5879839,5879839,0.87421697378159,0,0
"2025-06-26 16:00:00","2025-06-26 17:00:00",Nederland,Wind,Hour,UTC,Providing,Current,5837285,5837285,0.867884516716,0,0
"2025-06-26 17:00:00","2025-06-26 18:00:00",Nederland,Wind,Hour,UTC,Providing,Current,5452954,5452954,0.81073772907257,0,0
"2025-06-26 18:00:00","2025-06-26 19:00:00",Nederland,Wind,Hour,UTC,Providing,Current,5351319,5351319,0.79562175273895,0,0
"2025-06-26 19:00:00","2025-06-26 20:00:00",Nederland,Wind,Hour,UTC,Providing,Current,5120240,5120240,0.76126074790955,0,0
"2025-06-26 20:00:00","2025-06-26 21:00:00",Nederland,Wind,Hour,UTC,Providing,Current,4587365,4587365,0.68203073740005,0,0
"2025-06-26 21:00:00","2025-06-26 22:00:00",Nederland,Wind,Hour,UTC,Providing,Current,3854986,3854986,0.57314002513885,0,0
"2025-06-26 22:00:00","2025-06-26 23:00:00",Nederland,Wind,Hour,UTC,Providing,Current,2460868,2460868,0.3658674955368,0,0
"2025-06-26 23:00:00","2025-06-27 00:00:00",Nederland,Wind,Hour,UTC,Providing,Current,1517854,1517854,0.22566424310207,0,0
"2025-06-27 00:00:00","2025-06-27 01:00:00",Nederland,Wind,Hour,UTC,Providing,Current,963855,963855,0.14329825341702,0,0
"2025-06-27 01:00:00","2025-06-27 02:00:00",Nederland,Wind,Hour,UTC,Providing,Current,824822,824822,0.12262749671936,0,0
"2025-06-27 02:00:00","2025-06-27 03:00:00",Nederland,Wind,Hour,UTC,Providing,Current,748974,748974,0.11135049909353,0,0
"2025-06-27 03:00:00","2025-06-27 04:00:00",Nederland,Wind,Hour,UTC,Providing,Current,745898,745898,0.11089225113392,0,0
"2025-06-27 04:00:00","2025-06-27 05:00:00",Nederland,Wind,Hour,UTC,Providing,Current,640577,640577,0.095233723521233,0,0
"2025-06-27 05:00:00","2025-06-27 06:00:00",Nederland,Wind,Hour,UTC,Providing,Current,420161,420161,0.062464375048876,0,0
"2025-06-27 06:00:00","2025-06-27 07:00:00",Nederland,Wind,Hour,UTC,Providing,Current,333740,333740,0.049616076052189,0,0
"2025-06-27 07:00:00","2025-06-27 08:00:00",Nederland,Wind,Hour,UTC,Providing,Current,602746,602746,0.089607775211334,0,0
"2025-06-27 08:00:00","2025-06-27 09:00:00",Nederland,Wind,Hour,UTC,Providing,Current,1141495,1141495,0.16970025002956,0,0
"2025-06-27 09:00:00","2025-06-27 10:00:00",Nederland,Wind,Hour,UTC,Providing,Current,1735233,1735233,0.25796648859978,0,0
"2025-06-27 10:00:00","2025-06-27 11:00:00",Nederland,Wind,Hour,UTC,Providing,Current,2114005,2114005,0.31427448987961,0,0
"2025-06-27 11:00:00","2025-06-27 12:00:00",Nederland,Wind,Hour,UTC,Providing,Current,2341023,2341023,0.34802174568176,0,0
"2025-06-27 12:00:00","2025-06-27 13:00:00",Nederland,Wind,Hour,UTC,Providing,Current,3166729,3166729,0.47077023983002,0,0
"2025-06-27 13:00:00","2025-06-27 14:00:00",Nederland,Wind,Hour,UTC,Providing,Current,3291143,3291143,0.4892629981041,0,0
"2025-06-27 14:00:00","2025-06-27 15:00:00",Nederland,Wind,Hour,UTC,Providing,Current,3026183,3026183,0.44987100362778,0,0
"2025-06-27 15:00:00","2025-06-27 16:00:00",Nederland,Wind,Hour,UTC,Providing,Current,3257277,3257277,0.48422250151634,0,0
"2025-06-27 16:00:00","2025-06-27 17:00:00",Nederland,Wind,Hour,UTC,Providing,Current,3199333,3199333,0.47560575604439,0,0
"2025-06-27 17:00:00","2025-06-27 18:00:00",Nederland,Wind,Hour,UTC,Providing,Current,2663213,2663213,0.39590498805046,0,0
"2025-06-27 18:00:00","2025-06-27 19:00:00",Nederland,Wind,Hour,UTC,Providing,Current,2270544,2270544,0.33752998709679,0,0
"2025-06-27 19:00:00","2025-06-27 20:00:00",Nederland,Wind,Hour,UTC,Providing,Current,2110824,2110824,0.31378450989723,0,0
"2025-06-27 20:00:00","2025-06-27 21:00:00",Nederland,Wind,Hour,UTC,Providing,Current,2047404,2047404,0.30435526371002,0,0
"2025-06-27 21:00:00","2025-06-27 22:00:00",Nederland,Wind,Hour,UTC,Providing,Current,2198754,2198754,0.32685175538063,0,0
"2025-06-27 22:00:00","2025-06-27 23:00:00",Nederland,Wind,Hour,UTC,Providing,Current,2593388,2593388,0.38551300764084,0,0
"2025-06-27 23:00:00","2025-06-28 00:00:00",Nederland,Wind,Hour,UTC,Providing,Current,2557823,2557823,0.38022398948669,0,0
"2025-06-28 00:00:00","2025-06-28 01:00:00",Nederland,Wind,Hour,UTC,Providing,Current,2452274,2452274,0.36453175544739,0,0
"2025-06-28 01:00:00","2025-06-28 02:00:00",Nederland,Wind,Hour,UTC,Providing,Current,2400432,2400432,0.3568232357502,0,0
"2025-06-28 02:00:00","2025-06-28 03:00:00",Nederland,Wind,Hour,UTC,Providing,Current,2395729,2395729,0.35612198710442,0,0
"2025-06-28 03:00:00","2025-06-28 04:00:00",Nederland,Wind,Hour,UTC,Providing,Current,2339339,2339339,0.34773749113083,0,0
"2025-06-28 04:00:00","2025-06-28 05:00:00",Nederland,Wind,Hour,UTC,Providing,Current,2414935,2414935,0.35897248983383,0,0
"2025-06-28 05:00:00","2025-06-28 06:00:00",Nederland,Wind,Hour,UTC,Providing,Current,2808997,2808997,0.41754600405693,0,0
"2025-06-28 06:00:00","2025-06-28 07:00:00",Nederland,Wind,Hour,UTC,Providing,Current,3551526,3551526,0.52791672945023,0,0
"2025-06-28 07:00:00","2025-06-28 08:00:00",Nederland,Wind,Hour,UTC,Providing,Current,4068441,4068441,0.60475027561188,0,0
"2025-06-28 08:00:00","2025-06-28 09:00:00",Nederland,Wind,Hour,UTC,Providing,Current,4087540,4087540,0.60758525133133,0,0
"2025-06-28 09:00:00","2025-06-28 10:00:00",Nederland,Wind,Hour,UTC,Providing,Current,4161839,4161839,0.61862552165985,0,0
"2025-06-28 10:00:00","2025-06-28 11:00:00",Nederland,Wind,Hour,UTC,Providing,Current,4287857,4287857,0.63735324144363,0,0
"2025-06-28 11:00:00","2025-06-28 12:00:00",Nederland,Wind,Hour,UTC,Providing,Current,4233034,4233034,0.62920051813126,0,0
"2025-06-28 12:00:00","2025-06-28 13:00:00",Nederland,Wind,Hour,UTC,Providing,Current,4551051,4551051,0.67646676301956,0,0
"2025-06-28 13:00:00","2025-06-28 14:00:00",Nederland,Wind,Hour,UTC,Providing,Current,4528245,4528245,0.67307275533676,0,0
"2025-06-28 14:00:00","2025-06-28 15:00:00",Nederland,Wind,Hour,UTC,Providing,Current,4218824,4218824,0.62707698345184,0,0
"2025-06-28 15:00:00","2025-06-28 16:00:00",Nederland,Wind,Hour,UTC,Providing,Current,3993403,3993403,0.59356701374054,0,0
"2025-06-28 16:00:00","2025-06-28 17:00:00",Nederland,Wind,Hour,UTC,Providing,Current,4007235,4007235,0.59561973810196,0,0
"2025-06-28 17:00:00","2025-06-28 18:00:00",Nederland,Wind,Hour,UTC,Providing,Current,3622973,3622973,0.53850126266479,0,0
"2025-06-28 18:00:00","2025-06-28 19:00:00",Nederland,Wind,Hour,UTC,Providing,Current,2951464,2951464,0.4386884868145,0,0
"2025-06-28 19:00:00","2025-06-28 20:00:00",Nederland,Wind,Hour,UTC,Providing,Current,2120808,2120808,0.31522274017334,0,0
"2025-06-28 20:00:00","2025-06-28 21:00:00",Nederland,Wind,Hour,UTC,Providing,Current,1741248,1741248,0.25880575180054,0,0
"2025-06-28 21:00:00","2025-06-28 22:00:00",Nederland,Wind,Hour,UTC,Providing,Current,1618647,1618647,0.24058175086975,0,0
"2025-06-28 22:00:00","2025-06-28 23:00:00",Nederland,Wind,Hour,UTC,Providing,Current,1725182,1725182,0.25641450285912,0,0
"2025-06-28 23:00:00","2025-06-29 00:00:00",Nederland,Wind,Hour,UTC,Providing,Current,1902660,1902660,0.28279176354408,0,0
"2025-06-29 00:00:00","2025-06-29 01:00:00",Nederland,Wind,Hour,UTC,Providing,Current,2060986,2060986,0.30632200837135,0,0
"2025-06-29 01:00:00","2025-06-29 02:00:00",Nederland,Wind,Hour,UTC,Providing,Current,1639385,1639385,0.24365849792957,0,0
"2025-06-29 02:00:00","2025-06-29 03:00:00",Nederland,Wind,Hour,UTC,Providing,Current,991875,991875,0.14741949737072,0,0
"2025-06-29 03:00:00","2025-06-29 04:00:00",Nederland,Wind,Hour,UTC,Providing,Current,603554,603554,0.089703850448132,0,0
"2025-06-29 04:00:00","2025-06-29 05:00:00",Nederland,Wind,Hour,UTC,Providing,Current,440759,440759,0.065507873892784,0,0
"2025-06-29 05:00:00","2025-06-29 06:00:00",Nederland,Wind,Hour,UTC,Providing,Current,416316,416316,0.061874650418758,0,0
"2025-06-29 06:00:00","2025-06-29 07:00:00",Nederland,Wind,Hour,UTC,Providing,Current,443420,443420,0.065902553498745,0,0
"2025-06-29 07:00:00","2025-06-29 08:00:00",Nederland,Wind,Hour,UTC,Providing,Current,513809,513809,0.076363548636436,0,0
"2025-06-29 08:00:00","2025-06-29 09:00:00",Nederland,Wind,Hour,UTC,Providing,Current,734737,734737,0.10919787734747,0,0
"2025-06-29 09:00:00","2025-06-29 10:00:00",Nederland,Wind,Hour,UTC,Providing,Current,886047,886047,0.13168475031853,0,0
"2025-06-29 10:00:00","2025-06-29 11:00:00",Nederland,Wind,Hour,UTC,Providing,Current,861552,861552,0.12804399430752,0,0
"2025-06-29 11:00:00","2025-06-29 12:00:00",Nederland,Wind,Hour,UTC,Providing,Current,643921,643921,0.095698803663254,0,0
"2025-06-29 12:00:00","2025-06-29 13:00:00",Nederland,Wind,Hour,UTC,Providing,Current,751560,751560,0.11169520020485,0,0
"2025-06-29 13:00:00","2025-06-29 14:00:00",Nederland,Wind,Hour,UTC,Providing,Current,1164773,1164773,0.17310500144958,0,0
"2025-06-29 14:00:00","2025-06-29 15:00:00",Nederland,Wind,Hour,UTC,Providing,Current,1497734,1497734,0.22258724272251,0,0
"2025-06-29 15:00:00","2025-06-29 16:00:00",Nederland,Wind,Hour,UTC,Providing,Current,1661501,1661501,0.24692450463772,0,0
"2025-06-29 16:00:00","2025-06-29 17:00:00",Nederland,Wind,Hour,UTC,Providing,Current,1855658,1855658,0.27577725052834,0,0
"2025-06-29 17:00:00","2025-06-29 18:00:00",Nederland,Wind,Hour,UTC,Providing,Current,1748588,1748588,0.25986376404762,0,0
"2025-06-29 18:00:00","2025-06-29 19:00:00",Nederland,Wind,Hour,UTC,Providing,Current,1414043,1414043,0.21014450490475,0,0
"2025-06-29 19:00:00","2025-06-29 20:00:00",Nederland,Wind,Hour,UTC,Providing,Current,797532,797532,0.11852235347033,0,0
"2025-06-29 20:00:00","2025-06-29 21:00:00",Nederland,Wind,Hour,UTC,Providing,Current,427904,427904,0.063591077923775,0,0
"2025-06-29 21:00:00","2025-06-29 22:00:00",Nederland,Wind,Hour,UTC,Providing,Current,312567,312567,0.046450525522232,0,0
"2025-06-29 22:00:00","2025-06-29 23:00:00",Nederland,Wind,Hour,UTC,Providing,Current,200388,200388,0.029779424890876,0,0
"2025-06-29 23:00:00","2025-06-30 00:00:00",Nederland,Wind,Hour,UTC,Providing,Current,123635,123635,0.018373174592853,0,0
"2025-06-30 00:00:00","2025-06-30 01:00:00",Nederland,Wind,Hour,UTC,Providing,Current,104892,104892,0.015587675385177,0,0
"2025-06-30 01:00:00","2025-06-30 02:00:00",Nederland,Wind,Hour,UTC,Providing,Current,95937,95937,0.014256824739277,0,0
"2025-06-30 02:00:00","2025-06-30 03:00:00",Nederland,Wind,Hour,UTC,Providing,Current,94496,94496,0.014042600058019,0,0
"2025-06-30 03:00:00","2025-06-30 04:00:00",Nederland,Wind,Hour,UTC,Providing,Current,110626,110626,0.016439499333501,0,0
"2025-06-30 04:00:00","2025-06-30 05:00:00",Nederland,Wind,Hour,UTC,Providing,Current,134564,134564,0.019996674731374,0,0
"2025-06-30 05:00:00","2025-06-30 06:00:00",Nederland,Wind,Hour,UTC,Providing,Current,231386,231386,0.034384548664093,0,0
"2025-06-30 06:00:00","2025-06-30 07:00:00",Nederland,Wind,Hour,UTC,Providing,Current,502263,502263,0.074637047946453,0,0
"2025-06-30 07:00:00","2025-06-30 08:00:00",Nederland,Wind,Hour,UTC,Providing,Current,735338,735338,0.10927149653435,0,0
"2025-06-30 08:00:00","2025-06-30 09:00:00",Nederland,Wind,Hour,UTC,Providing,Current,762348,762348,0.11328475177288,0,0
"2025-06-30 09:00:00","2025-06-30 10:00:00",Nederland,Wind,Hour,UTC,Providing,Current,907477,907477,0.13484999537468,0,0
"2025-06-30 10:00:00","2025-06-30 11:00:00",Nederland,Wind,Hour,UTC,Providing,Current,1275166,1275166,0.18948724865913,0,0
"2025-06-30 11:00:00","2025-06-30 12:00:00",Nederland,Wind,Hour,UTC,Providing,Current,1407397,1407397,0.20913524925709,0,0
"2025-06-30 12:00:00","2025-06-30 13:00:00",Nederland,Wind,Hour,UTC,Providing,Current,1194817,1194817,0.17754524946213,0,0
"2025-06-30 13:00:00","2025-06-30 14:00:00",Nederland,Wind,Hour,UTC,Providing,Current,1123232,1123232,0.16690699756145,0,0
"2025-06-30 14:00:00","2025-06-30 15:00:00",Nederland,Wind,Hour,UTC,Providing,Current,1197129,1197129,0.17788650095463,0,0
"2025-06-30 15:00:00","2025-06-30 16:00:00",Nederland,Wind,Hour,UTC,Providing,Current,1283787,1283787,0.19076250493526,0,0
"2025-06-30 16:00:00","2025-06-30 17:00:00",Nederland,Wind,Hour,UTC,Providing,Current,1390672,1390672,0.20664350688457,0,0
"2025-06-30 17:00:00","2025-06-30 18:00:00",Nederland,Wind,Hour,UTC,Providing,Current,1333181,1333181,0.19809974730015,0,0
"2025-06-30 18:00:00","2025-06-30 19:00:00",Nederland,Wind,Hour,UTC,Providing,Current,978185,978185,0.14534924924374,0,0
"2025-06-30 19:00:00","2025-06-30 20:00:00",Nederland,Wind,Hour,UTC,Providing,Current,610295,610295,0.090683728456497,0,0
"2025-06-30 20:00:00","2025-06-30 21:00:00",Nederland,Wind,Hour,UTC,Providing,Current,464854,464854,0.069072149693966,0,0
"2025-06-30 21:00:00","2025-06-30 22:00:00",Nederland,Wind,Hour,UTC,Providing,Current,448460,448460,0.066635802388191,0,0
"2025-06-30 22:00:00","2025-06-30 23:00:00",Nederland,Wind,Hour,UTC,Providing,Current,641662,641662,0.095342822372913,0,0
"2025-06-30 23:00:00","2025-07-01 00:00:00",Nederland,Wind,Hour,UTC,Providing,Current,749449,749449,0.11135774850845,0,0
"2025-07-01 00:00:00","2025-07-01 01:00:00",Nederland,Wind,Hour,UTC,Providing,Current,692077,692077,0.10283257812262,0,0
"2025-07-01 01:00:00","2025-07-01 02:00:00",Nederland,Wind,Hour,UTC,Providing,Current,599371,599371,0.089057199656963,0,0
"2025-07-01 02:00:00","2025-07-01 03:00:00",Nederland,Wind,Hour,UTC,Providing,Current,420516,420516,0.062481749802828,0,0
"2025-07-01 03:00:00","2025-07-01 04:00:00",Nederland,Wind,Hour,UTC,Providing,Current,277367,277367,0.041211925446987,0,0
"2025-07-01 04:00:00","2025-07-01 05:00:00",Nederland,Wind,Hour,UTC,Providing,Current,196240,196240,0.029157700017095,0,0
"2025-07-01 05:00:00","2025-07-01 06:00:00",Nederland,Wind,Hour,UTC,Providing,Current,168200,168200,0.02499127574265,0,0
"2025-07-01 06:00:00","2025-07-01 07:00:00",Nederland,Wind,Hour,UTC,Providing,Current,123917,123917,0.018411574885249,0,0
"2025-07-01 07:00:00","2025-07-01 08:00:00",Nederland,Wind,Hour,UTC,Providing,Current,99987,99987,0.014855975285172,0,0
"2025-07-01 08:00:00","2025-07-01 09:00:00",Nederland,Wind,Hour,UTC,Providing,Current,111434,111434,0.016556650400162,0,0
"2025-07-01 09:00:00","2025-07-01 10:00:00",Nederland,Wind,Hour,UTC,Providing,Current,130772,130772,0.019429700449109,0,0
"2025-07-01 10:00:00","2025-07-01 11:00:00",Nederland,Wind,Hour,UTC,Providing,Current,299434,299434,0.044488776475191,0,0
"2025-07-01 11:00:00","2025-07-01 12:00:00",Nederland,Wind,Hour,UTC,Providing,Current,506977,506977,0.075324296951294,0,0
"2025-07-01 12:00:00","2025-07-01 13:00:00",Nederland,Wind,Hour,UTC,Providing,Current,444080,444080,0.065978951752186,0,0
"2025-07-01 13:00:00","2025-07-01 14:00:00",Nederland,Wind,Hour,UTC,Providing,Current,417182,417182,0.061982225626707,0,0
"2025-07-01 14:00:00","2025-07-01 15:00:00",Nederland,Wind,Hour,UTC,Providing,Current,514626,514626,0.07645932585001,0,0
"2025-07-01 15:00:00","2025-07-01 16:00:00",Nederland,Wind,Hour,UTC,Providing,Current,533517,533517,0.07926557213068,0,0
"2025-07-01 16:00:00","2025-07-01 17:00:00",Nederland,Wind,Hour,UTC,Providing,Current,637418,637418,0.094701796770096,0,0
"2025-07-01 17:00:00","2025-07-01 18:00:00",Nederland,Wind,Hour,UTC,Providing,Current,754108,754108,0.11203750222921,0,0
"2025-07-01 18:00:00","2025-07-01 19:00:00",Nederland,Wind,Hour,UTC,Providing,Current,549361,549361,0.081618025898933,0,0
"2025-07-01 19:00:00","2025-07-01 20:00:00",Nederland,Wind,Hour,UTC,Providing,Current,411028,411028,0.061065625399351,0,0
"2025-07-01 20:00:00","2025-07-01 21:00:00",Nederland,Wind,Hour,UTC,Providing,Current,419330,419330,0.062298700213432,0,0
"2025-07-01 21:00:00","2025-07-01 22:00:00",Nederland,Wind,Hour,UTC,Providing,Current,385090,385090,0.057211425155401,0,0
"2025-07-01 22:00:00","2025-07-01 23:00:00",Nederland,Wind,Hour,UTC,Providing,Current,299064,299064,0.044430576264858,0,0
"2025-07-01 23:00:00","2025-07-02 00:00:00",Nederland,Wind,Hour,UTC,Providing,Current,183915,183915,0.027323249727488,0,0
"2025-07-02 00:00:00","2025-07-02 01:00:00",Nederland,Wind,Hour,UTC,Providing,Current,44152,44152,0.0065593826584518,0,0
"2025-07-02 01:00:00","2025-07-02 02:00:00",Nederland,Wind,Hour,UTC,Providing,Current,78922,78922,0.011724850162864,0,0
"2025-07-02 02:00:00","2025-07-02 03:00:00",Nederland,Wind,Hour,UTC,Providing,Current,114783,114783,0.017052374780178,0,0
"2025-07-02 03:00:00","2025-07-02 04:00:00",Nederland,Wind,Hour,UTC,Providing,Current,205592,205592,0.030542925000191,0,0
"2025-07-02 04:00:00","2025-07-02 05:00:00",Nederland,Wind,Hour,UTC,Providing,Current,217189,217189,0.032265599817038,0,0
"2025-07-02 05:00:00","2025-07-02 06:00:00",Nederland,Wind,Hour,UTC,Providing,Current,128238,128238,0.019050924107432,0,0
"2025-07-02 06:00:00","2025-07-02 07:00:00",Nederland,Wind,Hour,UTC,Providing,Current,36693,36693,0.0054510501213372,0,0
"2025-07-02 07:00:00","2025-07-02 08:00:00",Nederland,Wind,Hour,UTC,Providing,Current,31019,31019,0.0046080951578915,0,0
"2025-07-02 08:00:00","2025-07-02 09:00:00",Nederland,Wind,Hour,UTC,Providing,Current,45195,45195,0.0067140073515475,0,0
"2025-07-02 09:00:00","2025-07-02 10:00:00",Nederland,Wind,Hour,UTC,Providing,Current,32667,32667,0.0048528625629842,0,0
"2025-07-02 10:00:00","2025-07-02 11:00:00",Nederland,Wind,Hour,UTC,Providing,Current,165014,165014,0.024513574317098,0,0
"2025-07-02 11:00:00","2025-07-02 12:00:00",Nederland,Wind,Hour,UTC,Providing,Current,440831,440831,0.065487027168274,0,0
"2025-07-02 12:00:00","2025-07-02 13:00:00",Nederland,Wind,Hour,UTC,Providing,Current,1448430,1448430,0.21516799926758,0,0
"2025-07-02 13:00:00","2025-07-02 14:00:00",Nederland,Wind,Hour,UTC,Providing,Current,2866596,2866596,0.42583826184273,0,0
"2025-07-02 14:00:00","2025-07-02 15:00:00",Nederland,Wind,Hour,UTC,Providing,Current,3925530,3925530,0.58314102888107,0,0
"2025-07-02 15:00:00","2025-07-02 16:00:00",Nederland,Wind,Hour,UTC,Providing,Current,4324375,4324375,0.64238625764847,0,0
"2025-07-02 16:00:00","2025-07-02 17:00:00",Nederland,Wind,Hour,UTC,Providing,Current,3832590,3832590,0.56932801008224,0,0
"2025-07-02 17:00:00","2025-07-02 18:00:00",Nederland,Wind,Hour,UTC,Providing,Current,2969767,2969767,0.44115376472473,0,0
"2025-07-02 18:00:00","2025-07-02 19:00:00",Nederland,Wind,Hour,UTC,Providing,Current,2724957,2724957,0.40478524565697,0,0
"2025-07-02 19:00:00","2025-07-02 20:00:00",Nederland,Wind,Hour,UTC,Providing,Current,2141051,2141051,0.31804549694061,0,0
"2025-07-02 20:00:00","2025-07-02 21:00:00",Nederland,Wind,Hour,UTC,Providing,Current,2426116,2426116,0.36038848757744,0,0
"2025-07-02 21:00:00","2025-07-02 22:00:00",Nederland,Wind,Hour,UTC,Providing,Current,2830753,2830753,0.42049324512482,0,0
"2025-07-02 22:00:00","2025-07-02 23:00:00",Nederland,Wind,Hour,UTC,Providing,Current,2830389,2830389,0.42043650150299,0,0
"2025-07-02 23:00:00","2025-07-03 00:00:00",Nederland,Wind,Hour,UTC,Providing,Current,3159810,3159810,0.46936723589897,0,0
"2025-07-03 00:00:00","2025-07-03 01:00:00",Nederland,Wind,Hour,UTC,Providing,Current,3103562,3103562,0.46100899577141,0,0
"2025-07-03 01:00:00","2025-07-03 02:00:00",Nederland,Wind,Hour,UTC,Providing,Current,2393969,2393969,0.35560250282288,0,0
"2025-07-03 02:00:00","2025-07-03 03:00:00",Nederland,Wind,Hour,UTC,Providing,Current,1946992,1946992,0.28920650482178,0,0
"2025-07-03 03:00:00","2025-07-03 04:00:00",Nederland,Wind,Hour,UTC,Providing,Current,1466127,1466127,0.21777725219727,0,0
"2025-07-03 04:00:00","2025-07-03 05:00:00",Nederland,Wind,Hour,UTC,Providing,Current,1229813,1229813,0.18267424404621,0,0
"2025-07-03 05:00:00","2025-07-03 06:00:00",Nederland,Wind,Hour,UTC,Providing,Current,1337071,1337071,0.19860500097275,0,0
"2025-07-03 06:00:00","2025-07-03 07:00:00",Nederland,Wind,Hour,UTC,Providing,Current,1934024,1934024,0.28727298974991,0,0
"2025-07-03 07:00:00","2025-07-03 08:00:00",Nederland,Wind,Hour,UTC,Providing,Current,2413457,2413457,0.35848423838615,0,0
"2025-07-03 08:00:00","2025-07-03 09:00:00",Nederland,Wind,Hour,UTC,Providing,Current,2487502,2487502,0.36948025226593,0,0
"2025-07-03 09:00:00","2025-07-03 10:00:00",Nederland,Wind,Hour,UTC,Providing,Current,2350736,2350736,0.34916350245476,0,0
"2025-07-03 10:00:00","2025-07-03 11:00:00",Nederland,Wind,Hour,UTC,Providing,Current,2131981,2131981,0.31666898727417,0,0
"2025-07-03 11:00:00","2025-07-03 12:00:00",Nederland,Wind,Hour,UTC,Providing,Current,2010671,2010671,0.29864901304245,0,0
"2025-07-03 12:00:00","2025-07-03 13:00:00",Nederland,Wind,Hour,UTC,Providing,Current,1875216,1875216,0.27852800488472,0,0
"2025-07-03 13:00:00","2025-07-03 14:00:00",Nederland,Wind,Hour,UTC,Providing,Current,1907521,1907521,0.28332450985909,0,0
"2025-07-03 14:00:00","2025-07-03 15:00:00",Nederland,Wind,Hour,UTC,Providing,Current,1804236,1804236,0.2679817378521,0,0
"2025-07-03 15:00:00","2025-07-03 16:00:00",Nederland,Wind,Hour,UTC,Providing,Current,1716869,1716869,0.25500375032425,0,0
"2025-07-03 16:00:00","2025-07-03 17:00:00",Nederland,Wind,Hour,UTC,Providing,Current,1919067,1919067,0.28503423929214,0,0
"2025-07-03 17:00:00","2025-07-03 18:00:00",Nederland,Wind,Hour,UTC,Providing,Current,1775395,1775395,0.26369324326515,0,0
"2025-07-03 18:00:00","2025-07-03 19:00:00",Nederland,Wind,Hour,UTC,Providing,Current,1178775,1178775,0.17507849633694,0,0
"2025-07-03 19:00:00","2025-07-03 20:00:00",Nederland,Wind,Hour,UTC,Providing,Current,423284,423284,0.062868200242519,0,0
"2025-07-03 20:00:00","2025-07-03 21:00:00",Nederland,Wind,Hour,UTC,Providing,Current,73926,73926,0.01097977720201,0,0
"2025-07-03 21:00:00","2025-07-03 22:00:00",Nederland,Wind,Hour,UTC,Providing,Current,27225,27225,0.0040435348637402,0,0
"2025-07-03 22:00:00","2025-07-03 23:00:00",Nederland,Wind,Hour,UTC,Providing,Current,42776,42776,0.0063531748019159,0,0
"2025-07-03 23:00:00","2025-07-04 00:00:00",Nederland,Wind,Hour,UTC,Providing,Current,52352,52352,0.0077753751538694,0,0
"2025-07-04 00:00:00","2025-07-04 01:00:00",Nederland,Wind,Hour,UTC,Providing,Current,58741,58741,0.0087242228910327,0,0
"2025-07-04 01:00:00","2025-07-04 02:00:00",Nederland,Wind,Hour,UTC,Providing,Current,57340,57340,0.0085160974413157,0,0
"2025-07-04 02:00:00","2025-07-04 03:00:00",Nederland,Wind,Hour,UTC,Providing,Current,55481,55481,0.0082399472594261,0,0
"2025-07-04 03:00:00","2025-07-04 04:00:00",Nederland,Wind,Hour,UTC,Providing,Current,89501,89501,0.013292474672198,0,0
"2025-07-04 04:00:00","2025-07-04 05:00:00",Nederland,Wind,Hour,UTC,Providing,Current,124677,124677,0.018516600131989,0,0
"2025-07-04 05:00:00","2025-07-04 06:00:00",Nederland,Wind,Hour,UTC,Providing,Current,258803,258803,0.03843630105257,0,0
"2025-07-04 06:00:00","2025-07-04 07:00:00",Nederland,Wind,Hour,UTC,Providing,Current,762260,762260,0.11320682615042,0,0
"2025-07-04 07:00:00","2025-07-04 08:00:00",Nederland,Wind,Hour,UTC,Providing,Current,1417470,1417470,0.21051399409771,0,0
"2025-07-04 08:00:00","2025-07-04 09:00:00",Nederland,Wind,Hour,UTC,Providing,Current,2355328,2355328,0.34979674220085,0,0
"2025-07-04 09:00:00","2025-07-04 10:00:00",Nederland,Wind,Hour,UTC,Providing,Current,3027832,3027832,0.44966951012611,0,0
"2025-07-04 10:00:00","2025-07-04 11:00:00",Nederland,Wind,Hour,UTC,Providing,Current,3342949,3342949,0.49646499752998,0,0
"2025-07-04 11:00:00","2025-07-04 12:00:00",Nederland,Wind,Hour,UTC,Providing,Current,3206846,3206846,0.47624948620796,0,0
"2025-07-04 12:00:00","2025-07-04 13:00:00",Nederland,Wind,Hour,UTC,Providing,Current,3418467,3418467,0.50767427682877,0,0
"2025-07-04 13:00:00","2025-07-04 14:00:00",Nederland,Wind,Hour,UTC,Providing,Current,3660284,3660284,0.54358297586441,0,0
"2025-07-04 14:00:00","2025-07-04 15:00:00",Nederland,Wind,Hour,UTC,Providing,Current,3682681,3682681,0.54690623283386,0,0
"2025-07-04 15:00:00","2025-07-04 16:00:00",Nederland,Wind,Hour,UTC,Providing,Current,3569631,3569631,0.53011399507523,0,0
"2025-07-04 16:00:00","2025-07-04 17:00:00",Nederland,Wind,Hour,UTC,Providing,Current,3613655,3613655,0.53664827346802,0,0
"2025-07-04 17:00:00","2025-07-04 18:00:00",Nederland,Wind,Hour,UTC,Providing,Current,3510552,3510552,0.52133399248123,0,0
"2025-07-04 18:00:00","2025-07-04 19:00:00",Nederland,Wind,Hour,UTC,Providing,Current,2927741,2927741,0.43478125333786,0,0
"2025-07-04 19:00:00","2025-07-04 20:00:00",Nederland,Wind,Hour,UTC,Providing,Current,1924015,1924015,0.28572225570679,0,0
"2025-07-04 20:00:00","2025-07-04 21:00:00",Nederland,Wind,Hour,UTC,Providing,Current,1476765,1476765,0.21930274367332,0,0
"2025-07-04 21:00:00","2025-07-04 22:00:00",Nederland,Wind,Hour,UTC,Providing,Current,1737473,1737473,0.25801673531532,0,0
"2025-07-04 22:00:00","2025-07-04 23:00:00",Nederland,Wind,Hour,UTC,Providing,Current,2150447,2150447,0.31934198737144,0,0
"2025-07-04 23:00:00","2025-07-05 00:00:00",Nederland,Wind,Hour,UTC,Providing,Current,2263419,2263419,0.33611625432968,0,0
"2025-07-05 00:00:00","2025-07-05 01:00:00",Nederland,Wind,Hour,UTC,Providing,Current,2363198,2363198,0.35093125700951,0,0
"2025-07-05 01:00:00","2025-07-05 02:00:00",Nederland,Wind,Hour,UTC,Providing,Current,2374456,2374456,0.35260099172592,0,0
"2025-07-05 02:00:00","2025-07-05 03:00:00",Nederland,Wind,Hour,UTC,Providing,Current,2341997,2341997,0.34777873754501,0,0
"2025-07-05 03:00:00","2025-07-05 04:00:00",Nederland,Wind,Hour,UTC,Providing,Current,2421833,2421833,0.35963174700737,0,0
"2025-07-05 04:00:00","2025-07-05 05:00:00",Nederland,Wind,Hour,UTC,Providing,Current,2450570,2450570,0.36389699578285,0,0
"2025-07-05 05:00:00","2025-07-05 06:00:00",Nederland,Wind,Hour,UTC,Providing,Current,2788419,2788419,0.41406351327896,0,0
"2025-07-05 06:00:00","2025-07-05 07:00:00",Nederland,Wind,Hour,UTC,Providing,Current,3181116,3181116,0.47237375378609,0,0
"2025-07-05 07:00:00","2025-07-05 08:00:00",Nederland,Wind,Hour,UTC,Providing,Current,3644651,3644651,0.54120224714279,0,0
"2025-07-05 08:00:00","2025-07-05 09:00:00",Nederland,Wind,Hour,UTC,Providing,Current,4044711,4044711,0.60060423612595,0,0
"2025-07-05 09:00:00","2025-07-05 10:00:00",Nederland,Wind,Hour,UTC,Providing,Current,4515089,4515089,0.67044699192047,0,0
"2025-07-05 10:00:00","2025-07-05 11:00:00",Nederland,Wind,Hour,UTC,Providing,Current,5358378,5358378,0.79566252231598,0,0
"2025-07-05 11:00:00","2025-07-05 12:00:00",Nederland,Wind,Hour,UTC,Providing,Current,5440276,5440276,0.80781877040863,0,0
"2025-07-05 12:00:00","2025-07-05 13:00:00",Nederland,Wind,Hour,UTC,Providing,Current,5312165,5312165,0.78879100084305,0,0
"2025-07-05 13:00:00","2025-07-05 14:00:00",Nederland,Wind,Hour,UTC,Providing,Current,5434818,5434818,0.80699849128723,0,0
"2025-07-05 14:00:00","2025-07-05 15:00:00",Nederland,Wind,Hour,UTC,Providing,Current,5616807,5616807,0.83401674032211,0,0
"2025-07-05 15:00:00","2025-07-05 16:00:00",Nederland,Wind,Hour,UTC,Providing,Current,5576030,5576030,0.82795649766922,0,0
"2025-07-05 16:00:00","2025-07-05 17:00:00",Nederland,Wind,Hour,UTC,Providing,Current,5152137,5152137,0.76500999927521,0,0
"2025-07-05 17:00:00","2025-07-05 18:00:00",Nederland,Wind,Hour,UTC,Providing,Current,4753697,4753697,0.70584398508072,0,0
"2025-07-05 18:00:00","2025-07-05 19:00:00",Nederland,Wind,Hour,UTC,Providing,Current,4740903,4740903,0.70393997430801,0,0
"2025-07-05 19:00:00","2025-07-05 20:00:00",Nederland,Wind,Hour,UTC,Providing,Current,4307013,4307013,0.63951075077057,0,0
"2025-07-05 20:00:00","2025-07-05 21:00:00",Nederland,Wind,Hour,UTC,Providing,Current,4230006,4230006,0.62807327508926,0,0
"2025-07-05 21:00:00","2025-07-05 22:00:00",Nederland,Wind,Hour,UTC,Providing,Current,4195400,4195400,0.62293100357056,0,0
"2025-07-05 22:00:00","2025-07-05 23:00:00",Nederland,Wind,Hour,UTC,Providing,Current,4285519,4285519,0.63630777597427,0,0
"2025-07-05 23:00:00","2025-07-06 00:00:00",Nederland,Wind,Hour,UTC,Providing,Current,4111451,4111451,0.61045873165131,0,0
"2025-07-06 00:00:00","2025-07-06 01:00:00",Nederland,Wind,Hour,UTC,Providing,Current,4108519,4108519,0.61001998186111,0,0
"2025-07-06 01:00:00","2025-07-06 02:00:00",Nederland,Wind,Hour,UTC,Providing,Current,3732190,3732190,0.5541405081749,0,0
"2025-07-06 02:00:00","2025-07-06 03:00:00",Nederland,Wind,Hour,UTC,Providing,Current,3411053,3411053,0.5064560174942,0,0
"2025-07-06 03:00:00","2025-07-06 04:00:00",Nederland,Wind,Hour,UTC,Providing,Current,2929292,2929292,0.4349237382412,0,0
"2025-07-06 04:00:00","2025-07-06 05:00:00",Nederland,Wind,Hour,UTC,Providing,Current,2435843,2435843,0.36165726184845,0,0
"2025-07-06 05:00:00","2025-07-06 06:00:00",Nederland,Wind,Hour,UTC,Providing,Current,2116437,2116437,0.31423225998878,0,0
"2025-07-06 06:00:00","2025-07-06 07:00:00",Nederland,Wind,Hour,UTC,Providing,Current,2282477,2282477,0.33888274431229,0,0
"2025-07-06 07:00:00","2025-07-06 08:00:00",Nederland,Wind,Hour,UTC,Providing,Current,2633791,2633791,0.39104023575783,0,0
"2025-07-06 08:00:00","2025-07-06 09:00:00",Nederland,Wind,Hour,UTC,Providing,Current,2615271,2615271,0.38828799128532,0,0
"2025-07-06 09:00:00","2025-07-06 10:00:00",Nederland,Wind,Hour,UTC,Providing,Current,2461545,2461545,0.36546224355698,0,0
"2025-07-06 10:00:00","2025-07-06 11:00:00",Nederland,Wind,Hour,UTC,Providing,Current,2337655,2337655,0.34706649184227,0,0
"2025-07-06 11:00:00","2025-07-06 12:00:00",Nederland,Wind,Hour,UTC,Providing,Current,1805876,1805876,0.26811274886131,0,0
"2025-07-06 12:00:00","2025-07-06 13:00:00",Nederland,Wind,Hour,UTC,Providing,Current,1543181,1543181,0.2291100025177,0,0
"2025-07-06 13:00:00","2025-07-06 14:00:00",Nederland,Wind,Hour,UTC,Providing,Current,1065616,1065616,0.15820649266243,0,0
"2025-07-06 14:00:00","2025-07-06 15:00:00",Nederland,Wind,Hour,UTC,Providing,Current,654236,654236,0.097130626440048,0,0
"2025-07-06 15:00:00","2025-07-06 16:00:00",Nederland,Wind,Hour,UTC,Providing,Current,455374,455374,0.067606300115585,0,0
"2025-07-06 16:00:00","2025-07-06 17:00:00",Nederland,Wind,Hour,UTC,Providing,Current,413636,413636,0.061409376561642,0,0
"2025-07-06 17:00:00","2025-07-06 18:00:00",Nederland,Wind,Hour,UTC,Providing,Current,293488,293488,0.043571673333645,0,0
"2025-07-06 18:00:00","2025-07-06 19:00:00",Nederland,Wind,Hour,UTC,Providing,Current,169616,169616,0.025181299075484,0,0
"2025-07-06 19:00:00","2025-07-06 20:00:00",Nederland,Wind,Hour,UTC,Providing,Current,90580,90580,0.013447497040033,0,0
"2025-07-06 20:00:00","2025-07-06 21:00:00",Nederland,Wind,Hour,UTC,Providing,Current,41866,41866,0.0062153725884855,0,0
"2025-07-06 21:00:00","2025-07-06 22:00:00",Nederland,Wind,Hour,UTC,Providing,Current,84866,84866,0.012599050067365,0,0
"2025-07-06 22:00:00","2025-07-06 23:00:00",Nederland,Wind,Hour,UTC,Providing,Current,168948,168948,0.025081450119615,0,0
"2025-07-06 23:00:00","2025-07-07 00:00:00",Nederland,Wind,Hour,UTC,Providing,Current,244493,244493,0.03629644960165,0,0
"2025-07-07 00:00:00","2025-07-07 01:00:00",Nederland,Wind,Hour,UTC,Providing,Current,219189,219189,0.03253972530365,0,0
"2025-07-07 01:00:00","2025-07-07 02:00:00",Nederland,Wind,Hour,UTC,Providing,Current,150752,150752,0.022379774600267,0,0
"2025-07-07 02:00:00","2025-07-07 03:00:00",Nederland,Wind,Hour,UTC,Providing,Current,265778,265778,0.039455600082874,0,0
"2025-07-07 03:00:00","2025-07-07 04:00:00",Nederland,Wind,Hour,UTC,Providing,Current,637759,637759,0.094676874577999,0,0
"2025-07-07 04:00:00","2025-07-07 05:00:00",Nederland,Wind,Hour,UTC,Providing,Current,935410,935410,0.13886299729347,0,0
"2025-07-07 05:00:00","2025-07-07 06:00:00",Nederland,Wind,Hour,UTC,Providing,Current,1265896,1265896,0.18792299926281,0,0
"2025-07-07 06:00:00","2025-07-07 07:00:00",Nederland,Wind,Hour,UTC,Providing,Current,1783666,1783666,0.2647847533226,0,0
"2025-07-07 07:00:00","2025-07-07 08:00:00",Nederland,Wind,Hour,UTC,Providing,Current,2304573,2304573,0.34211099147797,0,0
"2025-07-07 08:00:00","2025-07-07 09:00:00",Nederland,Wind,Hour,UTC,Providing,Current,3254187,3254187,0.48307725787163,0,0
"2025-07-07 09:00:00","2025-07-07 10:00:00",Nederland,Wind,Hour,UTC,Providing,Current,3674844,3674844,0.54551947116852,0,0
"2025-07-07 10:00:00","2025-07-07 11:00:00",Nederland,Wind,Hour,UTC,Providing,Current,4060577,4060577,0.60277676582336,0,0
"2025-07-07 11:00:00","2025-07-07 12:00:00",Nederland,Wind,Hour,UTC,Providing,Current,4595051,4595051,0.68211323022842,0,0
"2025-07-07 12:00:00","2025-07-07 13:00:00",Nederland,Wind,Hour,UTC,Providing,Current,5127421,5127421,0.76113623380661,0,0
"2025-07-07 13:00:00","2025-07-07 14:00:00",Nederland,Wind,Hour,UTC,Providing,Current,5376449,5376449,0.79809826612473,0,0
"2025-07-07 14:00:00","2025-07-07 15:00:00",Nederland,Wind,Hour,UTC,Providing,Current,5506237,5506237,0.81735926866531,0,0
"2025-07-07 15:00:00","2025-07-07 16:00:00",Nederland,Wind,Hour,UTC,Providing,Current,5782201,5782201,0.85831898450851,0,0
"2025-07-07 16:00:00","2025-07-07 17:00:00",Nederland,Wind,Hour,UTC,Providing,Current,5548028,5548028,0.82355326414108,0,0
"2025-07-07 17:00:00","2025-07-07 18:00:00",Nederland,Wind,Hour,UTC,Providing,Current,4930017,4930017,0.73181051015854,0,0
"2025-07-07 18:00:00","2025-07-07 19:00:00",Nederland,Wind,Hour,UTC,Providing,Current,4299572,4299572,0.63822376728058,0,0
"2025-07-07 19:00:00","2025-07-07 20:00:00",Nederland,Wind,Hour,UTC,Providing,Current,3373768,3373768,0.50079524517059,0,0
"2025-07-07 20:00:00","2025-07-07 21:00:00",Nederland,Wind,Hour,UTC,Providing,Current,2011217,2011217,0.2985392510891,0,0
"2025-07-07 21:00:00","2025-07-07 22:00:00",Nederland,Wind,Hour,UTC,Providing,Current,1223895,1223895,0.18167024850845,0,0
"2025-07-07 22:00:00","2025-07-07 23:00:00",Nederland,Wind,Hour,UTC,Providing,Current,1039814,1039814,0.15434500575066,0,0
"2025-07-07 23:00:00","2025-07-08 00:00:00",Nederland,Wind,Hour,UTC,Providing,Current,999893,999893,0.14841850101948,0,0
"2025-07-08 00:00:00","2025-07-08 01:00:00",Nederland,Wind,Hour,UTC,Providing,Current,1102931,1102931,0.1637119948864,0,0
"2025-07-08 01:00:00","2025-07-08 02:00:00",Nederland,Wind,Hour,UTC,Providing,Current,1392107,1392107,0.20663399994373,0,0
"2025-07-08 02:00:00","2025-07-08 03:00:00",Nederland,Wind,Hour,UTC,Providing,Current,1281929,1281929,0.19027900695801,0,0
"2025-07-08 03:00:00","2025-07-08 04:00:00",Nederland,Wind,Hour,UTC,Providing,Current,863999,863999,0.12824399769306,0,0
"2025-07-08 04:00:00","2025-07-08 05:00:00",Nederland,Wind,Hour,UTC,Providing,Current,883274,883274,0.1311042457819,0,0
"2025-07-08 05:00:00","2025-07-08 06:00:00",Nederland,Wind,Hour,UTC,Providing,Current,853731,853731,0.12671825289726,0,0
"2025-07-08 06:00:00","2025-07-08 07:00:00",Nederland,Wind,Hour,UTC,Providing,Current,889390,889390,0.13201025128365,0,0
"2025-07-08 07:00:00","2025-07-08 08:00:00",Nederland,Wind,Hour,UTC,Providing,Current,1345173,1345173,0.19966025650501,0,0
"2025-07-08 08:00:00","2025-07-08 09:00:00",Nederland,Wind,Hour,UTC,Providing,Current,2376211,2376211,0.35269200801849,0,0
"2025-07-08 09:00:00","2025-07-08 10:00:00",Nederland,Wind,Hour,UTC,Providing,Current,3456205,3456205,0.51298850774765,0,0
"2025-07-08 10:00:00","2025-07-08 11:00:00",Nederland,Wind,Hour,UTC,Providing,Current,4098773,4098773,0.60835826396942,0,0
"2025-07-08 11:00:00","2025-07-08 12:00:00",Nederland,Wind,Hour,UTC,Providing,Current,4502508,4502508,0.66827827692032,0,0
"2025-07-08 12:00:00","2025-07-08 13:00:00",Nederland,Wind,Hour,UTC,Providing,Current,4829504,4829504,0.71680772304535,0,0
"2025-07-08 13:00:00","2025-07-08 14:00:00",Nederland,Wind,Hour,UTC,Providing,Current,4681423,4681423,0.69482499361038,0,0
"2025-07-08 14:00:00","2025-07-08 15:00:00",Nederland,Wind,Hour,UTC,Providing,Current,4726793,4726793,0.70155447721481,0,0
"2025-07-08 15:00:00","2025-07-08 16:00:00",Nederland,Wind,Hour,UTC,Providing,Current,4583052,4583052,0.6802162528038,0,0
"2025-07-08 16:00:00","2025-07-08 17:00:00",Nederland,Wind,Hour,UTC,Providing,Current,4345598,4345598,0.64496952295303,0,0
"2025-07-08 17:00:00","2025-07-08 18:00:00",Nederland,Wind,Hour,UTC,Providing,Current,3546584,3546584,0.52637749910355,0,0
"2025-07-08 18:00:00","2025-07-08 19:00:00",Nederland,Wind,Hour,UTC,Providing,Current,3084631,3084631,0.45781248807907,0,0
"2025-07-08 19:00:00","2025-07-08 20:00:00",Nederland,Wind,Hour,UTC,Providing,Current,2059915,2059915,0.30572474002838,0,0
"2025-07-08 20:00:00","2025-07-08 21:00:00",Nederland,Wind,Hour,UTC,Providing,Current,1437714,1437714,0.21337899565697,0,0
"2025-07-08 21:00:00","2025-07-08 22:00:00",Nederland,Wind,Hour,UTC,Providing,Current,926026,926026,0.13743549585342,0,0
"2025-07-08 22:00:00","2025-07-08 23:00:00",Nederland,Wind,Hour,UTC,Providing,Current,820818,820818,0.12182074785233,0,0
"2025-07-08 23:00:00","2025-07-09 00:00:00",Nederland,Wind,Hour,UTC,Providing,Current,727481,727481,0.10796725004911,0,0
"2025-07-09 00:00:00","2025-07-09 01:00:00",Nederland,Wind,Hour,UTC,Providing,Current,567645,567645,0.084245197474957,0,0
"2025-07-09 01:00:00","2025-07-09 02:00:00",Nederland,Wind,Hour,UTC,Providing,Current,431841,431841,0.064089924097061,0,0
"2025-07-09 02:00:00","2025-07-09 03:00:00",Nederland,Wind,Hour,UTC,Providing,Current,262508,262508,0.038958825170994,0,0
"2025-07-09 03:00:00","2025-07-09 04:00:00",Nederland,Wind,Hour,UTC,Providing,Current,240731,240731,0.035726651549339,0,0
"2025-07-09 04:00:00","2025-07-09 05:00:00",Nederland,Wind,Hour,UTC,Providing,Current,213862,213862,0.031738873571157,0,0
"2025-07-09 05:00:00","2025-07-09 06:00:00",Nederland,Wind,Hour,UTC,Providing,Current,277848,277848,0.041234649717808,0,0
"2025-07-09 06:00:00","2025-07-09 07:00:00",Nederland,Wind,Hour,UTC,Providing,Current,531047,531047,0.078810751438141,0,0
"2025-07-09 07:00:00","2025-07-09 08:00:00",Nederland,Wind,Hour,UTC,Providing,Current,916529,916529,0.13601799309254,0,0
"2025-07-09 08:00:00","2025-07-09 09:00:00",Nederland,Wind,Hour,UTC,Providing,Current,1069485,1069485,0.15871649980545,0,0
"2025-07-09 09:00:00","2025-07-09 10:00:00",Nederland,Wind,Hour,UTC,Providing,Current,960241,960241,0.142503246665,0,0
"2025-07-09 10:00:00","2025-07-09 11:00:00",Nederland,Wind,Hour,UTC,Providing,Current,946736,946736,0.14049825072289,0,0
"2025-07-09 11:00:00","2025-07-09 12:00:00",Nederland,Wind,Hour,UTC,Providing,Current,891559,891559,0.13230900466442,0,0
"2025-07-09 12:00:00","2025-07-09 13:00:00",Nederland,Wind,Hour,UTC,Providing,Current,941088,941088,0.13965849578381,0,0
"2025-07-09 13:00:00","2025-07-09 14:00:00",Nederland,Wind,Hour,UTC,Providing,Current,1083241,1083241,0.16075299680233,0,0
"2025-07-09 14:00:00","2025-07-09 15:00:00",Nederland,Wind,Hour,UTC,Providing,Current,1185483,1185483,0.17592449486256,0,0
"2025-07-09 15:00:00","2025-07-09 16:00:00",Nederland,Wind,Hour,UTC,Providing,Current,1202740,1202740,0.17848424613476,0,0
"2025-07-09 16:00:00","2025-07-09 17:00:00",Nederland,Wind,Hour,UTC,Providing,Current,1009935,1009935,0.14987175166607,0,0
"2025-07-09 17:00:00","2025-07-09 18:00:00",Nederland,Wind,Hour,UTC,Providing,Current,839536,839536,0.12458425015211,0,0
"2025-07-09 18:00:00","2025-07-09 19:00:00",Nederland,Wind,Hour,UTC,Providing,Current,537046,537046,0.079695247113705,0,0
"2025-07-09 19:00:00","2025-07-09 20:00:00",Nederland,Wind,Hour,UTC,Providing,Current,226766,226766,0.033650901168585,0,0
"2025-07-09 20:00:00","2025-07-09 21:00:00",Nederland,Wind,Hour,UTC,Providing,Current,56883,56883,0.0084410822018981,0,0
"2025-07-09 21:00:00","2025-07-09 22:00:00",Nederland,Wind,Hour,UTC,Providing,Current,50749,50749,0.0075307874940336,0,0
"2025-07-09 22:00:00","2025-07-09 23:00:00",Nederland,Wind,Hour,UTC,Providing,Current,55171,55171,0.008186929859221,0,0
"2025-07-09 23:00:00","2025-07-10 00:00:00",Nederland,Wind,Hour,UTC,Providing,Current,58258,58258,0.00864496268332,0,0
"2025-07-10 00:00:00","2025-07-10 01:00:00",Nederland,Wind,Hour,UTC,Providing,Current,82048,82048,0.012175114825368,0,0
"2025-07-10 01:00:00","2025-07-10 02:00:00",Nederland,Wind,Hour,UTC,Providing,Current,104277,104277,0.015473599545658,0,0
"2025-07-10 02:00:00","2025-07-10 03:00:00",Nederland,Wind,Hour,UTC,Providing,Current,99644,99644,0.014786024577916,0,0
"2025-07-10 03:00:00","2025-07-10 04:00:00",Nederland,Wind,Hour,UTC,Providing,Current,65792,65792,0.0097626950591803,0,0
"2025-07-10 04:00:00","2025-07-10 05:00:00",Nederland,Wind,Hour,UTC,Providing,Current,57182,57182,0.0084850378334522,0,0
"2025-07-10 05:00:00","2025-07-10 06:00:00",Nederland,Wind,Hour,UTC,Providing,Current,36294,36294,0.0053855124861002,0,0
"2025-07-10 06:00:00","2025-07-10 07:00:00",Nederland,Wind,Hour,UTC,Providing,Current,26818,26818,0.0039793797768652,0,0
"2025-07-10 07:00:00","2025-07-10 08:00:00",Nederland,Wind,Hour,UTC,Providing,Current,29539,29539,0.0043831099756062,0,0
"2025-07-10 08:00:00","2025-07-10 09:00:00",Nederland,Wind,Hour,UTC,Providing,Current,61185,61185,0.0090788202360272,0,0
"2025-07-10 09:00:00","2025-07-10 10:00:00",Nederland,Wind,Hour,UTC,Providing,Current,169660,169660,0.025174474343657,0,0
"2025-07-10 10:00:00","2025-07-10 11:00:00",Nederland,Wind,Hour,UTC,Providing,Current,241154,241154,0.03578269854188,0,0
"2025-07-10 11:00:00","2025-07-10 12:00:00",Nederland,Wind,Hour,UTC,Providing,Current,470679,470679,0.069839403033257,0,0
"2025-07-10 12:00:00","2025-07-10 13:00:00",Nederland,Wind,Hour,UTC,Providing,Current,752134,752134,0.11160097271204,0,0
"2025-07-10 13:00:00","2025-07-10 14:00:00",Nederland,Wind,Hour,UTC,Providing,Current,985032,985032,0.14615724980831,0,0
"2025-07-10 14:00:00","2025-07-10 15:00:00",Nederland,Wind,Hour,UTC,Providing,Current,1222445,1222445,0.1813835054636,0,0
"2025-07-10 15:00:00","2025-07-10 16:00:00",Nederland,Wind,Hour,UTC,Providing,Current,1578008,1578008,0.23413950204849,0,0
"2025-07-10 16:00:00","2025-07-10 17:00:00",Nederland,Wind,Hour,UTC,Providing,Current,1790188,1790188,0.26562049984932,0,0
"2025-07-10 17:00:00","2025-07-10 18:00:00",Nederland,Wind,Hour,UTC,Providing,Current,1706688,1706688,0.25322949886322,0,0
"2025-07-10 18:00:00","2025-07-10 19:00:00",Nederland,Wind,Hour,UTC,Providing,Current,1354800,1354800,0.20101700723171,0,0
"2025-07-10 19:00:00","2025-07-10 20:00:00",Nederland,Wind,Hour,UTC,Providing,Current,838725,838725,0.12444412708282,0,0
"2025-07-10 20:00:00","2025-07-10 21:00:00",Nederland,Wind,Hour,UTC,Providing,Current,431893,431893,0.064080871641636,0,0
"2025-07-10 21:00:00","2025-07-10 22:00:00",Nederland,Wind,Hour,UTC,Providing,Current,217771,217771,0.032310951501131,0,0
"2025-07-10 22:00:00","2025-07-10 23:00:00",Nederland,Wind,Hour,UTC,Providing,Current,120554,120554,0.017886625602841,0,0
"2025-07-10 23:00:00","2025-07-11 00:00:00",Nederland,Wind,Hour,UTC,Providing,Current,86685,86685,0.012861402705312,0,0
"2025-07-11 00:00:00","2025-07-11 01:00:00",Nederland,Wind,Hour,UTC,Providing,Current,26827,26827,0.0039802826941013,0,0
"2025-07-11 01:00:00","2025-07-11 02:00:00",Nederland,Wind,Hour,UTC,Providing,Current,21674,21674,0.0032157173845917,0,0
"2025-07-11 02:00:00","2025-07-11 03:00:00",Nederland,Wind,Hour,UTC,Providing,Current,15780,15780,0.0023412224836648,0,0
"2025-07-11 03:00:00","2025-07-11 04:00:00",Nederland,Wind,Hour,UTC,Providing,Current,73610,73610,0.01092120539397,0,0
"2025-07-11 04:00:00","2025-07-11 05:00:00",Nederland,Wind,Hour,UTC,Providing,Current,107787,107787,0.015991799533367,0,0
"2025-07-11 05:00:00","2025-07-11 06:00:00",Nederland,Wind,Hour,UTC,Providing,Current,136143,136143,0.020198725163937,0,0
"2025-07-11 06:00:00","2025-07-11 07:00:00",Nederland,Wind,Hour,UTC,Providing,Current,247458,247458,0.036713600158691,0,0
"2025-07-11 07:00:00","2025-07-11 08:00:00",Nederland,Wind,Hour,UTC,Providing,Current,644186,644186,0.095572650432587,0,0
"2025-07-11 08:00:00","2025-07-11 09:00:00",Nederland,Wind,Hour,UTC,Providing,Current,798497,798497,0.11846625059843,0,0
"2025-07-11 09:00:00","2025-07-11 10:00:00",Nederland,Wind,Hour,UTC,Providing,Current,832580,832580,0.12352175265551,0,0
"2025-07-11 10:00:00","2025-07-11 11:00:00",Nederland,Wind,Hour,UTC,Providing,Current,1027107,1027107,0.15238074958324,0,0
"2025-07-11 11:00:00","2025-07-11 12:00:00",Nederland,Wind,Hour,UTC,Providing,Current,1091584,1091584,0.16194550693035,0,0
"2025-07-11 12:00:00","2025-07-11 13:00:00",Nederland,Wind,Hour,UTC,Providing,Current,1201890,1201890,0.17830950021744,0,0
"2025-07-11 13:00:00","2025-07-11 14:00:00",Nederland,Wind,Hour,UTC,Providing,Current,1491245,1491245,0.22123624384403,0,0
"2025-07-11 14:00:00","2025-07-11 15:00:00",Nederland,Wind,Hour,UTC,Providing,Current,1817338,1817338,0.26961299777031,0,0
"2025-07-11 15:00:00","2025-07-11 16:00:00",Nederland,Wind,Hour,UTC,Providing,Current,2107198,2107198,0.31261301040649,0,0
"2025-07-11 16:00:00","2025-07-11 17:00:00",Nederland,Wind,Hour,UTC,Providing,Current,2086116,2086116,0.30948373675346,0,0
"2025-07-11 17:00:00","2025-07-11 18:00:00",Nederland,Wind,Hour,UTC,Providing,Current,1931171,1931171,0.28649550676346,0,0
"2025-07-11 18:00:00","2025-07-11 19:00:00",Nederland,Wind,Hour,UTC,Providing,Current,1747670,1747670,0.25927048921585,0,0
"2025-07-11 19:00:00","2025-07-11 20:00:00",Nederland,Wind,Hour,UTC,Providing,Current,1201753,1201753,0.17828175425529,0,0
"2025-07-11 20:00:00","2025-07-11 21:00:00",Nederland,Wind,Hour,UTC,Providing,Current,617190,617190,0.091560527682304,0,0
"2025-07-11 21:00:00","2025-07-11 22:00:00",Nederland,Wind,Hour,UTC,Providing,Current,415208,415208,0.061595901846886,0,0
"2025-07-11 22:00:00","2025-07-11 23:00:00",Nederland,Wind,Hour,UTC,Providing,Current,388511,388511,0.057635050266981,0,0
"2025-07-11 23:00:00","2025-07-12 00:00:00",Nederland,Wind,Hour,UTC,Providing,Current,457033,457033,0.06779982149601,0,0
"2025-07-12 00:00:00","2025-07-12 01:00:00",Nederland,Wind,Hour,UTC,Providing,Current,460338,460338,0.068289674818516,0,0
"2025-07-12 01:00:00","2025-07-12 02:00:00",Nederland,Wind,Hour,UTC,Providing,Current,602763,602763,0.089417427778244,0,0
"2025-07-12 02:00:00","2025-07-12 03:00:00",Nederland,Wind,Hour,UTC,Providing,Current,585607,585607,0.086871899664402,0,0
"2025-07-12 03:00:00","2025-07-12 04:00:00",Nederland,Wind,Hour,UTC,Providing,Current,452593,452593,0.067139498889446,0,0
"2025-07-12 04:00:00","2025-07-12 05:00:00",Nederland,Wind,Hour,UTC,Providing,Current,396662,396662,0.058842126280069,0,0
"2025-07-12 05:00:00","2025-07-12 06:00:00",Nederland,Wind,Hour,UTC,Providing,Current,469677,469677,0.069672927260399,0,0
"2025-07-12 06:00:00","2025-07-12 07:00:00",Nederland,Wind,Hour,UTC,Providing,Current,841583,841583,0.12484149634838,0,0
"2025-07-12 07:00:00","2025-07-12 08:00:00",Nederland,Wind,Hour,UTC,Providing,Current,1345634,1345634,0.19961200654507,0,0
"2025-07-12 08:00:00","2025-07-12 09:00:00",Nederland,Wind,Hour,UTC,Providing,Current,1755130,1755130,0.26035526394844,0,0
"2025-07-12 09:00:00","2025-07-12 10:00:00",Nederland,Wind,Hour,UTC,Providing,Current,2037046,2037046,0.3021727502346,0,0
"2025-07-12 10:00:00","2025-07-12 11:00:00",Nederland,Wind,Hour,UTC,Providing,Current,2456717,2456717,0.36442399024963,0,0
"2025-07-12 11:00:00","2025-07-12 12:00:00",Nederland,Wind,Hour,UTC,Providing,Current,2791760,2791760,0.41412076354027,0,0
"2025-07-12 12:00:00","2025-07-12 13:00:00",Nederland,Wind,Hour,UTC,Providing,Current,3098793,3098793,0.45966249704361,0,0
"2025-07-12 13:00:00","2025-07-12 14:00:00",Nederland,Wind,Hour,UTC,Providing,Current,3323203,3323203,0.49294748902321,0,0
"2025-07-12 14:00:00","2025-07-12 15:00:00",Nederland,Wind,Hour,UTC,Providing,Current,3502491,3502491,0.5195392370224,0,0
"2025-07-12 15:00:00","2025-07-12 16:00:00",Nederland,Wind,Hour,UTC,Providing,Current,3451193,3451193,0.51192677021027,0,0
"2025-07-12 16:00:00","2025-07-12 17:00:00",Nederland,Wind,Hour,UTC,Providing,Current,3186367,3186367,0.47264125943184,0,0
"2025-07-12 17:00:00","2025-07-12 18:00:00",Nederland,Wind,Hour,UTC,Providing,Current,2790291,2790291,0.41388800740242,0,0
"2025-07-12 18:00:00","2025-07-12 19:00:00",Nederland,Wind,Hour,UTC,Providing,Current,2110205,2110205,0.313008248806,0,0
"2025-07-12 19:00:00","2025-07-12 20:00:00",Nederland,Wind,Hour,UTC,Providing,Current,1256211,1256211,0.18633350729942,0,0
"2025-07-12 20:00:00","2025-07-12 21:00:00",Nederland,Wind,Hour,UTC,Providing,Current,892643,892643,0.13240450620651,0,0
"2025-07-12 21:00:00","2025-07-12 22:00:00",Nederland,Wind,Hour,UTC,Providing,Current,712814,712814,0.10573030263186,0,0
"2025-07-12 22:00:00","2025-07-12 23:00:00",Nederland,Wind,Hour,UTC,Providing,Current,442861,442861,0.065688252449036,0,0
"2025-07-12 23:00:00","2025-07-13 00:00:00",Nederland,Wind,Hour,UTC,Providing,Current,299812,299812,0.044469948858023,0,0
"2025-07-13 00:00:00","2025-07-13 01:00:00",Nederland,Wind,Hour,UTC,Providing,Current,255239,255239,0.037858374416828,0,0
"2025-07-13 01:00:00","2025-07-13 02:00:00",Nederland,Wind,Hour,UTC,Providing,Current,150687,150687,0.022350525483489,0,0
"2025-07-13 02:00:00","2025-07-13 03:00:00",Nederland,Wind,Hour,UTC,Providing,Current,117822,117822,0.017475774511695,0,0
"2025-07-13 03:00:00","2025-07-13 04:00:00",Nederland,Wind,Hour,UTC,Providing,Current,119771,119771,0.01776472479105,0,0
"2025-07-13 04:00:00","2025-07-13 05:00:00",Nederland,Wind,Hour,UTC,Providing,Current,84552,84552,0.012540900148451,0,0
"2025-07-13 05:00:00","2025-07-13 06:00:00",Nederland,Wind,Hour,UTC,Providing,Current,81794,81794,0.012131749652326,0,0
"2025-07-13 06:00:00","2025-07-13 07:00:00",Nederland,Wind,Hour,UTC,Providing,Current,122536,122536,0.018174525350332,0,0
"2025-07-13 07:00:00","2025-07-13 08:00:00",Nederland,Wind,Hour,UTC,Providing,Current,160333,160333,0.023780399933457,0,0
"2025-07-13 08:00:00","2025-07-13 09:00:00",Nederland,Wind,Hour,UTC,Providing,Current,284958,284958,0.042264375835657,0,0
"2025-07-13 09:00:00","2025-07-13 10:00:00",Nederland,Wind,Hour,UTC,Providing,Current,512356,512356,0.075991123914719,0,0
"2025-07-13 10:00:00","2025-07-13 11:00:00",Nederland,Wind,Hour,UTC,Providing,Current,560287,560287,0.083099603652954,0,0
"2025-07-13 11:00:00","2025-07-13 12:00:00",Nederland,Wind,Hour,UTC,Providing,Current,794248,794248,0.11779925227165,0,0
"2025-07-13 12:00:00","2025-07-13 13:00:00",Nederland,Wind,Hour,UTC,Providing,Current,888254,888254,0.13174074888229,0,0
"2025-07-13 13:00:00","2025-07-13 14:00:00",Nederland,Wind,Hour,UTC,Providing,Current,798215,798215,0.11838625371456,0,0
"2025-07-13 14:00:00","2025-07-13 15:00:00",Nederland,Wind,Hour,UTC,Providing,Current,969183,969183,0.14374199509621,0,0
"2025-07-13 15:00:00","2025-07-13 16:00:00",Nederland,Wind,Hour,UTC,Providing,Current,1050005,1050005,0.15572799742222,0,0
"2025-07-13 16:00:00","2025-07-13 17:00:00",Nederland,Wind,Hour,UTC,Providing,Current,1003714,1003714,0.14886149764061,0,0
"2025-07-13 17:00:00","2025-07-13 18:00:00",Nederland,Wind,Hour,UTC,Providing,Current,800309,800309,0.11869350075722,0,0
"2025-07-13 18:00:00","2025-07-13 19:00:00",Nederland,Wind,Hour,UTC,Providing,Current,568835,568835,0.084363251924515,0,0
"2025-07-13 19:00:00","2025-07-13 20:00:00",Nederland,Wind,Hour,UTC,Providing,Current,333046,333046,0.049393400549889,0,0
"2025-07-13 20:00:00","2025-07-13 21:00:00",Nederland,Wind,Hour,UTC,Providing,Current,89593,89593,0.013287304900587,0,0
"2025-07-13 21:00:00","2025-07-13 22:00:00",Nederland,Wind,Hour,UTC,Providing,Current,35222,35222,0.0052236425690353,0,0
"2025-07-13 22:00:00","2025-07-13 23:00:00",Nederland,Wind,Hour,UTC,Providing,Current,35892,35892,0.0053229723125696,0,0
"2025-07-13 23:00:00","2025-07-14 00:00:00",Nederland,Wind,Hour,UTC,Providing,Current,32925,32925,0.0048829251900315,0,0
"2025-07-14 00:00:00","2025-07-14 01:00:00",Nederland,Wind,Hour,UTC,Providing,Current,18857,18857,0.0027965649496764,0,0
"2025-07-14 01:00:00","2025-07-14 02:00:00",Nederland,Wind,Hour,UTC,Providing,Current,7200,7200,0.0010677799582481,0,0
"2025-07-14 02:00:00","2025-07-14 03:00:00",Nederland,Wind,Hour,UTC,Providing,Current,0,0,0,0,0
"2025-07-14 03:00:00","2025-07-14 04:00:00",Nederland,Wind,Hour,UTC,Providing,Current,0,0,0,0,0
"2025-07-14 04:00:00","2025-07-14 05:00:00",Nederland,Wind,Hour,UTC,Providing,Current,0,0,0,0,0
"2025-07-14 05:00:00","2025-07-14 06:00:00",Nederland,Wind,Hour,UTC,Providing,Current,0,0,0,0,0
"2025-07-14 06:00:00","2025-07-14 07:00:00",Nederland,Wind,Hour,UTC,Providing,Current,2920,2920,0.00043303001439199,0,0
"2025-07-14 07:00:00","2025-07-14 08:00:00",Nederland,Wind,Hour,UTC,Providing,Current,58806,58806,0.0087207751348615,0,0
"2025-07-14 08:00:00","2025-07-14 09:00:00",Nederland,Wind,Hour,UTC,Providing,Current,132623,132623,0.019667500630021,0,0
"2025-07-14 09:00:00","2025-07-14 10:00:00",Nederland,Wind,Hour,UTC,Providing,Current,388927,388927,0.057676073163748,0,0
"2025-07-14 10:00:00","2025-07-14 11:00:00",Nederland,Wind,Hour,UTC,Providing,Current,720575,720575,0.10685742646456,0,0
"2025-07-14 11:00:00","2025-07-14 12:00:00",Nederland,Wind,Hour,UTC,Providing,Current,1336135,1336135,0.19813999533653,0,0
"2025-07-14 12:00:00","2025-07-14 13:00:00",Nederland,Wind,Hour,UTC,Providing,Current,1751837,1751837,0.25978475809097,0,0
"2025-07-14 13:00:00","2025-07-14 14:00:00",Nederland,Wind,Hour,UTC,Providing,Current,2175644,2175644,0.32263049483299,0,0
"2025-07-14 14:00:00","2025-07-14 15:00:00",Nederland,Wind,Hour,UTC,Providing,Current,2466378,2466378,0.36574149131775,0,0
"2025-07-14 15:00:00","2025-07-14 16:00:00",Nederland,Wind,Hour,UTC,Providing,Current,3121898,3121898,0.462945997715,0,0
"2025-07-14 16:00:00","2025-07-14 17:00:00",Nederland,Wind,Hour,UTC,Providing,Current,3978161,3978161,0.58991801738739,0,0
"2025-07-14 17:00:00","2025-07-14 18:00:00",Nederland,Wind,Hour,UTC,Providing,Current,3877043,3877043,0.57491952180862,0,0
"2025-07-14 18:00:00","2025-07-14 19:00:00",Nederland,Wind,Hour,UTC,Providing,Current,3918190,3918190,0.58101773262024,0,0
"2025-07-14 19:00:00","2025-07-14 20:00:00",Nederland,Wind,Hour,UTC,Providing,Current,3132556,3132556,0.46451550722122,0,0
"2025-07-14 20:00:00","2025-07-14 21:00:00",Nederland,Wind,Hour,UTC,Providing,Current,2605001,2605001,0.38628399372101,0,0
"2025-07-14 21:00:00","2025-07-14 22:00:00",Nederland,Wind,Hour,UTC,Providing,Current,2628421,2628421,0.38975423574448,0,0
"2025-07-14 22:00:00","2025-07-14 23:00:00",Nederland,Wind,Hour,UTC,Providing,Current,2574170,2574170,0.38170748949051,0,0
"2025-07-14 23:00:00","2025-07-15 00:00:00",Nederland,Wind,Hour,UTC,Providing,Current,2771289,2771289,0.41093450784683,0,0
"2025-07-15 00:00:00","2025-07-15 01:00:00",Nederland,Wind,Hour,UTC,Providing,Current,2749011,2749011,0.40762823820114,0,0
"2025-07-15 01:00:00","2025-07-15 02:00:00",Nederland,Wind,Hour,UTC,Providing,Current,2349527,2349527,0.34839001297951,0,0
"2025-07-15 02:00:00","2025-07-15 03:00:00",Nederland,Wind,Hour,UTC,Providing,Current,2295906,2295906,0.34043726325035,0,0
"2025-07-15 03:00:00","2025-07-15 04:00:00",Nederland,Wind,Hour,UTC,Providing,Current,1921387,1921387,0.28490149974823,0,0
"2025-07-15 04:00:00","2025-07-15 05:00:00",Nederland,Wind,Hour,UTC,Providing,Current,1720907,1720907,0.25517299771309,0,0
"2025-07-15 05:00:00","2025-07-15 06:00:00",Nederland,Wind,Hour,UTC,Providing,Current,1655651,1655651,0.24549575150013,0,0
"2025-07-15 06:00:00","2025-07-15 07:00:00",Nederland,Wind,Hour,UTC,Providing,Current,2083815,2083815,0.30898100137711,0,0
"2025-07-15 07:00:00","2025-07-15 08:00:00",Nederland,Wind,Hour,UTC,Providing,Current,2590033,2590033,0.38403874635696,0,0
"2025-07-15 08:00:00","2025-07-15 09:00:00",Nederland,Wind,Hour,UTC,Providing,Current,2654110,2654110,0.39353749155998,0,0
"2025-07-15 09:00:00","2025-07-15 10:00:00",Nederland,Wind,Hour,UTC,Providing,Current,2923767,2923767,0.43351826071739,0,0
"2025-07-15 10:00:00","2025-07-15 11:00:00",Nederland,Wind,Hour,UTC,Providing,Current,3037465,3037465,0.45037373900414,0,0
"2025-07-15 11:00:00","2025-07-15 12:00:00",Nederland,Wind,Hour,UTC,Providing,Current,3129723,3129723,0.46404999494553,0,0
"2025-07-15 12:00:00","2025-07-15 13:00:00",Nederland,Wind,Hour,UTC,Providing,Current,3905255,3905255,0.57903623580933,0,0
"2025-07-15 13:00:00","2025-07-15 14:00:00",Nederland,Wind,Hour,UTC,Providing,Current,4653037,4653037,0.68990647792816,0,0
"2025-07-15 14:00:00","2025-07-15 15:00:00",Nederland,Wind,Hour,UTC,Providing,Current,4314829,4314829,0.6397562623024,0,0
"2025-07-15 15:00:00","2025-07-15 16:00:00",Nederland,Wind,Hour,UTC,Providing,Current,4027469,4027469,0.5971462726593,0,0
"2025-07-15 16:00:00","2025-07-15 17:00:00",Nederland,Wind,Hour,UTC,Providing,Current,4204049,4204049,0.62332373857498,0,0
"2025-07-15 17:00:00","2025-07-15 18:00:00",Nederland,Wind,Hour,UTC,Providing,Current,3789628,3789628,0.56187522411346,0,0
"2025-07-15 18:00:00","2025-07-15 19:00:00",Nederland,Wind,Hour,UTC,Providing,Current,3101464,3101464,0.45984050631523,0,0
"2025-07-15 19:00:00","2025-07-15 20:00:00",Nederland,Wind,Hour,UTC,Providing,Current,2613618,2613618,0.38750773668289,0,0
"2025-07-15 20:00:00","2025-07-15 21:00:00",Nederland,Wind,Hour,UTC,Providing,Current,2260334,2260334,0.3351257443428,0,0
"2025-07-15 21:00:00","2025-07-15 22:00:00",Nederland,Wind,Hour,UTC,Providing,Current,2113161,2113161,0.31330350041389,0,0
"2025-07-15 22:00:00","2025-07-15 23:00:00",Nederland,Wind,Hour,UTC,Providing,Current,2281717,2281717,0.33829200267792,0,0
"2025-07-15 23:00:00","2025-07-16 00:00:00",Nederland,Wind,Hour,UTC,Providing,Current,2718310,2718310,0.4030199944973,0,0
"2025-07-16 00:00:00","2025-07-16 01:00:00",Nederland,Wind,Hour,UTC,Providing,Current,3183642,3183642,0.47200751304626,0,0
"2025-07-16 01:00:00","2025-07-16 02:00:00",Nederland,Wind,Hour,UTC,Providing,Current,2623214,2623214,0.38891625404358,0,0
"2025-07-16 02:00:00","2025-07-16 03:00:00",Nederland,Wind,Hour,UTC,Providing,Current,1604466,1604466,0.23787550628185,0,0
"2025-07-16 03:00:00","2025-07-16 04:00:00",Nederland,Wind,Hour,UTC,Providing,Current,1216263,1216263,0.18031999468803,0,0
"2025-07-16 04:00:00","2025-07-16 05:00:00",Nederland,Wind,Hour,UTC,Providing,Current,1272080,1272080,0.18859425187111,0,0
"2025-07-16 05:00:00","2025-07-16 06:00:00",Nederland,Wind,Hour,UTC,Providing,Current,1486729,1486729,0.22041599452496,0,0
"2025-07-16 06:00:00","2025-07-16 07:00:00",Nederland,Wind,Hour,UTC,Providing,Current,1812910,1812910,0.26877275109291,0,0
"2025-07-16 07:00:00","2025-07-16 08:00:00",Nederland,Wind,Hour,UTC,Providing,Current,2160277,2160277,0.32026949524879,0,0
"2025-07-16 08:00:00","2025-07-16 09:00:00",Nederland,Wind,Hour,UTC,Providing,Current,2383685,2383685,0.35338848829269,0,0
"2025-07-16 09:00:00","2025-07-16 10:00:00",Nederland,Wind,Hour,UTC,Providing,Current,2519534,2519534,0.37352651357651,0,0
"2025-07-16 10:00:00","2025-07-16 11:00:00",Nederland,Wind,Hour,UTC,Providing,Current,2480895,2480895,0.36779573559761,0,0
"2025-07-16 11:00:00","2025-07-16 12:00:00",Nederland,Wind,Hour,UTC,Providing,Current,2901832,2901832,0.43019750714302,0,0
"2025-07-16 12:00:00","2025-07-16 13:00:00",Nederland,Wind,Hour,UTC,Providing,Current,3356065,3356065,0.49753475189209,0,0
"2025-07-16 13:00:00","2025-07-16 14:00:00",Nederland,Wind,Hour,UTC,Providing,Current,3379459,3379459,0.50099974870682,0,0
"2025-07-16 14:00:00","2025-07-16 15:00:00",Nederland,Wind,Hour,UTC,Providing,Current,3433766,3433766,0.5090479850769,0,0
"2025-07-16 15:00:00","2025-07-16 16:00:00",Nederland,Wind,Hour,UTC,Providing,Current,3285507,3285507,0.48706576228142,0,0
"2025-07-16 16:00:00","2025-07-16 17:00:00",Nederland,Wind,Hour,UTC,Providing,Current,3129118,3129118,0.46387875080109,0,0
"2025-07-16 17:00:00","2025-07-16 18:00:00",Nederland,Wind,Hour,UTC,Providing,Current,2784663,2784663,0.41281226277351,0,0
"2025-07-16 18:00:00","2025-07-16 19:00:00",Nederland,Wind,Hour,UTC,Providing,Current,2029419,2029419,0.30084949731827,0,0
"2025-07-16 19:00:00","2025-07-16 20:00:00",Nederland,Wind,Hour,UTC,Providing,Current,1160971,1160971,0.17210599780083,0,0
"2025-07-16 20:00:00","2025-07-16 21:00:00",Nederland,Wind,Hour,UTC,Providing,Current,541262,541262,0.080237925052643,0,0
"2025-07-16 21:00:00","2025-07-16 22:00:00",Nederland,Wind,Hour,UTC,Providing,Current,375863,375863,0.055718451738358,0,0
"2025-07-16 22:00:00","2025-07-16 23:00:00",Nederland,Wind,Hour,UTC,Providing,Current,382218,382218,0.056660149246454,0,0
"2025-07-16 23:00:00","2025-07-17 00:00:00",Nederland,Wind,Hour,UTC,Providing,Current,376217,376217,0.055770248174667,0,0
"2025-07-17 00:00:00","2025-07-17 01:00:00",Nederland,Wind,Hour,UTC,Providing,Current,339589,339589,0.050340224057436,0,0
"2025-07-17 01:00:00","2025-07-17 02:00:00",Nederland,Wind,Hour,UTC,Providing,Current,334341,334341,0.049561973661184,0,0
"2025-07-17 02:00:00","2025-07-17 03:00:00",Nederland,Wind,Hour,UTC,Providing,Current,354609,354609,0.052566099911928,0,0
"2025-07-17 03:00:00","2025-07-17 04:00:00",Nederland,Wind,Hour,UTC,Providing,Current,473760,473760,0.07022824883461,0,0
"2025-07-17 04:00:00","2025-07-17 05:00:00",Nederland,Wind,Hour,UTC,Providing,Current,471313,471313,0.069865122437477,0,0
"2025-07-17 05:00:00","2025-07-17 06:00:00",Nederland,Wind,Hour,UTC,Providing,Current,520619,520619,0.077173501253128,0,0
"2025-07-17 06:00:00","2025-07-17 07:00:00",Nederland,Wind,Hour,UTC,Providing,Current,856252,856252,0.12692500650883,0,0
"2025-07-17 07:00:00","2025-07-17 08:00:00",Nederland,Wind,Hour,UTC,Providing,Current,1144922,1144922,0.16971425712109,0,0
"2025-07-17 08:00:00","2025-07-17 09:00:00",Nederland,Wind,Hour,UTC,Providing,Current,1430329,1430329,0.21201950311661,0,0
"2025-07-17 09:00:00","2025-07-17 10:00:00",Nederland,Wind,Hour,UTC,Providing,Current,1810450,1810450,0.26836374402046,0,0
"2025-07-17 10:00:00","2025-07-17 11:00:00",Nederland,Wind,Hour,UTC,Providing,Current,1767415,1767415,0.26198324561119,0,0
"2025-07-17 11:00:00","2025-07-17 12:00:00",Nederland,Wind,Hour,UTC,Providing,Current,1620638,1620638,0.24022525548935,0,0
"2025-07-17 12:00:00","2025-07-17 13:00:00",Nederland,Wind,Hour,UTC,Providing,Current,1875575,1875575,0.27801251411438,0,0
"2025-07-17 13:00:00","2025-07-17 14:00:00",Nederland,Wind,Hour,UTC,Providing,Current,2013735,2013735,0.29848998785019,0,0
"2025-07-17 14:00:00","2025-07-17 15:00:00",Nederland,Wind,Hour,UTC,Providing,Current,1981802,1981802,0.29375475645065,0,0
"2025-07-17 15:00:00","2025-07-17 16:00:00",Nederland,Wind,Hour,UTC,Providing,Current,1619935,1619935,0.24011500179768,0,0
"2025-07-17 16:00:00","2025-07-17 17:00:00",Nederland,Wind,Hour,UTC,Providing,Current,1117625,1117625,0.16565899550915,0,0
"2025-07-17 17:00:00","2025-07-17 18:00:00",Nederland,Wind,Hour,UTC,Providing,Current,795727,795727,0.11794524639845,0,0
"2025-07-17 18:00:00","2025-07-17 19:00:00",Nederland,Wind,Hour,UTC,Providing,Current,459796,459796,0.068152099847794,0,0
"2025-07-17 19:00:00","2025-07-17 20:00:00",Nederland,Wind,Hour,UTC,Providing,Current,209261,209261,0.031016999855638,0,0
"2025-07-17 20:00:00","2025-07-17 21:00:00",Nederland,Wind,Hour,UTC,Providing,Current,43899,43899,0.0065067401155829,0,0
"2025-07-17 21:00:00","2025-07-17 22:00:00",Nederland,Wind,Hour,UTC,Providing,Current,38817,38817,0.0057534449733794,0,0
"2025-07-17 22:00:00","2025-07-17 23:00:00",Nederland,Wind,Hour,UTC,Providing,Current,20038,20038,0.0029700126033276,0,0
"2025-07-17 23:00:00","2025-07-18 00:00:00",Nederland,Wind,Hour,UTC,Providing,Current,3823,3823,0.00056663498980924,0,0
"2025-07-18 00:00:00","2025-07-18 01:00:00",Nederland,Wind,Hour,UTC,Providing,Current,3978,3978,0.00058960751630366,0,0
"2025-07-18 01:00:00","2025-07-18 02:00:00",Nederland,Wind,Hour,UTC,Providing,Current,0,0,0,0,0
"2025-07-18 02:00:00","2025-07-18 03:00:00",Nederland,Wind,Hour,UTC,Providing,Current,0,0,0,0,0
"2025-07-18 03:00:00","2025-07-18 04:00:00",Nederland,Wind,Hour,UTC,Providing,Current,0,0,0,0,0
"2025-07-18 04:00:00","2025-07-18 05:00:00",Nederland,Wind,Hour,UTC,Providing,Current,0,0,0,0,0
"2025-07-18 05:00:00","2025-07-18 06:00:00",Nederland,Wind,Hour,UTC,Providing,Current,2958,2958,0.00043841250590049,0,0
"2025-07-18 06:00:00","2025-07-18 07:00:00",Nederland,Wind,Hour,UTC,Providing,Current,31090,31090,0.0046078977175057,0,0
"2025-07-18 07:00:00","2025-07-18 08:00:00",Nederland,Wind,Hour,UTC,Providing,Current,49332,49332,0.0073115350678563,0,0
"2025-07-18 08:00:00","2025-07-18 09:00:00",Nederland,Wind,Hour,UTC,Providing,Current,37715,37715,0.0055897301062942,0,0
"2025-07-18 09:00:00","2025-07-18 10:00:00",Nederland,Wind,Hour,UTC,Providing,Current,12562,12562,0.0018618025351316,0,0
"2025-07-18 10:00:00","2025-07-18 11:00:00",Nederland,Wind,Hour,UTC,Providing,Current,47818,47818,0.0070870048366487,0,0
"2025-07-18 11:00:00","2025-07-18 12:00:00",Nederland,Wind,Hour,UTC,Providing,Current,105036,105036,0.015567075461149,0,0
"2025-07-18 12:00:00","2025-07-18 13:00:00",Nederland,Wind,Hour,UTC,Providing,Current,88262,88262,0.013080975040793,0,0
"2025-07-18 13:00:00","2025-07-18 14:00:00",Nederland,Wind,Hour,UTC,Providing,Current,58125,58125,0.008614445105195,0,0
"2025-07-18 14:00:00","2025-07-18 15:00:00",Nederland,Wind,Hour,UTC,Providing,Current,25377,25377,0.0037609825376421,0,0
"2025-07-18 15:00:00","2025-07-18 16:00:00",Nederland,Wind,Hour,UTC,Providing,Current,73430,73430,0.010882582515478,0,0
"2025-07-18 16:00:00","2025-07-18 17:00:00",Nederland,Wind,Hour,UTC,Providing,Current,110636,110636,0.01639655046165,0,0
"2025-07-18 17:00:00","2025-07-18 18:00:00",Nederland,Wind,Hour,UTC,Providing,Current,183683,183683,0.027222124859691,0,0
"2025-07-18 18:00:00","2025-07-18 19:00:00",Nederland,Wind,Hour,UTC,Providing,Current,233974,233974,0.034675151109695,0,0
"2025-07-18 19:00:00","2025-07-18 20:00:00",Nederland,Wind,Hour,UTC,Providing,Current,245226,245226,0.03634250164032,0,0
"2025-07-18 20:00:00","2025-07-18 21:00:00",Nederland,Wind,Hour,UTC,Providing,Current,296828,296828,0.0439896248281,0,0
"2025-07-18 21:00:00","2025-07-18 22:00:00",Nederland,Wind,Hour,UTC,Providing,Current,353348,353348,0.052365500479937,0,0
"2025-07-18 22:00:00","2025-07-18 23:00:00",Nederland,Wind,Hour,UTC,Providing,Current,450502,450502,0.066763177514076,0,0
"2025-07-18 23:00:00","2025-07-19 00:00:00",Nederland,Wind,Hour,UTC,Providing,Current,469497,469497,0.069577753543854,0,0
"2025-07-19 00:00:00","2025-07-19 01:00:00",Nederland,Wind,Hour,UTC,Providing,Current,640346,640346,0.094896346330643,0,0
"2025-07-19 01:00:00","2025-07-19 02:00:00",Nederland,Wind,Hour,UTC,Providing,Current,566416,566416,0.083939753472805,0,0
"2025-07-19 02:00:00","2025-07-19 03:00:00",Nederland,Wind,Hour,UTC,Providing,Current,558478,558478,0.082762874662876,0,0
"2025-07-19 03:00:00","2025-07-19 04:00:00",Nederland,Wind,Hour,UTC,Providing,Current,601950,601950,0.089204601943493,0,0
"2025-07-19 04:00:00","2025-07-19 05:00:00",Nederland,Wind,Hour,UTC,Providing,Current,690177,690177,0.10227867215872,0,0
"2025-07-19 05:00:00","2025-07-19 06:00:00",Nederland,Wind,Hour,UTC,Providing,Current,839810,839810,0.12445250153542,0,0
"2025-07-19 06:00:00","2025-07-19 07:00:00",Nederland,Wind,Hour,UTC,Providing,Current,1141509,1141509,0.16915999352932,0,0
"2025-07-19 07:00:00","2025-07-19 08:00:00",Nederland,Wind,Hour,UTC,Providing,Current,1419108,1419108,0.21029649674892,0,0
"2025-07-19 08:00:00","2025-07-19 09:00:00",Nederland,Wind,Hour,UTC,Providing,Current,1614960,1614960,0.2393182516098,0,0
"2025-07-19 09:00:00","2025-07-19 10:00:00",Nederland,Wind,Hour,UTC,Providing,Current,1988879,1988879,0.29472649097443,0,0
"2025-07-19 10:00:00","2025-07-19 11:00:00",Nederland,Wind,Hour,UTC,Providing,Current,2641328,2641328,0.39140900969505,0,0
"2025-07-19 11:00:00","2025-07-19 12:00:00",Nederland,Wind,Hour,UTC,Providing,Current,2995236,2995236,0.44385075569153,0,0
"2025-07-19 12:00:00","2025-07-19 13:00:00",Nederland,Wind,Hour,UTC,Providing,Current,3425139,3425139,0.50755274295807,0,0
"2025-07-19 13:00:00","2025-07-19 14:00:00",Nederland,Wind,Hour,UTC,Providing,Current,3548173,3548173,0.52578175067902,0,0
"2025-07-19 14:00:00","2025-07-19 15:00:00",Nederland,Wind,Hour,UTC,Providing,Current,3333125,3333125,0.49391201138496,0,0
"2025-07-19 15:00:00","2025-07-19 16:00:00",Nederland,Wind,Hour,UTC,Providing,Current,2873727,2873727,0.42583450675011,0,0
"2025-07-19 16:00:00","2025-07-19 17:00:00",Nederland,Wind,Hour,UTC,Providing,Current,2331404,2331404,0.34546974301338,0,0
"2025-07-19 17:00:00","2025-07-19 18:00:00",Nederland,Wind,Hour,UTC,Providing,Current,1915606,1915606,0.28385475277901,0,0
"2025-07-19 18:00:00","2025-07-19 19:00:00",Nederland,Wind,Hour,UTC,Providing,Current,1619756,1619756,0.2400140017271,0,0
"2025-07-19 19:00:00","2025-07-19 20:00:00",Nederland,Wind,Hour,UTC,Providing,Current,1415030,1415030,0.20967674255371,0,0
"2025-07-19 20:00:00","2025-07-19 21:00:00",Nederland,Wind,Hour,UTC,Providing,Current,1005910,1005910,0.14905300736427,0,0
"2025-07-19 21:00:00","2025-07-19 22:00:00",Nederland,Wind,Hour,UTC,Providing,Current,703416,703416,0.10423000156879,0,0
"2025-07-19 22:00:00","2025-07-19 23:00:00",Nederland,Wind,Hour,UTC,Providing,Current,617771,617771,0.091538600623608,0,0
"2025-07-19 23:00:00","2025-07-20 00:00:00",Nederland,Wind,Hour,UTC,Providing,Current,487058,487058,0.072169698774815,0,0
"2025-07-20 00:00:00","2025-07-20 01:00:00",Nederland,Wind,Hour,UTC,Providing,Current,387529,387529,0.057421650737524,0,0
"2025-07-20 01:00:00","2025-07-20 02:00:00",Nederland,Wind,Hour,UTC,Providing,Current,400739,400739,0.059378676116467,0,0
"2025-07-20 02:00:00","2025-07-20 03:00:00",Nederland,Wind,Hour,UTC,Providing,Current,179510,179510,0.026598375290632,0,0
"2025-07-20 03:00:00","2025-07-20 04:00:00",Nederland,Wind,Hour,UTC,Providing,Current,102134,102134,0.015133325010538,0,0
"2025-07-20 04:00:00","2025-07-20 05:00:00",Nederland,Wind,Hour,UTC,Providing,Current,129454,129454,0.019181249663234,0,0
"2025-07-20 05:00:00","2025-07-20 06:00:00",Nederland,Wind,Hour,UTC,Providing,Current,89687,89687,0.013288875110447,0,0
"2025-07-20 06:00:00","2025-07-20 07:00:00",Nederland,Wind,Hour,UTC,Providing,Current,149377,149377,0.022132949903607,0,0
"2025-07-20 07:00:00","2025-07-20 08:00:00",Nederland,Wind,Hour,UTC,Providing,Current,302369,302369,0.044801250100136,0,0
"2025-07-20 08:00:00","2025-07-20 09:00:00",Nederland,Wind,Hour,UTC,Providing,Current,524916,524916,0.077775001525879,0,0
"2025-07-20 09:00:00","2025-07-20 10:00:00",Nederland,Wind,Hour,UTC,Providing,Current,906693,906693,0.13434100151062,0,0
"2025-07-20 10:00:00","2025-07-20 11:00:00",Nederland,Wind,Hour,UTC,Providing,Current,1255137,1255137,0.1859669983387,0,0
"2025-07-20 11:00:00","2025-07-20 12:00:00",Nederland,Wind,Hour,UTC,Providing,Current,1613603,1613603,0.23907774686813,0,0
"2025-07-20 12:00:00","2025-07-20 13:00:00",Nederland,Wind,Hour,UTC,Providing,Current,2302960,2302960,0.34121349453926,0,0
"2025-07-20 13:00:00","2025-07-20 14:00:00",Nederland,Wind,Hour,UTC,Providing,Current,2444027,2444027,0.36211225390434,0,0
"2025-07-20 14:00:00","2025-07-20 15:00:00",Nederland,Wind,Hour,UTC,Providing,Current,2391169,2391169,0.35427850484848,0,0
"2025-07-20 15:00:00","2025-07-20 16:00:00",Nederland,Wind,Hour,UTC,Providing,Current,1743550,1743550,0.25832524895668,0,0
"2025-07-20 16:00:00","2025-07-20 17:00:00",Nederland,Wind,Hour,UTC,Providing,Current,992174,992174,0.14699999988079,0,0
"2025-07-20 17:00:00","2025-07-20 18:00:00",Nederland,Wind,Hour,UTC,Providing,Current,460911,460911,0.068287923932076,0,0
"2025-07-20 18:00:00","2025-07-20 19:00:00",Nederland,Wind,Hour,UTC,Providing,Current,363141,363141,0.053802076727152,0,0
"2025-07-20 19:00:00","2025-07-20 20:00:00",Nederland,Wind,Hour,UTC,Providing,Current,430687,430687,0.063809171319008,0,0
"2025-07-20 20:00:00","2025-07-20 21:00:00",Nederland,Wind,Hour,UTC,Providing,Current,161447,161447,0.023919325321913,0,0
"2025-07-20 21:00:00","2025-07-20 22:00:00",Nederland,Wind,Hour,UTC,Providing,Current,73066,73066,0.010825075209141,0,0
"2025-07-20 22:00:00","2025-07-20 23:00:00",Nederland,Wind,Hour,UTC,Providing,Current,139412,139412,0.020654449239373,0,0
"2025-07-20 23:00:00","2025-07-21 00:00:00",Nederland,Wind,Hour,UTC,Providing,Current,153774,153774,0.022782100364566,0,0
"2025-07-21 00:00:00","2025-07-21 01:00:00",Nederland,Wind,Hour,UTC,Providing,Current,185426,185426,0.027471274137497,0,0
"2025-07-21 01:00:00","2025-07-21 02:00:00",Nederland,Wind,Hour,UTC,Providing,Current,386438,386438,0.057251274585724,0,0
"2025-07-21 02:00:00","2025-07-21 03:00:00",Nederland,Wind,Hour,UTC,Providing,Current,616996,616996,0.091408200562,0,0
"2025-07-21 03:00:00","2025-07-21 04:00:00",Nederland,Wind,Hour,UTC,Providing,Current,691334,691334,0.10242077708244,0,0
"2025-07-21 04:00:00","2025-07-21 05:00:00",Nederland,Wind,Hour,UTC,Providing,Current,634151,634151,0.093948647379875,0,0
"2025-07-21 05:00:00","2025-07-21 06:00:00",Nederland,Wind,Hour,UTC,Providing,Current,884533,884533,0.13104124367237,0,0
"2025-07-21 06:00:00","2025-07-21 07:00:00",Nederland,Wind,Hour,UTC,Providing,Current,1206010,1206010,0.17866650223732,0,0
"2025-07-21 07:00:00","2025-07-21 08:00:00",Nederland,Wind,Hour,UTC,Providing,Current,1759546,1759546,0.2606694996357,0,0
"2025-07-21 08:00:00","2025-07-21 09:00:00",Nederland,Wind,Hour,UTC,Providing,Current,2395879,2395879,0.35493749380112,0,0
"2025-07-21 09:00:00","2025-07-21 10:00:00",Nederland,Wind,Hour,UTC,Providing,Current,3062367,3062367,0.45367175340652,0,0
"2025-07-21 10:00:00","2025-07-21 11:00:00",Nederland,Wind,Hour,UTC,Providing,Current,3460055,3460055,0.51258373260498,0,0
"2025-07-21 11:00:00","2025-07-21 12:00:00",Nederland,Wind,Hour,UTC,Providing,Current,3581417,3581417,0.5305597782135,0,0
"2025-07-21 12:00:00","2025-07-21 13:00:00",Nederland,Wind,Hour,UTC,Providing,Current,3613771,3613771,0.53534924983978,0,0
"2025-07-21 13:00:00","2025-07-21 14:00:00",Nederland,Wind,Hour,UTC,Providing,Current,3099492,3099492,0.45916050672531,0,0
"2025-07-21 14:00:00","2025-07-21 15:00:00",Nederland,Wind,Hour,UTC,Providing,Current,2227740,2227740,0.3300167620182,0,0
"2025-07-21 15:00:00","2025-07-21 16:00:00",Nederland,Wind,Hour,UTC,Providing,Current,1702460,1702460,0.25220024585724,0,0
"2025-07-21 16:00:00","2025-07-21 17:00:00",Nederland,Wind,Hour,UTC,Providing,Current,1290406,1290406,0.19115824997425,0,0
"2025-07-21 17:00:00","2025-07-21 18:00:00",Nederland,Wind,Hour,UTC,Providing,Current,797765,797765,0.1181785017252,0,0
"2025-07-21 18:00:00","2025-07-21 19:00:00",Nederland,Wind,Hour,UTC,Providing,Current,488230,488230,0.072324477136135,0,0
"2025-07-21 19:00:00","2025-07-21 20:00:00",Nederland,Wind,Hour,UTC,Providing,Current,283589,283589,0.042009498924017,0,0
"2025-07-21 20:00:00","2025-07-21 21:00:00",Nederland,Wind,Hour,UTC,Providing,Current,268442,268442,0.039765451103449,0,0
"2025-07-21 21:00:00","2025-07-21 22:00:00",Nederland,Wind,Hour,UTC,Providing,Current,517366,517366,0.076639123260975,0,0
"2025-07-21 22:00:00","2025-07-21 23:00:00",Nederland,Wind,Hour,UTC,Providing,Current,590134,590134,0.087417975068092,0,0
"2025-07-21 23:00:00","2025-07-22 00:00:00",Nederland,Wind,Hour,UTC,Providing,Current,792492,792492,0.11739300191402,0,0
"2025-07-22 00:00:00","2025-07-22 01:00:00",Nederland,Wind,Hour,UTC,Providing,Current,719892,719892,0.1066379994154,0,0
"2025-07-22 01:00:00","2025-07-22 02:00:00",Nederland,Wind,Hour,UTC,Providing,Current,752906,752906,0.11152774840593,0,0
"2025-07-22 02:00:00","2025-07-22 03:00:00",Nederland,Wind,Hour,UTC,Providing,Current,801258,801258,0.1186892464757,0,0
"2025-07-22 03:00:00","2025-07-22 04:00:00",Nederland,Wind,Hour,UTC,Providing,Current,869733,869733,0.12883199751377,0,0
"2025-07-22 04:00:00","2025-07-22 05:00:00",Nederland,Wind,Hour,UTC,Providing,Current,1004846,1004846,0.14884474873543,0,0
"2025-07-22 05:00:00","2025-07-22 06:00:00",Nederland,Wind,Hour,UTC,Providing,Current,1078950,1078950,0.15982049703598,0,0
"2025-07-22 06:00:00","2025-07-22 07:00:00",Nederland,Wind,Hour,UTC,Providing,Current,1191137,1191137,0.17643749713898,0,0
"2025-07-22 07:00:00","2025-07-22 08:00:00",Nederland,Wind,Hour,UTC,Providing,Current,1616708,1616708,0.23947374522686,0,0
"2025-07-22 08:00:00","2025-07-22 09:00:00",Nederland,Wind,Hour,UTC,Providing,Current,2422574,2422574,0.3588399887085,0,0
"2025-07-22 09:00:00","2025-07-22 10:00:00",Nederland,Wind,Hour,UTC,Providing,Current,3032388,3032388,0.44916498661041,0,0
"2025-07-22 10:00:00","2025-07-22 11:00:00",Nederland,Wind,Hour,UTC,Providing,Current,3487428,3487428,0.51656347513199,0,0
"2025-07-22 11:00:00","2025-07-22 12:00:00",Nederland,Wind,Hour,UTC,Providing,Current,4186675,4186675,0.62013322114944,0,0
"2025-07-22 12:00:00","2025-07-22 13:00:00",Nederland,Wind,Hour,UTC,Providing,Current,4153094,4153094,0.61515551805496,0,0
"2025-07-22 13:00:00","2025-07-22 14:00:00",Nederland,Wind,Hour,UTC,Providing,Current,4536692,4536692,0.67197024822235,0,0
"2025-07-22 14:00:00","2025-07-22 15:00:00",Nederland,Wind,Hour,UTC,Providing,Current,4493623,4493623,0.66558700799942,0,0
"2025-07-22 15:00:00","2025-07-22 16:00:00",Nederland,Wind,Hour,UTC,Providing,Current,4326599,4326599,0.64084374904633,0,0
"2025-07-22 16:00:00","2025-07-22 17:00:00",Nederland,Wind,Hour,UTC,Providing,Current,4215919,4215919,0.62444597482681,0,0
"2025-07-22 17:00:00","2025-07-22 18:00:00",Nederland,Wind,Hour,UTC,Providing,Current,3827458,3827458,0.56690526008606,0,0
"2025-07-22 18:00:00","2025-07-22 19:00:00",Nederland,Wind,Hour,UTC,Providing,Current,3276154,3276154,0.48524576425552,0,0
"2025-07-22 19:00:00","2025-07-22 20:00:00",Nederland,Wind,Hour,UTC,Providing,Current,2475593,2475593,0.3666689991951,0,0
"2025-07-22 20:00:00","2025-07-22 21:00:00",Nederland,Wind,Hour,UTC,Providing,Current,1837612,1837612,0.27217376232147,0,0
"2025-07-22 21:00:00","2025-07-22 22:00:00",Nederland,Wind,Hour,UTC,Providing,Current,1574333,1574333,0.23317749798298,0,0
"2025-07-22 22:00:00","2025-07-22 23:00:00",Nederland,Wind,Hour,UTC,Providing,Current,1509053,1509053,0.22350725531578,0,0
"2025-07-22 23:00:00","2025-07-23 00:00:00",Nederland,Wind,Hour,UTC,Providing,Current,1367753,1367753,0.20257775485516,0,0
"2025-07-23 00:00:00","2025-07-23 01:00:00",Nederland,Wind,Hour,UTC,Providing,Current,1230772,1230772,0.18228875100613,0,0
"2025-07-23 01:00:00","2025-07-23 02:00:00",Nederland,Wind,Hour,UTC,Providing,Current,1092200,1092200,0.16176350414753,0,0
"2025-07-23 02:00:00","2025-07-23 03:00:00",Nederland,Wind,Hour,UTC,Providing,Current,1012094,1012094,0.14989824593067,0,0
"2025-07-23 03:00:00","2025-07-23 04:00:00",Nederland,Wind,Hour,UTC,Providing,Current,930205,930205,0.13776925206184,0,0
"2025-07-23 04:00:00","2025-07-23 05:00:00",Nederland,Wind,Hour,UTC,Providing,Current,849038,849038,0.12574724853039,0,0
"2025-07-23 05:00:00","2025-07-23 06:00:00",Nederland,Wind,Hour,UTC,Providing,Current,791365,791365,0.11720474809408,0,0
"2025-07-23 06:00:00","2025-07-23 07:00:00",Nederland,Wind,Hour,UTC,Providing,Current,1009437,1009437,0.14950124919415,0,0
"2025-07-23 07:00:00","2025-07-23 08:00:00",Nederland,Wind,Hour,UTC,Providing,Current,1298111,1298111,0.1922537535429,0,0
"2025-07-23 08:00:00","2025-07-23 09:00:00",Nederland,Wind,Hour,UTC,Providing,Current,1252846,1252846,0.18554875254631,0,0
"2025-07-23 09:00:00","2025-07-23 10:00:00",Nederland,Wind,Hour,UTC,Providing,Current,1540254,1540254,0.22811299562454,0,0
"2025-07-23 10:00:00","2025-07-23 11:00:00",Nederland,Wind,Hour,UTC,Providing,Current,1806064,1806064,0.26747825741768,0,0
"2025-07-23 11:00:00","2025-07-23 12:00:00",Nederland,Wind,Hour,UTC,Providing,Current,2024454,2024454,0.29982024431229,0,0
"2025-07-23 12:00:00","2025-07-23 13:00:00",Nederland,Wind,Hour,UTC,Providing,Current,2223306,2223306,0.32926774024963,0,0
"2025-07-23 13:00:00","2025-07-23 14:00:00",Nederland,Wind,Hour,UTC,Providing,Current,2727108,2727108,0.40387749671936,0,0
"2025-07-23 14:00:00","2025-07-23 15:00:00",Nederland,Wind,Hour,UTC,Providing,Current,3020299,3020299,0.44729575514793,0,0
"2025-07-23 15:00:00","2025-07-23 16:00:00",Nederland,Wind,Hour,UTC,Providing,Current,2826190,2826190,0.41854625940323,0,0
"2025-07-23 16:00:00","2025-07-23 17:00:00",Nederland,Wind,Hour,UTC,Providing,Current,2400490,2400490,0.35549974441528,0,0
"2025-07-23 17:00:00","2025-07-23 18:00:00",Nederland,Wind,Hour,UTC,Providing,Current,1850706,1850706,0.27407824993134,0,0
"2025-07-23 18:00:00","2025-07-23 19:00:00",Nederland,Wind,Hour,UTC,Providing,Current,1144606,1144606,0.16950799524784,0,0
"2025-07-23 19:00:00","2025-07-23 20:00:00",Nederland,Wind,Hour,UTC,Providing,Current,632441,632441,0.093659624457359,0,0
"2025-07-23 20:00:00","2025-07-23 21:00:00",Nederland,Wind,Hour,UTC,Providing,Current,354353,354353,0.052476525306702,0,0
"2025-07-23 21:00:00","2025-07-23 22:00:00",Nederland,Wind,Hour,UTC,Providing,Current,303534,303534,0.044950425624847,0,0
"2025-07-23 22:00:00","2025-07-23 23:00:00",Nederland,Wind,Hour,UTC,Providing,Current,297513,297513,0.044058501720428,0,0
"2025-07-23 23:00:00","2025-07-24 00:00:00",Nederland,Wind,Hour,UTC,Providing,Current,238445,238445,0.035310950130224,0,0
"2025-07-24 00:00:00","2025-07-24 01:00:00",Nederland,Wind,Hour,UTC,Providing,Current,177795,177795,0.026329224929214,0,0
"2025-07-24 01:00:00","2025-07-24 02:00:00",Nederland,Wind,Hour,UTC,Providing,Current,233302,233302,0.034548901021481,0,0
"2025-07-24 02:00:00","2025-07-24 03:00:00",Nederland,Wind,Hour,UTC,Providing,Current,190540,190540,0.028216250240803,0,0
"2025-07-24 03:00:00","2025-07-24 04:00:00",Nederland,Wind,Hour,UTC,Providing,Current,124571,124571,0.018447050824761,0,0
"2025-07-24 04:00:00","2025-07-24 05:00:00",Nederland,Wind,Hour,UTC,Providing,Current,132056,132056,0.019555374979973,0,0
"2025-07-24 05:00:00","2025-07-24 06:00:00",Nederland,Wind,Hour,UTC,Providing,Current,179431,179431,0.026570649817586,0,0
"2025-07-24 06:00:00","2025-07-24 07:00:00",Nederland,Wind,Hour,UTC,Providing,Current,263806,263806,0.039064951241016,0,0
"2025-07-24 07:00:00","2025-07-24 08:00:00",Nederland,Wind,Hour,UTC,Providing,Current,469005,469005,0.069450803101063,0,0
"2025-07-24 08:00:00","2025-07-24 09:00:00",Nederland,Wind,Hour,UTC,Providing,Current,475590,475590,0.070425525307655,0,0
"2025-07-24 09:00:00","2025-07-24 10:00:00",Nederland,Wind,Hour,UTC,Providing,Current,439078,439078,0.065018400549889,0,0
"2025-07-24 10:00:00","2025-07-24 11:00:00",Nederland,Wind,Hour,UTC,Providing,Current,454009,454009,0.067228972911835,0,0
"2025-07-24 11:00:00","2025-07-24 12:00:00",Nederland,Wind,Hour,UTC,Providing,Current,619943,619943,0.091799676418304,0,0
"2025-07-24 12:00:00","2025-07-24 13:00:00",Nederland,Wind,Hour,UTC,Providing,Current,780801,780801,0.11561849713326,0,0
"2025-07-24 13:00:00","2025-07-24 14:00:00",Nederland,Wind,Hour,UTC,Providing,Current,1023546,1023546,0.15156249701977,0,0
"2025-07-24 14:00:00","2025-07-24 15:00:00",Nederland,Wind,Hour,UTC,Providing,Current,1371054,1371054,0.20301850140095,0,0
"2025-07-24 15:00:00","2025-07-24 16:00:00",Nederland,Wind,Hour,UTC,Providing,Current,1420456,1420456,0.21033249795437,0,0
"2025-07-24 16:00:00","2025-07-24 17:00:00",Nederland,Wind,Hour,UTC,Providing,Current,1580410,1580410,0.23401625454426,0,0
"2025-07-24 17:00:00","2025-07-24 18:00:00",Nederland,Wind,Hour,UTC,Providing,Current,1565587,1565587,0.23182000219822,0,0
"2025-07-24 18:00:00","2025-07-24 19:00:00",Nederland,Wind,Hour,UTC,Providing,Current,1086907,1086907,0.16093975305557,0,0
"2025-07-24 19:00:00","2025-07-24 20:00:00",Nederland,Wind,Hour,UTC,Providing,Current,608616,608616,0.090118072926998,0,0
"2025-07-24 20:00:00","2025-07-24 21:00:00",Nederland,Wind,Hour,UTC,Providing,Current,433051,433051,0.064121678471565,0,0
"2025-07-24 21:00:00","2025-07-24 22:00:00",Nederland,Wind,Hour,UTC,Providing,Current,340767,340767,0.050456900149584,0,0
"2025-07-24 22:00:00","2025-07-24 23:00:00",Nederland,Wind,Hour,UTC,Providing,Current,323327,323327,0.047874301671982,0,0
"2025-07-24 23:00:00","2025-07-25 00:00:00",Nederland,Wind,Hour,UTC,Providing,Current,279011,279011,0.041312251240015,0,0
"2025-07-25 00:00:00","2025-07-25 01:00:00",Nederland,Wind,Hour,UTC,Providing,Current,212432,212432,0.03145394846797,0,0
"2025-07-25 01:00:00","2025-07-25 02:00:00",Nederland,Wind,Hour,UTC,Providing,Current,239748,239748,0.03549825027585,0,0
"2025-07-25 02:00:00","2025-07-25 03:00:00",Nederland,Wind,Hour,UTC,Providing,Current,348719,348719,0.051632776856422,0,0
"2025-07-25 03:00:00","2025-07-25 04:00:00",Nederland,Wind,Hour,UTC,Providing,Current,492224,492224,0.07288022339344,0,0
"2025-07-25 04:00:00","2025-07-25 05:00:00",Nederland,Wind,Hour,UTC,Providing,Current,589532,589532,0.087287478148937,0,0
"2025-07-25 05:00:00","2025-07-25 06:00:00",Nederland,Wind,Hour,UTC,Providing,Current,420942,420942,0.062325298786163,0,0
"2025-07-25 06:00:00","2025-07-25 07:00:00",Nederland,Wind,Hour,UTC,Providing,Current,613155,613155,0.090783953666687,0,0
"2025-07-25 07:00:00","2025-07-25 08:00:00",Nederland,Wind,Hour,UTC,Providing,Current,836472,836472,0.12384749948978,0,0
"2025-07-25 08:00:00","2025-07-25 09:00:00",Nederland,Wind,Hour,UTC,Providing,Current,667081,667081,0.098767347633839,0,0
"2025-07-25 09:00:00","2025-07-25 10:00:00",Nederland,Wind,Hour,UTC,Providing,Current,629187,629187,0.093156099319458,0,0
"2025-07-25 10:00:00","2025-07-25 11:00:00",Nederland,Wind,Hour,UTC,Providing,Current,872810,872810,0.12922574579716,0,0
"2025-07-25 11:00:00","2025-07-25 12:00:00",Nederland,Wind,Hour,UTC,Providing,Current,809903,809903,0.11991074681282,0,0
"2025-07-25 12:00:00","2025-07-25 13:00:00",Nederland,Wind,Hour,UTC,Providing,Current,796177,796177,0.11787799745798,0,0
"2025-07-25 13:00:00","2025-07-25 14:00:00",Nederland,Wind,Hour,UTC,Providing,Current,896823,896823,0.13277825713158,0,0
"2025-07-25 14:00:00","2025-07-25 15:00:00",Nederland,Wind,Hour,UTC,Providing,Current,754187,754187,0.11166000366211,0,0
"2025-07-25 15:00:00","2025-07-25 16:00:00",Nederland,Wind,Hour,UTC,Providing,Current,806204,806204,0.119360499084,0,0
"2025-07-25 16:00:00","2025-07-25 17:00:00",Nederland,Wind,Hour,UTC,Providing,Current,1065946,1065946,0.15781499445438,0,0
"2025-07-25 17:00:00","2025-07-25 18:00:00",Nederland,Wind,Hour,UTC,Providing,Current,991706,991706,0.14682275056839,0,0
"2025-07-25 18:00:00","2025-07-25 19:00:00",Nederland,Wind,Hour,UTC,Providing,Current,477942,477942,0.070759199559689,0,0
"2025-07-25 19:00:00","2025-07-25 20:00:00",Nederland,Wind,Hour,UTC,Providing,Current,96705,96705,0.014317077584565,0,0
"2025-07-25 20:00:00","2025-07-25 21:00:00",Nederland,Wind,Hour,UTC,Providing,Current,0,0,0,0,0
"2025-07-25 21:00:00","2025-07-25 22:00:00",Nederland,Wind,Hour,UTC,Providing,Current,30411,30411,0.0045022573322058,0,0
"2025-07-25 22:00:00","2025-07-25 23:00:00",Nederland,Wind,Hour,UTC,Providing,Current,51811,51811,0.0076704174280167,0,0
"2025-07-25 23:00:00","2025-07-26 00:00:00",Nederland,Wind,Hour,UTC,Providing,Current,54066,54066,0.0080042146146297,0,0
"2025-07-26 00:00:00","2025-07-26 01:00:00",Nederland,Wind,Hour,UTC,Providing,Current,46635,46635,0.0069040474481881,0,0
"2025-07-26 01:00:00","2025-07-26 02:00:00",Nederland,Wind,Hour,UTC,Providing,Current,54704,54704,0.0080985678359866,0,0
"2025-07-26 02:00:00","2025-07-26 03:00:00",Nederland,Wind,Hour,UTC,Providing,Current,62393,62393,0.0092368228361011,0,0
"2025-07-26 03:00:00","2025-07-26 04:00:00",Nederland,Wind,Hour,UTC,Providing,Current,74272,74272,0.010995315387845,0,0
"2025-07-26 04:00:00","2025-07-26 05:00:00",Nederland,Wind,Hour,UTC,Providing,Current,113149,113149,0.01675065048039,0,0
"2025-07-26 05:00:00","2025-07-26 06:00:00",Nederland,Wind,Hour,UTC,Providing,Current,206681,206681,0.030596999451518,0,0
"2025-07-26 06:00:00","2025-07-26 07:00:00",Nederland,Wind,Hour,UTC,Providing,Current,401581,401581,0.059449624270201,0,0
"2025-07-26 07:00:00","2025-07-26 08:00:00",Nederland,Wind,Hour,UTC,Providing,Current,761090,761090,0.11267022788525,0,0
"2025-07-26 08:00:00","2025-07-26 09:00:00",Nederland,Wind,Hour,UTC,Providing,Current,1063724,1063724,0.15747049450874,0,0
"2025-07-26 09:00:00","2025-07-26 10:00:00",Nederland,Wind,Hour,UTC,Providing,Current,1433503,1433503,0.21221050620079,0,0
"2025-07-26 10:00:00","2025-07-26 11:00:00",Nederland,Wind,Hour,UTC,Providing,Current,1581454,1581454,0.23411099612713,0,0
"2025-07-26 11:00:00","2025-07-26 12:00:00",Nederland,Wind,Hour,UTC,Providing,Current,1925182,1925182,0.28499326109886,0,0
"2025-07-26 12:00:00","2025-07-26 13:00:00",Nederland,Wind,Hour,UTC,Providing,Current,2084781,2084781,0.30861750245094,0,0
"2025-07-26 13:00:00","2025-07-26 14:00:00",Nederland,Wind,Hour,UTC,Providing,Current,1987219,1987219,0.29417350888252,0,0
"2025-07-26 14:00:00","2025-07-26 15:00:00",Nederland,Wind,Hour,UTC,Providing,Current,1623023,1623023,0.24025900661945,0,0
"2025-07-26 15:00:00","2025-07-26 16:00:00",Nederland,Wind,Hour,UTC,Providing,Current,1469993,1469993,0.21760399639606,0,0
"2025-07-26 16:00:00","2025-07-26 17:00:00",Nederland,Wind,Hour,UTC,Providing,Current,1576941,1576941,0.23343475162983,0,0
"2025-07-26 17:00:00","2025-07-26 18:00:00",Nederland,Wind,Hour,UTC,Providing,Current,1517536,1517536,0.22463925182819,0,0
"2025-07-26 18:00:00","2025-07-26 19:00:00",Nederland,Wind,Hour,UTC,Providing,Current,1071670,1071670,0.15863725543022,0,0
"2025-07-26 19:00:00","2025-07-26 20:00:00",Nederland,Wind,Hour,UTC,Providing,Current,591785,591785,0.08760029822588,0,0
"2025-07-26 20:00:00","2025-07-26 21:00:00",Nederland,Wind,Hour,UTC,Providing,Current,474705,474705,0.070268847048283,0,0
"2025-07-26 21:00:00","2025-07-26 22:00:00",Nederland,Wind,Hour,UTC,Providing,Current,488854,488854,0.072362825274467,0,0
"2025-07-26 22:00:00","2025-07-26 23:00:00",Nederland,Wind,Hour,UTC,Providing,Current,599358,599358,0.088719703257084,0,0
"2025-07-26 23:00:00","2025-07-27 00:00:00",Nederland,Wind,Hour,UTC,Providing,Current,841677,841677,0.12458799779415,0,0
"2025-07-27 00:00:00","2025-07-27 01:00:00",Nederland,Wind,Hour,UTC,Providing,Current,789724,789724,0.1168972030282,0,0
"2025-07-27 01:00:00","2025-07-27 02:00:00",Nederland,Wind,Hour,UTC,Providing,Current,359145,359145,0.053161349147558,0,0
"2025-07-27 02:00:00","2025-07-27 03:00:00",Nederland,Wind,Hour,UTC,Providing,Current,298144,298144,0.044131573289633,0,0
"2025-07-27 03:00:00","2025-07-27 04:00:00",Nederland,Wind,Hour,UTC,Providing,Current,309581,309581,0.045824225991964,0,0
"2025-07-27 04:00:00","2025-07-27 05:00:00",Nederland,Wind,Hour,UTC,Providing,Current,285957,285957,0.042327176779509,0,0
"2025-07-27 05:00:00","2025-07-27 06:00:00",Nederland,Wind,Hour,UTC,Providing,Current,229655,229655,0.033993151038885,0,0
"2025-07-27 06:00:00","2025-07-27 07:00:00",Nederland,Wind,Hour,UTC,Providing,Current,374141,374141,0.055379375815392,0,0
"2025-07-27 07:00:00","2025-07-27 08:00:00",Nederland,Wind,Hour,UTC,Providing,Current,622613,622613,0.092156998813152,0,0
"2025-07-27 08:00:00","2025-07-27 09:00:00",Nederland,Wind,Hour,UTC,Providing,Current,791775,791775,0.11719474941492,0,0
"2025-07-27 09:00:00","2025-07-27 10:00:00",Nederland,Wind,Hour,UTC,Providing,Current,901624,901624,0.13345375657082,0,0
"2025-07-27 10:00:00","2025-07-27 11:00:00",Nederland,Wind,Hour,UTC,Providing,Current,1002830,1002830,0.14843274652958,0,0
"2025-07-27 11:00:00","2025-07-27 12:00:00",Nederland,Wind,Hour,UTC,Providing,Current,1366465,1366465,0.20225450396538,0,0
"2025-07-27 12:00:00","2025-07-27 13:00:00",Nederland,Wind,Hour,UTC,Providing,Current,1747287,1747287,0.25861948728561,0,0
"2025-07-27 13:00:00","2025-07-27 14:00:00",Nederland,Wind,Hour,UTC,Providing,Current,2101832,2101832,0.31109425425529,0,0
"2025-07-27 14:00:00","2025-07-27 15:00:00",Nederland,Wind,Hour,UTC,Providing,Current,2303619,2303619,0.34095901250839,0,0
"2025-07-27 15:00:00","2025-07-27 16:00:00",Nederland,Wind,Hour,UTC,Providing,Current,2826243,2826243,0.41831025481224,0,0
"2025-07-27 16:00:00","2025-07-27 17:00:00",Nederland,Wind,Hour,UTC,Providing,Current,2993046,2993046,0.44299599528313,0,0
"2025-07-27 17:00:00","2025-07-27 18:00:00",Nederland,Wind,Hour,UTC,Providing,Current,2650828,2650828,0.39234274625778,0,0
"2025-07-27 18:00:00","2025-07-27 19:00:00",Nederland,Wind,Hour,UTC,Providing,Current,2006188,2006188,0.29692924022675,0,0
"2025-07-27 19:00:00","2025-07-27 20:00:00",Nederland,Wind,Hour,UTC,Providing,Current,1321980,1321980,0.19566075503826,0,0
"2025-07-27 20:00:00","2025-07-27 21:00:00",Nederland,Wind,Hour,UTC,Providing,Current,535151,535151,0.079204976558685,0,0
"2025-07-27 21:00:00","2025-07-27 22:00:00",Nederland,Wind,Hour,UTC,Providing,Current,349365,349365,0.051707398146391,0,0
"2025-07-27 22:00:00","2025-07-27 23:00:00",Nederland,Wind,Hour,UTC,Providing,Current,379651,379651,0.056189473718405,0,0
"2025-07-27 23:00:00","2025-07-28 00:00:00",Nederland,Wind,Hour,UTC,Providing,Current,582317,582317,0.086184173822403,0,0
"2025-07-28 00:00:00","2025-07-28 01:00:00",Nederland,Wind,Hour,UTC,Providing,Current,751177,751177,0.11117524653673,0,0
"2025-07-28 01:00:00","2025-07-28 02:00:00",Nederland,Wind,Hour,UTC,Providing,Current,737697,737697,0.10917925089598,0,0
"2025-07-28 02:00:00","2025-07-28 03:00:00",Nederland,Wind,Hour,UTC,Providing,Current,882817,882817,0.13065649569035,0,0
"2025-07-28 03:00:00","2025-07-28 04:00:00",Nederland,Wind,Hour,UTC,Providing,Current,865269,865269,0.12805849313736,0,0
"2025-07-28 04:00:00","2025-07-28 05:00:00",Nederland,Wind,Hour,UTC,Providing,Current,724497,724497,0.10722400248051,0,0
"2025-07-28 05:00:00","2025-07-28 06:00:00",Nederland,Wind,Hour,UTC,Providing,Current,662471,662471,0.098043523728848,0,0
"2025-07-28 06:00:00","2025-07-28 07:00:00",Nederland,Wind,Hour,UTC,Providing,Current,636208,636208,0.094156101346016,0,0
"2025-07-28 07:00:00","2025-07-28 08:00:00",Nederland,Wind,Hour,UTC,Providing,Current,1200048,1200048,0.17760099470615,0,0
"2025-07-28 08:00:00","2025-07-28 09:00:00",Nederland,Wind,Hour,UTC,Providing,Current,2110205,2110205,0.31229776144028,0,0
"2025-07-28 09:00:00","2025-07-28 10:00:00",Nederland,Wind,Hour,UTC,Providing,Current,2995297,2995297,0.4432834982872,0,0
"2025-07-28 10:00:00","2025-07-28 11:00:00",Nederland,Wind,Hour,UTC,Providing,Current,3597586,3597586,0.53241527080536,0,0
"2025-07-28 11:00:00","2025-07-28 12:00:00",Nederland,Wind,Hour,UTC,Providing,Current,3794313,3794313,0.56152552366257,0,0
"2025-07-28 12:00:00","2025-07-28 13:00:00",Nederland,Wind,Hour,UTC,Providing,Current,3673292,3673292,0.543612241745,0,0
"2025-07-28 13:00:00","2025-07-28 14:00:00",Nederland,Wind,Hour,UTC,Providing,Current,4069263,4069263,0.60220849514008,0,0
"2025-07-28 14:00:00","2025-07-28 15:00:00",Nederland,Wind,Hour,UTC,Providing,Current,4604673,4604673,0.68143975734711,0,0
"2025-07-28 15:00:00","2025-07-28 16:00:00",Nederland,Wind,Hour,UTC,Providing,Current,4540734,4540734,0.67197322845459,0,0
"2025-07-28 16:00:00","2025-07-28 17:00:00",Nederland,Wind,Hour,UTC,Providing,Current,4389527,4389527,0.64959251880646,0,0
"2025-07-28 17:00:00","2025-07-28 18:00:00",Nederland,Wind,Hour,UTC,Providing,Current,3927452,3927452,0.58120799064636,0,0
"2025-07-28 18:00:00","2025-07-28 19:00:00",Nederland,Wind,Hour,UTC,Providing,Current,2693670,2693670,0.39862298965454,0,0
"2025-07-28 19:00:00","2025-07-28 20:00:00",Nederland,Wind,Hour,UTC,Providing,Current,1426261,1426261,0.21106424927711,0,0
"2025-07-28 20:00:00","2025-07-28 21:00:00",Nederland,Wind,Hour,UTC,Providing,Current,734923,734923,0.10875649750233,0,0
"2025-07-28 21:00:00","2025-07-28 22:00:00",Nederland,Wind,Hour,UTC,Providing,Current,800003,800003,0.11838649958372,0,0
"2025-07-28 22:00:00","2025-07-28 23:00:00",Nederland,Wind,Hour,UTC,Providing,Current,1078298,1078298,0.15956799685955,0,0
"2025-07-28 23:00:00","2025-07-29 00:00:00",Nederland,Wind,Hour,UTC,Providing,Current,1208548,1208548,0.17884175479412,0,0
"2025-07-29 00:00:00","2025-07-29 01:00:00",Nederland,Wind,Hour,UTC,Providing,Current,972350,972350,0.14388850331306,0,0
"2025-07-29 01:00:00","2025-07-29 02:00:00",Nederland,Wind,Hour,UTC,Providing,Current,822332,822332,0.12168774753809,0,0
"2025-07-29 02:00:00","2025-07-29 03:00:00",Nederland,Wind,Hour,UTC,Providing,Current,807011,807011,0.11941999942064,0,0
"2025-07-29 03:00:00","2025-07-29 04:00:00",Nederland,Wind,Hour,UTC,Providing,Current,701218,701218,0.10376412421465,0,0
"2025-07-29 04:00:00","2025-07-29 05:00:00",Nederland,Wind,Hour,UTC,Providing,Current,588887,588887,0.08714122325182,0,0
"2025-07-29 05:00:00","2025-07-29 06:00:00",Nederland,Wind,Hour,UTC,Providing,Current,630052,630052,0.093232102692127,0,0
"2025-07-29 06:00:00","2025-07-29 07:00:00",Nederland,Wind,Hour,UTC,Providing,Current,679781,679781,0.10059007257223,0,0
"2025-07-29 07:00:00","2025-07-29 08:00:00",Nederland,Wind,Hour,UTC,Providing,Current,1185573,1185573,0.17543324828148,0,0
"2025-07-29 08:00:00","2025-07-29 09:00:00",Nederland,Wind,Hour,UTC,Providing,Current,1473296,1473296,0.21800725162029,0,0
"2025-07-29 09:00:00","2025-07-29 10:00:00",Nederland,Wind,Hour,UTC,Providing,Current,1618334,1618334,0.23946750164032,0,0
"2025-07-29 10:00:00","2025-07-29 11:00:00",Nederland,Wind,Hour,UTC,Providing,Current,1971915,1971915,0.29178550839424,0,0
"2025-07-29 11:00:00","2025-07-29 12:00:00",Nederland,Wind,Hour,UTC,Providing,Current,1815664,1815664,0.26866349577904,0,0
"2025-07-29 12:00:00","2025-07-29 13:00:00",Nederland,Wind,Hour,UTC,Providing,Current,2116564,2116564,0.31318575143814,0,0
"2025-07-29 13:00:00","2025-07-29 14:00:00",Nederland,Wind,Hour,UTC,Providing,Current,2100861,2100861,0.31086000800133,0,0
"2025-07-29 14:00:00","2025-07-29 15:00:00",Nederland,Wind,Hour,UTC,Providing,Current,2110559,2110559,0.31229349970818,0,0
"2025-07-29 15:00:00","2025-07-29 16:00:00",Nederland,Wind,Hour,UTC,Providing,Current,2059623,2059623,0.30475476384163,0,0
"2025-07-29 16:00:00","2025-07-29 17:00:00",Nederland,Wind,Hour,UTC,Providing,Current,2255271,2255271,0.3337017595768,0,0
"2025-07-29 17:00:00","2025-07-29 18:00:00",Nederland,Wind,Hour,UTC,Providing,Current,1758277,1758277,0.26016250252724,0,0
"2025-07-29 18:00:00","2025-07-29 19:00:00",Nederland,Wind,Hour,UTC,Providing,Current,1063746,1063746,0.15739575028419,0,0
"2025-07-29 19:00:00","2025-07-29 20:00:00",Nederland,Wind,Hour,UTC,Providing,Current,638490,638490,0.094472676515579,0,0
"2025-07-29 20:00:00","2025-07-29 21:00:00",Nederland,Wind,Hour,UTC,Providing,Current,353109,353109,0.052246648818254,0,0
"2025-07-29 21:00:00","2025-07-29 22:00:00",Nederland,Wind,Hour,UTC,Providing,Current,325868,325868,0.048215698450804,0,0
"2025-07-29 22:00:00","2025-07-29 23:00:00",Nederland,Wind,Hour,UTC,Providing,Current,365326,365326,0.054053600877523,0,0
"2025-07-29 23:00:00","2025-07-30 00:00:00",Nederland,Wind,Hour,UTC,Providing,Current,444279,444279,0.065735071897507,0,0
"2025-07-30 00:00:00","2025-07-30 01:00:00",Nederland,Wind,Hour,UTC,Providing,Current,521581,521581,0.077172175049782,0,0
"2025-07-30 01:00:00","2025-07-30 02:00:00",Nederland,Wind,Hour,UTC,Providing,Current,655262,655262,0.096950799226761,0,0
"2025-07-30 02:00:00","2025-07-30 03:00:00",Nederland,Wind,Hour,UTC,Providing,Current,753037,753037,0.1114167496562,0,0
"2025-07-30 03:00:00","2025-07-30 04:00:00",Nederland,Wind,Hour,UTC,Providing,Current,810386,810386,0.1199010014534,0,0
"2025-07-30 04:00:00","2025-07-30 05:00:00",Nederland,Wind,Hour,UTC,Providing,Current,854086,854086,0.1263660043478,0,0
"2025-07-30 05:00:00","2025-07-30 06:00:00",Nederland,Wind,Hour,UTC,Providing,Current,843027,843027,0.12472874671221,0,0
"2025-07-30 06:00:00","2025-07-30 07:00:00",Nederland,Wind,Hour,UTC,Providing,Current,1078391,1078391,0.15955099463463,0,0
"2025-07-30 07:00:00","2025-07-30 08:00:00",Nederland,Wind,Hour,UTC,Providing,Current,1849812,1849812,0.27368324995041,0,0
"2025-07-30 08:00:00","2025-07-30 09:00:00",Nederland,Wind,Hour,UTC,Providing,Current,2455258,2455258,0.36325800418854,0,0
"2025-07-30 09:00:00","2025-07-30 10:00:00",Nederland,Wind,Hour,UTC,Providing,Current,3271697,3271697,0.48404774069786,0,0
"2025-07-30 10:00:00","2025-07-30 11:00:00",Nederland,Wind,Hour,UTC,Providing,Current,3939867,3939867,0.58290022611618,0,0
"2025-07-30 11:00:00","2025-07-30 12:00:00",Nederland,Wind,Hour,UTC,Providing,Current,4237398,4237398,0.6269159913063,0,0
"2025-07-30 12:00:00","2025-07-30 13:00:00",Nederland,Wind,Hour,UTC,Providing,Current,4552750,4552750,0.67356777191162,0,0
"2025-07-30 13:00:00","2025-07-30 14:00:00",Nederland,Wind,Hour,UTC,Providing,Current,4860361,4860361,0.7190734744072,0,0
"2025-07-30 14:00:00","2025-07-30 15:00:00",Nederland,Wind,Hour,UTC,Providing,Current,4718651,4718651,0.69810372591019,0,0
"2025-07-30 15:00:00","2025-07-30 16:00:00",Nederland,Wind,Hour,UTC,Providing,Current,4448938,4448938,0.65819674730301,0,0
"2025-07-30 16:00:00","2025-07-30 17:00:00",Nederland,Wind,Hour,UTC,Providing,Current,3956153,3956153,0.58528852462769,0,0
"2025-07-30 17:00:00","2025-07-30 18:00:00",Nederland,Wind,Hour,UTC,Providing,Current,3548966,3548966,0.52504450082779,0,0
"2025-07-30 18:00:00","2025-07-30 19:00:00",Nederland,Wind,Hour,UTC,Providing,Current,3227664,3227664,0.47750699520111,0,0
"2025-07-30 19:00:00","2025-07-30 20:00:00",Nederland,Wind,Hour,UTC,Providing,Current,2637661,2637661,0.39021849632263,0,0
"2025-07-30 20:00:00","2025-07-30 21:00:00",Nederland,Wind,Hour,UTC,Providing,Current,2275860,2275860,0.33669099211693,0,0
"2025-07-30 21:00:00","2025-07-30 22:00:00",Nederland,Wind,Hour,UTC,Providing,Current,2027846,2027846,0.29999798536301,0,0
"2025-07-30 22:00:00","2025-07-30 23:00:00",Nederland,Wind,Hour,UTC,Providing,Current,2003452,2003452,0.29638776183128,0,0
"2025-07-30 23:00:00","2025-07-31 00:00:00",Nederland,Wind,Hour,UTC,Providing,Current,2095036,2095036,0.30993449687958,0,0
"2025-07-31 00:00:00","2025-07-31 01:00:00",Nederland,Wind,Hour,UTC,Providing,Current,1993915,1993915,0.29497298598289,0,0
"2025-07-31 01:00:00","2025-07-31 02:00:00",Nederland,Wind,Hour,UTC,Providing,Current,1744074,1744074,0.25801101326942,0,0
"2025-07-31 02:00:00","2025-07-31 03:00:00",Nederland,Wind,Hour,UTC,Providing,Current,1443225,1443225,0.21350325644016,0,0
"2025-07-31 03:00:00","2025-07-31 04:00:00",Nederland,Wind,Hour,UTC,Providing,Current,1250372,1250372,0.18497249484062,0,0
"2025-07-31 04:00:00","2025-07-31 05:00:00",Nederland,Wind,Hour,UTC,Providing,Current,1057798,1057798,0.15648324787617,0,0
"2025-07-31 05:00:00","2025-07-31 06:00:00",Nederland,Wind,Hour,UTC,Providing,Current,883561,883561,0.13070699572563,0,0
"2025-07-31 06:00:00","2025-07-31 07:00:00",Nederland,Wind,Hour,UTC,Providing,Current,1006833,1006833,0.14894199371338,0,0
"2025-07-31 07:00:00","2025-07-31 08:00:00",Nederland,Wind,Hour,UTC,Providing,Current,1505509,1505509,0.22271050512791,0,0
"2025-07-31 08:00:00","2025-07-31 09:00:00",Nederland,Wind,Hour,UTC,Providing,Current,2027767,2027767,0.29996651411057,0,0
"2025-07-31 09:00:00","2025-07-31 10:00:00",Nederland,Wind,Hour,UTC,Providing,Current,2381676,2381676,0.35231775045395,0,0
"2025-07-31 10:00:00","2025-07-31 11:00:00",Nederland,Wind,Hour,UTC,Providing,Current,2780085,2780085,0.41125124692917,0,0
"2025-07-31 11:00:00","2025-07-31 12:00:00",Nederland,Wind,Hour,UTC,Providing,Current,3265241,3265241,0.48301675915718,0,0
"2025-07-31 12:00:00","2025-07-31 13:00:00",Nederland,Wind,Hour,UTC,Providing,Current,3858501,3858501,0.57077223062515,0,0
"2025-07-31 13:00:00","2025-07-31 14:00:00",Nederland,Wind,Hour,UTC,Providing,Current,3259723,3259723,0.48219475150108,0,0
"2025-07-31 14:00:00","2025-07-31 15:00:00",Nederland,Wind,Hour,UTC,Providing,Current,2825895,2825895,0.41801774501801,0,0
"2025-07-31 15:00:00","2025-07-31 16:00:00",Nederland,Wind,Hour,UTC,Providing,Current,2513240,2513240,0.37176650762558,0,0
"2025-07-31 16:00:00","2025-07-31 17:00:00",Nederland,Wind,Hour,UTC,Providing,Current,2549415,2549415,0.37711548805237,0,0
"2025-07-31 17:00:00","2025-07-31 18:00:00",Nederland,Wind,Hour,UTC,Providing,Current,2003451,2003451,0.29635301232338,0,0
"2025-07-31 18:00:00","2025-07-31 19:00:00",Nederland,Wind,Hour,UTC,Providing,Current,1615678,1615678,0.23899200558662,0,0
"2025-07-31 19:00:00","2025-07-31 20:00:00",Nederland,Wind,Hour,UTC,Providing,Current,1149534,1149534,0.17003850638866,0,0
"2025-07-31 20:00:00","2025-07-31 21:00:00",Nederland,Wind,Hour,UTC,Providing,Current,688058,688058,0.10177662223577,0,0
"2025-07-31 21:00:00","2025-07-31 22:00:00",Nederland,Wind,Hour,UTC,Providing,Current,468145,468145,0.069246999919415,0,0
"2025-07-31 22:00:00","2025-07-31 23:00:00",Nederland,Wind,Hour,UTC,Providing,Current,357650,357650,0.052902474999428,0,0
"2025-07-31 23:00:00","2025-08-01 00:00:00",Nederland,Wind,Hour,UTC,Providing,Current,298747,298747,0.04418944939971,0,0
"2025-08-01 00:00:00","2025-08-01 01:00:00",Nederland,Wind,Hour,UTC,Providing,Current,332666,332666,0.04920632392168,0,0
"2025-08-01 01:00:00","2025-08-01 02:00:00",Nederland,Wind,Hour,UTC,Providing,Current,408867,408867,0.06047722324729,0,0
"2025-08-01 02:00:00","2025-08-01 03:00:00",Nederland,Wind,Hour,UTC,Providing,Current,464746,464746,0.068742096424103,0,0
"2025-08-01 03:00:00","2025-08-01 04:00:00",Nederland,Wind,Hour,UTC,Providing,Current,509161,509161,0.075311228632927,0,0
"2025-08-01 04:00:00","2025-08-01 05:00:00",Nederland,Wind,Hour,UTC,Providing,Current,524381,524381,0.077561974525452,0,0
"2025-08-01 05:00:00","2025-08-01 06:00:00",Nederland,Wind,Hour,UTC,Providing,Current,566242,566242,0.083753228187561,0,0
"2025-08-01 06:00:00","2025-08-01 07:00:00",Nederland,Wind,Hour,UTC,Providing,Current,885019,885019,0.13090275228024,0,0
"2025-08-01 07:00:00","2025-08-01 08:00:00",Nederland,Wind,Hour,UTC,Providing,Current,1388221,1388221,0.20532999932766,0,0
"2025-08-01 08:00:00","2025-08-01 09:00:00",Nederland,Wind,Hour,UTC,Providing,Current,2218781,2218781,0.32817548513412,0,0
"2025-08-01 09:00:00","2025-08-01 10:00:00",Nederland,Wind,Hour,UTC,Providing,Current,3107575,3107575,0.45963200926781,0,0
"2025-08-01 10:00:00","2025-08-01 11:00:00",Nederland,Wind,Hour,UTC,Providing,Current,3826143,3826143,0.5659099817276,0,0
"2025-08-01 11:00:00","2025-08-01 12:00:00",Nederland,Wind,Hour,UTC,Providing,Current,4094081,4094081,0.60553622245789,0,0
"2025-08-01 12:00:00","2025-08-01 13:00:00",Nederland,Wind,Hour,UTC,Providing,Current,4303274,4303274,0.63647276163101,0,0
"2025-08-01 13:00:00","2025-08-01 14:00:00",Nederland,Wind,Hour,UTC,Providing,Current,4483685,4483685,0.66315275430679,0,0
"2025-08-01 14:00:00","2025-08-01 15:00:00",Nederland,Wind,Hour,UTC,Providing,Current,4778052,4778052,0.70668601989746,0,0
"2025-08-01 15:00:00","2025-08-01 16:00:00",Nederland,Wind,Hour,UTC,Providing,Current,4761978,4761978,0.70430451631546,0,0
"2025-08-01 16:00:00","2025-08-01 17:00:00",Nederland,Wind,Hour,UTC,Providing,Current,4799909,4799909,0.70990997552872,0,0
"2025-08-01 17:00:00","2025-08-01 18:00:00",Nederland,Wind,Hour,UTC,Providing,Current,4328678,4328678,0.64021098613739,0,0
"2025-08-01 18:00:00","2025-08-01 19:00:00",Nederland,Wind,Hour,UTC,Providing,Current,3401266,3401266,0.5030437707901,0,0
"2025-08-01 19:00:00","2025-08-01 20:00:00",Nederland,Wind,Hour,UTC,Providing,Current,2533008,2533008,0.374626994133,0,0
"2025-08-01 20:00:00","2025-08-01 21:00:00",Nederland,Wind,Hour,UTC,Providing,Current,1796248,1796248,0.26565998792648,0,0
"2025-08-01 21:00:00","2025-08-01 22:00:00",Nederland,Wind,Hour,UTC,Providing,Current,1566287,1566287,0.23164799809456,0,0
"2025-08-01 22:00:00","2025-08-01 23:00:00",Nederland,Wind,Hour,UTC,Providing,Current,1189871,1189871,0.17597624659538,0,0
"2025-08-01 23:00:00","2025-08-02 00:00:00",Nederland,Wind,Hour,UTC,Providing,Current,1117335,1117335,0.16524800658226,0,0
"2025-08-02 00:00:00","2025-08-02 01:00:00",Nederland,Wind,Hour,UTC,Providing,Current,1150978,1150978,0.17022225260735,0,0
"2025-08-02 01:00:00","2025-08-02 02:00:00",Nederland,Wind,Hour,UTC,Providing,Current,1238348,1238348,0.18314275145531,0,0
"2025-08-02 02:00:00","2025-08-02 03:00:00",Nederland,Wind,Hour,UTC,Providing,Current,1509438,1509438,0.22323374450207,0,0
"2025-08-02 03:00:00","2025-08-02 04:00:00",Nederland,Wind,Hour,UTC,Providing,Current,1682228,1682228,0.24878625571728,0,0
"2025-08-02 04:00:00","2025-08-02 05:00:00",Nederland,Wind,Hour,UTC,Providing,Current,1419729,1419729,0.20996350049973,0,0
"2025-08-02 05:00:00","2025-08-02 06:00:00",Nederland,Wind,Hour,UTC,Providing,Current,1578811,1578811,0.23348900675774,0,0
"2025-08-02 06:00:00","2025-08-02 07:00:00",Nederland,Wind,Hour,UTC,Providing,Current,2066519,2066519,0.30561399459839,0,0
"2025-08-02 07:00:00","2025-08-02 08:00:00",Nederland,Wind,Hour,UTC,Providing,Current,2367607,2367607,0.35013899207115,0,0
"2025-08-02 08:00:00","2025-08-02 09:00:00",Nederland,Wind,Hour,UTC,Providing,Current,2629271,2629271,0.38883349299431,0,0
"2025-08-02 09:00:00","2025-08-02 10:00:00",Nederland,Wind,Hour,UTC,Providing,Current,2987796,2987796,0.44185149669647,0,0
"2025-08-02 10:00:00","2025-08-02 11:00:00",Nederland,Wind,Hour,UTC,Providing,Current,3539375,3539375,0.5234192609787,0,0
"2025-08-02 11:00:00","2025-08-02 12:00:00",Nederland,Wind,Hour,UTC,Providing,Current,4362010,4362010,0.64507001638412,0,0
"2025-08-02 12:00:00","2025-08-02 13:00:00",Nederland,Wind,Hour,UTC,Providing,Current,4533429,4533429,0.67041623592377,0,0
"2025-08-02 13:00:00","2025-08-02 14:00:00",Nederland,Wind,Hour,UTC,Providing,Current,4539967,4539967,0.67137902975082,0,0
"2025-08-02 14:00:00","2025-08-02 15:00:00",Nederland,Wind,Hour,UTC,Providing,Current,4934820,4934820,0.72976648807526,0,0
"2025-08-02 15:00:00","2025-08-02 16:00:00",Nederland,Wind,Hour,UTC,Providing,Current,4375872,4375872,0.64710474014282,0,0
"2025-08-02 16:00:00","2025-08-02 17:00:00",Nederland,Wind,Hour,UTC,Providing,Current,3746420,3746420,0.55401772260666,0,0
"2025-08-02 17:00:00","2025-08-02 18:00:00",Nederland,Wind,Hour,UTC,Providing,Current,3666184,3666184,0.54214924573898,0,0
"2025-08-02 18:00:00","2025-08-02 19:00:00",Nederland,Wind,Hour,UTC,Providing,Current,2793396,2793396,0.41308051347733,0,0
"2025-08-02 19:00:00","2025-08-02 20:00:00",Nederland,Wind,Hour,UTC,Providing,Current,1634223,1634223,0.24166350066662,0,0
"2025-08-02 20:00:00","2025-08-02 21:00:00",Nederland,Wind,Hour,UTC,Providing,Current,1059890,1059890,0.15673224627972,0,0
"2025-08-02 21:00:00","2025-08-02 22:00:00",Nederland,Wind,Hour,UTC,Providing,Current,991385,991385,0.14660075306892,0,0
"2025-08-02 22:00:00","2025-08-02 23:00:00",Nederland,Wind,Hour,UTC,Providing,Current,975041,975041,0.14418299496174,0,0
"2025-08-02 23:00:00","2025-08-03 00:00:00",Nederland,Wind,Hour,UTC,Providing,Current,1212250,1212250,0.17925874888897,0,0
"2025-08-03 00:00:00","2025-08-03 01:00:00",Nederland,Wind,Hour,UTC,Providing,Current,1524966,1524966,0.22549974918365,0,0
"2025-08-03 01:00:00","2025-08-03 02:00:00",Nederland,Wind,Hour,UTC,Providing,Current,1806517,1806517,0.26713174581528,0,0
"2025-08-03 02:00:00","2025-08-03 03:00:00",Nederland,Wind,Hour,UTC,Providing,Current,1973807,1973807,0.29186749458313,0,0
"2025-08-03 03:00:00","2025-08-03 04:00:00",Nederland,Wind,Hour,UTC,Providing,Current,1810860,1810860,0.26777073740959,0,0
"2025-08-03 04:00:00","2025-08-03 05:00:00",Nederland,Wind,Hour,UTC,Providing,Current,1628863,1628863,0.24085749685764,0,0
"2025-08-03 05:00:00","2025-08-03 06:00:00",Nederland,Wind,Hour,UTC,Providing,Current,1316929,1316929,0.19473125040531,0,0
"2025-08-03 06:00:00","2025-08-03 07:00:00",Nederland,Wind,Hour,UTC,Providing,Current,1323804,1323804,0.19574649631977,0,0
"2025-08-03 07:00:00","2025-08-03 08:00:00",Nederland,Wind,Hour,UTC,Providing,Current,1849602,1849602,0.27349248528481,0,0
"2025-08-03 08:00:00","2025-08-03 09:00:00",Nederland,Wind,Hour,UTC,Providing,Current,2843994,2843994,0.42052674293518,0,0
"2025-08-03 09:00:00","2025-08-03 10:00:00",Nederland,Wind,Hour,UTC,Providing,Current,3768523,3768523,0.55722874403,0,0
"2025-08-03 10:00:00","2025-08-03 11:00:00",Nederland,Wind,Hour,UTC,Providing,Current,4827980,4827980,0.71388024091721,0,0
"2025-08-03 11:00:00","2025-08-03 12:00:00",Nederland,Wind,Hour,UTC,Providing,Current,5208711,5208711,0.77017152309418,0,0
"2025-08-03 12:00:00","2025-08-03 13:00:00",Nederland,Wind,Hour,UTC,Providing,Current,5532280,5532280,0.81801027059555,0,0
"2025-08-03 13:00:00","2025-08-03 14:00:00",Nederland,Wind,Hour,UTC,Providing,Current,5557001,5557001,0.82166075706482,0,0
"2025-08-03 14:00:00","2025-08-03 15:00:00",Nederland,Wind,Hour,UTC,Providing,Current,5338314,5338314,0.78932052850723,0,0
"2025-08-03 15:00:00","2025-08-03 16:00:00",Nederland,Wind,Hour,UTC,Providing,Current,5378004,5378004,0.7951842546463,0,0
"2025-08-03 16:00:00","2025-08-03 17:00:00",Nederland,Wind,Hour,UTC,Providing,Current,5316689,5316689,0.78611373901367,0,0
"2025-08-03 17:00:00","2025-08-03 18:00:00",Nederland,Wind,Hour,UTC,Providing,Current,4508949,4508949,0.66667872667313,0,0
"2025-08-03 18:00:00","2025-08-03 19:00:00",Nederland,Wind,Hour,UTC,Providing,Current,3663192,3663192,0.54162472486496,0,0
"2025-08-03 19:00:00","2025-08-03 20:00:00",Nederland,Wind,Hour,UTC,Providing,Current,2909737,2909737,0.43021950125694,0,0
"2025-08-03 20:00:00","2025-08-03 21:00:00",Nederland,Wind,Hour,UTC,Providing,Current,2323900,2323900,0.3435985147953,0,0
"2025-08-03 21:00:00","2025-08-03 22:00:00",Nederland,Wind,Hour,UTC,Providing,Current,2131288,2131288,0.31511801481247,0,0
"2025-08-03 22:00:00","2025-08-03 23:00:00",Nederland,Wind,Hour,UTC,Providing,Current,1816634,1816634,0.26859349012375,0,0
"2025-08-03 23:00:00","2025-08-04 00:00:00",Nederland,Wind,Hour,UTC,Providing,Current,1510690,1510690,0.22335775196552,0,0
"2025-08-04 00:00:00","2025-08-04 01:00:00",Nederland,Wind,Hour,UTC,Providing,Current,1413410,1413410,0.20897324383259,0,0
"2025-08-04 01:00:00","2025-08-04 02:00:00",Nederland,Wind,Hour,UTC,Providing,Current,1166686,1166686,0.17249424755573,0,0
"2025-08-04 02:00:00","2025-08-04 03:00:00",Nederland,Wind,Hour,UTC,Providing,Current,759871,759871,0.11234577745199,0,0
"2025-08-04 03:00:00","2025-08-04 04:00:00",Nederland,Wind,Hour,UTC,Providing,Current,486335,486335,0.071903623640537,0,0
"2025-08-04 04:00:00","2025-08-04 05:00:00",Nederland,Wind,Hour,UTC,Providing,Current,327706,327706,0.048450324684381,0,0
"2025-08-04 05:00:00","2025-08-04 06:00:00",Nederland,Wind,Hour,UTC,Providing,Current,252123,252123,0.037275400012732,0,0
"2025-08-04 06:00:00","2025-08-04 07:00:00",Nederland,Wind,Hour,UTC,Providing,Current,230534,230534,0.034083351492882,0,0
"2025-08-04 07:00:00","2025-08-04 08:00:00",Nederland,Wind,Hour,UTC,Providing,Current,309511,309511,0.045759424567223,0,0
"2025-08-04 08:00:00","2025-08-04 09:00:00",Nederland,Wind,Hour,UTC,Providing,Current,873391,873391,0.12912502884865,0,0
"2025-08-04 09:00:00","2025-08-04 10:00:00",Nederland,Wind,Hour,UTC,Providing,Current,2204893,2204893,0.32597675919533,0,0
"2025-08-04 10:00:00","2025-08-04 11:00:00",Nederland,Wind,Hour,UTC,Providing,Current,3633959,3633959,0.5372502207756,0,0
"2025-08-04 11:00:00","2025-08-04 12:00:00",Nederland,Wind,Hour,UTC,Providing,Current,4710304,4710304,0.69637447595596,0,0
"2025-08-04 12:00:00","2025-08-04 13:00:00",Nederland,Wind,Hour,UTC,Providing,Current,5262162,5262162,0.77795702219009,0,0
"2025-08-04 13:00:00","2025-08-04 14:00:00",Nederland,Wind,Hour,UTC,Providing,Current,5594451,5594451,0.82707750797272,0,0
"2025-08-04 14:00:00","2025-08-04 15:00:00",Nederland,Wind,Hour,UTC,Providing,Current,5368465,5368465,0.7936635017395,0,0
"2025-08-04 15:00:00","2025-08-04 16:00:00",Nederland,Wind,Hour,UTC,Providing,Current,5537861,5537861,0.81870150566101,0,0
"2025-08-04 16:00:00","2025-08-04 17:00:00",Nederland,Wind,Hour,UTC,Providing,Current,5613443,5613443,0.82986998558044,0,0
"2025-08-04 17:00:00","2025-08-04 18:00:00",Nederland,Wind,Hour,UTC,Providing,Current,5545949,5545949,0.81988722085953,0,0
"2025-08-04 18:00:00","2025-08-04 19:00:00",Nederland,Wind,Hour,UTC,Providing,Current,5449359,5449359,0.80560302734375,0,0
"2025-08-04 19:00:00","2025-08-04 20:00:00",Nederland,Wind,Hour,UTC,Providing,Current,5624784,5624784,0.83153200149536,0,0
"2025-08-04 20:00:00","2025-08-04 21:00:00",Nederland,Wind,Hour,UTC,Providing,Current,5862053,5862053,0.86660301685333,0,0
"2025-08-04 21:00:00","2025-08-04 22:00:00",Nederland,Wind,Hour,UTC,Providing,Current,4585216,4585216,0.67784076929092,0,0
"2025-08-04 22:00:00","2025-08-04 23:00:00",Nederland,Wind,Hour,UTC,Providing,Current,2694841,2694841,0.39838075637817,0,0
"2025-08-04 23:00:00","2025-08-05 00:00:00",Nederland,Wind,Hour,UTC,Providing,Current,2182542,2182542,0.32264524698257,0,0
"2025-08-05 00:00:00","2025-08-05 01:00:00",Nederland,Wind,Hour,UTC,Providing,Current,1780271,1780271,0.26317575573921,0,0
"2025-08-05 01:00:00","2025-08-05 02:00:00",Nederland,Wind,Hour,UTC,Providing,Current,1548092,1548092,0.22885175049305,0,0
"2025-08-05 02:00:00","2025-08-05 03:00:00",Nederland,Wind,Hour,UTC,Providing,Current,1435725,1435725,0.21223925054073,0,0
"2025-08-05 03:00:00","2025-08-05 04:00:00",Nederland,Wind,Hour,UTC,Providing,Current,1492411,1492411,0.22061775624752,0,0
"2025-08-05 04:00:00","2025-08-05 05:00:00",Nederland,Wind,Hour,UTC,Providing,Current,1606555,1606555,0.23748950660229,0,0
"2025-08-05 05:00:00","2025-08-05 06:00:00",Nederland,Wind,Hour,UTC,Providing,Current,1645441,1645441,0.2432367503643,0,0
"2025-08-05 06:00:00","2025-08-05 07:00:00",Nederland,Wind,Hour,UTC,Providing,Current,2023347,2023347,0.2990984916687,0,0
"2025-08-05 07:00:00","2025-08-05 08:00:00",Nederland,Wind,Hour,UTC,Providing,Current,3507398,3507398,0.51847326755524,0,0
"2025-08-05 08:00:00","2025-08-05 09:00:00",Nederland,Wind,Hour,UTC,Providing,Current,4947629,4947629,0.73136800527573,0,0
"2025-08-05 09:00:00","2025-08-05 10:00:00",Nederland,Wind,Hour,UTC,Providing,Current,5510976,5510976,0.81463801860809,0,0
"2025-08-05 10:00:00","2025-08-05 11:00:00",Nederland,Wind,Hour,UTC,Providing,Current,5804232,5804232,0.85798251628876,0,0
"2025-08-05 11:00:00","2025-08-05 12:00:00",Nederland,Wind,Hour,UTC,Providing,Current,6085920,6085920,0.8996160030365,0,0
"2025-08-05 12:00:00","2025-08-05 13:00:00",Nederland,Wind,Hour,UTC,Providing,Current,6256900,6256900,0.92488449811935,0,0
"2025-08-05 13:00:00","2025-08-05 14:00:00",Nederland,Wind,Hour,UTC,Providing,Current,6056700,6056700,0.89528572559357,0,0
"2025-08-05 14:00:00","2025-08-05 15:00:00",Nederland,Wind,Hour,UTC,Providing,Current,6013235,6013235,0.88885551691055,0,0
"2025-08-05 15:00:00","2025-08-05 16:00:00",Nederland,Wind,Hour,UTC,Providing,Current,5695155,5695155,0.84183275699615,0,0
"2025-08-05 16:00:00","2025-08-05 17:00:00",Nederland,Wind,Hour,UTC,Providing,Current,5607695,5607695,0.82889997959137,0,0
"2025-08-05 17:00:00","2025-08-05 18:00:00",Nederland,Wind,Hour,UTC,Providing,Current,4458730,4458730,0.65906202793121,0,0
"2025-08-05 18:00:00","2025-08-05 19:00:00",Nederland,Wind,Hour,UTC,Providing,Current,3293666,3293666,0.48684674501419,0,0
"2025-08-05 19:00:00","2025-08-05 20:00:00",Nederland,Wind,Hour,UTC,Providing,Current,2082393,2082393,0.30780300498009,0,0
"2025-08-05 20:00:00","2025-08-05 21:00:00",Nederland,Wind,Hour,UTC,Providing,Current,1770010,1770010,0.26162725687027,0,0
"2025-08-05 21:00:00","2025-08-05 22:00:00",Nederland,Wind,Hour,UTC,Providing,Current,1600239,1600239,0.23653149604797,0,0
"2025-08-05 22:00:00","2025-08-05 23:00:00",Nederland,Wind,Hour,UTC,Providing,Current,1563587,1563587,0.23111300170422,0,0
"2025-08-05 23:00:00","2025-08-06 00:00:00",Nederland,Wind,Hour,UTC,Providing,Current,1428753,1428753,0.21118174493313,0,0
"2025-08-06 00:00:00","2025-08-06 01:00:00",Nederland,Wind,Hour,UTC,Providing,Current,1295180,1295180,0.19143724441528,0,0
"2025-08-06 01:00:00","2025-08-06 02:00:00",Nederland,Wind,Hour,UTC,Providing,Current,1142807,1142807,0.16891449689865,0,0
"2025-08-06 02:00:00","2025-08-06 03:00:00",Nederland,Wind,Hour,UTC,Providing,Current,1067998,1067998,0.15785649418831,0,0
"2025-08-06 03:00:00","2025-08-06 04:00:00",Nederland,Wind,Hour,UTC,Providing,Current,1030006,1030006,0.15223975479603,0,0
"2025-08-06 04:00:00","2025-08-06 05:00:00",Nederland,Wind,Hour,UTC,Providing,Current,881579,881579,0.13030099868774,0,0
"2025-08-06 05:00:00","2025-08-06 06:00:00",Nederland,Wind,Hour,UTC,Providing,Current,809720,809720,0.11967924982309,0,0
"2025-08-06 06:00:00","2025-08-06 07:00:00",Nederland,Wind,Hour,UTC,Providing,Current,832958,832958,0.1231129989028,0,0
"2025-08-06 07:00:00","2025-08-06 08:00:00",Nederland,Wind,Hour,UTC,Providing,Current,1353389,1353389,0.2000325024128,0,0
"2025-08-06 08:00:00","2025-08-06 09:00:00",Nederland,Wind,Hour,UTC,Providing,Current,2366591,2366591,0.34978300333023,0,0
"2025-08-06 09:00:00","2025-08-06 10:00:00",Nederland,Wind,Hour,UTC,Providing,Current,2889622,2889622,0.42708474397659,0,0
"2025-08-06 10:00:00","2025-08-06 11:00:00",Nederland,Wind,Hour,UTC,Providing,Current,3317193,3317193,0.49027624726295,0,0
"2025-08-06 11:00:00","2025-08-06 12:00:00",Nederland,Wind,Hour,UTC,Providing,Current,3594288,3594288,0.5312277674675,0,0
"2025-08-06 12:00:00","2025-08-06 13:00:00",Nederland,Wind,Hour,UTC,Providing,Current,3533751,3533751,0.5222772359848,0,0
"2025-08-06 13:00:00","2025-08-06 14:00:00",Nederland,Wind,Hour,UTC,Providing,Current,2937432,2937432,0.43414050340652,0,0
"2025-08-06 14:00:00","2025-08-06 15:00:00",Nederland,Wind,Hour,UTC,Providing,Current,2703074,2703074,0.3995009958744,0,0
"2025-08-06 15:00:00","2025-08-06 16:00:00",Nederland,Wind,Hour,UTC,Providing,Current,2251246,2251246,0.33272099494934,0,0
"2025-08-06 16:00:00","2025-08-06 17:00:00",Nederland,Wind,Hour,UTC,Providing,Current,1570605,1570605,0.23212499916553,0,0
"2025-08-06 17:00:00","2025-08-06 18:00:00",Nederland,Wind,Hour,UTC,Providing,Current,988566,988566,0.14610275626183,0,0
"2025-08-06 18:00:00","2025-08-06 19:00:00",Nederland,Wind,Hour,UTC,Providing,Current,318888,318888,0.047128975391388,0,0
"2025-08-06 19:00:00","2025-08-06 20:00:00",Nederland,Wind,Hour,UTC,Providing,Current,65672,65672,0.0097057176753879,0,0
"2025-08-06 20:00:00","2025-08-06 21:00:00",Nederland,Wind,Hour,UTC,Providing,Current,11206,11206,0.0016561325173825,0,0
"2025-08-06 21:00:00","2025-08-06 22:00:00",Nederland,Wind,Hour,UTC,Providing,Current,7120,7120,0.001052254694514,0,0
"2025-08-06 22:00:00","2025-08-06 23:00:00",Nederland,Wind,Hour,UTC,Providing,Current,33906,33906,0.0050108949653804,0,0
"2025-08-06 23:00:00","2025-08-07 00:00:00",Nederland,Wind,Hour,UTC,Providing,Current,119640,119640,0.017681224271655,0,0
"2025-08-07 00:00:00","2025-08-07 01:00:00",Nederland,Wind,Hour,UTC,Providing,Current,197379,197379,0.029169850051403,0,0
"2025-08-07 01:00:00","2025-08-07 02:00:00",Nederland,Wind,Hour,UTC,Providing,Current,334846,334846,0.049485273659229,0,0
"2025-08-07 02:00:00","2025-08-07 03:00:00",Nederland,Wind,Hour,UTC,Providing,Current,436955,436955,0.064575098454952,0,0
"2025-08-07 03:00:00","2025-08-07 04:00:00",Nederland,Wind,Hour,UTC,Providing,Current,305107,305107,0.04508975148201,0,0
"2025-08-07 04:00:00","2025-08-07 05:00:00",Nederland,Wind,Hour,UTC,Providing,Current,348362,348362,0.051481775939465,0,0
"2025-08-07 05:00:00","2025-08-07 06:00:00",Nederland,Wind,Hour,UTC,Providing,Current,506994,506994,0.074924372136593,0,0
"2025-08-07 06:00:00","2025-08-07 07:00:00",Nederland,Wind,Hour,UTC,Providing,Current,721973,721973,0.10669360309839,0,0
"2025-08-07 07:00:00","2025-08-07 08:00:00",Nederland,Wind,Hour,UTC,Providing,Current,1093654,1093654,0.16162000596523,0,0
"2025-08-07 08:00:00","2025-08-07 09:00:00",Nederland,Wind,Hour,UTC,Providing,Current,1879711,1879711,0.27778175473213,0,0
"2025-08-07 09:00:00","2025-08-07 10:00:00",Nederland,Wind,Hour,UTC,Providing,Current,2611883,2611883,0.38597875833511,0,0
"2025-08-07 10:00:00","2025-08-07 11:00:00",Nederland,Wind,Hour,UTC,Providing,Current,3126963,3126963,0.4620935022831,0,0
"2025-08-07 11:00:00","2025-08-07 12:00:00",Nederland,Wind,Hour,UTC,Providing,Current,3800817,3800817,0.56167024374008,0,0
"2025-08-07 12:00:00","2025-08-07 13:00:00",Nederland,Wind,Hour,UTC,Providing,Current,4185144,4185144,0.61846101284027,0,0
"2025-08-07 13:00:00","2025-08-07 14:00:00",Nederland,Wind,Hour,UTC,Providing,Current,4390744,4390744,0.64883977174759,0,0
"2025-08-07 14:00:00","2025-08-07 15:00:00",Nederland,Wind,Hour,UTC,Providing,Current,4106261,4106261,0.6067967414856,0,0
"2025-08-07 15:00:00","2025-08-07 16:00:00",Nederland,Wind,Hour,UTC,Providing,Current,3802907,3802907,0.56196576356888,0,0
"2025-08-07 16:00:00","2025-08-07 17:00:00",Nederland,Wind,Hour,UTC,Providing,Current,2901365,2901365,0.42873999476433,0,0
"2025-08-07 17:00:00","2025-08-07 18:00:00",Nederland,Wind,Hour,UTC,Providing,Current,2221609,2221609,0.3282890021801,0,0
"2025-08-07 18:00:00","2025-08-07 19:00:00",Nederland,Wind,Hour,UTC,Providing,Current,1521918,1521918,0.22489374876022,0,0
"2025-08-07 19:00:00","2025-08-07 20:00:00",Nederland,Wind,Hour,UTC,Providing,Current,971889,971889,0.14361500740051,0,0
"2025-08-07 20:00:00","2025-08-07 21:00:00",Nederland,Wind,Hour,UTC,Providing,Current,851435,851435,0.12581500411034,0,0
"2025-08-07 21:00:00","2025-08-07 22:00:00",Nederland,Wind,Hour,UTC,Providing,Current,825190,825190,0.12193624675274,0,0
"2025-08-07 22:00:00","2025-08-07 23:00:00",Nederland,Wind,Hour,UTC,Providing,Current,987164,987164,0.14586974680424,0,0
"2025-08-07 23:00:00","2025-08-08 00:00:00",Nederland,Wind,Hour,UTC,Providing,Current,936363,936363,0.13836200535297,0,0
"2025-08-08 00:00:00","2025-08-08 01:00:00",Nederland,Wind,Hour,UTC,Providing,Current,1068758,1068758,0.15792475640774,0,0
"2025-08-08 01:00:00","2025-08-08 02:00:00",Nederland,Wind,Hour,UTC,Providing,Current,1084127,1084127,0.16019450128078,0,0
"2025-08-08 02:00:00","2025-08-08 03:00:00",Nederland,Wind,Hour,UTC,Providing,Current,1107742,1107742,0.16368299722672,0,0
"2025-08-08 03:00:00","2025-08-08 04:00:00",Nederland,Wind,Hour,UTC,Providing,Current,1073945,1073945,0.15868824720383,0,0
"2025-08-08 04:00:00","2025-08-08 05:00:00",Nederland,Wind,Hour,UTC,Providing,Current,1113814,1113814,0.16457824409008,0,0
"2025-08-08 05:00:00","2025-08-08 06:00:00",Nederland,Wind,Hour,UTC,Providing,Current,822133,822133,0.12147849798203,0,0
"2025-08-08 06:00:00","2025-08-08 07:00:00",Nederland,Wind,Hour,UTC,Providing,Current,735115,735115,0.10861982405186,0,0
"2025-08-08 07:00:00","2025-08-08 08:00:00",Nederland,Wind,Hour,UTC,Providing,Current,1192046,1192046,0.176134750247,0,0
"2025-08-08 08:00:00","2025-08-08 09:00:00",Nederland,Wind,Hour,UTC,Providing,Current,1569423,1569423,0.23189400136471,0,0
"2025-08-08 09:00:00","2025-08-08 10:00:00",Nederland,Wind,Hour,UTC,Providing,Current,1591043,1591043,0.23508700728416,0,0
"2025-08-08 10:00:00","2025-08-08 11:00:00",Nederland,Wind,Hour,UTC,Providing,Current,1598254,1598254,0.23615099489689,0,0
"2025-08-08 11:00:00","2025-08-08 12:00:00",Nederland,Wind,Hour,UTC,Providing,Current,1578423,1578423,0.23321974277496,0,0
"2025-08-08 12:00:00","2025-08-08 13:00:00",Nederland,Wind,Hour,UTC,Providing,Current,1344287,1344287,0.19862374663353,0,0
"2025-08-08 13:00:00","2025-08-08 14:00:00",Nederland,Wind,Hour,UTC,Providing,Current,1178740,1178740,0.17416250705719,0,0
"2025-08-08 14:00:00","2025-08-08 15:00:00",Nederland,Wind,Hour,UTC,Providing,Current,1060379,1060379,0.15667325258255,0,0
"2025-08-08 15:00:00","2025-08-08 16:00:00",Nederland,Wind,Hour,UTC,Providing,Current,839269,839269,0.12400300055742,0,0
"2025-08-08 16:00:00","2025-08-08 17:00:00",Nederland,Wind,Hour,UTC,Providing,Current,719279,719279,0.10627374798059,0,0
"2025-08-08 17:00:00","2025-08-08 18:00:00",Nederland,Wind,Hour,UTC,Providing,Current,666768,666768,0.098514474928379,0,0
"2025-08-08 18:00:00","2025-08-08 19:00:00",Nederland,Wind,Hour,UTC,Providing,Current,318159,318159,0.04700754955411,0,0
"2025-08-08 19:00:00","2025-08-08 20:00:00",Nederland,Wind,Hour,UTC,Providing,Current,31201,31201,0.0046098777092993,0,0
"2025-08-08 20:00:00","2025-08-08 21:00:00",Nederland,Wind,Hour,UTC,Providing,Current,0,0,0,0,0
"2025-08-08 21:00:00","2025-08-08 22:00:00",Nederland,Wind,Hour,UTC,Providing,Current,0,0,0,0,0
"2025-08-08 22:00:00","2025-08-08 23:00:00",Nederland,Wind,Hour,UTC,Providing,Current,0,0,0,0,0
"2025-08-08 23:00:00","2025-08-09 00:00:00",Nederland,Wind,Hour,UTC,Providing,Current,0,0,0,0,0
"2025-08-09 00:00:00","2025-08-09 01:00:00",Nederland,Wind,Hour,UTC,Providing,Current,11528,11528,0.001703180023469,0,0
"2025-08-09 01:00:00","2025-08-09 02:00:00",Nederland,Wind,Hour,UTC,Providing,Current,28284,28284,0.0041787424124777,0,0
"2025-08-09 02:00:00","2025-08-09 03:00:00",Nederland,Wind,Hour,UTC,Providing,Current,28131,28131,0.0041561126708984,0,0
"2025-08-09 03:00:00","2025-08-09 04:00:00",Nederland,Wind,Hour,UTC,Providing,Current,27880,27880,0.0041190050542355,0,0
"2025-08-09 04:00:00","2025-08-09 05:00:00",Nederland,Wind,Hour,UTC,Providing,Current,26999,26999,0.0039888201281428,0,0
"2025-08-09 05:00:00","2025-08-09 06:00:00",Nederland,Wind,Hour,UTC,Providing,Current,34635,34635,0.0051169274374843,0,0
"2025-08-09 06:00:00","2025-08-09 07:00:00",Nederland,Wind,Hour,UTC,Providing,Current,56939,56939,0.0084120398387313,0,0
"2025-08-09 07:00:00","2025-08-09 08:00:00",Nederland,Wind,Hour,UTC,Providing,Current,217141,217141,0.032079700380564,0,0
"2025-08-09 08:00:00","2025-08-09 09:00:00",Nederland,Wind,Hour,UTC,Providing,Current,694312,694312,0.10257480293512,0,0
"2025-08-09 09:00:00","2025-08-09 10:00:00",Nederland,Wind,Hour,UTC,Providing,Current,1408446,1408446,0.20807674527168,0,0
"2025-08-09 10:00:00","2025-08-09 11:00:00",Nederland,Wind,Hour,UTC,Providing,Current,2313706,2313706,0.34181323647499,0,0
"2025-08-09 11:00:00","2025-08-09 12:00:00",Nederland,Wind,Hour,UTC,Providing,Current,2723673,2723673,0.40237724781036,0,0
"2025-08-09 12:00:00","2025-08-09 13:00:00",Nederland,Wind,Hour,UTC,Providing,Current,3101582,3101582,0.45820400118828,0,0
"2025-08-09 13:00:00","2025-08-09 14:00:00",Nederland,Wind,Hour,UTC,Providing,Current,3310924,3310924,0.4891277551651,0,0
"2025-08-09 14:00:00","2025-08-09 15:00:00",Nederland,Wind,Hour,UTC,Providing,Current,3565591,3565591,0.52674674987793,0,0
"2025-08-09 15:00:00","2025-08-09 16:00:00",Nederland,Wind,Hour,UTC,Providing,Current,3707863,3707863,0.54776149988174,0,0
"2025-08-09 16:00:00","2025-08-09 17:00:00",Nederland,Wind,Hour,UTC,Providing,Current,3520372,3520372,0.52006024122238,0,0
"2025-08-09 17:00:00","2025-08-09 18:00:00",Nederland,Wind,Hour,UTC,Providing,Current,2907309,2907309,0.4294907450676,0,0
"2025-08-09 18:00:00","2025-08-09 19:00:00",Nederland,Wind,Hour,UTC,Providing,Current,1853829,1853829,0.27386075258255,0,0
"2025-08-09 19:00:00","2025-08-09 20:00:00",Nederland,Wind,Hour,UTC,Providing,Current,618760,618760,0.091407172381878,0,0
"2025-08-09 20:00:00","2025-08-09 21:00:00",Nederland,Wind,Hour,UTC,Providing,Current,409687,409687,0.060521125793457,0,0
"2025-08-09 21:00:00","2025-08-09 22:00:00",Nederland,Wind,Hour,UTC,Providing,Current,405153,405153,0.059850998222828,0,0
"2025-08-09 22:00:00","2025-08-09 23:00:00",Nederland,Wind,Hour,UTC,Providing,Current,289143,289143,0.042713198810816,0,0
"2025-08-09 23:00:00","2025-08-10 00:00:00",Nederland,Wind,Hour,UTC,Providing,Current,254812,254812,0.037641476839781,0,0
"2025-08-10 00:00:00","2025-08-10 01:00:00",Nederland,Wind,Hour,UTC,Providing,Current,220664,220664,0.032596874982119,0,0
"2025-08-10 01:00:00","2025-08-10 02:00:00",Nederland,Wind,Hour,UTC,Providing,Current,199980,199980,0.029541224241257,0,0
"2025-08-10 02:00:00","2025-08-10 03:00:00",Nederland,Wind,Hour,UTC,Providing,Current,135458,135458,0.020009875297546,0,0
"2025-08-10 03:00:00","2025-08-10 04:00:00",Nederland,Wind,Hour,UTC,Providing,Current,69572,69572,0.010277107357979,0,0
"2025-08-10 04:00:00","2025-08-10 05:00:00",Nederland,Wind,Hour,UTC,Providing,Current,55394,55394,0.0081826951354742,0,0
"2025-08-10 05:00:00","2025-08-10 06:00:00",Nederland,Wind,Hour,UTC,Providing,Current,101777,101777,0.015034224838018,0,0
"2025-08-10 06:00:00","2025-08-10 07:00:00",Nederland,Wind,Hour,UTC,Providing,Current,84220,84220,0.012440649792552,0,0
"2025-08-10 07:00:00","2025-08-10 08:00:00",Nederland,Wind,Hour,UTC,Providing,Current,227834,227834,0.033654574304819,0,0
"2025-08-10 08:00:00","2025-08-10 09:00:00",Nederland,Wind,Hour,UTC,Providing,Current,292539,292539,0.043212275952101,0,0
"2025-08-10 09:00:00","2025-08-10 10:00:00",Nederland,Wind,Hour,UTC,Providing,Current,397816,397816,0.058762826025486,0,0
"2025-08-10 10:00:00","2025-08-10 11:00:00",Nederland,Wind,Hour,UTC,Providing,Current,584575,584575,0.086349152028561,0,0
"2025-08-10 11:00:00","2025-08-10 12:00:00",Nederland,Wind,Hour,UTC,Providing,Current,728942,728942,0.10767352581024,0,0
"2025-08-10 12:00:00","2025-08-10 13:00:00",Nederland,Wind,Hour,UTC,Providing,Current,1056972,1056972,0.15612624585629,0,0
"2025-08-10 13:00:00","2025-08-10 14:00:00",Nederland,Wind,Hour,UTC,Providing,Current,1150643,1150643,0.16996149718761,0,0
"2025-08-10 14:00:00","2025-08-10 15:00:00",Nederland,Wind,Hour,UTC,Providing,Current,1215477,1215477,0.17953699827194,0,0
"2025-08-10 15:00:00","2025-08-10 16:00:00",Nederland,Wind,Hour,UTC,Providing,Current,1077958,1077958,0.15922324359417,0,0
"2025-08-10 16:00:00","2025-08-10 17:00:00",Nederland,Wind,Hour,UTC,Providing,Current,1010816,1010816,0.14930500090122,0,0
"2025-08-10 17:00:00","2025-08-10 18:00:00",Nederland,Wind,Hour,UTC,Providing,Current,865333,865333,0.12781524658203,0,0
"2025-08-10 18:00:00","2025-08-10 19:00:00",Nederland,Wind,Hour,UTC,Providing,Current,593544,593544,0.087669752538204,0,0
"2025-08-10 19:00:00","2025-08-10 20:00:00",Nederland,Wind,Hour,UTC,Providing,Current,263333,263333,0.038895551115274,0,0
"2025-08-10 20:00:00","2025-08-10 21:00:00",Nederland,Wind,Hour,UTC,Providing,Current,116548,116548,0.017214575782418,0,0
"2025-08-10 21:00:00","2025-08-10 22:00:00",Nederland,Wind,Hour,UTC,Providing,Current,59159,59159,0.0087379598990083,0,0
"2025-08-10 22:00:00","2025-08-10 23:00:00",Nederland,Wind,Hour,UTC,Providing,Current,62392,62392,0.0092154229059815,0,0
"2025-08-10 23:00:00","2025-08-11 00:00:00",Nederland,Wind,Hour,UTC,Providing,Current,96329,96329,0.014227899722755,0,0
"2025-08-11 00:00:00","2025-08-11 01:00:00",Nederland,Wind,Hour,UTC,Providing,Current,129526,129526,0.01913102529943,0,0
"2025-08-11 01:00:00","2025-08-11 02:00:00",Nederland,Wind,Hour,UTC,Providing,Current,91870,91870,0.013569127768278,0,0
"2025-08-11 02:00:00","2025-08-11 03:00:00",Nederland,Wind,Hour,UTC,Providing,Current,60116,60116,0.008879030123353,0,0
"2025-08-11 03:00:00","2025-08-11 04:00:00",Nederland,Wind,Hour,UTC,Providing,Current,56331,56331,0.0083199450746179,0,0
"2025-08-11 04:00:00","2025-08-11 05:00:00",Nederland,Wind,Hour,UTC,Providing,Current,31733,31733,0.004686857573688,0,0
"2025-08-11 05:00:00","2025-08-11 06:00:00",Nederland,Wind,Hour,UTC,Providing,Current,18661,18661,0.0027561497408897,0,0
"2025-08-11 06:00:00","2025-08-11 07:00:00",Nederland,Wind,Hour,UTC,Providing,Current,0,0,0,0,0
"2025-08-11 07:00:00","2025-08-11 08:00:00",Nederland,Wind,Hour,UTC,Providing,Current,0,0,0,0,0
"2025-08-11 08:00:00","2025-08-11 09:00:00",Nederland,Wind,Hour,UTC,Providing,Current,678,678,0.00010013575229095,0,0
"2025-08-11 09:00:00","2025-08-11 10:00:00",Nederland,Wind,Hour,UTC,Providing,Current,10070,10070,0.0014872569590807,0,0
"2025-08-11 10:00:00","2025-08-11 11:00:00",Nederland,Wind,Hour,UTC,Providing,Current,91351,91351,0.013491724617779,0,0
"2025-08-11 11:00:00","2025-08-11 12:00:00",Nederland,Wind,Hour,UTC,Providing,Current,153296,153296,0.022640325129032,0,0
"2025-08-11 12:00:00","2025-08-11 13:00:00",Nederland,Wind,Hour,UTC,Providing,Current,277743,277743,0.041019700467587,0,0
"2025-08-11 13:00:00","2025-08-11 14:00:00",Nederland,Wind,Hour,UTC,Providing,Current,303001,303001,0.044749774038792,0,0
"2025-08-11 14:00:00","2025-08-11 15:00:00",Nederland,Wind,Hour,UTC,Providing,Current,396621,396621,0.05857602506876,0,0
"2025-08-11 15:00:00","2025-08-11 16:00:00",Nederland,Wind,Hour,UTC,Providing,Current,542065,542065,0.080055803060532,0,0
"2025-08-11 16:00:00","2025-08-11 17:00:00",Nederland,Wind,Hour,UTC,Providing,Current,696980,696980,0.1029342263937,0,0
"2025-08-11 17:00:00","2025-08-11 18:00:00",Nederland,Wind,Hour,UTC,Providing,Current,776753,776753,0.11471450328827,0,0
"2025-08-11 18:00:00","2025-08-11 19:00:00",Nederland,Wind,Hour,UTC,Providing,Current,706578,706578,0.10435032844543,0,0
"2025-08-11 19:00:00","2025-08-11 20:00:00",Nederland,Wind,Hour,UTC,Providing,Current,588189,588189,0.086865648627281,0,0
"2025-08-11 20:00:00","2025-08-11 21:00:00",Nederland,Wind,Hour,UTC,Providing,Current,495625,495625,0.073195047676563,0,0
"2025-08-11 21:00:00","2025-08-11 22:00:00",Nederland,Wind,Hour,UTC,Providing,Current,488636,488636,0.072162449359894,0,0
"2025-08-11 22:00:00","2025-08-11 23:00:00",Nederland,Wind,Hour,UTC,Providing,Current,526069,526069,0.077690146863461,0,0
"2025-08-11 23:00:00","2025-08-12 00:00:00",Nederland,Wind,Hour,UTC,Providing,Current,623088,623088,0.092017397284508,0,0
"2025-08-12 00:00:00","2025-08-12 01:00:00",Nederland,Wind,Hour,UTC,Providing,Current,703275,703275,0.10385874658823,0,0
"2025-08-12 01:00:00","2025-08-12 02:00:00",Nederland,Wind,Hour,UTC,Providing,Current,672148,672148,0.099261246621609,0,0
"2025-08-12 02:00:00","2025-08-12 03:00:00",Nederland,Wind,Hour,UTC,Providing,Current,506159,506159,0.074748024344444,0,0
"2025-08-12 03:00:00","2025-08-12 04:00:00",Nederland,Wind,Hour,UTC,Providing,Current,383594,383594,0.056647650897503,0,0
"2025-08-12 04:00:00","2025-08-12 05:00:00",Nederland,Wind,Hour,UTC,Providing,Current,348829,348829,0.051513373851776,0,0
"2025-08-12 05:00:00","2025-08-12 06:00:00",Nederland,Wind,Hour,UTC,Providing,Current,560352,560352,0.082749649882317,0,0
"2025-08-12 06:00:00","2025-08-12 07:00:00",Nederland,Wind,Hour,UTC,Providing,Current,639121,639121,0.094381272792816,0,0
"2025-08-12 07:00:00","2025-08-12 08:00:00",Nederland,Wind,Hour,UTC,Providing,Current,761151,761151,0.11240115016699,0,0
"2025-08-12 08:00:00","2025-08-12 09:00:00",Nederland,Wind,Hour,UTC,Providing,Current,893176,893176,0.13189700245857,0,0
"2025-08-12 09:00:00","2025-08-12 10:00:00",Nederland,Wind,Hour,UTC,Providing,Current,591810,591810,0.087393023073673,0,0
"2025-08-12 10:00:00","2025-08-12 11:00:00",Nederland,Wind,Hour,UTC,Providing,Current,560468,560468,0.082764200866222,0,0
"2025-08-12 11:00:00","2025-08-12 12:00:00",Nederland,Wind,Hour,UTC,Providing,Current,886610,886610,0.13092474639416,0,0
"2025-08-12 12:00:00","2025-08-12 13:00:00",Nederland,Wind,Hour,UTC,Providing,Current,1164905,1164905,0.17201924324036,0,0
"2025-08-12 13:00:00","2025-08-12 14:00:00",Nederland,Wind,Hour,UTC,Providing,Current,1209005,1209005,0.17853024601936,0,0
"2025-08-12 14:00:00","2025-08-12 15:00:00",Nederland,Wind,Hour,UTC,Providing,Current,1312800,1312800,0.19385625422001,0,0
"2025-08-12 15:00:00","2025-08-12 16:00:00",Nederland,Wind,Hour,UTC,Providing,Current,1166568,1166568,0.17226174473763,0,0
"2025-08-12 16:00:00","2025-08-12 17:00:00",Nederland,Wind,Hour,UTC,Providing,Current,927021,927021,0.13688799738884,0,0
"2025-08-12 17:00:00","2025-08-12 18:00:00",Nederland,Wind,Hour,UTC,Providing,Current,678493,678493,0.10018870234489,0,0
"2025-08-12 18:00:00","2025-08-12 19:00:00",Nederland,Wind,Hour,UTC,Providing,Current,416470,416470,0.061497073620558,0,0
"2025-08-12 19:00:00","2025-08-12 20:00:00",Nederland,Wind,Hour,UTC,Providing,Current,379762,379762,0.05607632547617,0,0
"2025-08-12 20:00:00","2025-08-12 21:00:00",Nederland,Wind,Hour,UTC,Providing,Current,401615,401615,0.0593028254807,0,0
"2025-08-12 21:00:00","2025-08-12 22:00:00",Nederland,Wind,Hour,UTC,Providing,Current,323064,323064,0.047703623771667,0,0
"2025-08-12 22:00:00","2025-08-12 23:00:00",Nederland,Wind,Hour,UTC,Providing,Current,293394,293394,0.043322324752808,0,0
"2025-08-12 23:00:00","2025-08-13 00:00:00",Nederland,Wind,Hour,UTC,Providing,Current,168106,168106,0.024822250008583,0,0
"2025-08-13 00:00:00","2025-08-13 01:00:00",Nederland,Wind,Hour,UTC,Providing,Current,98296,98296,0.014514150097966,0,0
"2025-08-13 01:00:00","2025-08-13 02:00:00",Nederland,Wind,Hour,UTC,Providing,Current,95315,95315,0.014073849655688,0,0
"2025-08-13 02:00:00","2025-08-13 03:00:00",Nederland,Wind,Hour,UTC,Providing,Current,68282,68282,0.010082215070724,0,0
"2025-08-13 03:00:00","2025-08-13 04:00:00",Nederland,Wind,Hour,UTC,Providing,Current,81792,81792,0.012076947838068,0,0
"2025-08-13 04:00:00","2025-08-13 05:00:00",Nederland,Wind,Hour,UTC,Providing,Current,110432,110432,0.016305675730109,0,0
"2025-08-13 05:00:00","2025-08-13 06:00:00",Nederland,Wind,Hour,UTC,Providing,Current,159746,159746,0.023586925119162,0,0
"2025-08-13 06:00:00","2025-08-13 07:00:00",Nederland,Wind,Hour,UTC,Providing,Current,187474,187474,0.027680899947882,0,0
"2025-08-13 07:00:00","2025-08-13 08:00:00",Nederland,Wind,Hour,UTC,Providing,Current,127073,127073,0.018762474879622,0,0
"2025-08-13 08:00:00","2025-08-13 09:00:00",Nederland,Wind,Hour,UTC,Providing,Current,101700,101700,0.015016024932265,0,0
"2025-08-13 09:00:00","2025-08-13 10:00:00",Nederland,Wind,Hour,UTC,Providing,Current,112273,112273,0.016577025875449,0,0
"2025-08-13 10:00:00","2025-08-13 11:00:00",Nederland,Wind,Hour,UTC,Providing,Current,125812,125812,0.018575949594378,0,0
"2025-08-13 11:00:00","2025-08-13 12:00:00",Nederland,Wind,Hour,UTC,Providing,Current,58574,58574,0.0086483201012015,0,0
"2025-08-13 12:00:00","2025-08-13 13:00:00",Nederland,Wind,Hour,UTC,Providing,Current,74219,74219,0.010958182625473,0,0
"2025-08-13 13:00:00","2025-08-13 14:00:00",Nederland,Wind,Hour,UTC,Providing,Current,229910,229910,0.033945199102163,0,0
"2025-08-13 14:00:00","2025-08-13 15:00:00",Nederland,Wind,Hour,UTC,Providing,Current,228474,228474,0.033732999116182,0,0
"2025-08-13 15:00:00","2025-08-13 16:00:00",Nederland,Wind,Hour,UTC,Providing,Current,326070,326070,0.048142224550247,0,0
"2025-08-13 16:00:00","2025-08-13 17:00:00",Nederland,Wind,Hour,UTC,Providing,Current,320440,320440,0.047310724854469,0,0
"2025-08-13 17:00:00","2025-08-13 18:00:00",Nederland,Wind,Hour,UTC,Providing,Current,289585,289585,0.042754948139191,0,0
"2025-08-13 18:00:00","2025-08-13 19:00:00",Nederland,Wind,Hour,UTC,Providing,Current,297116,297116,0.04386654868722,0,0
"2025-08-13 19:00:00","2025-08-13 20:00:00",Nederland,Wind,Hour,UTC,Providing,Current,114063,114063,0.016840333119035,0,0
"2025-08-13 20:00:00","2025-08-13 21:00:00",Nederland,Wind,Hour,UTC,Providing,Current,0,0,0,0,0
"2025-08-13 21:00:00","2025-08-13 22:00:00",Nederland,Wind,Hour,UTC,Providing,Current,0,0,0,0,0
"2025-08-13 22:00:00","2025-08-13 23:00:00",Nederland,Wind,Hour,UTC,Providing,Current,0,0,0,0,0
"2025-08-13 23:00:00","2025-08-14 00:00:00",Nederland,Wind,Hour,UTC,Providing,Current,0,0,0,0,0
"2025-08-14 00:00:00","2025-08-14 01:00:00",Nederland,Wind,Hour,UTC,Providing,Current,59578,59578,0.0087958378717303,0,0
"2025-08-14 01:00:00","2025-08-14 02:00:00",Nederland,Wind,Hour,UTC,Providing,Current,113350,113350,0.016734400764108,0,0
"2025-08-14 02:00:00","2025-08-14 03:00:00",Nederland,Wind,Hour,UTC,Providing,Current,111204,111204,0.016417499631643,0,0
"2025-08-14 03:00:00","2025-08-14 04:00:00",Nederland,Wind,Hour,UTC,Providing,Current,121391,121391,0.017921324819326,0,0
"2025-08-14 04:00:00","2025-08-14 05:00:00",Nederland,Wind,Hour,UTC,Providing,Current,105022,105022,0.015504634939134,0,0
"2025-08-14 05:00:00","2025-08-14 06:00:00",Nederland,Wind,Hour,UTC,Providing,Current,117283,117283,0.017314644530416,0,0
"2025-08-14 06:00:00","2025-08-14 07:00:00",Nederland,Wind,Hour,UTC,Providing,Current,148950,148950,0.02198957465589,0,0
"2025-08-14 07:00:00","2025-08-14 08:00:00",Nederland,Wind,Hour,UTC,Providing,Current,247668,247668,0.036563124507666,0,0
"2025-08-14 08:00:00","2025-08-14 09:00:00",Nederland,Wind,Hour,UTC,Providing,Current,651179,651179,0.096132546663284,0,0
"2025-08-14 09:00:00","2025-08-14 10:00:00",Nederland,Wind,Hour,UTC,Providing,Current,1493794,1493794,0.22052575647831,0,0
"2025-08-14 10:00:00","2025-08-14 11:00:00",Nederland,Wind,Hour,UTC,Providing,Current,1883733,1883733,0.27808976173401,0,0
"2025-08-14 11:00:00","2025-08-14 12:00:00",Nederland,Wind,Hour,UTC,Providing,Current,1819112,1819112,0.26854825019836,0,0
"2025-08-14 12:00:00","2025-08-14 13:00:00",Nederland,Wind,Hour,UTC,Providing,Current,1660157,1660157,0.24508075416088,0,0
"2025-08-14 13:00:00","2025-08-14 14:00:00",Nederland,Wind,Hour,UTC,Providing,Current,1296834,1296834,0.1914439946413,0,0
"2025-08-14 14:00:00","2025-08-14 15:00:00",Nederland,Wind,Hour,UTC,Providing,Current,1380467,1380467,0.20378924906254,0,0
"2025-08-14 15:00:00","2025-08-14 16:00:00",Nederland,Wind,Hour,UTC,Providing,Current,1782789,1782789,0.26317951083183,0,0
"2025-08-14 16:00:00","2025-08-14 17:00:00",Nederland,Wind,Hour,UTC,Providing,Current,2300368,2300368,0.33958375453949,0,0
"2025-08-14 17:00:00","2025-08-14 18:00:00",Nederland,Wind,Hour,UTC,Providing,Current,2203675,2203675,0.32530799508095,0,0
"2025-08-14 18:00:00","2025-08-14 19:00:00",Nederland,Wind,Hour,UTC,Providing,Current,1710430,1710430,0.25249350070953,0,0
"2025-08-14 19:00:00","2025-08-14 20:00:00",Nederland,Wind,Hour,UTC,Providing,Current,872155,872155,0.12874659895897,0,0
"2025-08-14 20:00:00","2025-08-14 21:00:00",Nederland,Wind,Hour,UTC,Providing,Current,369866,369866,0.054598901420832,0,0
"2025-08-14 21:00:00","2025-08-14 22:00:00",Nederland,Wind,Hour,UTC,Providing,Current,259721,259721,0.038339275866747,0,0
"2025-08-14 22:00:00","2025-08-14 23:00:00",Nederland,Wind,Hour,UTC,Providing,Current,151501,151501,0.022364024072886,0,0
"2025-08-14 23:00:00","2025-08-15 00:00:00",Nederland,Wind,Hour,UTC,Providing,Current,73497,73497,0.010849270038307,0,0
"2025-08-15 00:00:00","2025-08-15 01:00:00",Nederland,Wind,Hour,UTC,Providing,Current,81208,81208,0.011987474747002,0,0
"2025-08-15 01:00:00","2025-08-15 02:00:00",Nederland,Wind,Hour,UTC,Providing,Current,58012,58012,0.0085633723065257,0,0
"2025-08-15 02:00:00","2025-08-15 03:00:00",Nederland,Wind,Hour,UTC,Providing,Current,40609,40609,0.0059944023378193,0,0
"2025-08-15 03:00:00","2025-08-15 04:00:00",Nederland,Wind,Hour,UTC,Providing,Current,50093,50093,0.0073943152092397,0,0
"2025-08-15 04:00:00","2025-08-15 05:00:00",Nederland,Wind,Hour,UTC,Providing,Current,65699,65699,0.0096978824585676,0,0
"2025-08-15 05:00:00","2025-08-15 06:00:00",Nederland,Wind,Hour,UTC,Providing,Current,52812,52812,0.0077955750748515,0,0
"2025-08-15 06:00:00","2025-08-15 07:00:00",Nederland,Wind,Hour,UTC,Providing,Current,88340,88340,0.013039775192738,0,0
"2025-08-15 07:00:00","2025-08-15 08:00:00",Nederland,Wind,Hour,UTC,Providing,Current,198886,198886,0.029357174411416,0,0
"2025-08-15 08:00:00","2025-08-15 09:00:00",Nederland,Wind,Hour,UTC,Providing,Current,312370,312370,0.046108074486256,0,0
"2025-08-15 09:00:00","2025-08-15 10:00:00",Nederland,Wind,Hour,UTC,Providing,Current,329115,329115,0.048579476773739,0,0
"2025-08-15 10:00:00","2025-08-15 11:00:00",Nederland,Wind,Hour,UTC,Providing,Current,682032,682032,0.10067170113325,0,0
"2025-08-15 11:00:00","2025-08-15 12:00:00",Nederland,Wind,Hour,UTC,Providing,Current,1188477,1188477,0.1754247546196,0,0
"2025-08-15 12:00:00","2025-08-15 13:00:00",Nederland,Wind,Hour,UTC,Providing,Current,1705716,1705716,0.25176975131035,0,0
"2025-08-15 13:00:00","2025-08-15 14:00:00",Nederland,Wind,Hour,UTC,Providing,Current,2310270,2310270,0.34100225567818,0,0
"2025-08-15 14:00:00","2025-08-15 15:00:00",Nederland,Wind,Hour,UTC,Providing,Current,2907912,2907912,0.42921298742294,0,0
"2025-08-15 15:00:00","2025-08-15 16:00:00",Nederland,Wind,Hour,UTC,Providing,Current,3654298,3654298,0.5393779873848,0,0
"2025-08-15 16:00:00","2025-08-15 17:00:00",Nederland,Wind,Hour,UTC,Providing,Current,3922889,3922889,0.57901877164841,0,0
"2025-08-15 17:00:00","2025-08-15 18:00:00",Nederland,Wind,Hour,UTC,Providing,Current,3151374,3151374,0.46514049172401,0,0
"2025-08-15 18:00:00","2025-08-15 19:00:00",Nederland,Wind,Hour,UTC,Providing,Current,1832578,1832578,0.27048575878143,0,0
"2025-08-15 19:00:00","2025-08-15 20:00:00",Nederland,Wind,Hour,UTC,Providing,Current,986389,986389,0.14558850228786,0,0
"2025-08-15 20:00:00","2025-08-15 21:00:00",Nederland,Wind,Hour,UTC,Providing,Current,896507,896507,0.13232125341892,0,0
"2025-08-15 21:00:00","2025-08-15 22:00:00",Nederland,Wind,Hour,UTC,Providing,Current,1009160,1009160,0.14894750714302,0,0
"2025-08-15 22:00:00","2025-08-15 23:00:00",Nederland,Wind,Hour,UTC,Providing,Current,987009,987009,0.14567725360394,0,0
"2025-08-15 23:00:00","2025-08-16 00:00:00",Nederland,Wind,Hour,UTC,Providing,Current,1036042,1036042,0.15291349589825,0,0
"2025-08-16 00:00:00","2025-08-16 01:00:00",Nederland,Wind,Hour,UTC,Providing,Current,1059430,1059430,0.15636450052261,0,0
"2025-08-16 01:00:00","2025-08-16 02:00:00",Nederland,Wind,Hour,UTC,Providing,Current,1208838,1208838,0.17841500043869,0,0
"2025-08-16 02:00:00","2025-08-16 03:00:00",Nederland,Wind,Hour,UTC,Providing,Current,1208869,1208869,0.17841850221157,0,0
"2025-08-16 03:00:00","2025-08-16 04:00:00",Nederland,Wind,Hour,UTC,Providing,Current,1137194,1137194,0.16783875226974,0,0
"2025-08-16 04:00:00","2025-08-16 05:00:00",Nederland,Wind,Hour,UTC,Providing,Current,1089539,1089539,0.16080425679684,0,0
"2025-08-16 05:00:00","2025-08-16 06:00:00",Nederland,Wind,Hour,UTC,Providing,Current,1011310,1011310,0.14925774931908,0,0
"2025-08-16 06:00:00","2025-08-16 07:00:00",Nederland,Wind,Hour,UTC,Providing,Current,1110705,1110705,0.16392600536346,0,0
"2025-08-16 07:00:00","2025-08-16 08:00:00",Nederland,Wind,Hour,UTC,Providing,Current,1653065,1653065,0.24397049844265,0,0
"2025-08-16 08:00:00","2025-08-16 09:00:00",Nederland,Wind,Hour,UTC,Providing,Current,1965629,1965629,0.29009899497032,0,0
"2025-08-16 09:00:00","2025-08-16 10:00:00",Nederland,Wind,Hour,UTC,Providing,Current,2139777,2139777,0.31579875946045,0,0
"2025-08-16 10:00:00","2025-08-16 11:00:00",Nederland,Wind,Hour,UTC,Providing,Current,2320503,2320503,0.34246924519539,0,0
"2025-08-16 11:00:00","2025-08-16 12:00:00",Nederland,Wind,Hour,UTC,Providing,Current,2308179,2308179,0.34064826369286,0,0
"2025-08-16 12:00:00","2025-08-16 13:00:00",Nederland,Wind,Hour,UTC,Providing,Current,2746790,2746790,0.40537750720978,0,0
"2025-08-16 13:00:00","2025-08-16 14:00:00",Nederland,Wind,Hour,UTC,Providing,Current,3099546,3099546,0.45743525028229,0,0
"2025-08-16 14:00:00","2025-08-16 15:00:00",Nederland,Wind,Hour,UTC,Providing,Current,3224853,3224853,0.47592550516129,0,0
"2025-08-16 15:00:00","2025-08-16 16:00:00",Nederland,Wind,Hour,UTC,Providing,Current,3448173,3448173,0.50888001918793,0,0
"2025-08-16 16:00:00","2025-08-16 17:00:00",Nederland,Wind,Hour,UTC,Providing,Current,3513554,3513554,0.51852577924728,0,0
"2025-08-16 17:00:00","2025-08-16 18:00:00",Nederland,Wind,Hour,UTC,Providing,Current,3126521,3126521,0.4614050090313,0,0
"2025-08-16 18:00:00","2025-08-16 19:00:00",Nederland,Wind,Hour,UTC,Providing,Current,2297610,2297610,0.33907425403595,0,0
"2025-08-16 19:00:00","2025-08-16 20:00:00",Nederland,Wind,Hour,UTC,Providing,Current,1536833,1536833,0.22679999470711,0,0
"2025-08-16 20:00:00","2025-08-16 21:00:00",Nederland,Wind,Hour,UTC,Providing,Current,906155,906155,0.13372574746609,0,0
"2025-08-16 21:00:00","2025-08-16 22:00:00",Nederland,Wind,Hour,UTC,Providing,Current,585410,585410,0.086391448974609,0,0
"2025-08-16 22:00:00","2025-08-16 23:00:00",Nederland,Wind,Hour,UTC,Providing,Current,373345,373345,0.05509577319026,0,0
"2025-08-16 23:00:00","2025-08-17 00:00:00",Nederland,Wind,Hour,UTC,Providing,Current,335776,335776,0.049551274627447,0,0
"2025-08-17 00:00:00","2025-08-17 01:00:00",Nederland,Wind,Hour,UTC,Providing,Current,283832,283832,0.041885524988174,0,0
"2025-08-17 01:00:00","2025-08-17 02:00:00",Nederland,Wind,Hour,UTC,Providing,Current,247137,247137,0.036470200866461,0,0
"2025-08-17 02:00:00","2025-08-17 03:00:00",Nederland,Wind,Hour,UTC,Providing,Current,259374,259374,0.038275748491287,0,0
"2025-08-17 03:00:00","2025-08-17 04:00:00",Nederland,Wind,Hour,UTC,Providing,Current,346288,346288,0.051101300865412,0,0
"2025-08-17 04:00:00","2025-08-17 05:00:00",Nederland,Wind,Hour,UTC,Providing,Current,333393,333393,0.049198124557734,0,0
"2025-08-17 05:00:00","2025-08-17 06:00:00",Nederland,Wind,Hour,UTC,Providing,Current,333651,333651,0.04923589900136,0,0
"2025-08-17 06:00:00","2025-08-17 07:00:00",Nederland,Wind,Hour,UTC,Providing,Current,391901,391901,0.057831350713968,0,0
"2025-08-17 07:00:00","2025-08-17 08:00:00",Nederland,Wind,Hour,UTC,Providing,Current,651452,651452,0.096131727099419,0,0
"2025-08-17 08:00:00","2025-08-17 09:00:00",Nederland,Wind,Hour,UTC,Providing,Current,1073449,1073449,0.15840250253677,0,0
"2025-08-17 09:00:00","2025-08-17 10:00:00",Nederland,Wind,Hour,UTC,Providing,Current,1190608,1190608,0.17568999528885,0,0
"2025-08-17 10:00:00","2025-08-17 11:00:00",Nederland,Wind,Hour,UTC,Providing,Current,1260123,1260123,0.18594725430012,0,0
"2025-08-17 11:00:00","2025-08-17 12:00:00",Nederland,Wind,Hour,UTC,Providing,Current,1480981,1480981,0.21853624284267,0,0
"2025-08-17 12:00:00","2025-08-17 13:00:00",Nederland,Wind,Hour,UTC,Providing,Current,1479460,1479460,0.21831050515175,0,0
"2025-08-17 13:00:00","2025-08-17 14:00:00",Nederland,Wind,Hour,UTC,Providing,Current,1259567,1259567,0.18586175143719,0,0
"2025-08-17 14:00:00","2025-08-17 15:00:00",Nederland,Wind,Hour,UTC,Providing,Current,1319153,1319153,0.19465300440788,0,0
"2025-08-17 15:00:00","2025-08-17 16:00:00",Nederland,Wind,Hour,UTC,Providing,Current,1207626,1207626,0.17819499969482,0,0
"2025-08-17 16:00:00","2025-08-17 17:00:00",Nederland,Wind,Hour,UTC,Providing,Current,1187736,1187736,0.17525899410248,0,0
"2025-08-17 17:00:00","2025-08-17 18:00:00",Nederland,Wind,Hour,UTC,Providing,Current,1078623,1078623,0.15915749967098,0,0
"2025-08-17 18:00:00","2025-08-17 19:00:00",Nederland,Wind,Hour,UTC,Providing,Current,684572,684572,0.10101242363453,0,0
"2025-08-17 19:00:00","2025-08-17 20:00:00",Nederland,Wind,Hour,UTC,Providing,Current,433996,433996,0.064038127660751,0,0
"2025-08-17 20:00:00","2025-08-17 21:00:00",Nederland,Wind,Hour,UTC,Providing,Current,256505,256505,0.037848275154829,0,0
"2025-08-17 21:00:00","2025-08-17 22:00:00",Nederland,Wind,Hour,UTC,Providing,Current,250311,250311,0.036934074014425,0,0
"2025-08-17 22:00:00","2025-08-17 23:00:00",Nederland,Wind,Hour,UTC,Providing,Current,181476,181476,0.02677715010941,0,0
"2025-08-17 23:00:00","2025-08-18 00:00:00",Nederland,Wind,Hour,UTC,Providing,Current,116385,116385,0.017172699794173,0,0
"2025-08-18 00:00:00","2025-08-18 01:00:00",Nederland,Wind,Hour,UTC,Providing,Current,85574,85574,0.012626457959414,0,0
"2025-08-18 01:00:00","2025-08-18 02:00:00",Nederland,Wind,Hour,UTC,Providing,Current,83993,83993,0.012393100187182,0,0
"2025-08-18 02:00:00","2025-08-18 03:00:00",Nederland,Wind,Hour,UTC,Providing,Current,82659,82659,0.012196225114167,0,0
"2025-08-18 03:00:00","2025-08-18 04:00:00",Nederland,Wind,Hour,UTC,Providing,Current,97624,97624,0.014404174871743,0,0
"2025-08-18 04:00:00","2025-08-18 05:00:00",Nederland,Wind,Hour,UTC,Providing,Current,108645,108645,0.016030199825764,0,0
"2025-08-18 05:00:00","2025-08-18 06:00:00",Nederland,Wind,Hour,UTC,Providing,Current,89008,89008,0.013132750056684,0,0
"2025-08-18 06:00:00","2025-08-18 07:00:00",Nederland,Wind,Hour,UTC,Providing,Current,109641,109641,0.016176924109459,0,0
"2025-08-18 07:00:00","2025-08-18 08:00:00",Nederland,Wind,Hour,UTC,Providing,Current,250034,250034,0.036890976130962,0,0
"2025-08-18 08:00:00","2025-08-18 09:00:00",Nederland,Wind,Hour,UTC,Providing,Current,342928,342928,0.050596598535776,0,0
"2025-08-18 09:00:00","2025-08-18 10:00:00",Nederland,Wind,Hour,UTC,Providing,Current,342388,342388,0.050516676157713,0,0
"2025-08-18 10:00:00","2025-08-18 11:00:00",Nederland,Wind,Hour,UTC,Providing,Current,282192,282192,0.041634973138571,0,0
"2025-08-18 11:00:00","2025-08-18 12:00:00",Nederland,Wind,Hour,UTC,Providing,Current,365925,365925,0.053988676518202,0,0
"2025-08-18 12:00:00","2025-08-18 13:00:00",Nederland,Wind,Hour,UTC,Providing,Current,490559,490559,0.072376772761345,0,0
"2025-08-18 13:00:00","2025-08-18 14:00:00",Nederland,Wind,Hour,UTC,Providing,Current,789999,789999,0.116555377841,0,0
"2025-08-18 14:00:00","2025-08-18 15:00:00",Nederland,Wind,Hour,UTC,Providing,Current,1174776,1174776,0.17332375049591,0,0
"2025-08-18 15:00:00","2025-08-18 16:00:00",Nederland,Wind,Hour,UTC,Providing,Current,1626414,1626414,0.239955753088,0,0
"2025-08-18 16:00:00","2025-08-18 17:00:00",Nederland,Wind,Hour,UTC,Providing,Current,2068185,2068185,0.30513125658035,0,0
"2025-08-18 17:00:00","2025-08-18 18:00:00",Nederland,Wind,Hour,UTC,Providing,Current,2276527,2276527,0.33586725592613,0,0
"2025-08-18 18:00:00","2025-08-18 19:00:00",Nederland,Wind,Hour,UTC,Providing,Current,1818212,1818212,0.26824826002121,0,0
"2025-08-18 19:00:00","2025-08-18 20:00:00",Nederland,Wind,Hour,UTC,Providing,Current,1282802,1282802,0.18925574421883,0,0
"2025-08-18 20:00:00","2025-08-18 21:00:00",Nederland,Wind,Hour,UTC,Providing,Current,1025374,1025374,0.15127575397491,0,0
"2025-08-18 21:00:00","2025-08-18 22:00:00",Nederland,Wind,Hour,UTC,Providing,Current,924749,924749,0.13642975687981,0,0
"2025-08-18 22:00:00","2025-08-18 23:00:00",Nederland,Wind,Hour,UTC,Providing,Current,820660,820660,0.1210722476244,0,0
"2025-08-18 23:00:00","2025-08-19 00:00:00",Nederland,Wind,Hour,UTC,Providing,Current,691999,691999,0.10209057480097,0,0
"2025-08-19 00:00:00","2025-08-19 01:00:00",Nederland,Wind,Hour,UTC,Providing,Current,453113,453113,0.066847197711468,0,0
"2025-08-19 01:00:00","2025-08-19 02:00:00",Nederland,Wind,Hour,UTC,Providing,Current,301164,301164,0.044430050998926,0,0
"2025-08-19 02:00:00","2025-08-19 03:00:00",Nederland,Wind,Hour,UTC,Providing,Current,311845,311845,0.04600552469492,0,0
"2025-08-19 03:00:00","2025-08-19 04:00:00",Nederland,Wind,Hour,UTC,Providing,Current,370947,370947,0.054724350571632,0,0
"2025-08-19 04:00:00","2025-08-19 05:00:00",Nederland,Wind,Hour,UTC,Providing,Current,402539,402539,0.059384625405073,0,0
"2025-08-19 05:00:00","2025-08-19 06:00:00",Nederland,Wind,Hour,UTC,Providing,Current,427302,427302,0.063037402927876,0,0
"2025-08-19 06:00:00","2025-08-19 07:00:00",Nederland,Wind,Hour,UTC,Providing,Current,611389,611389,0.090194098651409,0,0
"2025-08-19 07:00:00","2025-08-19 08:00:00",Nederland,Wind,Hour,UTC,Providing,Current,1174740,1174740,0.17330025136471,0,0
"2025-08-19 08:00:00","2025-08-19 09:00:00",Nederland,Wind,Hour,UTC,Providing,Current,1228978,1228978,0.18130074441433,0,0
"2025-08-19 09:00:00","2025-08-19 10:00:00",Nederland,Wind,Hour,UTC,Providing,Current,1107677,1107677,0.16340525448322,0,0
"2025-08-19 10:00:00","2025-08-19 11:00:00",Nederland,Wind,Hour,UTC,Providing,Current,1170050,1170050,0.17260549962521,0,0
"2025-08-19 11:00:00","2025-08-19 12:00:00",Nederland,Wind,Hour,UTC,Providing,Current,1284757,1284757,0.1895260065794,0,0
"2025-08-19 12:00:00","2025-08-19 13:00:00",Nederland,Wind,Hour,UTC,Providing,Current,1602361,1602361,0.23637700080872,0,0
"2025-08-19 13:00:00","2025-08-19 14:00:00",Nederland,Wind,Hour,UTC,Providing,Current,2367752,2367752,0.34928399324417,0,0
"2025-08-19 14:00:00","2025-08-19 15:00:00",Nederland,Wind,Hour,UTC,Providing,Current,3107426,3107426,0.45839574933052,0,0
"2025-08-19 15:00:00","2025-08-19 16:00:00",Nederland,Wind,Hour,UTC,Providing,Current,3530543,3530543,0.52080899477005,0,0
"2025-08-19 16:00:00","2025-08-19 17:00:00",Nederland,Wind,Hour,UTC,Providing,Current,4034237,4034237,0.59510827064514,0,0
"2025-08-19 17:00:00","2025-08-19 18:00:00",Nederland,Wind,Hour,UTC,Providing,Current,4080234,4080234,0.60188972949982,0,0
"2025-08-19 18:00:00","2025-08-19 19:00:00",Nederland,Wind,Hour,UTC,Providing,Current,3261494,3261494,0.48111149668694,0,0
"2025-08-19 19:00:00","2025-08-19 20:00:00",Nederland,Wind,Hour,UTC,Providing,Current,2153296,2153296,0.31763675808907,0,0
"2025-08-19 20:00:00","2025-08-19 21:00:00",Nederland,Wind,Hour,UTC,Providing,Current,1876278,1876278,0.27677148580551,0,0
"2025-08-19 21:00:00","2025-08-19 22:00:00",Nederland,Wind,Hour,UTC,Providing,Current,1833791,1833791,0.27050250768661,0,0
"2025-08-19 22:00:00","2025-08-19 23:00:00",Nederland,Wind,Hour,UTC,Providing,Current,1647313,1647313,0.24299350380898,0,0
"2025-08-19 23:00:00","2025-08-20 00:00:00",Nederland,Wind,Hour,UTC,Providing,Current,1493556,1493556,0.22031174600124,0,0
"2025-08-20 00:00:00","2025-08-20 01:00:00",Nederland,Wind,Hour,UTC,Providing,Current,1339681,1339681,0.19761300086975,0,0
"2025-08-20 01:00:00","2025-08-20 02:00:00",Nederland,Wind,Hour,UTC,Providing,Current,1278904,1278904,0.18864674866199,0,0
"2025-08-20 02:00:00","2025-08-20 03:00:00",Nederland,Wind,Hour,UTC,Providing,Current,994584,994584,0.14670650660992,0,0
"2025-08-20 03:00:00","2025-08-20 04:00:00",Nederland,Wind,Hour,UTC,Providing,Current,782475,782475,0.11541900038719,0,0
"2025-08-20 04:00:00","2025-08-20 05:00:00",Nederland,Wind,Hour,UTC,Providing,Current,685332,685332,0.10108907520771,0,0
"2025-08-20 05:00:00","2025-08-20 06:00:00",Nederland,Wind,Hour,UTC,Providing,Current,648549,648549,0.095662824809551,0,0
"2025-08-20 06:00:00","2025-08-20 07:00:00",Nederland,Wind,Hour,UTC,Providing,Current,693767,693767,0.10233180224895,0,0
"2025-08-20 07:00:00","2025-08-20 08:00:00",Nederland,Wind,Hour,UTC,Providing,Current,1053599,1053599,0.15540699660778,0,0
"2025-08-20 08:00:00","2025-08-20 09:00:00",Nederland,Wind,Hour,UTC,Providing,Current,1619729,1619729,0.23891024291515,0,0
"2025-08-20 09:00:00","2025-08-20 10:00:00",Nederland,Wind,Hour,UTC,Providing,Current,1694083,1694083,0.24987624585629,0,0
"2025-08-20 10:00:00","2025-08-20 11:00:00",Nederland,Wind,Hour,UTC,Providing,Current,1910471,1910471,0.28179123997688,0,0
"2025-08-20 11:00:00","2025-08-20 12:00:00",Nederland,Wind,Hour,UTC,Providing,Current,2038525,2038525,0.30067723989487,0,0
"2025-08-20 12:00:00","2025-08-20 13:00:00",Nederland,Wind,Hour,UTC,Providing,Current,2199531,2199531,0.3244234919548,0,0
"2025-08-20 13:00:00","2025-08-20 14:00:00",Nederland,Wind,Hour,UTC,Providing,Current,2314013,2314013,0.34130701422691,0,0
"2025-08-20 14:00:00","2025-08-20 15:00:00",Nederland,Wind,Hour,UTC,Providing,Current,2626377,2626377,0.38737699389458,0,0
"2025-08-20 15:00:00","2025-08-20 16:00:00",Nederland,Wind,Hour,UTC,Providing,Current,2932845,2932845,0.43257674574852,0,0
"2025-08-20 16:00:00","2025-08-20 17:00:00",Nederland,Wind,Hour,UTC,Providing,Current,3572412,3572412,0.52690577507019,0,0
"2025-08-20 17:00:00","2025-08-20 18:00:00",Nederland,Wind,Hour,UTC,Providing,Current,3915284,3915284,0.5774735212326,0,0
"2025-08-20 18:00:00","2025-08-20 19:00:00",Nederland,Wind,Hour,UTC,Providing,Current,3019907,3019907,0.44540974497795,0,0
"2025-08-20 19:00:00","2025-08-20 20:00:00",Nederland,Wind,Hour,UTC,Providing,Current,1897125,1897125,0.27980774641037,0,0
"2025-08-20 20:00:00","2025-08-20 21:00:00",Nederland,Wind,Hour,UTC,Providing,Current,1392351,1392351,0.20535725355148,0,0
"2025-08-20 21:00:00","2025-08-20 22:00:00",Nederland,Wind,Hour,UTC,Providing,Current,1395930,1395930,0.20588375627995,0,0
"2025-08-20 22:00:00","2025-08-20 23:00:00",Nederland,Wind,Hour,UTC,Providing,Current,1201496,1201496,0.17720599472523,0,0
"2025-08-20 23:00:00","2025-08-21 00:00:00",Nederland,Wind,Hour,UTC,Providing,Current,1016544,1016544,0.14992700517178,0,0
"2025-08-21 00:00:00","2025-08-21 01:00:00",Nederland,Wind,Hour,UTC,Providing,Current,900575,900575,0.13282200694084,0,0
"2025-08-21 01:00:00","2025-08-21 02:00:00",Nederland,Wind,Hour,UTC,Providing,Current,920650,920650,0.13578200340271,0,0
"2025-08-21 02:00:00","2025-08-21 03:00:00",Nederland,Wind,Hour,UTC,Providing,Current,833619,833619,0.1229455024004,0,0
"2025-08-21 03:00:00","2025-08-21 04:00:00",Nederland,Wind,Hour,UTC,Providing,Current,724844,724844,0.10690235346556,0,0
"2025-08-21 04:00:00","2025-08-21 05:00:00",Nederland,Wind,Hour,UTC,Providing,Current,653469,653469,0.096375122666359,0,0
"2025-08-21 05:00:00","2025-08-21 06:00:00",Nederland,Wind,Hour,UTC,Providing,Current,699932,699932,0.10322719812393,0,0
"2025-08-21 06:00:00","2025-08-21 07:00:00",Nederland,Wind,Hour,UTC,Providing,Current,1042614,1042614,0.15376524627209,0,0
"2025-08-21 07:00:00","2025-08-21 08:00:00",Nederland,Wind,Hour,UTC,Providing,Current,2354144,2354144,0.34718850255013,0,0
"2025-08-21 08:00:00","2025-08-21 09:00:00",Nederland,Wind,Hour,UTC,Providing,Current,3918817,3918817,0.57794225215912,0,0
"2025-08-21 09:00:00","2025-08-21 10:00:00",Nederland,Wind,Hour,UTC,Providing,Current,4310054,4310054,0.63563776016235,0,0
"2025-08-21 10:00:00","2025-08-21 11:00:00",Nederland,Wind,Hour,UTC,Providing,Current,4614656,4614656,0.68055552244186,0,0
"2025-08-21 11:00:00","2025-08-21 12:00:00",Nederland,Wind,Hour,UTC,Providing,Current,4731437,4731437,0.69777399301529,0,0
"2025-08-21 12:00:00","2025-08-21 13:00:00",Nederland,Wind,Hour,UTC,Providing,Current,5101143,5101143,0.75229227542877,0,0
"2025-08-21 13:00:00","2025-08-21 14:00:00",Nederland,Wind,Hour,UTC,Providing,Current,5132789,5132789,0.75695472955704,0,0
"2025-08-21 14:00:00","2025-08-21 15:00:00",Nederland,Wind,Hour,UTC,Providing,Current,5175702,5175702,0.76327848434448,0,0
"2025-08-21 15:00:00","2025-08-21 16:00:00",Nederland,Wind,Hour,UTC,Providing,Current,5255199,5255199,0.77499747276306,0,0
"2025-08-21 16:00:00","2025-08-21 17:00:00",Nederland,Wind,Hour,UTC,Providing,Current,4822630,4822630,0.71120125055313,0,0
"2025-08-21 17:00:00","2025-08-21 18:00:00",Nederland,Wind,Hour,UTC,Providing,Current,3972600,3972600,0.58584225177765,0,0
"2025-08-21 18:00:00","2025-08-21 19:00:00",Nederland,Wind,Hour,UTC,Providing,Current,3098374,3098374,0.45691674947739,0,0
"2025-08-21 19:00:00","2025-08-21 20:00:00",Nederland,Wind,Hour,UTC,Providing,Current,1940123,1940123,0.28610798716545,0,0
"2025-08-21 20:00:00","2025-08-21 21:00:00",Nederland,Wind,Hour,UTC,Providing,Current,1227678,1227678,0.1810432523489,0,0
"2025-08-21 21:00:00","2025-08-21 22:00:00",Nederland,Wind,Hour,UTC,Providing,Current,970820,970820,0.1431642472744,0,0
"2025-08-21 22:00:00","2025-08-21 23:00:00",Nederland,Wind,Hour,UTC,Providing,Current,898526,898526,0.13250249624252,0,0
"2025-08-21 23:00:00","2025-08-22 00:00:00",Nederland,Wind,Hour,UTC,Providing,Current,769796,769796,0.11351849883795,0,0
"2025-08-22 00:00:00","2025-08-22 01:00:00",Nederland,Wind,Hour,UTC,Providing,Current,655398,655398,0.096647776663303,0,0
"2025-08-22 01:00:00","2025-08-22 02:00:00",Nederland,Wind,Hour,UTC,Providing,Current,567217,567217,0.08364387601614,0,0
"2025-08-22 02:00:00","2025-08-22 03:00:00",Nederland,Wind,Hour,UTC,Providing,Current,579997,579997,0.085527949035168,0,0
"2025-08-22 03:00:00","2025-08-22 04:00:00",Nederland,Wind,Hour,UTC,Providing,Current,385229,385229,0.056806575506926,0,0
"2025-08-22 04:00:00","2025-08-22 05:00:00",Nederland,Wind,Hour,UTC,Providing,Current,390053,390053,0.057517573237419,0,0
"2025-08-22 05:00:00","2025-08-22 06:00:00",Nederland,Wind,Hour,UTC,Providing,Current,496340,496340,0.073190324008465,0,0
"2025-08-22 06:00:00","2025-08-22 07:00:00",Nederland,Wind,Hour,UTC,Providing,Current,515160,515160,0.075965024530888,0,0
"2025-08-22 07:00:00","2025-08-22 08:00:00",Nederland,Wind,Hour,UTC,Providing,Current,833351,833351,0.12288449704647,0,0
"2025-08-22 08:00:00","2025-08-22 09:00:00",Nederland,Wind,Hour,UTC,Providing,Current,1088404,1088404,0.16049325466156,0,0
"2025-08-22 09:00:00","2025-08-22 10:00:00",Nederland,Wind,Hour,UTC,Providing,Current,1403636,1403636,0.20697550475597,0,0
"2025-08-22 10:00:00","2025-08-22 11:00:00",Nederland,Wind,Hour,UTC,Providing,Current,1519081,1519081,0.22399674355984,0,0
"2025-08-22 11:00:00","2025-08-22 12:00:00",Nederland,Wind,Hour,UTC,Providing,Current,1711858,1711858,0.25242149829865,0,0
"2025-08-22 12:00:00","2025-08-22 13:00:00",Nederland,Wind,Hour,UTC,Providing,Current,2116916,2116916,0.3121474981308,0,0
"2025-08-22 13:00:00","2025-08-22 14:00:00",Nederland,Wind,Hour,UTC,Providing,Current,2355178,2355178,0.34727799892426,0,0
"2025-08-22 14:00:00","2025-08-22 15:00:00",Nederland,Wind,Hour,UTC,Providing,Current,2509292,2509292,0.37000000476837,0,0
"2025-08-22 15:00:00","2025-08-22 16:00:00",Nederland,Wind,Hour,UTC,Providing,Current,2451529,2451529,0.36148074269295,0,0
"2025-08-22 16:00:00","2025-08-22 17:00:00",Nederland,Wind,Hour,UTC,Providing,Current,1782555,1782555,0.26283824443817,0,0
"2025-08-22 17:00:00","2025-08-22 18:00:00",Nederland,Wind,Hour,UTC,Providing,Current,1288867,1288867,0.19004274904728,0,0
"2025-08-22 18:00:00","2025-08-22 19:00:00",Nederland,Wind,Hour,UTC,Providing,Current,743643,743643,0.10964909940958,0,0
"2025-08-22 19:00:00","2025-08-22 20:00:00",Nederland,Wind,Hour,UTC,Providing,Current,195985,195985,0.028897549957037,0,0
"2025-08-22 20:00:00","2025-08-22 21:00:00",Nederland,Wind,Hour,UTC,Providing,Current,323658,323658,0.047722298651934,0,0
"2025-08-22 21:00:00","2025-08-22 22:00:00",Nederland,Wind,Hour,UTC,Providing,Current,350853,350853,0.051731824874878,0,0
"2025-08-22 22:00:00","2025-08-22 23:00:00",Nederland,Wind,Hour,UTC,Providing,Current,309044,309044,0.045566976070404,0,0
"2025-08-22 23:00:00","2025-08-23 00:00:00",Nederland,Wind,Hour,UTC,Providing,Current,387136,387136,0.057080876082182,0,0
"2025-08-23 00:00:00","2025-08-23 01:00:00",Nederland,Wind,Hour,UTC,Providing,Current,535787,535787,0.078998096287251,0,0
"2025-08-23 01:00:00","2025-08-23 02:00:00",Nederland,Wind,Hour,UTC,Providing,Current,633234,633234,0.093365453183651,0,0
"2025-08-23 02:00:00","2025-08-23 03:00:00",Nederland,Wind,Hour,UTC,Providing,Current,682459,682459,0.1006225720048,0,0
"2025-08-23 03:00:00","2025-08-23 04:00:00",Nederland,Wind,Hour,UTC,Providing,Current,572025,572025,0.084339648485184,0,0
"2025-08-23 04:00:00","2025-08-23 05:00:00",Nederland,Wind,Hour,UTC,Providing,Current,592814,592814,0.087404251098633,0,0
"2025-08-23 05:00:00","2025-08-23 06:00:00",Nederland,Wind,Hour,UTC,Providing,Current,589899,589899,0.086973927915096,0,0
"2025-08-23 06:00:00","2025-08-23 07:00:00",Nederland,Wind,Hour,UTC,Providing,Current,674373,674373,0.099428124725819,0,0
"2025-08-23 07:00:00","2025-08-23 08:00:00",Nederland,Wind,Hour,UTC,Providing,Current,907687,907687,0.13382649421692,0,0
"2025-08-23 08:00:00","2025-08-23 09:00:00",Nederland,Wind,Hour,UTC,Providing,Current,1631191,1631191,0.24049624800682,0,0
"2025-08-23 09:00:00","2025-08-23 10:00:00",Nederland,Wind,Hour,UTC,Providing,Current,1906188,1906188,0.2810389995575,0,0
"2025-08-23 10:00:00","2025-08-23 11:00:00",Nederland,Wind,Hour,UTC,Providing,Current,2327774,2327774,0.34319350123405,0,0
"2025-08-23 11:00:00","2025-08-23 12:00:00",Nederland,Wind,Hour,UTC,Providing,Current,2751399,2751399,0.40564799308777,0,0
"2025-08-23 12:00:00","2025-08-23 13:00:00",Nederland,Wind,Hour,UTC,Providing,Current,2547067,2547067,0.3755204975605,0,0
"2025-08-23 13:00:00","2025-08-23 14:00:00",Nederland,Wind,Hour,UTC,Providing,Current,2567847,2567847,0.37858149409294,0,0
"2025-08-23 14:00:00","2025-08-23 15:00:00",Nederland,Wind,Hour,UTC,Providing,Current,2734746,2734746,0.40318548679352,0,0
"2025-08-23 15:00:00","2025-08-23 16:00:00",Nederland,Wind,Hour,UTC,Providing,Current,2255881,2255881,0.33258426189423,0,0
"2025-08-23 16:00:00","2025-08-23 17:00:00",Nederland,Wind,Hour,UTC,Providing,Current,2131913,2131913,0.31430575251579,0,0
"2025-08-23 17:00:00","2025-08-23 18:00:00",Nederland,Wind,Hour,UTC,Providing,Current,1850637,1850637,0.27283549308777,0,0
"2025-08-23 18:00:00","2025-08-23 19:00:00",Nederland,Wind,Hour,UTC,Providing,Current,922243,922243,0.13596375286579,0,0
"2025-08-23 19:00:00","2025-08-23 20:00:00",Nederland,Wind,Hour,UTC,Providing,Current,249794,249794,0.036826226860285,0,0
"2025-08-23 20:00:00","2025-08-23 21:00:00",Nederland,Wind,Hour,UTC,Providing,Current,60649,60649,0.0089412098750472,0,0
"2025-08-23 21:00:00","2025-08-23 22:00:00",Nederland,Wind,Hour,UTC,Providing,Current,18041,18041,0.0026596849784255,0,0
"2025-08-23 22:00:00","2025-08-23 23:00:00",Nederland,Wind,Hour,UTC,Providing,Current,0,0,0,0,0
"2025-08-23 23:00:00","2025-08-24 00:00:00",Nederland,Wind,Hour,UTC,Providing,Current,0,0,0,0,0
"2025-08-24 00:00:00","2025-08-24 01:00:00",Nederland,Wind,Hour,UTC,Providing,Current,0,0,0,0,0
"2025-08-24 01:00:00","2025-08-24 02:00:00",Nederland,Wind,Hour,UTC,Providing,Current,3374,3374,0.00049739750102162,0,0
"2025-08-24 02:00:00","2025-08-24 03:00:00",Nederland,Wind,Hour,UTC,Providing,Current,39241,39241,0.0057849027216434,0,0
"2025-08-24 03:00:00","2025-08-24 04:00:00",Nederland,Wind,Hour,UTC,Providing,Current,22650,22650,0.0033390475437045,0,0
"2025-08-24 04:00:00","2025-08-24 05:00:00",Nederland,Wind,Hour,UTC,Providing,Current,12022,12022,0.0017722649499774,0,0
"2025-08-24 05:00:00","2025-08-24 06:00:00",Nederland,Wind,Hour,UTC,Providing,Current,7300,7300,0.0010761430021375,0,0
"2025-08-24 06:00:00","2025-08-24 07:00:00",Nederland,Wind,Hour,UTC,Providing,Current,48718,48718,0.0071818176656961,0,0
"2025-08-24 07:00:00","2025-08-24 08:00:00",Nederland,Wind,Hour,UTC,Providing,Current,158029,158029,0.023295925930142,0,0
"2025-08-24 08:00:00","2025-08-24 09:00:00",Nederland,Wind,Hour,UTC,Providing,Current,256170,256170,0.037763174623251,0,0
"2025-08-24 09:00:00","2025-08-24 10:00:00",Nederland,Wind,Hour,UTC,Providing,Current,390382,390382,0.057547625154257,0,0
"2025-08-24 10:00:00","2025-08-24 11:00:00",Nederland,Wind,Hour,UTC,Providing,Current,455603,455603,0.067161723971367,0,0
"2025-08-24 11:00:00","2025-08-24 12:00:00",Nederland,Wind,Hour,UTC,Providing,Current,565365,565365,0.083341546356678,0,0
"2025-08-24 12:00:00","2025-08-24 13:00:00",Nederland,Wind,Hour,UTC,Providing,Current,550538,550538,0.081155374646187,0,0
"2025-08-24 13:00:00","2025-08-24 14:00:00",Nederland,Wind,Hour,UTC,Providing,Current,575710,575710,0.084865503013134,0,0
"2025-08-24 14:00:00","2025-08-24 15:00:00",Nederland,Wind,Hour,UTC,Providing,Current,895002,895002,0.13193175196648,0,0
"2025-08-24 15:00:00","2025-08-24 16:00:00",Nederland,Wind,Hour,UTC,Providing,Current,1038013,1038013,0.15301175415516,0,0
"2025-08-24 16:00:00","2025-08-24 17:00:00",Nederland,Wind,Hour,UTC,Providing,Current,996524,996524,0.1468952447176,0,0
"2025-08-24 17:00:00","2025-08-24 18:00:00",Nederland,Wind,Hour,UTC,Providing,Current,805887,805887,0.11879300326109,0,0
"2025-08-24 18:00:00","2025-08-24 19:00:00",Nederland,Wind,Hour,UTC,Providing,Current,376186,376186,0.05545200034976,0,0
"2025-08-24 19:00:00","2025-08-24 20:00:00",Nederland,Wind,Hour,UTC,Providing,Current,73083,73083,0.010772814974189,0,0
"2025-08-24 20:00:00","2025-08-24 21:00:00",Nederland,Wind,Hour,UTC,Providing,Current,10118,10118,0.0014914349885657,0,0
"2025-08-24 21:00:00","2025-08-24 22:00:00",Nederland,Wind,Hour,UTC,Providing,Current,0,0,0,0,0
"2025-08-24 22:00:00","2025-08-24 23:00:00",Nederland,Wind,Hour,UTC,Providing,Current,0,0,0,0,0
"2025-08-24 23:00:00","2025-08-25 00:00:00",Nederland,Wind,Hour,UTC,Providing,Current,0,0,0,0,0
"2025-08-25 00:00:00","2025-08-25 01:00:00",Nederland,Wind,Hour,UTC,Providing,Current,0,0,0,0,0
"2025-08-25 01:00:00","2025-08-25 02:00:00",Nederland,Wind,Hour,UTC,Providing,Current,0,0,0,0,0
"2025-08-25 02:00:00","2025-08-25 03:00:00",Nederland,Wind,Hour,UTC,Providing,Current,10626,10626,0.0015662549994886,0,0
"2025-08-25 03:00:00","2025-08-25 04:00:00",Nederland,Wind,Hour,UTC,Providing,Current,27265,27265,0.004018799867481,0,0
"2025-08-25 04:00:00","2025-08-25 05:00:00",Nederland,Wind,Hour,UTC,Providing,Current,10119,10119,0.0014915087958798,0,0
"2025-08-25 05:00:00","2025-08-25 06:00:00",Nederland,Wind,Hour,UTC,Providing,Current,46887,46887,0.0069109573960304,0,0
"2025-08-25 06:00:00","2025-08-25 07:00:00",Nederland,Wind,Hour,UTC,Providing,Current,149930,149930,0.022098924964666,0,0
"2025-08-25 07:00:00","2025-08-25 08:00:00",Nederland,Wind,Hour,UTC,Providing,Current,320173,320173,0.047191601246595,0,0
"2025-08-25 08:00:00","2025-08-25 09:00:00",Nederland,Wind,Hour,UTC,Providing,Current,655761,655761,0.09665460139513,0,0
"2025-08-25 09:00:00","2025-08-25 10:00:00",Nederland,Wind,Hour,UTC,Providing,Current,728141,728141,0.107322499156,0,0
"2025-08-25 10:00:00","2025-08-25 11:00:00",Nederland,Wind,Hour,UTC,Providing,Current,589609,589609,0.086903348565102,0,0
"2025-08-25 11:00:00","2025-08-25 12:00:00",Nederland,Wind,Hour,UTC,Providing,Current,489403,489403,0.072133377194405,0,0
"2025-08-25 12:00:00","2025-08-25 13:00:00",Nederland,Wind,Hour,UTC,Providing,Current,472236,472236,0.069602698087692,0,0
"2025-08-25 13:00:00","2025-08-25 14:00:00",Nederland,Wind,Hour,UTC,Providing,Current,440650,440650,0.064946874976158,0,0
"2025-08-25 14:00:00","2025-08-25 15:00:00",Nederland,Wind,Hour,UTC,Providing,Current,343477,343477,0.050624348223209,0,0
"2025-08-25 15:00:00","2025-08-25 16:00:00",Nederland,Wind,Hour,UTC,Providing,Current,282703,282703,0.041666749864817,0,0
"2025-08-25 16:00:00","2025-08-25 17:00:00",Nederland,Wind,Hour,UTC,Providing,Current,233790,233790,0.034457426518202,0,0
"2025-08-25 17:00:00","2025-08-25 18:00:00",Nederland,Wind,Hour,UTC,Providing,Current,124451,124451,0.01834224909544,0,0
"2025-08-25 18:00:00","2025-08-25 19:00:00",Nederland,Wind,Hour,UTC,Providing,Current,93466,93466,0.013775425031781,0,0
"2025-08-25 19:00:00","2025-08-25 20:00:00",Nederland,Wind,Hour,UTC,Providing,Current,82503,82503,0.012159574776888,0,0
"2025-08-25 20:00:00","2025-08-25 21:00:00",Nederland,Wind,Hour,UTC,Providing,Current,53933,53933,0.0079487878829241,0,0
"2025-08-25 21:00:00","2025-08-25 22:00:00",Nederland,Wind,Hour,UTC,Providing,Current,63003,63003,0.009285475127399,0,0
"2025-08-25 22:00:00","2025-08-25 23:00:00",Nederland,Wind,Hour,UTC,Providing,Current,152468,152468,0.022470850497484,0,0
"2025-08-25 23:00:00","2025-08-26 00:00:00",Nederland,Wind,Hour,UTC,Providing,Current,281704,281704,0.041517499834299,0,0
"2025-08-26 00:00:00","2025-08-26 01:00:00",Nederland,Wind,Hour,UTC,Providing,Current,410355,410355,0.060477700084448,0,0
"2025-08-26 01:00:00","2025-08-26 02:00:00",Nederland,Wind,Hour,UTC,Providing,Current,559122,559122,0.082402348518372,0,0
"2025-08-26 02:00:00","2025-08-26 03:00:00",Nederland,Wind,Hour,UTC,Providing,Current,618686,618686,0.091180227696896,0,0
"2025-08-26 03:00:00","2025-08-26 04:00:00",Nederland,Wind,Hour,UTC,Providing,Current,594140,594140,0.087562203407288,0,0
"2025-08-26 04:00:00","2025-08-26 05:00:00",Nederland,Wind,Hour,UTC,Providing,Current,567273,567273,0.083602122962475,0,0
"2025-08-26 05:00:00","2025-08-26 06:00:00",Nederland,Wind,Hour,UTC,Providing,Current,406274,406274,0.059874448925257,0,0
"2025-08-26 06:00:00","2025-08-26 07:00:00",Nederland,Wind,Hour,UTC,Providing,Current,545922,545922,0.080454371869564,0,0
"2025-08-26 07:00:00","2025-08-26 08:00:00",Nederland,Wind,Hour,UTC,Providing,Current,916673,916673,0.13509249687195,0,0
"2025-08-26 08:00:00","2025-08-26 09:00:00",Nederland,Wind,Hour,UTC,Providing,Current,1246310,1246310,0.18367074429989,0,0
"2025-08-26 09:00:00","2025-08-26 10:00:00",Nederland,Wind,Hour,UTC,Providing,Current,1771913,1771913,0.26112848520279,0,0
"2025-08-26 10:00:00","2025-08-26 11:00:00",Nederland,Wind,Hour,UTC,Providing,Current,2097813,2097813,0.30915498733521,0,0
"2025-08-26 11:00:00","2025-08-26 12:00:00",Nederland,Wind,Hour,UTC,Providing,Current,2240795,2240795,0.33022424578667,0,0
"2025-08-26 12:00:00","2025-08-26 13:00:00",Nederland,Wind,Hour,UTC,Providing,Current,2170987,2170987,0.31993475556374,0,0
"2025-08-26 13:00:00","2025-08-26 14:00:00",Nederland,Wind,Hour,UTC,Providing,Current,2244901,2244901,0.33082500100136,0,0
"2025-08-26 14:00:00","2025-08-26 15:00:00",Nederland,Wind,Hour,UTC,Providing,Current,2283763,2283763,0.33655023574829,0,0
"2025-08-26 15:00:00","2025-08-26 16:00:00",Nederland,Wind,Hour,UTC,Providing,Current,2314263,2314263,0.34104299545288,0,0
"2025-08-26 16:00:00","2025-08-26 17:00:00",Nederland,Wind,Hour,UTC,Providing,Current,2289737,2289737,0.33742651343346,0,0
"2025-08-26 17:00:00","2025-08-26 18:00:00",Nederland,Wind,Hour,UTC,Providing,Current,1863953,1863953,0.27467951178551,0,0
"2025-08-26 18:00:00","2025-08-26 19:00:00",Nederland,Wind,Hour,UTC,Providing,Current,1582581,1582581,0.23321375250816,0,0
"2025-08-26 19:00:00","2025-08-26 20:00:00",Nederland,Wind,Hour,UTC,Providing,Current,1340180,1340180,0.19749149680138,0,0
"2025-08-26 20:00:00","2025-08-26 21:00:00",Nederland,Wind,Hour,UTC,Providing,Current,1163218,1163218,0.17141300439835,0,0
"2025-08-26 21:00:00","2025-08-26 22:00:00",Nederland,Wind,Hour,UTC,Providing,Current,1101911,1101911,0.16237799823284,0,0
"2025-08-26 22:00:00","2025-08-26 23:00:00",Nederland,Wind,Hour,UTC,Providing,Current,990294,990294,0.14592924714088,0,0
"2025-08-26 23:00:00","2025-08-27 00:00:00",Nederland,Wind,Hour,UTC,Providing,Current,868334,868334,0.12795649468899,0,0
"2025-08-27 00:00:00","2025-08-27 01:00:00",Nederland,Wind,Hour,UTC,Providing,Current,648858,648858,0.095614247024059,0,0
"2025-08-27 01:00:00","2025-08-27 02:00:00",Nederland,Wind,Hour,UTC,Providing,Current,641051,641051,0.09446319937706,0,0
"2025-08-27 02:00:00","2025-08-27 03:00:00",Nederland,Wind,Hour,UTC,Providing,Current,780450,780450,0.1150037497282,0,0
"2025-08-27 03:00:00","2025-08-27 04:00:00",Nederland,Wind,Hour,UTC,Providing,Current,900618,900618,0.13271050155163,0,0
"2025-08-27 04:00:00","2025-08-27 05:00:00",Nederland,Wind,Hour,UTC,Providing,Current,1122618,1122618,0.16542249917984,0,0
"2025-08-27 05:00:00","2025-08-27 06:00:00",Nederland,Wind,Hour,UTC,Providing,Current,1170757,1170757,0.17251500487328,0,0
"2025-08-27 06:00:00","2025-08-27 07:00:00",Nederland,Wind,Hour,UTC,Providing,Current,1387915,1387915,0.2045125067234,0,0
"2025-08-27 07:00:00","2025-08-27 08:00:00",Nederland,Wind,Hour,UTC,Providing,Current,1964868,1964868,0.28952598571777,0,0
"2025-08-27 08:00:00","2025-08-27 09:00:00",Nederland,Wind,Hour,UTC,Providing,Current,2806670,2806670,0.4135645031929,0,0
