"validfrom (UTC)","validto (UTC)",point,type,granularity,timezone,activity,classification,"capacity (kW)","volume (kWh)",percentage,"emission (kg CO2)","emissionfactor (kg CO2/kWh)"
"2024-12-31 23:00:00","2025-01-01 00:00:00",Nederland,WindOffshoreC,Hour,UTC,Providing,Current,3453249,3453249,0.83050727844238,0,0
"2025-01-01 00:00:00","2025-01-01 01:00:00",Nederland,WindOffshoreC,Hour,UTC,Providing,Current,3110750,3110750,0.74813598394394,0,0
"2025-01-01 01:00:00","2025-01-01 02:00:00",Nederland,WindOffshoreC,Hour,UTC,Providing,Current,3376750,3376750,0.81210947036743,0,0
"2025-01-01 02:00:00","2025-01-01 03:00:00",Nederland,WindOffshoreC,Hour,UTC,Providing,Current,3414750,3414750,0.82124823331833,0,0
"2025-01-01 03:00:00","2025-01-01 04:00:00",Nederland,WindOffshoreC,Hour,UTC,Providing,Current,3155250,3155250,0.75883823633194,0,0
"2025-01-01 04:00:00","2025-01-01 05:00:00",Nederland,WindOffshoreC,Hour,UTC,Providing,Current,2714499,2714499,0.65283799171448,0,0
"2025-01-01 05:00:00","2025-01-01 06:00:00",Nederland,WindOffshoreC,Hour,UTC,Providing,Current,2826000,2826000,0.67965376377106,0,0
"2025-01-01 06:00:00","2025-01-01 07:00:00",Nederland,WindOffshoreC,Hour,UTC,Providing,Current,2691500,2691500,0.64730650186539,0,0
"2025-01-01 07:00:00","2025-01-01 08:00:00",Nederland,WindOffshoreC,Hour,UTC,Providing,Current,2566501,2566501,0.61724424362183,0,0
"2025-01-01 08:00:00","2025-01-01 09:00:00",Nederland,WindOffshoreC,Hour,UTC,Providing,Current,2249750,2249750,0.54106551408768,0,0
"2025-01-01 09:00:00","2025-01-01 10:00:00",Nederland,WindOffshoreC,Hour,UTC,Providing,Current,2035250,2035250,0.4894779920578,0,0
"2025-01-01 10:00:00","2025-01-01 11:00:00",Nederland,WindOffshoreC,Hour,UTC,Providing,Current,1573501,1573501,0.37842723727226,0,0
"2025-01-01 11:00:00","2025-01-01 12:00:00",Nederland,WindOffshoreC,Hour,UTC,Providing,Current,1518000,1518000,0.36507925391197,0,0
"2025-01-01 12:00:00","2025-01-01 13:00:00",Nederland,WindOffshoreC,Hour,UTC,Providing,Current,1817250,1817250,0.43704923987389,0,0
"2025-01-01 13:00:00","2025-01-01 14:00:00",Nederland,WindOffshoreC,Hour,UTC,Providing,Current,1998750,1998750,0.48069974780083,0,0
"2025-01-01 14:00:00","2025-01-01 15:00:00",Nederland,WindOffshoreC,Hour,UTC,Providing,Current,2567250,2567250,0.61742424964905,0,0
"2025-01-01 15:00:00","2025-01-01 16:00:00",Nederland,WindOffshoreC,Hour,UTC,Providing,Current,3314000,3314000,0.79701775312424,0,0
"2025-01-01 16:00:00","2025-01-01 17:00:00",Nederland,WindOffshoreC,Hour,UTC,Providing,Current,3651249,3651249,0.87812602519989,0,0
"2025-01-01 17:00:00","2025-01-01 18:00:00",Nederland,WindOffshoreC,Hour,UTC,Providing,Current,3621251,3621251,0.87091147899628,0,0
"2025-01-01 18:00:00","2025-01-01 19:00:00",Nederland,WindOffshoreC,Hour,UTC,Providing,Current,3423001,3423001,0.8232324719429,0,0
"2025-01-01 19:00:00","2025-01-01 20:00:00",Nederland,WindOffshoreC,Hour,UTC,Providing,Current,3645000,3645000,0.87662351131439,0,0
"2025-01-01 20:00:00","2025-01-01 21:00:00",Nederland,WindOffshoreC,Hour,UTC,Providing,Current,3433001,3433001,0.82563751935959,0,0
"2025-01-01 21:00:00","2025-01-01 22:00:00",Nederland,WindOffshoreC,Hour,UTC,Providing,Current,3283750,3283750,0.78974276781082,0,0
"2025-01-01 22:00:00","2025-01-01 23:00:00",Nederland,WindOffshoreC,Hour,UTC,Providing,Current,3208000,3208000,0.77152502536774,0,0
"2025-01-01 23:00:00","2025-01-02 00:00:00",Nederland,WindOffshoreC,Hour,UTC,Providing,Current,2405000,2405000,0.57840323448181,0,0
"2025-01-02 00:00:00","2025-01-02 01:00:00",Nederland,WindOffshoreC,Hour,UTC,Providing,Current,1860750,1860750,0.44751098752022,0,0
"2025-01-02 01:00:00","2025-01-02 02:00:00",Nederland,WindOffshoreC,Hour,UTC,Providing,Current,1584750,1584750,0.38113275170326,0,0
"2025-01-02 02:00:00","2025-01-02 03:00:00",Nederland,WindOffshoreC,Hour,UTC,Providing,Current,1469249,1469249,0.35335499048233,0,0
"2025-01-02 03:00:00","2025-01-02 04:00:00",Nederland,WindOffshoreC,Hour,UTC,Providing,Current,1377000,1377000,0.33116900920868,0,0
"2025-01-02 04:00:00","2025-01-02 05:00:00",Nederland,WindOffshoreC,Hour,UTC,Providing,Current,1430751,1430751,0.34409600496292,0,0
"2025-01-02 05:00:00","2025-01-02 06:00:00",Nederland,WindOffshoreC,Hour,UTC,Providing,Current,1360500,1360500,0.32720074057579,0,0
"2025-01-02 06:00:00","2025-01-02 07:00:00",Nederland,WindOffshoreC,Hour,UTC,Providing,Current,1153749,1153749,0.27747675776482,0,0
"2025-01-02 07:00:00","2025-01-02 08:00:00",Nederland,WindOffshoreC,Hour,UTC,Providing,Current,1305001,1305001,0.31385299563408,0,0
"2025-01-02 08:00:00","2025-01-02 09:00:00",Nederland,WindOffshoreC,Hour,UTC,Providing,Current,1113749,1113749,0.267856746912,0,0
"2025-01-02 09:00:00","2025-01-02 10:00:00",Nederland,WindOffshoreC,Hour,UTC,Providing,Current,925000,925000,0.22246274352074,0,0
"2025-01-02 10:00:00","2025-01-02 11:00:00",Nederland,WindOffshoreC,Hour,UTC,Providing,Current,1451499,1451499,0.34908574819565,0,0
"2025-01-02 11:00:00","2025-01-02 12:00:00",Nederland,WindOffshoreC,Hour,UTC,Providing,Current,1697502,1697502,0.40824949741364,0,0
"2025-01-02 12:00:00","2025-01-02 13:00:00",Nederland,WindOffshoreC,Hour,UTC,Providing,Current,2377998,2377998,0.57190948724747,0,0
"2025-01-02 13:00:00","2025-01-02 14:00:00",Nederland,WindOffshoreC,Hour,UTC,Providing,Current,2788500,2788500,0.67063474655151,0,0
"2025-01-02 14:00:00","2025-01-02 15:00:00",Nederland,WindOffshoreC,Hour,UTC,Providing,Current,2867001,2867001,0.68951451778412,0,0
"2025-01-02 15:00:00","2025-01-02 16:00:00",Nederland,WindOffshoreC,Hour,UTC,Providing,Current,2964750,2964750,0.71302300691605,0,0
"2025-01-02 16:00:00","2025-01-02 17:00:00",Nederland,WindOffshoreC,Hour,UTC,Providing,Current,3126500,3126500,0.7519239783287,0,0
"2025-01-02 17:00:00","2025-01-02 18:00:00",Nederland,WindOffshoreC,Hour,UTC,Providing,Current,3434500,3434500,0.82599800825119,0,0
"2025-01-02 18:00:00","2025-01-02 19:00:00",Nederland,WindOffshoreC,Hour,UTC,Providing,Current,3284001,3284001,0.78980302810669,0,0
"2025-01-02 19:00:00","2025-01-02 20:00:00",Nederland,WindOffshoreC,Hour,UTC,Providing,Current,3289000,3289000,0.79100549221039,0,0
"2025-01-02 20:00:00","2025-01-02 21:00:00",Nederland,WindOffshoreC,Hour,UTC,Providing,Current,3244750,3244750,0.7803630232811,0,0
"2025-01-02 21:00:00","2025-01-02 22:00:00",Nederland,WindOffshoreC,Hour,UTC,Providing,Current,3004500,3004500,0.72258299589157,0,0
"2025-01-02 22:00:00","2025-01-02 23:00:00",Nederland,WindOffshoreC,Hour,UTC,Providing,Current,2411750,2411750,0.58002650737762,0,0
"2025-01-02 23:00:00","2025-01-03 00:00:00",Nederland,WindOffshoreC,Hour,UTC,Providing,Current,2539500,2539500,0.6107502579689,0,0
"2025-01-03 00:00:00","2025-01-03 01:00:00",Nederland,WindOffshoreC,Hour,UTC,Providing,Current,2805499,2805499,0.67472326755524,0,0
"2025-01-03 01:00:00","2025-01-03 02:00:00",Nederland,WindOffshoreC,Hour,UTC,Providing,Current,2857749,2857749,0.6872889995575,0,0
"2025-01-03 02:00:00","2025-01-03 03:00:00",Nederland,WindOffshoreC,Hour,UTC,Providing,Current,3126250,3126250,0.75186377763748,0,0
"2025-01-03 03:00:00","2025-01-03 04:00:00",Nederland,WindOffshoreC,Hour,UTC,Providing,Current,3400750,3400750,0.81788122653961,0,0
"2025-01-03 04:00:00","2025-01-03 05:00:00",Nederland,WindOffshoreC,Hour,UTC,Providing,Current,3597249,3597249,0.86513924598694,0,0
"2025-01-03 05:00:00","2025-01-03 06:00:00",Nederland,WindOffshoreC,Hour,UTC,Providing,Current,3657000,3657000,0.87950950860977,0,0
"2025-01-03 06:00:00","2025-01-03 07:00:00",Nederland,WindOffshoreC,Hour,UTC,Providing,Current,3608250,3608250,0.86778497695923,0,0
"2025-01-03 07:00:00","2025-01-03 08:00:00",Nederland,WindOffshoreC,Hour,UTC,Providing,Current,3650250,3650250,0.87788599729538,0,0
"2025-01-03 08:00:00","2025-01-03 09:00:00",Nederland,WindOffshoreC,Hour,UTC,Providing,Current,3537000,3537000,0.85064923763275,0,0
"2025-01-03 09:00:00","2025-01-03 10:00:00",Nederland,WindOffshoreC,Hour,UTC,Providing,Current,3459750,3459750,0.83207076787949,0,0
"2025-01-03 10:00:00","2025-01-03 11:00:00",Nederland,WindOffshoreC,Hour,UTC,Providing,Current,3474250,3474250,0.83555799722672,0,0
"2025-01-03 11:00:00","2025-01-03 12:00:00",Nederland,WindOffshoreC,Hour,UTC,Providing,Current,3640001,3640001,0.87542098760605,0,0
"2025-01-03 12:00:00","2025-01-03 13:00:00",Nederland,WindOffshoreC,Hour,UTC,Providing,Current,3508501,3508501,0.84379547834396,0,0
"2025-01-03 13:00:00","2025-01-03 14:00:00",Nederland,WindOffshoreC,Hour,UTC,Providing,Current,3450250,3450250,0.82978600263596,0,0
"2025-01-03 14:00:00","2025-01-03 15:00:00",Nederland,WindOffshoreC,Hour,UTC,Providing,Current,3198751,3198751,0.76930022239685,0,0
"2025-01-03 15:00:00","2025-01-03 16:00:00",Nederland,WindOffshoreC,Hour,UTC,Providing,Current,3172251,3172251,0.76292723417282,0,0
"2025-01-03 16:00:00","2025-01-03 17:00:00",Nederland,WindOffshoreC,Hour,UTC,Providing,Current,3081250,3081250,0.7410414814949,0,0
"2025-01-03 17:00:00","2025-01-03 18:00:00",Nederland,WindOffshoreC,Hour,UTC,Providing,Current,2850250,2850250,0.68548572063446,0,0
"2025-01-03 18:00:00","2025-01-03 19:00:00",Nederland,WindOffshoreC,Hour,UTC,Providing,Current,2428750,2428750,0.58411473035812,0,0
"2025-01-03 19:00:00","2025-01-03 20:00:00",Nederland,WindOffshoreC,Hour,UTC,Providing,Current,2179749,2179749,0.52423000335693,0,0
"2025-01-03 20:00:00","2025-01-03 21:00:00",Nederland,WindOffshoreC,Hour,UTC,Providing,Current,1614000,1614000,0.38816726207733,0,0
"2025-01-03 21:00:00","2025-01-03 22:00:00",Nederland,WindOffshoreC,Hour,UTC,Providing,Current,1395250,1395250,0.33555799722672,0,0
"2025-01-03 22:00:00","2025-01-03 23:00:00",Nederland,WindOffshoreC,Hour,UTC,Providing,Current,1189000,1189000,0.28595474362373,0,0
"2025-01-03 23:00:00","2025-01-04 00:00:00",Nederland,WindOffshoreC,Hour,UTC,Providing,Current,887750,887750,0.21350400149822,0,0
"2025-01-04 00:00:00","2025-01-04 01:00:00",Nederland,WindOffshoreC,Hour,UTC,Providing,Current,1015000,1015000,0.24410749971867,0,0
"2025-01-04 01:00:00","2025-01-04 02:00:00",Nederland,WindOffshoreC,Hour,UTC,Providing,Current,655250,655250,0.15758775174618,0,0
"2025-01-04 02:00:00","2025-01-04 03:00:00",Nederland,WindOffshoreC,Hour,UTC,Providing,Current,371500,371500,0.089345827698708,0,0
"2025-01-04 03:00:00","2025-01-04 04:00:00",Nederland,WindOffshoreC,Hour,UTC,Providing,Current,413500,413500,0.099447026848793,0,0
"2025-01-04 04:00:00","2025-01-04 05:00:00",Nederland,WindOffshoreC,Hour,UTC,Providing,Current,491250,491250,0.11814600229263,0,0
"2025-01-04 05:00:00","2025-01-04 06:00:00",Nederland,WindOffshoreC,Hour,UTC,Providing,Current,519999,519999,0.12505975365639,0,0
"2025-01-04 06:00:00","2025-01-04 07:00:00",Nederland,WindOffshoreC,Hour,UTC,Providing,Current,733750,733750,0.17646725475788,0,0
"2025-01-04 07:00:00","2025-01-04 08:00:00",Nederland,WindOffshoreC,Hour,UTC,Providing,Current,1103501,1103501,0.26539200544357,0,0
"2025-01-04 08:00:00","2025-01-04 09:00:00",Nederland,WindOffshoreC,Hour,UTC,Providing,Current,1285249,1285249,0.30910274386406,0,0
"2025-01-04 09:00:00","2025-01-04 10:00:00",Nederland,WindOffshoreC,Hour,UTC,Providing,Current,1586250,1586250,0.38149374723434,0,0
"2025-01-04 10:00:00","2025-01-04 11:00:00",Nederland,WindOffshoreC,Hour,UTC,Providing,Current,1516999,1516999,0.3648387491703,0,0
"2025-01-04 11:00:00","2025-01-04 12:00:00",Nederland,WindOffshoreC,Hour,UTC,Providing,Current,1645500,1645500,0.39574325084686,0,0
"2025-01-04 12:00:00","2025-01-04 13:00:00",Nederland,WindOffshoreC,Hour,UTC,Providing,Current,1550750,1550750,0.37295573949814,0,0
"2025-01-04 13:00:00","2025-01-04 14:00:00",Nederland,WindOffshoreC,Hour,UTC,Providing,Current,964500,964500,0.23196250200272,0,0
"2025-01-04 14:00:00","2025-01-04 15:00:00",Nederland,WindOffshoreC,Hour,UTC,Providing,Current,815000,815000,0.19600774347782,0,0
"2025-01-04 15:00:00","2025-01-04 16:00:00",Nederland,WindOffshoreC,Hour,UTC,Providing,Current,567251,567251,0.13642424345016,0,0
"2025-01-04 16:00:00","2025-01-04 17:00:00",Nederland,WindOffshoreC,Hour,UTC,Providing,Current,567750,567750,0.13654400408268,0,0
"2025-01-04 17:00:00","2025-01-04 18:00:00",Nederland,WindOffshoreC,Hour,UTC,Providing,Current,688500,688500,0.16558450460434,0,0
"2025-01-04 18:00:00","2025-01-04 19:00:00",Nederland,WindOffshoreC,Hour,UTC,Providing,Current,778750,778750,0.18728974461555,0,0
"2025-01-04 19:00:00","2025-01-04 20:00:00",Nederland,WindOffshoreC,Hour,UTC,Providing,Current,848499,848499,0.20406424999237,0,0
"2025-01-04 20:00:00","2025-01-04 21:00:00",Nederland,WindOffshoreC,Hour,UTC,Providing,Current,954252,954252,0.22949774563313,0,0
"2025-01-04 21:00:00","2025-01-04 22:00:00",Nederland,WindOffshoreC,Hour,UTC,Providing,Current,1429250,1429250,0.34373500943184,0,0
"2025-01-04 22:00:00","2025-01-04 23:00:00",Nederland,WindOffshoreC,Hour,UTC,Providing,Current,1811000,1811000,0.43554574251175,0,0
"2025-01-04 23:00:00","2025-01-05 00:00:00",Nederland,WindOffshoreC,Hour,UTC,Providing,Current,2143001,2143001,0.51539248228073,0,0
"2025-01-05 00:00:00","2025-01-05 01:00:00",Nederland,WindOffshoreC,Hour,UTC,Providing,Current,2131250,2131250,0.51256626844406,0,0
"2025-01-05 01:00:00","2025-01-05 02:00:00",Nederland,WindOffshoreC,Hour,UTC,Providing,Current,2075000,2075000,0.49903801083565,0,0
"2025-01-05 02:00:00","2025-01-05 03:00:00",Nederland,WindOffshoreC,Hour,UTC,Providing,Current,2511500,2511500,0.60401648283005,0,0
"2025-01-05 03:00:00","2025-01-05 04:00:00",Nederland,WindOffshoreC,Hour,UTC,Providing,Current,2775000,2775000,0.66738826036453,0,0
"2025-01-05 04:00:00","2025-01-05 05:00:00",Nederland,WindOffshoreC,Hour,UTC,Providing,Current,2967251,2967251,0.7136247754097,0,0
"2025-01-05 05:00:00","2025-01-05 06:00:00",Nederland,WindOffshoreC,Hour,UTC,Providing,Current,3522750,3522750,0.84722197055817,0,0
"2025-01-05 06:00:00","2025-01-05 07:00:00",Nederland,WindOffshoreC,Hour,UTC,Providing,Current,3618749,3618749,0.87030977010727,0,0
"2025-01-05 07:00:00","2025-01-05 08:00:00",Nederland,WindOffshoreC,Hour,UTC,Providing,Current,3748750,3748750,0.90157526731491,0,0
"2025-01-05 08:00:00","2025-01-05 09:00:00",Nederland,WindOffshoreC,Hour,UTC,Providing,Current,3460250,3460250,0.832190990448,0,0
"2025-01-05 09:00:00","2025-01-05 10:00:00",Nederland,WindOffshoreC,Hour,UTC,Providing,Current,3205750,3205750,0.77098351716995,0,0
"2025-01-05 10:00:00","2025-01-05 11:00:00",Nederland,WindOffshoreC,Hour,UTC,Providing,Current,3778499,3778499,0.90872997045517,0,0
"2025-01-05 11:00:00","2025-01-05 12:00:00",Nederland,WindOffshoreC,Hour,UTC,Providing,Current,3825250,3825250,0.91997349262238,0,0
"2025-01-05 12:00:00","2025-01-05 13:00:00",Nederland,WindOffshoreC,Hour,UTC,Providing,Current,3822249,3822249,0.91925173997879,0,0
"2025-01-05 13:00:00","2025-01-05 14:00:00",Nederland,WindOffshoreC,Hour,UTC,Providing,Current,3910248,3910248,0.94041574001312,0,0
"2025-01-05 14:00:00","2025-01-05 15:00:00",Nederland,WindOffshoreC,Hour,UTC,Providing,Current,3925250,3925250,0.94402372837067,0,0
"2025-01-05 15:00:00","2025-01-05 16:00:00",Nederland,WindOffshoreC,Hour,UTC,Providing,Current,3912000,3912000,0.9408370256424,0,0
"2025-01-05 16:00:00","2025-01-05 17:00:00",Nederland,WindOffshoreC,Hour,UTC,Providing,Current,3905001,3905001,0.93915349245071,0,0
"2025-01-05 17:00:00","2025-01-05 18:00:00",Nederland,WindOffshoreC,Hour,UTC,Providing,Current,3851500,3851500,0.92628675699234,0,0
"2025-01-05 18:00:00","2025-01-05 19:00:00",Nederland,WindOffshoreC,Hour,UTC,Providing,Current,3700000,3700000,0.88985073566437,0,0
"2025-01-05 19:00:00","2025-01-05 20:00:00",Nederland,WindOffshoreC,Hour,UTC,Providing,Current,3537499,3537499,0.85076951980591,0,0
"2025-01-05 20:00:00","2025-01-05 21:00:00",Nederland,WindOffshoreC,Hour,UTC,Providing,Current,3584500,3584500,0.86207300424576,0,0
"2025-01-05 21:00:00","2025-01-05 22:00:00",Nederland,WindOffshoreC,Hour,UTC,Providing,Current,3757501,3757501,0.903679728508,0,0
"2025-01-05 22:00:00","2025-01-05 23:00:00",Nederland,WindOffshoreC,Hour,UTC,Providing,Current,3785499,3785499,0.91041326522827,0,0
"2025-01-05 23:00:00","2025-01-06 00:00:00",Nederland,WindOffshoreC,Hour,UTC,Providing,Current,3731750,3731750,0.89748674631119,0,0
"2025-01-06 00:00:00","2025-01-06 01:00:00",Nederland,WindOffshoreC,Hour,UTC,Providing,Current,3760000,3760000,0.90428102016449,0,0
"2025-01-06 01:00:00","2025-01-06 02:00:00",Nederland,WindOffshoreC,Hour,UTC,Providing,Current,3762250,3762250,0.90482199192047,0,0
"2025-01-06 02:00:00","2025-01-06 03:00:00",Nederland,WindOffshoreC,Hour,UTC,Providing,Current,3738500,3738500,0.89911025762558,0,0
"2025-01-06 03:00:00","2025-01-06 04:00:00",Nederland,WindOffshoreC,Hour,UTC,Providing,Current,3733000,3733000,0.89778727293015,0,0
"2025-01-06 04:00:00","2025-01-06 05:00:00",Nederland,WindOffshoreC,Hour,UTC,Providing,Current,3741750,3741750,0.89989173412323,0,0
"2025-01-06 05:00:00","2025-01-06 06:00:00",Nederland,WindOffshoreC,Hour,UTC,Providing,Current,3776502,3776502,0.90824949741364,0,0
"2025-01-06 06:00:00","2025-01-06 07:00:00",Nederland,WindOffshoreC,Hour,UTC,Providing,Current,3833499,3833499,0.92195725440979,0,0
"2025-01-06 07:00:00","2025-01-06 08:00:00",Nederland,WindOffshoreC,Hour,UTC,Providing,Current,3869499,3869499,0.93061548471451,0,0
"2025-01-06 08:00:00","2025-01-06 09:00:00",Nederland,WindOffshoreC,Hour,UTC,Providing,Current,3854500,3854500,0.92700827121735,0,0
"2025-01-06 09:00:00","2025-01-06 10:00:00",Nederland,WindOffshoreC,Hour,UTC,Providing,Current,3779250,3779250,0.90891075134277,0,0
"2025-01-06 10:00:00","2025-01-06 11:00:00",Nederland,WindOffshoreC,Hour,UTC,Providing,Current,3844750,3844750,0.92466348409653,0,0
"2025-01-06 11:00:00","2025-01-06 12:00:00",Nederland,WindOffshoreC,Hour,UTC,Providing,Current,3767500,3767500,0.90608447790146,0,0
"2025-01-06 12:00:00","2025-01-06 13:00:00",Nederland,WindOffshoreC,Hour,UTC,Providing,Current,3647750,3647750,0.87728500366211,0,0
"2025-01-06 13:00:00","2025-01-06 14:00:00",Nederland,WindOffshoreC,Hour,UTC,Providing,Current,3465750,3465750,0.83351349830627,0,0
"2025-01-06 14:00:00","2025-01-06 15:00:00",Nederland,WindOffshoreC,Hour,UTC,Providing,Current,3590500,3590500,0.86351597309113,0,0
"2025-01-06 15:00:00","2025-01-06 16:00:00",Nederland,WindOffshoreC,Hour,UTC,Providing,Current,3484750,3484750,0.83808326721191,0,0
"2025-01-06 16:00:00","2025-01-06 17:00:00",Nederland,WindOffshoreC,Hour,UTC,Providing,Current,3594500,3594500,0.86447823047638,0,0
"2025-01-06 17:00:00","2025-01-06 18:00:00",Nederland,WindOffshoreC,Hour,UTC,Providing,Current,3576251,3576251,0.86008924245834,0,0
"2025-01-06 18:00:00","2025-01-06 19:00:00",Nederland,WindOffshoreC,Hour,UTC,Providing,Current,3650500,3650500,0.87794625759125,0,0
"2025-01-06 19:00:00","2025-01-06 20:00:00",Nederland,WindOffshoreC,Hour,UTC,Providing,Current,3694501,3694501,0.88852822780609,0,0
"2025-01-06 20:00:00","2025-01-06 21:00:00",Nederland,WindOffshoreC,Hour,UTC,Providing,Current,3530000,3530000,0.84896576404572,0,0
"2025-01-06 21:00:00","2025-01-06 22:00:00",Nederland,WindOffshoreC,Hour,UTC,Providing,Current,3357498,3357498,0.80747902393341,0,0
"2025-01-06 22:00:00","2025-01-06 23:00:00",Nederland,WindOffshoreC,Hour,UTC,Providing,Current,3332500,3332500,0.80146700143814,0,0
"2025-01-06 23:00:00","2025-01-07 00:00:00",Nederland,WindOffshoreC,Hour,UTC,Providing,Current,3240250,3240250,0.77928102016449,0,0
"2025-01-07 00:00:00","2025-01-07 01:00:00",Nederland,WindOffshoreC,Hour,UTC,Providing,Current,3233000,3233000,0.77753722667694,0,0
"2025-01-07 01:00:00","2025-01-07 02:00:00",Nederland,WindOffshoreC,Hour,UTC,Providing,Current,3124751,3124751,0.75150322914124,0,0
"2025-01-07 02:00:00","2025-01-07 03:00:00",Nederland,WindOffshoreC,Hour,UTC,Providing,Current,3021251,3021251,0.72661173343658,0,0
"2025-01-07 03:00:00","2025-01-07 04:00:00",Nederland,WindOffshoreC,Hour,UTC,Providing,Current,2964750,2964750,0.71302300691605,0,0
"2025-01-07 04:00:00","2025-01-07 05:00:00",Nederland,WindOffshoreC,Hour,UTC,Providing,Current,3040250,3040250,0.73118102550507,0,0
"2025-01-07 05:00:00","2025-01-07 06:00:00",Nederland,WindOffshoreC,Hour,UTC,Providing,Current,3189250,3189250,0.76701527833939,0,0
"2025-01-07 06:00:00","2025-01-07 07:00:00",Nederland,WindOffshoreC,Hour,UTC,Providing,Current,3456751,3456751,0.83134925365448,0,0
"2025-01-07 07:00:00","2025-01-07 08:00:00",Nederland,WindOffshoreC,Hour,UTC,Providing,Current,3572750,3572750,0.85924726724625,0,0
"2025-01-07 08:00:00","2025-01-07 09:00:00",Nederland,WindOffshoreC,Hour,UTC,Providing,Current,3468751,3468751,0.83423572778702,0,0
"2025-01-07 09:00:00","2025-01-07 10:00:00",Nederland,WindOffshoreC,Hour,UTC,Providing,Current,3493750,3493750,0.84024775028229,0,0
"2025-01-07 10:00:00","2025-01-07 11:00:00",Nederland,WindOffshoreC,Hour,UTC,Providing,Current,3240000,3240000,0.7792209982872,0,0
"2025-01-07 11:00:00","2025-01-07 12:00:00",Nederland,WindOffshoreC,Hour,UTC,Providing,Current,2896750,2896750,0.69666922092438,0,0
"2025-01-07 12:00:00","2025-01-07 13:00:00",Nederland,WindOffshoreC,Hour,UTC,Providing,Current,2725251,2725251,0.65542352199554,0,0
"2025-01-07 13:00:00","2025-01-07 14:00:00",Nederland,WindOffshoreC,Hour,UTC,Providing,Current,2785250,2785250,0.66985327005386,0,0
"2025-01-07 14:00:00","2025-01-07 15:00:00",Nederland,WindOffshoreC,Hour,UTC,Providing,Current,2878500,2878500,0.6922795176506,0,0
"2025-01-07 15:00:00","2025-01-07 16:00:00",Nederland,WindOffshoreC,Hour,UTC,Providing,Current,3112751,3112751,0.74861747026443,0,0
"2025-01-07 16:00:00","2025-01-07 17:00:00",Nederland,WindOffshoreC,Hour,UTC,Providing,Current,3435252,3435252,0.82617872953415,0,0
"2025-01-07 17:00:00","2025-01-07 18:00:00",Nederland,WindOffshoreC,Hour,UTC,Providing,Current,3522250,3522250,0.84710198640823,0,0
"2025-01-07 18:00:00","2025-01-07 19:00:00",Nederland,WindOffshoreC,Hour,UTC,Providing,Current,3527749,3527749,0.84842449426651,0,0
"2025-01-07 19:00:00","2025-01-07 20:00:00",Nederland,WindOffshoreC,Hour,UTC,Providing,Current,3664000,3664000,0.88119274377823,0,0
"2025-01-07 20:00:00","2025-01-07 21:00:00",Nederland,WindOffshoreC,Hour,UTC,Providing,Current,3783999,3783999,0.91005247831345,0,0
"2025-01-07 21:00:00","2025-01-07 22:00:00",Nederland,WindOffshoreC,Hour,UTC,Providing,Current,3741000,3741000,0.89971101284027,0,0
"2025-01-07 22:00:00","2025-01-07 23:00:00",Nederland,WindOffshoreC,Hour,UTC,Providing,Current,3743250,3743250,0.90025252103806,0,0
"2025-01-07 23:00:00","2025-01-08 00:00:00",Nederland,WindOffshoreC,Hour,UTC,Providing,Current,3805250,3805250,0.91516351699829,0,0
"2025-01-08 00:00:00","2025-01-08 01:00:00",Nederland,WindOffshoreC,Hour,UTC,Providing,Current,3812500,3812500,0.9169072508812,0,0
"2025-01-08 01:00:00","2025-01-08 02:00:00",Nederland,WindOffshoreC,Hour,UTC,Providing,Current,3635749,3635749,0.87439852952957,0,0
"2025-01-08 02:00:00","2025-01-08 03:00:00",Nederland,WindOffshoreC,Hour,UTC,Providing,Current,3579250,3579250,0.86081051826477,0,0
"2025-01-08 03:00:00","2025-01-08 04:00:00",Nederland,WindOffshoreC,Hour,UTC,Providing,Current,3472500,3472500,0.83513700962067,0,0
"2025-01-08 04:00:00","2025-01-08 05:00:00",Nederland,WindOffshoreC,Hour,UTC,Providing,Current,3199251,3199251,0.76942050457001,0,0
"2025-01-08 05:00:00","2025-01-08 06:00:00",Nederland,WindOffshoreC,Hour,UTC,Providing,Current,2763250,2763250,0.6645622253418,0,0
"2025-01-08 06:00:00","2025-01-08 07:00:00",Nederland,WindOffshoreC,Hour,UTC,Providing,Current,2556249,2556249,0.61477851867676,0,0
"2025-01-08 07:00:00","2025-01-08 08:00:00",Nederland,WindOffshoreC,Hour,UTC,Providing,Current,2358750,2358750,0.56727999448776,0,0
"2025-01-08 08:00:00","2025-01-08 09:00:00",Nederland,WindOffshoreC,Hour,UTC,Providing,Current,2085000,2085000,0.50144302845001,0,0
"2025-01-08 09:00:00","2025-01-08 10:00:00",Nederland,WindOffshoreC,Hour,UTC,Providing,Current,1771752,1771752,0.42610675096512,0,0
"2025-01-08 10:00:00","2025-01-08 11:00:00",Nederland,WindOffshoreC,Hour,UTC,Providing,Current,1395250,1395250,0.33555799722672,0,0
"2025-01-08 11:00:00","2025-01-08 12:00:00",Nederland,WindOffshoreC,Hour,UTC,Providing,Current,1118750,1118750,0.26905950903893,0,0
"2025-01-08 12:00:00","2025-01-08 13:00:00",Nederland,WindOffshoreC,Hour,UTC,Providing,Current,925249,925249,0.22252249717712,0,0
"2025-01-08 13:00:00","2025-01-08 14:00:00",Nederland,WindOffshoreC,Hour,UTC,Providing,Current,708251,708251,0.17033450305462,0,0
"2025-01-08 14:00:00","2025-01-08 15:00:00",Nederland,WindOffshoreC,Hour,UTC,Providing,Current,450751,450751,0.10840574651957,0,0
"2025-01-08 15:00:00","2025-01-08 16:00:00",Nederland,WindOffshoreC,Hour,UTC,Providing,Current,372499,372499,0.089586153626442,0,0
"2025-01-08 16:00:00","2025-01-08 17:00:00",Nederland,WindOffshoreC,Hour,UTC,Providing,Current,375000,375000,0.090187676250935,0,0
"2025-01-08 17:00:00","2025-01-08 18:00:00",Nederland,WindOffshoreC,Hour,UTC,Providing,Current,402499,402499,0.096801050007343,0,0
"2025-01-08 18:00:00","2025-01-08 19:00:00",Nederland,WindOffshoreC,Hour,UTC,Providing,Current,610750,610750,0.14688549935818,0,0
"2025-01-08 19:00:00","2025-01-08 20:00:00",Nederland,WindOffshoreC,Hour,UTC,Providing,Current,893250,893250,0.21482674777508,0,0
"2025-01-08 20:00:00","2025-01-08 21:00:00",Nederland,WindOffshoreC,Hour,UTC,Providing,Current,753250,753250,0.18115675449371,0,0
"2025-01-08 21:00:00","2025-01-08 22:00:00",Nederland,WindOffshoreC,Hour,UTC,Providing,Current,629749,629749,0.15145500004292,0,0
"2025-01-08 22:00:00","2025-01-08 23:00:00",Nederland,WindOffshoreC,Hour,UTC,Providing,Current,348750,348750,0.083874426782131,0,0
"2025-01-08 23:00:00","2025-01-09 00:00:00",Nederland,WindOffshoreC,Hour,UTC,Providing,Current,220248,220248,0.052969701588154,0,0
"2025-01-09 00:00:00","2025-01-09 01:00:00",Nederland,WindOffshoreC,Hour,UTC,Providing,Current,260250,260250,0.062590174376965,0,0
"2025-01-09 01:00:00","2025-01-09 02:00:00",Nederland,WindOffshoreC,Hour,UTC,Providing,Current,238500,238500,0.057359326630831,0,0
"2025-01-09 02:00:00","2025-01-09 03:00:00",Nederland,WindOffshoreC,Hour,UTC,Providing,Current,238000,238000,0.057239048182964,0,0
"2025-01-09 03:00:00","2025-01-09 04:00:00",Nederland,WindOffshoreC,Hour,UTC,Providing,Current,226250,226250,0.054413199424744,0,0
"2025-01-09 04:00:00","2025-01-09 05:00:00",Nederland,WindOffshoreC,Hour,UTC,Providing,Current,84251,84251,0.020262375473976,0,0
"2025-01-09 05:00:00","2025-01-09 06:00:00",Nederland,WindOffshoreC,Hour,UTC,Providing,Current,355500,355500,0.08549777418375,0,0
"2025-01-09 06:00:00","2025-01-09 07:00:00",Nederland,WindOffshoreC,Hour,UTC,Providing,Current,978751,978751,0.23538975417614,0,0
"2025-01-09 07:00:00","2025-01-09 08:00:00",Nederland,WindOffshoreC,Hour,UTC,Providing,Current,643750,643750,0.15482200682163,0,0
"2025-01-09 08:00:00","2025-01-09 09:00:00",Nederland,WindOffshoreC,Hour,UTC,Providing,Current,545999,545999,0.13131284713745,0,0
"2025-01-09 09:00:00","2025-01-09 10:00:00",Nederland,WindOffshoreC,Hour,UTC,Providing,Current,865250,865250,0.20809300243855,0,0
"2025-01-09 10:00:00","2025-01-09 11:00:00",Nederland,WindOffshoreC,Hour,UTC,Providing,Current,1110500,1110500,0.26707550883293,0,0
"2025-01-09 11:00:00","2025-01-09 12:00:00",Nederland,WindOffshoreC,Hour,UTC,Providing,Current,1964750,1964750,0.4725227355957,0,0
"2025-01-09 12:00:00","2025-01-09 13:00:00",Nederland,WindOffshoreC,Hour,UTC,Providing,Current,2593500,2593500,0.62373727560043,0,0
"2025-01-09 13:00:00","2025-01-09 14:00:00",Nederland,WindOffshoreC,Hour,UTC,Providing,Current,3163250,3163250,0.76076251268387,0,0
"2025-01-09 14:00:00","2025-01-09 15:00:00",Nederland,WindOffshoreC,Hour,UTC,Providing,Current,3383250,3383250,0.81367248296738,0,0
"2025-01-09 15:00:00","2025-01-09 16:00:00",Nederland,WindOffshoreC,Hour,UTC,Providing,Current,3592750,3592750,0.86405748128891,0,0
"2025-01-09 16:00:00","2025-01-09 17:00:00",Nederland,WindOffshoreC,Hour,UTC,Providing,Current,3646249,3646249,0.87692373991013,0,0
"2025-01-09 17:00:00","2025-01-09 18:00:00",Nederland,WindOffshoreC,Hour,UTC,Providing,Current,3667250,3667250,0.8819745182991,0,0
"2025-01-09 18:00:00","2025-01-09 19:00:00",Nederland,WindOffshoreC,Hour,UTC,Providing,Current,3761000,3761000,0.90452152490616,0,0
"2025-01-09 19:00:00","2025-01-09 20:00:00",Nederland,WindOffshoreC,Hour,UTC,Providing,Current,3803251,3803251,0.91468274593353,0,0
"2025-01-09 20:00:00","2025-01-09 21:00:00",Nederland,WindOffshoreC,Hour,UTC,Providing,Current,3748000,3748000,0.90139472484589,0,0
"2025-01-09 21:00:00","2025-01-09 22:00:00",Nederland,WindOffshoreC,Hour,UTC,Providing,Current,3666251,3666251,0.88173425197601,0,0
"2025-01-09 22:00:00","2025-01-09 23:00:00",Nederland,WindOffshoreC,Hour,UTC,Providing,Current,3482500,3482500,0.83754199743271,0,0
"2025-01-09 23:00:00","2025-01-10 00:00:00",Nederland,WindOffshoreC,Hour,UTC,Providing,Current,3327999,3327999,0.80038452148438,0,0
"2025-01-10 00:00:00","2025-01-10 01:00:00",Nederland,WindOffshoreC,Hour,UTC,Providing,Current,3087000,3087000,0.74242448806763,0,0
"2025-01-10 01:00:00","2025-01-10 02:00:00",Nederland,WindOffshoreC,Hour,UTC,Providing,Current,2898000,2898000,0.69696974754333,0,0
"2025-01-10 02:00:00","2025-01-10 03:00:00",Nederland,WindOffshoreC,Hour,UTC,Providing,Current,2732500,2732500,0.65716677904129,0,0
"2025-01-10 03:00:00","2025-01-10 04:00:00",Nederland,WindOffshoreC,Hour,UTC,Providing,Current,2580250,2580250,0.6205507516861,0,0
"2025-01-10 04:00:00","2025-01-10 05:00:00",Nederland,WindOffshoreC,Hour,UTC,Providing,Current,2390250,2390250,0.57485574483871,0,0
"2025-01-10 05:00:00","2025-01-10 06:00:00",Nederland,WindOffshoreC,Hour,UTC,Providing,Current,2117250,2117250,0.50919902324677,0,0
"2025-01-10 06:00:00","2025-01-10 07:00:00",Nederland,WindOffshoreC,Hour,UTC,Providing,Current,1885752,1885752,0.45352375507355,0,0
"2025-01-10 07:00:00","2025-01-10 08:00:00",Nederland,WindOffshoreC,Hour,UTC,Providing,Current,1713500,1713500,0.41209724545479,0,0
"2025-01-10 08:00:00","2025-01-10 09:00:00",Nederland,WindOffshoreC,Hour,UTC,Providing,Current,1604999,1604999,0.38600274920464,0,0
"2025-01-10 09:00:00","2025-01-10 10:00:00",Nederland,WindOffshoreC,Hour,UTC,Providing,Current,1646250,1646250,0.39592349529266,0,0
"2025-01-10 10:00:00","2025-01-10 11:00:00",Nederland,WindOffshoreC,Hour,UTC,Providing,Current,1632500,1632500,0.39261674880981,0,0
"2025-01-10 11:00:00","2025-01-10 12:00:00",Nederland,WindOffshoreC,Hour,UTC,Providing,Current,1477250,1477250,0.35527899861336,0,0
"2025-01-10 12:00:00","2025-01-10 13:00:00",Nederland,WindOffshoreC,Hour,UTC,Providing,Current,1455999,1455999,0.35016798973083,0,0
"2025-01-10 13:00:00","2025-01-10 14:00:00",Nederland,WindOffshoreC,Hour,UTC,Providing,Current,1195500,1195500,0.28751799464226,0,0
"2025-01-10 14:00:00","2025-01-10 15:00:00",Nederland,WindOffshoreC,Hour,UTC,Providing,Current,1301500,1301500,0.31301099061966,0,0
"2025-01-10 15:00:00","2025-01-10 16:00:00",Nederland,WindOffshoreC,Hour,UTC,Providing,Current,976001,976001,0.23472824692726,0,0
"2025-01-10 16:00:00","2025-01-10 17:00:00",Nederland,WindOffshoreC,Hour,UTC,Providing,Current,936750,936750,0.22528849542141,0,0
"2025-01-10 17:00:00","2025-01-10 18:00:00",Nederland,WindOffshoreC,Hour,UTC,Providing,Current,921750,921750,0.22168099880219,0,0
"2025-01-10 18:00:00","2025-01-10 19:00:00",Nederland,WindOffshoreC,Hour,UTC,Providing,Current,714249,714249,0.17177699506283,0,0
"2025-01-10 19:00:00","2025-01-10 20:00:00",Nederland,WindOffshoreC,Hour,UTC,Providing,Current,530750,530750,0.1276454180479,0,0
"2025-01-10 20:00:00","2025-01-10 21:00:00",Nederland,WindOffshoreC,Hour,UTC,Providing,Current,257499,257499,0.061928573995829,0,0
"2025-01-10 21:00:00","2025-01-10 22:00:00",Nederland,WindOffshoreC,Hour,UTC,Providing,Current,205250,205250,0.049362674355507,0,0
"2025-01-10 22:00:00","2025-01-10 23:00:00",Nederland,WindOffshoreC,Hour,UTC,Providing,Current,156249,156249,0.037577923387289,0,0
"2025-01-10 23:00:00","2025-01-11 00:00:00",Nederland,WindOffshoreC,Hour,UTC,Providing,Current,149500,149500,0.035954751074314,0,0
"2025-01-11 00:00:00","2025-01-11 01:00:00",Nederland,WindOffshoreC,Hour,UTC,Providing,Current,170250,170250,0.040945176035166,0,0
"2025-01-11 01:00:00","2025-01-11 02:00:00",Nederland,WindOffshoreC,Hour,UTC,Providing,Current,172251,172251,0.041426375508308,0,0
"2025-01-11 02:00:00","2025-01-11 03:00:00",Nederland,WindOffshoreC,Hour,UTC,Providing,Current,248750,248750,0.059824425727129,0,0
"2025-01-11 03:00:00","2025-01-11 04:00:00",Nederland,WindOffshoreC,Hour,UTC,Providing,Current,384000,384000,0.092352099716663,0,0
"2025-01-11 04:00:00","2025-01-11 05:00:00",Nederland,WindOffshoreC,Hour,UTC,Providing,Current,275250,275250,0.066197723150253,0,0
"2025-01-11 05:00:00","2025-01-11 06:00:00",Nederland,WindOffshoreC,Hour,UTC,Providing,Current,404000,404000,0.097162172198296,0,0
"2025-01-11 06:00:00","2025-01-11 07:00:00",Nederland,WindOffshoreC,Hour,UTC,Providing,Current,567500,567500,0.13648407161236,0,0
"2025-01-11 07:00:00","2025-01-11 08:00:00",Nederland,WindOffshoreC,Hour,UTC,Providing,Current,292001,292001,0.070226296782494,0,0
"2025-01-11 08:00:00","2025-01-11 09:00:00",Nederland,WindOffshoreC,Hour,UTC,Providing,Current,409000,409000,0.098364450037479,0,0
"2025-01-11 09:00:00","2025-01-11 10:00:00",Nederland,WindOffshoreC,Hour,UTC,Providing,Current,411751,411751,0.099026151001453,0,0
"2025-01-11 10:00:00","2025-01-11 11:00:00",Nederland,WindOffshoreC,Hour,UTC,Providing,Current,550249,550249,0.13233524560928,0,0
"2025-01-11 11:00:00","2025-01-11 12:00:00",Nederland,WindOffshoreC,Hour,UTC,Providing,Current,685500,685500,0.16486324369907,0,0
"2025-01-11 12:00:00","2025-01-11 13:00:00",Nederland,WindOffshoreC,Hour,UTC,Providing,Current,772499,772499,0.18578599393368,0,0
"2025-01-11 13:00:00","2025-01-11 14:00:00",Nederland,WindOffshoreC,Hour,UTC,Providing,Current,953749,953749,0.22937700152397,0,0
"2025-01-11 14:00:00","2025-01-11 15:00:00",Nederland,WindOffshoreC,Hour,UTC,Providing,Current,1289750,1289750,0.31018525362015,0,0
"2025-01-11 15:00:00","2025-01-11 16:00:00",Nederland,WindOffshoreC,Hour,UTC,Providing,Current,1389501,1389501,0.33417549729347,0,0
"2025-01-11 16:00:00","2025-01-11 17:00:00",Nederland,WindOffshoreC,Hour,UTC,Providing,Current,1676001,1676001,0.40307900309563,0,0
"2025-01-11 17:00:00","2025-01-11 18:00:00",Nederland,WindOffshoreC,Hour,UTC,Providing,Current,1935000,1935000,0.46536800265312,0,0
"2025-01-11 18:00:00","2025-01-11 19:00:00",Nederland,WindOffshoreC,Hour,UTC,Providing,Current,1847000,1847000,0.44420376420021,0,0
"2025-01-11 19:00:00","2025-01-11 20:00:00",Nederland,WindOffshoreC,Hour,UTC,Providing,Current,1651249,1651249,0.39712575078011,0,0
"2025-01-11 20:00:00","2025-01-11 21:00:00",Nederland,WindOffshoreC,Hour,UTC,Providing,Current,1498500,1498500,0.3603895008564,0,0
"2025-01-11 21:00:00","2025-01-11 22:00:00",Nederland,WindOffshoreC,Hour,UTC,Providing,Current,1116000,1116000,0.26839825510979,0,0
"2025-01-11 22:00:00","2025-01-11 23:00:00",Nederland,WindOffshoreC,Hour,UTC,Providing,Current,822750,822750,0.19787174463272,0,0
"2025-01-11 23:00:00","2025-01-12 00:00:00",Nederland,WindOffshoreC,Hour,UTC,Providing,Current,526500,526500,0.12662316858768,0,0
"2025-01-12 00:00:00","2025-01-12 01:00:00",Nederland,WindOffshoreC,Hour,UTC,Providing,Current,332250,332250,0.079906202852726,0,0
"2025-01-12 01:00:00","2025-01-12 02:00:00",Nederland,WindOffshoreC,Hour,UTC,Providing,Current,526000,526000,0.12650300562382,0,0
"2025-01-12 02:00:00","2025-01-12 03:00:00",Nederland,WindOffshoreC,Hour,UTC,Providing,Current,632500,632500,0.15211625397205,0,0
"2025-01-12 03:00:00","2025-01-12 04:00:00",Nederland,WindOffshoreC,Hour,UTC,Providing,Current,925749,925749,0.2226430028677,0,0
"2025-01-12 04:00:00","2025-01-12 05:00:00",Nederland,WindOffshoreC,Hour,UTC,Providing,Current,1004751,1004751,0.24164274334908,0,0
"2025-01-12 05:00:00","2025-01-12 06:00:00",Nederland,WindOffshoreC,Hour,UTC,Providing,Current,743000,743000,0.17869174480438,0,0
"2025-01-12 06:00:00","2025-01-12 07:00:00",Nederland,WindOffshoreC,Hour,UTC,Providing,Current,451751,451751,0.10864625126123,0,0
"2025-01-12 07:00:00","2025-01-12 08:00:00",Nederland,WindOffshoreC,Hour,UTC,Providing,Current,425750,425750,0.10239297151566,0,0
"2025-01-12 08:00:00","2025-01-12 09:00:00",Nederland,WindOffshoreC,Hour,UTC,Providing,Current,334500,334500,0.080447323620319,0,0
"2025-01-12 09:00:00","2025-01-12 10:00:00",Nederland,WindOffshoreC,Hour,UTC,Providing,Current,224000,224000,0.053872048854828,0,0
"2025-01-12 10:00:00","2025-01-12 11:00:00",Nederland,WindOffshoreC,Hour,UTC,Providing,Current,173250,173250,0.041666649281979,0,0
"2025-01-12 11:00:00","2025-01-12 12:00:00",Nederland,WindOffshoreC,Hour,UTC,Providing,Current,158250,158250,0.038059148937464,0,0
"2025-01-12 12:00:00","2025-01-12 13:00:00",Nederland,WindOffshoreC,Hour,UTC,Providing,Current,97751,97751,0.023509124293923,0,0
"2025-01-12 13:00:00","2025-01-12 14:00:00",Nederland,WindOffshoreC,Hour,UTC,Providing,Current,27750,27750,0.006673882715404,0,0
"2025-01-12 14:00:00","2025-01-12 15:00:00",Nederland,WindOffshoreC,Hour,UTC,Providing,Current,7500,7500,0.0018037525005639,0,0
"2025-01-12 15:00:00","2025-01-12 16:00:00",Nederland,WindOffshoreC,Hour,UTC,Providing,Current,11750,11750,0.0028258799575269,0,0
"2025-01-12 16:00:00","2025-01-12 17:00:00",Nederland,WindOffshoreC,Hour,UTC,Providing,Current,25750,25750,0.0061928802169859,0,0
"2025-01-12 17:00:00","2025-01-12 18:00:00",Nederland,WindOffshoreC,Hour,UTC,Providing,Current,22500,22500,0.0054112551733851,0,0
"2025-01-12 18:00:00","2025-01-12 19:00:00",Nederland,WindOffshoreC,Hour,UTC,Providing,Current,5250,5250,0.0012626254465431,0,0
"2025-01-12 19:00:00","2025-01-12 20:00:00",Nederland,WindOffshoreC,Hour,UTC,Providing,Current,14249,14249,0.0034268875606358,0,0
"2025-01-12 20:00:00","2025-01-12 21:00:00",Nederland,WindOffshoreC,Hour,UTC,Providing,Current,3750,3750,0.00090187502792105,0,0
"2025-01-12 21:00:00","2025-01-12 22:00:00",Nederland,WindOffshoreC,Hour,UTC,Providing,Current,7000,7000,0.001683505019173,0,0
"2025-01-12 22:00:00","2025-01-12 23:00:00",Nederland,WindOffshoreC,Hour,UTC,Providing,Current,82750,82750,0.019901378080249,0,0
"2025-01-12 23:00:00","2025-01-13 00:00:00",Nederland,WindOffshoreC,Hour,UTC,Providing,Current,160000,160000,0.038479998707771,0,0
"2025-01-13 00:00:00","2025-01-13 01:00:00",Nederland,WindOffshoreC,Hour,UTC,Providing,Current,188499,188499,0.045334048569202,0,0
"2025-01-13 01:00:00","2025-01-13 02:00:00",Nederland,WindOffshoreC,Hour,UTC,Providing,Current,314000,314000,0.075517073273659,0,0
"2025-01-13 02:00:00","2025-01-13 03:00:00",Nederland,WindOffshoreC,Hour,UTC,Providing,Current,464750,464750,0.11177249997854,0,0
"2025-01-13 03:00:00","2025-01-13 04:00:00",Nederland,WindOffshoreC,Hour,UTC,Providing,Current,521751,521751,0.12548099458218,0,0
"2025-01-13 04:00:00","2025-01-13 05:00:00",Nederland,WindOffshoreC,Hour,UTC,Providing,Current,609749,609749,0.14664450287819,0,0
"2025-01-13 05:00:00","2025-01-13 06:00:00",Nederland,WindOffshoreC,Hour,UTC,Providing,Current,803501,803501,0.19324225187302,0,0
"2025-01-13 06:00:00","2025-01-13 07:00:00",Nederland,WindOffshoreC,Hour,UTC,Providing,Current,1045750,1045750,0.25150299072266,0,0
"2025-01-13 07:00:00","2025-01-13 08:00:00",Nederland,WindOffshoreC,Hour,UTC,Providing,Current,1292000,1292000,0.31072625517845,0,0
"2025-01-13 08:00:00","2025-01-13 09:00:00",Nederland,WindOffshoreC,Hour,UTC,Providing,Current,1447750,1447750,0.34818425774574,0,0
"2025-01-13 09:00:00","2025-01-13 10:00:00",Nederland,WindOffshoreC,Hour,UTC,Providing,Current,1532750,1532750,0.36862674355507,0,0
"2025-01-13 10:00:00","2025-01-13 11:00:00",Nederland,WindOffshoreC,Hour,UTC,Providing,Current,1676001,1676001,0.40307849645615,0,0
"2025-01-13 11:00:00","2025-01-13 12:00:00",Nederland,WindOffshoreC,Hour,UTC,Providing,Current,1818999,1818999,0.43746975064278,0,0
"2025-01-13 12:00:00","2025-01-13 13:00:00",Nederland,WindOffshoreC,Hour,UTC,Providing,Current,1924250,1924250,0.46278250217438,0,0
"2025-01-13 13:00:00","2025-01-13 14:00:00",Nederland,WindOffshoreC,Hour,UTC,Providing,Current,1870000,1870000,0.44973549246788,0,0
"2025-01-13 14:00:00","2025-01-13 15:00:00",Nederland,WindOffshoreC,Hour,UTC,Providing,Current,1835500,1835500,0.44143825769424,0,0
"2025-01-13 15:00:00","2025-01-13 16:00:00",Nederland,WindOffshoreC,Hour,UTC,Providing,Current,1838250,1838250,0.44209975004196,0,0
"2025-01-13 16:00:00","2025-01-13 17:00:00",Nederland,WindOffshoreC,Hour,UTC,Providing,Current,1856750,1856750,0.44654875993729,0,0
"2025-01-13 17:00:00","2025-01-13 18:00:00",Nederland,WindOffshoreC,Hour,UTC,Providing,Current,2002750,2002750,0.48166173696518,0,0
"2025-01-13 18:00:00","2025-01-13 19:00:00",Nederland,WindOffshoreC,Hour,UTC,Providing,Current,2058000,2058000,0.49494975805283,0,0
"2025-01-13 19:00:00","2025-01-13 20:00:00",Nederland,WindOffshoreC,Hour,UTC,Providing,Current,2025500,2025500,0.48713326454163,0,0
"2025-01-13 20:00:00","2025-01-13 21:00:00",Nederland,WindOffshoreC,Hour,UTC,Providing,Current,2011999,2011999,0.48388624191284,0,0
"2025-01-13 21:00:00","2025-01-13 22:00:00",Nederland,WindOffshoreC,Hour,UTC,Providing,Current,2010750,2010750,0.48358574509621,0,0
"2025-01-13 22:00:00","2025-01-13 23:00:00",Nederland,WindOffshoreC,Hour,UTC,Providing,Current,2005251,2005251,0.48226350545883,0,0
"2025-01-13 23:00:00","2025-01-14 00:00:00",Nederland,WindOffshoreC,Hour,UTC,Providing,Current,2057250,2057250,0.49476924538612,0,0
"2025-01-14 00:00:00","2025-01-14 01:00:00",Nederland,WindOffshoreC,Hour,UTC,Providing,Current,2209000,2209000,0.53126502037048,0,0
"2025-01-14 01:00:00","2025-01-14 02:00:00",Nederland,WindOffshoreC,Hour,UTC,Providing,Current,2259749,2259749,0.54347026348114,0,0
"2025-01-14 02:00:00","2025-01-14 03:00:00",Nederland,WindOffshoreC,Hour,UTC,Providing,Current,2330250,2330250,0.56042575836182,0,0
"2025-01-14 03:00:00","2025-01-14 04:00:00",Nederland,WindOffshoreC,Hour,UTC,Providing,Current,2271000,2271000,0.54617601633072,0,0
"2025-01-14 04:00:00","2025-01-14 05:00:00",Nederland,WindOffshoreC,Hour,UTC,Providing,Current,2425499,2425499,0.58333301544189,0,0
"2025-01-14 05:00:00","2025-01-14 06:00:00",Nederland,WindOffshoreC,Hour,UTC,Providing,Current,2506499,2506499,0.60281348228455,0,0
"2025-01-14 06:00:00","2025-01-14 07:00:00",Nederland,WindOffshoreC,Hour,UTC,Providing,Current,2498000,2498000,0.60076951980591,0,0
"2025-01-14 07:00:00","2025-01-14 08:00:00",Nederland,WindOffshoreC,Hour,UTC,Providing,Current,2608500,2608500,0.62734472751617,0,0
"2025-01-14 08:00:00","2025-01-14 09:00:00",Nederland,WindOffshoreC,Hour,UTC,Providing,Current,2367250,2367250,0.56932401657104,0,0
"2025-01-14 09:00:00","2025-01-14 10:00:00",Nederland,WindOffshoreC,Hour,UTC,Providing,Current,2188000,2188000,0.52621477842331,0,0
"2025-01-14 10:00:00","2025-01-14 11:00:00",Nederland,WindOffshoreC,Hour,UTC,Providing,Current,2543251,2543251,0.61165249347687,0,0
"2025-01-14 11:00:00","2025-01-14 12:00:00",Nederland,WindOffshoreC,Hour,UTC,Providing,Current,2736250,2736250,0.65806877613068,0,0
"2025-01-14 12:00:00","2025-01-14 13:00:00",Nederland,WindOffshoreC,Hour,UTC,Providing,Current,2542000,2542000,0.61135172843933,0,0
"2025-01-14 13:00:00","2025-01-14 14:00:00",Nederland,WindOffshoreC,Hour,UTC,Providing,Current,2483499,2483499,0.59728223085403,0,0
"2025-01-14 14:00:00","2025-01-14 15:00:00",Nederland,WindOffshoreC,Hour,UTC,Providing,Current,2176750,2176750,0.52350872755051,0,0
"2025-01-14 15:00:00","2025-01-14 16:00:00",Nederland,WindOffshoreC,Hour,UTC,Providing,Current,1625250,1625250,0.39087298512459,0,0
"2025-01-14 16:00:00","2025-01-14 17:00:00",Nederland,WindOffshoreC,Hour,UTC,Providing,Current,1295500,1295500,0.31156799197197,0,0
"2025-01-14 17:00:00","2025-01-14 18:00:00",Nederland,WindOffshoreC,Hour,UTC,Providing,Current,1118251,1118251,0.26893949508667,0,0
"2025-01-14 18:00:00","2025-01-14 19:00:00",Nederland,WindOffshoreC,Hour,UTC,Providing,Current,1067001,1067001,0.25661399960518,0,0
"2025-01-14 19:00:00","2025-01-14 20:00:00",Nederland,WindOffshoreC,Hour,UTC,Providing,Current,817749,817749,0.19666899740696,0,0
"2025-01-14 20:00:00","2025-01-14 21:00:00",Nederland,WindOffshoreC,Hour,UTC,Providing,Current,950500,950500,0.22859574854374,0,0
"2025-01-14 21:00:00","2025-01-14 22:00:00",Nederland,WindOffshoreC,Hour,UTC,Providing,Current,1073251,1073251,0.25811725854874,0,0
"2025-01-14 22:00:00","2025-01-14 23:00:00",Nederland,WindOffshoreC,Hour,UTC,Providing,Current,742500,742500,0.17857150733471,0,0
"2025-01-14 23:00:00","2025-01-15 00:00:00",Nederland,WindOffshoreC,Hour,UTC,Providing,Current,383751,383751,0.092292197048664,0,0
"2025-01-15 00:00:00","2025-01-15 01:00:00",Nederland,WindOffshoreC,Hour,UTC,Providing,Current,223750,223750,0.053811948746443,0,0
"2025-01-15 01:00:00","2025-01-15 02:00:00",Nederland,WindOffshoreC,Hour,UTC,Providing,Current,282749,282749,0.068001203238964,0,0
"2025-01-15 02:00:00","2025-01-15 03:00:00",Nederland,WindOffshoreC,Hour,UTC,Providing,Current,204250,204250,0.049122173339128,0,0
"2025-01-15 03:00:00","2025-01-15 04:00:00",Nederland,WindOffshoreC,Hour,UTC,Providing,Current,194500,194500,0.046777300536633,0,0
"2025-01-15 04:00:00","2025-01-15 05:00:00",Nederland,WindOffshoreC,Hour,UTC,Providing,Current,161250,161250,0.038780648261309,0,0
"2025-01-15 05:00:00","2025-01-15 06:00:00",Nederland,WindOffshoreC,Hour,UTC,Providing,Current,208500,208500,0.050144299864769,0,0
"2025-01-15 06:00:00","2025-01-15 07:00:00",Nederland,WindOffshoreC,Hour,UTC,Providing,Current,149000,149000,0.035834550857544,0,0
"2025-01-15 07:00:00","2025-01-15 08:00:00",Nederland,WindOffshoreC,Hour,UTC,Providing,Current,54000,54000,0.012987004593015,0,0
"2025-01-15 08:00:00","2025-01-15 09:00:00",Nederland,WindOffshoreC,Hour,UTC,Providing,Current,39750,39750,0.0095598921179771,0,0
"2025-01-15 09:00:00","2025-01-15 10:00:00",Nederland,WindOffshoreC,Hour,UTC,Providing,Current,44500,44500,0.01070227753371,0,0
"2025-01-15 10:00:00","2025-01-15 11:00:00",Nederland,WindOffshoreC,Hour,UTC,Providing,Current,21999,21999,0.0052907676436007,0,0
"2025-01-15 11:00:00","2025-01-15 12:00:00",Nederland,WindOffshoreC,Hour,UTC,Providing,Current,14250,14250,0.0034271299373358,0,0
"2025-01-15 12:00:00","2025-01-15 13:00:00",Nederland,WindOffshoreC,Hour,UTC,Providing,Current,25250,25250,0.006072630174458,0,0
"2025-01-15 13:00:00","2025-01-15 14:00:00",Nederland,WindOffshoreC,Hour,UTC,Providing,Current,9251,9251,0.0022248674649745,0,0
"2025-01-15 14:00:00","2025-01-15 15:00:00",Nederland,WindOffshoreC,Hour,UTC,Providing,Current,12999,12999,0.003126262454316,0,0
"2025-01-15 15:00:00","2025-01-15 16:00:00",Nederland,WindOffshoreC,Hour,UTC,Providing,Current,25749,25749,0.0061926473863423,0,0
"2025-01-15 16:00:00","2025-01-15 17:00:00",Nederland,WindOffshoreC,Hour,UTC,Providing,Current,60251,60251,0.014490400440991,0,0
"2025-01-15 17:00:00","2025-01-15 18:00:00",Nederland,WindOffshoreC,Hour,UTC,Providing,Current,30500,30500,0.0073352549225092,0,0
"2025-01-15 18:00:00","2025-01-15 19:00:00",Nederland,WindOffshoreC,Hour,UTC,Providing,Current,17250,17250,0.0041486276313663,0,0
"2025-01-15 19:00:00","2025-01-15 20:00:00",Nederland,WindOffshoreC,Hour,UTC,Providing,Current,31750,31750,0.0076358825899661,0,0
"2025-01-15 20:00:00","2025-01-15 21:00:00",Nederland,WindOffshoreC,Hour,UTC,Providing,Current,106750,106750,0.025673400610685,0,0
"2025-01-15 21:00:00","2025-01-15 22:00:00",Nederland,WindOffshoreC,Hour,UTC,Providing,Current,156750,156750,0.037698399275541,0,0
"2025-01-15 22:00:00","2025-01-15 23:00:00",Nederland,WindOffshoreC,Hour,UTC,Providing,Current,154998,154998,0.037277050316334,0,0
"2025-01-15 23:00:00","2025-01-16 00:00:00",Nederland,WindOffshoreC,Hour,UTC,Providing,Current,144749,144749,0.034812174737453,0,0
"2025-01-16 00:00:00","2025-01-16 01:00:00",Nederland,WindOffshoreC,Hour,UTC,Providing,Current,140500,140500,0.033790275454521,0,0
"2025-01-16 01:00:00","2025-01-16 02:00:00",Nederland,WindOffshoreC,Hour,UTC,Providing,Current,132001,132001,0.03174627572298,0,0
"2025-01-16 02:00:00","2025-01-16 03:00:00",Nederland,WindOffshoreC,Hour,UTC,Providing,Current,147751,147751,0.035534150898457,0,0
"2025-01-16 03:00:00","2025-01-16 04:00:00",Nederland,WindOffshoreC,Hour,UTC,Providing,Current,164499,164499,0.039562050253153,0,0
"2025-01-16 04:00:00","2025-01-16 05:00:00",Nederland,WindOffshoreC,Hour,UTC,Providing,Current,186251,186251,0.044793400913477,0,0
"2025-01-16 05:00:00","2025-01-16 06:00:00",Nederland,WindOffshoreC,Hour,UTC,Providing,Current,226750,226750,0.054533425718546,0,0
"2025-01-16 06:00:00","2025-01-16 07:00:00",Nederland,WindOffshoreC,Hour,UTC,Providing,Current,291750,291750,0.070165947079659,0,0
"2025-01-16 07:00:00","2025-01-16 08:00:00",Nederland,WindOffshoreC,Hour,UTC,Providing,Current,392751,392751,0.094456724822521,0,0
"2025-01-16 08:00:00","2025-01-16 09:00:00",Nederland,WindOffshoreC,Hour,UTC,Providing,Current,511750,511750,0.12307599931955,0,0
"2025-01-16 09:00:00","2025-01-16 10:00:00",Nederland,WindOffshoreC,Hour,UTC,Providing,Current,680000,680000,0.1635400056839,0,0
"2025-01-16 10:00:00","2025-01-16 11:00:00",Nederland,WindOffshoreC,Hour,UTC,Providing,Current,622750,622750,0.14977149665356,0,0
"2025-01-16 11:00:00","2025-01-16 12:00:00",Nederland,WindOffshoreC,Hour,UTC,Providing,Current,745250,745250,0.17923274636269,0,0
"2025-01-16 12:00:00","2025-01-16 13:00:00",Nederland,WindOffshoreC,Hour,UTC,Providing,Current,704500,704500,0.16943250596523,0,0
"2025-01-16 13:00:00","2025-01-16 14:00:00",Nederland,WindOffshoreC,Hour,UTC,Providing,Current,532750,532750,0.12812650203705,0,0
"2025-01-16 14:00:00","2025-01-16 15:00:00",Nederland,WindOffshoreC,Hour,UTC,Providing,Current,444500,444500,0.10690224915743,0,0
"2025-01-16 15:00:00","2025-01-16 16:00:00",Nederland,WindOffshoreC,Hour,UTC,Providing,Current,470501,470501,0.11315549910069,0,0
"2025-01-16 16:00:00","2025-01-16 17:00:00",Nederland,WindOffshoreC,Hour,UTC,Providing,Current,415500,415500,0.099927797913551,0,0
"2025-01-16 17:00:00","2025-01-16 18:00:00",Nederland,WindOffshoreC,Hour,UTC,Providing,Current,423749,423749,0.10191167145967,0,0
"2025-01-16 18:00:00","2025-01-16 19:00:00",Nederland,WindOffshoreC,Hour,UTC,Providing,Current,452250,452250,0.10876625031233,0,0
"2025-01-16 19:00:00","2025-01-16 20:00:00",Nederland,WindOffshoreC,Hour,UTC,Providing,Current,494500,494500,0.11892724782228,0,0
"2025-01-16 20:00:00","2025-01-16 21:00:00",Nederland,WindOffshoreC,Hour,UTC,Providing,Current,513501,513501,0.12349724769592,0,0
"2025-01-16 21:00:00","2025-01-16 22:00:00",Nederland,WindOffshoreC,Hour,UTC,Providing,Current,577750,577750,0.13894900679588,0,0
"2025-01-16 22:00:00","2025-01-16 23:00:00",Nederland,WindOffshoreC,Hour,UTC,Providing,Current,611250,611250,0.14700575172901,0,0
"2025-01-16 23:00:00","2025-01-17 00:00:00",Nederland,WindOffshoreC,Hour,UTC,Providing,Current,655499,655499,0.15764750540257,0,0
"2025-01-17 00:00:00","2025-01-17 01:00:00",Nederland,WindOffshoreC,Hour,UTC,Providing,Current,765750,765750,0.18416324257851,0,0
"2025-01-17 01:00:00","2025-01-17 02:00:00",Nederland,WindOffshoreC,Hour,UTC,Providing,Current,768000,768000,0.18470400571823,0,0
"2025-01-17 02:00:00","2025-01-17 03:00:00",Nederland,WindOffshoreC,Hour,UTC,Providing,Current,641000,641000,0.15416049957275,0,0
"2025-01-17 03:00:00","2025-01-17 04:00:00",Nederland,WindOffshoreC,Hour,UTC,Providing,Current,618750,618750,0.14880974590778,0,0
"2025-01-17 04:00:00","2025-01-17 05:00:00",Nederland,WindOffshoreC,Hour,UTC,Providing,Current,607250,607250,0.1460437476635,0,0
"2025-01-17 05:00:00","2025-01-17 06:00:00",Nederland,WindOffshoreC,Hour,UTC,Providing,Current,537000,537000,0.12914849817753,0,0
"2025-01-17 06:00:00","2025-01-17 07:00:00",Nederland,WindOffshoreC,Hour,UTC,Providing,Current,584251,584251,0.14051274955273,0,0
"2025-01-17 07:00:00","2025-01-17 08:00:00",Nederland,WindOffshoreC,Hour,UTC,Providing,Current,564250,564250,0.135702252388,0,0
"2025-01-17 08:00:00","2025-01-17 09:00:00",Nederland,WindOffshoreC,Hour,UTC,Providing,Current,495500,495500,0.11916799843311,0,0
"2025-01-17 09:00:00","2025-01-17 10:00:00",Nederland,WindOffshoreC,Hour,UTC,Providing,Current,552001,552001,0.13275624811649,0,0
"2025-01-17 10:00:00","2025-01-17 11:00:00",Nederland,WindOffshoreC,Hour,UTC,Providing,Current,591999,591999,0.14237575232983,0,0
"2025-01-17 11:00:00","2025-01-17 12:00:00",Nederland,WindOffshoreC,Hour,UTC,Providing,Current,636750,636750,0.15313875675201,0,0
"2025-01-17 12:00:00","2025-01-17 13:00:00",Nederland,WindOffshoreC,Hour,UTC,Providing,Current,614250,614250,0.14772725105286,0,0
"2025-01-17 13:00:00","2025-01-17 14:00:00",Nederland,WindOffshoreC,Hour,UTC,Providing,Current,552001,552001,0.13275650143623,0,0
"2025-01-17 14:00:00","2025-01-17 15:00:00",Nederland,WindOffshoreC,Hour,UTC,Providing,Current,443749,443749,0.10672175139189,0,0
"2025-01-17 15:00:00","2025-01-17 16:00:00",Nederland,WindOffshoreC,Hour,UTC,Providing,Current,356000,356000,0.085618078708649,0,0
"2025-01-17 16:00:00","2025-01-17 17:00:00",Nederland,WindOffshoreC,Hour,UTC,Providing,Current,269749,269749,0.064874701201916,0,0
"2025-01-17 17:00:00","2025-01-17 18:00:00",Nederland,WindOffshoreC,Hour,UTC,Providing,Current,188500,188500,0.045334298163652,0,0
"2025-01-17 18:00:00","2025-01-17 19:00:00",Nederland,WindOffshoreC,Hour,UTC,Providing,Current,160749,160749,0.038660176098347,0,0
"2025-01-17 19:00:00","2025-01-17 20:00:00",Nederland,WindOffshoreC,Hour,UTC,Providing,Current,110999,110999,0.026695299893618,0,0
"2025-01-17 20:00:00","2025-01-17 21:00:00",Nederland,WindOffshoreC,Hour,UTC,Providing,Current,97250,97250,0.023388674482703,0,0
"2025-01-17 21:00:00","2025-01-17 22:00:00",Nederland,WindOffshoreC,Hour,UTC,Providing,Current,104500,104500,0.025132274255157,0,0
"2025-01-17 22:00:00","2025-01-17 23:00:00",Nederland,WindOffshoreC,Hour,UTC,Providing,Current,103250,103250,0.024831650778651,0,0
"2025-01-17 23:00:00","2025-01-18 00:00:00",Nederland,WindOffshoreC,Hour,UTC,Providing,Current,110250,110250,0.026515150442719,0,0
"2025-01-18 00:00:00","2025-01-18 01:00:00",Nederland,WindOffshoreC,Hour,UTC,Providing,Current,107500,107500,0.025853775441647,0,0
"2025-01-18 01:00:00","2025-01-18 02:00:00",Nederland,WindOffshoreC,Hour,UTC,Providing,Current,97249,97249,0.023388400673866,0,0
"2025-01-18 02:00:00","2025-01-18 03:00:00",Nederland,WindOffshoreC,Hour,UTC,Providing,Current,72749,72749,0.017496174201369,0,0
"2025-01-18 03:00:00","2025-01-18 04:00:00",Nederland,WindOffshoreC,Hour,UTC,Providing,Current,39250,39250,0.0094396527856588,0,0
"2025-01-18 04:00:00","2025-01-18 05:00:00",Nederland,WindOffshoreC,Hour,UTC,Providing,Current,11751,11751,0.0028261200059205,0,0
"2025-01-18 05:00:00","2025-01-18 06:00:00",Nederland,WindOffshoreC,Hour,UTC,Providing,Current,8250,8250,0.0019841275643557,0,0
"2025-01-18 06:00:00","2025-01-18 07:00:00",Nederland,WindOffshoreC,Hour,UTC,Providing,Current,39249,39249,0.0094394125044346,0,0
"2025-01-18 07:00:00","2025-01-18 08:00:00",Nederland,WindOffshoreC,Hour,UTC,Providing,Current,108000,108000,0.025974024087191,0,0
"2025-01-18 08:00:00","2025-01-18 09:00:00",Nederland,WindOffshoreC,Hour,UTC,Providing,Current,166500,166500,0.040043275803328,0,0
"2025-01-18 09:00:00","2025-01-18 10:00:00",Nederland,WindOffshoreC,Hour,UTC,Providing,Current,127251,127251,0.030603874474764,0,0
"2025-01-18 10:00:00","2025-01-18 11:00:00",Nederland,WindOffshoreC,Hour,UTC,Providing,Current,86250,86250,0.020743174478412,0,0
"2025-01-18 11:00:00","2025-01-18 12:00:00",Nederland,WindOffshoreC,Hour,UTC,Providing,Current,36000,36000,0.0086580226197839,0,0
"2025-01-18 12:00:00","2025-01-18 13:00:00",Nederland,WindOffshoreC,Hour,UTC,Providing,Current,30501,30501,0.0073354975320399,0,0
"2025-01-18 13:00:00","2025-01-18 14:00:00",Nederland,WindOffshoreC,Hour,UTC,Providing,Current,43750,43750,0.010521904565394,0,0
"2025-01-18 14:00:00","2025-01-18 15:00:00",Nederland,WindOffshoreC,Hour,UTC,Providing,Current,96501,96501,0.023208525031805,0,0
"2025-01-18 15:00:00","2025-01-18 16:00:00",Nederland,WindOffshoreC,Hour,UTC,Providing,Current,133999,133999,0.032226800918579,0,0
"2025-01-18 16:00:00","2025-01-18 17:00:00",Nederland,WindOffshoreC,Hour,UTC,Providing,Current,175500,175500,0.042207773774862,0,0
"2025-01-18 17:00:00","2025-01-18 18:00:00",Nederland,WindOffshoreC,Hour,UTC,Providing,Current,308249,308249,0.074133947491646,0,0
"2025-01-18 18:00:00","2025-01-18 19:00:00",Nederland,WindOffshoreC,Hour,UTC,Providing,Current,469000,469000,0.11279457807541,0,0
"2025-01-18 19:00:00","2025-01-18 20:00:00",Nederland,WindOffshoreC,Hour,UTC,Providing,Current,556751,556751,0.13389874994755,0,0
"2025-01-18 20:00:00","2025-01-18 21:00:00",Nederland,WindOffshoreC,Hour,UTC,Providing,Current,458500,458500,0.11026924848557,0,0
"2025-01-18 21:00:00","2025-01-18 22:00:00",Nederland,WindOffshoreC,Hour,UTC,Providing,Current,451500,451500,0.10858599841595,0,0
"2025-01-18 22:00:00","2025-01-18 23:00:00",Nederland,WindOffshoreC,Hour,UTC,Providing,Current,450251,450251,0.10828524827957,0,0
"2025-01-18 23:00:00","2025-01-19 00:00:00",Nederland,WindOffshoreC,Hour,UTC,Providing,Current,415749,415749,0.099987797439098,0,0
"2025-01-19 00:00:00","2025-01-19 01:00:00",Nederland,WindOffshoreC,Hour,UTC,Providing,Current,237250,237250,0.057058673352003,0,0
"2025-01-19 01:00:00","2025-01-19 02:00:00",Nederland,WindOffshoreC,Hour,UTC,Providing,Current,119250,119250,0.028679624199867,0,0
"2025-01-19 02:00:00","2025-01-19 03:00:00",Nederland,WindOffshoreC,Hour,UTC,Providing,Current,63500,63500,0.015271799638867,0,0
"2025-01-19 03:00:00","2025-01-19 04:00:00",Nederland,WindOffshoreC,Hour,UTC,Providing,Current,94000,94000,0.022607024759054,0,0
"2025-01-19 04:00:00","2025-01-19 05:00:00",Nederland,WindOffshoreC,Hour,UTC,Providing,Current,60750,60750,0.014610400423408,0,0
"2025-01-19 05:00:00","2025-01-19 06:00:00",Nederland,WindOffshoreC,Hour,UTC,Providing,Current,52000,52000,0.012506002560258,0,0
"2025-01-19 06:00:00","2025-01-19 07:00:00",Nederland,WindOffshoreC,Hour,UTC,Providing,Current,50751,50751,0.012205639854074,0,0
"2025-01-19 07:00:00","2025-01-19 08:00:00",Nederland,WindOffshoreC,Hour,UTC,Providing,Current,31250,31250,0.0075156325474381,0,0
"2025-01-19 08:00:00","2025-01-19 09:00:00",Nederland,WindOffshoreC,Hour,UTC,Providing,Current,32500,32500,0.0078162578865886,0,0
"2025-01-19 09:00:00","2025-01-19 10:00:00",Nederland,WindOffshoreC,Hour,UTC,Providing,Current,20250,20250,0.0048701302148402,0,0
"2025-01-19 10:00:00","2025-01-19 11:00:00",Nederland,WindOffshoreC,Hour,UTC,Providing,Current,24751,24751,0.0059526222757995,0,0
"2025-01-19 11:00:00","2025-01-19 12:00:00",Nederland,WindOffshoreC,Hour,UTC,Providing,Current,61250,61250,0.014730624854565,0,0
"2025-01-19 12:00:00","2025-01-19 13:00:00",Nederland,WindOffshoreC,Hour,UTC,Providing,Current,59500,59500,0.014309775084257,0,0
"2025-01-19 13:00:00","2025-01-19 14:00:00",Nederland,WindOffshoreC,Hour,UTC,Providing,Current,43749,43749,0.010521652176976,0,0
"2025-01-19 14:00:00","2025-01-19 15:00:00",Nederland,WindOffshoreC,Hour,UTC,Providing,Current,25250,25250,0.0060726325027645,0,0
"2025-01-19 15:00:00","2025-01-19 16:00:00",Nederland,WindOffshoreC,Hour,UTC,Providing,Current,29000,29000,0.0069745075888932,0,0
"2025-01-19 16:00:00","2025-01-19 17:00:00",Nederland,WindOffshoreC,Hour,UTC,Providing,Current,25500,25500,0.0061327549628913,0,0
"2025-01-19 17:00:00","2025-01-19 18:00:00",Nederland,WindOffshoreC,Hour,UTC,Providing,Current,46750,46750,0.011243377812207,0,0
"2025-01-19 18:00:00","2025-01-19 19:00:00",Nederland,WindOffshoreC,Hour,UTC,Providing,Current,48000,48000,0.011544024571776,0,0
"2025-01-19 19:00:00","2025-01-19 20:00:00",Nederland,WindOffshoreC,Hour,UTC,Providing,Current,23502,23502,0.0056522376835346,0,0
"2025-01-19 20:00:00","2025-01-19 21:00:00",Nederland,WindOffshoreC,Hour,UTC,Providing,Current,27000,27000,0.0064935074187815,0,0
"2025-01-19 21:00:00","2025-01-19 22:00:00",Nederland,WindOffshoreC,Hour,UTC,Providing,Current,28000,28000,0.0067340075038373,0,0
"2025-01-19 22:00:00","2025-01-19 23:00:00",Nederland,WindOffshoreC,Hour,UTC,Providing,Current,18500,18500,0.0044492548331618,0,0
"2025-01-19 23:00:00","2025-01-20 00:00:00",Nederland,WindOffshoreC,Hour,UTC,Providing,Current,15999,15999,0.0038477599155158,0,0
"2025-01-20 00:00:00","2025-01-20 01:00:00",Nederland,WindOffshoreC,Hour,UTC,Providing,Current,19750,19750,0.0047498773783445,0,0
"2025-01-20 01:00:00","2025-01-20 02:00:00",Nederland,WindOffshoreC,Hour,UTC,Providing,Current,25250,25250,0.006072630174458,0,0
"2025-01-20 02:00:00","2025-01-20 03:00:00",Nederland,WindOffshoreC,Hour,UTC,Providing,Current,33750,33750,0.0081168925389647,0,0
"2025-01-20 03:00:00","2025-01-20 04:00:00",Nederland,WindOffshoreC,Hour,UTC,Providing,Current,121750,121750,0.029280899092555,0,0
"2025-01-20 04:00:00","2025-01-20 05:00:00",Nederland,WindOffshoreC,Hour,UTC,Providing,Current,325500,325500,0.078282848000526,0,0
"2025-01-20 05:00:00","2025-01-20 06:00:00",Nederland,WindOffshoreC,Hour,UTC,Providing,Current,293501,293501,0.070587076246738,0,0
"2025-01-20 06:00:00","2025-01-20 07:00:00",Nederland,WindOffshoreC,Hour,UTC,Providing,Current,469750,469750,0.11297505348921,0,0
"2025-01-20 07:00:00","2025-01-20 08:00:00",Nederland,WindOffshoreC,Hour,UTC,Providing,Current,786500,786500,0.18915350735188,0,0
"2025-01-20 08:00:00","2025-01-20 09:00:00",Nederland,WindOffshoreC,Hour,UTC,Providing,Current,859501,859501,0.2067105025053,0,0
"2025-01-20 09:00:00","2025-01-20 10:00:00",Nederland,WindOffshoreC,Hour,UTC,Providing,Current,879500,879500,0.21152000129223,0,0
"2025-01-20 10:00:00","2025-01-20 11:00:00",Nederland,WindOffshoreC,Hour,UTC,Providing,Current,796000,796000,0.19143824279308,0,0
"2025-01-20 11:00:00","2025-01-20 12:00:00",Nederland,WindOffshoreC,Hour,UTC,Providing,Current,856749,856749,0.2060485035181,0,0
"2025-01-20 12:00:00","2025-01-20 13:00:00",Nederland,WindOffshoreC,Hour,UTC,Providing,Current,985250,985250,0.23695249855518,0,0
"2025-01-20 13:00:00","2025-01-20 14:00:00",Nederland,WindOffshoreC,Hour,UTC,Providing,Current,1143999,1143999,0.2751322388649,0,0
"2025-01-20 14:00:00","2025-01-20 15:00:00",Nederland,WindOffshoreC,Hour,UTC,Providing,Current,1095999,1095999,0.26358824968338,0,0
"2025-01-20 15:00:00","2025-01-20 16:00:00",Nederland,WindOffshoreC,Hour,UTC,Providing,Current,1120249,1120249,0.26942023634911,0,0
"2025-01-20 16:00:00","2025-01-20 17:00:00",Nederland,WindOffshoreC,Hour,UTC,Providing,Current,1420251,1420251,0.34157049655914,0,0
"2025-01-20 17:00:00","2025-01-20 18:00:00",Nederland,WindOffshoreC,Hour,UTC,Providing,Current,1435749,1435749,0.34529799222946,0,0
"2025-01-20 18:00:00","2025-01-20 19:00:00",Nederland,WindOffshoreC,Hour,UTC,Providing,Current,1703750,1703750,0.40975224971771,0,0
"2025-01-20 19:00:00","2025-01-20 20:00:00",Nederland,WindOffshoreC,Hour,UTC,Providing,Current,1857500,1857500,0.44672951102257,0,0
"2025-01-20 20:00:00","2025-01-20 21:00:00",Nederland,WindOffshoreC,Hour,UTC,Providing,Current,1953500,1953500,0.46981725096703,0,0
"2025-01-20 21:00:00","2025-01-20 22:00:00",Nederland,WindOffshoreC,Hour,UTC,Providing,Current,1884250,1884250,0.45316249132156,0,0
"2025-01-20 22:00:00","2025-01-20 23:00:00",Nederland,WindOffshoreC,Hour,UTC,Providing,Current,1739750,1739750,0.41841024160385,0,0
"2025-01-20 23:00:00","2025-01-21 00:00:00",Nederland,WindOffshoreC,Hour,UTC,Providing,Current,1794500,1794500,0.43157774209976,0,0
"2025-01-21 00:00:00","2025-01-21 01:00:00",Nederland,WindOffshoreC,Hour,UTC,Providing,Current,1712000,1712000,0.41173648834229,0,0
"2025-01-21 01:00:00","2025-01-21 02:00:00",Nederland,WindOffshoreC,Hour,UTC,Providing,Current,1806250,1806250,0.4344035089016,0,0
"2025-01-21 02:00:00","2025-01-21 03:00:00",Nederland,WindOffshoreC,Hour,UTC,Providing,Current,1898250,1898250,0.45652949810028,0,0
"2025-01-21 03:00:00","2025-01-21 04:00:00",Nederland,WindOffshoreC,Hour,UTC,Providing,Current,1871500,1871500,0.45009624958038,0,0
"2025-01-21 04:00:00","2025-01-21 05:00:00",Nederland,WindOffshoreC,Hour,UTC,Providing,Current,1820000,1820000,0.43771049380302,0,0
"2025-01-21 05:00:00","2025-01-21 06:00:00",Nederland,WindOffshoreC,Hour,UTC,Providing,Current,1991750,1991750,0.47901651263237,0,0
"2025-01-21 06:00:00","2025-01-21 07:00:00",Nederland,WindOffshoreC,Hour,UTC,Providing,Current,2095500,2095500,0.50396823883057,0,0
"2025-01-21 07:00:00","2025-01-21 08:00:00",Nederland,WindOffshoreC,Hour,UTC,Providing,Current,1994750,1994750,0.47973799705505,0,0
"2025-01-21 08:00:00","2025-01-21 09:00:00",Nederland,WindOffshoreC,Hour,UTC,Providing,Current,1793001,1793001,0.43121725320816,0,0
"2025-01-21 09:00:00","2025-01-21 10:00:00",Nederland,WindOffshoreC,Hour,UTC,Providing,Current,1736501,1736501,0.41762900352478,0,0
"2025-01-21 10:00:00","2025-01-21 11:00:00",Nederland,WindOffshoreC,Hour,UTC,Providing,Current,1619499,1619499,0.38948974013329,0,0
"2025-01-21 11:00:00","2025-01-21 12:00:00",Nederland,WindOffshoreC,Hour,UTC,Providing,Current,1284000,1284000,0.30880200862885,0,0
"2025-01-21 12:00:00","2025-01-21 13:00:00",Nederland,WindOffshoreC,Hour,UTC,Providing,Current,973500,973500,0.23412674665451,0,0
"2025-01-21 13:00:00","2025-01-21 14:00:00",Nederland,WindOffshoreC,Hour,UTC,Providing,Current,754250,754250,0.18139724433422,0,0
"2025-01-21 14:00:00","2025-01-21 15:00:00",Nederland,WindOffshoreC,Hour,UTC,Providing,Current,613250,613250,0.14748699963093,0,0
"2025-01-21 15:00:00","2025-01-21 16:00:00",Nederland,WindOffshoreC,Hour,UTC,Providing,Current,587501,587501,0.1412942558527,0,0
"2025-01-21 16:00:00","2025-01-21 17:00:00",Nederland,WindOffshoreC,Hour,UTC,Providing,Current,601749,601749,0.14472100138664,0,0
"2025-01-21 17:00:00","2025-01-21 18:00:00",Nederland,WindOffshoreC,Hour,UTC,Providing,Current,768250,768250,0.18476425111294,0,0
"2025-01-21 18:00:00","2025-01-21 19:00:00",Nederland,WindOffshoreC,Hour,UTC,Providing,Current,884250,884250,0.21266224980354,0,0
"2025-01-21 19:00:00","2025-01-21 20:00:00",Nederland,WindOffshoreC,Hour,UTC,Providing,Current,947000,947000,0.22775399684906,0,0
"2025-01-21 20:00:00","2025-01-21 21:00:00",Nederland,WindOffshoreC,Hour,UTC,Providing,Current,740500,740500,0.17809049785137,0,0
"2025-01-21 21:00:00","2025-01-21 22:00:00",Nederland,WindOffshoreC,Hour,UTC,Providing,Current,644751,644751,0.15506249666214,0,0
"2025-01-21 22:00:00","2025-01-21 23:00:00",Nederland,WindOffshoreC,Hour,UTC,Providing,Current,433250,433250,0.10419667512178,0,0
"2025-01-21 23:00:00","2025-01-22 00:00:00",Nederland,WindOffshoreC,Hour,UTC,Providing,Current,267250,267250,0.064273677766323,0,0
"2025-01-22 00:00:00","2025-01-22 01:00:00",Nederland,WindOffshoreC,Hour,UTC,Providing,Current,251000,251000,0.060365550220013,0,0
"2025-01-22 01:00:00","2025-01-22 02:00:00",Nederland,WindOffshoreC,Hour,UTC,Providing,Current,336251,336251,0.080868452787399,0,0
"2025-01-22 02:00:00","2025-01-22 03:00:00",Nederland,WindOffshoreC,Hour,UTC,Providing,Current,273000,273000,0.065656572580338,0,0
"2025-01-22 03:00:00","2025-01-22 04:00:00",Nederland,WindOffshoreC,Hour,UTC,Providing,Current,322000,322000,0.077441051602364,0,0
"2025-01-22 04:00:00","2025-01-22 05:00:00",Nederland,WindOffshoreC,Hour,UTC,Providing,Current,407251,407251,0.097944147884846,0,0
"2025-01-22 05:00:00","2025-01-22 06:00:00",Nederland,WindOffshoreC,Hour,UTC,Providing,Current,533001,533001,0.12818674743176,0,0
"2025-01-22 06:00:00","2025-01-22 07:00:00",Nederland,WindOffshoreC,Hour,UTC,Providing,Current,524499,524499,0.12614199519157,0,0
"2025-01-22 07:00:00","2025-01-22 08:00:00",Nederland,WindOffshoreC,Hour,UTC,Providing,Current,456749,456749,0.10984825342894,0,0
"2025-01-22 08:00:00","2025-01-22 09:00:00",Nederland,WindOffshoreC,Hour,UTC,Providing,Current,418749,418749,0.10070907324553,0,0
"2025-01-22 09:00:00","2025-01-22 10:00:00",Nederland,WindOffshoreC,Hour,UTC,Providing,Current,329251,329251,0.079184927046299,0,0
"2025-01-22 10:00:00","2025-01-22 11:00:00",Nederland,WindOffshoreC,Hour,UTC,Providing,Current,373751,373751,0.089887224137783,0,0
"2025-01-22 11:00:00","2025-01-22 12:00:00",Nederland,WindOffshoreC,Hour,UTC,Providing,Current,336251,336251,0.080868452787399,0,0
"2025-01-22 12:00:00","2025-01-22 13:00:00",Nederland,WindOffshoreC,Hour,UTC,Providing,Current,243250,243250,0.058501701802015,0,0
"2025-01-22 13:00:00","2025-01-22 14:00:00",Nederland,WindOffshoreC,Hour,UTC,Providing,Current,156500,156500,0.037638276815414,0,0
"2025-01-22 14:00:00","2025-01-22 15:00:00",Nederland,WindOffshoreC,Hour,UTC,Providing,Current,87750,87750,0.021103924140334,0,0
"2025-01-22 15:00:00","2025-01-22 16:00:00",Nederland,WindOffshoreC,Hour,UTC,Providing,Current,123500,123500,0.029701774939895,0,0
"2025-01-22 16:00:00","2025-01-22 17:00:00",Nederland,WindOffshoreC,Hour,UTC,Providing,Current,85248,85248,0.020502174273133,0,0
"2025-01-22 17:00:00","2025-01-22 18:00:00",Nederland,WindOffshoreC,Hour,UTC,Providing,Current,65500,65500,0.015752775594592,0,0
"2025-01-22 18:00:00","2025-01-22 19:00:00",Nederland,WindOffshoreC,Hour,UTC,Providing,Current,100749,100749,0.0242301505059,0,0
"2025-01-22 19:00:00","2025-01-22 20:00:00",Nederland,WindOffshoreC,Hour,UTC,Providing,Current,355751,355751,0.085558250546455,0,0
"2025-01-22 20:00:00","2025-01-22 21:00:00",Nederland,WindOffshoreC,Hour,UTC,Providing,Current,700500,700500,0.16847050189972,0,0
"2025-01-22 21:00:00","2025-01-22 22:00:00",Nederland,WindOffshoreC,Hour,UTC,Providing,Current,1163250,1163250,0.2797619998455,0,0
"2025-01-22 22:00:00","2025-01-22 23:00:00",Nederland,WindOffshoreC,Hour,UTC,Providing,Current,1343501,1343501,0.32311248779297,0,0
"2025-01-22 23:00:00","2025-01-23 00:00:00",Nederland,WindOffshoreC,Hour,UTC,Providing,Current,1639000,1639000,0.39417999982834,0,0
"2025-01-23 00:00:00","2025-01-23 01:00:00",Nederland,WindOffshoreC,Hour,UTC,Providing,Current,1810250,1810250,0.43536573648453,0,0
"2025-01-23 01:00:00","2025-01-23 02:00:00",Nederland,WindOffshoreC,Hour,UTC,Providing,Current,2147250,2147250,0.51641422510147,0,0
"2025-01-23 02:00:00","2025-01-23 03:00:00",Nederland,WindOffshoreC,Hour,UTC,Providing,Current,1824999,1824999,0.43891298770905,0,0
"2025-01-23 03:00:00","2025-01-23 04:00:00",Nederland,WindOffshoreC,Hour,UTC,Providing,Current,2314000,2314000,0.55651748180389,0,0
"2025-01-23 04:00:00","2025-01-23 05:00:00",Nederland,WindOffshoreC,Hour,UTC,Providing,Current,2745749,2745749,0.66035324335098,0,0
"2025-01-23 05:00:00","2025-01-23 06:00:00",Nederland,WindOffshoreC,Hour,UTC,Providing,Current,2949501,2949501,0.7093557715416,0,0
"2025-01-23 06:00:00","2025-01-23 07:00:00",Nederland,WindOffshoreC,Hour,UTC,Providing,Current,3323500,3323500,0.79930251836777,0,0
"2025-01-23 07:00:00","2025-01-23 08:00:00",Nederland,WindOffshoreC,Hour,UTC,Providing,Current,3136999,3136999,0.75444900989532,0,0
"2025-01-23 08:00:00","2025-01-23 09:00:00",Nederland,WindOffshoreC,Hour,UTC,Providing,Current,2720001,2720001,0.65416073799133,0,0
"2025-01-23 09:00:00","2025-01-23 10:00:00",Nederland,WindOffshoreC,Hour,UTC,Providing,Current,3059750,3059750,0.73587048053741,0,0
"2025-01-23 10:00:00","2025-01-23 11:00:00",Nederland,WindOffshoreC,Hour,UTC,Providing,Current,3452999,3452999,0.83044701814651,0,0
"2025-01-23 11:00:00","2025-01-23 12:00:00",Nederland,WindOffshoreC,Hour,UTC,Providing,Current,3876750,3876750,0.93235927820206,0,0
"2025-01-23 12:00:00","2025-01-23 13:00:00",Nederland,WindOffshoreC,Hour,UTC,Providing,Current,4185249,4185249,1.0065549612045,0,0
"2025-01-23 13:00:00","2025-01-23 14:00:00",Nederland,WindOffshoreC,Hour,UTC,Providing,Current,4234500,4234500,1.0183974504471,0,0
"2025-01-23 14:00:00","2025-01-23 15:00:00",Nederland,WindOffshoreC,Hour,UTC,Providing,Current,4161999,4161999,1.0009620189667,0,0
"2025-01-23 15:00:00","2025-01-23 16:00:00",Nederland,WindOffshoreC,Hour,UTC,Providing,Current,4199250,4199250,1.0099217891693,0,0
"2025-01-23 16:00:00","2025-01-23 17:00:00",Nederland,WindOffshoreC,Hour,UTC,Providing,Current,4312500,4312500,1.037157535553,0,0
"2025-01-23 17:00:00","2025-01-23 18:00:00",Nederland,WindOffshoreC,Hour,UTC,Providing,Current,4300000,4300000,1.0341500043869,0,0
"2025-01-23 18:00:00","2025-01-23 19:00:00",Nederland,WindOffshoreC,Hour,UTC,Providing,Current,4305000,4305000,1.0353524684906,0,0
"2025-01-23 19:00:00","2025-01-23 20:00:00",Nederland,WindOffshoreC,Hour,UTC,Providing,Current,4289749,4289749,1.0316874980927,0,0
"2025-01-23 20:00:00","2025-01-23 21:00:00",Nederland,WindOffshoreC,Hour,UTC,Providing,Current,4276250,4276250,1.0284399986267,0,0
"2025-01-23 21:00:00","2025-01-23 22:00:00",Nederland,WindOffshoreC,Hour,UTC,Providing,Current,4200750,4200750,1.0102822780609,0,0
"2025-01-23 22:00:00","2025-01-23 23:00:00",Nederland,WindOffshoreC,Hour,UTC,Providing,Current,4115750,4115750,0.98983776569366,0,0
"2025-01-23 23:00:00","2025-01-24 00:00:00",Nederland,WindOffshoreC,Hour,UTC,Providing,Current,4020250,4020250,0.9668710231781,0,0
"2025-01-24 00:00:00","2025-01-24 01:00:00",Nederland,WindOffshoreC,Hour,UTC,Providing,Current,3672999,3672999,0.88335675001144,0,0
"2025-01-24 01:00:00","2025-01-24 02:00:00",Nederland,WindOffshoreC,Hour,UTC,Providing,Current,3466750,3466750,0.8337544798851,0,0
"2025-01-24 02:00:00","2025-01-24 03:00:00",Nederland,WindOffshoreC,Hour,UTC,Providing,Current,3814750,3814750,0.91744822263718,0,0
"2025-01-24 03:00:00","2025-01-24 04:00:00",Nederland,WindOffshoreC,Hour,UTC,Providing,Current,3922249,3922249,0.94330197572708,0,0
"2025-01-24 04:00:00","2025-01-24 05:00:00",Nederland,WindOffshoreC,Hour,UTC,Providing,Current,4003249,4003249,0.9627822637558,0,0
"2025-01-24 05:00:00","2025-01-24 06:00:00",Nederland,WindOffshoreC,Hour,UTC,Providing,Current,4230000,4230000,1.0173152685165,0,0
"2025-01-24 06:00:00","2025-01-24 07:00:00",Nederland,WindOffshoreC,Hour,UTC,Providing,Current,4252250,4252250,1.0226675271988,0,0
"2025-01-24 07:00:00","2025-01-24 08:00:00",Nederland,WindOffshoreC,Hour,UTC,Providing,Current,4281250,4281250,1.0296399593353,0,0
"2025-01-24 08:00:00","2025-01-24 09:00:00",Nederland,WindOffshoreC,Hour,UTC,Providing,Current,4277250,4277250,1.0286799669266,0,0
"2025-01-24 09:00:00","2025-01-24 10:00:00",Nederland,WindOffshoreC,Hour,UTC,Providing,Current,4220250,4220250,1.0149674415588,0,0
"2025-01-24 10:00:00","2025-01-24 11:00:00",Nederland,WindOffshoreC,Hour,UTC,Providing,Current,4098249,4098249,0.98562997579575,0,0
"2025-01-24 11:00:00","2025-01-24 12:00:00",Nederland,WindOffshoreC,Hour,UTC,Providing,Current,4119750,4119750,0.99080073833466,0,0
"2025-01-24 12:00:00","2025-01-24 13:00:00",Nederland,WindOffshoreC,Hour,UTC,Providing,Current,4139001,4139001,0.99543052911758,0,0
"2025-01-24 13:00:00","2025-01-24 14:00:00",Nederland,WindOffshoreC,Hour,UTC,Providing,Current,4133500,4133500,0.99410700798035,0,0
"2025-01-24 14:00:00","2025-01-24 15:00:00",Nederland,WindOffshoreC,Hour,UTC,Providing,Current,4170000,4170000,1.0028860569,0,0
"2025-01-24 15:00:00","2025-01-24 16:00:00",Nederland,WindOffshoreC,Hour,UTC,Providing,Current,4079000,4079000,0.98100048303604,0,0
"2025-01-24 16:00:00","2025-01-24 17:00:00",Nederland,WindOffshoreC,Hour,UTC,Providing,Current,4026250,4026250,0.96831399202347,0,0
"2025-01-24 17:00:00","2025-01-24 18:00:00",Nederland,WindOffshoreC,Hour,UTC,Providing,Current,4014501,4014501,0.96548849344254,0,0
"2025-01-24 18:00:00","2025-01-24 19:00:00",Nederland,WindOffshoreC,Hour,UTC,Providing,Current,3919751,3919751,0.94270122051239,0,0
"2025-01-24 19:00:00","2025-01-24 20:00:00",Nederland,WindOffshoreC,Hour,UTC,Providing,Current,3497250,3497250,0.84108924865723,0,0
"2025-01-24 20:00:00","2025-01-24 21:00:00",Nederland,WindOffshoreC,Hour,UTC,Providing,Current,3049499,3049499,0.7334052324295,0,0
"2025-01-24 21:00:00","2025-01-24 22:00:00",Nederland,WindOffshoreC,Hour,UTC,Providing,Current,2887500,2887500,0.69444447755814,0,0
"2025-01-24 22:00:00","2025-01-24 23:00:00",Nederland,WindOffshoreC,Hour,UTC,Providing,Current,2522500,2522500,0.60666173696518,0,0
"2025-01-24 23:00:00","2025-01-25 00:00:00",Nederland,WindOffshoreC,Hour,UTC,Providing,Current,2276251,2276251,0.54743874073029,0,0
"2025-01-25 00:00:00","2025-01-25 01:00:00",Nederland,WindOffshoreC,Hour,UTC,Providing,Current,2297000,2297000,0.55242902040482,0,0
"2025-01-25 01:00:00","2025-01-25 02:00:00",Nederland,WindOffshoreC,Hour,UTC,Providing,Current,1863001,1863001,0.44805198907852,0,0
"2025-01-25 02:00:00","2025-01-25 03:00:00",Nederland,WindOffshoreC,Hour,UTC,Providing,Current,1687749,1687749,0.40590426325798,0,0
"2025-01-25 03:00:00","2025-01-25 04:00:00",Nederland,WindOffshoreC,Hour,UTC,Providing,Current,1401500,1401500,0.33706125617027,0,0
"2025-01-25 04:00:00","2025-01-25 05:00:00",Nederland,WindOffshoreC,Hour,UTC,Providing,Current,1263001,1263001,0.30375200510025,0,0
"2025-01-25 05:00:00","2025-01-25 06:00:00",Nederland,WindOffshoreC,Hour,UTC,Providing,Current,1164251,1164251,0.28000274300575,0,0
"2025-01-25 06:00:00","2025-01-25 07:00:00",Nederland,WindOffshoreC,Hour,UTC,Providing,Current,1275250,1275250,0.3066979944706,0,0
"2025-01-25 07:00:00","2025-01-25 08:00:00",Nederland,WindOffshoreC,Hour,UTC,Providing,Current,1601500,1601500,0.3851612508297,0,0
"2025-01-25 08:00:00","2025-01-25 09:00:00",Nederland,WindOffshoreC,Hour,UTC,Providing,Current,2103000,2103000,0.50577175617218,0,0
"2025-01-25 09:00:00","2025-01-25 10:00:00",Nederland,WindOffshoreC,Hour,UTC,Providing,Current,1967750,1967750,0.47324448823929,0,0
"2025-01-25 10:00:00","2025-01-25 11:00:00",Nederland,WindOffshoreC,Hour,UTC,Providing,Current,1436748,1436748,0.34553825855255,0,0
"2025-01-25 11:00:00","2025-01-25 12:00:00",Nederland,WindOffshoreC,Hour,UTC,Providing,Current,1341249,1341249,0.32257074117661,0,0
"2025-01-25 12:00:00","2025-01-25 13:00:00",Nederland,WindOffshoreC,Hour,UTC,Providing,Current,1069000,1069000,0.25709450244904,0,0
"2025-01-25 13:00:00","2025-01-25 14:00:00",Nederland,WindOffshoreC,Hour,UTC,Providing,Current,896250,896250,0.21554850041866,0,0
"2025-01-25 14:00:00","2025-01-25 15:00:00",Nederland,WindOffshoreC,Hour,UTC,Providing,Current,766751,766751,0.18440374732018,0,0
"2025-01-25 15:00:00","2025-01-25 16:00:00",Nederland,WindOffshoreC,Hour,UTC,Providing,Current,584750,584750,0.14063249528408,0,0
"2025-01-25 16:00:00","2025-01-25 17:00:00",Nederland,WindOffshoreC,Hour,UTC,Providing,Current,337501,337501,0.081169046461582,0,0
"2025-01-25 17:00:00","2025-01-25 18:00:00",Nederland,WindOffshoreC,Hour,UTC,Providing,Current,233250,233250,0.05609667673707,0,0
"2025-01-25 18:00:00","2025-01-25 19:00:00",Nederland,WindOffshoreC,Hour,UTC,Providing,Current,188500,188500,0.045334275811911,0,0
"2025-01-25 19:00:00","2025-01-25 20:00:00",Nederland,WindOffshoreC,Hour,UTC,Providing,Current,142000,142000,0.034151051193476,0,0
"2025-01-25 20:00:00","2025-01-25 21:00:00",Nederland,WindOffshoreC,Hour,UTC,Providing,Current,108750,108750,0.026154374703765,0,0
"2025-01-25 21:00:00","2025-01-25 22:00:00",Nederland,WindOffshoreC,Hour,UTC,Providing,Current,80250,80250,0.019300125539303,0,0
"2025-01-25 22:00:00","2025-01-25 23:00:00",Nederland,WindOffshoreC,Hour,UTC,Providing,Current,60250,60250,0.014490175060928,0,0
"2025-01-25 23:00:00","2025-01-26 00:00:00",Nederland,WindOffshoreC,Hour,UTC,Providing,Current,38251,38251,0.0091993799433112,0,0
"2025-01-26 00:00:00","2025-01-26 01:00:00",Nederland,WindOffshoreC,Hour,UTC,Providing,Current,22500,22500,0.005411266349256,0,0
"2025-01-26 01:00:00","2025-01-26 02:00:00",Nederland,WindOffshoreC,Hour,UTC,Providing,Current,250,250,6.0124999436084E-5,0,0
"2025-01-26 02:00:00","2025-01-26 03:00:00",Nederland,WindOffshoreC,Hour,UTC,Providing,Current,0,0,0,0,0
"2025-01-26 03:00:00","2025-01-26 04:00:00",Nederland,WindOffshoreC,Hour,UTC,Providing,Current,6750,6750,0.0016233775531873,0,0
"2025-01-26 04:00:00","2025-01-26 05:00:00",Nederland,WindOffshoreC,Hour,UTC,Providing,Current,99000,99000,0.023809500038624,0,0
"2025-01-26 05:00:00","2025-01-26 06:00:00",Nederland,WindOffshoreC,Hour,UTC,Providing,Current,268251,268251,0.064514450728893,0,0
"2025-01-26 06:00:00","2025-01-26 07:00:00",Nederland,WindOffshoreC,Hour,UTC,Providing,Current,840000,840000,0.20202000439167,0,0
"2025-01-26 07:00:00","2025-01-26 08:00:00",Nederland,WindOffshoreC,Hour,UTC,Providing,Current,1540250,1540250,0.37043049931526,0,0
"2025-01-26 08:00:00","2025-01-26 09:00:00",Nederland,WindOffshoreC,Hour,UTC,Providing,Current,2294000,2294000,0.55170750617981,0,0
"2025-01-26 09:00:00","2025-01-26 10:00:00",Nederland,WindOffshoreC,Hour,UTC,Providing,Current,2917249,2917249,0.70159900188446,0,0
"2025-01-26 10:00:00","2025-01-26 11:00:00",Nederland,WindOffshoreC,Hour,UTC,Providing,Current,3197000,3197000,0.7688792347908,0,0
"2025-01-26 11:00:00","2025-01-26 12:00:00",Nederland,WindOffshoreC,Hour,UTC,Providing,Current,3434000,3434000,0.82587772607803,0,0
"2025-01-26 12:00:00","2025-01-26 13:00:00",Nederland,WindOffshoreC,Hour,UTC,Providing,Current,3755749,3755749,0.90325826406479,0,0
"2025-01-26 13:00:00","2025-01-26 14:00:00",Nederland,WindOffshoreC,Hour,UTC,Providing,Current,3878001,3878001,0.93265998363495,0,0
"2025-01-26 14:00:00","2025-01-26 15:00:00",Nederland,WindOffshoreC,Hour,UTC,Providing,Current,4007250,4007250,0.96374452114105,0,0
"2025-01-26 15:00:00","2025-01-26 16:00:00",Nederland,WindOffshoreC,Hour,UTC,Providing,Current,4146750,4146750,0.99729377031326,0,0
"2025-01-26 16:00:00","2025-01-26 17:00:00",Nederland,WindOffshoreC,Hour,UTC,Providing,Current,4111749,4111749,0.98887676000595,0,0
"2025-01-26 17:00:00","2025-01-26 18:00:00",Nederland,WindOffshoreC,Hour,UTC,Providing,Current,4271501,4271501,1.0272949934006,0,0
"2025-01-26 18:00:00","2025-01-26 19:00:00",Nederland,WindOffshoreC,Hour,UTC,Providing,Current,4261752,4261752,1.0249525308609,0,0
"2025-01-26 19:00:00","2025-01-26 20:00:00",Nederland,WindOffshoreC,Hour,UTC,Providing,Current,4289751,4289751,1.0316900014877,0,0
"2025-01-26 20:00:00","2025-01-26 21:00:00",Nederland,WindOffshoreC,Hour,UTC,Providing,Current,4288750,4288750,1.0314450263977,0,0
"2025-01-26 21:00:00","2025-01-26 22:00:00",Nederland,WindOffshoreC,Hour,UTC,Providing,Current,4276499,4276499,1.0284999608994,0,0
"2025-01-26 22:00:00","2025-01-26 23:00:00",Nederland,WindOffshoreC,Hour,UTC,Providing,Current,4222000,4222000,1.0153925418854,0,0
"2025-01-26 23:00:00","2025-01-27 00:00:00",Nederland,WindOffshoreC,Hour,UTC,Providing,Current,4229750,4229750,1.0172574520111,0,0
"2025-01-27 00:00:00","2025-01-27 01:00:00",Nederland,WindOffshoreC,Hour,UTC,Providing,Current,4179999,4179999,1.0052902698517,0,0
"2025-01-27 01:00:00","2025-01-27 02:00:00",Nederland,WindOffshoreC,Hour,UTC,Providing,Current,4156749,4156749,0.99970000982285,0,0
"2025-01-27 02:00:00","2025-01-27 03:00:00",Nederland,WindOffshoreC,Hour,UTC,Providing,Current,4174999,4174999,1.0040889978409,0,0
"2025-01-27 03:00:00","2025-01-27 04:00:00",Nederland,WindOffshoreC,Hour,UTC,Providing,Current,4101499,4101499,0.98641151189804,0,0
"2025-01-27 04:00:00","2025-01-27 05:00:00",Nederland,WindOffshoreC,Hour,UTC,Providing,Current,4148500,4148500,0.99771398305893,0,0
"2025-01-27 05:00:00","2025-01-27 06:00:00",Nederland,WindOffshoreC,Hour,UTC,Providing,Current,4193750,4193750,1.008598446846,0,0
"2025-01-27 06:00:00","2025-01-27 07:00:00",Nederland,WindOffshoreC,Hour,UTC,Providing,Current,4130751,4130751,0.99344575405121,0,0
"2025-01-27 07:00:00","2025-01-27 08:00:00",Nederland,WindOffshoreC,Hour,UTC,Providing,Current,4116749,4116749,0.99007850885391,0,0
"2025-01-27 08:00:00","2025-01-27 09:00:00",Nederland,WindOffshoreC,Hour,UTC,Providing,Current,4059250,4059250,0.97624999284744,0,0
"2025-01-27 09:00:00","2025-01-27 10:00:00",Nederland,WindOffshoreC,Hour,UTC,Providing,Current,3439001,3439001,0.82708048820496,0,0
"2025-01-27 10:00:00","2025-01-27 11:00:00",Nederland,WindOffshoreC,Hour,UTC,Providing,Current,3221250,3221250,0.77471125125885,0,0
"2025-01-27 11:00:00","2025-01-27 12:00:00",Nederland,WindOffshoreC,Hour,UTC,Providing,Current,3724500,3724500,0.89574325084686,0,0
"2025-01-27 12:00:00","2025-01-27 13:00:00",Nederland,WindOffshoreC,Hour,UTC,Providing,Current,3682250,3682250,0.88558197021484,0,0
"2025-01-27 13:00:00","2025-01-27 14:00:00",Nederland,WindOffshoreC,Hour,UTC,Providing,Current,4024749,4024749,0.96795302629471,0,0
"2025-01-27 14:00:00","2025-01-27 15:00:00",Nederland,WindOffshoreC,Hour,UTC,Providing,Current,3898750,3898750,0.9376500248909,0,0
"2025-01-27 15:00:00","2025-01-27 16:00:00",Nederland,WindOffshoreC,Hour,UTC,Providing,Current,4013749,4013749,0.96530550718307,0,0
"2025-01-27 16:00:00","2025-01-27 17:00:00",Nederland,WindOffshoreC,Hour,UTC,Providing,Current,4131750,4131750,0.99368900060654,0,0
"2025-01-27 17:00:00","2025-01-27 18:00:00",Nederland,WindOffshoreC,Hour,UTC,Providing,Current,4210250,4210250,1.0125650167465,0,0
"2025-01-27 18:00:00","2025-01-27 19:00:00",Nederland,WindOffshoreC,Hour,UTC,Providing,Current,4207501,4207501,1.0119074583054,0,0
"2025-01-27 19:00:00","2025-01-27 20:00:00",Nederland,WindOffshoreC,Hour,UTC,Providing,Current,4248750,4248750,1.0218249559402,0,0
"2025-01-27 20:00:00","2025-01-27 21:00:00",Nederland,WindOffshoreC,Hour,UTC,Providing,Current,4230249,4230249,1.0173749923706,0,0
"2025-01-27 21:00:00","2025-01-27 22:00:00",Nederland,WindOffshoreC,Hour,UTC,Providing,Current,4235501,4235501,1.0186350345612,0,0
"2025-01-27 22:00:00","2025-01-27 23:00:00",Nederland,WindOffshoreC,Hour,UTC,Providing,Current,4237250,4237250,1.0190600156784,0,0
"2025-01-27 23:00:00","2025-01-28 00:00:00",Nederland,WindOffshoreC,Hour,UTC,Providing,Current,4154751,4154751,0.99921822547913,0,0
"2025-01-28 00:00:00","2025-01-28 01:00:00",Nederland,WindOffshoreC,Hour,UTC,Providing,Current,4074250,4074250,0.97985798120499,0,0
"2025-01-28 01:00:00","2025-01-28 02:00:00",Nederland,WindOffshoreC,Hour,UTC,Providing,Current,4189500,4189500,1.0075769424438,0,0
"2025-01-28 02:00:00","2025-01-28 03:00:00",Nederland,WindOffshoreC,Hour,UTC,Providing,Current,4258001,4258001,1.0240499973297,0,0
"2025-01-28 03:00:00","2025-01-28 04:00:00",Nederland,WindOffshoreC,Hour,UTC,Providing,Current,4173500,4173500,1.003724694252,0,0
"2025-01-28 04:00:00","2025-01-28 05:00:00",Nederland,WindOffshoreC,Hour,UTC,Providing,Current,4156751,4156751,0.99969947338104,0,0
"2025-01-28 05:00:00","2025-01-28 06:00:00",Nederland,WindOffshoreC,Hour,UTC,Providing,Current,3826250,3826250,0.92021399736404,0,0
"2025-01-28 06:00:00","2025-01-28 07:00:00",Nederland,WindOffshoreC,Hour,UTC,Providing,Current,4175000,4175000,1.0040889978409,0,0
"2025-01-28 07:00:00","2025-01-28 08:00:00",Nederland,WindOffshoreC,Hour,UTC,Providing,Current,4190750,4190750,1.0078749656677,0,0
"2025-01-28 08:00:00","2025-01-28 09:00:00",Nederland,WindOffshoreC,Hour,UTC,Providing,Current,4148501,4148501,0.99771499633789,0,0
"2025-01-28 09:00:00","2025-01-28 10:00:00",Nederland,WindOffshoreC,Hour,UTC,Providing,Current,3958000,3958000,0.951899766922,0,0
"2025-01-28 10:00:00","2025-01-28 11:00:00",Nederland,WindOffshoreC,Hour,UTC,Providing,Current,4057001,4057001,0.97570949792862,0,0
"2025-01-28 11:00:00","2025-01-28 12:00:00",Nederland,WindOffshoreC,Hour,UTC,Providing,Current,4167500,4167500,1.0022834539413,0,0
"2025-01-28 12:00:00","2025-01-28 13:00:00",Nederland,WindOffshoreC,Hour,UTC,Providing,Current,4172250,4172250,1.0034300088882,0,0
"2025-01-28 13:00:00","2025-01-28 14:00:00",Nederland,WindOffshoreC,Hour,UTC,Providing,Current,4201250,4201250,1.010400056839,0,0
"2025-01-28 14:00:00","2025-01-28 15:00:00",Nederland,WindOffshoreC,Hour,UTC,Providing,Current,4216000,4216000,1.0139474868774,0,0
"2025-01-28 15:00:00","2025-01-28 16:00:00",Nederland,WindOffshoreC,Hour,UTC,Providing,Current,4112250,4112250,0.98899722099304,0,0
"2025-01-28 16:00:00","2025-01-28 17:00:00",Nederland,WindOffshoreC,Hour,UTC,Providing,Current,4149501,4149501,0.9979550242424,0,0
"2025-01-28 17:00:00","2025-01-28 18:00:00",Nederland,WindOffshoreC,Hour,UTC,Providing,Current,4204250,4204250,1.0111199617386,0,0
"2025-01-28 18:00:00","2025-01-28 19:00:00",Nederland,WindOffshoreC,Hour,UTC,Providing,Current,4174000,4174000,1.0038474798203,0,0
"2025-01-28 19:00:00","2025-01-28 20:00:00",Nederland,WindOffshoreC,Hour,UTC,Providing,Current,4151999,4151999,0.99855697154999,0,0
"2025-01-28 20:00:00","2025-01-28 21:00:00",Nederland,WindOffshoreC,Hour,UTC,Providing,Current,4143249,4143249,0.99645125865936,0,0
"2025-01-28 21:00:00","2025-01-28 22:00:00",Nederland,WindOffshoreC,Hour,UTC,Providing,Current,3981999,3981999,0.95767152309418,0,0
"2025-01-28 22:00:00","2025-01-28 23:00:00",Nederland,WindOffshoreC,Hour,UTC,Providing,Current,3765500,3765500,0.90560376644135,0,0
"2025-01-28 23:00:00","2025-01-29 00:00:00",Nederland,WindOffshoreC,Hour,UTC,Providing,Current,3636750,3636750,0.87463927268982,0,0
"2025-01-29 00:00:00","2025-01-29 01:00:00",Nederland,WindOffshoreC,Hour,UTC,Providing,Current,3730751,3730751,0.89724624156952,0,0
"2025-01-29 01:00:00","2025-01-29 02:00:00",Nederland,WindOffshoreC,Hour,UTC,Providing,Current,3934750,3934750,0.94630825519562,0,0
"2025-01-29 02:00:00","2025-01-29 03:00:00",Nederland,WindOffshoreC,Hour,UTC,Providing,Current,3660751,3660751,0.88041150569916,0,0
"2025-01-29 03:00:00","2025-01-29 04:00:00",Nederland,WindOffshoreC,Hour,UTC,Providing,Current,3768000,3768000,0.90620476007462,0,0
"2025-01-29 04:00:00","2025-01-29 05:00:00",Nederland,WindOffshoreC,Hour,UTC,Providing,Current,3561501,3561501,0.85654199123383,0,0
"2025-01-29 05:00:00","2025-01-29 06:00:00",Nederland,WindOffshoreC,Hour,UTC,Providing,Current,3616749,3616749,0.86982876062393,0,0
"2025-01-29 06:00:00","2025-01-29 07:00:00",Nederland,WindOffshoreC,Hour,UTC,Providing,Current,3540750,3540750,0.85155123472214,0,0
"2025-01-29 07:00:00","2025-01-29 08:00:00",Nederland,WindOffshoreC,Hour,UTC,Providing,Current,3685000,3685000,0.88624322414398,0,0
"2025-01-29 08:00:00","2025-01-29 09:00:00",Nederland,WindOffshoreC,Hour,UTC,Providing,Current,3611000,3611000,0.86844623088837,0,0
"2025-01-29 09:00:00","2025-01-29 10:00:00",Nederland,WindOffshoreC,Hour,UTC,Providing,Current,3220251,3220251,0.77447122335434,0,0
"2025-01-29 10:00:00","2025-01-29 11:00:00",Nederland,WindOffshoreC,Hour,UTC,Providing,Current,3085500,3085500,0.74206352233887,0,0
"2025-01-29 11:00:00","2025-01-29 12:00:00",Nederland,WindOffshoreC,Hour,UTC,Providing,Current,2805500,2805500,0.67472350597382,0,0
"2025-01-29 12:00:00","2025-01-29 13:00:00",Nederland,WindOffshoreC,Hour,UTC,Providing,Current,2630500,2630500,0.63263577222824,0,0
"2025-01-29 13:00:00","2025-01-29 14:00:00",Nederland,WindOffshoreC,Hour,UTC,Providing,Current,2225751,2225751,0.53529351949692,0,0
"2025-01-29 14:00:00","2025-01-29 15:00:00",Nederland,WindOffshoreC,Hour,UTC,Providing,Current,1970750,1970750,0.47396600246429,0,0
"2025-01-29 15:00:00","2025-01-29 16:00:00",Nederland,WindOffshoreC,Hour,UTC,Providing,Current,1761999,1761999,0.42376148700714,0,0
"2025-01-29 16:00:00","2025-01-29 17:00:00",Nederland,WindOffshoreC,Hour,UTC,Providing,Current,1785000,1785000,0.42929273843765,0,0
"2025-01-29 17:00:00","2025-01-29 18:00:00",Nederland,WindOffshoreC,Hour,UTC,Providing,Current,1506250,1506250,0.36225348711014,0,0
"2025-01-29 18:00:00","2025-01-29 19:00:00",Nederland,WindOffshoreC,Hour,UTC,Providing,Current,1186750,1186750,0.28541350364685,0,0
"2025-01-29 19:00:00","2025-01-29 20:00:00",Nederland,WindOffshoreC,Hour,UTC,Providing,Current,896250,896250,0.21554824709892,0,0
"2025-01-29 20:00:00","2025-01-29 21:00:00",Nederland,WindOffshoreC,Hour,UTC,Providing,Current,746250,746250,0.1794735044241,0,0
"2025-01-29 21:00:00","2025-01-29 22:00:00",Nederland,WindOffshoreC,Hour,UTC,Providing,Current,665001,665001,0.15993300080299,0,0
"2025-01-29 22:00:00","2025-01-29 23:00:00",Nederland,WindOffshoreC,Hour,UTC,Providing,Current,612500,612500,0.14730650186539,0,0
"2025-01-29 23:00:00","2025-01-30 00:00:00",Nederland,WindOffshoreC,Hour,UTC,Providing,Current,570500,570500,0.1372054964304,0,0
"2025-01-30 00:00:00","2025-01-30 01:00:00",Nederland,WindOffshoreC,Hour,UTC,Providing,Current,587250,587250,0.14123375713825,0,0
"2025-01-30 01:00:00","2025-01-30 02:00:00",Nederland,WindOffshoreC,Hour,UTC,Providing,Current,572750,572750,0.1377464979887,0,0
"2025-01-30 02:00:00","2025-01-30 03:00:00",Nederland,WindOffshoreC,Hour,UTC,Providing,Current,631250,631250,0.151815995574,0,0
"2025-01-30 03:00:00","2025-01-30 04:00:00",Nederland,WindOffshoreC,Hour,UTC,Providing,Current,852000,852000,0.20490625500679,0,0
"2025-01-30 04:00:00","2025-01-30 05:00:00",Nederland,WindOffshoreC,Hour,UTC,Providing,Current,1164500,1164500,0.28006276488304,0,0
"2025-01-30 05:00:00","2025-01-30 06:00:00",Nederland,WindOffshoreC,Hour,UTC,Providing,Current,1146500,1146500,0.27573350071907,0,0
"2025-01-30 06:00:00","2025-01-30 07:00:00",Nederland,WindOffshoreC,Hour,UTC,Providing,Current,1422249,1422249,0.342050999403,0,0
"2025-01-30 07:00:00","2025-01-30 08:00:00",Nederland,WindOffshoreC,Hour,UTC,Providing,Current,1513499,1513499,0.36399701237679,0,0
"2025-01-30 08:00:00","2025-01-30 09:00:00",Nederland,WindOffshoreC,Hour,UTC,Providing,Current,1690750,1690750,0.40662574768066,0,0
"2025-01-30 09:00:00","2025-01-30 10:00:00",Nederland,WindOffshoreC,Hour,UTC,Providing,Current,1712000,1712000,0.41173675656319,0,0
"2025-01-30 10:00:00","2025-01-30 11:00:00",Nederland,WindOffshoreC,Hour,UTC,Providing,Current,1823500,1823500,0.43855199217796,0,0
"2025-01-30 11:00:00","2025-01-30 12:00:00",Nederland,WindOffshoreC,Hour,UTC,Providing,Current,1888500,1888500,0.4541845023632,0,0
"2025-01-30 12:00:00","2025-01-30 13:00:00",Nederland,WindOffshoreC,Hour,UTC,Providing,Current,1682750,1682750,0.40470173954964,0,0
"2025-01-30 13:00:00","2025-01-30 14:00:00",Nederland,WindOffshoreC,Hour,UTC,Providing,Current,1287000,1287000,0.30952399969101,0,0
"2025-01-30 14:00:00","2025-01-30 15:00:00",Nederland,WindOffshoreC,Hour,UTC,Providing,Current,1361250,1361250,0.32738101482391,0,0
"2025-01-30 15:00:00","2025-01-30 16:00:00",Nederland,WindOffshoreC,Hour,UTC,Providing,Current,1476000,1476000,0.35497850179672,0,0
"2025-01-30 16:00:00","2025-01-30 17:00:00",Nederland,WindOffshoreC,Hour,UTC,Providing,Current,1563000,1563000,0.37590175867081,0,0
"2025-01-30 17:00:00","2025-01-30 18:00:00",Nederland,WindOffshoreC,Hour,UTC,Providing,Current,1996250,1996250,0.48009875416756,0,0
"2025-01-30 18:00:00","2025-01-30 19:00:00",Nederland,WindOffshoreC,Hour,UTC,Providing,Current,2145751,2145751,0.51605373620987,0,0
"2025-01-30 19:00:00","2025-01-30 20:00:00",Nederland,WindOffshoreC,Hour,UTC,Providing,Current,2123500,2123500,0.510702252388,0,0
"2025-01-30 20:00:00","2025-01-30 21:00:00",Nederland,WindOffshoreC,Hour,UTC,Providing,Current,1864750,1864750,0.44847273826599,0,0
"2025-01-30 21:00:00","2025-01-30 22:00:00",Nederland,WindOffshoreC,Hour,UTC,Providing,Current,1327250,1327250,0.31920376420021,0,0
"2025-01-30 22:00:00","2025-01-30 23:00:00",Nederland,WindOffshoreC,Hour,UTC,Providing,Current,1322000,1322000,0.3179412484169,0,0
"2025-01-30 23:00:00","2025-01-31 00:00:00",Nederland,WindOffshoreC,Hour,UTC,Providing,Current,1293250,1293250,0.31102699041367,0,0
"2025-01-31 00:00:00","2025-01-31 01:00:00",Nederland,WindOffshoreC,Hour,UTC,Providing,Current,1423000,1423000,0.34223175048828,0,0
"2025-01-31 01:00:00","2025-01-31 02:00:00",Nederland,WindOffshoreC,Hour,UTC,Providing,Current,1440750,1440750,0.34650075435638,0,0
"2025-01-31 02:00:00","2025-01-31 03:00:00",Nederland,WindOffshoreC,Hour,UTC,Providing,Current,1333250,1333250,0.32064700126648,0,0
"2025-01-31 03:00:00","2025-01-31 04:00:00",Nederland,WindOffshoreC,Hour,UTC,Providing,Current,1279500,1279500,0.30772000551224,0,0
"2025-01-31 04:00:00","2025-01-31 05:00:00",Nederland,WindOffshoreC,Hour,UTC,Providing,Current,1286750,1286750,0.30946373939514,0,0
"2025-01-31 05:00:00","2025-01-31 06:00:00",Nederland,WindOffshoreC,Hour,UTC,Providing,Current,1111750,1111750,0.26737600564957,0,0
"2025-01-31 06:00:00","2025-01-31 07:00:00",Nederland,WindOffshoreC,Hour,UTC,Providing,Current,1055499,1055499,0.25384774804115,0,0
"2025-01-31 07:00:00","2025-01-31 08:00:00",Nederland,WindOffshoreC,Hour,UTC,Providing,Current,1009250,1009250,0.24272474646568,0,0
"2025-01-31 08:00:00","2025-01-31 09:00:00",Nederland,WindOffshoreC,Hour,UTC,Providing,Current,792250,792250,0.1905362457037,0,0
"2025-01-31 09:00:00","2025-01-31 10:00:00",Nederland,WindOffshoreC,Hour,UTC,Providing,Current,746001,746001,0.17941324412823,0,0
"2025-01-31 10:00:00","2025-01-31 11:00:00",Nederland,WindOffshoreC,Hour,UTC,Providing,Current,697000,697000,0.16762875020504,0,0
"2025-01-31 11:00:00","2025-01-31 12:00:00",Nederland,WindOffshoreC,Hour,UTC,Providing,Current,697250,697250,0.16768875718117,0,0
"2025-01-31 12:00:00","2025-01-31 13:00:00",Nederland,WindOffshoreC,Hour,UTC,Providing,Current,607500,607500,0.14610375463963,0,0
"2025-01-31 13:00:00","2025-01-31 14:00:00",Nederland,WindOffshoreC,Hour,UTC,Providing,Current,566000,566000,0.13612325489521,0,0
"2025-01-31 14:00:00","2025-01-31 15:00:00",Nederland,WindOffshoreC,Hour,UTC,Providing,Current,529500,529500,0.1273447573185,0,0
"2025-01-31 15:00:00","2025-01-31 16:00:00",Nederland,WindOffshoreC,Hour,UTC,Providing,Current,498250,498250,0.11982925236225,0,0
"2025-01-31 16:00:00","2025-01-31 17:00:00",Nederland,WindOffshoreC,Hour,UTC,Providing,Current,593751,593751,0.1427974998951,0,0
"2025-01-31 17:00:00","2025-01-31 18:00:00",Nederland,WindOffshoreC,Hour,UTC,Providing,Current,427750,427750,0.10287389904261,0,0
"2025-01-31 18:00:00","2025-01-31 19:00:00",Nederland,WindOffshoreC,Hour,UTC,Providing,Current,388750,388750,0.093494452536106,0,0
"2025-01-31 19:00:00","2025-01-31 20:00:00",Nederland,WindOffshoreC,Hour,UTC,Providing,Current,312250,312250,0.075096227228642,0,0
"2025-01-31 20:00:00","2025-01-31 21:00:00",Nederland,WindOffshoreC,Hour,UTC,Providing,Current,269751,269751,0.064875178039074,0,0
"2025-01-31 21:00:00","2025-01-31 22:00:00",Nederland,WindOffshoreC,Hour,UTC,Providing,Current,215250,215250,0.05176767334342,0,0
"2025-01-31 22:00:00","2025-01-31 23:00:00",Nederland,WindOffshoreC,Hour,UTC,Providing,Current,182250,182250,0.043831173330545,0,0
"2025-01-31 23:00:00","2025-02-01 00:00:00",Nederland,WindOffshoreC,Hour,UTC,Providing,Current,148501,148501,0.03571455180645,0,0
"2025-02-01 00:00:00","2025-02-01 01:00:00",Nederland,WindOffshoreC,Hour,UTC,Providing,Current,81250,81250,0.019540650770068,0,0
"2025-02-01 01:00:00","2025-02-01 02:00:00",Nederland,WindOffshoreC,Hour,UTC,Providing,Current,103249,103249,0.024831399321556,0,0
"2025-02-01 02:00:00","2025-02-01 03:00:00",Nederland,WindOffshoreC,Hour,UTC,Providing,Current,81252,81252,0.019541125744581,0,0
"2025-02-01 03:00:00","2025-02-01 04:00:00",Nederland,WindOffshoreC,Hour,UTC,Providing,Current,88500,88500,0.021284274756908,0,0
"2025-02-01 04:00:00","2025-02-01 05:00:00",Nederland,WindOffshoreC,Hour,UTC,Providing,Current,24251,24251,0.0058323726989329,0,0
"2025-02-01 05:00:00","2025-02-01 06:00:00",Nederland,WindOffshoreC,Hour,UTC,Providing,Current,17750,17750,0.0042688776738942,0,0
"2025-02-01 06:00:00","2025-02-01 07:00:00",Nederland,WindOffshoreC,Hour,UTC,Providing,Current,13250,13250,0.0031866275239736,0,0
"2025-02-01 07:00:00","2025-02-01 08:00:00",Nederland,WindOffshoreC,Hour,UTC,Providing,Current,77500,77500,0.018638774752617,0,0
"2025-02-01 08:00:00","2025-02-01 09:00:00",Nederland,WindOffshoreC,Hour,UTC,Providing,Current,156500,156500,0.037638276815414,0,0
"2025-02-01 09:00:00","2025-02-01 10:00:00",Nederland,WindOffshoreC,Hour,UTC,Providing,Current,299499,299499,0.07202959805727,0,0
"2025-02-01 10:00:00","2025-02-01 11:00:00",Nederland,WindOffshoreC,Hour,UTC,Providing,Current,349500,349500,0.084054827690125,0,0
"2025-02-01 11:00:00","2025-02-01 12:00:00",Nederland,WindOffshoreC,Hour,UTC,Providing,Current,334500,334500,0.080447323620319,0,0
"2025-02-01 12:00:00","2025-02-01 13:00:00",Nederland,WindOffshoreC,Hour,UTC,Providing,Current,216501,216501,0.052068550139666,0,0
"2025-02-01 13:00:00","2025-02-01 14:00:00",Nederland,WindOffshoreC,Hour,UTC,Providing,Current,118752,118752,0.028559874743223,0,0
"2025-02-01 14:00:00","2025-02-01 15:00:00",Nederland,WindOffshoreC,Hour,UTC,Providing,Current,41001,41001,0.0098607549443841,0,0
"2025-02-01 15:00:00","2025-02-01 16:00:00",Nederland,WindOffshoreC,Hour,UTC,Providing,Current,46000,46000,0.011063002049923,0,0
"2025-02-01 16:00:00","2025-02-01 17:00:00",Nederland,WindOffshoreC,Hour,UTC,Providing,Current,178001,178001,0.042809274047613,0,0
"2025-02-01 17:00:00","2025-02-01 18:00:00",Nederland,WindOffshoreC,Hour,UTC,Providing,Current,447750,447750,0.10768405348063,0,0
"2025-02-01 18:00:00","2025-02-01 19:00:00",Nederland,WindOffshoreC,Hour,UTC,Providing,Current,542000,542000,0.13035100698471,0,0
"2025-02-01 19:00:00","2025-02-01 20:00:00",Nederland,WindOffshoreC,Hour,UTC,Providing,Current,646752,646752,0.15554374456406,0,0
"2025-02-01 20:00:00","2025-02-01 21:00:00",Nederland,WindOffshoreC,Hour,UTC,Providing,Current,684250,684250,0.1645624935627,0,0
"2025-02-01 21:00:00","2025-02-01 22:00:00",Nederland,WindOffshoreC,Hour,UTC,Providing,Current,1002500,1002500,0.24110150337219,0,0
"2025-02-01 22:00:00","2025-02-01 23:00:00",Nederland,WindOffshoreC,Hour,UTC,Providing,Current,1163751,1163751,0.27988249063492,0,0
"2025-02-01 23:00:00","2025-02-02 00:00:00",Nederland,WindOffshoreC,Hour,UTC,Providing,Current,1458001,1458001,0.35064950585365,0,0
"2025-02-02 00:00:00","2025-02-02 01:00:00",Nederland,WindOffshoreC,Hour,UTC,Providing,Current,1337001,1337001,0.32154899835587,0,0
"2025-02-02 01:00:00","2025-02-02 02:00:00",Nederland,WindOffshoreC,Hour,UTC,Providing,Current,723750,723750,0.17406225204468,0,0
"2025-02-02 02:00:00","2025-02-02 03:00:00",Nederland,WindOffshoreC,Hour,UTC,Providing,Current,364750,364750,0.087722428143024,0,0
"2025-02-02 03:00:00","2025-02-02 04:00:00",Nederland,WindOffshoreC,Hour,UTC,Providing,Current,223501,223501,0.053752049803734,0,0
"2025-02-02 04:00:00","2025-02-02 05:00:00",Nederland,WindOffshoreC,Hour,UTC,Providing,Current,336000,336000,0.080808222293854,0,0
"2025-02-02 05:00:00","2025-02-02 06:00:00",Nederland,WindOffshoreC,Hour,UTC,Providing,Current,594500,594500,0.14297725260258,0,0
"2025-02-02 06:00:00","2025-02-02 07:00:00",Nederland,WindOffshoreC,Hour,UTC,Providing,Current,624250,624250,0.15013225376606,0,0
"2025-02-02 07:00:00","2025-02-02 08:00:00",Nederland,WindOffshoreC,Hour,UTC,Providing,Current,580750,580750,0.13967050611973,0,0
"2025-02-02 08:00:00","2025-02-02 09:00:00",Nederland,WindOffshoreC,Hour,UTC,Providing,Current,679251,679251,0.16336025297642,0,0
"2025-02-02 09:00:00","2025-02-02 10:00:00",Nederland,WindOffshoreC,Hour,UTC,Providing,Current,583000,583000,0.14021149277687,0,0
"2025-02-02 10:00:00","2025-02-02 11:00:00",Nederland,WindOffshoreC,Hour,UTC,Providing,Current,525750,525750,0.12644299864769,0,0
"2025-02-02 11:00:00","2025-02-02 12:00:00",Nederland,WindOffshoreC,Hour,UTC,Providing,Current,355000,355000,0.08537757396698,0,0
"2025-02-02 12:00:00","2025-02-02 13:00:00",Nederland,WindOffshoreC,Hour,UTC,Providing,Current,218250,218250,0.052489176392555,0,0
"2025-02-02 13:00:00","2025-02-02 14:00:00",Nederland,WindOffshoreC,Hour,UTC,Providing,Current,156000,156000,0.037518050521612,0,0
"2025-02-02 14:00:00","2025-02-02 15:00:00",Nederland,WindOffshoreC,Hour,UTC,Providing,Current,75251,75251,0.018097875639796,0,0
"2025-02-02 15:00:00","2025-02-02 16:00:00",Nederland,WindOffshoreC,Hour,UTC,Providing,Current,44250,44250,0.010642127133906,0,0
"2025-02-02 16:00:00","2025-02-02 17:00:00",Nederland,WindOffshoreC,Hour,UTC,Providing,Current,74748,74748,0.017976924777031,0,0
"2025-02-02 17:00:00","2025-02-02 18:00:00",Nederland,WindOffshoreC,Hour,UTC,Providing,Current,156500,156500,0.037638299167156,0,0
"2025-02-02 18:00:00","2025-02-02 19:00:00",Nederland,WindOffshoreC,Hour,UTC,Providing,Current,209251,209251,0.050324898213148,0,0
"2025-02-02 19:00:00","2025-02-02 20:00:00",Nederland,WindOffshoreC,Hour,UTC,Providing,Current,182000,182000,0.043771024793386,0,0
"2025-02-02 20:00:00","2025-02-02 21:00:00",Nederland,WindOffshoreC,Hour,UTC,Providing,Current,201750,201750,0.048520926386118,0,0
"2025-02-02 21:00:00","2025-02-02 22:00:00",Nederland,WindOffshoreC,Hour,UTC,Providing,Current,266001,266001,0.063973300158978,0,0
"2025-02-02 22:00:00","2025-02-02 23:00:00",Nederland,WindOffshoreC,Hour,UTC,Providing,Current,282500,282500,0.067941322922707,0,0
"2025-02-02 23:00:00","2025-02-03 00:00:00",Nederland,WindOffshoreC,Hour,UTC,Providing,Current,380000,380000,0.091389998793602,0,0
"2025-02-03 00:00:00","2025-02-03 01:00:00",Nederland,WindOffshoreC,Hour,UTC,Providing,Current,548999,548999,0.13203425705433,0,0
"2025-02-03 01:00:00","2025-02-03 02:00:00",Nederland,WindOffshoreC,Hour,UTC,Providing,Current,711250,711250,0.17105574905872,0,0
"2025-02-03 02:00:00","2025-02-03 03:00:00",Nederland,WindOffshoreC,Hour,UTC,Providing,Current,572499,572499,0.13768625259399,0,0
"2025-02-03 03:00:00","2025-02-03 04:00:00",Nederland,WindOffshoreC,Hour,UTC,Providing,Current,588001,588001,0.14141449332237,0,0
"2025-02-03 04:00:00","2025-02-03 05:00:00",Nederland,WindOffshoreC,Hour,UTC,Providing,Current,386499,386499,0.09295304864645,0,0
"2025-02-03 05:00:00","2025-02-03 06:00:00",Nederland,WindOffshoreC,Hour,UTC,Providing,Current,173250,173250,0.041666649281979,0,0
"2025-02-03 06:00:00","2025-02-03 07:00:00",Nederland,WindOffshoreC,Hour,UTC,Providing,Current,238499,238499,0.05735907331109,0,0
"2025-02-03 07:00:00","2025-02-03 08:00:00",Nederland,WindOffshoreC,Hour,UTC,Providing,Current,354251,354251,0.085197448730469,0,0
"2025-02-03 08:00:00","2025-02-03 09:00:00",Nederland,WindOffshoreC,Hour,UTC,Providing,Current,593500,593500,0.14273674786091,0,0
"2025-02-03 09:00:00","2025-02-03 10:00:00",Nederland,WindOffshoreC,Hour,UTC,Providing,Current,646749,646749,0.155542999506,0,0
"2025-02-03 10:00:00","2025-02-03 11:00:00",Nederland,WindOffshoreC,Hour,UTC,Providing,Current,675749,675749,0.16251750290394,0,0
"2025-02-03 11:00:00","2025-02-03 12:00:00",Nederland,WindOffshoreC,Hour,UTC,Providing,Current,791249,791249,0.19029575586319,0,0
"2025-02-03 12:00:00","2025-02-03 13:00:00",Nederland,WindOffshoreC,Hour,UTC,Providing,Current,675999,675999,0.16257774829865,0,0
"2025-02-03 13:00:00","2025-02-03 14:00:00",Nederland,WindOffshoreC,Hour,UTC,Providing,Current,722749,722749,0.17382100224495,0,0
"2025-02-03 14:00:00","2025-02-03 15:00:00",Nederland,WindOffshoreC,Hour,UTC,Providing,Current,804750,804750,0.19354249536991,0,0
"2025-02-03 15:00:00","2025-02-03 16:00:00",Nederland,WindOffshoreC,Hour,UTC,Providing,Current,843252,843252,0.2028022557497,0,0
"2025-02-03 16:00:00","2025-02-03 17:00:00",Nederland,WindOffshoreC,Hour,UTC,Providing,Current,837500,837500,0.20141899585724,0,0
"2025-02-03 17:00:00","2025-02-03 18:00:00",Nederland,WindOffshoreC,Hour,UTC,Providing,Current,1058749,1058749,0.2546294927597,0,0
"2025-02-03 18:00:00","2025-02-03 19:00:00",Nederland,WindOffshoreC,Hour,UTC,Providing,Current,1147250,1147250,0.27591401338577,0,0
"2025-02-03 19:00:00","2025-02-03 20:00:00",Nederland,WindOffshoreC,Hour,UTC,Providing,Current,1266000,1266000,0.30447325110435,0,0
"2025-02-03 20:00:00","2025-02-03 21:00:00",Nederland,WindOffshoreC,Hour,UTC,Providing,Current,1670500,1670500,0.40175575017929,0,0
"2025-02-03 21:00:00","2025-02-03 22:00:00",Nederland,WindOffshoreC,Hour,UTC,Providing,Current,1659501,1659501,0.39911025762558,0,0
"2025-02-03 22:00:00","2025-02-03 23:00:00",Nederland,WindOffshoreC,Hour,UTC,Providing,Current,1551498,1551498,0.37313601374626,0,0
"2025-02-03 23:00:00","2025-02-04 00:00:00",Nederland,WindOffshoreC,Hour,UTC,Providing,Current,1635252,1635252,0.39327874779701,0,0
"2025-02-04 00:00:00","2025-02-04 01:00:00",Nederland,WindOffshoreC,Hour,UTC,Providing,Current,1744250,1744250,0.41949251294136,0,0
"2025-02-04 01:00:00","2025-02-04 02:00:00",Nederland,WindOffshoreC,Hour,UTC,Providing,Current,1676750,1676750,0.40325874090195,0,0
"2025-02-04 02:00:00","2025-02-04 03:00:00",Nederland,WindOffshoreC,Hour,UTC,Providing,Current,1696750,1696750,0.40806874632835,0,0
"2025-02-04 03:00:00","2025-02-04 04:00:00",Nederland,WindOffshoreC,Hour,UTC,Providing,Current,1856251,1856251,0.44642874598503,0,0
"2025-02-04 04:00:00","2025-02-04 05:00:00",Nederland,WindOffshoreC,Hour,UTC,Providing,Current,1992750,1992750,0.47925698757172,0,0
"2025-02-04 05:00:00","2025-02-04 06:00:00",Nederland,WindOffshoreC,Hour,UTC,Providing,Current,2329500,2329500,0.56024527549744,0,0
"2025-02-04 06:00:00","2025-02-04 07:00:00",Nederland,WindOffshoreC,Hour,UTC,Providing,Current,2592000,2592000,0.62337648868561,0,0
"2025-02-04 07:00:00","2025-02-04 08:00:00",Nederland,WindOffshoreC,Hour,UTC,Providing,Current,2786000,2786000,0.67003351449966,0,0
"2025-02-04 08:00:00","2025-02-04 09:00:00",Nederland,WindOffshoreC,Hour,UTC,Providing,Current,2923248,2923248,0.70304197072983,0,0
"2025-02-04 09:00:00","2025-02-04 10:00:00",Nederland,WindOffshoreC,Hour,UTC,Providing,Current,2865750,2865750,0.689213514328,0,0
"2025-02-04 10:00:00","2025-02-04 11:00:00",Nederland,WindOffshoreC,Hour,UTC,Providing,Current,3127750,3127750,0.75222450494766,0,0
"2025-02-04 11:00:00","2025-02-04 12:00:00",Nederland,WindOffshoreC,Hour,UTC,Providing,Current,3506751,3506751,0.84337472915649,0,0
"2025-02-04 12:00:00","2025-02-04 13:00:00",Nederland,WindOffshoreC,Hour,UTC,Providing,Current,3588249,3588249,0.86297500133514,0,0
"2025-02-04 13:00:00","2025-02-04 14:00:00",Nederland,WindOffshoreC,Hour,UTC,Providing,Current,3725000,3725000,0.8958632349968,0,0
"2025-02-04 14:00:00","2025-02-04 15:00:00",Nederland,WindOffshoreC,Hour,UTC,Providing,Current,3882000,3882000,0.93362200260162,0,0
"2025-02-04 15:00:00","2025-02-04 16:00:00",Nederland,WindOffshoreC,Hour,UTC,Providing,Current,3826001,3826001,0.92015397548676,0,0
"2025-02-04 16:00:00","2025-02-04 17:00:00",Nederland,WindOffshoreC,Hour,UTC,Providing,Current,3987250,3987250,0.9589347243309,0,0
"2025-02-04 17:00:00","2025-02-04 18:00:00",Nederland,WindOffshoreC,Hour,UTC,Providing,Current,4031250,4031250,0.96951651573181,0,0
"2025-02-04 18:00:00","2025-02-04 19:00:00",Nederland,WindOffshoreC,Hour,UTC,Providing,Current,4178750,4178750,1.0049910545349,0,0
"2025-02-04 19:00:00","2025-02-04 20:00:00",Nederland,WindOffshoreC,Hour,UTC,Providing,Current,4166999,4166999,1.0021630525589,0,0
"2025-02-04 20:00:00","2025-02-04 21:00:00",Nederland,WindOffshoreC,Hour,UTC,Providing,Current,3963750,3963750,0.95328277349472,0,0
"2025-02-04 21:00:00","2025-02-04 22:00:00",Nederland,WindOffshoreC,Hour,UTC,Providing,Current,4010499,4010499,0.96452575922012,0,0
"2025-02-04 22:00:00","2025-02-04 23:00:00",Nederland,WindOffshoreC,Hour,UTC,Providing,Current,4031750,4031750,0.9696369767189,0,0
"2025-02-04 23:00:00","2025-02-05 00:00:00",Nederland,WindOffshoreC,Hour,UTC,Providing,Current,3881751,3881751,0.93356227874756,0,0
"2025-02-05 00:00:00","2025-02-05 01:00:00",Nederland,WindOffshoreC,Hour,UTC,Providing,Current,3340750,3340750,0.80345100164413,0,0
"2025-02-05 01:00:00","2025-02-05 02:00:00",Nederland,WindOffshoreC,Hour,UTC,Providing,Current,2868751,2868751,0.68993526697159,0,0
"2025-02-05 02:00:00","2025-02-05 03:00:00",Nederland,WindOffshoreC,Hour,UTC,Providing,Current,2342749,2342749,0.56343173980713,0,0
"2025-02-05 03:00:00","2025-02-05 04:00:00",Nederland,WindOffshoreC,Hour,UTC,Providing,Current,2099749,2099749,0.50498998165131,0,0
"2025-02-05 04:00:00","2025-02-05 05:00:00",Nederland,WindOffshoreC,Hour,UTC,Providing,Current,1785500,1785500,0.42941349744797,0,0
"2025-02-05 05:00:00","2025-02-05 06:00:00",Nederland,WindOffshoreC,Hour,UTC,Providing,Current,1522999,1522999,0.36628174781799,0,0
"2025-02-05 06:00:00","2025-02-05 07:00:00",Nederland,WindOffshoreC,Hour,UTC,Providing,Current,1275750,1275750,0.30681824684143,0,0
"2025-02-05 07:00:00","2025-02-05 08:00:00",Nederland,WindOffshoreC,Hour,UTC,Providing,Current,933000,933000,0.22438675165176,0,0
"2025-02-05 08:00:00","2025-02-05 09:00:00",Nederland,WindOffshoreC,Hour,UTC,Providing,Current,743500,743500,0.17881199717522,0,0
"2025-02-05 09:00:00","2025-02-05 10:00:00",Nederland,WindOffshoreC,Hour,UTC,Providing,Current,647000,647000,0.15560375154018,0,0
"2025-02-05 10:00:00","2025-02-05 11:00:00",Nederland,WindOffshoreC,Hour,UTC,Providing,Current,482250,482250,0.11598125100136,0,0
"2025-02-05 11:00:00","2025-02-05 12:00:00",Nederland,WindOffshoreC,Hour,UTC,Providing,Current,380751,380751,0.091570749878883,0,0
"2025-02-05 12:00:00","2025-02-05 13:00:00",Nederland,WindOffshoreC,Hour,UTC,Providing,Current,506000,506000,0.12169300019741,0,0
"2025-02-05 13:00:00","2025-02-05 14:00:00",Nederland,WindOffshoreC,Hour,UTC,Providing,Current,462001,462001,0.11111149936914,0,0
"2025-02-05 14:00:00","2025-02-05 15:00:00",Nederland,WindOffshoreC,Hour,UTC,Providing,Current,399500,399500,0.096079848706722,0,0
"2025-02-05 15:00:00","2025-02-05 16:00:00",Nederland,WindOffshoreC,Hour,UTC,Providing,Current,325501,325501,0.078283049166203,0,0
"2025-02-05 16:00:00","2025-02-05 17:00:00",Nederland,WindOffshoreC,Hour,UTC,Providing,Current,215750,215750,0.051887925714254,0,0
"2025-02-05 17:00:00","2025-02-05 18:00:00",Nederland,WindOffshoreC,Hour,UTC,Providing,Current,140501,140501,0.033790498971939,0,0
"2025-02-05 18:00:00","2025-02-05 19:00:00",Nederland,WindOffshoreC,Hour,UTC,Providing,Current,89750,89750,0.021584924310446,0,0
"2025-02-05 19:00:00","2025-02-05 20:00:00",Nederland,WindOffshoreC,Hour,UTC,Providing,Current,92250,92250,0.02218615077436,0,0
"2025-02-05 20:00:00","2025-02-05 21:00:00",Nederland,WindOffshoreC,Hour,UTC,Providing,Current,123501,123501,0.029702000319958,0,0
"2025-02-05 21:00:00","2025-02-05 22:00:00",Nederland,WindOffshoreC,Hour,UTC,Providing,Current,176250,176250,0.042388174682856,0,0
"2025-02-05 22:00:00","2025-02-05 23:00:00",Nederland,WindOffshoreC,Hour,UTC,Providing,Current,217499,217499,0.052308548241854,0,0
"2025-02-05 23:00:00","2025-02-06 00:00:00",Nederland,WindOffshoreC,Hour,UTC,Providing,Current,278500,278500,0.066979348659515,0,0
"2025-02-06 00:00:00","2025-02-06 01:00:00",Nederland,WindOffshoreC,Hour,UTC,Providing,Current,389250,389250,0.093614600598812,0,0
"2025-02-06 01:00:00","2025-02-06 02:00:00",Nederland,WindOffshoreC,Hour,UTC,Providing,Current,406000,406000,0.097642973065376,0,0
"2025-02-06 02:00:00","2025-02-06 03:00:00",Nederland,WindOffshoreC,Hour,UTC,Providing,Current,474250,474250,0.11405725032091,0,0
"2025-02-06 03:00:00","2025-02-06 04:00:00",Nederland,WindOffshoreC,Hour,UTC,Providing,Current,715749,715749,0.17213800549507,0,0
"2025-02-06 04:00:00","2025-02-06 05:00:00",Nederland,WindOffshoreC,Hour,UTC,Providing,Current,936249,936249,0.22516824305058,0,0
"2025-02-06 05:00:00","2025-02-06 06:00:00",Nederland,WindOffshoreC,Hour,UTC,Providing,Current,986500,986500,0.2372535020113,0,0
"2025-02-06 06:00:00","2025-02-06 07:00:00",Nederland,WindOffshoreC,Hour,UTC,Providing,Current,853250,853250,0.20520700514317,0,0
"2025-02-06 07:00:00","2025-02-06 08:00:00",Nederland,WindOffshoreC,Hour,UTC,Providing,Current,1038500,1038500,0.24975974857807,0,0
"2025-02-06 08:00:00","2025-02-06 09:00:00",Nederland,WindOffshoreC,Hour,UTC,Providing,Current,1093001,1093001,0.26286700367928,0,0
"2025-02-06 09:00:00","2025-02-06 10:00:00",Nederland,WindOffshoreC,Hour,UTC,Providing,Current,1330500,1330500,0.31998550891876,0,0
"2025-02-06 10:00:00","2025-02-06 11:00:00",Nederland,WindOffshoreC,Hour,UTC,Providing,Current,1554501,1554501,0.37385800480843,0,0
"2025-02-06 11:00:00","2025-02-06 12:00:00",Nederland,WindOffshoreC,Hour,UTC,Providing,Current,1442751,1442751,0.3469820022583,0,0
"2025-02-06 12:00:00","2025-02-06 13:00:00",Nederland,WindOffshoreC,Hour,UTC,Providing,Current,1163250,1163250,0.27976176142693,0,0
"2025-02-06 13:00:00","2025-02-06 14:00:00",Nederland,WindOffshoreC,Hour,UTC,Providing,Current,1367750,1367750,0.32894423604012,0,0
"2025-02-06 14:00:00","2025-02-06 15:00:00",Nederland,WindOffshoreC,Hour,UTC,Providing,Current,1884750,1884750,0.4532827436924,0,0
"2025-02-06 15:00:00","2025-02-06 16:00:00",Nederland,WindOffshoreC,Hour,UTC,Providing,Current,2519249,2519249,0.60588002204895,0,0
"2025-02-06 16:00:00","2025-02-06 17:00:00",Nederland,WindOffshoreC,Hour,UTC,Providing,Current,2902500,2902500,0.69805198907852,0,0
"2025-02-06 17:00:00","2025-02-06 18:00:00",Nederland,WindOffshoreC,Hour,UTC,Providing,Current,3616500,3616500,0.86976927518845,0,0
"2025-02-06 18:00:00","2025-02-06 19:00:00",Nederland,WindOffshoreC,Hour,UTC,Providing,Current,4006251,4006251,0.96350425481796,0,0
"2025-02-06 19:00:00","2025-02-06 20:00:00",Nederland,WindOffshoreC,Hour,UTC,Providing,Current,4089500,4089500,0.98352575302124,0,0
"2025-02-06 20:00:00","2025-02-06 21:00:00",Nederland,WindOffshoreC,Hour,UTC,Providing,Current,4081000,4081000,0.98148149251938,0,0
"2025-02-06 21:00:00","2025-02-06 22:00:00",Nederland,WindOffshoreC,Hour,UTC,Providing,Current,3901752,3901752,0.93837225437164,0,0
"2025-02-06 22:00:00","2025-02-06 23:00:00",Nederland,WindOffshoreC,Hour,UTC,Providing,Current,3671250,3671250,0.88293647766113,0,0
"2025-02-06 23:00:00","2025-02-07 00:00:00",Nederland,WindOffshoreC,Hour,UTC,Providing,Current,3416500,3416500,0.8216689825058,0,0
"2025-02-07 00:00:00","2025-02-07 01:00:00",Nederland,WindOffshoreC,Hour,UTC,Providing,Current,3424750,3424750,0.82365322113037,0,0
"2025-02-07 01:00:00","2025-02-07 02:00:00",Nederland,WindOffshoreC,Hour,UTC,Providing,Current,3897999,3897999,0.9374692440033,0,0
"2025-02-07 02:00:00","2025-02-07 03:00:00",Nederland,WindOffshoreC,Hour,UTC,Providing,Current,4112250,4112250,0.98899698257446,0,0
"2025-02-07 03:00:00","2025-02-07 04:00:00",Nederland,WindOffshoreC,Hour,UTC,Providing,Current,4280750,4280750,1.02952003479,0,0
"2025-02-07 04:00:00","2025-02-07 05:00:00",Nederland,WindOffshoreC,Hour,UTC,Providing,Current,4330500,4330500,1.041484951973,0,0
"2025-02-07 05:00:00","2025-02-07 06:00:00",Nederland,WindOffshoreC,Hour,UTC,Providing,Current,4344500,4344500,1.0448524951935,0,0
"2025-02-07 06:00:00","2025-02-07 07:00:00",Nederland,WindOffshoreC,Hour,UTC,Providing,Current,4342999,4342999,1.0444949865341,0,0
"2025-02-07 07:00:00","2025-02-07 08:00:00",Nederland,WindOffshoreC,Hour,UTC,Providing,Current,4365001,4365001,1.0497825145721,0,0
"2025-02-07 08:00:00","2025-02-07 09:00:00",Nederland,WindOffshoreC,Hour,UTC,Providing,Current,4383000,4383000,1.0541100502014,0,0
"2025-02-07 09:00:00","2025-02-07 10:00:00",Nederland,WindOffshoreC,Hour,UTC,Providing,Current,4388750,4388750,1.0554950237274,0,0
"2025-02-07 10:00:00","2025-02-07 11:00:00",Nederland,WindOffshoreC,Hour,UTC,Providing,Current,4347750,4347750,1.0456374883652,0,0
"2025-02-07 11:00:00","2025-02-07 12:00:00",Nederland,WindOffshoreC,Hour,UTC,Providing,Current,4353000,4353000,1.0468975305557,0,0
"2025-02-07 12:00:00","2025-02-07 13:00:00",Nederland,WindOffshoreC,Hour,UTC,Providing,Current,4377751,4377751,1.0528500080109,0,0
"2025-02-07 13:00:00","2025-02-07 14:00:00",Nederland,WindOffshoreC,Hour,UTC,Providing,Current,4372250,4372250,1.0515275001526,0,0
"2025-02-07 14:00:00","2025-02-07 15:00:00",Nederland,WindOffshoreC,Hour,UTC,Providing,Current,4343000,4343000,1.044489979744,0,0
"2025-02-07 15:00:00","2025-02-07 16:00:00",Nederland,WindOffshoreC,Hour,UTC,Providing,Current,4363250,4363250,1.04936003685,0,0
"2025-02-07 16:00:00","2025-02-07 17:00:00",Nederland,WindOffshoreC,Hour,UTC,Providing,Current,4345751,4345751,1.0451550483704,0,0
"2025-02-07 17:00:00","2025-02-07 18:00:00",Nederland,WindOffshoreC,Hour,UTC,Providing,Current,4353500,4353500,1.047017455101,0,0
"2025-02-07 18:00:00","2025-02-07 19:00:00",Nederland,WindOffshoreC,Hour,UTC,Providing,Current,4361250,4361250,1.048882484436,0,0
"2025-02-07 19:00:00","2025-02-07 20:00:00",Nederland,WindOffshoreC,Hour,UTC,Providing,Current,4340000,4340000,1.0437699556351,0,0
"2025-02-07 20:00:00","2025-02-07 21:00:00",Nederland,WindOffshoreC,Hour,UTC,Providing,Current,4317750,4317750,1.0384224653244,0,0
"2025-02-07 21:00:00","2025-02-07 22:00:00",Nederland,WindOffshoreC,Hour,UTC,Providing,Current,4301499,4301499,1.0345100164413,0,0
"2025-02-07 22:00:00","2025-02-07 23:00:00",Nederland,WindOffshoreC,Hour,UTC,Providing,Current,4273750,4273750,1.0278375148773,0,0
"2025-02-07 23:00:00","2025-02-08 00:00:00",Nederland,WindOffshoreC,Hour,UTC,Providing,Current,4265250,4265250,1.0257924795151,0,0
"2025-02-08 00:00:00","2025-02-08 01:00:00",Nederland,WindOffshoreC,Hour,UTC,Providing,Current,4190499,4190499,1.0078150033951,0,0
"2025-02-08 01:00:00","2025-02-08 02:00:00",Nederland,WindOffshoreC,Hour,UTC,Providing,Current,4025251,4025251,0.96807372570038,0,0
"2025-02-08 02:00:00","2025-02-08 03:00:00",Nederland,WindOffshoreC,Hour,UTC,Providing,Current,3814000,3814000,0.9172682762146,0,0
"2025-02-08 03:00:00","2025-02-08 04:00:00",Nederland,WindOffshoreC,Hour,UTC,Providing,Current,3623750,3623750,0.87151277065277,0,0
"2025-02-08 04:00:00","2025-02-08 05:00:00",Nederland,WindOffshoreC,Hour,UTC,Providing,Current,3233500,3233500,0.7776575088501,0,0
"2025-02-08 05:00:00","2025-02-08 06:00:00",Nederland,WindOffshoreC,Hour,UTC,Providing,Current,2965501,2965501,0.71320372819901,0,0
"2025-02-08 06:00:00","2025-02-08 07:00:00",Nederland,WindOffshoreC,Hour,UTC,Providing,Current,2786001,2786001,0.67003399133682,0,0
"2025-02-08 07:00:00","2025-02-08 08:00:00",Nederland,WindOffshoreC,Hour,UTC,Providing,Current,2494499,2494499,0.59992772340775,0,0
"2025-02-08 08:00:00","2025-02-08 09:00:00",Nederland,WindOffshoreC,Hour,UTC,Providing,Current,2199750,2199750,0.52904027700424,0,0
"2025-02-08 09:00:00","2025-02-08 10:00:00",Nederland,WindOffshoreC,Hour,UTC,Providing,Current,1871750,1871750,0.45015624165535,0,0
"2025-02-08 10:00:00","2025-02-08 11:00:00",Nederland,WindOffshoreC,Hour,UTC,Providing,Current,1666500,1666500,0.40079376101494,0,0
"2025-02-08 11:00:00","2025-02-08 12:00:00",Nederland,WindOffshoreC,Hour,UTC,Providing,Current,1427250,1427250,0.3432539999485,0,0
"2025-02-08 12:00:00","2025-02-08 13:00:00",Nederland,WindOffshoreC,Hour,UTC,Providing,Current,1064250,1064250,0.25595250725746,0,0
"2025-02-08 13:00:00","2025-02-08 14:00:00",Nederland,WindOffshoreC,Hour,UTC,Providing,Current,962500,962500,0.23148150742054,0,0
"2025-02-08 14:00:00","2025-02-08 15:00:00",Nederland,WindOffshoreC,Hour,UTC,Providing,Current,910002,910002,0.21885550022125,0,0
"2025-02-08 15:00:00","2025-02-08 16:00:00",Nederland,WindOffshoreC,Hour,UTC,Providing,Current,504751,504751,0.12139250338078,0,0
"2025-02-08 16:00:00","2025-02-08 17:00:00",Nederland,WindOffshoreC,Hour,UTC,Providing,Current,455750,455750,0.10960800200701,0,0
"2025-02-08 17:00:00","2025-02-08 18:00:00",Nederland,WindOffshoreC,Hour,UTC,Providing,Current,396250,396250,0.095298275351524,0,0
"2025-02-08 18:00:00","2025-02-08 19:00:00",Nederland,WindOffshoreC,Hour,UTC,Providing,Current,395250,395250,0.095057725906372,0,0
"2025-02-08 19:00:00","2025-02-08 20:00:00",Nederland,WindOffshoreC,Hour,UTC,Providing,Current,551499,551499,0.13263575732708,0,0
"2025-02-08 20:00:00","2025-02-08 21:00:00",Nederland,WindOffshoreC,Hour,UTC,Providing,Current,352250,352250,0.084716200828552,0,0
"2025-02-08 21:00:00","2025-02-08 22:00:00",Nederland,WindOffshoreC,Hour,UTC,Providing,Current,488750,488750,0.11754424870014,0,0
"2025-02-08 22:00:00","2025-02-08 23:00:00",Nederland,WindOffshoreC,Hour,UTC,Providing,Current,391001,391001,0.09403582662344,0,0
"2025-02-08 23:00:00","2025-02-09 00:00:00",Nederland,WindOffshoreC,Hour,UTC,Providing,Current,291750,291750,0.070165947079659,0,0
"2025-02-09 00:00:00","2025-02-09 01:00:00",Nederland,WindOffshoreC,Hour,UTC,Providing,Current,217500,217500,0.052308801561594,0,0
"2025-02-09 01:00:00","2025-02-09 02:00:00",Nederland,WindOffshoreC,Hour,UTC,Providing,Current,255250,255250,0.061387725174427,0,0
"2025-02-09 02:00:00","2025-02-09 03:00:00",Nederland,WindOffshoreC,Hour,UTC,Providing,Current,334250,334250,0.08038717508316,0,0
"2025-02-09 03:00:00","2025-02-09 04:00:00",Nederland,WindOffshoreC,Hour,UTC,Providing,Current,350250,350250,0.084235228598118,0,0
"2025-02-09 04:00:00","2025-02-09 05:00:00",Nederland,WindOffshoreC,Hour,UTC,Providing,Current,412250,412250,0.099146150052547,0,0
"2025-02-09 05:00:00","2025-02-09 06:00:00",Nederland,WindOffshoreC,Hour,UTC,Providing,Current,408000,408000,0.098124176263809,0,0
"2025-02-09 06:00:00","2025-02-09 07:00:00",Nederland,WindOffshoreC,Hour,UTC,Providing,Current,610000,610000,0.14670525491238,0,0
"2025-02-09 07:00:00","2025-02-09 08:00:00",Nederland,WindOffshoreC,Hour,UTC,Providing,Current,686000,686000,0.16498324275017,0,0
"2025-02-09 08:00:00","2025-02-09 09:00:00",Nederland,WindOffshoreC,Hour,UTC,Providing,Current,569000,569000,0.13684475421906,0,0
"2025-02-09 09:00:00","2025-02-09 10:00:00",Nederland,WindOffshoreC,Hour,UTC,Providing,Current,524000,524000,0.12602199614048,0,0
"2025-02-09 10:00:00","2025-02-09 11:00:00",Nederland,WindOffshoreC,Hour,UTC,Providing,Current,552999,552999,0.13299624621868,0,0
"2025-02-09 11:00:00","2025-02-09 12:00:00",Nederland,WindOffshoreC,Hour,UTC,Providing,Current,636249,636249,0.1530179977417,0,0
"2025-02-09 12:00:00","2025-02-09 13:00:00",Nederland,WindOffshoreC,Hour,UTC,Providing,Current,755750,755750,0.18175800144672,0,0
"2025-02-09 13:00:00","2025-02-09 14:00:00",Nederland,WindOffshoreC,Hour,UTC,Providing,Current,1018249,1018249,0.24488924443722,0,0
"2025-02-09 14:00:00","2025-02-09 15:00:00",Nederland,WindOffshoreC,Hour,UTC,Providing,Current,1399000,1399000,0.33645975589752,0,0
"2025-02-09 15:00:00","2025-02-09 16:00:00",Nederland,WindOffshoreC,Hour,UTC,Providing,Current,1819749,1819749,0.43764999508858,0,0
"2025-02-09 16:00:00","2025-02-09 17:00:00",Nederland,WindOffshoreC,Hour,UTC,Providing,Current,2340501,2340501,0.56289100646973,0,0
"2025-02-09 17:00:00","2025-02-09 18:00:00",Nederland,WindOffshoreC,Hour,UTC,Providing,Current,2837251,2837251,0.68235975503922,0,0
"2025-02-09 18:00:00","2025-02-09 19:00:00",Nederland,WindOffshoreC,Hour,UTC,Providing,Current,3129750,3129750,0.752705514431,0,0
"2025-02-09 19:00:00","2025-02-09 20:00:00",Nederland,WindOffshoreC,Hour,UTC,Providing,Current,3261000,3261000,0.7842710018158,0,0
"2025-02-09 20:00:00","2025-02-09 21:00:00",Nederland,WindOffshoreC,Hour,UTC,Providing,Current,3207750,3207750,0.77146452665329,0,0
"2025-02-09 21:00:00","2025-02-09 22:00:00",Nederland,WindOffshoreC,Hour,UTC,Providing,Current,3291999,3291999,0.79172652959824,0,0
"2025-02-09 22:00:00","2025-02-09 23:00:00",Nederland,WindOffshoreC,Hour,UTC,Providing,Current,3535750,3535750,0.85034877061844,0,0
"2025-02-09 23:00:00","2025-02-10 00:00:00",Nederland,WindOffshoreC,Hour,UTC,Providing,Current,3704500,3704500,0.89093327522278,0,0
"2025-02-10 00:00:00","2025-02-10 01:00:00",Nederland,WindOffshoreC,Hour,UTC,Providing,Current,3679500,3679500,0.88492047786713,0,0
"2025-02-10 01:00:00","2025-02-10 02:00:00",Nederland,WindOffshoreC,Hour,UTC,Providing,Current,3813000,3813000,0.91702747344971,0,0
"2025-02-10 02:00:00","2025-02-10 03:00:00",Nederland,WindOffshoreC,Hour,UTC,Providing,Current,3998250,3998250,0.96157997846603,0,0
"2025-02-10 03:00:00","2025-02-10 04:00:00",Nederland,WindOffshoreC,Hour,UTC,Providing,Current,4128249,4128249,0.99284476041794,0,0
"2025-02-10 04:00:00","2025-02-10 05:00:00",Nederland,WindOffshoreC,Hour,UTC,Providing,Current,4197499,4197499,1.0095000267029,0,0
"2025-02-10 05:00:00","2025-02-10 06:00:00",Nederland,WindOffshoreC,Hour,UTC,Providing,Current,4188750,4188750,1.0073975324631,0,0
"2025-02-10 06:00:00","2025-02-10 07:00:00",Nederland,WindOffshoreC,Hour,UTC,Providing,Current,4181751,4181751,1.0057125091553,0,0
"2025-02-10 07:00:00","2025-02-10 08:00:00",Nederland,WindOffshoreC,Hour,UTC,Providing,Current,4120750,4120750,0.99104177951813,0,0
"2025-02-10 08:00:00","2025-02-10 09:00:00",Nederland,WindOffshoreC,Hour,UTC,Providing,Current,3973000,3973000,0.95550751686096,0,0
"2025-02-10 09:00:00","2025-02-10 10:00:00",Nederland,WindOffshoreC,Hour,UTC,Providing,Current,4009500,4009500,0.96428573131561,0,0
"2025-02-10 10:00:00","2025-02-10 11:00:00",Nederland,WindOffshoreC,Hour,UTC,Providing,Current,4063750,4063750,0.97733277082443,0,0
"2025-02-10 11:00:00","2025-02-10 12:00:00",Nederland,WindOffshoreC,Hour,UTC,Providing,Current,4069750,4069750,0.97877597808838,0,0
"2025-02-10 12:00:00","2025-02-10 13:00:00",Nederland,WindOffshoreC,Hour,UTC,Providing,Current,4091501,4091501,0.98400676250458,0,0
"2025-02-10 13:00:00","2025-02-10 14:00:00",Nederland,WindOffshoreC,Hour,UTC,Providing,Current,4048500,4048500,0.97366499900818,0,0
"2025-02-10 14:00:00","2025-02-10 15:00:00",Nederland,WindOffshoreC,Hour,UTC,Providing,Current,4127000,4127000,0.99254351854324,0,0
"2025-02-10 15:00:00","2025-02-10 16:00:00",Nederland,WindOffshoreC,Hour,UTC,Providing,Current,4237999,4237999,1.0192400217056,0,0
"2025-02-10 16:00:00","2025-02-10 17:00:00",Nederland,WindOffshoreC,Hour,UTC,Providing,Current,4285750,4285750,1.0307224988937,0,0
"2025-02-10 17:00:00","2025-02-10 18:00:00",Nederland,WindOffshoreC,Hour,UTC,Providing,Current,4335500,4335500,1.042690038681,0,0
"2025-02-10 18:00:00","2025-02-10 19:00:00",Nederland,WindOffshoreC,Hour,UTC,Providing,Current,4297000,4297000,1.033429980278,0,0
"2025-02-10 19:00:00","2025-02-10 20:00:00",Nederland,WindOffshoreC,Hour,UTC,Providing,Current,4216999,4216999,1.0141882896423,0,0
"2025-02-10 20:00:00","2025-02-10 21:00:00",Nederland,WindOffshoreC,Hour,UTC,Providing,Current,4209749,4209749,1.0124444961548,0,0
"2025-02-10 21:00:00","2025-02-10 22:00:00",Nederland,WindOffshoreC,Hour,UTC,Providing,Current,4069500,4069500,0.97871601581573,0,0
"2025-02-10 22:00:00","2025-02-10 23:00:00",Nederland,WindOffshoreC,Hour,UTC,Providing,Current,3756250,3756250,0.9033790230751,0,0
"2025-02-10 23:00:00","2025-02-11 00:00:00",Nederland,WindOffshoreC,Hour,UTC,Providing,Current,3626250,3626250,0.87211400270462,0,0
"2025-02-11 00:00:00","2025-02-11 01:00:00",Nederland,WindOffshoreC,Hour,UTC,Providing,Current,3585000,3585000,0.86219352483749,0,0
"2025-02-11 01:00:00","2025-02-11 02:00:00",Nederland,WindOffshoreC,Hour,UTC,Providing,Current,3269250,3269250,0.78625547885895,0,0
"2025-02-11 02:00:00","2025-02-11 03:00:00",Nederland,WindOffshoreC,Hour,UTC,Providing,Current,3011000,3011000,0.72414648532867,0,0
"2025-02-11 03:00:00","2025-02-11 04:00:00",Nederland,WindOffshoreC,Hour,UTC,Providing,Current,2900999,2900999,0.69769102334976,0,0
"2025-02-11 04:00:00","2025-02-11 05:00:00",Nederland,WindOffshoreC,Hour,UTC,Providing,Current,2457250,2457250,0.59096926450729,0,0
"2025-02-11 05:00:00","2025-02-11 06:00:00",Nederland,WindOffshoreC,Hour,UTC,Providing,Current,2155752,2155752,0.51845926046371,0,0
"2025-02-11 06:00:00","2025-02-11 07:00:00",Nederland,WindOffshoreC,Hour,UTC,Providing,Current,2267750,2267750,0.54539424180984,0,0
"2025-02-11 07:00:00","2025-02-11 08:00:00",Nederland,WindOffshoreC,Hour,UTC,Providing,Current,2102999,2102999,0.5057715177536,0,0
"2025-02-11 08:00:00","2025-02-11 09:00:00",Nederland,WindOffshoreC,Hour,UTC,Providing,Current,1973751,1973751,0.47468775510788,0,0
"2025-02-11 09:00:00","2025-02-11 10:00:00",Nederland,WindOffshoreC,Hour,UTC,Providing,Current,1812500,1812500,0.43590649962425,0,0
"2025-02-11 10:00:00","2025-02-11 11:00:00",Nederland,WindOffshoreC,Hour,UTC,Providing,Current,1651499,1651499,0.39718574285507,0,0
"2025-02-11 11:00:00","2025-02-11 12:00:00",Nederland,WindOffshoreC,Hour,UTC,Providing,Current,1587750,1587750,0.38185423612595,0,0
"2025-02-11 12:00:00","2025-02-11 13:00:00",Nederland,WindOffshoreC,Hour,UTC,Providing,Current,1538000,1538000,0.36988925933838,0,0
"2025-02-11 13:00:00","2025-02-11 14:00:00",Nederland,WindOffshoreC,Hour,UTC,Providing,Current,1614501,1614501,0.38828799128532,0,0
"2025-02-11 14:00:00","2025-02-11 15:00:00",Nederland,WindOffshoreC,Hour,UTC,Providing,Current,1678250,1678250,0.40361973643303,0,0
"2025-02-11 15:00:00","2025-02-11 16:00:00",Nederland,WindOffshoreC,Hour,UTC,Providing,Current,1631500,1631500,0.39237624406815,0,0
"2025-02-11 16:00:00","2025-02-11 17:00:00",Nederland,WindOffshoreC,Hour,UTC,Providing,Current,1446750,1446750,0.34794351458549,0,0
"2025-02-11 17:00:00","2025-02-11 18:00:00",Nederland,WindOffshoreC,Hour,UTC,Providing,Current,1177500,1177500,0.28318899869919,0,0
"2025-02-11 18:00:00","2025-02-11 19:00:00",Nederland,WindOffshoreC,Hour,UTC,Providing,Current,1047251,1047251,0.25186398625374,0,0
"2025-02-11 19:00:00","2025-02-11 20:00:00",Nederland,WindOffshoreC,Hour,UTC,Providing,Current,1005999,1005999,0.24194300174713,0,0
"2025-02-11 20:00:00","2025-02-11 21:00:00",Nederland,WindOffshoreC,Hour,UTC,Providing,Current,1008999,1008999,0.24266450107098,0,0
"2025-02-11 21:00:00","2025-02-11 22:00:00",Nederland,WindOffshoreC,Hour,UTC,Providing,Current,948500,948500,0.22811450064182,0,0
"2025-02-11 22:00:00","2025-02-11 23:00:00",Nederland,WindOffshoreC,Hour,UTC,Providing,Current,829499,829499,0.19949474930763,0,0
"2025-02-11 23:00:00","2025-02-12 00:00:00",Nederland,WindOffshoreC,Hour,UTC,Providing,Current,778250,778250,0.18716925382614,0,0
"2025-02-12 00:00:00","2025-02-12 01:00:00",Nederland,WindOffshoreC,Hour,UTC,Providing,Current,706249,706249,0.16985300183296,0,0
"2025-02-12 01:00:00","2025-02-12 02:00:00",Nederland,WindOffshoreC,Hour,UTC,Providing,Current,699750,699750,0.16829024255276,0,0
"2025-02-12 02:00:00","2025-02-12 03:00:00",Nederland,WindOffshoreC,Hour,UTC,Providing,Current,723249,723249,0.17394125461578,0,0
"2025-02-12 03:00:00","2025-02-12 04:00:00",Nederland,WindOffshoreC,Hour,UTC,Providing,Current,620249,620249,0.14916999638081,0,0
"2025-02-12 04:00:00","2025-02-12 05:00:00",Nederland,WindOffshoreC,Hour,UTC,Providing,Current,530250,530250,0.12752525508404,0,0
"2025-02-12 05:00:00","2025-02-12 06:00:00",Nederland,WindOffshoreC,Hour,UTC,Providing,Current,445500,445500,0.10714270174503,0,0
"2025-02-12 06:00:00","2025-02-12 07:00:00",Nederland,WindOffshoreC,Hour,UTC,Providing,Current,397500,397500,0.09559889882803,0,0
"2025-02-12 07:00:00","2025-02-12 08:00:00",Nederland,WindOffshoreC,Hour,UTC,Providing,Current,336500,336500,0.080928348004818,0,0
"2025-02-12 08:00:00","2025-02-12 09:00:00",Nederland,WindOffshoreC,Hour,UTC,Providing,Current,291000,291000,0.069985553622246,0,0
"2025-02-12 09:00:00","2025-02-12 10:00:00",Nederland,WindOffshoreC,Hour,UTC,Providing,Current,315251,315251,0.075817950069904,0,0
"2025-02-12 10:00:00","2025-02-12 11:00:00",Nederland,WindOffshoreC,Hour,UTC,Providing,Current,371001,371001,0.089225828647614,0,0
"2025-02-12 11:00:00","2025-02-12 12:00:00",Nederland,WindOffshoreC,Hour,UTC,Providing,Current,401501,401501,0.096561096608639,0,0
"2025-02-12 12:00:00","2025-02-12 13:00:00",Nederland,WindOffshoreC,Hour,UTC,Providing,Current,395750,395750,0.095177948474884,0,0
"2025-02-12 13:00:00","2025-02-12 14:00:00",Nederland,WindOffshoreC,Hour,UTC,Providing,Current,401502,401502,0.096561327576637,0,0
"2025-02-12 14:00:00","2025-02-12 15:00:00",Nederland,WindOffshoreC,Hour,UTC,Providing,Current,468500,468500,0.11267425119877,0,0
"2025-02-12 15:00:00","2025-02-12 16:00:00",Nederland,WindOffshoreC,Hour,UTC,Providing,Current,470501,470501,0.11315549910069,0,0
"2025-02-12 16:00:00","2025-02-12 17:00:00",Nederland,WindOffshoreC,Hour,UTC,Providing,Current,481749,481749,0.11586099863052,0,0
"2025-02-12 17:00:00","2025-02-12 18:00:00",Nederland,WindOffshoreC,Hour,UTC,Providing,Current,424500,424500,0.10209242254496,0,0
"2025-02-12 18:00:00","2025-02-12 19:00:00",Nederland,WindOffshoreC,Hour,UTC,Providing,Current,365749,365749,0.087962724268436,0,0
"2025-02-12 19:00:00","2025-02-12 20:00:00",Nederland,WindOffshoreC,Hour,UTC,Providing,Current,328000,328000,0.078884072601795,0,0
"2025-02-12 20:00:00","2025-02-12 21:00:00",Nederland,WindOffshoreC,Hour,UTC,Providing,Current,551750,551750,0.13269625604153,0,0
"2025-02-12 21:00:00","2025-02-12 22:00:00",Nederland,WindOffshoreC,Hour,UTC,Providing,Current,795000,795000,0.19119775295258,0,0
"2025-02-12 22:00:00","2025-02-12 23:00:00",Nederland,WindOffshoreC,Hour,UTC,Providing,Current,706999,706999,0.17003324627876,0,0
"2025-02-12 23:00:00","2025-02-13 00:00:00",Nederland,WindOffshoreC,Hour,UTC,Providing,Current,700250,700250,0.16841025650501,0,0
"2025-02-13 00:00:00","2025-02-13 01:00:00",Nederland,WindOffshoreC,Hour,UTC,Providing,Current,801500,801500,0.1927610039711,0,0
"2025-02-13 01:00:00","2025-02-13 02:00:00",Nederland,WindOffshoreC,Hour,UTC,Providing,Current,1008500,1008500,0.24254450201988,0,0
"2025-02-13 02:00:00","2025-02-13 03:00:00",Nederland,WindOffshoreC,Hour,UTC,Providing,Current,1255750,1255750,0.30200824141502,0,0
"2025-02-13 03:00:00","2025-02-13 04:00:00",Nederland,WindOffshoreC,Hour,UTC,Providing,Current,1420500,1420500,0.34163048863411,0,0
"2025-02-13 04:00:00","2025-02-13 05:00:00",Nederland,WindOffshoreC,Hour,UTC,Providing,Current,1627000,1627000,0.39129400253296,0,0
"2025-02-13 05:00:00","2025-02-13 06:00:00",Nederland,WindOffshoreC,Hour,UTC,Providing,Current,1936500,1936500,0.46572849154472,0,0
"2025-02-13 06:00:00","2025-02-13 07:00:00",Nederland,WindOffshoreC,Hour,UTC,Providing,Current,2042500,2042500,0.49122199416161,0,0
"2025-02-13 07:00:00","2025-02-13 08:00:00",Nederland,WindOffshoreC,Hour,UTC,Providing,Current,2226250,2226250,0.53541350364685,0,0
"2025-02-13 08:00:00","2025-02-13 09:00:00",Nederland,WindOffshoreC,Hour,UTC,Providing,Current,1949750,1949750,0.46891549229622,0,0
"2025-02-13 09:00:00","2025-02-13 10:00:00",Nederland,WindOffshoreC,Hour,UTC,Providing,Current,1744000,1744000,0.41943249106407,0,0
"2025-02-13 10:00:00","2025-02-13 11:00:00",Nederland,WindOffshoreC,Hour,UTC,Providing,Current,1602251,1602251,0.38534200191498,0,0
"2025-02-13 11:00:00","2025-02-13 12:00:00",Nederland,WindOffshoreC,Hour,UTC,Providing,Current,1289001,1289001,0.31000500917435,0,0
"2025-02-13 12:00:00","2025-02-13 13:00:00",Nederland,WindOffshoreC,Hour,UTC,Providing,Current,936000,936000,0.22510825097561,0,0
"2025-02-13 13:00:00","2025-02-13 14:00:00",Nederland,WindOffshoreC,Hour,UTC,Providing,Current,1029500,1029500,0.2475949972868,0,0
"2025-02-13 14:00:00","2025-02-13 15:00:00",Nederland,WindOffshoreC,Hour,UTC,Providing,Current,1220751,1220751,0.29359075427055,0,0
"2025-02-13 15:00:00","2025-02-13 16:00:00",Nederland,WindOffshoreC,Hour,UTC,Providing,Current,1186500,1186500,0.28535351157188,0,0
"2025-02-13 16:00:00","2025-02-13 17:00:00",Nederland,WindOffshoreC,Hour,UTC,Providing,Current,1385751,1385751,0.33327350020409,0,0
"2025-02-13 17:00:00","2025-02-13 18:00:00",Nederland,WindOffshoreC,Hour,UTC,Providing,Current,1398749,1398749,0.33639949560165,0,0
"2025-02-13 18:00:00","2025-02-13 19:00:00",Nederland,WindOffshoreC,Hour,UTC,Providing,Current,1315750,1315750,0.31643825769424,0,0
"2025-02-13 19:00:00","2025-02-13 20:00:00",Nederland,WindOffshoreC,Hour,UTC,Providing,Current,1038749,1038749,0.24981950223446,0,0
"2025-02-13 20:00:00","2025-02-13 21:00:00",Nederland,WindOffshoreC,Hour,UTC,Providing,Current,879749,879749,0.21157975494862,0,0
"2025-02-13 21:00:00","2025-02-13 22:00:00",Nederland,WindOffshoreC,Hour,UTC,Providing,Current,714249,714249,0.17177724838257,0,0
"2025-02-13 22:00:00","2025-02-13 23:00:00",Nederland,WindOffshoreC,Hour,UTC,Providing,Current,626500,626500,0.15067349374294,0,0
"2025-02-13 23:00:00","2025-02-14 00:00:00",Nederland,WindOffshoreC,Hour,UTC,Providing,Current,380750,380750,0.091570302844048,0,0
"2025-02-14 00:00:00","2025-02-14 01:00:00",Nederland,WindOffshoreC,Hour,UTC,Providing,Current,217251,217251,0.052248898893595,0,0
"2025-02-14 01:00:00","2025-02-14 02:00:00",Nederland,WindOffshoreC,Hour,UTC,Providing,Current,198000,198000,0.047619048506021,0,0
"2025-02-14 02:00:00","2025-02-14 03:00:00",Nederland,WindOffshoreC,Hour,UTC,Providing,Current,193501,193501,0.046537026762962,0,0
"2025-02-14 03:00:00","2025-02-14 04:00:00",Nederland,WindOffshoreC,Hour,UTC,Providing,Current,274249,274249,0.065956950187683,0,0
"2025-02-14 04:00:00","2025-02-14 05:00:00",Nederland,WindOffshoreC,Hour,UTC,Providing,Current,223250,223250,0.053691700100899,0,0
"2025-02-14 05:00:00","2025-02-14 06:00:00",Nederland,WindOffshoreC,Hour,UTC,Providing,Current,271750,271750,0.065355949103832,0,0
"2025-02-14 06:00:00","2025-02-14 07:00:00",Nederland,WindOffshoreC,Hour,UTC,Providing,Current,333750,333750,0.080266922712326,0,0
"2025-02-14 07:00:00","2025-02-14 08:00:00",Nederland,WindOffshoreC,Hour,UTC,Providing,Current,261250,261250,0.062830701470375,0,0
"2025-02-14 08:00:00","2025-02-14 09:00:00",Nederland,WindOffshoreC,Hour,UTC,Providing,Current,258499,258499,0.062169075012207,0,0
"2025-02-14 09:00:00","2025-02-14 10:00:00",Nederland,WindOffshoreC,Hour,UTC,Providing,Current,223750,223750,0.053811926394701,0,0
"2025-02-14 10:00:00","2025-02-14 11:00:00",Nederland,WindOffshoreC,Hour,UTC,Providing,Current,155750,155750,0.037457898259163,0,0
"2025-02-14 11:00:00","2025-02-14 12:00:00",Nederland,WindOffshoreC,Hour,UTC,Providing,Current,134250,134250,0.032287150621414,0,0
"2025-02-14 12:00:00","2025-02-14 13:00:00",Nederland,WindOffshoreC,Hour,UTC,Providing,Current,73500,73500,0.017676774412394,0,0
"2025-02-14 13:00:00","2025-02-14 14:00:00",Nederland,WindOffshoreC,Hour,UTC,Providing,Current,109000,109000,0.026214549317956,0,0
"2025-02-14 14:00:00","2025-02-14 15:00:00",Nederland,WindOffshoreC,Hour,UTC,Providing,Current,215501,215501,0.051828026771545,0,0
"2025-02-14 15:00:00","2025-02-14 16:00:00",Nederland,WindOffshoreC,Hour,UTC,Providing,Current,270250,270250,0.06499519944191,0,0
"2025-02-14 16:00:00","2025-02-14 17:00:00",Nederland,WindOffshoreC,Hour,UTC,Providing,Current,309999,309999,0.074554853141308,0,0
"2025-02-14 17:00:00","2025-02-14 18:00:00",Nederland,WindOffshoreC,Hour,UTC,Providing,Current,584499,584499,0.14057224988937,0,0
"2025-02-14 18:00:00","2025-02-14 19:00:00",Nederland,WindOffshoreC,Hour,UTC,Providing,Current,892751,892751,0.21470674872398,0,0
"2025-02-14 19:00:00","2025-02-14 20:00:00",Nederland,WindOffshoreC,Hour,UTC,Providing,Current,950000,950000,0.22847524285316,0,0
"2025-02-14 20:00:00","2025-02-14 21:00:00",Nederland,WindOffshoreC,Hour,UTC,Providing,Current,748002,748002,0.17989499866962,0,0
"2025-02-14 21:00:00","2025-02-14 22:00:00",Nederland,WindOffshoreC,Hour,UTC,Providing,Current,765501,765501,0.1841029971838,0,0
"2025-02-14 22:00:00","2025-02-14 23:00:00",Nederland,WindOffshoreC,Hour,UTC,Providing,Current,785000,785000,0.18879249691963,0,0
"2025-02-14 23:00:00","2025-02-15 00:00:00",Nederland,WindOffshoreC,Hour,UTC,Providing,Current,729749,729749,0.17550474405289,0,0
"2025-02-15 00:00:00","2025-02-15 01:00:00",Nederland,WindOffshoreC,Hour,UTC,Providing,Current,582000,582000,0.1399712562561,0,0
"2025-02-15 01:00:00","2025-02-15 02:00:00",Nederland,WindOffshoreC,Hour,UTC,Providing,Current,656501,656501,0.15788875520229,0,0
"2025-02-15 02:00:00","2025-02-15 03:00:00",Nederland,WindOffshoreC,Hour,UTC,Providing,Current,735000,735000,0.17676775157452,0,0
"2025-02-15 03:00:00","2025-02-15 04:00:00",Nederland,WindOffshoreC,Hour,UTC,Providing,Current,590749,590749,0.14207525551319,0,0
"2025-02-15 04:00:00","2025-02-15 05:00:00",Nederland,WindOffshoreC,Hour,UTC,Providing,Current,480500,480500,0.11556024849415,0,0
"2025-02-15 05:00:00","2025-02-15 06:00:00",Nederland,WindOffshoreC,Hour,UTC,Providing,Current,504500,504500,0.12133249640465,0,0
"2025-02-15 06:00:00","2025-02-15 07:00:00",Nederland,WindOffshoreC,Hour,UTC,Providing,Current,524749,524749,0.12620225548744,0,0
"2025-02-15 07:00:00","2025-02-15 08:00:00",Nederland,WindOffshoreC,Hour,UTC,Providing,Current,549750,549750,0.13221499323845,0,0
"2025-02-15 08:00:00","2025-02-15 09:00:00",Nederland,WindOffshoreC,Hour,UTC,Providing,Current,468750,468750,0.11273449659348,0,0
"2025-02-15 09:00:00","2025-02-15 10:00:00",Nederland,WindOffshoreC,Hour,UTC,Providing,Current,443750,443750,0.10672225058079,0,0
"2025-02-15 10:00:00","2025-02-15 11:00:00",Nederland,WindOffshoreC,Hour,UTC,Providing,Current,459000,459000,0.1103895008564,0,0
"2025-02-15 11:00:00","2025-02-15 12:00:00",Nederland,WindOffshoreC,Hour,UTC,Providing,Current,389250,389250,0.093614771962166,0,0
"2025-02-15 12:00:00","2025-02-15 13:00:00",Nederland,WindOffshoreC,Hour,UTC,Providing,Current,348500,348500,0.083814322948456,0,0
"2025-02-15 13:00:00","2025-02-15 14:00:00",Nederland,WindOffshoreC,Hour,UTC,Providing,Current,206750,206750,0.049723424017429,0,0
"2025-02-15 14:00:00","2025-02-15 15:00:00",Nederland,WindOffshoreC,Hour,UTC,Providing,Current,133749,133749,0.03216664865613,0,0
"2025-02-15 15:00:00","2025-02-15 16:00:00",Nederland,WindOffshoreC,Hour,UTC,Providing,Current,271250,271250,0.065235674381256,0,0
"2025-02-15 16:00:00","2025-02-15 17:00:00",Nederland,WindOffshoreC,Hour,UTC,Providing,Current,608500,608500,0.14634449779987,0,0
"2025-02-15 17:00:00","2025-02-15 18:00:00",Nederland,WindOffshoreC,Hour,UTC,Providing,Current,758500,758500,0.18241949379444,0,0
"2025-02-15 18:00:00","2025-02-15 19:00:00",Nederland,WindOffshoreC,Hour,UTC,Providing,Current,696250,696250,0.1674482524395,0,0
"2025-02-15 19:00:00","2025-02-15 20:00:00",Nederland,WindOffshoreC,Hour,UTC,Providing,Current,708251,708251,0.17033475637436,0,0
"2025-02-15 20:00:00","2025-02-15 21:00:00",Nederland,WindOffshoreC,Hour,UTC,Providing,Current,631249,631249,0.15181525051594,0,0
"2025-02-15 21:00:00","2025-02-15 22:00:00",Nederland,WindOffshoreC,Hour,UTC,Providing,Current,826999,826999,0.19889350235462,0,0
"2025-02-15 22:00:00","2025-02-15 23:00:00",Nederland,WindOffshoreC,Hour,UTC,Providing,Current,1046500,1046500,0.25168350338936,0,0
"2025-02-15 23:00:00","2025-02-16 00:00:00",Nederland,WindOffshoreC,Hour,UTC,Providing,Current,1084750,1084750,0.2608824968338,0,0
"2025-02-16 00:00:00","2025-02-16 01:00:00",Nederland,WindOffshoreC,Hour,UTC,Providing,Current,1207000,1207000,0.2902837395668,0,0
"2025-02-16 01:00:00","2025-02-16 02:00:00",Nederland,WindOffshoreC,Hour,UTC,Providing,Current,1265000,1265000,0.30423301458359,0,0
"2025-02-16 02:00:00","2025-02-16 03:00:00",Nederland,WindOffshoreC,Hour,UTC,Providing,Current,1027999,1027999,0.24723400175571,0,0
"2025-02-16 03:00:00","2025-02-16 04:00:00",Nederland,WindOffshoreC,Hour,UTC,Providing,Current,1071501,1071501,0.25769624114037,0,0
"2025-02-16 04:00:00","2025-02-16 05:00:00",Nederland,WindOffshoreC,Hour,UTC,Providing,Current,1315750,1315750,0.31643798947334,0,0
"2025-02-16 05:00:00","2025-02-16 06:00:00",Nederland,WindOffshoreC,Hour,UTC,Providing,Current,1863000,1863000,0.44805198907852,0,0
"2025-02-16 06:00:00","2025-02-16 07:00:00",Nederland,WindOffshoreC,Hour,UTC,Providing,Current,2369999,2369999,0.56998550891876,0,0
"2025-02-16 07:00:00","2025-02-16 08:00:00",Nederland,WindOffshoreC,Hour,UTC,Providing,Current,2893501,2893501,0.69588774442673,0,0
"2025-02-16 08:00:00","2025-02-16 09:00:00",Nederland,WindOffshoreC,Hour,UTC,Providing,Current,3089250,3089250,0.74296522140503,0,0
"2025-02-16 09:00:00","2025-02-16 10:00:00",Nederland,WindOffshoreC,Hour,UTC,Providing,Current,2923000,2923000,0.70298200845718,0,0
"2025-02-16 10:00:00","2025-02-16 11:00:00",Nederland,WindOffshoreC,Hour,UTC,Providing,Current,2762750,2762750,0.66444224119186,0,0
"2025-02-16 11:00:00","2025-02-16 12:00:00",Nederland,WindOffshoreC,Hour,UTC,Providing,Current,2353999,2353999,0.56613701581955,0,0
"2025-02-16 12:00:00","2025-02-16 13:00:00",Nederland,WindOffshoreC,Hour,UTC,Providing,Current,2546499,2546499,0.61243373155594,0,0
"2025-02-16 13:00:00","2025-02-16 14:00:00",Nederland,WindOffshoreC,Hour,UTC,Providing,Current,2596250,2596250,0.62439876794815,0,0
"2025-02-16 14:00:00","2025-02-16 15:00:00",Nederland,WindOffshoreC,Hour,UTC,Providing,Current,2265499,2265499,0.54485327005386,0,0
"2025-02-16 15:00:00","2025-02-16 16:00:00",Nederland,WindOffshoreC,Hour,UTC,Providing,Current,2219750,2219750,0.53385049104691,0,0
"2025-02-16 16:00:00","2025-02-16 17:00:00",Nederland,WindOffshoreC,Hour,UTC,Providing,Current,2326500,2326500,0.55952399969101,0,0
"2025-02-16 17:00:00","2025-02-16 18:00:00",Nederland,WindOffshoreC,Hour,UTC,Providing,Current,2753000,2753000,0.66209727525711,0,0
"2025-02-16 18:00:00","2025-02-16 19:00:00",Nederland,WindOffshoreC,Hour,UTC,Providing,Current,3211000,3211000,0.77224600315094,0,0
"2025-02-16 19:00:00","2025-02-16 20:00:00",Nederland,WindOffshoreC,Hour,UTC,Providing,Current,3132249,3132249,0.75330674648285,0,0
"2025-02-16 20:00:00","2025-02-16 21:00:00",Nederland,WindOffshoreC,Hour,UTC,Providing,Current,2965501,2965501,0.71320372819901,0,0
"2025-02-16 21:00:00","2025-02-16 22:00:00",Nederland,WindOffshoreC,Hour,UTC,Providing,Current,2487249,2487249,0.59818398952484,0,0
"2025-02-16 22:00:00","2025-02-16 23:00:00",Nederland,WindOffshoreC,Hour,UTC,Providing,Current,2058000,2058000,0.49494925141335,0,0
"2025-02-16 23:00:00","2025-02-17 00:00:00",Nederland,WindOffshoreC,Hour,UTC,Providing,Current,1714750,1714750,0.41239774227142,0,0
"2025-02-17 00:00:00","2025-02-17 01:00:00",Nederland,WindOffshoreC,Hour,UTC,Providing,Current,1396249,1396249,0.3357982635498,0,0
"2025-02-17 01:00:00","2025-02-17 02:00:00",Nederland,WindOffshoreC,Hour,UTC,Providing,Current,1333750,1333750,0.32076698541641,0,0
"2025-02-17 02:00:00","2025-02-17 03:00:00",Nederland,WindOffshoreC,Hour,UTC,Providing,Current,1023500,1023500,0.24615199863911,0,0
"2025-02-17 03:00:00","2025-02-17 04:00:00",Nederland,WindOffshoreC,Hour,UTC,Providing,Current,898750,898750,0.21614974737167,0,0
"2025-02-17 04:00:00","2025-02-17 05:00:00",Nederland,WindOffshoreC,Hour,UTC,Providing,Current,970750,970750,0.23346549272537,0,0
"2025-02-17 05:00:00","2025-02-17 06:00:00",Nederland,WindOffshoreC,Hour,UTC,Providing,Current,857001,857001,0.20610874891281,0,0
"2025-02-17 06:00:00","2025-02-17 07:00:00",Nederland,WindOffshoreC,Hour,UTC,Providing,Current,852500,852500,0.20502650737762,0,0
"2025-02-17 07:00:00","2025-02-17 08:00:00",Nederland,WindOffshoreC,Hour,UTC,Providing,Current,859000,859000,0.20658974349499,0,0
"2025-02-17 08:00:00","2025-02-17 09:00:00",Nederland,WindOffshoreC,Hour,UTC,Providing,Current,661750,661750,0.1591510027647,0,0
"2025-02-17 09:00:00","2025-02-17 10:00:00",Nederland,WindOffshoreC,Hour,UTC,Providing,Current,351750,351750,0.084595948457718,0,0
"2025-02-17 10:00:00","2025-02-17 11:00:00",Nederland,WindOffshoreC,Hour,UTC,Providing,Current,363499,363499,0.087421573698521,0,0
"2025-02-17 11:00:00","2025-02-17 12:00:00",Nederland,WindOffshoreC,Hour,UTC,Providing,Current,340501,340501,0.081890575587749,0,0
"2025-02-17 12:00:00","2025-02-17 13:00:00",Nederland,WindOffshoreC,Hour,UTC,Providing,Current,398999,398999,0.095959424972534,0,0
"2025-02-17 13:00:00","2025-02-17 14:00:00",Nederland,WindOffshoreC,Hour,UTC,Providing,Current,469250,469250,0.11285474896431,0,0
"2025-02-17 14:00:00","2025-02-17 15:00:00",Nederland,WindOffshoreC,Hour,UTC,Providing,Current,470500,470500,0.11315549910069,0,0
"2025-02-17 15:00:00","2025-02-17 16:00:00",Nederland,WindOffshoreC,Hour,UTC,Providing,Current,556750,556750,0.13389849662781,0,0
"2025-02-17 16:00:00","2025-02-17 17:00:00",Nederland,WindOffshoreC,Hour,UTC,Providing,Current,544749,544749,0.13101249933243,0,0
"2025-02-17 17:00:00","2025-02-17 18:00:00",Nederland,WindOffshoreC,Hour,UTC,Providing,Current,708751,708751,0.17045475542545,0,0
"2025-02-17 18:00:00","2025-02-17 19:00:00",Nederland,WindOffshoreC,Hour,UTC,Providing,Current,1089750,1089750,0.26208475232124,0,0
"2025-02-17 19:00:00","2025-02-17 20:00:00",Nederland,WindOffshoreC,Hour,UTC,Providing,Current,1535749,1535749,0.36934775114059,0,0
"2025-02-17 20:00:00","2025-02-17 21:00:00",Nederland,WindOffshoreC,Hour,UTC,Providing,Current,1845250,1845250,0.44378298521042,0,0
"2025-02-17 21:00:00","2025-02-17 22:00:00",Nederland,WindOffshoreC,Hour,UTC,Providing,Current,2002250,2002250,0.48154175281525,0,0
"2025-02-17 22:00:00","2025-02-17 23:00:00",Nederland,WindOffshoreC,Hour,UTC,Providing,Current,2065000,2065000,0.49663299322128,0,0
"2025-02-17 23:00:00","2025-02-18 00:00:00",Nederland,WindOffshoreC,Hour,UTC,Providing,Current,1618250,1618250,0.38918951153755,0,0
"2025-02-18 00:00:00","2025-02-18 01:00:00",Nederland,WindOffshoreC,Hour,UTC,Providing,Current,1332999,1332999,0.32058650255203,0,0
"2025-02-18 01:00:00","2025-02-18 02:00:00",Nederland,WindOffshoreC,Hour,UTC,Providing,Current,1326000,1326000,0.31890323758125,0,0
"2025-02-18 02:00:00","2025-02-18 03:00:00",Nederland,WindOffshoreC,Hour,UTC,Providing,Current,1347000,1347000,0.32395398616791,0,0
"2025-02-18 03:00:00","2025-02-18 04:00:00",Nederland,WindOffshoreC,Hour,UTC,Providing,Current,1716000,1716000,0.41269823908806,0,0
"2025-02-18 04:00:00","2025-02-18 05:00:00",Nederland,WindOffshoreC,Hour,UTC,Providing,Current,1729248,1729248,0.41588425636292,0,0
"2025-02-18 05:00:00","2025-02-18 06:00:00",Nederland,WindOffshoreC,Hour,UTC,Providing,Current,1593999,1593999,0.38335675001144,0,0
"2025-02-18 06:00:00","2025-02-18 07:00:00",Nederland,WindOffshoreC,Hour,UTC,Providing,Current,1695500,1695500,0.4077684879303,0,0
"2025-02-18 07:00:00","2025-02-18 08:00:00",Nederland,WindOffshoreC,Hour,UTC,Providing,Current,1697751,1697751,0.4083097577095,0,0
"2025-02-18 08:00:00","2025-02-18 09:00:00",Nederland,WindOffshoreC,Hour,UTC,Providing,Current,1711000,1711000,0.41149574518204,0,0
"2025-02-18 09:00:00","2025-02-18 10:00:00",Nederland,WindOffshoreC,Hour,UTC,Providing,Current,1713000,1713000,0.41197648644447,0,0
"2025-02-18 10:00:00","2025-02-18 11:00:00",Nederland,WindOffshoreC,Hour,UTC,Providing,Current,1498250,1498250,0.36032950878143,0,0
"2025-02-18 11:00:00","2025-02-18 12:00:00",Nederland,WindOffshoreC,Hour,UTC,Providing,Current,1420000,1420000,0.34151023626328,0,0
"2025-02-18 12:00:00","2025-02-18 13:00:00",Nederland,WindOffshoreC,Hour,UTC,Providing,Current,1681250,1681250,0.40434125065804,0,0
"2025-02-18 13:00:00","2025-02-18 14:00:00",Nederland,WindOffshoreC,Hour,UTC,Providing,Current,2057749,2057749,0.49488899111748,0,0
"2025-02-18 14:00:00","2025-02-18 15:00:00",Nederland,WindOffshoreC,Hour,UTC,Providing,Current,2187499,2187499,0.52609401941299,0,0
"2025-02-18 15:00:00","2025-02-18 16:00:00",Nederland,WindOffshoreC,Hour,UTC,Providing,Current,2515500,2515500,0.60497826337814,0,0
"2025-02-18 16:00:00","2025-02-18 17:00:00",Nederland,WindOffshoreC,Hour,UTC,Providing,Current,3148250,3148250,0.75715500116348,0,0
"2025-02-18 17:00:00","2025-02-18 18:00:00",Nederland,WindOffshoreC,Hour,UTC,Providing,Current,3671250,3671250,0.88293647766113,0,0
"2025-02-18 18:00:00","2025-02-18 19:00:00",Nederland,WindOffshoreC,Hour,UTC,Providing,Current,3948750,3948750,0.94967526197433,0,0
"2025-02-18 19:00:00","2025-02-18 20:00:00",Nederland,WindOffshoreC,Hour,UTC,Providing,Current,3901501,3901501,0.93831199407578,0,0
"2025-02-18 20:00:00","2025-02-18 21:00:00",Nederland,WindOffshoreC,Hour,UTC,Providing,Current,3976500,3976500,0.9563490152359,0,0
"2025-02-18 21:00:00","2025-02-18 22:00:00",Nederland,WindOffshoreC,Hour,UTC,Providing,Current,3858249,3858249,0.92790973186493,0,0
"2025-02-18 22:00:00","2025-02-18 23:00:00",Nederland,WindOffshoreC,Hour,UTC,Providing,Current,3735250,3735250,0.89832848310471,0,0
"2025-02-18 23:00:00","2025-02-19 00:00:00",Nederland,WindOffshoreC,Hour,UTC,Providing,Current,3612000,3612000,0.86868673563004,0,0
"2025-02-19 00:00:00","2025-02-19 01:00:00",Nederland,WindOffshoreC,Hour,UTC,Providing,Current,3661500,3661500,0.88059175014496,0,0
"2025-02-19 01:00:00","2025-02-19 02:00:00",Nederland,WindOffshoreC,Hour,UTC,Providing,Current,3620500,3620500,0.87073123455048,0,0
"2025-02-19 02:00:00","2025-02-19 03:00:00",Nederland,WindOffshoreC,Hour,UTC,Providing,Current,3536750,3536750,0.85058927536011,0,0
"2025-02-19 03:00:00","2025-02-19 04:00:00",Nederland,WindOffshoreC,Hour,UTC,Providing,Current,3428750,3428750,0.82461500167847,0,0
"2025-02-19 04:00:00","2025-02-19 05:00:00",Nederland,WindOffshoreC,Hour,UTC,Providing,Current,3431000,3431000,0.82515650987625,0,0
"2025-02-19 05:00:00","2025-02-19 06:00:00",Nederland,WindOffshoreC,Hour,UTC,Providing,Current,3459501,3459501,0.8320107460022,0,0
"2025-02-19 06:00:00","2025-02-19 07:00:00",Nederland,WindOffshoreC,Hour,UTC,Providing,Current,3430501,3430501,0.82503598928452,0,0
"2025-02-19 07:00:00","2025-02-19 08:00:00",Nederland,WindOffshoreC,Hour,UTC,Providing,Current,3485750,3485750,0.83832377195358,0,0
"2025-02-19 08:00:00","2025-02-19 09:00:00",Nederland,WindOffshoreC,Hour,UTC,Providing,Current,3359500,3359500,0.80796027183533,0,0
"2025-02-19 09:00:00","2025-02-19 10:00:00",Nederland,WindOffshoreC,Hour,UTC,Providing,Current,3275501,3275501,0.78775876760483,0,0
"2025-02-19 10:00:00","2025-02-19 11:00:00",Nederland,WindOffshoreC,Hour,UTC,Providing,Current,2999250,2999250,0.72132050991058,0,0
"2025-02-19 11:00:00","2025-02-19 12:00:00",Nederland,WindOffshoreC,Hour,UTC,Providing,Current,2483750,2483750,0.5973424911499,0,0
"2025-02-19 12:00:00","2025-02-19 13:00:00",Nederland,WindOffshoreC,Hour,UTC,Providing,Current,2209000,2209000,0.53126525878906,0,0
"2025-02-19 13:00:00","2025-02-19 14:00:00",Nederland,WindOffshoreC,Hour,UTC,Providing,Current,2129750,2129750,0.51220548152924,0,0
"2025-02-19 14:00:00","2025-02-19 15:00:00",Nederland,WindOffshoreC,Hour,UTC,Providing,Current,2247250,2247250,0.54046422243118,0,0
"2025-02-19 15:00:00","2025-02-19 16:00:00",Nederland,WindOffshoreC,Hour,UTC,Providing,Current,2356751,2356751,0.56679898500443,0,0
"2025-02-19 16:00:00","2025-02-19 17:00:00",Nederland,WindOffshoreC,Hour,UTC,Providing,Current,2701501,2701501,0.64971148967743,0,0
"2025-02-19 17:00:00","2025-02-19 18:00:00",Nederland,WindOffshoreC,Hour,UTC,Providing,Current,2629751,2629751,0.63245576620102,0,0
"2025-02-19 18:00:00","2025-02-19 19:00:00",Nederland,WindOffshoreC,Hour,UTC,Providing,Current,2582500,2582500,0.6210920214653,0,0
"2025-02-19 19:00:00","2025-02-19 20:00:00",Nederland,WindOffshoreC,Hour,UTC,Providing,Current,2443000,2443000,0.58754199743271,0,0
"2025-02-19 20:00:00","2025-02-19 21:00:00",Nederland,WindOffshoreC,Hour,UTC,Providing,Current,2335000,2335000,0.56156802177429,0,0
"2025-02-19 21:00:00","2025-02-19 22:00:00",Nederland,WindOffshoreC,Hour,UTC,Providing,Current,2543750,2543750,0.6117724776268,0,0
"2025-02-19 22:00:00","2025-02-19 23:00:00",Nederland,WindOffshoreC,Hour,UTC,Providing,Current,2220500,2220500,0.53403097391129,0,0
"2025-02-19 23:00:00","2025-02-20 00:00:00",Nederland,WindOffshoreC,Hour,UTC,Providing,Current,1742000,1742000,0.41895151138306,0,0
"2025-02-20 00:00:00","2025-02-20 01:00:00",Nederland,WindOffshoreC,Hour,UTC,Providing,Current,1643750,1643750,0.39532250165939,0,0
"2025-02-20 01:00:00","2025-02-20 02:00:00",Nederland,WindOffshoreC,Hour,UTC,Providing,Current,1698500,1698500,0.40848976373672,0,0
"2025-02-20 02:00:00","2025-02-20 03:00:00",Nederland,WindOffshoreC,Hour,UTC,Providing,Current,1632501,1632501,0.39261674880981,0,0
"2025-02-20 03:00:00","2025-02-20 04:00:00",Nederland,WindOffshoreC,Hour,UTC,Providing,Current,1748250,1748250,0.42045450210571,0,0
"2025-02-20 04:00:00","2025-02-20 05:00:00",Nederland,WindOffshoreC,Hour,UTC,Providing,Current,2018500,2018500,0.48544999957085,0,0
"2025-02-20 05:00:00","2025-02-20 06:00:00",Nederland,WindOffshoreC,Hour,UTC,Providing,Current,2085749,2085749,0.50162297487259,0,0
"2025-02-20 06:00:00","2025-02-20 07:00:00",Nederland,WindOffshoreC,Hour,UTC,Providing,Current,2353000,2353000,0.56589722633362,0,0
"2025-02-20 07:00:00","2025-02-20 08:00:00",Nederland,WindOffshoreC,Hour,UTC,Providing,Current,2614749,2614749,0.62884777784348,0,0
"2025-02-20 08:00:00","2025-02-20 09:00:00",Nederland,WindOffshoreC,Hour,UTC,Providing,Current,2926000,2926000,0.70370352268219,0,0
"2025-02-20 09:00:00","2025-02-20 10:00:00",Nederland,WindOffshoreC,Hour,UTC,Providing,Current,3039251,3039251,0.7309405207634,0,0
"2025-02-20 10:00:00","2025-02-20 11:00:00",Nederland,WindOffshoreC,Hour,UTC,Providing,Current,3165751,3165751,0.7613639831543,0,0
"2025-02-20 11:00:00","2025-02-20 12:00:00",Nederland,WindOffshoreC,Hour,UTC,Providing,Current,3610499,3610499,0.86832576990128,0,0
"2025-02-20 12:00:00","2025-02-20 13:00:00",Nederland,WindOffshoreC,Hour,UTC,Providing,Current,4000251,4000251,0.96206122636795,0,0
"2025-02-20 13:00:00","2025-02-20 14:00:00",Nederland,WindOffshoreC,Hour,UTC,Providing,Current,4052000,4052000,0.97450697422028,0,0
"2025-02-20 14:00:00","2025-02-20 15:00:00",Nederland,WindOffshoreC,Hour,UTC,Providing,Current,4122249,4122249,0.99140149354935,0,0
"2025-02-20 15:00:00","2025-02-20 16:00:00",Nederland,WindOffshoreC,Hour,UTC,Providing,Current,4206250,4206250,1.0116020441055,0,0
"2025-02-20 16:00:00","2025-02-20 17:00:00",Nederland,WindOffshoreC,Hour,UTC,Providing,Current,4318250,4318250,1.0385400056839,0,0
"2025-02-20 17:00:00","2025-02-20 18:00:00",Nederland,WindOffshoreC,Hour,UTC,Providing,Current,4182500,4182500,1.0058914422989,0,0
"2025-02-20 18:00:00","2025-02-20 19:00:00",Nederland,WindOffshoreC,Hour,UTC,Providing,Current,4215000,4215000,1.0137075185776,0,0
"2025-02-20 19:00:00","2025-02-20 20:00:00",Nederland,WindOffshoreC,Hour,UTC,Providing,Current,4327249,4327249,1.0407049655914,0,0
"2025-02-20 20:00:00","2025-02-20 21:00:00",Nederland,WindOffshoreC,Hour,UTC,Providing,Current,4242750,4242750,1.0203804969788,0,0
"2025-02-20 21:00:00","2025-02-20 22:00:00",Nederland,WindOffshoreC,Hour,UTC,Providing,Current,4075248,4075248,0.9800980091095,0,0
"2025-02-20 22:00:00","2025-02-20 23:00:00",Nederland,WindOffshoreC,Hour,UTC,Providing,Current,3925250,3925250,0.94402348995209,0,0
"2025-02-20 23:00:00","2025-02-21 00:00:00",Nederland,WindOffshoreC,Hour,UTC,Providing,Current,3730749,3730749,0.89724600315094,0,0
"2025-02-21 00:00:00","2025-02-21 01:00:00",Nederland,WindOffshoreC,Hour,UTC,Providing,Current,3650000,3650000,0.87782573699951,0,0
"2025-02-21 01:00:00","2025-02-21 02:00:00",Nederland,WindOffshoreC,Hour,UTC,Providing,Current,3492001,3492001,0.8398272395134,0,0
"2025-02-21 02:00:00","2025-02-21 03:00:00",Nederland,WindOffshoreC,Hour,UTC,Providing,Current,3540500,3540500,0.85149127244949,0,0
"2025-02-21 03:00:00","2025-02-21 04:00:00",Nederland,WindOffshoreC,Hour,UTC,Providing,Current,3602250,3602250,0.86634200811386,0,0
"2025-02-21 04:00:00","2025-02-21 05:00:00",Nederland,WindOffshoreC,Hour,UTC,Providing,Current,3683499,3683499,0.88588225841522,0,0
"2025-02-21 05:00:00","2025-02-21 06:00:00",Nederland,WindOffshoreC,Hour,UTC,Providing,Current,3878749,3878749,0.93283998966217,0,0
"2025-02-21 06:00:00","2025-02-21 07:00:00",Nederland,WindOffshoreC,Hour,UTC,Providing,Current,3906749,3906749,0.9395740032196,0,0
"2025-02-21 07:00:00","2025-02-21 08:00:00",Nederland,WindOffshoreC,Hour,UTC,Providing,Current,4018250,4018250,0.96639001369476,0,0
"2025-02-21 08:00:00","2025-02-21 09:00:00",Nederland,WindOffshoreC,Hour,UTC,Providing,Current,4063500,4063500,0.97727298736572,0,0
"2025-02-21 09:00:00","2025-02-21 10:00:00",Nederland,WindOffshoreC,Hour,UTC,Providing,Current,4040502,4040502,0.97174149751663,0,0
"2025-02-21 10:00:00","2025-02-21 11:00:00",Nederland,WindOffshoreC,Hour,UTC,Providing,Current,4045250,4045250,0.97288376092911,0,0
"2025-02-21 11:00:00","2025-02-21 12:00:00",Nederland,WindOffshoreC,Hour,UTC,Providing,Current,4123251,4123251,0.9916427731514,0,0
"2025-02-21 12:00:00","2025-02-21 13:00:00",Nederland,WindOffshoreC,Hour,UTC,Providing,Current,3904499,3904499,0.9390327334404,0,0
"2025-02-21 13:00:00","2025-02-21 14:00:00",Nederland,WindOffshoreC,Hour,UTC,Providing,Current,4103250,4103250,0.98683249950409,0,0
"2025-02-21 14:00:00","2025-02-21 15:00:00",Nederland,WindOffshoreC,Hour,UTC,Providing,Current,4118500,4118500,0.99050122499466,0,0
"2025-02-21 15:00:00","2025-02-21 16:00:00",Nederland,WindOffshoreC,Hour,UTC,Providing,Current,4294750,4294750,1.0328874588013,0,0
"2025-02-21 16:00:00","2025-02-21 17:00:00",Nederland,WindOffshoreC,Hour,UTC,Providing,Current,4225000,4225000,1.0161149501801,0,0
"2025-02-21 17:00:00","2025-02-21 18:00:00",Nederland,WindOffshoreC,Hour,UTC,Providing,Current,4334750,4334750,1.0425075292587,0,0
"2025-02-21 18:00:00","2025-02-21 19:00:00",Nederland,WindOffshoreC,Hour,UTC,Providing,Current,4244750,4244750,1.0208624601364,0,0
"2025-02-21 19:00:00","2025-02-21 20:00:00",Nederland,WindOffshoreC,Hour,UTC,Providing,Current,4192000,4192000,1.0081775188446,0,0
"2025-02-21 20:00:00","2025-02-21 21:00:00",Nederland,WindOffshoreC,Hour,UTC,Providing,Current,4166502,4166502,1.0020439624786,0,0
"2025-02-21 21:00:00","2025-02-21 22:00:00",Nederland,WindOffshoreC,Hour,UTC,Providing,Current,4086751,4086751,0.98286473751068,0,0
"2025-02-21 22:00:00","2025-02-21 23:00:00",Nederland,WindOffshoreC,Hour,UTC,Providing,Current,3803000,3803000,0.91462248563766,0,0
"2025-02-21 23:00:00","2025-02-22 00:00:00",Nederland,WindOffshoreC,Hour,UTC,Providing,Current,3606250,3606250,0.86730402708054,0,0
"2025-02-22 00:00:00","2025-02-22 01:00:00",Nederland,WindOffshoreC,Hour,UTC,Providing,Current,3495000,3495000,0.84054851531982,0,0
"2025-02-22 01:00:00","2025-02-22 02:00:00",Nederland,WindOffshoreC,Hour,UTC,Providing,Current,3589749,3589749,0.86333549022675,0,0
"2025-02-22 02:00:00","2025-02-22 03:00:00",Nederland,WindOffshoreC,Hour,UTC,Providing,Current,3907249,3907249,0.93969398736954,0,0
"2025-02-22 03:00:00","2025-02-22 04:00:00",Nederland,WindOffshoreC,Hour,UTC,Providing,Current,3852750,3852750,0.92658722400665,0,0
"2025-02-22 04:00:00","2025-02-22 05:00:00",Nederland,WindOffshoreC,Hour,UTC,Providing,Current,3833750,3833750,0.92201775312424,0,0
"2025-02-22 05:00:00","2025-02-22 06:00:00",Nederland,WindOffshoreC,Hour,UTC,Providing,Current,3989250,3989250,0.95941573381424,0,0
"2025-02-22 06:00:00","2025-02-22 07:00:00",Nederland,WindOffshoreC,Hour,UTC,Providing,Current,4046250,4046250,0.97312426567078,0,0
"2025-02-22 07:00:00","2025-02-22 08:00:00",Nederland,WindOffshoreC,Hour,UTC,Providing,Current,3797500,3797500,0.91329973936081,0,0
"2025-02-22 08:00:00","2025-02-22 09:00:00",Nederland,WindOffshoreC,Hour,UTC,Providing,Current,3684000,3684000,0.88600301742554,0,0
"2025-02-22 09:00:00","2025-02-22 10:00:00",Nederland,WindOffshoreC,Hour,UTC,Providing,Current,3431500,3431500,0.82527673244476,0,0
"2025-02-22 10:00:00","2025-02-22 11:00:00",Nederland,WindOffshoreC,Hour,UTC,Providing,Current,3157000,3157000,0.75925922393799,0,0
"2025-02-22 11:00:00","2025-02-22 12:00:00",Nederland,WindOffshoreC,Hour,UTC,Providing,Current,2755999,2755999,0.66281825304031,0,0
"2025-02-22 12:00:00","2025-02-22 13:00:00",Nederland,WindOffshoreC,Hour,UTC,Providing,Current,2608751,2608751,0.62740552425385,0,0
"2025-02-22 13:00:00","2025-02-22 14:00:00",Nederland,WindOffshoreC,Hour,UTC,Providing,Current,2069250,2069250,0.4976552426815,0,0
"2025-02-22 14:00:00","2025-02-22 15:00:00",Nederland,WindOffshoreC,Hour,UTC,Providing,Current,1243251,1243251,0.29900225996971,0,0
"2025-02-22 15:00:00","2025-02-22 16:00:00",Nederland,WindOffshoreC,Hour,UTC,Providing,Current,1420500,1420500,0.34163048863411,0,0
"2025-02-22 16:00:00","2025-02-22 17:00:00",Nederland,WindOffshoreC,Hour,UTC,Providing,Current,1335750,1335750,0.32124850153923,0,0
"2025-02-22 17:00:00","2025-02-22 18:00:00",Nederland,WindOffshoreC,Hour,UTC,Providing,Current,1385750,1385750,0.33327299356461,0,0
"2025-02-22 18:00:00","2025-02-22 19:00:00",Nederland,WindOffshoreC,Hour,UTC,Providing,Current,1609500,1609500,0.38708525896072,0,0
"2025-02-22 19:00:00","2025-02-22 20:00:00",Nederland,WindOffshoreC,Hour,UTC,Providing,Current,1836749,1836749,0.44173875451088,0,0
"2025-02-22 20:00:00","2025-02-22 21:00:00",Nederland,WindOffshoreC,Hour,UTC,Providing,Current,1791999,1791999,0.43097624182701,0,0
"2025-02-22 21:00:00","2025-02-22 22:00:00",Nederland,WindOffshoreC,Hour,UTC,Providing,Current,1929252,1929252,0.4639852643013,0,0
"2025-02-22 22:00:00","2025-02-22 23:00:00",Nederland,WindOffshoreC,Hour,UTC,Providing,Current,2061500,2061500,0.49579149484634,0,0
"2025-02-22 23:00:00","2025-02-23 00:00:00",Nederland,WindOffshoreC,Hour,UTC,Providing,Current,2056500,2056500,0.49458900094032,0,0
"2025-02-23 00:00:00","2025-02-23 01:00:00",Nederland,WindOffshoreC,Hour,UTC,Providing,Current,1992000,1992000,0.47907650470734,0,0
"2025-02-23 01:00:00","2025-02-23 02:00:00",Nederland,WindOffshoreC,Hour,UTC,Providing,Current,1966500,1966500,0.47294351458549,0,0
"2025-02-23 02:00:00","2025-02-23 03:00:00",Nederland,WindOffshoreC,Hour,UTC,Providing,Current,1817751,1817751,0.43716949224472,0,0
"2025-02-23 03:00:00","2025-02-23 04:00:00",Nederland,WindOffshoreC,Hour,UTC,Providing,Current,1420999,1420999,0.34175050258636,0,0
"2025-02-23 04:00:00","2025-02-23 05:00:00",Nederland,WindOffshoreC,Hour,UTC,Providing,Current,1278750,1278750,0.30753976106644,0,0
"2025-02-23 05:00:00","2025-02-23 06:00:00",Nederland,WindOffshoreC,Hour,UTC,Providing,Current,1365999,1365999,0.32852324843407,0,0
"2025-02-23 06:00:00","2025-02-23 07:00:00",Nederland,WindOffshoreC,Hour,UTC,Providing,Current,1477000,1477000,0.35521900653839,0,0
"2025-02-23 07:00:00","2025-02-23 08:00:00",Nederland,WindOffshoreC,Hour,UTC,Providing,Current,1867000,1867000,0.4490140080452,0,0
"2025-02-23 08:00:00","2025-02-23 09:00:00",Nederland,WindOffshoreC,Hour,UTC,Providing,Current,2181000,2181000,0.52453100681305,0,0
"2025-02-23 09:00:00","2025-02-23 10:00:00",Nederland,WindOffshoreC,Hour,UTC,Providing,Current,2428250,2428250,0.58399450778961,0,0
"2025-02-23 10:00:00","2025-02-23 11:00:00",Nederland,WindOffshoreC,Hour,UTC,Providing,Current,2578250,2578250,0.62006950378418,0,0
"2025-02-23 11:00:00","2025-02-23 12:00:00",Nederland,WindOffshoreC,Hour,UTC,Providing,Current,2805500,2805500,0.67472350597382,0,0
"2025-02-23 12:00:00","2025-02-23 13:00:00",Nederland,WindOffshoreC,Hour,UTC,Providing,Current,3192000,3192000,0.7676767706871,0,0
"2025-02-23 13:00:00","2025-02-23 14:00:00",Nederland,WindOffshoreC,Hour,UTC,Providing,Current,3470000,3470000,0.83453577756882,0,0
"2025-02-23 14:00:00","2025-02-23 15:00:00",Nederland,WindOffshoreC,Hour,UTC,Providing,Current,3881249,3881249,0.9334419965744,0,0
"2025-02-23 15:00:00","2025-02-23 16:00:00",Nederland,WindOffshoreC,Hour,UTC,Providing,Current,4122000,4122000,0.99134075641632,0,0
"2025-02-23 16:00:00","2025-02-23 17:00:00",Nederland,WindOffshoreC,Hour,UTC,Providing,Current,4246749,4246749,1.0213439464569,0,0
"2025-02-23 17:00:00","2025-02-23 18:00:00",Nederland,WindOffshoreC,Hour,UTC,Providing,Current,4322250,4322250,1.0395025014877,0,0
"2025-02-23 18:00:00","2025-02-23 19:00:00",Nederland,WindOffshoreC,Hour,UTC,Providing,Current,4360251,4360251,1.0486400127411,0,0
"2025-02-23 19:00:00","2025-02-23 20:00:00",Nederland,WindOffshoreC,Hour,UTC,Providing,Current,4335000,4335000,1.0425674915314,0,0
"2025-02-23 20:00:00","2025-02-23 21:00:00",Nederland,WindOffshoreC,Hour,UTC,Providing,Current,4299751,4299751,1.0340900421143,0,0
"2025-02-23 21:00:00","2025-02-23 22:00:00",Nederland,WindOffshoreC,Hour,UTC,Providing,Current,4186000,4186000,1.0067349672318,0,0
"2025-02-23 22:00:00","2025-02-23 23:00:00",Nederland,WindOffshoreC,Hour,UTC,Providing,Current,4116750,4116750,0.99007952213287,0,0
"2025-02-23 23:00:00","2025-02-24 00:00:00",Nederland,WindOffshoreC,Hour,UTC,Providing,Current,4031001,4031001,0.9694567322731,0,0
"2025-02-24 00:00:00","2025-02-24 01:00:00",Nederland,WindOffshoreC,Hour,UTC,Providing,Current,4054001,4054001,0.97498852014542,0,0
"2025-02-24 01:00:00","2025-02-24 02:00:00",Nederland,WindOffshoreC,Hour,UTC,Providing,Current,4073250,4073250,0.97961747646332,0,0
"2025-02-24 02:00:00","2025-02-24 03:00:00",Nederland,WindOffshoreC,Hour,UTC,Providing,Current,4020749,4020749,0.96699124574661,0,0
"2025-02-24 03:00:00","2025-02-24 04:00:00",Nederland,WindOffshoreC,Hour,UTC,Providing,Current,4019501,4019501,0.96669101715088,0,0
"2025-02-24 04:00:00","2025-02-24 05:00:00",Nederland,WindOffshoreC,Hour,UTC,Providing,Current,4027000,4027000,0.96849447488785,0,0
"2025-02-24 05:00:00","2025-02-24 06:00:00",Nederland,WindOffshoreC,Hour,UTC,Providing,Current,4193500,4193500,1.008537530899,0,0
"2025-02-24 06:00:00","2025-02-24 07:00:00",Nederland,WindOffshoreC,Hour,UTC,Providing,Current,4295750,4295750,1.0331300497055,0,0
"2025-02-24 07:00:00","2025-02-24 08:00:00",Nederland,WindOffshoreC,Hour,UTC,Providing,Current,4408750,4408750,1.0603075027466,0,0
"2025-02-24 08:00:00","2025-02-24 09:00:00",Nederland,WindOffshoreC,Hour,UTC,Providing,Current,4376501,4376501,1.0525499582291,0,0
"2025-02-24 09:00:00","2025-02-24 10:00:00",Nederland,WindOffshoreC,Hour,UTC,Providing,Current,4136001,4136001,0.99471026659012,0,0
"2025-02-24 10:00:00","2025-02-24 11:00:00",Nederland,WindOffshoreC,Hour,UTC,Providing,Current,4305999,4305999,1.0355925559998,0,0
"2025-02-24 11:00:00","2025-02-24 12:00:00",Nederland,WindOffshoreC,Hour,UTC,Providing,Current,4384250,4384250,1.054412484169,0,0
"2025-02-24 12:00:00","2025-02-24 13:00:00",Nederland,WindOffshoreC,Hour,UTC,Providing,Current,4284000,4284000,1.0303025245667,0,0
"2025-02-24 13:00:00","2025-02-24 14:00:00",Nederland,WindOffshoreC,Hour,UTC,Providing,Current,4064250,4064250,0.97745323181152,0,0
"2025-02-24 14:00:00","2025-02-24 15:00:00",Nederland,WindOffshoreC,Hour,UTC,Providing,Current,4014749,4014749,0.96554797887802,0,0
"2025-02-24 15:00:00","2025-02-24 16:00:00",Nederland,WindOffshoreC,Hour,UTC,Providing,Current,3918501,3918501,0.9424005150795,0,0
"2025-02-24 16:00:00","2025-02-24 17:00:00",Nederland,WindOffshoreC,Hour,UTC,Providing,Current,4125000,4125000,0.9920642375946,0,0
"2025-02-24 17:00:00","2025-02-24 18:00:00",Nederland,WindOffshoreC,Hour,UTC,Providing,Current,4189001,4189001,1.0074574947357,0,0
"2025-02-24 18:00:00","2025-02-24 19:00:00",Nederland,WindOffshoreC,Hour,UTC,Providing,Current,4214999,4214999,1.0137075185776,0,0
"2025-02-24 19:00:00","2025-02-24 20:00:00",Nederland,WindOffshoreC,Hour,UTC,Providing,Current,4223000,4223000,1.0156317949295,0,0
"2025-02-24 20:00:00","2025-02-24 21:00:00",Nederland,WindOffshoreC,Hour,UTC,Providing,Current,4127749,4127749,0.99272298812866,0,0
"2025-02-24 21:00:00","2025-02-24 22:00:00",Nederland,WindOffshoreC,Hour,UTC,Providing,Current,3577251,3577251,0.86032974720001,0,0
"2025-02-24 22:00:00","2025-02-24 23:00:00",Nederland,WindOffshoreC,Hour,UTC,Providing,Current,3017251,3017251,0.72564947605133,0,0
"2025-02-24 23:00:00","2025-02-25 00:00:00",Nederland,WindOffshoreC,Hour,UTC,Providing,Current,2834500,2834500,0.68169802427292,0,0
"2025-02-25 00:00:00","2025-02-25 01:00:00",Nederland,WindOffshoreC,Hour,UTC,Providing,Current,2737998,2737998,0.65848898887634,0,0
"2025-02-25 01:00:00","2025-02-25 02:00:00",Nederland,WindOffshoreC,Hour,UTC,Providing,Current,2421750,2421750,0.58243149518967,0,0
"2025-02-25 02:00:00","2025-02-25 03:00:00",Nederland,WindOffshoreC,Hour,UTC,Providing,Current,2259252,2259252,0.54335075616837,0,0
"2025-02-25 03:00:00","2025-02-25 04:00:00",Nederland,WindOffshoreC,Hour,UTC,Providing,Current,1671500,1671500,0.40199625492096,0,0
"2025-02-25 04:00:00","2025-02-25 05:00:00",Nederland,WindOffshoreC,Hour,UTC,Providing,Current,1304000,1304000,0.31361225247383,0,0
"2025-02-25 05:00:00","2025-02-25 06:00:00",Nederland,WindOffshoreC,Hour,UTC,Providing,Current,1194000,1194000,0.28715699911118,0,0
"2025-02-25 06:00:00","2025-02-25 07:00:00",Nederland,WindOffshoreC,Hour,UTC,Providing,Current,1235001,1235001,0.29701825976372,0,0
"2025-02-25 07:00:00","2025-02-25 08:00:00",Nederland,WindOffshoreC,Hour,UTC,Providing,Current,1107999,1107999,0.26647424697876,0,0
"2025-02-25 08:00:00","2025-02-25 09:00:00",Nederland,WindOffshoreC,Hour,UTC,Providing,Current,1110750,1110750,0.26713573932648,0,0
"2025-02-25 09:00:00","2025-02-25 10:00:00",Nederland,WindOffshoreC,Hour,UTC,Providing,Current,904750,904750,0.21759274601936,0,0
"2025-02-25 10:00:00","2025-02-25 11:00:00",Nederland,WindOffshoreC,Hour,UTC,Providing,Current,665750,665750,0.16011324524879,0,0
"2025-02-25 11:00:00","2025-02-25 12:00:00",Nederland,WindOffshoreC,Hour,UTC,Providing,Current,448749,448749,0.10792442411184,0,0
"2025-02-25 12:00:00","2025-02-25 13:00:00",Nederland,WindOffshoreC,Hour,UTC,Providing,Current,267751,267751,0.064394176006317,0,0
"2025-02-25 13:00:00","2025-02-25 14:00:00",Nederland,WindOffshoreC,Hour,UTC,Providing,Current,173750,173750,0.041786924004555,0,0
"2025-02-25 14:00:00","2025-02-25 15:00:00",Nederland,WindOffshoreC,Hour,UTC,Providing,Current,219750,219750,0.052849926054478,0,0
"2025-02-25 15:00:00","2025-02-25 16:00:00",Nederland,WindOffshoreC,Hour,UTC,Providing,Current,186750,186750,0.044913399964571,0,0
"2025-02-25 16:00:00","2025-02-25 17:00:00",Nederland,WindOffshoreC,Hour,UTC,Providing,Current,168250,168250,0.040464151650667,0,0
"2025-02-25 17:00:00","2025-02-25 18:00:00",Nederland,WindOffshoreC,Hour,UTC,Providing,Current,213749,213749,0.051406674087048,0,0
"2025-02-25 18:00:00","2025-02-25 19:00:00",Nederland,WindOffshoreC,Hour,UTC,Providing,Current,296250,296250,0.071248203516006,0,0
"2025-02-25 19:00:00","2025-02-25 20:00:00",Nederland,WindOffshoreC,Hour,UTC,Providing,Current,301248,301248,0.07245022803545,0,0
"2025-02-25 20:00:00","2025-02-25 21:00:00",Nederland,WindOffshoreC,Hour,UTC,Providing,Current,228250,228250,0.054894175380468,0,0
"2025-02-25 21:00:00","2025-02-25 22:00:00",Nederland,WindOffshoreC,Hour,UTC,Providing,Current,104000,104000,0.025012049823999,0,0
"2025-02-25 22:00:00","2025-02-25 23:00:00",Nederland,WindOffshoreC,Hour,UTC,Providing,Current,11000,11000,0.0026455025654286,0,0
"2025-02-25 23:00:00","2025-02-26 00:00:00",Nederland,WindOffshoreC,Hour,UTC,Providing,Current,65499,65499,0.015752512961626,0,0
"2025-02-26 00:00:00","2025-02-26 01:00:00",Nederland,WindOffshoreC,Hour,UTC,Providing,Current,155500,155500,0.037397798150778,0,0
"2025-02-26 01:00:00","2025-02-26 02:00:00",Nederland,WindOffshoreC,Hour,UTC,Providing,Current,396001,396001,0.095238275825977,0,0
"2025-02-26 02:00:00","2025-02-26 03:00:00",Nederland,WindOffshoreC,Hour,UTC,Providing,Current,745750,745750,0.17935299873352,0,0
"2025-02-26 03:00:00","2025-02-26 04:00:00",Nederland,WindOffshoreC,Hour,UTC,Providing,Current,803250,803250,0.19318200647831,0,0
"2025-02-26 04:00:00","2025-02-26 05:00:00",Nederland,WindOffshoreC,Hour,UTC,Providing,Current,436250,436250,0.10491817444563,0,0
"2025-02-26 05:00:00","2025-02-26 06:00:00",Nederland,WindOffshoreC,Hour,UTC,Providing,Current,380500,380500,0.091510303318501,0,0
"2025-02-26 06:00:00","2025-02-26 07:00:00",Nederland,WindOffshoreC,Hour,UTC,Providing,Current,224250,224250,0.053932175040245,0,0
"2025-02-26 07:00:00","2025-02-26 08:00:00",Nederland,WindOffshoreC,Hour,UTC,Providing,Current,244251,244251,0.058742426335812,0,0
"2025-02-26 08:00:00","2025-02-26 09:00:00",Nederland,WindOffshoreC,Hour,UTC,Providing,Current,510751,510751,0.12283600121737,0,0
"2025-02-26 09:00:00","2025-02-26 10:00:00",Nederland,WindOffshoreC,Hour,UTC,Providing,Current,581500,581500,0.13985075056553,0,0
"2025-02-26 10:00:00","2025-02-26 11:00:00",Nederland,WindOffshoreC,Hour,UTC,Providing,Current,1010500,1010500,0.24302549660206,0,0
"2025-02-26 11:00:00","2025-02-26 12:00:00",Nederland,WindOffshoreC,Hour,UTC,Providing,Current,1777000,1777000,0.42736899852753,0,0
"2025-02-26 12:00:00","2025-02-26 13:00:00",Nederland,WindOffshoreC,Hour,UTC,Providing,Current,2292999,2292999,0.55146700143814,0,0
"2025-02-26 13:00:00","2025-02-26 14:00:00",Nederland,WindOffshoreC,Hour,UTC,Providing,Current,2547001,2547001,0.61255449056625,0,0
"2025-02-26 14:00:00","2025-02-26 15:00:00",Nederland,WindOffshoreC,Hour,UTC,Providing,Current,2982750,2982750,0.71735227108002,0,0
"2025-02-26 15:00:00","2025-02-26 16:00:00",Nederland,WindOffshoreC,Hour,UTC,Providing,Current,3212250,3212250,0.77254676818848,0,0
"2025-02-26 16:00:00","2025-02-26 17:00:00",Nederland,WindOffshoreC,Hour,UTC,Providing,Current,3776750,3776750,0.9083092212677,0,0
"2025-02-26 17:00:00","2025-02-26 18:00:00",Nederland,WindOffshoreC,Hour,UTC,Providing,Current,3553251,3553251,0.85455775260925,0,0
"2025-02-26 18:00:00","2025-02-26 19:00:00",Nederland,WindOffshoreC,Hour,UTC,Providing,Current,3273250,3273250,0.78721725940704,0,0
"2025-02-26 19:00:00","2025-02-26 20:00:00",Nederland,WindOffshoreC,Hour,UTC,Providing,Current,3650250,3650250,0.87788623571396,0,0
"2025-02-26 20:00:00","2025-02-26 21:00:00",Nederland,WindOffshoreC,Hour,UTC,Providing,Current,2963001,2963001,0.71260273456573,0,0
"2025-02-26 21:00:00","2025-02-26 22:00:00",Nederland,WindOffshoreC,Hour,UTC,Providing,Current,2463999,2463999,0.59259247779846,0,0
"2025-02-26 22:00:00","2025-02-26 23:00:00",Nederland,WindOffshoreC,Hour,UTC,Providing,Current,1798999,1798999,0.43265950679779,0,0
"2025-02-26 23:00:00","2025-02-27 00:00:00",Nederland,WindOffshoreC,Hour,UTC,Providing,Current,1994500,1994500,0.47967773675919,0,0
"2025-02-27 00:00:00","2025-02-27 01:00:00",Nederland,WindOffshoreC,Hour,UTC,Providing,Current,1884000,1884000,0.4531024992466,0,0
"2025-02-27 01:00:00","2025-02-27 02:00:00",Nederland,WindOffshoreC,Hour,UTC,Providing,Current,1759750,1759750,0.42322024703026,0,0
"2025-02-27 02:00:00","2025-02-27 03:00:00",Nederland,WindOffshoreC,Hour,UTC,Providing,Current,1701001,1701001,0.40909126400948,0,0
"2025-02-27 03:00:00","2025-02-27 04:00:00",Nederland,WindOffshoreC,Hour,UTC,Providing,Current,1288749,1288749,0.309944242239,0,0
"2025-02-27 04:00:00","2025-02-27 05:00:00",Nederland,WindOffshoreC,Hour,UTC,Providing,Current,1039250,1039250,0.24993975460529,0,0
"2025-02-27 05:00:00","2025-02-27 06:00:00",Nederland,WindOffshoreC,Hour,UTC,Providing,Current,1070749,1070749,0.25751525163651,0,0
"2025-02-27 06:00:00","2025-02-27 07:00:00",Nederland,WindOffshoreC,Hour,UTC,Providing,Current,829752,829752,0.19955524802208,0,0
"2025-02-27 07:00:00","2025-02-27 08:00:00",Nederland,WindOffshoreC,Hour,UTC,Providing,Current,798501,798501,0.19203999638557,0,0
"2025-02-27 08:00:00","2025-02-27 09:00:00",Nederland,WindOffshoreC,Hour,UTC,Providing,Current,887249,887249,0.21338374912739,0,0
"2025-02-27 09:00:00","2025-02-27 10:00:00",Nederland,WindOffshoreC,Hour,UTC,Providing,Current,1114251,1114251,0.26797750592232,0,0
"2025-02-27 10:00:00","2025-02-27 11:00:00",Nederland,WindOffshoreC,Hour,UTC,Providing,Current,1224250,1224250,0.29443225264549,0,0
"2025-02-27 11:00:00","2025-02-27 12:00:00",Nederland,WindOffshoreC,Hour,UTC,Providing,Current,1011249,1011249,0.24320550262928,0,0
"2025-02-27 12:00:00","2025-02-27 13:00:00",Nederland,WindOffshoreC,Hour,UTC,Providing,Current,1408750,1408750,0.3388047516346,0,0
"2025-02-27 13:00:00","2025-02-27 14:00:00",Nederland,WindOffshoreC,Hour,UTC,Providing,Current,1752499,1752499,0.42147624492645,0,0
"2025-02-27 14:00:00","2025-02-27 15:00:00",Nederland,WindOffshoreC,Hour,UTC,Providing,Current,1851000,1851000,0.44516599178314,0,0
"2025-02-27 15:00:00","2025-02-27 16:00:00",Nederland,WindOffshoreC,Hour,UTC,Providing,Current,2226499,2226499,0.53547352552414,0,0
"2025-02-27 16:00:00","2025-02-27 17:00:00",Nederland,WindOffshoreC,Hour,UTC,Providing,Current,2576500,2576500,0.61964875459671,0,0
"2025-02-27 17:00:00","2025-02-27 18:00:00",Nederland,WindOffshoreC,Hour,UTC,Providing,Current,3047750,3047750,0.73298448324203,0,0
"2025-02-27 18:00:00","2025-02-27 19:00:00",Nederland,WindOffshoreC,Hour,UTC,Providing,Current,3013750,3013750,0.72480773925781,0,0
"2025-02-27 19:00:00","2025-02-27 20:00:00",Nederland,WindOffshoreC,Hour,UTC,Providing,Current,3499751,3499751,0.8416907787323,0,0
"2025-02-27 20:00:00","2025-02-27 21:00:00",Nederland,WindOffshoreC,Hour,UTC,Providing,Current,3773000,3773000,0.90740752220154,0,0
"2025-02-27 21:00:00","2025-02-27 22:00:00",Nederland,WindOffshoreC,Hour,UTC,Providing,Current,3758750,3758750,0.90398025512695,0,0
"2025-02-27 22:00:00","2025-02-27 23:00:00",Nederland,WindOffshoreC,Hour,UTC,Providing,Current,3672750,3672750,0.88329726457596,0,0
"2025-02-27 23:00:00","2025-02-28 00:00:00",Nederland,WindOffshoreC,Hour,UTC,Providing,Current,3652750,3652750,0.87848722934723,0,0
"2025-02-28 00:00:00","2025-02-28 01:00:00",Nederland,WindOffshoreC,Hour,UTC,Providing,Current,3363250,3363250,0.80886226892471,0,0
"2025-02-28 01:00:00","2025-02-28 02:00:00",Nederland,WindOffshoreC,Hour,UTC,Providing,Current,2934501,2934501,0.70574826002121,0,0
"2025-02-28 02:00:00","2025-02-28 03:00:00",Nederland,WindOffshoreC,Hour,UTC,Providing,Current,2366749,2366749,0.56920373439789,0,0
"2025-02-28 03:00:00","2025-02-28 04:00:00",Nederland,WindOffshoreC,Hour,UTC,Providing,Current,1516750,1516750,0.36477848887444,0,0
"2025-02-28 04:00:00","2025-02-28 05:00:00",Nederland,WindOffshoreC,Hour,UTC,Providing,Current,1280999,1280999,0.30808049440384,0,0
"2025-02-28 05:00:00","2025-02-28 06:00:00",Nederland,WindOffshoreC,Hour,UTC,Providing,Current,1455000,1455000,0.34992775321007,0,0
"2025-02-28 06:00:00","2025-02-28 07:00:00",Nederland,WindOffshoreC,Hour,UTC,Providing,Current,1459999,1459999,0.35113000869751,0,0
"2025-02-28 07:00:00","2025-02-28 08:00:00",Nederland,WindOffshoreC,Hour,UTC,Providing,Current,1487001,1487001,0.35762426257133,0,0
"2025-02-28 08:00:00","2025-02-28 09:00:00",Nederland,WindOffshoreC,Hour,UTC,Providing,Current,1389750,1389750,0.33423548936844,0,0
"2025-02-28 09:00:00","2025-02-28 10:00:00",Nederland,WindOffshoreC,Hour,UTC,Providing,Current,1224000,1224000,0.29437249898911,0,0
"2025-02-28 10:00:00","2025-02-28 11:00:00",Nederland,WindOffshoreC,Hour,UTC,Providing,Current,855750,855750,0.20580799877644,0,0
"2025-02-28 11:00:00","2025-02-28 12:00:00",Nederland,WindOffshoreC,Hour,UTC,Providing,Current,748500,748500,0.18001474440098,0,0
"2025-02-28 12:00:00","2025-02-28 13:00:00",Nederland,WindOffshoreC,Hour,UTC,Providing,Current,643250,643250,0.1547017544508,0,0
"2025-02-28 13:00:00","2025-02-28 14:00:00",Nederland,WindOffshoreC,Hour,UTC,Providing,Current,601250,601250,0.14460074901581,0,0
"2025-02-28 14:00:00","2025-02-28 15:00:00",Nederland,WindOffshoreC,Hour,UTC,Providing,Current,584750,584750,0.14063249528408,0,0
"2025-02-28 15:00:00","2025-02-28 16:00:00",Nederland,WindOffshoreC,Hour,UTC,Providing,Current,656750,656750,0.15794874727726,0,0
"2025-02-28 16:00:00","2025-02-28 17:00:00",Nederland,WindOffshoreC,Hour,UTC,Providing,Current,595750,595750,0.14327800273895,0,0
"2025-02-28 17:00:00","2025-02-28 18:00:00",Nederland,WindOffshoreC,Hour,UTC,Providing,Current,659001,659001,0.1584900021553,0,0
"2025-02-28 18:00:00","2025-02-28 19:00:00",Nederland,WindOffshoreC,Hour,UTC,Providing,Current,658501,658501,0.15836949646473,0,0
"2025-02-28 19:00:00","2025-02-28 20:00:00",Nederland,WindOffshoreC,Hour,UTC,Providing,Current,655250,655250,0.15758775174618,0,0
"2025-02-28 20:00:00","2025-02-28 21:00:00",Nederland,WindOffshoreC,Hour,UTC,Providing,Current,659000,659000,0.15848974883556,0,0
"2025-02-28 21:00:00","2025-02-28 22:00:00",Nederland,WindOffshoreC,Hour,UTC,Providing,Current,549750,549750,0.13221499323845,0,0
"2025-02-28 22:00:00","2025-02-28 23:00:00",Nederland,WindOffshoreC,Hour,UTC,Providing,Current,499501,499501,0.12013024836779,0,0
"2025-02-28 23:00:00","2025-03-01 00:00:00",Nederland,WindOffshoreC,Hour,UTC,Providing,Current,398000,398000,0.095719024538994,0,0
"2025-03-01 00:00:00","2025-03-01 01:00:00",Nederland,WindOffshoreC,Hour,UTC,Providing,Current,342501,342501,0.082371577620506,0,0
"2025-03-01 01:00:00","2025-03-01 02:00:00",Nederland,WindOffshoreC,Hour,UTC,Providing,Current,310751,310751,0.074735701084137,0,0
"2025-03-01 02:00:00","2025-03-01 03:00:00",Nederland,WindOffshoreC,Hour,UTC,Providing,Current,273499,273499,0.065776601433754,0,0
"2025-03-01 03:00:00","2025-03-01 04:00:00",Nederland,WindOffshoreC,Hour,UTC,Providing,Current,234501,234501,0.056397575885057,0,0
"2025-03-01 04:00:00","2025-03-01 05:00:00",Nederland,WindOffshoreC,Hour,UTC,Providing,Current,226749,226749,0.054533198475838,0,0
"2025-03-01 05:00:00","2025-03-01 06:00:00",Nederland,WindOffshoreC,Hour,UTC,Providing,Current,214750,214750,0.051647424697876,0,0
"2025-03-01 06:00:00","2025-03-01 07:00:00",Nederland,WindOffshoreC,Hour,UTC,Providing,Current,181000,181000,0.043530523777008,0,0
"2025-03-01 07:00:00","2025-03-01 08:00:00",Nederland,WindOffshoreC,Hour,UTC,Providing,Current,138750,138750,0.033369399607182,0,0
"2025-03-01 08:00:00","2025-03-01 09:00:00",Nederland,WindOffshoreC,Hour,UTC,Providing,Current,137251,137251,0.033008873462677,0,0
"2025-03-01 09:00:00","2025-03-01 10:00:00",Nederland,WindOffshoreC,Hour,UTC,Providing,Current,113250,113250,0.027236649766564,0,0
"2025-03-01 10:00:00","2025-03-01 11:00:00",Nederland,WindOffshoreC,Hour,UTC,Providing,Current,60750,60750,0.014610400423408,0,0
"2025-03-01 11:00:00","2025-03-01 12:00:00",Nederland,WindOffshoreC,Hour,UTC,Providing,Current,62501,62501,0.015031499788165,0,0
"2025-03-01 12:00:00","2025-03-01 13:00:00",Nederland,WindOffshoreC,Hour,UTC,Providing,Current,84500,84500,0.020322300493717,0,0
"2025-03-01 13:00:00","2025-03-01 14:00:00",Nederland,WindOffshoreC,Hour,UTC,Providing,Current,124000,124000,0.029822049662471,0,0
"2025-03-01 14:00:00","2025-03-01 15:00:00",Nederland,WindOffshoreC,Hour,UTC,Providing,Current,112250,112250,0.026996174827218,0,0
"2025-03-01 15:00:00","2025-03-01 16:00:00",Nederland,WindOffshoreC,Hour,UTC,Providing,Current,84001,84001,0.020202275365591,0,0
"2025-03-01 16:00:00","2025-03-01 17:00:00",Nederland,WindOffshoreC,Hour,UTC,Providing,Current,168499,168499,0.040524024516344,0,0
"2025-03-01 17:00:00","2025-03-01 18:00:00",Nederland,WindOffshoreC,Hour,UTC,Providing,Current,198250,198250,0.047679174691439,0,0
"2025-03-01 18:00:00","2025-03-01 19:00:00",Nederland,WindOffshoreC,Hour,UTC,Providing,Current,164999,164999,0.039682298898697,0,0
"2025-03-01 19:00:00","2025-03-01 20:00:00",Nederland,WindOffshoreC,Hour,UTC,Providing,Current,192251,192251,0.046236425638199,0,0
"2025-03-01 20:00:00","2025-03-01 21:00:00",Nederland,WindOffshoreC,Hour,UTC,Providing,Current,303001,303001,0.072871796786785,0,0
"2025-03-01 21:00:00","2025-03-01 22:00:00",Nederland,WindOffshoreC,Hour,UTC,Providing,Current,229500,229500,0.055194798856974,0,0
"2025-03-01 22:00:00","2025-03-01 23:00:00",Nederland,WindOffshoreC,Hour,UTC,Providing,Current,194000,194000,0.046657048165798,0,0
"2025-03-01 23:00:00","2025-03-02 00:00:00",Nederland,WindOffshoreC,Hour,UTC,Providing,Current,138750,138750,0.033369425684214,0,0
"2025-03-02 00:00:00","2025-03-02 01:00:00",Nederland,WindOffshoreC,Hour,UTC,Providing,Current,99000,99000,0.023809550330043,0,0
"2025-03-02 01:00:00","2025-03-02 02:00:00",Nederland,WindOffshoreC,Hour,UTC,Providing,Current,91000,91000,0.021885525435209,0,0
"2025-03-02 02:00:00","2025-03-02 03:00:00",Nederland,WindOffshoreC,Hour,UTC,Providing,Current,60249,60249,0.014489900320768,0,0
"2025-03-02 03:00:00","2025-03-02 04:00:00",Nederland,WindOffshoreC,Hour,UTC,Providing,Current,58000,58000,0.013949025422335,0,0
"2025-03-02 04:00:00","2025-03-02 05:00:00",Nederland,WindOffshoreC,Hour,UTC,Providing,Current,99750,99750,0.023989925161004,0,0
"2025-03-02 05:00:00","2025-03-02 06:00:00",Nederland,WindOffshoreC,Hour,UTC,Providing,Current,146250,146250,0.035173125565052,0,0
"2025-03-02 06:00:00","2025-03-02 07:00:00",Nederland,WindOffshoreC,Hour,UTC,Providing,Current,156000,156000,0.037518050521612,0,0
"2025-03-02 07:00:00","2025-03-02 08:00:00",Nederland,WindOffshoreC,Hour,UTC,Providing,Current,217000,217000,0.052188575267792,0,0
"2025-03-02 08:00:00","2025-03-02 09:00:00",Nederland,WindOffshoreC,Hour,UTC,Providing,Current,238750,238750,0.057419449090958,0,0
"2025-03-02 09:00:00","2025-03-02 10:00:00",Nederland,WindOffshoreC,Hour,UTC,Providing,Current,222750,222750,0.053571425378323,0,0
"2025-03-02 10:00:00","2025-03-02 11:00:00",Nederland,WindOffshoreC,Hour,UTC,Providing,Current,254250,254250,0.061147224158049,0,0
"2025-03-02 11:00:00","2025-03-02 12:00:00",Nederland,WindOffshoreC,Hour,UTC,Providing,Current,237499,237499,0.057118576020002,0,0
"2025-03-02 12:00:00","2025-03-02 13:00:00",Nederland,WindOffshoreC,Hour,UTC,Providing,Current,240500,240500,0.057840298861265,0,0
"2025-03-02 13:00:00","2025-03-02 14:00:00",Nederland,WindOffshoreC,Hour,UTC,Providing,Current,189500,189500,0.045574799180031,0,0
"2025-03-02 14:00:00","2025-03-02 15:00:00",Nederland,WindOffshoreC,Hour,UTC,Providing,Current,131250,131250,0.031565651297569,0,0
"2025-03-02 15:00:00","2025-03-02 16:00:00",Nederland,WindOffshoreC,Hour,UTC,Providing,Current,149749,149749,0.036014676094055,0,0
"2025-03-02 16:00:00","2025-03-02 17:00:00",Nederland,WindOffshoreC,Hour,UTC,Providing,Current,214750,214750,0.051647424697876,0,0
"2025-03-02 17:00:00","2025-03-02 18:00:00",Nederland,WindOffshoreC,Hour,UTC,Providing,Current,246750,246750,0.059343423694372,0,0
"2025-03-02 18:00:00","2025-03-02 19:00:00",Nederland,WindOffshoreC,Hour,UTC,Providing,Current,285750,285750,0.068722926080227,0,0
"2025-03-02 19:00:00","2025-03-02 20:00:00",Nederland,WindOffshoreC,Hour,UTC,Providing,Current,314500,314500,0.075637347996235,0,0
"2025-03-02 20:00:00","2025-03-02 21:00:00",Nederland,WindOffshoreC,Hour,UTC,Providing,Current,330000,330000,0.079365096986294,0,0
"2025-03-02 21:00:00","2025-03-02 22:00:00",Nederland,WindOffshoreC,Hour,UTC,Providing,Current,358002,358002,0.086099550127983,0,0
"2025-03-02 22:00:00","2025-03-02 23:00:00",Nederland,WindOffshoreC,Hour,UTC,Providing,Current,386750,386750,0.093013428151608,0,0
"2025-03-02 23:00:00","2025-03-03 00:00:00",Nederland,WindOffshoreC,Hour,UTC,Providing,Current,413499,413499,0.099446699023247,0,0
"2025-03-03 00:00:00","2025-03-03 01:00:00",Nederland,WindOffshoreC,Hour,UTC,Providing,Current,426000,426000,0.10245324671268,0,0
"2025-03-03 01:00:00","2025-03-03 02:00:00",Nederland,WindOffshoreC,Hour,UTC,Providing,Current,436751,436751,0.10503874719143,0,0
"2025-03-03 02:00:00","2025-03-03 03:00:00",Nederland,WindOffshoreC,Hour,UTC,Providing,Current,425751,425751,0.10239307582378,0,0
"2025-03-03 03:00:00","2025-03-03 04:00:00",Nederland,WindOffshoreC,Hour,UTC,Providing,Current,422750,422750,0.10167137533426,0,0
"2025-03-03 04:00:00","2025-03-03 05:00:00",Nederland,WindOffshoreC,Hour,UTC,Providing,Current,442250,442250,0.10636124759912,0,0
"2025-03-03 05:00:00","2025-03-03 06:00:00",Nederland,WindOffshoreC,Hour,UTC,Providing,Current,453751,453751,0.10912749916315,0,0
"2025-03-03 06:00:00","2025-03-03 07:00:00",Nederland,WindOffshoreC,Hour,UTC,Providing,Current,340000,340000,0.081770077347755,0,0
"2025-03-03 07:00:00","2025-03-03 08:00:00",Nederland,WindOffshoreC,Hour,UTC,Providing,Current,303000,303000,0.072871573269367,0,0
"2025-03-03 08:00:00","2025-03-03 09:00:00",Nederland,WindOffshoreC,Hour,UTC,Providing,Current,312750,312750,0.075216427445412,0,0
"2025-03-03 09:00:00","2025-03-03 10:00:00",Nederland,WindOffshoreC,Hour,UTC,Providing,Current,336501,336501,0.080928571522236,0,0
"2025-03-03 10:00:00","2025-03-03 11:00:00",Nederland,WindOffshoreC,Hour,UTC,Providing,Current,305500,305500,0.073472797870636,0,0
"2025-03-03 11:00:00","2025-03-03 12:00:00",Nederland,WindOffshoreC,Hour,UTC,Providing,Current,325250,325250,0.078222699463367,0,0
"2025-03-03 12:00:00","2025-03-03 13:00:00",Nederland,WindOffshoreC,Hour,UTC,Providing,Current,337500,337500,0.081168852746487,0,0
"2025-03-03 13:00:00","2025-03-03 14:00:00",Nederland,WindOffshoreC,Hour,UTC,Providing,Current,277499,277499,0.066738598048687,0,0
"2025-03-03 14:00:00","2025-03-03 15:00:00",Nederland,WindOffshoreC,Hour,UTC,Providing,Current,270499,270499,0.065055072307587,0,0
"2025-03-03 15:00:00","2025-03-03 16:00:00",Nederland,WindOffshoreC,Hour,UTC,Providing,Current,217250,217250,0.052248675376177,0,0
"2025-03-03 16:00:00","2025-03-03 17:00:00",Nederland,WindOffshoreC,Hour,UTC,Providing,Current,209749,209749,0.050444699823856,0,0
"2025-03-03 17:00:00","2025-03-03 18:00:00",Nederland,WindOffshoreC,Hour,UTC,Providing,Current,220750,220750,0.053090449422598,0,0
"2025-03-03 18:00:00","2025-03-03 19:00:00",Nederland,WindOffshoreC,Hour,UTC,Providing,Current,248500,248500,0.059764299541712,0,0
"2025-03-03 19:00:00","2025-03-03 20:00:00",Nederland,WindOffshoreC,Hour,UTC,Providing,Current,258249,258249,0.062108974903822,0,0
"2025-03-03 20:00:00","2025-03-03 21:00:00",Nederland,WindOffshoreC,Hour,UTC,Providing,Current,277250,277250,0.066678702831268,0,0
"2025-03-03 21:00:00","2025-03-03 22:00:00",Nederland,WindOffshoreC,Hour,UTC,Providing,Current,252750,252750,0.060786426067352,0,0
"2025-03-03 22:00:00","2025-03-03 23:00:00",Nederland,WindOffshoreC,Hour,UTC,Providing,Current,217000,217000,0.052188575267792,0,0
"2025-03-03 23:00:00","2025-03-04 00:00:00",Nederland,WindOffshoreC,Hour,UTC,Providing,Current,237999,237999,0.057238798588514,0,0
"2025-03-04 00:00:00","2025-03-04 01:00:00",Nederland,WindOffshoreC,Hour,UTC,Providing,Current,213250,213250,0.051286675035954,0,0
"2025-03-04 01:00:00","2025-03-04 02:00:00",Nederland,WindOffshoreC,Hour,UTC,Providing,Current,253999,253999,0.061086848378181,0,0
"2025-03-04 02:00:00","2025-03-04 03:00:00",Nederland,WindOffshoreC,Hour,UTC,Providing,Current,212250,212250,0.051046200096607,0,0
"2025-03-04 03:00:00","2025-03-04 04:00:00",Nederland,WindOffshoreC,Hour,UTC,Providing,Current,146000,146000,0.035112999379635,0,0
"2025-03-04 04:00:00","2025-03-04 05:00:00",Nederland,WindOffshoreC,Hour,UTC,Providing,Current,150499,150499,0.036195050925016,0,0
"2025-03-04 05:00:00","2025-03-04 06:00:00",Nederland,WindOffshoreC,Hour,UTC,Providing,Current,244749,244749,0.058862198144197,0,0
"2025-03-04 06:00:00","2025-03-04 07:00:00",Nederland,WindOffshoreC,Hour,UTC,Providing,Current,339000,339000,0.081529572606087,0,0
"2025-03-04 07:00:00","2025-03-04 08:00:00",Nederland,WindOffshoreC,Hour,UTC,Providing,Current,443501,443501,0.1066619977355,0,0
"2025-03-04 08:00:00","2025-03-04 09:00:00",Nederland,WindOffshoreC,Hour,UTC,Providing,Current,458499,458499,0.11026924848557,0,0
"2025-03-04 09:00:00","2025-03-04 10:00:00",Nederland,WindOffshoreC,Hour,UTC,Providing,Current,452000,452000,0.10870612412691,0,0
"2025-03-04 10:00:00","2025-03-04 11:00:00",Nederland,WindOffshoreC,Hour,UTC,Providing,Current,408250,408250,0.098184302449226,0,0
"2025-03-04 11:00:00","2025-03-04 12:00:00",Nederland,WindOffshoreC,Hour,UTC,Providing,Current,448501,448501,0.10786475241184,0,0
"2025-03-04 12:00:00","2025-03-04 13:00:00",Nederland,WindOffshoreC,Hour,UTC,Providing,Current,438750,438750,0.10551950335503,0,0
"2025-03-04 13:00:00","2025-03-04 14:00:00",Nederland,WindOffshoreC,Hour,UTC,Providing,Current,411751,411751,0.099026046693325,0,0
"2025-03-04 14:00:00","2025-03-04 15:00:00",Nederland,WindOffshoreC,Hour,UTC,Providing,Current,413000,413000,0.099326550960541,0,0
"2025-03-04 15:00:00","2025-03-04 16:00:00",Nederland,WindOffshoreC,Hour,UTC,Providing,Current,536250,536250,0.12896800041199,0,0
"2025-03-04 16:00:00","2025-03-04 17:00:00",Nederland,WindOffshoreC,Hour,UTC,Providing,Current,859251,859251,0.20665000379086,0,0
"2025-03-04 17:00:00","2025-03-04 18:00:00",Nederland,WindOffshoreC,Hour,UTC,Providing,Current,984250,984250,0.236712500453,0,0
"2025-03-04 18:00:00","2025-03-04 19:00:00",Nederland,WindOffshoreC,Hour,UTC,Providing,Current,1087000,1087000,0.26142373681068,0,0
"2025-03-04 19:00:00","2025-03-04 20:00:00",Nederland,WindOffshoreC,Hour,UTC,Providing,Current,1221000,1221000,0.29365050792694,0,0
"2025-03-04 20:00:00","2025-03-04 21:00:00",Nederland,WindOffshoreC,Hour,UTC,Providing,Current,1250250,1250250,0.30068549513817,0,0
"2025-03-04 21:00:00","2025-03-04 22:00:00",Nederland,WindOffshoreC,Hour,UTC,Providing,Current,1306750,1306750,0.31427350640297,0,0
"2025-03-04 22:00:00","2025-03-04 23:00:00",Nederland,WindOffshoreC,Hour,UTC,Providing,Current,1290000,1290000,0.31024500727654,0,0
"2025-03-04 23:00:00","2025-03-05 00:00:00",Nederland,WindOffshoreC,Hour,UTC,Providing,Current,1198999,1198999,0.2883594930172,0,0
"2025-03-05 00:00:00","2025-03-05 01:00:00",Nederland,WindOffshoreC,Hour,UTC,Providing,Current,1474500,1474500,0.35461750626564,0,0
"2025-03-05 01:00:00","2025-03-05 02:00:00",Nederland,WindOffshoreC,Hour,UTC,Providing,Current,1673750,1673750,0.40253725647926,0,0
"2025-03-05 02:00:00","2025-03-05 03:00:00",Nederland,WindOffshoreC,Hour,UTC,Providing,Current,1592500,1592500,0.382996737957,0,0
"2025-03-05 03:00:00","2025-03-05 04:00:00",Nederland,WindOffshoreC,Hour,UTC,Providing,Current,1738000,1738000,0.41798949241638,0,0
"2025-03-05 04:00:00","2025-03-05 05:00:00",Nederland,WindOffshoreC,Hour,UTC,Providing,Current,2017501,2017501,0.48520949482918,0,0
"2025-03-05 05:00:00","2025-03-05 06:00:00",Nederland,WindOffshoreC,Hour,UTC,Providing,Current,2172000,2172000,0.52236652374268,0,0
"2025-03-05 06:00:00","2025-03-05 07:00:00",Nederland,WindOffshoreC,Hour,UTC,Providing,Current,2096251,2096251,0.50414872169495,0,0
"2025-03-05 07:00:00","2025-03-05 08:00:00",Nederland,WindOffshoreC,Hour,UTC,Providing,Current,2076000,2076000,0.49927848577499,0,0
"2025-03-05 08:00:00","2025-03-05 09:00:00",Nederland,WindOffshoreC,Hour,UTC,Providing,Current,1756500,1756500,0.42243874073029,0,0
"2025-03-05 09:00:00","2025-03-05 10:00:00",Nederland,WindOffshoreC,Hour,UTC,Providing,Current,1676750,1676750,0.40325874090195,0,0
"2025-03-05 10:00:00","2025-03-05 11:00:00",Nederland,WindOffshoreC,Hour,UTC,Providing,Current,1543750,1543750,0.37127223610878,0,0
"2025-03-05 11:00:00","2025-03-05 12:00:00",Nederland,WindOffshoreC,Hour,UTC,Providing,Current,1544750,1544750,0.37151274085045,0,0
"2025-03-05 12:00:00","2025-03-05 13:00:00",Nederland,WindOffshoreC,Hour,UTC,Providing,Current,1197751,1197751,0.28805974125862,0,0
"2025-03-05 13:00:00","2025-03-05 14:00:00",Nederland,WindOffshoreC,Hour,UTC,Providing,Current,1173498,1173498,0.28222650289536,0,0
"2025-03-05 14:00:00","2025-03-05 15:00:00",Nederland,WindOffshoreC,Hour,UTC,Providing,Current,1187751,1187751,0.2856542468071,0,0
"2025-03-05 15:00:00","2025-03-05 16:00:00",Nederland,WindOffshoreC,Hour,UTC,Providing,Current,1108250,1108250,0.26653450727463,0,0
"2025-03-05 16:00:00","2025-03-05 17:00:00",Nederland,WindOffshoreC,Hour,UTC,Providing,Current,1048749,1048749,0.25222399830818,0,0
"2025-03-05 17:00:00","2025-03-05 18:00:00",Nederland,WindOffshoreC,Hour,UTC,Providing,Current,961499,961499,0.23124049603939,0,0
"2025-03-05 18:00:00","2025-03-05 19:00:00",Nederland,WindOffshoreC,Hour,UTC,Providing,Current,863250,863250,0.20761175453663,0,0
"2025-03-05 19:00:00","2025-03-05 20:00:00",Nederland,WindOffshoreC,Hour,UTC,Providing,Current,758502,758502,0.18242000043392,0,0
"2025-03-05 20:00:00","2025-03-05 21:00:00",Nederland,WindOffshoreC,Hour,UTC,Providing,Current,835751,835751,0.20099849998951,0,0
"2025-03-05 21:00:00","2025-03-05 22:00:00",Nederland,WindOffshoreC,Hour,UTC,Providing,Current,856500,856500,0.20598849654198,0,0
"2025-03-05 22:00:00","2025-03-05 23:00:00",Nederland,WindOffshoreC,Hour,UTC,Providing,Current,911500,911500,0.21921600401402,0,0
"2025-03-05 23:00:00","2025-03-06 00:00:00",Nederland,WindOffshoreC,Hour,UTC,Providing,Current,1011750,1011750,0.24332599341869,0,0
"2025-03-06 00:00:00","2025-03-06 01:00:00",Nederland,WindOffshoreC,Hour,UTC,Providing,Current,1060749,1060749,0.25511074066162,0,0
"2025-03-06 01:00:00","2025-03-06 02:00:00",Nederland,WindOffshoreC,Hour,UTC,Providing,Current,1110750,1110750,0.26713573932648,0,0
"2025-03-06 02:00:00","2025-03-06 03:00:00",Nederland,WindOffshoreC,Hour,UTC,Providing,Current,1181750,1181750,0.28421148657799,0,0
"2025-03-06 03:00:00","2025-03-06 04:00:00",Nederland,WindOffshoreC,Hour,UTC,Providing,Current,1103500,1103500,0.26539200544357,0,0
"2025-03-06 04:00:00","2025-03-06 05:00:00",Nederland,WindOffshoreC,Hour,UTC,Providing,Current,915250,915250,0.2201180011034,0,0
"2025-03-06 05:00:00","2025-03-06 06:00:00",Nederland,WindOffshoreC,Hour,UTC,Providing,Current,878000,878000,0.21115924417973,0,0
"2025-03-06 06:00:00","2025-03-06 07:00:00",Nederland,WindOffshoreC,Hour,UTC,Providing,Current,918500,918500,0.22089950740337,0,0
"2025-03-06 07:00:00","2025-03-06 08:00:00",Nederland,WindOffshoreC,Hour,UTC,Providing,Current,873249,873249,0.21001650393009,0,0
"2025-03-06 08:00:00","2025-03-06 09:00:00",Nederland,WindOffshoreC,Hour,UTC,Providing,Current,925750,925750,0.22264325618744,0,0
"2025-03-06 09:00:00","2025-03-06 10:00:00",Nederland,WindOffshoreC,Hour,UTC,Providing,Current,1008999,1008999,0.24266450107098,0,0
"2025-03-06 10:00:00","2025-03-06 11:00:00",Nederland,WindOffshoreC,Hour,UTC,Providing,Current,905499,905499,0.21777275204659,0,0
"2025-03-06 11:00:00","2025-03-06 12:00:00",Nederland,WindOffshoreC,Hour,UTC,Providing,Current,890000,890000,0.21404525637627,0,0
"2025-03-06 12:00:00","2025-03-06 13:00:00",Nederland,WindOffshoreC,Hour,UTC,Providing,Current,835500,835500,0.20093800127506,0,0
"2025-03-06 13:00:00","2025-03-06 14:00:00",Nederland,WindOffshoreC,Hour,UTC,Providing,Current,1129002,1129002,0.27152526378632,0,0
"2025-03-06 14:00:00","2025-03-06 15:00:00",Nederland,WindOffshoreC,Hour,UTC,Providing,Current,1005251,1005251,0.24176299571991,0,0
"2025-03-06 15:00:00","2025-03-06 16:00:00",Nederland,WindOffshoreC,Hour,UTC,Providing,Current,1047750,1047750,0.25198423862457,0,0
"2025-03-06 16:00:00","2025-03-06 17:00:00",Nederland,WindOffshoreC,Hour,UTC,Providing,Current,1324250,1324250,0.31848248839378,0,0
"2025-03-06 17:00:00","2025-03-06 18:00:00",Nederland,WindOffshoreC,Hour,UTC,Providing,Current,1504500,1504500,0.36183273792267,0,0
"2025-03-06 18:00:00","2025-03-06 19:00:00",Nederland,WindOffshoreC,Hour,UTC,Providing,Current,1350501,1350501,0.32479575276375,0,0
"2025-03-06 19:00:00","2025-03-06 20:00:00",Nederland,WindOffshoreC,Hour,UTC,Providing,Current,1556749,1556749,0.37439873814583,0,0
"2025-03-06 20:00:00","2025-03-06 21:00:00",Nederland,WindOffshoreC,Hour,UTC,Providing,Current,1770750,1770750,0.42586600780487,0,0
"2025-03-06 21:00:00","2025-03-06 22:00:00",Nederland,WindOffshoreC,Hour,UTC,Providing,Current,2206250,2206250,0.53060376644135,0,0
"2025-03-06 22:00:00","2025-03-06 23:00:00",Nederland,WindOffshoreC,Hour,UTC,Providing,Current,2318500,2318500,0.55759972333908,0,0
"2025-03-06 23:00:00","2025-03-07 00:00:00",Nederland,WindOffshoreC,Hour,UTC,Providing,Current,2298500,2298500,0.552789747715,0,0
"2025-03-07 00:00:00","2025-03-07 01:00:00",Nederland,WindOffshoreC,Hour,UTC,Providing,Current,2190500,2190500,0.52681547403336,0,0
"2025-03-07 01:00:00","2025-03-07 02:00:00",Nederland,WindOffshoreC,Hour,UTC,Providing,Current,1844750,1844750,0.44366276264191,0,0
"2025-03-07 02:00:00","2025-03-07 03:00:00",Nederland,WindOffshoreC,Hour,UTC,Providing,Current,1642751,1642751,0.3950822353363,0,0
"2025-03-07 03:00:00","2025-03-07 04:00:00",Nederland,WindOffshoreC,Hour,UTC,Providing,Current,1345250,1345250,0.32353299856186,0,0
"2025-03-07 04:00:00","2025-03-07 05:00:00",Nederland,WindOffshoreC,Hour,UTC,Providing,Current,1243249,1243249,0.29900148510933,0,0
"2025-03-07 05:00:00","2025-03-07 06:00:00",Nederland,WindOffshoreC,Hour,UTC,Providing,Current,1308750,1308750,0.31475475430489,0,0
"2025-03-07 06:00:00","2025-03-07 07:00:00",Nederland,WindOffshoreC,Hour,UTC,Providing,Current,1175251,1175251,0.28264823555946,0,0
"2025-03-07 07:00:00","2025-03-07 08:00:00",Nederland,WindOffshoreC,Hour,UTC,Providing,Current,1046750,1046750,0.25174349546432,0,0
"2025-03-07 08:00:00","2025-03-07 09:00:00",Nederland,WindOffshoreC,Hour,UTC,Providing,Current,1103750,1103750,0.26545199751854,0,0
"2025-03-07 09:00:00","2025-03-07 10:00:00",Nederland,WindOffshoreC,Hour,UTC,Providing,Current,1230000,1230000,0.2958154976368,0,0
"2025-03-07 10:00:00","2025-03-07 11:00:00",Nederland,WindOffshoreC,Hour,UTC,Providing,Current,1144500,1144500,0.27525249123573,0,0
"2025-03-07 11:00:00","2025-03-07 12:00:00",Nederland,WindOffshoreC,Hour,UTC,Providing,Current,925751,925751,0.22264325618744,0,0
"2025-03-07 12:00:00","2025-03-07 13:00:00",Nederland,WindOffshoreC,Hour,UTC,Providing,Current,689999,689999,0.16594475507736,0,0
"2025-03-07 13:00:00","2025-03-07 14:00:00",Nederland,WindOffshoreC,Hour,UTC,Providing,Current,524000,524000,0.12602224946022,0,0
"2025-03-07 14:00:00","2025-03-07 15:00:00",Nederland,WindOffshoreC,Hour,UTC,Providing,Current,400000,400000,0.096200026571751,0,0
"2025-03-07 15:00:00","2025-03-07 16:00:00",Nederland,WindOffshoreC,Hour,UTC,Providing,Current,326000,326000,0.078403078019619,0,0
"2025-03-07 16:00:00","2025-03-07 17:00:00",Nederland,WindOffshoreC,Hour,UTC,Providing,Current,257501,257501,0.061929073184729,0,0
"2025-03-07 17:00:00","2025-03-07 18:00:00",Nederland,WindOffshoreC,Hour,UTC,Providing,Current,250499,250499,0.060245048254728,0,0
"2025-03-07 18:00:00","2025-03-07 19:00:00",Nederland,WindOffshoreC,Hour,UTC,Providing,Current,293750,293750,0.070646971464157,0,0
"2025-03-07 19:00:00","2025-03-07 20:00:00",Nederland,WindOffshoreC,Hour,UTC,Providing,Current,304500,304500,0.07323232293129,0,0
"2025-03-07 20:00:00","2025-03-07 21:00:00",Nederland,WindOffshoreC,Hour,UTC,Providing,Current,404748,404748,0.097342051565647,0,0
"2025-03-07 21:00:00","2025-03-07 22:00:00",Nederland,WindOffshoreC,Hour,UTC,Providing,Current,670250,670250,0.1611952483654,0,0
"2025-03-07 22:00:00","2025-03-07 23:00:00",Nederland,WindOffshoreC,Hour,UTC,Providing,Current,708250,708250,0.17033424973488,0,0
"2025-03-07 23:00:00","2025-03-08 00:00:00",Nederland,WindOffshoreC,Hour,UTC,Providing,Current,1047249,1047249,0.25186374783516,0,0
"2025-03-08 00:00:00","2025-03-08 01:00:00",Nederland,WindOffshoreC,Hour,UTC,Providing,Current,1573250,1573250,0.37836700677872,0,0
"2025-03-08 01:00:00","2025-03-08 02:00:00",Nederland,WindOffshoreC,Hour,UTC,Providing,Current,1625750,1625750,0.39099350571632,0,0
"2025-03-08 02:00:00","2025-03-08 03:00:00",Nederland,WindOffshoreC,Hour,UTC,Providing,Current,1333501,1333501,0.32070699334145,0,0
"2025-03-08 03:00:00","2025-03-08 04:00:00",Nederland,WindOffshoreC,Hour,UTC,Providing,Current,1167499,1167499,0.28078374266624,0,0
"2025-03-08 04:00:00","2025-03-08 05:00:00",Nederland,WindOffshoreC,Hour,UTC,Providing,Current,1084500,1084500,0.26082250475883,0,0
"2025-03-08 05:00:00","2025-03-08 06:00:00",Nederland,WindOffshoreC,Hour,UTC,Providing,Current,987500,987500,0.23749375343323,0,0
"2025-03-08 06:00:00","2025-03-08 07:00:00",Nederland,WindOffshoreC,Hour,UTC,Providing,Current,1342751,1342751,0.32293224334717,0,0
"2025-03-08 07:00:00","2025-03-08 08:00:00",Nederland,WindOffshoreC,Hour,UTC,Providing,Current,1463499,1463499,0.35197201371193,0,0
"2025-03-08 08:00:00","2025-03-08 09:00:00",Nederland,WindOffshoreC,Hour,UTC,Providing,Current,1299000,1299000,0.31240975856781,0,0
"2025-03-08 09:00:00","2025-03-08 10:00:00",Nederland,WindOffshoreC,Hour,UTC,Providing,Current,1009500,1009500,0.24278500676155,0,0
"2025-03-08 10:00:00","2025-03-08 11:00:00",Nederland,WindOffshoreC,Hour,UTC,Providing,Current,947751,947751,0.22793425619602,0,0
"2025-03-08 11:00:00","2025-03-08 12:00:00",Nederland,WindOffshoreC,Hour,UTC,Providing,Current,443750,443750,0.10672199726105,0,0
"2025-03-08 12:00:00","2025-03-08 13:00:00",Nederland,WindOffshoreC,Hour,UTC,Providing,Current,391999,391999,0.09427584707737,0,0
"2025-03-08 13:00:00","2025-03-08 14:00:00",Nederland,WindOffshoreC,Hour,UTC,Providing,Current,681000,681000,0.16378074884415,0,0
"2025-03-08 14:00:00","2025-03-08 15:00:00",Nederland,WindOffshoreC,Hour,UTC,Providing,Current,1195999,1195999,0.28763800859451,0,0
"2025-03-08 15:00:00","2025-03-08 16:00:00",Nederland,WindOffshoreC,Hour,UTC,Providing,Current,1688500,1688500,0.40608474612236,0,0
"2025-03-08 16:00:00","2025-03-08 17:00:00",Nederland,WindOffshoreC,Hour,UTC,Providing,Current,1989499,1989499,0.47847500443459,0,0
"2025-03-08 17:00:00","2025-03-08 18:00:00",Nederland,WindOffshoreC,Hour,UTC,Providing,Current,1988750,1988750,0.47829475998878,0,0
"2025-03-08 18:00:00","2025-03-08 19:00:00",Nederland,WindOffshoreC,Hour,UTC,Providing,Current,2088250,2088250,0.50222474336624,0,0
"2025-03-08 19:00:00","2025-03-08 20:00:00",Nederland,WindOffshoreC,Hour,UTC,Providing,Current,2228751,2228751,0.53601497411728,0,0
"2025-03-08 20:00:00","2025-03-08 21:00:00",Nederland,WindOffshoreC,Hour,UTC,Providing,Current,2640751,2640751,0.63510125875473,0,0
"2025-03-08 21:00:00","2025-03-08 22:00:00",Nederland,WindOffshoreC,Hour,UTC,Providing,Current,3270000,3270000,0.78643602132797,0,0
"2025-03-08 22:00:00","2025-03-08 23:00:00",Nederland,WindOffshoreC,Hour,UTC,Providing,Current,3055000,3055000,0.73472827672958,0,0
"2025-03-08 23:00:00","2025-03-09 00:00:00",Nederland,WindOffshoreC,Hour,UTC,Providing,Current,2430500,2430500,0.58453577756882,0,0
"2025-03-09 00:00:00","2025-03-09 01:00:00",Nederland,WindOffshoreC,Hour,UTC,Providing,Current,1787500,1787500,0.4298942387104,0,0
"2025-03-09 01:00:00","2025-03-09 02:00:00",Nederland,WindOffshoreC,Hour,UTC,Providing,Current,1608250,1608250,0.38678449392319,0,0
"2025-03-09 02:00:00","2025-03-09 03:00:00",Nederland,WindOffshoreC,Hour,UTC,Providing,Current,1389249,1389249,0.33411476016045,0,0
"2025-03-09 03:00:00","2025-03-09 04:00:00",Nederland,WindOffshoreC,Hour,UTC,Providing,Current,1183501,1183501,0.28463199734688,0,0
"2025-03-09 04:00:00","2025-03-09 05:00:00",Nederland,WindOffshoreC,Hour,UTC,Providing,Current,1071750,1071750,0.25775599479675,0,0
"2025-03-09 05:00:00","2025-03-09 06:00:00",Nederland,WindOffshoreC,Hour,UTC,Providing,Current,876000,876000,0.21067824959755,0,0
"2025-03-09 06:00:00","2025-03-09 07:00:00",Nederland,WindOffshoreC,Hour,UTC,Providing,Current,772000,772000,0.18566624820232,0,0
"2025-03-09 07:00:00","2025-03-09 08:00:00",Nederland,WindOffshoreC,Hour,UTC,Providing,Current,847000,847000,0.20370349287987,0,0
"2025-03-09 08:00:00","2025-03-09 09:00:00",Nederland,WindOffshoreC,Hour,UTC,Providing,Current,669499,669499,0.16101449728012,0,0
"2025-03-09 09:00:00","2025-03-09 10:00:00",Nederland,WindOffshoreC,Hour,UTC,Providing,Current,579250,579250,0.13930948078632,0,0
"2025-03-09 10:00:00","2025-03-09 11:00:00",Nederland,WindOffshoreC,Hour,UTC,Providing,Current,279749,279749,0.067279696464539,0,0
"2025-03-09 11:00:00","2025-03-09 12:00:00",Nederland,WindOffshoreC,Hour,UTC,Providing,Current,200999,200999,0.048340324312449,0,0
"2025-03-09 12:00:00","2025-03-09 13:00:00",Nederland,WindOffshoreC,Hour,UTC,Providing,Current,309500,309500,0.074434846639633,0,0
"2025-03-09 13:00:00","2025-03-09 14:00:00",Nederland,WindOffshoreC,Hour,UTC,Providing,Current,371500,371500,0.089345775544643,0,0
"2025-03-09 14:00:00","2025-03-09 15:00:00",Nederland,WindOffshoreC,Hour,UTC,Providing,Current,661250,661250,0.15903075039387,0,0
"2025-03-09 15:00:00","2025-03-09 16:00:00",Nederland,WindOffshoreC,Hour,UTC,Providing,Current,628000,628000,0.15103425085545,0,0
"2025-03-09 16:00:00","2025-03-09 17:00:00",Nederland,WindOffshoreC,Hour,UTC,Providing,Current,665001,665001,0.15993274748325,0,0
"2025-03-09 17:00:00","2025-03-09 18:00:00",Nederland,WindOffshoreC,Hour,UTC,Providing,Current,698749,698749,0.16804924607277,0,0
"2025-03-09 18:00:00","2025-03-09 19:00:00",Nederland,WindOffshoreC,Hour,UTC,Providing,Current,975750,975750,0.23466800153255,0,0
"2025-03-09 19:00:00","2025-03-09 20:00:00",Nederland,WindOffshoreC,Hour,UTC,Providing,Current,1154000,1154000,0.27753749489784,0,0
"2025-03-09 20:00:00","2025-03-09 21:00:00",Nederland,WindOffshoreC,Hour,UTC,Providing,Current,1080001,1080001,0.25974050164223,0,0
"2025-03-09 21:00:00","2025-03-09 22:00:00",Nederland,WindOffshoreC,Hour,UTC,Providing,Current,1069249,1069249,0.2571547627449,0,0
"2025-03-09 22:00:00","2025-03-09 23:00:00",Nederland,WindOffshoreC,Hour,UTC,Providing,Current,986750,986750,0.23731349408627,0,0
"2025-03-09 23:00:00","2025-03-10 00:00:00",Nederland,WindOffshoreC,Hour,UTC,Providing,Current,767501,767501,0.18458449840546,0,0
"2025-03-10 00:00:00","2025-03-10 01:00:00",Nederland,WindOffshoreC,Hour,UTC,Providing,Current,565002,565002,0.13588300347328,0,0
"2025-03-10 01:00:00","2025-03-10 02:00:00",Nederland,WindOffshoreC,Hour,UTC,Providing,Current,402499,402499,0.096801027655602,0,0
"2025-03-10 02:00:00","2025-03-10 03:00:00",Nederland,WindOffshoreC,Hour,UTC,Providing,Current,312999,312999,0.07527632266283,0,0
"2025-03-10 03:00:00","2025-03-10 04:00:00",Nederland,WindOffshoreC,Hour,UTC,Providing,Current,247500,247500,0.059523850679398,0,0
"2025-03-10 04:00:00","2025-03-10 05:00:00",Nederland,WindOffshoreC,Hour,UTC,Providing,Current,251250,251250,0.06042567640543,0,0
"2025-03-10 05:00:00","2025-03-10 06:00:00",Nederland,WindOffshoreC,Hour,UTC,Providing,Current,365499,365499,0.087902575731277,0,0
"2025-03-10 06:00:00","2025-03-10 07:00:00",Nederland,WindOffshoreC,Hour,UTC,Providing,Current,479750,479750,0.11537984758615,0,0
"2025-03-10 07:00:00","2025-03-10 08:00:00",Nederland,WindOffshoreC,Hour,UTC,Providing,Current,776500,776500,0.18674850463867,0,0
"2025-03-10 08:00:00","2025-03-10 09:00:00",Nederland,WindOffshoreC,Hour,UTC,Providing,Current,827000,827000,0.19889350235462,0,0
"2025-03-10 09:00:00","2025-03-10 10:00:00",Nederland,WindOffshoreC,Hour,UTC,Providing,Current,712750,712750,0.17141674458981,0,0
"2025-03-10 10:00:00","2025-03-10 11:00:00",Nederland,WindOffshoreC,Hour,UTC,Providing,Current,705501,705501,0.16967299580574,0,0
"2025-03-10 11:00:00","2025-03-10 12:00:00",Nederland,WindOffshoreC,Hour,UTC,Providing,Current,613750,613750,0.14760699868202,0,0
"2025-03-10 12:00:00","2025-03-10 13:00:00",Nederland,WindOffshoreC,Hour,UTC,Providing,Current,560502,560502,0.13480100035667,0,0
"2025-03-10 13:00:00","2025-03-10 14:00:00",Nederland,WindOffshoreC,Hour,UTC,Providing,Current,576750,576750,0.13870850205421,0,0
"2025-03-10 14:00:00","2025-03-10 15:00:00",Nederland,WindOffshoreC,Hour,UTC,Providing,Current,638250,638250,0.15349924564362,0,0
"2025-03-10 15:00:00","2025-03-10 16:00:00",Nederland,WindOffshoreC,Hour,UTC,Providing,Current,804749,804749,0.19354225695133,0,0
"2025-03-10 16:00:00","2025-03-10 17:00:00",Nederland,WindOffshoreC,Hour,UTC,Providing,Current,1048000,1048000,0.25204426050186,0,0
"2025-03-10 17:00:00","2025-03-10 18:00:00",Nederland,WindOffshoreC,Hour,UTC,Providing,Current,1453500,1453500,0.34956699609756,0,0
"2025-03-10 18:00:00","2025-03-10 19:00:00",Nederland,WindOffshoreC,Hour,UTC,Providing,Current,1656750,1656750,0.39844873547554,0,0
"2025-03-10 19:00:00","2025-03-10 20:00:00",Nederland,WindOffshoreC,Hour,UTC,Providing,Current,1696248,1696248,0.40794825553894,0,0
"2025-03-10 20:00:00","2025-03-10 21:00:00",Nederland,WindOffshoreC,Hour,UTC,Providing,Current,1841250,1841250,0.44282126426697,0,0
"2025-03-10 21:00:00","2025-03-10 22:00:00",Nederland,WindOffshoreC,Hour,UTC,Providing,Current,1690000,1690000,0.40644526481628,0,0
"2025-03-10 22:00:00","2025-03-10 23:00:00",Nederland,WindOffshoreC,Hour,UTC,Providing,Current,1510000,1510000,0.36315524578094,0,0
"2025-03-10 23:00:00","2025-03-11 00:00:00",Nederland,WindOffshoreC,Hour,UTC,Providing,Current,1783501,1783501,0.42893248796463,0,0
"2025-03-11 00:00:00","2025-03-11 01:00:00",Nederland,WindOffshoreC,Hour,UTC,Providing,Current,1650252,1650252,0.3968862593174,0,0
"2025-03-11 01:00:00","2025-03-11 02:00:00",Nederland,WindOffshoreC,Hour,UTC,Providing,Current,1576500,1576500,0.37914875149727,0,0
"2025-03-11 02:00:00","2025-03-11 03:00:00",Nederland,WindOffshoreC,Hour,UTC,Providing,Current,2011752,2011752,0.48382675647736,0,0
"2025-03-11 03:00:00","2025-03-11 04:00:00",Nederland,WindOffshoreC,Hour,UTC,Providing,Current,2565751,2565751,0.61706399917603,0,0
"2025-03-11 04:00:00","2025-03-11 05:00:00",Nederland,WindOffshoreC,Hour,UTC,Providing,Current,2602750,2602750,0.62596201896667,0,0
"2025-03-11 05:00:00","2025-03-11 06:00:00",Nederland,WindOffshoreC,Hour,UTC,Providing,Current,2669250,2669250,0.6419552564621,0,0
"2025-03-11 06:00:00","2025-03-11 07:00:00",Nederland,WindOffshoreC,Hour,UTC,Providing,Current,2320251,2320251,0.55802100896835,0,0
"2025-03-11 07:00:00","2025-03-11 08:00:00",Nederland,WindOffshoreC,Hour,UTC,Providing,Current,2117750,2117750,0.50931948423386,0,0
"2025-03-11 08:00:00","2025-03-11 09:00:00",Nederland,WindOffshoreC,Hour,UTC,Providing,Current,1814751,1814751,0.43644773960114,0,0
"2025-03-11 09:00:00","2025-03-11 10:00:00",Nederland,WindOffshoreC,Hour,UTC,Providing,Current,1644751,1644751,0.39556300640106,0,0
"2025-03-11 10:00:00","2025-03-11 11:00:00",Nederland,WindOffshoreC,Hour,UTC,Providing,Current,1391251,1391251,0.33459651470184,0,0
"2025-03-11 11:00:00","2025-03-11 12:00:00",Nederland,WindOffshoreC,Hour,UTC,Providing,Current,1345500,1345500,0.32359299063683,0,0
"2025-03-11 12:00:00","2025-03-11 13:00:00",Nederland,WindOffshoreC,Hour,UTC,Providing,Current,1570750,1570750,0.37776574492455,0,0
"2025-03-11 13:00:00","2025-03-11 14:00:00",Nederland,WindOffshoreC,Hour,UTC,Providing,Current,1678999,1678999,0.40379950404167,0,0
"2025-03-11 14:00:00","2025-03-11 15:00:00",Nederland,WindOffshoreC,Hour,UTC,Providing,Current,1725249,1725249,0.41492301225662,0,0
"2025-03-11 15:00:00","2025-03-11 16:00:00",Nederland,WindOffshoreC,Hour,UTC,Providing,Current,2052250,2052250,0.49356651306152,0,0
"2025-03-11 16:00:00","2025-03-11 17:00:00",Nederland,WindOffshoreC,Hour,UTC,Providing,Current,2159250,2159250,0.51930052042007,0,0
"2025-03-11 17:00:00","2025-03-11 18:00:00",Nederland,WindOffshoreC,Hour,UTC,Providing,Current,2269500,2269500,0.54581522941589,0,0
"2025-03-11 18:00:00","2025-03-11 19:00:00",Nederland,WindOffshoreC,Hour,UTC,Providing,Current,1877750,1877750,0.45159900188446,0,0
"2025-03-11 19:00:00","2025-03-11 20:00:00",Nederland,WindOffshoreC,Hour,UTC,Providing,Current,1527750,1527750,0.36742424964905,0,0
"2025-03-11 20:00:00","2025-03-11 21:00:00",Nederland,WindOffshoreC,Hour,UTC,Providing,Current,1261000,1261000,0.30327075719833,0,0
"2025-03-11 21:00:00","2025-03-11 22:00:00",Nederland,WindOffshoreC,Hour,UTC,Providing,Current,1051500,1051500,0.25288599729538,0,0
"2025-03-11 22:00:00","2025-03-11 23:00:00",Nederland,WindOffshoreC,Hour,UTC,Providing,Current,1220249,1220249,0.29347026348114,0,0
"2025-03-11 23:00:00","2025-03-12 00:00:00",Nederland,WindOffshoreC,Hour,UTC,Providing,Current,1396750,1396750,0.33591875433922,0,0
"2025-03-12 00:00:00","2025-03-12 01:00:00",Nederland,WindOffshoreC,Hour,UTC,Providing,Current,1272749,1272749,0.30609676241875,0,0
"2025-03-12 01:00:00","2025-03-12 02:00:00",Nederland,WindOffshoreC,Hour,UTC,Providing,Current,1378250,1378250,0.33146923780441,0,0
"2025-03-12 02:00:00","2025-03-12 03:00:00",Nederland,WindOffshoreC,Hour,UTC,Providing,Current,1460500,1460500,0.35125049948692,0,0
"2025-03-12 03:00:00","2025-03-12 04:00:00",Nederland,WindOffshoreC,Hour,UTC,Providing,Current,1684000,1684000,0.40500250458717,0,0
"2025-03-12 04:00:00","2025-03-12 05:00:00",Nederland,WindOffshoreC,Hour,UTC,Providing,Current,1389000,1389000,0.33405473828316,0,0
"2025-03-12 05:00:00","2025-03-12 06:00:00",Nederland,WindOffshoreC,Hour,UTC,Providing,Current,1136748,1136748,0.27338823676109,0,0
"2025-03-12 06:00:00","2025-03-12 07:00:00",Nederland,WindOffshoreC,Hour,UTC,Providing,Current,1123251,1123251,0.27014198899269,0,0
"2025-03-12 07:00:00","2025-03-12 08:00:00",Nederland,WindOffshoreC,Hour,UTC,Providing,Current,1162500,1162500,0.2795814871788,0,0
"2025-03-12 08:00:00","2025-03-12 09:00:00",Nederland,WindOffshoreC,Hour,UTC,Providing,Current,1017750,1017750,0.24476924538612,0,0
"2025-03-12 09:00:00","2025-03-12 10:00:00",Nederland,WindOffshoreC,Hour,UTC,Providing,Current,851250,851250,0.20472575724125,0,0
"2025-03-12 10:00:00","2025-03-12 11:00:00",Nederland,WindOffshoreC,Hour,UTC,Providing,Current,764500,764500,0.18386250734329,0,0
"2025-03-12 11:00:00","2025-03-12 12:00:00",Nederland,WindOffshoreC,Hour,UTC,Providing,Current,726500,726500,0.17472325265408,0,0
"2025-03-12 12:00:00","2025-03-12 13:00:00",Nederland,WindOffshoreC,Hour,UTC,Providing,Current,622000,622000,0.14959099888802,0,0
"2025-03-12 13:00:00","2025-03-12 14:00:00",Nederland,WindOffshoreC,Hour,UTC,Providing,Current,540750,540750,0.13005049526691,0,0
"2025-03-12 14:00:00","2025-03-12 15:00:00",Nederland,WindOffshoreC,Hour,UTC,Providing,Current,430000,430000,0.1034152507782,0,0
"2025-03-12 15:00:00","2025-03-12 16:00:00",Nederland,WindOffshoreC,Hour,UTC,Providing,Current,298749,298749,0.071849226951599,0,0
"2025-03-12 16:00:00","2025-03-12 17:00:00",Nederland,WindOffshoreC,Hour,UTC,Providing,Current,405750,405750,0.097583100199699,0,0
"2025-03-12 17:00:00","2025-03-12 18:00:00",Nederland,WindOffshoreC,Hour,UTC,Providing,Current,234500,234500,0.056397326290607,0,0
"2025-03-12 18:00:00","2025-03-12 19:00:00",Nederland,WindOffshoreC,Hour,UTC,Providing,Current,182751,182751,0.043951623141766,0,0
"2025-03-12 19:00:00","2025-03-12 20:00:00",Nederland,WindOffshoreC,Hour,UTC,Providing,Current,181500,181500,0.043650798499584,0,0
"2025-03-12 20:00:00","2025-03-12 21:00:00",Nederland,WindOffshoreC,Hour,UTC,Providing,Current,261000,261000,0.062770575284958,0,0
"2025-03-12 21:00:00","2025-03-12 22:00:00",Nederland,WindOffshoreC,Hour,UTC,Providing,Current,308750,308750,0.074254423379898,0,0
"2025-03-12 22:00:00","2025-03-12 23:00:00",Nederland,WindOffshoreC,Hour,UTC,Providing,Current,369250,369250,0.088804699480534,0,0
"2025-03-12 23:00:00","2025-03-13 00:00:00",Nederland,WindOffshoreC,Hour,UTC,Providing,Current,456000,456000,0.10966792702675,0,0
"2025-03-13 00:00:00","2025-03-13 01:00:00",Nederland,WindOffshoreC,Hour,UTC,Providing,Current,680751,680751,0.16372075676918,0,0
"2025-03-13 01:00:00","2025-03-13 02:00:00",Nederland,WindOffshoreC,Hour,UTC,Providing,Current,827250,827250,0.19895400106907,0,0
"2025-03-13 02:00:00","2025-03-13 03:00:00",Nederland,WindOffshoreC,Hour,UTC,Providing,Current,569500,569500,0.13696475327015,0,0
"2025-03-13 03:00:00","2025-03-13 04:00:00",Nederland,WindOffshoreC,Hour,UTC,Providing,Current,560001,560001,0.13468025624752,0,0
"2025-03-13 04:00:00","2025-03-13 05:00:00",Nederland,WindOffshoreC,Hour,UTC,Providing,Current,661750,661750,0.1591510027647,0,0
"2025-03-13 05:00:00","2025-03-13 06:00:00",Nederland,WindOffshoreC,Hour,UTC,Providing,Current,656750,656750,0.15794874727726,0,0
"2025-03-13 06:00:00","2025-03-13 07:00:00",Nederland,WindOffshoreC,Hour,UTC,Providing,Current,797251,797251,0.19173875451088,0,0
"2025-03-13 07:00:00","2025-03-13 08:00:00",Nederland,WindOffshoreC,Hour,UTC,Providing,Current,954250,954250,0.22949725389481,0,0
"2025-03-13 08:00:00","2025-03-13 09:00:00",Nederland,WindOffshoreC,Hour,UTC,Providing,Current,863750,863750,0.20773224532604,0,0
"2025-03-13 09:00:00","2025-03-13 10:00:00",Nederland,WindOffshoreC,Hour,UTC,Providing,Current,1256500,1256500,0.30218848586082,0,0
"2025-03-13 10:00:00","2025-03-13 11:00:00",Nederland,WindOffshoreC,Hour,UTC,Providing,Current,1317750,1317750,0.31691899895668,0,0
"2025-03-13 11:00:00","2025-03-13 12:00:00",Nederland,WindOffshoreC,Hour,UTC,Providing,Current,1422498,1422498,0.34211099147797,0,0
"2025-03-13 12:00:00","2025-03-13 13:00:00",Nederland,WindOffshoreC,Hour,UTC,Providing,Current,1422498,1422498,0.34211099147797,0,0
"2025-03-13 13:00:00","2025-03-13 14:00:00",Nederland,WindOffshoreC,Hour,UTC,Providing,Current,1390000,1390000,0.33429524302483,0,0
"2025-03-13 14:00:00","2025-03-13 15:00:00",Nederland,WindOffshoreC,Hour,UTC,Providing,Current,1346500,1346500,0.32383349537849,0,0
"2025-03-13 15:00:00","2025-03-13 16:00:00",Nederland,WindOffshoreC,Hour,UTC,Providing,Current,1420249,1420249,0.34157025814056,0,0
"2025-03-13 16:00:00","2025-03-13 17:00:00",Nederland,WindOffshoreC,Hour,UTC,Providing,Current,1696500,1696500,0.40800848603249,0,0
"2025-03-13 17:00:00","2025-03-13 18:00:00",Nederland,WindOffshoreC,Hour,UTC,Providing,Current,1296251,1296251,0.31174874305725,0,0
"2025-03-13 18:00:00","2025-03-13 19:00:00",Nederland,WindOffshoreC,Hour,UTC,Providing,Current,1344750,1344750,0.32341274619102,0,0
"2025-03-13 19:00:00","2025-03-13 20:00:00",Nederland,WindOffshoreC,Hour,UTC,Providing,Current,1158250,1158250,0.27855950593948,0,0
"2025-03-13 20:00:00","2025-03-13 21:00:00",Nederland,WindOffshoreC,Hour,UTC,Providing,Current,1194250,1194250,0.28721749782562,0,0
"2025-03-13 21:00:00","2025-03-13 22:00:00",Nederland,WindOffshoreC,Hour,UTC,Providing,Current,800249,800249,0.19246000051498,0,0
"2025-03-13 22:00:00","2025-03-13 23:00:00",Nederland,WindOffshoreC,Hour,UTC,Providing,Current,791250,791250,0.19029599428177,0,0
"2025-03-13 23:00:00","2025-03-14 00:00:00",Nederland,WindOffshoreC,Hour,UTC,Providing,Current,719250,719250,0.17297975718975,0,0
"2025-03-14 00:00:00","2025-03-14 01:00:00",Nederland,WindOffshoreC,Hour,UTC,Providing,Current,669000,669000,0.16089449822903,0,0
"2025-03-14 01:00:00","2025-03-14 02:00:00",Nederland,WindOffshoreC,Hour,UTC,Providing,Current,539000,539000,0.12962974607944,0,0
"2025-03-14 02:00:00","2025-03-14 03:00:00",Nederland,WindOffshoreC,Hour,UTC,Providing,Current,711500,711500,0.17111599445343,0,0
"2025-03-14 03:00:00","2025-03-14 04:00:00",Nederland,WindOffshoreC,Hour,UTC,Providing,Current,641749,641749,0.15434074401855,0,0
"2025-03-14 04:00:00","2025-03-14 05:00:00",Nederland,WindOffshoreC,Hour,UTC,Providing,Current,614250,614250,0.14772725105286,0,0
"2025-03-14 05:00:00","2025-03-14 06:00:00",Nederland,WindOffshoreC,Hour,UTC,Providing,Current,496500,496500,0.11940850317478,0,0
"2025-03-14 06:00:00","2025-03-14 07:00:00",Nederland,WindOffshoreC,Hour,UTC,Providing,Current,415251,415251,0.099867925047874,0,0
"2025-03-14 07:00:00","2025-03-14 08:00:00",Nederland,WindOffshoreC,Hour,UTC,Providing,Current,300250,300250,0.072210222482681,0,0
"2025-03-14 08:00:00","2025-03-14 09:00:00",Nederland,WindOffshoreC,Hour,UTC,Providing,Current,420500,420500,0.10113029927015,0,0
"2025-03-14 09:00:00","2025-03-14 10:00:00",Nederland,WindOffshoreC,Hour,UTC,Providing,Current,474252,474252,0.11405774950981,0,0
"2025-03-14 10:00:00","2025-03-14 11:00:00",Nederland,WindOffshoreC,Hour,UTC,Providing,Current,421250,421250,0.10131079703569,0,0
"2025-03-14 11:00:00","2025-03-14 12:00:00",Nederland,WindOffshoreC,Hour,UTC,Providing,Current,454250,454250,0.10924722254276,0,0
"2025-03-14 12:00:00","2025-03-14 13:00:00",Nederland,WindOffshoreC,Hour,UTC,Providing,Current,746500,746500,0.17953349649906,0,0
"2025-03-14 13:00:00","2025-03-14 14:00:00",Nederland,WindOffshoreC,Hour,UTC,Providing,Current,1018001,1018001,0.24482950568199,0,0
"2025-03-14 14:00:00","2025-03-14 15:00:00",Nederland,WindOffshoreC,Hour,UTC,Providing,Current,1283500,1283500,0.30868199467659,0,0
"2025-03-14 15:00:00","2025-03-14 16:00:00",Nederland,WindOffshoreC,Hour,UTC,Providing,Current,1485000,1485000,0.35714274644852,0,0
"2025-03-14 16:00:00","2025-03-14 17:00:00",Nederland,WindOffshoreC,Hour,UTC,Providing,Current,1774749,1774749,0.42682775855064,0,0
"2025-03-14 17:00:00","2025-03-14 18:00:00",Nederland,WindOffshoreC,Hour,UTC,Providing,Current,2198751,2198751,0.52880001068115,0,0
"2025-03-14 18:00:00","2025-03-14 19:00:00",Nederland,WindOffshoreC,Hour,UTC,Providing,Current,2596750,2596750,0.62451899051666,0,0
"2025-03-14 19:00:00","2025-03-14 20:00:00",Nederland,WindOffshoreC,Hour,UTC,Providing,Current,2665500,2665500,0.64105349779129,0,0
"2025-03-14 20:00:00","2025-03-14 21:00:00",Nederland,WindOffshoreC,Hour,UTC,Providing,Current,2895000,2895000,0.69624823331833,0,0
"2025-03-14 21:00:00","2025-03-14 22:00:00",Nederland,WindOffshoreC,Hour,UTC,Providing,Current,3259500,3259500,0.78391075134277,0,0
"2025-03-14 22:00:00","2025-03-14 23:00:00",Nederland,WindOffshoreC,Hour,UTC,Providing,Current,3101001,3101001,0.74579149484634,0,0
"2025-03-14 23:00:00","2025-03-15 00:00:00",Nederland,WindOffshoreC,Hour,UTC,Providing,Current,3012999,3012999,0.72462701797485,0,0
"2025-03-15 00:00:00","2025-03-15 01:00:00",Nederland,WindOffshoreC,Hour,UTC,Providing,Current,2643750,2643750,0.63582277297974,0,0
"2025-03-15 01:00:00","2025-03-15 02:00:00",Nederland,WindOffshoreC,Hour,UTC,Providing,Current,2449500,2449500,0.58910524845123,0,0
"2025-03-15 02:00:00","2025-03-15 03:00:00",Nederland,WindOffshoreC,Hour,UTC,Providing,Current,2142500,2142500,0.51527148485184,0,0
"2025-03-15 03:00:00","2025-03-15 04:00:00",Nederland,WindOffshoreC,Hour,UTC,Providing,Current,2558000,2558000,0.61519974470139,0,0
"2025-03-15 04:00:00","2025-03-15 05:00:00",Nederland,WindOffshoreC,Hour,UTC,Providing,Current,2688000,2688000,0.64646476507187,0,0
"2025-03-15 05:00:00","2025-03-15 06:00:00",Nederland,WindOffshoreC,Hour,UTC,Providing,Current,3064501,3064501,0.73701322078705,0,0
"2025-03-15 06:00:00","2025-03-15 07:00:00",Nederland,WindOffshoreC,Hour,UTC,Providing,Current,3354500,3354500,0.80675798654556,0,0
"2025-03-15 07:00:00","2025-03-15 08:00:00",Nederland,WindOffshoreC,Hour,UTC,Providing,Current,3263251,3263251,0.78481274843216,0,0
"2025-03-15 08:00:00","2025-03-15 09:00:00",Nederland,WindOffshoreC,Hour,UTC,Providing,Current,3121000,3121000,0.75060123205185,0,0
"2025-03-15 09:00:00","2025-03-15 10:00:00",Nederland,WindOffshoreC,Hour,UTC,Providing,Current,2532000,2532000,0.60894650220871,0,0
"2025-03-15 10:00:00","2025-03-15 11:00:00",Nederland,WindOffshoreC,Hour,UTC,Providing,Current,2035250,2035250,0.4894779920578,0,0
"2025-03-15 11:00:00","2025-03-15 12:00:00",Nederland,WindOffshoreC,Hour,UTC,Providing,Current,1697500,1697500,0.40824925899506,0,0
"2025-03-15 12:00:00","2025-03-15 13:00:00",Nederland,WindOffshoreC,Hour,UTC,Providing,Current,1503750,1503750,0.36165225505829,0,0
"2025-03-15 13:00:00","2025-03-15 14:00:00",Nederland,WindOffshoreC,Hour,UTC,Providing,Current,1709000,1709000,0.4110150039196,0,0
"2025-03-15 14:00:00","2025-03-15 15:00:00",Nederland,WindOffshoreC,Hour,UTC,Providing,Current,2372250,2372250,0.57052648067474,0,0
"2025-03-15 15:00:00","2025-03-15 16:00:00",Nederland,WindOffshoreC,Hour,UTC,Providing,Current,2884500,2884500,0.69372272491455,0,0
"2025-03-15 16:00:00","2025-03-15 17:00:00",Nederland,WindOffshoreC,Hour,UTC,Providing,Current,3107250,3107250,0.747294485569,0,0
"2025-03-15 17:00:00","2025-03-15 18:00:00",Nederland,WindOffshoreC,Hour,UTC,Providing,Current,3342499,3342499,0.8038717508316,0,0
"2025-03-15 18:00:00","2025-03-15 19:00:00",Nederland,WindOffshoreC,Hour,UTC,Providing,Current,3401250,3401250,0.81800150871277,0,0
"2025-03-15 19:00:00","2025-03-15 20:00:00",Nederland,WindOffshoreC,Hour,UTC,Providing,Current,3094000,3094000,0.74410772323608,0,0
"2025-03-15 20:00:00","2025-03-15 21:00:00",Nederland,WindOffshoreC,Hour,UTC,Providing,Current,2797750,2797750,0.67285948991776,0,0
"2025-03-15 21:00:00","2025-03-15 22:00:00",Nederland,WindOffshoreC,Hour,UTC,Providing,Current,2519250,2519250,0.60588026046753,0,0
"2025-03-15 22:00:00","2025-03-15 23:00:00",Nederland,WindOffshoreC,Hour,UTC,Providing,Current,2425750,2425750,0.58339351415634,0,0
"2025-03-15 23:00:00","2025-03-16 00:00:00",Nederland,WindOffshoreC,Hour,UTC,Providing,Current,2117749,2117749,0.50931924581528,0,0
"2025-03-16 00:00:00","2025-03-16 01:00:00",Nederland,WindOffshoreC,Hour,UTC,Providing,Current,1912499,1912499,0.45995649695396,0,0
"2025-03-16 01:00:00","2025-03-16 02:00:00",Nederland,WindOffshoreC,Hour,UTC,Providing,Current,1707501,1707501,0.41065448522568,0,0
"2025-03-16 02:00:00","2025-03-16 03:00:00",Nederland,WindOffshoreC,Hour,UTC,Providing,Current,1462249,1462249,0.35167124867439,0,0
"2025-03-16 03:00:00","2025-03-16 04:00:00",Nederland,WindOffshoreC,Hour,UTC,Providing,Current,1481748,1481748,0.35636076331139,0,0
"2025-03-16 04:00:00","2025-03-16 05:00:00",Nederland,WindOffshoreC,Hour,UTC,Providing,Current,1421250,1421250,0.34181100130081,0,0
"2025-03-16 05:00:00","2025-03-16 06:00:00",Nederland,WindOffshoreC,Hour,UTC,Providing,Current,1407249,1407249,0.33844399452209,0,0
"2025-03-16 06:00:00","2025-03-16 07:00:00",Nederland,WindOffshoreC,Hour,UTC,Providing,Current,1273750,1273750,0.30633699893951,0,0
"2025-03-16 07:00:00","2025-03-16 08:00:00",Nederland,WindOffshoreC,Hour,UTC,Providing,Current,1143750,1143750,0.27507224678993,0,0
"2025-03-16 08:00:00","2025-03-16 09:00:00",Nederland,WindOffshoreC,Hour,UTC,Providing,Current,962999,962999,0.23160150647163,0,0
"2025-03-16 09:00:00","2025-03-16 10:00:00",Nederland,WindOffshoreC,Hour,UTC,Providing,Current,404249,404249,0.097221925854683,0,0
"2025-03-16 10:00:00","2025-03-16 11:00:00",Nederland,WindOffshoreC,Hour,UTC,Providing,Current,230249,230249,0.055374950170517,0,0
"2025-03-16 11:00:00","2025-03-16 12:00:00",Nederland,WindOffshoreC,Hour,UTC,Providing,Current,190751,190751,0.045875649899244,0,0
"2025-03-16 12:00:00","2025-03-16 13:00:00",Nederland,WindOffshoreC,Hour,UTC,Providing,Current,276749,276749,0.066558197140694,0,0
"2025-03-16 13:00:00","2025-03-16 14:00:00",Nederland,WindOffshoreC,Hour,UTC,Providing,Current,336750,336750,0.080988422036171,0,0
"2025-03-16 14:00:00","2025-03-16 15:00:00",Nederland,WindOffshoreC,Hour,UTC,Providing,Current,876249,876249,0.21073825657368,0,0
"2025-03-16 15:00:00","2025-03-16 16:00:00",Nederland,WindOffshoreC,Hour,UTC,Providing,Current,910999,910999,0.21909549832344,0,0
"2025-03-16 16:00:00","2025-03-16 17:00:00",Nederland,WindOffshoreC,Hour,UTC,Providing,Current,1367999,1367999,0.3290039896965,0,0
"2025-03-16 17:00:00","2025-03-16 18:00:00",Nederland,WindOffshoreC,Hour,UTC,Providing,Current,1645999,1645999,0.39586299657822,0,0
"2025-03-16 18:00:00","2025-03-16 19:00:00",Nederland,WindOffshoreC,Hour,UTC,Providing,Current,1524249,1524249,0.36658251285553,0,0
"2025-03-16 19:00:00","2025-03-16 20:00:00",Nederland,WindOffshoreC,Hour,UTC,Providing,Current,1310001,1310001,0.315055757761,0,0
"2025-03-16 20:00:00","2025-03-16 21:00:00",Nederland,WindOffshoreC,Hour,UTC,Providing,Current,1209751,1209751,0.29094550013542,0,0
"2025-03-16 21:00:00","2025-03-16 22:00:00",Nederland,WindOffshoreC,Hour,UTC,Providing,Current,1215749,1215749,0.29238775372505,0,0
"2025-03-16 22:00:00","2025-03-16 23:00:00",Nederland,WindOffshoreC,Hour,UTC,Providing,Current,1315500,1315500,0.31637799739838,0,0
"2025-03-16 23:00:00","2025-03-17 00:00:00",Nederland,WindOffshoreC,Hour,UTC,Providing,Current,1698750,1698750,0.40854975581169,0,0
"2025-03-17 00:00:00","2025-03-17 01:00:00",Nederland,WindOffshoreC,Hour,UTC,Providing,Current,1859250,1859250,0.44715026021004,0,0
"2025-03-17 01:00:00","2025-03-17 02:00:00",Nederland,WindOffshoreC,Hour,UTC,Providing,Current,1595500,1595500,0.38371825218201,0,0
"2025-03-17 02:00:00","2025-03-17 03:00:00",Nederland,WindOffshoreC,Hour,UTC,Providing,Current,1531499,1531499,0.36832600831985,0,0
"2025-03-17 03:00:00","2025-03-17 04:00:00",Nederland,WindOffshoreC,Hour,UTC,Providing,Current,1458250,1458250,0.35070925951004,0,0
"2025-03-17 04:00:00","2025-03-17 05:00:00",Nederland,WindOffshoreC,Hour,UTC,Providing,Current,1519002,1519002,0.3653205037117,0,0
"2025-03-17 05:00:00","2025-03-17 06:00:00",Nederland,WindOffshoreC,Hour,UTC,Providing,Current,1716750,1716750,0.41287875175476,0,0
"2025-03-17 06:00:00","2025-03-17 07:00:00",Nederland,WindOffshoreC,Hour,UTC,Providing,Current,1819500,1819500,0.43759024143219,0,0
"2025-03-17 07:00:00","2025-03-17 08:00:00",Nederland,WindOffshoreC,Hour,UTC,Providing,Current,1610499,1610499,0.38732549548149,0,0
"2025-03-17 08:00:00","2025-03-17 09:00:00",Nederland,WindOffshoreC,Hour,UTC,Providing,Current,1338250,1338250,0.32184925675392,0,0
"2025-03-17 09:00:00","2025-03-17 10:00:00",Nederland,WindOffshoreC,Hour,UTC,Providing,Current,975500,975500,0.23460799455643,0,0
"2025-03-17 10:00:00","2025-03-17 11:00:00",Nederland,WindOffshoreC,Hour,UTC,Providing,Current,975501,975501,0.23460824787617,0,0
"2025-03-17 11:00:00","2025-03-17 12:00:00",Nederland,WindOffshoreC,Hour,UTC,Providing,Current,1119750,1119750,0.26930025219917,0,0
"2025-03-17 12:00:00","2025-03-17 13:00:00",Nederland,WindOffshoreC,Hour,UTC,Providing,Current,1259000,1259000,0.30278950929642,0,0
"2025-03-17 13:00:00","2025-03-17 14:00:00",Nederland,WindOffshoreC,Hour,UTC,Providing,Current,1504251,1504251,0.3617727458477,0,0
"2025-03-17 14:00:00","2025-03-17 15:00:00",Nederland,WindOffshoreC,Hour,UTC,Providing,Current,1505750,1505750,0.36213326454163,0,0
"2025-03-17 15:00:00","2025-03-17 16:00:00",Nederland,WindOffshoreC,Hour,UTC,Providing,Current,1783501,1783501,0.42893248796463,0,0
"2025-03-17 16:00:00","2025-03-17 17:00:00",Nederland,WindOffshoreC,Hour,UTC,Providing,Current,2407250,2407250,0.57894426584244,0,0
"2025-03-17 17:00:00","2025-03-17 18:00:00",Nederland,WindOffshoreC,Hour,UTC,Providing,Current,2477751,2477751,0.59589999914169,0,0
"2025-03-17 18:00:00","2025-03-17 19:00:00",Nederland,WindOffshoreC,Hour,UTC,Providing,Current,2532250,2532250,0.60900676250458,0,0
"2025-03-17 19:00:00","2025-03-17 20:00:00",Nederland,WindOffshoreC,Hour,UTC,Providing,Current,2576249,2576249,0.61958825588226,0,0
"2025-03-17 20:00:00","2025-03-17 21:00:00",Nederland,WindOffshoreC,Hour,UTC,Providing,Current,2668000,2668000,0.64165449142456,0,0
"2025-03-17 21:00:00","2025-03-17 22:00:00",Nederland,WindOffshoreC,Hour,UTC,Providing,Current,2733999,2733999,0.65752726793289,0,0
"2025-03-17 22:00:00","2025-03-17 23:00:00",Nederland,WindOffshoreC,Hour,UTC,Providing,Current,2731500,2731500,0.6569265127182,0,0
"2025-03-17 23:00:00","2025-03-18 00:00:00",Nederland,WindOffshoreC,Hour,UTC,Providing,Current,2700500,2700500,0.64947074651718,0,0
"2025-03-18 00:00:00","2025-03-18 01:00:00",Nederland,WindOffshoreC,Hour,UTC,Providing,Current,2505499,2505499,0.60257297754288,0,0
"2025-03-18 01:00:00","2025-03-18 02:00:00",Nederland,WindOffshoreC,Hour,UTC,Providing,Current,1959498,1959498,0.47125950455666,0,0
"2025-03-18 02:00:00","2025-03-18 03:00:00",Nederland,WindOffshoreC,Hour,UTC,Providing,Current,1760249,1760249,0.42334026098251,0,0
"2025-03-18 03:00:00","2025-03-18 04:00:00",Nederland,WindOffshoreC,Hour,UTC,Providing,Current,1527000,1527000,0.36724400520325,0,0
"2025-03-18 04:00:00","2025-03-18 05:00:00",Nederland,WindOffshoreC,Hour,UTC,Providing,Current,1506750,1506750,0.36237373948097,0,0
"2025-03-18 05:00:00","2025-03-18 06:00:00",Nederland,WindOffshoreC,Hour,UTC,Providing,Current,1636000,1636000,0.39345848560333,0,0
"2025-03-18 06:00:00","2025-03-18 07:00:00",Nederland,WindOffshoreC,Hour,UTC,Providing,Current,1769250,1769250,0.42550501227379,0,0
"2025-03-18 07:00:00","2025-03-18 08:00:00",Nederland,WindOffshoreC,Hour,UTC,Providing,Current,1807500,1807500,0.43470424413681,0,0
"2025-03-18 08:00:00","2025-03-18 09:00:00",Nederland,WindOffshoreC,Hour,UTC,Providing,Current,1587250,1587250,0.38173401355743,0,0
"2025-03-18 09:00:00","2025-03-18 10:00:00",Nederland,WindOffshoreC,Hour,UTC,Providing,Current,1253751,1253751,0.30152750015259,0,0
"2025-03-18 10:00:00","2025-03-18 11:00:00",Nederland,WindOffshoreC,Hour,UTC,Providing,Current,582251,582251,0.14003153145313,0,0
"2025-03-18 11:00:00","2025-03-18 12:00:00",Nederland,WindOffshoreC,Hour,UTC,Providing,Current,515000,515000,0.12385775148869,0,0
"2025-03-18 12:00:00","2025-03-18 13:00:00",Nederland,WindOffshoreC,Hour,UTC,Providing,Current,811000,811000,0.19504599273205,0,0
"2025-03-18 13:00:00","2025-03-18 14:00:00",Nederland,WindOffshoreC,Hour,UTC,Providing,Current,1133500,1133500,0.2726072371006,0,0
"2025-03-18 14:00:00","2025-03-18 15:00:00",Nederland,WindOffshoreC,Hour,UTC,Providing,Current,2079000,2079000,0.5,0,0
"2025-03-18 15:00:00","2025-03-18 16:00:00",Nederland,WindOffshoreC,Hour,UTC,Providing,Current,2442501,2442501,0.58742225170135,0,0
"2025-03-18 16:00:00","2025-03-18 17:00:00",Nederland,WindOffshoreC,Hour,UTC,Providing,Current,2593750,2593750,0.62379747629166,0,0
"2025-03-18 17:00:00","2025-03-18 18:00:00",Nederland,WindOffshoreC,Hour,UTC,Providing,Current,2535750,2535750,0.6098484992981,0,0
"2025-03-18 18:00:00","2025-03-18 19:00:00",Nederland,WindOffshoreC,Hour,UTC,Providing,Current,2440001,2440001,0.58682072162628,0,0
"2025-03-18 19:00:00","2025-03-18 20:00:00",Nederland,WindOffshoreC,Hour,UTC,Providing,Current,2611499,2611499,0.62806624174118,0,0
"2025-03-18 20:00:00","2025-03-18 21:00:00",Nederland,WindOffshoreC,Hour,UTC,Providing,Current,2851500,2851500,0.685786485672,0,0
"2025-03-18 21:00:00","2025-03-18 22:00:00",Nederland,WindOffshoreC,Hour,UTC,Providing,Current,2999499,2999499,0.72138047218323,0,0
"2025-03-18 22:00:00","2025-03-18 23:00:00",Nederland,WindOffshoreC,Hour,UTC,Providing,Current,2705250,2705250,0.65061324834824,0,0
"2025-03-18 23:00:00","2025-03-19 00:00:00",Nederland,WindOffshoreC,Hour,UTC,Providing,Current,2037001,2037001,0.48989924788475,0,0
"2025-03-19 00:00:00","2025-03-19 01:00:00",Nederland,WindOffshoreC,Hour,UTC,Providing,Current,1335751,1335751,0.32124826312065,0,0
"2025-03-19 01:00:00","2025-03-19 02:00:00",Nederland,WindOffshoreC,Hour,UTC,Providing,Current,934500,934500,0.22474749386311,0,0
"2025-03-19 02:00:00","2025-03-19 03:00:00",Nederland,WindOffshoreC,Hour,UTC,Providing,Current,750249,750249,0.18043500185013,0,0
"2025-03-19 03:00:00","2025-03-19 04:00:00",Nederland,WindOffshoreC,Hour,UTC,Providing,Current,741000,741000,0.17821075022221,0,0
"2025-03-19 04:00:00","2025-03-19 05:00:00",Nederland,WindOffshoreC,Hour,UTC,Providing,Current,713000,713000,0.17147649824619,0,0
"2025-03-19 05:00:00","2025-03-19 06:00:00",Nederland,WindOffshoreC,Hour,UTC,Providing,Current,703500,703500,0.16919200122356,0,0
"2025-03-19 06:00:00","2025-03-19 07:00:00",Nederland,WindOffshoreC,Hour,UTC,Providing,Current,692001,692001,0.1664264947176,0,0
"2025-03-19 07:00:00","2025-03-19 08:00:00",Nederland,WindOffshoreC,Hour,UTC,Providing,Current,640000,640000,0.15391999483109,0,0
"2025-03-19 08:00:00","2025-03-19 09:00:00",Nederland,WindOffshoreC,Hour,UTC,Providing,Current,527500,527500,0.1268640011549,0,0
"2025-03-19 09:00:00","2025-03-19 10:00:00",Nederland,WindOffshoreC,Hour,UTC,Providing,Current,371251,371251,0.089285925030708,0,0
"2025-03-19 10:00:00","2025-03-19 11:00:00",Nederland,WindOffshoreC,Hour,UTC,Providing,Current,199249,199249,0.047919426113367,0,0
"2025-03-19 11:00:00","2025-03-19 12:00:00",Nederland,WindOffshoreC,Hour,UTC,Providing,Current,158500,158500,0.038119301199913,0,0
"2025-03-19 12:00:00","2025-03-19 13:00:00",Nederland,WindOffshoreC,Hour,UTC,Providing,Current,128001,128001,0.030784249305725,0,0
"2025-03-19 13:00:00","2025-03-19 14:00:00",Nederland,WindOffshoreC,Hour,UTC,Providing,Current,174250,174250,0.041907176375389,0,0
"2025-03-19 14:00:00","2025-03-19 15:00:00",Nederland,WindOffshoreC,Hour,UTC,Providing,Current,342501,342501,0.082371547818184,0,0
"2025-03-19 15:00:00","2025-03-19 16:00:00",Nederland,WindOffshoreC,Hour,UTC,Providing,Current,387999,387999,0.093313872814178,0,0
"2025-03-19 16:00:00","2025-03-19 17:00:00",Nederland,WindOffshoreC,Hour,UTC,Providing,Current,248750,248750,0.059824425727129,0,0
"2025-03-19 17:00:00","2025-03-19 18:00:00",Nederland,WindOffshoreC,Hour,UTC,Providing,Current,161499,161499,0.038840550929308,0,0
"2025-03-19 18:00:00","2025-03-19 19:00:00",Nederland,WindOffshoreC,Hour,UTC,Providing,Current,144251,144251,0.034692376852036,0,0
"2025-03-19 19:00:00","2025-03-19 20:00:00",Nederland,WindOffshoreC,Hour,UTC,Providing,Current,160500,160500,0.038600251078606,0,0
"2025-03-19 20:00:00","2025-03-19 21:00:00",Nederland,WindOffshoreC,Hour,UTC,Providing,Current,175999,175999,0.042327776551247,0,0
"2025-03-19 21:00:00","2025-03-19 22:00:00",Nederland,WindOffshoreC,Hour,UTC,Providing,Current,145750,145750,0.03505289927125,0,0
"2025-03-19 22:00:00","2025-03-19 23:00:00",Nederland,WindOffshoreC,Hour,UTC,Providing,Current,156000,156000,0.037518050521612,0,0
"2025-03-19 23:00:00","2025-03-20 00:00:00",Nederland,WindOffshoreC,Hour,UTC,Providing,Current,165000,165000,0.039682526141405,0,0
"2025-03-20 00:00:00","2025-03-20 01:00:00",Nederland,WindOffshoreC,Hour,UTC,Providing,Current,183750,183750,0.044191874563694,0,0
"2025-03-20 01:00:00","2025-03-20 02:00:00",Nederland,WindOffshoreC,Hour,UTC,Providing,Current,181250,181250,0.043590649962425,0,0
"2025-03-20 02:00:00","2025-03-20 03:00:00",Nederland,WindOffshoreC,Hour,UTC,Providing,Current,193750,193750,0.046596925705671,0,0
"2025-03-20 03:00:00","2025-03-20 04:00:00",Nederland,WindOffshoreC,Hour,UTC,Providing,Current,184500,184500,0.044372275471687,0,0
"2025-03-20 04:00:00","2025-03-20 05:00:00",Nederland,WindOffshoreC,Hour,UTC,Providing,Current,208249,208249,0.050083924084902,0,0
"2025-03-20 05:00:00","2025-03-20 06:00:00",Nederland,WindOffshoreC,Hour,UTC,Providing,Current,141000,141000,0.033910524100065,0,0
"2025-03-20 06:00:00","2025-03-20 07:00:00",Nederland,WindOffshoreC,Hour,UTC,Providing,Current,81250,81250,0.019540674984455,0,0
"2025-03-20 07:00:00","2025-03-20 08:00:00",Nederland,WindOffshoreC,Hour,UTC,Providing,Current,61749,61749,0.014850649982691,0,0
"2025-03-20 08:00:00","2025-03-20 09:00:00",Nederland,WindOffshoreC,Hour,UTC,Providing,Current,19000,19000,0.0045695025473833,0,0
"2025-03-20 09:00:00","2025-03-20 10:00:00",Nederland,WindOffshoreC,Hour,UTC,Providing,Current,18750,18750,0.0045093800872564,0,0
"2025-03-20 10:00:00","2025-03-20 11:00:00",Nederland,WindOffshoreC,Hour,UTC,Providing,Current,21999,21999,0.0052907676436007,0,0
"2025-03-20 11:00:00","2025-03-20 12:00:00",Nederland,WindOffshoreC,Hour,UTC,Providing,Current,29750,29750,0.0071548824198544,0,0
"2025-03-20 12:00:00","2025-03-20 13:00:00",Nederland,WindOffshoreC,Hour,UTC,Providing,Current,12250,12250,0.0029461274389178,0,0
"2025-03-20 13:00:00","2025-03-20 14:00:00",Nederland,WindOffshoreC,Hour,UTC,Providing,Current,5249,5249,0.0012623862130567,0,0
"2025-03-20 14:00:00","2025-03-20 15:00:00",Nederland,WindOffshoreC,Hour,UTC,Providing,Current,0,0,0,0,0
"2025-03-20 15:00:00","2025-03-20 16:00:00",Nederland,WindOffshoreC,Hour,UTC,Providing,Current,0,0,0,0,0
"2025-03-20 16:00:00","2025-03-20 17:00:00",Nederland,WindOffshoreC,Hour,UTC,Providing,Current,10500,10500,0.0025252525229007,0,0
"2025-03-20 17:00:00","2025-03-20 18:00:00",Nederland,WindOffshoreC,Hour,UTC,Providing,Current,66001,66001,0.01587326452136,0,0
"2025-03-20 18:00:00","2025-03-20 19:00:00",Nederland,WindOffshoreC,Hour,UTC,Providing,Current,270000,270000,0.064935050904751,0,0
"2025-03-20 19:00:00","2025-03-20 20:00:00",Nederland,WindOffshoreC,Hour,UTC,Providing,Current,499749,499749,0.12018972635269,0,0
"2025-03-20 20:00:00","2025-03-20 21:00:00",Nederland,WindOffshoreC,Hour,UTC,Providing,Current,954250,954250,0.22949725389481,0,0
"2025-03-20 21:00:00","2025-03-20 22:00:00",Nederland,WindOffshoreC,Hour,UTC,Providing,Current,1548500,1548500,0.37241473793983,0,0
"2025-03-20 22:00:00","2025-03-20 23:00:00",Nederland,WindOffshoreC,Hour,UTC,Providing,Current,2244751,2244751,0.53986322879791,0,0
"2025-03-20 23:00:00","2025-03-21 00:00:00",Nederland,WindOffshoreC,Hour,UTC,Providing,Current,2386251,2386251,0.57389402389526,0,0
"2025-03-21 00:00:00","2025-03-21 01:00:00",Nederland,WindOffshoreC,Hour,UTC,Providing,Current,2286498,2286498,0.54990351200104,0,0
"2025-03-21 01:00:00","2025-03-21 02:00:00",Nederland,WindOffshoreC,Hour,UTC,Providing,Current,1985750,1985750,0.47757324576378,0,0
"2025-03-21 02:00:00","2025-03-21 03:00:00",Nederland,WindOffshoreC,Hour,UTC,Providing,Current,2079250,2079250,0.50006002187729,0,0
"2025-03-21 03:00:00","2025-03-21 04:00:00",Nederland,WindOffshoreC,Hour,UTC,Providing,Current,2286750,2286750,0.54996401071548,0,0
"2025-03-21 04:00:00","2025-03-21 05:00:00",Nederland,WindOffshoreC,Hour,UTC,Providing,Current,2293500,2293500,0.55158698558807,0,0
"2025-03-21 05:00:00","2025-03-21 06:00:00",Nederland,WindOffshoreC,Hour,UTC,Providing,Current,2400500,2400500,0.57732099294662,0,0
"2025-03-21 06:00:00","2025-03-21 07:00:00",Nederland,WindOffshoreC,Hour,UTC,Providing,Current,2889750,2889750,0.69498550891876,0,0
"2025-03-21 07:00:00","2025-03-21 08:00:00",Nederland,WindOffshoreC,Hour,UTC,Providing,Current,3108251,3108251,0.74753475189209,0,0
"2025-03-21 08:00:00","2025-03-21 09:00:00",Nederland,WindOffshoreC,Hour,UTC,Providing,Current,2973750,2973750,0.71518748998642,0,0
"2025-03-21 09:00:00","2025-03-21 10:00:00",Nederland,WindOffshoreC,Hour,UTC,Providing,Current,2498250,2498250,0.60082972049713,0,0
"2025-03-21 10:00:00","2025-03-21 11:00:00",Nederland,WindOffshoreC,Hour,UTC,Providing,Current,2479250,2479250,0.59626024961472,0,0
"2025-03-21 11:00:00","2025-03-21 12:00:00",Nederland,WindOffshoreC,Hour,UTC,Providing,Current,1102000,1102000,0.26503100991249,0,0
"2025-03-21 12:00:00","2025-03-21 13:00:00",Nederland,WindOffshoreC,Hour,UTC,Providing,Current,1185498,1185498,0.28511250019073,0,0
"2025-03-21 13:00:00","2025-03-21 14:00:00",Nederland,WindOffshoreC,Hour,UTC,Providing,Current,1478250,1478250,0.35551950335503,0,0
"2025-03-21 14:00:00","2025-03-21 15:00:00",Nederland,WindOffshoreC,Hour,UTC,Providing,Current,3314251,3314251,0.79707825183868,0,0
"2025-03-21 15:00:00","2025-03-21 16:00:00",Nederland,WindOffshoreC,Hour,UTC,Providing,Current,3640001,3640001,0.87542152404785,0,0
"2025-03-21 16:00:00","2025-03-21 17:00:00",Nederland,WindOffshoreC,Hour,UTC,Providing,Current,3603750,3603750,0.86670273542404,0,0
"2025-03-21 17:00:00","2025-03-21 18:00:00",Nederland,WindOffshoreC,Hour,UTC,Providing,Current,3520250,3520250,0.84662127494812,0,0
"2025-03-21 18:00:00","2025-03-21 19:00:00",Nederland,WindOffshoreC,Hour,UTC,Providing,Current,3619499,3619499,0.87049049139023,0,0
"2025-03-21 19:00:00","2025-03-21 20:00:00",Nederland,WindOffshoreC,Hour,UTC,Providing,Current,3774750,3774750,0.90782827138901,0,0
"2025-03-21 20:00:00","2025-03-21 21:00:00",Nederland,WindOffshoreC,Hour,UTC,Providing,Current,3935251,3935251,0.94642901420593,0,0
"2025-03-21 21:00:00","2025-03-21 22:00:00",Nederland,WindOffshoreC,Hour,UTC,Providing,Current,3942749,3942749,0.94823199510574,0,0
"2025-03-21 22:00:00","2025-03-21 23:00:00",Nederland,WindOffshoreC,Hour,UTC,Providing,Current,3955000,3955000,0.95117849111557,0,0
"2025-03-21 23:00:00","2025-03-22 00:00:00",Nederland,WindOffshoreC,Hour,UTC,Providing,Current,3864000,3864000,0.92929273843765,0,0
"2025-03-22 00:00:00","2025-03-22 01:00:00",Nederland,WindOffshoreC,Hour,UTC,Providing,Current,3437750,3437750,0.82677972316742,0,0
"2025-03-22 01:00:00","2025-03-22 02:00:00",Nederland,WindOffshoreC,Hour,UTC,Providing,Current,3127751,3127751,0.75222474336624,0,0
"2025-03-22 02:00:00","2025-03-22 03:00:00",Nederland,WindOffshoreC,Hour,UTC,Providing,Current,3024750,3024750,0.72745323181152,0,0
"2025-03-22 03:00:00","2025-03-22 04:00:00",Nederland,WindOffshoreC,Hour,UTC,Providing,Current,3123750,3123750,0.75126272439957,0,0
"2025-03-22 04:00:00","2025-03-22 05:00:00",Nederland,WindOffshoreC,Hour,UTC,Providing,Current,3082000,3082000,0.74122202396393,0,0
"2025-03-22 05:00:00","2025-03-22 06:00:00",Nederland,WindOffshoreC,Hour,UTC,Providing,Current,2837251,2837251,0.68235927820206,0,0
"2025-03-22 06:00:00","2025-03-22 07:00:00",Nederland,WindOffshoreC,Hour,UTC,Providing,Current,2749250,2749250,0.6611955165863,0,0
"2025-03-22 07:00:00","2025-03-22 08:00:00",Nederland,WindOffshoreC,Hour,UTC,Providing,Current,2529000,2529000,0.60822522640228,0,0
"2025-03-22 08:00:00","2025-03-22 09:00:00",Nederland,WindOffshoreC,Hour,UTC,Providing,Current,1987250,1987250,0.47793424129486,0,0
"2025-03-22 09:00:00","2025-03-22 10:00:00",Nederland,WindOffshoreC,Hour,UTC,Providing,Current,1541251,1541251,0.37067151069641,0,0
"2025-03-22 10:00:00","2025-03-22 11:00:00",Nederland,WindOffshoreC,Hour,UTC,Providing,Current,1197999,1197999,0.28811898827553,0,0
"2025-03-22 11:00:00","2025-03-22 12:00:00",Nederland,WindOffshoreC,Hour,UTC,Providing,Current,771249,771249,0.18548575043678,0,0
"2025-03-22 12:00:00","2025-03-22 13:00:00",Nederland,WindOffshoreC,Hour,UTC,Providing,Current,882751,882751,0.21230174601078,0,0
"2025-03-22 13:00:00","2025-03-22 14:00:00",Nederland,WindOffshoreC,Hour,UTC,Providing,Current,1264499,1264499,0.30411249399185,0,0
"2025-03-22 14:00:00","2025-03-22 15:00:00",Nederland,WindOffshoreC,Hour,UTC,Providing,Current,1322750,1322750,0.3181214928627,0,0
"2025-03-22 15:00:00","2025-03-22 16:00:00",Nederland,WindOffshoreC,Hour,UTC,Providing,Current,1243752,1243752,0.29912275075912,0,0
"2025-03-22 16:00:00","2025-03-22 17:00:00",Nederland,WindOffshoreC,Hour,UTC,Providing,Current,1314000,1314000,0.31601724028587,0,0
"2025-03-22 17:00:00","2025-03-22 18:00:00",Nederland,WindOffshoreC,Hour,UTC,Providing,Current,1382750,1382750,0.3325517475605,0,0
"2025-03-22 18:00:00","2025-03-22 19:00:00",Nederland,WindOffshoreC,Hour,UTC,Providing,Current,1462000,1462000,0.35161149501801,0,0
"2025-03-22 19:00:00","2025-03-22 20:00:00",Nederland,WindOffshoreC,Hour,UTC,Providing,Current,1419250,1419250,0.34132999181747,0,0
"2025-03-22 20:00:00","2025-03-22 21:00:00",Nederland,WindOffshoreC,Hour,UTC,Providing,Current,1531750,1531750,0.3683862388134,0,0
"2025-03-22 21:00:00","2025-03-22 22:00:00",Nederland,WindOffshoreC,Hour,UTC,Providing,Current,1666499,1666499,0.40079349279404,0,0
"2025-03-22 22:00:00","2025-03-22 23:00:00",Nederland,WindOffshoreC,Hour,UTC,Providing,Current,1741500,1741500,0.41883125901222,0,0
"2025-03-22 23:00:00","2025-03-23 00:00:00",Nederland,WindOffshoreC,Hour,UTC,Providing,Current,1507501,1507501,0.36255449056625,0,0
"2025-03-23 00:00:00","2025-03-23 01:00:00",Nederland,WindOffshoreC,Hour,UTC,Providing,Current,1496000,1496000,0.35978823900223,0,0
"2025-03-23 01:00:00","2025-03-23 02:00:00",Nederland,WindOffshoreC,Hour,UTC,Providing,Current,1622000,1622000,0.39009124040604,0,0
"2025-03-23 02:00:00","2025-03-23 03:00:00",Nederland,WindOffshoreC,Hour,UTC,Providing,Current,1571250,1571250,0.3778857588768,0,0
"2025-03-23 03:00:00","2025-03-23 04:00:00",Nederland,WindOffshoreC,Hour,UTC,Providing,Current,1489500,1489500,0.35822525620461,0,0
"2025-03-23 04:00:00","2025-03-23 05:00:00",Nederland,WindOffshoreC,Hour,UTC,Providing,Current,1294750,1294750,0.31138774752617,0,0
"2025-03-23 05:00:00","2025-03-23 06:00:00",Nederland,WindOffshoreC,Hour,UTC,Providing,Current,1067000,1067000,0.2566134929657,0,0
"2025-03-23 06:00:00","2025-03-23 07:00:00",Nederland,WindOffshoreC,Hour,UTC,Providing,Current,1114500,1114500,0.26803749799728,0,0
"2025-03-23 07:00:00","2025-03-23 08:00:00",Nederland,WindOffshoreC,Hour,UTC,Providing,Current,1142001,1142001,0.27465149760246,0,0
"2025-03-23 08:00:00","2025-03-23 09:00:00",Nederland,WindOffshoreC,Hour,UTC,Providing,Current,1257750,1257750,0.30248901247978,0,0
"2025-03-23 09:00:00","2025-03-23 10:00:00",Nederland,WindOffshoreC,Hour,UTC,Providing,Current,1024250,1024250,0.24633224308491,0,0
"2025-03-23 10:00:00","2025-03-23 11:00:00",Nederland,WindOffshoreC,Hour,UTC,Providing,Current,688999,688999,0.16570450365543,0,0
"2025-03-23 11:00:00","2025-03-23 12:00:00",Nederland,WindOffshoreC,Hour,UTC,Providing,Current,485249,485249,0.11670254915953,0,0
"2025-03-23 12:00:00","2025-03-23 13:00:00",Nederland,WindOffshoreC,Hour,UTC,Providing,Current,196500,196500,0.047258276492357,0,0
"2025-03-23 13:00:00","2025-03-23 14:00:00",Nederland,WindOffshoreC,Hour,UTC,Providing,Current,82750,82750,0.019901374354959,0,0
"2025-03-23 14:00:00","2025-03-23 15:00:00",Nederland,WindOffshoreC,Hour,UTC,Providing,Current,54500,54500,0.013107250444591,0,0
"2025-03-23 15:00:00","2025-03-23 16:00:00",Nederland,WindOffshoreC,Hour,UTC,Providing,Current,64250,64250,0.015452125109732,0,0
"2025-03-23 16:00:00","2025-03-23 17:00:00",Nederland,WindOffshoreC,Hour,UTC,Providing,Current,69250,69250,0.01665467582643,0,0
"2025-03-23 17:00:00","2025-03-23 18:00:00",Nederland,WindOffshoreC,Hour,UTC,Providing,Current,55750,55750,0.013407899998128,0,0
"2025-03-23 18:00:00","2025-03-23 19:00:00",Nederland,WindOffshoreC,Hour,UTC,Providing,Current,34752,34752,0.0083578648045659,0,0
"2025-03-23 19:00:00","2025-03-23 20:00:00",Nederland,WindOffshoreC,Hour,UTC,Providing,Current,56500,56500,0.013588299974799,0,0
"2025-03-23 20:00:00","2025-03-23 21:00:00",Nederland,WindOffshoreC,Hour,UTC,Providing,Current,75251,75251,0.018097875639796,0,0
"2025-03-23 21:00:00","2025-03-23 22:00:00",Nederland,WindOffshoreC,Hour,UTC,Providing,Current,102749,102749,0.024711150676012,0,0
"2025-03-23 22:00:00","2025-03-23 23:00:00",Nederland,WindOffshoreC,Hour,UTC,Providing,Current,80750,80750,0.019420374184847,0,0
"2025-03-23 23:00:00","2025-03-24 00:00:00",Nederland,WindOffshoreC,Hour,UTC,Providing,Current,43999,43999,0.010581789538264,0,0
"2025-03-24 00:00:00","2025-03-24 01:00:00",Nederland,WindOffshoreC,Hour,UTC,Providing,Current,17001,17001,0.0040887426584959,0,0
"2025-03-24 01:00:00","2025-03-24 02:00:00",Nederland,WindOffshoreC,Hour,UTC,Providing,Current,1500,1500,0.00036075001116842,0,0
"2025-03-24 02:00:00","2025-03-24 03:00:00",Nederland,WindOffshoreC,Hour,UTC,Providing,Current,74749,74749,0.017977150157094,0,0
"2025-03-24 03:00:00","2025-03-24 04:00:00",Nederland,WindOffshoreC,Hour,UTC,Providing,Current,470500,470500,0.11315542459488,0,0
"2025-03-24 04:00:00","2025-03-24 05:00:00",Nederland,WindOffshoreC,Hour,UTC,Providing,Current,721500,721500,0.17352099716663,0,0
"2025-03-24 05:00:00","2025-03-24 06:00:00",Nederland,WindOffshoreC,Hour,UTC,Providing,Current,674251,674251,0.16215774416924,0,0
"2025-03-24 06:00:00","2025-03-24 07:00:00",Nederland,WindOffshoreC,Hour,UTC,Providing,Current,609000,609000,0.14646475017071,0,0
"2025-03-24 07:00:00","2025-03-24 08:00:00",Nederland,WindOffshoreC,Hour,UTC,Providing,Current,529750,529750,0.1274050027132,0,0
"2025-03-24 08:00:00","2025-03-24 09:00:00",Nederland,WindOffshoreC,Hour,UTC,Providing,Current,475250,475250,0.114297747612,0,0
"2025-03-24 09:00:00","2025-03-24 10:00:00",Nederland,WindOffshoreC,Hour,UTC,Providing,Current,505998,505998,0.12169250100851,0,0
"2025-03-24 10:00:00","2025-03-24 11:00:00",Nederland,WindOffshoreC,Hour,UTC,Providing,Current,475750,475750,0.11441799998283,0,0
"2025-03-24 11:00:00","2025-03-24 12:00:00",Nederland,WindOffshoreC,Hour,UTC,Providing,Current,824500,824500,0.19829274713993,0,0
"2025-03-24 12:00:00","2025-03-24 13:00:00",Nederland,WindOffshoreC,Hour,UTC,Providing,Current,967751,967751,0.23274450004101,0,0
"2025-03-24 13:00:00","2025-03-24 14:00:00",Nederland,WindOffshoreC,Hour,UTC,Providing,Current,804498,804498,0.19348199665546,0,0
"2025-03-24 14:00:00","2025-03-24 15:00:00",Nederland,WindOffshoreC,Hour,UTC,Providing,Current,803750,803750,0.1933020055294,0,0
"2025-03-24 15:00:00","2025-03-24 16:00:00",Nederland,WindOffshoreC,Hour,UTC,Providing,Current,731000,731000,0.175805747509,0,0
"2025-03-24 16:00:00","2025-03-24 17:00:00",Nederland,WindOffshoreC,Hour,UTC,Providing,Current,704500,704500,0.16943250596523,0,0
"2025-03-24 17:00:00","2025-03-24 18:00:00",Nederland,WindOffshoreC,Hour,UTC,Providing,Current,642000,642000,0.154401242733,0,0
"2025-03-24 18:00:00","2025-03-24 19:00:00",Nederland,WindOffshoreC,Hour,UTC,Providing,Current,442251,442251,0.10636157542467,0,0
"2025-03-24 19:00:00","2025-03-24 20:00:00",Nederland,WindOffshoreC,Hour,UTC,Providing,Current,203750,203750,0.049001898616552,0,0
"2025-03-24 20:00:00","2025-03-24 21:00:00",Nederland,WindOffshoreC,Hour,UTC,Providing,Current,208249,208249,0.050083924084902,0,0
"2025-03-24 21:00:00","2025-03-24 22:00:00",Nederland,WindOffshoreC,Hour,UTC,Providing,Current,166001,166001,0.039923276752234,0,0
"2025-03-24 22:00:00","2025-03-24 23:00:00",Nederland,WindOffshoreC,Hour,UTC,Providing,Current,101499,101499,0.024410549551249,0,0
"2025-03-24 23:00:00","2025-03-25 00:00:00",Nederland,WindOffshoreC,Hour,UTC,Providing,Current,106250,106250,0.025553125888109,0,0
"2025-03-25 00:00:00","2025-03-25 01:00:00",Nederland,WindOffshoreC,Hour,UTC,Providing,Current,178000,178000,0.042809024453163,0,0
"2025-03-25 01:00:00","2025-03-25 02:00:00",Nederland,WindOffshoreC,Hour,UTC,Providing,Current,217499,217499,0.052308548241854,0,0
"2025-03-25 02:00:00","2025-03-25 03:00:00",Nederland,WindOffshoreC,Hour,UTC,Providing,Current,419250,419250,0.10082967579365,0,0
"2025-03-25 03:00:00","2025-03-25 04:00:00",Nederland,WindOffshoreC,Hour,UTC,Providing,Current,580749,580749,0.13967050611973,0,0
"2025-03-25 04:00:00","2025-03-25 05:00:00",Nederland,WindOffshoreC,Hour,UTC,Providing,Current,744250,744250,0.17899249494076,0,0
"2025-03-25 05:00:00","2025-03-25 06:00:00",Nederland,WindOffshoreC,Hour,UTC,Providing,Current,973249,973249,0.23406675457954,0,0
"2025-03-25 06:00:00","2025-03-25 07:00:00",Nederland,WindOffshoreC,Hour,UTC,Providing,Current,1202501,1202501,0.2892020046711,0,0
"2025-03-25 07:00:00","2025-03-25 08:00:00",Nederland,WindOffshoreC,Hour,UTC,Providing,Current,1233001,1233001,0.2965370118618,0,0
"2025-03-25 08:00:00","2025-03-25 09:00:00",Nederland,WindOffshoreC,Hour,UTC,Providing,Current,1206250,1206250,0.29010325670242,0,0
"2025-03-25 09:00:00","2025-03-25 10:00:00",Nederland,WindOffshoreC,Hour,UTC,Providing,Current,1008249,1008249,0.24248400330544,0,0
"2025-03-25 10:00:00","2025-03-25 11:00:00",Nederland,WindOffshoreC,Hour,UTC,Providing,Current,838249,838249,0.2015992552042,0,0
"2025-03-25 11:00:00","2025-03-25 12:00:00",Nederland,WindOffshoreC,Hour,UTC,Providing,Current,668499,668499,0.16077400743961,0,0
"2025-03-25 12:00:00","2025-03-25 13:00:00",Nederland,WindOffshoreC,Hour,UTC,Providing,Current,636501,636501,0.15307874977589,0,0
"2025-03-25 13:00:00","2025-03-25 14:00:00",Nederland,WindOffshoreC,Hour,UTC,Providing,Current,575000,575000,0.138287499547,0,0
"2025-03-25 14:00:00","2025-03-25 15:00:00",Nederland,WindOffshoreC,Hour,UTC,Providing,Current,668500,668500,0.16077449917793,0,0
"2025-03-25 15:00:00","2025-03-25 16:00:00",Nederland,WindOffshoreC,Hour,UTC,Providing,Current,646500,646500,0.15548324584961,0,0
"2025-03-25 16:00:00","2025-03-25 17:00:00",Nederland,WindOffshoreC,Hour,UTC,Providing,Current,618749,618749,0.14880925416946,0,0
"2025-03-25 17:00:00","2025-03-25 18:00:00",Nederland,WindOffshoreC,Hour,UTC,Providing,Current,553500,553500,0.133117005229,0,0
"2025-03-25 18:00:00","2025-03-25 19:00:00",Nederland,WindOffshoreC,Hour,UTC,Providing,Current,831000,831000,0.19985574483871,0,0
"2025-03-25 19:00:00","2025-03-25 20:00:00",Nederland,WindOffshoreC,Hour,UTC,Providing,Current,989750,989750,0.23803499341011,0,0
"2025-03-25 20:00:00","2025-03-25 21:00:00",Nederland,WindOffshoreC,Hour,UTC,Providing,Current,1145500,1145500,0.2754929959774,0,0
"2025-03-25 21:00:00","2025-03-25 22:00:00",Nederland,WindOffshoreC,Hour,UTC,Providing,Current,1190500,1190500,0.28631526231766,0,0
"2025-03-25 22:00:00","2025-03-25 23:00:00",Nederland,WindOffshoreC,Hour,UTC,Providing,Current,966000,966000,0.2323234975338,0,0
"2025-03-25 23:00:00","2025-03-26 00:00:00",Nederland,WindOffshoreC,Hour,UTC,Providing,Current,733250,733250,0.17634700238705,0,0
"2025-03-26 00:00:00","2025-03-26 01:00:00",Nederland,WindOffshoreC,Hour,UTC,Providing,Current,652250,652250,0.15686650574207,0,0
"2025-03-26 01:00:00","2025-03-26 02:00:00",Nederland,WindOffshoreC,Hour,UTC,Providing,Current,757749,757749,0.18223874270916,0,0
"2025-03-26 02:00:00","2025-03-26 03:00:00",Nederland,WindOffshoreC,Hour,UTC,Providing,Current,766250,766250,0.18428325653076,0,0
"2025-03-26 03:00:00","2025-03-26 04:00:00",Nederland,WindOffshoreC,Hour,UTC,Providing,Current,924252,924252,0.22228275239468,0,0
"2025-03-26 04:00:00","2025-03-26 05:00:00",Nederland,WindOffshoreC,Hour,UTC,Providing,Current,887750,887750,0.21350400149822,0,0
"2025-03-26 05:00:00","2025-03-26 06:00:00",Nederland,WindOffshoreC,Hour,UTC,Providing,Current,918500,918500,0.22089950740337,0,0
"2025-03-26 06:00:00","2025-03-26 07:00:00",Nederland,WindOffshoreC,Hour,UTC,Providing,Current,787500,787500,0.18939399719238,0,0
"2025-03-26 07:00:00","2025-03-26 08:00:00",Nederland,WindOffshoreC,Hour,UTC,Providing,Current,470250,470250,0.11309525370598,0,0
"2025-03-26 08:00:00","2025-03-26 09:00:00",Nederland,WindOffshoreC,Hour,UTC,Providing,Current,451500,451500,0.10858599841595,0,0
"2025-03-26 09:00:00","2025-03-26 10:00:00",Nederland,WindOffshoreC,Hour,UTC,Providing,Current,298500,298500,0.071789301931858,0,0
"2025-03-26 10:00:00","2025-03-26 11:00:00",Nederland,WindOffshoreC,Hour,UTC,Providing,Current,97250,97250,0.023388624191284,0,0
"2025-03-26 11:00:00","2025-03-26 12:00:00",Nederland,WindOffshoreC,Hour,UTC,Providing,Current,109251,109251,0.026274874806404,0,0
"2025-03-26 12:00:00","2025-03-26 13:00:00",Nederland,WindOffshoreC,Hour,UTC,Providing,Current,102750,102750,0.024711400270462,0,0
"2025-03-26 13:00:00","2025-03-26 14:00:00",Nederland,WindOffshoreC,Hour,UTC,Providing,Current,60000,60000,0.014430049806833,0,0
"2025-03-26 14:00:00","2025-03-26 15:00:00",Nederland,WindOffshoreC,Hour,UTC,Providing,Current,30750,30750,0.0073953825049102,0,0
"2025-03-26 15:00:00","2025-03-26 16:00:00",Nederland,WindOffshoreC,Hour,UTC,Providing,Current,24000,24000,0.0057720076292753,0,0
"2025-03-26 16:00:00","2025-03-26 17:00:00",Nederland,WindOffshoreC,Hour,UTC,Providing,Current,34750,34750,0.0083573823794723,0,0
"2025-03-26 17:00:00","2025-03-26 18:00:00",Nederland,WindOffshoreC,Hour,UTC,Providing,Current,39000,39000,0.0093795051798224,0,0
"2025-03-26 18:00:00","2025-03-26 19:00:00",Nederland,WindOffshoreC,Hour,UTC,Providing,Current,38750,38750,0.009319394826889,0,0
"2025-03-26 19:00:00","2025-03-26 20:00:00",Nederland,WindOffshoreC,Hour,UTC,Providing,Current,54249,54249,0.013046899810433,0,0
"2025-03-26 20:00:00","2025-03-26 21:00:00",Nederland,WindOffshoreC,Hour,UTC,Providing,Current,69749,69749,0.016774650663137,0,0
"2025-03-26 21:00:00","2025-03-26 22:00:00",Nederland,WindOffshoreC,Hour,UTC,Providing,Current,128000,128000,0.030784050002694,0,0
"2025-03-26 22:00:00","2025-03-26 23:00:00",Nederland,WindOffshoreC,Hour,UTC,Providing,Current,209500,209500,0.050384823232889,0,0
"2025-03-26 23:00:00","2025-03-27 00:00:00",Nederland,WindOffshoreC,Hour,UTC,Providing,Current,345249,345249,0.083032473921776,0,0
"2025-03-27 00:00:00","2025-03-27 01:00:00",Nederland,WindOffshoreC,Hour,UTC,Providing,Current,454249,454249,0.10924725234509,0,0
"2025-03-27 01:00:00","2025-03-27 02:00:00",Nederland,WindOffshoreC,Hour,UTC,Providing,Current,553501,553501,0.13311724364758,0,0
"2025-03-27 02:00:00","2025-03-27 03:00:00",Nederland,WindOffshoreC,Hour,UTC,Providing,Current,626500,626500,0.15067349374294,0,0
"2025-03-27 03:00:00","2025-03-27 04:00:00",Nederland,WindOffshoreC,Hour,UTC,Providing,Current,722751,722751,0.17382174730301,0,0
"2025-03-27 04:00:00","2025-03-27 05:00:00",Nederland,WindOffshoreC,Hour,UTC,Providing,Current,795000,795000,0.19119775295258,0,0
"2025-03-27 05:00:00","2025-03-27 06:00:00",Nederland,WindOffshoreC,Hour,UTC,Providing,Current,861250,861250,0.20713050663471,0,0
"2025-03-27 06:00:00","2025-03-27 07:00:00",Nederland,WindOffshoreC,Hour,UTC,Providing,Current,893250,893250,0.21482700109482,0,0
"2025-03-27 07:00:00","2025-03-27 08:00:00",Nederland,WindOffshoreC,Hour,UTC,Providing,Current,853501,853501,0.20526699721813,0,0
"2025-03-27 08:00:00","2025-03-27 09:00:00",Nederland,WindOffshoreC,Hour,UTC,Providing,Current,887250,887250,0.21338374912739,0,0
"2025-03-27 09:00:00","2025-03-27 10:00:00",Nederland,WindOffshoreC,Hour,UTC,Providing,Current,842000,842000,0.20250125229359,0,0
"2025-03-27 10:00:00","2025-03-27 11:00:00",Nederland,WindOffshoreC,Hour,UTC,Providing,Current,1109499,1109499,0.26683449745178,0,0
"2025-03-27 11:00:00","2025-03-27 12:00:00",Nederland,WindOffshoreC,Hour,UTC,Providing,Current,1020500,1020500,0.24543049931526,0,0
"2025-03-27 12:00:00","2025-03-27 13:00:00",Nederland,WindOffshoreC,Hour,UTC,Providing,Current,884000,884000,0.21260224282742,0,0
"2025-03-27 13:00:00","2025-03-27 14:00:00",Nederland,WindOffshoreC,Hour,UTC,Providing,Current,816250,816250,0.1963084936142,0,0
"2025-03-27 14:00:00","2025-03-27 15:00:00",Nederland,WindOffshoreC,Hour,UTC,Providing,Current,792000,792000,0.19047625362873,0,0
"2025-03-27 15:00:00","2025-03-27 16:00:00",Nederland,WindOffshoreC,Hour,UTC,Providing,Current,890250,890250,0.21410524845123,0,0
"2025-03-27 16:00:00","2025-03-27 17:00:00",Nederland,WindOffshoreC,Hour,UTC,Providing,Current,850749,850749,0.20460550487041,0,0
"2025-03-27 17:00:00","2025-03-27 18:00:00",Nederland,WindOffshoreC,Hour,UTC,Providing,Current,694000,694000,0.1669072508812,0,0
"2025-03-27 18:00:00","2025-03-27 19:00:00",Nederland,WindOffshoreC,Hour,UTC,Providing,Current,711250,711250,0.17105574905872,0,0
"2025-03-27 19:00:00","2025-03-27 20:00:00",Nederland,WindOffshoreC,Hour,UTC,Providing,Current,962500,962500,0.23148150742054,0,0
"2025-03-27 20:00:00","2025-03-27 21:00:00",Nederland,WindOffshoreC,Hour,UTC,Providing,Current,1381251,1381251,0.33219149708748,0,0
"2025-03-27 21:00:00","2025-03-27 22:00:00",Nederland,WindOffshoreC,Hour,UTC,Providing,Current,1804749,1804749,0.43404275178909,0,0
"2025-03-27 22:00:00","2025-03-27 23:00:00",Nederland,WindOffshoreC,Hour,UTC,Providing,Current,2047751,2047751,0.49248474836349,0,0
"2025-03-27 23:00:00","2025-03-28 00:00:00",Nederland,WindOffshoreC,Hour,UTC,Providing,Current,2305750,2305750,0.55453324317932,0,0
"2025-03-28 00:00:00","2025-03-28 01:00:00",Nederland,WindOffshoreC,Hour,UTC,Providing,Current,2575500,2575500,0.61940848827362,0,0
"2025-03-28 01:00:00","2025-03-28 02:00:00",Nederland,WindOffshoreC,Hour,UTC,Providing,Current,2611001,2611001,0.62794625759125,0,0
"2025-03-28 02:00:00","2025-03-28 03:00:00",Nederland,WindOffshoreC,Hour,UTC,Providing,Current,2401500,2401500,0.57756102085114,0,0
"2025-03-28 03:00:00","2025-03-28 04:00:00",Nederland,WindOffshoreC,Hour,UTC,Providing,Current,2448500,2448500,0.58886474370956,0,0
"2025-03-28 04:00:00","2025-03-28 05:00:00",Nederland,WindOffshoreC,Hour,UTC,Providing,Current,2622250,2622250,0.63065177202225,0,0
"2025-03-28 05:00:00","2025-03-28 06:00:00",Nederland,WindOffshoreC,Hour,UTC,Providing,Current,2832000,2832000,0.68109673261642,0,0
"2025-03-28 06:00:00","2025-03-28 07:00:00",Nederland,WindOffshoreC,Hour,UTC,Providing,Current,2797501,2797501,0.67279952764511,0,0
"2025-03-28 07:00:00","2025-03-28 08:00:00",Nederland,WindOffshoreC,Hour,UTC,Providing,Current,2679750,2679750,0.6444805264473,0,0
"2025-03-28 08:00:00","2025-03-28 09:00:00",Nederland,WindOffshoreC,Hour,UTC,Providing,Current,2145500,2145500,0.51599323749542,0,0
"2025-03-28 09:00:00","2025-03-28 10:00:00",Nederland,WindOffshoreC,Hour,UTC,Providing,Current,1602751,1602751,0.38546225428581,0,0
"2025-03-28 10:00:00","2025-03-28 11:00:00",Nederland,WindOffshoreC,Hour,UTC,Providing,Current,1517250,1517250,0.36489900946617,0,0
"2025-03-28 11:00:00","2025-03-28 12:00:00",Nederland,WindOffshoreC,Hour,UTC,Providing,Current,1304751,1304751,0.31379300355911,0,0
"2025-03-28 12:00:00","2025-03-28 13:00:00",Nederland,WindOffshoreC,Hour,UTC,Providing,Current,1080249,1080249,0.25980025529861,0,0
"2025-03-28 13:00:00","2025-03-28 14:00:00",Nederland,WindOffshoreC,Hour,UTC,Providing,Current,1602750,1602750,0.38546174764633,0,0
"2025-03-28 14:00:00","2025-03-28 15:00:00",Nederland,WindOffshoreC,Hour,UTC,Providing,Current,1785250,1785250,0.4293532371521,0,0
"2025-03-28 15:00:00","2025-03-28 16:00:00",Nederland,WindOffshoreC,Hour,UTC,Providing,Current,1455249,1455249,0.34998774528503,0,0
"2025-03-28 16:00:00","2025-03-28 17:00:00",Nederland,WindOffshoreC,Hour,UTC,Providing,Current,514500,514500,0.12373755127192,0,0
"2025-03-28 17:00:00","2025-03-28 18:00:00",Nederland,WindOffshoreC,Hour,UTC,Providing,Current,340500,340500,0.081890352070332,0,0
"2025-03-28 18:00:00","2025-03-28 19:00:00",Nederland,WindOffshoreC,Hour,UTC,Providing,Current,341999,341999,0.082250826060772,0,0
"2025-03-28 19:00:00","2025-03-28 20:00:00",Nederland,WindOffshoreC,Hour,UTC,Providing,Current,457000,457000,0.10990875214338,0,0
"2025-03-28 20:00:00","2025-03-28 21:00:00",Nederland,WindOffshoreC,Hour,UTC,Providing,Current,766250,766250,0.18428349494934,0,0
"2025-03-28 21:00:00","2025-03-28 22:00:00",Nederland,WindOffshoreC,Hour,UTC,Providing,Current,900250,900250,0.21651050448418,0,0
"2025-03-28 22:00:00","2025-03-28 23:00:00",Nederland,WindOffshoreC,Hour,UTC,Providing,Current,588999,588999,0.14165425300598,0,0
"2025-03-28 23:00:00","2025-03-29 00:00:00",Nederland,WindOffshoreC,Hour,UTC,Providing,Current,890750,890750,0.21422550082207,0,0
"2025-03-29 00:00:00","2025-03-29 01:00:00",Nederland,WindOffshoreC,Hour,UTC,Providing,Current,1304000,1304000,0.31361225247383,0,0
"2025-03-29 01:00:00","2025-03-29 02:00:00",Nederland,WindOffshoreC,Hour,UTC,Providing,Current,1245249,1245249,0.29948249459267,0,0
"2025-03-29 02:00:00","2025-03-29 03:00:00",Nederland,WindOffshoreC,Hour,UTC,Providing,Current,1246249,1246249,0.29972323775291,0,0
"2025-03-29 03:00:00","2025-03-29 04:00:00",Nederland,WindOffshoreC,Hour,UTC,Providing,Current,1352750,1352750,0.32533675432205,0,0
"2025-03-29 04:00:00","2025-03-29 05:00:00",Nederland,WindOffshoreC,Hour,UTC,Providing,Current,1375251,1375251,0.33074826002121,0,0
"2025-03-29 05:00:00","2025-03-29 06:00:00",Nederland,WindOffshoreC,Hour,UTC,Providing,Current,1048751,1048751,0.25222474336624,0,0
"2025-03-29 06:00:00","2025-03-29 07:00:00",Nederland,WindOffshoreC,Hour,UTC,Providing,Current,793249,793249,0.19077675044537,0,0
"2025-03-29 07:00:00","2025-03-29 08:00:00",Nederland,WindOffshoreC,Hour,UTC,Providing,Current,486500,486500,0.1170032247901,0,0
"2025-03-29 08:00:00","2025-03-29 09:00:00",Nederland,WindOffshoreC,Hour,UTC,Providing,Current,376501,376501,0.090548552572727,0,0
"2025-03-29 09:00:00","2025-03-29 10:00:00",Nederland,WindOffshoreC,Hour,UTC,Providing,Current,297750,297750,0.071608953177929,0,0
"2025-03-29 10:00:00","2025-03-29 11:00:00",Nederland,WindOffshoreC,Hour,UTC,Providing,Current,212001,212001,0.050986301153898,0,0
"2025-03-29 11:00:00","2025-03-29 12:00:00",Nederland,WindOffshoreC,Hour,UTC,Providing,Current,227251,227251,0.05465392395854,0,0
"2025-03-29 12:00:00","2025-03-29 13:00:00",Nederland,WindOffshoreC,Hour,UTC,Providing,Current,234000,234000,0.056277051568031,0,0
"2025-03-29 13:00:00","2025-03-29 14:00:00",Nederland,WindOffshoreC,Hour,UTC,Providing,Current,278749,278749,0.067039176821709,0,0
"2025-03-29 14:00:00","2025-03-29 15:00:00",Nederland,WindOffshoreC,Hour,UTC,Providing,Current,301251,301251,0.072450950741768,0,0
"2025-03-29 15:00:00","2025-03-29 16:00:00",Nederland,WindOffshoreC,Hour,UTC,Providing,Current,401499,401499,0.096560627222061,0,0
"2025-03-29 16:00:00","2025-03-29 17:00:00",Nederland,WindOffshoreC,Hour,UTC,Providing,Current,682749,682749,0.16420149803162,0,0
"2025-03-29 17:00:00","2025-03-29 18:00:00",Nederland,WindOffshoreC,Hour,UTC,Providing,Current,1153500,1153500,0.27741700410843,0,0
"2025-03-29 18:00:00","2025-03-29 19:00:00",Nederland,WindOffshoreC,Hour,UTC,Providing,Current,1791500,1791500,0.43085598945618,0,0
"2025-03-29 19:00:00","2025-03-29 20:00:00",Nederland,WindOffshoreC,Hour,UTC,Providing,Current,2794000,2794000,0.67195773124695,0,0
"2025-03-29 20:00:00","2025-03-29 21:00:00",Nederland,WindOffshoreC,Hour,UTC,Providing,Current,3568250,3568250,0.85816526412964,0,0
"2025-03-29 21:00:00","2025-03-29 22:00:00",Nederland,WindOffshoreC,Hour,UTC,Providing,Current,3743999,3743999,0.90043300390244,0,0
"2025-03-29 22:00:00","2025-03-29 23:00:00",Nederland,WindOffshoreC,Hour,UTC,Providing,Current,3627750,3627750,0.8724747300148,0,0
"2025-03-29 23:00:00","2025-03-30 00:00:00",Nederland,WindOffshoreC,Hour,UTC,Providing,Current,3690250,3690250,0.88750624656677,0,0
"2025-03-30 00:00:00","2025-03-30 01:00:00",Nederland,WindOffshoreC,Hour,UTC,Providing,Current,3700751,3700751,0.89003151655197,0,0
"2025-03-30 01:00:00","2025-03-30 02:00:00",Nederland,WindOffshoreC,Hour,UTC,Providing,Current,3675499,3675499,0.8839585185051,0,0
"2025-03-30 02:00:00","2025-03-30 03:00:00",Nederland,WindOffshoreC,Hour,UTC,Providing,Current,3740250,3740250,0.89953100681305,0,0
"2025-03-30 03:00:00","2025-03-30 04:00:00",Nederland,WindOffshoreC,Hour,UTC,Providing,Current,3639999,3639999,0.87542051076889,0,0
"2025-03-30 04:00:00","2025-03-30 05:00:00",Nederland,WindOffshoreC,Hour,UTC,Providing,Current,3094250,3094250,0.74416798353195,0,0
"2025-03-30 05:00:00","2025-03-30 06:00:00",Nederland,WindOffshoreC,Hour,UTC,Providing,Current,3199500,3199500,0.7694805264473,0,0
"2025-03-30 06:00:00","2025-03-30 07:00:00",Nederland,WindOffshoreC,Hour,UTC,Providing,Current,3253999,3253999,0.78258776664734,0,0
"2025-03-30 07:00:00","2025-03-30 08:00:00",Nederland,WindOffshoreC,Hour,UTC,Providing,Current,3148750,3148750,0.75727498531342,0,0
"2025-03-30 08:00:00","2025-03-30 09:00:00",Nederland,WindOffshoreC,Hour,UTC,Providing,Current,2636000,2636000,0.63395875692368,0,0
"2025-03-30 09:00:00","2025-03-30 10:00:00",Nederland,WindOffshoreC,Hour,UTC,Providing,Current,2437000,2437000,0.58609902858734,0,0
"2025-03-30 10:00:00","2025-03-30 11:00:00",Nederland,WindOffshoreC,Hour,UTC,Providing,Current,1877000,1877000,0.45141899585724,0,0
"2025-03-30 11:00:00","2025-03-30 12:00:00",Nederland,WindOffshoreC,Hour,UTC,Providing,Current,1669500,1669500,0.40151500701904,0,0
"2025-03-30 12:00:00","2025-03-30 13:00:00",Nederland,WindOffshoreC,Hour,UTC,Providing,Current,1605500,1605500,0.38612323999405,0,0
"2025-03-30 13:00:00","2025-03-30 14:00:00",Nederland,WindOffshoreC,Hour,UTC,Providing,Current,1739750,1739750,0.41841024160385,0,0
"2025-03-30 14:00:00","2025-03-30 15:00:00",Nederland,WindOffshoreC,Hour,UTC,Providing,Current,2489750,2489750,0.59878522157669,0,0
"2025-03-30 15:00:00","2025-03-30 16:00:00",Nederland,WindOffshoreC,Hour,UTC,Providing,Current,2955750,2955750,0.71085876226425,0,0
"2025-03-30 16:00:00","2025-03-30 17:00:00",Nederland,WindOffshoreC,Hour,UTC,Providing,Current,3006750,3006750,0.7231240272522,0,0
"2025-03-30 17:00:00","2025-03-30 18:00:00",Nederland,WindOffshoreC,Hour,UTC,Providing,Current,3043000,3043000,0.73184198141098,0,0
"2025-03-30 18:00:00","2025-03-30 19:00:00",Nederland,WindOffshoreC,Hour,UTC,Providing,Current,3055000,3055000,0.73472797870636,0,0
"2025-03-30 19:00:00","2025-03-30 20:00:00",Nederland,WindOffshoreC,Hour,UTC,Providing,Current,3608249,3608249,0.86778450012207,0,0
"2025-03-30 20:00:00","2025-03-30 21:00:00",Nederland,WindOffshoreC,Hour,UTC,Providing,Current,3630500,3630500,0.87313622236252,0,0
"2025-03-30 21:00:00","2025-03-30 22:00:00",Nederland,WindOffshoreC,Hour,UTC,Providing,Current,3385002,3385002,0.81409400701523,0,0
"2025-03-30 22:00:00","2025-03-30 23:00:00",Nederland,WindOffshoreC,Hour,UTC,Providing,Current,3083751,3083751,0.7416427731514,0,0
"2025-03-30 23:00:00","2025-03-31 00:00:00",Nederland,WindOffshoreC,Hour,UTC,Providing,Current,2617250,2617250,0.62944900989532,0,0
"2025-03-31 00:00:00","2025-03-31 01:00:00",Nederland,WindOffshoreC,Hour,UTC,Providing,Current,2312751,2312751,0.55621725320816,0,0
"2025-03-31 01:00:00","2025-03-31 02:00:00",Nederland,WindOffshoreC,Hour,UTC,Providing,Current,2156501,2156501,0.51863902807236,0,0
"2025-03-31 02:00:00","2025-03-31 03:00:00",Nederland,WindOffshoreC,Hour,UTC,Providing,Current,1773750,1773750,0.42658749222755,0,0
"2025-03-31 03:00:00","2025-03-31 04:00:00",Nederland,WindOffshoreC,Hour,UTC,Providing,Current,1615248,1615248,0.38846775889397,0,0
"2025-03-31 04:00:00","2025-03-31 05:00:00",Nederland,WindOffshoreC,Hour,UTC,Providing,Current,1295001,1295001,0.31144800782204,0,0
"2025-03-31 05:00:00","2025-03-31 06:00:00",Nederland,WindOffshoreC,Hour,UTC,Providing,Current,1122000,1122000,0.26984125375748,0,0
"2025-03-31 06:00:00","2025-03-31 07:00:00",Nederland,WindOffshoreC,Hour,UTC,Providing,Current,932750,932750,0.22432650625706,0,0
"2025-03-31 07:00:00","2025-03-31 08:00:00",Nederland,WindOffshoreC,Hour,UTC,Providing,Current,745751,745751,0.179353505373,0,0
"2025-03-31 08:00:00","2025-03-31 09:00:00",Nederland,WindOffshoreC,Hour,UTC,Providing,Current,600250,600250,0.14436024427414,0,0
"2025-03-31 09:00:00","2025-03-31 10:00:00",Nederland,WindOffshoreC,Hour,UTC,Providing,Current,631250,631250,0.15181575715542,0,0
"2025-03-31 10:00:00","2025-03-31 11:00:00",Nederland,WindOffshoreC,Hour,UTC,Providing,Current,527500,527500,0.1268640011549,0,0
"2025-03-31 11:00:00","2025-03-31 12:00:00",Nederland,WindOffshoreC,Hour,UTC,Providing,Current,510500,510500,0.12277524918318,0,0
"2025-03-31 12:00:00","2025-03-31 13:00:00",Nederland,WindOffshoreC,Hour,UTC,Providing,Current,457250,457250,0.10996884852648,0,0
"2025-03-31 13:00:00","2025-03-31 14:00:00",Nederland,WindOffshoreC,Hour,UTC,Providing,Current,364000,364000,0.087542071938515,0,0
"2025-03-31 14:00:00","2025-03-31 15:00:00",Nederland,WindOffshoreC,Hour,UTC,Providing,Current,354750,354750,0.085317477583885,0,0
"2025-03-31 15:00:00","2025-03-31 16:00:00",Nederland,WindOffshoreC,Hour,UTC,Providing,Current,426500,426500,0.10257342457771,0,0
"2025-03-31 16:00:00","2025-03-31 17:00:00",Nederland,WindOffshoreC,Hour,UTC,Providing,Current,560000,560000,0.13468025624752,0,0
"2025-03-31 17:00:00","2025-03-31 18:00:00",Nederland,WindOffshoreC,Hour,UTC,Providing,Current,687750,687750,0.1654040068388,0,0
"2025-03-31 18:00:00","2025-03-31 19:00:00",Nederland,WindOffshoreC,Hour,UTC,Providing,Current,724250,724250,0.17418225109577,0,0
"2025-03-31 19:00:00","2025-03-31 20:00:00",Nederland,WindOffshoreC,Hour,UTC,Providing,Current,858000,858000,0.20634950697422,0,0
"2025-03-31 20:00:00","2025-03-31 21:00:00",Nederland,WindOffshoreC,Hour,UTC,Providing,Current,842000,842000,0.20250125229359,0,0
"2025-03-31 21:00:00","2025-03-31 22:00:00",Nederland,WindOffshoreC,Hour,UTC,Providing,Current,767251,767251,0.18452399969101,0,0
"2025-03-31 22:00:00","2025-03-31 23:00:00",Nederland,WindOffshoreC,Hour,UTC,Providing,Current,774249,774249,0.18620724976063,0,0
"2025-03-31 23:00:00","2025-04-01 00:00:00",Nederland,WindOffshoreC,Hour,UTC,Providing,Current,891000,891000,0.21428549289703,0,0
"2025-04-01 00:00:00","2025-04-01 01:00:00",Nederland,WindOffshoreC,Hour,UTC,Providing,Current,771750,771750,0.18560600280762,0,0
"2025-04-01 01:00:00","2025-04-01 02:00:00",Nederland,WindOffshoreC,Hour,UTC,Providing,Current,713250,713250,0.1715367436409,0,0
"2025-04-01 02:00:00","2025-04-01 03:00:00",Nederland,WindOffshoreC,Hour,UTC,Providing,Current,715000,715000,0.17195749282837,0,0
"2025-04-01 03:00:00","2025-04-01 04:00:00",Nederland,WindOffshoreC,Hour,UTC,Providing,Current,687250,687250,0.16528375446796,0,0
"2025-04-01 04:00:00","2025-04-01 05:00:00",Nederland,WindOffshoreC,Hour,UTC,Providing,Current,682749,682749,0.1642010062933,0,0
"2025-04-01 05:00:00","2025-04-01 06:00:00",Nederland,WindOffshoreC,Hour,UTC,Providing,Current,743250,743250,0.17875175178051,0,0
"2025-04-01 06:00:00","2025-04-01 07:00:00",Nederland,WindOffshoreC,Hour,UTC,Providing,Current,786751,786751,0.18921375274658,0,0
"2025-04-01 07:00:00","2025-04-01 08:00:00",Nederland,WindOffshoreC,Hour,UTC,Providing,Current,786500,786500,0.18915350735188,0,0
"2025-04-01 08:00:00","2025-04-01 09:00:00",Nederland,WindOffshoreC,Hour,UTC,Providing,Current,754001,754001,0.18133750557899,0,0
"2025-04-01 09:00:00","2025-04-01 10:00:00",Nederland,WindOffshoreC,Hour,UTC,Providing,Current,676000,676000,0.16257825493813,0,0
"2025-04-01 10:00:00","2025-04-01 11:00:00",Nederland,WindOffshoreC,Hour,UTC,Providing,Current,390251,390251,0.093855403363705,0,0
"2025-04-01 11:00:00","2025-04-01 12:00:00",Nederland,WindOffshoreC,Hour,UTC,Providing,Current,319500,319500,0.076839827001095,0,0
"2025-04-01 12:00:00","2025-04-01 13:00:00",Nederland,WindOffshoreC,Hour,UTC,Providing,Current,475499,475499,0.11435774713755,0,0
"2025-04-01 13:00:00","2025-04-01 14:00:00",Nederland,WindOffshoreC,Hour,UTC,Providing,Current,634251,634251,0.15253749489784,0,0
"2025-04-01 14:00:00","2025-04-01 15:00:00",Nederland,WindOffshoreC,Hour,UTC,Providing,Current,1462249,1462249,0.35167148709297,0,0
"2025-04-01 15:00:00","2025-04-01 16:00:00",Nederland,WindOffshoreC,Hour,UTC,Providing,Current,2250250,2250250,0.54118573665619,0,0
"2025-04-01 16:00:00","2025-04-01 17:00:00",Nederland,WindOffshoreC,Hour,UTC,Providing,Current,2549250,2549250,0.61309522390366,0,0
"2025-04-01 17:00:00","2025-04-01 18:00:00",Nederland,WindOffshoreC,Hour,UTC,Providing,Current,2400499,2400499,0.57732051610947,0,0
"2025-04-01 18:00:00","2025-04-01 19:00:00",Nederland,WindOffshoreC,Hour,UTC,Providing,Current,2573251,2573251,0.61886751651764,0,0
"2025-04-01 19:00:00","2025-04-01 20:00:00",Nederland,WindOffshoreC,Hour,UTC,Providing,Current,2800250,2800250,0.6734607219696,0,0
"2025-04-01 20:00:00","2025-04-01 21:00:00",Nederland,WindOffshoreC,Hour,UTC,Providing,Current,2868500,2868500,0.68987500667572,0,0
"2025-04-01 21:00:00","2025-04-01 22:00:00",Nederland,WindOffshoreC,Hour,UTC,Providing,Current,2988751,2988751,0.71879523992538,0,0
"2025-04-01 22:00:00","2025-04-01 23:00:00",Nederland,WindOffshoreC,Hour,UTC,Providing,Current,2816500,2816500,0.67736899852753,0,0
"2025-04-01 23:00:00","2025-04-02 00:00:00",Nederland,WindOffshoreC,Hour,UTC,Providing,Current,2320501,2320501,0.558080971241,0,0
"2025-04-02 00:00:00","2025-04-02 01:00:00",Nederland,WindOffshoreC,Hour,UTC,Providing,Current,1514251,1514251,0.36417776346207,0,0
"2025-04-02 01:00:00","2025-04-02 02:00:00",Nederland,WindOffshoreC,Hour,UTC,Providing,Current,1321500,1321500,0.31782099604607,0,0
"2025-04-02 02:00:00","2025-04-02 03:00:00",Nederland,WindOffshoreC,Hour,UTC,Providing,Current,1319499,1319499,0.31733974814415,0,0
"2025-04-02 03:00:00","2025-04-02 04:00:00",Nederland,WindOffshoreC,Hour,UTC,Providing,Current,1614251,1614251,0.38822799921036,0,0
"2025-04-02 04:00:00","2025-04-02 05:00:00",Nederland,WindOffshoreC,Hour,UTC,Providing,Current,2651249,2651249,0.63762575387955,0,0
"2025-04-02 05:00:00","2025-04-02 06:00:00",Nederland,WindOffshoreC,Hour,UTC,Providing,Current,3101000,3101000,0.74579149484634,0,0
"2025-04-02 06:00:00","2025-04-02 07:00:00",Nederland,WindOffshoreC,Hour,UTC,Providing,Current,3066500,3066500,0.73749399185181,0,0
"2025-04-02 07:00:00","2025-04-02 08:00:00",Nederland,WindOffshoreC,Hour,UTC,Providing,Current,2847750,2847750,0.68488472700119,0,0
"2025-04-02 08:00:00","2025-04-02 09:00:00",Nederland,WindOffshoreC,Hour,UTC,Providing,Current,2755500,2755500,0.66269850730896,0,0
"2025-04-02 09:00:00","2025-04-02 10:00:00",Nederland,WindOffshoreC,Hour,UTC,Providing,Current,1660500,1660500,0.39935049414635,0,0
"2025-04-02 10:00:00","2025-04-02 11:00:00",Nederland,WindOffshoreC,Hour,UTC,Providing,Current,1066501,1066501,0.25649398565292,0,0
"2025-04-02 11:00:00","2025-04-02 12:00:00",Nederland,WindOffshoreC,Hour,UTC,Providing,Current,868000,868000,0.20875425636768,0,0
"2025-04-02 12:00:00","2025-04-02 13:00:00",Nederland,WindOffshoreC,Hour,UTC,Providing,Current,1031751,1031751,0.24813625216484,0,0
"2025-04-02 13:00:00","2025-04-02 14:00:00",Nederland,WindOffshoreC,Hour,UTC,Providing,Current,1116252,1116252,0.26845875382423,0,0
"2025-04-02 14:00:00","2025-04-02 15:00:00",Nederland,WindOffshoreC,Hour,UTC,Providing,Current,1368500,1368500,0.32912451028824,0,0
"2025-04-02 15:00:00","2025-04-02 16:00:00",Nederland,WindOffshoreC,Hour,UTC,Providing,Current,2692249,2692249,0.64748674631119,0,0
"2025-04-02 16:00:00","2025-04-02 17:00:00",Nederland,WindOffshoreC,Hour,UTC,Providing,Current,3217000,3217000,0.77368950843811,0,0
"2025-04-02 17:00:00","2025-04-02 18:00:00",Nederland,WindOffshoreC,Hour,UTC,Providing,Current,3636750,3636750,0.87463927268982,0,0
"2025-04-02 18:00:00","2025-04-02 19:00:00",Nederland,WindOffshoreC,Hour,UTC,Providing,Current,3726999,3726999,0.89634424448013,0,0
"2025-04-02 19:00:00","2025-04-02 20:00:00",Nederland,WindOffshoreC,Hour,UTC,Providing,Current,3828500,3828500,0.92075550556183,0,0
"2025-04-02 20:00:00","2025-04-02 21:00:00",Nederland,WindOffshoreC,Hour,UTC,Providing,Current,3849249,3849249,0.92574524879456,0,0
"2025-04-02 21:00:00","2025-04-02 22:00:00",Nederland,WindOffshoreC,Hour,UTC,Providing,Current,3816000,3816000,0.91774898767471,0,0
"2025-04-02 22:00:00","2025-04-02 23:00:00",Nederland,WindOffshoreC,Hour,UTC,Providing,Current,3829501,3829501,0.9209960103035,0,0
"2025-04-02 23:00:00","2025-04-03 00:00:00",Nederland,WindOffshoreC,Hour,UTC,Providing,Current,3735251,3735251,0.89832848310471,0,0
"2025-04-03 00:00:00","2025-04-03 01:00:00",Nederland,WindOffshoreC,Hour,UTC,Providing,Current,3610999,3610999,0.86844623088837,0,0
"2025-04-03 01:00:00","2025-04-03 02:00:00",Nederland,WindOffshoreC,Hour,UTC,Providing,Current,3559500,3559500,0.85606050491333,0,0
"2025-04-03 02:00:00","2025-04-03 03:00:00",Nederland,WindOffshoreC,Hour,UTC,Providing,Current,3524499,3524499,0.84764277935028,0,0
"2025-04-03 03:00:00","2025-04-03 04:00:00",Nederland,WindOffshoreC,Hour,UTC,Providing,Current,3464999,3464999,0.83333325386047,0,0
"2025-04-03 04:00:00","2025-04-03 05:00:00",Nederland,WindOffshoreC,Hour,UTC,Providing,Current,3464250,3464250,0.83315277099609,0,0
"2025-04-03 05:00:00","2025-04-03 06:00:00",Nederland,WindOffshoreC,Hour,UTC,Providing,Current,3447000,3447000,0.82900452613831,0,0
"2025-04-03 06:00:00","2025-04-03 07:00:00",Nederland,WindOffshoreC,Hour,UTC,Providing,Current,3310500,3310500,0.79617577791214,0,0
"2025-04-03 07:00:00","2025-04-03 08:00:00",Nederland,WindOffshoreC,Hour,UTC,Providing,Current,3019750,3019750,0.72625076770782,0,0
"2025-04-03 08:00:00","2025-04-03 09:00:00",Nederland,WindOffshoreC,Hour,UTC,Providing,Current,2505750,2505750,0.60263347625732,0,0
"2025-04-03 09:00:00","2025-04-03 10:00:00",Nederland,WindOffshoreC,Hour,UTC,Providing,Current,1713000,1713000,0.41197675466537,0,0
"2025-04-03 10:00:00","2025-04-03 11:00:00",Nederland,WindOffshoreC,Hour,UTC,Providing,Current,996500,996500,0.23965825140476,0,0
"2025-04-03 11:00:00","2025-04-03 12:00:00",Nederland,WindOffshoreC,Hour,UTC,Providing,Current,718250,718250,0.17273925244808,0,0
"2025-04-03 12:00:00","2025-04-03 13:00:00",Nederland,WindOffshoreC,Hour,UTC,Providing,Current,916000,916000,0.22029800713062,0,0
"2025-04-03 13:00:00","2025-04-03 14:00:00",Nederland,WindOffshoreC,Hour,UTC,Providing,Current,1323751,1323751,0.31836223602295,0,0
"2025-04-03 14:00:00","2025-04-03 15:00:00",Nederland,WindOffshoreC,Hour,UTC,Providing,Current,1728000,1728000,0.41558450460434,0,0
"2025-04-03 15:00:00","2025-04-03 16:00:00",Nederland,WindOffshoreC,Hour,UTC,Providing,Current,1776249,1776249,0.42718824744225,0,0
"2025-04-03 16:00:00","2025-04-03 17:00:00",Nederland,WindOffshoreC,Hour,UTC,Providing,Current,1628750,1628750,0.39171475172043,0,0
"2025-04-03 17:00:00","2025-04-03 18:00:00",Nederland,WindOffshoreC,Hour,UTC,Providing,Current,1375250,1375250,0.33074799180031,0,0
"2025-04-03 18:00:00","2025-04-03 19:00:00",Nederland,WindOffshoreC,Hour,UTC,Providing,Current,1120250,1120250,0.26942023634911,0,0
"2025-04-03 19:00:00","2025-04-03 20:00:00",Nederland,WindOffshoreC,Hour,UTC,Providing,Current,1183500,1183500,0.28463199734688,0,0
"2025-04-03 20:00:00","2025-04-03 21:00:00",Nederland,WindOffshoreC,Hour,UTC,Providing,Current,1692250,1692250,0.40698650479317,0,0
"2025-04-03 21:00:00","2025-04-03 22:00:00",Nederland,WindOffshoreC,Hour,UTC,Providing,Current,1869000,1869000,0.44949498772621,0,0
"2025-04-03 22:00:00","2025-04-03 23:00:00",Nederland,WindOffshoreC,Hour,UTC,Providing,Current,2038749,2038749,0.49031949043274,0,0
"2025-04-03 23:00:00","2025-04-04 00:00:00",Nederland,WindOffshoreC,Hour,UTC,Providing,Current,1915000,1915000,0.46055775880814,0,0
"2025-04-04 00:00:00","2025-04-04 01:00:00",Nederland,WindOffshoreC,Hour,UTC,Providing,Current,1287251,1287251,0.30958399176598,0,0
"2025-04-04 01:00:00","2025-04-04 02:00:00",Nederland,WindOffshoreC,Hour,UTC,Providing,Current,744000,744000,0.17893224954605,0,0
"2025-04-04 02:00:00","2025-04-04 03:00:00",Nederland,WindOffshoreC,Hour,UTC,Providing,Current,433750,433750,0.10431680083275,0,0
"2025-04-04 03:00:00","2025-04-04 04:00:00",Nederland,WindOffshoreC,Hour,UTC,Providing,Current,375750,375750,0.090367928147316,0,0
"2025-04-04 04:00:00","2025-04-04 05:00:00",Nederland,WindOffshoreC,Hour,UTC,Providing,Current,418750,418750,0.10070952773094,0,0
"2025-04-04 05:00:00","2025-04-04 06:00:00",Nederland,WindOffshoreC,Hour,UTC,Providing,Current,415000,415000,0.099807396531105,0,0
"2025-04-04 06:00:00","2025-04-04 07:00:00",Nederland,WindOffshoreC,Hour,UTC,Providing,Current,447750,447750,0.10768400132656,0,0
"2025-04-04 07:00:00","2025-04-04 08:00:00",Nederland,WindOffshoreC,Hour,UTC,Providing,Current,576000,576000,0.13852800428867,0,0
"2025-04-04 08:00:00","2025-04-04 09:00:00",Nederland,WindOffshoreC,Hour,UTC,Providing,Current,757750,757750,0.1822389960289,0,0
"2025-04-04 09:00:00","2025-04-04 10:00:00",Nederland,WindOffshoreC,Hour,UTC,Providing,Current,982501,982501,0.23629200458527,0,0
"2025-04-04 10:00:00","2025-04-04 11:00:00",Nederland,WindOffshoreC,Hour,UTC,Providing,Current,835000,835000,0.20081749558449,0,0
"2025-04-04 11:00:00","2025-04-04 12:00:00",Nederland,WindOffshoreC,Hour,UTC,Providing,Current,643000,643000,0.15464174747467,0,0
"2025-04-04 12:00:00","2025-04-04 13:00:00",Nederland,WindOffshoreC,Hour,UTC,Providing,Current,576999,576999,0.13876874744892,0,0
"2025-04-04 13:00:00","2025-04-04 14:00:00",Nederland,WindOffshoreC,Hour,UTC,Providing,Current,1318000,1318000,0.31697925925255,0,0
"2025-04-04 14:00:00","2025-04-04 15:00:00",Nederland,WindOffshoreC,Hour,UTC,Providing,Current,2048250,2048250,0.49260449409485,0,0
"2025-04-04 15:00:00","2025-04-04 16:00:00",Nederland,WindOffshoreC,Hour,UTC,Providing,Current,2504750,2504750,0.60239297151566,0,0
"2025-04-04 16:00:00","2025-04-04 17:00:00",Nederland,WindOffshoreC,Hour,UTC,Providing,Current,3016500,3016500,0.72546899318695,0,0
"2025-04-04 17:00:00","2025-04-04 18:00:00",Nederland,WindOffshoreC,Hour,UTC,Providing,Current,3301250,3301250,0.79395151138306,0,0
"2025-04-04 18:00:00","2025-04-04 19:00:00",Nederland,WindOffshoreC,Hour,UTC,Providing,Current,3562251,3562251,0.85672223567963,0,0
"2025-04-04 19:00:00","2025-04-04 20:00:00",Nederland,WindOffshoreC,Hour,UTC,Providing,Current,3764750,3764750,0.90542322397232,0,0
"2025-04-04 20:00:00","2025-04-04 21:00:00",Nederland,WindOffshoreC,Hour,UTC,Providing,Current,3878999,3878999,0.93290024995804,0,0
"2025-04-04 21:00:00","2025-04-04 22:00:00",Nederland,WindOffshoreC,Hour,UTC,Providing,Current,3817499,3817499,0.91810923814774,0,0
"2025-04-04 22:00:00","2025-04-04 23:00:00",Nederland,WindOffshoreC,Hour,UTC,Providing,Current,3611749,3611749,0.86862647533417,0,0
"2025-04-04 23:00:00","2025-04-05 00:00:00",Nederland,WindOffshoreC,Hour,UTC,Providing,Current,3249000,3249000,0.781385242939,0,0
"2025-04-05 00:00:00","2025-04-05 01:00:00",Nederland,WindOffshoreC,Hour,UTC,Providing,Current,2686749,2686749,0.64616376161575,0,0
"2025-04-05 01:00:00","2025-04-05 02:00:00",Nederland,WindOffshoreC,Hour,UTC,Providing,Current,2076999,2076999,0.49951875209808,0,0
"2025-04-05 02:00:00","2025-04-05 03:00:00",Nederland,WindOffshoreC,Hour,UTC,Providing,Current,2189751,2189751,0.52663552761078,0,0
"2025-04-05 03:00:00","2025-04-05 04:00:00",Nederland,WindOffshoreC,Hour,UTC,Providing,Current,2347000,2347000,0.56445401906967,0,0
"2025-04-05 04:00:00","2025-04-05 05:00:00",Nederland,WindOffshoreC,Hour,UTC,Providing,Current,2448000,2448000,0.58874475955963,0,0
"2025-04-05 05:00:00","2025-04-05 06:00:00",Nederland,WindOffshoreC,Hour,UTC,Providing,Current,2589499,2589499,0.62277525663376,0,0
"2025-04-05 06:00:00","2025-04-05 07:00:00",Nederland,WindOffshoreC,Hour,UTC,Providing,Current,2622000,2622000,0.63059151172638,0,0
"2025-04-05 07:00:00","2025-04-05 08:00:00",Nederland,WindOffshoreC,Hour,UTC,Providing,Current,2563999,2563999,0.61664223670959,0,0
"2025-04-05 08:00:00","2025-04-05 09:00:00",Nederland,WindOffshoreC,Hour,UTC,Providing,Current,1754501,1754501,0.42195776104927,0,0
"2025-04-05 09:00:00","2025-04-05 10:00:00",Nederland,WindOffshoreC,Hour,UTC,Providing,Current,1407750,1407750,0.33856424689293,0,0
"2025-04-05 10:00:00","2025-04-05 11:00:00",Nederland,WindOffshoreC,Hour,UTC,Providing,Current,894500,894500,0.21512724459171,0,0
"2025-04-05 11:00:00","2025-04-05 12:00:00",Nederland,WindOffshoreC,Hour,UTC,Providing,Current,822250,822250,0.19775125384331,0,0
"2025-04-05 12:00:00","2025-04-05 13:00:00",Nederland,WindOffshoreC,Hour,UTC,Providing,Current,942999,942999,0.22679150104523,0,0
"2025-04-05 13:00:00","2025-04-05 14:00:00",Nederland,WindOffshoreC,Hour,UTC,Providing,Current,1135250,1135250,0.27302798628807,0,0
"2025-04-05 14:00:00","2025-04-05 15:00:00",Nederland,WindOffshoreC,Hour,UTC,Providing,Current,1736000,1736000,0.41750851273537,0,0
"2025-04-05 15:00:00","2025-04-05 16:00:00",Nederland,WindOffshoreC,Hour,UTC,Providing,Current,3166251,3166251,0.76148426532745,0,0
"2025-04-05 16:00:00","2025-04-05 17:00:00",Nederland,WindOffshoreC,Hour,UTC,Providing,Current,3927250,3927250,0.94450551271439,0,0
"2025-04-05 17:00:00","2025-04-05 18:00:00",Nederland,WindOffshoreC,Hour,UTC,Providing,Current,4070499,4070499,0.97895449399948,0,0
"2025-04-05 18:00:00","2025-04-05 19:00:00",Nederland,WindOffshoreC,Hour,UTC,Providing,Current,4248749,4248749,1.0218249559402,0,0
"2025-04-05 19:00:00","2025-04-05 20:00:00",Nederland,WindOffshoreC,Hour,UTC,Providing,Current,4106750,4106750,0.98767477273941,0,0
"2025-04-05 20:00:00","2025-04-05 21:00:00",Nederland,WindOffshoreC,Hour,UTC,Providing,Current,3913251,3913251,0.94113773107529,0,0
"2025-04-05 21:00:00","2025-04-05 22:00:00",Nederland,WindOffshoreC,Hour,UTC,Providing,Current,3741749,3741749,0.89989149570465,0,0
"2025-04-05 22:00:00","2025-04-05 23:00:00",Nederland,WindOffshoreC,Hour,UTC,Providing,Current,3722500,3722500,0.89526224136353,0,0
"2025-04-05 23:00:00","2025-04-06 00:00:00",Nederland,WindOffshoreC,Hour,UTC,Providing,Current,3654750,3654750,0.87896823883057,0,0
"2025-04-06 00:00:00","2025-04-06 01:00:00",Nederland,WindOffshoreC,Hour,UTC,Providing,Current,3339499,3339499,0.80314999818802,0,0
"2025-04-06 01:00:00","2025-04-06 02:00:00",Nederland,WindOffshoreC,Hour,UTC,Providing,Current,3276000,3276000,0.78787851333618,0,0
"2025-04-06 02:00:00","2025-04-06 03:00:00",Nederland,WindOffshoreC,Hour,UTC,Providing,Current,3202500,3202500,0.77020227909088,0,0
"2025-04-06 03:00:00","2025-04-06 04:00:00",Nederland,WindOffshoreC,Hour,UTC,Providing,Current,3138000,3138000,0.75468975305557,0,0
"2025-04-06 04:00:00","2025-04-06 05:00:00",Nederland,WindOffshoreC,Hour,UTC,Providing,Current,3078000,3078000,0.74026000499725,0,0
"2025-04-06 05:00:00","2025-04-06 06:00:00",Nederland,WindOffshoreC,Hour,UTC,Providing,Current,2872250,2872250,0.69077676534653,0,0
"2025-04-06 06:00:00","2025-04-06 07:00:00",Nederland,WindOffshoreC,Hour,UTC,Providing,Current,2176251,2176251,0.52338874340057,0,0
"2025-04-06 07:00:00","2025-04-06 08:00:00",Nederland,WindOffshoreC,Hour,UTC,Providing,Current,2080500,2080500,0.5003604888916,0,0
"2025-04-06 08:00:00","2025-04-06 09:00:00",Nederland,WindOffshoreC,Hour,UTC,Providing,Current,1267750,1267750,0.3048942387104,0,0
"2025-04-06 09:00:00","2025-04-06 10:00:00",Nederland,WindOffshoreC,Hour,UTC,Providing,Current,813500,813500,0.19564725458622,0,0
"2025-04-06 10:00:00","2025-04-06 11:00:00",Nederland,WindOffshoreC,Hour,UTC,Providing,Current,605750,605750,0.14568300545216,0,0
"2025-04-06 11:00:00","2025-04-06 12:00:00",Nederland,WindOffshoreC,Hour,UTC,Providing,Current,540750,540750,0.13005049526691,0,0
"2025-04-06 12:00:00","2025-04-06 13:00:00",Nederland,WindOffshoreC,Hour,UTC,Providing,Current,566749,566749,0.13630349934101,0,0
"2025-04-06 13:00:00","2025-04-06 14:00:00",Nederland,WindOffshoreC,Hour,UTC,Providing,Current,624250,624250,0.15013225376606,0,0
"2025-04-06 14:00:00","2025-04-06 15:00:00",Nederland,WindOffshoreC,Hour,UTC,Providing,Current,877998,877998,0.21115900576115,0,0
"2025-04-06 15:00:00","2025-04-06 16:00:00",Nederland,WindOffshoreC,Hour,UTC,Providing,Current,1919751,1919751,0.46170049905777,0,0
"2025-04-06 16:00:00","2025-04-06 17:00:00",Nederland,WindOffshoreC,Hour,UTC,Providing,Current,2154750,2154750,0.51821774244308,0,0
"2025-04-06 17:00:00","2025-04-06 18:00:00",Nederland,WindOffshoreC,Hour,UTC,Providing,Current,2428000,2428000,0.5839347243309,0,0
"2025-04-06 18:00:00","2025-04-06 19:00:00",Nederland,WindOffshoreC,Hour,UTC,Providing,Current,2292750,2292750,0.55140697956085,0,0
"2025-04-06 19:00:00","2025-04-06 20:00:00",Nederland,WindOffshoreC,Hour,UTC,Providing,Current,2290750,2290750,0.55092602968216,0,0
"2025-04-06 20:00:00","2025-04-06 21:00:00",Nederland,WindOffshoreC,Hour,UTC,Providing,Current,2374750,2374750,0.57112777233124,0,0
"2025-04-06 21:00:00","2025-04-06 22:00:00",Nederland,WindOffshoreC,Hour,UTC,Providing,Current,1997000,1997000,0.48027899861336,0,0
"2025-04-06 22:00:00","2025-04-06 23:00:00",Nederland,WindOffshoreC,Hour,UTC,Providing,Current,2137250,2137250,0.51400899887085,0,0
"2025-04-06 23:00:00","2025-04-07 00:00:00",Nederland,WindOffshoreC,Hour,UTC,Providing,Current,1857750,1857750,0.44678926467896,0,0
"2025-04-07 00:00:00","2025-04-07 01:00:00",Nederland,WindOffshoreC,Hour,UTC,Providing,Current,1365750,1365750,0.3284629881382,0,0
"2025-04-07 01:00:00","2025-04-07 02:00:00",Nederland,WindOffshoreC,Hour,UTC,Providing,Current,1094000,1094000,0.26310724020004,0,0
"2025-04-07 02:00:00","2025-04-07 03:00:00",Nederland,WindOffshoreC,Hour,UTC,Providing,Current,790250,790250,0.19005550444126,0,0
"2025-04-07 03:00:00","2025-04-07 04:00:00",Nederland,WindOffshoreC,Hour,UTC,Providing,Current,690500,690500,0.16606549918652,0,0
"2025-04-07 04:00:00","2025-04-07 05:00:00",Nederland,WindOffshoreC,Hour,UTC,Providing,Current,658750,658750,0.15842950344086,0,0
"2025-04-07 05:00:00","2025-04-07 06:00:00",Nederland,WindOffshoreC,Hour,UTC,Providing,Current,594000,594000,0.14285700023174,0,0
"2025-04-07 06:00:00","2025-04-07 07:00:00",Nederland,WindOffshoreC,Hour,UTC,Providing,Current,563750,563750,0.13558200001717,0,0
"2025-04-07 07:00:00","2025-04-07 08:00:00",Nederland,WindOffshoreC,Hour,UTC,Providing,Current,319501,319501,0.076839998364449,0,0
"2025-04-07 08:00:00","2025-04-07 09:00:00",Nederland,WindOffshoreC,Hour,UTC,Providing,Current,168500,168500,0.040524300187826,0,0
"2025-04-07 09:00:00","2025-04-07 10:00:00",Nederland,WindOffshoreC,Hour,UTC,Providing,Current,55749,55749,0.013407674618065,0,0
"2025-04-07 10:00:00","2025-04-07 11:00:00",Nederland,WindOffshoreC,Hour,UTC,Providing,Current,39750,39750,0.0095599023625255,0,0
"2025-04-07 11:00:00","2025-04-07 12:00:00",Nederland,WindOffshoreC,Hour,UTC,Providing,Current,62999,62999,0.015151275321841,0,0
"2025-04-07 12:00:00","2025-04-07 13:00:00",Nederland,WindOffshoreC,Hour,UTC,Providing,Current,156750,156750,0.037698425352573,0,0
"2025-04-07 13:00:00","2025-04-07 14:00:00",Nederland,WindOffshoreC,Hour,UTC,Providing,Current,428250,428250,0.10299417376518,0,0
"2025-04-07 14:00:00","2025-04-07 15:00:00",Nederland,WindOffshoreC,Hour,UTC,Providing,Current,829000,829000,0.1993744969368,0,0
"2025-04-07 15:00:00","2025-04-07 16:00:00",Nederland,WindOffshoreC,Hour,UTC,Providing,Current,1286250,1286250,0.30934348702431,0,0
"2025-04-07 16:00:00","2025-04-07 17:00:00",Nederland,WindOffshoreC,Hour,UTC,Providing,Current,1683249,1683249,0.40482148528099,0,0
"2025-04-07 17:00:00","2025-04-07 18:00:00",Nederland,WindOffshoreC,Hour,UTC,Providing,Current,1944500,1944500,0.46765249967575,0,0
"2025-04-07 18:00:00","2025-04-07 19:00:00",Nederland,WindOffshoreC,Hour,UTC,Providing,Current,2196500,2196500,0.52825874090195,0,0
"2025-04-07 19:00:00","2025-04-07 20:00:00",Nederland,WindOffshoreC,Hour,UTC,Providing,Current,2029999,2029999,0.48821523785591,0,0
"2025-04-07 20:00:00","2025-04-07 21:00:00",Nederland,WindOffshoreC,Hour,UTC,Providing,Current,1812001,1812001,0.4357867538929,0,0
"2025-04-07 21:00:00","2025-04-07 22:00:00",Nederland,WindOffshoreC,Hour,UTC,Providing,Current,1852500,1852500,0.44552674889565,0,0
"2025-04-07 22:00:00","2025-04-07 23:00:00",Nederland,WindOffshoreC,Hour,UTC,Providing,Current,1584751,1584751,0.38113275170326,0,0
"2025-04-07 23:00:00","2025-04-08 00:00:00",Nederland,WindOffshoreC,Hour,UTC,Providing,Current,1164000,1164000,0.27994200587273,0,0
"2025-04-08 00:00:00","2025-04-08 01:00:00",Nederland,WindOffshoreC,Hour,UTC,Providing,Current,926000,926000,0.22270324826241,0,0
"2025-04-08 01:00:00","2025-04-08 02:00:00",Nederland,WindOffshoreC,Hour,UTC,Providing,Current,708500,708500,0.17039449512959,0,0
"2025-04-08 02:00:00","2025-04-08 03:00:00",Nederland,WindOffshoreC,Hour,UTC,Providing,Current,697000,697000,0.16762875020504,0,0
"2025-04-08 03:00:00","2025-04-08 04:00:00",Nederland,WindOffshoreC,Hour,UTC,Providing,Current,663000,663000,0.15945175290108,0,0
"2025-04-08 04:00:00","2025-04-08 05:00:00",Nederland,WindOffshoreC,Hour,UTC,Providing,Current,606250,606250,0.14580324292183,0,0
"2025-04-08 05:00:00","2025-04-08 06:00:00",Nederland,WindOffshoreC,Hour,UTC,Providing,Current,570250,570250,0.13714525103569,0,0
"2025-04-08 06:00:00","2025-04-08 07:00:00",Nederland,WindOffshoreC,Hour,UTC,Providing,Current,547750,547750,0.13173374533653,0,0
"2025-04-08 07:00:00","2025-04-08 08:00:00",Nederland,WindOffshoreC,Hour,UTC,Providing,Current,499250,499250,0.12006974965334,0,0
"2025-04-08 08:00:00","2025-04-08 09:00:00",Nederland,WindOffshoreC,Hour,UTC,Providing,Current,322250,322250,0.077501177787781,0,0
"2025-04-08 09:00:00","2025-04-08 10:00:00",Nederland,WindOffshoreC,Hour,UTC,Providing,Current,153001,153001,0.036796800792217,0,0
"2025-04-08 10:00:00","2025-04-08 11:00:00",Nederland,WindOffshoreC,Hour,UTC,Providing,Current,120250,120250,0.028920175507665,0,0
"2025-04-08 11:00:00","2025-04-08 12:00:00",Nederland,WindOffshoreC,Hour,UTC,Providing,Current,124750,124750,0.030002400279045,0,0
"2025-04-08 12:00:00","2025-04-08 13:00:00",Nederland,WindOffshoreC,Hour,UTC,Providing,Current,392750,392750,0.094456598162651,0,0
"2025-04-08 13:00:00","2025-04-08 14:00:00",Nederland,WindOffshoreC,Hour,UTC,Providing,Current,539751,539751,0.12981022894382,0,0
"2025-04-08 14:00:00","2025-04-08 15:00:00",Nederland,WindOffshoreC,Hour,UTC,Providing,Current,890249,890249,0.21410524845123,0,0
"2025-04-08 15:00:00","2025-04-08 16:00:00",Nederland,WindOffshoreC,Hour,UTC,Providing,Current,1163751,1163751,0.27988249063492,0,0
"2025-04-08 16:00:00","2025-04-08 17:00:00",Nederland,WindOffshoreC,Hour,UTC,Providing,Current,1274251,1274251,0.30645775794983,0,0
"2025-04-08 17:00:00","2025-04-08 18:00:00",Nederland,WindOffshoreC,Hour,UTC,Providing,Current,1469250,1469250,0.35335499048233,0,0
"2025-04-08 18:00:00","2025-04-08 19:00:00",Nederland,WindOffshoreC,Hour,UTC,Providing,Current,1588499,1588499,0.38203424215317,0,0
"2025-04-08 19:00:00","2025-04-08 20:00:00",Nederland,WindOffshoreC,Hour,UTC,Providing,Current,1662000,1662000,0.39971125125885,0,0
"2025-04-08 20:00:00","2025-04-08 21:00:00",Nederland,WindOffshoreC,Hour,UTC,Providing,Current,1640250,1640250,0.39448049664497,0,0
"2025-04-08 21:00:00","2025-04-08 22:00:00",Nederland,WindOffshoreC,Hour,UTC,Providing,Current,1349000,1349000,0.32443475723267,0,0
"2025-04-08 22:00:00","2025-04-08 23:00:00",Nederland,WindOffshoreC,Hour,UTC,Providing,Current,1198248,1198248,0.28817874193192,0,0
"2025-04-08 23:00:00","2025-04-09 00:00:00",Nederland,WindOffshoreC,Hour,UTC,Providing,Current,998001,998001,0.24001950025558,0,0
"2025-04-09 00:00:00","2025-04-09 01:00:00",Nederland,WindOffshoreC,Hour,UTC,Providing,Current,831251,831251,0.19991600513458,0,0
"2025-04-09 01:00:00","2025-04-09 02:00:00",Nederland,WindOffshoreC,Hour,UTC,Providing,Current,696001,696001,0.16738849878311,0,0
"2025-04-09 02:00:00","2025-04-09 03:00:00",Nederland,WindOffshoreC,Hour,UTC,Providing,Current,742250,742250,0.17851150035858,0,0
"2025-04-09 03:00:00","2025-04-09 04:00:00",Nederland,WindOffshoreC,Hour,UTC,Providing,Current,697750,697750,0.16780924797058,0,0
"2025-04-09 04:00:00","2025-04-09 05:00:00",Nederland,WindOffshoreC,Hour,UTC,Providing,Current,785251,785251,0.18885324895382,0,0
"2025-04-09 05:00:00","2025-04-09 06:00:00",Nederland,WindOffshoreC,Hour,UTC,Providing,Current,992501,992501,0.23869650065899,0,0
"2025-04-09 06:00:00","2025-04-09 07:00:00",Nederland,WindOffshoreC,Hour,UTC,Providing,Current,1167501,1167501,0.28078424930573,0,0
"2025-04-09 07:00:00","2025-04-09 08:00:00",Nederland,WindOffshoreC,Hour,UTC,Providing,Current,1336001,1336001,0.3213084936142,0,0
"2025-04-09 08:00:00","2025-04-09 09:00:00",Nederland,WindOffshoreC,Hour,UTC,Providing,Current,1368500,1368500,0.32912451028824,0,0
"2025-04-09 09:00:00","2025-04-09 10:00:00",Nederland,WindOffshoreC,Hour,UTC,Providing,Current,1312000,1312000,0.31553599238396,0,0
"2025-04-09 10:00:00","2025-04-09 11:00:00",Nederland,WindOffshoreC,Hour,UTC,Providing,Current,1474001,1474001,0.35449776053429,0,0
"2025-04-09 11:00:00","2025-04-09 12:00:00",Nederland,WindOffshoreC,Hour,UTC,Providing,Current,1629499,1629499,0.39189475774765,0,0
"2025-04-09 12:00:00","2025-04-09 13:00:00",Nederland,WindOffshoreC,Hour,UTC,Providing,Current,1677750,1677750,0.40349924564362,0,0
"2025-04-09 13:00:00","2025-04-09 14:00:00",Nederland,WindOffshoreC,Hour,UTC,Providing,Current,1716750,1716750,0.41287875175476,0,0
"2025-04-09 14:00:00","2025-04-09 15:00:00",Nederland,WindOffshoreC,Hour,UTC,Providing,Current,1729249,1729249,0.41588500142097,0,0
"2025-04-09 15:00:00","2025-04-09 16:00:00",Nederland,WindOffshoreC,Hour,UTC,Providing,Current,1837501,1837501,0.44191923737526,0,0
"2025-04-09 16:00:00","2025-04-09 17:00:00",Nederland,WindOffshoreC,Hour,UTC,Providing,Current,2245750,2245750,0.540103495121,0,0
"2025-04-09 17:00:00","2025-04-09 18:00:00",Nederland,WindOffshoreC,Hour,UTC,Providing,Current,2465500,2465500,0.59295350313187,0,0
"2025-04-09 18:00:00","2025-04-09 19:00:00",Nederland,WindOffshoreC,Hour,UTC,Providing,Current,2504250,2504250,0.60227274894714,0,0
"2025-04-09 19:00:00","2025-04-09 20:00:00",Nederland,WindOffshoreC,Hour,UTC,Providing,Current,2287001,2287001,0.55002450942993,0,0
"2025-04-09 20:00:00","2025-04-09 21:00:00",Nederland,WindOffshoreC,Hour,UTC,Providing,Current,2160000,2160000,0.51948076486588,0,0
"2025-04-09 21:00:00","2025-04-09 22:00:00",Nederland,WindOffshoreC,Hour,UTC,Providing,Current,2135250,2135250,0.51352822780609,0,0
"2025-04-09 22:00:00","2025-04-09 23:00:00",Nederland,WindOffshoreC,Hour,UTC,Providing,Current,2009751,2009751,0.48334550857544,0,0
"2025-04-09 23:00:00","2025-04-10 00:00:00",Nederland,WindOffshoreC,Hour,UTC,Providing,Current,1841500,1841500,0.44288125634193,0,0
"2025-04-10 00:00:00","2025-04-10 01:00:00",Nederland,WindOffshoreC,Hour,UTC,Providing,Current,1758001,1758001,0.42280000448227,0,0
"2025-04-10 01:00:00","2025-04-10 02:00:00",Nederland,WindOffshoreC,Hour,UTC,Providing,Current,1641250,1641250,0.39472100138664,0,0
"2025-04-10 02:00:00","2025-04-10 03:00:00",Nederland,WindOffshoreC,Hour,UTC,Providing,Current,1757749,1757749,0.42273876070976,0,0
"2025-04-10 03:00:00","2025-04-10 04:00:00",Nederland,WindOffshoreC,Hour,UTC,Providing,Current,1596500,1596500,0.38395875692368,0,0
"2025-04-10 04:00:00","2025-04-10 05:00:00",Nederland,WindOffshoreC,Hour,UTC,Providing,Current,1715499,1715499,0.41257798671722,0,0
"2025-04-10 05:00:00","2025-04-10 06:00:00",Nederland,WindOffshoreC,Hour,UTC,Providing,Current,1827250,1827250,0.43945398926735,0,0
"2025-04-10 06:00:00","2025-04-10 07:00:00",Nederland,WindOffshoreC,Hour,UTC,Providing,Current,1752000,1752000,0.4213564991951,0,0
"2025-04-10 07:00:00","2025-04-10 08:00:00",Nederland,WindOffshoreC,Hour,UTC,Providing,Current,1829750,1829750,0.44005525112152,0,0
"2025-04-10 08:00:00","2025-04-10 09:00:00",Nederland,WindOffshoreC,Hour,UTC,Providing,Current,1679749,1679749,0.40397974848747,0,0
"2025-04-10 09:00:00","2025-04-10 10:00:00",Nederland,WindOffshoreC,Hour,UTC,Providing,Current,1284249,1284249,0.30886223912239,0,0
"2025-04-10 10:00:00","2025-04-10 11:00:00",Nederland,WindOffshoreC,Hour,UTC,Providing,Current,1054250,1054250,0.25354725122452,0,0
"2025-04-10 11:00:00","2025-04-10 12:00:00",Nederland,WindOffshoreC,Hour,UTC,Providing,Current,881999,881999,0.2121209949255,0,0
"2025-04-10 12:00:00","2025-04-10 13:00:00",Nederland,WindOffshoreC,Hour,UTC,Providing,Current,632500,632500,0.15211650729179,0,0
"2025-04-10 13:00:00","2025-04-10 14:00:00",Nederland,WindOffshoreC,Hour,UTC,Providing,Current,484750,484750,0.11658249795437,0,0
"2025-04-10 14:00:00","2025-04-10 15:00:00",Nederland,WindOffshoreC,Hour,UTC,Providing,Current,473000,473000,0.11375647783279,0,0
"2025-04-10 15:00:00","2025-04-10 16:00:00",Nederland,WindOffshoreC,Hour,UTC,Providing,Current,411999,411999,0.099085949361324,0,0
"2025-04-10 16:00:00","2025-04-10 17:00:00",Nederland,WindOffshoreC,Hour,UTC,Providing,Current,379499,379499,0.091269597411156,0,0
"2025-04-10 17:00:00","2025-04-10 18:00:00",Nederland,WindOffshoreC,Hour,UTC,Providing,Current,484250,484250,0.11646249890327,0,0
"2025-04-10 18:00:00","2025-04-10 19:00:00",Nederland,WindOffshoreC,Hour,UTC,Providing,Current,438000,438000,0.10533917695284,0,0
"2025-04-10 19:00:00","2025-04-10 20:00:00",Nederland,WindOffshoreC,Hour,UTC,Providing,Current,367250,367250,0.088323727250099,0,0
"2025-04-10 20:00:00","2025-04-10 21:00:00",Nederland,WindOffshoreC,Hour,UTC,Providing,Current,436749,436749,0.10503809899092,0,0
"2025-04-10 21:00:00","2025-04-10 22:00:00",Nederland,WindOffshoreC,Hour,UTC,Providing,Current,485250,485250,0.11670300364494,0,0
"2025-04-10 22:00:00","2025-04-10 23:00:00",Nederland,WindOffshoreC,Hour,UTC,Providing,Current,493999,493999,0.11880674958229,0,0
"2025-04-10 23:00:00","2025-04-11 00:00:00",Nederland,WindOffshoreC,Hour,UTC,Providing,Current,601000,601000,0.1445405036211,0,0
"2025-04-11 00:00:00","2025-04-11 01:00:00",Nederland,WindOffshoreC,Hour,UTC,Providing,Current,600500,600500,0.14442025125027,0,0
"2025-04-11 01:00:00","2025-04-11 02:00:00",Nederland,WindOffshoreC,Hour,UTC,Providing,Current,580248,580248,0.13954974710941,0,0
"2025-04-11 02:00:00","2025-04-11 03:00:00",Nederland,WindOffshoreC,Hour,UTC,Providing,Current,541001,541001,0.13011075556278,0,0
"2025-04-11 03:00:00","2025-04-11 04:00:00",Nederland,WindOffshoreC,Hour,UTC,Providing,Current,622500,622500,0.14971125125885,0,0
"2025-04-11 04:00:00","2025-04-11 05:00:00",Nederland,WindOffshoreC,Hour,UTC,Providing,Current,720000,720000,0.17316025495529,0,0
"2025-04-11 05:00:00","2025-04-11 06:00:00",Nederland,WindOffshoreC,Hour,UTC,Providing,Current,821500,821500,0.19757099449635,0,0
"2025-04-11 06:00:00","2025-04-11 07:00:00",Nederland,WindOffshoreC,Hour,UTC,Providing,Current,811500,811500,0.1951660066843,0,0
"2025-04-11 07:00:00","2025-04-11 08:00:00",Nederland,WindOffshoreC,Hour,UTC,Providing,Current,768500,768500,0.1848242431879,0,0
"2025-04-11 08:00:00","2025-04-11 09:00:00",Nederland,WindOffshoreC,Hour,UTC,Providing,Current,867751,867751,0.20869424939156,0,0
"2025-04-11 09:00:00","2025-04-11 10:00:00",Nederland,WindOffshoreC,Hour,UTC,Providing,Current,771250,771250,0.18548600375652,0,0
"2025-04-11 10:00:00","2025-04-11 11:00:00",Nederland,WindOffshoreC,Hour,UTC,Providing,Current,552250,552250,0.13281625509262,0,0
"2025-04-11 11:00:00","2025-04-11 12:00:00",Nederland,WindOffshoreC,Hour,UTC,Providing,Current,390001,390001,0.093795277178288,0,0
"2025-04-11 12:00:00","2025-04-11 13:00:00",Nederland,WindOffshoreC,Hour,UTC,Providing,Current,123250,123250,0.029641650617123,0,0
"2025-04-11 13:00:00","2025-04-11 14:00:00",Nederland,WindOffshoreC,Hour,UTC,Providing,Current,68501,68501,0.016474524512887,0,0
"2025-04-11 14:00:00","2025-04-11 15:00:00",Nederland,WindOffshoreC,Hour,UTC,Providing,Current,29501,29501,0.0070949997752905,0,0
"2025-04-11 15:00:00","2025-04-11 16:00:00",Nederland,WindOffshoreC,Hour,UTC,Providing,Current,46249,46249,0.011122925207019,0,0
"2025-04-11 16:00:00","2025-04-11 17:00:00",Nederland,WindOffshoreC,Hour,UTC,Providing,Current,34998,34998,0.0084170298650861,0,0
"2025-04-11 17:00:00","2025-04-11 18:00:00",Nederland,WindOffshoreC,Hour,UTC,Providing,Current,21750,21750,0.0052308826707304,0,0
"2025-04-11 18:00:00","2025-04-11 19:00:00",Nederland,WindOffshoreC,Hour,UTC,Providing,Current,12999,12999,0.003126262454316,0,0
"2025-04-11 19:00:00","2025-04-11 20:00:00",Nederland,WindOffshoreC,Hour,UTC,Providing,Current,6751,6751,0.0016236174851656,0,0
"2025-04-11 20:00:00","2025-04-11 21:00:00",Nederland,WindOffshoreC,Hour,UTC,Providing,Current,11500,11500,0.002765754936263,0,0
"2025-04-11 21:00:00","2025-04-11 22:00:00",Nederland,WindOffshoreC,Hour,UTC,Providing,Current,15250,15250,0.0036676274612546,0,0
"2025-04-11 22:00:00","2025-04-11 23:00:00",Nederland,WindOffshoreC,Hour,UTC,Providing,Current,71251,71251,0.017135888338089,0,0
"2025-04-11 23:00:00","2025-04-12 00:00:00",Nederland,WindOffshoreC,Hour,UTC,Providing,Current,193500,193500,0.046536799520254,0,0
"2025-04-12 00:00:00","2025-04-12 01:00:00",Nederland,WindOffshoreC,Hour,UTC,Providing,Current,247500,247500,0.059523824602365,0,0
"2025-04-12 01:00:00","2025-04-12 02:00:00",Nederland,WindOffshoreC,Hour,UTC,Providing,Current,302999,302999,0.072871349751949,0,0
"2025-04-12 02:00:00","2025-04-12 03:00:00",Nederland,WindOffshoreC,Hour,UTC,Providing,Current,289500,289500,0.069624796509743,0,0
"2025-04-12 03:00:00","2025-04-12 04:00:00",Nederland,WindOffshoreC,Hour,UTC,Providing,Current,388500,388500,0.093434296548367,0,0
"2025-04-12 04:00:00","2025-04-12 05:00:00",Nederland,WindOffshoreC,Hour,UTC,Providing,Current,602749,602749,0.14496125280857,0,0
"2025-04-12 05:00:00","2025-04-12 06:00:00",Nederland,WindOffshoreC,Hour,UTC,Providing,Current,781750,781750,0.1880112439394,0,0
"2025-04-12 06:00:00","2025-04-12 07:00:00",Nederland,WindOffshoreC,Hour,UTC,Providing,Current,952750,952750,0.2291364967823,0,0
"2025-04-12 07:00:00","2025-04-12 08:00:00",Nederland,WindOffshoreC,Hour,UTC,Providing,Current,1224750,1224750,0.29455250501633,0,0
"2025-04-12 08:00:00","2025-04-12 09:00:00",Nederland,WindOffshoreC,Hour,UTC,Providing,Current,1098251,1098251,0.26412948966026,0,0
"2025-04-12 09:00:00","2025-04-12 10:00:00",Nederland,WindOffshoreC,Hour,UTC,Providing,Current,925000,925000,0.22246274352074,0,0
"2025-04-12 10:00:00","2025-04-12 11:00:00",Nederland,WindOffshoreC,Hour,UTC,Providing,Current,493249,493249,0.11862675100565,0,0
"2025-04-12 11:00:00","2025-04-12 12:00:00",Nederland,WindOffshoreC,Hour,UTC,Providing,Current,468000,468000,0.11255399882793,0,0
"2025-04-12 12:00:00","2025-04-12 13:00:00",Nederland,WindOffshoreC,Hour,UTC,Providing,Current,574750,574750,0.13822749257088,0,0
"2025-04-12 13:00:00","2025-04-12 14:00:00",Nederland,WindOffshoreC,Hour,UTC,Providing,Current,761250,761250,0.18308074772358,0,0
"2025-04-12 14:00:00","2025-04-12 15:00:00",Nederland,WindOffshoreC,Hour,UTC,Providing,Current,1057500,1057500,0.25432899594307,0,0
"2025-04-12 15:00:00","2025-04-12 16:00:00",Nederland,WindOffshoreC,Hour,UTC,Providing,Current,2150251,2150251,0.51713573932648,0,0
"2025-04-12 16:00:00","2025-04-12 17:00:00",Nederland,WindOffshoreC,Hour,UTC,Providing,Current,2469750,2469750,0.59397548437119,0,0
"2025-04-12 17:00:00","2025-04-12 18:00:00",Nederland,WindOffshoreC,Hour,UTC,Providing,Current,2714749,2714749,0.65289801359177,0,0
"2025-04-12 18:00:00","2025-04-12 19:00:00",Nederland,WindOffshoreC,Hour,UTC,Providing,Current,2900250,2900250,0.69751077890396,0,0
"2025-04-12 19:00:00","2025-04-12 20:00:00",Nederland,WindOffshoreC,Hour,UTC,Providing,Current,3517750,3517750,0.84601974487305,0,0
"2025-04-12 20:00:00","2025-04-12 21:00:00",Nederland,WindOffshoreC,Hour,UTC,Providing,Current,3826749,3826749,0.9203342795372,0,0
"2025-04-12 21:00:00","2025-04-12 22:00:00",Nederland,WindOffshoreC,Hour,UTC,Providing,Current,3790500,3790500,0.91161626577377,0,0
"2025-04-12 22:00:00","2025-04-12 23:00:00",Nederland,WindOffshoreC,Hour,UTC,Providing,Current,3589751,3589751,0.86333572864532,0,0
"2025-04-12 23:00:00","2025-04-13 00:00:00",Nederland,WindOffshoreC,Hour,UTC,Providing,Current,3487249,3487249,0.83868402242661,0,0
"2025-04-13 00:00:00","2025-04-13 01:00:00",Nederland,WindOffshoreC,Hour,UTC,Providing,Current,3246251,3246251,0.78072422742844,0,0
"2025-04-13 01:00:00","2025-04-13 02:00:00",Nederland,WindOffshoreC,Hour,UTC,Providing,Current,3300250,3300250,0.79371076822281,0,0
"2025-04-13 02:00:00","2025-04-13 03:00:00",Nederland,WindOffshoreC,Hour,UTC,Providing,Current,3141251,3141251,0.75547176599503,0,0
"2025-04-13 03:00:00","2025-04-13 04:00:00",Nederland,WindOffshoreC,Hour,UTC,Providing,Current,3328500,3328500,0.80050498247147,0,0
"2025-04-13 04:00:00","2025-04-13 05:00:00",Nederland,WindOffshoreC,Hour,UTC,Providing,Current,3040001,3040001,0.7311207652092,0,0
"2025-04-13 05:00:00","2025-04-13 06:00:00",Nederland,WindOffshoreC,Hour,UTC,Providing,Current,3119500,3119500,0.75024050474167,0,0
"2025-04-13 06:00:00","2025-04-13 07:00:00",Nederland,WindOffshoreC,Hour,UTC,Providing,Current,3103000,3103000,0.7462722659111,0,0
"2025-04-13 07:00:00","2025-04-13 08:00:00",Nederland,WindOffshoreC,Hour,UTC,Providing,Current,2765250,2765250,0.66504323482513,0,0
"2025-04-13 08:00:00","2025-04-13 09:00:00",Nederland,WindOffshoreC,Hour,UTC,Providing,Current,2443000,2443000,0.58754199743271,0,0
"2025-04-13 09:00:00","2025-04-13 10:00:00",Nederland,WindOffshoreC,Hour,UTC,Providing,Current,1992750,1992750,0.47925698757172,0,0
"2025-04-13 10:00:00","2025-04-13 11:00:00",Nederland,WindOffshoreC,Hour,UTC,Providing,Current,1487750,1487750,0.35780423879623,0,0
"2025-04-13 11:00:00","2025-04-13 12:00:00",Nederland,WindOffshoreC,Hour,UTC,Providing,Current,1364250,1364250,0.32810226082802,0,0
"2025-04-13 12:00:00","2025-04-13 13:00:00",Nederland,WindOffshoreC,Hour,UTC,Providing,Current,1685750,1685750,0.40542325377464,0,0
"2025-04-13 13:00:00","2025-04-13 14:00:00",Nederland,WindOffshoreC,Hour,UTC,Providing,Current,1923000,1923000,0.46248200535774,0,0
"2025-04-13 14:00:00","2025-04-13 15:00:00",Nederland,WindOffshoreC,Hour,UTC,Providing,Current,2293500,2293500,0.55158752202988,0,0
"2025-04-13 15:00:00","2025-04-13 16:00:00",Nederland,WindOffshoreC,Hour,UTC,Providing,Current,2759250,2759250,0.66360026597977,0,0
"2025-04-13 16:00:00","2025-04-13 17:00:00",Nederland,WindOffshoreC,Hour,UTC,Providing,Current,3329750,3329750,0.80080550909042,0,0
"2025-04-13 17:00:00","2025-04-13 18:00:00",Nederland,WindOffshoreC,Hour,UTC,Providing,Current,3506751,3506751,0.84337449073792,0,0
"2025-04-13 18:00:00","2025-04-13 19:00:00",Nederland,WindOffshoreC,Hour,UTC,Providing,Current,3446001,3446001,0.82876425981522,0,0
"2025-04-13 19:00:00","2025-04-13 20:00:00",Nederland,WindOffshoreC,Hour,UTC,Providing,Current,3366000,3366000,0.80952376127243,0,0
"2025-04-13 20:00:00","2025-04-13 21:00:00",Nederland,WindOffshoreC,Hour,UTC,Providing,Current,3278250,3278250,0.78842002153397,0,0
"2025-04-13 21:00:00","2025-04-13 22:00:00",Nederland,WindOffshoreC,Hour,UTC,Providing,Current,3043749,3043749,0.73202252388,0,0
"2025-04-13 22:00:00","2025-04-13 23:00:00",Nederland,WindOffshoreC,Hour,UTC,Providing,Current,2890500,2890500,0.69516599178314,0,0
"2025-04-13 23:00:00","2025-04-14 00:00:00",Nederland,WindOffshoreC,Hour,UTC,Providing,Current,2283500,2283500,0.54918223619461,0,0
"2025-04-14 00:00:00","2025-04-14 01:00:00",Nederland,WindOffshoreC,Hour,UTC,Providing,Current,1364251,1364251,0.32810273766518,0,0
"2025-04-14 01:00:00","2025-04-14 02:00:00",Nederland,WindOffshoreC,Hour,UTC,Providing,Current,745499,745499,0.17929250001907,0,0
"2025-04-14 02:00:00","2025-04-14 03:00:00",Nederland,WindOffshoreC,Hour,UTC,Providing,Current,728750,728750,0.17526449263096,0,0
"2025-04-14 03:00:00","2025-04-14 04:00:00",Nederland,WindOffshoreC,Hour,UTC,Providing,Current,808750,808750,0.19450449943542,0,0
"2025-04-14 04:00:00","2025-04-14 05:00:00",Nederland,WindOffshoreC,Hour,UTC,Providing,Current,644250,644250,0.15494224429131,0,0
"2025-04-14 05:00:00","2025-04-14 06:00:00",Nederland,WindOffshoreC,Hour,UTC,Providing,Current,593000,593000,0.14261649549007,0,0
"2025-04-14 06:00:00","2025-04-14 07:00:00",Nederland,WindOffshoreC,Hour,UTC,Providing,Current,546750,546750,0.1314934939146,0,0
"2025-04-14 07:00:00","2025-04-14 08:00:00",Nederland,WindOffshoreC,Hour,UTC,Providing,Current,329750,329750,0.079304926097393,0,0
"2025-04-14 08:00:00","2025-04-14 09:00:00",Nederland,WindOffshoreC,Hour,UTC,Providing,Current,326999,326999,0.078643351793289,0,0
"2025-04-14 09:00:00","2025-04-14 10:00:00",Nederland,WindOffshoreC,Hour,UTC,Providing,Current,409500,409500,0.098484948277473,0,0
"2025-04-14 10:00:00","2025-04-14 11:00:00",Nederland,WindOffshoreC,Hour,UTC,Providing,Current,482249,482249,0.11598075181246,0,0
"2025-04-14 11:00:00","2025-04-14 12:00:00",Nederland,WindOffshoreC,Hour,UTC,Providing,Current,283251,283251,0.068121947348118,0,0
"2025-04-14 12:00:00","2025-04-14 13:00:00",Nederland,WindOffshoreC,Hour,UTC,Providing,Current,130250,130250,0.031325150281191,0,0
"2025-04-14 13:00:00","2025-04-14 14:00:00",Nederland,WindOffshoreC,Hour,UTC,Providing,Current,83000,83000,0.019961524754763,0,0
"2025-04-14 14:00:00","2025-04-14 15:00:00",Nederland,WindOffshoreC,Hour,UTC,Providing,Current,84000,84000,0.020202025771141,0,0
"2025-04-14 15:00:00","2025-04-14 16:00:00",Nederland,WindOffshoreC,Hour,UTC,Providing,Current,158500,158500,0.038119275122881,0,0
"2025-04-14 16:00:00","2025-04-14 17:00:00",Nederland,WindOffshoreC,Hour,UTC,Providing,Current,361000,361000,0.086820602416992,0,0
"2025-04-14 17:00:00","2025-04-14 18:00:00",Nederland,WindOffshoreC,Hour,UTC,Providing,Current,777500,777500,0.1869887560606,0,0
"2025-04-14 18:00:00","2025-04-14 19:00:00",Nederland,WindOffshoreC,Hour,UTC,Providing,Current,1278999,1278999,0.3075997531414,0,0
"2025-04-14 19:00:00","2025-04-14 20:00:00",Nederland,WindOffshoreC,Hour,UTC,Providing,Current,1733250,1733250,0.41684699058533,0,0
"2025-04-14 20:00:00","2025-04-14 21:00:00",Nederland,WindOffshoreC,Hour,UTC,Providing,Current,2038250,2038250,0.49019950628281,0,0
"2025-04-14 21:00:00","2025-04-14 22:00:00",Nederland,WindOffshoreC,Hour,UTC,Providing,Current,2828250,2828250,0.68019473552704,0,0
"2025-04-14 22:00:00","2025-04-14 23:00:00",Nederland,WindOffshoreC,Hour,UTC,Providing,Current,3034249,3034249,0.7297375202179,0,0
"2025-04-14 23:00:00","2025-04-15 00:00:00",Nederland,WindOffshoreC,Hour,UTC,Providing,Current,3053499,3053499,0.7343670129776,0,0
"2025-04-15 00:00:00","2025-04-15 01:00:00",Nederland,WindOffshoreC,Hour,UTC,Providing,Current,2865751,2865751,0.68921375274658,0,0
"2025-04-15 01:00:00","2025-04-15 02:00:00",Nederland,WindOffshoreC,Hour,UTC,Providing,Current,2902251,2902251,0.69799226522446,0,0
"2025-04-15 02:00:00","2025-04-15 03:00:00",Nederland,WindOffshoreC,Hour,UTC,Providing,Current,3101250,3101250,0.74585151672363,0,0
"2025-04-15 03:00:00","2025-04-15 04:00:00",Nederland,WindOffshoreC,Hour,UTC,Providing,Current,3332500,3332500,0.80146700143814,0,0
"2025-04-15 04:00:00","2025-04-15 05:00:00",Nederland,WindOffshoreC,Hour,UTC,Providing,Current,3467000,3467000,0.83381450176239,0,0
"2025-04-15 05:00:00","2025-04-15 06:00:00",Nederland,WindOffshoreC,Hour,UTC,Providing,Current,3563999,3563999,0.85714274644852,0,0
"2025-04-15 06:00:00","2025-04-15 07:00:00",Nederland,WindOffshoreC,Hour,UTC,Providing,Current,3103000,3103000,0.74627250432968,0,0
"2025-04-15 07:00:00","2025-04-15 08:00:00",Nederland,WindOffshoreC,Hour,UTC,Providing,Current,2651750,2651750,0.63774651288986,0,0
"2025-04-15 08:00:00","2025-04-15 09:00:00",Nederland,WindOffshoreC,Hour,UTC,Providing,Current,1898250,1898250,0.4565292596817,0,0
"2025-04-15 09:00:00","2025-04-15 10:00:00",Nederland,WindOffshoreC,Hour,UTC,Providing,Current,978250,978250,0.23526924848557,0,0
"2025-04-15 10:00:00","2025-04-15 11:00:00",Nederland,WindOffshoreC,Hour,UTC,Providing,Current,867750,867750,0.20869424939156,0,0
"2025-04-15 11:00:00","2025-04-15 12:00:00",Nederland,WindOffshoreC,Hour,UTC,Providing,Current,910750,910750,0.21903574466705,0,0
"2025-04-15 12:00:00","2025-04-15 13:00:00",Nederland,WindOffshoreC,Hour,UTC,Providing,Current,933500,933500,0.2245070040226,0,0
"2025-04-15 13:00:00","2025-04-15 14:00:00",Nederland,WindOffshoreC,Hour,UTC,Providing,Current,835750,835750,0.20099799335003,0,0
"2025-04-15 14:00:00","2025-04-15 15:00:00",Nederland,WindOffshoreC,Hour,UTC,Providing,Current,1040501,1040501,0.25024101138115,0,0
"2025-04-15 15:00:00","2025-04-15 16:00:00",Nederland,WindOffshoreC,Hour,UTC,Providing,Current,1130500,1130500,0.27188551425934,0,0
"2025-04-15 16:00:00","2025-04-15 17:00:00",Nederland,WindOffshoreC,Hour,UTC,Providing,Current,821750,821750,0.19763100147247,0,0
"2025-04-15 17:00:00","2025-04-15 18:00:00",Nederland,WindOffshoreC,Hour,UTC,Providing,Current,621000,621000,0.14935074746609,0,0
"2025-04-15 18:00:00","2025-04-15 19:00:00",Nederland,WindOffshoreC,Hour,UTC,Providing,Current,359250,359250,0.086399778723717,0,0
"2025-04-15 19:00:00","2025-04-15 20:00:00",Nederland,WindOffshoreC,Hour,UTC,Providing,Current,71250,71250,0.017135674133897,0,0
"2025-04-15 20:00:00","2025-04-15 21:00:00",Nederland,WindOffshoreC,Hour,UTC,Providing,Current,105499,105499,0.025372525677085,0,0
"2025-04-15 21:00:00","2025-04-15 22:00:00",Nederland,WindOffshoreC,Hour,UTC,Providing,Current,277500,277500,0.066738821566105,0,0
"2025-04-15 22:00:00","2025-04-15 23:00:00",Nederland,WindOffshoreC,Hour,UTC,Providing,Current,915249,915249,0.22011749446392,0,0
"2025-04-15 23:00:00","2025-04-16 00:00:00",Nederland,WindOffshoreC,Hour,UTC,Providing,Current,1718500,1718500,0.41329973936081,0,0
"2025-04-16 00:00:00","2025-04-16 01:00:00",Nederland,WindOffshoreC,Hour,UTC,Providing,Current,2548500,2548500,0.61291474103928,0,0
"2025-04-16 01:00:00","2025-04-16 02:00:00",Nederland,WindOffshoreC,Hour,UTC,Providing,Current,2710500,2710500,0.6518759727478,0,0
"2025-04-16 02:00:00","2025-04-16 03:00:00",Nederland,WindOffshoreC,Hour,UTC,Providing,Current,2987750,2987750,0.71855473518372,0,0
"2025-04-16 03:00:00","2025-04-16 04:00:00",Nederland,WindOffshoreC,Hour,UTC,Providing,Current,2931250,2931250,0.70496624708176,0,0
"2025-04-16 04:00:00","2025-04-16 05:00:00",Nederland,WindOffshoreC,Hour,UTC,Providing,Current,2539750,2539750,0.61081051826477,0,0
"2025-04-16 05:00:00","2025-04-16 06:00:00",Nederland,WindOffshoreC,Hour,UTC,Providing,Current,2357249,2357249,0.56691926717758,0,0
"2025-04-16 06:00:00","2025-04-16 07:00:00",Nederland,WindOffshoreC,Hour,UTC,Providing,Current,1927250,1927250,0.46350425481796,0,0
"2025-04-16 07:00:00","2025-04-16 08:00:00",Nederland,WindOffshoreC,Hour,UTC,Providing,Current,1725500,1725500,0.41498324275017,0,0
"2025-04-16 08:00:00","2025-04-16 09:00:00",Nederland,WindOffshoreC,Hour,UTC,Providing,Current,2026000,2026000,0.48725348711014,0,0
"2025-04-16 09:00:00","2025-04-16 10:00:00",Nederland,WindOffshoreC,Hour,UTC,Providing,Current,2037751,2037751,0.49007976055145,0,0
"2025-04-16 10:00:00","2025-04-16 11:00:00",Nederland,WindOffshoreC,Hour,UTC,Providing,Current,1972750,1972750,0.47444674372673,0,0
"2025-04-16 11:00:00","2025-04-16 12:00:00",Nederland,WindOffshoreC,Hour,UTC,Providing,Current,1752000,1752000,0.4213564991951,0,0
"2025-04-16 12:00:00","2025-04-16 13:00:00",Nederland,WindOffshoreC,Hour,UTC,Providing,Current,1570750,1570750,0.37776574492455,0,0
"2025-04-16 13:00:00","2025-04-16 14:00:00",Nederland,WindOffshoreC,Hour,UTC,Providing,Current,1475250,1475250,0.35479798913002,0,0
"2025-04-16 14:00:00","2025-04-16 15:00:00",Nederland,WindOffshoreC,Hour,UTC,Providing,Current,1308000,1308000,0.31457450985909,0,0
"2025-04-16 15:00:00","2025-04-16 16:00:00",Nederland,WindOffshoreC,Hour,UTC,Providing,Current,1304000,1304000,0.31361225247383,0,0
"2025-04-16 16:00:00","2025-04-16 17:00:00",Nederland,WindOffshoreC,Hour,UTC,Providing,Current,1253500,1253500,0.30146700143814,0,0
"2025-04-16 17:00:00","2025-04-16 18:00:00",Nederland,WindOffshoreC,Hour,UTC,Providing,Current,1042500,1042500,0.25072151422501,0,0
"2025-04-16 18:00:00","2025-04-16 19:00:00",Nederland,WindOffshoreC,Hour,UTC,Providing,Current,739750,739750,0.17791025340557,0,0
"2025-04-16 19:00:00","2025-04-16 20:00:00",Nederland,WindOffshoreC,Hour,UTC,Providing,Current,798250,798250,0.19197900593281,0,0
"2025-04-16 20:00:00","2025-04-16 21:00:00",Nederland,WindOffshoreC,Hour,UTC,Providing,Current,723750,723750,0.17406199872494,0,0
"2025-04-16 21:00:00","2025-04-16 22:00:00",Nederland,WindOffshoreC,Hour,UTC,Providing,Current,557500,557500,0.13407875597477,0,0
"2025-04-16 22:00:00","2025-04-16 23:00:00",Nederland,WindOffshoreC,Hour,UTC,Providing,Current,367750,367750,0.088443972170353,0,0
"2025-04-16 23:00:00","2025-04-17 00:00:00",Nederland,WindOffshoreC,Hour,UTC,Providing,Current,265000,265000,0.063732601702213,0,0
"2025-04-17 00:00:00","2025-04-17 01:00:00",Nederland,WindOffshoreC,Hour,UTC,Providing,Current,196249,196249,0.047197926789522,0,0
"2025-04-17 01:00:00","2025-04-17 02:00:00",Nederland,WindOffshoreC,Hour,UTC,Providing,Current,163500,163500,0.039321776479483,0,0
"2025-04-17 02:00:00","2025-04-17 03:00:00",Nederland,WindOffshoreC,Hour,UTC,Providing,Current,157750,157750,0.03793890029192,0,0
"2025-04-17 03:00:00","2025-04-17 04:00:00",Nederland,WindOffshoreC,Hour,UTC,Providing,Current,174750,174750,0.042027425020933,0,0
"2025-04-17 04:00:00","2025-04-17 05:00:00",Nederland,WindOffshoreC,Hour,UTC,Providing,Current,118002,118002,0.028379499912262,0,0
"2025-04-17 05:00:00","2025-04-17 06:00:00",Nederland,WindOffshoreC,Hour,UTC,Providing,Current,151500,151500,0.036435749381781,0,0
"2025-04-17 06:00:00","2025-04-17 07:00:00",Nederland,WindOffshoreC,Hour,UTC,Providing,Current,261001,261001,0.062770828604698,0,0
"2025-04-17 07:00:00","2025-04-17 08:00:00",Nederland,WindOffshoreC,Hour,UTC,Providing,Current,454000,454000,0.10918702185154,0,0
"2025-04-17 08:00:00","2025-04-17 09:00:00",Nederland,WindOffshoreC,Hour,UTC,Providing,Current,279500,279500,0.06721980124712,0,0
"2025-04-17 09:00:00","2025-04-17 10:00:00",Nederland,WindOffshoreC,Hour,UTC,Providing,Current,192000,192000,0.046176049858332,0,0
"2025-04-17 10:00:00","2025-04-17 11:00:00",Nederland,WindOffshoreC,Hour,UTC,Providing,Current,161000,161000,0.038720525801182,0,0
"2025-04-17 11:00:00","2025-04-17 12:00:00",Nederland,WindOffshoreC,Hour,UTC,Providing,Current,157250,157250,0.037818651646376,0,0
"2025-04-17 12:00:00","2025-04-17 13:00:00",Nederland,WindOffshoreC,Hour,UTC,Providing,Current,289750,289750,0.069684952497482,0,0
"2025-04-17 13:00:00","2025-04-17 14:00:00",Nederland,WindOffshoreC,Hour,UTC,Providing,Current,209000,209000,0.050264548510313,0,0
"2025-04-17 14:00:00","2025-04-17 15:00:00",Nederland,WindOffshoreC,Hour,UTC,Providing,Current,125500,125500,0.030182750895619,0,0
"2025-04-17 15:00:00","2025-04-17 16:00:00",Nederland,WindOffshoreC,Hour,UTC,Providing,Current,98999,98999,0.023809274658561,0,0
"2025-04-17 16:00:00","2025-04-17 17:00:00",Nederland,WindOffshoreC,Hour,UTC,Providing,Current,52501,52501,0.012626525014639,0,0
"2025-04-17 17:00:00","2025-04-17 18:00:00",Nederland,WindOffshoreC,Hour,UTC,Providing,Current,41751,41751,0.010041144676507,0,0
"2025-04-17 18:00:00","2025-04-17 19:00:00",Nederland,WindOffshoreC,Hour,UTC,Providing,Current,28001,28001,0.0067342473194003,0,0
"2025-04-17 19:00:00","2025-04-17 20:00:00",Nederland,WindOffshoreC,Hour,UTC,Providing,Current,27250,27250,0.0065536326728761,0,0
"2025-04-17 20:00:00","2025-04-17 21:00:00",Nederland,WindOffshoreC,Hour,UTC,Providing,Current,15500,15500,0.0037277524825186,0,0
"2025-04-17 21:00:00","2025-04-17 22:00:00",Nederland,WindOffshoreC,Hour,UTC,Providing,Current,39750,39750,0.0095598772168159,0,0
"2025-04-17 22:00:00","2025-04-17 23:00:00",Nederland,WindOffshoreC,Hour,UTC,Providing,Current,81500,81500,0.019600799307227,0,0
"2025-04-17 23:00:00","2025-04-18 00:00:00",Nederland,WindOffshoreC,Hour,UTC,Providing,Current,65750,65750,0.015812875702977,0,0
"2025-04-18 00:00:00","2025-04-18 01:00:00",Nederland,WindOffshoreC,Hour,UTC,Providing,Current,109250,109250,0.026274649426341,0,0
"2025-04-18 01:00:00","2025-04-18 02:00:00",Nederland,WindOffshoreC,Hour,UTC,Providing,Current,108000,108000,0.025973999872804,0,0
"2025-04-18 02:00:00","2025-04-18 03:00:00",Nederland,WindOffshoreC,Hour,UTC,Providing,Current,130249,130249,0.031324926763773,0,0
"2025-04-18 03:00:00","2025-04-18 04:00:00",Nederland,WindOffshoreC,Hour,UTC,Providing,Current,77750,77750,0.018698925152421,0,0
"2025-04-18 04:00:00","2025-04-18 05:00:00",Nederland,WindOffshoreC,Hour,UTC,Providing,Current,111751,111751,0.026876149699092,0,0
"2025-04-18 05:00:00","2025-04-18 06:00:00",Nederland,WindOffshoreC,Hour,UTC,Providing,Current,57001,57001,0.013708742335439,0,0
"2025-04-18 06:00:00","2025-04-18 07:00:00",Nederland,WindOffshoreC,Hour,UTC,Providing,Current,24501,24501,0.0058924974873662,0,0
"2025-04-18 07:00:00","2025-04-18 08:00:00",Nederland,WindOffshoreC,Hour,UTC,Providing,Current,55250,55250,0.013287650421262,0,0
"2025-04-18 08:00:00","2025-04-18 09:00:00",Nederland,WindOffshoreC,Hour,UTC,Providing,Current,61500,61500,0.01479076500982,0,0
"2025-04-18 09:00:00","2025-04-18 10:00:00",Nederland,WindOffshoreC,Hour,UTC,Providing,Current,137750,137750,0.033128876239061,0,0
"2025-04-18 10:00:00","2025-04-18 11:00:00",Nederland,WindOffshoreC,Hour,UTC,Providing,Current,127500,127500,0.030663775280118,0,0
"2025-04-18 11:00:00","2025-04-18 12:00:00",Nederland,WindOffshoreC,Hour,UTC,Providing,Current,77250,77250,0.018578650429845,0,0
"2025-04-18 12:00:00","2025-04-18 13:00:00",Nederland,WindOffshoreC,Hour,UTC,Providing,Current,67250,67250,0.016173649579287,0,0
"2025-04-18 13:00:00","2025-04-18 14:00:00",Nederland,WindOffshoreC,Hour,UTC,Providing,Current,77251,77251,0.018578900024295,0,0
"2025-04-18 14:00:00","2025-04-18 15:00:00",Nederland,WindOffshoreC,Hour,UTC,Providing,Current,172251,172251,0.041426423937082,0,0
"2025-04-18 15:00:00","2025-04-18 16:00:00",Nederland,WindOffshoreC,Hour,UTC,Providing,Current,470001,470001,0.11303527653217,0,0
"2025-04-18 16:00:00","2025-04-18 17:00:00",Nederland,WindOffshoreC,Hour,UTC,Providing,Current,829499,829499,0.19949474930763,0,0
"2025-04-18 17:00:00","2025-04-18 18:00:00",Nederland,WindOffshoreC,Hour,UTC,Providing,Current,1191000,1191000,0.28643599152565,0,0
"2025-04-18 18:00:00","2025-04-18 19:00:00",Nederland,WindOffshoreC,Hour,UTC,Providing,Current,1594249,1594249,0.38341701030731,0,0
"2025-04-18 19:00:00","2025-04-18 20:00:00",Nederland,WindOffshoreC,Hour,UTC,Providing,Current,1930751,1930751,0.46434599161148,0,0
"2025-04-18 20:00:00","2025-04-18 21:00:00",Nederland,WindOffshoreC,Hour,UTC,Providing,Current,1970250,1970250,0.47384551167488,0,0
"2025-04-18 21:00:00","2025-04-18 22:00:00",Nederland,WindOffshoreC,Hour,UTC,Providing,Current,1485249,1485249,0.3572025001049,0,0
"2025-04-18 22:00:00","2025-04-18 23:00:00",Nederland,WindOffshoreC,Hour,UTC,Providing,Current,1295250,1295250,0.311507999897,0,0
"2025-04-18 23:00:00","2025-04-19 00:00:00",Nederland,WindOffshoreC,Hour,UTC,Providing,Current,1131500,1131500,0.27212598919868,0,0
"2025-04-19 00:00:00","2025-04-19 01:00:00",Nederland,WindOffshoreC,Hour,UTC,Providing,Current,1191250,1191250,0.28649574518204,0,0
"2025-04-19 01:00:00","2025-04-19 02:00:00",Nederland,WindOffshoreC,Hour,UTC,Providing,Current,1084750,1084750,0.26088273525238,0,0
"2025-04-19 02:00:00","2025-04-19 03:00:00",Nederland,WindOffshoreC,Hour,UTC,Providing,Current,913250,913250,0.21963675320148,0,0
"2025-04-19 03:00:00","2025-04-19 04:00:00",Nederland,WindOffshoreC,Hour,UTC,Providing,Current,892501,892501,0.21464650332928,0,0
"2025-04-19 04:00:00","2025-04-19 05:00:00",Nederland,WindOffshoreC,Hour,UTC,Providing,Current,904749,904749,0.21759249269962,0,0
"2025-04-19 05:00:00","2025-04-19 06:00:00",Nederland,WindOffshoreC,Hour,UTC,Providing,Current,756500,756500,0.18193824589252,0,0
"2025-04-19 06:00:00","2025-04-19 07:00:00",Nederland,WindOffshoreC,Hour,UTC,Providing,Current,769500,769500,0.18506474792957,0,0
"2025-04-19 07:00:00","2025-04-19 08:00:00",Nederland,WindOffshoreC,Hour,UTC,Providing,Current,715000,715000,0.17195774614811,0,0
"2025-04-19 08:00:00","2025-04-19 09:00:00",Nederland,WindOffshoreC,Hour,UTC,Providing,Current,691749,691749,0.16636550426483,0,0
"2025-04-19 09:00:00","2025-04-19 10:00:00",Nederland,WindOffshoreC,Hour,UTC,Providing,Current,625749,625749,0.1504929959774,0,0
"2025-04-19 10:00:00","2025-04-19 11:00:00",Nederland,WindOffshoreC,Hour,UTC,Providing,Current,906000,906000,0.21789300441742,0,0
"2025-04-19 11:00:00","2025-04-19 12:00:00",Nederland,WindOffshoreC,Hour,UTC,Providing,Current,1286000,1286000,0.30928325653076,0,0
"2025-04-19 12:00:00","2025-04-19 13:00:00",Nederland,WindOffshoreC,Hour,UTC,Providing,Current,1601749,1601749,0.38522073626518,0,0
"2025-04-19 13:00:00","2025-04-19 14:00:00",Nederland,WindOffshoreC,Hour,UTC,Providing,Current,1936500,1936500,0.46572875976562,0,0
"2025-04-19 14:00:00","2025-04-19 15:00:00",Nederland,WindOffshoreC,Hour,UTC,Providing,Current,2589251,2589251,0.62271523475647,0,0
"2025-04-19 15:00:00","2025-04-19 16:00:00",Nederland,WindOffshoreC,Hour,UTC,Providing,Current,2741250,2741250,0.65927147865295,0,0
"2025-04-19 16:00:00","2025-04-19 17:00:00",Nederland,WindOffshoreC,Hour,UTC,Providing,Current,2721749,2721749,0.65458124876022,0,0
"2025-04-19 17:00:00","2025-04-19 18:00:00",Nederland,WindOffshoreC,Hour,UTC,Providing,Current,2664000,2664000,0.64069247245789,0,0
"2025-04-19 18:00:00","2025-04-19 19:00:00",Nederland,WindOffshoreC,Hour,UTC,Providing,Current,2593750,2593750,0.62379747629166,0,0
"2025-04-19 19:00:00","2025-04-19 20:00:00",Nederland,WindOffshoreC,Hour,UTC,Providing,Current,2415249,2415249,0.58086800575256,0,0
"2025-04-19 20:00:00","2025-04-19 21:00:00",Nederland,WindOffshoreC,Hour,UTC,Providing,Current,2235500,2235500,0.53763800859451,0,0
"2025-04-19 21:00:00","2025-04-19 22:00:00",Nederland,WindOffshoreC,Hour,UTC,Providing,Current,2194002,2194002,0.52765798568726,0,0
"2025-04-19 22:00:00","2025-04-19 23:00:00",Nederland,WindOffshoreC,Hour,UTC,Providing,Current,2165251,2165251,0.52074348926544,0,0
"2025-04-19 23:00:00","2025-04-20 00:00:00",Nederland,WindOffshoreC,Hour,UTC,Providing,Current,1932751,1932751,0.46482700109482,0,0
"2025-04-20 00:00:00","2025-04-20 01:00:00",Nederland,WindOffshoreC,Hour,UTC,Providing,Current,1682250,1682250,0.4045814871788,0,0
"2025-04-20 01:00:00","2025-04-20 02:00:00",Nederland,WindOffshoreC,Hour,UTC,Providing,Current,1443500,1443500,0.3471622467041,0,0
"2025-04-20 02:00:00","2025-04-20 03:00:00",Nederland,WindOffshoreC,Hour,UTC,Providing,Current,1277250,1277250,0.30717873573303,0,0
"2025-04-20 03:00:00","2025-04-20 04:00:00",Nederland,WindOffshoreC,Hour,UTC,Providing,Current,1047500,1047500,0.25192400813103,0,0
"2025-04-20 04:00:00","2025-04-20 05:00:00",Nederland,WindOffshoreC,Hour,UTC,Providing,Current,925500,925500,0.22258299589157,0,0
"2025-04-20 05:00:00","2025-04-20 06:00:00",Nederland,WindOffshoreC,Hour,UTC,Providing,Current,632499,632499,0.15211600065231,0,0
"2025-04-20 06:00:00","2025-04-20 07:00:00",Nederland,WindOffshoreC,Hour,UTC,Providing,Current,561250,561250,0.13498075306416,0,0
"2025-04-20 07:00:00","2025-04-20 08:00:00",Nederland,WindOffshoreC,Hour,UTC,Providing,Current,504999,504999,0.12145250290632,0,0
"2025-04-20 08:00:00","2025-04-20 09:00:00",Nederland,WindOffshoreC,Hour,UTC,Providing,Current,400000,400000,0.096200153231621,0,0
"2025-04-20 09:00:00","2025-04-20 10:00:00",Nederland,WindOffshoreC,Hour,UTC,Providing,Current,423000,423000,0.10173167288303,0,0
"2025-04-20 10:00:00","2025-04-20 11:00:00",Nederland,WindOffshoreC,Hour,UTC,Providing,Current,461250,461250,0.1109310016036,0,0
"2025-04-20 11:00:00","2025-04-20 12:00:00",Nederland,WindOffshoreC,Hour,UTC,Providing,Current,360250,360250,0.086640276014805,0,0
"2025-04-20 12:00:00","2025-04-20 13:00:00",Nederland,WindOffshoreC,Hour,UTC,Providing,Current,481250,481250,0.11574072390795,0,0
"2025-04-20 13:00:00","2025-04-20 14:00:00",Nederland,WindOffshoreC,Hour,UTC,Providing,Current,543250,543250,0.13065175712109,0,0
"2025-04-20 14:00:00","2025-04-20 15:00:00",Nederland,WindOffshoreC,Hour,UTC,Providing,Current,663249,663249,0.15951150655746,0,0
"2025-04-20 15:00:00","2025-04-20 16:00:00",Nederland,WindOffshoreC,Hour,UTC,Providing,Current,796249,796249,0.19149824976921,0,0
"2025-04-20 16:00:00","2025-04-20 17:00:00",Nederland,WindOffshoreC,Hour,UTC,Providing,Current,784250,784250,0.18861225247383,0,0
"2025-04-20 17:00:00","2025-04-20 18:00:00",Nederland,WindOffshoreC,Hour,UTC,Providing,Current,714249,714249,0.17177675664425,0,0
"2025-04-20 18:00:00","2025-04-20 19:00:00",Nederland,WindOffshoreC,Hour,UTC,Providing,Current,621250,621250,0.14941075444221,0,0
"2025-04-20 19:00:00","2025-04-20 20:00:00",Nederland,WindOffshoreC,Hour,UTC,Providing,Current,453249,453249,0.10900639742613,0,0
"2025-04-20 20:00:00","2025-04-20 21:00:00",Nederland,WindOffshoreC,Hour,UTC,Providing,Current,367251,367251,0.088323973119259,0,0
"2025-04-20 21:00:00","2025-04-20 22:00:00",Nederland,WindOffshoreC,Hour,UTC,Providing,Current,275750,275750,0.066317923367023,0,0
"2025-04-20 22:00:00","2025-04-20 23:00:00",Nederland,WindOffshoreC,Hour,UTC,Providing,Current,186750,186750,0.044913426041603,0,0
"2025-04-20 23:00:00","2025-04-21 00:00:00",Nederland,WindOffshoreC,Hour,UTC,Providing,Current,117000,117000,0.028138525784016,0,0
"2025-04-21 00:00:00","2025-04-21 01:00:00",Nederland,WindOffshoreC,Hour,UTC,Providing,Current,48250,48250,0.011604130268097,0,0
"2025-04-21 01:00:00","2025-04-21 02:00:00",Nederland,WindOffshoreC,Hour,UTC,Providing,Current,50750,50750,0.012205412611365,0,0
"2025-04-21 02:00:00","2025-04-21 03:00:00",Nederland,WindOffshoreC,Hour,UTC,Providing,Current,57250,57250,0.01376867480576,0,0
"2025-04-21 03:00:00","2025-04-21 04:00:00",Nederland,WindOffshoreC,Hour,UTC,Providing,Current,47751,47751,0.01148413028568,0,0
"2025-04-21 04:00:00","2025-04-21 05:00:00",Nederland,WindOffshoreC,Hour,UTC,Providing,Current,27251,27251,0.0065538724884391,0,0
"2025-04-21 05:00:00","2025-04-21 06:00:00",Nederland,WindOffshoreC,Hour,UTC,Providing,Current,7750,7750,0.0018638772889972,0,0
"2025-04-21 06:00:00","2025-04-21 07:00:00",Nederland,WindOffshoreC,Hour,UTC,Providing,Current,3750,3750,0.00090187776368111,0,0
"2025-04-21 07:00:00","2025-04-21 08:00:00",Nederland,WindOffshoreC,Hour,UTC,Providing,Current,1251,1251,0.00030086573679,0,0
"2025-04-21 08:00:00","2025-04-21 09:00:00",Nederland,WindOffshoreC,Hour,UTC,Providing,Current,7750,7750,0.0018638751935214,0,0
"2025-04-21 09:00:00","2025-04-21 10:00:00",Nederland,WindOffshoreC,Hour,UTC,Providing,Current,31500,31500,0.0075757601298392,0,0
"2025-04-21 10:00:00","2025-04-21 11:00:00",Nederland,WindOffshoreC,Hour,UTC,Providing,Current,18001,18001,0.0043292450718582,0,0
"2025-04-21 11:00:00","2025-04-21 12:00:00",Nederland,WindOffshoreC,Hour,UTC,Providing,Current,10001,10001,0.0024052425287664,0,0
"2025-04-21 12:00:00","2025-04-21 13:00:00",Nederland,WindOffshoreC,Hour,UTC,Providing,Current,13000,13000,0.0031264999415725,0,0
"2025-04-21 13:00:00","2025-04-21 14:00:00",Nederland,WindOffshoreC,Hour,UTC,Providing,Current,18750,18750,0.0045093800872564,0,0
"2025-04-21 14:00:00","2025-04-21 15:00:00",Nederland,WindOffshoreC,Hour,UTC,Providing,Current,24250,24250,0.0058321300894022,0,0
"2025-04-21 15:00:00","2025-04-21 16:00:00",Nederland,WindOffshoreC,Hour,UTC,Providing,Current,48250,48250,0.011604155413806,0,0
"2025-04-21 16:00:00","2025-04-21 17:00:00",Nederland,WindOffshoreC,Hour,UTC,Providing,Current,16501,16501,0.003968495875597,0,0
"2025-04-21 17:00:00","2025-04-21 18:00:00",Nederland,WindOffshoreC,Hour,UTC,Providing,Current,55250,55250,0.013287650421262,0,0
"2025-04-21 18:00:00","2025-04-21 19:00:00",Nederland,WindOffshoreC,Hour,UTC,Providing,Current,91250,91250,0.021945675835013,0,0
"2025-04-21 19:00:00","2025-04-21 20:00:00",Nederland,WindOffshoreC,Hour,UTC,Providing,Current,209499,209499,0.050384551286697,0,0
"2025-04-21 20:00:00","2025-04-21 21:00:00",Nederland,WindOffshoreC,Hour,UTC,Providing,Current,478501,478501,0.11507949978113,0,0
"2025-04-21 21:00:00","2025-04-21 22:00:00",Nederland,WindOffshoreC,Hour,UTC,Providing,Current,545500,545500,0.13119274377823,0,0
"2025-04-21 22:00:00","2025-04-21 23:00:00",Nederland,WindOffshoreC,Hour,UTC,Providing,Current,524000,524000,0.12602224946022,0,0
"2025-04-21 23:00:00","2025-04-22 00:00:00",Nederland,WindOffshoreC,Hour,UTC,Providing,Current,439750,439750,0.10575974732637,0,0
"2025-04-22 00:00:00","2025-04-22 01:00:00",Nederland,WindOffshoreC,Hour,UTC,Providing,Current,379999,379999,0.091389797627926,0,0
"2025-04-22 01:00:00","2025-04-22 02:00:00",Nederland,WindOffshoreC,Hour,UTC,Providing,Current,287000,287000,0.069023549556732,0,0
"2025-04-22 02:00:00","2025-04-22 03:00:00",Nederland,WindOffshoreC,Hour,UTC,Providing,Current,315500,315500,0.075877800583839,0,0
"2025-04-22 03:00:00","2025-04-22 04:00:00",Nederland,WindOffshoreC,Hour,UTC,Providing,Current,382000,382000,0.091871127486229,0,0
"2025-04-22 04:00:00","2025-04-22 05:00:00",Nederland,WindOffshoreC,Hour,UTC,Providing,Current,383500,383500,0.092231772840023,0,0
"2025-04-22 05:00:00","2025-04-22 06:00:00",Nederland,WindOffshoreC,Hour,UTC,Providing,Current,324500,324500,0.078042298555374,0,0
"2025-04-22 06:00:00","2025-04-22 07:00:00",Nederland,WindOffshoreC,Hour,UTC,Providing,Current,258751,258751,0.062229674309492,0,0
"2025-04-22 07:00:00","2025-04-22 08:00:00",Nederland,WindOffshoreC,Hour,UTC,Providing,Current,245751,245751,0.059103198349476,0,0
"2025-04-22 08:00:00","2025-04-22 09:00:00",Nederland,WindOffshoreC,Hour,UTC,Providing,Current,228499,228499,0.054954074323177,0,0
"2025-04-22 09:00:00","2025-04-22 10:00:00",Nederland,WindOffshoreC,Hour,UTC,Providing,Current,230500,230500,0.055435325950384,0,0
"2025-04-22 10:00:00","2025-04-22 11:00:00",Nederland,WindOffshoreC,Hour,UTC,Providing,Current,194251,194251,0.046717401593924,0,0
"2025-04-22 11:00:00","2025-04-22 12:00:00",Nederland,WindOffshoreC,Hour,UTC,Providing,Current,165999,165999,0.039922773838043,0,0
"2025-04-22 12:00:00","2025-04-22 13:00:00",Nederland,WindOffshoreC,Hour,UTC,Providing,Current,197000,197000,0.047378525137901,0,0
"2025-04-22 13:00:00","2025-04-22 14:00:00",Nederland,WindOffshoreC,Hour,UTC,Providing,Current,235250,235250,0.056577701121569,0,0
"2025-04-22 14:00:00","2025-04-22 15:00:00",Nederland,WindOffshoreC,Hour,UTC,Providing,Current,174250,174250,0.041907150298357,0,0
"2025-04-22 15:00:00","2025-04-22 16:00:00",Nederland,WindOffshoreC,Hour,UTC,Providing,Current,72500,72500,0.01743627525866,0,0
"2025-04-22 16:00:00","2025-04-22 17:00:00",Nederland,WindOffshoreC,Hour,UTC,Providing,Current,77500,77500,0.018638774752617,0,0
"2025-04-22 17:00:00","2025-04-22 18:00:00",Nederland,WindOffshoreC,Hour,UTC,Providing,Current,118000,118000,0.028379024937749,0,0
"2025-04-22 18:00:00","2025-04-22 19:00:00",Nederland,WindOffshoreC,Hour,UTC,Providing,Current,172750,172750,0.041546400636435,0,0
"2025-04-22 19:00:00","2025-04-22 20:00:00",Nederland,WindOffshoreC,Hour,UTC,Providing,Current,256750,256750,0.061748426407576,0,0
"2025-04-22 20:00:00","2025-04-22 21:00:00",Nederland,WindOffshoreC,Hour,UTC,Providing,Current,426501,426501,0.10257379710674,0,0
"2025-04-22 21:00:00","2025-04-22 22:00:00",Nederland,WindOffshoreC,Hour,UTC,Providing,Current,420000,420000,0.10101004689932,0,0
"2025-04-22 22:00:00","2025-04-22 23:00:00",Nederland,WindOffshoreC,Hour,UTC,Providing,Current,384750,384750,0.092532448470592,0,0
"2025-04-22 23:00:00","2025-04-23 00:00:00",Nederland,WindOffshoreC,Hour,UTC,Providing,Current,265249,265249,0.063792422413826,0,0
"2025-04-23 00:00:00","2025-04-23 01:00:00",Nederland,WindOffshoreC,Hour,UTC,Providing,Current,196749,196749,0.047318175435066,0,0
"2025-04-23 01:00:00","2025-04-23 02:00:00",Nederland,WindOffshoreC,Hour,UTC,Providing,Current,164749,164749,0.03962217643857,0,0
"2025-04-23 02:00:00","2025-04-23 03:00:00",Nederland,WindOffshoreC,Hour,UTC,Providing,Current,154500,154500,0.037157274782658,0,0
"2025-04-23 03:00:00","2025-04-23 04:00:00",Nederland,WindOffshoreC,Hour,UTC,Providing,Current,160501,160501,0.038600526750088,0,0
"2025-04-23 04:00:00","2025-04-23 05:00:00",Nederland,WindOffshoreC,Hour,UTC,Providing,Current,305999,305999,0.073592826724052,0,0
"2025-04-23 05:00:00","2025-04-23 06:00:00",Nederland,WindOffshoreC,Hour,UTC,Providing,Current,206751,206751,0.049723699688911,0,0
"2025-04-23 06:00:00","2025-04-23 07:00:00",Nederland,WindOffshoreC,Hour,UTC,Providing,Current,174750,174750,0.042027398943901,0,0
"2025-04-23 07:00:00","2025-04-23 08:00:00",Nederland,WindOffshoreC,Hour,UTC,Providing,Current,277749,277749,0.066798701882362,0,0
"2025-04-23 08:00:00","2025-04-23 09:00:00",Nederland,WindOffshoreC,Hour,UTC,Providing,Current,380250,380250,0.091450147330761,0,0
"2025-04-23 09:00:00","2025-04-23 10:00:00",Nederland,WindOffshoreC,Hour,UTC,Providing,Current,298500,298500,0.071789301931858,0,0
"2025-04-23 10:00:00","2025-04-23 11:00:00",Nederland,WindOffshoreC,Hour,UTC,Providing,Current,231250,231250,0.055615674704313,0,0
"2025-04-23 11:00:00","2025-04-23 12:00:00",Nederland,WindOffshoreC,Hour,UTC,Providing,Current,290500,290500,0.069865323603153,0,0
"2025-04-23 12:00:00","2025-04-23 13:00:00",Nederland,WindOffshoreC,Hour,UTC,Providing,Current,512500,512500,0.12325625121593,0,0
"2025-04-23 13:00:00","2025-04-23 14:00:00",Nederland,WindOffshoreC,Hour,UTC,Providing,Current,627501,627501,0.15091399848461,0,0
"2025-04-23 14:00:00","2025-04-23 15:00:00",Nederland,WindOffshoreC,Hour,UTC,Providing,Current,568250,568250,0.13666400313377,0,0
"2025-04-23 15:00:00","2025-04-23 16:00:00",Nederland,WindOffshoreC,Hour,UTC,Providing,Current,616500,616500,0.14826825261116,0,0
"2025-04-23 16:00:00","2025-04-23 17:00:00",Nederland,WindOffshoreC,Hour,UTC,Providing,Current,809500,809500,0.19468499720097,0,0
"2025-04-23 17:00:00","2025-04-23 18:00:00",Nederland,WindOffshoreC,Hour,UTC,Providing,Current,1003500,1003500,0.2413419932127,0,0
"2025-04-23 18:00:00","2025-04-23 19:00:00",Nederland,WindOffshoreC,Hour,UTC,Providing,Current,1284000,1284000,0.30880224704742,0,0
"2025-04-23 19:00:00","2025-04-23 20:00:00",Nederland,WindOffshoreC,Hour,UTC,Providing,Current,1566999,1566999,0.37686374783516,0,0
"2025-04-23 20:00:00","2025-04-23 21:00:00",Nederland,WindOffshoreC,Hour,UTC,Providing,Current,1787249,1787249,0.42983400821686,0,0
"2025-04-23 21:00:00","2025-04-23 22:00:00",Nederland,WindOffshoreC,Hour,UTC,Providing,Current,2084250,2084250,0.50126272439957,0,0
"2025-04-23 22:00:00","2025-04-23 23:00:00",Nederland,WindOffshoreC,Hour,UTC,Providing,Current,2176249,2176249,0.52338826656342,0,0
"2025-04-23 23:00:00","2025-04-24 00:00:00",Nederland,WindOffshoreC,Hour,UTC,Providing,Current,2413000,2413000,0.58032697439194,0,0
"2025-04-24 00:00:00","2025-04-24 01:00:00",Nederland,WindOffshoreC,Hour,UTC,Providing,Current,2546499,2546499,0.61243373155594,0,0
"2025-04-24 01:00:00","2025-04-24 02:00:00",Nederland,WindOffshoreC,Hour,UTC,Providing,Current,2915000,2915000,0.70105850696564,0,0
"2025-04-24 02:00:00","2025-04-24 03:00:00",Nederland,WindOffshoreC,Hour,UTC,Providing,Current,3039251,3039251,0.73094022274017,0,0
"2025-04-24 03:00:00","2025-04-24 04:00:00",Nederland,WindOffshoreC,Hour,UTC,Providing,Current,3200500,3200500,0.76972097158432,0,0
"2025-04-24 04:00:00","2025-04-24 05:00:00",Nederland,WindOffshoreC,Hour,UTC,Providing,Current,3356500,3356500,0.8072389960289,0,0
"2025-04-24 05:00:00","2025-04-24 06:00:00",Nederland,WindOffshoreC,Hour,UTC,Providing,Current,3390500,3390500,0.8154159784317,0,0
"2025-04-24 06:00:00","2025-04-24 07:00:00",Nederland,WindOffshoreC,Hour,UTC,Providing,Current,3296250,3296250,0.79274874925613,0,0
"2025-04-24 07:00:00","2025-04-24 08:00:00",Nederland,WindOffshoreC,Hour,UTC,Providing,Current,2911999,2911999,0.70033651590347,0,0
"2025-04-24 08:00:00","2025-04-24 09:00:00",Nederland,WindOffshoreC,Hour,UTC,Providing,Current,2638001,2638001,0.63443976640701,0,0
"2025-04-24 09:00:00","2025-04-24 10:00:00",Nederland,WindOffshoreC,Hour,UTC,Providing,Current,2809500,2809500,0.67568522691727,0,0
"2025-04-24 10:00:00","2025-04-24 11:00:00",Nederland,WindOffshoreC,Hour,UTC,Providing,Current,2732500,2732500,0.65716701745987,0,0
"2025-04-24 11:00:00","2025-04-24 12:00:00",Nederland,WindOffshoreC,Hour,UTC,Providing,Current,2715500,2715500,0.65307849645615,0,0
"2025-04-24 12:00:00","2025-04-24 13:00:00",Nederland,WindOffshoreC,Hour,UTC,Providing,Current,2835251,2835251,0.68187874555588,0,0
"2025-04-24 13:00:00","2025-04-24 14:00:00",Nederland,WindOffshoreC,Hour,UTC,Providing,Current,2865500,2865500,0.68915349245071,0,0
"2025-04-24 14:00:00","2025-04-24 15:00:00",Nederland,WindOffshoreC,Hour,UTC,Providing,Current,2755500,2755500,0.66269850730896,0,0
"2025-04-24 15:00:00","2025-04-24 16:00:00",Nederland,WindOffshoreC,Hour,UTC,Providing,Current,2598501,2598501,0.62494027614594,0,0
"2025-04-24 16:00:00","2025-04-24 17:00:00",Nederland,WindOffshoreC,Hour,UTC,Providing,Current,2396000,2396000,0.57623851299286,0,0
"2025-04-24 17:00:00","2025-04-24 18:00:00",Nederland,WindOffshoreC,Hour,UTC,Providing,Current,2110500,2110500,0.50757575035095,0,0
"2025-04-24 18:00:00","2025-04-24 19:00:00",Nederland,WindOffshoreC,Hour,UTC,Providing,Current,1832750,1832750,0.4407767355442,0,0
"2025-04-24 19:00:00","2025-04-24 20:00:00",Nederland,WindOffshoreC,Hour,UTC,Providing,Current,1896249,1896249,0.45604848861694,0,0
"2025-04-24 20:00:00","2025-04-24 21:00:00",Nederland,WindOffshoreC,Hour,UTC,Providing,Current,1658750,1658750,0.39893001317978,0,0
"2025-04-24 21:00:00","2025-04-24 22:00:00",Nederland,WindOffshoreC,Hour,UTC,Providing,Current,1556751,1556751,0.37439900636673,0,0
"2025-04-24 22:00:00","2025-04-24 23:00:00",Nederland,WindOffshoreC,Hour,UTC,Providing,Current,1247000,1247000,0.2999039888382,0,0
"2025-04-24 23:00:00","2025-04-25 00:00:00",Nederland,WindOffshoreC,Hour,UTC,Providing,Current,957750,957750,0.23033875226974,0,0
"2025-04-25 00:00:00","2025-04-25 01:00:00",Nederland,WindOffshoreC,Hour,UTC,Providing,Current,773751,773751,0.18608750402927,0,0
"2025-04-25 01:00:00","2025-04-25 02:00:00",Nederland,WindOffshoreC,Hour,UTC,Providing,Current,720501,720501,0.17328050732613,0,0
"2025-04-25 02:00:00","2025-04-25 03:00:00",Nederland,WindOffshoreC,Hour,UTC,Providing,Current,743749,743749,0.1788717508316,0,0
"2025-04-25 03:00:00","2025-04-25 04:00:00",Nederland,WindOffshoreC,Hour,UTC,Providing,Current,988249,988249,0.23767425119877,0,0
"2025-04-25 04:00:00","2025-04-25 05:00:00",Nederland,WindOffshoreC,Hour,UTC,Providing,Current,1170500,1170500,0.28150549530983,0,0
"2025-04-25 05:00:00","2025-04-25 06:00:00",Nederland,WindOffshoreC,Hour,UTC,Providing,Current,1182251,1182251,0.28433173894882,0,0
"2025-04-25 06:00:00","2025-04-25 07:00:00",Nederland,WindOffshoreC,Hour,UTC,Providing,Current,1024501,1024501,0.24639275670052,0,0
"2025-04-25 07:00:00","2025-04-25 08:00:00",Nederland,WindOffshoreC,Hour,UTC,Providing,Current,857001,857001,0.20610874891281,0,0
"2025-04-25 08:00:00","2025-04-25 09:00:00",Nederland,WindOffshoreC,Hour,UTC,Providing,Current,693750,693750,0.16684700548649,0,0
"2025-04-25 09:00:00","2025-04-25 10:00:00",Nederland,WindOffshoreC,Hour,UTC,Providing,Current,719500,719500,0.17304000258446,0,0
"2025-04-25 10:00:00","2025-04-25 11:00:00",Nederland,WindOffshoreC,Hour,UTC,Providing,Current,568750,568750,0.13678449392319,0,0
"2025-04-25 11:00:00","2025-04-25 12:00:00",Nederland,WindOffshoreC,Hour,UTC,Providing,Current,547750,547750,0.13173399865627,0,0
"2025-04-25 12:00:00","2025-04-25 13:00:00",Nederland,WindOffshoreC,Hour,UTC,Providing,Current,561750,561750,0.13510124385357,0,0
"2025-04-25 13:00:00","2025-04-25 14:00:00",Nederland,WindOffshoreC,Hour,UTC,Providing,Current,586750,586750,0.14111325144768,0,0
"2025-04-25 14:00:00","2025-04-25 15:00:00",Nederland,WindOffshoreC,Hour,UTC,Providing,Current,587251,587251,0.14123375713825,0,0
"2025-04-25 15:00:00","2025-04-25 16:00:00",Nederland,WindOffshoreC,Hour,UTC,Providing,Current,639500,639500,0.15379999577999,0,0
"2025-04-25 16:00:00","2025-04-25 17:00:00",Nederland,WindOffshoreC,Hour,UTC,Providing,Current,667000,667000,0.16041375696659,0,0
"2025-04-25 17:00:00","2025-04-25 18:00:00",Nederland,WindOffshoreC,Hour,UTC,Providing,Current,736500,736500,0.17712849378586,0,0
"2025-04-25 18:00:00","2025-04-25 19:00:00",Nederland,WindOffshoreC,Hour,UTC,Providing,Current,733000,733000,0.17628675699234,0,0
"2025-04-25 19:00:00","2025-04-25 20:00:00",Nederland,WindOffshoreC,Hour,UTC,Providing,Current,708000,708000,0.17027424275875,0,0
"2025-04-25 20:00:00","2025-04-25 21:00:00",Nederland,WindOffshoreC,Hour,UTC,Providing,Current,708750,708750,0.17045475542545,0,0
"2025-04-25 21:00:00","2025-04-25 22:00:00",Nederland,WindOffshoreC,Hour,UTC,Providing,Current,690250,690250,0.16600525379181,0,0
"2025-04-25 22:00:00","2025-04-25 23:00:00",Nederland,WindOffshoreC,Hour,UTC,Providing,Current,569001,569001,0.13684499263763,0,0
"2025-04-25 23:00:00","2025-04-26 00:00:00",Nederland,WindOffshoreC,Hour,UTC,Providing,Current,531501,531501,0.12782624363899,0,0
"2025-04-26 00:00:00","2025-04-26 01:00:00",Nederland,WindOffshoreC,Hour,UTC,Providing,Current,609000,609000,0.14646449685097,0,0
"2025-04-26 01:00:00","2025-04-26 02:00:00",Nederland,WindOffshoreC,Hour,UTC,Providing,Current,664001,664001,0.15969249606133,0,0
"2025-04-26 02:00:00","2025-04-26 03:00:00",Nederland,WindOffshoreC,Hour,UTC,Providing,Current,631500,631500,0.15187600255013,0,0
"2025-04-26 03:00:00","2025-04-26 04:00:00",Nederland,WindOffshoreC,Hour,UTC,Providing,Current,491751,491751,0.11826600134373,0,0
"2025-04-26 04:00:00","2025-04-26 05:00:00",Nederland,WindOffshoreC,Hour,UTC,Providing,Current,437749,437749,0.10527899861336,0,0
"2025-04-26 05:00:00","2025-04-26 06:00:00",Nederland,WindOffshoreC,Hour,UTC,Providing,Current,354500,354500,0.085257299244404,0,0
"2025-04-26 06:00:00","2025-04-26 07:00:00",Nederland,WindOffshoreC,Hour,UTC,Providing,Current,296750,296750,0.07136844843626,0,0
"2025-04-26 07:00:00","2025-04-26 08:00:00",Nederland,WindOffshoreC,Hour,UTC,Providing,Current,248000,248000,0.059644050896168,0,0
"2025-04-26 08:00:00","2025-04-26 09:00:00",Nederland,WindOffshoreC,Hour,UTC,Providing,Current,251750,251750,0.060545925050974,0,0
"2025-04-26 09:00:00","2025-04-26 10:00:00",Nederland,WindOffshoreC,Hour,UTC,Providing,Current,309500,309500,0.07443480193615,0,0
"2025-04-26 10:00:00","2025-04-26 11:00:00",Nederland,WindOffshoreC,Hour,UTC,Providing,Current,292249,292249,0.070285953581333,0,0
"2025-04-26 11:00:00","2025-04-26 12:00:00",Nederland,WindOffshoreC,Hour,UTC,Providing,Current,235499,235499,0.056637573987246,0,0
"2025-04-26 12:00:00","2025-04-26 13:00:00",Nederland,WindOffshoreC,Hour,UTC,Providing,Current,354750,354750,0.085317499935627,0,0
"2025-04-26 13:00:00","2025-04-26 14:00:00",Nederland,WindOffshoreC,Hour,UTC,Providing,Current,491250,491250,0.11814569681883,0,0
"2025-04-26 14:00:00","2025-04-26 15:00:00",Nederland,WindOffshoreC,Hour,UTC,Providing,Current,1048500,1048500,0.2521645128727,0,0
"2025-04-26 15:00:00","2025-04-26 16:00:00",Nederland,WindOffshoreC,Hour,UTC,Providing,Current,925250,925250,0.22252275049686,0,0
"2025-04-26 16:00:00","2025-04-26 17:00:00",Nederland,WindOffshoreC,Hour,UTC,Providing,Current,1021000,1021000,0.24555049836636,0,0
"2025-04-26 17:00:00","2025-04-26 18:00:00",Nederland,WindOffshoreC,Hour,UTC,Providing,Current,1139500,1139500,0.27404999732971,0,0
"2025-04-26 18:00:00","2025-04-26 19:00:00",Nederland,WindOffshoreC,Hour,UTC,Providing,Current,1254500,1254500,0.30170750617981,0,0
"2025-04-26 19:00:00","2025-04-26 20:00:00",Nederland,WindOffshoreC,Hour,UTC,Providing,Current,1286000,1286000,0.30928298830986,0,0
"2025-04-26 20:00:00","2025-04-26 21:00:00",Nederland,WindOffshoreC,Hour,UTC,Providing,Current,1088499,1088499,0.26178425550461,0,0
"2025-04-26 21:00:00","2025-04-26 22:00:00",Nederland,WindOffshoreC,Hour,UTC,Providing,Current,910499,910499,0.21897499263287,0,0
"2025-04-26 22:00:00","2025-04-26 23:00:00",Nederland,WindOffshoreC,Hour,UTC,Providing,Current,664002,664002,0.15969249606133,0,0
"2025-04-26 23:00:00","2025-04-27 00:00:00",Nederland,WindOffshoreC,Hour,UTC,Providing,Current,507750,507750,0.12211400270462,0,0
"2025-04-27 00:00:00","2025-04-27 01:00:00",Nederland,WindOffshoreC,Hour,UTC,Providing,Current,457000,457000,0.10990849882364,0,0
"2025-04-27 01:00:00","2025-04-27 02:00:00",Nederland,WindOffshoreC,Hour,UTC,Providing,Current,473249,473249,0.11381649971008,0,0
"2025-04-27 02:00:00","2025-04-27 03:00:00",Nederland,WindOffshoreC,Hour,UTC,Providing,Current,498250,498250,0.11982925236225,0,0
"2025-04-27 03:00:00","2025-04-27 04:00:00",Nederland,WindOffshoreC,Hour,UTC,Providing,Current,398251,398251,0.095779277384281,0,0
"2025-04-27 04:00:00","2025-04-27 05:00:00",Nederland,WindOffshoreC,Hour,UTC,Providing,Current,319250,319250,0.076779700815678,0,0
"2025-04-27 05:00:00","2025-04-27 06:00:00",Nederland,WindOffshoreC,Hour,UTC,Providing,Current,244500,244500,0.058802325278521,0,0
"2025-04-27 06:00:00","2025-04-27 07:00:00",Nederland,WindOffshoreC,Hour,UTC,Providing,Current,141001,141001,0.033910751342773,0,0
"2025-04-27 07:00:00","2025-04-27 08:00:00",Nederland,WindOffshoreC,Hour,UTC,Providing,Current,84499,84499,0.020322050899267,0,0
"2025-04-27 08:00:00","2025-04-27 09:00:00",Nederland,WindOffshoreC,Hour,UTC,Providing,Current,76251,76251,0.018338400870562,0,0
"2025-04-27 09:00:00","2025-04-27 10:00:00",Nederland,WindOffshoreC,Hour,UTC,Providing,Current,97250,97250,0.023388674482703,0,0
"2025-04-27 10:00:00","2025-04-27 11:00:00",Nederland,WindOffshoreC,Hour,UTC,Providing,Current,74500,74500,0.01791724935174,0,0
"2025-04-27 11:00:00","2025-04-27 12:00:00",Nederland,WindOffshoreC,Hour,UTC,Providing,Current,68250,68250,0.016414150595665,0,0
"2025-04-27 12:00:00","2025-04-27 13:00:00",Nederland,WindOffshoreC,Hour,UTC,Providing,Current,67002,67002,0.016114000231028,0,0
"2025-04-27 13:00:00","2025-04-27 14:00:00",Nederland,WindOffshoreC,Hour,UTC,Providing,Current,55000,55000,0.013227525167167,0,0
"2025-04-27 14:00:00","2025-04-27 15:00:00",Nederland,WindOffshoreC,Hour,UTC,Providing,Current,107502,107502,0.02585425041616,0,0
"2025-04-27 15:00:00","2025-04-27 16:00:00",Nederland,WindOffshoreC,Hour,UTC,Providing,Current,184249,184249,0.044311925768852,0,0
"2025-04-27 16:00:00","2025-04-27 17:00:00",Nederland,WindOffshoreC,Hour,UTC,Providing,Current,205750,205750,0.049482900649309,0,0
"2025-04-27 17:00:00","2025-04-27 18:00:00",Nederland,WindOffshoreC,Hour,UTC,Providing,Current,129000,129000,0.031024500727654,0,0
"2025-04-27 18:00:00","2025-04-27 19:00:00",Nederland,WindOffshoreC,Hour,UTC,Providing,Current,99500,99500,0.0239297747612,0,0
"2025-04-27 19:00:00","2025-04-27 20:00:00",Nederland,WindOffshoreC,Hour,UTC,Providing,Current,30500,30500,0.007335267495364,0,0
"2025-04-27 20:00:00","2025-04-27 21:00:00",Nederland,WindOffshoreC,Hour,UTC,Providing,Current,9251,9251,0.0022248674649745,0,0
"2025-04-27 21:00:00","2025-04-27 22:00:00",Nederland,WindOffshoreC,Hour,UTC,Providing,Current,4500,4500,0.0010822529438883,0,0
"2025-04-27 22:00:00","2025-04-27 23:00:00",Nederland,WindOffshoreC,Hour,UTC,Providing,Current,2750,2750,0.00066137575777248,0,0
"2025-04-27 23:00:00","2025-04-28 00:00:00",Nederland,WindOffshoreC,Hour,UTC,Providing,Current,1002,1002,0.0002409809967503,0,0
"2025-04-28 00:00:00","2025-04-28 01:00:00",Nederland,WindOffshoreC,Hour,UTC,Providing,Current,1500,1500,0.00036075027310289,0,0
"2025-04-28 01:00:00","2025-04-28 02:00:00",Nederland,WindOffshoreC,Hour,UTC,Providing,Current,0,0,0,0,0
"2025-04-28 02:00:00","2025-04-28 03:00:00",Nederland,WindOffshoreC,Hour,UTC,Providing,Current,0,0,0,0,0
"2025-04-28 03:00:00","2025-04-28 04:00:00",Nederland,WindOffshoreC,Hour,UTC,Providing,Current,750,750,0.00018037500558421,0,0
"2025-04-28 04:00:00","2025-04-28 05:00:00",Nederland,WindOffshoreC,Hour,UTC,Providing,Current,5250,5250,0.0012626249808818,0,0
"2025-04-28 05:00:00","2025-04-28 06:00:00",Nederland,WindOffshoreC,Hour,UTC,Providing,Current,6000,6000,0.0014430050505325,0,0
"2025-04-28 06:00:00","2025-04-28 07:00:00",Nederland,WindOffshoreC,Hour,UTC,Providing,Current,9500,9500,0.002284754998982,0,0
"2025-04-28 07:00:00","2025-04-28 08:00:00",Nederland,WindOffshoreC,Hour,UTC,Providing,Current,22750,22750,0.0054713822901249,0,0
"2025-04-28 08:00:00","2025-04-28 09:00:00",Nederland,WindOffshoreC,Hour,UTC,Providing,Current,38750,38750,0.0093193845823407,0,0
"2025-04-28 09:00:00","2025-04-28 10:00:00",Nederland,WindOffshoreC,Hour,UTC,Providing,Current,41749,41749,0.010040654800832,0,0
"2025-04-28 10:00:00","2025-04-28 11:00:00",Nederland,WindOffshoreC,Hour,UTC,Providing,Current,60500,60500,0.014550250023603,0,0
"2025-04-28 11:00:00","2025-04-28 12:00:00",Nederland,WindOffshoreC,Hour,UTC,Providing,Current,101499,101499,0.024410525336862,0,0
"2025-04-28 12:00:00","2025-04-28 13:00:00",Nederland,WindOffshoreC,Hour,UTC,Providing,Current,120251,120251,0.028920374810696,0,0
"2025-04-28 13:00:00","2025-04-28 14:00:00",Nederland,WindOffshoreC,Hour,UTC,Providing,Current,123250,123250,0.029641650617123,0,0
"2025-04-28 14:00:00","2025-04-28 15:00:00",Nederland,WindOffshoreC,Hour,UTC,Providing,Current,70500,70500,0.016955275088549,0,0
"2025-04-28 15:00:00","2025-04-28 16:00:00",Nederland,WindOffshoreC,Hour,UTC,Providing,Current,39750,39750,0.0095598772168159,0,0
"2025-04-28 16:00:00","2025-04-28 17:00:00",Nederland,WindOffshoreC,Hour,UTC,Providing,Current,39501,39501,0.0095000024884939,0,0
"2025-04-28 17:00:00","2025-04-28 18:00:00",Nederland,WindOffshoreC,Hour,UTC,Providing,Current,92250,92250,0.022186174988747,0,0
"2025-04-28 18:00:00","2025-04-28 19:00:00",Nederland,WindOffshoreC,Hour,UTC,Providing,Current,120500,120500,0.02898027561605,0,0
"2025-04-28 19:00:00","2025-04-28 20:00:00",Nederland,WindOffshoreC,Hour,UTC,Providing,Current,120001,120001,0.028860250487924,0,0
"2025-04-28 20:00:00","2025-04-28 21:00:00",Nederland,WindOffshoreC,Hour,UTC,Providing,Current,145752,145752,0.03505339846015,0,0
"2025-04-28 21:00:00","2025-04-28 22:00:00",Nederland,WindOffshoreC,Hour,UTC,Providing,Current,192751,192751,0.046356648206711,0,0
"2025-04-28 22:00:00","2025-04-28 23:00:00",Nederland,WindOffshoreC,Hour,UTC,Providing,Current,195751,195751,0.047078173607588,0,0
"2025-04-28 23:00:00","2025-04-29 00:00:00",Nederland,WindOffshoreC,Hour,UTC,Providing,Current,191500,191500,0.046055775135756,0,0
"2025-04-29 00:00:00","2025-04-29 01:00:00",Nederland,WindOffshoreC,Hour,UTC,Providing,Current,162751,162751,0.039141625165939,0,0
"2025-04-29 01:00:00","2025-04-29 02:00:00",Nederland,WindOffshoreC,Hour,UTC,Providing,Current,158502,158502,0.038119748234749,0,0
"2025-04-29 02:00:00","2025-04-29 03:00:00",Nederland,WindOffshoreC,Hour,UTC,Providing,Current,197000,197000,0.047378551214933,0,0
"2025-04-29 03:00:00","2025-04-29 04:00:00",Nederland,WindOffshoreC,Hour,UTC,Providing,Current,196501,196501,0.047258548438549,0,0
"2025-04-29 04:00:00","2025-04-29 05:00:00",Nederland,WindOffshoreC,Hour,UTC,Providing,Current,221501,221501,0.053271073848009,0,0
"2025-04-29 05:00:00","2025-04-29 06:00:00",Nederland,WindOffshoreC,Hour,UTC,Providing,Current,243249,243249,0.058501426130533,0,0
"2025-04-29 06:00:00","2025-04-29 07:00:00",Nederland,WindOffshoreC,Hour,UTC,Providing,Current,210750,210750,0.050685450434685,0,0
"2025-04-29 07:00:00","2025-04-29 08:00:00",Nederland,WindOffshoreC,Hour,UTC,Providing,Current,195498,195498,0.047017298638821,0,0
"2025-04-29 08:00:00","2025-04-29 09:00:00",Nederland,WindOffshoreC,Hour,UTC,Providing,Current,137250,137250,0.033008649945259,0,0
"2025-04-29 09:00:00","2025-04-29 10:00:00",Nederland,WindOffshoreC,Hour,UTC,Providing,Current,66250,66250,0.01593317463994,0,0
"2025-04-29 10:00:00","2025-04-29 11:00:00",Nederland,WindOffshoreC,Hour,UTC,Providing,Current,78000,78000,0.018759025260806,0,0
"2025-04-29 11:00:00","2025-04-29 12:00:00",Nederland,WindOffshoreC,Hour,UTC,Providing,Current,81750,81750,0.019660899415612,0,0
"2025-04-29 12:00:00","2025-04-29 13:00:00",Nederland,WindOffshoreC,Hour,UTC,Providing,Current,126000,126000,0.030303025618196,0,0
"2025-04-29 13:00:00","2025-04-29 14:00:00",Nederland,WindOffshoreC,Hour,UTC,Providing,Current,178000,178000,0.042809050530195,0,0
"2025-04-29 14:00:00","2025-04-29 15:00:00",Nederland,WindOffshoreC,Hour,UTC,Providing,Current,347250,347250,0.083513647317886,0,0
"2025-04-29 15:00:00","2025-04-29 16:00:00",Nederland,WindOffshoreC,Hour,UTC,Providing,Current,635750,635750,0.15289825201035,0,0
"2025-04-29 16:00:00","2025-04-29 17:00:00",Nederland,WindOffshoreC,Hour,UTC,Providing,Current,879750,879750,0.2115799933672,0,0
"2025-04-29 17:00:00","2025-04-29 18:00:00",Nederland,WindOffshoreC,Hour,UTC,Providing,Current,1017250,1017250,0.24464899301529,0,0
"2025-04-29 18:00:00","2025-04-29 19:00:00",Nederland,WindOffshoreC,Hour,UTC,Providing,Current,1211001,1211001,0.29124599695206,0,0
"2025-04-29 19:00:00","2025-04-29 20:00:00",Nederland,WindOffshoreC,Hour,UTC,Providing,Current,1435251,1435251,0.34517824649811,0,0
"2025-04-29 20:00:00","2025-04-29 21:00:00",Nederland,WindOffshoreC,Hour,UTC,Providing,Current,1562750,1562750,0.37584149837494,0,0
"2025-04-29 21:00:00","2025-04-29 22:00:00",Nederland,WindOffshoreC,Hour,UTC,Providing,Current,1535501,1535501,0.36928823590279,0,0
"2025-04-29 22:00:00","2025-04-29 23:00:00",Nederland,WindOffshoreC,Hour,UTC,Providing,Current,1447001,1447001,0.34800425171852,0,0
"2025-04-29 23:00:00","2025-04-30 00:00:00",Nederland,WindOffshoreC,Hour,UTC,Providing,Current,1281749,1281749,0.30826073884964,0,0
"2025-04-30 00:00:00","2025-04-30 01:00:00",Nederland,WindOffshoreC,Hour,UTC,Providing,Current,1240500,1240500,0.29834073781967,0,0
"2025-04-30 01:00:00","2025-04-30 02:00:00",Nederland,WindOffshoreC,Hour,UTC,Providing,Current,1007499,1007499,0.24230374395847,0,0
"2025-04-30 02:00:00","2025-04-30 03:00:00",Nederland,WindOffshoreC,Hour,UTC,Providing,Current,764250,764250,0.18380250036716,0,0
"2025-04-30 03:00:00","2025-04-30 04:00:00",Nederland,WindOffshoreC,Hour,UTC,Providing,Current,571251,571251,0.13738599419594,0,0
"2025-04-30 04:00:00","2025-04-30 05:00:00",Nederland,WindOffshoreC,Hour,UTC,Providing,Current,363999,363999,0.087541878223419,0,0
"2025-04-30 05:00:00","2025-04-30 06:00:00",Nederland,WindOffshoreC,Hour,UTC,Providing,Current,256250,256250,0.061628174036741,0,0
"2025-04-30 06:00:00","2025-04-30 07:00:00",Nederland,WindOffshoreC,Hour,UTC,Providing,Current,168750,168750,0.040584400296211,0,0
"2025-04-30 07:00:00","2025-04-30 08:00:00",Nederland,WindOffshoreC,Hour,UTC,Providing,Current,39250,39250,0.0094396527856588,0,0
"2025-04-30 08:00:00","2025-04-30 09:00:00",Nederland,WindOffshoreC,Hour,UTC,Providing,Current,2501,2501,0.00060149026103318,0,0
"2025-04-30 09:00:00","2025-04-30 10:00:00",Nederland,WindOffshoreC,Hour,UTC,Providing,Current,0,0,0,0,0
"2025-04-30 10:00:00","2025-04-30 11:00:00",Nederland,WindOffshoreC,Hour,UTC,Providing,Current,2750,2750,0.0006613775040023,0,0
"2025-04-30 11:00:00","2025-04-30 12:00:00",Nederland,WindOffshoreC,Hour,UTC,Providing,Current,11000,11000,0.0026455025654286,0,0
"2025-04-30 12:00:00","2025-04-30 13:00:00",Nederland,WindOffshoreC,Hour,UTC,Providing,Current,15500,15500,0.0037277524825186,0,0
"2025-04-30 13:00:00","2025-04-30 14:00:00",Nederland,WindOffshoreC,Hour,UTC,Providing,Current,121251,121251,0.029160901904106,0,0
"2025-04-30 14:00:00","2025-04-30 15:00:00",Nederland,WindOffshoreC,Hour,UTC,Providing,Current,334000,334000,0.080327197909355,0,0
"2025-04-30 15:00:00","2025-04-30 16:00:00",Nederland,WindOffshoreC,Hour,UTC,Providing,Current,503500,503500,0.12109199911356,0,0
"2025-04-30 16:00:00","2025-04-30 17:00:00",Nederland,WindOffshoreC,Hour,UTC,Providing,Current,607000,607000,0.14598350226879,0,0
"2025-04-30 17:00:00","2025-04-30 18:00:00",Nederland,WindOffshoreC,Hour,UTC,Providing,Current,566249,566249,0.13618299365044,0,0
"2025-04-30 18:00:00","2025-04-30 19:00:00",Nederland,WindOffshoreC,Hour,UTC,Providing,Current,617250,617250,0.1484487503767,0,0
"2025-04-30 19:00:00","2025-04-30 20:00:00",Nederland,WindOffshoreC,Hour,UTC,Providing,Current,568250,568250,0.13666425645351,0,0
"2025-04-30 20:00:00","2025-04-30 21:00:00",Nederland,WindOffshoreC,Hour,UTC,Providing,Current,595251,595251,0.14315800368786,0,0
"2025-04-30 21:00:00","2025-04-30 22:00:00",Nederland,WindOffshoreC,Hour,UTC,Providing,Current,569250,569250,0.13690474629402,0,0
"2025-04-30 22:00:00","2025-04-30 23:00:00",Nederland,WindOffshoreC,Hour,UTC,Providing,Current,573500,573500,0.13792675733566,0,0
"2025-04-30 23:00:00","2025-05-01 00:00:00",Nederland,WindOffshoreC,Hour,UTC,Providing,Current,481000,481000,0.11568074673414,0,0
"2025-05-01 00:00:00","2025-05-01 01:00:00",Nederland,WindOffshoreC,Hour,UTC,Providing,Current,395750,395750,0.095177948474884,0,0
"2025-05-01 01:00:00","2025-05-01 02:00:00",Nederland,WindOffshoreC,Hour,UTC,Providing,Current,224751,224751,0.054052673280239,0,0
"2025-05-01 02:00:00","2025-05-01 03:00:00",Nederland,WindOffshoreC,Hour,UTC,Providing,Current,156500,156500,0.037638276815414,0,0
"2025-05-01 03:00:00","2025-05-01 04:00:00",Nederland,WindOffshoreC,Hour,UTC,Providing,Current,176249,176249,0.042387925088406,0,0
"2025-05-01 04:00:00","2025-05-01 05:00:00",Nederland,WindOffshoreC,Hour,UTC,Providing,Current,191501,191501,0.046056024730206,0,0
"2025-05-01 05:00:00","2025-05-01 06:00:00",Nederland,WindOffshoreC,Hour,UTC,Providing,Current,204499,204499,0.049182049930096,0,0
"2025-05-01 06:00:00","2025-05-01 07:00:00",Nederland,WindOffshoreC,Hour,UTC,Providing,Current,178250,178250,0.042869176715612,0,0
"2025-05-01 07:00:00","2025-05-01 08:00:00",Nederland,WindOffshoreC,Hour,UTC,Providing,Current,125500,125500,0.030182799324393,0,0
"2025-05-01 08:00:00","2025-05-01 09:00:00",Nederland,WindOffshoreC,Hour,UTC,Providing,Current,87500,87500,0.021043749526143,0,0
"2025-05-01 09:00:00","2025-05-01 10:00:00",Nederland,WindOffshoreC,Hour,UTC,Providing,Current,71250,71250,0.017135625705123,0,0
"2025-05-01 10:00:00","2025-05-01 11:00:00",Nederland,WindOffshoreC,Hour,UTC,Providing,Current,42249,42249,0.010160902515054,0,0
"2025-05-01 11:00:00","2025-05-01 12:00:00",Nederland,WindOffshoreC,Hour,UTC,Providing,Current,27001,27001,0.0064937477000058,0,0
"2025-05-01 12:00:00","2025-05-01 13:00:00",Nederland,WindOffshoreC,Hour,UTC,Providing,Current,11500,11500,0.002765754936263,0,0
"2025-05-01 13:00:00","2025-05-01 14:00:00",Nederland,WindOffshoreC,Hour,UTC,Providing,Current,1000,1000,0.0002405002451269,0,0
"2025-05-01 14:00:00","2025-05-01 15:00:00",Nederland,WindOffshoreC,Hour,UTC,Providing,Current,0,0,0,0,0
"2025-05-01 15:00:00","2025-05-01 16:00:00",Nederland,WindOffshoreC,Hour,UTC,Providing,Current,0,0,0,0,0
"2025-05-01 16:00:00","2025-05-01 17:00:00",Nederland,WindOffshoreC,Hour,UTC,Providing,Current,0,0,0,0,0
"2025-05-01 17:00:00","2025-05-01 18:00:00",Nederland,WindOffshoreC,Hour,UTC,Providing,Current,0,0,0,0,0
"2025-05-01 18:00:00","2025-05-01 19:00:00",Nederland,WindOffshoreC,Hour,UTC,Providing,Current,250,250,6.0124999436084E-5,0,0
"2025-05-01 19:00:00","2025-05-01 20:00:00",Nederland,WindOffshoreC,Hour,UTC,Providing,Current,5500,5500,0.0013227532617748,0,0
"2025-05-01 20:00:00","2025-05-01 21:00:00",Nederland,WindOffshoreC,Hour,UTC,Providing,Current,20250,20250,0.0048701302148402,0,0
"2025-05-01 21:00:00","2025-05-01 22:00:00",Nederland,WindOffshoreC,Hour,UTC,Providing,Current,61000,61000,0.01467052474618,0,0
"2025-05-01 22:00:00","2025-05-01 23:00:00",Nederland,WindOffshoreC,Hour,UTC,Providing,Current,97750,97750,0.023508900776505,0,0
"2025-05-01 23:00:00","2025-05-02 00:00:00",Nederland,WindOffshoreC,Hour,UTC,Providing,Current,182500,182500,0.043891273438931,0,0
"2025-05-02 00:00:00","2025-05-02 01:00:00",Nederland,WindOffshoreC,Hour,UTC,Providing,Current,221999,221999,0.053390800952911,0,0
"2025-05-02 01:00:00","2025-05-02 02:00:00",Nederland,WindOffshoreC,Hour,UTC,Providing,Current,302750,302750,0.072811476886272,0,0
"2025-05-02 02:00:00","2025-05-02 03:00:00",Nederland,WindOffshoreC,Hour,UTC,Providing,Current,480999,480999,0.11568020284176,0,0
"2025-05-02 03:00:00","2025-05-02 04:00:00",Nederland,WindOffshoreC,Hour,UTC,Providing,Current,763500,763500,0.18362200260162,0,0
"2025-05-02 04:00:00","2025-05-02 05:00:00",Nederland,WindOffshoreC,Hour,UTC,Providing,Current,643500,643500,0.15476149320602,0,0
"2025-05-02 05:00:00","2025-05-02 06:00:00",Nederland,WindOffshoreC,Hour,UTC,Providing,Current,414250,414250,0.099627174437046,0,0
"2025-05-02 06:00:00","2025-05-02 07:00:00",Nederland,WindOffshoreC,Hour,UTC,Providing,Current,155750,155750,0.037457898259163,0,0
"2025-05-02 07:00:00","2025-05-02 08:00:00",Nederland,WindOffshoreC,Hour,UTC,Providing,Current,94000,94000,0.022607024759054,0,0
"2025-05-02 08:00:00","2025-05-02 09:00:00",Nederland,WindOffshoreC,Hour,UTC,Providing,Current,165250,165250,0.039742674678564,0,0
"2025-05-02 09:00:00","2025-05-02 10:00:00",Nederland,WindOffshoreC,Hour,UTC,Providing,Current,469251,469251,0.11285500228405,0,0
"2025-05-02 10:00:00","2025-05-02 11:00:00",Nederland,WindOffshoreC,Hour,UTC,Providing,Current,381750,381750,0.091810971498489,0,0
"2025-05-02 11:00:00","2025-05-02 12:00:00",Nederland,WindOffshoreC,Hour,UTC,Providing,Current,364251,364251,0.08760242164135,0,0
"2025-05-02 12:00:00","2025-05-02 13:00:00",Nederland,WindOffshoreC,Hour,UTC,Providing,Current,424499,424499,0.10209210216999,0,0
"2025-05-02 13:00:00","2025-05-02 14:00:00",Nederland,WindOffshoreC,Hour,UTC,Providing,Current,708750,708750,0.17045450210571,0,0
"2025-05-02 14:00:00","2025-05-02 15:00:00",Nederland,WindOffshoreC,Hour,UTC,Providing,Current,737000,737000,0.17724899947643,0,0
"2025-05-02 15:00:00","2025-05-02 16:00:00",Nederland,WindOffshoreC,Hour,UTC,Providing,Current,651500,651500,0.15668599307537,0,0
"2025-05-02 16:00:00","2025-05-02 17:00:00",Nederland,WindOffshoreC,Hour,UTC,Providing,Current,460750,460750,0.11081050336361,0,0
"2025-05-02 17:00:00","2025-05-02 18:00:00",Nederland,WindOffshoreC,Hour,UTC,Providing,Current,521250,521250,0.1253607571125,0,0
"2025-05-02 18:00:00","2025-05-02 19:00:00",Nederland,WindOffshoreC,Hour,UTC,Providing,Current,766000,766000,0.18422324955463,0,0
"2025-05-02 19:00:00","2025-05-02 20:00:00",Nederland,WindOffshoreC,Hour,UTC,Providing,Current,937000,937000,0.22534875571728,0,0
"2025-05-02 20:00:00","2025-05-02 21:00:00",Nederland,WindOffshoreC,Hour,UTC,Providing,Current,1090500,1090500,0.26226523518562,0,0
"2025-05-02 21:00:00","2025-05-02 22:00:00",Nederland,WindOffshoreC,Hour,UTC,Providing,Current,1210251,1210251,0.29106599092484,0,0
"2025-05-02 22:00:00","2025-05-02 23:00:00",Nederland,WindOffshoreC,Hour,UTC,Providing,Current,993750,993750,0.23899725079536,0,0
"2025-05-02 23:00:00","2025-05-03 00:00:00",Nederland,WindOffshoreC,Hour,UTC,Providing,Current,827500,827500,0.19901399314404,0,0
"2025-05-03 00:00:00","2025-05-03 01:00:00",Nederland,WindOffshoreC,Hour,UTC,Providing,Current,743250,743250,0.17875175178051,0,0
"2025-05-03 01:00:00","2025-05-03 02:00:00",Nederland,WindOffshoreC,Hour,UTC,Providing,Current,586750,586750,0.14111350476742,0,0
"2025-05-03 02:00:00","2025-05-03 03:00:00",Nederland,WindOffshoreC,Hour,UTC,Providing,Current,542000,542000,0.13035124540329,0,0
"2025-05-03 03:00:00","2025-05-03 04:00:00",Nederland,WindOffshoreC,Hour,UTC,Providing,Current,402501,402501,0.096801422536373,0,0
"2025-05-03 04:00:00","2025-05-03 05:00:00",Nederland,WindOffshoreC,Hour,UTC,Providing,Current,206500,206500,0.049663323909044,0,0
"2025-05-03 05:00:00","2025-05-03 06:00:00",Nederland,WindOffshoreC,Hour,UTC,Providing,Current,113250,113250,0.027236675843596,0,0
"2025-05-03 06:00:00","2025-05-03 07:00:00",Nederland,WindOffshoreC,Hour,UTC,Providing,Current,76249,76249,0.018337899819016,0,0
"2025-05-03 07:00:00","2025-05-03 08:00:00",Nederland,WindOffshoreC,Hour,UTC,Providing,Current,69499,69499,0.01671452447772,0,0
"2025-05-03 08:00:00","2025-05-03 09:00:00",Nederland,WindOffshoreC,Hour,UTC,Providing,Current,70500,70500,0.016955250874162,0,0
"2025-05-03 09:00:00","2025-05-03 10:00:00",Nederland,WindOffshoreC,Hour,UTC,Providing,Current,82250,82250,0.019781149923801,0,0
"2025-05-03 10:00:00","2025-05-03 11:00:00",Nederland,WindOffshoreC,Hour,UTC,Providing,Current,70750,70750,0.017015375196934,0,0
"2025-05-03 11:00:00","2025-05-03 12:00:00",Nederland,WindOffshoreC,Hour,UTC,Providing,Current,87501,87501,0.021044025197625,0,0
"2025-05-03 12:00:00","2025-05-03 13:00:00",Nederland,WindOffshoreC,Hour,UTC,Providing,Current,190250,190250,0.045755200088024,0,0
"2025-05-03 13:00:00","2025-05-03 14:00:00",Nederland,WindOffshoreC,Hour,UTC,Providing,Current,445750,445750,0.10720310360193,0,0
"2025-05-03 14:00:00","2025-05-03 15:00:00",Nederland,WindOffshoreC,Hour,UTC,Providing,Current,931250,931250,0.22396600246429,0,0
"2025-05-03 15:00:00","2025-05-03 16:00:00",Nederland,WindOffshoreC,Hour,UTC,Providing,Current,1870000,1870000,0.44973549246788,0,0
"2025-05-03 16:00:00","2025-05-03 17:00:00",Nederland,WindOffshoreC,Hour,UTC,Providing,Current,3034750,3034750,0.72985851764679,0,0
"2025-05-03 17:00:00","2025-05-03 18:00:00",Nederland,WindOffshoreC,Hour,UTC,Providing,Current,3705250,3705250,0.89111322164536,0,0
"2025-05-03 18:00:00","2025-05-03 19:00:00",Nederland,WindOffshoreC,Hour,UTC,Providing,Current,3960000,3960000,0.95238101482391,0,0
"2025-05-03 19:00:00","2025-05-03 20:00:00",Nederland,WindOffshoreC,Hour,UTC,Providing,Current,3768500,3768500,0.90632498264313,0,0
"2025-05-03 20:00:00","2025-05-03 21:00:00",Nederland,WindOffshoreC,Hour,UTC,Providing,Current,3702749,3702749,0.89051175117493,0,0
"2025-05-03 21:00:00","2025-05-03 22:00:00",Nederland,WindOffshoreC,Hour,UTC,Providing,Current,3429500,3429500,0.82479548454285,0,0
"2025-05-03 22:00:00","2025-05-03 23:00:00",Nederland,WindOffshoreC,Hour,UTC,Providing,Current,2979749,2979749,0.71663022041321,0,0
"2025-05-03 23:00:00","2025-05-04 00:00:00",Nederland,WindOffshoreC,Hour,UTC,Providing,Current,2671500,2671500,0.6424965262413,0,0
"2025-05-04 00:00:00","2025-05-04 01:00:00",Nederland,WindOffshoreC,Hour,UTC,Providing,Current,2735250,2735250,0.65782850980759,0,0
"2025-05-04 01:00:00","2025-05-04 02:00:00",Nederland,WindOffshoreC,Hour,UTC,Providing,Current,2629499,2629499,0.63239502906799,0,0
"2025-05-04 02:00:00","2025-05-04 03:00:00",Nederland,WindOffshoreC,Hour,UTC,Providing,Current,2607250,2607250,0.62704426050186,0,0
"2025-05-04 03:00:00","2025-05-04 04:00:00",Nederland,WindOffshoreC,Hour,UTC,Providing,Current,2913751,2913751,0.70075798034668,0,0
"2025-05-04 04:00:00","2025-05-04 05:00:00",Nederland,WindOffshoreC,Hour,UTC,Providing,Current,2590251,2590251,0.62295573949814,0,0
"2025-05-04 05:00:00","2025-05-04 06:00:00",Nederland,WindOffshoreC,Hour,UTC,Providing,Current,2350000,2350000,0.56517577171326,0,0
"2025-05-04 06:00:00","2025-05-04 07:00:00",Nederland,WindOffshoreC,Hour,UTC,Providing,Current,2246000,2246000,0.54016375541687,0,0
"2025-05-04 07:00:00","2025-05-04 08:00:00",Nederland,WindOffshoreC,Hour,UTC,Providing,Current,1404249,1404249,0.33772224187851,0,0
"2025-05-04 08:00:00","2025-05-04 09:00:00",Nederland,WindOffshoreC,Hour,UTC,Providing,Current,1848250,1848250,0.444504737854,0,0
"2025-05-04 09:00:00","2025-05-04 10:00:00",Nederland,WindOffshoreC,Hour,UTC,Providing,Current,1468500,1468500,0.35317450761795,0,0
"2025-05-04 10:00:00","2025-05-04 11:00:00",Nederland,WindOffshoreC,Hour,UTC,Providing,Current,1580000,1580000,0.37999048829079,0,0
"2025-05-04 11:00:00","2025-05-04 12:00:00",Nederland,WindOffshoreC,Hour,UTC,Providing,Current,1586249,1586249,0.38149350881577,0,0
"2025-05-04 12:00:00","2025-05-04 13:00:00",Nederland,WindOffshoreC,Hour,UTC,Providing,Current,1616251,1616251,0.38870850205421,0,0
"2025-05-04 13:00:00","2025-05-04 14:00:00",Nederland,WindOffshoreC,Hour,UTC,Providing,Current,1613000,1613000,0.38792675733566,0,0
"2025-05-04 14:00:00","2025-05-04 15:00:00",Nederland,WindOffshoreC,Hour,UTC,Providing,Current,2137750,2137750,0.51412922143936,0,0
"2025-05-04 15:00:00","2025-05-04 16:00:00",Nederland,WindOffshoreC,Hour,UTC,Providing,Current,2329248,2329248,0.56018477678299,0,0
"2025-05-04 16:00:00","2025-05-04 17:00:00",Nederland,WindOffshoreC,Hour,UTC,Providing,Current,2440749,2440749,0.5870007276535,0,0
"2025-05-04 17:00:00","2025-05-04 18:00:00",Nederland,WindOffshoreC,Hour,UTC,Providing,Current,2384749,2384749,0.57353276014328,0,0
"2025-05-04 18:00:00","2025-05-04 19:00:00",Nederland,WindOffshoreC,Hour,UTC,Providing,Current,2196501,2196501,0.52825897932053,0,0
"2025-05-04 19:00:00","2025-05-04 20:00:00",Nederland,WindOffshoreC,Hour,UTC,Providing,Current,2122000,2122000,0.51034152507782,0,0
"2025-05-04 20:00:00","2025-05-04 21:00:00",Nederland,WindOffshoreC,Hour,UTC,Providing,Current,2069999,2069999,0.49783524870872,0,0
"2025-05-04 21:00:00","2025-05-04 22:00:00",Nederland,WindOffshoreC,Hour,UTC,Providing,Current,2045500,2045500,0.49194350838661,0,0
"2025-05-04 22:00:00","2025-05-04 23:00:00",Nederland,WindOffshoreC,Hour,UTC,Providing,Current,2202749,2202749,0.5297617316246,0,0
"2025-05-04 23:00:00","2025-05-05 00:00:00",Nederland,WindOffshoreC,Hour,UTC,Providing,Current,1983250,1983250,0.47697201371193,0,0
"2025-05-05 00:00:00","2025-05-05 01:00:00",Nederland,WindOffshoreC,Hour,UTC,Providing,Current,1590999,1590999,0.38263574242592,0,0
"2025-05-05 01:00:00","2025-05-05 02:00:00",Nederland,WindOffshoreC,Hour,UTC,Providing,Current,1276749,1276749,0.30705824494362,0,0
"2025-05-05 02:00:00","2025-05-05 03:00:00",Nederland,WindOffshoreC,Hour,UTC,Providing,Current,1044501,1044501,0.2512030005455,0,0
"2025-05-05 03:00:00","2025-05-05 04:00:00",Nederland,WindOffshoreC,Hour,UTC,Providing,Current,1005500,1005500,0.24182300269604,0,0
"2025-05-05 04:00:00","2025-05-05 05:00:00",Nederland,WindOffshoreC,Hour,UTC,Providing,Current,902000,902000,0.21693125367165,0,0
"2025-05-05 05:00:00","2025-05-05 06:00:00",Nederland,WindOffshoreC,Hour,UTC,Providing,Current,718000,718000,0.17267924547195,0,0
"2025-05-05 06:00:00","2025-05-05 07:00:00",Nederland,WindOffshoreC,Hour,UTC,Providing,Current,1109499,1109499,0.26683473587036,0,0
"2025-05-05 07:00:00","2025-05-05 08:00:00",Nederland,WindOffshoreC,Hour,UTC,Providing,Current,1524501,1524501,0.36664274334908,0,0
"2025-05-05 08:00:00","2025-05-05 09:00:00",Nederland,WindOffshoreC,Hour,UTC,Providing,Current,2261251,2261251,0.54383152723312,0,0
"2025-05-05 09:00:00","2025-05-05 10:00:00",Nederland,WindOffshoreC,Hour,UTC,Providing,Current,2445750,2445750,0.58820348978043,0,0
"2025-05-05 10:00:00","2025-05-05 11:00:00",Nederland,WindOffshoreC,Hour,UTC,Providing,Current,2156250,2156250,0.51857852935791,0,0
"2025-05-05 11:00:00","2025-05-05 12:00:00",Nederland,WindOffshoreC,Hour,UTC,Providing,Current,2492500,2492500,0.59944677352905,0,0
"2025-05-05 12:00:00","2025-05-05 13:00:00",Nederland,WindOffshoreC,Hour,UTC,Providing,Current,3130000,3130000,0.75276577472687,0,0
"2025-05-05 13:00:00","2025-05-05 14:00:00",Nederland,WindOffshoreC,Hour,UTC,Providing,Current,3494249,3494249,0.84036773443222,0,0
"2025-05-05 14:00:00","2025-05-05 15:00:00",Nederland,WindOffshoreC,Hour,UTC,Providing,Current,3700749,3700749,0.89003098011017,0,0
"2025-05-05 15:00:00","2025-05-05 16:00:00",Nederland,WindOffshoreC,Hour,UTC,Providing,Current,3741499,3741499,0.89983147382736,0,0
"2025-05-05 16:00:00","2025-05-05 17:00:00",Nederland,WindOffshoreC,Hour,UTC,Providing,Current,3841501,3841501,0.9238817691803,0,0
"2025-05-05 17:00:00","2025-05-05 18:00:00",Nederland,WindOffshoreC,Hour,UTC,Providing,Current,3735750,3735750,0.89844876527786,0,0
"2025-05-05 18:00:00","2025-05-05 19:00:00",Nederland,WindOffshoreC,Hour,UTC,Providing,Current,3698250,3698250,0.8894299864769,0,0
"2025-05-05 19:00:00","2025-05-05 20:00:00",Nederland,WindOffshoreC,Hour,UTC,Providing,Current,3564750,3564750,0.8573232293129,0,0
"2025-05-05 20:00:00","2025-05-05 21:00:00",Nederland,WindOffshoreC,Hour,UTC,Providing,Current,3332500,3332500,0.80146700143814,0,0
"2025-05-05 21:00:00","2025-05-05 22:00:00",Nederland,WindOffshoreC,Hour,UTC,Providing,Current,3058750,3058750,0.73562997579575,0,0
"2025-05-05 22:00:00","2025-05-05 23:00:00",Nederland,WindOffshoreC,Hour,UTC,Providing,Current,2827500,2827500,0.68001449108124,0,0
"2025-05-05 23:00:00","2025-05-06 00:00:00",Nederland,WindOffshoreC,Hour,UTC,Providing,Current,2467750,2467750,0.59349447488785,0,0
"2025-05-06 00:00:00","2025-05-06 01:00:00",Nederland,WindOffshoreC,Hour,UTC,Providing,Current,2154750,2154750,0.51821774244308,0,0
"2025-05-06 01:00:00","2025-05-06 02:00:00",Nederland,WindOffshoreC,Hour,UTC,Providing,Current,1944250,1944250,0.46759274601936,0,0
"2025-05-06 02:00:00","2025-05-06 03:00:00",Nederland,WindOffshoreC,Hour,UTC,Providing,Current,1915750,1915750,0.46073824167252,0,0
"2025-05-06 03:00:00","2025-05-06 04:00:00",Nederland,WindOffshoreC,Hour,UTC,Providing,Current,1745750,1745750,0.41985324025154,0,0
"2025-05-06 04:00:00","2025-05-06 05:00:00",Nederland,WindOffshoreC,Hour,UTC,Providing,Current,1754749,1754749,0.42201775312424,0,0
"2025-05-06 05:00:00","2025-05-06 06:00:00",Nederland,WindOffshoreC,Hour,UTC,Providing,Current,1432750,1432750,0.34457701444626,0,0
"2025-05-06 06:00:00","2025-05-06 07:00:00",Nederland,WindOffshoreC,Hour,UTC,Providing,Current,1289249,1289249,0.31006476283073,0,0
"2025-05-06 07:00:00","2025-05-06 08:00:00",Nederland,WindOffshoreC,Hour,UTC,Providing,Current,965249,965249,0.23214274644852,0,0
"2025-05-06 08:00:00","2025-05-06 09:00:00",Nederland,WindOffshoreC,Hour,UTC,Providing,Current,1035252,1035252,0.24897849559784,0,0
"2025-05-06 09:00:00","2025-05-06 10:00:00",Nederland,WindOffshoreC,Hour,UTC,Providing,Current,846750,846750,0.2036435008049,0,0
"2025-05-06 10:00:00","2025-05-06 11:00:00",Nederland,WindOffshoreC,Hour,UTC,Providing,Current,894249,894249,0.21506725251675,0,0
"2025-05-06 11:00:00","2025-05-06 12:00:00",Nederland,WindOffshoreC,Hour,UTC,Providing,Current,904500,904500,0.21753250062466,0,0
"2025-05-06 12:00:00","2025-05-06 13:00:00",Nederland,WindOffshoreC,Hour,UTC,Providing,Current,1085001,1085001,0.26094299554825,0,0
"2025-05-06 13:00:00","2025-05-06 14:00:00",Nederland,WindOffshoreC,Hour,UTC,Providing,Current,1702000,1702000,0.40933126211166,0,0
"2025-05-06 14:00:00","2025-05-06 15:00:00",Nederland,WindOffshoreC,Hour,UTC,Providing,Current,2213750,2213750,0.53240752220154,0,0
"2025-05-06 15:00:00","2025-05-06 16:00:00",Nederland,WindOffshoreC,Hour,UTC,Providing,Current,2655500,2655500,0.63864827156067,0,0
"2025-05-06 16:00:00","2025-05-06 17:00:00",Nederland,WindOffshoreC,Hour,UTC,Providing,Current,2892500,2892500,0.69564700126648,0,0
"2025-05-06 17:00:00","2025-05-06 18:00:00",Nederland,WindOffshoreC,Hour,UTC,Providing,Current,2811499,2811499,0.6761662364006,0,0
"2025-05-06 18:00:00","2025-05-06 19:00:00",Nederland,WindOffshoreC,Hour,UTC,Providing,Current,2519750,2519750,0.60600048303604,0,0
"2025-05-06 19:00:00","2025-05-06 20:00:00",Nederland,WindOffshoreC,Hour,UTC,Providing,Current,2445000,2445000,0.58802300691605,0,0
"2025-05-06 20:00:00","2025-05-06 21:00:00",Nederland,WindOffshoreC,Hour,UTC,Providing,Current,2306750,2306750,0.55477374792099,0,0
"2025-05-06 21:00:00","2025-05-06 22:00:00",Nederland,WindOffshoreC,Hour,UTC,Providing,Current,2205499,2205499,0.53042322397232,0,0
"2025-05-06 22:00:00","2025-05-06 23:00:00",Nederland,WindOffshoreC,Hour,UTC,Providing,Current,1968250,1968250,0.47336474061012,0,0
"2025-05-06 23:00:00","2025-05-07 00:00:00",Nederland,WindOffshoreC,Hour,UTC,Providing,Current,1740749,1740749,0.41865074634552,0,0
"2025-05-07 00:00:00","2025-05-07 01:00:00",Nederland,WindOffshoreC,Hour,UTC,Providing,Current,1444250,1444250,0.3473424911499,0,0
"2025-05-07 01:00:00","2025-05-07 02:00:00",Nederland,WindOffshoreC,Hour,UTC,Providing,Current,1606000,1606000,0.3862432539463,0,0
"2025-05-07 02:00:00","2025-05-07 03:00:00",Nederland,WindOffshoreC,Hour,UTC,Providing,Current,1564500,1564500,0.37626275420189,0,0
"2025-05-07 03:00:00","2025-05-07 04:00:00",Nederland,WindOffshoreC,Hour,UTC,Providing,Current,1459250,1459250,0.35095000267029,0,0
"2025-05-07 04:00:00","2025-05-07 05:00:00",Nederland,WindOffshoreC,Hour,UTC,Providing,Current,1511499,1511499,0.36351600289345,0,0
"2025-05-07 05:00:00","2025-05-07 06:00:00",Nederland,WindOffshoreC,Hour,UTC,Providing,Current,1449500,1449500,0.34860500693321,0,0
"2025-05-07 06:00:00","2025-05-07 07:00:00",Nederland,WindOffshoreC,Hour,UTC,Providing,Current,1459501,1459501,0.35101050138474,0,0
"2025-05-07 07:00:00","2025-05-07 08:00:00",Nederland,WindOffshoreC,Hour,UTC,Providing,Current,1355500,1355500,0.32599800825119,0,0
"2025-05-07 08:00:00","2025-05-07 09:00:00",Nederland,WindOffshoreC,Hour,UTC,Providing,Current,1186750,1186750,0.28541374206543,0,0
"2025-05-07 09:00:00","2025-05-07 10:00:00",Nederland,WindOffshoreC,Hour,UTC,Providing,Current,927749,927749,0.22312399744987,0,0
"2025-05-07 10:00:00","2025-05-07 11:00:00",Nederland,WindOffshoreC,Hour,UTC,Providing,Current,850000,850000,0.20442524552345,0,0
"2025-05-07 11:00:00","2025-05-07 12:00:00",Nederland,WindOffshoreC,Hour,UTC,Providing,Current,1090500,1090500,0.26226550340652,0,0
"2025-05-07 12:00:00","2025-05-07 13:00:00",Nederland,WindOffshoreC,Hour,UTC,Providing,Current,1169750,1169750,0.28132525086403,0,0
"2025-05-07 13:00:00","2025-05-07 14:00:00",Nederland,WindOffshoreC,Hour,UTC,Providing,Current,1411998,1411998,0.33958598971367,0,0
"2025-05-07 14:00:00","2025-05-07 15:00:00",Nederland,WindOffshoreC,Hour,UTC,Providing,Current,1842000,1842000,0.44300150871277,0,0
"2025-05-07 15:00:00","2025-05-07 16:00:00",Nederland,WindOffshoreC,Hour,UTC,Providing,Current,2230500,2230500,0.53643602132797,0,0
"2025-05-07 16:00:00","2025-05-07 17:00:00",Nederland,WindOffshoreC,Hour,UTC,Providing,Current,2507500,2507500,0.60305422544479,0,0
"2025-05-07 17:00:00","2025-05-07 18:00:00",Nederland,WindOffshoreC,Hour,UTC,Providing,Current,2531000,2531000,0.60870623588562,0,0
"2025-05-07 18:00:00","2025-05-07 19:00:00",Nederland,WindOffshoreC,Hour,UTC,Providing,Current,2554000,2554000,0.61423748731613,0,0
"2025-05-07 19:00:00","2025-05-07 20:00:00",Nederland,WindOffshoreC,Hour,UTC,Providing,Current,2601499,2601499,0.62566125392914,0,0
"2025-05-07 20:00:00","2025-05-07 21:00:00",Nederland,WindOffshoreC,Hour,UTC,Providing,Current,2743500,2743500,0.659812271595,0,0
"2025-05-07 21:00:00","2025-05-07 22:00:00",Nederland,WindOffshoreC,Hour,UTC,Providing,Current,2682251,2682251,0.64508175849915,0,0
"2025-05-07 22:00:00","2025-05-07 23:00:00",Nederland,WindOffshoreC,Hour,UTC,Providing,Current,2376750,2376750,0.57160902023315,0,0
"2025-05-07 23:00:00","2025-05-08 00:00:00",Nederland,WindOffshoreC,Hour,UTC,Providing,Current,2352750,2352750,0.5658370256424,0,0
"2025-05-08 00:00:00","2025-05-08 01:00:00",Nederland,WindOffshoreC,Hour,UTC,Providing,Current,2149999,2149999,0.51707547903061,0,0
"2025-05-08 01:00:00","2025-05-08 02:00:00",Nederland,WindOffshoreC,Hour,UTC,Providing,Current,2030749,2030749,0.48839575052261,0,0
"2025-05-08 02:00:00","2025-05-08 03:00:00",Nederland,WindOffshoreC,Hour,UTC,Providing,Current,1768500,1768500,0.42532449960709,0,0
"2025-05-08 03:00:00","2025-05-08 04:00:00",Nederland,WindOffshoreC,Hour,UTC,Providing,Current,1675750,1675750,0.40301823616028,0,0
"2025-05-08 04:00:00","2025-05-08 05:00:00",Nederland,WindOffshoreC,Hour,UTC,Providing,Current,1697250,1697250,0.40818899869919,0,0
"2025-05-08 05:00:00","2025-05-08 06:00:00",Nederland,WindOffshoreC,Hour,UTC,Providing,Current,1798751,1798751,0.43260025978088,0,0
"2025-05-08 06:00:00","2025-05-08 07:00:00",Nederland,WindOffshoreC,Hour,UTC,Providing,Current,1722000,1722000,0.41414123773575,0,0
"2025-05-08 07:00:00","2025-05-08 08:00:00",Nederland,WindOffshoreC,Hour,UTC,Providing,Current,1568249,1568249,0.3771645128727,0,0
"2025-05-08 08:00:00","2025-05-08 09:00:00",Nederland,WindOffshoreC,Hour,UTC,Providing,Current,1414249,1414249,0.34012725949287,0,0
"2025-05-08 09:00:00","2025-05-08 10:00:00",Nederland,WindOffshoreC,Hour,UTC,Providing,Current,1392750,1392750,0.33495649695396,0,0
"2025-05-08 10:00:00","2025-05-08 11:00:00",Nederland,WindOffshoreC,Hour,UTC,Providing,Current,1204250,1204250,0.28962248563766,0,0
"2025-05-08 11:00:00","2025-05-08 12:00:00",Nederland,WindOffshoreC,Hour,UTC,Providing,Current,1204000,1204000,0.2895624935627,0,0
"2025-05-08 12:00:00","2025-05-08 13:00:00",Nederland,WindOffshoreC,Hour,UTC,Providing,Current,1299500,1299500,0.31253001093864,0,0
"2025-05-08 13:00:00","2025-05-08 14:00:00",Nederland,WindOffshoreC,Hour,UTC,Providing,Current,1425999,1425999,0.34295275807381,0,0
"2025-05-08 14:00:00","2025-05-08 15:00:00",Nederland,WindOffshoreC,Hour,UTC,Providing,Current,1488000,1488000,0.35786399245262,0,0
"2025-05-08 15:00:00","2025-05-08 16:00:00",Nederland,WindOffshoreC,Hour,UTC,Providing,Current,1810251,1810251,0.43536573648453,0,0
"2025-05-08 16:00:00","2025-05-08 17:00:00",Nederland,WindOffshoreC,Hour,UTC,Providing,Current,2231749,2231749,0.53673624992371,0,0
"2025-05-08 17:00:00","2025-05-08 18:00:00",Nederland,WindOffshoreC,Hour,UTC,Providing,Current,2291750,2291750,0.5511662364006,0,0
"2025-05-08 18:00:00","2025-05-08 19:00:00",Nederland,WindOffshoreC,Hour,UTC,Providing,Current,2168751,2168751,0.52158552408218,0,0
"2025-05-08 19:00:00","2025-05-08 20:00:00",Nederland,WindOffshoreC,Hour,UTC,Providing,Current,1965751,1965751,0.47276350855827,0,0
"2025-05-08 20:00:00","2025-05-08 21:00:00",Nederland,WindOffshoreC,Hour,UTC,Providing,Current,1797750,1797750,0.43235948681831,0,0
"2025-05-08 21:00:00","2025-05-08 22:00:00",Nederland,WindOffshoreC,Hour,UTC,Providing,Current,2154750,2154750,0.51821798086166,0,0
"2025-05-08 22:00:00","2025-05-08 23:00:00",Nederland,WindOffshoreC,Hour,UTC,Providing,Current,1995250,1995250,0.47985824942589,0,0
"2025-05-08 23:00:00","2025-05-09 00:00:00",Nederland,WindOffshoreC,Hour,UTC,Providing,Current,1721000,1721000,0.41390100121498,0,0
"2025-05-09 00:00:00","2025-05-09 01:00:00",Nederland,WindOffshoreC,Hour,UTC,Providing,Current,1501250,1501250,0.36105099320412,0,0
"2025-05-09 01:00:00","2025-05-09 02:00:00",Nederland,WindOffshoreC,Hour,UTC,Providing,Current,1460749,1460749,0.35131075978279,0,0
"2025-05-09 02:00:00","2025-05-09 03:00:00",Nederland,WindOffshoreC,Hour,UTC,Providing,Current,1412750,1412750,0.33976650238037,0,0
"2025-05-09 03:00:00","2025-05-09 04:00:00",Nederland,WindOffshoreC,Hour,UTC,Providing,Current,1129750,1129750,0.27170500159264,0,0
"2025-05-09 04:00:00","2025-05-09 05:00:00",Nederland,WindOffshoreC,Hour,UTC,Providing,Current,826751,826751,0.19883374869823,0,0
"2025-05-09 05:00:00","2025-05-09 06:00:00",Nederland,WindOffshoreC,Hour,UTC,Providing,Current,599750,599750,0.14424024522305,0,0
"2025-05-09 06:00:00","2025-05-09 07:00:00",Nederland,WindOffshoreC,Hour,UTC,Providing,Current,548751,548751,0.13197499513626,0,0
"2025-05-09 07:00:00","2025-05-09 08:00:00",Nederland,WindOffshoreC,Hour,UTC,Providing,Current,560750,560750,0.13486050069332,0,0
"2025-05-09 08:00:00","2025-05-09 09:00:00",Nederland,WindOffshoreC,Hour,UTC,Providing,Current,561250,561250,0.13498075306416,0,0
"2025-05-09 09:00:00","2025-05-09 10:00:00",Nederland,WindOffshoreC,Hour,UTC,Providing,Current,458500,458500,0.11026924848557,0,0
"2025-05-09 10:00:00","2025-05-09 11:00:00",Nederland,WindOffshoreC,Hour,UTC,Providing,Current,240250,240250,0.05778019875288,0,0
"2025-05-09 11:00:00","2025-05-09 12:00:00",Nederland,WindOffshoreC,Hour,UTC,Providing,Current,314499,314499,0.075637072324753,0,0
"2025-05-09 12:00:00","2025-05-09 13:00:00",Nederland,WindOffshoreC,Hour,UTC,Providing,Current,446500,446500,0.10738322138786,0,0
"2025-05-09 13:00:00","2025-05-09 14:00:00",Nederland,WindOffshoreC,Hour,UTC,Providing,Current,406251,406251,0.097703650593758,0,0
"2025-05-09 14:00:00","2025-05-09 15:00:00",Nederland,WindOffshoreC,Hour,UTC,Providing,Current,1525000,1525000,0.36676299571991,0,0
"2025-05-09 15:00:00","2025-05-09 16:00:00",Nederland,WindOffshoreC,Hour,UTC,Providing,Current,2778249,2778249,0.66816973686218,0,0
"2025-05-09 16:00:00","2025-05-09 17:00:00",Nederland,WindOffshoreC,Hour,UTC,Providing,Current,3087250,3087250,0.74248427152634,0,0
"2025-05-09 17:00:00","2025-05-09 18:00:00",Nederland,WindOffshoreC,Hour,UTC,Providing,Current,3195750,3195750,0.76857852935791,0,0
"2025-05-09 18:00:00","2025-05-09 19:00:00",Nederland,WindOffshoreC,Hour,UTC,Providing,Current,3200249,3200249,0.7696607708931,0,0
"2025-05-09 19:00:00","2025-05-09 20:00:00",Nederland,WindOffshoreC,Hour,UTC,Providing,Current,3022249,3022249,0.72685176134109,0,0
"2025-05-09 20:00:00","2025-05-09 21:00:00",Nederland,WindOffshoreC,Hour,UTC,Providing,Current,2773250,2773250,0.66696751117706,0,0
"2025-05-09 21:00:00","2025-05-09 22:00:00",Nederland,WindOffshoreC,Hour,UTC,Providing,Current,2800751,2800751,0.67358124256134,0,0
"2025-05-09 22:00:00","2025-05-09 23:00:00",Nederland,WindOffshoreC,Hour,UTC,Providing,Current,2659250,2659250,0.63955026865005,0,0
"2025-05-09 23:00:00","2025-05-10 00:00:00",Nederland,WindOffshoreC,Hour,UTC,Providing,Current,2357750,2357750,0.56703925132751,0,0
"2025-05-10 00:00:00","2025-05-10 01:00:00",Nederland,WindOffshoreC,Hour,UTC,Providing,Current,2138499,2138499,0.51430952548981,0,0
"2025-05-10 01:00:00","2025-05-10 02:00:00",Nederland,WindOffshoreC,Hour,UTC,Providing,Current,1816500,1816500,0.43686875700951,0,0
"2025-05-10 02:00:00","2025-05-10 03:00:00",Nederland,WindOffshoreC,Hour,UTC,Providing,Current,1396750,1396750,0.33591875433922,0,0
"2025-05-10 03:00:00","2025-05-10 04:00:00",Nederland,WindOffshoreC,Hour,UTC,Providing,Current,1132499,1132499,0.27236625552177,0,0
"2025-05-10 04:00:00","2025-05-10 05:00:00",Nederland,WindOffshoreC,Hour,UTC,Providing,Current,919500,919500,0.22113950550556,0,0
"2025-05-10 05:00:00","2025-05-10 06:00:00",Nederland,WindOffshoreC,Hour,UTC,Providing,Current,651249,651249,0.15662549436092,0,0
"2025-05-10 06:00:00","2025-05-10 07:00:00",Nederland,WindOffshoreC,Hour,UTC,Providing,Current,413250,413250,0.099386677145958,0,0
"2025-05-10 07:00:00","2025-05-10 08:00:00",Nederland,WindOffshoreC,Hour,UTC,Providing,Current,240249,240249,0.057779975235462,0,0
"2025-05-10 08:00:00","2025-05-10 09:00:00",Nederland,WindOffshoreC,Hour,UTC,Providing,Current,199000,199000,0.0478595495224,0,0
"2025-05-10 09:00:00","2025-05-10 10:00:00",Nederland,WindOffshoreC,Hour,UTC,Providing,Current,163500,163500,0.039321776479483,0,0
"2025-05-10 10:00:00","2025-05-10 11:00:00",Nederland,WindOffshoreC,Hour,UTC,Providing,Current,89751,89751,0.021585149690509,0,0
"2025-05-10 11:00:00","2025-05-10 12:00:00",Nederland,WindOffshoreC,Hour,UTC,Providing,Current,151500,151500,0.036435775458813,0,0
"2025-05-10 12:00:00","2025-05-10 13:00:00",Nederland,WindOffshoreC,Hour,UTC,Providing,Current,267250,267250,0.064273677766323,0,0
"2025-05-10 13:00:00","2025-05-10 14:00:00",Nederland,WindOffshoreC,Hour,UTC,Providing,Current,349000,349000,0.08393457531929,0,0
"2025-05-10 14:00:00","2025-05-10 15:00:00",Nederland,WindOffshoreC,Hour,UTC,Providing,Current,819250,819250,0.19702999293804,0,0
"2025-05-10 15:00:00","2025-05-10 16:00:00",Nederland,WindOffshoreC,Hour,UTC,Providing,Current,1708750,1708750,0.41095501184464,0,0
"2025-05-10 16:00:00","2025-05-10 17:00:00",Nederland,WindOffshoreC,Hour,UTC,Providing,Current,2128500,2128500,0.51190501451492,0,0
"2025-05-10 17:00:00","2025-05-10 18:00:00",Nederland,WindOffshoreC,Hour,UTC,Providing,Current,2342000,2342000,0.56325149536133,0,0
"2025-05-10 18:00:00","2025-05-10 19:00:00",Nederland,WindOffshoreC,Hour,UTC,Providing,Current,2516501,2516501,0.60521900653839,0,0
"2025-05-10 19:00:00","2025-05-10 20:00:00",Nederland,WindOffshoreC,Hour,UTC,Providing,Current,2468502,2468502,0.59367549419403,0,0
"2025-05-10 20:00:00","2025-05-10 21:00:00",Nederland,WindOffshoreC,Hour,UTC,Providing,Current,2433251,2433251,0.58519750833511,0,0
"2025-05-10 21:00:00","2025-05-10 22:00:00",Nederland,WindOffshoreC,Hour,UTC,Providing,Current,2365750,2365750,0.56896352767944,0,0
"2025-05-10 22:00:00","2025-05-10 23:00:00",Nederland,WindOffshoreC,Hour,UTC,Providing,Current,2460500,2460500,0.59175074100494,0,0
"2025-05-10 23:00:00","2025-05-11 00:00:00",Nederland,WindOffshoreC,Hour,UTC,Providing,Current,2819001,2819001,0.6779705286026,0,0
"2025-05-11 00:00:00","2025-05-11 01:00:00",Nederland,WindOffshoreC,Hour,UTC,Providing,Current,2805250,2805250,0.67466300725937,0,0
"2025-05-11 01:00:00","2025-05-11 02:00:00",Nederland,WindOffshoreC,Hour,UTC,Providing,Current,2389750,2389750,0.5747355222702,0,0
"2025-05-11 02:00:00","2025-05-11 03:00:00",Nederland,WindOffshoreC,Hour,UTC,Providing,Current,1957248,1957248,0.47071874141693,0,0
"2025-05-11 03:00:00","2025-05-11 04:00:00",Nederland,WindOffshoreC,Hour,UTC,Providing,Current,1630999,1630999,0.39225575327873,0,0
"2025-05-11 04:00:00","2025-05-11 05:00:00",Nederland,WindOffshoreC,Hour,UTC,Providing,Current,1419750,1419750,0.34145024418831,0,0
"2025-05-11 05:00:00","2025-05-11 06:00:00",Nederland,WindOffshoreC,Hour,UTC,Providing,Current,1310000,1310000,0.3150554895401,0,0
"2025-05-11 06:00:00","2025-05-11 07:00:00",Nederland,WindOffshoreC,Hour,UTC,Providing,Current,1233999,1233999,0.29677700996399,0,0
"2025-05-11 07:00:00","2025-05-11 08:00:00",Nederland,WindOffshoreC,Hour,UTC,Providing,Current,1037250,1037250,0.24945874512196,0,0
"2025-05-11 08:00:00","2025-05-11 09:00:00",Nederland,WindOffshoreC,Hour,UTC,Providing,Current,575749,575749,0.13846774399281,0,0
"2025-05-11 09:00:00","2025-05-11 10:00:00",Nederland,WindOffshoreC,Hour,UTC,Providing,Current,521000,521000,0.12530075013638,0,0
"2025-05-11 10:00:00","2025-05-11 11:00:00",Nederland,WindOffshoreC,Hour,UTC,Providing,Current,350500,350500,0.084295324981213,0,0
"2025-05-11 11:00:00","2025-05-11 12:00:00",Nederland,WindOffshoreC,Hour,UTC,Providing,Current,358750,358750,0.086279451847076,0,0
"2025-05-11 12:00:00","2025-05-11 13:00:00",Nederland,WindOffshoreC,Hour,UTC,Providing,Current,344251,344251,0.082792423665524,0,0
"2025-05-11 13:00:00","2025-05-11 14:00:00",Nederland,WindOffshoreC,Hour,UTC,Providing,Current,376250,376250,0.090488322079182,0,0
"2025-05-11 14:00:00","2025-05-11 15:00:00",Nederland,WindOffshoreC,Hour,UTC,Providing,Current,517249,517249,0.12439849972725,0,0
"2025-05-11 15:00:00","2025-05-11 16:00:00",Nederland,WindOffshoreC,Hour,UTC,Providing,Current,836000,836000,0.2010582536459,0,0
"2025-05-11 16:00:00","2025-05-11 17:00:00",Nederland,WindOffshoreC,Hour,UTC,Providing,Current,1329750,1329750,0.31980499625206,0,0
"2025-05-11 17:00:00","2025-05-11 18:00:00",Nederland,WindOffshoreC,Hour,UTC,Providing,Current,1570500,1570500,0.377705514431,0,0
"2025-05-11 18:00:00","2025-05-11 19:00:00",Nederland,WindOffshoreC,Hour,UTC,Providing,Current,1852750,1852750,0.44558700919151,0,0
"2025-05-11 19:00:00","2025-05-11 20:00:00",Nederland,WindOffshoreC,Hour,UTC,Providing,Current,1984749,1984749,0.47733250260353,0,0
"2025-05-11 20:00:00","2025-05-11 21:00:00",Nederland,WindOffshoreC,Hour,UTC,Providing,Current,2403500,2403500,0.57804226875305,0,0
"2025-05-11 21:00:00","2025-05-11 22:00:00",Nederland,WindOffshoreC,Hour,UTC,Providing,Current,3059501,3059501,0.73581051826477,0,0
"2025-05-11 22:00:00","2025-05-11 23:00:00",Nederland,WindOffshoreC,Hour,UTC,Providing,Current,3444751,3444751,0.82846349477768,0,0
"2025-05-11 23:00:00","2025-05-12 00:00:00",Nederland,WindOffshoreC,Hour,UTC,Providing,Current,3444000,3444000,0.82828277349472,0,0
"2025-05-12 00:00:00","2025-05-12 01:00:00",Nederland,WindOffshoreC,Hour,UTC,Providing,Current,3126751,3126751,0.75198447704315,0,0
"2025-05-12 01:00:00","2025-05-12 02:00:00",Nederland,WindOffshoreC,Hour,UTC,Providing,Current,2777750,2777750,0.66804951429367,0,0
"2025-05-12 02:00:00","2025-05-12 03:00:00",Nederland,WindOffshoreC,Hour,UTC,Providing,Current,2374500,2374500,0.57106775045395,0,0
"2025-05-12 03:00:00","2025-05-12 04:00:00",Nederland,WindOffshoreC,Hour,UTC,Providing,Current,2072250,2072250,0.49837675690651,0,0
"2025-05-12 04:00:00","2025-05-12 05:00:00",Nederland,WindOffshoreC,Hour,UTC,Providing,Current,2162750,2162750,0.52014201879501,0,0
"2025-05-12 05:00:00","2025-05-12 06:00:00",Nederland,WindOffshoreC,Hour,UTC,Providing,Current,2000250,2000250,0.48106050491333,0,0
"2025-05-12 06:00:00","2025-05-12 07:00:00",Nederland,WindOffshoreC,Hour,UTC,Providing,Current,1737500,1737500,0.41786900162697,0,0
"2025-05-12 07:00:00","2025-05-12 08:00:00",Nederland,WindOffshoreC,Hour,UTC,Providing,Current,1360751,1360751,0.32726076245308,0,0
"2025-05-12 08:00:00","2025-05-12 09:00:00",Nederland,WindOffshoreC,Hour,UTC,Providing,Current,914250,914250,0.21987749636173,0,0
"2025-05-12 09:00:00","2025-05-12 10:00:00",Nederland,WindOffshoreC,Hour,UTC,Providing,Current,1041750,1041750,0.25054123997688,0,0
"2025-05-12 10:00:00","2025-05-12 11:00:00",Nederland,WindOffshoreC,Hour,UTC,Providing,Current,835000,835000,0.20081749558449,0,0
"2025-05-12 11:00:00","2025-05-12 12:00:00",Nederland,WindOffshoreC,Hour,UTC,Providing,Current,913500,913500,0.21969699859619,0,0
"2025-05-12 12:00:00","2025-05-12 13:00:00",Nederland,WindOffshoreC,Hour,UTC,Providing,Current,860500,860500,0.20695050060749,0,0
"2025-05-12 13:00:00","2025-05-12 14:00:00",Nederland,WindOffshoreC,Hour,UTC,Providing,Current,887999,887999,0.21356399357319,0,0
"2025-05-12 14:00:00","2025-05-12 15:00:00",Nederland,WindOffshoreC,Hour,UTC,Providing,Current,1237500,1237500,0.29761925339699,0,0
"2025-05-12 15:00:00","2025-05-12 16:00:00",Nederland,WindOffshoreC,Hour,UTC,Providing,Current,2161500,2161500,0.51984149217606,0,0
"2025-05-12 16:00:00","2025-05-12 17:00:00",Nederland,WindOffshoreC,Hour,UTC,Providing,Current,2653001,2653001,0.6380472779274,0,0
"2025-05-12 17:00:00","2025-05-12 18:00:00",Nederland,WindOffshoreC,Hour,UTC,Providing,Current,3028500,3028500,0.72835499048233,0,0
"2025-05-12 18:00:00","2025-05-12 19:00:00",Nederland,WindOffshoreC,Hour,UTC,Providing,Current,3099500,3099500,0.74543052911758,0,0
"2025-05-12 19:00:00","2025-05-12 20:00:00",Nederland,WindOffshoreC,Hour,UTC,Providing,Current,2619000,2619000,0.62987023591995,0,0
"2025-05-12 20:00:00","2025-05-12 21:00:00",Nederland,WindOffshoreC,Hour,UTC,Providing,Current,2433000,2433000,0.58513724803925,0,0
"2025-05-12 21:00:00","2025-05-12 22:00:00",Nederland,WindOffshoreC,Hour,UTC,Providing,Current,2617000,2617000,0.62938898801804,0,0
"2025-05-12 22:00:00","2025-05-12 23:00:00",Nederland,WindOffshoreC,Hour,UTC,Providing,Current,2854750,2854750,0.68656826019287,0,0
"2025-05-12 23:00:00","2025-05-13 00:00:00",Nederland,WindOffshoreC,Hour,UTC,Providing,Current,2364751,2364751,0.56872326135635,0,0
"2025-05-13 00:00:00","2025-05-13 01:00:00",Nederland,WindOffshoreC,Hour,UTC,Providing,Current,1943250,1943250,0.46735200285912,0,0
"2025-05-13 01:00:00","2025-05-13 02:00:00",Nederland,WindOffshoreC,Hour,UTC,Providing,Current,2052750,2052750,0.49368673563004,0,0
"2025-05-13 02:00:00","2025-05-13 03:00:00",Nederland,WindOffshoreC,Hour,UTC,Providing,Current,2289500,2289500,0.55062526464462,0,0
"2025-05-13 03:00:00","2025-05-13 04:00:00",Nederland,WindOffshoreC,Hour,UTC,Providing,Current,2181250,2181250,0.52459102869034,0,0
"2025-05-13 04:00:00","2025-05-13 05:00:00",Nederland,WindOffshoreC,Hour,UTC,Providing,Current,1995750,1995750,0.47997826337814,0,0
"2025-05-13 05:00:00","2025-05-13 06:00:00",Nederland,WindOffshoreC,Hour,UTC,Providing,Current,1814000,1814000,0.43626725673676,0,0
"2025-05-13 06:00:00","2025-05-13 07:00:00",Nederland,WindOffshoreC,Hour,UTC,Providing,Current,1352750,1352750,0.32533675432205,0,0
"2025-05-13 07:00:00","2025-05-13 08:00:00",Nederland,WindOffshoreC,Hour,UTC,Providing,Current,1088749,1088749,0.26184448599815,0,0
"2025-05-13 08:00:00","2025-05-13 09:00:00",Nederland,WindOffshoreC,Hour,UTC,Providing,Current,712251,712251,0.17129655182362,0,0
"2025-05-13 09:00:00","2025-05-13 10:00:00",Nederland,WindOffshoreC,Hour,UTC,Providing,Current,395250,395250,0.095057748258114,0,0
"2025-05-13 10:00:00","2025-05-13 11:00:00",Nederland,WindOffshoreC,Hour,UTC,Providing,Current,455250,455250,0.10948765277863,0,0
"2025-05-13 11:00:00","2025-05-13 12:00:00",Nederland,WindOffshoreC,Hour,UTC,Providing,Current,512000,512000,0.12313625216484,0,0
"2025-05-13 12:00:00","2025-05-13 13:00:00",Nederland,WindOffshoreC,Hour,UTC,Providing,Current,469500,469500,0.11291474848986,0,0
"2025-05-13 13:00:00","2025-05-13 14:00:00",Nederland,WindOffshoreC,Hour,UTC,Providing,Current,551751,551751,0.13269600272179,0,0
"2025-05-13 14:00:00","2025-05-13 15:00:00",Nederland,WindOffshoreC,Hour,UTC,Providing,Current,1559251,1559251,0.37500023841858,0,0
"2025-05-13 15:00:00","2025-05-13 16:00:00",Nederland,WindOffshoreC,Hour,UTC,Providing,Current,2248250,2248250,0.54070472717285,0,0
"2025-05-13 16:00:00","2025-05-13 17:00:00",Nederland,WindOffshoreC,Hour,UTC,Providing,Current,2828999,2828999,0.68037497997284,0,0
"2025-05-13 17:00:00","2025-05-13 18:00:00",Nederland,WindOffshoreC,Hour,UTC,Providing,Current,3051500,3051500,0.73388648033142,0,0
"2025-05-13 18:00:00","2025-05-13 19:00:00",Nederland,WindOffshoreC,Hour,UTC,Providing,Current,3222501,3222501,0.77501249313354,0,0
"2025-05-13 19:00:00","2025-05-13 20:00:00",Nederland,WindOffshoreC,Hour,UTC,Providing,Current,3372498,3372498,0.81108701229095,0,0
"2025-05-13 20:00:00","2025-05-13 21:00:00",Nederland,WindOffshoreC,Hour,UTC,Providing,Current,3137750,3137750,0.75462973117828,0,0
"2025-05-13 21:00:00","2025-05-13 22:00:00",Nederland,WindOffshoreC,Hour,UTC,Providing,Current,2994750,2994750,0.7202382683754,0,0
"2025-05-13 22:00:00","2025-05-13 23:00:00",Nederland,WindOffshoreC,Hour,UTC,Providing,Current,2782750,2782750,0.66925197839737,0,0
"2025-05-13 23:00:00","2025-05-14 00:00:00",Nederland,WindOffshoreC,Hour,UTC,Providing,Current,2055000,2055000,0.49422800540924,0,0
"2025-05-14 00:00:00","2025-05-14 01:00:00",Nederland,WindOffshoreC,Hour,UTC,Providing,Current,1457751,1457751,0.35058951377869,0,0
"2025-05-14 01:00:00","2025-05-14 02:00:00",Nederland,WindOffshoreC,Hour,UTC,Providing,Current,1128500,1128500,0.271404504776,0,0
"2025-05-14 02:00:00","2025-05-14 03:00:00",Nederland,WindOffshoreC,Hour,UTC,Providing,Current,894750,894750,0.21518750488758,0,0
"2025-05-14 03:00:00","2025-05-14 04:00:00",Nederland,WindOffshoreC,Hour,UTC,Providing,Current,817001,817001,0.1964890062809,0,0
"2025-05-14 04:00:00","2025-05-14 05:00:00",Nederland,WindOffshoreC,Hour,UTC,Providing,Current,886251,886251,0.21314349770546,0,0
"2025-05-14 05:00:00","2025-05-14 06:00:00",Nederland,WindOffshoreC,Hour,UTC,Providing,Current,824749,824749,0.19835224747658,0,0
"2025-05-14 06:00:00","2025-05-14 07:00:00",Nederland,WindOffshoreC,Hour,UTC,Providing,Current,907001,907001,0.21813374757767,0,0
"2025-05-14 07:00:00","2025-05-14 08:00:00",Nederland,WindOffshoreC,Hour,UTC,Providing,Current,929000,929000,0.22342500090599,0,0
"2025-05-14 08:00:00","2025-05-14 09:00:00",Nederland,WindOffshoreC,Hour,UTC,Providing,Current,866499,866499,0.2083929926157,0,0
"2025-05-14 09:00:00","2025-05-14 10:00:00",Nederland,WindOffshoreC,Hour,UTC,Providing,Current,818000,818000,0.19672924280167,0,0
"2025-05-14 10:00:00","2025-05-14 11:00:00",Nederland,WindOffshoreC,Hour,UTC,Providing,Current,1092999,1092999,0.26286649703979,0,0
"2025-05-14 11:00:00","2025-05-14 12:00:00",Nederland,WindOffshoreC,Hour,UTC,Providing,Current,1375249,1375249,0.33074775338173,0,0
"2025-05-14 12:00:00","2025-05-14 13:00:00",Nederland,WindOffshoreC,Hour,UTC,Providing,Current,933499,933499,0.22450649738312,0,0
"2025-05-14 13:00:00","2025-05-14 14:00:00",Nederland,WindOffshoreC,Hour,UTC,Providing,Current,1288000,1288000,0.30976423621178,0,0
"2025-05-14 14:00:00","2025-05-14 15:00:00",Nederland,WindOffshoreC,Hour,UTC,Providing,Current,1851249,1851249,0.44522601366043,0,0
"2025-05-14 15:00:00","2025-05-14 16:00:00",Nederland,WindOffshoreC,Hour,UTC,Providing,Current,2151000,2151000,0.51731598377228,0,0
"2025-05-14 16:00:00","2025-05-14 17:00:00",Nederland,WindOffshoreC,Hour,UTC,Providing,Current,2712999,2712999,0.65247702598572,0,0
"2025-05-14 17:00:00","2025-05-14 18:00:00",Nederland,WindOffshoreC,Hour,UTC,Providing,Current,2695999,2695999,0.64838850498199,0,0
"2025-05-14 18:00:00","2025-05-14 19:00:00",Nederland,WindOffshoreC,Hour,UTC,Providing,Current,2848499,2848499,0.68506473302841,0,0
"2025-05-14 19:00:00","2025-05-14 20:00:00",Nederland,WindOffshoreC,Hour,UTC,Providing,Current,2836500,2836500,0.68217897415161,0,0
"2025-05-14 20:00:00","2025-05-14 21:00:00",Nederland,WindOffshoreC,Hour,UTC,Providing,Current,3101500,3101500,0.74591147899628,0,0
"2025-05-14 21:00:00","2025-05-14 22:00:00",Nederland,WindOffshoreC,Hour,UTC,Providing,Current,3096501,3096501,0.74470949172974,0,0
"2025-05-14 22:00:00","2025-05-14 23:00:00",Nederland,WindOffshoreC,Hour,UTC,Providing,Current,2931001,2931001,0.70490652322769,0,0
"2025-05-14 23:00:00","2025-05-15 00:00:00",Nederland,WindOffshoreC,Hour,UTC,Providing,Current,2790252,2790252,0.67105627059937,0,0
"2025-05-15 00:00:00","2025-05-15 01:00:00",Nederland,WindOffshoreC,Hour,UTC,Providing,Current,2558000,2558000,0.61519950628281,0,0
"2025-05-15 01:00:00","2025-05-15 02:00:00",Nederland,WindOffshoreC,Hour,UTC,Providing,Current,2519250,2519250,0.60588026046753,0,0
"2025-05-15 02:00:00","2025-05-15 03:00:00",Nederland,WindOffshoreC,Hour,UTC,Providing,Current,2473250,2473250,0.59481698274612,0,0
"2025-05-15 03:00:00","2025-05-15 04:00:00",Nederland,WindOffshoreC,Hour,UTC,Providing,Current,2340750,2340750,0.56295126676559,0,0
"2025-05-15 04:00:00","2025-05-15 05:00:00",Nederland,WindOffshoreC,Hour,UTC,Providing,Current,2440749,2440749,0.5870007276535,0,0
"2025-05-15 05:00:00","2025-05-15 06:00:00",Nederland,WindOffshoreC,Hour,UTC,Providing,Current,2352750,2352750,0.5658370256424,0,0
"2025-05-15 06:00:00","2025-05-15 07:00:00",Nederland,WindOffshoreC,Hour,UTC,Providing,Current,1899251,1899251,0.45677024126053,0,0
"2025-05-15 07:00:00","2025-05-15 08:00:00",Nederland,WindOffshoreC,Hour,UTC,Providing,Current,1717250,1717250,0.41299924254417,0,0
"2025-05-15 08:00:00","2025-05-15 09:00:00",Nederland,WindOffshoreC,Hour,UTC,Providing,Current,1122750,1122750,0.27002173662186,0,0
"2025-05-15 09:00:00","2025-05-15 10:00:00",Nederland,WindOffshoreC,Hour,UTC,Providing,Current,575000,575000,0.13828767836094,0,0
"2025-05-15 10:00:00","2025-05-15 11:00:00",Nederland,WindOffshoreC,Hour,UTC,Providing,Current,560500,560500,0.13480049371719,0,0
"2025-05-15 11:00:00","2025-05-15 12:00:00",Nederland,WindOffshoreC,Hour,UTC,Providing,Current,943751,943751,0.22697225213051,0,0
"2025-05-15 12:00:00","2025-05-15 13:00:00",Nederland,WindOffshoreC,Hour,UTC,Providing,Current,1030250,1030250,0.24777549505234,0,0
"2025-05-15 13:00:00","2025-05-15 14:00:00",Nederland,WindOffshoreC,Hour,UTC,Providing,Current,1224750,1224750,0.29455274343491,0,0
"2025-05-15 14:00:00","2025-05-15 15:00:00",Nederland,WindOffshoreC,Hour,UTC,Providing,Current,1879749,1879749,0.45208024978638,0,0
"2025-05-15 15:00:00","2025-05-15 16:00:00",Nederland,WindOffshoreC,Hour,UTC,Providing,Current,2414250,2414250,0.58062773942947,0,0
"2025-05-15 16:00:00","2025-05-15 17:00:00",Nederland,WindOffshoreC,Hour,UTC,Providing,Current,3205501,3205501,0.77092349529266,0,0
"2025-05-15 17:00:00","2025-05-15 18:00:00",Nederland,WindOffshoreC,Hour,UTC,Providing,Current,3517001,3517001,0.84583973884583,0,0
"2025-05-15 18:00:00","2025-05-15 19:00:00",Nederland,WindOffshoreC,Hour,UTC,Providing,Current,3600249,3600249,0.86586099863052,0,0
"2025-05-15 19:00:00","2025-05-15 20:00:00",Nederland,WindOffshoreC,Hour,UTC,Providing,Current,3413250,3413250,0.82088750600815,0,0
"2025-05-15 20:00:00","2025-05-15 21:00:00",Nederland,WindOffshoreC,Hour,UTC,Providing,Current,3266249,3266249,0.78553372621536,0,0
"2025-05-15 21:00:00","2025-05-15 22:00:00",Nederland,WindOffshoreC,Hour,UTC,Providing,Current,3085500,3085500,0.74206352233887,0,0
"2025-05-15 22:00:00","2025-05-15 23:00:00",Nederland,WindOffshoreC,Hour,UTC,Providing,Current,2836500,2836500,0.68217897415161,0,0
"2025-05-15 23:00:00","2025-05-16 00:00:00",Nederland,WindOffshoreC,Hour,UTC,Providing,Current,2329250,2329250,0.56018525362015,0,0
"2025-05-16 00:00:00","2025-05-16 01:00:00",Nederland,WindOffshoreC,Hour,UTC,Providing,Current,1801249,1801249,0.43320074677467,0,0
"2025-05-16 01:00:00","2025-05-16 02:00:00",Nederland,WindOffshoreC,Hour,UTC,Providing,Current,1252001,1252001,0.30110651254654,0,0
"2025-05-16 02:00:00","2025-05-16 03:00:00",Nederland,WindOffshoreC,Hour,UTC,Providing,Current,989250,989250,0.23791499435902,0,0
"2025-05-16 03:00:00","2025-05-16 04:00:00",Nederland,WindOffshoreC,Hour,UTC,Providing,Current,947250,947250,0.22781400382519,0,0
"2025-05-16 04:00:00","2025-05-16 05:00:00",Nederland,WindOffshoreC,Hour,UTC,Providing,Current,1036999,1036999,0.24939849972725,0,0
"2025-05-16 05:00:00","2025-05-16 06:00:00",Nederland,WindOffshoreC,Hour,UTC,Providing,Current,1111249,1111249,0.26725575327873,0,0
"2025-05-16 06:00:00","2025-05-16 07:00:00",Nederland,WindOffshoreC,Hour,UTC,Providing,Current,1071500,1071500,0.25769600272179,0,0
"2025-05-16 07:00:00","2025-05-16 08:00:00",Nederland,WindOffshoreC,Hour,UTC,Providing,Current,1095250,1095250,0.26340800523758,0,0
"2025-05-16 08:00:00","2025-05-16 09:00:00",Nederland,WindOffshoreC,Hour,UTC,Providing,Current,1132250,1132250,0.27230626344681,0,0
"2025-05-16 09:00:00","2025-05-16 10:00:00",Nederland,WindOffshoreC,Hour,UTC,Providing,Current,1297750,1297750,0.31210926175117,0,0
"2025-05-16 10:00:00","2025-05-16 11:00:00",Nederland,WindOffshoreC,Hour,UTC,Providing,Current,1139000,1139000,0.27392974495888,0,0
"2025-05-16 11:00:00","2025-05-16 12:00:00",Nederland,WindOffshoreC,Hour,UTC,Providing,Current,1053500,1053500,0.2533672451973,0,0
"2025-05-16 12:00:00","2025-05-16 13:00:00",Nederland,WindOffshoreC,Hour,UTC,Providing,Current,1151001,1151001,0.27681601047516,0,0
"2025-05-16 13:00:00","2025-05-16 14:00:00",Nederland,WindOffshoreC,Hour,UTC,Providing,Current,1267500,1267500,0.30483400821686,0,0
"2025-05-16 14:00:00","2025-05-16 15:00:00",Nederland,WindOffshoreC,Hour,UTC,Providing,Current,1753749,1753749,0.42177700996399,0,0
"2025-05-16 15:00:00","2025-05-16 16:00:00",Nederland,WindOffshoreC,Hour,UTC,Providing,Current,2510249,2510249,0.60371524095535,0,0
"2025-05-16 16:00:00","2025-05-16 17:00:00",Nederland,WindOffshoreC,Hour,UTC,Providing,Current,2709750,2709750,0.651695728302,0,0
"2025-05-16 17:00:00","2025-05-16 18:00:00",Nederland,WindOffshoreC,Hour,UTC,Providing,Current,2744499,2744499,0.66005301475525,0,0
"2025-05-16 18:00:00","2025-05-16 19:00:00",Nederland,WindOffshoreC,Hour,UTC,Providing,Current,2583500,2583500,0.62133252620697,0,0
"2025-05-16 19:00:00","2025-05-16 20:00:00",Nederland,WindOffshoreC,Hour,UTC,Providing,Current,2455500,2455500,0.59054851531982,0,0
"2025-05-16 20:00:00","2025-05-16 21:00:00",Nederland,WindOffshoreC,Hour,UTC,Providing,Current,2351000,2351000,0.5654159784317,0,0
"2025-05-16 21:00:00","2025-05-16 22:00:00",Nederland,WindOffshoreC,Hour,UTC,Providing,Current,2433501,2433501,0.58525747060776,0,0
"2025-05-16 22:00:00","2025-05-16 23:00:00",Nederland,WindOffshoreC,Hour,UTC,Providing,Current,2416001,2416001,0.58104872703552,0,0
"2025-05-16 23:00:00","2025-05-17 00:00:00",Nederland,WindOffshoreC,Hour,UTC,Providing,Current,2207000,2207000,0.53078401088715,0,0
"2025-05-17 00:00:00","2025-05-17 01:00:00",Nederland,WindOffshoreC,Hour,UTC,Providing,Current,1897000,1897000,0.45622900128365,0,0
"2025-05-17 01:00:00","2025-05-17 02:00:00",Nederland,WindOffshoreC,Hour,UTC,Providing,Current,1593250,1593250,0.38317674398422,0,0
"2025-05-17 02:00:00","2025-05-17 03:00:00",Nederland,WindOffshoreC,Hour,UTC,Providing,Current,1570500,1570500,0.377705514431,0,0
"2025-05-17 03:00:00","2025-05-17 04:00:00",Nederland,WindOffshoreC,Hour,UTC,Providing,Current,1595500,1595500,0.38371801376343,0,0
"2025-05-17 04:00:00","2025-05-17 05:00:00",Nederland,WindOffshoreC,Hour,UTC,Providing,Current,1616500,1616500,0.38876876235008,0,0
"2025-05-17 05:00:00","2025-05-17 06:00:00",Nederland,WindOffshoreC,Hour,UTC,Providing,Current,1412751,1412751,0.33976724743843,0,0
"2025-05-17 06:00:00","2025-05-17 07:00:00",Nederland,WindOffshoreC,Hour,UTC,Providing,Current,1326750,1326750,0.31908375024796,0,0
"2025-05-17 07:00:00","2025-05-17 08:00:00",Nederland,WindOffshoreC,Hour,UTC,Providing,Current,1150750,1150750,0.27675598859787,0,0
"2025-05-17 08:00:00","2025-05-17 09:00:00",Nederland,WindOffshoreC,Hour,UTC,Providing,Current,1283250,1283250,0.30862200260162,0,0
"2025-05-17 09:00:00","2025-05-17 10:00:00",Nederland,WindOffshoreC,Hour,UTC,Providing,Current,895001,895001,0.21524800360203,0,0
"2025-05-17 10:00:00","2025-05-17 11:00:00",Nederland,WindOffshoreC,Hour,UTC,Providing,Current,700750,700750,0.16853049397469,0,0
"2025-05-17 11:00:00","2025-05-17 12:00:00",Nederland,WindOffshoreC,Hour,UTC,Providing,Current,710250,710250,0.17081524431705,0,0
"2025-05-17 12:00:00","2025-05-17 13:00:00",Nederland,WindOffshoreC,Hour,UTC,Providing,Current,776000,776000,0.1866279989481,0,0
"2025-05-17 13:00:00","2025-05-17 14:00:00",Nederland,WindOffshoreC,Hour,UTC,Providing,Current,745500,745500,0.17929300665855,0,0
"2025-05-17 14:00:00","2025-05-17 15:00:00",Nederland,WindOffshoreC,Hour,UTC,Providing,Current,945000,945000,0.22727274894714,0,0
"2025-05-17 15:00:00","2025-05-17 16:00:00",Nederland,WindOffshoreC,Hour,UTC,Providing,Current,1338001,1338001,0.32178950309753,0,0
"2025-05-17 16:00:00","2025-05-17 17:00:00",Nederland,WindOffshoreC,Hour,UTC,Providing,Current,1259000,1259000,0.302789747715,0,0
"2025-05-17 17:00:00","2025-05-17 18:00:00",Nederland,WindOffshoreC,Hour,UTC,Providing,Current,1217251,1217251,0.29274898767471,0,0
"2025-05-17 18:00:00","2025-05-17 19:00:00",Nederland,WindOffshoreC,Hour,UTC,Providing,Current,1101250,1101250,0.26485073566437,0,0
"2025-05-17 19:00:00","2025-05-17 20:00:00",Nederland,WindOffshoreC,Hour,UTC,Providing,Current,1440501,1440501,0.34644076228142,0,0
"2025-05-17 20:00:00","2025-05-17 21:00:00",Nederland,WindOffshoreC,Hour,UTC,Providing,Current,1758250,1758250,0.42285975813866,0,0
"2025-05-17 21:00:00","2025-05-17 22:00:00",Nederland,WindOffshoreC,Hour,UTC,Providing,Current,1714501,1714501,0.41233798861504,0,0
"2025-05-17 22:00:00","2025-05-17 23:00:00",Nederland,WindOffshoreC,Hour,UTC,Providing,Current,1629251,1629251,0.39183524250984,0,0
"2025-05-17 23:00:00","2025-05-18 00:00:00",Nederland,WindOffshoreC,Hour,UTC,Providing,Current,1408752,1408752,0.33880525827408,0,0
"2025-05-18 00:00:00","2025-05-18 01:00:00",Nederland,WindOffshoreC,Hour,UTC,Providing,Current,1317250,1317250,0.31679901480675,0,0
"2025-05-18 01:00:00","2025-05-18 02:00:00",Nederland,WindOffshoreC,Hour,UTC,Providing,Current,1104750,1104750,0.26569274067879,0,0
"2025-05-18 02:00:00","2025-05-18 03:00:00",Nederland,WindOffshoreC,Hour,UTC,Providing,Current,986750,986750,0.23731349408627,0,0
"2025-05-18 03:00:00","2025-05-18 04:00:00",Nederland,WindOffshoreC,Hour,UTC,Providing,Current,927250,927250,0.22300399839878,0,0
"2025-05-18 04:00:00","2025-05-18 05:00:00",Nederland,WindOffshoreC,Hour,UTC,Providing,Current,849500,849500,0.20430475473404,0,0
"2025-05-18 05:00:00","2025-05-18 06:00:00",Nederland,WindOffshoreC,Hour,UTC,Providing,Current,633001,633001,0.15223699808121,0,0
"2025-05-18 06:00:00","2025-05-18 07:00:00",Nederland,WindOffshoreC,Hour,UTC,Providing,Current,478500,478500,0.11507949978113,0,0
"2025-05-18 07:00:00","2025-05-18 08:00:00",Nederland,WindOffshoreC,Hour,UTC,Providing,Current,363750,363750,0.087481923401356,0,0
"2025-05-18 08:00:00","2025-05-18 09:00:00",Nederland,WindOffshoreC,Hour,UTC,Providing,Current,390750,390750,0.093975447118282,0,0
"2025-05-18 09:00:00","2025-05-18 10:00:00",Nederland,WindOffshoreC,Hour,UTC,Providing,Current,325250,325250,0.078222677111626,0,0
"2025-05-18 10:00:00","2025-05-18 11:00:00",Nederland,WindOffshoreC,Hour,UTC,Providing,Current,286752,286752,0.068963922560215,0,0
"2025-05-18 11:00:00","2025-05-18 12:00:00",Nederland,WindOffshoreC,Hour,UTC,Providing,Current,276000,276000,0.066378049552441,0,0
"2025-05-18 12:00:00","2025-05-18 13:00:00",Nederland,WindOffshoreC,Hour,UTC,Providing,Current,363250,363250,0.087361678481102,0,0
"2025-05-18 13:00:00","2025-05-18 14:00:00",Nederland,WindOffshoreC,Hour,UTC,Providing,Current,488250,488250,0.11742430180311,0,0
"2025-05-18 14:00:00","2025-05-18 15:00:00",Nederland,WindOffshoreC,Hour,UTC,Providing,Current,1022001,1022001,0.24579125642776,0,0
"2025-05-18 15:00:00","2025-05-18 16:00:00",Nederland,WindOffshoreC,Hour,UTC,Providing,Current,994250,994250,0.2391175031662,0,0
"2025-05-18 16:00:00","2025-05-18 17:00:00",Nederland,WindOffshoreC,Hour,UTC,Providing,Current,960999,960999,0.2311204969883,0,0
"2025-05-18 17:00:00","2025-05-18 18:00:00",Nederland,WindOffshoreC,Hour,UTC,Providing,Current,966000,966000,0.2323234975338,0,0
"2025-05-18 18:00:00","2025-05-18 19:00:00",Nederland,WindOffshoreC,Hour,UTC,Providing,Current,876750,876750,0.21085874736309,0,0
"2025-05-18 19:00:00","2025-05-18 20:00:00",Nederland,WindOffshoreC,Hour,UTC,Providing,Current,748500,748500,0.18001425266266,0,0
"2025-05-18 20:00:00","2025-05-18 21:00:00",Nederland,WindOffshoreC,Hour,UTC,Providing,Current,580501,580501,0.13961075246334,0,0
"2025-05-18 21:00:00","2025-05-18 22:00:00",Nederland,WindOffshoreC,Hour,UTC,Providing,Current,475751,475751,0.11441799998283,0,0
"2025-05-18 22:00:00","2025-05-18 23:00:00",Nederland,WindOffshoreC,Hour,UTC,Providing,Current,384500,384500,0.092472299933434,0,0
"2025-05-18 23:00:00","2025-05-19 00:00:00",Nederland,WindOffshoreC,Hour,UTC,Providing,Current,296750,296750,0.07136844843626,0,0
"2025-05-19 00:00:00","2025-05-19 01:00:00",Nederland,WindOffshoreC,Hour,UTC,Providing,Current,300750,300750,0.072330422699451,0,0
"2025-05-19 01:00:00","2025-05-19 02:00:00",Nederland,WindOffshoreC,Hour,UTC,Providing,Current,355001,355001,0.085377797484398,0,0
"2025-05-19 02:00:00","2025-05-19 03:00:00",Nederland,WindOffshoreC,Hour,UTC,Providing,Current,424250,424250,0.10203217715025,0,0
"2025-05-19 03:00:00","2025-05-19 04:00:00",Nederland,WindOffshoreC,Hour,UTC,Providing,Current,468500,468500,0.11267425119877,0,0
"2025-05-19 04:00:00","2025-05-19 05:00:00",Nederland,WindOffshoreC,Hour,UTC,Providing,Current,527750,527750,0.12692399322987,0,0
"2025-05-19 05:00:00","2025-05-19 06:00:00",Nederland,WindOffshoreC,Hour,UTC,Providing,Current,498000,498000,0.1197692528367,0,0
"2025-05-19 06:00:00","2025-05-19 07:00:00",Nederland,WindOffshoreC,Hour,UTC,Providing,Current,366000,366000,0.088023073971272,0,0
"2025-05-19 07:00:00","2025-05-19 08:00:00",Nederland,WindOffshoreC,Hour,UTC,Providing,Current,297250,297250,0.071488700807095,0,0
"2025-05-19 08:00:00","2025-05-19 09:00:00",Nederland,WindOffshoreC,Hour,UTC,Providing,Current,207750,207750,0.049963925033808,0,0
"2025-05-19 09:00:00","2025-05-19 10:00:00",Nederland,WindOffshoreC,Hour,UTC,Providing,Current,203250,203250,0.048881649971008,0,0
"2025-05-19 10:00:00","2025-05-19 11:00:00",Nederland,WindOffshoreC,Hour,UTC,Providing,Current,346751,346751,0.083393625915051,0,0
"2025-05-19 11:00:00","2025-05-19 12:00:00",Nederland,WindOffshoreC,Hour,UTC,Providing,Current,445000,445000,0.10702255368233,0,0
"2025-05-19 12:00:00","2025-05-19 13:00:00",Nederland,WindOffshoreC,Hour,UTC,Providing,Current,629500,629500,0.15139499306679,0,0
"2025-05-19 13:00:00","2025-05-19 14:00:00",Nederland,WindOffshoreC,Hour,UTC,Providing,Current,808749,808749,0.19450424611568,0,0
"2025-05-19 14:00:00","2025-05-19 15:00:00",Nederland,WindOffshoreC,Hour,UTC,Providing,Current,1428000,1428000,0.3434342443943,0,0
"2025-05-19 15:00:00","2025-05-19 16:00:00",Nederland,WindOffshoreC,Hour,UTC,Providing,Current,2029750,2029750,0.48815524578094,0,0
"2025-05-19 16:00:00","2025-05-19 17:00:00",Nederland,WindOffshoreC,Hour,UTC,Providing,Current,2093499,2093499,0.50348722934723,0,0
"2025-05-19 17:00:00","2025-05-19 18:00:00",Nederland,WindOffshoreC,Hour,UTC,Providing,Current,1985999,1985999,0.47763350605965,0,0
"2025-05-19 18:00:00","2025-05-19 19:00:00",Nederland,WindOffshoreC,Hour,UTC,Providing,Current,1939001,1939001,0.46632999181747,0,0
"2025-05-19 19:00:00","2025-05-19 20:00:00",Nederland,WindOffshoreC,Hour,UTC,Providing,Current,1892500,1892500,0.45514675974846,0,0
"2025-05-19 20:00:00","2025-05-19 21:00:00",Nederland,WindOffshoreC,Hour,UTC,Providing,Current,1630501,1630501,0.39213573932648,0,0
"2025-05-19 21:00:00","2025-05-19 22:00:00",Nederland,WindOffshoreC,Hour,UTC,Providing,Current,1421999,1421999,0.34199100732803,0,0
"2025-05-19 22:00:00","2025-05-19 23:00:00",Nederland,WindOffshoreC,Hour,UTC,Providing,Current,1222750,1222750,0.29407149553299,0,0
"2025-05-19 23:00:00","2025-05-20 00:00:00",Nederland,WindOffshoreC,Hour,UTC,Providing,Current,1150250,1150250,0.27663549780846,0,0
"2025-05-20 00:00:00","2025-05-20 01:00:00",Nederland,WindOffshoreC,Hour,UTC,Providing,Current,1118000,1118000,0.2688795030117,0,0
"2025-05-20 01:00:00","2025-05-20 02:00:00",Nederland,WindOffshoreC,Hour,UTC,Providing,Current,997000,997000,0.23977875709534,0,0
"2025-05-20 02:00:00","2025-05-20 03:00:00",Nederland,WindOffshoreC,Hour,UTC,Providing,Current,794750,794750,0.19113774597645,0,0
"2025-05-20 03:00:00","2025-05-20 04:00:00",Nederland,WindOffshoreC,Hour,UTC,Providing,Current,671500,671500,0.16149574518204,0,0
"2025-05-20 04:00:00","2025-05-20 05:00:00",Nederland,WindOffshoreC,Hour,UTC,Providing,Current,518250,518250,0.12463925033808,0,0
"2025-05-20 05:00:00","2025-05-20 06:00:00",Nederland,WindOffshoreC,Hour,UTC,Providing,Current,373749,373749,0.089886747300625,0,0
"2025-05-20 06:00:00","2025-05-20 07:00:00",Nederland,WindOffshoreC,Hour,UTC,Providing,Current,258750,258750,0.062229424715042,0,0
"2025-05-20 07:00:00","2025-05-20 08:00:00",Nederland,WindOffshoreC,Hour,UTC,Providing,Current,234750,234750,0.056457426398993,0,0
"2025-05-20 08:00:00","2025-05-20 09:00:00",Nederland,WindOffshoreC,Hour,UTC,Providing,Current,290999,290999,0.069985322654247,0,0
"2025-05-20 09:00:00","2025-05-20 10:00:00",Nederland,WindOffshoreC,Hour,UTC,Providing,Current,296500,296500,0.071308352053165,0,0
"2025-05-20 10:00:00","2025-05-20 11:00:00",Nederland,WindOffshoreC,Hour,UTC,Providing,Current,301750,301750,0.072570949792862,0,0
"2025-05-20 11:00:00","2025-05-20 12:00:00",Nederland,WindOffshoreC,Hour,UTC,Providing,Current,307500,307500,0.073953852057457,0,0
"2025-05-20 12:00:00","2025-05-20 13:00:00",Nederland,WindOffshoreC,Hour,UTC,Providing,Current,305999,305999,0.073592849075794,0,0
"2025-05-20 13:00:00","2025-05-20 14:00:00",Nederland,WindOffshoreC,Hour,UTC,Providing,Current,557000,557000,0.13395850360394,0,0
"2025-05-20 14:00:00","2025-05-20 15:00:00",Nederland,WindOffshoreC,Hour,UTC,Providing,Current,864249,864249,0.20785200595856,0,0
"2025-05-20 15:00:00","2025-05-20 16:00:00",Nederland,WindOffshoreC,Hour,UTC,Providing,Current,1182001,1182001,0.28427150845528,0,0
"2025-05-20 16:00:00","2025-05-20 17:00:00",Nederland,WindOffshoreC,Hour,UTC,Providing,Current,1136999,1136999,0.27344849705696,0,0
"2025-05-20 17:00:00","2025-05-20 18:00:00",Nederland,WindOffshoreC,Hour,UTC,Providing,Current,1060750,1060750,0.25511074066162,0,0
"2025-05-20 18:00:00","2025-05-20 19:00:00",Nederland,WindOffshoreC,Hour,UTC,Providing,Current,895500,895500,0.21536800265312,0,0
"2025-05-20 19:00:00","2025-05-20 20:00:00",Nederland,WindOffshoreC,Hour,UTC,Providing,Current,656000,656000,0.15776824951172,0,0
"2025-05-20 20:00:00","2025-05-20 21:00:00",Nederland,WindOffshoreC,Hour,UTC,Providing,Current,585000,585000,0.14069275557995,0,0
"2025-05-20 21:00:00","2025-05-20 22:00:00",Nederland,WindOffshoreC,Hour,UTC,Providing,Current,532500,532500,0.12806625664234,0,0
"2025-05-20 22:00:00","2025-05-20 23:00:00",Nederland,WindOffshoreC,Hour,UTC,Providing,Current,448750,448750,0.10792449861765,0,0
"2025-05-20 23:00:00","2025-05-21 00:00:00",Nederland,WindOffshoreC,Hour,UTC,Providing,Current,437249,437249,0.10515867173672,0,0
"2025-05-21 00:00:00","2025-05-21 01:00:00",Nederland,WindOffshoreC,Hour,UTC,Providing,Current,486751,486751,0.11706349998713,0,0
"2025-05-21 01:00:00","2025-05-21 02:00:00",Nederland,WindOffshoreC,Hour,UTC,Providing,Current,634250,634250,0.15253725647926,0,0
"2025-05-21 02:00:00","2025-05-21 03:00:00",Nederland,WindOffshoreC,Hour,UTC,Providing,Current,928000,928000,0.22318424284458,0,0
"2025-05-21 03:00:00","2025-05-21 04:00:00",Nederland,WindOffshoreC,Hour,UTC,Providing,Current,1025000,1025000,0.24651299417019,0,0
"2025-05-21 04:00:00","2025-05-21 05:00:00",Nederland,WindOffshoreC,Hour,UTC,Providing,Current,1032250,1032250,0.24825625121593,0,0
"2025-05-21 05:00:00","2025-05-21 06:00:00",Nederland,WindOffshoreC,Hour,UTC,Providing,Current,874500,874500,0.21031750738621,0,0
"2025-05-21 06:00:00","2025-05-21 07:00:00",Nederland,WindOffshoreC,Hour,UTC,Providing,Current,735749,735749,0.17694774270058,0,0
"2025-05-21 07:00:00","2025-05-21 08:00:00",Nederland,WindOffshoreC,Hour,UTC,Providing,Current,573999,573999,0.13804675638676,0,0
"2025-05-21 08:00:00","2025-05-21 09:00:00",Nederland,WindOffshoreC,Hour,UTC,Providing,Current,598000,598000,0.14381924271584,0,0
"2025-05-21 09:00:00","2025-05-21 10:00:00",Nederland,WindOffshoreC,Hour,UTC,Providing,Current,613250,613250,0.14748699963093,0,0
"2025-05-21 10:00:00","2025-05-21 11:00:00",Nederland,WindOffshoreC,Hour,UTC,Providing,Current,753499,753499,0.18121699988842,0,0
"2025-05-21 11:00:00","2025-05-21 12:00:00",Nederland,WindOffshoreC,Hour,UTC,Providing,Current,1011499,1011499,0.24326549470425,0,0
"2025-05-21 12:00:00","2025-05-21 13:00:00",Nederland,WindOffshoreC,Hour,UTC,Providing,Current,1059499,1059499,0.25481000542641,0,0
"2025-05-21 13:00:00","2025-05-21 14:00:00",Nederland,WindOffshoreC,Hour,UTC,Providing,Current,1506250,1506250,0.36225348711014,0,0
"2025-05-21 14:00:00","2025-05-21 15:00:00",Nederland,WindOffshoreC,Hour,UTC,Providing,Current,1829001,1829001,0.4398755133152,0,0
"2025-05-21 15:00:00","2025-05-21 16:00:00",Nederland,WindOffshoreC,Hour,UTC,Providing,Current,2184000,2184000,0.52525252103806,0,0
"2025-05-21 16:00:00","2025-05-21 17:00:00",Nederland,WindOffshoreC,Hour,UTC,Providing,Current,2230001,2230001,0.53631550073624,0,0
"2025-05-21 17:00:00","2025-05-21 18:00:00",Nederland,WindOffshoreC,Hour,UTC,Providing,Current,2397000,2397000,0.57647925615311,0,0
"2025-05-21 18:00:00","2025-05-21 19:00:00",Nederland,WindOffshoreC,Hour,UTC,Providing,Current,2427750,2427750,0.58387422561646,0,0
"2025-05-21 19:00:00","2025-05-21 20:00:00",Nederland,WindOffshoreC,Hour,UTC,Providing,Current,2099999,2099999,0.50505000352859,0,0
"2025-05-21 20:00:00","2025-05-21 21:00:00",Nederland,WindOffshoreC,Hour,UTC,Providing,Current,1893501,1893501,0.45538726449013,0,0
"2025-05-21 21:00:00","2025-05-21 22:00:00",Nederland,WindOffshoreC,Hour,UTC,Providing,Current,1847250,1847250,0.44426426291466,0,0
"2025-05-21 22:00:00","2025-05-21 23:00:00",Nederland,WindOffshoreC,Hour,UTC,Providing,Current,1851250,1851250,0.44522601366043,0,0
"2025-05-21 23:00:00","2025-05-22 00:00:00",Nederland,WindOffshoreC,Hour,UTC,Providing,Current,1869500,1869500,0.44961524009705,0,0
"2025-05-22 00:00:00","2025-05-22 01:00:00",Nederland,WindOffshoreC,Hour,UTC,Providing,Current,2034000,2034000,0.48917749524117,0,0
"2025-05-22 01:00:00","2025-05-22 02:00:00",Nederland,WindOffshoreC,Hour,UTC,Providing,Current,2186000,2186000,0.52573347091675,0,0
"2025-05-22 02:00:00","2025-05-22 03:00:00",Nederland,WindOffshoreC,Hour,UTC,Providing,Current,2216500,2216500,0.53306847810745,0,0
"2025-05-22 03:00:00","2025-05-22 04:00:00",Nederland,WindOffshoreC,Hour,UTC,Providing,Current,2332750,2332750,0.56102675199509,0,0
"2025-05-22 04:00:00","2025-05-22 05:00:00",Nederland,WindOffshoreC,Hour,UTC,Providing,Current,2449001,2449001,0.58898502588272,0,0
"2025-05-22 05:00:00","2025-05-22 06:00:00",Nederland,WindOffshoreC,Hour,UTC,Providing,Current,2626000,2626000,0.63155376911163,0,0
"2025-05-22 06:00:00","2025-05-22 07:00:00",Nederland,WindOffshoreC,Hour,UTC,Providing,Current,2467500,2467500,0.59343427419662,0,0
"2025-05-22 07:00:00","2025-05-22 08:00:00",Nederland,WindOffshoreC,Hour,UTC,Providing,Current,2173000,2173000,0.52260702848434,0,0
"2025-05-22 08:00:00","2025-05-22 09:00:00",Nederland,WindOffshoreC,Hour,UTC,Providing,Current,2337501,2337501,0.56216925382614,0,0
"2025-05-22 09:00:00","2025-05-22 10:00:00",Nederland,WindOffshoreC,Hour,UTC,Providing,Current,2163750,2163750,0.52038252353668,0,0
"2025-05-22 10:00:00","2025-05-22 11:00:00",Nederland,WindOffshoreC,Hour,UTC,Providing,Current,2369500,2369500,0.56986522674561,0,0
"2025-05-22 11:00:00","2025-05-22 12:00:00",Nederland,WindOffshoreC,Hour,UTC,Providing,Current,2206001,2206001,0.53054350614548,0,0
"2025-05-22 12:00:00","2025-05-22 13:00:00",Nederland,WindOffshoreC,Hour,UTC,Providing,Current,2159750,2159750,0.51942026615143,0,0
"2025-05-22 13:00:00","2025-05-22 14:00:00",Nederland,WindOffshoreC,Hour,UTC,Providing,Current,2063750,2063750,0.49633249640465,0,0
"2025-05-22 14:00:00","2025-05-22 15:00:00",Nederland,WindOffshoreC,Hour,UTC,Providing,Current,2147000,2147000,0.51635426282883,0,0
"2025-05-22 15:00:00","2025-05-22 16:00:00",Nederland,WindOffshoreC,Hour,UTC,Providing,Current,2310250,2310250,0.55561572313309,0,0
"2025-05-22 16:00:00","2025-05-22 17:00:00",Nederland,WindOffshoreC,Hour,UTC,Providing,Current,2282250,2282250,0.54888147115707,0,0
"2025-05-22 17:00:00","2025-05-22 18:00:00",Nederland,WindOffshoreC,Hour,UTC,Providing,Current,2422249,2422249,0.58255124092102,0,0
"2025-05-22 18:00:00","2025-05-22 19:00:00",Nederland,WindOffshoreC,Hour,UTC,Providing,Current,2390001,2390001,0.57479572296143,0,0
"2025-05-22 19:00:00","2025-05-22 20:00:00",Nederland,WindOffshoreC,Hour,UTC,Providing,Current,2365501,2365501,0.56890350580215,0,0
"2025-05-22 20:00:00","2025-05-22 21:00:00",Nederland,WindOffshoreC,Hour,UTC,Providing,Current,2524500,2524500,0.60714274644852,0,0
"2025-05-22 21:00:00","2025-05-22 22:00:00",Nederland,WindOffshoreC,Hour,UTC,Providing,Current,2433250,2433250,0.58519726991653,0,0
"2025-05-22 22:00:00","2025-05-22 23:00:00",Nederland,WindOffshoreC,Hour,UTC,Providing,Current,2491250,2491250,0.59914600849152,0,0
"2025-05-22 23:00:00","2025-05-23 00:00:00",Nederland,WindOffshoreC,Hour,UTC,Providing,Current,2625750,2625750,0.63149350881577,0,0
"2025-05-23 00:00:00","2025-05-23 01:00:00",Nederland,WindOffshoreC,Hour,UTC,Providing,Current,2847999,2847999,0.68494427204132,0,0
"2025-05-23 01:00:00","2025-05-23 02:00:00",Nederland,WindOffshoreC,Hour,UTC,Providing,Current,3009501,3009501,0.72378575801849,0,0
"2025-05-23 02:00:00","2025-05-23 03:00:00",Nederland,WindOffshoreC,Hour,UTC,Providing,Current,3091500,3091500,0.74350649118423,0,0
"2025-05-23 03:00:00","2025-05-23 04:00:00",Nederland,WindOffshoreC,Hour,UTC,Providing,Current,3404500,3404500,0.81878298521042,0,0
"2025-05-23 04:00:00","2025-05-23 05:00:00",Nederland,WindOffshoreC,Hour,UTC,Providing,Current,3444750,3444750,0.8284632563591,0,0
"2025-05-23 05:00:00","2025-05-23 06:00:00",Nederland,WindOffshoreC,Hour,UTC,Providing,Current,3402251,3402251,0.81824225187302,0,0
"2025-05-23 06:00:00","2025-05-23 07:00:00",Nederland,WindOffshoreC,Hour,UTC,Providing,Current,3120000,3120000,0.75036072731018,0,0
"2025-05-23 07:00:00","2025-05-23 08:00:00",Nederland,WindOffshoreC,Hour,UTC,Providing,Current,2945750,2945750,0.70845347642899,0,0
"2025-05-23 08:00:00","2025-05-23 09:00:00",Nederland,WindOffshoreC,Hour,UTC,Providing,Current,2513750,2513750,0.60455727577209,0,0
"2025-05-23 09:00:00","2025-05-23 10:00:00",Nederland,WindOffshoreC,Hour,UTC,Providing,Current,2334250,2334250,0.56138777732849,0,0
"2025-05-23 10:00:00","2025-05-23 11:00:00",Nederland,WindOffshoreC,Hour,UTC,Providing,Current,2082250,2082250,0.50078177452087,0,0
"2025-05-23 11:00:00","2025-05-23 12:00:00",Nederland,WindOffshoreC,Hour,UTC,Providing,Current,1719501,1719501,0.41354051232338,0,0
"2025-05-23 12:00:00","2025-05-23 13:00:00",Nederland,WindOffshoreC,Hour,UTC,Providing,Current,1778000,1778000,0.42760926485062,0,0
"2025-05-23 13:00:00","2025-05-23 14:00:00",Nederland,WindOffshoreC,Hour,UTC,Providing,Current,1274750,1274750,0.30657774209976,0,0
"2025-05-23 14:00:00","2025-05-23 15:00:00",Nederland,WindOffshoreC,Hour,UTC,Providing,Current,1562501,1562501,0.37578174471855,0,0
"2025-05-23 15:00:00","2025-05-23 16:00:00",Nederland,WindOffshoreC,Hour,UTC,Providing,Current,1545250,1545250,0.37163299322128,0,0
"2025-05-23 16:00:00","2025-05-23 17:00:00",Nederland,WindOffshoreC,Hour,UTC,Providing,Current,1167750,1167750,0.28084424138069,0,0
"2025-05-23 17:00:00","2025-05-23 18:00:00",Nederland,WindOffshoreC,Hour,UTC,Providing,Current,779250,779250,0.18740999698639,0,0
"2025-05-23 18:00:00","2025-05-23 19:00:00",Nederland,WindOffshoreC,Hour,UTC,Providing,Current,638749,638749,0.15361924469471,0,0
"2025-05-23 19:00:00","2025-05-23 20:00:00",Nederland,WindOffshoreC,Hour,UTC,Providing,Current,817250,817250,0.19654899835587,0,0
"2025-05-23 20:00:00","2025-05-23 21:00:00",Nederland,WindOffshoreC,Hour,UTC,Providing,Current,1261249,1261249,0.3033307492733,0,0
"2025-05-23 21:00:00","2025-05-23 22:00:00",Nederland,WindOffshoreC,Hour,UTC,Providing,Current,1374000,1374000,0.33044749498367,0,0
"2025-05-23 22:00:00","2025-05-23 23:00:00",Nederland,WindOffshoreC,Hour,UTC,Providing,Current,1818500,1818500,0.43734949827194,0,0
"2025-05-23 23:00:00","2025-05-24 00:00:00",Nederland,WindOffshoreC,Hour,UTC,Providing,Current,2580251,2580251,0.6205507516861,0,0
"2025-05-24 00:00:00","2025-05-24 01:00:00",Nederland,WindOffshoreC,Hour,UTC,Providing,Current,3183498,3183498,0.76563197374344,0,0
"2025-05-24 01:00:00","2025-05-24 02:00:00",Nederland,WindOffshoreC,Hour,UTC,Providing,Current,3321000,3321000,0.79870122671127,0,0
"2025-05-24 02:00:00","2025-05-24 03:00:00",Nederland,WindOffshoreC,Hour,UTC,Providing,Current,3280499,3280499,0.78896099328995,0,0
"2025-05-24 03:00:00","2025-05-24 04:00:00",Nederland,WindOffshoreC,Hour,UTC,Providing,Current,3213000,3213000,0.77272725105286,0,0
"2025-05-24 04:00:00","2025-05-24 05:00:00",Nederland,WindOffshoreC,Hour,UTC,Providing,Current,3007749,3007749,0.72336423397064,0,0
"2025-05-24 05:00:00","2025-05-24 06:00:00",Nederland,WindOffshoreC,Hour,UTC,Providing,Current,2802501,2802501,0.67400199174881,0,0
"2025-05-24 06:00:00","2025-05-24 07:00:00",Nederland,WindOffshoreC,Hour,UTC,Providing,Current,2527250,2527250,0.60780423879623,0,0
"2025-05-24 07:00:00","2025-05-24 08:00:00",Nederland,WindOffshoreC,Hour,UTC,Providing,Current,2149500,2149500,0.5169552564621,0,0
"2025-05-24 08:00:00","2025-05-24 09:00:00",Nederland,WindOffshoreC,Hour,UTC,Providing,Current,1728500,1728500,0.41570448875427,0,0
"2025-05-24 09:00:00","2025-05-24 10:00:00",Nederland,WindOffshoreC,Hour,UTC,Providing,Current,1404250,1404250,0.33772224187851,0,0
"2025-05-24 10:00:00","2025-05-24 11:00:00",Nederland,WindOffshoreC,Hour,UTC,Providing,Current,2048750,2048750,0.49272501468658,0,0
"2025-05-24 11:00:00","2025-05-24 12:00:00",Nederland,WindOffshoreC,Hour,UTC,Providing,Current,1744251,1744251,0.41949275135994,0,0
"2025-05-24 12:00:00","2025-05-24 13:00:00",Nederland,WindOffshoreC,Hour,UTC,Providing,Current,2110500,2110500,0.50757575035095,0,0
"2025-05-24 13:00:00","2025-05-24 14:00:00",Nederland,WindOffshoreC,Hour,UTC,Providing,Current,1505500,1505500,0.36207324266434,0,0
"2025-05-24 14:00:00","2025-05-24 15:00:00",Nederland,WindOffshoreC,Hour,UTC,Providing,Current,2123249,2123249,0.51064175367355,0,0
"2025-05-24 15:00:00","2025-05-24 16:00:00",Nederland,WindOffshoreC,Hour,UTC,Providing,Current,3307250,3307250,0.79539448022842,0,0
"2025-05-24 16:00:00","2025-05-24 17:00:00",Nederland,WindOffshoreC,Hour,UTC,Providing,Current,3864250,3864250,0.92935299873352,0,0
"2025-05-24 17:00:00","2025-05-24 18:00:00",Nederland,WindOffshoreC,Hour,UTC,Providing,Current,3844251,3844251,0.92454302310944,0,0
"2025-05-24 18:00:00","2025-05-24 19:00:00",Nederland,WindOffshoreC,Hour,UTC,Providing,Current,3760000,3760000,0.90428102016449,0,0
"2025-05-24 19:00:00","2025-05-24 20:00:00",Nederland,WindOffshoreC,Hour,UTC,Providing,Current,3901250,3901250,0.93825149536133,0,0
"2025-05-24 20:00:00","2025-05-24 21:00:00",Nederland,WindOffshoreC,Hour,UTC,Providing,Current,4023250,4023250,0.96759277582169,0,0
"2025-05-24 21:00:00","2025-05-24 22:00:00",Nederland,WindOffshoreC,Hour,UTC,Providing,Current,4242749,4242749,1.0203825235367,0,0
"2025-05-24 22:00:00","2025-05-24 23:00:00",Nederland,WindOffshoreC,Hour,UTC,Providing,Current,4239501,4239501,1.0196000337601,0,0
"2025-05-24 23:00:00","2025-05-25 00:00:00",Nederland,WindOffshoreC,Hour,UTC,Providing,Current,4299500,4299500,1.0340299606323,0,0
"2025-05-25 00:00:00","2025-05-25 01:00:00",Nederland,WindOffshoreC,Hour,UTC,Providing,Current,4252501,4252501,1.0227249860764,0,0
"2025-05-25 01:00:00","2025-05-25 02:00:00",Nederland,WindOffshoreC,Hour,UTC,Providing,Current,4313500,4313500,1.0373975038528,0,0
"2025-05-25 02:00:00","2025-05-25 03:00:00",Nederland,WindOffshoreC,Hour,UTC,Providing,Current,4273500,4273500,1.0277775526047,0,0
"2025-05-25 03:00:00","2025-05-25 04:00:00",Nederland,WindOffshoreC,Hour,UTC,Providing,Current,4334250,4334250,1.0423899888992,0,0
"2025-05-25 04:00:00","2025-05-25 05:00:00",Nederland,WindOffshoreC,Hour,UTC,Providing,Current,4218999,4218999,1.0146700143814,0,0
"2025-05-25 05:00:00","2025-05-25 06:00:00",Nederland,WindOffshoreC,Hour,UTC,Providing,Current,4173250,4173250,1.0036669969559,0,0
"2025-05-25 06:00:00","2025-05-25 07:00:00",Nederland,WindOffshoreC,Hour,UTC,Providing,Current,4216500,4216500,1.0140700340271,0,0
"2025-05-25 07:00:00","2025-05-25 08:00:00",Nederland,WindOffshoreC,Hour,UTC,Providing,Current,3755000,3755000,0.90307825803757,0,0
"2025-05-25 08:00:00","2025-05-25 09:00:00",Nederland,WindOffshoreC,Hour,UTC,Providing,Current,3606500,3606500,0.86736398935318,0,0
"2025-05-25 09:00:00","2025-05-25 10:00:00",Nederland,WindOffshoreC,Hour,UTC,Providing,Current,2518250,2518250,0.60563975572586,0,0
"2025-05-25 10:00:00","2025-05-25 11:00:00",Nederland,WindOffshoreC,Hour,UTC,Providing,Current,1776499,1776499,0.42724850773811,0,0
"2025-05-25 11:00:00","2025-05-25 12:00:00",Nederland,WindOffshoreC,Hour,UTC,Providing,Current,1718999,1718999,0.41341975331306,0,0
"2025-05-25 12:00:00","2025-05-25 13:00:00",Nederland,WindOffshoreC,Hour,UTC,Providing,Current,1788250,1788250,0.43007451295853,0,0
"2025-05-25 13:00:00","2025-05-25 14:00:00",Nederland,WindOffshoreC,Hour,UTC,Providing,Current,1952500,1952500,0.46957650780678,0,0
"2025-05-25 14:00:00","2025-05-25 15:00:00",Nederland,WindOffshoreC,Hour,UTC,Providing,Current,1283250,1283250,0.30862176418304,0,0
"2025-05-25 15:00:00","2025-05-25 16:00:00",Nederland,WindOffshoreC,Hour,UTC,Providing,Current,819250,819250,0.19702950119972,0,0
"2025-05-25 16:00:00","2025-05-25 17:00:00",Nederland,WindOffshoreC,Hour,UTC,Providing,Current,785500,785500,0.18891300261021,0,0
"2025-05-25 17:00:00","2025-05-25 18:00:00",Nederland,WindOffshoreC,Hour,UTC,Providing,Current,777500,777500,0.18698899447918,0,0
"2025-05-25 18:00:00","2025-05-25 19:00:00",Nederland,WindOffshoreC,Hour,UTC,Providing,Current,993001,993001,0.23881675302982,0,0
"2025-05-25 19:00:00","2025-05-25 20:00:00",Nederland,WindOffshoreC,Hour,UTC,Providing,Current,1297501,1297501,0.31204950809479,0,0
"2025-05-25 20:00:00","2025-05-25 21:00:00",Nederland,WindOffshoreC,Hour,UTC,Providing,Current,1542000,1542000,0.37085148692131,0,0
"2025-05-25 21:00:00","2025-05-25 22:00:00",Nederland,WindOffshoreC,Hour,UTC,Providing,Current,1728252,1728252,0.41564476490021,0,0
"2025-05-25 22:00:00","2025-05-25 23:00:00",Nederland,WindOffshoreC,Hour,UTC,Providing,Current,2256000,2256000,0.54256874322891,0,0
"2025-05-25 23:00:00","2025-05-26 00:00:00",Nederland,WindOffshoreC,Hour,UTC,Providing,Current,2447251,2447251,0.58856475353241,0,0
"2025-05-26 00:00:00","2025-05-26 01:00:00",Nederland,WindOffshoreC,Hour,UTC,Providing,Current,3064500,3064500,0.73701298236847,0,0
"2025-05-26 01:00:00","2025-05-26 02:00:00",Nederland,WindOffshoreC,Hour,UTC,Providing,Current,3249000,3249000,0.781385242939,0,0
"2025-05-26 02:00:00","2025-05-26 03:00:00",Nederland,WindOffshoreC,Hour,UTC,Providing,Current,2784750,2784750,0.66973298788071,0,0
"2025-05-26 03:00:00","2025-05-26 04:00:00",Nederland,WindOffshoreC,Hour,UTC,Providing,Current,2144750,2144750,0.51581299304962,0,0
"2025-05-26 04:00:00","2025-05-26 05:00:00",Nederland,WindOffshoreC,Hour,UTC,Providing,Current,2279500,2279500,0.54822051525116,0,0
"2025-05-26 05:00:00","2025-05-26 06:00:00",Nederland,WindOffshoreC,Hour,UTC,Providing,Current,2179001,2179001,0.52404999732971,0,0
"2025-05-26 06:00:00","2025-05-26 07:00:00",Nederland,WindOffshoreC,Hour,UTC,Providing,Current,1896250,1896250,0.45604875683784,0,0
"2025-05-26 07:00:00","2025-05-26 08:00:00",Nederland,WindOffshoreC,Hour,UTC,Providing,Current,1551250,1551250,0.37307599186897,0,0
"2025-05-26 08:00:00","2025-05-26 09:00:00",Nederland,WindOffshoreC,Hour,UTC,Providing,Current,1612500,1612500,0.38780650496483,0,0
"2025-05-26 09:00:00","2025-05-26 10:00:00",Nederland,WindOffshoreC,Hour,UTC,Providing,Current,1553250,1553250,0.37355700135231,0,0
"2025-05-26 10:00:00","2025-05-26 11:00:00",Nederland,WindOffshoreC,Hour,UTC,Providing,Current,1399750,1399750,0.3366402387619,0,0
"2025-05-26 11:00:00","2025-05-26 12:00:00",Nederland,WindOffshoreC,Hour,UTC,Providing,Current,1905000,1905000,0.45815300941467,0,0
"2025-05-26 12:00:00","2025-05-26 13:00:00",Nederland,WindOffshoreC,Hour,UTC,Providing,Current,2191749,2191749,0.52711647748947,0,0
"2025-05-26 13:00:00","2025-05-26 14:00:00",Nederland,WindOffshoreC,Hour,UTC,Providing,Current,2173750,2173750,0.52278751134872,0,0
"2025-05-26 14:00:00","2025-05-26 15:00:00",Nederland,WindOffshoreC,Hour,UTC,Providing,Current,2402499,2402499,0.57780176401138,0,0
"2025-05-26 15:00:00","2025-05-26 16:00:00",Nederland,WindOffshoreC,Hour,UTC,Providing,Current,3403750,3403750,0.81860274076462,0,0
"2025-05-26 16:00:00","2025-05-26 17:00:00",Nederland,WindOffshoreC,Hour,UTC,Providing,Current,3737500,3737500,0.89886951446533,0,0
"2025-05-26 17:00:00","2025-05-26 18:00:00",Nederland,WindOffshoreC,Hour,UTC,Providing,Current,4293501,4293501,1.0325850248337,0,0
"2025-05-26 18:00:00","2025-05-26 19:00:00",Nederland,WindOffshoreC,Hour,UTC,Providing,Current,4308499,4308499,1.0361975431442,0,0
"2025-05-26 19:00:00","2025-05-26 20:00:00",Nederland,WindOffshoreC,Hour,UTC,Providing,Current,4312750,4312750,1.0372174978256,0,0
"2025-05-26 20:00:00","2025-05-26 21:00:00",Nederland,WindOffshoreC,Hour,UTC,Providing,Current,4343750,4343750,1.0446724891663,0,0
"2025-05-26 21:00:00","2025-05-26 22:00:00",Nederland,WindOffshoreC,Hour,UTC,Providing,Current,4384499,4384499,1.0544749498367,0,0
"2025-05-26 22:00:00","2025-05-26 23:00:00",Nederland,WindOffshoreC,Hour,UTC,Providing,Current,4380500,4380500,1.0535124540329,0,0
"2025-05-26 23:00:00","2025-05-27 00:00:00",Nederland,WindOffshoreC,Hour,UTC,Providing,Current,4369500,4369500,1.0508650541306,0,0
"2025-05-27 00:00:00","2025-05-27 01:00:00",Nederland,WindOffshoreC,Hour,UTC,Providing,Current,4379751,4379751,1.0533299446106,0,0
"2025-05-27 01:00:00","2025-05-27 02:00:00",Nederland,WindOffshoreC,Hour,UTC,Providing,Current,4348000,4348000,1.0456974506378,0,0
"2025-05-27 02:00:00","2025-05-27 03:00:00",Nederland,WindOffshoreC,Hour,UTC,Providing,Current,4317250,4317250,1.0383025407791,0,0
"2025-05-27 03:00:00","2025-05-27 04:00:00",Nederland,WindOffshoreC,Hour,UTC,Providing,Current,4393500,4393500,1.0566375255585,0,0
"2025-05-27 04:00:00","2025-05-27 05:00:00",Nederland,WindOffshoreC,Hour,UTC,Providing,Current,4320500,4320500,1.0390800237656,0,0
"2025-05-27 05:00:00","2025-05-27 06:00:00",Nederland,WindOffshoreC,Hour,UTC,Providing,Current,4348000,4348000,1.0456949472427,0,0
"2025-05-27 06:00:00","2025-05-27 07:00:00",Nederland,WindOffshoreC,Hour,UTC,Providing,Current,4326000,4326000,1.0404025316238,0,0
"2025-05-27 07:00:00","2025-05-27 08:00:00",Nederland,WindOffshoreC,Hour,UTC,Providing,Current,4357000,4357000,1.0478600263596,0,0
"2025-05-27 08:00:00","2025-05-27 09:00:00",Nederland,WindOffshoreC,Hour,UTC,Providing,Current,3936001,3936001,0.94660848379135,0,0
"2025-05-27 09:00:00","2025-05-27 10:00:00",Nederland,WindOffshoreC,Hour,UTC,Providing,Current,3627250,3627250,0.87235450744629,0,0
"2025-05-27 10:00:00","2025-05-27 11:00:00",Nederland,WindOffshoreC,Hour,UTC,Providing,Current,3558250,3558250,0.85575997829437,0,0
"2025-05-27 11:00:00","2025-05-27 12:00:00",Nederland,WindOffshoreC,Hour,UTC,Providing,Current,2942249,2942249,0.70761173963547,0,0
"2025-05-27 12:00:00","2025-05-27 13:00:00",Nederland,WindOffshoreC,Hour,UTC,Providing,Current,3206000,3206000,0.7710440158844,0,0
"2025-05-27 13:00:00","2025-05-27 14:00:00",Nederland,WindOffshoreC,Hour,UTC,Providing,Current,3553250,3553250,0.85455751419067,0,0
"2025-05-27 14:00:00","2025-05-27 15:00:00",Nederland,WindOffshoreC,Hour,UTC,Providing,Current,3729500,3729500,0.89694547653198,0,0
"2025-05-27 15:00:00","2025-05-27 16:00:00",Nederland,WindOffshoreC,Hour,UTC,Providing,Current,3047250,3047250,0.73286426067352,0,0
"2025-05-27 16:00:00","2025-05-27 17:00:00",Nederland,WindOffshoreC,Hour,UTC,Providing,Current,3231249,3231249,0.77711647748947,0,0
"2025-05-27 17:00:00","2025-05-27 18:00:00",Nederland,WindOffshoreC,Hour,UTC,Providing,Current,3544750,3544750,0.85251325368881,0,0
"2025-05-27 18:00:00","2025-05-27 19:00:00",Nederland,WindOffshoreC,Hour,UTC,Providing,Current,3910749,3910749,0.94053602218628,0,0
"2025-05-27 19:00:00","2025-05-27 20:00:00",Nederland,WindOffshoreC,Hour,UTC,Providing,Current,3827250,3827250,0.92045450210571,0,0
"2025-05-27 20:00:00","2025-05-27 21:00:00",Nederland,WindOffshoreC,Hour,UTC,Providing,Current,3783250,3783250,0.90987247228622,0,0
"2025-05-27 21:00:00","2025-05-27 22:00:00",Nederland,WindOffshoreC,Hour,UTC,Providing,Current,3763000,3763000,0.90500223636627,0,0
"2025-05-27 22:00:00","2025-05-27 23:00:00",Nederland,WindOffshoreC,Hour,UTC,Providing,Current,3758249,3758249,0.9038599729538,0,0
"2025-05-27 23:00:00","2025-05-28 00:00:00",Nederland,WindOffshoreC,Hour,UTC,Providing,Current,3743749,3743749,0.90037226676941,0,0
"2025-05-28 00:00:00","2025-05-28 01:00:00",Nederland,WindOffshoreC,Hour,UTC,Providing,Current,3738001,3738001,0.89898997545242,0,0
"2025-05-28 01:00:00","2025-05-28 02:00:00",Nederland,WindOffshoreC,Hour,UTC,Providing,Current,3747251,3747251,0.90121477842331,0,0
"2025-05-28 02:00:00","2025-05-28 03:00:00",Nederland,WindOffshoreC,Hour,UTC,Providing,Current,3760750,3760750,0.90446126461029,0,0
"2025-05-28 03:00:00","2025-05-28 04:00:00",Nederland,WindOffshoreC,Hour,UTC,Providing,Current,3600999,3600999,0.86604124307632,0,0
"2025-05-28 04:00:00","2025-05-28 05:00:00",Nederland,WindOffshoreC,Hour,UTC,Providing,Current,3359250,3359250,0.80790024995804,0,0
"2025-05-28 05:00:00","2025-05-28 06:00:00",Nederland,WindOffshoreC,Hour,UTC,Providing,Current,3047750,3047750,0.73298448324203,0,0
"2025-05-28 06:00:00","2025-05-28 07:00:00",Nederland,WindOffshoreC,Hour,UTC,Providing,Current,2724501,2724501,0.65524327754974,0,0
"2025-05-28 07:00:00","2025-05-28 08:00:00",Nederland,WindOffshoreC,Hour,UTC,Providing,Current,2507000,2507000,0.60293400287628,0,0
"2025-05-28 08:00:00","2025-05-28 09:00:00",Nederland,WindOffshoreC,Hour,UTC,Providing,Current,2357250,2357250,0.56691926717758,0,0
"2025-05-28 09:00:00","2025-05-28 10:00:00",Nederland,WindOffshoreC,Hour,UTC,Providing,Current,2092750,2092750,0.50330674648285,0,0
"2025-05-28 10:00:00","2025-05-28 11:00:00",Nederland,WindOffshoreC,Hour,UTC,Providing,Current,1725249,1725249,0.41492301225662,0,0
"2025-05-28 11:00:00","2025-05-28 12:00:00",Nederland,WindOffshoreC,Hour,UTC,Providing,Current,888500,888500,0.2136847525835,0,0
"2025-05-28 12:00:00","2025-05-28 13:00:00",Nederland,WindOffshoreC,Hour,UTC,Providing,Current,302501,302501,0.072751574218273,0,0
"2025-05-28 13:00:00","2025-05-28 14:00:00",Nederland,WindOffshoreC,Hour,UTC,Providing,Current,260750,260750,0.062710426747799,0,0
"2025-05-28 14:00:00","2025-05-28 15:00:00",Nederland,WindOffshoreC,Hour,UTC,Providing,Current,247750,247750,0.059583924710751,0,0
"2025-05-28 15:00:00","2025-05-28 16:00:00",Nederland,WindOffshoreC,Hour,UTC,Providing,Current,266001,266001,0.063973300158978,0,0
"2025-05-28 16:00:00","2025-05-28 17:00:00",Nederland,WindOffshoreC,Hour,UTC,Providing,Current,194500,194500,0.0467772744596,0,0
"2025-05-28 17:00:00","2025-05-28 18:00:00",Nederland,WindOffshoreC,Hour,UTC,Providing,Current,210251,210251,0.050565399229527,0,0
"2025-05-28 18:00:00","2025-05-28 19:00:00",Nederland,WindOffshoreC,Hour,UTC,Providing,Current,148750,148750,0.035774398595095,0,0
"2025-05-28 19:00:00","2025-05-28 20:00:00",Nederland,WindOffshoreC,Hour,UTC,Providing,Current,201250,201250,0.048400674015284,0,0
"2025-05-28 20:00:00","2025-05-28 21:00:00",Nederland,WindOffshoreC,Hour,UTC,Providing,Current,170000,170000,0.040885049849749,0,0
"2025-05-28 21:00:00","2025-05-28 22:00:00",Nederland,WindOffshoreC,Hour,UTC,Providing,Current,152500,152500,0.036676298826933,0,0
"2025-05-28 22:00:00","2025-05-28 23:00:00",Nederland,WindOffshoreC,Hour,UTC,Providing,Current,133249,133249,0.032046426087618,0,0
"2025-05-28 23:00:00","2025-05-29 00:00:00",Nederland,WindOffshoreC,Hour,UTC,Providing,Current,126000,126000,0.030303025618196,0,0
"2025-05-29 00:00:00","2025-05-29 01:00:00",Nederland,WindOffshoreC,Hour,UTC,Providing,Current,139000,139000,0.033429525792599,0,0
"2025-05-29 01:00:00","2025-05-29 02:00:00",Nederland,WindOffshoreC,Hour,UTC,Providing,Current,121250,121250,0.029160650447011,0,0
"2025-05-29 02:00:00","2025-05-29 03:00:00",Nederland,WindOffshoreC,Hour,UTC,Providing,Current,280250,280250,0.067400172352791,0,0
"2025-05-29 03:00:00","2025-05-29 04:00:00",Nederland,WindOffshoreC,Hour,UTC,Providing,Current,509502,509502,0.12253507226706,0,0
"2025-05-29 04:00:00","2025-05-29 05:00:00",Nederland,WindOffshoreC,Hour,UTC,Providing,Current,662750,662750,0.15939149260521,0,0
"2025-05-29 05:00:00","2025-05-29 06:00:00",Nederland,WindOffshoreC,Hour,UTC,Providing,Current,927251,927251,0.22300425171852,0,0
"2025-05-29 06:00:00","2025-05-29 07:00:00",Nederland,WindOffshoreC,Hour,UTC,Providing,Current,1311000,1311000,0.31529575586319,0,0
"2025-05-29 07:00:00","2025-05-29 08:00:00",Nederland,WindOffshoreC,Hour,UTC,Providing,Current,2094751,2094751,0.50378823280334,0,0
"2025-05-29 08:00:00","2025-05-29 09:00:00",Nederland,WindOffshoreC,Hour,UTC,Providing,Current,2143750,2143750,0.51557248830795,0,0
"2025-05-29 09:00:00","2025-05-29 10:00:00",Nederland,WindOffshoreC,Hour,UTC,Providing,Current,2727000,2727000,0.65584427118301,0,0
"2025-05-29 10:00:00","2025-05-29 11:00:00",Nederland,WindOffshoreC,Hour,UTC,Providing,Current,3309499,3309499,0.79593551158905,0,0
"2025-05-29 11:00:00","2025-05-29 12:00:00",Nederland,WindOffshoreC,Hour,UTC,Providing,Current,2026000,2026000,0.48725348711014,0,0
"2025-05-29 12:00:00","2025-05-29 13:00:00",Nederland,WindOffshoreC,Hour,UTC,Providing,Current,1956751,1956751,0.47059926390648,0,0
"2025-05-29 13:00:00","2025-05-29 14:00:00",Nederland,WindOffshoreC,Hour,UTC,Providing,Current,1987750,1987750,0.47805425524712,0,0
"2025-05-29 14:00:00","2025-05-29 15:00:00",Nederland,WindOffshoreC,Hour,UTC,Providing,Current,3057000,3057000,0.7352089881897,0,0
"2025-05-29 15:00:00","2025-05-29 16:00:00",Nederland,WindOffshoreC,Hour,UTC,Providing,Current,3618750,3618750,0.87031048536301,0,0
"2025-05-29 16:00:00","2025-05-29 17:00:00",Nederland,WindOffshoreC,Hour,UTC,Providing,Current,4376751,4376751,1.0526125431061,0,0
"2025-05-29 17:00:00","2025-05-29 18:00:00",Nederland,WindOffshoreC,Hour,UTC,Providing,Current,4378000,4378000,1.0529099702835,0,0
"2025-05-29 18:00:00","2025-05-29 19:00:00",Nederland,WindOffshoreC,Hour,UTC,Providing,Current,4387750,4387750,1.0552525520325,0,0
"2025-05-29 19:00:00","2025-05-29 20:00:00",Nederland,WindOffshoreC,Hour,UTC,Providing,Current,4394500,4394500,1.0568799972534,0,0
"2025-05-29 20:00:00","2025-05-29 21:00:00",Nederland,WindOffshoreC,Hour,UTC,Providing,Current,4380500,4380500,1.0535099506378,0,0
"2025-05-29 21:00:00","2025-05-29 22:00:00",Nederland,WindOffshoreC,Hour,UTC,Providing,Current,4333000,4333000,1.0420900583267,0,0
"2025-05-29 22:00:00","2025-05-29 23:00:00",Nederland,WindOffshoreC,Hour,UTC,Providing,Current,4193000,4193000,1.008417725563,0,0
"2025-05-29 23:00:00","2025-05-30 00:00:00",Nederland,WindOffshoreC,Hour,UTC,Providing,Current,3958999,3958999,0.95213997364044,0,0
"2025-05-30 00:00:00","2025-05-30 01:00:00",Nederland,WindOffshoreC,Hour,UTC,Providing,Current,3755750,3755750,0.90325874090195,0,0
"2025-05-30 01:00:00","2025-05-30 02:00:00",Nederland,WindOffshoreC,Hour,UTC,Providing,Current,3527751,3527751,0.84842497110367,0,0
"2025-05-30 02:00:00","2025-05-30 03:00:00",Nederland,WindOffshoreC,Hour,UTC,Providing,Current,3332500,3332500,0.80146700143814,0,0
"2025-05-30 03:00:00","2025-05-30 04:00:00",Nederland,WindOffshoreC,Hour,UTC,Providing,Current,3300001,3300001,0.7936509847641,0,0
"2025-05-30 04:00:00","2025-05-30 05:00:00",Nederland,WindOffshoreC,Hour,UTC,Providing,Current,3215000,3215000,0.77320849895477,0,0
"2025-05-30 05:00:00","2025-05-30 06:00:00",Nederland,WindOffshoreC,Hour,UTC,Providing,Current,2932750,2932750,0.70532697439194,0,0
"2025-05-30 06:00:00","2025-05-30 07:00:00",Nederland,WindOffshoreC,Hour,UTC,Providing,Current,2839001,2839001,0.68278050422668,0,0
"2025-05-30 07:00:00","2025-05-30 08:00:00",Nederland,WindOffshoreC,Hour,UTC,Providing,Current,2178249,2178249,0.52386951446533,0,0
"2025-05-30 08:00:00","2025-05-30 09:00:00",Nederland,WindOffshoreC,Hour,UTC,Providing,Current,1607500,1607500,0.38660424947739,0,0
"2025-05-30 09:00:00","2025-05-30 10:00:00",Nederland,WindOffshoreC,Hour,UTC,Providing,Current,1514750,1514750,0.364297747612,0,0
"2025-05-30 10:00:00","2025-05-30 11:00:00",Nederland,WindOffshoreC,Hour,UTC,Providing,Current,1536501,1536501,0.36952900886536,0,0
"2025-05-30 11:00:00","2025-05-30 12:00:00",Nederland,WindOffshoreC,Hour,UTC,Providing,Current,1316250,1316250,0.31655851006508,0,0
"2025-05-30 12:00:00","2025-05-30 13:00:00",Nederland,WindOffshoreC,Hour,UTC,Providing,Current,1341501,1341501,0.32263123989105,0,0
"2025-05-30 13:00:00","2025-05-30 14:00:00",Nederland,WindOffshoreC,Hour,UTC,Providing,Current,1925750,1925750,0.46314325928688,0,0
"2025-05-30 14:00:00","2025-05-30 15:00:00",Nederland,WindOffshoreC,Hour,UTC,Providing,Current,2097001,2097001,0.50432902574539,0,0
"2025-05-30 15:00:00","2025-05-30 16:00:00",Nederland,WindOffshoreC,Hour,UTC,Providing,Current,1670750,1670750,0.40181574225426,0,0
"2025-05-30 16:00:00","2025-05-30 17:00:00",Nederland,WindOffshoreC,Hour,UTC,Providing,Current,1910000,1910000,0.45935550332069,0,0
"2025-05-30 17:00:00","2025-05-30 18:00:00",Nederland,WindOffshoreC,Hour,UTC,Providing,Current,1538249,1538249,0.36994925141335,0,0
"2025-05-30 18:00:00","2025-05-30 19:00:00",Nederland,WindOffshoreC,Hour,UTC,Providing,Current,1204750,1204750,0.2897427380085,0,0
"2025-05-30 19:00:00","2025-05-30 20:00:00",Nederland,WindOffshoreC,Hour,UTC,Providing,Current,851749,851749,0.20484599471092,0,0
"2025-05-30 20:00:00","2025-05-30 21:00:00",Nederland,WindOffshoreC,Hour,UTC,Providing,Current,706749,706749,0.16997349262238,0,0
"2025-05-30 21:00:00","2025-05-30 22:00:00",Nederland,WindOffshoreC,Hour,UTC,Providing,Current,452750,452750,0.10888639837503,0,0
"2025-05-30 22:00:00","2025-05-30 23:00:00",Nederland,WindOffshoreC,Hour,UTC,Providing,Current,266999,266999,0.064213328063488,0,0
"2025-05-30 23:00:00","2025-05-31 00:00:00",Nederland,WindOffshoreC,Hour,UTC,Providing,Current,181250,181250,0.043590676039457,0,0
"2025-05-31 00:00:00","2025-05-31 01:00:00",Nederland,WindOffshoreC,Hour,UTC,Providing,Current,194250,194250,0.046717148274183,0,0
"2025-05-31 01:00:00","2025-05-31 02:00:00",Nederland,WindOffshoreC,Hour,UTC,Providing,Current,233001,233001,0.056036800146103,0,0
"2025-05-31 02:00:00","2025-05-31 03:00:00",Nederland,WindOffshoreC,Hour,UTC,Providing,Current,247000,247000,0.059403549879789,0,0
"2025-05-31 03:00:00","2025-05-31 04:00:00",Nederland,WindOffshoreC,Hour,UTC,Providing,Current,233000,233000,0.056036550551653,0,0
"2025-05-31 04:00:00","2025-05-31 05:00:00",Nederland,WindOffshoreC,Hour,UTC,Providing,Current,212250,212250,0.051046174019575,0,0
"2025-05-31 05:00:00","2025-05-31 06:00:00",Nederland,WindOffshoreC,Hour,UTC,Providing,Current,198249,198249,0.047678925096989,0,0
"2025-05-31 06:00:00","2025-05-31 07:00:00",Nederland,WindOffshoreC,Hour,UTC,Providing,Current,151250,151250,0.036375649273396,0,0
"2025-05-31 07:00:00","2025-05-31 08:00:00",Nederland,WindOffshoreC,Hour,UTC,Providing,Current,143500,143500,0.034511774778366,0,0
"2025-05-31 08:00:00","2025-05-31 09:00:00",Nederland,WindOffshoreC,Hour,UTC,Providing,Current,152001,152001,0.036556273698807,0,0
"2025-05-31 09:00:00","2025-05-31 10:00:00",Nederland,WindOffshoreC,Hour,UTC,Providing,Current,168500,168500,0.040524274110794,0,0
"2025-05-31 10:00:00","2025-05-31 11:00:00",Nederland,WindOffshoreC,Hour,UTC,Providing,Current,117749,117749,0.028318675234914,0,0
"2025-05-31 11:00:00","2025-05-31 12:00:00",Nederland,WindOffshoreC,Hour,UTC,Providing,Current,79000,79000,0.018999550491571,0,0
"2025-05-31 12:00:00","2025-05-31 13:00:00",Nederland,WindOffshoreC,Hour,UTC,Providing,Current,63001,63001,0.015151775442064,0,0
"2025-05-31 13:00:00","2025-05-31 14:00:00",Nederland,WindOffshoreC,Hour,UTC,Providing,Current,68251,68251,0.016414400190115,0,0
"2025-05-31 14:00:00","2025-05-31 15:00:00",Nederland,WindOffshoreC,Hour,UTC,Providing,Current,73750,73750,0.017736900597811,0,0
"2025-05-31 15:00:00","2025-05-31 16:00:00",Nederland,WindOffshoreC,Hour,UTC,Providing,Current,45501,45501,0.010943012312055,0,0
"2025-05-31 16:00:00","2025-05-31 17:00:00",Nederland,WindOffshoreC,Hour,UTC,Providing,Current,16000,16000,0.0038480025250465,0,0
"2025-05-31 17:00:00","2025-05-31 18:00:00",Nederland,WindOffshoreC,Hour,UTC,Providing,Current,62750,62750,0.015091377310455,0,0
"2025-05-31 18:00:00","2025-05-31 19:00:00",Nederland,WindOffshoreC,Hour,UTC,Providing,Current,236001,236001,0.056758299469948,0,0
"2025-05-31 19:00:00","2025-05-31 20:00:00",Nederland,WindOffshoreC,Hour,UTC,Providing,Current,499000,499000,0.12000954896212,0,0
"2025-05-31 20:00:00","2025-05-31 21:00:00",Nederland,WindOffshoreC,Hour,UTC,Providing,Current,927001,927001,0.22294400632381,0,0
"2025-05-31 21:00:00","2025-05-31 22:00:00",Nederland,WindOffshoreC,Hour,UTC,Providing,Current,1046001,1046001,0.2515634894371,0,0
"2025-05-31 22:00:00","2025-05-31 23:00:00",Nederland,WindOffshoreC,Hour,UTC,Providing,Current,1236750,1236750,0.29743874073029,0,0
"2025-05-31 23:00:00","2025-06-01 00:00:00",Nederland,WindOffshoreC,Hour,UTC,Providing,Current,1593999,1593999,0.38335725665092,0,0
"2025-06-01 00:00:00","2025-06-01 01:00:00",Nederland,WindOffshoreC,Hour,UTC,Providing,Current,1785999,1785999,0.42953324317932,0,0
"2025-06-01 01:00:00","2025-06-01 02:00:00",Nederland,WindOffshoreC,Hour,UTC,Providing,Current,1850251,1850251,0.44498574733734,0,0
"2025-06-01 02:00:00","2025-06-01 03:00:00",Nederland,WindOffshoreC,Hour,UTC,Providing,Current,1714500,1714500,0.41233751177788,0,0
"2025-06-01 03:00:00","2025-06-01 04:00:00",Nederland,WindOffshoreC,Hour,UTC,Providing,Current,1636250,1636250,0.39351850748062,0,0
"2025-06-01 04:00:00","2025-06-01 05:00:00",Nederland,WindOffshoreC,Hour,UTC,Providing,Current,1384251,1384251,0.33291274309158,0,0
"2025-06-01 05:00:00","2025-06-01 06:00:00",Nederland,WindOffshoreC,Hour,UTC,Providing,Current,1450000,1450000,0.34872525930405,0,0
"2025-06-01 06:00:00","2025-06-01 07:00:00",Nederland,WindOffshoreC,Hour,UTC,Providing,Current,1244250,1244250,0.2992422580719,0,0
"2025-06-01 07:00:00","2025-06-01 08:00:00",Nederland,WindOffshoreC,Hour,UTC,Providing,Current,1028500,1028500,0.24735450744629,0,0
"2025-06-01 08:00:00","2025-06-01 09:00:00",Nederland,WindOffshoreC,Hour,UTC,Providing,Current,984249,984249,0.23671199381351,0,0
"2025-06-01 09:00:00","2025-06-01 10:00:00",Nederland,WindOffshoreC,Hour,UTC,Providing,Current,732250,732250,0.17610624432564,0,0
"2025-06-01 10:00:00","2025-06-01 11:00:00",Nederland,WindOffshoreC,Hour,UTC,Providing,Current,953250,953250,0.22925674915314,0,0
"2025-06-01 11:00:00","2025-06-01 12:00:00",Nederland,WindOffshoreC,Hour,UTC,Providing,Current,1123001,1123001,0.27008199691772,0,0
"2025-06-01 12:00:00","2025-06-01 13:00:00",Nederland,WindOffshoreC,Hour,UTC,Providing,Current,1221000,1221000,0.29365074634552,0,0
"2025-06-01 13:00:00","2025-06-01 14:00:00",Nederland,WindOffshoreC,Hour,UTC,Providing,Current,1295750,1295750,0.31162825226784,0,0
"2025-06-01 14:00:00","2025-06-01 15:00:00",Nederland,WindOffshoreC,Hour,UTC,Providing,Current,2019500,2019500,0.48569023609161,0,0
"2025-06-01 15:00:00","2025-06-01 16:00:00",Nederland,WindOffshoreC,Hour,UTC,Providing,Current,2963000,2963000,0.71260201931,0,0
"2025-06-01 16:00:00","2025-06-01 17:00:00",Nederland,WindOffshoreC,Hour,UTC,Providing,Current,2737250,2737250,0.6583092212677,0,0
"2025-06-01 17:00:00","2025-06-01 18:00:00",Nederland,WindOffshoreC,Hour,UTC,Providing,Current,2572000,2572000,0.6185667514801,0,0
"2025-06-01 18:00:00","2025-06-01 19:00:00",Nederland,WindOffshoreC,Hour,UTC,Providing,Current,2789751,2789751,0.67093575000763,0,0
"2025-06-01 19:00:00","2025-06-01 20:00:00",Nederland,WindOffshoreC,Hour,UTC,Providing,Current,2899750,2899750,0.6973904967308,0,0
"2025-06-01 20:00:00","2025-06-01 21:00:00",Nederland,WindOffshoreC,Hour,UTC,Providing,Current,3138249,3138249,0.75474977493286,0,0
"2025-06-01 21:00:00","2025-06-01 22:00:00",Nederland,WindOffshoreC,Hour,UTC,Providing,Current,3130251,3130251,0.75282627344131,0,0
"2025-06-01 22:00:00","2025-06-01 23:00:00",Nederland,WindOffshoreC,Hour,UTC,Providing,Current,2981750,2981750,0.71711176633835,0,0
"2025-06-01 23:00:00","2025-06-02 00:00:00",Nederland,WindOffshoreC,Hour,UTC,Providing,Current,2853500,2853500,0.68626749515533,0,0
"2025-06-02 00:00:00","2025-06-02 01:00:00",Nederland,WindOffshoreC,Hour,UTC,Providing,Current,2347750,2347750,0.56463426351547,0,0
"2025-06-02 01:00:00","2025-06-02 02:00:00",Nederland,WindOffshoreC,Hour,UTC,Providing,Current,1689500,1689500,0.40632525086403,0,0
"2025-06-02 02:00:00","2025-06-02 03:00:00",Nederland,WindOffshoreC,Hour,UTC,Providing,Current,1248000,1248000,0.30014398694038,0,0
"2025-06-02 03:00:00","2025-06-02 04:00:00",Nederland,WindOffshoreC,Hour,UTC,Providing,Current,1079001,1079001,0.25949999690056,0,0
"2025-06-02 04:00:00","2025-06-02 05:00:00",Nederland,WindOffshoreC,Hour,UTC,Providing,Current,724499,724499,0.17424200475216,0,0
"2025-06-02 05:00:00","2025-06-02 06:00:00",Nederland,WindOffshoreC,Hour,UTC,Providing,Current,673000,673000,0.16185650229454,0,0
"2025-06-02 06:00:00","2025-06-02 07:00:00",Nederland,WindOffshoreC,Hour,UTC,Providing,Current,648250,648250,0.15590424835682,0,0
"2025-06-02 07:00:00","2025-06-02 08:00:00",Nederland,WindOffshoreC,Hour,UTC,Providing,Current,658500,658500,0.15836949646473,0,0
"2025-06-02 08:00:00","2025-06-02 09:00:00",Nederland,WindOffshoreC,Hour,UTC,Providing,Current,641250,641250,0.1542209982872,0,0
"2025-06-02 09:00:00","2025-06-02 10:00:00",Nederland,WindOffshoreC,Hour,UTC,Providing,Current,639501,639501,0.15380024909973,0,0
"2025-06-02 10:00:00","2025-06-02 11:00:00",Nederland,WindOffshoreC,Hour,UTC,Providing,Current,557250,557250,0.13401874899864,0,0
"2025-06-02 11:00:00","2025-06-02 12:00:00",Nederland,WindOffshoreC,Hour,UTC,Providing,Current,606252,606252,0.14580374956131,0,0
"2025-06-02 12:00:00","2025-06-02 13:00:00",Nederland,WindOffshoreC,Hour,UTC,Providing,Current,509001,509001,0.122414752841,0,0
"2025-06-02 13:00:00","2025-06-02 14:00:00",Nederland,WindOffshoreC,Hour,UTC,Providing,Current,418250,418250,0.10058929771185,0,0
"2025-06-02 14:00:00","2025-06-02 15:00:00",Nederland,WindOffshoreC,Hour,UTC,Providing,Current,286000,286000,0.068783052265644,0,0
"2025-06-02 15:00:00","2025-06-02 16:00:00",Nederland,WindOffshoreC,Hour,UTC,Providing,Current,269750,269750,0.064874976873398,0,0
"2025-06-02 16:00:00","2025-06-02 17:00:00",Nederland,WindOffshoreC,Hour,UTC,Providing,Current,202001,202001,0.048581298440695,0,0
"2025-06-02 17:00:00","2025-06-02 18:00:00",Nederland,WindOffshoreC,Hour,UTC,Providing,Current,122001,122001,0.029341274872422,0,0
"2025-06-02 18:00:00","2025-06-02 19:00:00",Nederland,WindOffshoreC,Hour,UTC,Providing,Current,106500,106500,0.025613274425268,0,0
"2025-06-02 19:00:00","2025-06-02 20:00:00",Nederland,WindOffshoreC,Hour,UTC,Providing,Current,136002,136002,0.032708499580622,0,0
"2025-06-02 20:00:00","2025-06-02 21:00:00",Nederland,WindOffshoreC,Hour,UTC,Providing,Current,234000,234000,0.056277051568031,0,0
"2025-06-02 21:00:00","2025-06-02 22:00:00",Nederland,WindOffshoreC,Hour,UTC,Providing,Current,425251,425251,0.10227280110121,0,0
"2025-06-02 22:00:00","2025-06-02 23:00:00",Nederland,WindOffshoreC,Hour,UTC,Providing,Current,808500,808500,0.19444450736046,0,0
"2025-06-02 23:00:00","2025-06-03 00:00:00",Nederland,WindOffshoreC,Hour,UTC,Providing,Current,1205250,1205250,0.28986299037933,0,0
"2025-06-03 00:00:00","2025-06-03 01:00:00",Nederland,WindOffshoreC,Hour,UTC,Providing,Current,1455750,1455750,0.35010823607445,0,0
"2025-06-03 01:00:00","2025-06-03 02:00:00",Nederland,WindOffshoreC,Hour,UTC,Providing,Current,1532500,1532500,0.36856651306152,0,0
"2025-06-03 02:00:00","2025-06-03 03:00:00",Nederland,WindOffshoreC,Hour,UTC,Providing,Current,1784001,1784001,0.42905250191689,0,0
"2025-06-03 03:00:00","2025-06-03 04:00:00",Nederland,WindOffshoreC,Hour,UTC,Providing,Current,2063499,2063499,0.49627175927162,0,0
"2025-06-03 04:00:00","2025-06-03 05:00:00",Nederland,WindOffshoreC,Hour,UTC,Providing,Current,2170250,2170250,0.52194547653198,0,0
"2025-06-03 05:00:00","2025-06-03 06:00:00",Nederland,WindOffshoreC,Hour,UTC,Providing,Current,2301250,2301250,0.55345124006271,0,0
"2025-06-03 06:00:00","2025-06-03 07:00:00",Nederland,WindOffshoreC,Hour,UTC,Providing,Current,2604500,2604500,0.62638300657272,0,0
"2025-06-03 07:00:00","2025-06-03 08:00:00",Nederland,WindOffshoreC,Hour,UTC,Providing,Current,2641750,2641750,0.6353417634964,0,0
"2025-06-03 08:00:00","2025-06-03 09:00:00",Nederland,WindOffshoreC,Hour,UTC,Providing,Current,2177750,2177750,0.52374947071075,0,0
"2025-06-03 09:00:00","2025-06-03 10:00:00",Nederland,WindOffshoreC,Hour,UTC,Providing,Current,2166751,2166751,0.52110427618027,0,0
"2025-06-03 10:00:00","2025-06-03 11:00:00",Nederland,WindOffshoreC,Hour,UTC,Providing,Current,1805250,1805250,0.43416324257851,0,0
"2025-06-03 11:00:00","2025-06-03 12:00:00",Nederland,WindOffshoreC,Hour,UTC,Providing,Current,1935499,1935499,0.46548798680305,0,0
"2025-06-03 12:00:00","2025-06-03 13:00:00",Nederland,WindOffshoreC,Hour,UTC,Providing,Current,1759750,1759750,0.42322024703026,0,0
"2025-06-03 13:00:00","2025-06-03 14:00:00",Nederland,WindOffshoreC,Hour,UTC,Providing,Current,1972250,1972250,0.4743264913559,0,0
"2025-06-03 14:00:00","2025-06-03 15:00:00",Nederland,WindOffshoreC,Hour,UTC,Providing,Current,2392500,2392500,0.57539677619934,0,0
"2025-06-03 15:00:00","2025-06-03 16:00:00",Nederland,WindOffshoreC,Hour,UTC,Providing,Current,3331248,3331248,0.80116677284241,0,0
"2025-06-03 16:00:00","2025-06-03 17:00:00",Nederland,WindOffshoreC,Hour,UTC,Providing,Current,4288500,4288500,1.0313824415207,0,0
"2025-06-03 17:00:00","2025-06-03 18:00:00",Nederland,WindOffshoreC,Hour,UTC,Providing,Current,4380250,4380250,1.0534549951553,0,0
"2025-06-03 18:00:00","2025-06-03 19:00:00",Nederland,WindOffshoreC,Hour,UTC,Providing,Current,4382751,4382751,1.0540524721146,0,0
"2025-06-03 19:00:00","2025-06-03 20:00:00",Nederland,WindOffshoreC,Hour,UTC,Providing,Current,4380499,4380499,1.0535099506378,0,0
"2025-06-03 20:00:00","2025-06-03 21:00:00",Nederland,WindOffshoreC,Hour,UTC,Providing,Current,4226000,4226000,1.0163525342941,0,0
"2025-06-03 21:00:00","2025-06-03 22:00:00",Nederland,WindOffshoreC,Hour,UTC,Providing,Current,4125500,4125500,0.99218374490738,0,0
"2025-06-03 22:00:00","2025-06-03 23:00:00",Nederland,WindOffshoreC,Hour,UTC,Providing,Current,4151001,4151001,0.99831801652908,0,0
"2025-06-03 23:00:00","2025-06-04 00:00:00",Nederland,WindOffshoreC,Hour,UTC,Providing,Current,3783749,3783749,0.9099925160408,0,0
"2025-06-04 00:00:00","2025-06-04 01:00:00",Nederland,WindOffshoreC,Hour,UTC,Providing,Current,3722500,3722500,0.89526200294495,0,0
"2025-06-04 01:00:00","2025-06-04 02:00:00",Nederland,WindOffshoreC,Hour,UTC,Providing,Current,3282750,3282750,0.78950226306915,0,0
"2025-06-04 02:00:00","2025-06-04 03:00:00",Nederland,WindOffshoreC,Hour,UTC,Providing,Current,2786001,2786001,0.6700342297554,0,0
"2025-06-04 03:00:00","2025-06-04 04:00:00",Nederland,WindOffshoreC,Hour,UTC,Providing,Current,2507499,2507499,0.60305422544479,0,0
"2025-06-04 04:00:00","2025-06-04 05:00:00",Nederland,WindOffshoreC,Hour,UTC,Providing,Current,2043250,2043250,0.49140200018883,0,0
"2025-06-04 05:00:00","2025-06-04 06:00:00",Nederland,WindOffshoreC,Hour,UTC,Providing,Current,1852250,1852250,0.44546648859978,0,0
"2025-06-04 06:00:00","2025-06-04 07:00:00",Nederland,WindOffshoreC,Hour,UTC,Providing,Current,1556500,1556500,0.37433850765228,0,0
"2025-06-04 07:00:00","2025-06-04 08:00:00",Nederland,WindOffshoreC,Hour,UTC,Providing,Current,1300002,1300002,0.31265100836754,0,0
"2025-06-04 08:00:00","2025-06-04 09:00:00",Nederland,WindOffshoreC,Hour,UTC,Providing,Current,1462749,1462749,0.35179173946381,0,0
"2025-06-04 09:00:00","2025-06-04 10:00:00",Nederland,WindOffshoreC,Hour,UTC,Providing,Current,1685750,1685750,0.40542325377464,0,0
"2025-06-04 10:00:00","2025-06-04 11:00:00",Nederland,WindOffshoreC,Hour,UTC,Providing,Current,1754250,1754250,0.4218975007534,0,0
"2025-06-04 11:00:00","2025-06-04 12:00:00",Nederland,WindOffshoreC,Hour,UTC,Providing,Current,2010250,2010250,0.48346549272537,0,0
"2025-06-04 12:00:00","2025-06-04 13:00:00",Nederland,WindOffshoreC,Hour,UTC,Providing,Current,2116249,2116249,0.50895822048187,0,0
"2025-06-04 13:00:00","2025-06-04 14:00:00",Nederland,WindOffshoreC,Hour,UTC,Providing,Current,2426750,2426750,0.58363401889801,0,0
"2025-06-04 14:00:00","2025-06-04 15:00:00",Nederland,WindOffshoreC,Hour,UTC,Providing,Current,2574250,2574250,0.61910772323608,0,0
"2025-06-04 15:00:00","2025-06-04 16:00:00",Nederland,WindOffshoreC,Hour,UTC,Providing,Current,2690000,2690000,0.64694577455521,0,0
"2025-06-04 16:00:00","2025-06-04 17:00:00",Nederland,WindOffshoreC,Hour,UTC,Providing,Current,2800500,2800500,0.67352098226547,0,0
"2025-06-04 17:00:00","2025-06-04 18:00:00",Nederland,WindOffshoreC,Hour,UTC,Providing,Current,2734999,2734999,0.65776801109314,0,0
"2025-06-04 18:00:00","2025-06-04 19:00:00",Nederland,WindOffshoreC,Hour,UTC,Providing,Current,2742000,2742000,0.65945172309875,0,0
"2025-06-04 19:00:00","2025-06-04 20:00:00",Nederland,WindOffshoreC,Hour,UTC,Providing,Current,2890500,2890500,0.69516575336456,0,0
"2025-06-04 20:00:00","2025-06-04 21:00:00",Nederland,WindOffshoreC,Hour,UTC,Providing,Current,2968251,2968251,0.71386522054672,0,0
"2025-06-04 21:00:00","2025-06-04 22:00:00",Nederland,WindOffshoreC,Hour,UTC,Providing,Current,2946500,2946500,0.70863401889801,0,0
"2025-06-04 22:00:00","2025-06-04 23:00:00",Nederland,WindOffshoreC,Hour,UTC,Providing,Current,3215250,3215250,0.77326875925064,0,0
"2025-06-04 23:00:00","2025-06-05 00:00:00",Nederland,WindOffshoreC,Hour,UTC,Providing,Current,3505000,3505000,0.84295350313187,0,0
"2025-06-05 00:00:00","2025-06-05 01:00:00",Nederland,WindOffshoreC,Hour,UTC,Providing,Current,3607750,3607750,0.86766475439072,0,0
"2025-06-05 01:00:00","2025-06-05 02:00:00",Nederland,WindOffshoreC,Hour,UTC,Providing,Current,3366501,3366501,0.80964422225952,0,0
"2025-06-05 02:00:00","2025-06-05 03:00:00",Nederland,WindOffshoreC,Hour,UTC,Providing,Current,3415250,3415250,0.82136851549149,0,0
"2025-06-05 03:00:00","2025-06-05 04:00:00",Nederland,WindOffshoreC,Hour,UTC,Providing,Current,3492500,3492500,0.83994698524475,0,0
"2025-06-05 04:00:00","2025-06-05 05:00:00",Nederland,WindOffshoreC,Hour,UTC,Providing,Current,3311249,3311249,0.79635602235794,0,0
"2025-06-05 05:00:00","2025-06-05 06:00:00",Nederland,WindOffshoreC,Hour,UTC,Providing,Current,3136750,3136750,0.75438922643661,0,0
"2025-06-05 06:00:00","2025-06-05 07:00:00",Nederland,WindOffshoreC,Hour,UTC,Providing,Current,3008500,3008500,0.72354501485825,0,0
"2025-06-05 07:00:00","2025-06-05 08:00:00",Nederland,WindOffshoreC,Hour,UTC,Providing,Current,2497499,2497499,0.60064923763275,0,0
"2025-06-05 08:00:00","2025-06-05 09:00:00",Nederland,WindOffshoreC,Hour,UTC,Providing,Current,2757749,2757749,0.66323924064636,0,0
"2025-06-05 09:00:00","2025-06-05 10:00:00",Nederland,WindOffshoreC,Hour,UTC,Providing,Current,2902750,2902750,0.69811201095581,0,0
"2025-06-05 10:00:00","2025-06-05 11:00:00",Nederland,WindOffshoreC,Hour,UTC,Providing,Current,3114000,3114000,0.74891752004623,0,0
"2025-06-05 11:00:00","2025-06-05 12:00:00",Nederland,WindOffshoreC,Hour,UTC,Providing,Current,3370500,3370500,0.81060600280762,0,0
"2025-06-05 12:00:00","2025-06-05 13:00:00",Nederland,WindOffshoreC,Hour,UTC,Providing,Current,2694250,2694250,0.64796775579453,0,0
"2025-06-05 13:00:00","2025-06-05 14:00:00",Nederland,WindOffshoreC,Hour,UTC,Providing,Current,2595500,2595500,0.62421852350235,0,0
"2025-06-05 14:00:00","2025-06-05 15:00:00",Nederland,WindOffshoreC,Hour,UTC,Providing,Current,2441500,2441500,0.58718150854111,0,0
"2025-06-05 15:00:00","2025-06-05 16:00:00",Nederland,WindOffshoreC,Hour,UTC,Providing,Current,2183500,2183500,0.5251322388649,0,0
"2025-06-05 16:00:00","2025-06-05 17:00:00",Nederland,WindOffshoreC,Hour,UTC,Providing,Current,2308000,2308000,0.55507451295853,0,0
"2025-06-05 17:00:00","2025-06-05 18:00:00",Nederland,WindOffshoreC,Hour,UTC,Providing,Current,2446750,2446750,0.58844375610352,0,0
"2025-06-05 18:00:00","2025-06-05 19:00:00",Nederland,WindOffshoreC,Hour,UTC,Providing,Current,2864250,2864250,0.6888524889946,0,0
"2025-06-05 19:00:00","2025-06-05 20:00:00",Nederland,WindOffshoreC,Hour,UTC,Providing,Current,3096750,3096750,0.74476927518845,0,0
"2025-06-05 20:00:00","2025-06-05 21:00:00",Nederland,WindOffshoreC,Hour,UTC,Providing,Current,3663500,3663500,0.88107252120972,0,0
"2025-06-05 21:00:00","2025-06-05 22:00:00",Nederland,WindOffshoreC,Hour,UTC,Providing,Current,3277250,3277250,0.7881795167923,0,0
"2025-06-05 22:00:00","2025-06-05 23:00:00",Nederland,WindOffshoreC,Hour,UTC,Providing,Current,3077751,3077751,0.74019998311996,0,0
"2025-06-05 23:00:00","2025-06-06 00:00:00",Nederland,WindOffshoreC,Hour,UTC,Providing,Current,3463250,3463250,0.83291274309158,0,0
"2025-06-06 00:00:00","2025-06-06 01:00:00",Nederland,WindOffshoreC,Hour,UTC,Providing,Current,3662001,3662001,0.88071227073669,0,0
"2025-06-06 01:00:00","2025-06-06 02:00:00",Nederland,WindOffshoreC,Hour,UTC,Providing,Current,3874500,3874500,0.93181824684143,0,0
"2025-06-06 02:00:00","2025-06-06 03:00:00",Nederland,WindOffshoreC,Hour,UTC,Providing,Current,3940750,3940750,0.94775152206421,0,0
"2025-06-06 03:00:00","2025-06-06 04:00:00",Nederland,WindOffshoreC,Hour,UTC,Providing,Current,3917499,3917499,0.94215923547745,0,0
"2025-06-06 04:00:00","2025-06-06 05:00:00",Nederland,WindOffshoreC,Hour,UTC,Providing,Current,3870500,3870500,0.93085622787476,0,0
"2025-06-06 05:00:00","2025-06-06 06:00:00",Nederland,WindOffshoreC,Hour,UTC,Providing,Current,3783500,3783500,0.90993249416351,0,0
"2025-06-06 06:00:00","2025-06-06 07:00:00",Nederland,WindOffshoreC,Hour,UTC,Providing,Current,3370500,3370500,0.81060600280762,0,0
"2025-06-06 07:00:00","2025-06-06 08:00:00",Nederland,WindOffshoreC,Hour,UTC,Providing,Current,2676249,2676249,0.64363873004913,0,0
"2025-06-06 08:00:00","2025-06-06 09:00:00",Nederland,WindOffshoreC,Hour,UTC,Providing,Current,2723001,2723001,0.65488249063492,0,0
"2025-06-06 09:00:00","2025-06-06 10:00:00",Nederland,WindOffshoreC,Hour,UTC,Providing,Current,2143250,2143250,0.51545202732086,0,0
"2025-06-06 10:00:00","2025-06-06 11:00:00",Nederland,WindOffshoreC,Hour,UTC,Providing,Current,2098751,2098751,0.50475025177002,0,0
"2025-06-06 11:00:00","2025-06-06 12:00:00",Nederland,WindOffshoreC,Hour,UTC,Providing,Current,1967749,1967749,0.47324424982071,0,0
"2025-06-06 12:00:00","2025-06-06 13:00:00",Nederland,WindOffshoreC,Hour,UTC,Providing,Current,1839501,1839501,0.44240048527718,0,0
"2025-06-06 13:00:00","2025-06-06 14:00:00",Nederland,WindOffshoreC,Hour,UTC,Providing,Current,2023501,2023501,0.48665249347687,0,0
"2025-06-06 14:00:00","2025-06-06 15:00:00",Nederland,WindOffshoreC,Hour,UTC,Providing,Current,3345500,3345500,0.80459374189377,0,0
"2025-06-06 15:00:00","2025-06-06 16:00:00",Nederland,WindOffshoreC,Hour,UTC,Providing,Current,3452750,3452750,0.83038723468781,0,0
"2025-06-06 16:00:00","2025-06-06 17:00:00",Nederland,WindOffshoreC,Hour,UTC,Providing,Current,3074500,3074500,0.73941773176193,0,0
"2025-06-06 17:00:00","2025-06-06 18:00:00",Nederland,WindOffshoreC,Hour,UTC,Providing,Current,2530000,2530000,0.60846549272537,0,0
"2025-06-06 18:00:00","2025-06-06 19:00:00",Nederland,WindOffshoreC,Hour,UTC,Providing,Current,1666249,1666249,0.40073299407959,0,0
"2025-06-06 19:00:00","2025-06-06 20:00:00",Nederland,WindOffshoreC,Hour,UTC,Providing,Current,1681501,1681501,0.404401242733,0,0
"2025-06-06 20:00:00","2025-06-06 21:00:00",Nederland,WindOffshoreC,Hour,UTC,Providing,Current,1865000,1865000,0.44853276014328,0,0
"2025-06-06 21:00:00","2025-06-06 22:00:00",Nederland,WindOffshoreC,Hour,UTC,Providing,Current,1907751,1907751,0.45881450176239,0,0
"2025-06-06 22:00:00","2025-06-06 23:00:00",Nederland,WindOffshoreC,Hour,UTC,Providing,Current,2099000,2099000,0.50480997562408,0,0
"2025-06-06 23:00:00","2025-06-07 00:00:00",Nederland,WindOffshoreC,Hour,UTC,Providing,Current,2203000,2203000,0.52982175350189,0,0
"2025-06-07 00:00:00","2025-06-07 01:00:00",Nederland,WindOffshoreC,Hour,UTC,Providing,Current,1597250,1597250,0.38413900136948,0,0
"2025-06-07 01:00:00","2025-06-07 02:00:00",Nederland,WindOffshoreC,Hour,UTC,Providing,Current,1649250,1649250,0.39664500951767,0,0
"2025-06-07 02:00:00","2025-06-07 03:00:00",Nederland,WindOffshoreC,Hour,UTC,Providing,Current,1680999,1680999,0.40428075194359,0,0
"2025-06-07 03:00:00","2025-06-07 04:00:00",Nederland,WindOffshoreC,Hour,UTC,Providing,Current,1756000,1756000,0.42231848835945,0,0
"2025-06-07 04:00:00","2025-06-07 05:00:00",Nederland,WindOffshoreC,Hour,UTC,Providing,Current,968750,968750,0.23298475146294,0,0
"2025-06-07 05:00:00","2025-06-07 06:00:00",Nederland,WindOffshoreC,Hour,UTC,Providing,Current,555751,555751,0.13365824520588,0,0
"2025-06-07 06:00:00","2025-06-07 07:00:00",Nederland,WindOffshoreC,Hour,UTC,Providing,Current,550001,550001,0.13227525353432,0,0
"2025-06-07 07:00:00","2025-06-07 08:00:00",Nederland,WindOffshoreC,Hour,UTC,Providing,Current,730999,730999,0.17580549418926,0,0
"2025-06-07 08:00:00","2025-06-07 09:00:00",Nederland,WindOffshoreC,Hour,UTC,Providing,Current,834999,834999,0.20081749558449,0,0
"2025-06-07 09:00:00","2025-06-07 10:00:00",Nederland,WindOffshoreC,Hour,UTC,Providing,Current,1035500,1035500,0.24903799593449,0,0
"2025-06-07 10:00:00","2025-06-07 11:00:00",Nederland,WindOffshoreC,Hour,UTC,Providing,Current,1267250,1267250,0.30477398633957,0,0
"2025-06-07 11:00:00","2025-06-07 12:00:00",Nederland,WindOffshoreC,Hour,UTC,Providing,Current,1773000,1773000,0.42640700936317,0,0
"2025-06-07 12:00:00","2025-06-07 13:00:00",Nederland,WindOffshoreC,Hour,UTC,Providing,Current,1913750,1913750,0.46025750041008,0,0
"2025-06-07 13:00:00","2025-06-07 14:00:00",Nederland,WindOffshoreC,Hour,UTC,Providing,Current,2706750,2706750,0.65097397565842,0,0
"2025-06-07 14:00:00","2025-06-07 15:00:00",Nederland,WindOffshoreC,Hour,UTC,Providing,Current,1909249,1909249,0.45917525887489,0,0
"2025-06-07 15:00:00","2025-06-07 16:00:00",Nederland,WindOffshoreC,Hour,UTC,Providing,Current,2457000,2457000,0.59090900421143,0,0
"2025-06-07 16:00:00","2025-06-07 17:00:00",Nederland,WindOffshoreC,Hour,UTC,Providing,Current,2429750,2429750,0.58435547351837,0,0
"2025-06-07 17:00:00","2025-06-07 18:00:00",Nederland,WindOffshoreC,Hour,UTC,Providing,Current,2293500,2293500,0.55158698558807,0,0
"2025-06-07 18:00:00","2025-06-07 19:00:00",Nederland,WindOffshoreC,Hour,UTC,Providing,Current,2121750,2121750,0.51028150320053,0,0
"2025-06-07 19:00:00","2025-06-07 20:00:00",Nederland,WindOffshoreC,Hour,UTC,Providing,Current,1830750,1830750,0.44029575586319,0,0
"2025-06-07 20:00:00","2025-06-07 21:00:00",Nederland,WindOffshoreC,Hour,UTC,Providing,Current,1661250,1661250,0.39953100681305,0,0
"2025-06-07 21:00:00","2025-06-07 22:00:00",Nederland,WindOffshoreC,Hour,UTC,Providing,Current,1419749,1419749,0.34145000576973,0,0
"2025-06-07 22:00:00","2025-06-07 23:00:00",Nederland,WindOffshoreC,Hour,UTC,Providing,Current,687000,687000,0.16522374749184,0,0
"2025-06-07 23:00:00","2025-06-08 00:00:00",Nederland,WindOffshoreC,Hour,UTC,Providing,Current,1112499,1112499,0.26755648851395,0,0
"2025-06-08 00:00:00","2025-06-08 01:00:00",Nederland,WindOffshoreC,Hour,UTC,Providing,Current,2091249,2091249,0.50294572114944,0,0
"2025-06-08 01:00:00","2025-06-08 02:00:00",Nederland,WindOffshoreC,Hour,UTC,Providing,Current,2221250,2221250,0.53421127796173,0,0
"2025-06-08 02:00:00","2025-06-08 03:00:00",Nederland,WindOffshoreC,Hour,UTC,Providing,Current,2154750,2154750,0.51821774244308,0,0
"2025-06-08 03:00:00","2025-06-08 04:00:00",Nederland,WindOffshoreC,Hour,UTC,Providing,Current,1731001,1731001,0.41630625724792,0,0
"2025-06-08 04:00:00","2025-06-08 05:00:00",Nederland,WindOffshoreC,Hour,UTC,Providing,Current,1780251,1780251,0.42815074324608,0,0
"2025-06-08 05:00:00","2025-06-08 06:00:00",Nederland,WindOffshoreC,Hour,UTC,Providing,Current,1370750,1370750,0.32966551184654,0,0
"2025-06-08 06:00:00","2025-06-08 07:00:00",Nederland,WindOffshoreC,Hour,UTC,Providing,Current,1575250,1575250,0.37884798645973,0,0
"2025-06-08 07:00:00","2025-06-08 08:00:00",Nederland,WindOffshoreC,Hour,UTC,Providing,Current,2103000,2103000,0.50577199459076,0,0
"2025-06-08 08:00:00","2025-06-08 09:00:00",Nederland,WindOffshoreC,Hour,UTC,Providing,Current,1804000,1804000,0.43386250734329,0,0
"2025-06-08 09:00:00","2025-06-08 10:00:00",Nederland,WindOffshoreC,Hour,UTC,Providing,Current,1594501,1594501,0.38347774744034,0,0
"2025-06-08 10:00:00","2025-06-08 11:00:00",Nederland,WindOffshoreC,Hour,UTC,Providing,Current,1103749,1103749,0.26545223593712,0,0
"2025-06-08 11:00:00","2025-06-08 12:00:00",Nederland,WindOffshoreC,Hour,UTC,Providing,Current,1122249,1122249,0.26990124583244,0,0
"2025-06-08 12:00:00","2025-06-08 13:00:00",Nederland,WindOffshoreC,Hour,UTC,Providing,Current,1058999,1058999,0.25468975305557,0,0
"2025-06-08 13:00:00","2025-06-08 14:00:00",Nederland,WindOffshoreC,Hour,UTC,Providing,Current,1184499,1184499,0.28487250208855,0,0
"2025-06-08 14:00:00","2025-06-08 15:00:00",Nederland,WindOffshoreC,Hour,UTC,Providing,Current,1326749,1326749,0.31908351182938,0,0
"2025-06-08 15:00:00","2025-06-08 16:00:00",Nederland,WindOffshoreC,Hour,UTC,Providing,Current,1282000,1282000,0.30832123756409,0,0
"2025-06-08 16:00:00","2025-06-08 17:00:00",Nederland,WindOffshoreC,Hour,UTC,Providing,Current,1841000,1841000,0.4427610039711,0,0
"2025-06-08 17:00:00","2025-06-08 18:00:00",Nederland,WindOffshoreC,Hour,UTC,Providing,Current,1416500,1416500,0.34066849946976,0,0
"2025-06-08 18:00:00","2025-06-08 19:00:00",Nederland,WindOffshoreC,Hour,UTC,Providing,Current,1407750,1407750,0.33856424689293,0,0
"2025-06-08 19:00:00","2025-06-08 20:00:00",Nederland,WindOffshoreC,Hour,UTC,Providing,Current,1410001,1410001,0.33910575509071,0,0
"2025-06-08 20:00:00","2025-06-08 21:00:00",Nederland,WindOffshoreC,Hour,UTC,Providing,Current,1683250,1683250,0.40482199192047,0,0
"2025-06-08 21:00:00","2025-06-08 22:00:00",Nederland,WindOffshoreC,Hour,UTC,Providing,Current,2050999,2050999,0.49326598644257,0,0
"2025-06-08 22:00:00","2025-06-08 23:00:00",Nederland,WindOffshoreC,Hour,UTC,Providing,Current,1661750,1661750,0.39965125918388,0,0
"2025-06-08 23:00:00","2025-06-09 00:00:00",Nederland,WindOffshoreC,Hour,UTC,Providing,Current,1565499,1565499,0.37650299072266,0,0
"2025-06-09 00:00:00","2025-06-09 01:00:00",Nederland,WindOffshoreC,Hour,UTC,Providing,Current,1483000,1483000,0.35666173696518,0,0
"2025-06-09 01:00:00","2025-06-09 02:00:00",Nederland,WindOffshoreC,Hour,UTC,Providing,Current,1214250,1214250,0.29202726483345,0,0
"2025-06-09 02:00:00","2025-06-09 03:00:00",Nederland,WindOffshoreC,Hour,UTC,Providing,Current,1231000,1231000,0.29605576395988,0,0
"2025-06-09 03:00:00","2025-06-09 04:00:00",Nederland,WindOffshoreC,Hour,UTC,Providing,Current,1044750,1044750,0.25126275420189,0,0
"2025-06-09 04:00:00","2025-06-09 05:00:00",Nederland,WindOffshoreC,Hour,UTC,Providing,Current,609250,609250,0.14652475714684,0,0
"2025-06-09 05:00:00","2025-06-09 06:00:00",Nederland,WindOffshoreC,Hour,UTC,Providing,Current,430000,430000,0.10341504961252,0,0
"2025-06-09 06:00:00","2025-06-09 07:00:00",Nederland,WindOffshoreC,Hour,UTC,Providing,Current,418250,418250,0.10058934986591,0,0
"2025-06-09 07:00:00","2025-06-09 08:00:00",Nederland,WindOffshoreC,Hour,UTC,Providing,Current,501750,501750,0.12067099660635,0,0
"2025-06-09 08:00:00","2025-06-09 09:00:00",Nederland,WindOffshoreC,Hour,UTC,Providing,Current,494500,494500,0.11892724782228,0,0
"2025-06-09 09:00:00","2025-06-09 10:00:00",Nederland,WindOffshoreC,Hour,UTC,Providing,Current,440500,440500,0.10594020038843,0,0
"2025-06-09 10:00:00","2025-06-09 11:00:00",Nederland,WindOffshoreC,Hour,UTC,Providing,Current,521999,521999,0.12554074823856,0,0
"2025-06-09 11:00:00","2025-06-09 12:00:00",Nederland,WindOffshoreC,Hour,UTC,Providing,Current,765000,765000,0.18398274481297,0,0
"2025-06-09 12:00:00","2025-06-09 13:00:00",Nederland,WindOffshoreC,Hour,UTC,Providing,Current,533502,533502,0.12830750644207,0,0
"2025-06-09 13:00:00","2025-06-09 14:00:00",Nederland,WindOffshoreC,Hour,UTC,Providing,Current,583500,583500,0.14033199846745,0,0
"2025-06-09 14:00:00","2025-06-09 15:00:00",Nederland,WindOffshoreC,Hour,UTC,Providing,Current,1016000,1016000,0.24434824287891,0,0
"2025-06-09 15:00:00","2025-06-09 16:00:00",Nederland,WindOffshoreC,Hour,UTC,Providing,Current,1238000,1238000,0.29773923754692,0,0
"2025-06-09 16:00:00","2025-06-09 17:00:00",Nederland,WindOffshoreC,Hour,UTC,Providing,Current,1638249,1638249,0.39399901032448,0,0
"2025-06-09 17:00:00","2025-06-09 18:00:00",Nederland,WindOffshoreC,Hour,UTC,Providing,Current,1640250,1640250,0.39448049664497,0,0
"2025-06-09 18:00:00","2025-06-09 19:00:00",Nederland,WindOffshoreC,Hour,UTC,Providing,Current,1742001,1742001,0.41895174980164,0,0
"2025-06-09 19:00:00","2025-06-09 20:00:00",Nederland,WindOffshoreC,Hour,UTC,Providing,Current,2057750,2057750,0.49488925933838,0,0
"2025-06-09 20:00:00","2025-06-09 21:00:00",Nederland,WindOffshoreC,Hour,UTC,Providing,Current,2384499,2384499,0.57347249984741,0,0
"2025-06-09 21:00:00","2025-06-09 22:00:00",Nederland,WindOffshoreC,Hour,UTC,Providing,Current,2798999,2798999,0.67316001653671,0,0
"2025-06-09 22:00:00","2025-06-09 23:00:00",Nederland,WindOffshoreC,Hour,UTC,Providing,Current,3144500,3144500,0.7562530040741,0,0
"2025-06-09 23:00:00","2025-06-10 00:00:00",Nederland,WindOffshoreC,Hour,UTC,Providing,Current,3425750,3425750,0.82389372587204,0,0
"2025-06-10 00:00:00","2025-06-10 01:00:00",Nederland,WindOffshoreC,Hour,UTC,Providing,Current,3978500,3978500,0.95683026313782,0,0
"2025-06-10 01:00:00","2025-06-10 02:00:00",Nederland,WindOffshoreC,Hour,UTC,Providing,Current,4107000,4107000,0.98773449659348,0,0
"2025-06-10 02:00:00","2025-06-10 03:00:00",Nederland,WindOffshoreC,Hour,UTC,Providing,Current,4097501,4097501,0.98545002937317,0,0
"2025-06-10 03:00:00","2025-06-10 04:00:00",Nederland,WindOffshoreC,Hour,UTC,Providing,Current,4210751,4210751,1.0126849412918,0,0
"2025-06-10 04:00:00","2025-06-10 05:00:00",Nederland,WindOffshoreC,Hour,UTC,Providing,Current,4200999,4200999,1.0103424787521,0,0
"2025-06-10 05:00:00","2025-06-10 06:00:00",Nederland,WindOffshoreC,Hour,UTC,Providing,Current,4250500,4250500,1.0222475528717,0,0
"2025-06-10 06:00:00","2025-06-10 07:00:00",Nederland,WindOffshoreC,Hour,UTC,Providing,Current,4287000,4287000,1.0310250520706,0,0
"2025-06-10 07:00:00","2025-06-10 08:00:00",Nederland,WindOffshoreC,Hour,UTC,Providing,Current,4196250,4196250,1.009198307991,0,0
"2025-06-10 08:00:00","2025-06-10 09:00:00",Nederland,WindOffshoreC,Hour,UTC,Providing,Current,4057500,4057500,0.97583025693893,0,0
"2025-06-10 09:00:00","2025-06-10 10:00:00",Nederland,WindOffshoreC,Hour,UTC,Providing,Current,3891000,3891000,0.935786485672,0,0
"2025-06-10 10:00:00","2025-06-10 11:00:00",Nederland,WindOffshoreC,Hour,UTC,Providing,Current,3745251,3745251,0.90073347091675,0,0
"2025-06-10 11:00:00","2025-06-10 12:00:00",Nederland,WindOffshoreC,Hour,UTC,Providing,Current,4060500,4060500,0.97655147314072,0,0
"2025-06-10 12:00:00","2025-06-10 13:00:00",Nederland,WindOffshoreC,Hour,UTC,Providing,Current,3663499,3663499,0.88107252120972,0,0
"2025-06-10 13:00:00","2025-06-10 14:00:00",Nederland,WindOffshoreC,Hour,UTC,Providing,Current,3337250,3337250,0.8026095032692,0,0
"2025-06-10 14:00:00","2025-06-10 15:00:00",Nederland,WindOffshoreC,Hour,UTC,Providing,Current,2068000,2068000,0.49735450744629,0,0
"2025-06-10 15:00:00","2025-06-10 16:00:00",Nederland,WindOffshoreC,Hour,UTC,Providing,Current,1626750,1626750,0.39123374223709,0,0
"2025-06-10 16:00:00","2025-06-10 17:00:00",Nederland,WindOffshoreC,Hour,UTC,Providing,Current,1750749,1750749,0.42105549573898,0,0
"2025-06-10 17:00:00","2025-06-10 18:00:00",Nederland,WindOffshoreC,Hour,UTC,Providing,Current,1498500,1498500,0.3603895008564,0,0
"2025-06-10 18:00:00","2025-06-10 19:00:00",Nederland,WindOffshoreC,Hour,UTC,Providing,Current,1326500,1326500,0.31902348995209,0,0
"2025-06-10 19:00:00","2025-06-10 20:00:00",Nederland,WindOffshoreC,Hour,UTC,Providing,Current,1173250,1173250,0.28216698765755,0,0
"2025-06-10 20:00:00","2025-06-10 21:00:00",Nederland,WindOffshoreC,Hour,UTC,Providing,Current,947000,947000,0.22775374352932,0,0
"2025-06-10 21:00:00","2025-06-10 22:00:00",Nederland,WindOffshoreC,Hour,UTC,Providing,Current,678500,678500,0.16317950189114,0,0
"2025-06-10 22:00:00","2025-06-10 23:00:00",Nederland,WindOffshoreC,Hour,UTC,Providing,Current,516000,516000,0.12409800291061,0,0
"2025-06-10 23:00:00","2025-06-11 00:00:00",Nederland,WindOffshoreC,Hour,UTC,Providing,Current,321249,321249,0.077260449528694,0,0
"2025-06-11 00:00:00","2025-06-11 01:00:00",Nederland,WindOffshoreC,Hour,UTC,Providing,Current,239751,239751,0.057660199701786,0,0
"2025-06-11 01:00:00","2025-06-11 02:00:00",Nederland,WindOffshoreC,Hour,UTC,Providing,Current,177750,177750,0.042748898267746,0,0
"2025-06-11 02:00:00","2025-06-11 03:00:00",Nederland,WindOffshoreC,Hour,UTC,Providing,Current,141250,141250,0.033970676362514,0,0
"2025-06-11 03:00:00","2025-06-11 04:00:00",Nederland,WindOffshoreC,Hour,UTC,Providing,Current,128249,128249,0.030843900516629,0,0
"2025-06-11 04:00:00","2025-06-11 05:00:00",Nederland,WindOffshoreC,Hour,UTC,Providing,Current,72000,72000,0.017316050827503,0,0
"2025-06-11 05:00:00","2025-06-11 06:00:00",Nederland,WindOffshoreC,Hour,UTC,Providing,Current,40001,40001,0.0096202446147799,0,0
"2025-06-11 06:00:00","2025-06-11 07:00:00",Nederland,WindOffshoreC,Hour,UTC,Providing,Current,61749,61749,0.014850662089884,0,0
"2025-06-11 07:00:00","2025-06-11 08:00:00",Nederland,WindOffshoreC,Hour,UTC,Providing,Current,67248,67248,0.016173174604774,0,0
"2025-06-11 08:00:00","2025-06-11 09:00:00",Nederland,WindOffshoreC,Hour,UTC,Providing,Current,129999,129999,0.031264774501324,0,0
"2025-06-11 09:00:00","2025-06-11 10:00:00",Nederland,WindOffshoreC,Hour,UTC,Providing,Current,105499,105499,0.025372549891472,0,0
"2025-06-11 10:00:00","2025-06-11 11:00:00",Nederland,WindOffshoreC,Hour,UTC,Providing,Current,74250,74250,0.017857149243355,0,0
"2025-06-11 11:00:00","2025-06-11 12:00:00",Nederland,WindOffshoreC,Hour,UTC,Providing,Current,16500,16500,0.0039682551287115,0,0
"2025-06-11 12:00:00","2025-06-11 13:00:00",Nederland,WindOffshoreC,Hour,UTC,Providing,Current,31250,31250,0.0075156399980187,0,0
"2025-06-11 13:00:00","2025-06-11 14:00:00",Nederland,WindOffshoreC,Hour,UTC,Providing,Current,91750,91750,0.022065874189138,0,0
"2025-06-11 14:00:00","2025-06-11 15:00:00",Nederland,WindOffshoreC,Hour,UTC,Providing,Current,381000,381000,0.091630801558495,0,0
"2025-06-11 15:00:00","2025-06-11 16:00:00",Nederland,WindOffshoreC,Hour,UTC,Providing,Current,674499,674499,0.16221724450588,0,0
"2025-06-11 16:00:00","2025-06-11 17:00:00",Nederland,WindOffshoreC,Hour,UTC,Providing,Current,840500,840500,0.20214074850082,0,0
"2025-06-11 17:00:00","2025-06-11 18:00:00",Nederland,WindOffshoreC,Hour,UTC,Providing,Current,989000,989000,0.23785474896431,0,0
"2025-06-11 18:00:00","2025-06-11 19:00:00",Nederland,WindOffshoreC,Hour,UTC,Providing,Current,1433749,1433749,0.34481701254845,0,0
"2025-06-11 19:00:00","2025-06-11 20:00:00",Nederland,WindOffshoreC,Hour,UTC,Providing,Current,1612750,1612750,0.38786673545837,0,0
"2025-06-11 20:00:00","2025-06-11 21:00:00",Nederland,WindOffshoreC,Hour,UTC,Providing,Current,2199500,2199500,0.52898001670837,0,0
"2025-06-11 21:00:00","2025-06-11 22:00:00",Nederland,WindOffshoreC,Hour,UTC,Providing,Current,2985749,2985749,0.7180734872818,0,0
"2025-06-11 22:00:00","2025-06-11 23:00:00",Nederland,WindOffshoreC,Hour,UTC,Providing,Current,2844250,2844250,0.68404299020767,0,0
"2025-06-11 23:00:00","2025-06-12 00:00:00",Nederland,WindOffshoreC,Hour,UTC,Providing,Current,2824249,2824249,0.67923277616501,0,0
"2025-06-12 00:00:00","2025-06-12 01:00:00",Nederland,WindOffshoreC,Hour,UTC,Providing,Current,2967500,2967500,0.71368449926376,0,0
"2025-06-12 01:00:00","2025-06-12 02:00:00",Nederland,WindOffshoreC,Hour,UTC,Providing,Current,2951000,2951000,0.7097162604332,0,0
"2025-06-12 02:00:00","2025-06-12 03:00:00",Nederland,WindOffshoreC,Hour,UTC,Providing,Current,2846750,2846750,0.68464422225952,0,0
"2025-06-12 03:00:00","2025-06-12 04:00:00",Nederland,WindOffshoreC,Hour,UTC,Providing,Current,2675250,2675250,0.64339822530746,0,0
"2025-06-12 04:00:00","2025-06-12 05:00:00",Nederland,WindOffshoreC,Hour,UTC,Providing,Current,2859500,2859500,0.68771022558212,0,0
"2025-06-12 05:00:00","2025-06-12 06:00:00",Nederland,WindOffshoreC,Hour,UTC,Providing,Current,3031500,3031500,0.72907650470734,0,0
"2025-06-12 06:00:00","2025-06-12 07:00:00",Nederland,WindOffshoreC,Hour,UTC,Providing,Current,2894999,2894999,0.69624775648117,0,0
"2025-06-12 07:00:00","2025-06-12 08:00:00",Nederland,WindOffshoreC,Hour,UTC,Providing,Current,2532000,2532000,0.60894650220871,0,0
"2025-06-12 08:00:00","2025-06-12 09:00:00",Nederland,WindOffshoreC,Hour,UTC,Providing,Current,1730751,1730751,0.41624575853348,0,0
"2025-06-12 09:00:00","2025-06-12 10:00:00",Nederland,WindOffshoreC,Hour,UTC,Providing,Current,1075750,1075750,0.25871825218201,0,0
"2025-06-12 10:00:00","2025-06-12 11:00:00",Nederland,WindOffshoreC,Hour,UTC,Providing,Current,984250,984250,0.23671224713326,0,0
"2025-06-12 11:00:00","2025-06-12 12:00:00",Nederland,WindOffshoreC,Hour,UTC,Providing,Current,1120001,1120001,0.26936051249504,0,0
"2025-06-12 12:00:00","2025-06-12 13:00:00",Nederland,WindOffshoreC,Hour,UTC,Providing,Current,1184750,1184750,0.28493276238441,0,0
"2025-06-12 13:00:00","2025-06-12 14:00:00",Nederland,WindOffshoreC,Hour,UTC,Providing,Current,1499750,1499750,0.36069023609161,0,0
"2025-06-12 14:00:00","2025-06-12 15:00:00",Nederland,WindOffshoreC,Hour,UTC,Providing,Current,1737500,1737500,0.41786924004555,0,0
"2025-06-12 15:00:00","2025-06-12 16:00:00",Nederland,WindOffshoreC,Hour,UTC,Providing,Current,2856250,2856250,0.68692874908447,0,0
"2025-06-12 16:00:00","2025-06-12 17:00:00",Nederland,WindOffshoreC,Hour,UTC,Providing,Current,2950251,2950251,0.7095360159874,0,0
"2025-06-12 17:00:00","2025-06-12 18:00:00",Nederland,WindOffshoreC,Hour,UTC,Providing,Current,2550000,2550000,0.61327576637268,0,0
"2025-06-12 18:00:00","2025-06-12 19:00:00",Nederland,WindOffshoreC,Hour,UTC,Providing,Current,2461250,2461250,0.59193122386932,0,0
"2025-06-12 19:00:00","2025-06-12 20:00:00",Nederland,WindOffshoreC,Hour,UTC,Providing,Current,2377499,2377499,0.57178902626038,0,0
"2025-06-12 20:00:00","2025-06-12 21:00:00",Nederland,WindOffshoreC,Hour,UTC,Providing,Current,2408499,2408499,0.57924449443817,0,0
"2025-06-12 21:00:00","2025-06-12 22:00:00",Nederland,WindOffshoreC,Hour,UTC,Providing,Current,1923750,1923750,0.46266224980354,0,0
"2025-06-12 22:00:00","2025-06-12 23:00:00",Nederland,WindOffshoreC,Hour,UTC,Providing,Current,1387500,1387500,0.33369401097298,0,0
"2025-06-12 23:00:00","2025-06-13 00:00:00",Nederland,WindOffshoreC,Hour,UTC,Providing,Current,1230749,1230749,0.29599523544312,0,0
"2025-06-13 00:00:00","2025-06-13 01:00:00",Nederland,WindOffshoreC,Hour,UTC,Providing,Current,1012000,1012000,0.24338625371456,0,0
"2025-06-13 01:00:00","2025-06-13 02:00:00",Nederland,WindOffshoreC,Hour,UTC,Providing,Current,826002,826002,0.19865350425243,0,0
"2025-06-13 02:00:00","2025-06-13 03:00:00",Nederland,WindOffshoreC,Hour,UTC,Providing,Current,664749,664749,0.15987250208855,0,0
"2025-06-13 03:00:00","2025-06-13 04:00:00",Nederland,WindOffshoreC,Hour,UTC,Providing,Current,601499,601499,0.14466075599194,0,0
"2025-06-13 04:00:00","2025-06-13 05:00:00",Nederland,WindOffshoreC,Hour,UTC,Providing,Current,597250,597250,0.14363874495029,0,0
"2025-06-13 05:00:00","2025-06-13 06:00:00",Nederland,WindOffshoreC,Hour,UTC,Providing,Current,547749,547749,0.13173399865627,0,0
"2025-06-13 06:00:00","2025-06-13 07:00:00",Nederland,WindOffshoreC,Hour,UTC,Providing,Current,508750,508750,0.12235449999571,0,0
"2025-06-13 07:00:00","2025-06-13 08:00:00",Nederland,WindOffshoreC,Hour,UTC,Providing,Current,385000,385000,0.092592522501945,0,0
"2025-06-13 08:00:00","2025-06-13 09:00:00",Nederland,WindOffshoreC,Hour,UTC,Providing,Current,141250,141250,0.033970650285482,0,0
"2025-06-13 09:00:00","2025-06-13 10:00:00",Nederland,WindOffshoreC,Hour,UTC,Providing,Current,94249,94249,0.022666899487376,0,0
"2025-06-13 10:00:00","2025-06-13 11:00:00",Nederland,WindOffshoreC,Hour,UTC,Providing,Current,105249,105249,0.025312399491668,0,0
"2025-06-13 11:00:00","2025-06-13 12:00:00",Nederland,WindOffshoreC,Hour,UTC,Providing,Current,61000,61000,0.01467049960047,0,0
"2025-06-13 12:00:00","2025-06-13 13:00:00",Nederland,WindOffshoreC,Hour,UTC,Providing,Current,134502,134502,0.032347775995731,0,0
"2025-06-13 13:00:00","2025-06-13 14:00:00",Nederland,WindOffshoreC,Hour,UTC,Providing,Current,288751,288751,0.069444701075554,0,0
"2025-06-13 14:00:00","2025-06-13 15:00:00",Nederland,WindOffshoreC,Hour,UTC,Providing,Current,316251,316251,0.076058477163315,0,0
"2025-06-13 15:00:00","2025-06-13 16:00:00",Nederland,WindOffshoreC,Hour,UTC,Providing,Current,517000,517000,0.1243385002017,0,0
"2025-06-13 16:00:00","2025-06-13 17:00:00",Nederland,WindOffshoreC,Hour,UTC,Providing,Current,797499,797499,0.19179899990559,0,0
"2025-06-13 17:00:00","2025-06-13 18:00:00",Nederland,WindOffshoreC,Hour,UTC,Providing,Current,1119001,1119001,0.26912000775337,0,0
"2025-06-13 18:00:00","2025-06-13 19:00:00",Nederland,WindOffshoreC,Hour,UTC,Providing,Current,1372500,1372500,0.33008649945259,0,0
"2025-06-13 19:00:00","2025-06-13 20:00:00",Nederland,WindOffshoreC,Hour,UTC,Providing,Current,1718500,1718500,0.41329973936081,0,0
"2025-06-13 20:00:00","2025-06-13 21:00:00",Nederland,WindOffshoreC,Hour,UTC,Providing,Current,2464001,2464001,0.59259301424026,0,0
"2025-06-13 21:00:00","2025-06-13 22:00:00",Nederland,WindOffshoreC,Hour,UTC,Providing,Current,3331251,3331251,0.80116677284241,0,0
"2025-06-13 22:00:00","2025-06-13 23:00:00",Nederland,WindOffshoreC,Hour,UTC,Providing,Current,3686000,3686000,0.88648372888565,0,0
"2025-06-13 23:00:00","2025-06-14 00:00:00",Nederland,WindOffshoreC,Hour,UTC,Providing,Current,3493500,3493500,0.84018748998642,0,0
"2025-06-14 00:00:00","2025-06-14 01:00:00",Nederland,WindOffshoreC,Hour,UTC,Providing,Current,3103250,3103250,0.74633252620697,0,0
"2025-06-14 01:00:00","2025-06-14 02:00:00",Nederland,WindOffshoreC,Hour,UTC,Providing,Current,2241250,2241250,0.53902125358582,0,0
"2025-06-14 02:00:00","2025-06-14 03:00:00",Nederland,WindOffshoreC,Hour,UTC,Providing,Current,1282999,1282999,0.30856150388718,0,0
"2025-06-14 03:00:00","2025-06-14 04:00:00",Nederland,WindOffshoreC,Hour,UTC,Providing,Current,658251,658251,0.15830950438976,0,0
"2025-06-14 04:00:00","2025-06-14 05:00:00",Nederland,WindOffshoreC,Hour,UTC,Providing,Current,733749,733749,0.1764667481184,0,0
"2025-06-14 05:00:00","2025-06-14 06:00:00",Nederland,WindOffshoreC,Hour,UTC,Providing,Current,950251,950251,0.22853524982929,0,0
"2025-06-14 06:00:00","2025-06-14 07:00:00",Nederland,WindOffshoreC,Hour,UTC,Providing,Current,1073000,1073000,0.25805699825287,0,0
"2025-06-14 07:00:00","2025-06-14 08:00:00",Nederland,WindOffshoreC,Hour,UTC,Providing,Current,990750,990750,0.23827575147152,0,0
"2025-06-14 08:00:00","2025-06-14 09:00:00",Nederland,WindOffshoreC,Hour,UTC,Providing,Current,1094001,1094001,0.26310724020004,0,0
"2025-06-14 09:00:00","2025-06-14 10:00:00",Nederland,WindOffshoreC,Hour,UTC,Providing,Current,981500,981500,0.23605099320412,0,0
"2025-06-14 10:00:00","2025-06-14 11:00:00",Nederland,WindOffshoreC,Hour,UTC,Providing,Current,1329501,1329501,0.31974551081657,0,0
"2025-06-14 11:00:00","2025-06-14 12:00:00",Nederland,WindOffshoreC,Hour,UTC,Providing,Current,818500,818500,0.1968494951725,0,0
"2025-06-14 12:00:00","2025-06-14 13:00:00",Nederland,WindOffshoreC,Hour,UTC,Providing,Current,1461250,1461250,0.35143101215363,0,0
"2025-06-14 13:00:00","2025-06-14 14:00:00",Nederland,WindOffshoreC,Hour,UTC,Providing,Current,1720500,1720500,0.41378051042557,0,0
"2025-06-14 14:00:00","2025-06-14 15:00:00",Nederland,WindOffshoreC,Hour,UTC,Providing,Current,2535751,2535751,0.6098484992981,0,0
"2025-06-14 15:00:00","2025-06-14 16:00:00",Nederland,WindOffshoreC,Hour,UTC,Providing,Current,3010002,3010002,0.72390651702881,0,0
"2025-06-14 16:00:00","2025-06-14 17:00:00",Nederland,WindOffshoreC,Hour,UTC,Providing,Current,3389250,3389250,0.81511527299881,0,0
"2025-06-14 17:00:00","2025-06-14 18:00:00",Nederland,WindOffshoreC,Hour,UTC,Providing,Current,3406000,3406000,0.81914401054382,0,0
"2025-06-14 18:00:00","2025-06-14 19:00:00",Nederland,WindOffshoreC,Hour,UTC,Providing,Current,3588000,3588000,0.86291474103928,0,0
"2025-06-14 19:00:00","2025-06-14 20:00:00",Nederland,WindOffshoreC,Hour,UTC,Providing,Current,3468000,3468000,0.83405500650406,0,0
"2025-06-14 20:00:00","2025-06-14 21:00:00",Nederland,WindOffshoreC,Hour,UTC,Providing,Current,2783001,2783001,0.66931277513504,0,0
"2025-06-14 21:00:00","2025-06-14 22:00:00",Nederland,WindOffshoreC,Hour,UTC,Providing,Current,2085250,2085250,0.50150299072266,0,0
"2025-06-14 22:00:00","2025-06-14 23:00:00",Nederland,WindOffshoreC,Hour,UTC,Providing,Current,1980750,1980750,0.47637099027634,0,0
"2025-06-14 23:00:00","2025-06-15 00:00:00",Nederland,WindOffshoreC,Hour,UTC,Providing,Current,2059500,2059500,0.49531048536301,0,0
"2025-06-15 00:00:00","2025-06-15 01:00:00",Nederland,WindOffshoreC,Hour,UTC,Providing,Current,1965750,1965750,0.47276324033737,0,0
"2025-06-15 01:00:00","2025-06-15 02:00:00",Nederland,WindOffshoreC,Hour,UTC,Providing,Current,1896750,1896750,0.45616874098778,0,0
"2025-06-15 02:00:00","2025-06-15 03:00:00",Nederland,WindOffshoreC,Hour,UTC,Providing,Current,1691500,1691500,0.40680599212646,0,0
"2025-06-15 03:00:00","2025-06-15 04:00:00",Nederland,WindOffshoreC,Hour,UTC,Providing,Current,1608750,1608750,0.38690474629402,0,0
"2025-06-15 04:00:00","2025-06-15 05:00:00",Nederland,WindOffshoreC,Hour,UTC,Providing,Current,1338999,1338999,0.3220297396183,0,0
"2025-06-15 05:00:00","2025-06-15 06:00:00",Nederland,WindOffshoreC,Hour,UTC,Providing,Current,1214750,1214750,0.29214748740196,0,0
"2025-06-15 06:00:00","2025-06-15 07:00:00",Nederland,WindOffshoreC,Hour,UTC,Providing,Current,995749,995749,0.23947800695896,0,0
"2025-06-15 07:00:00","2025-06-15 08:00:00",Nederland,WindOffshoreC,Hour,UTC,Providing,Current,775250,775250,0.1864477545023,0,0
"2025-06-15 08:00:00","2025-06-15 09:00:00",Nederland,WindOffshoreC,Hour,UTC,Providing,Current,573999,573999,0.13804675638676,0,0
"2025-06-15 09:00:00","2025-06-15 10:00:00",Nederland,WindOffshoreC,Hour,UTC,Providing,Current,689250,689250,0.16576474905014,0,0
"2025-06-15 10:00:00","2025-06-15 11:00:00",Nederland,WindOffshoreC,Hour,UTC,Providing,Current,556499,556499,0.1338382512331,0,0
"2025-06-15 11:00:00","2025-06-15 12:00:00",Nederland,WindOffshoreC,Hour,UTC,Providing,Current,449750,449750,0.1081650480628,0,0
"2025-06-15 12:00:00","2025-06-15 13:00:00",Nederland,WindOffshoreC,Hour,UTC,Providing,Current,273749,273749,0.065836727619171,0,0
"2025-06-15 13:00:00","2025-06-15 14:00:00",Nederland,WindOffshoreC,Hour,UTC,Providing,Current,426500,426500,0.10257317870855,0,0
"2025-06-15 14:00:00","2025-06-15 15:00:00",Nederland,WindOffshoreC,Hour,UTC,Providing,Current,607000,607000,0.14598375558853,0,0
"2025-06-15 15:00:00","2025-06-15 16:00:00",Nederland,WindOffshoreC,Hour,UTC,Providing,Current,707750,707750,0.17021399736404,0,0
"2025-06-15 16:00:00","2025-06-15 17:00:00",Nederland,WindOffshoreC,Hour,UTC,Providing,Current,936000,936000,0.22510850429535,0,0
"2025-06-15 17:00:00","2025-06-15 18:00:00",Nederland,WindOffshoreC,Hour,UTC,Providing,Current,1053250,1053250,0.25330701470375,0,0
"2025-06-15 18:00:00","2025-06-15 19:00:00",Nederland,WindOffshoreC,Hour,UTC,Providing,Current,821251,821251,0.19751100242138,0,0
"2025-06-15 19:00:00","2025-06-15 20:00:00",Nederland,WindOffshoreC,Hour,UTC,Providing,Current,703750,703750,0.16925199329853,0,0
"2025-06-15 20:00:00","2025-06-15 21:00:00",Nederland,WindOffshoreC,Hour,UTC,Providing,Current,549249,549249,0.13209450244904,0,0
"2025-06-15 21:00:00","2025-06-15 22:00:00",Nederland,WindOffshoreC,Hour,UTC,Providing,Current,444750,444750,0.10696274787188,0,0
"2025-06-15 22:00:00","2025-06-15 23:00:00",Nederland,WindOffshoreC,Hour,UTC,Providing,Current,506251,506251,0.1217537522316,0,0
"2025-06-15 23:00:00","2025-06-16 00:00:00",Nederland,WindOffshoreC,Hour,UTC,Providing,Current,543750,543750,0.1307722479105,0,0
"2025-06-16 00:00:00","2025-06-16 01:00:00",Nederland,WindOffshoreC,Hour,UTC,Providing,Current,412751,412751,0.099266722798347,0,0
"2025-06-16 01:00:00","2025-06-16 02:00:00",Nederland,WindOffshoreC,Hour,UTC,Providing,Current,281251,281251,0.067640952765942,0,0
"2025-06-16 02:00:00","2025-06-16 03:00:00",Nederland,WindOffshoreC,Hour,UTC,Providing,Current,337500,337500,0.081168852746487,0,0
"2025-06-16 03:00:00","2025-06-16 04:00:00",Nederland,WindOffshoreC,Hour,UTC,Providing,Current,397749,397749,0.095658697187901,0,0
"2025-06-16 04:00:00","2025-06-16 05:00:00",Nederland,WindOffshoreC,Hour,UTC,Providing,Current,377749,377749,0.090848721563816,0,0
"2025-06-16 05:00:00","2025-06-16 06:00:00",Nederland,WindOffshoreC,Hour,UTC,Providing,Current,304250,304250,0.073172174394131,0,0
"2025-06-16 06:00:00","2025-06-16 07:00:00",Nederland,WindOffshoreC,Hour,UTC,Providing,Current,293750,293750,0.070646949112415,0,0
"2025-06-16 07:00:00","2025-06-16 08:00:00",Nederland,WindOffshoreC,Hour,UTC,Providing,Current,409250,409250,0.098424799740314,0,0
"2025-06-16 08:00:00","2025-06-16 09:00:00",Nederland,WindOffshoreC,Hour,UTC,Providing,Current,205500,205500,0.049422800540924,0,0
"2025-06-16 09:00:00","2025-06-16 10:00:00",Nederland,WindOffshoreC,Hour,UTC,Providing,Current,174500,174500,0.041967298835516,0,0
"2025-06-16 10:00:00","2025-06-16 11:00:00",Nederland,WindOffshoreC,Hour,UTC,Providing,Current,211501,211501,0.050866026431322,0,0
"2025-06-16 11:00:00","2025-06-16 12:00:00",Nederland,WindOffshoreC,Hour,UTC,Providing,Current,129750,129750,0.031204899773002,0,0
"2025-06-16 12:00:00","2025-06-16 13:00:00",Nederland,WindOffshoreC,Hour,UTC,Providing,Current,195750,195750,0.047077924013138,0,0
"2025-06-16 13:00:00","2025-06-16 14:00:00",Nederland,WindOffshoreC,Hour,UTC,Providing,Current,205750,205750,0.049482900649309,0,0
"2025-06-16 14:00:00","2025-06-16 15:00:00",Nederland,WindOffshoreC,Hour,UTC,Providing,Current,143750,143750,0.034571923315525,0,0
"2025-06-16 15:00:00","2025-06-16 16:00:00",Nederland,WindOffshoreC,Hour,UTC,Providing,Current,157501,157501,0.037879023700953,0,0
"2025-06-16 16:00:00","2025-06-16 17:00:00",Nederland,WindOffshoreC,Hour,UTC,Providing,Current,96000,96000,0.023088024929166,0,0
"2025-06-16 17:00:00","2025-06-16 18:00:00",Nederland,WindOffshoreC,Hour,UTC,Providing,Current,64750,64750,0.015572374686599,0,0
"2025-06-16 18:00:00","2025-06-16 19:00:00",Nederland,WindOffshoreC,Hour,UTC,Providing,Current,32500,32500,0.007816269993782,0,0
"2025-06-16 19:00:00","2025-06-16 20:00:00",Nederland,WindOffshoreC,Hour,UTC,Providing,Current,15251,15251,0.0036678675096482,0,0
"2025-06-16 20:00:00","2025-06-16 21:00:00",Nederland,WindOffshoreC,Hour,UTC,Providing,Current,22000,22000,0.0052910051308572,0,0
"2025-06-16 21:00:00","2025-06-16 22:00:00",Nederland,WindOffshoreC,Hour,UTC,Providing,Current,54252,54252,0.013047619722784,0,0
"2025-06-16 22:00:00","2025-06-16 23:00:00",Nederland,WindOffshoreC,Hour,UTC,Providing,Current,112500,112500,0.027056250721216,0,0
"2025-06-16 23:00:00","2025-06-17 00:00:00",Nederland,WindOffshoreC,Hour,UTC,Providing,Current,151250,151250,0.036375675350428,0,0
"2025-06-17 00:00:00","2025-06-17 01:00:00",Nederland,WindOffshoreC,Hour,UTC,Providing,Current,165750,165750,0.039862923324108,0,0
"2025-06-17 01:00:00","2025-06-17 02:00:00",Nederland,WindOffshoreC,Hour,UTC,Providing,Current,215500,215500,0.051827773451805,0,0
"2025-06-17 02:00:00","2025-06-17 03:00:00",Nederland,WindOffshoreC,Hour,UTC,Providing,Current,235750,235750,0.056697923690081,0,0
"2025-06-17 03:00:00","2025-06-17 04:00:00",Nederland,WindOffshoreC,Hour,UTC,Providing,Current,343250,343250,0.082551725208759,0,0
"2025-06-17 04:00:00","2025-06-17 05:00:00",Nederland,WindOffshoreC,Hour,UTC,Providing,Current,570501,570501,0.13720574975014,0,0
"2025-06-17 05:00:00","2025-06-17 06:00:00",Nederland,WindOffshoreC,Hour,UTC,Providing,Current,744751,744751,0.17911300063133,0,0
"2025-06-17 06:00:00","2025-06-17 07:00:00",Nederland,WindOffshoreC,Hour,UTC,Providing,Current,983250,983250,0.23647150397301,0,0
"2025-06-17 07:00:00","2025-06-17 08:00:00",Nederland,WindOffshoreC,Hour,UTC,Providing,Current,1045500,1045500,0.25144276022911,0,0
"2025-06-17 08:00:00","2025-06-17 09:00:00",Nederland,WindOffshoreC,Hour,UTC,Providing,Current,932499,932499,0.22426599264145,0,0
"2025-06-17 09:00:00","2025-06-17 10:00:00",Nederland,WindOffshoreC,Hour,UTC,Providing,Current,904751,904751,0.2175929993391,0,0
"2025-06-17 10:00:00","2025-06-17 11:00:00",Nederland,WindOffshoreC,Hour,UTC,Providing,Current,842750,842750,0.20268149673939,0,0
"2025-06-17 11:00:00","2025-06-17 12:00:00",Nederland,WindOffshoreC,Hour,UTC,Providing,Current,771999,771999,0.18566599488258,0,0
"2025-06-17 12:00:00","2025-06-17 13:00:00",Nederland,WindOffshoreC,Hour,UTC,Providing,Current,553000,553000,0.13299675285816,0,0
"2025-06-17 13:00:00","2025-06-17 14:00:00",Nederland,WindOffshoreC,Hour,UTC,Providing,Current,517500,517500,0.1244589984417,0,0
"2025-06-17 14:00:00","2025-06-17 15:00:00",Nederland,WindOffshoreC,Hour,UTC,Providing,Current,601500,601500,0.14466075599194,0,0
"2025-06-17 15:00:00","2025-06-17 16:00:00",Nederland,WindOffshoreC,Hour,UTC,Providing,Current,608500,608500,0.14634424448013,0,0
"2025-06-17 16:00:00","2025-06-17 17:00:00",Nederland,WindOffshoreC,Hour,UTC,Providing,Current,508500,508500,0.12229450047016,0,0
"2025-06-17 17:00:00","2025-06-17 18:00:00",Nederland,WindOffshoreC,Hour,UTC,Providing,Current,356000,356000,0.085618197917938,0,0
"2025-06-17 18:00:00","2025-06-17 19:00:00",Nederland,WindOffshoreC,Hour,UTC,Providing,Current,285000,285000,0.068542577326298,0,0
"2025-06-17 19:00:00","2025-06-17 20:00:00",Nederland,WindOffshoreC,Hour,UTC,Providing,Current,269001,269001,0.064694799482822,0,0
"2025-06-17 20:00:00","2025-06-17 21:00:00",Nederland,WindOffshoreC,Hour,UTC,Providing,Current,325749,325749,0.078342698514462,0,0
"2025-06-17 21:00:00","2025-06-17 22:00:00",Nederland,WindOffshoreC,Hour,UTC,Providing,Current,450252,450252,0.10828577727079,0,0
"2025-06-17 22:00:00","2025-06-17 23:00:00",Nederland,WindOffshoreC,Hour,UTC,Providing,Current,576750,576750,0.13870850205421,0,0
"2025-06-17 23:00:00","2025-06-18 00:00:00",Nederland,WindOffshoreC,Hour,UTC,Providing,Current,618000,618000,0.14862924814224,0,0
"2025-06-18 00:00:00","2025-06-18 01:00:00",Nederland,WindOffshoreC,Hour,UTC,Providing,Current,624000,624000,0.15007199347019,0,0
"2025-06-18 01:00:00","2025-06-18 02:00:00",Nederland,WindOffshoreC,Hour,UTC,Providing,Current,600501,600501,0.14442074298859,0,0
"2025-06-18 02:00:00","2025-06-18 03:00:00",Nederland,WindOffshoreC,Hour,UTC,Providing,Current,584000,584000,0.14045199751854,0,0
"2025-06-18 03:00:00","2025-06-18 04:00:00",Nederland,WindOffshoreC,Hour,UTC,Providing,Current,404999,404999,0.097402296960354,0,0
"2025-06-18 04:00:00","2025-06-18 05:00:00",Nederland,WindOffshoreC,Hour,UTC,Providing,Current,190750,190750,0.045875426381826,0,0
"2025-06-18 05:00:00","2025-06-18 06:00:00",Nederland,WindOffshoreC,Hour,UTC,Providing,Current,70250,70250,0.016895124688745,0,0
"2025-06-18 06:00:00","2025-06-18 07:00:00",Nederland,WindOffshoreC,Hour,UTC,Providing,Current,411250,411250,0.098905801773071,0,0
"2025-06-18 07:00:00","2025-06-18 08:00:00",Nederland,WindOffshoreC,Hour,UTC,Providing,Current,457500,457500,0.1100290492177,0,0
"2025-06-18 08:00:00","2025-06-18 09:00:00",Nederland,WindOffshoreC,Hour,UTC,Providing,Current,397000,397000,0.095478549599648,0,0
"2025-06-18 09:00:00","2025-06-18 10:00:00",Nederland,WindOffshoreC,Hour,UTC,Providing,Current,231750,231750,0.055735923349857,0,0
"2025-06-18 10:00:00","2025-06-18 11:00:00",Nederland,WindOffshoreC,Hour,UTC,Providing,Current,261999,261999,0.063010826706886,0,0
"2025-06-18 11:00:00","2025-06-18 12:00:00",Nederland,WindOffshoreC,Hour,UTC,Providing,Current,177000,177000,0.042568501085043,0,0
"2025-06-18 12:00:00","2025-06-18 13:00:00",Nederland,WindOffshoreC,Hour,UTC,Providing,Current,144000,144000,0.034632049500942,0,0
"2025-06-18 13:00:00","2025-06-18 14:00:00",Nederland,WindOffshoreC,Hour,UTC,Providing,Current,146250,146250,0.035173151642084,0,0
"2025-06-18 14:00:00","2025-06-18 15:00:00",Nederland,WindOffshoreC,Hour,UTC,Providing,Current,177999,177999,0.042808774858713,0,0
"2025-06-18 15:00:00","2025-06-18 16:00:00",Nederland,WindOffshoreC,Hour,UTC,Providing,Current,222750,222750,0.053571425378323,0,0
"2025-06-18 16:00:00","2025-06-18 17:00:00",Nederland,WindOffshoreC,Hour,UTC,Providing,Current,232251,232251,0.055856425315142,0,0
"2025-06-18 17:00:00","2025-06-18 18:00:00",Nederland,WindOffshoreC,Hour,UTC,Providing,Current,166500,166500,0.040043275803328,0,0
"2025-06-18 18:00:00","2025-06-18 19:00:00",Nederland,WindOffshoreC,Hour,UTC,Providing,Current,130749,130749,0.031445175409317,0,0
"2025-06-18 19:00:00","2025-06-18 20:00:00",Nederland,WindOffshoreC,Hour,UTC,Providing,Current,114500,114500,0.027537275105715,0,0
"2025-06-18 20:00:00","2025-06-18 21:00:00",Nederland,WindOffshoreC,Hour,UTC,Providing,Current,71751,71751,0.017256125807762,0,0
"2025-06-18 21:00:00","2025-06-18 22:00:00",Nederland,WindOffshoreC,Hour,UTC,Providing,Current,78750,78750,0.018939424306154,0,0
"2025-06-18 22:00:00","2025-06-18 23:00:00",Nederland,WindOffshoreC,Hour,UTC,Providing,Current,94501,94501,0.022727524861693,0,0
"2025-06-18 23:00:00","2025-06-19 00:00:00",Nederland,WindOffshoreC,Hour,UTC,Providing,Current,118501,118501,0.028499525040388,0,0
"2025-06-19 00:00:00","2025-06-19 01:00:00",Nederland,WindOffshoreC,Hour,UTC,Providing,Current,98502,98502,0.02368975058198,0,0
"2025-06-19 01:00:00","2025-06-19 02:00:00",Nederland,WindOffshoreC,Hour,UTC,Providing,Current,187249,187249,0.045033425092697,0,0
"2025-06-19 02:00:00","2025-06-19 03:00:00",Nederland,WindOffshoreC,Hour,UTC,Providing,Current,177999,177999,0.042808800935745,0,0
"2025-06-19 03:00:00","2025-06-19 04:00:00",Nederland,WindOffshoreC,Hour,UTC,Providing,Current,185751,185751,0.044673174619675,0,0
"2025-06-19 04:00:00","2025-06-19 05:00:00",Nederland,WindOffshoreC,Hour,UTC,Providing,Current,192750,192750,0.046356398612261,0,0
"2025-06-19 05:00:00","2025-06-19 06:00:00",Nederland,WindOffshoreC,Hour,UTC,Providing,Current,174750,174750,0.042027376592159,0,0
"2025-06-19 06:00:00","2025-06-19 07:00:00",Nederland,WindOffshoreC,Hour,UTC,Providing,Current,202250,202250,0.048641175031662,0,0
"2025-06-19 07:00:00","2025-06-19 08:00:00",Nederland,WindOffshoreC,Hour,UTC,Providing,Current,188500,188500,0.045334275811911,0,0
"2025-06-19 08:00:00","2025-06-19 09:00:00",Nederland,WindOffshoreC,Hour,UTC,Providing,Current,83750,83750,0.020141899585724,0,0
"2025-06-19 09:00:00","2025-06-19 10:00:00",Nederland,WindOffshoreC,Hour,UTC,Providing,Current,49249,49249,0.01184440497309,0,0
"2025-06-19 10:00:00","2025-06-19 11:00:00",Nederland,WindOffshoreC,Hour,UTC,Providing,Current,40749,40749,0.0098001547157764,0,0
"2025-06-19 11:00:00","2025-06-19 12:00:00",Nederland,WindOffshoreC,Hour,UTC,Providing,Current,61501,61501,0.014790999703109,0,0
"2025-06-19 12:00:00","2025-06-19 13:00:00",Nederland,WindOffshoreC,Hour,UTC,Providing,Current,155750,155750,0.037457898259163,0,0
"2025-06-19 13:00:00","2025-06-19 14:00:00",Nederland,WindOffshoreC,Hour,UTC,Providing,Current,219000,219000,0.052669551223516,0,0
"2025-06-19 14:00:00","2025-06-19 15:00:00",Nederland,WindOffshoreC,Hour,UTC,Providing,Current,374500,374500,0.090067327022552,0,0
"2025-06-19 15:00:00","2025-06-19 16:00:00",Nederland,WindOffshoreC,Hour,UTC,Providing,Current,420750,420750,0.1011902987957,0,0
"2025-06-19 16:00:00","2025-06-19 17:00:00",Nederland,WindOffshoreC,Hour,UTC,Providing,Current,602000,602000,0.14478099346161,0,0
"2025-06-19 17:00:00","2025-06-19 18:00:00",Nederland,WindOffshoreC,Hour,UTC,Providing,Current,770748,770748,0.18536475300789,0,0
"2025-06-19 18:00:00","2025-06-19 19:00:00",Nederland,WindOffshoreC,Hour,UTC,Providing,Current,903000,903000,0.21717174351215,0,0
"2025-06-19 19:00:00","2025-06-19 20:00:00",Nederland,WindOffshoreC,Hour,UTC,Providing,Current,916752,916752,0.22047874331474,0,0
"2025-06-19 20:00:00","2025-06-19 21:00:00",Nederland,WindOffshoreC,Hour,UTC,Providing,Current,950501,950501,0.228595495224,0,0
"2025-06-19 21:00:00","2025-06-19 22:00:00",Nederland,WindOffshoreC,Hour,UTC,Providing,Current,1013250,1013250,0.2436867505312,0,0
"2025-06-19 22:00:00","2025-06-19 23:00:00",Nederland,WindOffshoreC,Hour,UTC,Providing,Current,967250,967250,0.23262375593185,0,0
"2025-06-19 23:00:00","2025-06-20 00:00:00",Nederland,WindOffshoreC,Hour,UTC,Providing,Current,980000,980000,0.23568999767303,0,0
"2025-06-20 00:00:00","2025-06-20 01:00:00",Nederland,WindOffshoreC,Hour,UTC,Providing,Current,957750,957750,0.23033924400806,0,0
"2025-06-20 01:00:00","2025-06-20 02:00:00",Nederland,WindOffshoreC,Hour,UTC,Providing,Current,969250,969250,0.23310500383377,0,0
"2025-06-20 02:00:00","2025-06-20 03:00:00",Nederland,WindOffshoreC,Hour,UTC,Providing,Current,1005000,1005000,0.2417027503252,0,0
"2025-06-20 03:00:00","2025-06-20 04:00:00",Nederland,WindOffshoreC,Hour,UTC,Providing,Current,1054500,1054500,0.25360751152039,0,0
"2025-06-20 04:00:00","2025-06-20 05:00:00",Nederland,WindOffshoreC,Hour,UTC,Providing,Current,937500,937500,0.22546875476837,0,0
"2025-06-20 05:00:00","2025-06-20 06:00:00",Nederland,WindOffshoreC,Hour,UTC,Providing,Current,676002,676002,0.1625784933567,0,0
"2025-06-20 06:00:00","2025-06-20 07:00:00",Nederland,WindOffshoreC,Hour,UTC,Providing,Current,483249,483249,0.11622150242329,0,0
"2025-06-20 07:00:00","2025-06-20 08:00:00",Nederland,WindOffshoreC,Hour,UTC,Providing,Current,282000,282000,0.067821100354195,0,0
"2025-06-20 08:00:00","2025-06-20 09:00:00",Nederland,WindOffshoreC,Hour,UTC,Providing,Current,129500,129500,0.03114477545023,0,0
"2025-06-20 09:00:00","2025-06-20 10:00:00",Nederland,WindOffshoreC,Hour,UTC,Providing,Current,52248,52248,0.012565675191581,0,0
"2025-06-20 10:00:00","2025-06-20 11:00:00",Nederland,WindOffshoreC,Hour,UTC,Providing,Current,46750,46750,0.011243402957916,0,0
"2025-06-20 11:00:00","2025-06-20 12:00:00",Nederland,WindOffshoreC,Hour,UTC,Providing,Current,21750,21750,0.0052308826707304,0,0
"2025-06-20 12:00:00","2025-06-20 13:00:00",Nederland,WindOffshoreC,Hour,UTC,Providing,Current,65750,65750,0.015812901780009,0,0
"2025-06-20 13:00:00","2025-06-20 14:00:00",Nederland,WindOffshoreC,Hour,UTC,Providing,Current,196499,196499,0.047258049249649,0,0
"2025-06-20 14:00:00","2025-06-20 15:00:00",Nederland,WindOffshoreC,Hour,UTC,Providing,Current,620001,620001,0.14911049604416,0,0
"2025-06-20 15:00:00","2025-06-20 16:00:00",Nederland,WindOffshoreC,Hour,UTC,Providing,Current,1050249,1050249,0.25258526206017,0,0
"2025-06-20 16:00:00","2025-06-20 17:00:00",Nederland,WindOffshoreC,Hour,UTC,Providing,Current,1155501,1155501,0.27789849042892,0,0
"2025-06-20 17:00:00","2025-06-20 18:00:00",Nederland,WindOffshoreC,Hour,UTC,Providing,Current,966000,966000,0.23232324421406,0,0
"2025-06-20 18:00:00","2025-06-20 19:00:00",Nederland,WindOffshoreC,Hour,UTC,Providing,Current,715500,715500,0.17207799851894,0,0
"2025-06-20 19:00:00","2025-06-20 20:00:00",Nederland,WindOffshoreC,Hour,UTC,Providing,Current,614000,614000,0.14766724407673,0,0
"2025-06-20 20:00:00","2025-06-20 21:00:00",Nederland,WindOffshoreC,Hour,UTC,Providing,Current,695500,695500,0.16726799309254,0,0
"2025-06-20 21:00:00","2025-06-20 22:00:00",Nederland,WindOffshoreC,Hour,UTC,Providing,Current,971751,971751,0.23370650410652,0,0
"2025-06-20 22:00:00","2025-06-20 23:00:00",Nederland,WindOffshoreC,Hour,UTC,Providing,Current,1142499,1142499,0.27477124333382,0,0
"2025-06-20 23:00:00","2025-06-21 00:00:00",Nederland,WindOffshoreC,Hour,UTC,Providing,Current,1426250,1426250,0.34301349520683,0,0
"2025-06-21 00:00:00","2025-06-21 01:00:00",Nederland,WindOffshoreC,Hour,UTC,Providing,Current,1480500,1480500,0.35606050491333,0,0
"2025-06-21 01:00:00","2025-06-21 02:00:00",Nederland,WindOffshoreC,Hour,UTC,Providing,Current,1237751,1237751,0.29767951369286,0,0
"2025-06-21 02:00:00","2025-06-21 03:00:00",Nederland,WindOffshoreC,Hour,UTC,Providing,Current,1086750,1086750,0.26136374473572,0,0
"2025-06-21 03:00:00","2025-06-21 04:00:00",Nederland,WindOffshoreC,Hour,UTC,Providing,Current,885000,885000,0.21284249424934,0,0
"2025-06-21 04:00:00","2025-06-21 05:00:00",Nederland,WindOffshoreC,Hour,UTC,Providing,Current,653000,653000,0.15704649686813,0,0
"2025-06-21 05:00:00","2025-06-21 06:00:00",Nederland,WindOffshoreC,Hour,UTC,Providing,Current,772749,772749,0.18584625422955,0,0
"2025-06-21 06:00:00","2025-06-21 07:00:00",Nederland,WindOffshoreC,Hour,UTC,Providing,Current,539000,539000,0.12962974607944,0,0
"2025-06-21 07:00:00","2025-06-21 08:00:00",Nederland,WindOffshoreC,Hour,UTC,Providing,Current,286750,286750,0.068963453173637,0,0
"2025-06-21 08:00:00","2025-06-21 09:00:00",Nederland,WindOffshoreC,Hour,UTC,Providing,Current,155250,155250,0.037337675690651,0,0
"2025-06-21 09:00:00","2025-06-21 10:00:00",Nederland,WindOffshoreC,Hour,UTC,Providing,Current,74250,74250,0.017857125028968,0,0
"2025-06-21 10:00:00","2025-06-21 11:00:00",Nederland,WindOffshoreC,Hour,UTC,Providing,Current,39500,39500,0.0094997771084309,0,0
"2025-06-21 11:00:00","2025-06-21 12:00:00",Nederland,WindOffshoreC,Hour,UTC,Providing,Current,24250,24250,0.0058321300894022,0,0
"2025-06-21 12:00:00","2025-06-21 13:00:00",Nederland,WindOffshoreC,Hour,UTC,Providing,Current,3249,3249,0.00078138627577573,0,0
"2025-06-21 13:00:00","2025-06-21 14:00:00",Nederland,WindOffshoreC,Hour,UTC,Providing,Current,3999,3999,0.00096175976796076,0,0
"2025-06-21 14:00:00","2025-06-21 15:00:00",Nederland,WindOffshoreC,Hour,UTC,Providing,Current,27250,27250,0.0065536298789084,0,0
"2025-06-21 15:00:00","2025-06-21 16:00:00",Nederland,WindOffshoreC,Hour,UTC,Providing,Current,25251,25251,0.0060728723183274,0,0
"2025-06-21 16:00:00","2025-06-21 17:00:00",Nederland,WindOffshoreC,Hour,UTC,Providing,Current,33500,33500,0.0080567598342896,0,0
"2025-06-21 17:00:00","2025-06-21 18:00:00",Nederland,WindOffshoreC,Hour,UTC,Providing,Current,41001,41001,0.0098607698455453,0,0
"2025-06-21 18:00:00","2025-06-21 19:00:00",Nederland,WindOffshoreC,Hour,UTC,Providing,Current,140250,140250,0.033730175346136,0,0
"2025-06-21 19:00:00","2025-06-21 20:00:00",Nederland,WindOffshoreC,Hour,UTC,Providing,Current,442750,442750,0.10648157447577,0,0
"2025-06-21 20:00:00","2025-06-21 21:00:00",Nederland,WindOffshoreC,Hour,UTC,Providing,Current,718750,718750,0.17285950481892,0,0
"2025-06-21 21:00:00","2025-06-21 22:00:00",Nederland,WindOffshoreC,Hour,UTC,Providing,Current,1050501,1050501,0.25264576077461,0,0
"2025-06-21 22:00:00","2025-06-21 23:00:00",Nederland,WindOffshoreC,Hour,UTC,Providing,Current,1528500,1528500,0.36760449409485,0,0
"2025-06-21 23:00:00","2025-06-22 00:00:00",Nederland,WindOffshoreC,Hour,UTC,Providing,Current,1797249,1797249,0.4322389960289,0,0
"2025-06-22 00:00:00","2025-06-22 01:00:00",Nederland,WindOffshoreC,Hour,UTC,Providing,Current,1948249,1948249,0.46855425834656,0,0
"2025-06-22 01:00:00","2025-06-22 02:00:00",Nederland,WindOffshoreC,Hour,UTC,Providing,Current,2245250,2245250,0.53998327255249,0,0
"2025-06-22 02:00:00","2025-06-22 03:00:00",Nederland,WindOffshoreC,Hour,UTC,Providing,Current,2645250,2645250,0.63618326187134,0,0
"2025-06-22 03:00:00","2025-06-22 04:00:00",Nederland,WindOffshoreC,Hour,UTC,Providing,Current,2900000,2900000,0.69745075702667,0,0
"2025-06-22 04:00:00","2025-06-22 05:00:00",Nederland,WindOffshoreC,Hour,UTC,Providing,Current,2972751,2972751,0.71494752168655,0,0
"2025-06-22 05:00:00","2025-06-22 06:00:00",Nederland,WindOffshoreC,Hour,UTC,Providing,Current,2196001,2196001,0.52813875675201,0,0
"2025-06-22 06:00:00","2025-06-22 07:00:00",Nederland,WindOffshoreC,Hour,UTC,Providing,Current,1549500,1549500,0.3726552426815,0,0
"2025-06-22 07:00:00","2025-06-22 08:00:00",Nederland,WindOffshoreC,Hour,UTC,Providing,Current,1323749,1323749,0.31836175918579,0,0
"2025-06-22 08:00:00","2025-06-22 09:00:00",Nederland,WindOffshoreC,Hour,UTC,Providing,Current,1082749,1082749,0.26040175557137,0,0
"2025-06-22 09:00:00","2025-06-22 10:00:00",Nederland,WindOffshoreC,Hour,UTC,Providing,Current,627251,627251,0.15085400640965,0,0
"2025-06-22 10:00:00","2025-06-22 11:00:00",Nederland,WindOffshoreC,Hour,UTC,Providing,Current,1157249,1157249,0.27831876277924,0,0
"2025-06-22 11:00:00","2025-06-22 12:00:00",Nederland,WindOffshoreC,Hour,UTC,Providing,Current,910500,910500,0.21897549927235,0,0
"2025-06-22 12:00:00","2025-06-22 13:00:00",Nederland,WindOffshoreC,Hour,UTC,Providing,Current,1034000,1034000,0.24867750704288,0,0
"2025-06-22 13:00:00","2025-06-22 14:00:00",Nederland,WindOffshoreC,Hour,UTC,Providing,Current,1087500,1087500,0.26154398918152,0,0
"2025-06-22 14:00:00","2025-06-22 15:00:00",Nederland,WindOffshoreC,Hour,UTC,Providing,Current,1188750,1188750,0.28589451313019,0,0
"2025-06-22 15:00:00","2025-06-22 16:00:00",Nederland,WindOffshoreC,Hour,UTC,Providing,Current,2579750,2579750,0.62043052911758,0,0
"2025-06-22 16:00:00","2025-06-22 17:00:00",Nederland,WindOffshoreC,Hour,UTC,Providing,Current,3811750,3811750,0.91672676801682,0,0
"2025-06-22 17:00:00","2025-06-22 18:00:00",Nederland,WindOffshoreC,Hour,UTC,Providing,Current,3848001,3848001,0.92544549703598,0,0
"2025-06-22 18:00:00","2025-06-22 19:00:00",Nederland,WindOffshoreC,Hour,UTC,Providing,Current,3959502,3959502,0.95226097106934,0,0
"2025-06-22 19:00:00","2025-06-22 20:00:00",Nederland,WindOffshoreC,Hour,UTC,Providing,Current,3971499,3971499,0.95514625310898,0,0
"2025-06-22 20:00:00","2025-06-22 21:00:00",Nederland,WindOffshoreC,Hour,UTC,Providing,Current,4120998,4120998,0.99109876155853,0,0
"2025-06-22 21:00:00","2025-06-22 22:00:00",Nederland,WindOffshoreC,Hour,UTC,Providing,Current,4175001,4175001,1.0040907859802,0,0
"2025-06-22 22:00:00","2025-06-22 23:00:00",Nederland,WindOffshoreC,Hour,UTC,Providing,Current,4173501,4173501,1.0037262439728,0,0
"2025-06-22 23:00:00","2025-06-23 00:00:00",Nederland,WindOffshoreC,Hour,UTC,Providing,Current,4099750,4099750,0.98599076271057,0,0
"2025-06-23 00:00:00","2025-06-23 01:00:00",Nederland,WindOffshoreC,Hour,UTC,Providing,Current,4153500,4153500,0.99891722202301,0,0
"2025-06-23 01:00:00","2025-06-23 02:00:00",Nederland,WindOffshoreC,Hour,UTC,Providing,Current,4064501,4064501,0.97751325368881,0,0
"2025-06-23 02:00:00","2025-06-23 03:00:00",Nederland,WindOffshoreC,Hour,UTC,Providing,Current,4057001,4057001,0.97570997476578,0,0
"2025-06-23 03:00:00","2025-06-23 04:00:00",Nederland,WindOffshoreC,Hour,UTC,Providing,Current,3737500,3737500,0.89886975288391,0,0
"2025-06-23 04:00:00","2025-06-23 05:00:00",Nederland,WindOffshoreC,Hour,UTC,Providing,Current,3441999,3441999,0.8278015255928,0,0
"2025-06-23 05:00:00","2025-06-23 06:00:00",Nederland,WindOffshoreC,Hour,UTC,Providing,Current,3461500,3461500,0.83249151706696,0,0
"2025-06-23 06:00:00","2025-06-23 07:00:00",Nederland,WindOffshoreC,Hour,UTC,Providing,Current,2901749,2901749,0.69787126779556,0,0
"2025-06-23 07:00:00","2025-06-23 08:00:00",Nederland,WindOffshoreC,Hour,UTC,Providing,Current,2978751,2978751,0.71639025211334,0,0
"2025-06-23 08:00:00","2025-06-23 09:00:00",Nederland,WindOffshoreC,Hour,UTC,Providing,Current,2310001,2310001,0.55555599927902,0,0
"2025-06-23 09:00:00","2025-06-23 10:00:00",Nederland,WindOffshoreC,Hour,UTC,Providing,Current,2451501,2451501,0.58958649635315,0,0
"2025-06-23 10:00:00","2025-06-23 11:00:00",Nederland,WindOffshoreC,Hour,UTC,Providing,Current,1692749,1692749,0.4071064889431,0,0
"2025-06-23 11:00:00","2025-06-23 12:00:00",Nederland,WindOffshoreC,Hour,UTC,Providing,Current,1581000,1581000,0.38023099303246,0,0
"2025-06-23 12:00:00","2025-06-23 13:00:00",Nederland,WindOffshoreC,Hour,UTC,Providing,Current,1417750,1417750,0.34096926450729,0,0
"2025-06-23 13:00:00","2025-06-23 14:00:00",Nederland,WindOffshoreC,Hour,UTC,Providing,Current,1203249,1203249,0.28938150405884,0,0
"2025-06-23 14:00:00","2025-06-23 15:00:00",Nederland,WindOffshoreC,Hour,UTC,Providing,Current,1244251,1244251,0.29924276471138,0,0
"2025-06-23 15:00:00","2025-06-23 16:00:00",Nederland,WindOffshoreC,Hour,UTC,Providing,Current,1410000,1410000,0.33910548686981,0,0
"2025-06-23 16:00:00","2025-06-23 17:00:00",Nederland,WindOffshoreC,Hour,UTC,Providing,Current,1918750,1918750,0.46145975589752,0,0
"2025-06-23 17:00:00","2025-06-23 18:00:00",Nederland,WindOffshoreC,Hour,UTC,Providing,Current,2051750,2051750,0.49344649910927,0,0
"2025-06-23 18:00:00","2025-06-23 19:00:00",Nederland,WindOffshoreC,Hour,UTC,Providing,Current,2215750,2215750,0.53288847208023,0,0
"2025-06-23 19:00:00","2025-06-23 20:00:00",Nederland,WindOffshoreC,Hour,UTC,Providing,Current,2326000,2326000,0.55940347909927,0,0
"2025-06-23 20:00:00","2025-06-23 21:00:00",Nederland,WindOffshoreC,Hour,UTC,Providing,Current,2145500,2145500,0.51599323749542,0,0
"2025-06-23 21:00:00","2025-06-23 22:00:00",Nederland,WindOffshoreC,Hour,UTC,Providing,Current,2014249,2014249,0.48442751169205,0,0
"2025-06-23 22:00:00","2025-06-23 23:00:00",Nederland,WindOffshoreC,Hour,UTC,Providing,Current,1903998,1903998,0.45791175961494,0,0
"2025-06-23 23:00:00","2025-06-24 00:00:00",Nederland,WindOffshoreC,Hour,UTC,Providing,Current,1760250,1760250,0.42334073781967,0,0
"2025-06-24 00:00:00","2025-06-24 01:00:00",Nederland,WindOffshoreC,Hour,UTC,Providing,Current,1830750,1830750,0.44029599428177,0,0
"2025-06-24 01:00:00","2025-06-24 02:00:00",Nederland,WindOffshoreC,Hour,UTC,Providing,Current,1764500,1764500,0.42436251044273,0,0
"2025-06-24 02:00:00","2025-06-24 03:00:00",Nederland,WindOffshoreC,Hour,UTC,Providing,Current,1753248,1753248,0.42165675759315,0,0
"2025-06-24 03:00:00","2025-06-24 04:00:00",Nederland,WindOffshoreC,Hour,UTC,Providing,Current,1922251,1922251,0.46230176091194,0,0
"2025-06-24 04:00:00","2025-06-24 05:00:00",Nederland,WindOffshoreC,Hour,UTC,Providing,Current,1971251,1971251,0.47408649325371,0,0
"2025-06-24 05:00:00","2025-06-24 06:00:00",Nederland,WindOffshoreC,Hour,UTC,Providing,Current,1956999,1956999,0.47065874934196,0,0
"2025-06-24 06:00:00","2025-06-24 07:00:00",Nederland,WindOffshoreC,Hour,UTC,Providing,Current,1780999,1780999,0.4283307492733,0,0
"2025-06-24 07:00:00","2025-06-24 08:00:00",Nederland,WindOffshoreC,Hour,UTC,Providing,Current,2138000,2138000,0.51418948173523,0,0
"2025-06-24 08:00:00","2025-06-24 09:00:00",Nederland,WindOffshoreC,Hour,UTC,Providing,Current,2432500,2432500,0.58501672744751,0,0
"2025-06-24 09:00:00","2025-06-24 10:00:00",Nederland,WindOffshoreC,Hour,UTC,Providing,Current,2605500,2605500,0.62662327289581,0,0
"2025-06-24 10:00:00","2025-06-24 11:00:00",Nederland,WindOffshoreC,Hour,UTC,Providing,Current,2926251,2926251,0.70376402139664,0,0
"2025-06-24 11:00:00","2025-06-24 12:00:00",Nederland,WindOffshoreC,Hour,UTC,Providing,Current,2506250,2506250,0.60275399684906,0,0
"2025-06-24 12:00:00","2025-06-24 13:00:00",Nederland,WindOffshoreC,Hour,UTC,Providing,Current,3026999,3026999,0.72799402475357,0,0
"2025-06-24 13:00:00","2025-06-24 14:00:00",Nederland,WindOffshoreC,Hour,UTC,Providing,Current,3150500,3150500,0.75769597291946,0,0
"2025-06-24 14:00:00","2025-06-24 15:00:00",Nederland,WindOffshoreC,Hour,UTC,Providing,Current,3270251,3270251,0.7864962220192,0,0
"2025-06-24 15:00:00","2025-06-24 16:00:00",Nederland,WindOffshoreC,Hour,UTC,Providing,Current,3253750,3253750,0.78252750635147,0,0
"2025-06-24 16:00:00","2025-06-24 17:00:00",Nederland,WindOffshoreC,Hour,UTC,Providing,Current,3035749,3035749,0.73009848594666,0,0
"2025-06-24 17:00:00","2025-06-24 18:00:00",Nederland,WindOffshoreC,Hour,UTC,Providing,Current,3403001,3403001,0.81842249631882,0,0
"2025-06-24 18:00:00","2025-06-24 19:00:00",Nederland,WindOffshoreC,Hour,UTC,Providing,Current,3583000,3583000,0.86171227693558,0,0
"2025-06-24 19:00:00","2025-06-24 20:00:00",Nederland,WindOffshoreC,Hour,UTC,Providing,Current,3571250,3571250,0.85888648033142,0,0
"2025-06-24 20:00:00","2025-06-24 21:00:00",Nederland,WindOffshoreC,Hour,UTC,Providing,Current,3385500,3385500,0.814213514328,0,0
"2025-06-24 21:00:00","2025-06-24 22:00:00",Nederland,WindOffshoreC,Hour,UTC,Providing,Current,3161251,3161251,0.76028174161911,0,0
"2025-06-24 22:00:00","2025-06-24 23:00:00",Nederland,WindOffshoreC,Hour,UTC,Providing,Current,2996250,2996250,0.720598757267,0,0
"2025-06-24 23:00:00","2025-06-25 00:00:00",Nederland,WindOffshoreC,Hour,UTC,Providing,Current,2769501,2769501,0.66606551408768,0,0
"2025-06-25 00:00:00","2025-06-25 01:00:00",Nederland,WindOffshoreC,Hour,UTC,Providing,Current,2624999,2624999,0.63131302595139,0,0
"2025-06-25 01:00:00","2025-06-25 02:00:00",Nederland,WindOffshoreC,Hour,UTC,Providing,Current,2296998,2296998,0.55242848396301,0,0
"2025-06-25 02:00:00","2025-06-25 03:00:00",Nederland,WindOffshoreC,Hour,UTC,Providing,Current,2155750,2155750,0.51845824718475,0,0
"2025-06-25 03:00:00","2025-06-25 04:00:00",Nederland,WindOffshoreC,Hour,UTC,Providing,Current,1765000,1765000,0.42448323965073,0,0
"2025-06-25 04:00:00","2025-06-25 05:00:00",Nederland,WindOffshoreC,Hour,UTC,Providing,Current,1433999,1433999,0.34487724304199,0,0
"2025-06-25 05:00:00","2025-06-25 06:00:00",Nederland,WindOffshoreC,Hour,UTC,Providing,Current,1223249,1223249,0.29419174790382,0,0
"2025-06-25 06:00:00","2025-06-25 07:00:00",Nederland,WindOffshoreC,Hour,UTC,Providing,Current,1042751,1042751,0.25078201293945,0,0
"2025-06-25 07:00:00","2025-06-25 08:00:00",Nederland,WindOffshoreC,Hour,UTC,Providing,Current,741750,741750,0.17839124798775,0,0
"2025-06-25 08:00:00","2025-06-25 09:00:00",Nederland,WindOffshoreC,Hour,UTC,Providing,Current,495251,495251,0.11910825222731,0,0
"2025-06-25 09:00:00","2025-06-25 10:00:00",Nederland,WindOffshoreC,Hour,UTC,Providing,Current,374501,374501,0.090067602694035,0,0
"2025-06-25 10:00:00","2025-06-25 11:00:00",Nederland,WindOffshoreC,Hour,UTC,Providing,Current,317250,317250,0.076298698782921,0,0
"2025-06-25 11:00:00","2025-06-25 12:00:00",Nederland,WindOffshoreC,Hour,UTC,Providing,Current,139501,139501,0.033550024032593,0,0
"2025-06-25 12:00:00","2025-06-25 13:00:00",Nederland,WindOffshoreC,Hour,UTC,Providing,Current,124000,124000,0.029821999371052,0,0
"2025-06-25 13:00:00","2025-06-25 14:00:00",Nederland,WindOffshoreC,Hour,UTC,Providing,Current,66000,66000,0.015873024240136,0,0
"2025-06-25 14:00:00","2025-06-25 15:00:00",Nederland,WindOffshoreC,Hour,UTC,Providing,Current,29000,29000,0.0069745075888932,0,0
"2025-06-25 15:00:00","2025-06-25 16:00:00",Nederland,WindOffshoreC,Hour,UTC,Providing,Current,24000,24000,0.0057720076292753,0,0
"2025-06-25 16:00:00","2025-06-25 17:00:00",Nederland,WindOffshoreC,Hour,UTC,Providing,Current,1251,1251,0.00030086573679,0,0
"2025-06-25 17:00:00","2025-06-25 18:00:00",Nederland,WindOffshoreC,Hour,UTC,Providing,Current,1000,1000,0.0002405002451269,0,0
"2025-06-25 18:00:00","2025-06-25 19:00:00",Nederland,WindOffshoreC,Hour,UTC,Providing,Current,500,500,0.000120250027976,0,0
"2025-06-25 19:00:00","2025-06-25 20:00:00",Nederland,WindOffshoreC,Hour,UTC,Providing,Current,8751,8751,0.0021046174224466,0,0
"2025-06-25 20:00:00","2025-06-25 21:00:00",Nederland,WindOffshoreC,Hour,UTC,Providing,Current,46000,46000,0.011063012294471,0,0
"2025-06-25 21:00:00","2025-06-25 22:00:00",Nederland,WindOffshoreC,Hour,UTC,Providing,Current,163999,163999,0.039441801607609,0,0
"2025-06-25 22:00:00","2025-06-25 23:00:00",Nederland,WindOffshoreC,Hour,UTC,Providing,Current,395251,395251,0.095057778060436,0,0
"2025-06-25 23:00:00","2025-06-26 00:00:00",Nederland,WindOffshoreC,Hour,UTC,Providing,Current,616750,616750,0.14832849800587,0,0
"2025-06-26 00:00:00","2025-06-26 01:00:00",Nederland,WindOffshoreC,Hour,UTC,Providing,Current,778250,778250,0.18716925382614,0,0
"2025-06-26 01:00:00","2025-06-26 02:00:00",Nederland,WindOffshoreC,Hour,UTC,Providing,Current,616251,616251,0.14820849895477,0,0
"2025-06-26 02:00:00","2025-06-26 03:00:00",Nederland,WindOffshoreC,Hour,UTC,Providing,Current,383749,383749,0.092291802167892,0,0
"2025-06-26 03:00:00","2025-06-26 04:00:00",Nederland,WindOffshoreC,Hour,UTC,Providing,Current,712500,712500,0.17135675251484,0,0
"2025-06-26 04:00:00","2025-06-26 05:00:00",Nederland,WindOffshoreC,Hour,UTC,Providing,Current,959250,959250,0.23069974780083,0,0
"2025-06-26 05:00:00","2025-06-26 06:00:00",Nederland,WindOffshoreC,Hour,UTC,Providing,Current,973751,973751,0.23418724536896,0,0
"2025-06-26 06:00:00","2025-06-26 07:00:00",Nederland,WindOffshoreC,Hour,UTC,Providing,Current,1328750,1328750,0.31956475973129,0,0
"2025-06-26 07:00:00","2025-06-26 08:00:00",Nederland,WindOffshoreC,Hour,UTC,Providing,Current,1408751,1408751,0.3388047516346,0,0
"2025-06-26 08:00:00","2025-06-26 09:00:00",Nederland,WindOffshoreC,Hour,UTC,Providing,Current,1708002,1708002,0.41077500581741,0,0
"2025-06-26 09:00:00","2025-06-26 10:00:00",Nederland,WindOffshoreC,Hour,UTC,Providing,Current,1971750,1971750,0.47420623898506,0,0
"2025-06-26 10:00:00","2025-06-26 11:00:00",Nederland,WindOffshoreC,Hour,UTC,Providing,Current,2232750,2232750,0.53697699308395,0,0
"2025-06-26 11:00:00","2025-06-26 12:00:00",Nederland,WindOffshoreC,Hour,UTC,Providing,Current,2147250,2147250,0.51641422510147,0,0
"2025-06-26 12:00:00","2025-06-26 13:00:00",Nederland,WindOffshoreC,Hour,UTC,Providing,Current,2457750,2457750,0.59108972549438,0,0
"2025-06-26 13:00:00","2025-06-26 14:00:00",Nederland,WindOffshoreC,Hour,UTC,Providing,Current,2211000,2211000,0.53174597024918,0,0
"2025-06-26 14:00:00","2025-06-26 15:00:00",Nederland,WindOffshoreC,Hour,UTC,Providing,Current,3335500,3335500,0.80218851566315,0,0
"2025-06-26 15:00:00","2025-06-26 16:00:00",Nederland,WindOffshoreC,Hour,UTC,Providing,Current,3358250,3358250,0.80765998363495,0,0
"2025-06-26 16:00:00","2025-06-26 17:00:00",Nederland,WindOffshoreC,Hour,UTC,Providing,Current,3463251,3463251,0.83291274309158,0,0
"2025-06-26 17:00:00","2025-06-26 18:00:00",Nederland,WindOffshoreC,Hour,UTC,Providing,Current,3462500,3462500,0.83273202180862,0,0
"2025-06-26 18:00:00","2025-06-26 19:00:00",Nederland,WindOffshoreC,Hour,UTC,Providing,Current,3549249,3549249,0.853595495224,0,0
"2025-06-26 19:00:00","2025-06-26 20:00:00",Nederland,WindOffshoreC,Hour,UTC,Providing,Current,3214750,3214750,0.77314800024033,0,0
"2025-06-26 20:00:00","2025-06-26 21:00:00",Nederland,WindOffshoreC,Hour,UTC,Providing,Current,1964501,1964501,0.47246301174164,0,0
"2025-06-26 21:00:00","2025-06-26 22:00:00",Nederland,WindOffshoreC,Hour,UTC,Providing,Current,1451999,1451999,0.34920623898506,0,0
"2025-06-26 22:00:00","2025-06-26 23:00:00",Nederland,WindOffshoreC,Hour,UTC,Providing,Current,1285001,1285001,0.30904299020767,0,0
"2025-06-26 23:00:00","2025-06-27 00:00:00",Nederland,WindOffshoreC,Hour,UTC,Providing,Current,1033251,1033251,0.24849724769592,0,0
"2025-06-27 00:00:00","2025-06-27 01:00:00",Nederland,WindOffshoreC,Hour,UTC,Providing,Current,826000,826000,0.19865299761295,0,0
"2025-06-27 01:00:00","2025-06-27 02:00:00",Nederland,WindOffshoreC,Hour,UTC,Providing,Current,844999,844999,0.20322249829769,0,0
"2025-06-27 02:00:00","2025-06-27 03:00:00",Nederland,WindOffshoreC,Hour,UTC,Providing,Current,1080000,1080000,0.25973999500275,0,0
"2025-06-27 03:00:00","2025-06-27 04:00:00",Nederland,WindOffshoreC,Hour,UTC,Providing,Current,1036749,1036749,0.24933849275112,0,0
"2025-06-27 04:00:00","2025-06-27 05:00:00",Nederland,WindOffshoreC,Hour,UTC,Providing,Current,693500,693500,0.16678699851036,0,0
"2025-06-27 05:00:00","2025-06-27 06:00:00",Nederland,WindOffshoreC,Hour,UTC,Providing,Current,351750,351750,0.066498346626759,0,0
"2025-06-27 06:00:00","2025-06-27 07:00:00",Nederland,WindOffshoreC,Hour,UTC,Providing,Current,421500,421500,0.10137092322111,0,0
"2025-06-27 07:00:00","2025-06-27 08:00:00",Nederland,WindOffshoreC,Hour,UTC,Providing,Current,492750,492750,0.11850675195456,0,0
"2025-06-27 08:00:00","2025-06-27 09:00:00",Nederland,WindOffshoreC,Hour,UTC,Providing,Current,632500,632500,0.15211625397205,0,0
"2025-06-27 09:00:00","2025-06-27 10:00:00",Nederland,WindOffshoreC,Hour,UTC,Providing,Current,838250,838250,0.20159900188446,0,0
"2025-06-27 10:00:00","2025-06-27 11:00:00",Nederland,WindOffshoreC,Hour,UTC,Providing,Current,1186999,1186999,0.28547349572182,0,0
"2025-06-27 11:00:00","2025-06-27 12:00:00",Nederland,WindOffshoreC,Hour,UTC,Providing,Current,1372500,1372500,0.33008649945259,0,0
"2025-06-27 12:00:00","2025-06-27 13:00:00",Nederland,WindOffshoreC,Hour,UTC,Providing,Current,1231000,1231000,0.29605576395988,0,0
"2025-06-27 13:00:00","2025-06-27 14:00:00",Nederland,WindOffshoreC,Hour,UTC,Providing,Current,1058500,1058500,0.25456950068474,0,0
"2025-06-27 14:00:00","2025-06-27 15:00:00",Nederland,WindOffshoreC,Hour,UTC,Providing,Current,1486750,1486750,0.35756376385689,0,0
"2025-06-27 15:00:00","2025-06-27 16:00:00",Nederland,WindOffshoreC,Hour,UTC,Providing,Current,1857250,1857250,0.44666901230812,0,0
"2025-06-27 16:00:00","2025-06-27 17:00:00",Nederland,WindOffshoreC,Hour,UTC,Providing,Current,2577250,2577250,0.61982947587967,0,0
"2025-06-27 17:00:00","2025-06-27 18:00:00",Nederland,WindOffshoreC,Hour,UTC,Providing,Current,3000000,3000000,0.72150051593781,0,0
"2025-06-27 18:00:00","2025-06-27 19:00:00",Nederland,WindOffshoreC,Hour,UTC,Providing,Current,3316750,3316750,0.79767948389053,0,0
"2025-06-27 19:00:00","2025-06-27 20:00:00",Nederland,WindOffshoreC,Hour,UTC,Providing,Current,3436499,3436499,0.82647877931595,0,0
"2025-06-27 20:00:00","2025-06-27 21:00:00",Nederland,WindOffshoreC,Hour,UTC,Providing,Current,3435750,3435750,0.82629877328873,0,0
"2025-06-27 21:00:00","2025-06-27 22:00:00",Nederland,WindOffshoreC,Hour,UTC,Providing,Current,3536750,3536750,0.85058927536011,0,0
"2025-06-27 22:00:00","2025-06-27 23:00:00",Nederland,WindOffshoreC,Hour,UTC,Providing,Current,3526000,3526000,0.84800398349762,0,0
"2025-06-27 23:00:00","2025-06-28 00:00:00",Nederland,WindOffshoreC,Hour,UTC,Providing,Current,3576001,3576001,0.86002898216248,0,0
"2025-06-28 00:00:00","2025-06-28 01:00:00",Nederland,WindOffshoreC,Hour,UTC,Providing,Current,3676750,3676750,0.88425922393799,0,0
"2025-06-28 01:00:00","2025-06-28 02:00:00",Nederland,WindOffshoreC,Hour,UTC,Providing,Current,3532000,3532000,0.84944677352905,0,0
"2025-06-28 02:00:00","2025-06-28 03:00:00",Nederland,WindOffshoreC,Hour,UTC,Providing,Current,3225000,3225000,0.77561348676682,0,0
"2025-06-28 03:00:00","2025-06-28 04:00:00",Nederland,WindOffshoreC,Hour,UTC,Providing,Current,2866250,2866250,0.68933373689651,0,0
"2025-06-28 04:00:00","2025-06-28 05:00:00",Nederland,WindOffshoreC,Hour,UTC,Providing,Current,2521250,2521250,0.60636126995087,0,0
"2025-06-28 05:00:00","2025-06-28 06:00:00",Nederland,WindOffshoreC,Hour,UTC,Providing,Current,2491000,2491000,0.59908598661423,0,0
"2025-06-28 06:00:00","2025-06-28 07:00:00",Nederland,WindOffshoreC,Hour,UTC,Providing,Current,2215251,2215251,0.53276824951172,0,0
"2025-06-28 07:00:00","2025-06-28 08:00:00",Nederland,WindOffshoreC,Hour,UTC,Providing,Current,1867499,1867499,0.44913399219513,0,0
"2025-06-28 08:00:00","2025-06-28 09:00:00",Nederland,WindOffshoreC,Hour,UTC,Providing,Current,1783501,1783501,0.42893224954605,0,0
"2025-06-28 09:00:00","2025-06-28 10:00:00",Nederland,WindOffshoreC,Hour,UTC,Providing,Current,2056000,2056000,0.49446851015091,0,0
"2025-06-28 10:00:00","2025-06-28 11:00:00",Nederland,WindOffshoreC,Hour,UTC,Providing,Current,2202500,2202500,0.52970176935196,0,0
"2025-06-28 11:00:00","2025-06-28 12:00:00",Nederland,WindOffshoreC,Hour,UTC,Providing,Current,1563499,1563499,0.37602201104164,0,0
"2025-06-28 12:00:00","2025-06-28 13:00:00",Nederland,WindOffshoreC,Hour,UTC,Providing,Current,1377750,1377750,0.33134925365448,0,0
"2025-06-28 13:00:00","2025-06-28 14:00:00",Nederland,WindOffshoreC,Hour,UTC,Providing,Current,2108500,2108500,0.50709450244904,0,0
"2025-06-28 14:00:00","2025-06-28 15:00:00",Nederland,WindOffshoreC,Hour,UTC,Providing,Current,2202501,2202501,0.52970200777054,0,0
"2025-06-28 15:00:00","2025-06-28 16:00:00",Nederland,WindOffshoreC,Hour,UTC,Providing,Current,2236251,2236251,0.53781872987747,0,0
"2025-06-28 16:00:00","2025-06-28 17:00:00",Nederland,WindOffshoreC,Hour,UTC,Providing,Current,3048750,3048750,0.73322522640228,0,0
"2025-06-28 17:00:00","2025-06-28 18:00:00",Nederland,WindOffshoreC,Hour,UTC,Providing,Current,3393000,3393000,0.81601750850677,0,0
"2025-06-28 18:00:00","2025-06-28 19:00:00",Nederland,WindOffshoreC,Hour,UTC,Providing,Current,3453501,3453501,0.83056777715683,0,0
"2025-06-28 19:00:00","2025-06-28 20:00:00",Nederland,WindOffshoreC,Hour,UTC,Providing,Current,3346750,3346750,0.80489426851273,0,0
"2025-06-28 20:00:00","2025-06-28 21:00:00",Nederland,WindOffshoreC,Hour,UTC,Providing,Current,3366500,3366500,0.80964398384094,0,0
"2025-06-28 21:00:00","2025-06-28 22:00:00",Nederland,WindOffshoreC,Hour,UTC,Providing,Current,3446500,3446500,0.82888400554657,0,0
"2025-06-28 22:00:00","2025-06-28 23:00:00",Nederland,WindOffshoreC,Hour,UTC,Providing,Current,3102501,3102501,0.74615252017975,0,0
"2025-06-28 23:00:00","2025-06-29 00:00:00",Nederland,WindOffshoreC,Hour,UTC,Providing,Current,2590500,2590500,0.62301576137543,0,0
"2025-06-29 00:00:00","2025-06-29 01:00:00",Nederland,WindOffshoreC,Hour,UTC,Providing,Current,2105251,2105251,0.50631326436996,0,0
"2025-06-29 01:00:00","2025-06-29 02:00:00",Nederland,WindOffshoreC,Hour,UTC,Providing,Current,1597500,1597500,0.38419899344444,0,0
"2025-06-29 02:00:00","2025-06-29 03:00:00",Nederland,WindOffshoreC,Hour,UTC,Providing,Current,1295250,1295250,0.311507999897,0,0
"2025-06-29 03:00:00","2025-06-29 04:00:00",Nederland,WindOffshoreC,Hour,UTC,Providing,Current,1193499,1193499,0.28703698515892,0,0
"2025-06-29 04:00:00","2025-06-29 05:00:00",Nederland,WindOffshoreC,Hour,UTC,Providing,Current,1166000,1166000,0.28042349219322,0,0
"2025-06-29 05:00:00","2025-06-29 06:00:00",Nederland,WindOffshoreC,Hour,UTC,Providing,Current,894751,894751,0.21518774330616,0,0
"2025-06-29 06:00:00","2025-06-29 07:00:00",Nederland,WindOffshoreC,Hour,UTC,Providing,Current,481750,481750,0.11586092412472,0,0
"2025-06-29 07:00:00","2025-06-29 08:00:00",Nederland,WindOffshoreC,Hour,UTC,Providing,Current,264499,264499,0.063612073659897,0,0
"2025-06-29 08:00:00","2025-06-29 09:00:00",Nederland,WindOffshoreC,Hour,UTC,Providing,Current,134000,134000,0.032227050513029,0,0
"2025-06-29 09:00:00","2025-06-29 10:00:00",Nederland,WindOffshoreC,Hour,UTC,Providing,Current,145750,145750,0.03505289927125,0,0
"2025-06-29 10:00:00","2025-06-29 11:00:00",Nederland,WindOffshoreC,Hour,UTC,Providing,Current,49000,49000,0.011784512549639,0,0
"2025-06-29 11:00:00","2025-06-29 12:00:00",Nederland,WindOffshoreC,Hour,UTC,Providing,Current,99750,99750,0.023989899083972,0,0
"2025-06-29 12:00:00","2025-06-29 13:00:00",Nederland,WindOffshoreC,Hour,UTC,Providing,Current,93500,93500,0.022486800327897,0,0
"2025-06-29 13:00:00","2025-06-29 14:00:00",Nederland,WindOffshoreC,Hour,UTC,Providing,Current,89500,89500,0.021524799987674,0,0
"2025-06-29 14:00:00","2025-06-29 15:00:00",Nederland,WindOffshoreC,Hour,UTC,Providing,Current,119001,119001,0.028619749471545,0,0
"2025-06-29 15:00:00","2025-06-29 16:00:00",Nederland,WindOffshoreC,Hour,UTC,Providing,Current,113250,113250,0.027236675843596,0,0
"2025-06-29 16:00:00","2025-06-29 17:00:00",Nederland,WindOffshoreC,Hour,UTC,Providing,Current,103250,103250,0.024831650778651,0,0
"2025-06-29 17:00:00","2025-06-29 18:00:00",Nederland,WindOffshoreC,Hour,UTC,Providing,Current,97500,97500,0.023448774591088,0,0
"2025-06-29 18:00:00","2025-06-29 19:00:00",Nederland,WindOffshoreC,Hour,UTC,Providing,Current,177000,177000,0.042568549513817,0,0
"2025-06-29 19:00:00","2025-06-29 20:00:00",Nederland,WindOffshoreC,Hour,UTC,Providing,Current,216750,216750,0.052128426730633,0,0
"2025-06-29 20:00:00","2025-06-29 21:00:00",Nederland,WindOffshoreC,Hour,UTC,Providing,Current,252000,252000,0.060606073588133,0,0
"2025-06-29 21:00:00","2025-06-29 22:00:00",Nederland,WindOffshoreC,Hour,UTC,Providing,Current,324499,324499,0.078042075037956,0,0
"2025-06-29 22:00:00","2025-06-29 23:00:00",Nederland,WindOffshoreC,Hour,UTC,Providing,Current,299749,299749,0.072089701890945,0,0
"2025-06-29 23:00:00","2025-06-30 00:00:00",Nederland,WindOffshoreC,Hour,UTC,Providing,Current,317500,317500,0.076358824968338,0,0
"2025-06-30 00:00:00","2025-06-30 01:00:00",Nederland,WindOffshoreC,Hour,UTC,Providing,Current,293000,293000,0.070466548204422,0,0
"2025-06-30 01:00:00","2025-06-30 02:00:00",Nederland,WindOffshoreC,Hour,UTC,Providing,Current,208501,208501,0.050144549459219,0,0
"2025-06-30 02:00:00","2025-06-30 03:00:00",Nederland,WindOffshoreC,Hour,UTC,Providing,Current,169250,169250,0.040704626590014,0,0
"2025-06-30 03:00:00","2025-06-30 04:00:00",Nederland,WindOffshoreC,Hour,UTC,Providing,Current,222500,222500,0.053511325269938,0,0
"2025-06-30 04:00:00","2025-06-30 05:00:00",Nederland,WindOffshoreC,Hour,UTC,Providing,Current,287749,287749,0.069203726947308,0,0
"2025-06-30 05:00:00","2025-06-30 06:00:00",Nederland,WindOffshoreC,Hour,UTC,Providing,Current,248750,248750,0.059824451804161,0,0
"2025-06-30 06:00:00","2025-06-30 07:00:00",Nederland,WindOffshoreC,Hour,UTC,Providing,Current,240249,240249,0.057779926806688,0,0
"2025-06-30 07:00:00","2025-06-30 08:00:00",Nederland,WindOffshoreC,Hour,UTC,Providing,Current,224500,224500,0.053992301225662,0,0
"2025-06-30 08:00:00","2025-06-30 09:00:00",Nederland,WindOffshoreC,Hour,UTC,Providing,Current,234250,234250,0.05633720010519,0,0
"2025-06-30 09:00:00","2025-06-30 10:00:00",Nederland,WindOffshoreC,Hour,UTC,Providing,Current,280500,280500,0.067460298538208,0,0
"2025-06-30 10:00:00","2025-06-30 11:00:00",Nederland,WindOffshoreC,Hour,UTC,Providing,Current,206750,206750,0.049723450094461,0,0
"2025-06-30 11:00:00","2025-06-30 12:00:00",Nederland,WindOffshoreC,Hour,UTC,Providing,Current,179500,179500,0.043169774115086,0,0
"2025-06-30 12:00:00","2025-06-30 13:00:00",Nederland,WindOffshoreC,Hour,UTC,Providing,Current,207750,207750,0.049963925033808,0,0
"2025-06-30 13:00:00","2025-06-30 14:00:00",Nederland,WindOffshoreC,Hour,UTC,Providing,Current,189250,189250,0.045514676719904,0,0
"2025-06-30 14:00:00","2025-06-30 15:00:00",Nederland,WindOffshoreC,Hour,UTC,Providing,Current,188249,188249,0.045273900032043,0,0
"2025-06-30 15:00:00","2025-06-30 16:00:00",Nederland,WindOffshoreC,Hour,UTC,Providing,Current,203250,203250,0.04888167604804,0,0
"2025-06-30 16:00:00","2025-06-30 17:00:00",Nederland,WindOffshoreC,Hour,UTC,Providing,Current,291000,291000,0.069985575973988,0,0
"2025-06-30 17:00:00","2025-06-30 18:00:00",Nederland,WindOffshoreC,Hour,UTC,Providing,Current,326500,326500,0.078523300588131,0,0
"2025-06-30 18:00:00","2025-06-30 19:00:00",Nederland,WindOffshoreC,Hour,UTC,Providing,Current,478251,478251,0.11501950025558,0,0
"2025-06-30 19:00:00","2025-06-30 20:00:00",Nederland,WindOffshoreC,Hour,UTC,Providing,Current,782250,782250,0.18813124299049,0,0
"2025-06-30 20:00:00","2025-06-30 21:00:00",Nederland,WindOffshoreC,Hour,UTC,Providing,Current,1053251,1053251,0.25330725312233,0,0
"2025-06-30 21:00:00","2025-06-30 22:00:00",Nederland,WindOffshoreC,Hour,UTC,Providing,Current,1270251,1270251,0.30549600720406,0,0
"2025-06-30 22:00:00","2025-06-30 23:00:00",Nederland,WindOffshoreC,Hour,UTC,Providing,Current,1626249,1626249,0.39111325144768,0,0
"2025-06-30 23:00:00","2025-07-01 00:00:00",Nederland,WindOffshoreC,Hour,UTC,Providing,Current,1883000,1883000,0.45286175608635,0,0
"2025-07-01 00:00:00","2025-07-01 01:00:00",Nederland,WindOffshoreC,Hour,UTC,Providing,Current,1951750,1951750,0.46939650177956,0,0
"2025-07-01 01:00:00","2025-07-01 02:00:00",Nederland,WindOffshoreC,Hour,UTC,Providing,Current,1953000,1953000,0.46969676017761,0,0
"2025-07-01 02:00:00","2025-07-01 03:00:00",Nederland,WindOffshoreC,Hour,UTC,Providing,Current,1706751,1706751,0.4104740023613,0,0
"2025-07-01 03:00:00","2025-07-01 04:00:00",Nederland,WindOffshoreC,Hour,UTC,Providing,Current,1288248,1288248,0.30982425808907,0,0
"2025-07-01 04:00:00","2025-07-01 05:00:00",Nederland,WindOffshoreC,Hour,UTC,Providing,Current,851000,851000,0.20466575026512,0,0
"2025-07-01 05:00:00","2025-07-01 06:00:00",Nederland,WindOffshoreC,Hour,UTC,Providing,Current,616750,616750,0.14832849800587,0,0
"2025-07-01 06:00:00","2025-07-01 07:00:00",Nederland,WindOffshoreC,Hour,UTC,Providing,Current,427500,427500,0.10281377285719,0,0
"2025-07-01 07:00:00","2025-07-01 08:00:00",Nederland,WindOffshoreC,Hour,UTC,Providing,Current,196000,196000,0.047138050198555,0,0
"2025-07-01 08:00:00","2025-07-01 09:00:00",Nederland,WindOffshoreC,Hour,UTC,Providing,Current,53500,53500,0.012866765260696,0,0
"2025-07-01 09:00:00","2025-07-01 10:00:00",Nederland,WindOffshoreC,Hour,UTC,Providing,Current,19002,19002,0.004569984972477,0,0
"2025-07-01 10:00:00","2025-07-01 11:00:00",Nederland,WindOffshoreC,Hour,UTC,Providing,Current,9500,9500,0.0022847501095384,0,0
"2025-07-01 11:00:00","2025-07-01 12:00:00",Nederland,WindOffshoreC,Hour,UTC,Providing,Current,22249,22249,0.0053508901037276,0,0
"2025-07-01 12:00:00","2025-07-01 13:00:00",Nederland,WindOffshoreC,Hour,UTC,Providing,Current,44500,44500,0.010702262632549,0,0
"2025-07-01 13:00:00","2025-07-01 14:00:00",Nederland,WindOffshoreC,Hour,UTC,Providing,Current,77249,77249,0.018578425049782,0,0
"2025-07-01 14:00:00","2025-07-01 15:00:00",Nederland,WindOffshoreC,Hour,UTC,Providing,Current,181250,181250,0.043590676039457,0,0
"2025-07-01 15:00:00","2025-07-01 16:00:00",Nederland,WindOffshoreC,Hour,UTC,Providing,Current,248999,248999,0.059884324669838,0,0
"2025-07-01 16:00:00","2025-07-01 17:00:00",Nederland,WindOffshoreC,Hour,UTC,Providing,Current,335250,335250,0.080627672374249,0,0
"2025-07-01 17:00:00","2025-07-01 18:00:00",Nederland,WindOffshoreC,Hour,UTC,Providing,Current,513250,513250,0.12343662232161,0,0
"2025-07-01 18:00:00","2025-07-01 19:00:00",Nederland,WindOffshoreC,Hour,UTC,Providing,Current,875250,875250,0.21049800515175,0,0
"2025-07-01 19:00:00","2025-07-01 20:00:00",Nederland,WindOffshoreC,Hour,UTC,Providing,Current,1422000,1422000,0.34199151396751,0,0
"2025-07-01 20:00:00","2025-07-01 21:00:00",Nederland,WindOffshoreC,Hour,UTC,Providing,Current,1288749,1288749,0.3099445104599,0,0
"2025-07-01 21:00:00","2025-07-01 22:00:00",Nederland,WindOffshoreC,Hour,UTC,Providing,Current,713750,713750,0.17165724933147,0,0
"2025-07-01 22:00:00","2025-07-01 23:00:00",Nederland,WindOffshoreC,Hour,UTC,Providing,Current,352751,352751,0.084836699068546,0,0
"2025-07-01 23:00:00","2025-07-02 00:00:00",Nederland,WindOffshoreC,Hour,UTC,Providing,Current,238750,238750,0.057419426739216,0,0
"2025-07-02 00:00:00","2025-07-02 01:00:00",Nederland,WindOffshoreC,Hour,UTC,Providing,Current,88250,88250,0.021224150434136,0,0
"2025-07-02 01:00:00","2025-07-02 02:00:00",Nederland,WindOffshoreC,Hour,UTC,Providing,Current,148000,148000,0.035594049841166,0,0
"2025-07-02 02:00:00","2025-07-02 03:00:00",Nederland,WindOffshoreC,Hour,UTC,Providing,Current,292499,292499,0.07034607231617,0,0
"2025-07-02 03:00:00","2025-07-02 04:00:00",Nederland,WindOffshoreC,Hour,UTC,Providing,Current,244250,244250,0.058742199093103,0,0
"2025-07-02 04:00:00","2025-07-02 05:00:00",Nederland,WindOffshoreC,Hour,UTC,Providing,Current,154250,154250,0.03709714859724,0,0
"2025-07-02 05:00:00","2025-07-02 06:00:00",Nederland,WindOffshoreC,Hour,UTC,Providing,Current,52499,52499,0.012626027688384,0,0
"2025-07-02 06:00:00","2025-07-02 07:00:00",Nederland,WindOffshoreC,Hour,UTC,Providing,Current,47250,47250,0.011363649740815,0,0
"2025-07-02 07:00:00","2025-07-02 08:00:00",Nederland,WindOffshoreC,Hour,UTC,Providing,Current,94750,94750,0.022787403315306,0,0
"2025-07-02 08:00:00","2025-07-02 09:00:00",Nederland,WindOffshoreC,Hour,UTC,Providing,Current,110001,110001,0.026455275714397,0,0
"2025-07-02 09:00:00","2025-07-02 10:00:00",Nederland,WindOffshoreC,Hour,UTC,Providing,Current,77251,77251,0.018578875809908,0,0
"2025-07-02 10:00:00","2025-07-02 11:00:00",Nederland,WindOffshoreC,Hour,UTC,Providing,Current,121500,121500,0.029220789670944,0,0
"2025-07-02 11:00:00","2025-07-02 12:00:00",Nederland,WindOffshoreC,Hour,UTC,Providing,Current,736499,736499,0.17712849378586,0,0
"2025-07-02 12:00:00","2025-07-02 13:00:00",Nederland,WindOffshoreC,Hour,UTC,Providing,Current,464000,464000,0.11159202456474,0,0
"2025-07-02 13:00:00","2025-07-02 14:00:00",Nederland,WindOffshoreC,Hour,UTC,Providing,Current,446500,446500,0.10738332569599,0,0
"2025-07-02 14:00:00","2025-07-02 15:00:00",Nederland,WindOffshoreC,Hour,UTC,Providing,Current,469750,469750,0.11297492682934,0,0
"2025-07-02 15:00:00","2025-07-02 16:00:00",Nederland,WindOffshoreC,Hour,UTC,Providing,Current,1408001,1408001,0.3386245071888,0,0
"2025-07-02 16:00:00","2025-07-02 17:00:00",Nederland,WindOffshoreC,Hour,UTC,Providing,Current,1749000,1749000,0.42063501477242,0,0
"2025-07-02 17:00:00","2025-07-02 18:00:00",Nederland,WindOffshoreC,Hour,UTC,Providing,Current,2232251,2232251,0.53685677051544,0,0
"2025-07-02 18:00:00","2025-07-02 19:00:00",Nederland,WindOffshoreC,Hour,UTC,Providing,Current,2404251,2404251,0.57822275161743,0,0
"2025-07-02 19:00:00","2025-07-02 20:00:00",Nederland,WindOffshoreC,Hour,UTC,Providing,Current,1904500,1904500,0.45803248882294,0,0
"2025-07-02 20:00:00","2025-07-02 21:00:00",Nederland,WindOffshoreC,Hour,UTC,Providing,Current,1490500,1490500,0.35846576094627,0,0
"2025-07-02 21:00:00","2025-07-02 22:00:00",Nederland,WindOffshoreC,Hour,UTC,Providing,Current,1692249,1692249,0.40698599815369,0,0
"2025-07-02 22:00:00","2025-07-02 23:00:00",Nederland,WindOffshoreC,Hour,UTC,Providing,Current,2425499,2425499,0.58333325386047,0,0
"2025-07-02 23:00:00","2025-07-03 00:00:00",Nederland,WindOffshoreC,Hour,UTC,Providing,Current,2795750,2795750,0.67237877845764,0,0
"2025-07-03 00:00:00","2025-07-03 01:00:00",Nederland,WindOffshoreC,Hour,UTC,Providing,Current,2804001,2804001,0.67436301708221,0,0
"2025-07-03 01:00:00","2025-07-03 02:00:00",Nederland,WindOffshoreC,Hour,UTC,Providing,Current,3087000,3087000,0.74242424964905,0,0
"2025-07-03 02:00:00","2025-07-03 03:00:00",Nederland,WindOffshoreC,Hour,UTC,Providing,Current,3021250,3021250,0.72661149501801,0,0
"2025-07-03 03:00:00","2025-07-03 04:00:00",Nederland,WindOffshoreC,Hour,UTC,Providing,Current,2955750,2955750,0.71085876226425,0,0
"2025-07-03 04:00:00","2025-07-03 05:00:00",Nederland,WindOffshoreC,Hour,UTC,Providing,Current,2813000,2813000,0.67652702331543,0,0
"2025-07-03 05:00:00","2025-07-03 06:00:00",Nederland,WindOffshoreC,Hour,UTC,Providing,Current,2442000,2442000,0.58730202913284,0,0
"2025-07-03 06:00:00","2025-07-03 07:00:00",Nederland,WindOffshoreC,Hour,UTC,Providing,Current,1781000,1781000,0.42833098769188,0,0
"2025-07-03 07:00:00","2025-07-03 08:00:00",Nederland,WindOffshoreC,Hour,UTC,Providing,Current,1081251,1081251,0.26004123687744,0,0
"2025-07-03 08:00:00","2025-07-03 09:00:00",Nederland,WindOffshoreC,Hour,UTC,Providing,Current,651251,651251,0.1566260010004,0,0
"2025-07-03 09:00:00","2025-07-03 10:00:00",Nederland,WindOffshoreC,Hour,UTC,Providing,Current,553500,553500,0.133117005229,0,0
"2025-07-03 10:00:00","2025-07-03 11:00:00",Nederland,WindOffshoreC,Hour,UTC,Providing,Current,313751,313751,0.075457200407982,0,0
"2025-07-03 11:00:00","2025-07-03 12:00:00",Nederland,WindOffshoreC,Hour,UTC,Providing,Current,313250,313250,0.075336702167988,0,0
"2025-07-03 12:00:00","2025-07-03 13:00:00",Nederland,WindOffshoreC,Hour,UTC,Providing,Current,136750,136750,0.032888423651457,0,0
"2025-07-03 13:00:00","2025-07-03 14:00:00",Nederland,WindOffshoreC,Hour,UTC,Providing,Current,122748,122748,0.02952092513442,0,0
"2025-07-03 14:00:00","2025-07-03 15:00:00",Nederland,WindOffshoreC,Hour,UTC,Providing,Current,118499,118499,0.028499050065875,0,0
"2025-07-03 15:00:00","2025-07-03 16:00:00",Nederland,WindOffshoreC,Hour,UTC,Providing,Current,120501,120501,0.028980499133468,0,0
"2025-07-03 16:00:00","2025-07-03 17:00:00",Nederland,WindOffshoreC,Hour,UTC,Providing,Current,107499,107499,0.025853550061584,0,0
"2025-07-03 17:00:00","2025-07-03 18:00:00",Nederland,WindOffshoreC,Hour,UTC,Providing,Current,68750,68750,0.016534375026822,0,0
"2025-07-03 18:00:00","2025-07-03 19:00:00",Nederland,WindOffshoreC,Hour,UTC,Providing,Current,47000,47000,0.011303525418043,0,0
"2025-07-03 19:00:00","2025-07-03 20:00:00",Nederland,WindOffshoreC,Hour,UTC,Providing,Current,56750,56750,0.013648425228894,0,0
"2025-07-03 20:00:00","2025-07-03 21:00:00",Nederland,WindOffshoreC,Hour,UTC,Providing,Current,37250,37250,0.0089586321264505,0,0
"2025-07-03 21:00:00","2025-07-03 22:00:00",Nederland,WindOffshoreC,Hour,UTC,Providing,Current,54501,54501,0.013107500039041,0,0
"2025-07-03 22:00:00","2025-07-03 23:00:00",Nederland,WindOffshoreC,Hour,UTC,Providing,Current,79000,79000,0.018999500200152,0,0
"2025-07-03 23:00:00","2025-07-04 00:00:00",Nederland,WindOffshoreC,Hour,UTC,Providing,Current,132750,132750,0.03192637488246,0,0
"2025-07-04 00:00:00","2025-07-04 01:00:00",Nederland,WindOffshoreC,Hour,UTC,Providing,Current,261501,261501,0.062891021370888,0,0
"2025-07-04 01:00:00","2025-07-04 02:00:00",Nederland,WindOffshoreC,Hour,UTC,Providing,Current,374500,374500,0.090067327022552,0,0
"2025-07-04 02:00:00","2025-07-04 03:00:00",Nederland,WindOffshoreC,Hour,UTC,Providing,Current,456500,456500,0.10978822410107,0,0
"2025-07-04 03:00:00","2025-07-04 04:00:00",Nederland,WindOffshoreC,Hour,UTC,Providing,Current,609999,609999,0.1467047482729,0,0
"2025-07-04 04:00:00","2025-07-04 05:00:00",Nederland,WindOffshoreC,Hour,UTC,Providing,Current,853500,853500,0.20526674389839,0,0
"2025-07-04 05:00:00","2025-07-04 06:00:00",Nederland,WindOffshoreC,Hour,UTC,Providing,Current,1167750,1167750,0.28084424138069,0,0
"2025-07-04 06:00:00","2025-07-04 07:00:00",Nederland,WindOffshoreC,Hour,UTC,Providing,Current,1313500,1313500,0.31589725613594,0,0
"2025-07-04 07:00:00","2025-07-04 08:00:00",Nederland,WindOffshoreC,Hour,UTC,Providing,Current,1145000,1145000,0.27537274360657,0,0
"2025-07-04 08:00:00","2025-07-04 09:00:00",Nederland,WindOffshoreC,Hour,UTC,Providing,Current,693499,693499,0.16678650677204,0,0
"2025-07-04 09:00:00","2025-07-04 10:00:00",Nederland,WindOffshoreC,Hour,UTC,Providing,Current,329000,329000,0.079124599695206,0,0
"2025-07-04 10:00:00","2025-07-04 11:00:00",Nederland,WindOffshoreC,Hour,UTC,Providing,Current,184500,184500,0.044372301548719,0,0
"2025-07-04 11:00:00","2025-07-04 12:00:00",Nederland,WindOffshoreC,Hour,UTC,Providing,Current,191500,191500,0.046055801212788,0,0
"2025-07-04 12:00:00","2025-07-04 13:00:00",Nederland,WindOffshoreC,Hour,UTC,Providing,Current,307499,307499,0.073953598737717,0,0
"2025-07-04 13:00:00","2025-07-04 14:00:00",Nederland,WindOffshoreC,Hour,UTC,Providing,Current,434001,434001,0.10437715053558,0,0
"2025-07-04 14:00:00","2025-07-04 15:00:00",Nederland,WindOffshoreC,Hour,UTC,Providing,Current,845250,845250,0.2032827436924,0,0
"2025-07-04 15:00:00","2025-07-04 16:00:00",Nederland,WindOffshoreC,Hour,UTC,Providing,Current,1420500,1420500,0.34163075685501,0,0
"2025-07-04 16:00:00","2025-07-04 17:00:00",Nederland,WindOffshoreC,Hour,UTC,Providing,Current,1874000,1874000,0.45069724321365,0,0
"2025-07-04 17:00:00","2025-07-04 18:00:00",Nederland,WindOffshoreC,Hour,UTC,Providing,Current,2361501,2361501,0.56794172525406,0,0
"2025-07-04 18:00:00","2025-07-04 19:00:00",Nederland,WindOffshoreC,Hour,UTC,Providing,Current,3081250,3081250,0.74104124307632,0,0
"2025-07-04 19:00:00","2025-07-04 20:00:00",Nederland,WindOffshoreC,Hour,UTC,Providing,Current,3650750,3650750,0.87800651788712,0,0
"2025-07-04 20:00:00","2025-07-04 21:00:00",Nederland,WindOffshoreC,Hour,UTC,Providing,Current,4007502,4007502,0.9638050198555,0,0
"2025-07-04 21:00:00","2025-07-04 22:00:00",Nederland,WindOffshoreC,Hour,UTC,Providing,Current,4085500,4085500,0.98256373405457,0,0
"2025-07-04 22:00:00","2025-07-04 23:00:00",Nederland,WindOffshoreC,Hour,UTC,Providing,Current,3844249,3844249,0.92454272508621,0,0
"2025-07-04 23:00:00","2025-07-05 00:00:00",Nederland,WindOffshoreC,Hour,UTC,Providing,Current,3540249,3540249,0.85143077373505,0,0
"2025-07-05 00:00:00","2025-07-05 01:00:00",Nederland,WindOffshoreC,Hour,UTC,Providing,Current,3320250,3320250,0.79852074384689,0,0
"2025-07-05 01:00:00","2025-07-05 02:00:00",Nederland,WindOffshoreC,Hour,UTC,Providing,Current,2878749,2878749,0.69233977794647,0,0
"2025-07-05 02:00:00","2025-07-05 03:00:00",Nederland,WindOffshoreC,Hour,UTC,Providing,Current,2792500,2792500,0.67159700393677,0,0
"2025-07-05 03:00:00","2025-07-05 04:00:00",Nederland,WindOffshoreC,Hour,UTC,Providing,Current,2887750,2887750,0.69450449943542,0,0
"2025-07-05 04:00:00","2025-07-05 05:00:00",Nederland,WindOffshoreC,Hour,UTC,Providing,Current,2690749,2690749,0.64712572097778,0,0
"2025-07-05 05:00:00","2025-07-05 06:00:00",Nederland,WindOffshoreC,Hour,UTC,Providing,Current,3156500,3156500,0.7591387629509,0,0
"2025-07-05 06:00:00","2025-07-05 07:00:00",Nederland,WindOffshoreC,Hour,UTC,Providing,Current,3085750,3085750,0.74212372303009,0,0
"2025-07-05 07:00:00","2025-07-05 08:00:00",Nederland,WindOffshoreC,Hour,UTC,Providing,Current,2385750,2385750,0.57377326488495,0,0
"2025-07-05 08:00:00","2025-07-05 09:00:00",Nederland,WindOffshoreC,Hour,UTC,Providing,Current,1929751,1929751,0.46410548686981,0,0
"2025-07-05 09:00:00","2025-07-05 10:00:00",Nederland,WindOffshoreC,Hour,UTC,Providing,Current,2211250,2211250,0.53180599212646,0,0
"2025-07-05 10:00:00","2025-07-05 11:00:00",Nederland,WindOffshoreC,Hour,UTC,Providing,Current,1744500,1744500,0.41955274343491,0,0
"2025-07-05 11:00:00","2025-07-05 12:00:00",Nederland,WindOffshoreC,Hour,UTC,Providing,Current,1959500,1959500,0.47126024961472,0,0
"2025-07-05 12:00:00","2025-07-05 13:00:00",Nederland,WindOffshoreC,Hour,UTC,Providing,Current,2172750,2172750,0.52254676818848,0,0
"2025-07-05 13:00:00","2025-07-05 14:00:00",Nederland,WindOffshoreC,Hour,UTC,Providing,Current,2801500,2801500,0.67376124858856,0,0
"2025-07-05 14:00:00","2025-07-05 15:00:00",Nederland,WindOffshoreC,Hour,UTC,Providing,Current,2030750,2030750,0.48839551210403,0,0
"2025-07-05 15:00:00","2025-07-05 16:00:00",Nederland,WindOffshoreC,Hour,UTC,Providing,Current,3194500,3194500,0.76827800273895,0,0
"2025-07-05 16:00:00","2025-07-05 17:00:00",Nederland,WindOffshoreC,Hour,UTC,Providing,Current,3998751,3998751,0.96170049905777,0,0
"2025-07-05 17:00:00","2025-07-05 18:00:00",Nederland,WindOffshoreC,Hour,UTC,Providing,Current,4094751,4094751,0.98478877544403,0,0
"2025-07-05 18:00:00","2025-07-05 19:00:00",Nederland,WindOffshoreC,Hour,UTC,Providing,Current,4156250,4156250,0.99957823753357,0,0
"2025-07-05 19:00:00","2025-07-05 20:00:00",Nederland,WindOffshoreC,Hour,UTC,Providing,Current,4192249,4192249,1.0082349777222,0,0
"2025-07-05 20:00:00","2025-07-05 21:00:00",Nederland,WindOffshoreC,Hour,UTC,Providing,Current,4192000,4192000,1.0081775188446,0,0
"2025-07-05 21:00:00","2025-07-05 22:00:00",Nederland,WindOffshoreC,Hour,UTC,Providing,Current,4164499,4164499,1.0015624761581,0,0
"2025-07-05 22:00:00","2025-07-05 23:00:00",Nederland,WindOffshoreC,Hour,UTC,Providing,Current,4180499,4180499,1.0054117441177,0,0
"2025-07-05 23:00:00","2025-07-06 00:00:00",Nederland,WindOffshoreC,Hour,UTC,Providing,Current,4196250,4196250,1.0092024803162,0,0
"2025-07-06 00:00:00","2025-07-06 01:00:00",Nederland,WindOffshoreC,Hour,UTC,Providing,Current,4118001,4118001,0.99038022756577,0,0
"2025-07-06 01:00:00","2025-07-06 02:00:00",Nederland,WindOffshoreC,Hour,UTC,Providing,Current,3673750,3673750,0.88353800773621,0,0
"2025-07-06 02:00:00","2025-07-06 03:00:00",Nederland,WindOffshoreC,Hour,UTC,Providing,Current,2975751,2975751,0.71566873788834,0,0
"2025-07-06 03:00:00","2025-07-06 04:00:00",Nederland,WindOffshoreC,Hour,UTC,Providing,Current,2086752,2086752,0.50186449289322,0,0
"2025-07-06 04:00:00","2025-07-06 05:00:00",Nederland,WindOffshoreC,Hour,UTC,Providing,Current,1450500,1450500,0.34884551167488,0,0
"2025-07-06 05:00:00","2025-07-06 06:00:00",Nederland,WindOffshoreC,Hour,UTC,Providing,Current,1050000,1050000,0.25252524018288,0,0
"2025-07-06 06:00:00","2025-07-06 07:00:00",Nederland,WindOffshoreC,Hour,UTC,Providing,Current,627999,627999,0.15103399753571,0,0
"2025-07-06 07:00:00","2025-07-06 08:00:00",Nederland,WindOffshoreC,Hour,UTC,Providing,Current,289750,289750,0.06968492269516,0,0
"2025-07-06 08:00:00","2025-07-06 09:00:00",Nederland,WindOffshoreC,Hour,UTC,Providing,Current,146500,146500,0.035233274102211,0,0
"2025-07-06 09:00:00","2025-07-06 10:00:00",Nederland,WindOffshoreC,Hour,UTC,Providing,Current,136500,136500,0.032828249037266,0,0
"2025-07-06 10:00:00","2025-07-06 11:00:00",Nederland,WindOffshoreC,Hour,UTC,Providing,Current,117750,117750,0.028318900614977,0,0
"2025-07-06 11:00:00","2025-07-06 12:00:00",Nederland,WindOffshoreC,Hour,UTC,Providing,Current,48500,48500,0.011664300225675,0,0
"2025-07-06 12:00:00","2025-07-06 13:00:00",Nederland,WindOffshoreC,Hour,UTC,Providing,Current,83250,83250,0.020021649077535,0,0
"2025-07-06 13:00:00","2025-07-06 14:00:00",Nederland,WindOffshoreC,Hour,UTC,Providing,Current,153999,153999,0.037036798894405,0,0
"2025-07-06 14:00:00","2025-07-06 15:00:00",Nederland,WindOffshoreC,Hour,UTC,Providing,Current,128500,128500,0.030904274433851,0,0
"2025-07-06 15:00:00","2025-07-06 16:00:00",Nederland,WindOffshoreC,Hour,UTC,Providing,Current,100749,100749,0.024230174720287,0,0
"2025-07-06 16:00:00","2025-07-06 17:00:00",Nederland,WindOffshoreC,Hour,UTC,Providing,Current,185000,185000,0.044492550194263,0,0
"2025-07-06 17:00:00","2025-07-06 18:00:00",Nederland,WindOffshoreC,Hour,UTC,Providing,Current,245250,245250,0.058982700109482,0,0
"2025-07-06 18:00:00","2025-07-06 19:00:00",Nederland,WindOffshoreC,Hour,UTC,Providing,Current,57500,57500,0.013828800059855,0,0
"2025-07-06 19:00:00","2025-07-06 20:00:00",Nederland,WindOffshoreC,Hour,UTC,Providing,Current,89999,89999,0.021644800901413,0,0
"2025-07-06 20:00:00","2025-07-06 21:00:00",Nederland,WindOffshoreC,Hour,UTC,Providing,Current,152750,152750,0.036736398935318,0,0
"2025-07-06 21:00:00","2025-07-06 22:00:00",Nederland,WindOffshoreC,Hour,UTC,Providing,Current,254750,254750,0.061267424374819,0,0
"2025-07-06 22:00:00","2025-07-06 23:00:00",Nederland,WindOffshoreC,Hour,UTC,Providing,Current,320501,320501,0.077080577611923,0,0
"2025-07-06 23:00:00","2025-07-07 00:00:00",Nederland,WindOffshoreC,Hour,UTC,Providing,Current,334750,334750,0.080507472157478,0,0
"2025-07-07 00:00:00","2025-07-07 01:00:00",Nederland,WindOffshoreC,Hour,UTC,Providing,Current,363250,363250,0.087361700832844,0,0
"2025-07-07 01:00:00","2025-07-07 02:00:00",Nederland,WindOffshoreC,Hour,UTC,Providing,Current,859499,859499,0.2067095041275,0,0
"2025-07-07 02:00:00","2025-07-07 03:00:00",Nederland,WindOffshoreC,Hour,UTC,Providing,Current,1389501,1389501,0.33417525887489,0,0
"2025-07-07 03:00:00","2025-07-07 04:00:00",Nederland,WindOffshoreC,Hour,UTC,Providing,Current,1861500,1861500,0.44769126176834,0,0
"2025-07-07 04:00:00","2025-07-07 05:00:00",Nederland,WindOffshoreC,Hour,UTC,Providing,Current,2014000,2014000,0.48436748981476,0,0
"2025-07-07 05:00:00","2025-07-07 06:00:00",Nederland,WindOffshoreC,Hour,UTC,Providing,Current,2747001,2747001,0.66065448522568,0,0
"2025-07-07 06:00:00","2025-07-07 07:00:00",Nederland,WindOffshoreC,Hour,UTC,Providing,Current,2937250,2937250,0.70640951395035,0,0
"2025-07-07 07:00:00","2025-07-07 08:00:00",Nederland,WindOffshoreC,Hour,UTC,Providing,Current,3097751,3097751,0.74500972032547,0,0
"2025-07-07 08:00:00","2025-07-07 09:00:00",Nederland,WindOffshoreC,Hour,UTC,Providing,Current,3416000,3416000,0.82154852151871,0,0
"2025-07-07 09:00:00","2025-07-07 10:00:00",Nederland,WindOffshoreC,Hour,UTC,Providing,Current,3545750,3545750,0.85275375843048,0,0
"2025-07-07 10:00:00","2025-07-07 11:00:00",Nederland,WindOffshoreC,Hour,UTC,Providing,Current,3197499,3197499,0.76899951696396,0,0
"2025-07-07 11:00:00","2025-07-07 12:00:00",Nederland,WindOffshoreC,Hour,UTC,Providing,Current,3346750,3346750,0.80489426851273,0,0
"2025-07-07 12:00:00","2025-07-07 13:00:00",Nederland,WindOffshoreC,Hour,UTC,Providing,Current,3321250,3321250,0.79876148700714,0,0
"2025-07-07 13:00:00","2025-07-07 14:00:00",Nederland,WindOffshoreC,Hour,UTC,Providing,Current,2779750,2779750,0.66853052377701,0,0
"2025-07-07 14:00:00","2025-07-07 15:00:00",Nederland,WindOffshoreC,Hour,UTC,Providing,Current,3072749,3072749,0.73899674415588,0,0
"2025-07-07 15:00:00","2025-07-07 16:00:00",Nederland,WindOffshoreC,Hour,UTC,Providing,Current,3654999,3654999,0.87902802228928,0,0
"2025-07-07 16:00:00","2025-07-07 17:00:00",Nederland,WindOffshoreC,Hour,UTC,Providing,Current,3785999,3785999,0.91053402423859,0,0
"2025-07-07 17:00:00","2025-07-07 18:00:00",Nederland,WindOffshoreC,Hour,UTC,Providing,Current,3458500,3458500,0.83177000284195,0,0
"2025-07-07 18:00:00","2025-07-07 19:00:00",Nederland,WindOffshoreC,Hour,UTC,Providing,Current,2784500,2784500,0.66967272758484,0,0
"2025-07-07 19:00:00","2025-07-07 20:00:00",Nederland,WindOffshoreC,Hour,UTC,Providing,Current,1926750,1926750,0.46338376402855,0,0
"2025-07-07 20:00:00","2025-07-07 21:00:00",Nederland,WindOffshoreC,Hour,UTC,Providing,Current,1414749,1414749,0.34024751186371,0,0
"2025-07-07 21:00:00","2025-07-07 22:00:00",Nederland,WindOffshoreC,Hour,UTC,Providing,Current,1095750,1095750,0.26352798938751,0,0
"2025-07-07 22:00:00","2025-07-07 23:00:00",Nederland,WindOffshoreC,Hour,UTC,Providing,Current,1030500,1030500,0.24783550202847,0,0
"2025-07-07 23:00:00","2025-07-08 00:00:00",Nederland,WindOffshoreC,Hour,UTC,Providing,Current,1672750,1672750,0.40229675173759,0,0
"2025-07-08 00:00:00","2025-07-08 01:00:00",Nederland,WindOffshoreC,Hour,UTC,Providing,Current,2491500,2491500,0.59920626878738,0,0
"2025-07-08 01:00:00","2025-07-08 02:00:00",Nederland,WindOffshoreC,Hour,UTC,Providing,Current,1162001,1162001,0.27946150302887,0,0
"2025-07-08 02:00:00","2025-07-08 03:00:00",Nederland,WindOffshoreC,Hour,UTC,Providing,Current,875250,875250,0.21049800515175,0,0
"2025-07-08 03:00:00","2025-07-08 04:00:00",Nederland,WindOffshoreC,Hour,UTC,Providing,Current,1609499,1609499,0.38708499073982,0,0
"2025-07-08 04:00:00","2025-07-08 05:00:00",Nederland,WindOffshoreC,Hour,UTC,Providing,Current,2341000,2341000,0.56301122903824,0,0
"2025-07-08 05:00:00","2025-07-08 06:00:00",Nederland,WindOffshoreC,Hour,UTC,Providing,Current,2515749,2515749,0.60503822565079,0,0
"2025-07-08 06:00:00","2025-07-08 07:00:00",Nederland,WindOffshoreC,Hour,UTC,Providing,Current,2120750,2120750,0.51004076004028,0,0
"2025-07-08 07:00:00","2025-07-08 08:00:00",Nederland,WindOffshoreC,Hour,UTC,Providing,Current,2037750,2037750,0.49007925391197,0,0
"2025-07-08 08:00:00","2025-07-08 09:00:00",Nederland,WindOffshoreC,Hour,UTC,Providing,Current,2330500,2330500,0.56048572063446,0,0
"2025-07-08 09:00:00","2025-07-08 10:00:00",Nederland,WindOffshoreC,Hour,UTC,Providing,Current,2680750,2680750,0.64472097158432,0,0
"2025-07-08 10:00:00","2025-07-08 11:00:00",Nederland,WindOffshoreC,Hour,UTC,Providing,Current,2334000,2334000,0.56132751703262,0,0
"2025-07-08 11:00:00","2025-07-08 12:00:00",Nederland,WindOffshoreC,Hour,UTC,Providing,Current,2298249,2298249,0.55272924900055,0,0
"2025-07-08 12:00:00","2025-07-08 13:00:00",Nederland,WindOffshoreC,Hour,UTC,Providing,Current,2243750,2243750,0.53962248563766,0,0
"2025-07-08 13:00:00","2025-07-08 14:00:00",Nederland,WindOffshoreC,Hour,UTC,Providing,Current,1867500,1867500,0.44913426041603,0,0
"2025-07-08 14:00:00","2025-07-08 15:00:00",Nederland,WindOffshoreC,Hour,UTC,Providing,Current,2052250,2052250,0.4935667514801,0,0
"2025-07-08 15:00:00","2025-07-08 16:00:00",Nederland,WindOffshoreC,Hour,UTC,Providing,Current,2171250,2171250,0.52218598127365,0,0
"2025-07-08 16:00:00","2025-07-08 17:00:00",Nederland,WindOffshoreC,Hour,UTC,Providing,Current,1989499,1989499,0.47847500443459,0,0
"2025-07-08 17:00:00","2025-07-08 18:00:00",Nederland,WindOffshoreC,Hour,UTC,Providing,Current,1659499,1659499,0.39910998940468,0,0
"2025-07-08 18:00:00","2025-07-08 19:00:00",Nederland,WindOffshoreC,Hour,UTC,Providing,Current,1198248,1198248,0.28817901015282,0,0
"2025-07-08 19:00:00","2025-07-08 20:00:00",Nederland,WindOffshoreC,Hour,UTC,Providing,Current,963250,963250,0.23166200518608,0,0
"2025-07-08 20:00:00","2025-07-08 21:00:00",Nederland,WindOffshoreC,Hour,UTC,Providing,Current,801000,801000,0.19264075160027,0,0
"2025-07-08 21:00:00","2025-07-08 22:00:00",Nederland,WindOffshoreC,Hour,UTC,Providing,Current,702000,702000,0.16883124411106,0,0
"2025-07-08 22:00:00","2025-07-08 23:00:00",Nederland,WindOffshoreC,Hour,UTC,Providing,Current,727251,727251,0.17490400373936,0,0
"2025-07-08 23:00:00","2025-07-09 00:00:00",Nederland,WindOffshoreC,Hour,UTC,Providing,Current,483250,483250,0.11622174829245,0,0
"2025-07-09 00:00:00","2025-07-09 01:00:00",Nederland,WindOffshoreC,Hour,UTC,Providing,Current,331000,331000,0.07960557192564,0,0
"2025-07-09 01:00:00","2025-07-09 02:00:00",Nederland,WindOffshoreC,Hour,UTC,Providing,Current,293500,293500,0.070586852729321,0,0
"2025-07-09 02:00:00","2025-07-09 03:00:00",Nederland,WindOffshoreC,Hour,UTC,Providing,Current,288501,288501,0.069384574890137,0,0
"2025-07-09 03:00:00","2025-07-09 04:00:00",Nederland,WindOffshoreC,Hour,UTC,Providing,Current,276000,276000,0.066378049552441,0,0
"2025-07-09 04:00:00","2025-07-09 05:00:00",Nederland,WindOffshoreC,Hour,UTC,Providing,Current,244249,244249,0.058741923421621,0,0
"2025-07-09 05:00:00","2025-07-09 06:00:00",Nederland,WindOffshoreC,Hour,UTC,Providing,Current,182250,182250,0.043831150978804,0,0
"2025-07-09 06:00:00","2025-07-09 07:00:00",Nederland,WindOffshoreC,Hour,UTC,Providing,Current,100750,100750,0.02423040010035,0,0
"2025-07-09 07:00:00","2025-07-09 08:00:00",Nederland,WindOffshoreC,Hour,UTC,Providing,Current,70000,70000,0.016835024580359,0,0
"2025-07-09 08:00:00","2025-07-09 09:00:00",Nederland,WindOffshoreC,Hour,UTC,Providing,Current,129500,129500,0.031144799664617,0,0
"2025-07-09 09:00:00","2025-07-09 10:00:00",Nederland,WindOffshoreC,Hour,UTC,Providing,Current,113751,113751,0.027357149869204,0,0
"2025-07-09 10:00:00","2025-07-09 11:00:00",Nederland,WindOffshoreC,Hour,UTC,Providing,Current,91500,91500,0.022005774080753,0,0
"2025-07-09 11:00:00","2025-07-09 12:00:00",Nederland,WindOffshoreC,Hour,UTC,Providing,Current,60000,60000,0.014430024661124,0,0
"2025-07-09 12:00:00","2025-07-09 13:00:00",Nederland,WindOffshoreC,Hour,UTC,Providing,Current,65748,65748,0.015812424942851,0,0
"2025-07-09 13:00:00","2025-07-09 14:00:00",Nederland,WindOffshoreC,Hour,UTC,Providing,Current,80500,80500,0.019360300153494,0,0
"2025-07-09 14:00:00","2025-07-09 15:00:00",Nederland,WindOffshoreC,Hour,UTC,Providing,Current,52251,52251,0.012566374614835,0,0
"2025-07-09 15:00:00","2025-07-09 16:00:00",Nederland,WindOffshoreC,Hour,UTC,Providing,Current,41000,41000,0.0098605053499341,0,0
"2025-07-09 16:00:00","2025-07-09 17:00:00",Nederland,WindOffshoreC,Hour,UTC,Providing,Current,30000,30000,0.0072150048799813,0,0
"2025-07-09 17:00:00","2025-07-09 18:00:00",Nederland,WindOffshoreC,Hour,UTC,Providing,Current,33251,33251,0.0079968748614192,0,0
"2025-07-09 18:00:00","2025-07-09 19:00:00",Nederland,WindOffshoreC,Hour,UTC,Providing,Current,28250,28250,0.0067941299639642,0,0
"2025-07-09 19:00:00","2025-07-09 20:00:00",Nederland,WindOffshoreC,Hour,UTC,Providing,Current,24500,24500,0.0058922576718032,0,0
"2025-07-09 20:00:00","2025-07-09 21:00:00",Nederland,WindOffshoreC,Hour,UTC,Providing,Current,14499,14499,0.0034870100207627,0,0
"2025-07-09 21:00:00","2025-07-09 22:00:00",Nederland,WindOffshoreC,Hour,UTC,Providing,Current,31749,31749,0.0076356423087418,0,0
"2025-07-09 22:00:00","2025-07-09 23:00:00",Nederland,WindOffshoreC,Hour,UTC,Providing,Current,41501,41501,0.0099810175597668,0,0
"2025-07-09 23:00:00","2025-07-10 00:00:00",Nederland,WindOffshoreC,Hour,UTC,Providing,Current,39749,39749,0.0095596527680755,0,0
"2025-07-10 00:00:00","2025-07-10 01:00:00",Nederland,WindOffshoreC,Hour,UTC,Providing,Current,64001,64001,0.015392274595797,0,0
"2025-07-10 01:00:00","2025-07-10 02:00:00",Nederland,WindOffshoreC,Hour,UTC,Providing,Current,77501,77501,0.01863900013268,0,0
"2025-07-10 02:00:00","2025-07-10 03:00:00",Nederland,WindOffshoreC,Hour,UTC,Providing,Current,131751,131751,0.031686123460531,0,0
"2025-07-10 03:00:00","2025-07-10 04:00:00",Nederland,WindOffshoreC,Hour,UTC,Providing,Current,97000,97000,0.023328550159931,0,0
"2025-07-10 04:00:00","2025-07-10 05:00:00",Nederland,WindOffshoreC,Hour,UTC,Providing,Current,52752,52752,0.012686874717474,0,0
"2025-07-10 05:00:00","2025-07-10 06:00:00",Nederland,WindOffshoreC,Hour,UTC,Providing,Current,30750,30750,0.0073953801766038,0,0
"2025-07-10 06:00:00","2025-07-10 07:00:00",Nederland,WindOffshoreC,Hour,UTC,Providing,Current,13001,13001,0.0031267399899662,0,0
"2025-07-10 07:00:00","2025-07-10 08:00:00",Nederland,WindOffshoreC,Hour,UTC,Providing,Current,22750,22750,0.0054713799618185,0,0
"2025-07-10 08:00:00","2025-07-10 09:00:00",Nederland,WindOffshoreC,Hour,UTC,Providing,Current,15250,15250,0.0036676274612546,0,0
"2025-07-10 09:00:00","2025-07-10 10:00:00",Nederland,WindOffshoreC,Hour,UTC,Providing,Current,11500,11500,0.0027657526079565,0,0
"2025-07-10 10:00:00","2025-07-10 11:00:00",Nederland,WindOffshoreC,Hour,UTC,Providing,Current,34250,34250,0.0082371300086379,0,0
"2025-07-10 11:00:00","2025-07-10 12:00:00",Nederland,WindOffshoreC,Hour,UTC,Providing,Current,29250,29250,0.0070346300490201,0,0
"2025-07-10 12:00:00","2025-07-10 13:00:00",Nederland,WindOffshoreC,Hour,UTC,Providing,Current,59000,59000,0.014189512468874,0,0
"2025-07-10 13:00:00","2025-07-10 14:00:00",Nederland,WindOffshoreC,Hour,UTC,Providing,Current,111249,111249,0.026755400002003,0,0
"2025-07-10 14:00:00","2025-07-10 15:00:00",Nederland,WindOffshoreC,Hour,UTC,Providing,Current,155500,155500,0.037397775799036,0,0
"2025-07-10 15:00:00","2025-07-10 16:00:00",Nederland,WindOffshoreC,Hour,UTC,Providing,Current,200501,200501,0.048220548778772,0,0
"2025-07-10 16:00:00","2025-07-10 17:00:00",Nederland,WindOffshoreC,Hour,UTC,Providing,Current,266249,266249,0.064032949507236,0,0
"2025-07-10 17:00:00","2025-07-10 18:00:00",Nederland,WindOffshoreC,Hour,UTC,Providing,Current,277500,277500,0.066738799214363,0,0
"2025-07-10 18:00:00","2025-07-10 19:00:00",Nederland,WindOffshoreC,Hour,UTC,Providing,Current,264500,264500,0.063612349331379,0,0
"2025-07-10 19:00:00","2025-07-10 20:00:00",Nederland,WindOffshoreC,Hour,UTC,Providing,Current,307001,307001,0.073833800852299,0,0
"2025-07-10 20:00:00","2025-07-10 21:00:00",Nederland,WindOffshoreC,Hour,UTC,Providing,Current,303501,303501,0.072992049157619,0,0
"2025-07-10 21:00:00","2025-07-10 22:00:00",Nederland,WindOffshoreC,Hour,UTC,Providing,Current,268250,268250,0.064514197409153,0,0
"2025-07-10 22:00:00","2025-07-10 23:00:00",Nederland,WindOffshoreC,Hour,UTC,Providing,Current,155250,155250,0.037337649613619,0,0
"2025-07-10 23:00:00","2025-07-11 00:00:00",Nederland,WindOffshoreC,Hour,UTC,Providing,Current,116251,116251,0.027958374470472,0,0
"2025-07-11 00:00:00","2025-07-11 01:00:00",Nederland,WindOffshoreC,Hour,UTC,Providing,Current,95250,95250,0.022907674312592,0,0
"2025-07-11 01:00:00","2025-07-11 02:00:00",Nederland,WindOffshoreC,Hour,UTC,Providing,Current,112749,112749,0.027116149663925,0,0
"2025-07-11 02:00:00","2025-07-11 03:00:00",Nederland,WindOffshoreC,Hour,UTC,Providing,Current,124500,124500,0.029942274093628,0,0
"2025-07-11 03:00:00","2025-07-11 04:00:00",Nederland,WindOffshoreC,Hour,UTC,Providing,Current,170000,170000,0.040885023772717,0,0
"2025-07-11 04:00:00","2025-07-11 05:00:00",Nederland,WindOffshoreC,Hour,UTC,Providing,Current,194750,194750,0.04683742672205,0,0
"2025-07-11 05:00:00","2025-07-11 06:00:00",Nederland,WindOffshoreC,Hour,UTC,Providing,Current,125250,125250,0.030122650787234,0,0
"2025-07-11 06:00:00","2025-07-11 07:00:00",Nederland,WindOffshoreC,Hour,UTC,Providing,Current,92249,92249,0.022185925394297,0,0
"2025-07-11 07:00:00","2025-07-11 08:00:00",Nederland,WindOffshoreC,Hour,UTC,Providing,Current,70749,70749,0.017015149816871,0,0
"2025-07-11 08:00:00","2025-07-11 09:00:00",Nederland,WindOffshoreC,Hour,UTC,Providing,Current,63250,63250,0.015211650170386,0,0
"2025-07-11 09:00:00","2025-07-11 10:00:00",Nederland,WindOffshoreC,Hour,UTC,Providing,Current,43751,43751,0.010522144846618,0,0
"2025-07-11 10:00:00","2025-07-11 11:00:00",Nederland,WindOffshoreC,Hour,UTC,Providing,Current,44750,44750,0.01076241210103,0,0
"2025-07-11 11:00:00","2025-07-11 12:00:00",Nederland,WindOffshoreC,Hour,UTC,Providing,Current,72000,72000,0.017316000536084,0,0
"2025-07-11 12:00:00","2025-07-11 13:00:00",Nederland,WindOffshoreC,Hour,UTC,Providing,Current,99000,99000,0.023809550330043,0,0
"2025-07-11 13:00:00","2025-07-11 14:00:00",Nederland,WindOffshoreC,Hour,UTC,Providing,Current,112501,112501,0.027056500315666,0,0
"2025-07-11 14:00:00","2025-07-11 15:00:00",Nederland,WindOffshoreC,Hour,UTC,Providing,Current,88001,88001,0.021164249628782,0,0
"2025-07-11 15:00:00","2025-07-11 16:00:00",Nederland,WindOffshoreC,Hour,UTC,Providing,Current,102250,102250,0.024591149762273,0,0
"2025-07-11 16:00:00","2025-07-11 17:00:00",Nederland,WindOffshoreC,Hour,UTC,Providing,Current,89000,89000,0.021404525265098,0,0
"2025-07-11 17:00:00","2025-07-11 18:00:00",Nederland,WindOffshoreC,Hour,UTC,Providing,Current,120500,120500,0.028980299830437,0,0
"2025-07-11 18:00:00","2025-07-11 19:00:00",Nederland,WindOffshoreC,Hour,UTC,Providing,Current,211000,211000,0.05074555054307,0,0
"2025-07-11 19:00:00","2025-07-11 20:00:00",Nederland,WindOffshoreC,Hour,UTC,Providing,Current,222750,222750,0.053571425378323,0,0
"2025-07-11 20:00:00","2025-07-11 21:00:00",Nederland,WindOffshoreC,Hour,UTC,Providing,Current,295250,295250,0.071007698774338,0,0
"2025-07-11 21:00:00","2025-07-11 22:00:00",Nederland,WindOffshoreC,Hour,UTC,Providing,Current,414750,414750,0.099747553467751,0,0
"2025-07-11 22:00:00","2025-07-11 23:00:00",Nederland,WindOffshoreC,Hour,UTC,Providing,Current,506250,506250,0.1217532530427,0,0
"2025-07-11 23:00:00","2025-07-12 00:00:00",Nederland,WindOffshoreC,Hour,UTC,Providing,Current,525249,525249,0.12632249295712,0,0
"2025-07-12 00:00:00","2025-07-12 01:00:00",Nederland,WindOffshoreC,Hour,UTC,Providing,Current,619500,619500,0.14899000525475,0,0
"2025-07-12 01:00:00","2025-07-12 02:00:00",Nederland,WindOffshoreC,Hour,UTC,Providing,Current,589250,589250,0.14171475172043,0,0
"2025-07-12 02:00:00","2025-07-12 03:00:00",Nederland,WindOffshoreC,Hour,UTC,Providing,Current,668249,668249,0.16071425378323,0,0
"2025-07-12 03:00:00","2025-07-12 04:00:00",Nederland,WindOffshoreC,Hour,UTC,Providing,Current,598250,598250,0.14387924969196,0,0
"2025-07-12 04:00:00","2025-07-12 05:00:00",Nederland,WindOffshoreC,Hour,UTC,Providing,Current,525250,525250,0.12632274627686,0,0
"2025-07-12 05:00:00","2025-07-12 06:00:00",Nederland,WindOffshoreC,Hour,UTC,Providing,Current,474001,474001,0.11399749666452,0,0
"2025-07-12 06:00:00","2025-07-12 07:00:00",Nederland,WindOffshoreC,Hour,UTC,Providing,Current,578499,578499,0.13912899792194,0,0
"2025-07-12 07:00:00","2025-07-12 08:00:00",Nederland,WindOffshoreC,Hour,UTC,Providing,Current,577002,577002,0.13876900076866,0,0
"2025-07-12 08:00:00","2025-07-12 09:00:00",Nederland,WindOffshoreC,Hour,UTC,Providing,Current,554249,554249,0.13329720497131,0,0
"2025-07-12 09:00:00","2025-07-12 10:00:00",Nederland,WindOffshoreC,Hour,UTC,Providing,Current,415000,415000,0.099807523190975,0,0
"2025-07-12 10:00:00","2025-07-12 11:00:00",Nederland,WindOffshoreC,Hour,UTC,Providing,Current,440749,440749,0.10600025206804,0,0
"2025-07-12 11:00:00","2025-07-12 12:00:00",Nederland,WindOffshoreC,Hour,UTC,Providing,Current,406250,406250,0.097703278064728,0,0
"2025-07-12 12:00:00","2025-07-12 13:00:00",Nederland,WindOffshoreC,Hour,UTC,Providing,Current,344750,344750,0.082912474870682,0,0
"2025-07-12 13:00:00","2025-07-12 14:00:00",Nederland,WindOffshoreC,Hour,UTC,Providing,Current,634500,634500,0.15259750187397,0,0
"2025-07-12 14:00:00","2025-07-12 15:00:00",Nederland,WindOffshoreC,Hour,UTC,Providing,Current,841999,841999,0.20250099897385,0,0
"2025-07-12 15:00:00","2025-07-12 16:00:00",Nederland,WindOffshoreC,Hour,UTC,Providing,Current,968000,968000,0.2328042536974,0,0
"2025-07-12 16:00:00","2025-07-12 17:00:00",Nederland,WindOffshoreC,Hour,UTC,Providing,Current,882500,882500,0.21224150061607,0,0
"2025-07-12 17:00:00","2025-07-12 18:00:00",Nederland,WindOffshoreC,Hour,UTC,Providing,Current,825250,825250,0.19847275316715,0,0
"2025-07-12 18:00:00","2025-07-12 19:00:00",Nederland,WindOffshoreC,Hour,UTC,Providing,Current,997501,997501,0.23989950120449,0,0
"2025-07-12 19:00:00","2025-07-12 20:00:00",Nederland,WindOffshoreC,Hour,UTC,Providing,Current,930249,930249,0.22372500598431,0,0
"2025-07-12 20:00:00","2025-07-12 21:00:00",Nederland,WindOffshoreC,Hour,UTC,Providing,Current,717750,717750,0.17261900007725,0,0
"2025-07-12 21:00:00","2025-07-12 22:00:00",Nederland,WindOffshoreC,Hour,UTC,Providing,Current,662251,662251,0.15927125513554,0,0
"2025-07-12 22:00:00","2025-07-12 23:00:00",Nederland,WindOffshoreC,Hour,UTC,Providing,Current,571000,571000,0.13732549548149,0,0
"2025-07-12 23:00:00","2025-07-13 00:00:00",Nederland,WindOffshoreC,Hour,UTC,Providing,Current,411999,411999,0.099085800349712,0,0
"2025-07-13 00:00:00","2025-07-13 01:00:00",Nederland,WindOffshoreC,Hour,UTC,Providing,Current,374500,374500,0.090067222714424,0,0
"2025-07-13 01:00:00","2025-07-13 02:00:00",Nederland,WindOffshoreC,Hour,UTC,Providing,Current,418250,418250,0.10058927536011,0,0
"2025-07-13 02:00:00","2025-07-13 03:00:00",Nederland,WindOffshoreC,Hour,UTC,Providing,Current,291250,291250,0.070045672357082,0,0
"2025-07-13 03:00:00","2025-07-13 04:00:00",Nederland,WindOffshoreC,Hour,UTC,Providing,Current,233250,233250,0.056096699088812,0,0
"2025-07-13 04:00:00","2025-07-13 05:00:00",Nederland,WindOffshoreC,Hour,UTC,Providing,Current,180750,180750,0.043470401316881,0,0
"2025-07-13 05:00:00","2025-07-13 06:00:00",Nederland,WindOffshoreC,Hour,UTC,Providing,Current,247751,247751,0.059584174305201,0,0
"2025-07-13 06:00:00","2025-07-13 07:00:00",Nederland,WindOffshoreC,Hour,UTC,Providing,Current,186500,186500,0.044853299856186,0,0
"2025-07-13 07:00:00","2025-07-13 08:00:00",Nederland,WindOffshoreC,Hour,UTC,Providing,Current,89250,89250,0.02146464958787,0,0
"2025-07-13 08:00:00","2025-07-13 09:00:00",Nederland,WindOffshoreC,Hour,UTC,Providing,Current,59500,59500,0.014309749938548,0,0
"2025-07-13 09:00:00","2025-07-13 10:00:00",Nederland,WindOffshoreC,Hour,UTC,Providing,Current,67500,67500,0.016233799979091,0,0
"2025-07-13 10:00:00","2025-07-13 11:00:00",Nederland,WindOffshoreC,Hour,UTC,Providing,Current,89250,89250,0.02146464958787,0,0
"2025-07-13 11:00:00","2025-07-13 12:00:00",Nederland,WindOffshoreC,Hour,UTC,Providing,Current,114250,114250,0.027477124705911,0,0
"2025-07-13 12:00:00","2025-07-13 13:00:00",Nederland,WindOffshoreC,Hour,UTC,Providing,Current,162249,162249,0.039020925760269,0,0
"2025-07-13 13:00:00","2025-07-13 14:00:00",Nederland,WindOffshoreC,Hour,UTC,Providing,Current,191500,191500,0.046055801212788,0,0
"2025-07-13 14:00:00","2025-07-13 15:00:00",Nederland,WindOffshoreC,Hour,UTC,Providing,Current,141750,141750,0.034090898931026,0,0
"2025-07-13 15:00:00","2025-07-13 16:00:00",Nederland,WindOffshoreC,Hour,UTC,Providing,Current,165000,165000,0.039682500064373,0,0
"2025-07-13 16:00:00","2025-07-13 17:00:00",Nederland,WindOffshoreC,Hour,UTC,Providing,Current,220750,220750,0.053090449422598,0,0
"2025-07-13 17:00:00","2025-07-13 18:00:00",Nederland,WindOffshoreC,Hour,UTC,Providing,Current,260250,260250,0.062590174376965,0,0
"2025-07-13 18:00:00","2025-07-13 19:00:00",Nederland,WindOffshoreC,Hour,UTC,Providing,Current,250500,250500,0.06024532392621,0,0
"2025-07-13 19:00:00","2025-07-13 20:00:00",Nederland,WindOffshoreC,Hour,UTC,Providing,Current,323750,323750,0.077861949801445,0,0
"2025-07-13 20:00:00","2025-07-13 21:00:00",Nederland,WindOffshoreC,Hour,UTC,Providing,Current,242499,242499,0.058321073651314,0,0
"2025-07-13 21:00:00","2025-07-13 22:00:00",Nederland,WindOffshoreC,Hour,UTC,Providing,Current,177501,177501,0.042689025402069,0,0
"2025-07-13 22:00:00","2025-07-13 23:00:00",Nederland,WindOffshoreC,Hour,UTC,Providing,Current,219250,219250,0.052729673683643,0,0
"2025-07-13 23:00:00","2025-07-14 00:00:00",Nederland,WindOffshoreC,Hour,UTC,Providing,Current,163249,163249,0.039261426776648,0,0
"2025-07-14 00:00:00","2025-07-14 01:00:00",Nederland,WindOffshoreC,Hour,UTC,Providing,Current,31500,31500,0.0075757675804198,0,0
"2025-07-14 01:00:00","2025-07-14 02:00:00",Nederland,WindOffshoreC,Hour,UTC,Providing,Current,10749,10749,0.0025851374957711,0,0
"2025-07-14 02:00:00","2025-07-14 03:00:00",Nederland,WindOffshoreC,Hour,UTC,Providing,Current,9750,9750,0.0023448800202459,0,0
"2025-07-14 03:00:00","2025-07-14 04:00:00",Nederland,WindOffshoreC,Hour,UTC,Providing,Current,5500,5500,0.0013227524468675,0,0
"2025-07-14 04:00:00","2025-07-14 05:00:00",Nederland,WindOffshoreC,Hour,UTC,Providing,Current,5001,5001,0.0012027410557494,0,0
"2025-07-14 05:00:00","2025-07-14 06:00:00",Nederland,WindOffshoreC,Hour,UTC,Providing,Current,4750,4750,0.0011423779651523,0,0
"2025-07-14 06:00:00","2025-07-14 07:00:00",Nederland,WindOffshoreC,Hour,UTC,Providing,Current,2500,2500,0.00060125050367787,0,0
"2025-07-14 07:00:00","2025-07-14 08:00:00",Nederland,WindOffshoreC,Hour,UTC,Providing,Current,92750,92750,0.022306380793452,0,0
"2025-07-14 08:00:00","2025-07-14 09:00:00",Nederland,WindOffshoreC,Hour,UTC,Providing,Current,386000,386000,0.092833146452904,0,0
"2025-07-14 09:00:00","2025-07-14 10:00:00",Nederland,WindOffshoreC,Hour,UTC,Providing,Current,498250,498250,0.11982925236225,0,0
"2025-07-14 10:00:00","2025-07-14 11:00:00",Nederland,WindOffshoreC,Hour,UTC,Providing,Current,675749,675749,0.16251775622368,0,0
"2025-07-14 11:00:00","2025-07-14 12:00:00",Nederland,WindOffshoreC,Hour,UTC,Providing,Current,1086750,1086750,0.26136374473572,0,0
"2025-07-14 12:00:00","2025-07-14 13:00:00",Nederland,WindOffshoreC,Hour,UTC,Providing,Current,1948500,1948500,0.468614757061,0,0
"2025-07-14 13:00:00","2025-07-14 14:00:00",Nederland,WindOffshoreC,Hour,UTC,Providing,Current,2420251,2420251,0.58207100629807,0,0
"2025-07-14 14:00:00","2025-07-14 15:00:00",Nederland,WindOffshoreC,Hour,UTC,Providing,Current,3254250,3254250,0.78264772891998,0,0
"2025-07-14 15:00:00","2025-07-14 16:00:00",Nederland,WindOffshoreC,Hour,UTC,Providing,Current,3314000,3314000,0.79701751470566,0,0
"2025-07-14 16:00:00","2025-07-14 17:00:00",Nederland,WindOffshoreC,Hour,UTC,Providing,Current,3474500,3474500,0.83561825752258,0,0
"2025-07-14 17:00:00","2025-07-14 18:00:00",Nederland,WindOffshoreC,Hour,UTC,Providing,Current,3670250,3670250,0.88269597291946,0,0
"2025-07-14 18:00:00","2025-07-14 19:00:00",Nederland,WindOffshoreC,Hour,UTC,Providing,Current,3695001,3695001,0.88864874839783,0,0
"2025-07-14 19:00:00","2025-07-14 20:00:00",Nederland,WindOffshoreC,Hour,UTC,Providing,Current,3726500,3726500,0.8962242603302,0,0
"2025-07-14 20:00:00","2025-07-14 21:00:00",Nederland,WindOffshoreC,Hour,UTC,Providing,Current,3789500,3789500,0.91137599945068,0,0
"2025-07-14 21:00:00","2025-07-14 22:00:00",Nederland,WindOffshoreC,Hour,UTC,Providing,Current,3837751,3837751,0.92298001050949,0,0
"2025-07-14 22:00:00","2025-07-14 23:00:00",Nederland,WindOffshoreC,Hour,UTC,Providing,Current,3770000,3770000,0.90668600797653,0,0
"2025-07-14 23:00:00","2025-07-15 00:00:00",Nederland,WindOffshoreC,Hour,UTC,Providing,Current,3670749,3670749,0.88281601667404,0,0
"2025-07-15 00:00:00","2025-07-15 01:00:00",Nederland,WindOffshoreC,Hour,UTC,Providing,Current,3698750,3698750,0.88954997062683,0,0
"2025-07-15 01:00:00","2025-07-15 02:00:00",Nederland,WindOffshoreC,Hour,UTC,Providing,Current,3601750,3601750,0.8662217259407,0,0
"2025-07-15 02:00:00","2025-07-15 03:00:00",Nederland,WindOffshoreC,Hour,UTC,Providing,Current,3182751,3182751,0.76545250415802,0,0
"2025-07-15 03:00:00","2025-07-15 04:00:00",Nederland,WindOffshoreC,Hour,UTC,Providing,Current,2217500,2217500,0.53330898284912,0,0
"2025-07-15 04:00:00","2025-07-15 05:00:00",Nederland,WindOffshoreC,Hour,UTC,Providing,Current,1854500,1854500,0.44600775837898,0,0
"2025-07-15 05:00:00","2025-07-15 06:00:00",Nederland,WindOffshoreC,Hour,UTC,Providing,Current,1671251,1671251,0.40193650126457,0,0
"2025-07-15 06:00:00","2025-07-15 07:00:00",Nederland,WindOffshoreC,Hour,UTC,Providing,Current,1519000,1519000,0.36531975865364,0,0
"2025-07-15 07:00:00","2025-07-15 08:00:00",Nederland,WindOffshoreC,Hour,UTC,Providing,Current,1373500,1373500,0.33032700419426,0,0
"2025-07-15 08:00:00","2025-07-15 09:00:00",Nederland,WindOffshoreC,Hour,UTC,Providing,Current,1303751,1303751,0.31355226039886,0,0
"2025-07-15 09:00:00","2025-07-15 10:00:00",Nederland,WindOffshoreC,Hour,UTC,Providing,Current,1493001,1493001,0.35906699299812,0,0
"2025-07-15 10:00:00","2025-07-15 11:00:00",Nederland,WindOffshoreC,Hour,UTC,Providing,Current,1848249,1848249,0.44450449943542,0,0
"2025-07-15 11:00:00","2025-07-15 12:00:00",Nederland,WindOffshoreC,Hour,UTC,Providing,Current,2371250,2371250,0.5702862739563,0,0
"2025-07-15 12:00:00","2025-07-15 13:00:00",Nederland,WindOffshoreC,Hour,UTC,Providing,Current,1852249,1852249,0.4454662501812,0,0
"2025-07-15 13:00:00","2025-07-15 14:00:00",Nederland,WindOffshoreC,Hour,UTC,Providing,Current,2782000,2782000,0.66907173395157,0,0
"2025-07-15 14:00:00","2025-07-15 15:00:00",Nederland,WindOffshoreC,Hour,UTC,Providing,Current,3533500,3533500,0.84980750083923,0,0
"2025-07-15 15:00:00","2025-07-15 16:00:00",Nederland,WindOffshoreC,Hour,UTC,Providing,Current,3509500,3509500,0.84403550624847,0,0
"2025-07-15 16:00:00","2025-07-15 17:00:00",Nederland,WindOffshoreC,Hour,UTC,Providing,Current,3722500,3722500,0.89526224136353,0,0
"2025-07-15 17:00:00","2025-07-15 18:00:00",Nederland,WindOffshoreC,Hour,UTC,Providing,Current,3804750,3804750,0.91504323482513,0,0
"2025-07-15 18:00:00","2025-07-15 19:00:00",Nederland,WindOffshoreC,Hour,UTC,Providing,Current,3759000,3759000,0.90404027700424,0,0
"2025-07-15 19:00:00","2025-07-15 20:00:00",Nederland,WindOffshoreC,Hour,UTC,Providing,Current,3825500,3825500,0.92003375291824,0,0
"2025-07-15 20:00:00","2025-07-15 21:00:00",Nederland,WindOffshoreC,Hour,UTC,Providing,Current,3805749,3805749,0.9152837395668,0,0
"2025-07-15 21:00:00","2025-07-15 22:00:00",Nederland,WindOffshoreC,Hour,UTC,Providing,Current,3742250,3742250,0.90001201629639,0,0
"2025-07-15 22:00:00","2025-07-15 23:00:00",Nederland,WindOffshoreC,Hour,UTC,Providing,Current,3936000,3936000,0.94660902023315,0,0
"2025-07-15 23:00:00","2025-07-16 00:00:00",Nederland,WindOffshoreC,Hour,UTC,Providing,Current,3611500,3611500,0.8685667514801,0,0
"2025-07-16 00:00:00","2025-07-16 01:00:00",Nederland,WindOffshoreC,Hour,UTC,Providing,Current,1987501,1987501,0.47799450159073,0,0
"2025-07-16 01:00:00","2025-07-16 02:00:00",Nederland,WindOffshoreC,Hour,UTC,Providing,Current,1314000,1314000,0.31601724028587,0,0
"2025-07-16 02:00:00","2025-07-16 03:00:00",Nederland,WindOffshoreC,Hour,UTC,Providing,Current,1878250,1878250,0.45171976089478,0,0
"2025-07-16 03:00:00","2025-07-16 04:00:00",Nederland,WindOffshoreC,Hour,UTC,Providing,Current,2644251,2644251,0.63594323396683,0,0
"2025-07-16 04:00:00","2025-07-16 05:00:00",Nederland,WindOffshoreC,Hour,UTC,Providing,Current,2505999,2505999,0.60269349813461,0,0
"2025-07-16 05:00:00","2025-07-16 06:00:00",Nederland,WindOffshoreC,Hour,UTC,Providing,Current,2304249,2304249,0.55417227745056,0,0
"2025-07-16 06:00:00","2025-07-16 07:00:00",Nederland,WindOffshoreC,Hour,UTC,Providing,Current,2080250,2080250,0.50030052661896,0,0
"2025-07-16 07:00:00","2025-07-16 08:00:00",Nederland,WindOffshoreC,Hour,UTC,Providing,Current,1950250,1950250,0.46903550624847,0,0
"2025-07-16 08:00:00","2025-07-16 09:00:00",Nederland,WindOffshoreC,Hour,UTC,Providing,Current,1859750,1859750,0.44727051258087,0,0
"2025-07-16 09:00:00","2025-07-16 10:00:00",Nederland,WindOffshoreC,Hour,UTC,Providing,Current,1964249,1964249,0.47240251302719,0,0
"2025-07-16 10:00:00","2025-07-16 11:00:00",Nederland,WindOffshoreC,Hour,UTC,Providing,Current,1829251,1829251,0.43993523716927,0,0
"2025-07-16 11:00:00","2025-07-16 12:00:00",Nederland,WindOffshoreC,Hour,UTC,Providing,Current,1684501,1684501,0.40512275695801,0,0
"2025-07-16 12:00:00","2025-07-16 13:00:00",Nederland,WindOffshoreC,Hour,UTC,Providing,Current,1460000,1460000,0.35113048553467,0,0
"2025-07-16 13:00:00","2025-07-16 14:00:00",Nederland,WindOffshoreC,Hour,UTC,Providing,Current,1277502,1277502,0.30723950266838,0,0
"2025-07-16 14:00:00","2025-07-16 15:00:00",Nederland,WindOffshoreC,Hour,UTC,Providing,Current,1074501,1074501,0.25841775536537,0,0
"2025-07-16 15:00:00","2025-07-16 16:00:00",Nederland,WindOffshoreC,Hour,UTC,Providing,Current,1016749,1016749,0.24452850222588,0,0
"2025-07-16 16:00:00","2025-07-16 17:00:00",Nederland,WindOffshoreC,Hour,UTC,Providing,Current,804749,804749,0.19354200363159,0,0
"2025-07-16 17:00:00","2025-07-16 18:00:00",Nederland,WindOffshoreC,Hour,UTC,Providing,Current,566750,566750,0.13630349934101,0,0
"2025-07-16 18:00:00","2025-07-16 19:00:00",Nederland,WindOffshoreC,Hour,UTC,Providing,Current,464499,464499,0.1117120012641,0,0
"2025-07-16 19:00:00","2025-07-16 20:00:00",Nederland,WindOffshoreC,Hour,UTC,Providing,Current,545000,545000,0.13107274472713,0,0
"2025-07-16 20:00:00","2025-07-16 21:00:00",Nederland,WindOffshoreC,Hour,UTC,Providing,Current,518001,518001,0.12457975000143,0,0
"2025-07-16 21:00:00","2025-07-16 22:00:00",Nederland,WindOffshoreC,Hour,UTC,Providing,Current,508499,508499,0.12229400128126,0,0
"2025-07-16 22:00:00","2025-07-16 23:00:00",Nederland,WindOffshoreC,Hour,UTC,Providing,Current,459250,459250,0.11044975370169,0,0
"2025-07-16 23:00:00","2025-07-17 00:00:00",Nederland,WindOffshoreC,Hour,UTC,Providing,Current,416000,416000,0.10004814714193,0,0
"2025-07-17 00:00:00","2025-07-17 01:00:00",Nederland,WindOffshoreC,Hour,UTC,Providing,Current,303000,303000,0.072871573269367,0,0
"2025-07-17 01:00:00","2025-07-17 02:00:00",Nederland,WindOffshoreC,Hour,UTC,Providing,Current,210251,210251,0.050565425306559,0,0
"2025-07-17 02:00:00","2025-07-17 03:00:00",Nederland,WindOffshoreC,Hour,UTC,Providing,Current,207750,207750,0.049963925033808,0,0
"2025-07-17 03:00:00","2025-07-17 04:00:00",Nederland,WindOffshoreC,Hour,UTC,Providing,Current,208750,208750,0.050204426050186,0,0
"2025-07-17 04:00:00","2025-07-17 05:00:00",Nederland,WindOffshoreC,Hour,UTC,Providing,Current,266500,266500,0.064093321561813,0,0
"2025-07-17 05:00:00","2025-07-17 06:00:00",Nederland,WindOffshoreC,Hour,UTC,Providing,Current,268750,268750,0.064634472131729,0,0
"2025-07-17 06:00:00","2025-07-17 07:00:00",Nederland,WindOffshoreC,Hour,UTC,Providing,Current,279249,279249,0.067159473896027,0,0
"2025-07-17 07:00:00","2025-07-17 08:00:00",Nederland,WindOffshoreC,Hour,UTC,Providing,Current,259501,259501,0.062410049140453,0,0
"2025-07-17 08:00:00","2025-07-17 09:00:00",Nederland,WindOffshoreC,Hour,UTC,Providing,Current,264000,264000,0.063492074608803,0,0
"2025-07-17 09:00:00","2025-07-17 10:00:00",Nederland,WindOffshoreC,Hour,UTC,Providing,Current,260500,260500,0.062650322914124,0,0
"2025-07-17 10:00:00","2025-07-17 11:00:00",Nederland,WindOffshoreC,Hour,UTC,Providing,Current,250501,250501,0.060245551168919,0,0
"2025-07-17 11:00:00","2025-07-17 12:00:00",Nederland,WindOffshoreC,Hour,UTC,Providing,Current,264500,264500,0.063612326979637,0,0
"2025-07-17 12:00:00","2025-07-17 13:00:00",Nederland,WindOffshoreC,Hour,UTC,Providing,Current,314000,314000,0.075517103075981,0,0
"2025-07-17 13:00:00","2025-07-17 14:00:00",Nederland,WindOffshoreC,Hour,UTC,Providing,Current,293500,293500,0.070586800575256,0,0
"2025-07-17 14:00:00","2025-07-17 15:00:00",Nederland,WindOffshoreC,Hour,UTC,Providing,Current,237499,237499,0.05711854994297,0,0
"2025-07-17 15:00:00","2025-07-17 16:00:00",Nederland,WindOffshoreC,Hour,UTC,Providing,Current,152250,152250,0.036616150289774,0,0
"2025-07-17 16:00:00","2025-07-17 17:00:00",Nederland,WindOffshoreC,Hour,UTC,Providing,Current,153250,153250,0.036856651306152,0,0
"2025-07-17 17:00:00","2025-07-17 18:00:00",Nederland,WindOffshoreC,Hour,UTC,Providing,Current,147251,147251,0.035413898527622,0,0
"2025-07-17 18:00:00","2025-07-17 19:00:00",Nederland,WindOffshoreC,Hour,UTC,Providing,Current,90750,90750,0.021825425326824,0,0
"2025-07-17 19:00:00","2025-07-17 20:00:00",Nederland,WindOffshoreC,Hour,UTC,Providing,Current,70249,70249,0.016894899308681,0,0
"2025-07-17 20:00:00","2025-07-17 21:00:00",Nederland,WindOffshoreC,Hour,UTC,Providing,Current,65250,65250,0.015692649409175,0,0
"2025-07-17 21:00:00","2025-07-17 22:00:00",Nederland,WindOffshoreC,Hour,UTC,Providing,Current,72000,72000,0.017316050827503,0,0
"2025-07-17 22:00:00","2025-07-17 23:00:00",Nederland,WindOffshoreC,Hour,UTC,Providing,Current,57500,57500,0.013828800059855,0,0
"2025-07-17 23:00:00","2025-07-18 00:00:00",Nederland,WindOffshoreC,Hour,UTC,Providing,Current,47250,47250,0.011363649740815,0,0
"2025-07-18 00:00:00","2025-07-18 01:00:00",Nederland,WindOffshoreC,Hour,UTC,Providing,Current,45750,45750,0.011002925224602,0,0
"2025-07-18 01:00:00","2025-07-18 02:00:00",Nederland,WindOffshoreC,Hour,UTC,Providing,Current,29750,29750,0.007154880091548,0,0
"2025-07-18 02:00:00","2025-07-18 03:00:00",Nederland,WindOffshoreC,Hour,UTC,Providing,Current,32751,32751,0.0078766327351332,0,0
"2025-07-18 03:00:00","2025-07-18 04:00:00",Nederland,WindOffshoreC,Hour,UTC,Providing,Current,86501,86501,0.02080349996686,0,0
"2025-07-18 04:00:00","2025-07-18 05:00:00",Nederland,WindOffshoreC,Hour,UTC,Providing,Current,110250,110250,0.026515150442719,0,0
"2025-07-18 05:00:00","2025-07-18 06:00:00",Nederland,WindOffshoreC,Hour,UTC,Providing,Current,140500,140500,0.033790275454521,0,0
"2025-07-18 06:00:00","2025-07-18 07:00:00",Nederland,WindOffshoreC,Hour,UTC,Providing,Current,177250,177250,0.042628649622202,0,0
"2025-07-18 07:00:00","2025-07-18 08:00:00",Nederland,WindOffshoreC,Hour,UTC,Providing,Current,124250,124250,0.029882149770856,0,0
"2025-07-18 08:00:00","2025-07-18 09:00:00",Nederland,WindOffshoreC,Hour,UTC,Providing,Current,55750,55750,0.013407874852419,0,0
"2025-07-18 09:00:00","2025-07-18 10:00:00",Nederland,WindOffshoreC,Hour,UTC,Providing,Current,35500,35500,0.0085377795621753,0,0
"2025-07-18 10:00:00","2025-07-18 11:00:00",Nederland,WindOffshoreC,Hour,UTC,Providing,Current,19751,19751,0.0047501223161817,0,0
"2025-07-18 11:00:00","2025-07-18 12:00:00",Nederland,WindOffshoreC,Hour,UTC,Providing,Current,11999,11999,0.0028857626020908,0,0
"2025-07-18 12:00:00","2025-07-18 13:00:00",Nederland,WindOffshoreC,Hour,UTC,Providing,Current,6249,6249,0.001502885017544,0,0
"2025-07-18 13:00:00","2025-07-18 14:00:00",Nederland,WindOffshoreC,Hour,UTC,Providing,Current,4000,4000,0.0009620005148463,0,0
"2025-07-18 14:00:00","2025-07-18 15:00:00",Nederland,WindOffshoreC,Hour,UTC,Providing,Current,1749,1749,0.00042063448927365,0,0
"2025-07-18 15:00:00","2025-07-18 16:00:00",Nederland,WindOffshoreC,Hour,UTC,Providing,Current,1749,1749,0.00042063448927365,0,0
"2025-07-18 16:00:00","2025-07-18 17:00:00",Nederland,WindOffshoreC,Hour,UTC,Providing,Current,4000,4000,0.00096200022380799,0,0
"2025-07-18 17:00:00","2025-07-18 18:00:00",Nederland,WindOffshoreC,Hour,UTC,Providing,Current,18251,18251,0.0043893726542592,0,0
"2025-07-18 18:00:00","2025-07-18 19:00:00",Nederland,WindOffshoreC,Hour,UTC,Providing,Current,79000,79000,0.018999524414539,0,0
"2025-07-18 19:00:00","2025-07-18 20:00:00",Nederland,WindOffshoreC,Hour,UTC,Providing,Current,302000,302000,0.072631075978279,0,0
"2025-07-18 20:00:00","2025-07-18 21:00:00",Nederland,WindOffshoreC,Hour,UTC,Providing,Current,601250,601250,0.14460074901581,0,0
"2025-07-18 21:00:00","2025-07-18 22:00:00",Nederland,WindOffshoreC,Hour,UTC,Providing,Current,1023000,1023000,0.24603174626827,0,0
"2025-07-18 22:00:00","2025-07-18 23:00:00",Nederland,WindOffshoreC,Hour,UTC,Providing,Current,1525250,1525250,0.36682298779488,0,0
"2025-07-18 23:00:00","2025-07-19 00:00:00",Nederland,WindOffshoreC,Hour,UTC,Providing,Current,1741001,1741001,0.41871151328087,0,0
"2025-07-19 00:00:00","2025-07-19 01:00:00",Nederland,WindOffshoreC,Hour,UTC,Providing,Current,1504000,1504000,0.36171224713326,0,0
"2025-07-19 01:00:00","2025-07-19 02:00:00",Nederland,WindOffshoreC,Hour,UTC,Providing,Current,1561251,1561251,0.37548100948334,0,0
"2025-07-19 02:00:00","2025-07-19 03:00:00",Nederland,WindOffshoreC,Hour,UTC,Providing,Current,1559750,1559750,0.37512001395226,0,0
"2025-07-19 03:00:00","2025-07-19 04:00:00",Nederland,WindOffshoreC,Hour,UTC,Providing,Current,1266750,1266750,0.30465376377106,0,0
"2025-07-19 04:00:00","2025-07-19 05:00:00",Nederland,WindOffshoreC,Hour,UTC,Providing,Current,940249,940249,0.22612999379635,0,0
"2025-07-19 05:00:00","2025-07-19 06:00:00",Nederland,WindOffshoreC,Hour,UTC,Providing,Current,866749,866749,0.20845325291157,0,0
"2025-07-19 06:00:00","2025-07-19 07:00:00",Nederland,WindOffshoreC,Hour,UTC,Providing,Current,866750,866750,0.20845374464989,0,0
"2025-07-19 07:00:00","2025-07-19 08:00:00",Nederland,WindOffshoreC,Hour,UTC,Providing,Current,777749,777749,0.18704874813557,0,0
"2025-07-19 08:00:00","2025-07-19 09:00:00",Nederland,WindOffshoreC,Hour,UTC,Providing,Current,716250,716250,0.17225824296474,0,0
"2025-07-19 09:00:00","2025-07-19 10:00:00",Nederland,WindOffshoreC,Hour,UTC,Providing,Current,793749,793749,0.19089649617672,0,0
"2025-07-19 10:00:00","2025-07-19 11:00:00",Nederland,WindOffshoreC,Hour,UTC,Providing,Current,983501,983501,0.23653225600719,0,0
"2025-07-19 11:00:00","2025-07-19 12:00:00",Nederland,WindOffshoreC,Hour,UTC,Providing,Current,712250,712250,0.17129650712013,0,0
"2025-07-19 12:00:00","2025-07-19 13:00:00",Nederland,WindOffshoreC,Hour,UTC,Providing,Current,778750,778750,0.18728950619698,0,0
"2025-07-19 13:00:00","2025-07-19 14:00:00",Nederland,WindOffshoreC,Hour,UTC,Providing,Current,1493750,1493750,0.35924723744392,0,0
"2025-07-19 14:00:00","2025-07-19 15:00:00",Nederland,WindOffshoreC,Hour,UTC,Providing,Current,2220251,2220251,0.53397077322006,0,0
"2025-07-19 15:00:00","2025-07-19 16:00:00",Nederland,WindOffshoreC,Hour,UTC,Providing,Current,2160000,2160000,0.5194805264473,0,0
"2025-07-19 16:00:00","2025-07-19 17:00:00",Nederland,WindOffshoreC,Hour,UTC,Providing,Current,2111750,2111750,0.50787651538849,0,0
"2025-07-19 17:00:00","2025-07-19 18:00:00",Nederland,WindOffshoreC,Hour,UTC,Providing,Current,2263250,2263250,0.54431200027466,0,0
"2025-07-19 18:00:00","2025-07-19 19:00:00",Nederland,WindOffshoreC,Hour,UTC,Providing,Current,2307000,2307000,0.55483424663544,0,0
"2025-07-19 19:00:00","2025-07-19 20:00:00",Nederland,WindOffshoreC,Hour,UTC,Providing,Current,2189500,2189500,0.52657526731491,0,0
"2025-07-19 20:00:00","2025-07-19 21:00:00",Nederland,WindOffshoreC,Hour,UTC,Providing,Current,1798750,1798750,0.43259951472282,0,0
"2025-07-19 21:00:00","2025-07-19 22:00:00",Nederland,WindOffshoreC,Hour,UTC,Providing,Current,1527999,1527999,0.36748400330544,0,0
"2025-07-19 22:00:00","2025-07-19 23:00:00",Nederland,WindOffshoreC,Hour,UTC,Providing,Current,1669499,1669499,0.40151500701904,0,0
"2025-07-19 23:00:00","2025-07-20 00:00:00",Nederland,WindOffshoreC,Hour,UTC,Providing,Current,1390250,1390250,0.33435550332069,0,0
"2025-07-20 00:00:00","2025-07-20 01:00:00",Nederland,WindOffshoreC,Hour,UTC,Providing,Current,1005001,1005001,0.24170300364494,0,0
"2025-07-20 01:00:00","2025-07-20 02:00:00",Nederland,WindOffshoreC,Hour,UTC,Providing,Current,525249,525249,0.12632274627686,0,0
"2025-07-20 02:00:00","2025-07-20 03:00:00",Nederland,WindOffshoreC,Hour,UTC,Providing,Current,353250,353250,0.08495669811964,0,0
"2025-07-20 03:00:00","2025-07-20 04:00:00",Nederland,WindOffshoreC,Hour,UTC,Providing,Current,349501,349501,0.084055200219154,0,0
"2025-07-20 04:00:00","2025-07-20 05:00:00",Nederland,WindOffshoreC,Hour,UTC,Providing,Current,130250,130250,0.031325150281191,0,0
"2025-07-20 05:00:00","2025-07-20 06:00:00",Nederland,WindOffshoreC,Hour,UTC,Providing,Current,79250,79250,0.019059674814343,0,0
"2025-07-20 06:00:00","2025-07-20 07:00:00",Nederland,WindOffshoreC,Hour,UTC,Providing,Current,156250,156250,0.037578176707029,0,0
"2025-07-20 07:00:00","2025-07-20 08:00:00",Nederland,WindOffshoreC,Hour,UTC,Providing,Current,155501,155501,0.037397999316454,0,0
"2025-07-20 08:00:00","2025-07-20 09:00:00",Nederland,WindOffshoreC,Hour,UTC,Providing,Current,167000,167000,0.040163524448872,0,0
"2025-07-20 09:00:00","2025-07-20 10:00:00",Nederland,WindOffshoreC,Hour,UTC,Providing,Current,137749,137749,0.033128675073385,0,0
"2025-07-20 10:00:00","2025-07-20 11:00:00",Nederland,WindOffshoreC,Hour,UTC,Providing,Current,165000,165000,0.039682548493147,0,0
"2025-07-20 11:00:00","2025-07-20 12:00:00",Nederland,WindOffshoreC,Hour,UTC,Providing,Current,147750,147750,0.035533901304007,0,0
"2025-07-20 12:00:00","2025-07-20 13:00:00",Nederland,WindOffshoreC,Hour,UTC,Providing,Current,802250,802250,0.19294150173664,0,0
"2025-07-20 13:00:00","2025-07-20 14:00:00",Nederland,WindOffshoreC,Hour,UTC,Providing,Current,811001,811001,0.19504599273205,0,0
"2025-07-20 14:00:00","2025-07-20 15:00:00",Nederland,WindOffshoreC,Hour,UTC,Providing,Current,917250,917250,0.220598757267,0,0
"2025-07-20 15:00:00","2025-07-20 16:00:00",Nederland,WindOffshoreC,Hour,UTC,Providing,Current,516000,516000,0.1240982785821,0,0
"2025-07-20 16:00:00","2025-07-20 17:00:00",Nederland,WindOffshoreC,Hour,UTC,Providing,Current,239500,239500,0.057599823921919,0,0
"2025-07-20 17:00:00","2025-07-20 18:00:00",Nederland,WindOffshoreC,Hour,UTC,Providing,Current,257500,257500,0.061928823590279,0,0
"2025-07-20 18:00:00","2025-07-20 19:00:00",Nederland,WindOffshoreC,Hour,UTC,Providing,Current,213999,213999,0.051466826349497,0,0
"2025-07-20 19:00:00","2025-07-20 20:00:00",Nederland,WindOffshoreC,Hour,UTC,Providing,Current,173750,173750,0.041786901652813,0,0
"2025-07-20 20:00:00","2025-07-20 21:00:00",Nederland,WindOffshoreC,Hour,UTC,Providing,Current,325501,325501,0.078283071517944,0,0
"2025-07-20 21:00:00","2025-07-20 22:00:00",Nederland,WindOffshoreC,Hour,UTC,Providing,Current,429749,429749,0.10335467755795,0,0
"2025-07-20 22:00:00","2025-07-20 23:00:00",Nederland,WindOffshoreC,Hour,UTC,Providing,Current,657750,657750,0.15818899869919,0,0
"2025-07-20 23:00:00","2025-07-21 00:00:00",Nederland,WindOffshoreC,Hour,UTC,Providing,Current,507251,507251,0.12199424952269,0,0
"2025-07-21 00:00:00","2025-07-21 01:00:00",Nederland,WindOffshoreC,Hour,UTC,Providing,Current,461500,461500,0.11099074780941,0,0
"2025-07-21 01:00:00","2025-07-21 02:00:00",Nederland,WindOffshoreC,Hour,UTC,Providing,Current,693500,693500,0.16678699851036,0,0
"2025-07-21 02:00:00","2025-07-21 03:00:00",Nederland,WindOffshoreC,Hour,UTC,Providing,Current,1141002,1141002,0.27441099286079,0,0
"2025-07-21 03:00:00","2025-07-21 04:00:00",Nederland,WindOffshoreC,Hour,UTC,Providing,Current,1200500,1200500,0.28872048854828,0,0
"2025-07-21 04:00:00","2025-07-21 05:00:00",Nederland,WindOffshoreC,Hour,UTC,Providing,Current,1496000,1496000,0.35978823900223,0,0
"2025-07-21 05:00:00","2025-07-21 06:00:00",Nederland,WindOffshoreC,Hour,UTC,Providing,Current,1547751,1547751,0.37223425507545,0,0
"2025-07-21 06:00:00","2025-07-21 07:00:00",Nederland,WindOffshoreC,Hour,UTC,Providing,Current,1781000,1781000,0.4283307492733,0,0
"2025-07-21 07:00:00","2025-07-21 08:00:00",Nederland,WindOffshoreC,Hour,UTC,Providing,Current,2057750,2057750,0.49488925933838,0,0
"2025-07-21 08:00:00","2025-07-21 09:00:00",Nederland,WindOffshoreC,Hour,UTC,Providing,Current,1675000,1675000,0.40283799171448,0,0
"2025-07-21 09:00:00","2025-07-21 10:00:00",Nederland,WindOffshoreC,Hour,UTC,Providing,Current,1240750,1240750,0.29840049147606,0,0
"2025-07-21 10:00:00","2025-07-21 11:00:00",Nederland,WindOffshoreC,Hour,UTC,Providing,Current,1107251,1107251,0.26629400253296,0,0
"2025-07-21 11:00:00","2025-07-21 12:00:00",Nederland,WindOffshoreC,Hour,UTC,Providing,Current,1103001,1103001,0.26527199149132,0,0
"2025-07-21 12:00:00","2025-07-21 13:00:00",Nederland,WindOffshoreC,Hour,UTC,Providing,Current,805749,805749,0.1937824934721,0,0
"2025-07-21 13:00:00","2025-07-21 14:00:00",Nederland,WindOffshoreC,Hour,UTC,Providing,Current,627000,627000,0.15079374611378,0,0
"2025-07-21 14:00:00","2025-07-21 15:00:00",Nederland,WindOffshoreC,Hour,UTC,Providing,Current,550000,550000,0.13227525353432,0,0
"2025-07-21 15:00:00","2025-07-21 16:00:00",Nederland,WindOffshoreC,Hour,UTC,Providing,Current,490250,490250,0.1179052516818,0,0
"2025-07-21 16:00:00","2025-07-21 17:00:00",Nederland,WindOffshoreC,Hour,UTC,Providing,Current,432000,432000,0.10389605164528,0,0
"2025-07-21 17:00:00","2025-07-21 18:00:00",Nederland,WindOffshoreC,Hour,UTC,Providing,Current,393750,393750,0.094696924090385,0,0
"2025-07-21 18:00:00","2025-07-21 19:00:00",Nederland,WindOffshoreC,Hour,UTC,Providing,Current,366000,366000,0.088023096323013,0,0
"2025-07-21 19:00:00","2025-07-21 20:00:00",Nederland,WindOffshoreC,Hour,UTC,Providing,Current,405750,405750,0.097582899034023,0,0
"2025-07-21 20:00:00","2025-07-21 21:00:00",Nederland,WindOffshoreC,Hour,UTC,Providing,Current,520752,520752,0.12524074316025,0,0
"2025-07-21 21:00:00","2025-07-21 22:00:00",Nederland,WindOffshoreC,Hour,UTC,Providing,Current,491502,491502,0.11820650100708,0,0
"2025-07-21 22:00:00","2025-07-21 23:00:00",Nederland,WindOffshoreC,Hour,UTC,Providing,Current,617000,617000,0.14838850498199,0,0
"2025-07-21 23:00:00","2025-07-22 00:00:00",Nederland,WindOffshoreC,Hour,UTC,Providing,Current,741000,741000,0.17821049690247,0,0
"2025-07-22 00:00:00","2025-07-22 01:00:00",Nederland,WindOffshoreC,Hour,UTC,Providing,Current,846249,846249,0.20352324843407,0,0
"2025-07-22 01:00:00","2025-07-22 02:00:00",Nederland,WindOffshoreC,Hour,UTC,Providing,Current,919500,919500,0.22113999724388,0,0
"2025-07-22 02:00:00","2025-07-22 03:00:00",Nederland,WindOffshoreC,Hour,UTC,Providing,Current,796000,796000,0.1914380043745,0,0
"2025-07-22 03:00:00","2025-07-22 04:00:00",Nederland,WindOffshoreC,Hour,UTC,Providing,Current,719999,719999,0.17316000163555,0,0
"2025-07-22 04:00:00","2025-07-22 05:00:00",Nederland,WindOffshoreC,Hour,UTC,Providing,Current,647000,647000,0.15560375154018,0,0
"2025-07-22 05:00:00","2025-07-22 06:00:00",Nederland,WindOffshoreC,Hour,UTC,Providing,Current,922249,922249,0.22180125117302,0,0
"2025-07-22 06:00:00","2025-07-22 07:00:00",Nederland,WindOffshoreC,Hour,UTC,Providing,Current,1051250,1051250,0.25282573699951,0,0
"2025-07-22 07:00:00","2025-07-22 08:00:00",Nederland,WindOffshoreC,Hour,UTC,Providing,Current,1187500,1187500,0.28559398651123,0,0
"2025-07-22 08:00:00","2025-07-22 09:00:00",Nederland,WindOffshoreC,Hour,UTC,Providing,Current,1149499,1149499,0.27645498514175,0,0
"2025-07-22 09:00:00","2025-07-22 10:00:00",Nederland,WindOffshoreC,Hour,UTC,Providing,Current,1015500,1015500,0.2442277520895,0,0
"2025-07-22 10:00:00","2025-07-22 11:00:00",Nederland,WindOffshoreC,Hour,UTC,Providing,Current,1050251,1050251,0.25258550047874,0,0
"2025-07-22 11:00:00","2025-07-22 12:00:00",Nederland,WindOffshoreC,Hour,UTC,Providing,Current,1285500,1285500,0.30916300415993,0,0
"2025-07-22 12:00:00","2025-07-22 13:00:00",Nederland,WindOffshoreC,Hour,UTC,Providing,Current,1385751,1385751,0.33327350020409,0,0
"2025-07-22 13:00:00","2025-07-22 14:00:00",Nederland,WindOffshoreC,Hour,UTC,Providing,Current,895499,895499,0.21536749601364,0,0
"2025-07-22 14:00:00","2025-07-22 15:00:00",Nederland,WindOffshoreC,Hour,UTC,Providing,Current,1076750,1076750,0.25895875692368,0,0
"2025-07-22 15:00:00","2025-07-22 16:00:00",Nederland,WindOffshoreC,Hour,UTC,Providing,Current,1343499,1343499,0.32311174273491,0,0
"2025-07-22 16:00:00","2025-07-22 17:00:00",Nederland,WindOffshoreC,Hour,UTC,Providing,Current,1391999,1391999,0.33477601408958,0,0
"2025-07-22 17:00:00","2025-07-22 18:00:00",Nederland,WindOffshoreC,Hour,UTC,Providing,Current,1281500,1281500,0.30820098519325,0,0
"2025-07-22 18:00:00","2025-07-22 19:00:00",Nederland,WindOffshoreC,Hour,UTC,Providing,Current,1339750,1339750,0.32221001386642,0,0
"2025-07-22 19:00:00","2025-07-22 20:00:00",Nederland,WindOffshoreC,Hour,UTC,Providing,Current,1792751,1792751,0.43115675449371,0,0
"2025-07-22 20:00:00","2025-07-22 21:00:00",Nederland,WindOffshoreC,Hour,UTC,Providing,Current,1793250,1793250,0.43127700686455,0,0
"2025-07-22 21:00:00","2025-07-22 22:00:00",Nederland,WindOffshoreC,Hour,UTC,Providing,Current,1005001,1005001,0.24170300364494,0,0
"2025-07-22 22:00:00","2025-07-22 23:00:00",Nederland,WindOffshoreC,Hour,UTC,Providing,Current,740500,740500,0.17809049785137,0,0
"2025-07-22 23:00:00","2025-07-23 00:00:00",Nederland,WindOffshoreC,Hour,UTC,Providing,Current,967749,967749,0.23274399340153,0,0
"2025-07-23 00:00:00","2025-07-23 01:00:00",Nederland,WindOffshoreC,Hour,UTC,Providing,Current,1048749,1048749,0.25222450494766,0,0
"2025-07-23 01:00:00","2025-07-23 02:00:00",Nederland,WindOffshoreC,Hour,UTC,Providing,Current,924250,924250,0.2222822457552,0,0
"2025-07-23 02:00:00","2025-07-23 03:00:00",Nederland,WindOffshoreC,Hour,UTC,Providing,Current,669250,669250,0.16095474362373,0,0
"2025-07-23 03:00:00","2025-07-23 04:00:00",Nederland,WindOffshoreC,Hour,UTC,Providing,Current,462500,462500,0.11123127490282,0,0
"2025-07-23 04:00:00","2025-07-23 05:00:00",Nederland,WindOffshoreC,Hour,UTC,Providing,Current,318999,318999,0.07671932131052,0,0
"2025-07-23 05:00:00","2025-07-23 06:00:00",Nederland,WindOffshoreC,Hour,UTC,Providing,Current,301250,301250,0.072450697422028,0,0
"2025-07-23 06:00:00","2025-07-23 07:00:00",Nederland,WindOffshoreC,Hour,UTC,Providing,Current,285249,285249,0.068602450191975,0,0
"2025-07-23 07:00:00","2025-07-23 08:00:00",Nederland,WindOffshoreC,Hour,UTC,Providing,Current,253500,253500,0.060966849327087,0,0
"2025-07-23 08:00:00","2025-07-23 09:00:00",Nederland,WindOffshoreC,Hour,UTC,Providing,Current,334998,334998,0.080567099153996,0,0
"2025-07-23 09:00:00","2025-07-23 10:00:00",Nederland,WindOffshoreC,Hour,UTC,Providing,Current,314250,314250,0.075577221810818,0,0
"2025-07-23 10:00:00","2025-07-23 11:00:00",Nederland,WindOffshoreC,Hour,UTC,Providing,Current,299500,299500,0.07202985137701,0,0
"2025-07-23 11:00:00","2025-07-23 12:00:00",Nederland,WindOffshoreC,Hour,UTC,Providing,Current,288000,288000,0.069264076650143,0,0
"2025-07-23 12:00:00","2025-07-23 13:00:00",Nederland,WindOffshoreC,Hour,UTC,Providing,Current,267250,267250,0.064273677766323,0,0
"2025-07-23 13:00:00","2025-07-23 14:00:00",Nederland,WindOffshoreC,Hour,UTC,Providing,Current,334500,334500,0.080447301268578,0,0
"2025-07-23 14:00:00","2025-07-23 15:00:00",Nederland,WindOffshoreC,Hour,UTC,Providing,Current,408999,408999,0.098364301025867,0,0
"2025-07-23 15:00:00","2025-07-23 16:00:00",Nederland,WindOffshoreC,Hour,UTC,Providing,Current,530750,530750,0.12764549255371,0,0
"2025-07-23 16:00:00","2025-07-23 17:00:00",Nederland,WindOffshoreC,Hour,UTC,Providing,Current,523749,523749,0.12596175074577,0,0
"2025-07-23 17:00:00","2025-07-23 18:00:00",Nederland,WindOffshoreC,Hour,UTC,Providing,Current,512001,512001,0.123136498034,0,0
"2025-07-23 18:00:00","2025-07-23 19:00:00",Nederland,WindOffshoreC,Hour,UTC,Providing,Current,400750,400750,0.096380546689034,0,0
"2025-07-23 19:00:00","2025-07-23 20:00:00",Nederland,WindOffshoreC,Hour,UTC,Providing,Current,385501,385501,0.092713125050068,0,0
"2025-07-23 20:00:00","2025-07-23 21:00:00",Nederland,WindOffshoreC,Hour,UTC,Providing,Current,393501,393501,0.09463707357645,0,0
"2025-07-23 21:00:00","2025-07-23 22:00:00",Nederland,WindOffshoreC,Hour,UTC,Providing,Current,524000,524000,0.12602199614048,0,0
"2025-07-23 22:00:00","2025-07-23 23:00:00",Nederland,WindOffshoreC,Hour,UTC,Providing,Current,465501,465501,0.11195330321789,0,0
"2025-07-23 23:00:00","2025-07-24 00:00:00",Nederland,WindOffshoreC,Hour,UTC,Providing,Current,371250,371250,0.089285723865032,0,0
"2025-07-24 00:00:00","2025-07-24 01:00:00",Nederland,WindOffshoreC,Hour,UTC,Providing,Current,436500,436500,0.10497830063105,0,0
"2025-07-24 01:00:00","2025-07-24 02:00:00",Nederland,WindOffshoreC,Hour,UTC,Providing,Current,543750,543750,0.13077199459076,0,0
"2025-07-24 02:00:00","2025-07-24 03:00:00",Nederland,WindOffshoreC,Hour,UTC,Providing,Current,374249,374249,0.090006902813911,0,0
"2025-07-24 03:00:00","2025-07-24 04:00:00",Nederland,WindOffshoreC,Hour,UTC,Providing,Current,221499,221499,0.053270574659109,0,0
"2025-07-24 04:00:00","2025-07-24 05:00:00",Nederland,WindOffshoreC,Hour,UTC,Providing,Current,347250,347250,0.083513602614403,0,0
"2025-07-24 05:00:00","2025-07-24 06:00:00",Nederland,WindOffshoreC,Hour,UTC,Providing,Current,425250,425250,0.10227295011282,0,0
"2025-07-24 06:00:00","2025-07-24 07:00:00",Nederland,WindOffshoreC,Hour,UTC,Providing,Current,333250,333250,0.080146722495556,0,0
"2025-07-24 07:00:00","2025-07-24 08:00:00",Nederland,WindOffshoreC,Hour,UTC,Providing,Current,219000,219000,0.052669573575258,0,0
"2025-07-24 08:00:00","2025-07-24 09:00:00",Nederland,WindOffshoreC,Hour,UTC,Providing,Current,147000,147000,0.035353526473045,0,0
"2025-07-24 09:00:00","2025-07-24 10:00:00",Nederland,WindOffshoreC,Hour,UTC,Providing,Current,92501,92501,0.022246500477195,0,0
"2025-07-24 10:00:00","2025-07-24 11:00:00",Nederland,WindOffshoreC,Hour,UTC,Providing,Current,112749,112749,0.027116175740957,0,0
"2025-07-24 11:00:00","2025-07-24 12:00:00",Nederland,WindOffshoreC,Hour,UTC,Providing,Current,106501,106501,0.025613499805331,0,0
"2025-07-24 12:00:00","2025-07-24 13:00:00",Nederland,WindOffshoreC,Hour,UTC,Providing,Current,218749,218749,0.052609201520681,0,0
"2025-07-24 13:00:00","2025-07-24 14:00:00",Nederland,WindOffshoreC,Hour,UTC,Providing,Current,228750,228750,0.055014450103045,0,0
"2025-07-24 14:00:00","2025-07-24 15:00:00",Nederland,WindOffshoreC,Hour,UTC,Providing,Current,168251,168251,0.040464401245117,0,0
"2025-07-24 15:00:00","2025-07-24 16:00:00",Nederland,WindOffshoreC,Hour,UTC,Providing,Current,135501,135501,0.032588023692369,0,0
"2025-07-24 16:00:00","2025-07-24 17:00:00",Nederland,WindOffshoreC,Hour,UTC,Providing,Current,180749,180749,0.043470174074173,0,0
"2025-07-24 17:00:00","2025-07-24 18:00:00",Nederland,WindOffshoreC,Hour,UTC,Providing,Current,288001,288001,0.069264322519302,0,0
"2025-07-24 18:00:00","2025-07-24 19:00:00",Nederland,WindOffshoreC,Hour,UTC,Providing,Current,503000,503000,0.12097150087357,0,0
"2025-07-24 19:00:00","2025-07-24 20:00:00",Nederland,WindOffshoreC,Hour,UTC,Providing,Current,581001,581001,0.13973100483418,0,0
"2025-07-24 20:00:00","2025-07-24 21:00:00",Nederland,WindOffshoreC,Hour,UTC,Providing,Current,611000,611000,0.14694574475288,0,0
"2025-07-24 21:00:00","2025-07-24 22:00:00",Nederland,WindOffshoreC,Hour,UTC,Providing,Current,536999,536999,0.12914824485779,0,0
"2025-07-24 22:00:00","2025-07-24 23:00:00",Nederland,WindOffshoreC,Hour,UTC,Providing,Current,561750,561750,0.13510100543499,0,0
"2025-07-24 23:00:00","2025-07-25 00:00:00",Nederland,WindOffshoreC,Hour,UTC,Providing,Current,726501,726501,0.1747237443924,0,0
"2025-07-25 00:00:00","2025-07-25 01:00:00",Nederland,WindOffshoreC,Hour,UTC,Providing,Current,762000,762000,0.18326149880886,0,0
"2025-07-25 01:00:00","2025-07-25 02:00:00",Nederland,WindOffshoreC,Hour,UTC,Providing,Current,766000,766000,0.18422299623489,0,0
"2025-07-25 02:00:00","2025-07-25 03:00:00",Nederland,WindOffshoreC,Hour,UTC,Providing,Current,1117749,1117749,0.26881924271584,0,0
"2025-07-25 03:00:00","2025-07-25 04:00:00",Nederland,WindOffshoreC,Hour,UTC,Providing,Current,926500,926500,0.22282350063324,0,0
"2025-07-25 04:00:00","2025-07-25 05:00:00",Nederland,WindOffshoreC,Hour,UTC,Providing,Current,763250,763250,0.18356175720692,0,0
"2025-07-25 05:00:00","2025-07-25 06:00:00",Nederland,WindOffshoreC,Hour,UTC,Providing,Current,846249,846249,0.20352299511433,0,0
"2025-07-25 06:00:00","2025-07-25 07:00:00",Nederland,WindOffshoreC,Hour,UTC,Providing,Current,749499,749499,0.18025499582291,0,0
"2025-07-25 07:00:00","2025-07-25 08:00:00",Nederland,WindOffshoreC,Hour,UTC,Providing,Current,495250,495250,0.11910775303841,0,0
"2025-07-25 08:00:00","2025-07-25 09:00:00",Nederland,WindOffshoreC,Hour,UTC,Providing,Current,424500,424500,0.10209230333567,0,0
"2025-07-25 09:00:00","2025-07-25 10:00:00",Nederland,WindOffshoreC,Hour,UTC,Providing,Current,459500,459500,0.11050999909639,0,0
"2025-07-25 10:00:00","2025-07-25 11:00:00",Nederland,WindOffshoreC,Hour,UTC,Providing,Current,450750,450750,0.10840550065041,0,0
"2025-07-25 11:00:00","2025-07-25 12:00:00",Nederland,WindOffshoreC,Hour,UTC,Providing,Current,315250,315250,0.075817696750164,0,0
"2025-07-25 12:00:00","2025-07-25 13:00:00",Nederland,WindOffshoreC,Hour,UTC,Providing,Current,136250,136250,0.032768148928881,0,0
"2025-07-25 13:00:00","2025-07-25 14:00:00",Nederland,WindOffshoreC,Hour,UTC,Providing,Current,157500,157500,0.037878751754761,0,0
"2025-07-25 14:00:00","2025-07-25 15:00:00",Nederland,WindOffshoreC,Hour,UTC,Providing,Current,216500,216500,0.052068300545216,0,0
"2025-07-25 15:00:00","2025-07-25 16:00:00",Nederland,WindOffshoreC,Hour,UTC,Providing,Current,180249,180249,0.043349925428629,0,0
"2025-07-25 16:00:00","2025-07-25 17:00:00",Nederland,WindOffshoreC,Hour,UTC,Providing,Current,81252,81252,0.019541125744581,0,0
"2025-07-25 17:00:00","2025-07-25 18:00:00",Nederland,WindOffshoreC,Hour,UTC,Providing,Current,50500,50500,0.012145275250077,0,0
"2025-07-25 18:00:00","2025-07-25 19:00:00",Nederland,WindOffshoreC,Hour,UTC,Providing,Current,23000,23000,0.0055315052159131,0,0
"2025-07-25 19:00:00","2025-07-25 20:00:00",Nederland,WindOffshoreC,Hour,UTC,Providing,Current,15000,15000,0.0036075001116842,0,0
"2025-07-25 20:00:00","2025-07-25 21:00:00",Nederland,WindOffshoreC,Hour,UTC,Providing,Current,32499,32499,0.0078160250559449,0,0
"2025-07-25 21:00:00","2025-07-25 22:00:00",Nederland,WindOffshoreC,Hour,UTC,Providing,Current,106750,106750,0.025673374533653,0,0
"2025-07-25 22:00:00","2025-07-25 23:00:00",Nederland,WindOffshoreC,Hour,UTC,Providing,Current,188749,188749,0.04539417475462,0,0
"2025-07-25 23:00:00","2025-07-26 00:00:00",Nederland,WindOffshoreC,Hour,UTC,Providing,Current,294750,294750,0.070887446403503,0,0
"2025-07-26 00:00:00","2025-07-26 01:00:00",Nederland,WindOffshoreC,Hour,UTC,Providing,Current,389501,389501,0.093675203621387,0,0
"2025-07-26 01:00:00","2025-07-26 02:00:00",Nederland,WindOffshoreC,Hour,UTC,Providing,Current,478750,478750,0.11513925343752,0,0
"2025-07-26 02:00:00","2025-07-26 03:00:00",Nederland,WindOffshoreC,Hour,UTC,Providing,Current,599750,599750,0.14424024522305,0,0
"2025-07-26 03:00:00","2025-07-26 04:00:00",Nederland,WindOffshoreC,Hour,UTC,Providing,Current,691251,691251,0.16624599695206,0,0
"2025-07-26 04:00:00","2025-07-26 05:00:00",Nederland,WindOffshoreC,Hour,UTC,Providing,Current,787250,787250,0.18933375179768,0,0
"2025-07-26 05:00:00","2025-07-26 06:00:00",Nederland,WindOffshoreC,Hour,UTC,Providing,Current,827750,827750,0.1990742534399,0,0
"2025-07-26 06:00:00","2025-07-26 07:00:00",Nederland,WindOffshoreC,Hour,UTC,Providing,Current,910000,910000,0.21885524690151,0,0
"2025-07-26 07:00:00","2025-07-26 08:00:00",Nederland,WindOffshoreC,Hour,UTC,Providing,Current,1126249,1126249,0.27086299657822,0,0
"2025-07-26 08:00:00","2025-07-26 09:00:00",Nederland,WindOffshoreC,Hour,UTC,Providing,Current,1044999,1044999,0.25132250785828,0,0
"2025-07-26 09:00:00","2025-07-26 10:00:00",Nederland,WindOffshoreC,Hour,UTC,Providing,Current,1233501,1233501,0.29665726423264,0,0
"2025-07-26 10:00:00","2025-07-26 11:00:00",Nederland,WindOffshoreC,Hour,UTC,Providing,Current,1251250,1251250,0.30092576146126,0,0
"2025-07-26 11:00:00","2025-07-26 12:00:00",Nederland,WindOffshoreC,Hour,UTC,Providing,Current,1269500,1269500,0.30531498789787,0,0
"2025-07-26 12:00:00","2025-07-26 13:00:00",Nederland,WindOffshoreC,Hour,UTC,Providing,Current,956750,956750,0.23009850084782,0,0
"2025-07-26 13:00:00","2025-07-26 14:00:00",Nederland,WindOffshoreC,Hour,UTC,Providing,Current,758251,758251,0.18235950171947,0,0
"2025-07-26 14:00:00","2025-07-26 15:00:00",Nederland,WindOffshoreC,Hour,UTC,Providing,Current,713499,713499,0.17159649729729,0,0
"2025-07-26 15:00:00","2025-07-26 16:00:00",Nederland,WindOffshoreC,Hour,UTC,Providing,Current,728500,728500,0.17520450055599,0,0
"2025-07-26 16:00:00","2025-07-26 17:00:00",Nederland,WindOffshoreC,Hour,UTC,Providing,Current,656001,656001,0.15776850283146,0,0
"2025-07-26 17:00:00","2025-07-26 18:00:00",Nederland,WindOffshoreC,Hour,UTC,Providing,Current,659000,659000,0.15848974883556,0,0
"2025-07-26 18:00:00","2025-07-26 19:00:00",Nederland,WindOffshoreC,Hour,UTC,Providing,Current,609000,609000,0.14646475017071,0,0
"2025-07-26 19:00:00","2025-07-26 20:00:00",Nederland,WindOffshoreC,Hour,UTC,Providing,Current,458500,458500,0.11026937514544,0,0
"2025-07-26 20:00:00","2025-07-26 21:00:00",Nederland,WindOffshoreC,Hour,UTC,Providing,Current,455000,455000,0.10942767560482,0,0
"2025-07-26 21:00:00","2025-07-26 22:00:00",Nederland,WindOffshoreC,Hour,UTC,Providing,Current,463750,463750,0.11153195053339,0,0
"2025-07-26 22:00:00","2025-07-26 23:00:00",Nederland,WindOffshoreC,Hour,UTC,Providing,Current,431500,431500,0.10377574712038,0,0
"2025-07-26 23:00:00","2025-07-27 00:00:00",Nederland,WindOffshoreC,Hour,UTC,Providing,Current,396500,396500,0.095358327031136,0,0
"2025-07-27 00:00:00","2025-07-27 01:00:00",Nederland,WindOffshoreC,Hour,UTC,Providing,Current,390250,390250,0.0938550978899,0,0
"2025-07-27 01:00:00","2025-07-27 02:00:00",Nederland,WindOffshoreC,Hour,UTC,Providing,Current,569749,569749,0.13702474534512,0,0
"2025-07-27 02:00:00","2025-07-27 03:00:00",Nederland,WindOffshoreC,Hour,UTC,Providing,Current,761501,761501,0.18314099311829,0,0
"2025-07-27 03:00:00","2025-07-27 04:00:00",Nederland,WindOffshoreC,Hour,UTC,Providing,Current,692750,692750,0.16660675406456,0,0
"2025-07-27 04:00:00","2025-07-27 05:00:00",Nederland,WindOffshoreC,Hour,UTC,Providing,Current,651251,651251,0.1566260010004,0,0
"2025-07-27 05:00:00","2025-07-27 06:00:00",Nederland,WindOffshoreC,Hour,UTC,Providing,Current,549500,549500,0.13215500116348,0,0
"2025-07-27 06:00:00","2025-07-27 07:00:00",Nederland,WindOffshoreC,Hour,UTC,Providing,Current,484751,484751,0.1165826022625,0,0
"2025-07-27 07:00:00","2025-07-27 08:00:00",Nederland,WindOffshoreC,Hour,UTC,Providing,Current,387500,387500,0.093193851411343,0,0
"2025-07-27 08:00:00","2025-07-27 09:00:00",Nederland,WindOffshoreC,Hour,UTC,Providing,Current,291000,291000,0.069985575973988,0,0
"2025-07-27 09:00:00","2025-07-27 10:00:00",Nederland,WindOffshoreC,Hour,UTC,Providing,Current,206751,206751,0.049723673611879,0,0
"2025-07-27 10:00:00","2025-07-27 11:00:00",Nederland,WindOffshoreC,Hour,UTC,Providing,Current,204999,204999,0.049302276223898,0,0
"2025-07-27 11:00:00","2025-07-27 12:00:00",Nederland,WindOffshoreC,Hour,UTC,Providing,Current,278500,278500,0.066979348659515,0,0
"2025-07-27 12:00:00","2025-07-27 13:00:00",Nederland,WindOffshoreC,Hour,UTC,Providing,Current,305001,305001,0.073352828621864,0,0
"2025-07-27 13:00:00","2025-07-27 14:00:00",Nederland,WindOffshoreC,Hour,UTC,Providing,Current,442250,442250,0.10636124759912,0,0
"2025-07-27 14:00:00","2025-07-27 15:00:00",Nederland,WindOffshoreC,Hour,UTC,Providing,Current,816750,816750,0.19642849266529,0,0
"2025-07-27 15:00:00","2025-07-27 16:00:00",Nederland,WindOffshoreC,Hour,UTC,Providing,Current,1254249,1254249,0.30164751410484,0,0
"2025-07-27 16:00:00","2025-07-27 17:00:00",Nederland,WindOffshoreC,Hour,UTC,Providing,Current,1364750,1364750,0.32822251319885,0,0
"2025-07-27 17:00:00","2025-07-27 18:00:00",Nederland,WindOffshoreC,Hour,UTC,Providing,Current,1235000,1235000,0.29701799154282,0,0
"2025-07-27 18:00:00","2025-07-27 19:00:00",Nederland,WindOffshoreC,Hour,UTC,Providing,Current,1169750,1169750,0.28132525086403,0,0
"2025-07-27 19:00:00","2025-07-27 20:00:00",Nederland,WindOffshoreC,Hour,UTC,Providing,Current,1217000,1217000,0.29268875718117,0,0
"2025-07-27 20:00:00","2025-07-27 21:00:00",Nederland,WindOffshoreC,Hour,UTC,Providing,Current,1137000,1137000,0.27344849705696,0,0
"2025-07-27 21:00:00","2025-07-27 22:00:00",Nederland,WindOffshoreC,Hour,UTC,Providing,Current,1419000,1419000,0.34126999974251,0,0
"2025-07-27 22:00:00","2025-07-27 23:00:00",Nederland,WindOffshoreC,Hour,UTC,Providing,Current,1372999,1372999,0.33020675182343,0,0
"2025-07-27 23:00:00","2025-07-28 00:00:00",Nederland,WindOffshoreC,Hour,UTC,Providing,Current,1620500,1620500,0.38973051309586,0,0
"2025-07-28 00:00:00","2025-07-28 01:00:00",Nederland,WindOffshoreC,Hour,UTC,Providing,Current,2127500,2127500,0.51166427135468,0,0
"2025-07-28 01:00:00","2025-07-28 02:00:00",Nederland,WindOffshoreC,Hour,UTC,Providing,Current,2040249,2040249,0.49068024754524,0,0
"2025-07-28 02:00:00","2025-07-28 03:00:00",Nederland,WindOffshoreC,Hour,UTC,Providing,Current,1910000,1910000,0.45935550332069,0,0
"2025-07-28 03:00:00","2025-07-28 04:00:00",Nederland,WindOffshoreC,Hour,UTC,Providing,Current,1835499,1835499,0.44143798947334,0,0
"2025-07-28 04:00:00","2025-07-28 05:00:00",Nederland,WindOffshoreC,Hour,UTC,Providing,Current,1601000,1601000,0.38504076004028,0,0
"2025-07-28 05:00:00","2025-07-28 06:00:00",Nederland,WindOffshoreC,Hour,UTC,Providing,Current,1562250,1562250,0.37572151422501,0,0
"2025-07-28 06:00:00","2025-07-28 07:00:00",Nederland,WindOffshoreC,Hour,UTC,Providing,Current,1176001,1176001,0.28282850980759,0,0
"2025-07-28 07:00:00","2025-07-28 08:00:00",Nederland,WindOffshoreC,Hour,UTC,Providing,Current,1153500,1153500,0.27741700410843,0,0
"2025-07-28 08:00:00","2025-07-28 09:00:00",Nederland,WindOffshoreC,Hour,UTC,Providing,Current,1276500,1276500,0.30699849128723,0,0
"2025-07-28 09:00:00","2025-07-28 10:00:00",Nederland,WindOffshoreC,Hour,UTC,Providing,Current,1480752,1480752,0.35612124204636,0,0
"2025-07-28 10:00:00","2025-07-28 11:00:00",Nederland,WindOffshoreC,Hour,UTC,Providing,Current,1497500,1497500,0.36014899611473,0,0
"2025-07-28 11:00:00","2025-07-28 12:00:00",Nederland,WindOffshoreC,Hour,UTC,Providing,Current,1444500,1444500,0.34740275144577,0,0
"2025-07-28 12:00:00","2025-07-28 13:00:00",Nederland,WindOffshoreC,Hour,UTC,Providing,Current,1456750,1456750,0.35034874081612,0,0
"2025-07-28 13:00:00","2025-07-28 14:00:00",Nederland,WindOffshoreC,Hour,UTC,Providing,Current,1491750,1491750,0.35876625776291,0,0
"2025-07-28 14:00:00","2025-07-28 15:00:00",Nederland,WindOffshoreC,Hour,UTC,Providing,Current,1490749,1490749,0.35852551460266,0,0
"2025-07-28 15:00:00","2025-07-28 16:00:00",Nederland,WindOffshoreC,Hour,UTC,Providing,Current,1336250,1336250,0.32136848568916,0,0
"2025-07-28 16:00:00","2025-07-28 17:00:00",Nederland,WindOffshoreC,Hour,UTC,Providing,Current,963000,963000,0.23160199820995,0,0
"2025-07-28 17:00:00","2025-07-28 18:00:00",Nederland,WindOffshoreC,Hour,UTC,Providing,Current,780750,780750,0.18777050077915,0,0
"2025-07-28 18:00:00","2025-07-28 19:00:00",Nederland,WindOffshoreC,Hour,UTC,Providing,Current,503251,503251,0.12103194743395,0,0
"2025-07-28 19:00:00","2025-07-28 20:00:00",Nederland,WindOffshoreC,Hour,UTC,Providing,Current,365749,365749,0.087962701916695,0,0
"2025-07-28 20:00:00","2025-07-28 21:00:00",Nederland,WindOffshoreC,Hour,UTC,Providing,Current,427000,427000,0.10269367694855,0,0
"2025-07-28 21:00:00","2025-07-28 22:00:00",Nederland,WindOffshoreC,Hour,UTC,Providing,Current,802250,802250,0.19294150173664,0,0
"2025-07-28 22:00:00","2025-07-28 23:00:00",Nederland,WindOffshoreC,Hour,UTC,Providing,Current,813749,813749,0.19570675492287,0,0
"2025-07-28 23:00:00","2025-07-29 00:00:00",Nederland,WindOffshoreC,Hour,UTC,Providing,Current,743249,743249,0.17875149846077,0,0
"2025-07-29 00:00:00","2025-07-29 01:00:00",Nederland,WindOffshoreC,Hour,UTC,Providing,Current,576000,576000,0.13852800428867,0,0
"2025-07-29 01:00:00","2025-07-29 02:00:00",Nederland,WindOffshoreC,Hour,UTC,Providing,Current,583500,583500,0.14033199846745,0,0
"2025-07-29 02:00:00","2025-07-29 03:00:00",Nederland,WindOffshoreC,Hour,UTC,Providing,Current,587750,587750,0.14135424792767,0,0
"2025-07-29 03:00:00","2025-07-29 04:00:00",Nederland,WindOffshoreC,Hour,UTC,Providing,Current,513250,513250,0.12343650311232,0,0
"2025-07-29 04:00:00","2025-07-29 05:00:00",Nederland,WindOffshoreC,Hour,UTC,Providing,Current,554750,554750,0.13341775536537,0,0
"2025-07-29 05:00:00","2025-07-29 06:00:00",Nederland,WindOffshoreC,Hour,UTC,Providing,Current,489750,489750,0.11778499931097,0,0
"2025-07-29 06:00:00","2025-07-29 07:00:00",Nederland,WindOffshoreC,Hour,UTC,Providing,Current,379250,379250,0.091209650039673,0,0
"2025-07-29 07:00:00","2025-07-29 08:00:00",Nederland,WindOffshoreC,Hour,UTC,Providing,Current,477250,477250,0.1147790029645,0,0
"2025-07-29 08:00:00","2025-07-29 09:00:00",Nederland,WindOffshoreC,Hour,UTC,Providing,Current,468750,468750,0.11273449659348,0,0
"2025-07-29 09:00:00","2025-07-29 10:00:00",Nederland,WindOffshoreC,Hour,UTC,Providing,Current,303250,303250,0.072931721806526,0,0
"2025-07-29 10:00:00","2025-07-29 11:00:00",Nederland,WindOffshoreC,Hour,UTC,Providing,Current,232000,232000,0.055796049535275,0,0
"2025-07-29 11:00:00","2025-07-29 12:00:00",Nederland,WindOffshoreC,Hour,UTC,Providing,Current,284250,284250,0.068362176418304,0,0
"2025-07-29 12:00:00","2025-07-29 13:00:00",Nederland,WindOffshoreC,Hour,UTC,Providing,Current,349749,349749,0.084114722907543,0,0
"2025-07-29 13:00:00","2025-07-29 14:00:00",Nederland,WindOffshoreC,Hour,UTC,Providing,Current,404750,404750,0.097342476248741,0,0
"2025-07-29 14:00:00","2025-07-29 15:00:00",Nederland,WindOffshoreC,Hour,UTC,Providing,Current,446249,446249,0.10732279717922,0,0
"2025-07-29 15:00:00","2025-07-29 16:00:00",Nederland,WindOffshoreC,Hour,UTC,Providing,Current,724500,724500,0.17424249649048,0,0
"2025-07-29 16:00:00","2025-07-29 17:00:00",Nederland,WindOffshoreC,Hour,UTC,Providing,Current,771000,771000,0.18542574346066,0,0
"2025-07-29 17:00:00","2025-07-29 18:00:00",Nederland,WindOffshoreC,Hour,UTC,Providing,Current,628251,628251,0.15109449625015,0,0
"2025-07-29 18:00:00","2025-07-29 19:00:00",Nederland,WindOffshoreC,Hour,UTC,Providing,Current,646250,646250,0.15542350709438,0,0
"2025-07-29 19:00:00","2025-07-29 20:00:00",Nederland,WindOffshoreC,Hour,UTC,Providing,Current,574500,574500,0.13816699385643,0,0
"2025-07-29 20:00:00","2025-07-29 21:00:00",Nederland,WindOffshoreC,Hour,UTC,Providing,Current,348251,348251,0.083754472434521,0,0
"2025-07-29 21:00:00","2025-07-29 22:00:00",Nederland,WindOffshoreC,Hour,UTC,Providing,Current,337250,337250,0.081108726561069,0,0
"2025-07-29 22:00:00","2025-07-29 23:00:00",Nederland,WindOffshoreC,Hour,UTC,Providing,Current,459500,459500,0.11050975322723,0,0
"2025-07-29 23:00:00","2025-07-30 00:00:00",Nederland,WindOffshoreC,Hour,UTC,Providing,Current,670750,670750,0.16131550073624,0,0
"2025-07-30 00:00:00","2025-07-30 01:00:00",Nederland,WindOffshoreC,Hour,UTC,Providing,Current,713749,713749,0.17165674269199,0,0
"2025-07-30 01:00:00","2025-07-30 02:00:00",Nederland,WindOffshoreC,Hour,UTC,Providing,Current,990999,990999,0.23833550512791,0,0
"2025-07-30 02:00:00","2025-07-30 03:00:00",Nederland,WindOffshoreC,Hour,UTC,Providing,Current,1078250,1078250,0.25931951403618,0,0
"2025-07-30 03:00:00","2025-07-30 04:00:00",Nederland,WindOffshoreC,Hour,UTC,Providing,Current,1226501,1226501,0.29497399926186,0,0
"2025-07-30 04:00:00","2025-07-30 05:00:00",Nederland,WindOffshoreC,Hour,UTC,Providing,Current,1255500,1255500,0.30194801092148,0,0
"2025-07-30 05:00:00","2025-07-30 06:00:00",Nederland,WindOffshoreC,Hour,UTC,Providing,Current,1420249,1420249,0.34157025814056,0,0
"2025-07-30 06:00:00","2025-07-30 07:00:00",Nederland,WindOffshoreC,Hour,UTC,Providing,Current,1456999,1456999,0.3504084944725,0,0
"2025-07-30 07:00:00","2025-07-30 08:00:00",Nederland,WindOffshoreC,Hour,UTC,Providing,Current,1445749,1445749,0.34770324826241,0,0
"2025-07-30 08:00:00","2025-07-30 09:00:00",Nederland,WindOffshoreC,Hour,UTC,Providing,Current,1434250,1434250,0.34493723511696,0,0
"2025-07-30 09:00:00","2025-07-30 10:00:00",Nederland,WindOffshoreC,Hour,UTC,Providing,Current,1411002,1411002,0.33934599161148,0,0
"2025-07-30 10:00:00","2025-07-30 11:00:00",Nederland,WindOffshoreC,Hour,UTC,Providing,Current,1426999,1426999,0.34319350123405,0,0
"2025-07-30 11:00:00","2025-07-30 12:00:00",Nederland,WindOffshoreC,Hour,UTC,Providing,Current,1606500,1606500,0.38636374473572,0,0
"2025-07-30 12:00:00","2025-07-30 13:00:00",Nederland,WindOffshoreC,Hour,UTC,Providing,Current,1313500,1313500,0.31589725613594,0,0
"2025-07-30 13:00:00","2025-07-30 14:00:00",Nederland,WindOffshoreC,Hour,UTC,Providing,Current,1302750,1302750,0.3133117556572,0,0
"2025-07-30 14:00:00","2025-07-30 15:00:00",Nederland,WindOffshoreC,Hour,UTC,Providing,Current,1250750,1250750,0.300805747509,0,0
"2025-07-30 15:00:00","2025-07-30 16:00:00",Nederland,WindOffshoreC,Hour,UTC,Providing,Current,1070750,1070750,0.25751575827599,0,0
"2025-07-30 16:00:00","2025-07-30 17:00:00",Nederland,WindOffshoreC,Hour,UTC,Providing,Current,1166751,1166751,0.28060400485992,0,0
"2025-07-30 17:00:00","2025-07-30 18:00:00",Nederland,WindOffshoreC,Hour,UTC,Providing,Current,1587249,1587249,0.38173350691795,0,0
"2025-07-30 18:00:00","2025-07-30 19:00:00",Nederland,WindOffshoreC,Hour,UTC,Providing,Current,1804500,1804500,0.43398275971413,0,0
"2025-07-30 19:00:00","2025-07-30 20:00:00",Nederland,WindOffshoreC,Hour,UTC,Providing,Current,2000500,2000500,0.48112100362778,0,0
"2025-07-30 20:00:00","2025-07-30 21:00:00",Nederland,WindOffshoreC,Hour,UTC,Providing,Current,2145249,2145249,0.51593273878098,0,0
"2025-07-30 21:00:00","2025-07-30 22:00:00",Nederland,WindOffshoreC,Hour,UTC,Providing,Current,2234249,2234249,0.53733748197556,0,0
"2025-07-30 22:00:00","2025-07-30 23:00:00",Nederland,WindOffshoreC,Hour,UTC,Providing,Current,2304750,2304750,0.55429297685623,0,0
"2025-07-30 23:00:00","2025-07-31 00:00:00",Nederland,WindOffshoreC,Hour,UTC,Providing,Current,2387500,2387500,0.574194252491,0,0
"2025-07-31 00:00:00","2025-07-31 01:00:00",Nederland,WindOffshoreC,Hour,UTC,Providing,Current,1995500,1995500,0.47991850972176,0,0
"2025-07-31 01:00:00","2025-07-31 02:00:00",Nederland,WindOffshoreC,Hour,UTC,Providing,Current,2020250,2020250,0.48587074875832,0,0
"2025-07-31 02:00:00","2025-07-31 03:00:00",Nederland,WindOffshoreC,Hour,UTC,Providing,Current,1470750,1470750,0.35371574759483,0,0
"2025-07-31 03:00:00","2025-07-31 04:00:00",Nederland,WindOffshoreC,Hour,UTC,Providing,Current,1176750,1176750,0.28300875425339,0,0
"2025-07-31 04:00:00","2025-07-31 05:00:00",Nederland,WindOffshoreC,Hour,UTC,Providing,Current,1078750,1078750,0.25943949818611,0,0
"2025-07-31 05:00:00","2025-07-31 06:00:00",Nederland,WindOffshoreC,Hour,UTC,Providing,Current,934000,934000,0.22462700307369,0,0
"2025-07-31 06:00:00","2025-07-31 07:00:00",Nederland,WindOffshoreC,Hour,UTC,Providing,Current,995249,995249,0.23935750126839,0,0
"2025-07-31 07:00:00","2025-07-31 08:00:00",Nederland,WindOffshoreC,Hour,UTC,Providing,Current,879249,879249,0.21145950257778,0,0
"2025-07-31 08:00:00","2025-07-31 09:00:00",Nederland,WindOffshoreC,Hour,UTC,Providing,Current,669750,669750,0.16107499599457,0,0
"2025-07-31 09:00:00","2025-07-31 10:00:00",Nederland,WindOffshoreC,Hour,UTC,Providing,Current,781000,781000,0.18783074617386,0,0
"2025-07-31 10:00:00","2025-07-31 11:00:00",Nederland,WindOffshoreC,Hour,UTC,Providing,Current,1151750,1151750,0.27699625492096,0,0
"2025-07-31 11:00:00","2025-07-31 12:00:00",Nederland,WindOffshoreC,Hour,UTC,Providing,Current,1204750,1204750,0.28974249958992,0,0
"2025-07-31 12:00:00","2025-07-31 13:00:00",Nederland,WindOffshoreC,Hour,UTC,Providing,Current,1019001,1019001,0.24506975710392,0,0
"2025-07-31 13:00:00","2025-07-31 14:00:00",Nederland,WindOffshoreC,Hour,UTC,Providing,Current,1160250,1160250,0.27904024720192,0,0
"2025-07-31 14:00:00","2025-07-31 15:00:00",Nederland,WindOffshoreC,Hour,UTC,Providing,Current,993250,993250,0.23887674510479,0,0
"2025-07-31 15:00:00","2025-07-31 16:00:00",Nederland,WindOffshoreC,Hour,UTC,Providing,Current,1113250,1113250,0.26773676276207,0,0
"2025-07-31 16:00:00","2025-07-31 17:00:00",Nederland,WindOffshoreC,Hour,UTC,Providing,Current,1111500,1111500,0.2673157453537,0,0
"2025-07-31 17:00:00","2025-07-31 18:00:00",Nederland,WindOffshoreC,Hour,UTC,Providing,Current,1214500,1214500,0.2920877635479,0,0
"2025-07-31 18:00:00","2025-07-31 19:00:00",Nederland,WindOffshoreC,Hour,UTC,Providing,Current,1088250,1088250,0.26172450184822,0,0
"2025-07-31 19:00:00","2025-07-31 20:00:00",Nederland,WindOffshoreC,Hour,UTC,Providing,Current,926499,926499,0.2228232473135,0,0
"2025-07-31 20:00:00","2025-07-31 21:00:00",Nederland,WindOffshoreC,Hour,UTC,Providing,Current,673998,673998,0.16209650039673,0,0
"2025-07-31 21:00:00","2025-07-31 22:00:00",Nederland,WindOffshoreC,Hour,UTC,Providing,Current,507250,507250,0.12199375033379,0,0
"2025-07-31 22:00:00","2025-07-31 23:00:00",Nederland,WindOffshoreC,Hour,UTC,Providing,Current,447500,447500,0.1076237782836,0,0
"2025-07-31 23:00:00","2025-08-01 00:00:00",Nederland,WindOffshoreC,Hour,UTC,Providing,Current,555499,555499,0.13359749317169,0,0
"2025-08-01 00:00:00","2025-08-01 01:00:00",Nederland,WindOffshoreC,Hour,UTC,Providing,Current,694251,694251,0.1669674962759,0,0
"2025-08-01 01:00:00","2025-08-01 02:00:00",Nederland,WindOffshoreC,Hour,UTC,Providing,Current,773249,773249,0.18596674501896,0,0
"2025-08-01 02:00:00","2025-08-01 03:00:00",Nederland,WindOffshoreC,Hour,UTC,Providing,Current,832000,832000,0.20009624958038,0,0
"2025-08-01 03:00:00","2025-08-01 04:00:00",Nederland,WindOffshoreC,Hour,UTC,Providing,Current,978000,978000,0.23520949482918,0,0
"2025-08-01 04:00:00","2025-08-01 05:00:00",Nederland,WindOffshoreC,Hour,UTC,Providing,Current,1452500,1452500,0.3493264913559,0,0
"2025-08-01 05:00:00","2025-08-01 06:00:00",Nederland,WindOffshoreC,Hour,UTC,Providing,Current,2125500,2125500,0.51118326187134,0,0
"2025-08-01 06:00:00","2025-08-01 07:00:00",Nederland,WindOffshoreC,Hour,UTC,Providing,Current,2012501,2012501,0.48400700092316,0,0
"2025-08-01 07:00:00","2025-08-01 08:00:00",Nederland,WindOffshoreC,Hour,UTC,Providing,Current,1966000,1966000,0.47282350063324,0,0
"2025-08-01 08:00:00","2025-08-01 09:00:00",Nederland,WindOffshoreC,Hour,UTC,Providing,Current,1981002,1981002,0.47643101215363,0,0
"2025-08-01 09:00:00","2025-08-01 10:00:00",Nederland,WindOffshoreC,Hour,UTC,Providing,Current,1630000,1630000,0.39201524853706,0,0
"2025-08-01 10:00:00","2025-08-01 11:00:00",Nederland,WindOffshoreC,Hour,UTC,Providing,Current,2008500,2008500,0.4830447435379,0,0
"2025-08-01 11:00:00","2025-08-01 12:00:00",Nederland,WindOffshoreC,Hour,UTC,Providing,Current,2157750,2157750,0.51893949508667,0,0
"2025-08-01 12:00:00","2025-08-01 13:00:00",Nederland,WindOffshoreC,Hour,UTC,Providing,Current,2079251,2079251,0.50006026029587,0,0
"2025-08-01 13:00:00","2025-08-01 14:00:00",Nederland,WindOffshoreC,Hour,UTC,Providing,Current,2973249,2973249,0.71506702899933,0,0
"2025-08-01 14:00:00","2025-08-01 15:00:00",Nederland,WindOffshoreC,Hour,UTC,Providing,Current,3230250,3230250,0.7768759727478,0,0
"2025-08-01 15:00:00","2025-08-01 16:00:00",Nederland,WindOffshoreC,Hour,UTC,Providing,Current,3227250,3227250,0.77615427970886,0,0
"2025-08-01 16:00:00","2025-08-01 17:00:00",Nederland,WindOffshoreC,Hour,UTC,Providing,Current,3171000,3171000,0.76262652873993,0,0
"2025-08-01 17:00:00","2025-08-01 18:00:00",Nederland,WindOffshoreC,Hour,UTC,Providing,Current,3436750,3436750,0.8265392780304,0,0
"2025-08-01 18:00:00","2025-08-01 19:00:00",Nederland,WindOffshoreC,Hour,UTC,Providing,Current,3356749,3356749,0.80729925632477,0,0
"2025-08-01 19:00:00","2025-08-01 20:00:00",Nederland,WindOffshoreC,Hour,UTC,Providing,Current,3077748,3077748,0.74019926786423,0,0
"2025-08-01 20:00:00","2025-08-01 21:00:00",Nederland,WindOffshoreC,Hour,UTC,Providing,Current,3225750,3225750,0.77579349279404,0,0
"2025-08-01 21:00:00","2025-08-01 22:00:00",Nederland,WindOffshoreC,Hour,UTC,Providing,Current,3305000,3305000,0.79485327005386,0,0
"2025-08-01 22:00:00","2025-08-01 23:00:00",Nederland,WindOffshoreC,Hour,UTC,Providing,Current,3087501,3087501,0.74254477024078,0,0
"2025-08-01 23:00:00","2025-08-02 00:00:00",Nederland,WindOffshoreC,Hour,UTC,Providing,Current,3252750,3252750,0.7822870016098,0,0
"2025-08-02 00:00:00","2025-08-02 01:00:00",Nederland,WindOffshoreC,Hour,UTC,Providing,Current,3564000,3564000,0.8571429848671,0,0
"2025-08-02 01:00:00","2025-08-02 02:00:00",Nederland,WindOffshoreC,Hour,UTC,Providing,Current,4000500,4000500,0.96212100982666,0,0
"2025-08-02 02:00:00","2025-08-02 03:00:00",Nederland,WindOffshoreC,Hour,UTC,Providing,Current,4125750,4125750,0.99224197864532,0,0
"2025-08-02 03:00:00","2025-08-02 04:00:00",Nederland,WindOffshoreC,Hour,UTC,Providing,Current,4131750,4131750,0.99368673563004,0,0
"2025-08-02 04:00:00","2025-08-02 05:00:00",Nederland,WindOffshoreC,Hour,UTC,Providing,Current,4231250,4231250,1.0176149606705,0,0
"2025-08-02 05:00:00","2025-08-02 06:00:00",Nederland,WindOffshoreC,Hour,UTC,Providing,Current,4211500,4211500,1.0128674507141,0,0
"2025-08-02 06:00:00","2025-08-02 07:00:00",Nederland,WindOffshoreC,Hour,UTC,Providing,Current,4251750,4251750,1.0225474834442,0,0
"2025-08-02 07:00:00","2025-08-02 08:00:00",Nederland,WindOffshoreC,Hour,UTC,Providing,Current,4171000,4171000,1.003126502037,0,0
"2025-08-02 08:00:00","2025-08-02 09:00:00",Nederland,WindOffshoreC,Hour,UTC,Providing,Current,3779750,3779750,0.90903073549271,0,0
"2025-08-02 09:00:00","2025-08-02 10:00:00",Nederland,WindOffshoreC,Hour,UTC,Providing,Current,2112249,2112249,0.50799649953842,0,0
"2025-08-02 10:00:00","2025-08-02 11:00:00",Nederland,WindOffshoreC,Hour,UTC,Providing,Current,1866000,1866000,0.44877350330353,0,0
"2025-08-02 11:00:00","2025-08-02 12:00:00",Nederland,WindOffshoreC,Hour,UTC,Providing,Current,1648250,1648250,0.396404504776,0,0
"2025-08-02 12:00:00","2025-08-02 13:00:00",Nederland,WindOffshoreC,Hour,UTC,Providing,Current,1766500,1766500,0.42484349012375,0,0
"2025-08-02 13:00:00","2025-08-02 14:00:00",Nederland,WindOffshoreC,Hour,UTC,Providing,Current,1609500,1609500,0.38708525896072,0,0
"2025-08-02 14:00:00","2025-08-02 15:00:00",Nederland,WindOffshoreC,Hour,UTC,Providing,Current,2644251,2644251,0.63594299554825,0,0
"2025-08-02 15:00:00","2025-08-02 16:00:00",Nederland,WindOffshoreC,Hour,UTC,Providing,Current,2831250,2831250,0.68091648817062,0,0
"2025-08-02 16:00:00","2025-08-02 17:00:00",Nederland,WindOffshoreC,Hour,UTC,Providing,Current,2363500,2363500,0.56842201948166,0,0
"2025-08-02 17:00:00","2025-08-02 18:00:00",Nederland,WindOffshoreC,Hour,UTC,Providing,Current,2344251,2344251,0.56379300355911,0,0
"2025-08-02 18:00:00","2025-08-02 19:00:00",Nederland,WindOffshoreC,Hour,UTC,Providing,Current,1801000,1801000,0.43314075469971,0,0
"2025-08-02 19:00:00","2025-08-02 20:00:00",Nederland,WindOffshoreC,Hour,UTC,Providing,Current,1487501,1487501,0.35774424672127,0,0
"2025-08-02 20:00:00","2025-08-02 21:00:00",Nederland,WindOffshoreC,Hour,UTC,Providing,Current,1439502,1439502,0.34620100259781,0,0
"2025-08-02 21:00:00","2025-08-02 22:00:00",Nederland,WindOffshoreC,Hour,UTC,Providing,Current,1487501,1487501,0.35774448513985,0,0
"2025-08-02 22:00:00","2025-08-02 23:00:00",Nederland,WindOffshoreC,Hour,UTC,Providing,Current,1597749,1597749,0.38425925374031,0,0
"2025-08-02 23:00:00","2025-08-03 00:00:00",Nederland,WindOffshoreC,Hour,UTC,Providing,Current,1980499,1980499,0.47631049156189,0,0
"2025-08-03 00:00:00","2025-08-03 01:00:00",Nederland,WindOffshoreC,Hour,UTC,Providing,Current,2141000,2141000,0.51491099596024,0,0
"2025-08-03 01:00:00","2025-08-03 02:00:00",Nederland,WindOffshoreC,Hour,UTC,Providing,Current,2443249,2443249,0.58760201931,0,0
"2025-08-03 02:00:00","2025-08-03 03:00:00",Nederland,WindOffshoreC,Hour,UTC,Providing,Current,2661751,2661751,0.64015197753906,0,0
"2025-08-03 03:00:00","2025-08-03 04:00:00",Nederland,WindOffshoreC,Hour,UTC,Providing,Current,2915500,2915500,0.70117849111557,0,0
"2025-08-03 04:00:00","2025-08-03 05:00:00",Nederland,WindOffshoreC,Hour,UTC,Providing,Current,2439249,2439249,0.58664000034332,0,0
"2025-08-03 05:00:00","2025-08-03 06:00:00",Nederland,WindOffshoreC,Hour,UTC,Providing,Current,1820750,1820750,0.43789073824883,0,0
"2025-08-03 06:00:00","2025-08-03 07:00:00",Nederland,WindOffshoreC,Hour,UTC,Providing,Current,1246249,1246249,0.29972299933434,0,0
"2025-08-03 07:00:00","2025-08-03 08:00:00",Nederland,WindOffshoreC,Hour,UTC,Providing,Current,1016500,1016500,0.24446849524975,0,0
"2025-08-03 08:00:00","2025-08-03 09:00:00",Nederland,WindOffshoreC,Hour,UTC,Providing,Current,1104250,1104250,0.26557224988937,0,0
"2025-08-03 09:00:00","2025-08-03 10:00:00",Nederland,WindOffshoreC,Hour,UTC,Providing,Current,1161501,1161501,0.27934148907661,0,0
"2025-08-03 10:00:00","2025-08-03 11:00:00",Nederland,WindOffshoreC,Hour,UTC,Providing,Current,1143250,1143250,0.27495175600052,0,0
"2025-08-03 11:00:00","2025-08-03 12:00:00",Nederland,WindOffshoreC,Hour,UTC,Providing,Current,1087000,1087000,0.26142373681068,0,0
"2025-08-03 12:00:00","2025-08-03 13:00:00",Nederland,WindOffshoreC,Hour,UTC,Providing,Current,1219250,1219250,0.29322975873947,0,0
"2025-08-03 13:00:00","2025-08-03 14:00:00",Nederland,WindOffshoreC,Hour,UTC,Providing,Current,1251000,1251000,0.30086573958397,0,0
"2025-08-03 14:00:00","2025-08-03 15:00:00",Nederland,WindOffshoreC,Hour,UTC,Providing,Current,2680750,2680750,0.64472097158432,0,0
"2025-08-03 15:00:00","2025-08-03 16:00:00",Nederland,WindOffshoreC,Hour,UTC,Providing,Current,3134999,3134999,0.75396800041199,0,0
"2025-08-03 16:00:00","2025-08-03 17:00:00",Nederland,WindOffshoreC,Hour,UTC,Providing,Current,3605500,3605500,0.86712372303009,0,0
"2025-08-03 17:00:00","2025-08-03 18:00:00",Nederland,WindOffshoreC,Hour,UTC,Providing,Current,3497500,3497500,0.84114974737167,0,0
"2025-08-03 18:00:00","2025-08-03 19:00:00",Nederland,WindOffshoreC,Hour,UTC,Providing,Current,3288250,3288250,0.79082500934601,0,0
"2025-08-03 19:00:00","2025-08-03 20:00:00",Nederland,WindOffshoreC,Hour,UTC,Providing,Current,2822499,2822499,0.67881202697754,0,0
"2025-08-03 20:00:00","2025-08-03 21:00:00",Nederland,WindOffshoreC,Hour,UTC,Providing,Current,2375001,2375001,0.57118827104568,0,0
"2025-08-03 21:00:00","2025-08-03 22:00:00",Nederland,WindOffshoreC,Hour,UTC,Providing,Current,1942750,1942750,0.46723175048828,0,0
"2025-08-03 22:00:00","2025-08-03 23:00:00",Nederland,WindOffshoreC,Hour,UTC,Providing,Current,1812749,1812749,0.43596649169922,0,0
"2025-08-03 23:00:00","2025-08-04 00:00:00",Nederland,WindOffshoreC,Hour,UTC,Providing,Current,1619749,1619749,0.38954976201057,0,0
"2025-08-04 00:00:00","2025-08-04 01:00:00",Nederland,WindOffshoreC,Hour,UTC,Providing,Current,1224251,1224251,0.29443275928497,0,0
"2025-08-04 01:00:00","2025-08-04 02:00:00",Nederland,WindOffshoreC,Hour,UTC,Providing,Current,825249,825249,0.19847249984741,0,0
"2025-08-04 02:00:00","2025-08-04 03:00:00",Nederland,WindOffshoreC,Hour,UTC,Providing,Current,512499,512499,0.12325625121593,0,0
"2025-08-04 03:00:00","2025-08-04 04:00:00",Nederland,WindOffshoreC,Hour,UTC,Providing,Current,334250,334250,0.080387197434902,0,0
"2025-08-04 04:00:00","2025-08-04 05:00:00",Nederland,WindOffshoreC,Hour,UTC,Providing,Current,263000,263000,0.063251547515392,0,0
"2025-08-04 05:00:00","2025-08-04 06:00:00",Nederland,WindOffshoreC,Hour,UTC,Providing,Current,193500,193500,0.046536773443222,0,0
"2025-08-04 06:00:00","2025-08-04 07:00:00",Nederland,WindOffshoreC,Hour,UTC,Providing,Current,150000,150000,0.036075048148632,0,0
"2025-08-04 07:00:00","2025-08-04 08:00:00",Nederland,WindOffshoreC,Hour,UTC,Providing,Current,320750,320750,0.077140524983406,0,0
"2025-08-04 08:00:00","2025-08-04 09:00:00",Nederland,WindOffshoreC,Hour,UTC,Providing,Current,477501,477501,0.11483915150166,0,0
"2025-08-04 09:00:00","2025-08-04 10:00:00",Nederland,WindOffshoreC,Hour,UTC,Providing,Current,831750,831750,0.20003624260426,0,0
"2025-08-04 10:00:00","2025-08-04 11:00:00",Nederland,WindOffshoreC,Hour,UTC,Providing,Current,1529250,1529250,0.36778500676155,0,0
"2025-08-04 11:00:00","2025-08-04 12:00:00",Nederland,WindOffshoreC,Hour,UTC,Providing,Current,1762250,1762250,0.42382150888443,0,0
"2025-08-04 12:00:00","2025-08-04 13:00:00",Nederland,WindOffshoreC,Hour,UTC,Providing,Current,2014250,2014250,0.48442751169205,0,0
"2025-08-04 13:00:00","2025-08-04 14:00:00",Nederland,WindOffshoreC,Hour,UTC,Providing,Current,2350500,2350500,0.56529575586319,0,0
"2025-08-04 14:00:00","2025-08-04 15:00:00",Nederland,WindOffshoreC,Hour,UTC,Providing,Current,3201749,3201749,0.7700212597847,0,0
"2025-08-04 15:00:00","2025-08-04 16:00:00",Nederland,WindOffshoreC,Hour,UTC,Providing,Current,4242501,4242501,1.0203222036362,0,0
"2025-08-04 16:00:00","2025-08-04 17:00:00",Nederland,WindOffshoreC,Hour,UTC,Providing,Current,4386999,4386999,1.0550725460052,0,0
"2025-08-04 17:00:00","2025-08-04 18:00:00",Nederland,WindOffshoreC,Hour,UTC,Providing,Current,4432749,4432749,1.0660774707794,0,0
"2025-08-04 18:00:00","2025-08-04 19:00:00",Nederland,WindOffshoreC,Hour,UTC,Providing,Current,4409000,4409000,1.0603649616241,0,0
"2025-08-04 19:00:00","2025-08-04 20:00:00",Nederland,WindOffshoreC,Hour,UTC,Providing,Current,3963751,3963751,0.95328223705292,0,0
"2025-08-04 20:00:00","2025-08-04 21:00:00",Nederland,WindOffshoreC,Hour,UTC,Providing,Current,2859000,2859000,0.68759000301361,0,0
"2025-08-04 21:00:00","2025-08-04 22:00:00",Nederland,WindOffshoreC,Hour,UTC,Providing,Current,2485500,2485500,0.59776324033737,0,0
"2025-08-04 22:00:00","2025-08-04 23:00:00",Nederland,WindOffshoreC,Hour,UTC,Providing,Current,2486251,2486251,0.59794402122498,0,0
"2025-08-04 23:00:00","2025-08-05 00:00:00",Nederland,WindOffshoreC,Hour,UTC,Providing,Current,2780750,2780750,0.66877102851868,0,0
"2025-08-05 00:00:00","2025-08-05 01:00:00",Nederland,WindOffshoreC,Hour,UTC,Providing,Current,2976749,2976749,0.71590876579285,0,0
"2025-08-05 01:00:00","2025-08-05 02:00:00",Nederland,WindOffshoreC,Hour,UTC,Providing,Current,3203501,3203501,0.77044248580933,0,0
"2025-08-05 02:00:00","2025-08-05 03:00:00",Nederland,WindOffshoreC,Hour,UTC,Providing,Current,3342750,3342750,0.80393201112747,0,0
"2025-08-05 03:00:00","2025-08-05 04:00:00",Nederland,WindOffshoreC,Hour,UTC,Providing,Current,3295250,3295250,0.79250848293304,0,0
"2025-08-05 04:00:00","2025-08-05 05:00:00",Nederland,WindOffshoreC,Hour,UTC,Providing,Current,3418250,3418250,0.82208973169327,0,0
"2025-08-05 05:00:00","2025-08-05 06:00:00",Nederland,WindOffshoreC,Hour,UTC,Providing,Current,3389499,3389499,0.81517523527145,0,0
"2025-08-05 06:00:00","2025-08-05 07:00:00",Nederland,WindOffshoreC,Hour,UTC,Providing,Current,3445000,3445000,0.82852327823639,0,0
"2025-08-05 07:00:00","2025-08-05 08:00:00",Nederland,WindOffshoreC,Hour,UTC,Providing,Current,2995249,2995249,0.72035825252533,0,0
"2025-08-05 08:00:00","2025-08-05 09:00:00",Nederland,WindOffshoreC,Hour,UTC,Providing,Current,3331000,3331000,0.80110627412796,0,0
"2025-08-05 09:00:00","2025-08-05 10:00:00",Nederland,WindOffshoreC,Hour,UTC,Providing,Current,2087000,2087000,0.50192427635193,0,0
"2025-08-05 10:00:00","2025-08-05 11:00:00",Nederland,WindOffshoreC,Hour,UTC,Providing,Current,2045751,2045751,0.49200350046158,0,0
"2025-08-05 11:00:00","2025-08-05 12:00:00",Nederland,WindOffshoreC,Hour,UTC,Providing,Current,1864000,1864000,0.44829225540161,0,0
"2025-08-05 12:00:00","2025-08-05 13:00:00",Nederland,WindOffshoreC,Hour,UTC,Providing,Current,1587249,1587249,0.38173374533653,0,0
"2025-08-05 13:00:00","2025-08-05 14:00:00",Nederland,WindOffshoreC,Hour,UTC,Providing,Current,1599000,1599000,0.38455998897552,0,0
"2025-08-05 14:00:00","2025-08-05 15:00:00",Nederland,WindOffshoreC,Hour,UTC,Providing,Current,2363501,2363501,0.56842249631882,0,0
"2025-08-05 15:00:00","2025-08-05 16:00:00",Nederland,WindOffshoreC,Hour,UTC,Providing,Current,2782751,2782751,0.66925197839737,0,0
"2025-08-05 16:00:00","2025-08-05 17:00:00",Nederland,WindOffshoreC,Hour,UTC,Providing,Current,2232498,2232498,0.53691649436951,0,0
"2025-08-05 17:00:00","2025-08-05 18:00:00",Nederland,WindOffshoreC,Hour,UTC,Providing,Current,2094249,2094249,0.50366723537445,0,0
"2025-08-05 18:00:00","2025-08-05 19:00:00",Nederland,WindOffshoreC,Hour,UTC,Providing,Current,2301250,2301250,0.55345124006271,0,0
"2025-08-05 19:00:00","2025-08-05 20:00:00",Nederland,WindOffshoreC,Hour,UTC,Providing,Current,2753500,2753500,0.66221749782562,0,0
"2025-08-05 20:00:00","2025-08-05 21:00:00",Nederland,WindOffshoreC,Hour,UTC,Providing,Current,2665249,2665249,0.64099323749542,0,0
"2025-08-05 21:00:00","2025-08-05 22:00:00",Nederland,WindOffshoreC,Hour,UTC,Providing,Current,3078250,3078250,0.74032002687454,0,0
"2025-08-05 22:00:00","2025-08-05 23:00:00",Nederland,WindOffshoreC,Hour,UTC,Providing,Current,2967749,2967749,0.71374422311783,0,0
"2025-08-05 23:00:00","2025-08-06 00:00:00",Nederland,WindOffshoreC,Hour,UTC,Providing,Current,2558251,2558251,0.61526000499725,0,0
"2025-08-06 00:00:00","2025-08-06 01:00:00",Nederland,WindOffshoreC,Hour,UTC,Providing,Current,2434251,2434251,0.58543825149536,0,0
"2025-08-06 01:00:00","2025-08-06 02:00:00",Nederland,WindOffshoreC,Hour,UTC,Providing,Current,2480749,2480749,0.59662073850632,0,0
"2025-08-06 02:00:00","2025-08-06 03:00:00",Nederland,WindOffshoreC,Hour,UTC,Providing,Current,2310750,2310750,0.55573600530624,0,0
"2025-08-06 03:00:00","2025-08-06 04:00:00",Nederland,WindOffshoreC,Hour,UTC,Providing,Current,2035251,2035251,0.4894782602787,0,0
"2025-08-06 04:00:00","2025-08-06 05:00:00",Nederland,WindOffshoreC,Hour,UTC,Providing,Current,1493501,1493501,0.35918724536896,0,0
"2025-08-06 05:00:00","2025-08-06 06:00:00",Nederland,WindOffshoreC,Hour,UTC,Providing,Current,1324000,1324000,0.31842225790024,0,0
"2025-08-06 06:00:00","2025-08-06 07:00:00",Nederland,WindOffshoreC,Hour,UTC,Providing,Current,1250251,1250251,0.30068549513817,0,0
"2025-08-06 07:00:00","2025-08-06 08:00:00",Nederland,WindOffshoreC,Hour,UTC,Providing,Current,1027250,1027250,0.24705375730991,0,0
"2025-08-06 08:00:00","2025-08-06 09:00:00",Nederland,WindOffshoreC,Hour,UTC,Providing,Current,959500,959500,0.23075999319553,0,0
"2025-08-06 09:00:00","2025-08-06 10:00:00",Nederland,WindOffshoreC,Hour,UTC,Providing,Current,912000,912000,0.21933625638485,0,0
"2025-08-06 10:00:00","2025-08-06 11:00:00",Nederland,WindOffshoreC,Hour,UTC,Providing,Current,678000,678000,0.16305899620056,0,0
"2025-08-06 11:00:00","2025-08-06 12:00:00",Nederland,WindOffshoreC,Hour,UTC,Providing,Current,718250,718250,0.17273950576782,0,0
"2025-08-06 12:00:00","2025-08-06 13:00:00",Nederland,WindOffshoreC,Hour,UTC,Providing,Current,652500,652500,0.1569262444973,0,0
"2025-08-06 13:00:00","2025-08-06 14:00:00",Nederland,WindOffshoreC,Hour,UTC,Providing,Current,493251,493251,0.11862699687481,0,0
"2025-08-06 14:00:00","2025-08-06 15:00:00",Nederland,WindOffshoreC,Hour,UTC,Providing,Current,414251,414251,0.099627546966076,0,0
"2025-08-06 15:00:00","2025-08-06 16:00:00",Nederland,WindOffshoreC,Hour,UTC,Providing,Current,449250,449250,0.10804484784603,0,0
"2025-08-06 16:00:00","2025-08-06 17:00:00",Nederland,WindOffshoreC,Hour,UTC,Providing,Current,386499,386499,0.092953078448772,0,0
"2025-08-06 17:00:00","2025-08-06 18:00:00",Nederland,WindOffshoreC,Hour,UTC,Providing,Current,289999,289999,0.069744825363159,0,0
"2025-08-06 18:00:00","2025-08-06 19:00:00",Nederland,WindOffshoreC,Hour,UTC,Providing,Current,183501,183501,0.044132024049759,0,0
"2025-08-06 19:00:00","2025-08-06 20:00:00",Nederland,WindOffshoreC,Hour,UTC,Providing,Current,143999,143999,0.03463177382946,0,0
"2025-08-06 20:00:00","2025-08-06 21:00:00",Nederland,WindOffshoreC,Hour,UTC,Providing,Current,161249,161249,0.038780424743891,0,0
"2025-08-06 21:00:00","2025-08-06 22:00:00",Nederland,WindOffshoreC,Hour,UTC,Providing,Current,257000,257000,0.061808548867702,0,0
"2025-08-06 22:00:00","2025-08-06 23:00:00",Nederland,WindOffshoreC,Hour,UTC,Providing,Current,364250,364250,0.087602347135544,0,0
"2025-08-06 23:00:00","2025-08-07 00:00:00",Nederland,WindOffshoreC,Hour,UTC,Providing,Current,518749,518749,0.12475924938917,0,0
"2025-08-07 00:00:00","2025-08-07 01:00:00",Nederland,WindOffshoreC,Hour,UTC,Providing,Current,733000,733000,0.17628699541092,0,0
"2025-08-07 01:00:00","2025-08-07 02:00:00",Nederland,WindOffshoreC,Hour,UTC,Providing,Current,929000,929000,0.22342474758625,0,0
"2025-08-07 02:00:00","2025-08-07 03:00:00",Nederland,WindOffshoreC,Hour,UTC,Providing,Current,829250,829250,0.19943475723267,0,0
"2025-08-07 03:00:00","2025-08-07 04:00:00",Nederland,WindOffshoreC,Hour,UTC,Providing,Current,816750,816750,0.19642825424671,0,0
"2025-08-07 04:00:00","2025-08-07 05:00:00",Nederland,WindOffshoreC,Hour,UTC,Providing,Current,765000,765000,0.18398250639439,0,0
"2025-08-07 05:00:00","2025-08-07 06:00:00",Nederland,WindOffshoreC,Hour,UTC,Providing,Current,807000,807000,0.19408375024796,0,0
"2025-08-07 06:00:00","2025-08-07 07:00:00",Nederland,WindOffshoreC,Hour,UTC,Providing,Current,1043500,1043500,0.25096198916435,0,0
"2025-08-07 07:00:00","2025-08-07 08:00:00",Nederland,WindOffshoreC,Hour,UTC,Providing,Current,1015000,1015000,0.24410749971867,0,0
"2025-08-07 08:00:00","2025-08-07 09:00:00",Nederland,WindOffshoreC,Hour,UTC,Providing,Current,864249,864249,0.20785175263882,0,0
"2025-08-07 09:00:00","2025-08-07 10:00:00",Nederland,WindOffshoreC,Hour,UTC,Providing,Current,736250,736250,0.17706799507141,0,0
"2025-08-07 10:00:00","2025-08-07 11:00:00",Nederland,WindOffshoreC,Hour,UTC,Providing,Current,1143250,1143250,0.27495175600052,0,0
"2025-08-07 11:00:00","2025-08-07 12:00:00",Nederland,WindOffshoreC,Hour,UTC,Providing,Current,1158251,1158251,0.27855950593948,0,0
"2025-08-07 12:00:00","2025-08-07 13:00:00",Nederland,WindOffshoreC,Hour,UTC,Providing,Current,1317499,1317499,0.31685900688171,0,0
"2025-08-07 13:00:00","2025-08-07 14:00:00",Nederland,WindOffshoreC,Hour,UTC,Providing,Current,1850751,1850751,0.44510623812675,0,0
"2025-08-07 14:00:00","2025-08-07 15:00:00",Nederland,WindOffshoreC,Hour,UTC,Providing,Current,2548750,2548750,0.61297476291656,0,0
"2025-08-07 15:00:00","2025-08-07 16:00:00",Nederland,WindOffshoreC,Hour,UTC,Providing,Current,3165501,3165501,0.76130402088165,0,0
"2025-08-07 16:00:00","2025-08-07 17:00:00",Nederland,WindOffshoreC,Hour,UTC,Providing,Current,3416750,3416750,0.82172900438309,0,0
"2025-08-07 17:00:00","2025-08-07 18:00:00",Nederland,WindOffshoreC,Hour,UTC,Providing,Current,3303000,3303000,0.79437226057053,0,0
"2025-08-07 18:00:00","2025-08-07 19:00:00",Nederland,WindOffshoreC,Hour,UTC,Providing,Current,3437501,3437501,0.82671999931335,0,0
"2025-08-07 19:00:00","2025-08-07 20:00:00",Nederland,WindOffshoreC,Hour,UTC,Providing,Current,3281499,3281499,0.78920125961304,0,0
"2025-08-07 20:00:00","2025-08-07 21:00:00",Nederland,WindOffshoreC,Hour,UTC,Providing,Current,2970250,2970250,0.7143457531929,0,0
"2025-08-07 21:00:00","2025-08-07 22:00:00",Nederland,WindOffshoreC,Hour,UTC,Providing,Current,2780499,2780499,0.66871100664139,0,0
"2025-08-07 22:00:00","2025-08-07 23:00:00",Nederland,WindOffshoreC,Hour,UTC,Providing,Current,2620250,2620250,0.63017076253891,0,0
"2025-08-07 23:00:00","2025-08-08 00:00:00",Nederland,WindOffshoreC,Hour,UTC,Providing,Current,2475000,2475000,0.5952382683754,0,0
"2025-08-08 00:00:00","2025-08-08 01:00:00",Nederland,WindOffshoreC,Hour,UTC,Providing,Current,2389500,2389500,0.57467502355576,0,0
"2025-08-08 01:00:00","2025-08-08 02:00:00",Nederland,WindOffshoreC,Hour,UTC,Providing,Current,2196000,2196000,0.52813851833344,0,0
"2025-08-08 02:00:00","2025-08-08 03:00:00",Nederland,WindOffshoreC,Hour,UTC,Providing,Current,1892750,1892750,0.45520675182343,0,0
"2025-08-08 03:00:00","2025-08-08 04:00:00",Nederland,WindOffshoreC,Hour,UTC,Providing,Current,1848751,1848751,0.44462525844574,0,0
"2025-08-08 04:00:00","2025-08-08 05:00:00",Nederland,WindOffshoreC,Hour,UTC,Providing,Current,1356749,1356749,0.32629850506783,0,0
"2025-08-08 05:00:00","2025-08-08 06:00:00",Nederland,WindOffshoreC,Hour,UTC,Providing,Current,849749,849749,0.20436474680901,0,0
"2025-08-08 06:00:00","2025-08-08 07:00:00",Nederland,WindOffshoreC,Hour,UTC,Providing,Current,683500,683500,0.16438199579716,0,0
"2025-08-08 07:00:00","2025-08-08 08:00:00",Nederland,WindOffshoreC,Hour,UTC,Providing,Current,544500,544500,0.13095225393772,0,0
"2025-08-08 08:00:00","2025-08-08 09:00:00",Nederland,WindOffshoreC,Hour,UTC,Providing,Current,326748,326748,0.078582972288132,0,0
"2025-08-08 09:00:00","2025-08-08 10:00:00",Nederland,WindOffshoreC,Hour,UTC,Providing,Current,266000,266000,0.06397307664156,0,0
"2025-08-08 10:00:00","2025-08-08 11:00:00",Nederland,WindOffshoreC,Hour,UTC,Providing,Current,151250,151250,0.036375675350428,0,0
"2025-08-08 11:00:00","2025-08-08 12:00:00",Nederland,WindOffshoreC,Hour,UTC,Providing,Current,161250,161250,0.038780648261309,0,0
"2025-08-08 12:00:00","2025-08-08 13:00:00",Nederland,WindOffshoreC,Hour,UTC,Providing,Current,182000,182000,0.043771050870419,0,0
"2025-08-08 13:00:00","2025-08-08 14:00:00",Nederland,WindOffshoreC,Hour,UTC,Providing,Current,191000,191000,0.045935500413179,0,0
"2025-08-08 14:00:00","2025-08-08 15:00:00",Nederland,WindOffshoreC,Hour,UTC,Providing,Current,184250,184250,0.044312123209238,0,0
"2025-08-08 15:00:00","2025-08-08 16:00:00",Nederland,WindOffshoreC,Hour,UTC,Providing,Current,176250,176250,0.042388174682856,0,0
"2025-08-08 16:00:00","2025-08-08 17:00:00",Nederland,WindOffshoreC,Hour,UTC,Providing,Current,140000,140000,0.033670026808977,0,0
"2025-08-08 17:00:00","2025-08-08 18:00:00",Nederland,WindOffshoreC,Hour,UTC,Providing,Current,121250,121250,0.029160624369979,0,0
"2025-08-08 18:00:00","2025-08-08 19:00:00",Nederland,WindOffshoreC,Hour,UTC,Providing,Current,142999,142999,0.034391276538372,0,0
"2025-08-08 19:00:00","2025-08-08 20:00:00",Nederland,WindOffshoreC,Hour,UTC,Providing,Current,114000,114000,0.027417000383139,0,0
"2025-08-08 20:00:00","2025-08-08 21:00:00",Nederland,WindOffshoreC,Hour,UTC,Providing,Current,97250,97250,0.023388624191284,0,0
"2025-08-08 21:00:00","2025-08-08 22:00:00",Nederland,WindOffshoreC,Hour,UTC,Providing,Current,66249,66249,0.015932900831103,0,0
"2025-08-08 22:00:00","2025-08-08 23:00:00",Nederland,WindOffshoreC,Hour,UTC,Providing,Current,93250,93250,0.022426649928093,0,0
"2025-08-08 23:00:00","2025-08-09 00:00:00",Nederland,WindOffshoreC,Hour,UTC,Providing,Current,93000,93000,0.022366525605321,0,0
"2025-08-09 00:00:00","2025-08-09 01:00:00",Nederland,WindOffshoreC,Hour,UTC,Providing,Current,123250,123250,0.029641650617123,0,0
"2025-08-09 01:00:00","2025-08-09 02:00:00",Nederland,WindOffshoreC,Hour,UTC,Providing,Current,161501,161501,0.038841001689434,0,0
"2025-08-09 02:00:00","2025-08-09 03:00:00",Nederland,WindOffshoreC,Hour,UTC,Providing,Current,231750,231750,0.055735923349857,0,0
"2025-08-09 03:00:00","2025-08-09 04:00:00",Nederland,WindOffshoreC,Hour,UTC,Providing,Current,331500,331500,0.079725801944733,0,0
"2025-08-09 04:00:00","2025-08-09 05:00:00",Nederland,WindOffshoreC,Hour,UTC,Providing,Current,442501,442501,0.10642164945602,0,0
"2025-08-09 05:00:00","2025-08-09 06:00:00",Nederland,WindOffshoreC,Hour,UTC,Providing,Current,540750,540750,0.13005025684834,0,0
"2025-08-09 06:00:00","2025-08-09 07:00:00",Nederland,WindOffshoreC,Hour,UTC,Providing,Current,558499,558499,0.13431924581528,0,0
"2025-08-09 07:00:00","2025-08-09 08:00:00",Nederland,WindOffshoreC,Hour,UTC,Providing,Current,534500,534500,0.12854725122452,0,0
"2025-08-09 08:00:00","2025-08-09 09:00:00",Nederland,WindOffshoreC,Hour,UTC,Providing,Current,615500,615500,0.14802800118923,0,0
"2025-08-09 09:00:00","2025-08-09 10:00:00",Nederland,WindOffshoreC,Hour,UTC,Providing,Current,627749,627749,0.150973752141,0,0
"2025-08-09 10:00:00","2025-08-09 11:00:00",Nederland,WindOffshoreC,Hour,UTC,Providing,Current,438999,438999,0.1055793017149,0,0
"2025-08-09 11:00:00","2025-08-09 12:00:00",Nederland,WindOffshoreC,Hour,UTC,Providing,Current,458750,458750,0.11032932251692,0,0
"2025-08-09 12:00:00","2025-08-09 13:00:00",Nederland,WindOffshoreC,Hour,UTC,Providing,Current,535251,535251,0.1287280023098,0,0
"2025-08-09 13:00:00","2025-08-09 14:00:00",Nederland,WindOffshoreC,Hour,UTC,Providing,Current,469000,469000,0.11279474943876,0,0
"2025-08-09 14:00:00","2025-08-09 15:00:00",Nederland,WindOffshoreC,Hour,UTC,Providing,Current,725001,725001,0.17436300218105,0,0
"2025-08-09 15:00:00","2025-08-09 16:00:00",Nederland,WindOffshoreC,Hour,UTC,Providing,Current,620249,620249,0.14916999638081,0,0
"2025-08-09 16:00:00","2025-08-09 17:00:00",Nederland,WindOffshoreC,Hour,UTC,Providing,Current,940500,940500,0.22619050741196,0,0
"2025-08-09 17:00:00","2025-08-09 18:00:00",Nederland,WindOffshoreC,Hour,UTC,Providing,Current,1108250,1108250,0.26653450727463,0,0
"2025-08-09 18:00:00","2025-08-09 19:00:00",Nederland,WindOffshoreC,Hour,UTC,Providing,Current,1110000,1110000,0.2669552564621,0,0
"2025-08-09 19:00:00","2025-08-09 20:00:00",Nederland,WindOffshoreC,Hour,UTC,Providing,Current,1144751,1144751,0.2753127515316,0,0
"2025-08-09 20:00:00","2025-08-09 21:00:00",Nederland,WindOffshoreC,Hour,UTC,Providing,Current,1240751,1240751,0.29840099811554,0,0
"2025-08-09 21:00:00","2025-08-09 22:00:00",Nederland,WindOffshoreC,Hour,UTC,Providing,Current,1116498,1116498,0.26851800084114,0,0
"2025-08-09 22:00:00","2025-08-09 23:00:00",Nederland,WindOffshoreC,Hour,UTC,Providing,Current,1081002,1081002,0.25998124480247,0,0
"2025-08-09 23:00:00","2025-08-10 00:00:00",Nederland,WindOffshoreC,Hour,UTC,Providing,Current,932750,932750,0.22432650625706,0,0
"2025-08-10 00:00:00","2025-08-10 01:00:00",Nederland,WindOffshoreC,Hour,UTC,Providing,Current,697500,697500,0.16774900257587,0,0
"2025-08-10 01:00:00","2025-08-10 02:00:00",Nederland,WindOffshoreC,Hour,UTC,Providing,Current,732750,732750,0.17622649669647,0,0
"2025-08-10 02:00:00","2025-08-10 03:00:00",Nederland,WindOffshoreC,Hour,UTC,Providing,Current,868749,868749,0.20893450081348,0,0
"2025-08-10 03:00:00","2025-08-10 04:00:00",Nederland,WindOffshoreC,Hour,UTC,Providing,Current,910250,910250,0.21891525387764,0,0
"2025-08-10 04:00:00","2025-08-10 05:00:00",Nederland,WindOffshoreC,Hour,UTC,Providing,Current,761750,761750,0.18320100009441,0,0
"2025-08-10 05:00:00","2025-08-10 06:00:00",Nederland,WindOffshoreC,Hour,UTC,Providing,Current,482000,482000,0.11592099815607,0,0
"2025-08-10 06:00:00","2025-08-10 07:00:00",Nederland,WindOffshoreC,Hour,UTC,Providing,Current,351749,351749,0.0845957249403,0,0
"2025-08-10 07:00:00","2025-08-10 08:00:00",Nederland,WindOffshoreC,Hour,UTC,Providing,Current,225250,225250,0.054172676056623,0,0
"2025-08-10 08:00:00","2025-08-10 09:00:00",Nederland,WindOffshoreC,Hour,UTC,Providing,Current,141250,141250,0.03397062420845,0,0
"2025-08-10 09:00:00","2025-08-10 10:00:00",Nederland,WindOffshoreC,Hour,UTC,Providing,Current,106251,106251,0.025553399696946,0,0
"2025-08-10 10:00:00","2025-08-10 11:00:00",Nederland,WindOffshoreC,Hour,UTC,Providing,Current,79000,79000,0.018999500200152,0,0
"2025-08-10 11:00:00","2025-08-10 12:00:00",Nederland,WindOffshoreC,Hour,UTC,Providing,Current,74748,74748,0.017976924777031,0,0
"2025-08-10 12:00:00","2025-08-10 13:00:00",Nederland,WindOffshoreC,Hour,UTC,Providing,Current,101750,101750,0.024470875039697,0,0
"2025-08-10 13:00:00","2025-08-10 14:00:00",Nederland,WindOffshoreC,Hour,UTC,Providing,Current,118750,118750,0.02855939976871,0,0
"2025-08-10 14:00:00","2025-08-10 15:00:00",Nederland,WindOffshoreC,Hour,UTC,Providing,Current,88749,88749,0.021344175562263,0,0
"2025-08-10 15:00:00","2025-08-10 16:00:00",Nederland,WindOffshoreC,Hour,UTC,Providing,Current,67001,67001,0.016113750636578,0,0
"2025-08-10 16:00:00","2025-08-10 17:00:00",Nederland,WindOffshoreC,Hour,UTC,Providing,Current,74250,74250,0.017857149243355,0,0
"2025-08-10 17:00:00","2025-08-10 18:00:00",Nederland,WindOffshoreC,Hour,UTC,Providing,Current,119748,119748,0.028799425810575,0,0
"2025-08-10 18:00:00","2025-08-10 19:00:00",Nederland,WindOffshoreC,Hour,UTC,Providing,Current,158000,158000,0.037999026477337,0,0
"2025-08-10 19:00:00","2025-08-10 20:00:00",Nederland,WindOffshoreC,Hour,UTC,Providing,Current,175000,175000,0.042087525129318,0,0
"2025-08-10 20:00:00","2025-08-10 21:00:00",Nederland,WindOffshoreC,Hour,UTC,Providing,Current,243750,243750,0.058621950447559,0,0
"2025-08-10 21:00:00","2025-08-10 22:00:00",Nederland,WindOffshoreC,Hour,UTC,Providing,Current,377000,377000,0.090668551623821,0,0
"2025-08-10 22:00:00","2025-08-10 23:00:00",Nederland,WindOffshoreC,Hour,UTC,Providing,Current,354500,354500,0.085257299244404,0,0
"2025-08-10 23:00:00","2025-08-11 00:00:00",Nederland,WindOffshoreC,Hour,UTC,Providing,Current,363751,363751,0.087482199072838,0,0
"2025-08-11 00:00:00","2025-08-11 01:00:00",Nederland,WindOffshoreC,Hour,UTC,Providing,Current,412249,412249,0.099146053195,0,0
"2025-08-11 01:00:00","2025-08-11 02:00:00",Nederland,WindOffshoreC,Hour,UTC,Providing,Current,398249,398249,0.095778971910477,0,0
"2025-08-11 02:00:00","2025-08-11 03:00:00",Nederland,WindOffshoreC,Hour,UTC,Providing,Current,365250,365250,0.087842725217342,0,0
"2025-08-11 03:00:00","2025-08-11 04:00:00",Nederland,WindOffshoreC,Hour,UTC,Providing,Current,304250,304250,0.073172196745872,0,0
"2025-08-11 04:00:00","2025-08-11 05:00:00",Nederland,WindOffshoreC,Hour,UTC,Providing,Current,250500,250500,0.060245350003242,0,0
"2025-08-11 05:00:00","2025-08-11 06:00:00",Nederland,WindOffshoreC,Hour,UTC,Providing,Current,151750,151750,0.03649590164423,0,0
"2025-08-11 06:00:00","2025-08-11 07:00:00",Nederland,WindOffshoreC,Hour,UTC,Providing,Current,66751,66751,0.01605362445116,0,0
"2025-08-11 07:00:00","2025-08-11 08:00:00",Nederland,WindOffshoreC,Hour,UTC,Providing,Current,47500,47500,0.01142377499491,0,0
"2025-08-11 08:00:00","2025-08-11 09:00:00",Nederland,WindOffshoreC,Hour,UTC,Providing,Current,73749,73749,0.017736675217748,0,0
"2025-08-11 09:00:00","2025-08-11 10:00:00",Nederland,WindOffshoreC,Hour,UTC,Providing,Current,73000,73000,0.01755652576685,0,0
"2025-08-11 10:00:00","2025-08-11 11:00:00",Nederland,WindOffshoreC,Hour,UTC,Providing,Current,79500,79500,0.019119774922729,0,0
"2025-08-11 11:00:00","2025-08-11 12:00:00",Nederland,WindOffshoreC,Hour,UTC,Providing,Current,36749,36749,0.0088381571695209,0,0
"2025-08-11 12:00:00","2025-08-11 13:00:00",Nederland,WindOffshoreC,Hour,UTC,Providing,Current,54250,54250,0.013047162443399,0,0
"2025-08-11 13:00:00","2025-08-11 14:00:00",Nederland,WindOffshoreC,Hour,UTC,Providing,Current,116750,116750,0.028078399598598,0,0
"2025-08-11 14:00:00","2025-08-11 15:00:00",Nederland,WindOffshoreC,Hour,UTC,Providing,Current,262999,262999,0.063251323997974,0,0
"2025-08-11 15:00:00","2025-08-11 16:00:00",Nederland,WindOffshoreC,Hour,UTC,Providing,Current,327750,327750,0.0788239762187,0,0
"2025-08-11 16:00:00","2025-08-11 17:00:00",Nederland,WindOffshoreC,Hour,UTC,Providing,Current,426250,426250,0.10251317173243,0,0
"2025-08-11 17:00:00","2025-08-11 18:00:00",Nederland,WindOffshoreC,Hour,UTC,Providing,Current,748000,748000,0.17989425361156,0,0
"2025-08-11 18:00:00","2025-08-11 19:00:00",Nederland,WindOffshoreC,Hour,UTC,Providing,Current,994750,994750,0.23923775553703,0,0
"2025-08-11 19:00:00","2025-08-11 20:00:00",Nederland,WindOffshoreC,Hour,UTC,Providing,Current,1218252,1218252,0.29298976063728,0,0
"2025-08-11 20:00:00","2025-08-11 21:00:00",Nederland,WindOffshoreC,Hour,UTC,Providing,Current,1285750,1285750,0.3092232644558,0,0
"2025-08-11 21:00:00","2025-08-11 22:00:00",Nederland,WindOffshoreC,Hour,UTC,Providing,Current,1386000,1386000,0.33333325386047,0,0
"2025-08-11 22:00:00","2025-08-11 23:00:00",Nederland,WindOffshoreC,Hour,UTC,Providing,Current,1639000,1639000,0.39417999982834,0,0
"2025-08-11 23:00:00","2025-08-12 00:00:00",Nederland,WindOffshoreC,Hour,UTC,Providing,Current,1864248,1864248,0.44835224747658,0,0
"2025-08-12 00:00:00","2025-08-12 01:00:00",Nederland,WindOffshoreC,Hour,UTC,Providing,Current,1943751,1943751,0.46747249364853,0,0
"2025-08-12 01:00:00","2025-08-12 02:00:00",Nederland,WindOffshoreC,Hour,UTC,Providing,Current,1585500,1585500,0.38131299614906,0,0
"2025-08-12 02:00:00","2025-08-12 03:00:00",Nederland,WindOffshoreC,Hour,UTC,Providing,Current,1244502,1244502,0.29930299520493,0,0
"2025-08-12 03:00:00","2025-08-12 04:00:00",Nederland,WindOffshoreC,Hour,UTC,Providing,Current,1334000,1334000,0.32082751393318,0,0
"2025-08-12 04:00:00","2025-08-12 05:00:00",Nederland,WindOffshoreC,Hour,UTC,Providing,Current,881749,881749,0.21206074953079,0,0
"2025-08-12 05:00:00","2025-08-12 06:00:00",Nederland,WindOffshoreC,Hour,UTC,Providing,Current,519250,519250,0.12487977743149,0,0
"2025-08-12 06:00:00","2025-08-12 07:00:00",Nederland,WindOffshoreC,Hour,UTC,Providing,Current,369750,369750,0.088924922049046,0,0
"2025-08-12 07:00:00","2025-08-12 08:00:00",Nederland,WindOffshoreC,Hour,UTC,Providing,Current,242249,242249,0.058260951191187,0,0
"2025-08-12 08:00:00","2025-08-12 09:00:00",Nederland,WindOffshoreC,Hour,UTC,Providing,Current,221000,221000,0.053150575608015,0,0
"2025-08-12 09:00:00","2025-08-12 10:00:00",Nederland,WindOffshoreC,Hour,UTC,Providing,Current,203750,203750,0.049001924693584,0,0
"2025-08-12 10:00:00","2025-08-12 11:00:00",Nederland,WindOffshoreC,Hour,UTC,Providing,Current,218501,218501,0.052549548447132,0,0
"2025-08-12 11:00:00","2025-08-12 12:00:00",Nederland,WindOffshoreC,Hour,UTC,Providing,Current,283000,283000,0.068061552941799,0,0
"2025-08-12 12:00:00","2025-08-12 13:00:00",Nederland,WindOffshoreC,Hour,UTC,Providing,Current,414501,414501,0.099687524139881,0,0
"2025-08-12 13:00:00","2025-08-12 14:00:00",Nederland,WindOffshoreC,Hour,UTC,Providing,Current,590500,590500,0.14201524853706,0,0
"2025-08-12 14:00:00","2025-08-12 15:00:00",Nederland,WindOffshoreC,Hour,UTC,Providing,Current,622251,622251,0.14965124428272,0,0
"2025-08-12 15:00:00","2025-08-12 16:00:00",Nederland,WindOffshoreC,Hour,UTC,Providing,Current,621750,621750,0.14953100681305,0,0
"2025-08-12 16:00:00","2025-08-12 17:00:00",Nederland,WindOffshoreC,Hour,UTC,Providing,Current,691999,691999,0.16642600297928,0,0
"2025-08-12 17:00:00","2025-08-12 18:00:00",Nederland,WindOffshoreC,Hour,UTC,Providing,Current,697750,697750,0.16780924797058,0,0
"2025-08-12 18:00:00","2025-08-12 19:00:00",Nederland,WindOffshoreC,Hour,UTC,Providing,Current,691001,691001,0.16618575155735,0,0
"2025-08-12 19:00:00","2025-08-12 20:00:00",Nederland,WindOffshoreC,Hour,UTC,Providing,Current,874250,874250,0.21025724709034,0,0
"2025-08-12 20:00:00","2025-08-12 21:00:00",Nederland,WindOffshoreC,Hour,UTC,Providing,Current,914250,914250,0.21987749636173,0,0
"2025-08-12 21:00:00","2025-08-12 22:00:00",Nederland,WindOffshoreC,Hour,UTC,Providing,Current,713750,713750,0.17165724933147,0,0
"2025-08-12 22:00:00","2025-08-12 23:00:00",Nederland,WindOffshoreC,Hour,UTC,Providing,Current,456251,456251,0.10972852259874,0,0
"2025-08-12 23:00:00","2025-08-13 00:00:00",Nederland,WindOffshoreC,Hour,UTC,Providing,Current,290500,290500,0.069865323603153,0,0
"2025-08-13 00:00:00","2025-08-13 01:00:00",Nederland,WindOffshoreC,Hour,UTC,Providing,Current,206500,206500,0.049663323909044,0,0
"2025-08-13 01:00:00","2025-08-13 02:00:00",Nederland,WindOffshoreC,Hour,UTC,Providing,Current,111498,111498,0.026815300807357,0,0
"2025-08-13 02:00:00","2025-08-13 03:00:00",Nederland,WindOffshoreC,Hour,UTC,Providing,Current,71999,71999,0.017315775156021,0,0
"2025-08-13 03:00:00","2025-08-13 04:00:00",Nederland,WindOffshoreC,Hour,UTC,Providing,Current,101000,101000,0.024290524423122,0,0
"2025-08-13 04:00:00","2025-08-13 05:00:00",Nederland,WindOffshoreC,Hour,UTC,Providing,Current,75500,75500,0.018157774582505,0,0
"2025-08-13 05:00:00","2025-08-13 06:00:00",Nederland,WindOffshoreC,Hour,UTC,Providing,Current,176250,176250,0.042388174682856,0,0
"2025-08-13 06:00:00","2025-08-13 07:00:00",Nederland,WindOffshoreC,Hour,UTC,Providing,Current,66500,66500,0.015993274748325,0,0
"2025-08-13 07:00:00","2025-08-13 08:00:00",Nederland,WindOffshoreC,Hour,UTC,Providing,Current,113251,113251,0.027236899361014,0,0
"2025-08-13 08:00:00","2025-08-13 09:00:00",Nederland,WindOffshoreC,Hour,UTC,Providing,Current,126498,126498,0.030422799289227,0,0
"2025-08-13 09:00:00","2025-08-13 10:00:00",Nederland,WindOffshoreC,Hour,UTC,Providing,Current,167750,167750,0.040343873202801,0,0
"2025-08-13 10:00:00","2025-08-13 11:00:00",Nederland,WindOffshoreC,Hour,UTC,Providing,Current,162499,162499,0.039081048220396,0,0
"2025-08-13 11:00:00","2025-08-13 12:00:00",Nederland,WindOffshoreC,Hour,UTC,Providing,Current,118000,118000,0.028379049152136,0,0
"2025-08-13 12:00:00","2025-08-13 13:00:00",Nederland,WindOffshoreC,Hour,UTC,Providing,Current,100000,100000,0.024050049483776,0,0
"2025-08-13 13:00:00","2025-08-13 14:00:00",Nederland,WindOffshoreC,Hour,UTC,Providing,Current,181750,181750,0.043710924685001,0,0
"2025-08-13 14:00:00","2025-08-13 15:00:00",Nederland,WindOffshoreC,Hour,UTC,Providing,Current,327250,327250,0.078703723847866,0,0
"2025-08-13 15:00:00","2025-08-13 16:00:00",Nederland,WindOffshoreC,Hour,UTC,Providing,Current,242751,242751,0.058381676673889,0,0
"2025-08-13 16:00:00","2025-08-13 17:00:00",Nederland,WindOffshoreC,Hour,UTC,Providing,Current,256250,256250,0.061628200113773,0,0
"2025-08-13 17:00:00","2025-08-13 18:00:00",Nederland,WindOffshoreC,Hour,UTC,Providing,Current,184500,184500,0.044372301548719,0,0
"2025-08-13 18:00:00","2025-08-13 19:00:00",Nederland,WindOffshoreC,Hour,UTC,Providing,Current,70250,70250,0.016895150765777,0,0
"2025-08-13 19:00:00","2025-08-13 20:00:00",Nederland,WindOffshoreC,Hour,UTC,Providing,Current,43749,43749,0.010521665215492,0,0
"2025-08-13 20:00:00","2025-08-13 21:00:00",Nederland,WindOffshoreC,Hour,UTC,Providing,Current,39500,39500,0.0094997547566891,0,0
"2025-08-13 21:00:00","2025-08-13 22:00:00",Nederland,WindOffshoreC,Hour,UTC,Providing,Current,63500,63500,0.015271799638867,0,0
"2025-08-13 22:00:00","2025-08-13 23:00:00",Nederland,WindOffshoreC,Hour,UTC,Providing,Current,106249,106249,0.025552900508046,0,0
"2025-08-13 23:00:00","2025-08-14 00:00:00",Nederland,WindOffshoreC,Hour,UTC,Providing,Current,228751,228751,0.055014673620462,0,0
"2025-08-14 00:00:00","2025-08-14 01:00:00",Nederland,WindOffshoreC,Hour,UTC,Providing,Current,363999,363999,0.087541878223419,0,0
"2025-08-14 01:00:00","2025-08-14 02:00:00",Nederland,WindOffshoreC,Hour,UTC,Providing,Current,389750,389750,0.093735024333,0,0
"2025-08-14 02:00:00","2025-08-14 03:00:00",Nederland,WindOffshoreC,Hour,UTC,Providing,Current,206500,206500,0.049663301557302,0,0
"2025-08-14 03:00:00","2025-08-14 04:00:00",Nederland,WindOffshoreC,Hour,UTC,Providing,Current,640998,640998,0.15415999293327,0,0
"2025-08-14 04:00:00","2025-08-14 05:00:00",Nederland,WindOffshoreC,Hour,UTC,Providing,Current,420251,420251,0.10107052326202,0,0
"2025-08-14 05:00:00","2025-08-14 06:00:00",Nederland,WindOffshoreC,Hour,UTC,Providing,Current,311749,311749,0.074975699186325,0,0
"2025-08-14 06:00:00","2025-08-14 07:00:00",Nederland,WindOffshoreC,Hour,UTC,Providing,Current,638250,638250,0.15349939465523,0,0
"2025-08-14 07:00:00","2025-08-14 08:00:00",Nederland,WindOffshoreC,Hour,UTC,Providing,Current,1155250,1155250,0.27783799171448,0,0
"2025-08-14 08:00:00","2025-08-14 09:00:00",Nederland,WindOffshoreC,Hour,UTC,Providing,Current,1085751,1085751,0.26112350821495,0,0
"2025-08-14 09:00:00","2025-08-14 10:00:00",Nederland,WindOffshoreC,Hour,UTC,Providing,Current,707750,707750,0.17021399736404,0,0
"2025-08-14 10:00:00","2025-08-14 11:00:00",Nederland,WindOffshoreC,Hour,UTC,Providing,Current,409750,409750,0.098544903099537,0,0
"2025-08-14 11:00:00","2025-08-14 12:00:00",Nederland,WindOffshoreC,Hour,UTC,Providing,Current,490500,490500,0.11796525120735,0,0
"2025-08-14 12:00:00","2025-08-14 13:00:00",Nederland,WindOffshoreC,Hour,UTC,Providing,Current,516751,516751,0.12427874654531,0,0
"2025-08-14 13:00:00","2025-08-14 14:00:00",Nederland,WindOffshoreC,Hour,UTC,Providing,Current,532499,532499,0.12806625664234,0,0
"2025-08-14 14:00:00","2025-08-14 15:00:00",Nederland,WindOffshoreC,Hour,UTC,Providing,Current,686250,686250,0.1650432497263,0,0
"2025-08-14 15:00:00","2025-08-14 16:00:00",Nederland,WindOffshoreC,Hour,UTC,Providing,Current,610251,610251,0.14676575362682,0,0
"2025-08-14 16:00:00","2025-08-14 17:00:00",Nederland,WindOffshoreC,Hour,UTC,Providing,Current,401750,401750,0.09662102162838,0,0
"2025-08-14 17:00:00","2025-08-14 18:00:00",Nederland,WindOffshoreC,Hour,UTC,Providing,Current,327750,327750,0.078823946416378,0,0
"2025-08-14 18:00:00","2025-08-14 19:00:00",Nederland,WindOffshoreC,Hour,UTC,Providing,Current,197249,197249,0.04743842408061,0,0
"2025-08-14 19:00:00","2025-08-14 20:00:00",Nederland,WindOffshoreC,Hour,UTC,Providing,Current,75249,75249,0.01809742487967,0,0
"2025-08-14 20:00:00","2025-08-14 21:00:00",Nederland,WindOffshoreC,Hour,UTC,Providing,Current,82001,82001,0.019721249118447,0,0
"2025-08-14 21:00:00","2025-08-14 22:00:00",Nederland,WindOffshoreC,Hour,UTC,Providing,Current,135000,135000,0.032467525452375,0,0
"2025-08-14 22:00:00","2025-08-14 23:00:00",Nederland,WindOffshoreC,Hour,UTC,Providing,Current,150249,150249,0.036134924739599,0,0
"2025-08-14 23:00:00","2025-08-15 00:00:00",Nederland,WindOffshoreC,Hour,UTC,Providing,Current,242750,242750,0.058381449431181,0,0
"2025-08-15 00:00:00","2025-08-15 01:00:00",Nederland,WindOffshoreC,Hour,UTC,Providing,Current,248750,248750,0.059824425727129,0,0
"2025-08-15 01:00:00","2025-08-15 02:00:00",Nederland,WindOffshoreC,Hour,UTC,Providing,Current,188250,188250,0.045274175703526,0,0
"2025-08-15 02:00:00","2025-08-15 03:00:00",Nederland,WindOffshoreC,Hour,UTC,Providing,Current,170000,170000,0.040885023772717,0,0
"2025-08-15 03:00:00","2025-08-15 04:00:00",Nederland,WindOffshoreC,Hour,UTC,Providing,Current,153000,153000,0.036796525120735,0,0
"2025-08-15 04:00:00","2025-08-15 05:00:00",Nederland,WindOffshoreC,Hour,UTC,Providing,Current,170749,170749,0.04106517508626,0,0
"2025-08-15 05:00:00","2025-08-15 06:00:00",Nederland,WindOffshoreC,Hour,UTC,Providing,Current,164500,164500,0.039562273770571,0,0
"2025-08-15 06:00:00","2025-08-15 07:00:00",Nederland,WindOffshoreC,Hour,UTC,Providing,Current,119750,119750,0.028799900785089,0,0
"2025-08-15 07:00:00","2025-08-15 08:00:00",Nederland,WindOffshoreC,Hour,UTC,Providing,Current,81000,81000,0.019480524584651,0,0
"2025-08-15 08:00:00","2025-08-15 09:00:00",Nederland,WindOffshoreC,Hour,UTC,Providing,Current,111249,111249,0.026755400002003,0,0
"2025-08-15 09:00:00","2025-08-15 10:00:00",Nederland,WindOffshoreC,Hour,UTC,Providing,Current,123000,123000,0.029581524431705,0,0
"2025-08-15 10:00:00","2025-08-15 11:00:00",Nederland,WindOffshoreC,Hour,UTC,Providing,Current,137000,137000,0.032948549836874,0,0
"2025-08-15 11:00:00","2025-08-15 12:00:00",Nederland,WindOffshoreC,Hour,UTC,Providing,Current,241251,241251,0.058020923286676,0,0
"2025-08-15 12:00:00","2025-08-15 13:00:00",Nederland,WindOffshoreC,Hour,UTC,Providing,Current,409499,409499,0.098484553396702,0,0
"2025-08-15 13:00:00","2025-08-15 14:00:00",Nederland,WindOffshoreC,Hour,UTC,Providing,Current,655500,655500,0.15764799714088,0,0
"2025-08-15 14:00:00","2025-08-15 15:00:00",Nederland,WindOffshoreC,Hour,UTC,Providing,Current,916000,916000,0.2202982455492,0,0
"2025-08-15 15:00:00","2025-08-15 16:00:00",Nederland,WindOffshoreC,Hour,UTC,Providing,Current,1187250,1187250,0.28553399443626,0,0
"2025-08-15 16:00:00","2025-08-15 17:00:00",Nederland,WindOffshoreC,Hour,UTC,Providing,Current,1326501,1326501,0.31902399659157,0,0
"2025-08-15 17:00:00","2025-08-15 18:00:00",Nederland,WindOffshoreC,Hour,UTC,Providing,Current,1105752,1105752,0.26593375205994,0,0
"2025-08-15 18:00:00","2025-08-15 19:00:00",Nederland,WindOffshoreC,Hour,UTC,Providing,Current,816999,816999,0.19648849964142,0,0
"2025-08-15 19:00:00","2025-08-15 20:00:00",Nederland,WindOffshoreC,Hour,UTC,Providing,Current,713751,713751,0.17165724933147,0,0
"2025-08-15 20:00:00","2025-08-15 21:00:00",Nederland,WindOffshoreC,Hour,UTC,Providing,Current,863750,863750,0.20773200690746,0,0
"2025-08-15 21:00:00","2025-08-15 22:00:00",Nederland,WindOffshoreC,Hour,UTC,Providing,Current,1120501,1120501,0.26948100328445,0,0
"2025-08-15 22:00:00","2025-08-15 23:00:00",Nederland,WindOffshoreC,Hour,UTC,Providing,Current,1322000,1322000,0.3179412484169,0,0
"2025-08-15 23:00:00","2025-08-16 00:00:00",Nederland,WindOffshoreC,Hour,UTC,Providing,Current,1423250,1423250,0.34229201078415,0,0
"2025-08-16 00:00:00","2025-08-16 01:00:00",Nederland,WindOffshoreC,Hour,UTC,Providing,Current,1487000,1487000,0.35762375593185,0,0
"2025-08-16 01:00:00","2025-08-16 02:00:00",Nederland,WindOffshoreC,Hour,UTC,Providing,Current,1656001,1656001,0.39826849102974,0,0
"2025-08-16 02:00:00","2025-08-16 03:00:00",Nederland,WindOffshoreC,Hour,UTC,Providing,Current,1858750,1858750,0.4470300078392,0,0
"2025-08-16 03:00:00","2025-08-16 04:00:00",Nederland,WindOffshoreC,Hour,UTC,Providing,Current,1967251,1967251,0.47312423586845,0,0
"2025-08-16 04:00:00","2025-08-16 05:00:00",Nederland,WindOffshoreC,Hour,UTC,Providing,Current,1833000,1833000,0.44083699584007,0,0
"2025-08-16 05:00:00","2025-08-16 06:00:00",Nederland,WindOffshoreC,Hour,UTC,Providing,Current,1992250,1992250,0.47913673520088,0,0
"2025-08-16 06:00:00","2025-08-16 07:00:00",Nederland,WindOffshoreC,Hour,UTC,Providing,Current,1837001,1837001,0.44179901480675,0,0
"2025-08-16 07:00:00","2025-08-16 08:00:00",Nederland,WindOffshoreC,Hour,UTC,Providing,Current,1694751,1694751,0.40758800506592,0,0
"2025-08-16 08:00:00","2025-08-16 09:00:00",Nederland,WindOffshoreC,Hour,UTC,Providing,Current,1681750,1681750,0.40446099638939,0,0
"2025-08-16 09:00:00","2025-08-16 10:00:00",Nederland,WindOffshoreC,Hour,UTC,Providing,Current,1460750,1460750,0.35131049156189,0,0
"2025-08-16 10:00:00","2025-08-16 11:00:00",Nederland,WindOffshoreC,Hour,UTC,Providing,Current,1385250,1385250,0.33315300941467,0,0
"2025-08-16 11:00:00","2025-08-16 12:00:00",Nederland,WindOffshoreC,Hour,UTC,Providing,Current,1323000,1323000,0.31818175315857,0,0
"2025-08-16 12:00:00","2025-08-16 13:00:00",Nederland,WindOffshoreC,Hour,UTC,Providing,Current,1254750,1254750,0.30176749825478,0,0
"2025-08-16 13:00:00","2025-08-16 14:00:00",Nederland,WindOffshoreC,Hour,UTC,Providing,Current,1354750,1354750,0.32581749558449,0,0
"2025-08-16 14:00:00","2025-08-16 15:00:00",Nederland,WindOffshoreC,Hour,UTC,Providing,Current,1478251,1478251,0.35551974177361,0,0
"2025-08-16 15:00:00","2025-08-16 16:00:00",Nederland,WindOffshoreC,Hour,UTC,Providing,Current,1635749,1635749,0.39339825510979,0,0
"2025-08-16 16:00:00","2025-08-16 17:00:00",Nederland,WindOffshoreC,Hour,UTC,Providing,Current,1703249,1703249,0.4096317589283,0,0
"2025-08-16 17:00:00","2025-08-16 18:00:00",Nederland,WindOffshoreC,Hour,UTC,Providing,Current,1943000,1943000,0.46729201078415,0,0
"2025-08-16 18:00:00","2025-08-16 19:00:00",Nederland,WindOffshoreC,Hour,UTC,Providing,Current,1892250,1892250,0.45508673787117,0,0
"2025-08-16 19:00:00","2025-08-16 20:00:00",Nederland,WindOffshoreC,Hour,UTC,Providing,Current,1774500,1774500,0.42676773667336,0,0
"2025-08-16 20:00:00","2025-08-16 21:00:00",Nederland,WindOffshoreC,Hour,UTC,Providing,Current,1623750,1623750,0.39051225781441,0,0
"2025-08-16 21:00:00","2025-08-16 22:00:00",Nederland,WindOffshoreC,Hour,UTC,Providing,Current,1324499,1324499,0.31854251027107,0,0
"2025-08-16 22:00:00","2025-08-16 23:00:00",Nederland,WindOffshoreC,Hour,UTC,Providing,Current,1217749,1217749,0.29286900162697,0,0
"2025-08-16 23:00:00","2025-08-17 00:00:00",Nederland,WindOffshoreC,Hour,UTC,Providing,Current,1142750,1142750,0.27483150362968,0,0
"2025-08-17 00:00:00","2025-08-17 01:00:00",Nederland,WindOffshoreC,Hour,UTC,Providing,Current,1189002,1189002,0.28595548868179,0,0
"2025-08-17 01:00:00","2025-08-17 02:00:00",Nederland,WindOffshoreC,Hour,UTC,Providing,Current,1092249,1092249,0.26268649101257,0,0
"2025-08-17 02:00:00","2025-08-17 03:00:00",Nederland,WindOffshoreC,Hour,UTC,Providing,Current,1106250,1106250,0.26605349779129,0,0
"2025-08-17 03:00:00","2025-08-17 04:00:00",Nederland,WindOffshoreC,Hour,UTC,Providing,Current,1008251,1008251,0.24248449504375,0,0
"2025-08-17 04:00:00","2025-08-17 05:00:00",Nederland,WindOffshoreC,Hour,UTC,Providing,Current,910501,910501,0.21897549927235,0,0
"2025-08-17 05:00:00","2025-08-17 06:00:00",Nederland,WindOffshoreC,Hour,UTC,Providing,Current,854249,854249,0.20544700324535,0,0
"2025-08-17 06:00:00","2025-08-17 07:00:00",Nederland,WindOffshoreC,Hour,UTC,Providing,Current,741750,741750,0.17839099466801,0,0
"2025-08-17 07:00:00","2025-08-17 08:00:00",Nederland,WindOffshoreC,Hour,UTC,Providing,Current,639250,639250,0.15374000370502,0,0
"2025-08-17 08:00:00","2025-08-17 09:00:00",Nederland,WindOffshoreC,Hour,UTC,Providing,Current,591500,591500,0.14225600659847,0,0
"2025-08-17 09:00:00","2025-08-17 10:00:00",Nederland,WindOffshoreC,Hour,UTC,Providing,Current,505002,505002,0.12145300209522,0,0
"2025-08-17 10:00:00","2025-08-17 11:00:00",Nederland,WindOffshoreC,Hour,UTC,Providing,Current,592250,592250,0.14243625104427,0,0
"2025-08-17 11:00:00","2025-08-17 12:00:00",Nederland,WindOffshoreC,Hour,UTC,Providing,Current,462500,462500,0.11123127490282,0,0
"2025-08-17 12:00:00","2025-08-17 13:00:00",Nederland,WindOffshoreC,Hour,UTC,Providing,Current,445249,445249,0.10708252340555,0,0
"2025-08-17 13:00:00","2025-08-17 14:00:00",Nederland,WindOffshoreC,Hour,UTC,Providing,Current,653750,653750,0.15722724795341,0,0
"2025-08-17 14:00:00","2025-08-17 15:00:00",Nederland,WindOffshoreC,Hour,UTC,Providing,Current,719250,719250,0.17297950387001,0,0
"2025-08-17 15:00:00","2025-08-17 16:00:00",Nederland,WindOffshoreC,Hour,UTC,Providing,Current,768000,768000,0.18470424413681,0,0
"2025-08-17 16:00:00","2025-08-17 17:00:00",Nederland,WindOffshoreC,Hour,UTC,Providing,Current,930250,930250,0.22372549772263,0,0
"2025-08-17 17:00:00","2025-08-17 18:00:00",Nederland,WindOffshoreC,Hour,UTC,Providing,Current,1175749,1175749,0.28276801109314,0,0
"2025-08-17 18:00:00","2025-08-17 19:00:00",Nederland,WindOffshoreC,Hour,UTC,Providing,Current,1057751,1057751,0.25438925623894,0,0
"2025-08-17 19:00:00","2025-08-17 20:00:00",Nederland,WindOffshoreC,Hour,UTC,Providing,Current,972501,972501,0.23388700187206,0,0
"2025-08-17 20:00:00","2025-08-17 21:00:00",Nederland,WindOffshoreC,Hour,UTC,Providing,Current,799250,799250,0.1922200024128,0,0
"2025-08-17 21:00:00","2025-08-17 22:00:00",Nederland,WindOffshoreC,Hour,UTC,Providing,Current,724501,724501,0.17424274981022,0,0
"2025-08-17 22:00:00","2025-08-17 23:00:00",Nederland,WindOffshoreC,Hour,UTC,Providing,Current,691999,691999,0.16642600297928,0,0
"2025-08-17 23:00:00","2025-08-18 00:00:00",Nederland,WindOffshoreC,Hour,UTC,Providing,Current,482750,482750,0.11610150337219,0,0
"2025-08-18 00:00:00","2025-08-18 01:00:00",Nederland,WindOffshoreC,Hour,UTC,Providing,Current,385749,385749,0.092772826552391,0,0
"2025-08-18 01:00:00","2025-08-18 02:00:00",Nederland,WindOffshoreC,Hour,UTC,Providing,Current,303751,303751,0.073052175343037,0,0
"2025-08-18 02:00:00","2025-08-18 03:00:00",Nederland,WindOffshoreC,Hour,UTC,Providing,Current,250751,250751,0.060305699706078,0,0
"2025-08-18 03:00:00","2025-08-18 04:00:00",Nederland,WindOffshoreC,Hour,UTC,Providing,Current,199998,199998,0.048099551349878,0,0
"2025-08-18 04:00:00","2025-08-18 05:00:00",Nederland,WindOffshoreC,Hour,UTC,Providing,Current,170499,170499,0.041005048900843,0,0
"2025-08-18 05:00:00","2025-08-18 06:00:00",Nederland,WindOffshoreC,Hour,UTC,Providing,Current,114500,114500,0.027537275105715,0,0
"2025-08-18 06:00:00","2025-08-18 07:00:00",Nederland,WindOffshoreC,Hour,UTC,Providing,Current,86500,86500,0.020803274586797,0,0
"2025-08-18 07:00:00","2025-08-18 08:00:00",Nederland,WindOffshoreC,Hour,UTC,Providing,Current,134000,134000,0.032227024435997,0,0
"2025-08-18 08:00:00","2025-08-18 09:00:00",Nederland,WindOffshoreC,Hour,UTC,Providing,Current,175751,175751,0.042268175631762,0,0
"2025-08-18 09:00:00","2025-08-18 10:00:00",Nederland,WindOffshoreC,Hour,UTC,Providing,Current,137500,137500,0.033068776130676,0,0
"2025-08-18 10:00:00","2025-08-18 11:00:00",Nederland,WindOffshoreC,Hour,UTC,Providing,Current,140000,140000,0.033670026808977,0,0
"2025-08-18 11:00:00","2025-08-18 12:00:00",Nederland,WindOffshoreC,Hour,UTC,Providing,Current,202752,202752,0.048761926591396,0,0
"2025-08-18 12:00:00","2025-08-18 13:00:00",Nederland,WindOffshoreC,Hour,UTC,Providing,Current,328750,328750,0.079064473509789,0,0
"2025-08-18 13:00:00","2025-08-18 14:00:00",Nederland,WindOffshoreC,Hour,UTC,Providing,Current,517251,517251,0.12439917773008,0,0
"2025-08-18 14:00:00","2025-08-18 15:00:00",Nederland,WindOffshoreC,Hour,UTC,Providing,Current,819500,819500,0.19708999991417,0,0
"2025-08-18 15:00:00","2025-08-18 16:00:00",Nederland,WindOffshoreC,Hour,UTC,Providing,Current,1013750,1013750,0.24380725622177,0,0
"2025-08-18 16:00:00","2025-08-18 17:00:00",Nederland,WindOffshoreC,Hour,UTC,Providing,Current,1301000,1301000,0.31289100646973,0,0
"2025-08-18 17:00:00","2025-08-18 18:00:00",Nederland,WindOffshoreC,Hour,UTC,Providing,Current,1652249,1652249,0.39736649394035,0,0
"2025-08-18 18:00:00","2025-08-18 19:00:00",Nederland,WindOffshoreC,Hour,UTC,Providing,Current,1827500,1827500,0.43951424956322,0,0
"2025-08-18 19:00:00","2025-08-18 20:00:00",Nederland,WindOffshoreC,Hour,UTC,Providing,Current,1994000,1994000,0.47955751419067,0,0
"2025-08-18 20:00:00","2025-08-18 21:00:00",Nederland,WindOffshoreC,Hour,UTC,Providing,Current,2093000,2093000,0.50336700677872,0,0
"2025-08-18 21:00:00","2025-08-18 22:00:00",Nederland,WindOffshoreC,Hour,UTC,Providing,Current,1942251,1942251,0.46711200475693,0,0
"2025-08-18 22:00:00","2025-08-18 23:00:00",Nederland,WindOffshoreC,Hour,UTC,Providing,Current,1593749,1593749,0.38329726457596,0,0
"2025-08-18 23:00:00","2025-08-19 00:00:00",Nederland,WindOffshoreC,Hour,UTC,Providing,Current,1231751,1231751,0.29623648524284,0,0
"2025-08-19 00:00:00","2025-08-19 01:00:00",Nederland,WindOffshoreC,Hour,UTC,Providing,Current,847749,847749,0.20388375222683,0,0
"2025-08-19 01:00:00","2025-08-19 02:00:00",Nederland,WindOffshoreC,Hour,UTC,Providing,Current,725000,725000,0.17436249554157,0,0
"2025-08-19 02:00:00","2025-08-19 03:00:00",Nederland,WindOffshoreC,Hour,UTC,Providing,Current,743499,743499,0.17881174385548,0,0
"2025-08-19 03:00:00","2025-08-19 04:00:00",Nederland,WindOffshoreC,Hour,UTC,Providing,Current,810249,810249,0.19486474990845,0,0
"2025-08-19 04:00:00","2025-08-19 05:00:00",Nederland,WindOffshoreC,Hour,UTC,Providing,Current,901998,901998,0.21693100035191,0,0
"2025-08-19 05:00:00","2025-08-19 06:00:00",Nederland,WindOffshoreC,Hour,UTC,Providing,Current,981250,981250,0.23599100112915,0,0
"2025-08-19 06:00:00","2025-08-19 07:00:00",Nederland,WindOffshoreC,Hour,UTC,Providing,Current,1072251,1072251,0.25787675380707,0,0
"2025-08-19 07:00:00","2025-08-19 08:00:00",Nederland,WindOffshoreC,Hour,UTC,Providing,Current,1012500,1012500,0.2435065060854,0,0
"2025-08-19 08:00:00","2025-08-19 09:00:00",Nederland,WindOffshoreC,Hour,UTC,Providing,Current,899500,899500,0.21633000671864,0,0
"2025-08-19 09:00:00","2025-08-19 10:00:00",Nederland,WindOffshoreC,Hour,UTC,Providing,Current,878500,878500,0.21127949655056,0,0
"2025-08-19 10:00:00","2025-08-19 11:00:00",Nederland,WindOffshoreC,Hour,UTC,Providing,Current,815250,815250,0.19606775045395,0,0
"2025-08-19 11:00:00","2025-08-19 12:00:00",Nederland,WindOffshoreC,Hour,UTC,Providing,Current,795751,795751,0.19137825071812,0,0
"2025-08-19 12:00:00","2025-08-19 13:00:00",Nederland,WindOffshoreC,Hour,UTC,Providing,Current,1683750,1683750,0.40494200587273,0,0
"2025-08-19 13:00:00","2025-08-19 14:00:00",Nederland,WindOffshoreC,Hour,UTC,Providing,Current,2480001,2480001,0.59644049406052,0,0
"2025-08-19 14:00:00","2025-08-19 15:00:00",Nederland,WindOffshoreC,Hour,UTC,Providing,Current,2695999,2695999,0.64838826656342,0,0
"2025-08-19 15:00:00","2025-08-19 16:00:00",Nederland,WindOffshoreC,Hour,UTC,Providing,Current,2788752,2788752,0.67069524526596,0,0
"2025-08-19 16:00:00","2025-08-19 17:00:00",Nederland,WindOffshoreC,Hour,UTC,Providing,Current,2771501,2771501,0.66654652357101,0,0
"2025-08-19 17:00:00","2025-08-19 18:00:00",Nederland,WindOffshoreC,Hour,UTC,Providing,Current,2665500,2665500,0.64105349779129,0,0
"2025-08-19 18:00:00","2025-08-19 19:00:00",Nederland,WindOffshoreC,Hour,UTC,Providing,Current,2582000,2582000,0.62097150087357,0,0
"2025-08-19 19:00:00","2025-08-19 20:00:00",Nederland,WindOffshoreC,Hour,UTC,Providing,Current,2709000,2709000,0.65151524543762,0,0
"2025-08-19 20:00:00","2025-08-19 21:00:00",Nederland,WindOffshoreC,Hour,UTC,Providing,Current,2749500,2749500,0.66125524044037,0,0
"2025-08-19 21:00:00","2025-08-19 22:00:00",Nederland,WindOffshoreC,Hour,UTC,Providing,Current,2592751,2592751,0.62355750799179,0,0
"2025-08-19 22:00:00","2025-08-19 23:00:00",Nederland,WindOffshoreC,Hour,UTC,Providing,Current,2502249,2502249,0.60179126262665,0,0
"2025-08-19 23:00:00","2025-08-20 00:00:00",Nederland,WindOffshoreC,Hour,UTC,Providing,Current,2369750,2369750,0.56992524862289,0,0
"2025-08-20 00:00:00","2025-08-20 01:00:00",Nederland,WindOffshoreC,Hour,UTC,Providing,Current,2207500,2207500,0.53090423345566,0,0
"2025-08-20 01:00:00","2025-08-20 02:00:00",Nederland,WindOffshoreC,Hour,UTC,Providing,Current,1844750,1844750,0.44366300106049,0,0
"2025-08-20 02:00:00","2025-08-20 03:00:00",Nederland,WindOffshoreC,Hour,UTC,Providing,Current,1634001,1634001,0.3929777443409,0,0
"2025-08-20 03:00:00","2025-08-20 04:00:00",Nederland,WindOffshoreC,Hour,UTC,Providing,Current,1518250,1518250,0.36513924598694,0,0
"2025-08-20 04:00:00","2025-08-20 05:00:00",Nederland,WindOffshoreC,Hour,UTC,Providing,Current,1919751,1919751,0.46170049905777,0,0
"2025-08-20 05:00:00","2025-08-20 06:00:00",Nederland,WindOffshoreC,Hour,UTC,Providing,Current,2195749,2195749,0.52807801961899,0,0
"2025-08-20 06:00:00","2025-08-20 07:00:00",Nederland,WindOffshoreC,Hour,UTC,Providing,Current,2101250,2101250,0.50535124540329,0,0
"2025-08-20 07:00:00","2025-08-20 08:00:00",Nederland,WindOffshoreC,Hour,UTC,Providing,Current,1742500,1742500,0.41907176375389,0,0
"2025-08-20 08:00:00","2025-08-20 09:00:00",Nederland,WindOffshoreC,Hour,UTC,Providing,Current,1489250,1489250,0.35816526412964,0,0
"2025-08-20 09:00:00","2025-08-20 10:00:00",Nederland,WindOffshoreC,Hour,UTC,Providing,Current,1443750,1443750,0.34722200036049,0,0
"2025-08-20 10:00:00","2025-08-20 11:00:00",Nederland,WindOffshoreC,Hour,UTC,Providing,Current,1181250,1181250,0.28409075737,0,0
"2025-08-20 11:00:00","2025-08-20 12:00:00",Nederland,WindOffshoreC,Hour,UTC,Providing,Current,859499,859499,0.2067095041275,0,0
"2025-08-20 12:00:00","2025-08-20 13:00:00",Nederland,WindOffshoreC,Hour,UTC,Providing,Current,985249,985249,0.23695275187492,0,0
"2025-08-20 13:00:00","2025-08-20 14:00:00",Nederland,WindOffshoreC,Hour,UTC,Providing,Current,1047500,1047500,0.25192400813103,0,0
"2025-08-20 14:00:00","2025-08-20 15:00:00",Nederland,WindOffshoreC,Hour,UTC,Providing,Current,1393999,1393999,0.3352569937706,0,0
"2025-08-20 15:00:00","2025-08-20 16:00:00",Nederland,WindOffshoreC,Hour,UTC,Providing,Current,2027000,2027000,0.48749399185181,0,0
"2025-08-20 16:00:00","2025-08-20 17:00:00",Nederland,WindOffshoreC,Hour,UTC,Providing,Current,2809251,2809251,0.67562526464462,0,0
"2025-08-20 17:00:00","2025-08-20 18:00:00",Nederland,WindOffshoreC,Hour,UTC,Providing,Current,3314999,3314999,0.79725825786591,0,0
"2025-08-20 18:00:00","2025-08-20 19:00:00",Nederland,WindOffshoreC,Hour,UTC,Providing,Current,3516000,3516000,0.84559899568558,0,0
"2025-08-20 19:00:00","2025-08-20 20:00:00",Nederland,WindOffshoreC,Hour,UTC,Providing,Current,3490750,3490750,0.83952623605728,0,0
"2025-08-20 20:00:00","2025-08-20 21:00:00",Nederland,WindOffshoreC,Hour,UTC,Providing,Current,3228999,3228999,0.77657502889633,0,0
"2025-08-20 21:00:00","2025-08-20 22:00:00",Nederland,WindOffshoreC,Hour,UTC,Providing,Current,2979750,2979750,0.71663051843643,0,0
"2025-08-20 22:00:00","2025-08-20 23:00:00",Nederland,WindOffshoreC,Hour,UTC,Providing,Current,2502249,2502249,0.60179126262665,0,0
"2025-08-20 23:00:00","2025-08-21 00:00:00",Nederland,WindOffshoreC,Hour,UTC,Providing,Current,2095250,2095250,0.5039079785347,0,0
"2025-08-21 00:00:00","2025-08-21 01:00:00",Nederland,WindOffshoreC,Hour,UTC,Providing,Current,1879750,1879750,0.45208048820496,0,0
"2025-08-21 01:00:00","2025-08-21 02:00:00",Nederland,WindOffshoreC,Hour,UTC,Providing,Current,1819000,1819000,0.43746998906136,0,0
"2025-08-21 02:00:00","2025-08-21 03:00:00",Nederland,WindOffshoreC,Hour,UTC,Providing,Current,1871249,1871249,0.45003575086594,0,0
"2025-08-21 03:00:00","2025-08-21 04:00:00",Nederland,WindOffshoreC,Hour,UTC,Providing,Current,1916751,1916751,0.46097901463509,0,0
"2025-08-21 04:00:00","2025-08-21 05:00:00",Nederland,WindOffshoreC,Hour,UTC,Providing,Current,2362000,2362000,0.56806147098541,0,0
"2025-08-21 05:00:00","2025-08-21 06:00:00",Nederland,WindOffshoreC,Hour,UTC,Providing,Current,2598750,2598750,0.625,0,0
"2025-08-21 06:00:00","2025-08-21 07:00:00",Nederland,WindOffshoreC,Hour,UTC,Providing,Current,2454749,2454749,0.5903679728508,0,0
"2025-08-21 07:00:00","2025-08-21 08:00:00",Nederland,WindOffshoreC,Hour,UTC,Providing,Current,2238500,2238500,0.5383597612381,0,0
"2025-08-21 08:00:00","2025-08-21 09:00:00",Nederland,WindOffshoreC,Hour,UTC,Providing,Current,2158000,2158000,0.51899951696396,0,0
"2025-08-21 09:00:00","2025-08-21 10:00:00",Nederland,WindOffshoreC,Hour,UTC,Providing,Current,2246000,2246000,0.54016351699829,0,0
"2025-08-21 10:00:00","2025-08-21 11:00:00",Nederland,WindOffshoreC,Hour,UTC,Providing,Current,2712250,2712250,0.65229672193527,0,0
"2025-08-21 11:00:00","2025-08-21 12:00:00",Nederland,WindOffshoreC,Hour,UTC,Providing,Current,2100751,2100751,0.50523072481155,0,0
"2025-08-21 12:00:00","2025-08-21 13:00:00",Nederland,WindOffshoreC,Hour,UTC,Providing,Current,2059751,2059751,0.49537074565887,0,0
"2025-08-21 13:00:00","2025-08-21 14:00:00",Nederland,WindOffshoreC,Hour,UTC,Providing,Current,2540502,2540502,0.61099147796631,0,0
"2025-08-21 14:00:00","2025-08-21 15:00:00",Nederland,WindOffshoreC,Hour,UTC,Providing,Current,2401251,2401251,0.57750123739243,0,0
"2025-08-21 15:00:00","2025-08-21 16:00:00",Nederland,WindOffshoreC,Hour,UTC,Providing,Current,2495999,2495999,0.60028827190399,0,0
"2025-08-21 16:00:00","2025-08-21 17:00:00",Nederland,WindOffshoreC,Hour,UTC,Providing,Current,2549500,2549500,0.61315548419952,0,0
"2025-08-21 17:00:00","2025-08-21 18:00:00",Nederland,WindOffshoreC,Hour,UTC,Providing,Current,2559250,2559250,0.61550027132034,0,0
"2025-08-21 18:00:00","2025-08-21 19:00:00",Nederland,WindOffshoreC,Hour,UTC,Providing,Current,2102000,2102000,0.50553125143051,0,0
"2025-08-21 19:00:00","2025-08-21 20:00:00",Nederland,WindOffshoreC,Hour,UTC,Providing,Current,2189751,2189751,0.52663576602936,0,0
"2025-08-21 20:00:00","2025-08-21 21:00:00",Nederland,WindOffshoreC,Hour,UTC,Providing,Current,1977501,1977501,0.47558924555779,0,0
"2025-08-21 21:00:00","2025-08-21 22:00:00",Nederland,WindOffshoreC,Hour,UTC,Providing,Current,1813250,1813250,0.43608725070953,0,0
"2025-08-21 22:00:00","2025-08-21 23:00:00",Nederland,WindOffshoreC,Hour,UTC,Providing,Current,1839251,1839251,0.44234049320221,0,0
"2025-08-21 23:00:00","2025-08-22 00:00:00",Nederland,WindOffshoreC,Hour,UTC,Providing,Current,1527750,1527750,0.36742424964905,0,0
"2025-08-22 00:00:00","2025-08-22 01:00:00",Nederland,WindOffshoreC,Hour,UTC,Providing,Current,1294500,1294500,0.3113274872303,0,0
"2025-08-22 01:00:00","2025-08-22 02:00:00",Nederland,WindOffshoreC,Hour,UTC,Providing,Current,1391000,1391000,0.33453574776649,0,0
"2025-08-22 02:00:00","2025-08-22 03:00:00",Nederland,WindOffshoreC,Hour,UTC,Providing,Current,1270749,1270749,0.30561575293541,0,0
"2025-08-22 03:00:00","2025-08-22 04:00:00",Nederland,WindOffshoreC,Hour,UTC,Providing,Current,1196750,1196750,0.28781899809837,0,0
"2025-08-22 04:00:00","2025-08-22 05:00:00",Nederland,WindOffshoreC,Hour,UTC,Providing,Current,1135251,1135251,0.27302825450897,0,0
"2025-08-22 05:00:00","2025-08-22 06:00:00",Nederland,WindOffshoreC,Hour,UTC,Providing,Current,1072249,1072249,0.25787624716759,0,0
"2025-08-22 06:00:00","2025-08-22 07:00:00",Nederland,WindOffshoreC,Hour,UTC,Providing,Current,1197250,1197250,0.28793874382973,0,0
"2025-08-22 07:00:00","2025-08-22 08:00:00",Nederland,WindOffshoreC,Hour,UTC,Providing,Current,1228999,1228999,0.29557448625565,0,0
"2025-08-22 08:00:00","2025-08-22 09:00:00",Nederland,WindOffshoreC,Hour,UTC,Providing,Current,1252000,1252000,0.30110624432564,0,0
"2025-08-22 09:00:00","2025-08-22 10:00:00",Nederland,WindOffshoreC,Hour,UTC,Providing,Current,1108750,1108750,0.26665449142456,0,0
"2025-08-22 10:00:00","2025-08-22 11:00:00",Nederland,WindOffshoreC,Hour,UTC,Providing,Current,843250,843250,0.20280200242996,0,0
"2025-08-22 11:00:00","2025-08-22 12:00:00",Nederland,WindOffshoreC,Hour,UTC,Providing,Current,851750,851750,0.20484599471092,0,0
"2025-08-22 12:00:00","2025-08-22 13:00:00",Nederland,WindOffshoreC,Hour,UTC,Providing,Current,894500,894500,0.21512749791145,0,0
"2025-08-22 13:00:00","2025-08-22 14:00:00",Nederland,WindOffshoreC,Hour,UTC,Providing,Current,882250,882250,0.21218149363995,0,0
"2025-08-22 14:00:00","2025-08-22 15:00:00",Nederland,WindOffshoreC,Hour,UTC,Providing,Current,883251,883251,0.21242225170135,0,0
"2025-08-22 15:00:00","2025-08-22 16:00:00",Nederland,WindOffshoreC,Hour,UTC,Providing,Current,765001,765001,0.18398274481297,0,0
"2025-08-22 16:00:00","2025-08-22 17:00:00",Nederland,WindOffshoreC,Hour,UTC,Providing,Current,484500,484500,0.11652249842882,0,0
"2025-08-22 17:00:00","2025-08-22 18:00:00",Nederland,WindOffshoreC,Hour,UTC,Providing,Current,572250,572250,0.13762624561787,0,0
"2025-08-22 18:00:00","2025-08-22 19:00:00",Nederland,WindOffshoreC,Hour,UTC,Providing,Current,870250,870250,0.20929524302483,0,0
"2025-08-22 19:00:00","2025-08-22 20:00:00",Nederland,WindOffshoreC,Hour,UTC,Providing,Current,894500,894500,0.21512749791145,0,0
"2025-08-22 20:00:00","2025-08-22 21:00:00",Nederland,WindOffshoreC,Hour,UTC,Providing,Current,1014750,1014750,0.24404749274254,0,0
"2025-08-22 21:00:00","2025-08-22 22:00:00",Nederland,WindOffshoreC,Hour,UTC,Providing,Current,1370001,1370001,0.3294857442379,0,0
"2025-08-22 22:00:00","2025-08-22 23:00:00",Nederland,WindOffshoreC,Hour,UTC,Providing,Current,1307748,1307748,0.31451374292374,0,0
"2025-08-22 23:00:00","2025-08-23 00:00:00",Nederland,WindOffshoreC,Hour,UTC,Providing,Current,1354499,1354499,0.32575699687004,0,0
"2025-08-23 00:00:00","2025-08-23 01:00:00",Nederland,WindOffshoreC,Hour,UTC,Providing,Current,1509500,1509500,0.36303526163101,0,0
"2025-08-23 01:00:00","2025-08-23 02:00:00",Nederland,WindOffshoreC,Hour,UTC,Providing,Current,1206751,1206751,0.29022398591042,0,0
"2025-08-23 02:00:00","2025-08-23 03:00:00",Nederland,WindOffshoreC,Hour,UTC,Providing,Current,1264250,1264250,0.30405250191689,0,0
"2025-08-23 03:00:00","2025-08-23 04:00:00",Nederland,WindOffshoreC,Hour,UTC,Providing,Current,1363251,1363251,0.32786226272583,0,0
"2025-08-23 04:00:00","2025-08-23 05:00:00",Nederland,WindOffshoreC,Hour,UTC,Providing,Current,1818749,1818749,0.43740975856781,0,0
"2025-08-23 05:00:00","2025-08-23 06:00:00",Nederland,WindOffshoreC,Hour,UTC,Providing,Current,1847500,1847500,0.44432425498962,0,0
"2025-08-23 06:00:00","2025-08-23 07:00:00",Nederland,WindOffshoreC,Hour,UTC,Providing,Current,1740750,1740750,0.41865074634552,0,0
"2025-08-23 07:00:00","2025-08-23 08:00:00",Nederland,WindOffshoreC,Hour,UTC,Providing,Current,1533250,1533250,0.3687469959259,0,0
"2025-08-23 08:00:00","2025-08-23 09:00:00",Nederland,WindOffshoreC,Hour,UTC,Providing,Current,1200252,1200252,0.28866100311279,0,0
"2025-08-23 09:00:00","2025-08-23 10:00:00",Nederland,WindOffshoreC,Hour,UTC,Providing,Current,764250,764250,0.18380250036716,0,0
"2025-08-23 10:00:00","2025-08-23 11:00:00",Nederland,WindOffshoreC,Hour,UTC,Providing,Current,742251,742251,0.17851175367832,0,0
"2025-08-23 11:00:00","2025-08-23 12:00:00",Nederland,WindOffshoreC,Hour,UTC,Providing,Current,500499,500499,0.12037024646997,0,0
"2025-08-23 12:00:00","2025-08-23 13:00:00",Nederland,WindOffshoreC,Hour,UTC,Providing,Current,523751,523751,0.12596200406551,0,0
"2025-08-23 13:00:00","2025-08-23 14:00:00",Nederland,WindOffshoreC,Hour,UTC,Providing,Current,424750,424750,0.1021524220705,0,0
"2025-08-23 14:00:00","2025-08-23 15:00:00",Nederland,WindOffshoreC,Hour,UTC,Providing,Current,509499,509499,0.12253449857235,0,0
"2025-08-23 15:00:00","2025-08-23 16:00:00",Nederland,WindOffshoreC,Hour,UTC,Providing,Current,648250,648250,0.15590424835682,0,0
"2025-08-23 16:00:00","2025-08-23 17:00:00",Nederland,WindOffshoreC,Hour,UTC,Providing,Current,698501,698501,0.16798974573612,0,0
"2025-08-23 17:00:00","2025-08-23 18:00:00",Nederland,WindOffshoreC,Hour,UTC,Providing,Current,590249,590249,0.14195500314236,0,0
"2025-08-23 18:00:00","2025-08-23 19:00:00",Nederland,WindOffshoreC,Hour,UTC,Providing,Current,518751,518751,0.12476000189781,0,0
"2025-08-23 19:00:00","2025-08-23 20:00:00",Nederland,WindOffshoreC,Hour,UTC,Providing,Current,412500,412500,0.099206298589706,0,0
"2025-08-23 20:00:00","2025-08-23 21:00:00",Nederland,WindOffshoreC,Hour,UTC,Providing,Current,276749,276749,0.066558197140694,0,0
"2025-08-23 21:00:00","2025-08-23 22:00:00",Nederland,WindOffshoreC,Hour,UTC,Providing,Current,164499,164499,0.039562050253153,0,0
"2025-08-23 22:00:00","2025-08-23 23:00:00",Nederland,WindOffshoreC,Hour,UTC,Providing,Current,123500,123500,0.029701799154282,0,0
"2025-08-23 23:00:00","2025-08-24 00:00:00",Nederland,WindOffshoreC,Hour,UTC,Providing,Current,86500,86500,0.02080325037241,0,0
"2025-08-24 00:00:00","2025-08-24 01:00:00",Nederland,WindOffshoreC,Hour,UTC,Providing,Current,47499,47499,0.011423515155911,0,0
"2025-08-24 01:00:00","2025-08-24 02:00:00",Nederland,WindOffshoreC,Hour,UTC,Providing,Current,157251,157251,0.037818875163794,0,0
"2025-08-24 02:00:00","2025-08-24 03:00:00",Nederland,WindOffshoreC,Hour,UTC,Providing,Current,29748,29748,0.0071544023230672,0,0
"2025-08-24 03:00:00","2025-08-24 04:00:00",Nederland,WindOffshoreC,Hour,UTC,Providing,Current,68999,68999,0.016594300046563,0,0
"2025-08-24 04:00:00","2025-08-24 05:00:00",Nederland,WindOffshoreC,Hour,UTC,Providing,Current,112750,112750,0.027116375043988,0,0
"2025-08-24 05:00:00","2025-08-24 06:00:00",Nederland,WindOffshoreC,Hour,UTC,Providing,Current,162251,162251,0.039021398872137,0,0
"2025-08-24 06:00:00","2025-08-24 07:00:00",Nederland,WindOffshoreC,Hour,UTC,Providing,Current,175251,175251,0.042147900909185,0,0
"2025-08-24 07:00:00","2025-08-24 08:00:00",Nederland,WindOffshoreC,Hour,UTC,Providing,Current,101749,101749,0.024470675736666,0,0
"2025-08-24 08:00:00","2025-08-24 09:00:00",Nederland,WindOffshoreC,Hour,UTC,Providing,Current,89500,89500,0.021524775773287,0,0
"2025-08-24 09:00:00","2025-08-24 10:00:00",Nederland,WindOffshoreC,Hour,UTC,Providing,Current,68500,68500,0.016474274918437,0,0
"2025-08-24 10:00:00","2025-08-24 11:00:00",Nederland,WindOffshoreC,Hour,UTC,Providing,Current,89750,89750,0.021584924310446,0,0
"2025-08-24 11:00:00","2025-08-24 12:00:00",Nederland,WindOffshoreC,Hour,UTC,Providing,Current,57250,57250,0.013768649660051,0,0
"2025-08-24 12:00:00","2025-08-24 13:00:00",Nederland,WindOffshoreC,Hour,UTC,Providing,Current,41999,41999,0.01010075211525,0,0
"2025-08-24 13:00:00","2025-08-24 14:00:00",Nederland,WindOffshoreC,Hour,UTC,Providing,Current,46250,46250,0.011123174801469,0,0
"2025-08-24 14:00:00","2025-08-24 15:00:00",Nederland,WindOffshoreC,Hour,UTC,Providing,Current,41250,41250,0.0099206529557705,0,0
"2025-08-24 15:00:00","2025-08-24 16:00:00",Nederland,WindOffshoreC,Hour,UTC,Providing,Current,61000,61000,0.01467052474618,0,0
"2025-08-24 16:00:00","2025-08-24 17:00:00",Nederland,WindOffshoreC,Hour,UTC,Providing,Current,71250,71250,0.01713564991951,0,0
"2025-08-24 17:00:00","2025-08-24 18:00:00",Nederland,WindOffshoreC,Hour,UTC,Providing,Current,74750,74750,0.017977399751544,0,0
"2025-08-24 18:00:00","2025-08-24 19:00:00",Nederland,WindOffshoreC,Hour,UTC,Providing,Current,56750,56750,0.013648425228894,0,0
"2025-08-24 19:00:00","2025-08-24 20:00:00",Nederland,WindOffshoreC,Hour,UTC,Providing,Current,35750,35750,0.0085978852584958,0,0
"2025-08-24 20:00:00","2025-08-24 21:00:00",Nederland,WindOffshoreC,Hour,UTC,Providing,Current,33250,33250,0.0079966327175498,0,0
"2025-08-24 21:00:00","2025-08-24 22:00:00",Nederland,WindOffshoreC,Hour,UTC,Providing,Current,20500,20500,0.0049302526749671,0,0
"2025-08-24 22:00:00","2025-08-24 23:00:00",Nederland,WindOffshoreC,Hour,UTC,Providing,Current,19251,19251,0.0046298699453473,0,0
"2025-08-24 23:00:00","2025-08-25 00:00:00",Nederland,WindOffshoreC,Hour,UTC,Providing,Current,38750,38750,0.0093193771317601,0,0
"2025-08-25 00:00:00","2025-08-25 01:00:00",Nederland,WindOffshoreC,Hour,UTC,Providing,Current,118249,118249,0.028438925743103,0,0
"2025-08-25 01:00:00","2025-08-25 02:00:00",Nederland,WindOffshoreC,Hour,UTC,Providing,Current,184500,184500,0.044372301548719,0,0
"2025-08-25 02:00:00","2025-08-25 03:00:00",Nederland,WindOffshoreC,Hour,UTC,Providing,Current,238002,238002,0.057239551097155,0,0
"2025-08-25 03:00:00","2025-08-25 04:00:00",Nederland,WindOffshoreC,Hour,UTC,Providing,Current,260750,260750,0.062710449099541,0,0
"2025-08-25 04:00:00","2025-08-25 05:00:00",Nederland,WindOffshoreC,Hour,UTC,Providing,Current,326499,326499,0.078523099422455,0,0
"2025-08-25 05:00:00","2025-08-25 06:00:00",Nederland,WindOffshoreC,Hour,UTC,Providing,Current,332500,332500,0.079966321587563,0,0
"2025-08-25 06:00:00","2025-08-25 07:00:00",Nederland,WindOffshoreC,Hour,UTC,Providing,Current,379000,379000,0.09114957600832,0,0
"2025-08-25 07:00:00","2025-08-25 08:00:00",Nederland,WindOffshoreC,Hour,UTC,Providing,Current,367750,367750,0.088443972170353,0,0
"2025-08-25 08:00:00","2025-08-25 09:00:00",Nederland,WindOffshoreC,Hour,UTC,Providing,Current,304750,304750,0.073292471468449,0,0
"2025-08-25 09:00:00","2025-08-25 10:00:00",Nederland,WindOffshoreC,Hour,UTC,Providing,Current,186250,186250,0.044793199747801,0,0
"2025-08-25 10:00:00","2025-08-25 11:00:00",Nederland,WindOffshoreC,Hour,UTC,Providing,Current,105000,105000,0.025252550840378,0,0
"2025-08-25 11:00:00","2025-08-25 12:00:00",Nederland,WindOffshoreC,Hour,UTC,Providing,Current,98000,98000,0.023569025099277,0,0
"2025-08-25 12:00:00","2025-08-25 13:00:00",Nederland,WindOffshoreC,Hour,UTC,Providing,Current,64750,64750,0.015572374686599,0,0
"2025-08-25 13:00:00","2025-08-25 14:00:00",Nederland,WindOffshoreC,Hour,UTC,Providing,Current,75000,75000,0.018037550151348,0,0
"2025-08-25 14:00:00","2025-08-25 15:00:00",Nederland,WindOffshoreC,Hour,UTC,Providing,Current,110750,110750,0.026635399088264,0,0
"2025-08-25 15:00:00","2025-08-25 16:00:00",Nederland,WindOffshoreC,Hour,UTC,Providing,Current,85750,85750,0.020622899755836,0,0
"2025-08-25 16:00:00","2025-08-25 17:00:00",Nederland,WindOffshoreC,Hour,UTC,Providing,Current,100751,100751,0.024230625480413,0,0
"2025-08-25 17:00:00","2025-08-25 18:00:00",Nederland,WindOffshoreC,Hour,UTC,Providing,Current,124749,124749,0.030002150684595,0,0
"2025-08-25 18:00:00","2025-08-25 19:00:00",Nederland,WindOffshoreC,Hour,UTC,Providing,Current,178250,178250,0.04286915063858,0,0
"2025-08-25 19:00:00","2025-08-25 20:00:00",Nederland,WindOffshoreC,Hour,UTC,Providing,Current,279999,279999,0.067339822649956,0,0
"2025-08-25 20:00:00","2025-08-25 21:00:00",Nederland,WindOffshoreC,Hour,UTC,Providing,Current,418751,418751,0.10070990025997,0,0
"2025-08-25 21:00:00","2025-08-25 22:00:00",Nederland,WindOffshoreC,Hour,UTC,Providing,Current,672500,672500,0.16173650324345,0,0
"2025-08-25 22:00:00","2025-08-25 23:00:00",Nederland,WindOffshoreC,Hour,UTC,Providing,Current,913250,913250,0.21963700652122,0,0
"2025-08-25 23:00:00","2025-08-26 00:00:00",Nederland,WindOffshoreC,Hour,UTC,Providing,Current,1332750,1332750,0.32052674889565,0,0
"2025-08-26 00:00:00","2025-08-26 01:00:00",Nederland,WindOffshoreC,Hour,UTC,Providing,Current,1719751,1719751,0.41360023617744,0,0
"2025-08-26 01:00:00","2025-08-26 02:00:00",Nederland,WindOffshoreC,Hour,UTC,Providing,Current,1948500,1948500,0.4686144888401,0,0
"2025-08-26 02:00:00","2025-08-26 03:00:00",Nederland,WindOffshoreC,Hour,UTC,Providing,Current,2183249,2183249,0.52507197856903,0,0
"2025-08-26 03:00:00","2025-08-26 04:00:00",Nederland,WindOffshoreC,Hour,UTC,Providing,Current,2006249,2006249,0.48250323534012,0,0
"2025-08-26 04:00:00","2025-08-26 05:00:00",Nederland,WindOffshoreC,Hour,UTC,Providing,Current,1550251,1550251,0.3728354871273,0,0
"2025-08-26 05:00:00","2025-08-26 06:00:00",Nederland,WindOffshoreC,Hour,UTC,Providing,Current,1408501,1408501,0.33874499797821,0,0
"2025-08-26 06:00:00","2025-08-26 07:00:00",Nederland,WindOffshoreC,Hour,UTC,Providing,Current,1329000,1329000,0.31962499022484,0,0
"2025-08-26 07:00:00","2025-08-26 08:00:00",Nederland,WindOffshoreC,Hour,UTC,Providing,Current,1361500,1361500,0.32744100689888,0,0
"2025-08-26 08:00:00","2025-08-26 09:00:00",Nederland,WindOffshoreC,Hour,UTC,Providing,Current,1401250,1401250,0.3370009958744,0,0
"2025-08-26 09:00:00","2025-08-26 10:00:00",Nederland,WindOffshoreC,Hour,UTC,Providing,Current,1397250,1397250,0.33603900671005,0,0
"2025-08-26 10:00:00","2025-08-26 11:00:00",Nederland,WindOffshoreC,Hour,UTC,Providing,Current,1337750,1337750,0.32172900438309,0,0
"2025-08-26 11:00:00","2025-08-26 12:00:00",Nederland,WindOffshoreC,Hour,UTC,Providing,Current,1711751,1711751,0.41167649626732,0,0
"2025-08-26 12:00:00","2025-08-26 13:00:00",Nederland,WindOffshoreC,Hour,UTC,Providing,Current,1920499,1920499,0.46188050508499,0,0
"2025-08-26 13:00:00","2025-08-26 14:00:00",Nederland,WindOffshoreC,Hour,UTC,Providing,Current,2214000,2214000,0.53246748447418,0,0
"2025-08-26 14:00:00","2025-08-26 15:00:00",Nederland,WindOffshoreC,Hour,UTC,Providing,Current,2542749,2542749,0.61153149604797,0,0
"2025-08-26 15:00:00","2025-08-26 16:00:00",Nederland,WindOffshoreC,Hour,UTC,Providing,Current,2951501,2951501,0.70983648300171,0,0
"2025-08-26 16:00:00","2025-08-26 17:00:00",Nederland,WindOffshoreC,Hour,UTC,Providing,Current,3143750,3143750,0.7560727596283,0,0
"2025-08-26 17:00:00","2025-08-26 18:00:00",Nederland,WindOffshoreC,Hour,UTC,Providing,Current,3396000,3396000,0.81673872470856,0,0
"2025-08-26 18:00:00","2025-08-26 19:00:00",Nederland,WindOffshoreC,Hour,UTC,Providing,Current,3519750,3519750,0.84650075435638,0,0
"2025-08-26 19:00:00","2025-08-26 20:00:00",Nederland,WindOffshoreC,Hour,UTC,Providing,Current,2853000,2853000,0.68614727258682,0,0
"2025-08-26 20:00:00","2025-08-26 21:00:00",Nederland,WindOffshoreC,Hour,UTC,Providing,Current,2583000,2583000,0.62121200561523,0,0
"2025-08-26 21:00:00","2025-08-26 22:00:00",Nederland,WindOffshoreC,Hour,UTC,Providing,Current,2176501,2176501,0.52344900369644,0,0
"2025-08-26 22:00:00","2025-08-26 23:00:00",Nederland,WindOffshoreC,Hour,UTC,Providing,Current,1954248,1954248,0.46999675035477,0,0
"2025-08-26 23:00:00","2025-08-27 00:00:00",Nederland,WindOffshoreC,Hour,UTC,Providing,Current,1767250,1767250,0.42502376437187,0,0
"2025-08-27 00:00:00","2025-08-27 01:00:00",Nederland,WindOffshoreC,Hour,UTC,Providing,Current,1817250,1817250,0.43704900145531,0,0
"2025-08-27 01:00:00","2025-08-27 02:00:00",Nederland,WindOffshoreC,Hour,UTC,Providing,Current,1920501,1920501,0.46188074350357,0,0
"2025-08-27 02:00:00","2025-08-27 03:00:00",Nederland,WindOffshoreC,Hour,UTC,Providing,Current,1947000,1947000,0.4682539999485,0,0
"2025-08-27 03:00:00","2025-08-27 04:00:00",Nederland,WindOffshoreC,Hour,UTC,Providing,Current,2085750,2085750,0.50162327289581,0,0
"2025-08-27 04:00:00","2025-08-27 05:00:00",Nederland,WindOffshoreC,Hour,UTC,Providing,Current,1543500,1543500,0.37121200561523,0,0
"2025-08-27 05:00:00","2025-08-27 06:00:00",Nederland,WindOffshoreC,Hour,UTC,Providing,Current,1224750,1224750,0.29455250501633,0,0
"2025-08-27 06:00:00","2025-08-27 07:00:00",Nederland,WindOffshoreC,Hour,UTC,Providing,Current,1128750,1128750,0.27146473526955,0,0
"2025-08-27 07:00:00","2025-08-27 08:00:00",Nederland,WindOffshoreC,Hour,UTC,Providing,Current,1150579,1150579,0.27671450376511,0,0
"2025-08-27 08:00:00","2025-08-27 09:00:00",Nederland,WindOffshoreC,Hour,UTC,Providing,Current,1113848,1113848,0.26788049936295,0,0
